,Left_Z[N],Right_Z[N]
1, 16.1, -22.7
2, 16.1, -22.7
3, 16.2, -22.7
4, 16.2, -22.7
5, 16.2, -22.7
6, 16.2, -22.7
7, 16.2, -22.7
8, 16.2, -22.7
9, 16.2, -22.7
10, 16.2, -22.7
11, 16.2, -22.7
12, 16.2, -22.7
13, 16.2, -22.7
14, 16.2, -22.7
15, 16.2, -22.7
16, 16.2, -22.7
17, 16.2, -22.7
18, 16.2, -22.7
19, 16.2, -22.7
20, 16.2, -22.7
21, 16.1, -22.7
22, 16.1, -22.7
23, 16.1, -22.7
24, 16.1, -22.7
25, 16.1, -22.7
26, 16.1, -22.7
27, 16.1, -22.7
28, 16.1, -22.7
29, 16.1, -22.7
30, 16.1, -22.7
31, 16.1, -22.7
32, 16.1, -22.7
33, 16.1, -22.7
34, 16.1, -22.7
35, 16.1, -22.7
36, 16.1, -22.7
37, 16.1, -22.7
38, 16.2, -22.7
39, 16.2, -22.7
40, 16.2, -22.7
41, 16.2, -22.7
42, 16.2, -22.7
43, 16.2, -22.7
44, 16.2, -22.7
45, 16.2, -22.7
46, 16.2, -22.7
47, 16.2, -22.7
48, 16.2, -22.7
49, 16.2, -22.7
50, 16.2, -22.7
51, 16.2, -22.7
52, 16.2, -22.7
53, 16.2, -22.7
54, 16.2, -22.7
55, 16.2, -22.7
56, 16.1, -22.7
57, 16.0, -22.7
58, 16.0, -22.7
59, 16.0, -22.7
60, 16.0, -22.7
61, 16.0, -22.7
62, 16.0, -22.7
63, 16.0, -22.7
64, 16.0, -22.7
65, 16.0, -22.7
66, 16.0, -22.7
67, 16.0, -22.7
68, 16.0, -22.7
69, 16.0, -22.7
70, 16.0, -22.7
71, 16.0, -22.7
72, 16.0, -22.7
73, 16.0, -22.7
74, 16.0, -22.7
75, 16.0, -22.7
76, 16.0, -22.7
77, 16.0, -22.7
78, 16.0, -22.7
79, 16.0, -22.7
80, 16.1, -22.7
81, 16.1, -22.7
82, 16.1, -22.7
83, 16.1, -22.7
84, 16.1, -22.7
85, 16.1, -22.7
86, 16.1, -22.7
87, 16.1, -22.7
88, 16.1, -22.7
89, 16.1, -22.7
90, 16.1, -22.7
91, 16.1, -22.7
92, 16.1, -22.7
93, 16.1, -22.7
94, 16.1, -22.7
95, 16.1, -22.7
96, 16.1, -22.7
97, 16.1, -22.7
98, 16.1, -22.7
99, 16.1, -22.7
100, 16.1, -22.7
101, 16.1, -22.7
102, 16.1, -22.7
103, 16.1, -22.7
104, 16.1, -22.7
105, 16.1, -22.7
106, 16.1, -22.7
107, 16.1, -22.7
108, 16.1, -22.7
109, 16.1, -22.7
110, 16.1, -22.7
111, 16.1, -22.7
112, 16.1, -22.7
113, 16.1, -22.7
114, 16.1, -22.7
115, 16.1, -22.7
116, 16.1, -22.7
117, 16.1, -22.7
118, 16.1, -22.7
119, 16.1, -22.7
120, 16.1, -22.7
121, 16.1, -22.7
122, 16.1, -22.7
123, 16.1, -22.7
124, 16.1, -22.7
125, 16.1, -22.7
126, 16.1, -22.7
127, 16.1, -22.7
128, 16.1, -22.7
129, 16.1, -22.7
130, 16.1, -22.7
131, 16.1, -22.7
132, 16.1, -22.7
133, 16.1, -22.7
134, 16.1, -22.7
135, 16.1, -22.7
136, 16.1, -22.7
137, 16.1, -22.7
138, 16.1, -22.7
139, 16.1, -22.7
140, 16.1, -22.7
141, 16.1, -22.7
142, 16.1, -22.7
143, 16.1, -22.7
144, 16.1, -22.7
145, 16.1, -22.7
146, 16.1, -22.7
147, 16.1, -22.7
148, 16.1, -22.7
149, 16.1, -22.7
150, 16.1, -22.7
151, 16.1, -22.7
152, 16.1, -22.7
153, 16.1, -22.7
154, 16.1, -22.7
155, 16.1, -22.7
156, 16.1, -22.7
157, 16.1, -22.7
158, 16.1, -22.7
159, 16.1, -22.7
160, 16.0, -22.7
161, 16.0, -22.7
162, 16.0, -22.7
163, 16.0, -22.7
164, 16.0, -22.7
165, 16.0, -22.7
166, 16.0, -22.7
167, 16.0, -22.7
168, 16.0, -22.7
169, 16.0, -22.7
170, 16.0, -22.7
171, 16.0, -22.7
172, 16.0, -22.7
173, 16.0, -22.7
174, 16.0, -22.7
175, 16.0, -22.7
176, 16.0, -22.7
177, 16.0, -22.7
178, 16.0, -22.7
179, 16.1, -22.7
180, 16.1, -22.7
181, 16.1, -22.7
182, 16.1, -22.7
183, 16.1, -22.7
184, 16.1, -22.7
185, 16.1, -22.7
186, 16.0, -22.7
187, 16.0, -22.7
188, 16.0, -22.7
189, 16.0, -22.7
190, 16.0, -22.7
191, 16.0, -22.7
192, 16.1, -22.7
193, 16.1, -22.7
194, 16.1, -22.7
195, 16.1, -22.7
196, 16.1, -22.7
197, 16.1, -22.7
198, 16.1, -22.7
199, 16.1, -22.7
200, 16.1, -22.7
201, 16.1, -22.7
202, 16.1, -22.7
203, 16.1, -22.7
204, 16.0, -22.7
205, 16.0, -22.7
206, 16.0, -22.7
207, 16.0, -22.7
208, 16.0, -22.7
209, 16.0, -22.7
210, 16.0, -22.7
211, 16.1, -22.7
212, 16.1, -22.7
213, 16.1, -22.7
214, 16.1, -22.7
215, 16.1, -22.7
216, 16.1, -22.7
217, 16.1, -22.7
218, 16.1, -22.7
219, 16.1, -22.7
220, 16.1, -22.7
221, 16.1, -22.7
222, 16.1, -22.7
223, 16.1, -22.7
224, 16.1, -22.7
225, 16.1, -22.7
226, 16.1, -22.7
227, 16.1, -22.7
228, 16.1, -22.7
229, 16.2, -22.7
230, 16.2, -22.7
231, 16.2, -22.7
232, 16.2, -22.7
233, 16.2, -22.7
234, 16.2, -22.7
235, 16.2, -22.7
236, 16.2, -22.7
237, 16.2, -22.7
238, 16.2, -22.7
239, 16.2, -22.7
240, 16.2, -22.7
241, 16.2, -22.7
242, 16.2, -22.7
243, 16.2, -22.7
244, 16.2, -22.7
245, 16.2, -22.7
246, 16.2, -22.7
247, 16.2, -22.7
248, 16.2, -22.7
249, 16.2, -22.7
250, 16.2, -22.7
251, 16.2, -22.7
252, 16.2, -22.7
253, 16.2, -22.7
254, 16.2, -22.7
255, 16.2, -22.7
256, 16.2, -22.7
257, 16.2, -22.7
258, 16.2, -22.7
259, 16.2, -22.7
260, 16.2, -22.7
261, 16.2, -22.7
262, 16.2, -22.7
263, 16.2, -22.7
264, 16.2, -22.7
265, 16.2, -22.7
266, 16.2, -22.7
267, 16.2, -22.7
268, 16.1, -22.7
269, 16.1, -22.7
270, 16.1, -22.7
271, 16.1, -22.7
272, 16.1, -22.7
273, 16.1, -22.7
274, 16.1, -22.7
275, 16.0, -22.7
276, 16.0, -22.7
277, 16.0, -22.7
278, 16.0, -22.7
279, 16.0, -22.7
280, 16.0, -22.7
281, 16.0, -22.7
282, 16.0, -22.7
283, 16.0, -22.7
284, 16.0, -22.7
285, 16.0, -22.7
286, 16.0, -22.7
287, 16.0, -22.7
288, 16.0, -22.7
289, 16.0, -22.7
290, 16.0, -22.7
291, 16.0, -22.7
292, 16.0, -22.7
293, 16.0, -22.7
294, 16.0, -22.7
295, 16.0, -22.7
296, 16.0, -22.6
297, 16.0, -22.6
298, 16.0, -22.6
299, 16.0, -22.6
300, 16.0, -22.6
301, 16.0, -22.6
302, 16.0, -22.7
303, 16.0, -22.7
304, 16.0, -22.7
305, 16.0, -22.7
306, 16.0, -22.7
307, 16.0, -22.7
308, 16.0, -22.7
309, 16.0, -22.7
310, 16.0, -22.7
311, 16.0, -22.7
312, 16.0, -22.7
313, 16.0, -22.7
314, 16.0, -22.7
315, 16.0, -22.7
316, 16.0, -22.7
317, 16.0, -22.7
318, 16.0, -22.7
319, 16.0, -22.7
320, 16.0, -22.7
321, 16.1, -22.7
322, 16.1, -22.7
323, 16.1, -22.7
324, 16.1, -22.7
325, 16.1, -22.7
326, 16.0, -22.7
327, 16.0, -22.7
328, 16.0, -22.7
329, 16.0, -22.7
330, 16.0, -22.7
331, 16.0, -22.7
332, 16.0, -22.7
333, 16.0, -22.7
334, 16.0, -22.7
335, 16.0, -22.7
336, 16.0, -22.7
337, 16.0, -22.7
338, 16.0, -22.7
339, 16.0, -22.7
340, 16.0, -22.7
341, 16.0, -22.7
342, 16.0, -22.7
343, 16.0, -22.7
344, 16.0, -22.7
345, 16.0, -22.7
346, 16.0, -22.7
347, 16.0, -22.6
348, 16.0, -22.6
349, 16.0, -22.6
350, 16.0, -22.6
351, 16.0, -22.6
352, 16.0, -22.6
353, 16.0, -22.6
354, 16.0, -22.6
355, 16.0, -22.6
356, 16.0, -22.6
357, 16.0, -22.6
358, 16.0, -22.6
359, 16.0, -22.6
360, 16.0, -22.6
361, 16.0, -22.6
362, 16.0, -22.7
363, 16.0, -22.7
364, 16.0, -22.7
365, 16.0, -22.7
366, 16.1, -22.7
367, 16.1, -22.7
368, 16.1, -22.7
369, 16.1, -22.7
370, 16.1, -22.7
371, 16.1, -22.7
372, 16.1, -22.7
373, 16.1, -22.7
374, 16.1, -22.7
375, 16.1, -22.7
376, 16.1, -22.7
377, 16.1, -22.7
378, 16.1, -22.7
379, 16.1, -22.7
380, 16.1, -22.7
381, 16.1, -22.7
382, 16.1, -22.7
383, 16.1, -22.7
384, 16.1, -22.7
385, 16.1, -22.7
386, 16.0, -22.7
387, 16.0, -22.7
388, 16.0, -22.7
389, 16.0, -22.7
390, 16.0, -22.8
391, 16.0, -22.8
392, 16.0, -22.8
393, 16.0, -22.8
394, 16.0, -22.8
395, 16.0, -22.8
396, 16.0, -22.8
397, 16.0, -22.8
398, 16.0, -22.8
399, 16.0, -22.7
400, 16.0, -22.7
401, 16.0, -22.7
402, 16.0, -22.7
403, 16.0, -22.7
404, 16.0, -22.7
405, 16.0, -22.7
406, 16.0, -22.7
407, 16.0, -22.7
408, 16.0, -22.7
409, 16.0, -22.7
410, 16.1, -22.7
411, 16.1, -22.8
412, 16.1, -22.8
413, 16.1, -22.8
414, 16.1, -22.8
415, 16.1, -22.8
416, 16.1, -22.7
417, 16.1, -22.7
418, 16.1, -22.7
419, 16.1, -22.7
420, 16.1, -22.7
421, 16.1, -22.7
422, 16.1, -22.7
423, 16.1, -22.7
424, 16.1, -22.7
425, 16.1, -22.7
426, 16.1, -22.7
427, 16.1, -22.7
428, 16.1, -22.7
429, 16.1, -22.7
430, 16.1, -22.7
431, 16.1, -22.7
432, 16.1, -22.7
433, 16.1, -22.7
434, 16.1, -22.7
435, 16.1, -22.7
436, 16.1, -22.7
437, 16.1, -22.7
438, 16.1, -22.7
439, 16.1, -22.7
440, 16.1, -22.7
441, 16.1, -22.7
442, 16.1, -22.7
443, 16.1, -22.7
444, 16.1, -22.7
445, 16.1, -22.7
446, 16.1, -22.7
447, 16.1, -22.7
448, 16.1, -22.7
449, 16.1, -22.7
450, 16.1, -22.7
451, 16.1, -22.7
452, 16.1, -22.7
453, 16.1, -22.7
454, 16.1, -22.7
455, 16.1, -22.7
456, 16.1, -22.7
457, 16.1, -22.7
458, 16.1, -22.7
459, 16.1, -22.7
460, 16.1, -22.7
461, 16.1, -22.7
462, 16.1, -22.7
463, 16.1, -22.7
464, 16.1, -22.7
465, 16.1, -22.7
466, 16.1, -22.7
467, 16.1, -22.7
468, 16.1, -22.7
469, 16.1, -22.7
470, 16.1, -22.7
471, 16.1, -22.6
472, 16.1, -22.6
473, 16.1, -22.7
474, 16.1, -22.7
475, 16.1, -22.7
476, 16.1, -22.7
477, 16.1, -22.7
478, 16.1, -22.7
479, 16.1, -22.7
480, 16.1, -22.7
481, 16.2, -22.7
482, 16.2, -22.7
483, 16.2, -22.7
484, 16.2, -22.7
485, 16.2, -22.7
486, 16.2, -22.7
487, 16.1, -22.7
488, 16.1, -22.7
489, 16.1, -22.7
490, 16.1, -22.7
491, 16.1, -22.7
492, 16.1, -22.7
493, 16.1, -22.7
494, 16.1, -22.7
495, 16.1, -22.7
496, 16.1, -22.7
497, 16.1, -22.7
498, 16.1, -22.7
499, 16.1, -22.7
500, 16.1, -22.7
501, 16.1, -22.7
502, 16.1, -22.7
503, 16.1, -22.7
504, 16.1, -22.7
505, 16.1, -22.7
506, 16.1, -22.7
507, 16.0, -22.7
508, 16.0, -22.7
509, 16.0, -22.7
510, 16.0, -22.7
511, 16.0, -22.7
512, 16.0, -22.7
513, 16.1, -22.7
514, 16.1, -22.7
515, 16.1, -22.7
516, 16.1, -22.7
517, 16.1, -22.6
518, 16.1, -22.6
519, 16.1, -22.6
520, 16.1, -22.6
521, 16.1, -22.6
522, 16.1, -22.6
523, 16.1, -22.6
524, 16.1, -22.6
525, 16.1, -22.6
526, 16.1, -22.6
527, 16.1, -22.6
528, 16.1, -22.6
529, 16.1, -22.6
530, 16.1, -22.6
531, 16.1, -22.7
532, 16.1, -22.7
533, 16.1, -22.7
534, 16.1, -22.7
535, 16.1, -22.7
536, 16.1, -22.7
537, 16.1, -22.7
538, 16.1, -22.7
539, 16.1, -22.7
540, 16.1, -22.7
541, 16.1, -22.7
542, 16.1, -22.7
543, 16.1, -22.7
544, 16.1, -22.7
545, 16.1, -22.7
546, 16.1, -22.7
547, 16.0, -22.7
548, 16.0, -22.7
549, 16.0, -22.7
550, 16.0, -22.7
551, 16.0, -22.7
552, 16.0, -22.7
553, 16.0, -22.7
554, 16.0, -22.7
555, 16.0, -22.7
556, 16.0, -22.7
557, 16.0, -22.7
558, 16.1, -22.7
559, 16.1, -22.7
560, 16.1, -22.7
561, 16.1, -22.7
562, 16.1, -22.7
563, 16.1, -22.7
564, 16.1, -22.7
565, 16.1, -22.7
566, 16.1, -22.7
567, 16.1, -22.7
568, 16.1, -22.7
569, 16.1, -22.7
570, 16.1, -22.7
571, 16.1, -22.7
572, 16.1, -22.7
573, 16.1, -22.7
574, 16.1, -22.7
575, 16.1, -22.7
576, 16.1, -22.7
577, 16.1, -22.7
578, 16.1, -22.7
579, 16.1, -22.6
580, 16.1, -22.6
581, 16.1, -22.6
582, 16.1, -22.6
583, 16.1, -22.6
584, 16.1, -22.6
585, 16.0, -22.6
586, 16.0, -22.6
587, 16.0, -22.6
588, 16.0, -22.7
589, 16.0, -22.7
590, 16.0, -22.7
591, 16.0, -22.7
592, 16.0, -22.7
593, 16.0, -22.7
594, 16.0, -22.7
595, 16.0, -22.7
596, 16.0, -22.7
597, 16.0, -22.7
598, 16.0, -22.7
599, 16.0, -22.7
600, 16.0, -22.7
601, 16.0, -22.7
602, 16.0, -22.7
603, 16.0, -22.7
604, 16.0, -22.7
605, 16.0, -22.7
606, 16.0, -22.7
607, 16.0, -22.7
608, 16.0, -22.7
609, 16.0, -22.7
610, 16.0, -22.7
611, 16.0, -22.7
612, 16.0, -22.7
613, 16.0, -22.7
614, 16.0, -22.7
615, 16.0, -22.7
616, 16.0, -22.7
617, 16.0, -22.7
618, 16.0, -22.7
619, 16.0, -22.7
620, 16.0, -22.7
621, 16.0, -22.7
622, 16.0, -22.7
623, 16.0, -22.7
624, 16.1, -22.7
625, 16.1, -22.7
626, 16.1, -22.7
627, 16.1, -22.7
628, 16.1, -22.7
629, 16.1, -22.7
630, 16.1, -22.7
631, 16.1, -22.7
632, 16.1, -22.7
633, 16.1, -22.7
634, 16.1, -22.7
635, 16.1, -22.7
636, 16.1, -22.7
637, 16.1, -22.7
638, 16.1, -22.7
639, 16.1, -22.7
640, 16.1, -22.7
641, 16.1, -22.7
642, 16.1, -22.7
643, 16.1, -22.7
644, 16.1, -22.7
645, 16.1, -22.7
646, 16.1, -22.7
647, 16.1, -22.7
648, 16.1, -22.7
649, 16.1, -22.7
650, 16.1, -22.7
651, 16.1, -22.8
652, 16.1, -22.8
653, 16.1, -22.8
654, 16.1, -22.8
655, 16.1, -22.8
656, 16.1, -22.8
657, 16.1, -22.7
658, 16.1, -22.7
659, 16.1, -22.7
660, 16.1, -22.8
661, 16.1, -22.8
662, 16.1, -22.8
663, 16.1, -22.8
664, 16.1, -22.8
665, 16.1, -22.8
666, 16.1, -22.8
667, 16.1, -22.8
668, 16.0, -22.8
669, 16.0, -22.8
670, 16.0, -22.8
671, 16.0, -22.8
672, 16.0, -22.8
673, 16.0, -22.8
674, 16.0, -22.8
675, 16.1, -22.8
676, 16.1, -22.8
677, 16.1, -22.8
678, 16.1, -22.8
679, 16.1, -22.8
680, 16.1, -22.8
681, 16.1, -22.8
682, 16.1, -22.8
683, 16.1, -22.8
684, 16.1, -22.8
685, 16.1, -22.8
686, 16.1, -22.7
687, 16.1, -22.7
688, 16.1, -22.7
689, 16.1, -22.7
690, 16.1, -22.7
691, 16.1, -22.7
692, 16.1, -22.7
693, 16.1, -22.7
694, 16.1, -22.7
695, 16.1, -22.7
696, 16.1, -22.7
697, 16.1, -22.7
698, 16.1, -22.7
699, 16.1, -22.7
700, 16.0, -22.7
701, 16.0, -22.7
702, 16.0, -22.7
703, 16.0, -22.7
704, 16.0, -22.7
705, 16.0, -22.7
706, 16.0, -22.7
707, 16.0, -22.7
708, 16.0, -22.7
709, 16.0, -22.7
710, 16.0, -22.7
711, 16.0, -22.7
712, 16.0, -22.7
713, 16.0, -22.7
714, 16.0, -22.7
715, 16.0, -22.7
716, 16.0, -22.7
717, 16.0, -22.7
718, 16.0, -22.7
719, 16.0, -22.7
720, 16.0, -22.7
721, 16.0, -22.7
722, 16.0, -22.7
723, 16.0, -22.7
724, 16.0, -22.7
725, 16.0, -22.7
726, 16.0, -22.7
727, 16.0, -22.7
728, 16.0, -22.8
729, 16.0, -22.8
730, 16.0, -22.8
731, 16.0, -22.8
732, 16.0, -22.8
733, 16.0, -22.8
734, 16.0, -22.8
735, 16.0, -22.8
736, 16.0, -22.8
737, 16.0, -22.8
738, 16.0, -22.7
739, 16.0, -22.7
740, 16.0, -22.7
741, 16.0, -22.7
742, 16.0, -22.7
743, 16.0, -22.7
744, 16.0, -22.7
745, 16.0, -22.7
746, 16.0, -22.7
747, 16.0, -22.7
748, 16.0, -22.7
749, 16.0, -22.7
750, 16.0, -22.7
751, 16.0, -22.7
752, 16.0, -22.7
753, 16.0, -22.7
754, 16.0, -22.7
755, 16.0, -22.7
756, 16.0, -22.7
757, 16.0, -22.7
758, 16.0, -22.7
759, 16.0, -22.7
760, 16.0, -22.7
761, 16.0, -22.7
762, 16.1, -22.7
763, 16.1, -22.7
764, 16.1, -22.7
765, 16.1, -22.7
766, 16.1, -22.7
767, 16.1, -22.7
768, 16.1, -22.7
769, 16.1, -22.7
770, 16.1, -22.7
771, 16.1, -22.7
772, 16.1, -22.7
773, 16.1, -22.7
774, 16.1, -22.7
775, 16.1, -22.7
776, 16.1, -22.7
777, 16.1, -22.7
778, 16.1, -22.7
779, 16.1, -22.7
780, 16.1, -22.7
781, 16.1, -22.7
782, 16.2, -22.7
783, 16.2, -22.7
784, 16.2, -22.7
785, 16.2, -22.7
786, 16.2, -22.7
787, 16.2, -22.7
788, 16.2, -22.7
789, 16.2, -22.7
790, 16.2, -22.7
791, 16.2, -22.7
792, 16.2, -22.7
793, 16.2, -22.7
794, 16.2, -22.7
795, 16.2, -22.7
796, 16.2, -22.7
797, 16.2, -22.7
798, 16.2, -22.7
799, 16.2, -22.7
800, 16.2, -22.7
801, 16.0, -22.7
802, 16.0, -22.7
803, 16.0, -22.7
804, 16.0, -22.7
805, 16.0, -22.7
806, 16.0, -22.7
807, 16.0, -22.7
808, 16.0, -22.7
809, 16.0, -22.7
810, 16.0, -22.7
811, 16.0, -22.7
812, 16.0, -22.7
813, 16.0, -22.7
814, 16.0, -22.7
815, 16.0, -22.7
816, 16.0, -22.7
817, 16.0, -22.7
818, 16.0, -22.7
819, 16.0, -22.7
820, 16.0, -22.7
821, 16.0, -22.7
822, 16.0, -22.7
823, 16.0, -22.7
824, 16.0, -22.7
825, 16.0, -22.7
826, 16.0, -22.7
827, 16.0, -22.7
828, 16.0, -22.7
829, 16.0, -22.7
830, 16.0, -22.7
831, 16.0, -22.7
832, 16.0, -22.7
833, 16.0, -22.7
834, 16.0, -22.7
835, 16.0, -22.7
836, 16.0, -22.7
837, 16.0, -22.7
838, 16.0, -22.7
839, 16.0, -22.7
840, 16.0, -22.7
841, 16.0, -22.7
842, 16.0, -22.7
843, 16.1, -22.7
844, 16.1, -22.7
845, 16.1, -22.7
846, 16.1, -22.7
847, 16.1, -22.7
848, 16.1, -22.7
849, 16.1, -22.7
850, 16.1, -22.7
851, 16.1, -22.7
852, 16.1, -22.7
853, 16.1, -22.7
854, 16.1, -22.7
855, 16.1, -22.7
856, 16.1, -22.7
857, 16.1, -22.8
858, 16.1, -22.8
859, 16.1, -22.8
860, 16.1, -22.8
861, 16.1, -22.8
862, 16.1, -22.8
863, 16.1, -22.8
864, 16.1, -22.8
865, 16.1, -22.8
866, 16.1, -22.7
867, 16.1, -22.7
868, 16.1, -22.7
869, 16.1, -22.7
870, 16.1, -22.7
871, 16.1, -22.7
872, 16.1, -22.7
873, 16.1, -22.7
874, 16.1, -22.7
875, 16.1, -22.7
876, 16.1, -22.7
877, 16.1, -22.7
878, 16.1, -22.7
879, 16.1, -22.7
880, 16.2, -22.7
881, 16.2, -22.7
882, 16.2, -22.7
883, 16.2, -22.7
884, 16.2, -22.7
885, 16.2, -22.7
886, 16.2, -22.7
887, 16.2, -22.7
888, 16.2, -22.7
889, 16.2, -22.7
890, 16.2, -22.7
891, 16.2, -22.7
892, 16.2, -22.7
893, 16.2, -22.7
894, 16.2, -22.7
895, 16.2, -22.7
896, 16.2, -22.7
897, 16.2, -22.7
898, 16.2, -22.7
899, 16.2, -22.7
900, 16.2, -22.7
901, 16.2, -22.7
902, 16.2, -22.7
903, 16.2, -22.7
904, 16.2, -22.7
905, 16.2, -22.7
906, 16.2, -22.7
907, 16.2, -22.7
908, 16.2, -22.7
909, 16.2, -22.7
910, 16.2, -22.7
911, 16.2, -22.7
912, 16.2, -22.7
913, 16.2, -22.7
914, 16.2, -22.7
915, 16.2, -22.7
916, 16.2, -22.8
917, 16.2, -22.8
918, 16.2, -22.8
919, 16.2, -22.8
920, 16.2, -22.8
921, 16.2, -22.8
922, 16.2, -22.7
923, 16.2, -22.7
924, 16.2, -22.7
925, 16.2, -22.7
926, 16.2, -22.7
927, 16.2, -22.7
928, 16.2, -22.7
929, 16.1, -22.7
930, 16.1, -22.7
931, 16.1, -22.7
932, 16.1, -22.7
933, 16.1, -22.7
934, 16.1, -22.7
935, 16.1, -22.7
936, 16.1, -22.7
937, 16.1, -22.7
938, 16.1, -22.7
939, 16.1, -22.7
940, 16.1, -22.7
941, 16.1, -22.7
942, 16.1, -22.7
943, 16.1, -22.7
944, 16.1, -22.7
945, 16.1, -22.7
946, 16.1, -22.7
947, 16.1, -22.7
948, 16.1, -22.7
949, 16.1, -22.7
950, 16.1, -22.7
951, 16.1, -22.7
952, 16.1, -22.7
953, 16.1, -22.7
954, 16.1, -22.7
955, 16.1, -22.7
956, 16.1, -22.7
957, 16.1, -22.7
958, 16.1, -22.7
959, 16.1, -22.7
960, 16.1, -22.7
961, 16.1, -22.7
962, 16.1, -22.7
963, 16.1, -22.7
964, 16.1, -22.7
965, 16.1, -22.7
966, 16.1, -22.7
967, 16.1, -22.7
968, 16.1, -22.7
969, 16.1, -22.7
970, 16.1, -22.7
971, 16.0, -22.7
972, 16.0, -22.7
973, 16.0, -22.7
974, 16.0, -22.7
975, 16.0, -22.7
976, 16.0, -22.7
977, 16.0, -22.7
978, 16.0, -22.7
979, 16.0, -22.7
980, 16.0, -22.7
981, 16.0, -22.7
982, 16.0, -22.7
983, 16.0, -22.7
984, 16.0, -22.7
985, 16.0, -22.7
986, 16.0, -22.7
987, 16.0, -22.7
988, 16.0, -22.7
989, 16.0, -22.7
990, 16.0, -22.7
991, 16.0, -22.7
992, 16.0, -22.7
993, 16.0, -22.7
994, 16.0, -22.7
995, 16.0, -22.7
996, 16.0, -22.7
997, 16.0, -22.7
998, 16.0, -22.7
999, 16.0, -22.7
1000, 16.0, -22.7
1001, 16.0, -22.7
1002, 16.0, -22.7
1003, 16.0, -22.7
1004, 16.0, -22.7
1005, 16.0, -22.7
1006, 16.0, -22.7
1007, 16.0, -22.7
1008, 16.0, -22.7
1009, 16.0, -22.7
1010, 16.0, -22.7
1011, 16.0, -22.7
1012, 16.0, -22.7
1013, 16.0, -22.7
1014, 16.0, -22.6
1015, 16.0, -22.6
1016, 16.0, -22.6
1017, 16.0, -22.6
1018, 16.0, -22.6
1019, 16.0, -22.6
1020, 16.0, -22.6
1021, 16.0, -22.6
1022, 16.0, -22.6
1023, 16.0, -22.7
1024, 16.0, -22.7
1025, 16.0, -22.7
1026, 16.0, -22.7
1027, 16.0, -22.7
1028, 16.0, -22.7
1029, 16.0, -22.7
1030, 16.0, -22.7
1031, 16.0, -22.7
1032, 16.0, -22.7
1033, 16.0, -22.7
1034, 16.0, -22.7
1035, 16.0, -22.7
1036, 16.0, -22.7
1037, 16.0, -22.7
1038, 16.0, -22.7
1039, 16.0, -22.7
1040, 16.0, -22.7
1041, 16.0, -22.7
1042, 16.0, -22.7
1043, 16.0, -22.7
1044, 16.0, -22.7
1045, 16.0, -22.7
1046, 16.0, -22.7
1047, 16.0, -22.7
1048, 16.0, -22.7
1049, 16.0, -22.7
1050, 16.0, -22.7
1051, 16.0, -22.7
1052, 16.0, -22.7
1053, 16.0, -22.7
1054, 16.1, -22.7
1055, 16.1, -22.7
1056, 16.1, -22.7
1057, 16.1, -22.7
1058, 16.1, -22.7
1059, 16.1, -22.7
1060, 16.1, -22.7
1061, 16.1, -22.7
1062, 16.1, -22.7
1063, 16.1, -22.7
1064, 16.1, -22.7
1065, 16.1, -22.7
1066, 16.1, -22.7
1067, 16.1, -22.7
1068, 16.1, -22.7
1069, 16.1, -22.7
1070, 16.1, -22.7
1071, 16.1, -22.7
1072, 16.1, -22.7
1073, 16.1, -22.7
1074, 16.1, -22.7
1075, 16.0, -22.7
1076, 16.0, -22.7
1077, 16.0, -22.7
1078, 16.0, -22.7
1079, 16.0, -22.7
1080, 16.0, -22.7
1081, 16.0, -22.7
1082, 16.0, -22.7
1083, 16.0, -22.7
1084, 16.0, -22.7
1085, 16.1, -22.7
1086, 16.1, -22.7
1087, 16.1, -22.7
1088, 16.1, -22.7
1089, 16.1, -22.7
1090, 16.1, -22.7
1091, 16.1, -22.7
1092, 16.1, -22.7
1093, 16.1, -22.7
1094, 16.1, -22.7
1095, 16.1, -22.7
1096, 16.1, -22.7
1097, 16.1, -22.7
1098, 16.1, -22.7
1099, 16.1, -22.7
1100, 16.1, -22.7
1101, 16.1, -22.7
1102, 16.1, -22.7
1103, 16.1, -22.7
1104, 16.1, -22.7
1105, 16.1, -22.7
1106, 16.1, -22.7
1107, 16.1, -22.7
1108, 16.1, -22.7
1109, 16.1, -22.7
1110, 16.1, -22.7
1111, 16.1, -22.7
1112, 16.1, -22.7
1113, 16.0, -22.7
1114, 16.0, -22.7
1115, 16.0, -22.7
1116, 16.0, -22.7
1117, 16.0, -22.7
1118, 16.0, -22.7
1119, 16.0, -22.7
1120, 16.0, -22.7
1121, 16.0, -22.7
1122, 16.0, -22.7
1123, 16.0, -22.7
1124, 16.0, -22.7
1125, 16.0, -22.7
1126, 16.0, -22.7
1127, 16.0, -22.7
1128, 16.0, -22.7
1129, 16.0, -22.7
1130, 16.0, -22.7
1131, 16.0, -22.7
1132, 16.0, -22.7
1133, 16.0, -22.7
1134, 16.0, -22.7
1135, 16.0, -22.7
1136, 16.0, -22.7
1137, 16.0, -22.7
1138, 16.0, -22.7
1139, 16.0, -22.7
1140, 16.0, -22.7
1141, 16.0, -22.7
1142, 16.0, -22.7
1143, 16.0, -22.7
1144, 16.0, -22.7
1145, 16.0, -22.7
1146, 16.0, -22.7
1147, 16.1, -22.7
1148, 16.1, -22.7
1149, 16.1, -22.7
1150, 16.1, -22.7
1151, 16.1, -22.7
1152, 16.1, -22.7
1153, 16.1, -22.7
1154, 16.1, -22.7
1155, 16.1, -22.7
1156, 16.1, -22.7
1157, 16.1, -22.7
1158, 16.1, -22.7
1159, 16.1, -22.8
1160, 16.1, -22.8
1161, 16.1, -22.7
1162, 16.1, -22.7
1163, 16.1, -22.7
1164, 16.1, -22.7
1165, 16.1, -22.7
1166, 16.1, -22.7
1167, 16.1, -22.7
1168, 16.1, -22.7
1169, 16.1, -22.7
1170, 16.1, -22.7
1171, 16.1, -22.7
1172, 16.1, -22.7
1173, 16.1, -22.7
1174, 16.0, -22.7
1175, 16.0, -22.7
1176, 16.0, -22.7
1177, 16.0, -22.7
1178, 16.0, -22.7
1179, 16.0, -22.7
1180, 16.0, -22.7
1181, 16.0, -22.7
1182, 16.0, -22.7
1183, 16.0, -22.7
1184, 16.0, -22.7
1185, 16.0, -22.7
1186, 16.0, -22.7
1187, 16.0, -22.7
1188, 16.0, -22.7
1189, 16.0, -22.7
1190, 16.0, -22.7
1191, 16.0, -22.7
1192, 16.0, -22.7
1193, 16.0, -22.7
1194, 16.0, -22.7
1195, 16.0, -22.7
1196, 16.0, -22.7
1197, 16.0, -22.7
1198, 16.0, -22.7
1199, 16.0, -22.7
1200, 16.0, -22.7
1201, 16.0, -22.7
1202, 16.0, -22.7
1203, 16.0, -22.7
1204, 16.0, -22.7
1205, 16.0, -22.7
1206, 16.0, -22.7
1207, 16.0, -22.7
1208, 16.0, -22.7
1209, 16.0, -22.7
1210, 16.0, -22.7
1211, 16.0, -22.7
1212, 16.0, -22.7
1213, 16.0, -22.7
1214, 16.1, -22.7
1215, 16.1, -22.7
1216, 16.1, -22.7
1217, 16.1, -22.7
1218, 16.1, -22.7
1219, 16.1, -22.7
1220, 16.1, -22.7
1221, 16.1, -22.7
1222, 16.1, -22.7
1223, 16.1, -22.7
1224, 16.1, -22.7
1225, 16.1, -22.7
1226, 16.1, -22.7
1227, 16.1, -22.7
1228, 16.1, -22.7
1229, 16.1, -22.7
1230, 16.1, -22.7
1231, 16.1, -22.8
1232, 16.2, -22.8
1233, 16.2, -22.8
1234, 16.2, -22.8
1235, 16.2, -22.8
1236, 16.2, -22.8
1237, 16.2, -22.8
1238, 16.2, -22.8
1239, 16.2, -22.8
1240, 16.2, -22.8
1241, 16.2, -22.8
1242, 16.2, -22.8
1243, 16.2, -22.8
1244, 16.2, -22.7
1245, 16.2, -22.7
1246, 16.2, -22.7
1247, 16.2, -22.7
1248, 16.2, -22.7
1249, 16.2, -22.7
1250, 16.2, -22.7
1251, 16.2, -22.7
1252, 16.2, -22.7
1253, 16.2, -22.7
1254, 16.2, -22.7
1255, 16.2, -22.7
1256, 16.2, -22.7
1257, 16.2, -22.7
1258, 16.2, -22.7
1259, 16.2, -22.7
1260, 16.2, -22.7
1261, 16.2, -22.7
1262, 16.2, -22.7
1263, 16.2, -22.7
1264, 16.1, -22.7
1265, 16.1, -22.7
1266, 16.1, -22.7
1267, 16.2, -22.7
1268, 16.2, -22.7
1269, 16.2, -22.7
1270, 16.2, -22.7
1271, 16.2, -22.7
1272, 16.2, -22.7
1273, 16.2, -22.7
1274, 16.2, -22.7
1275, 16.2, -22.7
1276, 16.2, -22.7
1277, 16.2, -22.7
1278, 16.2, -22.6
1279, 16.2, -22.6
1280, 16.1, -22.6
1281, 16.1, -22.6
1282, 16.0, -22.6
1283, 16.0, -22.6
1284, 16.0, -22.6
1285, 16.0, -22.6
1286, 16.0, -22.6
1287, 16.0, -22.6
1288, 16.0, -22.6
1289, 16.0, -22.6
1290, 16.0, -22.7
1291, 16.0, -22.7
1292, 16.0, -22.7
1293, 16.0, -22.7
1294, 16.0, -22.7
1295, 16.0, -22.7
1296, 16.0, -22.7
1297, 16.0, -22.7
1298, 16.0, -22.7
1299, 16.0, -22.7
1300, 16.0, -22.7
1301, 16.0, -22.7
1302, 16.0, -22.7
1303, 16.0, -22.7
1304, 16.0, -22.7
1305, 16.0, -22.7
1306, 16.0, -22.7
1307, 16.0, -22.7
1308, 16.0, -22.7
1309, 16.0, -22.7
1310, 16.0, -22.7
1311, 16.0, -22.7
1312, 16.0, -22.7
1313, 16.0, -22.7
1314, 16.0, -22.7
1315, 16.0, -22.7
1316, 16.0, -22.7
1317, 16.0, -22.7
1318, 16.0, -22.7
1319, 16.0, -22.7
1320, 16.0, -22.7
1321, 16.0, -22.7
1322, 16.0, -22.7
1323, 16.0, -22.7
1324, 16.0, -22.7
1325, 16.0, -22.7
1326, 16.0, -22.7
1327, 16.0, -22.7
1328, 16.0, -22.7
1329, 16.0, -22.7
1330, 16.0, -22.7
1331, 16.0, -22.7
1332, 16.0, -22.7
1333, 16.0, -22.7
1334, 16.0, -22.7
1335, 16.0, -22.7
1336, 16.0, -22.7
1337, 16.0, -22.7
1338, 16.0, -22.7
1339, 16.0, -22.7
1340, 16.0, -22.7
1341, 16.0, -22.7
1342, 16.0, -22.7
1343, 16.0, -22.7
1344, 16.0, -22.7
1345, 16.0, -22.7
1346, 16.0, -22.7
1347, 16.0, -22.7
1348, 16.0, -22.7
1349, 16.0, -22.7
1350, 16.0, -22.7
1351, 16.0, -22.7
1352, 16.0, -22.7
1353, 16.0, -22.7
1354, 16.1, -22.7
1355, 16.1, -22.7
1356, 16.1, -22.7
1357, 16.2, -22.7
1358, 16.2, -22.7
1359, 16.2, -22.7
1360, 16.2, -22.7
1361, 16.2, -22.7
1362, 16.2, -22.7
1363, 16.2, -22.7
1364, 16.2, -22.7
1365, 16.2, -22.7
1366, 16.2, -22.7
1367, 16.2, -22.7
1368, 16.2, -22.7
1369, 16.2, -22.7
1370, 16.2, -22.7
1371, 16.2, -22.7
1372, 16.2, -22.7
1373, 16.2, -22.7
1374, 16.2, -22.7
1375, 16.1, -22.7
1376, 16.1, -22.7
1377, 16.1, -22.7
1378, 16.1, -22.7
1379, 16.1, -22.7
1380, 16.1, -22.7
1381, 16.1, -22.7
1382, 16.1, -22.7
1383, 16.1, -22.7
1384, 16.1, -22.7
1385, 16.1, -22.7
1386, 16.1, -22.7
1387, 16.1, -22.7
1388, 16.1, -22.7
1389, 16.1, -22.7
1390, 16.1, -22.7
1391, 16.1, -22.7
1392, 16.1, -22.7
1393, 16.1, -22.7
1394, 16.1, -22.7
1395, 16.1, -22.7
1396, 16.1, -22.7
1397, 16.1, -22.7
1398, 16.1, -22.7
1399, 16.1, -22.7
1400, 16.1, -22.7
1401, 16.1, -22.7
1402, 16.1, -22.7
1403, 16.1, -22.7
1404, 16.1, -22.7
1405, 16.1, -22.7
1406, 16.0, -22.7
1407, 16.0, -22.8
1408, 16.0, -22.8
1409, 16.0, -22.8
1410, 16.0, -22.8
1411, 16.0, -22.8
1412, 16.0, -22.8
1413, 16.0, -22.8
1414, 16.0, -22.8
1415, 16.0, -22.8
1416, 16.0, -22.8
1417, 16.0, -22.8
1418, 16.0, -22.8
1419, 16.0, -22.8
1420, 16.0, -22.8
1421, 16.0, -22.8
1422, 16.0, -22.8
1423, 16.0, -22.8
1424, 16.0, -22.8
1425, 16.0, -22.7
1426, 16.0, -22.7
1427, 16.0, -22.7
1428, 16.0, -22.7
1429, 16.0, -22.7
1430, 16.0, -22.7
1431, 16.0, -22.7
1432, 16.1, -22.7
1433, 16.2, -22.7
1434, 16.2, -22.7
1435, 16.2, -22.7
1436, 16.2, -22.7
1437, 16.2, -22.7
1438, 16.2, -22.7
1439, 16.2, -22.7
1440, 16.2, -22.7
1441, 16.2, -22.7
1442, 16.1, -22.7
1443, 16.1, -22.6
1444, 16.1, -22.6
1445, 16.1, -22.6
1446, 16.1, -22.6
1447, 16.1, -22.6
1448, 16.1, -22.6
1449, 16.1, -22.6
1450, 16.1, -22.6
1451, 16.1, -22.6
1452, 16.1, -22.6
1453, 16.1, -22.6
1454, 16.1, -22.6
1455, 16.1, -22.6
1456, 16.1, -22.6
1457, 16.1, -22.6
1458, 16.1, -22.6
1459, 16.1, -22.6
1460, 16.1, -22.6
1461, 16.1, -22.6
1462, 16.1, -22.6
1463, 16.1, -22.6
1464, 16.1, -22.6
1465, 16.1, -22.6
1466, 16.1, -22.6
1467, 16.1, -22.6
1468, 16.1, -22.6
1469, 16.1, -22.6
1470, 16.1, -22.6
1471, 16.1, -22.6
1472, 16.1, -22.6
1473, 16.1, -22.6
1474, 16.1, -22.6
1475, 16.1, -22.6
1476, 16.1, -22.6
1477, 16.1, -22.6
1478, 16.1, -22.6
1479, 16.1, -22.6
1480, 16.1, -22.7
1481, 16.1, -22.7
1482, 16.1, -22.7
1483, 16.1, -22.7
1484, 16.1, -22.7
1485, 16.1, -22.7
1486, 16.1, -22.7
1487, 16.1, -22.7
1488, 16.1, -22.7
1489, 16.1, -22.7
1490, 16.1, -22.7
1491, 16.1, -22.7
1492, 16.1, -22.7
1493, 16.1, -22.7
1494, 16.1, -22.7
1495, 16.1, -22.7
1496, 16.1, -22.7
1497, 16.0, -22.7
1498, 16.0, -22.7
1499, 16.0, -22.7
1500, 16.0, -22.7
1501, 16.0, -22.7
1502, 16.0, -22.7
1503, 16.0, -22.7
1504, 16.0, -22.7
1505, 16.0, -22.7
1506, 16.0, -22.7
1507, 16.0, -22.7
1508, 16.0, -22.7
1509, 16.0, -22.7
1510, 16.0, -22.7
1511, 16.0, -22.7
1512, 16.0, -22.7
1513, 16.0, -22.7
1514, 16.0, -22.7
1515, 16.0, -22.7
1516, 16.0, -22.7
1517, 16.0, -22.6
1518, 16.0, -22.6
1519, 16.1, -22.6
1520, 16.1, -22.6
1521, 16.1, -22.6
1522, 16.1, -22.6
1523, 16.1, -22.6
1524, 16.1, -22.6
1525, 16.1, -22.6
1526, 16.1, -22.6
1527, 16.0, -22.6
1528, 16.0, -22.6
1529, 16.0, -22.6
1530, 16.0, -22.6
1531, 16.0, -22.6
1532, 16.0, -22.7
1533, 16.0, -22.7
1534, 16.0, -22.7
1535, 16.0, -22.6
1536, 16.0, -22.6
1537, 16.0, -22.6
1538, 16.0, -22.6
1539, 16.0, -22.7
1540, 16.0, -22.7
1541, 16.0, -22.7
1542, 16.0, -22.7
1543, 16.0, -22.7
1544, 16.0, -22.7
1545, 16.0, -22.7
1546, 16.0, -22.7
1547, 16.0, -22.7
1548, 16.0, -22.7
1549, 16.0, -22.7
1550, 16.0, -22.7
1551, 16.0, -22.7
1552, 16.0, -22.7
1553, 16.0, -22.7
1554, 16.0, -22.6
1555, 16.0, -22.6
1556, 16.0, -22.6
1557, 16.0, -22.6
1558, 16.0, -22.6
1559, 16.0, -22.6
1560, 16.0, -22.6
1561, 16.0, -22.6
1562, 16.0, -22.7
1563, 16.0, -22.7
1564, 16.0, -22.7
1565, 16.0, -22.7
1566, 16.1, -22.7
1567, 16.1, -22.7
1568, 16.1, -22.7
1569, 16.1, -22.7
1570, 16.1, -22.7
1571, 16.1, -22.7
1572, 16.1, -22.7
1573, 16.1, -22.7
1574, 16.1, -22.7
1575, 16.1, -22.7
1576, 16.1, -22.7
1577, 16.1, -22.7
1578, 16.1, -22.7
1579, 16.1, -22.7
1580, 16.1, -22.7
1581, 16.1, -22.7
1582, 16.1, -22.7
1583, 16.1, -22.7
1584, 16.1, -22.7
1585, 16.1, -22.7
1586, 16.1, -22.7
1587, 16.1, -22.7
1588, 16.1, -22.7
1589, 16.1, -22.7
1590, 16.1, -22.7
1591, 16.1, -22.7
1592, 16.0, -22.7
1593, 16.0, -22.7
1594, 16.0, -22.7
1595, 16.0, -22.7
1596, 16.0, -22.7
1597, 16.0, -22.7
1598, 16.0, -22.7
1599, 16.0, -22.7
1600, 16.0, -22.7
1601, 16.0, -22.7
1602, 16.1, -22.7
1603, 16.1, -22.7
1604, 16.1, -22.7
1605, 16.2, -22.7
1606, 16.2, -22.7
1607, 16.2, -22.7
1608, 16.2, -22.7
1609, 16.2, -22.7
1610, 16.2, -22.7
1611, 16.2, -22.7
1612, 16.2, -22.7
1613, 16.2, -22.7
1614, 16.2, -22.7
1615, 16.1, -22.7
1616, 16.1, -22.7
1617, 16.1, -22.7
1618, 16.1, -22.7
1619, 16.1, -22.7
1620, 16.1, -22.7
1621, 16.1, -22.7
1622, 16.2, -22.7
1623, 16.2, -22.7
1624, 16.2, -22.7
1625, 16.2, -22.7
1626, 16.2, -22.7
1627, 16.2, -22.7
1628, 16.2, -22.7
1629, 16.2, -22.7
1630, 16.1, -22.7
1631, 16.1, -22.7
1632, 16.1, -22.7
1633, 16.1, -22.7
1634, 16.1, -22.7
1635, 16.1, -22.7
1636, 16.1, -22.7
1637, 16.1, -22.7
1638, 16.1, -22.7
1639, 16.1, -22.7
1640, 16.1, -22.7
1641, 16.1, -22.7
1642, 16.1, -22.7
1643, 16.1, -22.7
1644, 16.1, -22.7
1645, 16.1, -22.7
1646, 16.1, -22.7
1647, 16.1, -22.7
1648, 16.1, -22.7
1649, 16.0, -22.7
1650, 16.0, -22.7
1651, 16.0, -22.7
1652, 16.0, -22.7
1653, 16.0, -22.7
1654, 16.0, -22.7
1655, 16.0, -22.7
1656, 16.0, -22.6
1657, 16.0, -22.6
1658, 16.0, -22.6
1659, 16.0, -22.6
1660, 16.0, -22.6
1661, 16.0, -22.6
1662, 16.0, -22.6
1663, 16.1, -22.6
1664, 16.1, -22.6
1665, 16.1, -22.6
1666, 16.1, -22.6
1667, 16.1, -22.6
1668, 16.1, -22.6
1669, 16.1, -22.6
1670, 16.1, -22.6
1671, 16.1, -22.6
1672, 16.1, -22.6
1673, 16.1, -22.6
1674, 16.1, -22.6
1675, 16.1, -22.6
1676, 16.1, -22.6
1677, 16.1, -22.6
1678, 16.1, -22.6
1679, 16.1, -22.6
1680, 16.1, -22.6
1681, 16.1, -22.6
1682, 16.1, -22.6
1683, 16.1, -22.6
1684, 16.1, -22.7
1685, 16.1, -22.7
1686, 16.1, -22.7
1687, 16.1, -22.7
1688, 16.1, -22.7
1689, 16.1, -22.7
1690, 16.1, -22.7
1691, 16.1, -22.7
1692, 16.1, -22.7
1693, 16.1, -22.7
1694, 16.1, -22.7
1695, 16.1, -22.7
1696, 16.1, -22.7
1697, 16.1, -22.7
1698, 16.1, -22.7
1699, 16.1, -22.7
1700, 16.1, -22.7
1701, 16.1, -22.7
1702, 16.1, -22.7
1703, 16.0, -22.7
1704, 16.0, -22.7
1705, 16.0, -22.7
1706, 16.0, -22.7
1707, 16.0, -22.7
1708, 16.0, -22.7
1709, 16.0, -22.7
1710, 16.0, -22.7
1711, 16.0, -22.7
1712, 16.0, -22.7
1713, 16.0, -22.7
1714, 16.0, -22.7
1715, 16.0, -22.7
1716, 16.0, -22.7
1717, 16.0, -22.7
1718, 16.0, -22.7
1719, 16.0, -22.7
1720, 16.0, -22.7
1721, 16.0, -22.7
1722, 16.0, -22.7
1723, 16.0, -22.7
1724, 16.0, -22.7
1725, 16.0, -22.7
1726, 16.0, -22.7
1727, 16.0, -22.7
1728, 16.1, -22.7
1729, 16.0, -22.7
1730, 16.0, -22.7
1731, 16.0, -22.7
1732, 16.0, -22.7
1733, 16.0, -22.7
1734, 16.0, -22.7
1735, 16.0, -22.7
1736, 16.0, -22.7
1737, 16.0, -22.7
1738, 16.0, -22.7
1739, 16.1, -22.7
1740, 16.1, -22.7
1741, 16.1, -22.7
1742, 16.1, -22.7
1743, 16.1, -22.7
1744, 16.1, -22.7
1745, 16.1, -22.7
1746, 16.1, -22.7
1747, 16.1, -22.7
1748, 16.1, -22.7
1749, 16.1, -22.7
1750, 16.1, -22.7
1751, 16.1, -22.7
1752, 16.1, -22.7
1753, 16.1, -22.7
1754, 16.1, -22.7
1755, 16.1, -22.7
1756, 16.1, -22.7
1757, 16.1, -22.7
1758, 16.1, -22.7
1759, 16.1, -22.7
1760, 16.1, -22.7
1761, 16.1, -22.7
1762, 16.1, -22.7
1763, 16.1, -22.7
1764, 16.1, -22.7
1765, 16.1, -22.7
1766, 16.1, -22.7
1767, 16.1, -22.7
1768, 16.1, -22.7
1769, 16.1, -22.7
1770, 16.1, -22.6
1771, 16.1, -22.6
1772, 16.1, -22.6
1773, 16.1, -22.6
1774, 16.1, -22.6
1775, 16.1, -22.6
1776, 16.1, -22.6
1777, 16.1, -22.6
1778, 16.1, -22.6
1779, 16.1, -22.6
1780, 16.1, -22.7
1781, 16.1, -22.7
1782, 16.2, -22.7
1783, 16.2, -22.7
1784, 16.2, -22.7
1785, 16.2, -22.7
1786, 16.2, -22.7
1787, 16.2, -22.7
1788, 16.2, -22.7
1789, 16.2, -22.7
1790, 16.2, -22.7
1791, 16.2, -22.7
1792, 16.2, -22.7
1793, 16.2, -22.7
1794, 16.2, -22.7
1795, 16.2, -22.7
1796, 16.2, -22.7
1797, 16.2, -22.7
1798, 16.2, -22.7
1799, 16.2, -22.7
1800, 16.2, -22.7
1801, 16.2, -22.7
1802, 16.2, -22.7
1803, 16.2, -22.7
1804, 16.2, -22.7
1805, 16.2, -22.7
1806, 16.2, -22.7
1807, 16.2, -22.6
1808, 16.2, -22.6
1809, 16.2, -22.6
1810, 16.2, -22.6
1811, 16.2, -22.6
1812, 16.2, -22.6
1813, 16.2, -22.6
1814, 16.2, -22.6
1815, 16.2, -22.6
1816, 16.2, -22.6
1817, 16.2, -22.6
1818, 16.2, -22.6
1819, 16.2, -22.6
1820, 16.2, -22.6
1821, 16.2, -22.6
1822, 16.2, -22.6
1823, 16.2, -22.6
1824, 16.2, -22.7
1825, 16.2, -22.7
1826, 16.2, -22.7
1827, 16.1, -22.7
1828, 16.1, -22.7
1829, 16.1, -22.7
1830, 16.1, -22.7
1831, 16.1, -22.7
1832, 16.1, -22.7
1833, 16.1, -22.7
1834, 16.1, -22.7
1835, 16.1, -22.7
1836, 16.1, -22.7
1837, 16.1, -22.7
1838, 16.1, -22.7
1839, 16.1, -22.7
1840, 16.1, -22.7
1841, 16.1, -22.7
1842, 16.0, -22.7
1843, 16.0, -22.7
1844, 16.0, -22.7
1845, 16.0, -22.7
1846, 16.0, -22.7
1847, 16.0, -22.7
1848, 16.0, -22.7
1849, 16.0, -22.7
1850, 16.0, -22.7
1851, 16.0, -22.7
1852, 16.0, -22.7
1853, 16.0, -22.7
1854, 16.1, -22.7
1855, 16.1, -22.7
1856, 16.1, -22.7
1857, 16.1, -22.7
1858, 16.1, -22.7
1859, 16.1, -22.7
1860, 16.1, -22.7
1861, 16.1, -22.7
1862, 16.1, -22.7
1863, 16.1, -22.7
1864, 16.1, -22.7
1865, 16.1, -22.7
1866, 16.1, -22.7
1867, 16.1, -22.7
1868, 16.1, -22.7
1869, 16.1, -22.7
1870, 16.1, -22.7
1871, 16.1, -22.7
1872, 16.1, -22.7
1873, 16.1, -22.7
1874, 16.1, -22.7
1875, 16.1, -22.7
1876, 16.1, -22.7
1877, 16.1, -22.7
1878, 16.1, -22.7
1879, 16.1, -22.7
1880, 16.1, -22.7
1881, 16.1, -22.7
1882, 16.1, -22.7
1883, 16.1, -22.7
1884, 16.1, -22.7
1885, 16.1, -22.7
1886, 16.1, -22.7
1887, 16.1, -22.7
1888, 16.1, -22.7
1889, 16.1, -22.7
1890, 16.1, -22.7
1891, 16.1, -22.7
1892, 16.1, -22.7
1893, 16.1, -22.7
1894, 16.1, -22.7
1895, 16.1, -22.7
1896, 16.1, -22.7
1897, 16.1, -22.7
1898, 16.1, -22.7
1899, 16.1, -22.7
1900, 16.1, -22.7
1901, 16.1, -22.7
1902, 16.1, -22.7
1903, 16.0, -22.7
1904, 16.1, -22.7
1905, 16.1, -22.7
1906, 16.1, -22.7
1907, 16.1, -22.7
1908, 16.1, -22.7
1909, 16.1, -22.7
1910, 16.1, -22.7
1911, 16.1, -22.7
1912, 16.1, -22.7
1913, 16.1, -22.7
1914, 16.1, -22.7
1915, 16.1, -22.7
1916, 16.1, -22.7
1917, 16.1, -22.7
1918, 16.1, -22.7
1919, 16.1, -22.7
1920, 16.1, -22.7
1921, 16.1, -22.7
1922, 16.1, -22.7
1923, 16.1, -22.7
1924, 16.1, -22.7
1925, 16.0, -22.7
1926, 16.0, -22.7
1927, 16.0, -22.7
1928, 16.0, -22.7
1929, 16.0, -22.7
1930, 16.0, -22.7
1931, 16.0, -22.7
1932, 16.0, -22.7
1933, 16.0, -22.7
1934, 16.0, -22.7
1935, 16.0, -22.7
1936, 16.0, -22.7
1937, 16.0, -22.7
1938, 16.0, -22.7
1939, 16.0, -22.7
1940, 16.0, -22.7
1941, 16.0, -22.7
1942, 16.0, -22.7
1943, 16.1, -22.6
1944, 16.1, -22.6
1945, 16.1, -22.7
1946, 16.1, -22.7
1947, 16.1, -22.7
1948, 16.1, -22.7
1949, 16.1, -22.7
1950, 16.1, -22.7
1951, 16.1, -22.7
1952, 16.1, -22.7
1953, 16.1, -22.7
1954, 16.1, -22.7
1955, 16.1, -22.7
1956, 16.1, -22.7
1957, 16.1, -22.7
1958, 16.1, -22.7
1959, 16.1, -22.7
1960, 16.1, -22.7
1961, 16.1, -22.7
1962, 16.1, -22.7
1963, 16.1, -22.7
1964, 16.1, -22.7
1965, 16.1, -22.7
1966, 16.1, -22.7
1967, 16.1, -22.7
1968, 16.1, -22.7
1969, 16.1, -22.7
1970, 16.1, -22.7
1971, 16.1, -22.7
1972, 16.1, -22.7
1973, 16.1, -22.7
1974, 16.1, -22.7
1975, 16.1, -22.7
1976, 16.1, -22.7
1977, 16.1, -22.7
1978, 16.1, -22.7
1979, 16.1, -22.7
1980, 16.1, -22.7
1981, 16.1, -22.7
1982, 16.1, -22.7
1983, 16.1, -22.7
1984, 16.1, -22.7
1985, 16.1, -22.7
1986, 16.1, -22.7
1987, 16.1, -22.7
1988, 16.1, -22.7
1989, 16.1, -22.7
1990, 16.1, -22.7
1991, 16.1, -22.7
1992, 16.1, -22.7
1993, 16.1, -22.7
1994, 16.1, -22.7
1995, 16.1, -22.7
1996, 16.1, -22.7
1997, 16.1, -22.7
1998, 16.1, -22.7
1999, 16.1, -22.7
2000, 16.0, -22.7
2001, 16.0, -22.7
2002, 16.0, -22.7
2003, 16.0, -22.7
2004, 16.0, -22.7
2005, 16.0, -22.7
2006, 16.0, -22.7
2007, 16.0, -22.7
2008, 16.0, -22.7
2009, 16.0, -22.7
2010, 16.0, -22.7
2011, 16.0, -22.7
2012, 16.0, -22.7
2013, 16.0, -22.7
2014, 16.0, -22.7
2015, 16.0, -22.7
2016, 16.0, -22.7
2017, 16.0, -22.7
2018, 16.0, -22.7
2019, 16.0, -22.7
2020, 16.0, -22.7
2021, 16.0, -22.7
2022, 16.0, -22.7
2023, 16.0, -22.7
2024, 16.0, -22.7
2025, 16.0, -22.7
2026, 16.0, -22.7
2027, 16.0, -22.7
2028, 16.0, -22.7
2029, 16.1, -22.7
2030, 16.1, -22.7
2031, 16.1, -22.7
2032, 16.1, -22.7
2033, 16.1, -22.7
2034, 16.1, -22.7
2035, 16.1, -22.7
2036, 16.1, -22.7
2037, 16.1, -22.7
2038, 16.1, -22.7
2039, 16.2, -22.7
2040, 16.2, -22.6
2041, 16.2, -22.6
2042, 16.2, -22.6
2043, 16.2, -22.6
2044, 16.2, -22.6
2045, 16.2, -22.6
2046, 16.2, -22.6
2047, 16.2, -22.6
2048, 16.2, -22.7
2049, 16.2, -22.7
2050, 16.2, -22.7
2051, 16.2, -22.7
2052, 16.2, -22.7
2053, 16.2, -22.7
2054, 16.2, -22.7
2055, 16.2, -22.7
2056, 16.2, -22.7
2057, 16.2, -22.7
2058, 16.2, -22.7
2059, 16.2, -22.7
2060, 16.2, -22.7
2061, 16.2, -22.7
2062, 16.0, -22.7
2063, 16.0, -22.7
2064, 16.1, -22.7
2065, 16.1, -22.7
2066, 16.1, -22.7
2067, 16.1, -22.7
2068, 16.1, -22.7
2069, 16.1, -22.7
2070, 16.1, -22.7
2071, 16.0, -22.7
2072, 16.0, -22.7
2073, 16.0, -22.7
2074, 16.0, -22.7
2075, 16.0, -22.7
2076, 16.0, -22.7
2077, 16.0, -22.7
2078, 16.0, -22.7
2079, 16.0, -22.7
2080, 16.0, -22.7
2081, 16.0, -22.7
2082, 16.0, -22.7
2083, 16.0, -22.7
2084, 16.0, -22.7
2085, 16.0, -22.7
2086, 16.0, -22.7
2087, 16.0, -22.7
2088, 16.0, -22.7
2089, 16.0, -22.7
2090, 16.1, -22.7
2091, 16.1, -22.7
2092, 16.1, -22.7
2093, 16.1, -22.7
2094, 16.1, -22.7
2095, 16.1, -22.7
2096, 16.1, -22.7
2097, 16.1, -22.7
2098, 16.1, -22.7
2099, 16.1, -22.7
2100, 16.1, -22.7
2101, 16.1, -22.7
2102, 16.0, -22.7
2103, 16.0, -22.7
2104, 16.0, -22.7
2105, 16.0, -22.7
2106, 16.0, -22.7
2107, 16.0, -22.7
2108, 16.0, -22.7
2109, 16.0, -22.7
2110, 16.0, -22.7
2111, 16.0, -22.7
2112, 16.0, -22.7
2113, 16.0, -22.7
2114, 16.0, -22.7
2115, 16.0, -22.7
2116, 16.0, -22.7
2117, 16.0, -22.7
2118, 16.0, -22.7
2119, 16.0, -22.7
2120, 16.0, -22.7
2121, 16.0, -22.7
2122, 16.1, -22.7
2123, 16.1, -22.7
2124, 16.1, -22.7
2125, 16.1, -22.7
2126, 16.1, -22.7
2127, 16.1, -22.7
2128, 16.1, -22.7
2129, 16.1, -22.7
2130, 16.1, -22.7
2131, 16.0, -22.7
2132, 16.0, -22.7
2133, 16.0, -22.7
2134, 16.0, -22.7
2135, 16.0, -22.7
2136, 16.0, -22.7
2137, 16.0, -22.7
2138, 16.0, -22.7
2139, 16.0, -22.7
2140, 16.0, -22.7
2141, 16.0, -22.7
2142, 16.0, -22.7
2143, 16.0, -22.7
2144, 16.0, -22.7
2145, 16.0, -22.7
2146, 16.0, -22.7
2147, 16.0, -22.7
2148, 16.0, -22.7
2149, 16.1, -22.7
2150, 16.1, -22.7
2151, 16.1, -22.7
2152, 16.1, -22.7
2153, 16.1, -22.7
2154, 16.1, -22.7
2155, 16.1, -22.7
2156, 16.1, -22.7
2157, 16.1, -22.7
2158, 16.1, -22.7
2159, 16.1, -22.7
2160, 16.1, -22.7
2161, 16.1, -22.7
2162, 16.1, -22.7
2163, 16.0, -22.7
2164, 16.0, -22.7
2165, 16.0, -22.7
2166, 16.0, -22.7
2167, 16.0, -22.7
2168, 16.0, -22.7
2169, 16.0, -22.7
2170, 16.0, -22.7
2171, 16.0, -22.7
2172, 16.0, -22.7
2173, 16.0, -22.7
2174, 16.0, -22.7
2175, 16.0, -22.7
2176, 16.0, -22.7
2177, 16.0, -22.7
2178, 16.0, -22.7
2179, 16.0, -22.7
2180, 16.0, -22.7
2181, 16.0, -22.7
2182, 16.0, -22.7
2183, 16.0, -22.7
2184, 16.0, -22.7
2185, 16.0, -22.7
2186, 16.0, -22.7
2187, 16.0, -22.7
2188, 16.0, -22.7
2189, 16.0, -22.7
2190, 16.0, -22.7
2191, 16.0, -22.7
2192, 16.0, -22.7
2193, 16.0, -22.7
2194, 16.0, -22.7
2195, 16.0, -22.7
2196, 16.0, -22.7
2197, 16.0, -22.7
2198, 16.0, -22.7
2199, 16.0, -22.7
2200, 16.0, -22.7
2201, 16.0, -22.7
2202, 16.0, -22.7
2203, 16.0, -22.7
2204, 16.0, -22.7
2205, 16.0, -22.7
2206, 16.0, -22.7
2207, 16.0, -22.7
2208, 16.0, -22.7
2209, 16.0, -22.7
2210, 16.0, -22.7
2211, 16.0, -22.7
2212, 16.0, -22.7
2213, 16.0, -22.7
2214, 16.0, -22.7
2215, 16.0, -22.7
2216, 16.0, -22.7
2217, 16.1, -22.7
2218, 16.1, -22.7
2219, 16.1, -22.7
2220, 16.1, -22.7
2221, 16.1, -22.7
2222, 16.1, -22.7
2223, 16.1, -22.7
2224, 16.1, -22.7
2225, 16.1, -22.7
2226, 16.1, -22.7
2227, 16.1, -22.7
2228, 16.1, -22.7
2229, 16.1, -22.7
2230, 16.1, -22.7
2231, 16.1, -22.7
2232, 16.1, -22.7
2233, 16.1, -22.7
2234, 16.1, -22.7
2235, 16.1, -22.7
2236, 16.0, -22.7
2237, 16.0, -22.7
2238, 16.0, -22.7
2239, 16.0, -22.7
2240, 16.0, -22.7
2241, 16.0, -22.7
2242, 16.0, -22.7
2243, 16.0, -22.7
2244, 16.0, -22.7
2245, 16.0, -22.7
2246, 16.0, -22.7
2247, 16.0, -22.7
2248, 16.0, -22.7
2249, 16.0, -22.7
2250, 16.0, -22.7
2251, 16.0, -22.7
2252, 16.0, -22.7
2253, 16.0, -22.7
2254, 16.0, -22.7
2255, 16.0, -22.7
2256, 16.0, -22.7
2257, 16.0, -22.7
2258, 16.0, -22.7
2259, 16.0, -22.7
2260, 16.0, -22.7
2261, 16.0, -22.7
2262, 16.0, -22.7
2263, 16.0, -22.7
2264, 16.0, -22.7
2265, 16.0, -22.7
2266, 16.0, -22.7
2267, 16.0, -22.7
2268, 16.0, -22.7
2269, 16.0, -22.7
2270, 16.0, -22.7
2271, 16.0, -22.7
2272, 16.0, -22.7
2273, 16.0, -22.7
2274, 16.0, -22.7
2275, 16.0, -22.7
2276, 16.0, -22.7
2277, 16.0, -22.7
2278, 16.0, -22.7
2279, 16.0, -22.7
2280, 16.0, -22.7
2281, 16.0, -22.7
2282, 16.0, -22.7
2283, 16.0, -22.7
2284, 16.0, -22.7
2285, 16.0, -22.7
2286, 16.0, -22.7
2287, 16.0, -22.7
2288, 16.0, -22.7
2289, 16.0, -22.7
2290, 16.0, -22.7
2291, 16.0, -22.7
2292, 16.0, -22.7
2293, 16.0, -22.7
2294, 16.0, -22.7
2295, 16.0, -22.7
2296, 16.1, -22.7
2297, 16.1, -22.7
2298, 16.1, -22.7
2299, 16.1, -22.7
2300, 16.1, -22.7
2301, 16.1, -22.7
2302, 16.1, -22.7
2303, 16.1, -22.7
2304, 16.1, -22.7
2305, 16.1, -22.7
2306, 16.1, -22.7
2307, 16.1, -22.7
2308, 16.1, -22.6
2309, 16.1, -22.6
2310, 16.1, -22.6
2311, 16.1, -22.6
2312, 16.1, -22.6
2313, 16.1, -22.6
2314, 16.1, -22.6
2315, 16.1, -22.6
2316, 16.1, -22.6
2317, 16.1, -22.6
2318, 16.1, -22.6
2319, 16.1, -22.6
2320, 16.1, -22.6
2321, 16.1, -22.6
2322, 16.1, -22.6
2323, 16.1, -22.6
2324, 16.1, -22.6
2325, 16.1, -22.6
2326, 16.1, -22.6
2327, 16.1, -22.6
2328, 16.1, -22.6
2329, 16.1, -22.6
2330, 16.1, -22.6
2331, 16.1, -22.6
2332, 16.1, -22.6
2333, 16.1, -22.6
2334, 16.1, -22.6
2335, 16.1, -22.6
2336, 16.1, -22.6
2337, 16.1, -22.6
2338, 16.1, -22.6
2339, 16.1, -22.6
2340, 16.1, -22.6
2341, 16.1, -22.6
2342, 16.1, -22.6
2343, 16.1, -22.6
2344, 16.1, -22.6
2345, 16.1, -22.6
2346, 16.1, -22.6
2347, 16.1, -22.6
2348, 16.1, -22.7
2349, 16.1, -22.7
2350, 16.1, -22.7
2351, 16.1, -22.7
2352, 16.1, -22.7
2353, 16.1, -22.7
2354, 16.1, -22.6
2355, 16.1, -22.6
2356, 16.1, -22.6
2357, 16.0, -22.6
2358, 16.0, -22.6
2359, 16.0, -22.6
2360, 16.0, -22.6
2361, 16.0, -22.6
2362, 16.0, -22.6
2363, 16.0, -22.6
2364, 16.0, -22.6
2365, 16.0, -22.6
2366, 16.0, -22.7
2367, 16.0, -22.7
2368, 16.0, -22.7
2369, 16.0, -22.7
2370, 16.0, -22.7
2371, 16.0, -22.7
2372, 16.0, -22.7
2373, 16.0, -22.7
2374, 16.0, -22.7
2375, 16.0, -22.7
2376, 16.0, -22.7
2377, 16.0, -22.7
2378, 16.0, -22.7
2379, 16.0, -22.7
2380, 16.0, -22.7
2381, 16.0, -22.7
2382, 16.0, -22.7
2383, 16.0, -22.7
2384, 16.0, -22.7
2385, 16.0, -22.7
2386, 16.0, -22.7
2387, 16.0, -22.7
2388, 16.0, -22.7
2389, 16.0, -22.7
2390, 16.0, -22.7
2391, 16.1, -22.7
2392, 16.1, -22.7
2393, 16.1, -22.7
2394, 16.1, -22.7
2395, 16.1, -22.7
2396, 16.2, -22.7
2397, 16.2, -22.7
2398, 16.2, -22.7
2399, 16.2, -22.7
2400, 16.2, -22.7
2401, 16.2, -22.7
2402, 16.2, -22.7
2403, 16.2, -22.7
2404, 16.2, -22.7
2405, 16.2, -22.7
2406, 16.2, -22.7
2407, 16.2, -22.7
2408, 16.2, -22.7
2409, 16.2, -22.7
2410, 16.2, -22.7
2411, 16.2, -22.7
2412, 16.2, -22.7
2413, 16.2, -22.6
2414, 16.2, -22.6
2415, 16.2, -22.6
2416, 16.2, -22.6
2417, 16.2, -22.6
2418, 16.2, -22.6
2419, 16.2, -22.6
2420, 16.2, -22.6
2421, 16.2, -22.6
2422, 16.2, -22.6
2423, 16.2, -22.6
2424, 16.2, -22.6
2425, 16.2, -22.6
2426, 16.2, -22.6
2427, 16.2, -22.6
2428, 16.2, -22.6
2429, 16.2, -22.6
2430, 16.2, -22.6
2431, 16.2, -22.6
2432, 16.2, -22.6
2433, 16.2, -22.6
2434, 16.2, -22.6
2435, 16.2, -22.6
2436, 16.2, -22.6
2437, 16.2, -22.6
2438, 16.2, -22.6
2439, 16.2, -22.6
2440, 16.2, -22.6
2441, 16.2, -22.6
2442, 16.2, -22.6
2443, 16.2, -22.6
2444, 16.2, -22.6
2445, 16.2, -22.7
2446, 16.2, -22.7
2447, 16.3, -22.7
2448, 16.3, -22.7
2449, 16.3, -22.7
2450, 16.3, -22.8
2451, 16.3, -22.8
2452, 16.3, -22.8
2453, 16.3, -22.8
2454, 16.3, -22.8
2455, 16.3, -22.8
2456, 16.3, -22.8
2457, 16.3, -22.8
2458, 16.2, -22.8
2459, 16.2, -22.8
2460, 16.2, -22.8
2461, 16.1, -22.8
2462, 16.1, -22.8
2463, 16.1, -22.8
2464, 16.1, -22.8
2465, 16.1, -22.7
2466, 16.0, -22.7
2467, 16.0, -22.7
2468, 16.0, -22.7
2469, 16.0, -22.7
2470, 16.0, -22.7
2471, 16.0, -22.7
2472, 16.0, -22.7
2473, 16.0, -22.7
2474, 16.0, -22.7
2475, 16.1, -22.7
2476, 16.1, -22.7
2477, 16.1, -22.7
2478, 16.1, -22.7
2479, 16.1, -22.7
2480, 16.1, -22.7
2481, 16.1, -22.7
2482, 16.1, -22.7
2483, 16.1, -22.7
2484, 16.1, -22.7
2485, 16.1, -22.7
2486, 16.1, -22.7
2487, 16.1, -22.7
2488, 16.1, -22.7
2489, 16.1, -22.7
2490, 16.1, -22.7
2491, 16.1, -22.7
2492, 16.1, -22.7
2493, 16.1, -22.7
2494, 16.1, -22.7
2495, 16.1, -22.7
2496, 16.1, -22.7
2497, 16.1, -22.7
2498, 16.1, -22.7
2499, 16.1, -22.7
2500, 16.1, -22.7
2501, 16.1, -22.7
2502, 16.1, -22.7
2503, 16.1, -22.7
2504, 16.1, -22.7
2505, 16.1, -22.7
2506, 16.1, -22.7
2507, 16.1, -22.7
2508, 16.1, -22.7
2509, 16.1, -22.7
2510, 16.1, -22.7
2511, 16.1, -22.7
2512, 16.1, -22.7
2513, 16.1, -22.7
2514, 16.1, -22.7
2515, 16.1, -22.7
2516, 16.1, -22.7
2517, 16.1, -22.7
2518, 16.1, -22.7
2519, 16.1, -22.7
2520, 16.1, -22.7
2521, 16.1, -22.7
2522, 16.1, -22.7
2523, 16.1, -22.7
2524, 16.1, -22.7
2525, 16.1, -22.7
2526, 16.1, -22.7
2527, 16.1, -22.7
2528, 16.1, -22.7
2529, 16.1, -22.7
2530, 16.1, -22.7
2531, 16.1, -22.7
2532, 16.1, -22.7
2533, 16.0, -22.7
2534, 16.0, -22.7
2535, 16.0, -22.7
2536, 16.0, -22.7
2537, 16.0, -22.7
2538, 16.0, -22.7
2539, 16.0, -22.7
2540, 16.1, -22.7
2541, 16.1, -22.7
2542, 16.1, -22.7
2543, 16.1, -22.7
2544, 16.1, -22.7
2545, 16.1, -22.7
2546, 16.1, -22.7
2547, 16.1, -22.7
2548, 16.1, -22.7
2549, 16.1, -22.7
2550, 16.1, -22.7
2551, 16.1, -22.7
2552, 16.1, -22.7
2553, 16.1, -22.7
2554, 16.1, -22.7
2555, 16.1, -22.7
2556, 16.1, -22.7
2557, 16.1, -22.7
2558, 16.1, -22.7
2559, 16.1, -22.7
2560, 16.1, -22.7
2561, 16.1, -22.7
2562, 16.1, -22.7
2563, 16.1, -22.7
2564, 16.1, -22.7
2565, 16.1, -22.7
2566, 16.1, -22.7
2567, 16.1, -22.7
2568, 16.1, -22.7
2569, 16.1, -22.7
2570, 16.1, -22.7
2571, 16.1, -22.7
2572, 16.1, -22.7
2573, 16.1, -22.7
2574, 16.1, -22.7
2575, 16.1, -22.7
2576, 16.1, -22.7
2577, 16.1, -22.7
2578, 16.1, -22.7
2579, 16.1, -22.7
2580, 16.1, -22.7
2581, 16.1, -22.7
2582, 16.1, -22.7
2583, 16.1, -22.7
2584, 16.1, -22.7
2585, 16.1, -22.7
2586, 16.1, -22.7
2587, 16.1, -22.7
2588, 16.1, -22.7
2589, 16.1, -22.7
2590, 16.1, -22.7
2591, 16.1, -22.7
2592, 16.1, -22.7
2593, 16.1, -22.7
2594, 16.1, -22.7
2595, 16.0, -22.7
2596, 16.0, -22.7
2597, 16.0, -22.7
2598, 16.0, -22.7
2599, 16.0, -22.7
2600, 16.0, -22.7
2601, 16.0, -22.7
2602, 16.0, -22.7
2603, 16.0, -22.7
2604, 16.0, -22.7
2605, 16.0, -22.7
2606, 16.0, -22.7
2607, 16.0, -22.7
2608, 16.0, -22.7
2609, 16.0, -22.7
2610, 16.0, -22.7
2611, 16.0, -22.7
2612, 16.0, -22.7
2613, 16.0, -22.7
2614, 16.0, -22.7
2615, 16.0, -22.7
2616, 16.0, -22.7
2617, 16.0, -22.7
2618, 16.0, -22.7
2619, 16.0, -22.7
2620, 16.0, -22.7
2621, 16.0, -22.7
2622, 16.0, -22.7
2623, 16.0, -22.7
2624, 16.0, -22.6
2625, 16.0, -22.6
2626, 16.0, -22.6
2627, 16.0, -22.6
2628, 16.0, -22.6
2629, 16.0, -22.6
2630, 16.0, -22.7
2631, 16.0, -22.7
2632, 16.0, -22.7
2633, 16.0, -22.7
2634, 16.0, -22.7
2635, 16.0, -22.7
2636, 16.0, -22.7
2637, 16.0, -22.7
2638, 16.0, -22.7
2639, 16.0, -22.7
2640, 16.0, -22.7
2641, 16.0, -22.7
2642, 16.0, -22.7
2643, 16.0, -22.7
2644, 16.0, -22.7
2645, 16.0, -22.7
2646, 16.0, -22.7
2647, 16.0, -22.7
2648, 16.0, -22.7
2649, 16.0, -22.7
2650, 16.0, -22.7
2651, 16.0, -22.7
2652, 16.0, -22.7
2653, 16.0, -22.7
2654, 16.0, -22.7
2655, 16.0, -22.7
2656, 16.0, -22.7
2657, 16.0, -22.7
2658, 16.0, -22.7
2659, 16.0, -22.7
2660, 16.0, -22.7
2661, 16.0, -22.7
2662, 16.0, -22.7
2663, 16.0, -22.7
2664, 16.0, -22.7
2665, 16.0, -22.7
2666, 16.0, -22.7
2667, 16.0, -22.7
2668, 16.0, -22.7
2669, 16.0, -22.7
2670, 16.0, -22.7
2671, 16.0, -22.7
2672, 16.0, -22.7
2673, 16.0, -22.7
2674, 16.0, -22.7
2675, 16.0, -22.7
2676, 16.0, -22.7
2677, 16.0, -22.7
2678, 16.0, -22.7
2679, 16.0, -22.7
2680, 16.0, -22.7
2681, 16.0, -22.7
2682, 16.1, -22.7
2683, 16.1, -22.7
2684, 16.1, -22.7
2685, 16.1, -22.7
2686, 16.1, -22.7
2687, 16.1, -22.7
2688, 16.1, -22.7
2689, 16.1, -22.7
2690, 16.1, -22.7
2691, 16.1, -22.7
2692, 16.1, -22.7
2693, 16.1, -22.7
2694, 16.1, -22.7
2695, 16.1, -22.7
2696, 16.1, -22.7
2697, 16.1, -22.7
2698, 16.0, -22.7
2699, 16.0, -22.7
2700, 16.0, -22.7
2701, 16.0, -22.7
2702, 16.0, -22.7
2703, 16.0, -22.7
2704, 16.0, -22.7
2705, 16.0, -22.7
2706, 16.0, -22.7
2707, 16.1, -22.7
2708, 16.1, -22.7
2709, 16.1, -22.7
2710, 16.1, -22.7
2711, 16.1, -22.7
2712, 16.1, -22.6
2713, 16.1, -22.6
2714, 16.1, -22.6
2715, 16.1, -22.6
2716, 16.1, -22.6
2717, 16.1, -22.6
2718, 16.1, -22.6
2719, 16.1, -22.6
2720, 16.1, -22.6
2721, 16.1, -22.6
2722, 16.1, -22.6
2723, 16.1, -22.6
2724, 16.1, -22.6
2725, 16.1, -22.6
2726, 16.1, -22.6
2727, 16.1, -22.6
2728, 16.1, -22.6
2729, 16.1, -22.6
2730, 16.1, -22.6
2731, 16.1, -22.6
2732, 16.2, -22.6
2733, 16.2, -22.6
2734, 16.2, -22.7
2735, 16.2, -22.7
2736, 16.2, -22.7
2737, 16.2, -22.7
2738, 16.2, -22.7
2739, 16.3, -22.7
2740, 16.3, -22.7
2741, 16.3, -22.7
2742, 16.3, -22.7
2743, 16.3, -22.7
2744, 16.3, -22.7
2745, 16.3, -22.7
2746, 16.3, -22.7
2747, 16.3, -22.7
2748, 16.3, -22.7
2749, 16.2, -22.7
2750, 16.2, -22.7
2751, 16.2, -22.7
2752, 16.2, -22.7
2753, 16.2, -22.7
2754, 16.2, -22.7
2755, 16.2, -22.7
2756, 16.2, -22.7
2757, 16.2, -22.7
2758, 16.2, -22.7
2759, 16.2, -22.7
2760, 16.2, -22.7
2761, 16.2, -22.7
2762, 16.2, -22.6
2763, 16.1, -22.6
2764, 16.1, -22.6
2765, 16.1, -22.6
2766, 16.1, -22.6
2767, 16.1, -22.6
2768, 16.1, -22.6
2769, 16.1, -22.6
2770, 16.0, -22.6
2771, 16.0, -22.6
2772, 16.0, -22.6
2773, 16.0, -22.6
2774, 16.0, -22.6
2775, 16.0, -22.6
2776, 16.0, -22.6
2777, 16.0, -22.6
2778, 16.0, -22.6
2779, 16.0, -22.6
2780, 16.0, -22.6
2781, 16.0, -22.6
2782, 16.0, -22.6
2783, 16.0, -22.6
2784, 16.0, -22.6
2785, 16.0, -22.6
2786, 16.0, -22.6
2787, 16.0, -22.6
2788, 16.0, -22.6
2789, 16.0, -22.6
2790, 16.0, -22.6
2791, 16.0, -22.7
2792, 16.0, -22.7
2793, 16.1, -22.7
2794, 16.1, -22.7
2795, 16.1, -22.7
2796, 16.1, -22.7
2797, 16.1, -22.7
2798, 16.1, -22.6
2799, 16.1, -22.6
2800, 16.1, -22.6
2801, 16.1, -22.6
2802, 16.1, -22.6
2803, 16.1, -22.6
2804, 16.1, -22.6
2805, 16.1, -22.6
2806, 16.1, -22.6
2807, 16.1, -22.6
2808, 16.1, -22.6
2809, 16.1, -22.7
2810, 16.1, -22.7
2811, 16.1, -22.7
2812, 16.1, -22.7
2813, 16.1, -22.7
2814, 16.1, -22.7
2815, 16.1, -22.7
2816, 16.1, -22.7
2817, 16.1, -22.7
2818, 16.1, -22.7
2819, 16.1, -22.7
2820, 16.1, -22.7
2821, 16.0, -22.7
2822, 16.1, -22.7
2823, 16.1, -22.7
2824, 16.1, -22.7
2825, 16.1, -22.7
2826, 16.1, -22.7
2827, 16.1, -22.7
2828, 16.1, -22.7
2829, 16.1, -22.7
2830, 16.1, -22.7
2831, 16.1, -22.7
2832, 16.1, -22.7
2833, 16.1, -22.7
2834, 16.1, -22.7
2835, 16.1, -22.7
2836, 16.1, -22.7
2837, 16.1, -22.7
2838, 16.0, -22.7
2839, 16.0, -22.7
2840, 16.0, -22.7
2841, 16.0, -22.7
2842, 16.0, -22.7
2843, 16.0, -22.7
2844, 16.0, -22.7
2845, 16.0, -22.7
2846, 16.0, -22.7
2847, 16.0, -22.7
2848, 16.0, -22.7
2849, 16.0, -22.7
2850, 16.0, -22.7
2851, 16.0, -22.7
2852, 16.0, -22.7
2853, 16.0, -22.7
2854, 16.0, -22.7
2855, 16.0, -22.7
2856, 16.0, -22.7
2857, 16.0, -22.7
2858, 16.0, -22.7
2859, 16.0, -22.7
2860, 16.0, -22.7
2861, 16.0, -22.7
2862, 16.0, -22.7
2863, 16.0, -22.7
2864, 16.0, -22.7
2865, 16.0, -22.7
2866, 16.0, -22.7
2867, 16.0, -22.7
2868, 16.0, -22.7
2869, 16.0, -22.7
2870, 16.0, -22.7
2871, 16.0, -22.7
2872, 16.0, -22.7
2873, 16.0, -22.7
2874, 16.0, -22.7
2875, 16.0, -22.7
2876, 16.0, -22.7
2877, 16.0, -22.7
2878, 16.0, -22.7
2879, 16.0, -22.7
2880, 16.0, -22.7
2881, 16.0, -22.7
2882, 16.0, -22.7
2883, 16.0, -22.7
2884, 16.0, -22.7
2885, 16.0, -22.7
2886, 16.0, -22.7
2887, 16.0, -22.7
2888, 16.1, -22.7
2889, 16.1, -22.7
2890, 16.1, -22.7
2891, 16.1, -22.7
2892, 16.1, -22.7
2893, 16.1, -22.7
2894, 16.1, -22.7
2895, 16.2, -22.7
2896, 16.2, -22.7
2897, 16.2, -22.7
2898, 16.2, -22.7
2899, 16.2, -22.7
2900, 16.2, -22.7
2901, 16.2, -22.7
2902, 16.2, -22.7
2903, 16.2, -22.7
2904, 16.2, -22.7
2905, 16.2, -22.7
2906, 16.2, -22.7
2907, 16.2, -22.7
2908, 16.2, -22.7
2909, 16.2, -22.7
2910, 16.2, -22.7
2911, 16.2, -22.7
2912, 16.2, -22.7
2913, 16.2, -22.7
2914, 16.2, -22.7
2915, 16.2, -22.7
2916, 16.2, -22.7
2917, 16.2, -22.7
2918, 16.2, -22.7
2919, 16.2, -22.7
2920, 16.2, -22.7
2921, 16.2, -22.7
2922, 16.2, -22.7
2923, 16.2, -22.7
2924, 16.2, -22.7
2925, 16.2, -22.7
2926, 16.2, -22.7
2927, 16.2, -22.7
2928, 16.2, -22.7
2929, 16.2, -22.7
2930, 16.2, -22.7
2931, 16.2, -22.7
2932, 16.2, -22.7
2933, 16.3, -22.7
2934, 16.2, -22.7
2935, 16.2, -22.7
2936, 16.2, -22.7
2937, 16.2, -22.7
2938, 16.2, -22.7
2939, 16.2, -22.7
2940, 16.2, -22.7
2941, 16.2, -22.7
2942, 16.2, -22.7
2943, 16.2, -22.7
2944, 16.2, -22.7
2945, 16.2, -22.7
2946, 16.2, -22.7
2947, 16.2, -22.7
2948, 16.2, -22.7
2949, 16.2, -22.7
2950, 16.2, -22.7
2951, 16.2, -22.7
2952, 16.2, -22.6
2953, 16.2, -22.6
2954, 16.2, -22.6
2955, 16.2, -22.6
2956, 16.1, -22.6
2957, 16.1, -22.6
2958, 16.1, -22.6
2959, 16.1, -22.6
2960, 16.1, -22.6
2961, 16.1, -22.6
2962, 16.0, -22.6
2963, 16.0, -22.6
2964, 16.0, -22.7
2965, 16.0, -22.7
2966, 16.0, -22.7
2967, 16.0, -22.7
2968, 16.0, -22.7
2969, 16.0, -22.7
2970, 16.1, -22.7
2971, 16.1, -22.7
2972, 16.1, -22.7
2973, 16.1, -22.7
2974, 16.1, -22.7
2975, 16.1, -22.7
2976, 16.1, -22.7
2977, 16.1, -22.7
2978, 16.1, -22.7
2979, 16.1, -22.7
2980, 16.1, -22.7
2981, 16.1, -22.7
2982, 16.1, -22.7
2983, 16.1, -22.7
2984, 16.1, -22.7
2985, 16.1, -22.7
2986, 16.1, -22.7
2987, 16.1, -22.7
2988, 16.1, -22.7
2989, 16.1, -22.7
2990, 16.1, -22.7
2991, 16.1, -22.7
2992, 16.1, -22.7
2993, 16.1, -22.7
2994, 16.1, -22.7
2995, 16.1, -22.7
2996, 16.1, -22.7
2997, 16.1, -22.7
2998, 16.1, -22.7
2999, 16.1, -22.7
3000, 16.1, -22.7
3001, 16.1, -22.7
3002, 16.1, -22.7
3003, 16.1, -22.7
3004, 16.1, -22.7
3005, 16.1, -22.7
3006, 16.1, -22.7
3007, 16.1, -22.7
3008, 16.1, -22.7
3009, 16.1, -22.7
3010, 16.1, -22.7
3011, 16.1, -22.7
3012, 16.1, -22.7
3013, 16.1, -22.7
3014, 16.1, -22.7
3015, 16.1, -22.7
3016, 16.1, -22.7
3017, 16.1, -22.7
3018, 16.1, -22.7
3019, 16.1, -22.7
3020, 16.0, -22.7
3021, 16.0, -22.7
3022, 16.0, -22.7
3023, 16.0, -22.7
3024, 16.0, -22.7
3025, 16.0, -22.7
3026, 16.0, -22.7
3027, 16.0, -22.7
3028, 16.0, -22.7
3029, 16.0, -22.7
3030, 16.0, -22.7
3031, 16.0, -22.7
3032, 16.0, -22.7
3033, 16.0, -22.7
3034, 16.0, -22.7
3035, 16.1, -22.7
3036, 16.1, -22.7
3037, 16.1, -22.7
3038, 16.1, -22.7
3039, 16.1, -22.7
3040, 16.1, -22.7
3041, 16.1, -22.7
3042, 16.1, -22.7
3043, 16.1, -22.7
3044, 16.1, -22.7
3045, 16.1, -22.7
3046, 16.1, -22.7
3047, 16.1, -22.7
3048, 16.2, -22.7
3049, 16.2, -22.7
3050, 16.3, -22.7
3051, 16.3, -22.7
3052, 16.3, -22.7
3053, 16.3, -22.7
3054, 16.3, -22.7
3055, 16.3, -22.7
3056, 16.3, -22.7
3057, 16.3, -22.7
3058, 16.3, -22.7
3059, 16.3, -22.7
3060, 16.3, -22.7
3061, 16.3, -22.7
3062, 16.3, -22.7
3063, 16.3, -22.7
3064, 16.3, -22.7
3065, 16.3, -22.7
3066, 16.3, -22.7
3067, 16.3, -22.7
3068, 16.3, -22.7
3069, 16.3, -22.7
3070, 16.3, -22.7
3071, 16.2, -22.7
3072, 16.2, -22.7
3073, 16.2, -22.7
3074, 16.2, -22.7
3075, 16.2, -22.7
3076, 16.2, -22.7
3077, 16.2, -22.7
3078, 16.2, -22.7
3079, 16.1, -22.7
3080, 16.1, -22.7
3081, 16.1, -22.7
3082, 16.1, -22.7
3083, 16.1, -22.7
3084, 16.1, -22.7
3085, 16.1, -22.7
3086, 16.1, -22.7
3087, 16.1, -22.7
3088, 16.1, -22.6
3089, 16.1, -22.6
3090, 16.1, -22.6
3091, 16.1, -22.6
3092, 16.1, -22.6
3093, 16.1, -22.6
3094, 16.1, -22.6
3095, 16.1, -22.6
3096, 16.1, -22.6
3097, 16.1, -22.6
3098, 16.1, -22.6
3099, 16.1, -22.6
3100, 16.1, -22.6
3101, 16.1, -22.6
3102, 16.1, -22.6
3103, 16.1, -22.6
3104, 16.1, -22.6
3105, 16.1, -22.6
3106, 16.1, -22.6
3107, 16.1, -22.6
3108, 16.1, -22.6
3109, 16.1, -22.6
3110, 16.1, -22.6
3111, 16.1, -22.6
3112, 16.1, -22.6
3113, 16.1, -22.6
3114, 16.1, -22.6
3115, 16.1, -22.6
3116, 16.1, -22.6
3117, 16.1, -22.6
3118, 16.1, -22.6
3119, 16.1, -22.6
3120, 16.1, -22.6
3121, 16.1, -22.6
3122, 16.1, -22.6
3123, 16.1, -22.6
3124, 16.1, -22.6
3125, 16.1, -22.6
3126, 16.1, -22.6
3127, 16.1, -22.6
3128, 16.1, -22.6
3129, 16.1, -22.6
3130, 16.0, -22.6
3131, 16.0, -22.6
3132, 16.0, -22.6
3133, 16.0, -22.6
3134, 16.0, -22.6
3135, 16.0, -22.6
3136, 16.0, -22.6
3137, 16.0, -22.6
3138, 16.0, -22.6
3139, 16.0, -22.6
3140, 16.0, -22.6
3141, 16.0, -22.6
3142, 16.0, -22.6
3143, 16.0, -22.6
3144, 16.0, -22.6
3145, 16.0, -22.6
3146, 16.0, -22.6
3147, 16.0, -22.7
3148, 16.0, -22.7
3149, 16.0, -22.7
3150, 16.0, -22.7
3151, 16.0, -22.7
3152, 16.0, -22.7
3153, 16.0, -22.7
3154, 16.0, -22.7
3155, 16.0, -22.7
3156, 16.0, -22.7
3157, 16.0, -22.7
3158, 16.0, -22.7
3159, 16.0, -22.7
3160, 16.0, -22.7
3161, 16.0, -22.7
3162, 16.0, -22.7
3163, 16.0, -22.7
3164, 16.0, -22.7
3165, 16.0, -22.7
3166, 16.0, -22.7
3167, 16.0, -22.7
3168, 16.0, -22.7
3169, 16.0, -22.7
3170, 16.0, -22.7
3171, 16.0, -22.7
3172, 16.0, -22.7
3173, 16.0, -22.7
3174, 16.0, -22.7
3175, 16.0, -22.7
3176, 16.0, -22.7
3177, 16.0, -22.7
3178, 16.0, -22.7
3179, 16.0, -22.7
3180, 16.0, -22.7
3181, 16.0, -22.7
3182, 16.0, -22.7
3183, 16.0, -22.7
3184, 16.0, -22.6
3185, 16.0, -22.6
3186, 16.0, -22.6
3187, 16.0, -22.6
3188, 16.0, -22.6
3189, 16.0, -22.6
3190, 16.0, -22.6
3191, 16.0, -22.6
3192, 16.0, -22.6
3193, 16.0, -22.6
3194, 16.0, -22.6
3195, 16.0, -22.6
3196, 16.0, -22.6
3197, 16.0, -22.7
3198, 16.0, -22.7
3199, 16.0, -22.7
3200, 16.0, -22.7
3201, 16.0, -22.7
3202, 16.1, -22.7
3203, 16.1, -22.7
3204, 16.1, -22.7
3205, 16.1, -22.7
3206, 16.1, -22.7
3207, 16.1, -22.7
3208, 16.1, -22.7
3209, 16.1, -22.7
3210, 16.1, -22.7
3211, 16.1, -22.7
3212, 16.1, -22.7
3213, 16.0, -22.7
3214, 16.0, -22.7
3215, 16.0, -22.7
3216, 16.0, -22.7
3217, 16.0, -22.7
3218, 0.0, -22.7
3219, 0.0, -22.7
3220, 0.0, -22.7
3221, 0.0, -22.7
3222, 0.0, -22.7
3223, 0.0, -22.7
3224, 0.0, -22.7
3225, 0.0, 0.0
3226, 0.0, 0.0
3227, 0.0, 0.0
3228, 0.0, 0.0
3229, 0.0, 0.0
3230, 0.0, 0.0
3231, 0.0, 0.0
3232, 0.0, 0.0
3233, 0.0, 0.0
3234, 0.0, 0.0
3235, 0.0, 0.0
3236, 0.10000000000000142, 0.0
3237, 0.10000000000000142, 0.0
3238, 0.10000000000000142, 0.0
3239, 0.10000000000000142, 0.0
3240, 0.10000000000000142, 0.0
3241, 0.10000000000000142, 0.0
3242, 0.10000000000000142, 0.0
3243, 0.10000000000000142, 0.0
3244, 0.10000000000000142, 0.0
3245, 0.10000000000000142, 0.0
3246, 0.10000000000000142, 0.0
3247, 0.10000000000000142, 0.0
3248, 0.10000000000000142, 0.0
3249, 0.10000000000000142, 0.0
3250, 0.10000000000000142, 0.0
3251, 0.10000000000000142, 0.0
3252, 0.10000000000000142, 0.0
3253, 0.10000000000000142, 0.0
3254, 0.10000000000000142, 0.0
3255, 0.0, 0.0
3256, 0.0, 0.0
3257, 0.0, 0.0
3258, 0.0, 0.0
3259, 0.10000000000000142, 0.0
3260, 0.10000000000000142, 0.0
3261, 0.10000000000000142, 0.0
3262, 0.10000000000000142, 0.0
3263, 0.10000000000000142, 0.0
3264, 0.10000000000000142, 0.0
3265, 0.10000000000000142, 0.0
3266, 0.10000000000000142, 0.0
3267, 0.10000000000000142, 0.0
3268, 0.10000000000000142, -0.10000000000000142
3269, 0.10000000000000142, -0.10000000000000142
3270, 0.10000000000000142, -0.10000000000000142
3271, 0.10000000000000142, -0.10000000000000142
3272, 0.10000000000000142, -0.10000000000000142
3273, 0.10000000000000142, -0.10000000000000142
3274, 0.10000000000000142, -0.10000000000000142
3275, 0.10000000000000142, -0.10000000000000142
3276, 0.10000000000000142, -0.10000000000000142
3277, 0.10000000000000142, -0.10000000000000142
3278, 0.10000000000000142, -0.10000000000000142
3279, 0.10000000000000142, -0.10000000000000142
3280, 0.10000000000000142, 0.0
3281, 0.10000000000000142, 0.0
3282, 0.10000000000000142, 0.0
3283, 0.10000000000000142, 0.0
3284, 0.10000000000000142, 0.0
3285, 0.10000000000000142, 0.0
3286, 0.0, 0.0
3287, 0.10000000000000142, 0.0
3288, 0.10000000000000142, 0.0
3289, 0.10000000000000142, 0.0
3290, 0.10000000000000142, 0.0
3291, 0.10000000000000142, 0.0
3292, 0.10000000000000142, 0.0
3293, 0.10000000000000142, 0.0
3294, 0.10000000000000142, 0.0
3295, 0.10000000000000142, 0.0
3296, 0.10000000000000142, 0.0
3297, 0.10000000000000142, 0.0
3298, 0.10000000000000142, 0.0
3299, 0.10000000000000142, 0.0
3300, 0.10000000000000142, 0.0
3301, 0.10000000000000142, 0.0
3302, 0.10000000000000142, 0.0
3303, 0.10000000000000142, 0.0
3304, 0.10000000000000142, 0.0
3305, 0.10000000000000142, 0.0
3306, 0.10000000000000142, 0.0
3307, 0.10000000000000142, 0.0
3308, 0.10000000000000142, 0.0
3309, 0.10000000000000142, 0.0
3310, 0.10000000000000142, 0.0
3311, 0.10000000000000142, 0.0
3312, 0.10000000000000142, 0.0
3313, 0.10000000000000142, 0.0
3314, 0.10000000000000142, 0.0
3315, 0.10000000000000142, 0.0
3316, 0.10000000000000142, 0.0
3317, 0.10000000000000142, 0.0
3318, 0.10000000000000142, 0.0
3319, 0.10000000000000142, 0.0
3320, 0.10000000000000142, 0.0
3321, 0.10000000000000142, 0.0
3322, 0.10000000000000142, 0.0
3323, 0.10000000000000142, 0.0
3324, 0.10000000000000142, 0.0
3325, 0.10000000000000142, 0.0
3326, 0.10000000000000142, 0.0
3327, 0.10000000000000142, 0.0
3328, 0.10000000000000142, 0.0
3329, 0.10000000000000142, 0.0
3330, 0.10000000000000142, 0.0
3331, 0.10000000000000142, 0.0
3332, 0.10000000000000142, 0.0
3333, 0.10000000000000142, 0.0
3334, 0.10000000000000142, 0.0
3335, 0.10000000000000142, 0.0
3336, 0.10000000000000142, 0.0
3337, 0.10000000000000142, 0.09999999999999787
3338, 0.10000000000000142, 0.09999999999999787
3339, 0.10000000000000142, 0.09999999999999787
3340, 0.10000000000000142, 0.09999999999999787
3341, 0.10000000000000142, 0.09999999999999787
3342, 0.10000000000000142, 0.09999999999999787
3343, 0.10000000000000142, 0.09999999999999787
3344, 0.10000000000000142, 0.09999999999999787
3345, 0.10000000000000142, 0.09999999999999787
3346, 0.10000000000000142, 0.09999999999999787
3347, 0.10000000000000142, 0.09999999999999787
3348, 0.10000000000000142, 0.09999999999999787
3349, 0.10000000000000142, 0.09999999999999787
3350, 0.10000000000000142, 0.09999999999999787
3351, 0.10000000000000142, 0.09999999999999787
3352, 0.10000000000000142, 0.09999999999999787
3353, 0.10000000000000142, 0.09999999999999787
3354, 0.10000000000000142, 0.0
3355, 0.10000000000000142, 0.0
3356, 0.10000000000000142, 0.0
3357, 0.10000000000000142, 0.0
3358, 0.10000000000000142, 0.0
3359, 0.10000000000000142, 0.0
3360, 0.10000000000000142, 0.0
3361, 0.10000000000000142, 0.0
3362, 0.10000000000000142, 0.0
3363, 0.10000000000000142, 0.0
3364, 0.10000000000000142, 0.0
3365, 0.10000000000000142, 0.0
3366, 0.10000000000000142, 0.0
3367, 0.10000000000000142, 0.0
3368, 0.10000000000000142, 0.0
3369, 0.10000000000000142, 0.0
3370, 0.10000000000000142, 0.0
3371, 0.10000000000000142, 0.0
3372, 0.10000000000000142, 0.0
3373, 0.10000000000000142, 0.0
3374, 0.10000000000000142, 0.0
3375, 0.10000000000000142, 0.0
3376, 0.10000000000000142, 0.0
3377, 0.10000000000000142, 0.0
3378, 0.10000000000000142, 0.0
3379, 0.10000000000000142, 0.0
3380, 0.10000000000000142, 0.0
3381, 0.1999999999999993, 0.0
3382, 0.1999999999999993, 0.0
3383, 0.1999999999999993, 0.0
3384, 0.1999999999999993, 0.0
3385, 0.1999999999999993, 0.0
3386, 0.1999999999999993, 0.0
3387, 0.1999999999999993, 0.0
3388, 0.1999999999999993, 0.0
3389, 0.1999999999999993, 0.0
3390, 0.1999999999999993, 0.0
3391, 0.1999999999999993, 0.0
3392, 0.1999999999999993, 0.0
3393, 0.1999999999999993, 0.0
3394, 0.1999999999999993, 0.0
3395, 0.1999999999999993, 0.0
3396, 0.1999999999999993, 0.0
3397, 0.1999999999999993, 0.0
3398, 0.1999999999999993, 0.0
3399, 0.10000000000000142, 0.0
3400, 0.10000000000000142, 0.0
3401, 0.10000000000000142, 0.0
3402, 0.10000000000000142, 0.0
3403, 0.10000000000000142, 0.0
3404, 0.10000000000000142, 0.0
3405, 0.10000000000000142, 0.0
3406, 0.10000000000000142, 0.0
3407, 0.10000000000000142, 0.0
3408, 0.10000000000000142, 0.0
3409, 0.10000000000000142, 0.0
3410, 0.10000000000000142, 0.0
3411, 0.10000000000000142, 0.0
3412, 0.10000000000000142, 0.0
3413, 0.10000000000000142, 0.0
3414, 0.10000000000000142, 0.0
3415, 0.10000000000000142, 0.0
3416, 0.10000000000000142, 0.0
3417, 0.10000000000000142, 0.0
3418, 0.10000000000000142, 0.0
3419, 0.10000000000000142, 0.0
3420, 0.10000000000000142, 0.0
3421, 0.0, 0.0
3422, 0.0, 0.0
3423, 0.0, 0.0
3424, 0.0, 0.0
3425, 0.10000000000000142, 0.0
3426, 0.10000000000000142, 0.0
3427, 0.10000000000000142, 0.0
3428, 0.10000000000000142, 0.0
3429, 0.10000000000000142, 0.0
3430, 0.10000000000000142, 0.0
3431, 0.10000000000000142, 0.0
3432, 0.10000000000000142, 0.0
3433, 0.10000000000000142, 0.0
3434, 0.10000000000000142, 0.0
3435, 0.10000000000000142, 0.0
3436, 0.10000000000000142, 0.0
3437, 0.10000000000000142, 0.0
3438, 0.10000000000000142, 0.0
3439, 0.10000000000000142, 0.0
3440, 0.10000000000000142, 0.0
3441, 0.10000000000000142, 0.0
3442, 0.10000000000000142, 0.0
3443, 0.10000000000000142, 0.0
3444, 0.10000000000000142, 0.0
3445, 0.10000000000000142, 0.0
3446, 0.10000000000000142, 0.0
3447, 0.10000000000000142, 0.0
3448, 0.10000000000000142, 0.0
3449, 0.10000000000000142, 0.0
3450, 0.10000000000000142, 0.0
3451, 0.10000000000000142, 0.0
3452, 0.10000000000000142, 0.0
3453, 0.10000000000000142, 0.0
3454, 0.10000000000000142, 0.0
3455, 0.10000000000000142, 0.0
3456, 0.10000000000000142, 0.0
3457, 0.10000000000000142, 0.0
3458, 0.10000000000000142, 0.0
3459, 0.10000000000000142, 0.0
3460, 0.10000000000000142, 0.0
3461, 0.10000000000000142, 0.0
3462, 0.10000000000000142, 0.0
3463, 0.1999999999999993, 0.0
3464, 0.1999999999999993, 0.0
3465, 0.1999999999999993, 0.0
3466, 0.1999999999999993, 0.0
3467, 0.1999999999999993, 0.0
3468, 0.1999999999999993, 0.0
3469, 0.1999999999999993, 0.0
3470, 0.1999999999999993, 0.0
3471, 0.1999999999999993, 0.0
3472, 0.1999999999999993, 0.0
3473, 0.1999999999999993, 0.0
3474, 0.1999999999999993, 0.0
3475, 0.1999999999999993, 0.0
3476, 0.1999999999999993, 0.0
3477, 0.1999999999999993, 0.0
3478, 0.1999999999999993, 0.0
3479, 0.1999999999999993, 0.0
3480, 0.1999999999999993, 0.0
3481, 0.1999999999999993, 0.0
3482, 0.1999999999999993, 0.0
3483, 0.1999999999999993, 0.0
3484, 0.1999999999999993, 0.0
3485, 0.1999999999999993, 0.0
3486, 0.1999999999999993, 0.0
3487, 0.10000000000000142, 0.0
3488, 0.10000000000000142, 0.0
3489, 0.10000000000000142, 0.0
3490, 0.10000000000000142, 0.0
3491, 0.10000000000000142, 0.0
3492, 0.10000000000000142, 0.0
3493, 0.10000000000000142, 0.0
3494, 0.10000000000000142, 0.0
3495, 0.10000000000000142, 0.0
3496, 0.10000000000000142, 0.0
3497, 0.10000000000000142, 0.0
3498, 0.10000000000000142, 0.0
3499, 0.10000000000000142, 0.0
3500, 0.10000000000000142, 0.0
3501, 0.1999999999999993, 0.0
3502, 0.1999999999999993, 0.0
3503, 0.1999999999999993, 0.0
3504, 0.1999999999999993, 0.0
3505, 0.1999999999999993, 0.0
3506, 0.1999999999999993, 0.0
3507, 0.1999999999999993, 0.0
3508, 0.10000000000000142, 0.0
3509, 0.10000000000000142, 0.0
3510, 0.10000000000000142, 0.0
3511, 0.10000000000000142, 0.0
3512, 0.10000000000000142, 0.0
3513, 0.10000000000000142, 0.0
3514, 0.10000000000000142, 0.0
3515, 0.10000000000000142, 0.0
3516, 0.10000000000000142, 0.0
3517, 0.10000000000000142, 0.0
3518, 0.10000000000000142, 0.0
3519, 0.10000000000000142, 0.0
3520, 0.10000000000000142, 0.0
3521, 0.10000000000000142, 0.0
3522, 0.10000000000000142, 0.0
3523, 0.10000000000000142, 0.0
3524, 0.10000000000000142, 0.0
3525, 0.10000000000000142, 0.0
3526, 0.10000000000000142, 0.0
3527, 0.0, 0.0
3528, 0.0, 0.0
3529, 0.0, 0.0
3530, 0.0, 0.0
3531, 0.0, 0.09999999999999787
3532, 0.0, 0.09999999999999787
3533, 0.0, 0.09999999999999787
3534, 0.0, 0.09999999999999787
3535, 0.0, 0.09999999999999787
3536, 0.0, 0.09999999999999787
3537, 0.0, 0.09999999999999787
3538, 0.0, 0.09999999999999787
3539, 0.0, 0.09999999999999787
3540, 0.0, 0.09999999999999787
3541, 0.0, 0.09999999999999787
3542, 0.0, 0.09999999999999787
3543, 0.0, 0.09999999999999787
3544, 0.10000000000000142, 0.09999999999999787
3545, 0.10000000000000142, 0.09999999999999787
3546, 0.10000000000000142, 0.0
3547, 0.10000000000000142, 0.0
3548, 0.10000000000000142, 0.0
3549, 0.10000000000000142, 0.0
3550, 0.10000000000000142, 0.0
3551, 0.10000000000000142, 0.0
3552, 0.0, 0.0
3553, 0.0, 0.0
3554, 0.0, 0.0
3555, 0.0, 0.0
3556, 0.0, 0.0
3557, 0.0, 0.0
3558, 0.10000000000000142, 0.0
3559, 0.10000000000000142, 0.0
3560, 0.10000000000000142, 0.0
3561, 0.10000000000000142, 0.0
3562, 0.10000000000000142, 0.0
3563, 0.10000000000000142, 0.0
3564, 0.10000000000000142, 0.0
3565, 0.10000000000000142, 0.0
3566, 0.10000000000000142, 0.0
3567, 0.10000000000000142, 0.0
3568, 0.10000000000000142, 0.0
3569, 0.10000000000000142, 0.0
3570, 0.10000000000000142, 0.0
3571, 0.10000000000000142, 0.0
3572, 0.10000000000000142, 0.0
3573, 0.10000000000000142, 0.0
3574, 0.10000000000000142, 0.0
3575, 0.10000000000000142, 0.0
3576, 0.10000000000000142, 0.0
3577, 0.10000000000000142, 0.0
3578, 0.10000000000000142, 0.0
3579, 0.10000000000000142, 0.0
3580, 0.10000000000000142, 0.0
3581, 0.10000000000000142, 0.0
3582, 0.10000000000000142, 0.0
3583, 0.10000000000000142, 0.0
3584, 0.10000000000000142, 0.0
3585, 0.10000000000000142, 0.0
3586, 0.10000000000000142, 0.0
3587, 0.10000000000000142, 0.0
3588, 0.10000000000000142, 0.0
3589, 0.10000000000000142, 0.0
3590, 0.10000000000000142, 0.0
3591, 0.10000000000000142, 0.0
3592, 0.10000000000000142, 0.0
3593, 0.10000000000000142, 0.0
3594, 0.10000000000000142, 0.0
3595, 0.10000000000000142, 0.0
3596, 0.1999999999999993, 0.0
3597, 0.1999999999999993, -0.10000000000000142
3598, 0.1999999999999993, -0.10000000000000142
3599, 0.1999999999999993, -0.10000000000000142
3600, 0.1999999999999993, -0.10000000000000142
3601, 0.1999999999999993, 0.0
3602, 0.1999999999999993, 0.0
3603, 0.1999999999999993, 0.0
3604, 0.1999999999999993, 0.0
3605, 0.1999999999999993, -0.10000000000000142
3606, 0.10000000000000142, 0.0
3607, 0.10000000000000142, 0.0
3608, 0.10000000000000142, 0.0
3609, 0.10000000000000142, 0.0
3610, 0.10000000000000142, 0.0
3611, 0.10000000000000142, 0.0
3612, 0.10000000000000142, 0.0
3613, 0.10000000000000142, 0.0
3614, 0.10000000000000142, 0.0
3615, 0.10000000000000142, 0.0
3616, 0.10000000000000142, 0.0
3617, 0.10000000000000142, 0.0
3618, 0.10000000000000142, 0.0
3619, 0.10000000000000142, 0.0
3620, 0.10000000000000142, 0.0
3621, 0.10000000000000142, 0.0
3622, 0.10000000000000142, 0.0
3623, 0.10000000000000142, 0.0
3624, 0.10000000000000142, 0.09999999999999787
3625, 0.10000000000000142, 0.09999999999999787
3626, 0.10000000000000142, 0.09999999999999787
3627, 0.10000000000000142, 0.09999999999999787
3628, 0.10000000000000142, 0.09999999999999787
3629, 0.10000000000000142, 0.09999999999999787
3630, 0.10000000000000142, 0.09999999999999787
3631, 0.10000000000000142, 0.09999999999999787
3632, 0.10000000000000142, 0.09999999999999787
3633, 0.10000000000000142, 0.09999999999999787
3634, 0.10000000000000142, 0.09999999999999787
3635, 0.10000000000000142, 0.09999999999999787
3636, 0.10000000000000142, 0.09999999999999787
3637, 0.10000000000000142, 0.09999999999999787
3638, 0.10000000000000142, 0.09999999999999787
3639, 0.10000000000000142, 0.09999999999999787
3640, 0.10000000000000142, 0.09999999999999787
3641, 0.10000000000000142, 0.09999999999999787
3642, 0.10000000000000142, 0.09999999999999787
3643, 0.10000000000000142, 0.09999999999999787
3644, 0.10000000000000142, 0.0
3645, 0.10000000000000142, 0.0
3646, 0.10000000000000142, 0.0
3647, 0.10000000000000142, 0.0
3648, 0.0, 0.0
3649, 0.0, 0.0
3650, 0.0, 0.0
3651, 0.0, 0.0
3652, 0.0, 0.0
3653, 0.0, 0.0
3654, 0.0, 0.0
3655, 0.0, 0.0
3656, 0.0, 0.0
3657, 0.0, 0.0
3658, 0.0, 0.0
3659, 0.0, 0.0
3660, 0.0, 0.0
3661, 0.0, 0.0
3662, 0.10000000000000142, 0.0
3663, 0.10000000000000142, 0.0
3664, 0.10000000000000142, 0.0
3665, 0.10000000000000142, 0.0
3666, 0.10000000000000142, 0.0
3667, 0.10000000000000142, 0.0
3668, 0.10000000000000142, 0.0
3669, 0.10000000000000142, 0.0
3670, 0.10000000000000142, 0.0
3671, 0.10000000000000142, 0.0
3672, 0.10000000000000142, 0.0
3673, 0.10000000000000142, 0.0
3674, 0.10000000000000142, 0.0
3675, 0.10000000000000142, 0.0
3676, 0.10000000000000142, 0.0
3677, 0.10000000000000142, 0.0
3678, 0.10000000000000142, 0.0
3679, 0.10000000000000142, 0.0
3680, 0.10000000000000142, 0.0
3681, 0.10000000000000142, 0.0
3682, 0.10000000000000142, 0.0
3683, 0.10000000000000142, 0.0
3684, 0.10000000000000142, 0.0
3685, 0.10000000000000142, 0.0
3686, 0.10000000000000142, 0.0
3687, 0.10000000000000142, 0.0
3688, 0.10000000000000142, -0.10000000000000142
3689, 0.10000000000000142, -0.10000000000000142
3690, 0.10000000000000142, -0.10000000000000142
3691, 0.10000000000000142, -0.10000000000000142
3692, 0.10000000000000142, -0.10000000000000142
3693, 0.10000000000000142, -0.10000000000000142
3694, 0.10000000000000142, -0.10000000000000142
3695, 0.10000000000000142, -0.10000000000000142
3696, 0.10000000000000142, -0.10000000000000142
3697, 0.1999999999999993, -0.10000000000000142
3698, 0.1999999999999993, -0.10000000000000142
3699, 0.1999999999999993, -0.10000000000000142
3700, 0.1999999999999993, -0.10000000000000142
3701, 0.1999999999999993, -0.10000000000000142
3702, 0.1999999999999993, -0.10000000000000142
3703, 0.3000000000000007, -0.10000000000000142
3704, 0.3000000000000007, -0.10000000000000142
3705, 0.3000000000000007, -0.10000000000000142
3706, 0.3000000000000007, -0.10000000000000142
3707, 0.3000000000000007, 0.0
3708, 0.3000000000000007, 0.0
3709, 0.3000000000000007, 0.0
3710, 0.3000000000000007, 0.0
3711, 0.3000000000000007, 0.0
3712, 0.3000000000000007, 0.0
3713, 0.3000000000000007, 0.0
3714, 0.3000000000000007, 0.0
3715, 0.3000000000000007, 0.0
3716, 0.3000000000000007, 0.0
3717, 0.3000000000000007, 0.0
3718, 0.3000000000000007, 0.0
3719, 0.3000000000000007, 0.0
3720, 0.3000000000000007, 0.0
3721, 0.3000000000000007, 0.0
3722, 0.3000000000000007, 0.0
3723, 0.3000000000000007, 0.0
3724, 0.3000000000000007, 0.0
3725, 0.3000000000000007, 0.0
3726, 0.3000000000000007, 0.0
3727, 0.3000000000000007, 0.09999999999999787
3728, 0.3000000000000007, 0.09999999999999787
3729, 0.3000000000000007, 0.09999999999999787
3730, 0.1999999999999993, 0.09999999999999787
3731, 0.1999999999999993, 0.0
3732, 0.1999999999999993, 0.0
3733, 0.1999999999999993, 0.0
3734, 0.1999999999999993, 0.0
3735, 0.1999999999999993, 0.0
3736, 0.1999999999999993, 0.0
3737, 0.1999999999999993, 0.0
3738, 0.1999999999999993, 0.0
3739, 0.10000000000000142, 0.0
3740, 0.10000000000000142, -0.10000000000000142
3741, 0.10000000000000142, -0.10000000000000142
3742, 0.10000000000000142, -0.10000000000000142
3743, 0.10000000000000142, -0.10000000000000142
3744, 0.10000000000000142, -0.10000000000000142
3745, 0.10000000000000142, -0.10000000000000142
3746, 0.10000000000000142, -0.10000000000000142
3747, 0.10000000000000142, -0.10000000000000142
3748, 0.10000000000000142, -0.10000000000000142
3749, 0.10000000000000142, -0.10000000000000142
3750, 0.10000000000000142, -0.10000000000000142
3751, 0.10000000000000142, -0.10000000000000142
3752, 0.10000000000000142, -0.10000000000000142
3753, 0.10000000000000142, -0.10000000000000142
3754, 0.10000000000000142, -0.10000000000000142
3755, 0.10000000000000142, -0.10000000000000142
3756, 0.1999999999999993, -0.10000000000000142
3757, 0.1999999999999993, -0.10000000000000142
3758, 0.1999999999999993, -0.10000000000000142
3759, 0.1999999999999993, -0.10000000000000142
3760, 0.1999999999999993, -0.10000000000000142
3761, 0.1999999999999993, -0.10000000000000142
3762, 0.1999999999999993, -0.10000000000000142
3763, 0.1999999999999993, -0.10000000000000142
3764, 0.1999999999999993, -0.10000000000000142
3765, 0.1999999999999993, -0.10000000000000142
3766, 0.1999999999999993, 0.0
3767, 0.1999999999999993, 0.0
3768, 0.1999999999999993, 0.0
3769, 0.1999999999999993, 0.0
3770, 0.1999999999999993, 0.0
3771, 0.1999999999999993, 0.0
3772, 0.1999999999999993, 0.0
3773, 0.1999999999999993, 0.0
3774, 0.10000000000000142, 0.0
3775, 0.10000000000000142, 0.0
3776, 0.10000000000000142, 0.0
3777, 0.10000000000000142, 0.0
3778, 0.10000000000000142, 0.0
3779, 0.10000000000000142, 0.0
3780, 0.10000000000000142, 0.0
3781, 0.10000000000000142, 0.0
3782, 0.10000000000000142, 0.0
3783, 0.10000000000000142, 0.0
3784, 0.10000000000000142, 0.0
3785, 0.10000000000000142, 0.0
3786, 0.10000000000000142, 0.0
3787, 0.10000000000000142, 0.0
3788, 0.10000000000000142, 0.0
3789, 0.10000000000000142, 0.0
3790, 0.10000000000000142, 0.0
3791, 0.10000000000000142, 0.0
3792, 0.10000000000000142, 0.0
3793, 0.10000000000000142, 0.0
3794, 0.10000000000000142, 0.0
3795, 0.10000000000000142, 0.0
3796, 0.10000000000000142, 0.0
3797, 0.10000000000000142, 0.0
3798, 0.10000000000000142, 0.0
3799, 0.10000000000000142, 0.0
3800, 0.0, 0.0
3801, 0.0, 0.0
3802, 0.0, 0.0
3803, 0.0, 0.0
3804, 0.0, 0.0
3805, 0.0, 0.0
3806, 0.0, 0.0
3807, 0.0, 0.0
3808, 0.0, 0.0
3809, 0.0, 0.0
3810, 0.0, 0.0
3811, 0.10000000000000142, 0.0
3812, 0.10000000000000142, 0.0
3813, 0.10000000000000142, 0.0
3814, 0.10000000000000142, 0.0
3815, 0.10000000000000142, 0.0
3816, 0.10000000000000142, 0.0
3817, 0.10000000000000142, 0.0
3818, 0.10000000000000142, 0.0
3819, 0.10000000000000142, 0.0
3820, 0.10000000000000142, 0.0
3821, 0.10000000000000142, 0.0
3822, 0.10000000000000142, 0.0
3823, 0.10000000000000142, 0.0
3824, 0.10000000000000142, 0.0
3825, 0.0, 0.0
3826, 0.0, 0.0
3827, 0.0, 0.0
3828, 0.0, 0.0
3829, 0.0, 0.0
3830, 0.0, 0.0
3831, 0.0, 0.0
3832, 0.0, 0.0
3833, 0.0, 0.0
3834, 0.0, 0.0
3835, 0.0, 0.0
3836, 0.0, 0.0
3837, 0.0, 0.0
3838, 0.0, 0.0
3839, 0.0, 0.0
3840, 0.0, 0.0
3841, 0.0, 0.0
3842, 0.0, 0.0
3843, 0.0, 0.09999999999999787
3844, 0.0, 0.09999999999999787
3845, 0.0, 0.09999999999999787
3846, 0.0, 0.09999999999999787
3847, 0.0, 0.09999999999999787
3848, 0.0, 0.09999999999999787
3849, 0.0, 0.09999999999999787
3850, 0.0, 0.09999999999999787
3851, 0.0, 0.09999999999999787
3852, 0.0, 0.09999999999999787
3853, 0.0, 0.09999999999999787
3854, 0.0, 0.09999999999999787
3855, 0.0, 0.09999999999999787
3856, 0.0, 0.09999999999999787
3857, 0.0, 0.09999999999999787
3858, 0.0, 0.09999999999999787
3859, 0.0, 0.09999999999999787
3860, 0.0, 0.09999999999999787
3861, 0.0, 0.0
3862, 0.0, 0.0
3863, 0.0, 0.0
3864, 0.0, 0.0
3865, 0.0, 0.0
3866, 0.0, 0.0
3867, 0.0, 0.0
3868, 0.0, 0.0
3869, 0.0, 0.0
3870, 0.0, 0.0
3871, 0.0, 0.0
3872, 0.0, 0.0
3873, 0.0, 0.0
3874, 0.0, 0.0
3875, 0.0, 0.0
3876, 0.0, 0.0
3877, 0.0, 0.09999999999999787
3878, 0.0, 0.09999999999999787
3879, 0.0, 0.09999999999999787
3880, 0.0, 0.09999999999999787
3881, 0.0, 0.09999999999999787
3882, 0.0, 0.09999999999999787
3883, 0.0, 0.09999999999999787
3884, 0.0, 0.09999999999999787
3885, 0.0, 0.09999999999999787
3886, 0.0, 0.09999999999999787
3887, 0.0, 0.09999999999999787
3888, 0.0, 0.09999999999999787
3889, 0.0, 0.09999999999999787
3890, 0.0, 0.09999999999999787
3891, 0.0, 0.09999999999999787
3892, 0.0, 0.09999999999999787
3893, 0.0, 0.09999999999999787
3894, 0.0, 0.09999999999999787
3895, 0.0, 0.09999999999999787
3896, 0.0, 0.09999999999999787
3897, 0.0, 0.0
3898, 0.0, 0.0
3899, 0.0, 0.0
3900, 0.0, 0.0
3901, 0.0, 0.0
3902, 0.0, 0.0
3903, 0.0, 0.0
3904, 0.0, 0.0
3905, 0.0, 0.0
3906, 0.0, 0.0
3907, 0.0, 0.0
3908, 0.0, 0.0
3909, 0.0, 0.0
3910, 0.0, 0.0
3911, 0.0, 0.0
3912, 0.0, 0.0
3913, 0.0, 0.0
3914, 0.0, 0.0
3915, 0.0, 0.0
3916, 0.0, 0.0
3917, 0.0, 0.0
3918, 0.0, 0.0
3919, 0.0, 0.0
3920, 0.0, 0.0
3921, 0.0, 0.0
3922, 0.0, 0.0
3923, 0.0, 0.0
3924, 0.0, 0.0
3925, 0.0, 0.0
3926, 0.0, 0.0
3927, 0.0, 0.0
3928, 0.0, 0.0
3929, 0.0, 0.0
3930, 0.0, 0.0
3931, 0.0, 0.0
3932, 0.0, 0.0
3933, 0.0, 0.0
3934, 0.0, 0.0
3935, 0.0, 0.0
3936, 0.0, 0.0
3937, 0.0, 0.0
3938, 0.0, 0.0
3939, 0.0, 0.0
3940, 0.0, 0.0
3941, 0.10000000000000142, 0.0
3942, 0.10000000000000142, 0.0
3943, 0.10000000000000142, 0.0
3944, 0.10000000000000142, 0.0
3945, 0.10000000000000142, 0.0
3946, 0.10000000000000142, 0.0
3947, 0.10000000000000142, 0.0
3948, 0.10000000000000142, 0.0
3949, 0.10000000000000142, 0.0
3950, 0.10000000000000142, 0.0
3951, 0.10000000000000142, 0.0
3952, 0.10000000000000142, 0.0
3953, 0.10000000000000142, 0.0
3954, 0.10000000000000142, 0.0
3955, 0.10000000000000142, 0.0
3956, 0.10000000000000142, 0.0
3957, 0.10000000000000142, 0.0
3958, 0.10000000000000142, 0.0
3959, 0.10000000000000142, 0.0
3960, 0.10000000000000142, 0.0
3961, 0.10000000000000142, 0.0
3962, 0.10000000000000142, 0.0
3963, 0.10000000000000142, 0.0
3964, 0.10000000000000142, 0.0
3965, 0.10000000000000142, 0.0
3966, 0.10000000000000142, 0.09999999999999787
3967, 0.10000000000000142, 0.09999999999999787
3968, 0.10000000000000142, 0.09999999999999787
3969, 0.10000000000000142, 0.09999999999999787
3970, 0.10000000000000142, 0.09999999999999787
3971, 0.10000000000000142, 0.09999999999999787
3972, 0.10000000000000142, 0.09999999999999787
3973, 0.10000000000000142, 0.09999999999999787
3974, 0.10000000000000142, 0.09999999999999787
3975, 0.10000000000000142, 0.09999999999999787
3976, 0.10000000000000142, 0.09999999999999787
3977, 0.0, 0.09999999999999787
3978, 0.0, 0.09999999999999787
3979, 0.0, 0.0
3980, 0.0, 0.0
3981, 0.0, 0.0
3982, 0.0, 0.0
3983, 0.0, 0.0
3984, 0.0, 0.0
3985, 0.0, 0.0
3986, 0.0, 0.0
3987, 0.0, 0.0
3988, 0.0, 0.0
3989, 0.0, 0.0
3990, 0.0, 0.0
3991, 0.0, 0.0
3992, 0.0, 0.0
3993, 0.0, 0.0
3994, 0.10000000000000142, 0.0
3995, 0.10000000000000142, 0.0
3996, 0.10000000000000142, 0.0
3997, 0.10000000000000142, 0.0
3998, 0.10000000000000142, 0.0
3999, 0.10000000000000142, 0.0
4000, 0.10000000000000142, 0.0
4001, 0.10000000000000142, 0.0
4002, 0.10000000000000142, 0.0
4003, 0.10000000000000142, -0.10000000000000142
4004, 0.10000000000000142, -0.10000000000000142
4005, 0.10000000000000142, 0.0
4006, 0.10000000000000142, 0.0
4007, 0.10000000000000142, 0.0
4008, 0.10000000000000142, 0.0
4009, 0.10000000000000142, 0.0
4010, 0.10000000000000142, 0.0
4011, 0.10000000000000142, 0.0
4012, 0.10000000000000142, 0.0
4013, 0.10000000000000142, 0.0
4014, 0.10000000000000142, 0.0
4015, 0.10000000000000142, 0.0
4016, 0.10000000000000142, 0.0
4017, 0.10000000000000142, 0.0
4018, 0.10000000000000142, 0.0
4019, 0.10000000000000142, 0.0
4020, 0.10000000000000142, 0.0
4021, 0.10000000000000142, 0.0
4022, 0.10000000000000142, 0.0
4023, 0.10000000000000142, 0.0
4024, 0.10000000000000142, 0.0
4025, 0.10000000000000142, 0.0
4026, 0.10000000000000142, 0.0
4027, 0.10000000000000142, 0.0
4028, 0.10000000000000142, 0.0
4029, 0.10000000000000142, 0.0
4030, 0.10000000000000142, 0.0
4031, 0.10000000000000142, 0.0
4032, 0.10000000000000142, 0.0
4033, 0.10000000000000142, 0.0
4034, 0.10000000000000142, 0.0
4035, 0.0, 0.0
4036, 0.0, 0.0
4037, 0.0, 0.0
4038, 0.0, 0.0
4039, 0.0, 0.0
4040, 0.0, 0.0
4041, 0.0, 0.0
4042, 0.0, 0.0
4043, 0.0, 0.0
4044, 0.0, 0.0
4045, 0.0, 0.0
4046, 0.0, 0.0
4047, 0.0, 0.0
4048, 0.0, 0.0
4049, 0.0, 0.0
4050, 0.0, 0.0
4051, 0.0, 0.0
4052, 0.0, 0.0
4053, 0.0, 0.0
4054, 0.0, 0.0
4055, 0.0, 0.0
4056, 0.0, 0.0
4057, 0.0, 0.0
4058, 0.0, 0.0
4059, 0.0, 0.0
4060, 0.0, 0.0
4061, 0.0, 0.0
4062, 0.0, 0.0
4063, 0.0, 0.0
4064, 0.0, 0.0
4065, 0.0, 0.0
4066, 0.0, 0.0
4067, 0.0, 0.0
4068, 0.0, 0.0
4069, 0.0, 0.0
4070, 0.0, 0.0
4071, 0.0, 0.0
4072, 0.0, 0.0
4073, 0.0, 0.0
4074, 0.0, 0.0
4075, 0.0, 0.09999999999999787
4076, 0.0, 0.09999999999999787
4077, 0.0, 0.09999999999999787
4078, 0.0, 0.0
4079, 0.0, 0.0
4080, 0.0, 0.0
4081, 0.0, 0.0
4082, 0.0, 0.0
4083, 0.0, 0.0
4084, 0.0, 0.0
4085, 0.10000000000000142, 0.0
4086, 0.10000000000000142, 0.0
4087, 0.10000000000000142, 0.0
4088, 0.10000000000000142, 0.0
4089, 0.10000000000000142, 0.0
4090, 0.10000000000000142, 0.0
4091, 0.10000000000000142, 0.0
4092, 0.10000000000000142, 0.0
4093, 0.10000000000000142, 0.0
4094, 0.10000000000000142, 0.0
4095, 0.1999999999999993, 0.0
4096, 0.1999999999999993, 0.09999999999999787
4097, 0.1999999999999993, 0.0
4098, 0.1999999999999993, 0.0
4099, 0.1999999999999993, 0.0
4100, 0.1999999999999993, 0.0
4101, 0.1999999999999993, 0.0
4102, 0.1999999999999993, 0.0
4103, 0.1999999999999993, 0.0
4104, 0.1999999999999993, 0.0
4105, 0.1999999999999993, 0.0
4106, 0.1999999999999993, 0.0
4107, 0.1999999999999993, 0.0
4108, 0.1999999999999993, 0.0
4109, 0.1999999999999993, 0.09999999999999787
4110, 0.1999999999999993, 0.09999999999999787
4111, 0.1999999999999993, 0.09999999999999787
4112, 0.1999999999999993, 0.0
4113, 0.1999999999999993, 0.0
4114, 0.1999999999999993, 0.0
4115, 0.1999999999999993, 0.0
4116, 0.1999999999999993, 0.0
4117, 0.1999999999999993, 0.0
4118, 0.1999999999999993, 0.0
4119, 0.1999999999999993, 0.0
4120, 0.1999999999999993, 0.0
4121, 0.1999999999999993, 0.0
4122, 0.1999999999999993, 0.0
4123, 0.1999999999999993, 0.0
4124, 0.1999999999999993, 0.0
4125, 0.1999999999999993, 0.0
4126, 0.1999999999999993, 0.0
4127, 0.1999999999999993, 0.0
4128, 0.1999999999999993, 0.0
4129, 0.1999999999999993, 0.0
4130, 0.1999999999999993, 0.0
4131, 0.1999999999999993, 0.0
4132, 0.1999999999999993, 0.0
4133, 0.1999999999999993, 0.0
4134, 0.1999999999999993, 0.0
4135, 0.1999999999999993, 0.0
4136, 0.1999999999999993, 0.0
4137, 0.1999999999999993, 0.0
4138, 0.1999999999999993, -0.10000000000000142
4139, 0.1999999999999993, -0.10000000000000142
4140, 0.1999999999999993, -0.10000000000000142
4141, 0.10000000000000142, -0.10000000000000142
4142, 0.10000000000000142, 0.0
4143, 0.10000000000000142, 0.0
4144, 0.10000000000000142, 0.0
4145, 0.10000000000000142, 0.0
4146, 0.10000000000000142, 0.0
4147, 0.10000000000000142, 0.0
4148, 0.10000000000000142, 0.0
4149, 0.10000000000000142, 0.0
4150, 0.10000000000000142, 0.0
4151, 0.10000000000000142, 0.0
4152, 0.10000000000000142, 0.0
4153, 0.10000000000000142, 0.0
4154, 0.10000000000000142, 0.0
4155, 0.10000000000000142, 0.0
4156, 0.10000000000000142, 0.0
4157, 0.10000000000000142, 0.0
4158, 0.10000000000000142, 0.0
4159, 0.10000000000000142, 0.0
4160, 0.10000000000000142, 0.0
4161, 0.10000000000000142, 0.0
4162, 0.10000000000000142, 0.0
4163, 0.10000000000000142, 0.0
4164, 0.10000000000000142, 0.0
4165, 0.10000000000000142, 0.0
4166, 0.10000000000000142, 0.0
4167, 0.10000000000000142, 0.0
4168, 0.10000000000000142, 0.0
4169, 0.10000000000000142, 0.0
4170, 0.0, 0.0
4171, 0.0, 0.0
4172, 0.0, 0.0
4173, 0.0, 0.0
4174, 0.0, 0.0
4175, 0.0, 0.0
4176, 0.0, 0.0
4177, 0.0, 0.0
4178, 0.0, 0.0
4179, 0.0, 0.0
4180, 0.10000000000000142, 0.0
4181, 0.10000000000000142, 0.0
4182, 0.10000000000000142, 0.0
4183, 0.10000000000000142, 0.0
4184, 0.10000000000000142, 0.0
4185, 0.10000000000000142, 0.0
4186, 0.10000000000000142, 0.0
4187, 0.10000000000000142, 0.0
4188, 0.10000000000000142, 0.0
4189, 0.10000000000000142, 0.0
4190, 0.10000000000000142, 0.0
4191, 0.10000000000000142, 0.0
4192, 0.10000000000000142, 0.0
4193, 0.10000000000000142, 0.0
4194, 0.10000000000000142, 0.0
4195, 0.10000000000000142, 0.0
4196, 0.10000000000000142, 0.0
4197, 0.10000000000000142, 0.0
4198, 0.10000000000000142, 0.0
4199, 0.10000000000000142, 0.0
4200, 0.10000000000000142, 0.0
4201, 0.10000000000000142, 0.0
4202, 0.10000000000000142, 0.0
4203, 0.10000000000000142, 0.0
4204, 0.10000000000000142, 0.0
4205, 0.10000000000000142, 0.0
4206, 0.10000000000000142, 0.0
4207, 0.10000000000000142, 0.0
4208, 0.10000000000000142, 0.0
4209, 0.10000000000000142, 0.0
4210, 0.10000000000000142, 0.0
4211, 0.10000000000000142, 0.0
4212, 0.10000000000000142, 0.0
4213, 0.10000000000000142, 0.0
4214, 0.10000000000000142, 0.0
4215, 0.10000000000000142, 0.0
4216, 0.10000000000000142, 0.0
4217, 0.10000000000000142, 0.0
4218, 0.10000000000000142, 0.0
4219, 0.10000000000000142, 0.0
4220, 0.10000000000000142, 0.0
4221, 0.10000000000000142, 0.0
4222, 0.10000000000000142, 0.0
4223, 0.10000000000000142, 0.0
4224, 0.10000000000000142, 0.0
4225, 0.10000000000000142, 0.0
4226, 0.10000000000000142, 0.0
4227, 0.10000000000000142, 0.0
4228, 0.10000000000000142, 0.0
4229, 0.10000000000000142, 0.0
4230, 0.10000000000000142, 0.0
4231, 0.10000000000000142, 0.0
4232, 0.10000000000000142, 0.0
4233, 0.10000000000000142, 0.0
4234, 0.10000000000000142, 0.0
4235, 0.10000000000000142, 0.0
4236, 0.10000000000000142, 0.0
4237, 0.10000000000000142, 0.0
4238, 0.10000000000000142, 0.0
4239, 0.10000000000000142, 0.0
4240, 0.10000000000000142, 0.0
4241, 0.10000000000000142, 0.0
4242, 0.10000000000000142, 0.0
4243, 0.10000000000000142, 0.0
4244, 0.10000000000000142, 0.0
4245, 0.10000000000000142, 0.0
4246, 0.10000000000000142, 0.0
4247, 0.10000000000000142, 0.0
4248, 0.10000000000000142, 0.0
4249, 0.10000000000000142, 0.0
4250, 0.10000000000000142, 0.0
4251, 0.10000000000000142, 0.0
4252, 0.10000000000000142, 0.0
4253, 0.10000000000000142, 0.0
4254, 0.10000000000000142, 0.0
4255, 0.10000000000000142, 0.0
4256, 0.10000000000000142, 0.0
4257, 0.10000000000000142, 0.0
4258, 0.10000000000000142, 0.0
4259, 0.10000000000000142, 0.0
4260, 0.10000000000000142, 0.0
4261, 0.10000000000000142, 0.0
4262, 0.10000000000000142, 0.0
4263, 0.10000000000000142, 0.0
4264, 0.0, 0.0
4265, 0.0, 0.0
4266, 0.0, 0.0
4267, 0.0, 0.0
4268, 0.0, 0.0
4269, 0.0, 0.0
4270, 0.0, 0.0
4271, 0.0, 0.0
4272, 0.10000000000000142, 0.0
4273, 0.10000000000000142, 0.0
4274, 0.10000000000000142, 0.0
4275, 0.10000000000000142, 0.0
4276, 0.10000000000000142, 0.0
4277, 0.10000000000000142, 0.0
4278, 0.10000000000000142, 0.0
4279, 0.10000000000000142, 0.0
4280, 0.10000000000000142, 0.0
4281, 0.10000000000000142, 0.0
4282, 0.10000000000000142, 0.0
4283, 0.10000000000000142, 0.0
4284, 0.10000000000000142, 0.0
4285, 0.10000000000000142, 0.0
4286, 0.10000000000000142, 0.09999999999999787
4287, 0.10000000000000142, 0.09999999999999787
4288, 0.10000000000000142, 0.09999999999999787
4289, 0.10000000000000142, 0.09999999999999787
4290, 0.10000000000000142, 0.09999999999999787
4291, 0.10000000000000142, 0.09999999999999787
4292, 0.0, 0.09999999999999787
4293, 0.10000000000000142, 0.09999999999999787
4294, 0.10000000000000142, 0.09999999999999787
4295, 0.10000000000000142, 0.09999999999999787
4296, 0.10000000000000142, 0.09999999999999787
4297, 0.10000000000000142, 0.09999999999999787
4298, 0.10000000000000142, 0.09999999999999787
4299, 0.10000000000000142, 0.09999999999999787
4300, 0.10000000000000142, 0.09999999999999787
4301, 0.10000000000000142, 0.09999999999999787
4302, 0.10000000000000142, 0.09999999999999787
4303, 0.10000000000000142, 0.0
4304, 0.10000000000000142, 0.0
4305, 0.10000000000000142, 0.0
4306, 0.10000000000000142, 0.0
4307, 0.10000000000000142, 0.0
4308, 0.10000000000000142, 0.0
4309, 0.10000000000000142, 0.0
4310, 0.10000000000000142, 0.0
4311, 0.10000000000000142, 0.0
4312, 0.10000000000000142, 0.0
4313, 0.10000000000000142, 0.0
4314, 0.10000000000000142, 0.0
4315, 0.10000000000000142, 0.0
4316, 0.10000000000000142, 0.0
4317, 0.10000000000000142, 0.0
4318, 0.10000000000000142, 0.0
4319, 0.10000000000000142, 0.0
4320, 0.10000000000000142, 0.0
4321, 0.10000000000000142, 0.0
4322, 0.10000000000000142, 0.0
4323, 0.10000000000000142, 0.0
4324, 0.10000000000000142, 0.0
4325, 0.10000000000000142, 0.0
4326, 0.10000000000000142, 0.0
4327, 0.10000000000000142, 0.0
4328, 0.10000000000000142, 0.0
4329, 0.10000000000000142, 0.0
4330, 0.10000000000000142, 0.0
4331, 0.10000000000000142, 0.0
4332, 0.10000000000000142, 0.0
4333, 0.10000000000000142, 0.0
4334, 0.10000000000000142, 0.0
4335, 0.10000000000000142, 0.0
4336, 0.0, 0.0
4337, 0.0, 0.0
4338, 0.0, 0.0
4339, 0.0, 0.0
4340, 0.0, 0.0
4341, 0.0, 0.0
4342, 0.0, 0.0
4343, 0.0, 0.0
4344, 0.0, 0.0
4345, 0.0, 0.0
4346, 0.0, 0.0
4347, 0.0, 0.0
4348, 0.0, 0.09999999999999787
4349, 0.0, 0.09999999999999787
4350, 0.0, 0.09999999999999787
4351, 0.0, 0.09999999999999787
4352, 0.0, 0.09999999999999787
4353, 0.0, 0.09999999999999787
4354, 0.0, 0.09999999999999787
4355, 0.0, 0.09999999999999787
4356, 0.0, 0.09999999999999787
4357, 0.0, 0.09999999999999787
4358, 0.0, 0.09999999999999787
4359, 0.10000000000000142, 0.09999999999999787
4360, 0.10000000000000142, 0.09999999999999787
4361, 0.10000000000000142, 0.09999999999999787
4362, 0.10000000000000142, 0.09999999999999787
4363, 0.10000000000000142, 0.09999999999999787
4364, 0.10000000000000142, 0.09999999999999787
4365, 0.10000000000000142, 0.09999999999999787
4366, 0.1999999999999993, 0.09999999999999787
4367, 0.1999999999999993, 0.0
4368, 0.1999999999999993, 0.0
4369, 0.1999999999999993, 0.0
4370, 0.1999999999999993, 0.0
4371, 0.1999999999999993, 0.0
4372, 0.1999999999999993, 0.0
4373, 0.1999999999999993, 0.0
4374, 0.1999999999999993, 0.0
4375, 0.1999999999999993, 0.0
4376, 0.1999999999999993, 0.0
4377, 0.1999999999999993, 0.0
4378, 0.1999999999999993, 0.0
4379, 0.1999999999999993, 0.0
4380, 0.1999999999999993, 0.0
4381, 0.1999999999999993, 0.0
4382, 0.1999999999999993, 0.0
4383, 0.1999999999999993, 0.0
4384, 0.1999999999999993, 0.0
4385, 0.1999999999999993, 0.0
4386, 0.1999999999999993, 0.0
4387, 0.10000000000000142, 0.0
4388, 0.10000000000000142, 0.0
4389, 0.10000000000000142, 0.0
4390, 0.10000000000000142, 0.0
4391, 0.10000000000000142, 0.0
4392, 0.10000000000000142, 0.0
4393, 0.10000000000000142, 0.0
4394, 0.10000000000000142, 0.0
4395, 0.10000000000000142, 0.0
4396, 0.10000000000000142, 0.0
4397, 0.10000000000000142, 0.0
4398, 0.10000000000000142, 0.0
4399, 0.10000000000000142, 0.0
4400, 0.10000000000000142, 0.0
4401, 0.1999999999999993, 0.0
4402, 0.1999999999999993, 0.0
4403, 0.1999999999999993, 0.0
4404, 0.1999999999999993, 0.0
4405, 0.10000000000000142, 0.0
4406, 0.10000000000000142, 0.0
4407, 0.10000000000000142, 0.0
4408, 0.10000000000000142, 0.0
4409, 0.10000000000000142, 0.0
4410, 0.10000000000000142, 0.0
4411, 0.10000000000000142, 0.0
4412, 0.10000000000000142, 0.0
4413, 0.10000000000000142, 0.0
4414, 0.0, 0.0
4415, 0.0, 0.0
4416, 0.0, 0.0
4417, 0.0, 0.0
4418, 0.0, 0.0
4419, 0.0, 0.0
4420, 0.0, 0.0
4421, 0.0, 0.0
4422, 0.0, 0.0
4423, 0.0, 0.0
4424, 0.0, 0.0
4425, 0.0, 0.0
4426, 0.0, 0.0
4427, 0.0, 0.0
4428, 0.0, 0.0
4429, 0.0, 0.0
4430, 0.0, 0.0
4431, 0.0, 0.0
4432, 0.0, 0.0
4433, 0.0, 0.0
4434, 0.0, 0.0
4435, 0.0, 0.0
4436, 0.0, 0.0
4437, 0.0, 0.0
4438, 0.0, 0.0
4439, 0.0, 0.0
4440, 0.0, 0.0
4441, 0.0, 0.0
4442, 0.0, 0.0
4443, 0.0, 0.0
4444, 0.0, 0.0
4445, 0.0, 0.0
4446, 0.0, 0.0
4447, 0.0, 0.0
4448, 0.0, 0.09999999999999787
4449, 0.0, 0.09999999999999787
4450, 0.0, 0.09999999999999787
4451, 0.0, 0.09999999999999787
4452, 0.0, 0.09999999999999787
4453, 0.0, 0.09999999999999787
4454, 0.0, 0.09999999999999787
4455, 0.0, 0.09999999999999787
4456, 0.0, 0.09999999999999787
4457, 0.0, 0.09999999999999787
4458, 0.0, 0.09999999999999787
4459, 0.0, 0.09999999999999787
4460, 0.0, 0.09999999999999787
4461, 0.0, 0.09999999999999787
4462, 0.0, 0.09999999999999787
4463, 0.0, 0.09999999999999787
4464, 0.0, 0.09999999999999787
4465, 0.0, 0.09999999999999787
4466, 0.0, 0.09999999999999787
4467, 0.0, 0.09999999999999787
4468, 0.0, 0.09999999999999787
4469, 0.0, 0.09999999999999787
4470, 0.10000000000000142, 0.0
4471, 0.10000000000000142, 0.0
4472, 0.10000000000000142, 0.0
4473, 0.10000000000000142, 0.0
4474, 0.10000000000000142, 0.0
4475, 0.10000000000000142, 0.0
4476, 0.10000000000000142, 0.0
4477, 0.10000000000000142, 0.0
4478, 0.10000000000000142, 0.0
4479, 0.10000000000000142, 0.0
4480, 0.10000000000000142, 0.0
4481, 0.10000000000000142, 0.0
4482, 0.10000000000000142, 0.0
4483, 0.10000000000000142, 0.09999999999999787
4484, 0.10000000000000142, 0.09999999999999787
4485, 0.10000000000000142, 0.09999999999999787
4486, 0.0, 0.09999999999999787
4487, 0.0, 0.09999999999999787
4488, 0.0, 0.09999999999999787
4489, 0.0, 0.09999999999999787
4490, 0.0, 0.09999999999999787
4491, 0.0, 0.09999999999999787
4492, 0.0, 0.09999999999999787
4493, 0.0, 0.09999999999999787
4494, 0.0, 0.09999999999999787
4495, 0.0, 0.0
4496, 0.0, 0.0
4497, 0.0, 0.0
4498, 0.0, 0.0
4499, 0.0, 0.0
4500, 0.0, 0.0
4501, 0.0, 0.0
4502, 0.0, 0.0
4503, 0.0, 0.0
4504, 0.0, 0.0
4505, 0.0, 0.0
4506, 0.0, 0.0
4507, 0.0, 0.0
4508, 0.0, 0.0
4509, 0.0, 0.0
4510, 0.0, 0.0
4511, 0.0, 0.0
4512, 0.0, 0.0
4513, 0.0, 0.0
4514, 0.0, 0.0
4515, 0.0, 0.0
4516, 0.0, 0.0
4517, 0.0, 0.0
4518, 0.0, 0.0
4519, 0.0, 0.0
4520, 0.0, 0.0
4521, 0.0, 0.0
4522, 0.0, 0.0
4523, 0.0, 0.0
4524, 0.0, 0.0
4525, 0.10000000000000142, 0.0
4526, 0.10000000000000142, 0.0
4527, 0.10000000000000142, 0.0
4528, 0.10000000000000142, 0.0
4529, 0.10000000000000142, 0.0
4530, 0.10000000000000142, 0.0
4531, 0.10000000000000142, 0.0
4532, 0.10000000000000142, 0.0
4533, 0.10000000000000142, 0.0
4534, 0.10000000000000142, 0.0
4535, 0.10000000000000142, 0.0
4536, 0.10000000000000142, 0.0
4537, 0.10000000000000142, 0.0
4538, 0.10000000000000142, 0.0
4539, 0.10000000000000142, 0.0
4540, 0.10000000000000142, 0.0
4541, 0.10000000000000142, 0.0
4542, 0.10000000000000142, 0.0
4543, 0.10000000000000142, 0.0
4544, 0.10000000000000142, 0.0
4545, 0.10000000000000142, 0.0
4546, 0.10000000000000142, 0.0
4547, 0.10000000000000142, 0.0
4548, 0.10000000000000142, 0.0
4549, 0.10000000000000142, 0.0
4550, 0.10000000000000142, 0.0
4551, 0.10000000000000142, 0.0
4552, 0.10000000000000142, 0.0
4553, 0.10000000000000142, 0.0
4554, 0.10000000000000142, 0.0
4555, 0.10000000000000142, 0.0
4556, 0.10000000000000142, 0.0
4557, 0.10000000000000142, 0.0
4558, 0.10000000000000142, 0.0
4559, 0.10000000000000142, 0.0
4560, 0.10000000000000142, 0.0
4561, 0.10000000000000142, 0.0
4562, 0.10000000000000142, 0.0
4563, 0.10000000000000142, 0.0
4564, 0.0, 0.0
4565, 0.0, 0.0
4566, 0.0, 0.0
4567, 0.0, 0.0
4568, 0.0, 0.0
4569, 0.0, 0.0
4570, 0.0, 0.0
4571, 0.10000000000000142, 0.0
4572, 0.10000000000000142, 0.0
4573, 0.10000000000000142, 0.0
4574, 0.10000000000000142, 0.0
4575, 0.10000000000000142, 0.0
4576, 0.10000000000000142, 0.0
4577, 0.10000000000000142, 0.0
4578, 0.10000000000000142, 0.0
4579, 0.10000000000000142, 0.0
4580, 0.10000000000000142, 0.0
4581, 0.10000000000000142, 0.0
4582, 0.10000000000000142, 0.0
4583, 0.10000000000000142, 0.0
4584, 0.10000000000000142, 0.0
4585, 0.10000000000000142, 0.0
4586, 0.10000000000000142, 0.0
4587, 0.10000000000000142, 0.09999999999999787
4588, 0.10000000000000142, 0.09999999999999787
4589, 0.10000000000000142, 0.09999999999999787
4590, 0.10000000000000142, 0.09999999999999787
4591, 0.10000000000000142, 0.09999999999999787
4592, 0.10000000000000142, 0.09999999999999787
4593, 0.10000000000000142, 0.09999999999999787
4594, 0.10000000000000142, 0.09999999999999787
4595, 0.10000000000000142, 0.09999999999999787
4596, 0.10000000000000142, 0.09999999999999787
4597, 0.10000000000000142, 0.09999999999999787
4598, 0.1999999999999993, 0.09999999999999787
4599, 0.1999999999999993, 0.09999999999999787
4600, 0.1999999999999993, 0.0
4601, 0.1999999999999993, 0.0
4602, 0.1999999999999993, 0.0
4603, 0.1999999999999993, 0.0
4604, 0.1999999999999993, 0.0
4605, 0.1999999999999993, 0.0
4606, 0.1999999999999993, 0.0
4607, 0.1999999999999993, 0.0
4608, 0.1999999999999993, 0.0
4609, 0.1999999999999993, 0.0
4610, 0.1999999999999993, 0.0
4611, 0.1999999999999993, 0.0
4612, 0.1999999999999993, 0.0
4613, 0.1999999999999993, 0.0
4614, 0.1999999999999993, 0.0
4615, 0.1999999999999993, 0.0
4616, 0.1999999999999993, 0.0
4617, 0.10000000000000142, 0.0
4618, 0.10000000000000142, 0.0
4619, 0.10000000000000142, 0.0
4620, 0.10000000000000142, 0.0
4621, 0.10000000000000142, 0.0
4622, 0.10000000000000142, 0.0
4623, 0.10000000000000142, 0.0
4624, 0.10000000000000142, 0.0
4625, 0.10000000000000142, 0.0
4626, 0.10000000000000142, 0.0
4627, 0.10000000000000142, 0.0
4628, 0.10000000000000142, 0.0
4629, 0.10000000000000142, 0.0
4630, 0.10000000000000142, 0.0
4631, 0.10000000000000142, 0.0
4632, 0.10000000000000142, 0.0
4633, 0.10000000000000142, 0.0
4634, 0.10000000000000142, 0.0
4635, 0.10000000000000142, 0.0
4636, 0.10000000000000142, 0.0
4637, 0.10000000000000142, 0.0
4638, 0.10000000000000142, 0.0
4639, 0.10000000000000142, 0.0
4640, 0.10000000000000142, 0.0
4641, 0.10000000000000142, 0.0
4642, 0.10000000000000142, 0.0
4643, 0.10000000000000142, 0.0
4644, 0.10000000000000142, 0.0
4645, 0.10000000000000142, 0.0
4646, 0.10000000000000142, 0.0
4647, 0.10000000000000142, 0.0
4648, 0.10000000000000142, 0.0
4649, 0.10000000000000142, 0.0
4650, 0.10000000000000142, 0.0
4651, 0.10000000000000142, 0.0
4652, 0.10000000000000142, 0.0
4653, 0.10000000000000142, 0.0
4654, 0.10000000000000142, 0.09999999999999787
4655, 0.10000000000000142, 0.09999999999999787
4656, 0.10000000000000142, 0.09999999999999787
4657, 0.10000000000000142, 0.09999999999999787
4658, 0.10000000000000142, 0.0
4659, 0.10000000000000142, 0.0
4660, 0.10000000000000142, 0.0
4661, 0.10000000000000142, 0.0
4662, 0.10000000000000142, 0.0
4663, 0.10000000000000142, 0.0
4664, 0.10000000000000142, 0.0
4665, 0.10000000000000142, 0.0
4666, 0.10000000000000142, 0.0
4667, 0.10000000000000142, -0.10000000000000142
4668, 0.10000000000000142, -0.10000000000000142
4669, 0.10000000000000142, -0.10000000000000142
4670, 0.10000000000000142, -0.10000000000000142
4671, 0.10000000000000142, -0.10000000000000142
4672, 0.10000000000000142, -0.10000000000000142
4673, 0.10000000000000142, -0.10000000000000142
4674, 0.10000000000000142, -0.10000000000000142
4675, 0.10000000000000142, -0.10000000000000142
4676, 0.10000000000000142, -0.10000000000000142
4677, 0.10000000000000142, 0.0
4678, 0.10000000000000142, 0.0
4679, 0.10000000000000142, 0.0
4680, 0.10000000000000142, 0.0
4681, 0.10000000000000142, 0.0
4682, 0.10000000000000142, 0.0
4683, 0.10000000000000142, 0.0
4684, 0.10000000000000142, 0.0
4685, 0.10000000000000142, 0.0
4686, 0.10000000000000142, 0.0
4687, 0.10000000000000142, 0.0
4688, 0.10000000000000142, 0.0
4689, 0.10000000000000142, 0.0
4690, 0.10000000000000142, 0.0
4691, 0.10000000000000142, 0.0
4692, 0.1999999999999993, 0.0
4693, 0.1999999999999993, 0.0
4694, 0.1999999999999993, 0.0
4695, 0.1999999999999993, 0.0
4696, 0.1999999999999993, 0.0
4697, 0.1999999999999993, 0.0
4698, 0.1999999999999993, 0.0
4699, 0.10000000000000142, 0.0
4700, 0.10000000000000142, 0.0
4701, 0.10000000000000142, 0.0
4702, 0.10000000000000142, 0.0
4703, 0.10000000000000142, 0.0
4704, 0.10000000000000142, 0.0
4705, 0.10000000000000142, 0.0
4706, 0.10000000000000142, 0.0
4707, 0.10000000000000142, 0.0
4708, 0.10000000000000142, 0.0
4709, 0.10000000000000142, 0.0
4710, 0.10000000000000142, 0.0
4711, 0.10000000000000142, 0.0
4712, 0.10000000000000142, 0.0
4713, 0.10000000000000142, 0.0
4714, 0.10000000000000142, 0.0
4715, 0.10000000000000142, 0.0
4716, 0.10000000000000142, 0.0
4717, 0.10000000000000142, 0.0
4718, 0.10000000000000142, 0.0
4719, 0.10000000000000142, 0.0
4720, 0.10000000000000142, 0.0
4721, 0.10000000000000142, 0.0
4722, 0.10000000000000142, 0.0
4723, 0.10000000000000142, 0.0
4724, 0.10000000000000142, 0.0
4725, 0.10000000000000142, 0.0
4726, 0.10000000000000142, 0.0
4727, 0.10000000000000142, 0.0
4728, 0.10000000000000142, 0.0
4729, 0.10000000000000142, 0.0
4730, 0.10000000000000142, 0.0
4731, 0.10000000000000142, 0.0
4732, 0.10000000000000142, 0.0
4733, 0.10000000000000142, 0.0
4734, 0.10000000000000142, 0.0
4735, 0.10000000000000142, 0.0
4736, 0.10000000000000142, 0.0
4737, 0.10000000000000142, 0.0
4738, 0.10000000000000142, 0.0
4739, 0.10000000000000142, 0.0
4740, 0.10000000000000142, 0.0
4741, 0.10000000000000142, 0.0
4742, 0.10000000000000142, 0.0
4743, 0.10000000000000142, 0.0
4744, 0.10000000000000142, 0.0
4745, 0.10000000000000142, 0.0
4746, 0.10000000000000142, 0.0
4747, 0.10000000000000142, 0.0
4748, 0.10000000000000142, 0.0
4749, 0.10000000000000142, 0.0
4750, 0.10000000000000142, 0.0
4751, 0.10000000000000142, 0.0
4752, 0.10000000000000142, 0.0
4753, 0.10000000000000142, 0.0
4754, 0.10000000000000142, 0.0
4755, 0.10000000000000142, 0.0
4756, 0.10000000000000142, 0.0
4757, 0.10000000000000142, 0.0
4758, 0.10000000000000142, 0.0
4759, 0.10000000000000142, 0.0
4760, 0.10000000000000142, 0.0
4761, 0.10000000000000142, 0.0
4762, 0.10000000000000142, 0.0
4763, 0.10000000000000142, 0.09999999999999787
4764, 0.10000000000000142, 0.09999999999999787
4765, 0.10000000000000142, 0.09999999999999787
4766, 0.10000000000000142, 0.09999999999999787
4767, 0.10000000000000142, 0.09999999999999787
4768, 0.1999999999999993, 0.09999999999999787
4769, 0.1999999999999993, 0.09999999999999787
4770, 0.1999999999999993, 0.09999999999999787
4771, 0.1999999999999993, 0.09999999999999787
4772, 0.1999999999999993, 0.09999999999999787
4773, 0.10000000000000142, 0.09999999999999787
4774, 0.10000000000000142, 0.09999999999999787
4775, 0.10000000000000142, 0.09999999999999787
4776, 0.10000000000000142, 0.09999999999999787
4777, 0.10000000000000142, 0.09999999999999787
4778, 0.10000000000000142, 0.09999999999999787
4779, 0.10000000000000142, 0.09999999999999787
4780, 0.10000000000000142, 0.0
4781, 0.10000000000000142, 0.0
4782, 0.10000000000000142, 0.0
4783, 0.10000000000000142, 0.0
4784, 0.10000000000000142, 0.0
4785, 0.10000000000000142, 0.0
4786, 0.10000000000000142, 0.0
4787, 0.10000000000000142, 0.0
4788, 0.10000000000000142, 0.0
4789, 0.10000000000000142, 0.0
4790, 0.10000000000000142, 0.0
4791, 0.10000000000000142, 0.0
4792, 0.10000000000000142, 0.0
4793, 0.10000000000000142, 0.0
4794, 0.10000000000000142, 0.0
4795, 0.10000000000000142, 0.0
4796, 0.10000000000000142, 0.0
4797, 0.10000000000000142, 0.0
4798, 0.10000000000000142, 0.0
4799, 0.1999999999999993, 0.0
4800, 0.1999999999999993, 0.0
4801, 0.1999999999999993, 0.0
4802, 0.1999999999999993, 0.0
4803, 0.1999999999999993, 0.0
4804, 0.1999999999999993, 0.0
4805, 0.1999999999999993, 0.0
4806, 0.1999999999999993, 0.0
4807, 0.10000000000000142, 0.0
4808, 0.10000000000000142, 0.0
4809, 0.10000000000000142, 0.0
4810, 0.10000000000000142, 0.0
4811, 0.10000000000000142, 0.0
4812, 0.10000000000000142, 0.0
4813, 0.10000000000000142, 0.0
4814, 0.10000000000000142, 0.0
4815, 0.10000000000000142, 0.0
4816, 0.10000000000000142, 0.0
4817, 0.10000000000000142, 0.0
4818, 0.10000000000000142, 0.0
4819, 0.10000000000000142, 0.0
4820, 0.10000000000000142, 0.0
4821, 0.10000000000000142, 0.0
4822, 0.10000000000000142, 0.0
4823, 0.10000000000000142, 0.0
4824, 0.10000000000000142, 0.0
4825, 0.10000000000000142, 0.0
4826, 0.10000000000000142, 0.0
4827, 0.10000000000000142, 0.0
4828, 0.10000000000000142, 0.0
4829, 0.10000000000000142, 0.0
4830, 0.10000000000000142, 0.0
4831, 0.10000000000000142, 0.0
4832, 0.10000000000000142, 0.0
4833, 0.10000000000000142, 0.0
4834, 0.10000000000000142, 0.0
4835, 0.10000000000000142, 0.0
4836, 0.10000000000000142, 0.0
4837, 0.10000000000000142, 0.0
4838, 0.10000000000000142, 0.0
4839, 0.10000000000000142, 0.0
4840, 0.10000000000000142, 0.0
4841, 0.10000000000000142, 0.0
4842, 0.10000000000000142, 0.0
4843, 0.10000000000000142, 0.0
4844, 0.10000000000000142, 0.0
4845, 0.0, 0.0
4846, 0.0, 0.0
4847, 0.0, 0.0
4848, 0.0, 0.0
4849, 0.0, 0.0
4850, 0.10000000000000142, 0.0
4851, 0.10000000000000142, 0.0
4852, 0.10000000000000142, 0.0
4853, 0.10000000000000142, 0.0
4854, 0.10000000000000142, 0.0
4855, 0.10000000000000142, 0.0
4856, 0.10000000000000142, 0.0
4857, 0.10000000000000142, 0.0
4858, 0.10000000000000142, 0.0
4859, 0.10000000000000142, 0.0
4860, 0.10000000000000142, 0.0
4861, 0.10000000000000142, 0.0
4862, 0.10000000000000142, 0.0
4863, 0.10000000000000142, 0.0
4864, 0.10000000000000142, 0.0
4865, 0.10000000000000142, 0.0
4866, 0.10000000000000142, 0.0
4867, 0.10000000000000142, 0.0
4868, 0.10000000000000142, 0.0
4869, 0.10000000000000142, 0.0
4870, 0.10000000000000142, 0.0
4871, 0.10000000000000142, 0.0
4872, 0.10000000000000142, 0.0
4873, 0.10000000000000142, 0.0
4874, 0.10000000000000142, 0.0
4875, 0.10000000000000142, 0.0
4876, 0.10000000000000142, 0.0
4877, 0.10000000000000142, 0.0
4878, 0.10000000000000142, 0.0
4879, 0.10000000000000142, 0.0
4880, 0.0, -0.10000000000000142
4881, 0.0, -0.10000000000000142
4882, 0.0, -0.10000000000000142
4883, 0.0, -0.10000000000000142
4884, 0.0, -0.10000000000000142
4885, 0.0, -0.10000000000000142
4886, 0.0, -0.10000000000000142
4887, 0.0, -0.10000000000000142
4888, 0.0, -0.10000000000000142
4889, 0.0, -0.10000000000000142
4890, 0.0, -0.10000000000000142
4891, 0.0, -0.10000000000000142
4892, 0.0, -0.10000000000000142
4893, 0.0, -0.10000000000000142
4894, 0.0, -0.10000000000000142
4895, 0.0, -0.10000000000000142
4896, 0.0, -0.10000000000000142
4897, 0.10000000000000142, -0.10000000000000142
4898, 0.10000000000000142, -0.10000000000000142
4899, 0.10000000000000142, -0.10000000000000142
4900, 0.10000000000000142, -0.10000000000000142
4901, 0.10000000000000142, -0.10000000000000142
4902, 0.10000000000000142, 0.0
4903, 0.10000000000000142, 0.0
4904, 0.10000000000000142, 0.0
4905, 0.10000000000000142, 0.0
4906, 0.10000000000000142, 0.0
4907, 0.10000000000000142, 0.0
4908, 0.10000000000000142, 0.0
4909, 0.10000000000000142, 0.0
4910, 0.10000000000000142, 0.0
4911, 0.10000000000000142, 0.0
4912, 0.10000000000000142, 0.0
4913, 0.10000000000000142, 0.0
4914, 0.10000000000000142, 0.0
4915, 0.10000000000000142, 0.0
4916, 0.10000000000000142, 0.0
4917, 0.10000000000000142, 0.0
4918, 0.10000000000000142, 0.0
4919, 0.10000000000000142, 0.0
4920, 0.0, 0.0
4921, 0.0, -0.10000000000000142
4922, 0.0, -0.10000000000000142
4923, 0.0, -0.10000000000000142
4924, 0.0, -0.10000000000000142
4925, 0.0, -0.10000000000000142
4926, 0.0, -0.10000000000000142
4927, 0.0, -0.10000000000000142
4928, 0.0, -0.10000000000000142
4929, 0.0, -0.10000000000000142
4930, 0.0, -0.10000000000000142
4931, 0.0, -0.10000000000000142
4932, 0.0, 0.0
4933, 0.0, 0.0
4934, 0.0, 0.0
4935, 0.0, 0.0
4936, 0.0, 0.0
4937, 0.0, 0.0
4938, 0.0, 0.0
4939, 0.0, 0.0
4940, 0.0, 0.0
4941, 0.0, 0.0
4942, 0.0, 0.0
4943, 0.0, 0.0
4944, 0.0, 0.0
4945, 0.0, 0.0
4946, 0.0, 0.0
4947, 0.0, 0.0
4948, 0.0, 0.0
4949, 0.0, 0.0
4950, 0.0, 0.0
4951, 0.0, 0.0
4952, 0.0, 0.0
4953, 0.0, 0.0
4954, 0.0, 0.0
4955, 0.0, 0.0
4956, 0.10000000000000142, 0.0
4957, 0.10000000000000142, 0.0
4958, 0.10000000000000142, 0.0
4959, 0.10000000000000142, 0.0
4960, 0.10000000000000142, 0.0
4961, 0.10000000000000142, 0.0
4962, 0.10000000000000142, 0.0
4963, 0.10000000000000142, 0.0
4964, 0.10000000000000142, 0.0
4965, 0.10000000000000142, 0.0
4966, 0.10000000000000142, 0.0
4967, 0.10000000000000142, 0.0
4968, 0.10000000000000142, 0.0
4969, 0.1999999999999993, 0.0
4970, 0.1999999999999993, 0.0
4971, 0.1999999999999993, 0.0
4972, 0.1999999999999993, 0.0
4973, 0.1999999999999993, 0.0
4974, 0.1999999999999993, 0.0
4975, 0.1999999999999993, 0.0
4976, 0.1999999999999993, 0.0
4977, 0.1999999999999993, 0.0
4978, 0.1999999999999993, 0.0
4979, 0.1999999999999993, 0.0
4980, 0.1999999999999993, 0.0
4981, 0.1999999999999993, 0.0
4982, 0.3000000000000007, 0.0
4983, 0.3000000000000007, 0.0
4984, 0.3000000000000007, 0.0
4985, 0.3000000000000007, 0.0
4986, 0.3000000000000007, 0.0
4987, 0.3000000000000007, 0.0
4988, 0.3000000000000007, 0.0
4989, 0.3000000000000007, 0.0
4990, 0.3000000000000007, 0.0
4991, 0.3000000000000007, 0.0
4992, 0.3000000000000007, 0.0
4993, 0.3000000000000007, 0.0
4994, 0.3000000000000007, 0.0
4995, 0.3000000000000007, 0.0
4996, 0.3000000000000007, 0.0
4997, 0.1999999999999993, 0.0
4998, 0.1999999999999993, 0.0
4999, 0.1999999999999993, 0.0
5000, 0.1999999999999993, 0.0
5001, 0.1999999999999993, 0.0
5002, 0.1999999999999993, 0.0
5003, 0.1999999999999993, 0.09999999999999787
5004, 0.1999999999999993, 0.09999999999999787
5005, 0.1999999999999993, 0.09999999999999787
5006, 0.1999999999999993, 0.09999999999999787
5007, 0.1999999999999993, 0.09999999999999787
5008, 0.1999999999999993, 0.09999999999999787
5009, 0.1999999999999993, 0.09999999999999787
5010, 0.10000000000000142, 0.09999999999999787
5011, 0.10000000000000142, 0.0
5012, 0.10000000000000142, 0.0
5013, 0.10000000000000142, 0.0
5014, 0.10000000000000142, 0.0
5015, 0.10000000000000142, 0.0
5016, 0.10000000000000142, 0.0
5017, 0.10000000000000142, 0.0
5018, 0.10000000000000142, 0.0
5019, 0.10000000000000142, 0.0
5020, 0.10000000000000142, 0.0
5021, 0.10000000000000142, 0.0
5022, 0.10000000000000142, 0.0
5023, 0.10000000000000142, 0.0
5024, 0.10000000000000142, 0.0
5025, 0.10000000000000142, 0.0
5026, 0.10000000000000142, 0.0
5027, 0.10000000000000142, 0.0
5028, 0.0, 0.0
5029, 0.0, 0.0
5030, 0.0, 0.0
5031, 0.0, 0.0
5032, 0.0, 0.0
5033, 0.0, 0.0
5034, 0.0, 0.0
5035, 0.0, 0.0
5036, 0.0, 0.0
5037, 0.0, 0.0
5038, 0.0, 0.0
5039, 0.0, 0.0
5040, 0.0, 0.0
5041, 0.0, 0.0
5042, 0.0, 0.0
5043, 0.0, 0.0
5044, 0.0, 0.0
5045, 0.0, 0.0
5046, 0.0, 0.0
5047, 0.0, 0.0
5048, 0.0, 0.0
5049, 0.0, 0.0
5050, 0.0, 0.0
5051, 0.0, 0.0
5052, 0.0, 0.0
5053, 0.0, 0.0
5054, 0.0, 0.0
5055, 0.10000000000000142, 0.0
5056, 0.10000000000000142, 0.0
5057, 0.10000000000000142, 0.0
5058, 0.10000000000000142, 0.0
5059, 0.10000000000000142, 0.0
5060, 0.10000000000000142, 0.0
5061, 0.10000000000000142, 0.0
5062, 0.10000000000000142, 0.0
5063, 0.10000000000000142, 0.0
5064, 0.10000000000000142, 0.0
5065, 0.10000000000000142, 0.0
5066, 0.10000000000000142, 0.0
5067, 0.10000000000000142, 0.0
5068, 0.10000000000000142, 0.0
5069, 0.10000000000000142, 0.0
5070, 0.10000000000000142, 0.0
5071, 0.10000000000000142, 0.0
5072, 0.10000000000000142, 0.0
5073, 0.10000000000000142, 0.0
5074, 0.10000000000000142, 0.0
5075, 0.10000000000000142, 0.0
5076, 0.10000000000000142, 0.0
5077, 0.10000000000000142, 0.0
5078, 0.10000000000000142, 0.0
5079, 0.10000000000000142, 0.0
5080, 0.10000000000000142, 0.0
5081, 0.10000000000000142, 0.0
5082, 0.10000000000000142, 0.0
5083, 0.10000000000000142, 0.0
5084, 0.0, 0.0
5085, 0.0, 0.0
5086, 0.0, 0.0
5087, 0.0, 0.0
5088, 0.0, 0.0
5089, 0.0, 0.0
5090, 0.0, 0.0
5091, 0.0, 0.0
5092, 0.0, 0.0
5093, 0.0, 0.0
5094, 0.0, 0.0
5095, 0.0, 0.0
5096, 0.0, 0.0
5097, 0.0, 0.0
5098, 0.0, 0.0
5099, 0.0, 0.0
5100, 0.0, 0.0
5101, 0.0, 0.0
5102, 0.0, 0.0
5103, 0.0, 0.0
5104, 0.0, 0.0
5105, 0.0, 0.0
5106, 0.0, 0.0
5107, 0.0, 0.0
5108, 0.0, 0.0
5109, 0.0, 0.0
5110, 0.0, 0.0
5111, 0.0, 0.0
5112, 0.0, 0.0
5113, 0.0, 0.0
5114, 0.0, 0.0
5115, 0.0, 0.0
5116, 0.0, 0.0
5117, 0.0, 0.0
5118, 0.0, 0.0
5119, 0.0, 0.0
5120, 0.0, 0.0
5121, 0.10000000000000142, 0.0
5122, 0.10000000000000142, 0.0
5123, 0.10000000000000142, 0.0
5124, 0.10000000000000142, 0.0
5125, 0.10000000000000142, 0.0
5126, 0.10000000000000142, 0.0
5127, 0.10000000000000142, 0.0
5128, 0.10000000000000142, 0.0
5129, 0.10000000000000142, 0.0
5130, 0.10000000000000142, 0.0
5131, 0.10000000000000142, 0.0
5132, 0.10000000000000142, 0.0
5133, 0.10000000000000142, 0.0
5134, 0.10000000000000142, 0.0
5135, 0.10000000000000142, 0.0
5136, 0.10000000000000142, 0.0
5137, 0.10000000000000142, 0.0
5138, 0.10000000000000142, 0.0
5139, 0.10000000000000142, 0.0
5140, 0.10000000000000142, 0.0
5141, 0.0, 0.0
5142, 0.0, 0.0
5143, 0.0, 0.0
5144, 0.0, 0.0
5145, 0.0, 0.0
5146, 0.0, 0.0
5147, 0.0, 0.0
5148, 0.0, 0.0
5149, 0.0, 0.0
5150, 0.0, 0.0
5151, 0.0, 0.0
5152, 0.0, 0.0
5153, 0.0, 0.0
5154, 0.0, 0.0
5155, 0.0, 0.0
5156, 0.0, 0.0
5157, 0.0, 0.0
5158, 0.0, 0.0
5159, 0.0, 0.0
5160, 0.0, 0.0
5161, 0.0, 0.0
5162, 0.0, 0.0
5163, 0.0, 0.0
5164, 0.10000000000000142, 0.0
5165, 0.10000000000000142, 0.0
5166, 0.10000000000000142, 0.0
5167, 0.1999999999999993, 0.0
5168, 0.1999999999999993, 0.0
5169, 0.1999999999999993, 0.0
5170, 0.1999999999999993, 0.0
5171, 0.1999999999999993, 0.0
5172, 0.1999999999999993, 0.0
5173, 0.1999999999999993, 0.0
5174, 0.1999999999999993, 0.0
5175, 0.1999999999999993, 0.0
5176, 0.1999999999999993, 0.0
5177, 0.1999999999999993, 0.0
5178, 0.1999999999999993, 0.09999999999999787
5179, 0.1999999999999993, 0.09999999999999787
5180, 0.1999999999999993, 0.09999999999999787
5181, 0.1999999999999993, 0.09999999999999787
5182, 0.1999999999999993, 0.09999999999999787
5183, 0.1999999999999993, 0.09999999999999787
5184, 0.1999999999999993, 0.0
5185, 0.1999999999999993, 0.0
5186, 0.1999999999999993, 0.0
5187, 0.1999999999999993, 0.0
5188, 0.1999999999999993, 0.0
5189, 0.1999999999999993, 0.0
5190, 0.1999999999999993, 0.0
5191, 0.1999999999999993, 0.0
5192, 0.1999999999999993, 0.0
5193, 0.1999999999999993, 0.0
5194, 0.1999999999999993, 0.0
5195, 0.1999999999999993, 0.0
5196, 0.10000000000000142, 0.0
5197, 0.10000000000000142, 0.0
5198, 0.10000000000000142, 0.0
5199, 0.10000000000000142, 0.0
5200, 0.10000000000000142, 0.0
5201, 0.10000000000000142, 0.0
5202, 0.10000000000000142, 0.0
5203, 0.10000000000000142, 0.0
5204, 0.10000000000000142, 0.0
5205, 0.10000000000000142, 0.0
5206, 0.10000000000000142, 0.0
5207, 0.10000000000000142, 0.0
5208, 0.10000000000000142, 0.0
5209, 0.10000000000000142, 0.0
5210, 0.10000000000000142, 0.0
5211, 0.10000000000000142, 0.0
5212, 0.1999999999999993, 0.09999999999999787
5213, 0.1999999999999993, 0.09999999999999787
5214, 0.1999999999999993, 0.09999999999999787
5215, 0.1999999999999993, 0.09999999999999787
5216, 0.1999999999999993, 0.0
5217, 0.1999999999999993, 0.0
5218, 0.1999999999999993, 0.0
5219, 0.10000000000000142, 0.0
5220, 0.10000000000000142, 0.0
5221, 0.10000000000000142, 0.0
5222, 0.10000000000000142, 0.0
5223, 0.10000000000000142, 0.0
5224, 0.10000000000000142, 0.0
5225, 0.10000000000000142, 0.0
5226, 0.10000000000000142, 0.0
5227, 0.10000000000000142, 0.0
5228, 0.10000000000000142, 0.0
5229, 0.10000000000000142, 0.09999999999999787
5230, 0.10000000000000142, 0.09999999999999787
5231, 0.10000000000000142, 0.09999999999999787
5232, 0.10000000000000142, 0.09999999999999787
5233, 0.10000000000000142, 0.09999999999999787
5234, 0.10000000000000142, 0.09999999999999787
5235, 0.10000000000000142, 0.09999999999999787
5236, 0.10000000000000142, 0.09999999999999787
5237, 0.10000000000000142, 0.0
5238, 0.10000000000000142, 0.0
5239, 0.10000000000000142, 0.0
5240, 0.10000000000000142, 0.0
5241, 0.10000000000000142, 0.0
5242, 0.10000000000000142, 0.0
5243, 0.10000000000000142, 0.0
5244, 0.10000000000000142, 0.0
5245, 0.10000000000000142, 0.0
5246, 0.10000000000000142, 0.09999999999999787
5247, 0.10000000000000142, 0.09999999999999787
5248, 0.10000000000000142, 0.09999999999999787
5249, 0.10000000000000142, 0.09999999999999787
5250, 0.10000000000000142, 0.09999999999999787
5251, 0.10000000000000142, 0.09999999999999787
5252, 0.10000000000000142, 0.09999999999999787
5253, 0.10000000000000142, 0.09999999999999787
5254, 0.10000000000000142, 0.09999999999999787
5255, 0.10000000000000142, 0.09999999999999787
5256, 0.10000000000000142, 0.09999999999999787
5257, 0.10000000000000142, 0.09999999999999787
5258, 0.10000000000000142, 0.09999999999999787
5259, 0.10000000000000142, 0.09999999999999787
5260, 0.10000000000000142, 0.09999999999999787
5261, 0.10000000000000142, 0.09999999999999787
5262, 0.10000000000000142, 0.09999999999999787
5263, 0.10000000000000142, 0.0
5264, 0.10000000000000142, 0.0
5265, 0.10000000000000142, 0.09999999999999787
5266, 0.10000000000000142, 0.09999999999999787
5267, 0.10000000000000142, 0.09999999999999787
5268, 0.10000000000000142, 0.09999999999999787
5269, 0.10000000000000142, 0.09999999999999787
5270, 0.10000000000000142, 0.09999999999999787
5271, 0.10000000000000142, 0.09999999999999787
5272, 0.10000000000000142, 0.09999999999999787
5273, 0.0, 0.09999999999999787
5274, 0.0, 0.09999999999999787
5275, 0.0, 0.09999999999999787
5276, 0.0, 0.09999999999999787
5277, 0.0, 0.09999999999999787
5278, 0.0, 0.0
5279, 0.0, 0.0
5280, 0.0, 0.0
5281, 0.0, 0.0
5282, 0.0, 0.0
5283, 0.0, 0.0
5284, 0.0, 0.0
5285, 0.0, 0.0
5286, 0.0, 0.0
5287, 0.0, 0.0
5288, 0.0, 0.0
5289, 0.0, 0.0
5290, 0.0, 0.0
5291, 0.0, 0.0
5292, 0.0, 0.0
5293, 0.0, 0.0
5294, 0.0, 0.0
5295, 0.0, 0.0
5296, 0.0, 0.0
5297, 0.0, 0.0
5298, 0.0, 0.0
5299, 0.10000000000000142, 0.0
5300, 0.10000000000000142, 0.0
5301, 0.10000000000000142, 0.0
5302, 0.10000000000000142, 0.0
5303, 0.10000000000000142, 0.0
5304, 0.10000000000000142, 0.0
5305, 0.10000000000000142, 0.0
5306, 0.10000000000000142, 0.0
5307, 0.10000000000000142, 0.0
5308, 0.10000000000000142, 0.0
5309, 0.10000000000000142, 0.0
5310, 0.10000000000000142, 0.0
5311, 0.10000000000000142, 0.0
5312, 0.10000000000000142, 0.0
5313, 0.10000000000000142, 0.0
5314, 0.1999999999999993, 0.0
5315, 0.1999999999999993, 0.0
5316, 0.1999999999999993, 0.0
5317, 0.1999999999999993, 0.0
5318, 0.1999999999999993, 0.0
5319, 0.1999999999999993, 0.0
5320, 0.1999999999999993, 0.0
5321, 0.1999999999999993, 0.0
5322, 0.1999999999999993, 0.0
5323, 0.1999999999999993, 0.0
5324, 0.1999999999999993, 0.0
5325, 0.1999999999999993, 0.0
5326, 0.1999999999999993, 0.0
5327, 0.1999999999999993, 0.0
5328, 0.1999999999999993, 0.0
5329, 0.3000000000000007, 0.0
5330, 0.3000000000000007, 0.0
5331, 0.3000000000000007, 0.0
5332, 0.3000000000000007, 0.0
5333, 0.3000000000000007, 0.0
5334, 0.3000000000000007, 0.0
5335, 0.3000000000000007, 0.0
5336, 0.3000000000000007, 0.0
5337, 0.3000000000000007, 0.0
5338, 0.3000000000000007, 0.0
5339, 0.3000000000000007, 0.0
5340, 0.3000000000000007, 0.0
5341, 0.3000000000000007, 0.0
5342, 0.3000000000000007, 0.0
5343, 0.3000000000000007, 0.0
5344, 0.1999999999999993, 0.0
5345, 0.1999999999999993, 0.0
5346, 0.1999999999999993, 0.0
5347, 0.10000000000000142, 0.0
5348, 0.10000000000000142, 0.0
5349, 0.10000000000000142, 0.09999999999999787
5350, 0.10000000000000142, 0.09999999999999787
5351, 0.10000000000000142, 0.09999999999999787
5352, 0.10000000000000142, 0.09999999999999787
5353, 0.10000000000000142, 0.09999999999999787
5354, 0.10000000000000142, 0.09999999999999787
5355, 0.10000000000000142, 0.09999999999999787
5356, 0.10000000000000142, 0.09999999999999787
5357, 0.10000000000000142, 0.09999999999999787
5358, 0.10000000000000142, 0.09999999999999787
5359, 0.10000000000000142, 0.09999999999999787
5360, 0.10000000000000142, 0.09999999999999787
5361, 0.10000000000000142, 0.09999999999999787
5362, 0.10000000000000142, 0.0
5363, 0.10000000000000142, 0.0
5364, 0.10000000000000142, 0.0
5365, 0.0, 0.0
5366, 0.0, 0.0
5367, 0.0, 0.0
5368, 0.0, 0.0
5369, 0.10000000000000142, -0.10000000000000142
5370, 0.10000000000000142, -0.10000000000000142
5371, 0.10000000000000142, -0.10000000000000142
5372, 0.10000000000000142, -0.10000000000000142
5373, 0.10000000000000142, -0.10000000000000142
5374, 0.10000000000000142, 0.0
5375, 0.10000000000000142, 0.0
5376, 0.10000000000000142, 0.0
5377, 0.10000000000000142, 0.0
5378, 0.10000000000000142, 0.0
5379, 0.10000000000000142, 0.0
5380, 0.10000000000000142, 0.0
5381, 0.10000000000000142, 0.0
5382, 0.10000000000000142, 0.0
5383, 0.10000000000000142, 0.0
5384, 0.10000000000000142, 0.0
5385, 0.10000000000000142, 0.0
5386, 0.10000000000000142, 0.0
5387, 0.10000000000000142, 0.0
5388, 0.10000000000000142, 0.0
5389, 0.10000000000000142, 0.0
5390, 0.10000000000000142, 0.0
5391, 0.10000000000000142, 0.0
5392, 0.10000000000000142, 0.0
5393, 0.10000000000000142, 0.0
5394, 0.10000000000000142, 0.0
5395, 0.10000000000000142, 0.0
5396, 0.10000000000000142, 0.0
5397, 0.10000000000000142, 0.0
5398, 0.10000000000000142, 0.0
5399, 0.10000000000000142, 0.0
5400, 0.10000000000000142, 0.0
5401, 0.10000000000000142, 0.0
5402, 0.10000000000000142, 0.0
5403, 0.10000000000000142, 0.0
5404, 0.10000000000000142, 0.0
5405, 0.10000000000000142, 0.0
5406, 0.10000000000000142, 0.0
5407, 0.10000000000000142, 0.0
5408, 0.10000000000000142, 0.0
5409, 0.10000000000000142, 0.0
5410, 0.10000000000000142, 0.0
5411, 0.0, 0.0
5412, 0.0, 0.0
5413, 0.0, 0.0
5414, 0.0, 0.09999999999999787
5415, 0.0, 0.09999999999999787
5416, 0.0, 0.09999999999999787
5417, 0.0, 0.09999999999999787
5418, 0.0, 0.09999999999999787
5419, 0.0, 0.09999999999999787
5420, 0.0, 0.09999999999999787
5421, 0.0, 0.09999999999999787
5422, 0.0, 0.09999999999999787
5423, 0.0, 0.09999999999999787
5424, 0.0, 0.09999999999999787
5425, 0.0, 0.09999999999999787
5426, 0.0, 0.09999999999999787
5427, 0.0, 0.09999999999999787
5428, 0.0, 0.09999999999999787
5429, 0.0, 0.09999999999999787
5430, 0.0, 0.09999999999999787
5431, 0.0, 0.09999999999999787
5432, 0.0, 0.09999999999999787
5433, 0.0, 0.09999999999999787
5434, 0.0, 0.09999999999999787
5435, 0.0, 0.0
5436, 0.0, 0.0
5437, 0.0, 0.0
5438, 0.0, 0.0
5439, 0.0, 0.0
5440, 0.0, 0.0
5441, 0.0, 0.0
5442, 0.0, 0.0
5443, 0.0, 0.0
5444, 0.0, 0.0
5445, 0.0, 0.0
5446, 0.0, 0.0
5447, 0.0, 0.0
5448, 0.0, 0.0
5449, 0.0, 0.0
5450, 0.0, 0.0
5451, 0.0, 0.0
5452, 0.0, 0.0
5453, 0.0, 0.0
5454, 0.10000000000000142, 0.0
5455, 0.10000000000000142, 0.0
5456, 0.10000000000000142, 0.0
5457, 0.10000000000000142, 0.0
5458, 0.10000000000000142, 0.0
5459, 0.10000000000000142, 0.0
5460, 0.10000000000000142, 0.0
5461, 0.10000000000000142, 0.0
5462, 0.10000000000000142, 0.0
5463, 0.10000000000000142, 0.0
5464, 0.10000000000000142, 0.0
5465, 0.10000000000000142, 0.0
5466, 0.10000000000000142, 0.0
5467, 0.10000000000000142, 0.0
5468, 0.10000000000000142, 0.0
5469, 0.10000000000000142, 0.0
5470, 0.10000000000000142, 0.0
5471, 0.10000000000000142, 0.0
5472, 0.10000000000000142, 0.0
5473, 0.10000000000000142, 0.0
5474, 0.0, 0.0
5475, 0.0, 0.0
5476, 0.0, 0.0
5477, 0.0, 0.0
5478, 0.0, 0.0
5479, 0.0, 0.0
5480, 0.0, 0.0
5481, 0.0, 0.0
5482, 0.0, 0.0
5483, 0.0, 0.0
5484, 0.0, 0.0
5485, 0.0, 0.0
5486, 0.0, 0.0
5487, 0.0, 0.0
5488, 0.0, 0.0
5489, 0.0, 0.0
5490, 0.10000000000000142, 0.0
5491, 0.10000000000000142, 0.0
5492, 0.10000000000000142, 0.0
5493, 0.10000000000000142, 0.0
5494, 0.10000000000000142, 0.0
5495, 0.10000000000000142, 0.0
5496, 0.10000000000000142, 0.0
5497, 0.10000000000000142, 0.0
5498, 0.10000000000000142, 0.0
5499, 0.10000000000000142, 0.0
5500, 0.10000000000000142, 0.0
5501, 0.10000000000000142, 0.0
5502, 0.10000000000000142, 0.0
5503, 0.10000000000000142, 0.0
5504, 0.10000000000000142, 0.0
5505, 0.10000000000000142, 0.0
5506, 0.10000000000000142, 0.0
5507, 0.0, 0.0
5508, 0.0, 0.0
5509, 0.0, 0.0
5510, 0.0, 0.0
5511, 0.0, 0.0
5512, 0.0, 0.0
5513, 0.0, 0.0
5514, 0.0, 0.0
5515, 0.0, 0.0
5516, 0.0, 0.0
5517, 0.0, 0.0
5518, 0.10000000000000142, 0.0
5519, 0.10000000000000142, 0.0
5520, 0.10000000000000142, 0.0
5521, 0.10000000000000142, 0.0
5522, 0.0, 0.0
5523, 0.0, 0.0
5524, 0.0, 0.0
5525, 0.0, 0.0
5526, 0.0, 0.0
5527, 0.0, 0.0
5528, 0.0, 0.0
5529, 0.0, 0.0
5530, 0.0, 0.0
5531, 0.10000000000000142, 0.0
5532, 0.10000000000000142, -0.10000000000000142
5533, 0.10000000000000142, -0.10000000000000142
5534, 0.10000000000000142, -0.10000000000000142
5535, 0.10000000000000142, 0.0
5536, 0.10000000000000142, 0.0
5537, 0.10000000000000142, 0.0
5538, 0.10000000000000142, 0.0
5539, 0.10000000000000142, 0.0
5540, 0.1999999999999993, 0.0
5541, 0.1999999999999993, 0.0
5542, 0.1999999999999993, 0.0
5543, 0.1999999999999993, 0.0
5544, 0.1999999999999993, 0.0
5545, 0.1999999999999993, 0.0
5546, 0.1999999999999993, 0.0
5547, 0.1999999999999993, 0.0
5548, 0.1999999999999993, 0.0
5549, 0.1999999999999993, 0.0
5550, 0.1999999999999993, 0.0
5551, 0.1999999999999993, 0.0
5552, 0.1999999999999993, 0.0
5553, 0.1999999999999993, 0.0
5554, 0.1999999999999993, 0.0
5555, 0.1999999999999993, 0.0
5556, 0.1999999999999993, 0.0
5557, 0.1999999999999993, 0.0
5558, 0.1999999999999993, 0.0
5559, 0.1999999999999993, 0.0
5560, 0.1999999999999993, 0.0
5561, 0.1999999999999993, 0.0
5562, 0.1999999999999993, 0.0
5563, 0.1999999999999993, 0.0
5564, 0.1999999999999993, 0.0
5565, 0.1999999999999993, 0.0
5566, 0.10000000000000142, 0.0
5567, 0.10000000000000142, 0.0
5568, 0.10000000000000142, 0.0
5569, 0.10000000000000142, 0.0
5570, 0.10000000000000142, 0.0
5571, 0.10000000000000142, 0.0
5572, 0.10000000000000142, 0.0
5573, 0.10000000000000142, 0.09999999999999787
5574, 0.10000000000000142, 0.09999999999999787
5575, 0.10000000000000142, 0.09999999999999787
5576, 0.10000000000000142, 0.09999999999999787
5577, 0.10000000000000142, 0.09999999999999787
5578, 0.10000000000000142, 0.09999999999999787
5579, 0.0, 0.09999999999999787
5580, 0.0, 0.09999999999999787
5581, 0.0, 0.09999999999999787
5582, 0.0, 0.09999999999999787
5583, 0.0, 0.09999999999999787
5584, 0.0, 0.0
5585, 0.0, 0.0
5586, 0.0, 0.0
5587, 0.0, 0.0
5588, 0.0, 0.0
5589, 0.0, 0.0
5590, 0.0, 0.0
5591, 0.0, 0.0
5592, 0.0, 0.0
5593, 0.0, 0.0
5594, 0.0, 0.0
5595, 0.0, 0.0
5596, 0.0, 0.0
5597, 0.10000000000000142, 0.0
5598, 0.10000000000000142, 0.0
5599, 0.10000000000000142, 0.0
5600, 0.10000000000000142, 0.0
5601, 0.10000000000000142, 0.0
5602, 0.10000000000000142, 0.0
5603, 0.10000000000000142, 0.0
5604, 0.10000000000000142, 0.0
5605, 0.10000000000000142, 0.0
5606, 0.10000000000000142, 0.0
5607, 0.10000000000000142, 0.0
5608, 0.10000000000000142, 0.0
5609, 0.10000000000000142, 0.0
5610, 0.10000000000000142, 0.0
5611, 0.10000000000000142, 0.0
5612, 0.10000000000000142, 0.0
5613, 0.10000000000000142, 0.0
5614, 0.10000000000000142, 0.0
5615, 0.10000000000000142, 0.0
5616, 0.10000000000000142, 0.0
5617, 0.10000000000000142, 0.0
5618, 0.10000000000000142, 0.0
5619, 0.10000000000000142, 0.0
5620, 0.10000000000000142, 0.0
5621, 0.10000000000000142, 0.0
5622, 0.10000000000000142, 0.0
5623, 0.10000000000000142, 0.0
5624, 0.10000000000000142, 0.0
5625, 0.10000000000000142, 0.0
5626, 0.10000000000000142, 0.0
5627, 0.10000000000000142, 0.0
5628, 0.10000000000000142, 0.0
5629, 0.10000000000000142, 0.0
5630, 0.10000000000000142, 0.0
5631, 0.10000000000000142, 0.0
5632, 0.10000000000000142, 0.0
5633, 0.10000000000000142, 0.0
5634, 0.10000000000000142, 0.0
5635, 0.10000000000000142, -0.10000000000000142
5636, 0.10000000000000142, -0.10000000000000142
5637, 0.10000000000000142, -0.10000000000000142
5638, 0.10000000000000142, -0.10000000000000142
5639, 0.0, -0.10000000000000142
5640, 0.0, -0.10000000000000142
5641, 0.0, -0.10000000000000142
5642, 0.0, -0.10000000000000142
5643, 0.0, -0.10000000000000142
5644, 0.0, -0.10000000000000142
5645, 0.0, -0.10000000000000142
5646, 0.0, 0.0
5647, 0.0, 0.0
5648, 0.0, 0.0
5649, 0.0, 0.0
5650, 0.0, 0.0
5651, 0.0, 0.0
5652, 0.0, 0.0
5653, 0.0, 0.0
5654, 0.0, 0.0
5655, 0.10000000000000142, 0.0
5656, 0.10000000000000142, 0.0
5657, 0.10000000000000142, 0.0
5658, 0.10000000000000142, 0.0
5659, 0.10000000000000142, 0.0
5660, 0.10000000000000142, 0.0
5661, 0.10000000000000142, 0.0
5662, 0.10000000000000142, 0.0
5663, 0.10000000000000142, 0.0
5664, 0.10000000000000142, 0.0
5665, 0.10000000000000142, 0.0
5666, 0.10000000000000142, 0.0
5667, 0.10000000000000142, 0.0
5668, 0.10000000000000142, 0.0
5669, 0.10000000000000142, 0.0
5670, 0.10000000000000142, 0.0
5671, 0.10000000000000142, 0.0
5672, 0.10000000000000142, 0.0
5673, 0.10000000000000142, 0.0
5674, 0.10000000000000142, 0.0
5675, 0.10000000000000142, 0.0
5676, 0.10000000000000142, 0.0
5677, 0.10000000000000142, 0.0
5678, 0.10000000000000142, 0.0
5679, 0.10000000000000142, 0.0
5680, 0.10000000000000142, 0.0
5681, 0.10000000000000142, 0.0
5682, 0.10000000000000142, 0.0
5683, 0.10000000000000142, 0.0
5684, 0.10000000000000142, 0.0
5685, 0.10000000000000142, 0.0
5686, 0.10000000000000142, 0.0
5687, 0.10000000000000142, 0.0
5688, 0.10000000000000142, 0.0
5689, 0.10000000000000142, 0.0
5690, 0.10000000000000142, 0.0
5691, 0.10000000000000142, 0.0
5692, 0.10000000000000142, 0.0
5693, 0.10000000000000142, 0.0
5694, 0.10000000000000142, 0.0
5695, 0.10000000000000142, 0.0
5696, 0.10000000000000142, 0.0
5697, 0.1999999999999993, 0.0
5698, 0.1999999999999993, 0.0
5699, 0.1999999999999993, 0.0
5700, 0.1999999999999993, 0.0
5701, 0.1999999999999993, 0.0
5702, 0.1999999999999993, 0.0
5703, 0.1999999999999993, 0.0
5704, 0.1999999999999993, 0.0
5705, 0.1999999999999993, 0.0
5706, 0.1999999999999993, 0.0
5707, 0.1999999999999993, 0.0
5708, 0.1999999999999993, 0.0
5709, 0.1999999999999993, 0.0
5710, 0.1999999999999993, 0.0
5711, 0.1999999999999993, 0.0
5712, 0.1999999999999993, 0.0
5713, 0.1999999999999993, 0.0
5714, 0.1999999999999993, 0.0
5715, 0.1999999999999993, 0.0
5716, 0.1999999999999993, 0.0
5717, 0.1999999999999993, 0.0
5718, 0.1999999999999993, 0.0
5719, 0.1999999999999993, 0.0
5720, 0.1999999999999993, 0.0
5721, 0.1999999999999993, 0.0
5722, 0.1999999999999993, 0.0
5723, 0.1999999999999993, 0.0
5724, 0.1999999999999993, 0.0
5725, 0.1999999999999993, 0.0
5726, 0.1999999999999993, 0.0
5727, 0.1999999999999993, 0.0
5728, 0.1999999999999993, 0.0
5729, 0.1999999999999993, 0.0
5730, 0.1999999999999993, 0.0
5731, 0.1999999999999993, 0.0
5732, 0.1999999999999993, 0.0
5733, 0.1999999999999993, 0.0
5734, 0.1999999999999993, 0.0
5735, 0.1999999999999993, 0.0
5736, 0.1999999999999993, 0.0
5737, 0.1999999999999993, 0.0
5738, 0.1999999999999993, 0.0
5739, 0.1999999999999993, 0.0
5740, 0.1999999999999993, 0.09999999999999787
5741, 0.1999999999999993, 0.09999999999999787
5742, 0.1999999999999993, 0.09999999999999787
5743, 0.1999999999999993, 0.09999999999999787
5744, 0.1999999999999993, 0.09999999999999787
5745, 0.10000000000000142, 0.09999999999999787
5746, 0.10000000000000142, 0.09999999999999787
5747, 0.10000000000000142, 0.0
5748, 0.10000000000000142, 0.0
5749, 0.10000000000000142, 0.0
5750, 0.10000000000000142, 0.0
5751, 0.10000000000000142, 0.0
5752, 0.10000000000000142, 0.0
5753, 0.10000000000000142, 0.0
5754, 0.10000000000000142, 0.0
5755, 0.10000000000000142, 0.0
5756, 0.10000000000000142, 0.0
5757, 0.10000000000000142, 0.0
5758, 0.10000000000000142, 0.0
5759, 0.10000000000000142, 0.0
5760, 0.10000000000000142, 0.0
5761, 0.10000000000000142, -0.10000000000000142
5762, 0.10000000000000142, -0.10000000000000142
5763, 0.10000000000000142, -0.10000000000000142
5764, 0.10000000000000142, -0.10000000000000142
5765, 0.10000000000000142, -0.10000000000000142
5766, 0.10000000000000142, -0.10000000000000142
5767, 0.10000000000000142, -0.10000000000000142
5768, 0.10000000000000142, -0.10000000000000142
5769, 0.10000000000000142, -0.10000000000000142
5770, 0.10000000000000142, -0.10000000000000142
5771, 0.10000000000000142, -0.10000000000000142
5772, 0.10000000000000142, -0.10000000000000142
5773, 0.10000000000000142, -0.10000000000000142
5774, 0.10000000000000142, -0.10000000000000142
5775, 0.10000000000000142, -0.10000000000000142
5776, 0.0, 0.0
5777, 0.0, 0.0
5778, 0.0, 0.0
5779, 0.0, 0.0
5780, 0.0, 0.0
5781, 0.0, 0.0
5782, 0.0, 0.0
5783, 0.0, 0.0
5784, 0.0, 0.0
5785, 0.0, 0.0
5786, 0.0, 0.0
5787, 0.0, 0.0
5788, 0.0, 0.0
5789, 0.0, 0.0
5790, 0.0, 0.0
5791, 0.0, 0.0
5792, 0.0, 0.0
5793, 0.0, 0.0
5794, 0.0, 0.0
5795, 0.0, 0.0
5796, 0.0, 0.0
5797, 0.0, 0.0
5798, 0.0, 0.0
5799, 0.0, 0.0
5800, 0.0, 0.0
5801, 0.0, 0.0
5802, 0.0, 0.0
5803, 0.0, 0.0
5804, 0.0, 0.0
5805, 0.0, 0.0
5806, 0.0, 0.0
5807, 0.0, 0.0
5808, 0.0, 0.0
5809, 0.0, 0.0
5810, 0.0, 0.0
5811, 0.0, 0.0
5812, 0.0, 0.0
5813, 0.0, 0.0
5814, 0.0, 0.0
5815, 0.0, 0.0
5816, 0.0, 0.0
5817, 0.0, 0.0
5818, 0.0, 0.0
5819, 0.0, 0.0
5820, 0.0, 0.0
5821, 0.0, 0.0
5822, 0.0, 0.0
5823, 0.0, 0.0
5824, 0.0, 0.0
5825, 0.0, 0.0
5826, 0.0, 0.0
5827, 0.0, 0.0
5828, 0.0, 0.0
5829, 0.10000000000000142, 0.0
5830, 0.10000000000000142, 0.09999999999999787
5831, 0.10000000000000142, 0.09999999999999787
5832, 0.10000000000000142, 0.09999999999999787
5833, 0.10000000000000142, 0.09999999999999787
5834, 0.10000000000000142, 0.09999999999999787
5835, 0.10000000000000142, 0.09999999999999787
5836, 0.10000000000000142, 0.09999999999999787
5837, 0.10000000000000142, 0.09999999999999787
5838, 0.10000000000000142, 0.09999999999999787
5839, 0.0, 0.09999999999999787
5840, 0.0, 0.09999999999999787
5841, 0.0, 0.09999999999999787
5842, 0.0, 0.0
5843, 0.0, 0.0
5844, 0.0, 0.0
5845, 0.0, 0.0
5846, 0.0, 0.0
5847, 0.0, 0.0
5848, 0.0, 0.0
5849, 0.0, 0.0
5850, 0.0, 0.0
5851, 0.0, 0.0
5852, 0.0, 0.0
5853, 0.0, 0.0
5854, 0.0, 0.0
5855, 0.0, 0.0
5856, 0.0, 0.0
5857, 0.0, 0.0
5858, 0.0, 0.0
5859, 0.0, 0.0
5860, 0.0, 0.0
5861, 0.0, 0.0
5862, 0.0, 0.0
5863, 0.0, 0.0
5864, 0.0, 0.0
5865, 0.0, 0.0
5866, 0.0, 0.0
5867, 0.0, 0.0
5868, 0.0, 0.0
5869, 0.0, 0.0
5870, 0.10000000000000142, 0.0
5871, 0.10000000000000142, 0.0
5872, 0.10000000000000142, 0.0
5873, 0.10000000000000142, 0.0
5874, 0.10000000000000142, 0.0
5875, 0.10000000000000142, 0.0
5876, 0.10000000000000142, 0.0
5877, 0.10000000000000142, 0.0
5878, 0.10000000000000142, 0.0
5879, 0.10000000000000142, 0.0
5880, 0.10000000000000142, 0.0
5881, 0.10000000000000142, 0.0
5882, 0.10000000000000142, 0.0
5883, 0.10000000000000142, 0.0
5884, 0.10000000000000142, 0.0
5885, 0.10000000000000142, 0.0
5886, 0.10000000000000142, 0.0
5887, 0.10000000000000142, 0.0
5888, 0.10000000000000142, 0.0
5889, 0.10000000000000142, 0.0
5890, 0.10000000000000142, 0.0
5891, 0.10000000000000142, 0.0
5892, 0.10000000000000142, 0.0
5893, 0.10000000000000142, 0.0
5894, 0.10000000000000142, 0.0
5895, 0.10000000000000142, 0.0
5896, 0.10000000000000142, 0.0
5897, 0.10000000000000142, 0.0
5898, 0.10000000000000142, 0.0
5899, 0.10000000000000142, 0.0
5900, 0.10000000000000142, 0.0
5901, 0.10000000000000142, 0.0
5902, 0.10000000000000142, 0.0
5903, 0.10000000000000142, 0.0
5904, 0.10000000000000142, 0.0
5905, 0.10000000000000142, 0.0
5906, 0.10000000000000142, 0.0
5907, 0.10000000000000142, 0.0
5908, 0.10000000000000142, 0.0
5909, 0.10000000000000142, 0.0
5910, 0.10000000000000142, 0.0
5911, 0.10000000000000142, 0.0
5912, 0.10000000000000142, 0.0
5913, 0.10000000000000142, 0.0
5914, 0.10000000000000142, 0.0
5915, 0.10000000000000142, 0.0
5916, 0.10000000000000142, 0.0
5917, 0.10000000000000142, 0.0
5918, 0.10000000000000142, 0.0
5919, 0.10000000000000142, 0.0
5920, 0.10000000000000142, 0.0
5921, 0.10000000000000142, 0.0
5922, 0.10000000000000142, 0.09999999999999787
5923, 0.10000000000000142, 0.09999999999999787
5924, 0.10000000000000142, 0.09999999999999787
5925, 0.10000000000000142, 0.09999999999999787
5926, 0.10000000000000142, 0.09999999999999787
5927, 0.10000000000000142, 0.09999999999999787
5928, 0.10000000000000142, 0.09999999999999787
5929, 0.10000000000000142, 0.09999999999999787
5930, 0.10000000000000142, 0.09999999999999787
5931, 0.10000000000000142, 0.09999999999999787
5932, 0.10000000000000142, 0.0
5933, 0.10000000000000142, 0.0
5934, 0.10000000000000142, 0.0
5935, 0.10000000000000142, 0.0
5936, 0.10000000000000142, 0.0
5937, 0.10000000000000142, 0.0
5938, 0.10000000000000142, 0.0
5939, 0.10000000000000142, 0.0
5940, 0.10000000000000142, 0.0
5941, 0.10000000000000142, 0.0
5942, 0.10000000000000142, 0.0
5943, 0.10000000000000142, 0.0
5944, 0.10000000000000142, 0.0
5945, 0.10000000000000142, 0.0
5946, 0.10000000000000142, 0.0
5947, 0.10000000000000142, 0.0
5948, 0.10000000000000142, 0.0
5949, 0.0, 0.0
5950, 0.10000000000000142, 0.0
5951, 0.10000000000000142, 0.0
5952, 0.10000000000000142, 0.0
5953, 0.10000000000000142, 0.0
5954, 0.10000000000000142, 0.0
5955, 0.10000000000000142, 0.0
5956, 0.10000000000000142, 0.0
5957, 0.10000000000000142, 0.0
5958, 0.10000000000000142, -0.10000000000000142
5959, 0.10000000000000142, -0.10000000000000142
5960, 0.10000000000000142, -0.10000000000000142
5961, 0.10000000000000142, -0.10000000000000142
5962, 0.10000000000000142, -0.10000000000000142
5963, 0.10000000000000142, -0.10000000000000142
5964, 0.10000000000000142, -0.10000000000000142
5965, 0.10000000000000142, -0.10000000000000142
5966, 0.10000000000000142, -0.10000000000000142
5967, 0.10000000000000142, -0.10000000000000142
5968, 0.10000000000000142, -0.10000000000000142
5969, 0.10000000000000142, -0.10000000000000142
5970, 0.10000000000000142, -0.10000000000000142
5971, 0.10000000000000142, -0.10000000000000142
5972, 0.10000000000000142, -0.10000000000000142
5973, 0.10000000000000142, -0.10000000000000142
5974, 0.10000000000000142, -0.10000000000000142
5975, 0.10000000000000142, -0.10000000000000142
5976, 0.10000000000000142, -0.10000000000000142
5977, 0.10000000000000142, -0.10000000000000142
5978, 0.10000000000000142, -0.10000000000000142
5979, 0.10000000000000142, 0.0
5980, 0.10000000000000142, 0.0
5981, 0.10000000000000142, 0.0
5982, 0.10000000000000142, 0.0
5983, 0.10000000000000142, 0.0
5984, 0.10000000000000142, 0.0
5985, 0.10000000000000142, 0.0
5986, 0.10000000000000142, 0.0
5987, 0.10000000000000142, 0.0
5988, 0.10000000000000142, 0.0
5989, 0.10000000000000142, 0.0
5990, 0.10000000000000142, 0.0
5991, 0.10000000000000142, 0.0
5992, 0.10000000000000142, 0.0
5993, 0.10000000000000142, 0.0
5994, 0.10000000000000142, 0.0
5995, 0.10000000000000142, 0.0
5996, 0.10000000000000142, 0.0
5997, 0.10000000000000142, 0.0
5998, 0.10000000000000142, 0.0
5999, 0.10000000000000142, 0.0
6000, 0.10000000000000142, 0.0
6001, 0.0, 0.0
6002, 0.0, 0.09999999999999787
6003, 0.0, 0.09999999999999787
6004, 0.0, 0.09999999999999787
6005, 0.0, 0.09999999999999787
6006, 0.0, 0.09999999999999787
6007, 0.0, 0.09999999999999787
6008, 0.0, 0.09999999999999787
6009, 0.0, 0.09999999999999787
6010, 0.0, 0.09999999999999787
6011, 0.0, 0.09999999999999787
6012, 0.0, 0.09999999999999787
6013, 0.0, 0.09999999999999787
6014, 0.0, 0.09999999999999787
6015, 0.0, 0.09999999999999787
6016, 0.0, 0.09999999999999787
6017, 0.0, 0.0
6018, 0.0, 0.0
6019, 0.0, 0.0
6020, 0.0, 0.0
6021, 0.0, 0.0
6022, 0.0, 0.0
6023, 0.0, 0.0
6024, 0.0, 0.0
6025, 0.0, 0.0
6026, 0.0, 0.0
6027, 0.0, 0.0
6028, 0.0, 0.0
6029, 0.0, 0.0
6030, 0.0, 0.0
6031, 0.0, 0.0
6032, 0.0, 0.0
6033, 0.0, 0.0
6034, 0.0, 0.0
6035, 0.0, 0.0
6036, 0.0, 0.0
6037, 0.0, 0.0
6038, 0.0, 0.0
6039, 0.0, 0.0
6040, 0.0, 0.0
6041, 0.0, 0.0
6042, 0.0, 0.0
6043, 0.0, 0.0
6044, 0.0, 0.0
6045, 0.0, 0.0
6046, 0.0, 0.0
6047, 0.0, 0.0
6048, 0.0, 0.0
6049, 0.0, 0.0
6050, 0.0, 0.0
6051, 0.0, 0.0
6052, 0.10000000000000142, 0.0
6053, 0.10000000000000142, 0.0
6054, 0.10000000000000142, 0.0
6055, 0.10000000000000142, 0.0
6056, 0.10000000000000142, 0.0
6057, 0.10000000000000142, 0.0
6058, 0.10000000000000142, 0.0
6059, 0.10000000000000142, 0.0
6060, 0.10000000000000142, 0.0
6061, 0.0, 0.0
6062, 0.10000000000000142, 0.0
6063, 0.10000000000000142, 0.0
6064, 0.10000000000000142, 0.0
6065, 0.10000000000000142, 0.0
6066, 0.10000000000000142, 0.0
6067, 0.10000000000000142, 0.0
6068, 0.10000000000000142, 0.0
6069, 0.10000000000000142, 0.0
6070, 0.10000000000000142, 0.0
6071, 0.10000000000000142, 0.0
6072, 0.10000000000000142, 0.0
6073, 0.10000000000000142, 0.0
6074, 0.10000000000000142, 0.0
6075, 0.10000000000000142, 0.0
6076, 0.10000000000000142, 0.0
6077, 0.10000000000000142, 0.0
6078, 0.10000000000000142, 0.0
6079, 0.10000000000000142, 0.0
6080, 0.10000000000000142, 0.0
6081, 0.10000000000000142, -0.10000000000000142
6082, 0.10000000000000142, -0.10000000000000142
6083, 0.10000000000000142, -0.10000000000000142
6084, 0.10000000000000142, 0.0
6085, 0.10000000000000142, 0.0
6086, 0.10000000000000142, 0.0
6087, 0.10000000000000142, 0.0
6088, 0.10000000000000142, 0.0
6089, 0.10000000000000142, 0.0
6090, 0.10000000000000142, 0.0
6091, 0.10000000000000142, 0.0
6092, 0.10000000000000142, 0.0
6093, 0.10000000000000142, 0.0
6094, 0.10000000000000142, 0.0
6095, 0.10000000000000142, 0.0
6096, 0.10000000000000142, 0.0
6097, 0.10000000000000142, 0.0
6098, 0.10000000000000142, 0.0
6099, 0.10000000000000142, 0.0
6100, 0.10000000000000142, 0.0
6101, 0.10000000000000142, 0.0
6102, 0.10000000000000142, 0.0
6103, 0.10000000000000142, 0.0
6104, 0.10000000000000142, 0.0
6105, 0.0, 0.0
6106, 0.0, 0.09999999999999787
6107, 0.0, 0.09999999999999787
6108, 0.0, 0.09999999999999787
6109, 0.0, 0.09999999999999787
6110, 0.0, 0.09999999999999787
6111, 0.0, 0.09999999999999787
6112, 0.0, 0.09999999999999787
6113, 0.0, 0.09999999999999787
6114, 0.0, 0.09999999999999787
6115, 0.0, 0.09999999999999787
6116, 0.0, 0.09999999999999787
6117, 0.0, 0.09999999999999787
6118, 0.0, 0.0
6119, 0.0, 0.0
6120, 0.0, 0.0
6121, 0.0, 0.0
6122, 0.0, 0.0
6123, 0.0, 0.0
6124, 0.0, 0.0
6125, 0.0, 0.0
6126, 0.0, 0.0
6127, 0.0, 0.0
6128, 0.0, 0.0
6129, 0.0, 0.0
6130, 0.0, 0.0
6131, 0.0, 0.0
6132, 0.0, 0.0
6133, 0.0, 0.0
6134, 0.0, 0.0
6135, 0.0, 0.0
6136, 0.0, 0.0
6137, 0.0, 0.0
6138, 0.0, 0.0
6139, 0.0, 0.0
6140, 0.0, 0.0
6141, 0.0, 0.0
6142, 0.0, 0.0
6143, 0.0, 0.0
6144, 0.0, 0.0
6145, 0.0, 0.0
6146, 0.0, 0.0
6147, 0.0, 0.0
6148, 0.0, 0.0
6149, 0.0, 0.0
6150, 0.0, 0.0
6151, 0.0, 0.0
6152, 0.0, 0.0
6153, 0.0, 0.0
6154, 0.0, 0.0
6155, 0.0, 0.0
6156, 0.0, 0.0
6157, 0.0, 0.0
6158, 0.0, 0.0
6159, 0.0, 0.0
6160, 0.0, 0.0
6161, 0.0, 0.0
6162, 0.0, 0.0
6163, 0.0, 0.0
6164, 0.0, 0.0
6165, 0.0, 0.0
6166, 0.0, 0.0
6167, 0.0, 0.0
6168, 0.0, 0.0
6169, 0.0, 0.0
6170, 0.0, 0.0
6171, 0.0, 0.0
6172, 0.0, 0.0
6173, 0.0, 0.0
6174, 0.0, 0.0
6175, 0.0, 0.0
6176, 0.0, 0.0
6177, 0.10000000000000142, 0.0
6178, 0.10000000000000142, 0.0
6179, 0.10000000000000142, 0.0
6180, 0.10000000000000142, 0.0
6181, 0.10000000000000142, 0.0
6182, 0.10000000000000142, 0.0
6183, 0.10000000000000142, 0.0
6184, 0.10000000000000142, 0.0
6185, 0.10000000000000142, 0.0
6186, 0.10000000000000142, 0.0
6187, 0.10000000000000142, 0.0
6188, 0.10000000000000142, 0.0
6189, 0.10000000000000142, 0.0
6190, 0.10000000000000142, 0.0
6191, 0.10000000000000142, 0.0
6192, 0.10000000000000142, 0.0
6193, 0.10000000000000142, 0.0
6194, 0.10000000000000142, 0.0
6195, 0.10000000000000142, 0.0
6196, 0.10000000000000142, 0.0
6197, 0.10000000000000142, 0.0
6198, 0.10000000000000142, 0.0
6199, 0.10000000000000142, 0.0
6200, 0.10000000000000142, 0.0
6201, 0.0, 0.0
6202, 0.0, 0.0
6203, 0.0, 0.0
6204, 0.0, 0.0
6205, 0.0, 0.0
6206, 0.0, 0.0
6207, 0.0, 0.0
6208, 0.0, 0.0
6209, 0.0, 0.0
6210, 0.0, 0.0
6211, 0.0, 0.0
6212, 0.0, 0.0
6213, 0.0, 0.09999999999999787
6214, 0.0, 0.09999999999999787
6215, 0.0, 0.09999999999999787
6216, 0.0, 0.09999999999999787
6217, 0.0, 0.09999999999999787
6218, 0.0, 0.09999999999999787
6219, 0.0, 0.09999999999999787
6220, 0.0, 0.09999999999999787
6221, 0.0, 0.09999999999999787
6222, 0.0, 0.09999999999999787
6223, 0.0, 0.09999999999999787
6224, 0.0, 0.09999999999999787
6225, 0.0, 0.09999999999999787
6226, 0.0, 0.09999999999999787
6227, 0.0, 0.09999999999999787
6228, 0.0, 0.09999999999999787
6229, 0.0, 0.09999999999999787
6230, 0.10000000000000142, 0.09999999999999787
6231, 0.10000000000000142, 0.09999999999999787
6232, 0.10000000000000142, 0.09999999999999787
6233, 0.10000000000000142, 0.09999999999999787
6234, 0.10000000000000142, 0.09999999999999787
6235, 0.10000000000000142, 0.09999999999999787
6236, 0.10000000000000142, 0.09999999999999787
6237, 0.10000000000000142, 0.09999999999999787
6238, 0.10000000000000142, 0.09999999999999787
6239, 0.10000000000000142, 0.09999999999999787
6240, 0.10000000000000142, 0.09999999999999787
6241, 0.10000000000000142, 0.09999999999999787
6242, 0.10000000000000142, 0.09999999999999787
6243, 0.10000000000000142, 0.09999999999999787
6244, 0.10000000000000142, 0.09999999999999787
6245, 0.10000000000000142, 0.09999999999999787
6246, 0.10000000000000142, 0.09999999999999787
6247, 0.10000000000000142, 0.09999999999999787
6248, 0.10000000000000142, 0.09999999999999787
6249, 0.10000000000000142, 0.09999999999999787
6250, 0.10000000000000142, 0.09999999999999787
6251, 0.10000000000000142, 0.09999999999999787
6252, 0.10000000000000142, 0.0
6253, 0.10000000000000142, 0.0
6254, 0.10000000000000142, 0.0
6255, 0.10000000000000142, 0.0
6256, 0.10000000000000142, 0.0
6257, 0.10000000000000142, 0.0
6258, 0.10000000000000142, 0.0
6259, 0.10000000000000142, 0.0
6260, 0.0, 0.0
6261, 0.0, 0.0
6262, 0.0, 0.0
6263, 0.0, 0.0
6264, 0.0, 0.0
6265, 0.0, 0.0
6266, 0.0, 0.0
6267, 0.0, 0.0
6268, 0.0, 0.0
6269, 0.0, 0.0
6270, 0.0, 0.0
6271, 0.0, 0.0
6272, 0.0, 0.0
6273, 0.0, 0.0
6274, 0.0, 0.0
6275, 0.0, 0.0
6276, 0.0, 0.0
6277, 0.0, 0.0
6278, 0.0, 0.0
6279, 0.0, 0.0
6280, 0.0, 0.0
6281, 0.0, 0.0
6282, 0.0, 0.0
6283, 0.0, 0.0
6284, 0.0, 0.0
6285, 0.0, 0.0
6286, 0.0, 0.0
6287, 0.0, 0.0
6288, 0.0, 0.0
6289, 0.0, 0.0
6290, 0.0, 0.0
6291, 0.0, 0.0
6292, 0.0, 0.0
6293, 0.0, 0.0
6294, 0.0, 0.0
6295, 0.0, 0.0
6296, 0.0, 0.0
6297, 0.0, 0.0
6298, 0.0, 0.0
6299, 0.0, 0.0
6300, 0.0, 0.0
6301, 0.0, 0.0
6302, 0.0, 0.0
6303, 0.0, 0.0
6304, 0.0, 0.0
6305, 0.0, 0.0
6306, 0.0, 0.0
6307, 0.0, 0.0
6308, 0.0, 0.0
6309, 0.0, 0.0
6310, 0.0, 0.0
6311, 0.0, 0.0
6312, 0.0, 0.0
6313, 0.0, 0.0
6314, 0.10000000000000142, 0.0
6315, 0.10000000000000142, 0.0
6316, 0.1999999999999993, 0.0
6317, 0.1999999999999993, 0.0
6318, 0.1999999999999993, 0.0
6319, 0.1999999999999993, 0.0
6320, 0.1999999999999993, 0.0
6321, 0.1999999999999993, 0.0
6322, 0.1999999999999993, 0.0
6323, 0.1999999999999993, 0.0
6324, 0.1999999999999993, 0.0
6325, 0.1999999999999993, 0.0
6326, 0.10000000000000142, 0.0
6327, 0.10000000000000142, 0.0
6328, 0.10000000000000142, 0.0
6329, 0.10000000000000142, 0.0
6330, 0.10000000000000142, 0.0
6331, 0.10000000000000142, 0.0
6332, 0.10000000000000142, 0.0
6333, 0.10000000000000142, 0.0
6334, 0.10000000000000142, 0.0
6335, 0.10000000000000142, 0.0
6336, 0.10000000000000142, 0.0
6337, 0.10000000000000142, -0.10000000000000142
6338, 0.10000000000000142, -0.10000000000000142
6339, 0.10000000000000142, -0.10000000000000142
6340, 0.10000000000000142, -0.10000000000000142
6341, 0.10000000000000142, -0.10000000000000142
6342, 0.10000000000000142, -0.10000000000000142
6343, 0.10000000000000142, -0.10000000000000142
6344, 0.10000000000000142, 0.0
6345, 0.10000000000000142, 0.0
6346, 0.10000000000000142, 0.0
6347, 0.10000000000000142, 0.0
6348, 0.10000000000000142, 0.0
6349, 0.10000000000000142, 0.0
6350, 0.10000000000000142, 0.0
6351, 0.10000000000000142, 0.0
6352, 0.10000000000000142, 0.0
6353, 0.0, 0.0
6354, 0.0, 0.0
6355, 0.0, 0.0
6356, 0.0, 0.0
6357, 0.0, 0.0
6358, 0.0, 0.0
6359, 0.0, 0.0
6360, 0.0, 0.0
6361, 0.0, 0.0
6362, 0.0, 0.0
6363, 0.0, 0.0
6364, 0.0, 0.0
6365, 0.0, 0.0
6366, 0.0, 0.0
6367, 0.0, 0.0
6368, 0.0, 0.0
6369, 0.0, 0.0
6370, 0.0, 0.0
6371, 0.0, 0.0
6372, 0.0, 0.0
6373, 0.0, 0.0
6374, 0.0, 0.0
6375, 0.0, 0.0
6376, 0.0, 0.09999999999999787
6377, 0.0, 0.09999999999999787
6378, 0.0, 0.09999999999999787
6379, 0.0, 0.09999999999999787
6380, 0.0, 0.09999999999999787
6381, 0.0, 0.09999999999999787
6382, 0.0, 0.09999999999999787
6383, 0.0, 0.09999999999999787
6384, 0.0, 0.09999999999999787
6385, 0.0, 0.09999999999999787
6386, 0.0, 0.09999999999999787
6387, 0.0, 0.09999999999999787
6388, 0.0, 0.09999999999999787
6389, 0.0, 0.09999999999999787
6390, 0.0, 0.09999999999999787
6391, 0.0, 0.09999999999999787
6392, 0.10000000000000142, 0.09999999999999787
6393, 0.10000000000000142, 0.09999999999999787
6394, 0.10000000000000142, 0.09999999999999787
6395, 0.10000000000000142, 0.09999999999999787
6396, 0.10000000000000142, 0.09999999999999787
6397, 0.10000000000000142, 0.09999999999999787
6398, 0.10000000000000142, 0.09999999999999787
6399, 0.10000000000000142, 0.09999999999999787
6400, 0.10000000000000142, 0.09999999999999787
6401, 0.10000000000000142, 0.09999999999999787
6402, 0.10000000000000142, 0.09999999999999787
6403, 0.10000000000000142, 0.09999999999999787
6404, 0.10000000000000142, 0.09999999999999787
6405, 0.10000000000000142, 0.09999999999999787
6406, 0.10000000000000142, 0.09999999999999787
6407, 0.10000000000000142, 0.09999999999999787
6408, 0.10000000000000142, 0.09999999999999787
6409, 0.10000000000000142, 0.09999999999999787
6410, 0.10000000000000142, 0.0
6411, 0.10000000000000142, 0.0
6412, 0.10000000000000142, 0.0
6413, 0.10000000000000142, 0.0
6414, 0.10000000000000142, 0.0
6415, 0.10000000000000142, 0.0
6416, 0.10000000000000142, 0.0
6417, 0.10000000000000142, 0.0
6418, 0.10000000000000142, 0.0
6419, 0.10000000000000142, 0.0
6420, 0.10000000000000142, 0.0
6421, 0.10000000000000142, 0.0
6422, 0.0, 0.0
6423, 0.0, 0.0
6424, 0.0, 0.0
6425, 0.0, 0.09999999999999787
6426, 0.1999999999999993, 0.09999999999999787
6427, 0.1999999999999993, 0.0
6428, 0.1999999999999993, 0.0
6429, 0.1999999999999993, 0.0
6430, 0.1999999999999993, 0.0
6431, 0.1999999999999993, 0.0
6432, 0.1999999999999993, 0.0
6433, 0.1999999999999993, 0.0
6434, 0.1999999999999993, 0.0
6435, 0.1999999999999993, 0.0
6436, 0.1999999999999993, 0.0
6437, 0.1999999999999993, 0.09999999999999787
6438, 0.1999999999999993, 0.09999999999999787
6439, 0.1999999999999993, 0.09999999999999787
6440, 0.1999999999999993, 0.09999999999999787
6441, 0.1999999999999993, 0.09999999999999787
6442, 0.1999999999999993, 0.09999999999999787
6443, 0.1999999999999993, 0.09999999999999787
6444, 0.1999999999999993, 0.0
6445, 0.1999999999999993, 0.0
6446, 0.1999999999999993, 0.0
6447, 0.1999999999999993, 0.0
6448, 0.1999999999999993, 0.0
6449, 0.1999999999999993, 0.0
6450, 0.1999999999999993, 0.0
6451, 0.1999999999999993, 0.0
6452, 0.10000000000000142, 0.0
6453, 0.10000000000000142, 0.0
6454, 0.10000000000000142, 0.0
6455, 0.10000000000000142, 0.0
6456, 0.10000000000000142, 0.0
6457, 0.10000000000000142, 0.0
6458, 0.10000000000000142, 0.0
6459, 0.10000000000000142, 0.0
6460, 0.10000000000000142, 0.0
6461, 0.10000000000000142, 0.0
6462, 0.10000000000000142, 0.0
6463, 0.10000000000000142, 0.0
6464, 0.10000000000000142, 0.0
6465, 0.10000000000000142, 0.0
6466, 0.10000000000000142, 0.0
6467, 0.0, 0.0
6468, 0.0, 0.0
6469, 0.0, 0.0
6470, 0.0, 0.0
6471, 0.0, 0.0
6472, 0.0, 0.0
6473, 0.0, 0.0
6474, 0.0, 0.0
6475, 0.0, 0.0
6476, 0.0, 0.0
6477, 0.0, 0.0
6478, 0.0, 0.0
6479, 0.0, 0.0
6480, 0.0, 0.0
6481, 0.0, 0.0
6482, 0.0, 0.0
6483, 0.0, 0.0
6484, 0.0, -0.10000000000000142
6485, 0.0, -0.10000000000000142
6486, 0.0, -0.10000000000000142
6487, 0.0, -0.10000000000000142
6488, 0.0, -0.10000000000000142
6489, 0.0, -0.10000000000000142
6490, 0.0, 0.0
6491, 0.0, 0.0
6492, 0.0, 0.0
6493, 0.0, 0.0
6494, 0.0, 0.0
6495, 0.10000000000000142, 0.0
6496, 0.10000000000000142, 0.0
6497, 0.10000000000000142, 0.0
6498, 0.10000000000000142, 0.0
6499, 0.10000000000000142, 0.0
6500, 0.10000000000000142, 0.0
6501, 0.10000000000000142, 0.0
6502, 0.1999999999999993, 0.0
6503, 0.1999999999999993, 0.0
6504, 0.1999999999999993, 0.0
6505, 0.1999999999999993, -0.10000000000000142
6506, 0.1999999999999993, 0.0
6507, 0.1999999999999993, 0.0
6508, 0.1999999999999993, 0.0
6509, 0.1999999999999993, 0.0
6510, 0.1999999999999993, 0.0
6511, 0.1999999999999993, 0.0
6512, 0.1999999999999993, 0.0
6513, 0.1999999999999993, 0.0
6514, 0.1999999999999993, 0.0
6515, 0.1999999999999993, 0.0
6516, 0.3000000000000007, 0.0
6517, 0.1999999999999993, 0.0
6518, 0.1999999999999993, 0.0
6519, 0.1999999999999993, 0.0
6520, 0.1999999999999993, 0.0
6521, 0.10000000000000142, 0.0
6522, 0.10000000000000142, 0.0
6523, 0.10000000000000142, 0.09999999999999787
6524, 0.10000000000000142, 0.09999999999999787
6525, 0.10000000000000142, 0.09999999999999787
6526, 0.10000000000000142, 0.09999999999999787
6527, 0.10000000000000142, 0.09999999999999787
6528, 0.10000000000000142, 0.09999999999999787
6529, 0.10000000000000142, 0.09999999999999787
6530, 0.10000000000000142, 0.09999999999999787
6531, 0.10000000000000142, 0.09999999999999787
6532, 0.10000000000000142, 0.09999999999999787
6533, 0.10000000000000142, 0.09999999999999787
6534, 0.10000000000000142, 0.09999999999999787
6535, 0.10000000000000142, 0.09999999999999787
6536, 0.10000000000000142, 0.09999999999999787
6537, 0.10000000000000142, 0.09999999999999787
6538, 0.10000000000000142, 0.09999999999999787
6539, 0.10000000000000142, 0.09999999999999787
6540, 0.10000000000000142, 0.09999999999999787
6541, 0.0, 0.09999999999999787
6542, 0.0, 0.09999999999999787
6543, 0.0, 0.09999999999999787
6544, 0.0, 0.09999999999999787
6545, 0.0, 0.0
6546, 0.0, 0.0
6547, 0.0, 0.0
6548, 0.0, 0.0
6549, 0.0, 0.09999999999999787
6550, 0.0, 0.09999999999999787
6551, 0.0, 0.09999999999999787
6552, 0.0, 0.09999999999999787
6553, 0.0, 0.09999999999999787
6554, 0.0, 0.09999999999999787
6555, 0.0, 0.0
6556, 0.0, 0.0
6557, 0.0, 0.0
6558, 0.0, 0.0
6559, 0.0, 0.0
6560, 0.0, 0.0
6561, 0.0, 0.0
6562, 0.0, 0.0
6563, 0.0, 0.0
6564, 0.0, 0.0
6565, 0.0, 0.0
6566, 0.0, 0.0
6567, 0.0, 0.0
6568, 0.0, 0.0
6569, 0.0, 0.0
6570, 0.0, 0.0
6571, 0.0, 0.0
6572, 0.0, 0.0
6573, 0.0, 0.0
6574, 0.0, 0.0
6575, 0.0, 0.0
6576, 0.0, 0.0
6577, 0.0, 0.0
6578, 0.0, 0.0
6579, 0.0, 0.0
6580, 0.0, 0.0
6581, 0.0, 0.0
6582, 0.0, 0.0
6583, 0.0, 0.09999999999999787
6584, 0.0, 0.09999999999999787
6585, 0.0, 0.09999999999999787
6586, 0.0, 0.09999999999999787
6587, 0.0, 0.09999999999999787
6588, 0.0, 0.09999999999999787
6589, 0.0, 0.09999999999999787
6590, 0.0, 0.09999999999999787
6591, 0.0, 0.09999999999999787
6592, 0.0, 0.09999999999999787
6593, 0.0, 0.09999999999999787
6594, 0.0, 0.09999999999999787
6595, 0.0, 0.09999999999999787
6596, 0.0, 0.09999999999999787
6597, 0.0, 0.09999999999999787
6598, 0.0, 0.09999999999999787
6599, 0.0, 0.09999999999999787
6600, 0.0, 0.09999999999999787
6601, 0.0, 0.09999999999999787
6602, 0.0, 0.09999999999999787
6603, 0.0, 0.09999999999999787
6604, 0.0, 0.09999999999999787
6605, 0.0, 0.09999999999999787
6606, 0.0, 0.09999999999999787
6607, 0.0, 0.09999999999999787
6608, 0.0, 0.09999999999999787
6609, 0.10000000000000142, 0.09999999999999787
6610, 0.10000000000000142, 0.09999999999999787
6611, 0.10000000000000142, 0.09999999999999787
6612, 0.10000000000000142, 0.09999999999999787
6613, 0.10000000000000142, 0.09999999999999787
6614, 0.10000000000000142, 0.0
6615, 0.10000000000000142, 0.0
6616, 0.10000000000000142, 0.0
6617, 0.10000000000000142, 0.0
6618, 0.10000000000000142, 0.0
6619, 0.10000000000000142, 0.0
6620, 0.10000000000000142, 0.0
6621, 0.10000000000000142, 0.0
6622, 0.10000000000000142, 0.0
6623, 0.0, 0.0
6624, 0.0, 0.0
6625, 0.0, 0.0
6626, 0.0, 0.0
6627, 0.0, 0.0
6628, 0.0, 0.0
6629, 0.0, 0.0
6630, 0.0, 0.0
6631, 0.0, 0.0
6632, 0.0, 0.0
6633, 0.0, 0.0
6634, 0.0, 0.0
6635, 0.0, 0.0
6636, 0.0, 0.0
6637, 0.0, 0.0
6638, 0.0, 0.0
6639, 0.0, 0.0
6640, 0.0, 0.09999999999999787
6641, 0.0, 0.09999999999999787
6642, 0.0, 0.0
6643, 0.0, 0.0
6644, 0.0, 0.0
6645, 0.0, 0.0
6646, 0.0, 0.0
6647, 0.0, 0.0
6648, 0.0, 0.0
6649, 0.0, 0.0
6650, 0.0, 0.0
6651, 0.0, 0.0
6652, 0.0, 0.0
6653, 0.0, 0.0
6654, 0.0, 0.0
6655, 0.0, 0.0
6656, 0.0, 0.0
6657, 0.10000000000000142, 0.09999999999999787
6658, 0.10000000000000142, 0.09999999999999787
6659, 0.10000000000000142, 0.09999999999999787
6660, 0.10000000000000142, 0.09999999999999787
6661, 0.10000000000000142, 0.09999999999999787
6662, 0.10000000000000142, 0.09999999999999787
6663, 0.10000000000000142, 0.09999999999999787
6664, 0.10000000000000142, 0.09999999999999787
6665, 0.10000000000000142, 0.0
6666, 0.10000000000000142, 0.0
6667, 0.10000000000000142, 0.0
6668, 0.10000000000000142, 0.0
6669, 0.10000000000000142, 0.0
6670, 0.10000000000000142, 0.0
6671, 0.1999999999999993, 0.09999999999999787
6672, 0.1999999999999993, 0.09999999999999787
6673, 0.1999999999999993, 0.09999999999999787
6674, 0.1999999999999993, 0.09999999999999787
6675, 0.1999999999999993, 0.09999999999999787
6676, 0.1999999999999993, 0.0
6677, 0.1999999999999993, 0.0
6678, 0.1999999999999993, 0.0
6679, 0.1999999999999993, 0.0
6680, 0.1999999999999993, 0.0
6681, 0.1999999999999993, 0.0
6682, 0.1999999999999993, 0.0
6683, 0.1999999999999993, 0.0
6684, 0.10000000000000142, 0.0
6685, 0.10000000000000142, 0.0
6686, 0.10000000000000142, 0.0
6687, 0.10000000000000142, 0.0
6688, 0.10000000000000142, 0.0
6689, 0.10000000000000142, 0.0
6690, 0.10000000000000142, 0.0
6691, 0.10000000000000142, 0.0
6692, 0.10000000000000142, 0.0
6693, 0.10000000000000142, 0.0
6694, 0.10000000000000142, 0.0
6695, 0.10000000000000142, 0.0
6696, 0.10000000000000142, 0.0
6697, 0.10000000000000142, 0.0
6698, 0.10000000000000142, 0.0
6699, 0.10000000000000142, 0.0
6700, 0.10000000000000142, 0.0
6701, 0.10000000000000142, 0.0
6702, 0.10000000000000142, 0.0
6703, 0.10000000000000142, 0.0
6704, 0.10000000000000142, 0.0
6705, 0.10000000000000142, 0.0
6706, 0.10000000000000142, 0.0
6707, 0.10000000000000142, 0.0
6708, 0.10000000000000142, 0.0
6709, 0.10000000000000142, 0.0
6710, 0.10000000000000142, 0.0
6711, 0.10000000000000142, 0.0
6712, 0.10000000000000142, 0.0
6713, 0.10000000000000142, 0.0
6714, 0.10000000000000142, 0.0
6715, 0.10000000000000142, 0.0
6716, 0.10000000000000142, 0.0
6717, 0.10000000000000142, 0.0
6718, 0.10000000000000142, 0.0
6719, 0.0, 0.0
6720, 0.0, 0.0
6721, 0.0, 0.0
6722, 0.0, 0.0
6723, 0.0, 0.0
6724, 0.0, 0.0
6725, 0.0, 0.0
6726, 0.0, 0.0
6727, 0.0, 0.0
6728, 0.0, 0.0
6729, 0.0, 0.0
6730, 0.0, 0.0
6731, 0.0, 0.0
6732, 0.0, 0.0
6733, 0.0, 0.0
6734, 0.0, 0.0
6735, 0.0, 0.0
6736, 0.0, 0.0
6737, 0.0, 0.0
6738, 0.0, 0.0
6739, 0.0, 0.0
6740, 0.10000000000000142, 0.0
6741, 0.10000000000000142, 0.0
6742, 0.10000000000000142, 0.0
6743, 0.10000000000000142, 0.09999999999999787
6744, 0.10000000000000142, 0.09999999999999787
6745, 0.10000000000000142, 0.09999999999999787
6746, 0.10000000000000142, 0.09999999999999787
6747, 0.10000000000000142, 0.09999999999999787
6748, 0.10000000000000142, 0.09999999999999787
6749, 0.10000000000000142, 0.09999999999999787
6750, 0.10000000000000142, 0.09999999999999787
6751, 0.10000000000000142, 0.09999999999999787
6752, 0.10000000000000142, 0.09999999999999787
6753, 0.10000000000000142, 0.09999999999999787
6754, 0.10000000000000142, 0.09999999999999787
6755, 0.3000000000000007, 0.09999999999999787
6756, 0.3000000000000007, 0.09999999999999787
6757, 0.3000000000000007, 0.0
6758, 0.3000000000000007, 0.0
6759, 0.3000000000000007, 0.0
6760, 0.3000000000000007, 0.0
6761, 0.3000000000000007, 0.0
6762, 0.3000000000000007, 0.09999999999999787
6763, 0.3000000000000007, 0.09999999999999787
6764, 0.3000000000000007, 0.09999999999999787
6765, 0.3000000000000007, 0.09999999999999787
6766, 0.3000000000000007, 0.09999999999999787
6767, 0.3000000000000007, 0.09999999999999787
6768, 0.3000000000000007, 0.09999999999999787
6769, 0.3000000000000007, 0.09999999999999787
6770, 0.3000000000000007, 0.09999999999999787
6771, 0.3000000000000007, 0.09999999999999787
6772, 0.3000000000000007, 0.09999999999999787
6773, 0.3000000000000007, 0.09999999999999787
6774, 0.3000000000000007, 0.09999999999999787
6775, 0.3000000000000007, 0.09999999999999787
6776, 0.1999999999999993, 0.09999999999999787
6777, 0.1999999999999993, 0.09999999999999787
6778, 0.1999999999999993, 0.09999999999999787
6779, 0.1999999999999993, 0.09999999999999787
6780, 0.1999999999999993, 0.09999999999999787
6781, 0.10000000000000142, 0.0
6782, 0.0, 0.0
6783, 0.0, 0.0
6784, 0.0, 0.0
6785, 0.0, 0.0
6786, 0.0, 0.0
6787, 0.0, 0.0
6788, 0.0, 0.0
6789, 0.0, 0.0
6790, 0.0, 0.0
6791, 0.0, 0.0
6792, 0.0, 0.0
6793, 0.0, 0.0
6794, 0.0, 0.0
6795, 0.10000000000000142, 0.0
6796, 0.10000000000000142, 0.0
6797, 0.10000000000000142, 0.09999999999999787
6798, 0.10000000000000142, 0.09999999999999787
6799, 0.10000000000000142, 0.09999999999999787
6800, 0.10000000000000142, 0.09999999999999787
6801, 0.10000000000000142, 0.09999999999999787
6802, 0.10000000000000142, 0.09999999999999787
6803, 0.10000000000000142, 0.09999999999999787
6804, 0.10000000000000142, 0.09999999999999787
6805, 0.10000000000000142, 0.09999999999999787
6806, 0.10000000000000142, 0.09999999999999787
6807, 0.10000000000000142, 0.09999999999999787
6808, 0.10000000000000142, 0.09999999999999787
6809, 0.10000000000000142, 0.0
6810, 0.10000000000000142, 0.0
6811, 0.10000000000000142, 0.0
6812, 0.10000000000000142, 0.0
6813, 0.10000000000000142, 0.0
6814, 0.1999999999999993, 0.0
6815, 0.1999999999999993, 0.0
6816, 0.1999999999999993, 0.0
6817, 0.1999999999999993, 0.0
6818, 0.1999999999999993, 0.0
6819, 0.1999999999999993, 0.0
6820, 0.1999999999999993, 0.0
6821, 0.1999999999999993, 0.0
6822, 0.1999999999999993, 0.0
6823, 0.1999999999999993, 0.0
6824, 0.1999999999999993, 0.0
6825, 0.1999999999999993, 0.0
6826, 0.1999999999999993, 0.0
6827, 0.1999999999999993, 0.0
6828, 0.1999999999999993, 0.0
6829, 0.1999999999999993, 0.0
6830, 0.1999999999999993, 0.0
6831, 0.1999999999999993, 0.0
6832, 0.1999999999999993, 0.0
6833, 0.1999999999999993, 0.0
6834, 0.10000000000000142, 0.0
6835, 0.10000000000000142, 0.0
6836, 0.10000000000000142, 0.0
6837, 0.10000000000000142, 0.0
6838, 0.10000000000000142, 0.0
6839, 0.10000000000000142, 0.0
6840, 0.10000000000000142, 0.0
6841, 0.10000000000000142, 0.0
6842, 0.10000000000000142, 0.0
6843, 0.10000000000000142, 0.0
6844, 0.10000000000000142, 0.0
6845, 0.10000000000000142, 0.0
6846, 0.10000000000000142, 0.0
6847, 0.10000000000000142, 0.0
6848, 0.10000000000000142, 0.0
6849, 0.10000000000000142, 0.0
6850, 0.10000000000000142, 0.0
6851, 0.10000000000000142, 0.0
6852, 0.10000000000000142, 0.0
6853, 0.10000000000000142, 0.0
6854, 0.10000000000000142, 0.0
6855, 0.10000000000000142, 0.0
6856, 0.10000000000000142, 0.0
6857, 0.10000000000000142, 0.0
6858, 0.10000000000000142, 0.0
6859, 0.10000000000000142, 0.0
6860, 0.10000000000000142, 0.0
6861, 0.10000000000000142, 0.0
6862, 0.10000000000000142, 0.09999999999999787
6863, 0.10000000000000142, 0.09999999999999787
6864, 0.10000000000000142, 0.09999999999999787
6865, 0.10000000000000142, 0.09999999999999787
6866, 0.10000000000000142, 0.09999999999999787
6867, 0.10000000000000142, 0.09999999999999787
6868, 0.10000000000000142, 0.09999999999999787
6869, 0.10000000000000142, 0.09999999999999787
6870, 0.10000000000000142, 0.09999999999999787
6871, 0.10000000000000142, 0.09999999999999787
6872, 0.10000000000000142, 0.09999999999999787
6873, 0.10000000000000142, 0.09999999999999787
6874, 0.10000000000000142, 0.09999999999999787
6875, 0.10000000000000142, 0.09999999999999787
6876, 0.10000000000000142, 0.09999999999999787
6877, 0.10000000000000142, 0.09999999999999787
6878, 0.10000000000000142, 0.09999999999999787
6879, 0.10000000000000142, 0.09999999999999787
6880, 0.10000000000000142, 0.09999999999999787
6881, 0.10000000000000142, 0.09999999999999787
6882, 0.10000000000000142, 0.09999999999999787
6883, 0.10000000000000142, 0.09999999999999787
6884, 0.10000000000000142, 0.09999999999999787
6885, 0.10000000000000142, 0.09999999999999787
6886, 0.10000000000000142, 0.09999999999999787
6887, 0.10000000000000142, 0.09999999999999787
6888, 0.10000000000000142, 0.09999999999999787
6889, 0.10000000000000142, 0.09999999999999787
6890, 0.10000000000000142, 0.09999999999999787
6891, 0.10000000000000142, 0.09999999999999787
6892, 0.10000000000000142, 0.09999999999999787
6893, 0.10000000000000142, 0.09999999999999787
6894, 0.10000000000000142, 0.09999999999999787
6895, 0.10000000000000142, 0.09999999999999787
6896, 0.10000000000000142, 0.09999999999999787
6897, 0.10000000000000142, 0.09999999999999787
6898, 0.10000000000000142, 0.09999999999999787
6899, 0.10000000000000142, 0.09999999999999787
6900, 0.10000000000000142, 0.09999999999999787
6901, 0.10000000000000142, 0.09999999999999787
6902, 0.10000000000000142, 0.09999999999999787
6903, 0.10000000000000142, 0.09999999999999787
6904, 0.10000000000000142, 0.09999999999999787
6905, 0.10000000000000142, 0.09999999999999787
6906, 0.10000000000000142, 0.09999999999999787
6907, 0.10000000000000142, 0.0
6908, 0.10000000000000142, 0.0
6909, 0.10000000000000142, 0.0
6910, 0.10000000000000142, 0.0
6911, 0.10000000000000142, 0.0
6912, 0.10000000000000142, 0.0
6913, 0.10000000000000142, 0.0
6914, 0.10000000000000142, 0.0
6915, 0.10000000000000142, 0.0
6916, 0.10000000000000142, 0.0
6917, 0.10000000000000142, 0.0
6918, 0.10000000000000142, 0.0
6919, 0.10000000000000142, 0.0
6920, 0.10000000000000142, 0.0
6921, 0.10000000000000142, 0.0
6922, 0.10000000000000142, 0.0
6923, 0.0, 0.0
6924, 0.0, 0.0
6925, 0.0, 0.0
6926, 0.0, 0.0
6927, 0.0, 0.0
6928, 0.0, 0.0
6929, 0.0, 0.0
6930, 0.0, 0.0
6931, 0.0, 0.0
6932, 0.0, 0.0
6933, 0.10000000000000142, 0.0
6934, 0.10000000000000142, 0.0
6935, 0.10000000000000142, 0.0
6936, 0.10000000000000142, 0.0
6937, 0.10000000000000142, 0.0
6938, 0.10000000000000142, 0.0
6939, 0.10000000000000142, 0.09999999999999787
6940, 0.10000000000000142, 0.09999999999999787
6941, 0.10000000000000142, 0.09999999999999787
6942, 0.10000000000000142, 0.09999999999999787
6943, 0.10000000000000142, 0.09999999999999787
6944, 0.10000000000000142, 0.09999999999999787
6945, 0.10000000000000142, 0.09999999999999787
6946, 0.10000000000000142, 0.09999999999999787
6947, 0.10000000000000142, 0.09999999999999787
6948, 0.10000000000000142, 0.09999999999999787
6949, 0.10000000000000142, 0.09999999999999787
6950, 0.10000000000000142, 0.09999999999999787
6951, 0.10000000000000142, 0.09999999999999787
6952, 0.10000000000000142, 0.09999999999999787
6953, 0.10000000000000142, 0.09999999999999787
6954, 0.10000000000000142, 0.09999999999999787
6955, 0.10000000000000142, 0.09999999999999787
6956, 0.10000000000000142, 0.09999999999999787
6957, 0.10000000000000142, 0.09999999999999787
6958, 0.10000000000000142, 0.09999999999999787
6959, 0.10000000000000142, 0.09999999999999787
6960, 0.10000000000000142, 0.09999999999999787
6961, 0.10000000000000142, 0.09999999999999787
6962, 0.10000000000000142, 0.0
6963, 0.10000000000000142, 0.0
6964, 0.10000000000000142, 0.0
6965, 0.10000000000000142, 0.0
6966, 0.1999999999999993, 0.0
6967, 0.1999999999999993, 0.0
6968, 0.1999999999999993, 0.0
6969, 0.1999999999999993, 0.0
6970, 0.1999999999999993, 0.0
6971, 0.1999999999999993, 0.0
6972, 0.1999999999999993, 0.0
6973, 0.1999999999999993, 0.0
6974, 0.1999999999999993, 0.0
6975, 0.1999999999999993, 0.0
6976, 0.1999999999999993, 0.0
6977, 0.1999999999999993, 0.0
6978, 0.1999999999999993, 0.0
6979, 0.1999999999999993, 0.0
6980, 0.1999999999999993, 0.0
6981, 0.1999999999999993, 0.0
6982, 0.1999999999999993, 0.0
6983, 0.1999999999999993, 0.0
6984, 0.1999999999999993, 0.0
6985, 0.1999999999999993, 0.0
6986, 0.1999999999999993, 0.0
6987, 0.1999999999999993, 0.0
6988, 0.1999999999999993, 0.0
6989, 0.1999999999999993, 0.0
6990, 0.1999999999999993, 0.0
6991, 0.1999999999999993, 0.0
6992, 0.1999999999999993, 0.0
6993, 0.1999999999999993, 0.0
6994, 0.1999999999999993, 0.0
6995, 0.1999999999999993, 0.0
6996, 0.1999999999999993, 0.0
6997, 0.1999999999999993, 0.0
6998, 0.1999999999999993, 0.0
6999, 0.1999999999999993, 0.0
7000, 0.1999999999999993, 0.0
7001, 0.1999999999999993, 0.0
7002, 0.1999999999999993, 0.0
7003, 0.1999999999999993, 0.0
7004, 0.1999999999999993, 0.0
7005, 0.1999999999999993, 0.0
7006, 0.1999999999999993, 0.0
7007, 0.10000000000000142, 0.0
7008, 0.0, 0.0
7009, 0.0, 0.0
7010, 0.0, 0.0
7011, 0.0, 0.0
7012, 0.10000000000000142, 0.0
7013, 0.10000000000000142, 0.0
7014, 0.10000000000000142, 0.0
7015, 0.10000000000000142, 0.0
7016, 0.10000000000000142, 0.0
7017, 0.10000000000000142, 0.0
7018, 0.10000000000000142, 0.0
7019, 0.10000000000000142, 0.0
7020, 0.10000000000000142, 0.0
7021, 0.10000000000000142, 0.0
7022, 0.10000000000000142, 0.0
7023, 0.10000000000000142, 0.0
7024, 0.10000000000000142, 0.0
7025, 0.10000000000000142, 0.0
7026, 0.10000000000000142, 0.0
7027, 0.10000000000000142, 0.0
7028, 0.10000000000000142, 0.0
7029, 0.10000000000000142, 0.0
7030, 0.10000000000000142, 0.0
7031, 0.10000000000000142, 0.0
7032, 0.10000000000000142, 0.0
7033, 0.10000000000000142, 0.0
7034, 0.10000000000000142, 0.0
7035, 0.10000000000000142, 0.0
7036, 0.10000000000000142, 0.0
7037, 0.10000000000000142, 0.0
7038, 0.10000000000000142, 0.0
7039, 0.10000000000000142, 0.0
7040, 0.10000000000000142, 0.0
7041, 0.10000000000000142, 0.0
7042, 0.10000000000000142, 0.0
7043, 0.10000000000000142, 0.0
7044, 0.10000000000000142, 0.0
7045, 0.10000000000000142, 0.0
7046, 0.10000000000000142, 0.0
7047, 0.10000000000000142, 0.0
7048, 0.10000000000000142, 0.0
7049, 0.10000000000000142, 0.0
7050, 0.10000000000000142, 0.0
7051, 0.10000000000000142, 0.0
7052, 0.10000000000000142, 0.0
7053, 0.10000000000000142, 0.0
7054, 0.10000000000000142, 0.0
7055, 0.10000000000000142, 0.0
7056, 0.10000000000000142, 0.0
7057, 0.10000000000000142, 0.0
7058, 0.0, 0.0
7059, 0.0, 0.0
7060, 0.0, 0.0
7061, 0.0, 0.0
7062, 0.0, 0.0
7063, 0.0, 0.0
7064, 0.0, 0.0
7065, 0.0, 0.0
7066, 0.0, 0.0
7067, 0.0, 0.0
7068, 0.0, 0.0
7069, 0.0, 0.0
7070, 0.0, 0.0
7071, 0.0, 0.09999999999999787
7072, 0.0, 0.09999999999999787
7073, 0.0, 0.09999999999999787
7074, 0.0, 0.09999999999999787
7075, 0.0, 0.09999999999999787
7076, 0.0, 0.09999999999999787
7077, 0.0, 0.09999999999999787
7078, 0.0, 0.09999999999999787
7079, 0.0, 0.09999999999999787
7080, 0.0, 0.09999999999999787
7081, 0.0, 0.09999999999999787
7082, 0.0, 0.0
7083, 0.0, 0.0
7084, 0.0, 0.0
7085, 0.0, 0.0
7086, 0.0, 0.0
7087, 0.10000000000000142, 0.0
7088, 0.10000000000000142, 0.0
7089, 0.10000000000000142, 0.0
7090, 0.10000000000000142, 0.0
7091, 0.10000000000000142, 0.0
7092, 0.10000000000000142, 0.0
7093, 0.10000000000000142, 0.0
7094, 0.10000000000000142, 0.0
7095, 0.10000000000000142, 0.0
7096, 0.10000000000000142, 0.0
7097, 0.10000000000000142, 0.0
7098, 0.10000000000000142, 0.0
7099, 0.10000000000000142, 0.0
7100, 0.10000000000000142, 0.0
7101, 0.10000000000000142, 0.0
7102, 0.10000000000000142, 0.0
7103, 0.1999999999999993, 0.0
7104, 0.1999999999999993, 0.0
7105, 0.1999999999999993, 0.09999999999999787
7106, 0.1999999999999993, 0.09999999999999787
7107, 0.1999999999999993, 0.09999999999999787
7108, 0.10000000000000142, 0.09999999999999787
7109, 0.10000000000000142, 0.09999999999999787
7110, 0.10000000000000142, 0.09999999999999787
7111, 0.10000000000000142, 0.09999999999999787
7112, 0.10000000000000142, 0.09999999999999787
7113, 0.10000000000000142, 0.09999999999999787
7114, 0.10000000000000142, 0.0
7115, 0.10000000000000142, 0.0
7116, 0.10000000000000142, 0.0
7117, 0.10000000000000142, 0.0
7118, 0.10000000000000142, 0.0
7119, 0.10000000000000142, 0.0
7120, 0.10000000000000142, 0.0
7121, 0.10000000000000142, 0.0
7122, 0.10000000000000142, 0.0
7123, 0.10000000000000142, 0.0
7124, 0.10000000000000142, 0.0
7125, 0.10000000000000142, 0.0
7126, 0.10000000000000142, 0.0
7127, 0.10000000000000142, 0.0
7128, 0.10000000000000142, 0.0
7129, 0.10000000000000142, 0.0
7130, 0.10000000000000142, 0.0
7131, 0.0, 0.0
7132, 0.0, 0.0
7133, 0.0, 0.0
7134, 0.0, 0.0
7135, 0.0, 0.0
7136, 0.0, 0.0
7137, 0.0, 0.0
7138, 0.0, 0.0
7139, 0.0, 0.0
7140, 0.0, 0.0
7141, 0.0, 0.0
7142, 0.0, 0.0
7143, 0.0, 0.0
7144, 0.0, 0.0
7145, 0.0, 0.0
7146, 0.0, 0.09999999999999787
7147, 0.0, 0.09999999999999787
7148, 0.0, 0.09999999999999787
7149, 0.0, 0.09999999999999787
7150, 0.0, 0.09999999999999787
7151, 0.0, 0.09999999999999787
7152, 0.0, 0.09999999999999787
7153, 0.0, 0.09999999999999787
7154, 0.0, 0.09999999999999787
7155, 0.0, 0.09999999999999787
7156, 0.0, 0.09999999999999787
7157, 0.0, 0.09999999999999787
7158, 0.0, 0.09999999999999787
7159, 0.0, 0.09999999999999787
7160, 0.0, 0.09999999999999787
7161, 0.0, 0.09999999999999787
7162, 0.0, 0.09999999999999787
7163, 0.0, 0.09999999999999787
7164, 0.0, 0.09999999999999787
7165, 0.0, 0.09999999999999787
7166, 0.0, 0.09999999999999787
7167, 0.0, 0.09999999999999787
7168, 0.0, 0.0
7169, 0.0, 0.0
7170, 0.0, 0.0
7171, 0.0, 0.0
7172, 0.0, 0.0
7173, 0.0, 0.0
7174, 0.0, 0.0
7175, 0.0, 0.0
7176, 0.0, 0.0
7177, 0.0, 0.0
7178, 0.0, 0.0
7179, 0.0, 0.0
7180, 0.0, 0.0
7181, 0.0, 0.0
7182, 0.0, 0.0
7183, 0.0, 0.0
7184, 0.0, 0.0
7185, 0.0, 0.0
7186, 0.0, 0.0
7187, 0.0, 0.0
7188, 0.0, 0.0
7189, 0.0, 0.0
7190, 0.0, 0.0
7191, 0.0, 0.0
7192, 0.0, 0.0
7193, 0.0, 0.0
7194, 0.0, 0.0
7195, 0.0, 0.0
7196, 0.0, 0.0
7197, 0.0, 0.0
7198, 0.0, 0.0
7199, 0.0, 0.0
7200, 0.0, 0.0
7201, 0.0, 0.0
7202, 0.0, 0.0
7203, 0.0, 0.0
7204, 0.0, 0.0
7205, 0.0, 0.0
7206, 0.0, 0.0
7207, 0.0, 0.0
7208, 0.0, 0.0
7209, 0.0, 0.0
7210, 0.0, 0.0
7211, 0.0, 0.0
7212, 0.10000000000000142, 0.0
7213, 0.10000000000000142, 0.0
7214, 0.10000000000000142, 0.0
7215, 0.10000000000000142, 0.0
7216, 0.10000000000000142, 0.0
7217, 0.10000000000000142, 0.0
7218, 0.10000000000000142, 0.0
7219, 0.10000000000000142, 0.0
7220, 0.10000000000000142, 0.0
7221, 0.10000000000000142, 0.0
7222, 0.10000000000000142, 0.0
7223, 0.10000000000000142, 0.0
7224, 0.10000000000000142, 0.0
7225, 0.10000000000000142, 0.0
7226, 0.10000000000000142, 0.0
7227, 0.10000000000000142, 0.0
7228, 0.10000000000000142, 0.0
7229, 0.10000000000000142, 0.0
7230, 0.10000000000000142, 0.0
7231, 0.10000000000000142, 0.0
7232, 0.10000000000000142, 0.0
7233, 0.10000000000000142, 0.0
7234, 0.10000000000000142, 0.0
7235, 0.10000000000000142, 0.0
7236, 0.10000000000000142, 0.0
7237, 0.10000000000000142, 0.0
7238, 0.0, 0.0
7239, 0.0, 0.0
7240, 0.0, 0.0
7241, 0.0, 0.0
7242, 0.0, 0.0
7243, 0.0, 0.0
7244, 0.0, 0.0
7245, 0.0, 0.0
7246, 0.0, 0.0
7247, 0.0, -0.10000000000000142
7248, 0.0, -0.10000000000000142
7249, 0.0, -0.10000000000000142
7250, 0.0, -0.10000000000000142
7251, 0.0, -0.10000000000000142
7252, 0.0, -0.10000000000000142
7253, 0.0, -0.10000000000000142
7254, 0.0, -0.10000000000000142
7255, 0.0, -0.10000000000000142
7256, 0.0, -0.10000000000000142
7257, 0.10000000000000142, -0.10000000000000142
7258, 0.10000000000000142, -0.10000000000000142
7259, 0.10000000000000142, -0.10000000000000142
7260, 0.10000000000000142, -0.10000000000000142
7261, 0.10000000000000142, -0.10000000000000142
7262, 0.10000000000000142, -0.10000000000000142
7263, 0.10000000000000142, -0.10000000000000142
7264, 0.10000000000000142, -0.10000000000000142
7265, 0.10000000000000142, -0.10000000000000142
7266, 0.1999999999999993, -0.10000000000000142
7267, 0.1999999999999993, -0.10000000000000142
7268, 0.1999999999999993, -0.10000000000000142
7269, 0.1999999999999993, -0.10000000000000142
7270, 0.1999999999999993, -0.10000000000000142
7271, 0.1999999999999993, -0.10000000000000142
7272, 0.1999999999999993, -0.10000000000000142
7273, 0.1999999999999993, -0.10000000000000142
7274, 0.1999999999999993, -0.10000000000000142
7275, 0.1999999999999993, -0.10000000000000142
7276, 0.1999999999999993, -0.10000000000000142
7277, 0.1999999999999993, 0.0
7278, 0.1999999999999993, 0.0
7279, 0.1999999999999993, 0.0
7280, 0.1999999999999993, 0.0
7281, 0.1999999999999993, 0.0
7282, 0.1999999999999993, 0.0
7283, 0.1999999999999993, 0.0
7284, 0.1999999999999993, 0.0
7285, 0.1999999999999993, 0.0
7286, 0.10000000000000142, 0.0
7287, 0.10000000000000142, 0.0
7288, 0.10000000000000142, 0.0
7289, 0.10000000000000142, 0.0
7290, 0.10000000000000142, 0.0
7291, 0.10000000000000142, 0.0
7292, 0.10000000000000142, 0.0
7293, 0.10000000000000142, 0.0
7294, 0.10000000000000142, 0.0
7295, 0.10000000000000142, 0.0
7296, 0.10000000000000142, 0.0
7297, 0.10000000000000142, 0.0
7298, 0.10000000000000142, 0.0
7299, 0.10000000000000142, 0.0
7300, 0.10000000000000142, 0.0
7301, 0.10000000000000142, 0.0
7302, 0.10000000000000142, 0.0
7303, 0.0, 0.0
7304, 0.0, 0.0
7305, 0.0, 0.0
7306, 0.0, 0.0
7307, 0.0, 0.0
7308, 0.0, 0.0
7309, 0.0, 0.0
7310, 0.0, 0.0
7311, 0.0, 0.0
7312, 0.0, 0.0
7313, 0.0, 0.0
7314, 0.0, 0.0
7315, 0.0, 0.0
7316, 0.0, 0.0
7317, 0.0, 0.0
7318, 0.0, 0.0
7319, 0.0, 0.0
7320, 0.0, 0.0
7321, 0.0, 0.0
7322, 0.0, 0.0
7323, 0.0, 0.0
7324, 0.0, 0.0
7325, 0.0, 0.0
7326, 0.0, 0.0
7327, 0.10000000000000142, 0.0
7328, 0.10000000000000142, 0.0
7329, 0.10000000000000142, -0.10000000000000142
7330, 0.10000000000000142, -0.10000000000000142
7331, 0.10000000000000142, -0.10000000000000142
7332, 0.10000000000000142, 0.0
7333, 0.10000000000000142, 0.0
7334, 0.10000000000000142, 0.0
7335, 0.10000000000000142, 0.0
7336, 0.10000000000000142, 0.0
7337, 0.10000000000000142, 0.0
7338, 0.10000000000000142, 0.0
7339, 0.10000000000000142, 0.0
7340, 0.10000000000000142, 0.0
7341, 0.10000000000000142, 0.0
7342, 0.10000000000000142, 0.0
7343, 0.10000000000000142, 0.0
7344, 0.10000000000000142, 0.0
7345, 0.10000000000000142, 0.0
7346, 0.10000000000000142, 0.0
7347, 0.10000000000000142, 0.0
7348, 0.10000000000000142, 0.0
7349, 0.10000000000000142, 0.0
7350, 0.10000000000000142, 0.0
7351, 0.10000000000000142, 0.0
7352, 0.10000000000000142, 0.0
7353, 0.10000000000000142, 0.0
7354, 0.10000000000000142, 0.0
7355, 0.10000000000000142, 0.0
7356, 0.0, 0.0
7357, 0.0, 0.0
7358, 0.0, 0.0
7359, 0.0, 0.0
7360, 0.10000000000000142, 0.0
7361, 0.10000000000000142, 0.0
7362, 0.10000000000000142, 0.0
7363, 0.10000000000000142, 0.0
7364, 0.10000000000000142, 0.0
7365, 0.10000000000000142, 0.0
7366, 0.10000000000000142, 0.0
7367, 0.10000000000000142, 0.0
7368, 0.10000000000000142, 0.0
7369, 0.10000000000000142, 0.0
7370, 0.10000000000000142, 0.0
7371, 0.10000000000000142, 0.0
7372, 0.10000000000000142, 0.0
7373, 0.10000000000000142, 0.0
7374, 0.10000000000000142, 0.0
7375, 0.10000000000000142, 0.0
7376, 0.10000000000000142, 0.0
7377, 0.10000000000000142, 0.0
7378, 0.10000000000000142, 0.0
7379, 0.10000000000000142, 0.0
7380, 0.10000000000000142, 0.0
7381, 0.0, 0.0
7382, 0.0, 0.0
7383, 0.0, 0.0
7384, 0.10000000000000142, 0.0
7385, 0.10000000000000142, 0.0
7386, 0.10000000000000142, 0.0
7387, 0.10000000000000142, 0.0
7388, 0.10000000000000142, 0.0
7389, 0.10000000000000142, 0.0
7390, 0.10000000000000142, 0.0
7391, 0.10000000000000142, 0.0
7392, 0.10000000000000142, 0.0
7393, 0.10000000000000142, 0.0
7394, 0.10000000000000142, 0.0
7395, 0.10000000000000142, 0.0
7396, 0.10000000000000142, 0.0
7397, 0.10000000000000142, 0.0
7398, 0.10000000000000142, 0.09999999999999787
7399, 0.10000000000000142, 0.09999999999999787
7400, 0.10000000000000142, 0.09999999999999787
7401, 0.10000000000000142, 0.09999999999999787
7402, 0.10000000000000142, 0.0
7403, 0.10000000000000142, 0.0
7404, 0.0, 0.0
7405, 0.0, 0.0
7406, 0.0, 0.0
7407, 0.0, 0.0
7408, 0.0, 0.0
7409, 0.0, 0.0
7410, 0.0, 0.0
7411, 0.0, 0.0
7412, 0.0, 0.0
7413, 0.0, 0.0
7414, 0.0, 0.0
7415, 0.0, 0.0
7416, 0.0, 0.0
7417, 0.0, 0.0
7418, 0.0, 0.0
7419, 0.0, 0.0
7420, 0.0, 0.0
7421, 0.0, 0.0
7422, 0.0, 0.0
7423, 0.0, 0.0
7424, 0.0, 0.0
7425, 0.0, 0.0
7426, 0.0, 0.0
7427, 0.0, 0.0
7428, 0.0, 0.0
7429, 0.0, 0.0
7430, 0.0, 0.0
7431, 0.0, 0.0
7432, 0.0, 0.0
7433, 0.0, 0.0
7434, 0.0, 0.0
7435, 0.0, 0.0
7436, 0.10000000000000142, 0.0
7437, 0.10000000000000142, 0.0
7438, 0.10000000000000142, 0.0
7439, 0.10000000000000142, 0.0
7440, 0.10000000000000142, -0.10000000000000142
7441, 0.10000000000000142, -0.10000000000000142
7442, 0.10000000000000142, -0.10000000000000142
7443, 0.10000000000000142, -0.10000000000000142
7444, 0.10000000000000142, -0.10000000000000142
7445, 0.10000000000000142, -0.10000000000000142
7446, 0.10000000000000142, -0.10000000000000142
7447, 0.1999999999999993, -0.10000000000000142
7448, 0.1999999999999993, -0.10000000000000142
7449, 0.1999999999999993, -0.10000000000000142
7450, 0.1999999999999993, -0.10000000000000142
7451, 0.1999999999999993, -0.10000000000000142
7452, 0.1999999999999993, -0.10000000000000142
7453, 0.1999999999999993, -0.10000000000000142
7454, 0.1999999999999993, 0.0
7455, 0.1999999999999993, 0.0
7456, 0.1999999999999993, 0.0
7457, 0.3000000000000007, 0.0
7458, 0.1999999999999993, 0.0
7459, 0.1999999999999993, 0.0
7460, 0.1999999999999993, 0.0
7461, 0.1999999999999993, 0.0
7462, 0.1999999999999993, 0.0
7463, 0.1999999999999993, 0.0
7464, 0.1999999999999993, 0.0
7465, 0.1999999999999993, -0.10000000000000142
7466, 0.1999999999999993, -0.10000000000000142
7467, 0.1999999999999993, -0.10000000000000142
7468, 0.1999999999999993, -0.10000000000000142
7469, 0.1999999999999993, -0.10000000000000142
7470, 0.1999999999999993, -0.10000000000000142
7471, 0.1999999999999993, -0.10000000000000142
7472, 0.1999999999999993, -0.10000000000000142
7473, 0.1999999999999993, -0.10000000000000142
7474, 0.1999999999999993, -0.10000000000000142
7475, 0.1999999999999993, -0.10000000000000142
7476, 0.1999999999999993, -0.10000000000000142
7477, 0.1999999999999993, -0.10000000000000142
7478, 0.1999999999999993, -0.10000000000000142
7479, 0.1999999999999993, -0.10000000000000142
7480, 0.1999999999999993, -0.10000000000000142
7481, 0.1999999999999993, -0.10000000000000142
7482, 0.1999999999999993, -0.10000000000000142
7483, 0.1999999999999993, -0.10000000000000142
7484, 0.1999999999999993, -0.10000000000000142
7485, 0.1999999999999993, -0.10000000000000142
7486, 0.1999999999999993, -0.10000000000000142
7487, 0.1999999999999993, -0.10000000000000142
7488, 0.1999999999999993, -0.10000000000000142
7489, 0.1999999999999993, -0.10000000000000142
7490, 0.1999999999999993, -0.10000000000000142
7491, 0.1999999999999993, -0.10000000000000142
7492, 0.1999999999999993, -0.10000000000000142
7493, 0.1999999999999993, 0.0
7494, 0.10000000000000142, 0.0
7495, 0.10000000000000142, 0.0
7496, 0.10000000000000142, 0.0
7497, 0.10000000000000142, 0.0
7498, 0.10000000000000142, 0.0
7499, 0.10000000000000142, 0.0
7500, 0.10000000000000142, 0.0
7501, 0.10000000000000142, 0.0
7502, 0.10000000000000142, 0.0
7503, 0.10000000000000142, 0.0
7504, 0.10000000000000142, 0.0
7505, 0.10000000000000142, 0.0
7506, 0.10000000000000142, 0.0
7507, 0.10000000000000142, 0.0
7508, 0.10000000000000142, 0.0
7509, 0.10000000000000142, 0.0
7510, 0.10000000000000142, 0.0
7511, 0.10000000000000142, 0.0
7512, 0.10000000000000142, 0.0
7513, 0.10000000000000142, 0.0
7514, 0.10000000000000142, 0.0
7515, 0.10000000000000142, 0.0
7516, 0.10000000000000142, 0.0
7517, 0.10000000000000142, 0.0
7518, 0.10000000000000142, 0.0
7519, 0.10000000000000142, 0.0
7520, 0.1999999999999993, 0.0
7521, 0.1999999999999993, 0.0
7522, 0.1999999999999993, 0.0
7523, 0.1999999999999993, 0.0
7524, 0.1999999999999993, 0.0
7525, 0.1999999999999993, 0.0
7526, 0.1999999999999993, 0.0
7527, 0.1999999999999993, 0.0
7528, 0.1999999999999993, 0.0
7529, 0.1999999999999993, 0.0
7530, 0.1999999999999993, 0.0
7531, 0.1999999999999993, 0.0
7532, 0.1999999999999993, 0.0
7533, 0.1999999999999993, 0.0
7534, 0.1999999999999993, 0.0
7535, 0.1999999999999993, 0.0
7536, 0.1999999999999993, 0.0
7537, 0.1999999999999993, 0.0
7538, 0.1999999999999993, 0.0
7539, 0.1999999999999993, 0.0
7540, 0.1999999999999993, 0.0
7541, 0.1999999999999993, 0.0
7542, 0.1999999999999993, 0.0
7543, 0.1999999999999993, 0.0
7544, 0.1999999999999993, 0.0
7545, 0.10000000000000142, 0.0
7546, 0.10000000000000142, 0.0
7547, 0.10000000000000142, 0.0
7548, 0.10000000000000142, 0.0
7549, 0.10000000000000142, 0.0
7550, 0.10000000000000142, 0.0
7551, 0.10000000000000142, 0.0
7552, 0.10000000000000142, 0.0
7553, 0.10000000000000142, 0.0
7554, 0.10000000000000142, 0.0
7555, 0.10000000000000142, 0.0
7556, 0.10000000000000142, 0.0
7557, 0.10000000000000142, 0.0
7558, 0.10000000000000142, 0.0
7559, 0.10000000000000142, 0.0
7560, 0.10000000000000142, 0.0
7561, 0.10000000000000142, 0.0
7562, 0.10000000000000142, 0.0
7563, 0.10000000000000142, 0.0
7564, 0.10000000000000142, 0.0
7565, 0.10000000000000142, 0.0
7566, 0.10000000000000142, 0.0
7567, 0.10000000000000142, 0.0
7568, 0.10000000000000142, -0.10000000000000142
7569, 0.10000000000000142, -0.10000000000000142
7570, 0.10000000000000142, -0.10000000000000142
7571, 0.10000000000000142, -0.10000000000000142
7572, 0.10000000000000142, -0.10000000000000142
7573, 0.10000000000000142, -0.10000000000000142
7574, 0.10000000000000142, -0.10000000000000142
7575, 0.10000000000000142, -0.10000000000000142
7576, 0.10000000000000142, 0.0
7577, 0.10000000000000142, 0.0
7578, 0.10000000000000142, 0.0
7579, 0.10000000000000142, -0.10000000000000142
7580, 0.10000000000000142, -0.10000000000000142
7581, 0.10000000000000142, -0.10000000000000142
7582, 0.10000000000000142, -0.10000000000000142
7583, 0.10000000000000142, -0.10000000000000142
7584, 0.10000000000000142, -0.10000000000000142
7585, 0.10000000000000142, -0.10000000000000142
7586, 0.10000000000000142, 0.0
7587, 0.10000000000000142, 0.0
7588, 0.10000000000000142, 0.0
7589, 0.10000000000000142, 0.0
7590, 0.10000000000000142, 0.0
7591, 0.10000000000000142, 0.0
7592, 0.10000000000000142, 0.0
7593, 0.10000000000000142, 0.0
7594, 0.10000000000000142, -0.10000000000000142
7595, 0.10000000000000142, -0.10000000000000142
7596, 0.10000000000000142, -0.10000000000000142
7597, 0.10000000000000142, 0.0
7598, 0.10000000000000142, 0.0
7599, 0.10000000000000142, 0.0
7600, 0.10000000000000142, 0.0
7601, 0.10000000000000142, 0.0
7602, 0.10000000000000142, 0.0
7603, 0.10000000000000142, 0.0
7604, 0.10000000000000142, 0.0
7605, 0.10000000000000142, 0.0
7606, 0.10000000000000142, 0.0
7607, 0.10000000000000142, 0.0
7608, 0.10000000000000142, 0.0
7609, 0.10000000000000142, 0.0
7610, 0.10000000000000142, 0.0
7611, 0.10000000000000142, 0.0
7612, 0.10000000000000142, 0.0
7613, 0.10000000000000142, 0.0
7614, 0.10000000000000142, 0.0
7615, 0.10000000000000142, 0.0
7616, 0.10000000000000142, 0.0
7617, 0.10000000000000142, 0.0
7618, 0.10000000000000142, 0.0
7619, 0.10000000000000142, 0.0
7620, 0.10000000000000142, 0.0
7621, 0.10000000000000142, 0.0
7622, 0.10000000000000142, 0.0
7623, 0.10000000000000142, 0.0
7624, 0.10000000000000142, 0.0
7625, 0.10000000000000142, 0.0
7626, 0.10000000000000142, 0.0
7627, 0.10000000000000142, 0.0
7628, 0.10000000000000142, 0.0
7629, 0.10000000000000142, 0.0
7630, 0.10000000000000142, 0.0
7631, 0.10000000000000142, 0.0
7632, 0.10000000000000142, 0.0
7633, 0.10000000000000142, 0.0
7634, 0.10000000000000142, 0.0
7635, 0.10000000000000142, 0.0
7636, 0.10000000000000142, 0.0
7637, 0.10000000000000142, 0.0
7638, 0.10000000000000142, 0.0
7639, 0.10000000000000142, 0.0
7640, 0.10000000000000142, 0.0
7641, 0.0, 0.0
7642, 0.0, 0.0
7643, 0.0, 0.0
7644, 0.0, 0.0
7645, 0.0, 0.0
7646, 0.0, 0.09999999999999787
7647, 0.0, 0.09999999999999787
7648, 0.0, 0.09999999999999787
7649, 0.0, 0.09999999999999787
7650, 0.0, 0.09999999999999787
7651, 0.0, 0.09999999999999787
7652, 0.0, 0.09999999999999787
7653, 0.0, 0.09999999999999787
7654, 0.0, 0.09999999999999787
7655, 0.0, 0.09999999999999787
7656, 0.0, 0.09999999999999787
7657, 0.0, 0.09999999999999787
7658, 0.0, 0.09999999999999787
7659, 0.0, 0.09999999999999787
7660, 0.0, 0.09999999999999787
7661, 0.0, 0.09999999999999787
7662, 0.0, 0.09999999999999787
7663, 0.0, 0.09999999999999787
7664, 0.0, 0.09999999999999787
7665, 0.0, 0.09999999999999787
7666, 0.0, 0.09999999999999787
7667, 0.10000000000000142, 0.09999999999999787
7668, 0.10000000000000142, 0.09999999999999787
7669, 0.10000000000000142, 0.09999999999999787
7670, 0.10000000000000142, 0.09999999999999787
7671, 0.10000000000000142, 0.09999999999999787
7672, 0.10000000000000142, 0.09999999999999787
7673, 0.10000000000000142, 0.09999999999999787
7674, 0.10000000000000142, 0.09999999999999787
7675, 0.10000000000000142, 0.09999999999999787
7676, 0.10000000000000142, 0.09999999999999787
7677, 0.10000000000000142, 0.09999999999999787
7678, 0.10000000000000142, 0.0
7679, 0.10000000000000142, 0.0
7680, 0.10000000000000142, 0.0
7681, 0.10000000000000142, 0.0
7682, 0.10000000000000142, 0.0
7683, 0.10000000000000142, 0.0
7684, 0.10000000000000142, 0.0
7685, 0.10000000000000142, 0.0
7686, 0.10000000000000142, 0.0
7687, 0.10000000000000142, 0.0
7688, 0.10000000000000142, 0.0
7689, 0.10000000000000142, 0.0
7690, 0.10000000000000142, 0.0
7691, 0.10000000000000142, 0.0
7692, 0.10000000000000142, 0.0
7693, 0.10000000000000142, 0.0
7694, 0.10000000000000142, 0.0
7695, 0.10000000000000142, 0.0
7696, 0.10000000000000142, 0.0
7697, 0.10000000000000142, 0.0
7698, 0.10000000000000142, 0.0
7699, 0.10000000000000142, 0.0
7700, 0.10000000000000142, 0.0
7701, 0.10000000000000142, 0.0
7702, 0.10000000000000142, 0.0
7703, 0.10000000000000142, 0.0
7704, 0.10000000000000142, 0.0
7705, 0.10000000000000142, 0.0
7706, 0.10000000000000142, 0.0
7707, 0.10000000000000142, 0.0
7708, 0.10000000000000142, 0.0
7709, 0.10000000000000142, 0.0
7710, 0.10000000000000142, 0.0
7711, 0.0, 0.0
7712, 0.0, 0.0
7713, 0.0, 0.0
7714, 0.0, 0.0
7715, 0.0, 0.0
7716, 0.0, 0.0
7717, 0.0, 0.0
7718, 0.0, 0.0
7719, 0.0, 0.0
7720, 0.0, 0.0
7721, 0.0, 0.0
7722, 0.0, 0.0
7723, 0.0, 0.0
7724, 0.0, 0.0
7725, 0.0, 0.0
7726, 0.10000000000000142, 0.0
7727, 0.10000000000000142, 0.0
7728, 0.10000000000000142, 0.0
7729, 0.10000000000000142, 0.0
7730, 0.10000000000000142, 0.0
7731, 0.10000000000000142, 0.0
7732, 0.0, 0.0
7733, 0.0, 0.0
7734, 0.0, 0.0
7735, 0.0, 0.0
7736, 0.0, 0.0
7737, 0.0, 0.0
7738, 0.0, 0.0
7739, 0.0, 0.0
7740, 0.0, 0.0
7741, 0.0, 0.0
7742, 0.0, 0.0
7743, 0.0, 0.0
7744, 0.0, 0.0
7745, 0.0, 0.0
7746, 0.0, 0.0
7747, 0.0, 0.0
7748, 0.0, 0.0
7749, 0.0, 0.0
7750, 0.0, 0.0
7751, 0.0, 0.0
7752, 0.0, 0.0
7753, 0.0, 0.0
7754, 0.0, 0.0
7755, 0.0, 0.0
7756, 0.0, 0.0
7757, 0.0, 0.0
7758, 0.0, 0.0
7759, 0.0, 0.0
7760, 0.0, 0.0
7761, 0.0, 0.0
7762, 0.0, 0.0
7763, 0.0, 0.0
7764, 0.0, 0.0
7765, 0.0, 0.0
7766, 0.0, 0.0
7767, 0.0, 0.0
7768, 0.0, 0.0
7769, 0.0, 0.0
7770, 0.0, 0.0
7771, 0.0, 0.0
7772, 0.0, 0.0
7773, 0.0, 0.0
7774, 0.0, 0.0
7775, 0.0, 0.0
7776, 0.0, 0.0
7777, 0.0, 0.0
7778, 0.0, 0.0
7779, 0.0, 0.0
7780, 0.0, 0.0
7781, 0.0, 0.0
7782, 0.0, 0.0
7783, 0.0, 0.0
7784, 0.0, 0.0
7785, 0.0, 0.0
7786, 0.0, 0.0
7787, 0.0, 0.0
7788, 0.0, 0.0
7789, 0.0, 0.0
7790, 0.0, 0.0
7791, 0.0, 0.0
7792, 0.0, 0.0
7793, 0.0, 0.0
7794, 0.0, 0.0
7795, 0.0, 0.0
7796, 0.0, 0.0
7797, 0.0, 0.0
7798, 0.0, 0.0
7799, 0.0, 0.0
7800, 0.0, 0.0
7801, 0.0, 0.0
7802, 0.0, 0.0
7803, 0.0, -0.10000000000000142
7804, 0.0, -0.10000000000000142
7805, 0.0, 0.0
7806, 0.0, 0.0
7807, 0.0, 0.0
7808, 0.0, 0.0
7809, 0.0, 0.0
7810, 0.0, 0.0
7811, 0.10000000000000142, 0.0
7812, 0.10000000000000142, 0.0
7813, 0.10000000000000142, 0.0
7814, 0.10000000000000142, 0.0
7815, 0.10000000000000142, 0.0
7816, 0.10000000000000142, 0.0
7817, 0.10000000000000142, 0.0
7818, 0.10000000000000142, 0.0
7819, 0.10000000000000142, 0.0
7820, 0.10000000000000142, 0.0
7821, 0.10000000000000142, 0.0
7822, 0.10000000000000142, 0.0
7823, 0.10000000000000142, 0.0
7824, 0.10000000000000142, 0.0
7825, 0.10000000000000142, 0.0
7826, 0.10000000000000142, 0.0
7827, 0.10000000000000142, 0.0
7828, 0.10000000000000142, 0.09999999999999787
7829, 0.10000000000000142, 0.09999999999999787
7830, 0.10000000000000142, 0.09999999999999787
7831, 0.10000000000000142, 0.09999999999999787
7832, 0.10000000000000142, 0.09999999999999787
7833, 0.10000000000000142, 0.09999999999999787
7834, 0.0, 0.09999999999999787
7835, 0.0, 0.09999999999999787
7836, 0.0, 0.09999999999999787
7837, 0.0, 0.09999999999999787
7838, 0.0, 0.09999999999999787
7839, 0.0, 0.0
7840, 0.0, 0.0
7841, 0.0, 0.0
7842, 0.0, 0.0
7843, 0.0, 0.0
7844, 0.0, 0.0
7845, 0.0, 0.0
7846, 0.0, 0.0
7847, 0.10000000000000142, 0.0
7848, 0.10000000000000142, 0.0
7849, 0.10000000000000142, 0.0
7850, 0.10000000000000142, 0.0
7851, 0.10000000000000142, 0.0
7852, 0.10000000000000142, 0.0
7853, 0.10000000000000142, 0.0
7854, 0.10000000000000142, 0.0
7855, 0.10000000000000142, 0.0
7856, 0.10000000000000142, 0.0
7857, 0.10000000000000142, 0.0
7858, 0.10000000000000142, 0.0
7859, 0.10000000000000142, 0.0
7860, 0.10000000000000142, 0.0
7861, 0.10000000000000142, 0.0
7862, 0.10000000000000142, 0.0
7863, 0.10000000000000142, 0.0
7864, 0.10000000000000142, 0.0
7865, 0.10000000000000142, 0.0
7866, 0.10000000000000142, 0.0
7867, 0.0, 0.0
7868, 0.0, 0.0
7869, 0.0, 0.0
7870, 0.0, 0.0
7871, 0.0, 0.0
7872, 0.0, 0.0
7873, 0.0, 0.0
7874, 0.0, 0.0
7875, 0.0, 0.0
7876, 0.0, 0.0
7877, 0.0, 0.0
7878, 0.0, 0.0
7879, 0.0, 0.0
7880, 0.0, 0.0
7881, 0.10000000000000142, 0.0
7882, 0.10000000000000142, 0.0
7883, 0.10000000000000142, 0.0
7884, 0.10000000000000142, 0.0
7885, 0.10000000000000142, 0.0
7886, 0.10000000000000142, 0.0
7887, 0.10000000000000142, 0.0
7888, 0.10000000000000142, 0.0
7889, 0.10000000000000142, 0.0
7890, 0.10000000000000142, 0.0
7891, 0.10000000000000142, 0.0
7892, 0.10000000000000142, 0.0
7893, 0.10000000000000142, 0.0
7894, 0.10000000000000142, 0.0
7895, 0.10000000000000142, 0.0
7896, 0.10000000000000142, 0.0
7897, 0.10000000000000142, 0.0
7898, 0.10000000000000142, 0.0
7899, 0.10000000000000142, 0.0
7900, 0.10000000000000142, 0.0
7901, 0.10000000000000142, 0.0
7902, 0.10000000000000142, 0.0
7903, 0.10000000000000142, 0.0
7904, 0.10000000000000142, 0.0
7905, 0.10000000000000142, 0.0
7906, 0.10000000000000142, 0.0
7907, 0.10000000000000142, 0.0
7908, 0.10000000000000142, 0.0
7909, 0.10000000000000142, 0.0
7910, 0.10000000000000142, 0.0
7911, 0.10000000000000142, 0.0
7912, 0.10000000000000142, 0.0
7913, 0.10000000000000142, 0.0
7914, 0.0, 0.0
7915, 0.0, 0.0
7916, 0.10000000000000142, 0.0
7917, 0.10000000000000142, 0.0
7918, 0.10000000000000142, 0.0
7919, 0.10000000000000142, 0.0
7920, 0.10000000000000142, 0.0
7921, 0.10000000000000142, 0.0
7922, 0.10000000000000142, 0.0
7923, 0.10000000000000142, 0.0
7924, 0.10000000000000142, 0.0
7925, 0.10000000000000142, 0.0
7926, 0.10000000000000142, 0.0
7927, 0.10000000000000142, 0.0
7928, 0.10000000000000142, 0.0
7929, 0.10000000000000142, 0.0
7930, 0.10000000000000142, 0.0
7931, 0.10000000000000142, 0.0
7932, 0.10000000000000142, 0.0
7933, 0.10000000000000142, 0.0
7934, 0.10000000000000142, 0.0
7935, 0.10000000000000142, 0.0
7936, 0.10000000000000142, 0.0
7937, 0.10000000000000142, 0.0
7938, 0.10000000000000142, 0.0
7939, 0.10000000000000142, 0.0
7940, 0.10000000000000142, 0.0
7941, 0.10000000000000142, 0.0
7942, 0.10000000000000142, 0.0
7943, 0.10000000000000142, 0.0
7944, 0.10000000000000142, 0.0
7945, 0.10000000000000142, 0.0
7946, 0.10000000000000142, 0.0
7947, 0.10000000000000142, 0.0
7948, 0.10000000000000142, 0.0
7949, 0.10000000000000142, 0.0
7950, 0.10000000000000142, 0.0
7951, 0.10000000000000142, 0.0
7952, 0.10000000000000142, 0.0
7953, 0.10000000000000142, 0.0
7954, 0.10000000000000142, 0.0
7955, 0.10000000000000142, 0.0
7956, 0.10000000000000142, 0.0
7957, 0.10000000000000142, 0.0
7958, 0.10000000000000142, 0.0
7959, 0.10000000000000142, 0.0
7960, 0.10000000000000142, 0.0
7961, 0.10000000000000142, 0.0
7962, 0.10000000000000142, 0.0
7963, 0.10000000000000142, 0.0
7964, 0.10000000000000142, 0.0
7965, 0.10000000000000142, 0.09999999999999787
7966, 0.10000000000000142, 0.09999999999999787
7967, 0.10000000000000142, 0.09999999999999787
7968, 0.10000000000000142, 0.09999999999999787
7969, 0.10000000000000142, 0.09999999999999787
7970, 0.10000000000000142, 0.09999999999999787
7971, 0.10000000000000142, 0.09999999999999787
7972, 0.10000000000000142, 0.09999999999999787
7973, 0.10000000000000142, 0.09999999999999787
7974, 0.10000000000000142, 0.09999999999999787
7975, 0.10000000000000142, 0.09999999999999787
7976, 0.10000000000000142, 0.09999999999999787
7977, 0.10000000000000142, 0.09999999999999787
7978, 0.10000000000000142, 0.09999999999999787
7979, 0.10000000000000142, 0.09999999999999787
7980, 0.10000000000000142, 0.09999999999999787
7981, 0.0, 0.09999999999999787
7982, 0.0, 0.09999999999999787
7983, 0.0, 0.09999999999999787
7984, 0.0, 0.09999999999999787
7985, 0.0, 0.09999999999999787
7986, 0.0, 0.09999999999999787
7987, 0.0, 0.09999999999999787
7988, 0.0, 0.09999999999999787
7989, 0.0, 0.09999999999999787
7990, 0.0, 0.09999999999999787
7991, 0.0, 0.09999999999999787
7992, 0.0, 0.09999999999999787
7993, 0.0, 0.09999999999999787
7994, 0.0, 0.09999999999999787
7995, 0.0, 0.09999999999999787
7996, 0.0, 0.09999999999999787
7997, 0.0, 0.09999999999999787
7998, 0.0, 0.09999999999999787
7999, 0.0, 0.09999999999999787
8000, 0.0, 0.09999999999999787
8001, 0.0, 0.09999999999999787
8002, 0.0, 0.09999999999999787
8003, 0.0, 0.09999999999999787
8004, 0.0, 0.09999999999999787
8005, 0.0, 0.09999999999999787
8006, 0.0, 0.0
8007, 0.0, 0.0
8008, 0.0, 0.0
8009, 0.0, 0.0
8010, 0.0, 0.0
8011, 0.0, 0.0
8012, 0.0, 0.0
8013, 0.0, 0.09999999999999787
8014, 0.0, 0.09999999999999787
8015, 0.0, 0.09999999999999787
8016, 0.0, 0.09999999999999787
8017, 0.0, 0.09999999999999787
8018, 0.10000000000000142, 0.09999999999999787
8019, 0.10000000000000142, 0.09999999999999787
8020, 0.10000000000000142, 0.09999999999999787
8021, 0.10000000000000142, 0.09999999999999787
8022, 0.10000000000000142, 0.09999999999999787
8023, 0.10000000000000142, 0.0
8024, 0.10000000000000142, 0.0
8025, 0.10000000000000142, 0.0
8026, 0.10000000000000142, 0.0
8027, 0.10000000000000142, 0.0
8028, 0.10000000000000142, 0.0
8029, 0.10000000000000142, 0.0
8030, 0.10000000000000142, 0.0
8031, 0.10000000000000142, 0.0
8032, 0.10000000000000142, 0.0
8033, 0.10000000000000142, 0.0
8034, 0.10000000000000142, 0.0
8035, 0.10000000000000142, 0.0
8036, 0.10000000000000142, 0.0
8037, 0.10000000000000142, 0.0
8038, 0.10000000000000142, 0.0
8039, 0.10000000000000142, 0.0
8040, 0.10000000000000142, 0.09999999999999787
8041, 0.10000000000000142, 0.09999999999999787
8042, 0.10000000000000142, 0.09999999999999787
8043, 0.10000000000000142, 0.09999999999999787
8044, 0.10000000000000142, 0.09999999999999787
8045, 0.10000000000000142, 0.09999999999999787
8046, 0.10000000000000142, 0.09999999999999787
8047, 0.10000000000000142, 0.09999999999999787
8048, 0.10000000000000142, 0.0
8049, 0.10000000000000142, 0.0
8050, 0.10000000000000142, 0.0
8051, 0.10000000000000142, 0.0
8052, 0.10000000000000142, 0.0
8053, 0.10000000000000142, 0.0
8054, 0.10000000000000142, 0.0
8055, 0.10000000000000142, 0.0
8056, 0.10000000000000142, 0.0
8057, 0.10000000000000142, 0.0
8058, 0.10000000000000142, 0.0
8059, 0.10000000000000142, 0.0
8060, 0.10000000000000142, 0.0
8061, 0.10000000000000142, 0.0
8062, 0.10000000000000142, 0.0
8063, 0.10000000000000142, 0.0
8064, 0.10000000000000142, 0.09999999999999787
8065, 0.10000000000000142, 0.09999999999999787
8066, 0.10000000000000142, 0.09999999999999787
8067, 0.10000000000000142, 0.09999999999999787
8068, 0.10000000000000142, 0.09999999999999787
8069, 0.10000000000000142, 0.09999999999999787
8070, 0.10000000000000142, 0.09999999999999787
8071, 0.10000000000000142, 0.09999999999999787
8072, 0.10000000000000142, 0.09999999999999787
8073, 0.10000000000000142, 0.09999999999999787
8074, 0.10000000000000142, 0.09999999999999787
8075, 0.10000000000000142, 0.09999999999999787
8076, 0.10000000000000142, 0.09999999999999787
8077, 0.10000000000000142, 0.09999999999999787
8078, 0.10000000000000142, 0.09999999999999787
8079, 0.10000000000000142, 0.09999999999999787
8080, 0.0, 0.09999999999999787
8081, 0.0, 0.0
8082, 0.0, 0.0
8083, 0.0, 0.0
8084, 0.0, 0.0
8085, 0.0, 0.0
8086, 0.0, 0.0
8087, 0.0, 0.0
8088, 0.0, 0.0
8089, 0.0, 0.0
8090, 0.0, 0.0
8091, 0.0, 0.0
8092, 0.0, 0.0
8093, 0.0, 0.0
8094, 0.0, 0.0
8095, 0.0, 0.0
8096, 0.0, 0.0
8097, 0.0, 0.0
8098, 0.0, 0.0
8099, 0.0, 0.0
8100, 0.0, 0.0
8101, 0.0, 0.0
8102, 0.10000000000000142, 0.0
8103, 0.10000000000000142, 0.0
8104, 0.10000000000000142, 0.0
8105, 0.10000000000000142, 0.0
8106, 0.10000000000000142, 0.0
8107, 0.10000000000000142, 0.0
8108, 0.10000000000000142, 0.0
8109, 0.10000000000000142, 0.0
8110, 0.10000000000000142, 0.0
8111, 0.10000000000000142, 0.0
8112, 0.10000000000000142, 0.0
8113, 0.10000000000000142, 0.0
8114, 0.10000000000000142, 0.0
8115, 0.10000000000000142, 0.0
8116, 0.10000000000000142, 0.0
8117, 0.10000000000000142, 0.0
8118, 0.10000000000000142, 0.0
8119, 0.10000000000000142, 0.0
8120, 0.10000000000000142, 0.0
8121, 0.10000000000000142, 0.0
8122, 0.10000000000000142, 0.0
8123, 0.10000000000000142, 0.0
8124, 0.10000000000000142, 0.0
8125, 0.10000000000000142, 0.0
8126, 0.10000000000000142, 0.0
8127, 0.10000000000000142, 0.0
8128, 0.10000000000000142, 0.0
8129, 0.10000000000000142, 0.0
8130, 0.10000000000000142, 0.0
8131, 0.10000000000000142, 0.0
8132, 0.10000000000000142, 0.0
8133, 0.10000000000000142, 0.0
8134, 0.10000000000000142, 0.0
8135, 0.10000000000000142, 0.0
8136, 0.10000000000000142, 0.0
8137, 0.10000000000000142, 0.0
8138, 0.10000000000000142, 0.0
8139, 0.10000000000000142, 0.0
8140, 0.10000000000000142, 0.0
8141, 0.10000000000000142, 0.0
8142, 0.10000000000000142, 0.0
8143, 0.10000000000000142, 0.0
8144, 0.10000000000000142, 0.0
8145, 0.10000000000000142, 0.0
8146, 0.10000000000000142, 0.0
8147, 0.10000000000000142, 0.0
8148, 0.10000000000000142, 0.0
8149, 0.0, 0.0
8150, 0.0, 0.0
8151, 0.0, 0.0
8152, 0.0, 0.0
8153, 0.0, 0.0
8154, 0.0, 0.0
8155, 0.0, 0.0
8156, 0.0, 0.0
8157, 0.0, 0.0
8158, 0.0, 0.0
8159, 0.0, 0.0
8160, 0.0, 0.0
8161, 0.0, 0.0
8162, 0.0, 0.0
8163, 0.0, 0.0
8164, 0.0, 0.0
8165, 0.0, 0.0
8166, 0.0, 0.0
8167, 0.0, 0.0
8168, 0.0, 0.0
8169, 0.0, 0.0
8170, 0.0, 0.0
8171, 0.0, 0.0
8172, 0.0, 0.0
8173, 0.0, 0.0
8174, 0.0, 0.0
8175, 0.0, 0.0
8176, 0.0, 0.0
8177, 0.0, 0.0
8178, 0.0, 0.0
8179, 0.0, 0.0
8180, 0.0, 0.0
8181, 0.0, 0.0
8182, 0.0, 0.0
8183, 0.0, 0.0
8184, 0.0, 0.0
8185, 0.0, 0.0
8186, 0.0, 0.0
8187, 0.0, 0.0
8188, 0.0, 0.0
8189, 0.0, 0.0
8190, 0.0, 0.0
8191, 0.0, 0.0
8192, 0.0, 0.0
8193, 0.0, 0.0
8194, 0.0, 0.0
8195, 0.0, 0.0
8196, 0.0, 0.0
8197, 0.0, 0.0
8198, 0.0, 0.0
8199, 0.0, 0.0
8200, 0.0, 0.0
8201, 0.0, 0.0
8202, 0.0, 0.0
8203, 0.0, 0.0
8204, 0.0, 0.0
8205, 0.0, 0.0
8206, 0.10000000000000142, 0.0
8207, 0.10000000000000142, 0.0
8208, 0.10000000000000142, 0.0
8209, 0.10000000000000142, 0.0
8210, 0.10000000000000142, 0.0
8211, 0.10000000000000142, 0.0
8212, 0.10000000000000142, 0.0
8213, 0.10000000000000142, 0.0
8214, 0.10000000000000142, 0.0
8215, 0.10000000000000142, 0.0
8216, 0.10000000000000142, 0.0
8217, 0.10000000000000142, 0.0
8218, 0.10000000000000142, 0.0
8219, 0.10000000000000142, 0.0
8220, 0.10000000000000142, 0.0
8221, 0.10000000000000142, 0.0
8222, 0.10000000000000142, 0.0
8223, 0.10000000000000142, 0.0
8224, 0.10000000000000142, 0.0
8225, 0.10000000000000142, 0.0
8226, 0.0, 0.0
8227, 0.0, 0.0
8228, 0.0, 0.0
8229, 0.0, 0.0
8230, 0.0, 0.0
8231, 0.0, 0.0
8232, 0.0, 0.0
8233, 0.0, 0.0
8234, 0.0, 0.0
8235, 0.0, 0.0
8236, 0.0, 0.0
8237, 0.0, 0.0
8238, 0.0, 0.0
8239, 0.0, 0.0
8240, 0.0, 0.0
8241, 0.0, 0.0
8242, 0.0, 0.0
8243, 0.0, 0.0
8244, 0.0, 0.0
8245, 0.0, 0.0
8246, 0.0, 0.0
8247, 0.0, 0.0
8248, 0.0, 0.0
8249, 0.0, 0.0
8250, 0.0, 0.0
8251, 0.0, 0.0
8252, 0.0, 0.0
8253, 0.0, 0.0
8254, 0.0, 0.0
8255, 0.0, 0.0
8256, 0.0, 0.0
8257, 0.0, 0.0
8258, 0.0, 0.0
8259, 0.0, 0.0
8260, 0.0, 0.0
8261, 0.0, 0.0
8262, 0.0, 0.0
8263, 0.0, 0.0
8264, 0.0, 0.0
8265, 0.0, 0.0
8266, 0.0, 0.0
8267, 0.0, 0.0
8268, 0.0, 0.0
8269, 0.0, 0.0
8270, 0.0, 0.0
8271, 0.0, 0.0
8272, 0.0, -0.10000000000000142
8273, 0.0, -0.10000000000000142
8274, 0.0, -0.10000000000000142
8275, 0.0, -0.10000000000000142
8276, 0.0, -0.10000000000000142
8277, 0.0, -0.10000000000000142
8278, 0.0, -0.10000000000000142
8279, 0.0, -0.10000000000000142
8280, 0.0, -0.10000000000000142
8281, 0.0, -0.10000000000000142
8282, 0.0, 0.0
8283, 0.0, 0.0
8284, 0.0, 0.0
8285, 0.0, 0.0
8286, 0.0, 0.0
8287, 0.0, 0.0
8288, 0.0, 0.0
8289, 0.0, 0.0
8290, 0.0, 0.0
8291, 0.0, 0.0
8292, 0.0, 0.0
8293, 0.0, 0.0
8294, 0.0, 0.0
8295, 0.0, 0.0
8296, 0.0, 0.0
8297, 0.0, 0.0
8298, 0.0, 0.0
8299, 0.0, 0.0
8300, 0.0, 0.0
8301, 0.0, 0.0
8302, 0.0, 0.0
8303, 0.0, 0.0
8304, 0.0, 0.0
8305, 0.0, 0.0
8306, 0.0, 0.0
8307, 0.0, 0.0
8308, 0.0, 0.0
8309, 0.0, 0.0
8310, 0.0, 0.0
8311, 0.0, 0.0
8312, 0.0, 0.0
8313, 0.0, 0.0
8314, 0.0, 0.0
8315, 0.0, 0.0
8316, 0.0, 0.0
8317, 0.0, 0.0
8318, 0.0, 0.0
8319, 0.0, 0.0
8320, 0.0, 0.0
8321, 0.0, 0.0
8322, 0.0, 0.0
8323, 0.0, 0.0
8324, 0.0, 0.0
8325, 0.0, 0.0
8326, 0.0, 0.0
8327, 0.0, 0.0
8328, 0.0, 0.0
8329, 0.0, 0.0
8330, 0.0, 0.0
8331, 0.0, 0.0
8332, 0.0, 0.0
8333, 0.0, 0.0
8334, 0.0, 0.0
8335, 0.0, 0.0
8336, 0.0, 0.0
8337, 0.0, 0.0
8338, 0.0, 0.0
8339, 0.10000000000000142, 0.0
8340, 0.10000000000000142, 0.0
8341, 0.10000000000000142, 0.09999999999999787
8342, 0.10000000000000142, 0.09999999999999787
8343, 0.10000000000000142, 0.09999999999999787
8344, 0.10000000000000142, 0.09999999999999787
8345, 0.10000000000000142, 0.09999999999999787
8346, 0.10000000000000142, 0.09999999999999787
8347, 0.10000000000000142, 0.09999999999999787
8348, 0.10000000000000142, 0.09999999999999787
8349, 0.10000000000000142, 0.09999999999999787
8350, 0.10000000000000142, 0.09999999999999787
8351, 0.10000000000000142, 0.09999999999999787
8352, 0.10000000000000142, 0.09999999999999787
8353, 0.10000000000000142, 0.09999999999999787
8354, 0.10000000000000142, 0.09999999999999787
8355, 0.10000000000000142, 0.09999999999999787
8356, 0.10000000000000142, 0.09999999999999787
8357, 0.10000000000000142, 0.09999999999999787
8358, 0.10000000000000142, 0.09999999999999787
8359, 0.10000000000000142, 0.09999999999999787
8360, 0.10000000000000142, 0.09999999999999787
8361, 0.10000000000000142, 0.09999999999999787
8362, 0.10000000000000142, 0.09999999999999787
8363, 0.10000000000000142, 0.09999999999999787
8364, 0.10000000000000142, 0.09999999999999787
8365, 0.10000000000000142, 0.09999999999999787
8366, 0.10000000000000142, 0.09999999999999787
8367, 0.10000000000000142, 0.09999999999999787
8368, 0.10000000000000142, 0.09999999999999787
8369, 0.10000000000000142, 0.09999999999999787
8370, 0.10000000000000142, 0.09999999999999787
8371, 0.0, 0.09999999999999787
8372, 0.0, 0.09999999999999787
8373, 0.0, 0.09999999999999787
8374, 0.0, 0.09999999999999787
8375, 0.0, 0.09999999999999787
8376, 0.0, 0.09999999999999787
8377, 0.0, 0.09999999999999787
8378, 0.0, 0.09999999999999787
8379, 0.0, 0.09999999999999787
8380, 0.0, 0.09999999999999787
8381, 0.0, 0.09999999999999787
8382, 0.0, 0.09999999999999787
8383, 0.0, 0.09999999999999787
8384, 0.0, 0.09999999999999787
8385, 0.0, 0.09999999999999787
8386, 0.0, 0.09999999999999787
8387, 0.0, 0.0
8388, 0.0, 0.0
8389, 0.0, 0.0
8390, 0.0, 0.0
8391, 0.0, 0.0
8392, 0.0, 0.0
8393, 0.0, 0.0
8394, 0.0, 0.0
8395, 0.10000000000000142, 0.0
8396, 0.10000000000000142, 0.0
8397, 0.10000000000000142, 0.0
8398, 0.10000000000000142, 0.0
8399, 0.10000000000000142, 0.0
8400, 0.10000000000000142, 0.0
8401, 0.10000000000000142, 0.0
8402, 0.10000000000000142, 0.0
8403, 0.10000000000000142, 0.0
8404, 0.10000000000000142, 0.0
8405, 0.0, 0.0
8406, 0.0, 0.0
8407, 0.0, 0.0
8408, 0.0, 0.0
8409, 0.0, 0.0
8410, 0.0, 0.0
8411, 0.0, 0.0
8412, 0.0, 0.0
8413, 0.0, 0.0
8414, 0.0, 0.0
8415, 0.0, 0.0
8416, 0.0, 0.0
8417, 0.0, 0.0
8418, 0.0, 0.0
8419, 0.0, 0.0
8420, 0.0, 0.0
8421, 0.0, 0.0
8422, 0.0, 0.0
8423, 0.0, 0.0
8424, 0.0, 0.0
8425, 0.0, 0.0
8426, 0.0, 0.0
8427, 0.0, 0.0
8428, 0.0, 0.0
8429, 0.0, 0.0
8430, 0.0, 0.0
8431, 0.0, 0.0
8432, 0.0, 0.0
8433, 0.0, 0.0
8434, 0.0, 0.0
8435, 0.0, 0.0
8436, 0.0, 0.0
8437, 0.0, 0.0
8438, 0.0, 0.0
8439, 0.0, 0.0
8440, 0.0, 0.0
8441, 0.0, 0.0
8442, 0.0, 0.0
8443, 0.0, 0.0
8444, 0.0, 0.0
8445, 0.0, 0.0
8446, 0.0, 0.0
8447, 0.0, 0.0
8448, 0.0, 0.0
8449, 0.0, 0.0
8450, 0.0, 0.0
8451, 0.0, 0.0
8452, 0.0, 0.0
8453, 0.0, 0.0
8454, 0.0, 0.0
8455, 0.0, 0.0
8456, 0.0, 0.0
8457, 0.0, 0.0
8458, 0.0, 0.0
8459, 0.0, 0.0
8460, 0.0, 0.0
8461, 0.0, 0.0
8462, 0.0, 0.0
8463, 0.10000000000000142, 0.0
8464, 0.10000000000000142, 0.0
8465, 0.10000000000000142, 0.0
8466, 0.10000000000000142, 0.0
8467, 0.10000000000000142, 0.0
8468, 0.10000000000000142, 0.0
8469, 0.10000000000000142, 0.0
8470, 0.10000000000000142, 0.0
8471, 0.10000000000000142, 0.0
8472, 0.10000000000000142, 0.0
8473, 0.10000000000000142, 0.0
8474, 0.10000000000000142, 0.0
8475, 0.10000000000000142, 0.0
8476, 0.10000000000000142, 0.0
8477, 0.10000000000000142, 0.0
8478, 0.10000000000000142, 0.0
8479, 0.10000000000000142, 0.0
8480, 0.10000000000000142, 0.0
8481, 0.10000000000000142, 0.0
8482, 0.10000000000000142, 0.0
8483, 0.10000000000000142, 0.0
8484, 0.10000000000000142, 0.0
8485, 0.10000000000000142, 0.0
8486, 0.10000000000000142, 0.0
8487, 0.10000000000000142, 0.0
8488, 0.10000000000000142, 0.0
8489, 0.10000000000000142, 0.0
8490, 0.10000000000000142, 0.0
8491, 0.10000000000000142, 0.0
8492, 0.10000000000000142, 0.0
8493, 0.10000000000000142, 0.0
8494, 0.10000000000000142, 0.0
8495, 0.10000000000000142, 0.0
8496, 0.10000000000000142, 0.0
8497, 0.10000000000000142, 0.0
8498, 0.10000000000000142, 0.0
8499, 0.10000000000000142, 0.0
8500, 0.10000000000000142, 0.0
8501, 0.10000000000000142, 0.0
8502, 0.10000000000000142, 0.0
8503, 0.10000000000000142, 0.0
8504, 0.10000000000000142, 0.0
8505, 0.10000000000000142, 0.0
8506, 0.1999999999999993, 0.0
8507, 0.1999999999999993, 0.0
8508, 0.1999999999999993, 0.0
8509, 0.1999999999999993, 0.0
8510, 0.1999999999999993, 0.0
8511, 0.1999999999999993, 0.0
8512, 0.1999999999999993, 0.0
8513, 0.1999999999999993, 0.0
8514, 0.1999999999999993, 0.0
8515, 0.10000000000000142, 0.0
8516, 0.10000000000000142, 0.0
8517, 0.10000000000000142, 0.0
8518, 0.10000000000000142, 0.0
8519, 0.10000000000000142, 0.0
8520, 0.10000000000000142, 0.0
8521, 0.10000000000000142, 0.0
8522, 0.10000000000000142, 0.0
8523, 0.0, 0.0
8524, 0.0, 0.0
8525, 0.0, 0.0
8526, 0.0, 0.0
8527, 0.0, 0.0
8528, 0.0, 0.09999999999999787
8529, 0.0, 0.09999999999999787
8530, 0.0, 0.0
8531, 0.0, 0.0
8532, 0.0, 0.0
8533, 0.0, 0.0
8534, 0.0, 0.0
8535, 0.0, 0.0
8536, 0.0, 0.0
8537, 0.10000000000000142, 0.0
8538, 0.10000000000000142, 0.0
8539, 0.10000000000000142, 0.0
8540, 0.10000000000000142, 0.0
8541, 0.10000000000000142, 0.0
8542, 0.10000000000000142, 0.0
8543, 0.10000000000000142, 0.0
8544, 0.10000000000000142, 0.0
8545, 0.10000000000000142, 0.0
8546, 0.1999999999999993, 0.0
8547, 0.1999999999999993, 0.0
8548, 0.1999999999999993, 0.0
8549, 0.1999999999999993, 0.0
8550, 0.1999999999999993, 0.0
8551, 0.1999999999999993, 0.0
8552, 0.1999999999999993, 0.0
8553, 0.1999999999999993, 0.0
8554, 0.1999999999999993, 0.0
8555, 0.3000000000000007, 0.0
8556, 0.3000000000000007, 0.0
8557, 0.3000000000000007, 0.0
8558, 0.3000000000000007, 0.0
8559, 0.3000000000000007, 0.0
8560, 0.3000000000000007, 0.09999999999999787
8561, 0.3000000000000007, 0.09999999999999787
8562, 0.3000000000000007, 0.09999999999999787
8563, 0.3000000000000007, 0.09999999999999787
8564, 0.3000000000000007, 0.09999999999999787
8565, 0.3000000000000007, 0.09999999999999787
8566, 0.3000000000000007, 0.09999999999999787
8567, 0.3000000000000007, 0.09999999999999787
8568, 0.3000000000000007, 0.09999999999999787
8569, 0.3000000000000007, 0.0
8570, 0.3000000000000007, 0.0
8571, 0.3000000000000007, 0.0
8572, 0.3000000000000007, 0.0
8573, 0.3000000000000007, 0.0
8574, 0.3000000000000007, 0.0
8575, 0.3000000000000007, 0.0
8576, 0.1999999999999993, 0.0
8577, 0.1999999999999993, 0.0
8578, 0.1999999999999993, 0.0
8579, 0.1999999999999993, 0.0
8580, 0.1999999999999993, 0.0
8581, 0.1999999999999993, 0.0
8582, 0.1999999999999993, 0.0
8583, 0.1999999999999993, -0.10000000000000142
8584, 0.1999999999999993, -0.10000000000000142
8585, 0.1999999999999993, -0.10000000000000142
8586, 0.1999999999999993, -0.10000000000000142
8587, 0.10000000000000142, -0.10000000000000142
8588, 0.10000000000000142, 0.0
8589, 0.10000000000000142, 0.0
8590, 0.10000000000000142, 0.0
8591, 0.10000000000000142, 0.0
8592, 0.10000000000000142, 0.0
8593, 0.10000000000000142, 0.0
8594, 0.10000000000000142, 0.0
8595, 0.10000000000000142, 0.0
8596, 0.10000000000000142, 0.0
8597, 0.10000000000000142, 0.0
8598, 0.10000000000000142, 0.0
8599, 0.10000000000000142, 0.0
8600, 0.10000000000000142, 0.0
8601, 0.10000000000000142, 0.0
8602, 0.10000000000000142, 0.0
8603, 0.10000000000000142, 0.0
8604, 0.10000000000000142, 0.0
8605, 0.10000000000000142, 0.0
8606, 0.10000000000000142, 0.0
8607, 0.10000000000000142, 0.0
8608, 0.10000000000000142, 0.0
8609, 0.10000000000000142, 0.0
8610, 0.10000000000000142, 0.0
8611, 0.10000000000000142, 0.0
8612, 0.10000000000000142, 0.0
8613, 0.10000000000000142, 0.0
8614, 0.10000000000000142, 0.0
8615, 0.10000000000000142, 0.0
8616, 0.10000000000000142, 0.0
8617, 0.10000000000000142, 0.0
8618, 0.10000000000000142, 0.0
8619, 0.0, 0.0
8620, 0.0, 0.0
8621, 0.0, 0.0
8622, 0.0, 0.0
8623, 0.0, 0.0
8624, 0.0, 0.0
8625, 0.0, 0.0
8626, 0.0, 0.0
8627, 0.0, 0.0
8628, 0.0, 0.0
8629, 0.0, 0.09999999999999787
8630, 0.0, 0.09999999999999787
8631, 0.0, 0.09999999999999787
8632, 0.0, 0.09999999999999787
8633, 0.10000000000000142, 0.09999999999999787
8634, 0.10000000000000142, 0.09999999999999787
8635, 0.10000000000000142, 0.09999999999999787
8636, 0.10000000000000142, 0.09999999999999787
8637, 0.10000000000000142, 0.09999999999999787
8638, 0.10000000000000142, 0.09999999999999787
8639, 0.10000000000000142, 0.09999999999999787
8640, 0.10000000000000142, 0.09999999999999787
8641, 0.10000000000000142, 0.0
8642, 0.10000000000000142, 0.0
8643, 0.10000000000000142, 0.0
8644, 0.10000000000000142, 0.0
8645, 0.10000000000000142, 0.0
8646, 0.10000000000000142, 0.0
8647, 0.10000000000000142, 0.0
8648, 0.0, 0.0
8649, 0.0, 0.0
8650, 0.0, 0.0
8651, 0.0, 0.0
8652, 0.0, 0.0
8653, 0.0, 0.0
8654, 0.0, 0.0
8655, 0.10000000000000142, 0.0
8656, 0.10000000000000142, 0.0
8657, 0.10000000000000142, 0.0
8658, 0.10000000000000142, 0.0
8659, 0.10000000000000142, 0.0
8660, 0.10000000000000142, 0.0
8661, 0.10000000000000142, 0.0
8662, 0.10000000000000142, 0.0
8663, 0.10000000000000142, 0.0
8664, 0.10000000000000142, 0.0
8665, 0.10000000000000142, 0.0
8666, 0.10000000000000142, 0.0
8667, 0.10000000000000142, 0.0
8668, 0.10000000000000142, 0.0
8669, 0.10000000000000142, 0.0
8670, 0.10000000000000142, 0.0
8671, 0.10000000000000142, 0.0
8672, 0.10000000000000142, 0.0
8673, 0.10000000000000142, 0.0
8674, 0.10000000000000142, 0.0
8675, 0.10000000000000142, 0.0
8676, 0.10000000000000142, 0.0
8677, 0.10000000000000142, 0.0
8678, 0.10000000000000142, 0.0
8679, 0.10000000000000142, 0.0
8680, 0.10000000000000142, 0.0
8681, 0.10000000000000142, 0.0
8682, 0.10000000000000142, 0.0
8683, 0.10000000000000142, 0.0
8684, 0.10000000000000142, 0.0
8685, 0.10000000000000142, 0.0
8686, 0.10000000000000142, 0.0
8687, 0.10000000000000142, 0.0
8688, 0.10000000000000142, 0.0
8689, 0.10000000000000142, 0.0
8690, 0.10000000000000142, 0.0
8691, 0.10000000000000142, 0.0
8692, 0.10000000000000142, 0.0
8693, 0.10000000000000142, 0.0
8694, 0.10000000000000142, 0.0
8695, 0.10000000000000142, 0.0
8696, 0.10000000000000142, 0.0
8697, 0.10000000000000142, 0.0
8698, 0.10000000000000142, 0.0
8699, 0.10000000000000142, 0.0
8700, 0.10000000000000142, 0.0
8701, 0.10000000000000142, 0.0
8702, 0.10000000000000142, 0.0
8703, 0.0, 0.0
8704, 0.0, 0.0
8705, 0.0, 0.0
8706, 0.0, 0.0
8707, 0.0, 0.0
8708, 0.0, 0.0
8709, 0.0, 0.0
8710, 0.10000000000000142, 0.0
8711, 0.10000000000000142, 0.0
8712, 0.10000000000000142, 0.0
8713, 0.10000000000000142, 0.0
8714, 0.10000000000000142, 0.0
8715, 0.10000000000000142, 0.0
8716, 0.10000000000000142, 0.0
8717, 0.10000000000000142, 0.0
8718, 0.10000000000000142, 0.0
8719, 0.10000000000000142, 0.0
8720, 0.10000000000000142, 0.0
8721, 0.1999999999999993, 0.0
8722, 0.1999999999999993, 0.0
8723, 0.1999999999999993, 0.0
8724, 0.1999999999999993, 0.0
8725, 0.1999999999999993, 0.0
8726, 0.1999999999999993, 0.0
8727, 0.1999999999999993, 0.0
8728, 0.1999999999999993, 0.0
8729, 0.1999999999999993, 0.0
8730, 0.1999999999999993, 0.0
8731, 0.10000000000000142, 0.0
8732, 0.10000000000000142, 0.0
8733, 0.10000000000000142, 0.0
8734, 0.10000000000000142, 0.0
8735, 0.10000000000000142, 0.09999999999999787
8736, 0.10000000000000142, 0.09999999999999787
8737, 0.10000000000000142, 0.09999999999999787
8738, 0.10000000000000142, 0.0
8739, 0.10000000000000142, 0.0
8740, 0.10000000000000142, 0.0
8741, 0.10000000000000142, 0.0
8742, 0.0, 0.0
8743, 0.0, 0.0
8744, 0.0, 0.0
8745, 0.0, 0.0
8746, 0.0, 0.0
8747, 0.0, 0.0
8748, 0.0, 0.0
8749, 0.0, 0.09999999999999787
8750, 0.0, 0.09999999999999787
8751, 0.0, 0.09999999999999787
8752, 0.0, 0.09999999999999787
8753, 0.0, 0.09999999999999787
8754, 0.0, 0.09999999999999787
8755, 0.0, 0.09999999999999787
8756, 0.0, 0.09999999999999787
8757, 0.0, 0.09999999999999787
8758, 0.0, 0.09999999999999787
8759, 0.0, 0.09999999999999787
8760, 0.0, 0.0
8761, 0.0, 0.0
8762, 0.0, 0.0
8763, 0.0, 0.0
8764, 0.0, 0.0
8765, 0.0, 0.0
8766, 0.0, 0.0
8767, 0.0, 0.0
8768, 0.0, 0.0
8769, 0.0, 0.09999999999999787
8770, 0.0, 0.09999999999999787
8771, 0.0, 0.09999999999999787
8772, 0.0, 0.0
8773, 0.0, 0.0
8774, 0.0, 0.0
8775, 0.0, 0.0
8776, 0.0, 0.0
8777, 0.0, 0.0
8778, 0.0, 0.0
8779, 0.0, 0.0
8780, 0.0, 0.0
8781, 0.10000000000000142, 0.0
8782, 0.10000000000000142, 0.0
8783, 0.10000000000000142, 0.0
8784, 0.10000000000000142, 0.0
8785, 0.10000000000000142, 0.0
8786, 0.10000000000000142, 0.0
8787, 0.10000000000000142, 0.0
8788, 0.10000000000000142, 0.0
8789, 0.10000000000000142, 0.0
8790, 0.10000000000000142, 0.0
8791, 0.10000000000000142, 0.0
8792, 0.10000000000000142, 0.0
8793, 0.10000000000000142, 0.0
8794, 0.10000000000000142, 0.0
8795, 0.10000000000000142, 0.0
8796, 0.10000000000000142, 0.0
8797, 0.10000000000000142, 0.0
8798, 0.10000000000000142, 0.0
8799, 0.10000000000000142, 0.0
8800, 0.10000000000000142, 0.0
8801, 0.10000000000000142, -0.10000000000000142
8802, 0.10000000000000142, -0.10000000000000142
8803, 0.10000000000000142, -0.10000000000000142
8804, 0.10000000000000142, -0.10000000000000142
8805, 0.10000000000000142, -0.10000000000000142
8806, 0.10000000000000142, -0.10000000000000142
8807, 0.10000000000000142, -0.10000000000000142
8808, 0.10000000000000142, -0.10000000000000142
8809, 0.10000000000000142, -0.10000000000000142
8810, 0.10000000000000142, -0.10000000000000142
8811, 0.10000000000000142, 0.0
8812, 0.10000000000000142, 0.0
8813, 0.10000000000000142, 0.0
8814, 0.10000000000000142, 0.0
8815, 0.10000000000000142, 0.0
8816, 0.10000000000000142, 0.0
8817, 0.10000000000000142, 0.0
8818, 0.1999999999999993, 0.0
8819, 0.1999999999999993, 0.0
8820, 0.10000000000000142, 0.0
8821, 0.10000000000000142, 0.0
8822, 0.10000000000000142, 0.0
8823, 0.10000000000000142, 0.0
8824, 0.10000000000000142, 0.0
8825, 0.10000000000000142, 0.0
8826, 0.10000000000000142, 0.0
8827, 0.10000000000000142, -0.10000000000000142
8828, 0.10000000000000142, -0.10000000000000142
8829, 0.10000000000000142, -0.10000000000000142
8830, 0.10000000000000142, -0.10000000000000142
8831, 0.0, -0.10000000000000142
8832, 0.0, -0.10000000000000142
8833, 0.0, 0.0
8834, 0.0, 0.0
8835, 0.0, 0.0
8836, 0.0, 0.0
8837, 0.0, 0.0
8838, 0.0, 0.0
8839, 0.0, 0.0
8840, 0.0, 0.0
8841, 0.0, 0.0
8842, 0.0, 0.0
8843, 0.0, 0.0
8844, 0.0, 0.0
8845, 0.0, -0.10000000000000142
8846, 0.0, -0.10000000000000142
8847, 0.0, -0.10000000000000142
8848, 0.0, -0.10000000000000142
8849, 0.0, -0.10000000000000142
8850, 0.0, -0.10000000000000142
8851, 0.0, -0.10000000000000142
8852, 0.0, -0.10000000000000142
8853, 0.0, -0.10000000000000142
8854, 0.0, -0.10000000000000142
8855, 0.0, 0.0
8856, 0.0, 0.0
8857, 0.0, 0.0
8858, 0.0, 0.0
8859, 0.0, 0.0
8860, 0.0, 0.0
8861, 0.0, 0.0
8862, 0.0, 0.0
8863, 0.0, 0.0
8864, 0.0, 0.0
8865, 0.0, 0.0
8866, 0.0, 0.0
8867, 0.0, 0.0
8868, 0.0, 0.0
8869, 0.0, 0.0
8870, 0.0, 0.0
8871, 0.0, 0.0
8872, 0.0, 0.0
8873, 0.0, 0.0
8874, 0.0, 0.0
8875, 0.0, 0.0
8876, 0.0, 0.0
8877, 0.0, 0.0
8878, 0.0, 0.0
8879, 0.0, 0.0
8880, 0.0, 0.0
8881, 0.0, 0.0
8882, 0.0, 0.0
8883, 0.0, 0.0
8884, 0.0, 0.0
8885, 0.0, 0.0
8886, 0.0, 0.0
8887, 0.0, 0.0
8888, 0.0, 0.0
8889, 0.0, 0.0
8890, 0.0, 0.0
8891, 0.0, 0.0
8892, 0.0, 0.0
8893, 0.0, 0.0
8894, 0.0, 0.0
8895, 0.0, 0.0
8896, 0.0, 0.0
8897, 0.0, 0.0
8898, 0.0, 0.0
8899, 0.0, 0.0
8900, 0.0, 0.0
8901, 0.0, 0.0
8902, 0.0, 0.0
8903, 0.0, 0.0
8904, 0.0, 0.0
8905, 0.0, 0.0
8906, 0.0, 0.0
8907, 0.0, 0.0
8908, 0.0, 0.0
8909, 0.10000000000000142, 0.0
8910, 0.10000000000000142, 0.0
8911, 0.10000000000000142, 0.0
8912, 0.10000000000000142, 0.0
8913, 0.10000000000000142, 0.0
8914, 0.10000000000000142, 0.0
8915, 0.10000000000000142, 0.0
8916, 0.10000000000000142, 0.0
8917, 0.10000000000000142, 0.0
8918, 0.10000000000000142, 0.0
8919, 0.10000000000000142, 0.0
8920, 0.0, 0.0
8921, 0.0, 0.0
8922, 0.0, 0.0
8923, 0.0, 0.0
8924, 0.0, 0.0
8925, 0.0, 0.0
8926, 0.10000000000000142, 0.0
8927, 0.10000000000000142, 0.0
8928, 0.10000000000000142, 0.0
8929, 0.10000000000000142, 0.0
8930, 0.10000000000000142, 0.0
8931, 0.10000000000000142, 0.0
8932, 0.1999999999999993, 0.0
8933, 0.1999999999999993, 0.0
8934, 0.1999999999999993, 0.0
8935, 0.1999999999999993, 0.0
8936, 0.1999999999999993, 0.0
8937, 0.1999999999999993, 0.0
8938, 0.1999999999999993, 0.09999999999999787
8939, 0.1999999999999993, 0.09999999999999787
8940, 0.1999999999999993, 0.09999999999999787
8941, 0.1999999999999993, 0.09999999999999787
8942, 0.1999999999999993, 0.09999999999999787
8943, 0.1999999999999993, 0.09999999999999787
8944, 0.1999999999999993, 0.09999999999999787
8945, 0.1999999999999993, 0.09999999999999787
8946, 0.1999999999999993, 0.09999999999999787
8947, 0.1999999999999993, 0.0
8948, 0.1999999999999993, 0.0
8949, 0.10000000000000142, 0.0
8950, 0.10000000000000142, 0.0
8951, 0.10000000000000142, 0.0
8952, 0.10000000000000142, 0.0
8953, 0.10000000000000142, 0.0
8954, 0.10000000000000142, 0.0
8955, 0.10000000000000142, 0.0
8956, 0.10000000000000142, 0.0
8957, 0.10000000000000142, 0.0
8958, 0.10000000000000142, 0.0
8959, 0.10000000000000142, 0.0
8960, 0.10000000000000142, 0.0
8961, 0.0, 0.0
8962, 0.0, 0.0
8963, 0.0, 0.0
8964, 0.0, 0.0
8965, 0.0, 0.0
8966, 0.0, 0.0
8967, 0.0, 0.0
8968, 0.0, 0.0
8969, 0.0, 0.0
8970, 0.0, 0.0
8971, 0.0, 0.0
8972, 0.0, 0.0
8973, 0.0, 0.0
8974, 0.0, 0.0
8975, 0.0, 0.0
8976, 0.0, 0.0
8977, 0.0, 0.0
8978, 0.0, 0.0
8979, 0.0, 0.0
8980, 0.10000000000000142, 0.0
8981, 0.10000000000000142, 0.0
8982, 0.10000000000000142, 0.0
8983, 0.10000000000000142, 0.0
8984, 0.10000000000000142, 0.0
8985, 0.10000000000000142, 0.0
8986, 0.10000000000000142, 0.0
8987, 0.10000000000000142, 0.0
8988, 0.10000000000000142, 0.0
8989, 0.10000000000000142, 0.0
8990, 0.10000000000000142, 0.0
8991, 0.10000000000000142, 0.0
8992, 0.10000000000000142, 0.0
8993, 0.10000000000000142, 0.0
8994, 0.10000000000000142, 0.0
8995, 0.10000000000000142, 0.0
8996, 0.10000000000000142, 0.0
8997, 0.1999999999999993, 0.0
8998, 0.1999999999999993, 0.0
8999, 0.1999999999999993, 0.0
9000, 0.1999999999999993, 0.0
9001, 0.1999999999999993, 0.0
9002, 0.1999999999999993, 0.0
9003, 0.1999999999999993, 0.0
9004, 0.1999999999999993, 0.0
9005, 0.1999999999999993, 0.0
9006, 0.1999999999999993, 0.0
9007, 0.1999999999999993, 0.0
9008, 0.1999999999999993, 0.0
9009, 0.1999999999999993, 0.0
9010, 0.1999999999999993, 0.0
9011, 0.1999999999999993, 0.0
9012, 0.1999999999999993, 0.0
9013, 0.1999999999999993, 0.0
9014, 0.1999999999999993, 0.0
9015, 0.1999999999999993, 0.0
9016, 0.10000000000000142, 0.0
9017, 0.10000000000000142, 0.0
9018, 0.10000000000000142, 0.0
9019, 0.10000000000000142, 0.0
9020, 0.10000000000000142, 0.0
9021, 0.10000000000000142, 0.0
9022, 0.10000000000000142, 0.0
9023, 0.10000000000000142, 0.0
9024, 0.10000000000000142, 0.0
9025, 0.10000000000000142, 0.0
9026, 0.10000000000000142, 0.0
9027, 0.10000000000000142, 0.0
9028, 0.10000000000000142, 0.0
9029, 0.10000000000000142, 0.0
9030, 0.10000000000000142, 0.0
9031, 0.10000000000000142, 0.0
9032, 0.10000000000000142, 0.0
9033, 0.10000000000000142, 0.0
9034, 0.10000000000000142, 0.0
9035, 0.10000000000000142, 0.0
9036, 0.10000000000000142, 0.0
9037, 0.10000000000000142, 0.0
9038, 0.10000000000000142, 0.0
9039, 0.10000000000000142, 0.0
9040, 0.10000000000000142, 0.0
9041, 0.10000000000000142, 0.0
9042, 0.10000000000000142, 0.0
9043, 0.10000000000000142, 0.0
9044, 0.10000000000000142, 0.0
9045, 0.10000000000000142, 0.0
9046, 0.10000000000000142, 0.0
9047, 0.10000000000000142, 0.0
9048, 0.10000000000000142, 0.0
9049, 0.10000000000000142, 0.0
9050, 0.1999999999999993, 0.0
9051, 0.1999999999999993, 0.0
9052, 0.1999999999999993, 0.0
9053, 0.1999999999999993, 0.0
9054, 0.1999999999999993, 0.0
9055, 0.1999999999999993, 0.0
9056, 0.1999999999999993, 0.0
9057, 0.1999999999999993, 0.0
9058, 0.1999999999999993, 0.0
9059, 0.1999999999999993, 0.0
9060, 0.1999999999999993, 0.0
9061, 0.1999999999999993, 0.0
9062, 0.1999999999999993, 0.0
9063, 0.1999999999999993, 0.0
9064, 0.1999999999999993, 0.0
9065, 0.1999999999999993, 0.0
9066, 0.1999999999999993, 0.0
9067, 0.1999999999999993, 0.0
9068, 0.1999999999999993, 0.0
9069, 0.1999999999999993, 0.0
9070, 0.1999999999999993, 0.0
9071, 0.1999999999999993, 0.0
9072, 0.1999999999999993, 0.0
9073, 0.1999999999999993, 0.0
9074, 0.1999999999999993, 0.0
9075, 0.1999999999999993, 0.0
9076, 0.1999999999999993, 0.0
9077, 0.1999999999999993, 0.0
9078, 0.1999999999999993, 0.0
9079, 0.1999999999999993, 0.0
9080, 0.1999999999999993, 0.0
9081, 0.1999999999999993, 0.0
9082, 0.1999999999999993, 0.0
9083, 0.1999999999999993, 0.0
9084, 0.1999999999999993, 0.0
9085, 0.1999999999999993, 0.0
9086, 0.1999999999999993, 0.0
9087, 0.1999999999999993, 0.0
9088, 0.1999999999999993, 0.0
9089, 0.1999999999999993, 0.0
9090, 0.1999999999999993, 0.0
9091, 0.10000000000000142, 0.0
9092, 0.10000000000000142, 0.0
9093, 0.10000000000000142, 0.0
9094, 0.10000000000000142, 0.0
9095, 0.0, 0.0
9096, 0.0, 0.0
9097, 0.0, 0.0
9098, 0.0, 0.0
9099, 0.0, 0.0
9100, 0.0, 0.0
9101, 0.0, 0.0
9102, 0.0, 0.0
9103, 0.0, 0.0
9104, 0.0, 0.0
9105, 0.0, 0.0
9106, 0.0, 0.0
9107, 0.0, 0.0
9108, 0.0, 0.0
9109, 0.0, 0.0
9110, 0.0, 0.0
9111, 0.0, 0.0
9112, 0.0, 0.0
9113, 0.0, 0.0
9114, 0.0, 0.0
9115, 0.0, 0.0
9116, 0.0, 0.0
9117, 0.0, 0.0
9118, 0.0, 0.0
9119, 0.0, 0.0
9120, 0.10000000000000142, 0.0
9121, 0.10000000000000142, 0.09999999999999787
9122, 0.10000000000000142, 0.0
9123, 0.10000000000000142, 0.0
9124, 0.10000000000000142, 0.0
9125, 0.1999999999999993, 0.0
9126, 0.1999999999999993, 0.0
9127, 0.1999999999999993, 0.0
9128, 0.1999999999999993, 0.0
9129, 0.1999999999999993, 0.0
9130, 0.1999999999999993, 0.0
9131, 0.1999999999999993, 0.0
9132, 0.1999999999999993, 0.0
9133, 0.1999999999999993, 0.0
9134, 0.1999999999999993, 0.0
9135, 0.1999999999999993, 0.0
9136, 0.1999999999999993, 0.0
9137, 0.1999999999999993, 0.0
9138, 0.1999999999999993, 0.09999999999999787
9139, 0.1999999999999993, 0.09999999999999787
9140, 0.1999999999999993, 0.09999999999999787
9141, 0.1999999999999993, 0.09999999999999787
9142, 0.1999999999999993, 0.09999999999999787
9143, 0.1999999999999993, 0.09999999999999787
9144, 0.1999999999999993, 0.09999999999999787
9145, 0.1999999999999993, 0.09999999999999787
9146, 0.1999999999999993, 0.09999999999999787
9147, 0.1999999999999993, 0.09999999999999787
9148, 0.1999999999999993, 0.09999999999999787
9149, 0.1999999999999993, 0.09999999999999787
9150, 0.1999999999999993, 0.09999999999999787
9151, 0.1999999999999993, 0.09999999999999787
9152, 0.1999999999999993, 0.09999999999999787
9153, 0.1999999999999993, 0.09999999999999787
9154, 0.1999999999999993, 0.09999999999999787
9155, 0.1999999999999993, 0.09999999999999787
9156, 0.1999999999999993, 0.0
9157, 0.1999999999999993, 0.0
9158, 0.1999999999999993, 0.0
9159, 0.1999999999999993, 0.0
9160, 0.10000000000000142, 0.0
9161, 0.10000000000000142, 0.0
9162, 0.10000000000000142, 0.0
9163, 0.10000000000000142, 0.0
9164, 0.10000000000000142, 0.0
9165, 0.10000000000000142, 0.0
9166, 0.10000000000000142, 0.0
9167, 0.10000000000000142, 0.0
9168, 0.10000000000000142, 0.0
9169, 0.10000000000000142, 0.0
9170, 0.10000000000000142, 0.0
9171, 0.10000000000000142, 0.0
9172, 0.10000000000000142, 0.0
9173, 0.10000000000000142, 0.0
9174, 0.10000000000000142, 0.0
9175, 0.10000000000000142, 0.0
9176, 0.10000000000000142, 0.0
9177, 0.10000000000000142, 0.0
9178, 0.0, 0.0
9179, 0.0, 0.0
9180, 0.0, 0.0
9181, 0.0, 0.0
9182, 0.0, 0.0
9183, 0.0, 0.0
9184, 0.0, 0.0
9185, 0.0, 0.0
9186, 0.0, 0.0
9187, 0.0, 0.0
9188, 0.0, 0.0
9189, 0.0, 0.0
9190, 0.0, 0.0
9191, 0.0, 0.0
9192, 0.0, 0.0
9193, 0.0, 0.0
9194, 0.0, 0.0
9195, 0.0, -0.10000000000000142
9196, 0.0, 0.0
9197, 0.0, 0.0
9198, 0.0, 0.0
9199, 0.0, 0.0
9200, 0.0, 0.0
9201, 0.0, 0.0
9202, 0.0, 0.0
9203, 0.0, 0.0
9204, 0.0, 0.0
9205, 0.0, 0.0
9206, 0.0, 0.0
9207, 0.0, 0.0
9208, 0.0, 0.0
9209, 0.0, 0.0
9210, 0.0, 0.0
9211, 0.0, 0.0
9212, 0.0, 0.0
9213, 0.0, 0.0
9214, 0.0, 0.0
9215, 0.0, 0.0
9216, 0.0, 0.0
9217, 0.0, 0.0
9218, 0.0, 0.0
9219, 0.0, 0.0
9220, 0.0, 0.0
9221, 0.0, 0.0
9222, 0.0, 0.0
9223, 0.0, 0.0
9224, 0.0, 0.0
9225, 0.0, 0.0
9226, 0.0, 0.0
9227, 0.0, 0.0
9228, 0.0, 0.0
9229, 0.0, 0.0
9230, 0.0, 0.0
9231, 0.0, 0.0
9232, 0.0, 0.0
9233, 0.0, 0.0
9234, 0.10000000000000142, 0.0
9235, 0.10000000000000142, 0.0
9236, 0.10000000000000142, 0.0
9237, 0.10000000000000142, 0.0
9238, 0.10000000000000142, 0.0
9239, 0.10000000000000142, 0.0
9240, 0.0, 0.09999999999999787
9241, 0.0, 0.09999999999999787
9242, 0.0, 0.09999999999999787
9243, 0.0, 0.09999999999999787
9244, 0.0, 0.09999999999999787
9245, 0.0, 0.09999999999999787
9246, 0.0, 0.09999999999999787
9247, 0.0, 0.09999999999999787
9248, 0.0, 0.09999999999999787
9249, 0.0, 0.09999999999999787
9250, 0.0, 0.09999999999999787
9251, 0.10000000000000142, 0.09999999999999787
9252, 0.10000000000000142, 0.09999999999999787
9253, 0.10000000000000142, 0.09999999999999787
9254, 0.10000000000000142, 0.09999999999999787
9255, 0.10000000000000142, 0.09999999999999787
9256, 0.10000000000000142, 0.09999999999999787
9257, 0.10000000000000142, 0.09999999999999787
9258, 0.10000000000000142, 0.09999999999999787
9259, 0.10000000000000142, 0.09999999999999787
9260, 0.10000000000000142, 0.09999999999999787
9261, 0.10000000000000142, 0.09999999999999787
9262, 0.10000000000000142, 0.09999999999999787
9263, 0.10000000000000142, 0.09999999999999787
9264, 0.10000000000000142, 0.0
9265, 0.10000000000000142, 0.0
9266, 0.10000000000000142, 0.0
9267, 0.1999999999999993, 0.0
9268, 0.1999999999999993, 0.0
9269, 0.1999999999999993, 0.0
9270, 0.1999999999999993, 0.0
9271, 0.1999999999999993, 0.0
9272, 0.10000000000000142, 0.0
9273, 0.10000000000000142, 0.0
9274, 0.10000000000000142, 0.0
9275, 0.10000000000000142, 0.0
9276, 0.10000000000000142, 0.0
9277, 0.10000000000000142, 0.0
9278, 0.10000000000000142, 0.0
9279, 0.10000000000000142, 0.0
9280, 0.10000000000000142, 0.0
9281, 0.10000000000000142, 0.0
9282, 0.10000000000000142, 0.0
9283, 0.10000000000000142, 0.0
9284, 0.10000000000000142, 0.0
9285, 0.10000000000000142, 0.0
9286, 0.10000000000000142, 0.0
9287, 0.10000000000000142, 0.0
9288, 0.10000000000000142, 0.0
9289, 0.10000000000000142, 0.0
9290, 0.10000000000000142, 0.0
9291, 0.0, 0.0
9292, 0.0, 0.0
9293, 0.0, 0.0
9294, 0.0, 0.0
9295, 0.0, 0.0
9296, 0.0, 0.0
9297, 0.0, 0.0
9298, 0.0, 0.0
9299, 0.0, 0.0
9300, 0.0, 0.0
9301, 0.0, 0.0
9302, 0.0, 0.0
9303, 0.0, 0.0
9304, 0.0, 0.0
9305, 0.0, 0.0
9306, 0.0, 0.0
9307, 0.0, 0.0
9308, 0.0, 0.0
9309, 0.0, 0.0
9310, 0.0, 0.0
9311, 0.0, 0.0
9312, 0.0, 0.0
9313, 0.0, 0.0
9314, 0.0, 0.0
9315, 0.0, 0.0
9316, 0.0, 0.0
9317, 0.0, 0.0
9318, 0.0, 0.0
9319, 0.0, 0.0
9320, 0.0, 0.0
9321, 0.0, 0.0
9322, 0.0, 0.0
9323, 0.0, 0.0
9324, 0.0, 0.0
9325, 0.0, 0.09999999999999787
9326, 0.0, 0.09999999999999787
9327, 0.0, 0.0
9328, 0.0, 0.0
9329, 0.0, 0.0
9330, 0.0, 0.0
9331, 0.0, 0.0
9332, 0.0, 0.0
9333, 0.0, 0.0
9334, 0.0, 0.0
9335, 0.0, 0.0
9336, 0.10000000000000142, 0.0
9337, 0.10000000000000142, 0.0
9338, 0.10000000000000142, 0.0
9339, 0.10000000000000142, 0.0
9340, 0.10000000000000142, 0.0
9341, 0.10000000000000142, 0.0
9342, 0.10000000000000142, 0.0
9343, 0.1999999999999993, 0.0
9344, 0.1999999999999993, 0.0
9345, 0.1999999999999993, 0.0
9346, 0.1999999999999993, 0.0
9347, 0.1999999999999993, 0.0
9348, 0.1999999999999993, 0.0
9349, 0.1999999999999993, 0.0
9350, 0.10000000000000142, 0.0
9351, 0.10000000000000142, 0.0
9352, 0.10000000000000142, 0.0
9353, 0.10000000000000142, 0.0
9354, 0.10000000000000142, 0.0
9355, 0.10000000000000142, 0.0
9356, 0.10000000000000142, 0.0
9357, 0.10000000000000142, 0.0
9358, 0.10000000000000142, 0.0
9359, 0.10000000000000142, 0.0
9360, 0.10000000000000142, 0.0
9361, 0.10000000000000142, 0.0
9362, 0.10000000000000142, 0.0
9363, 0.10000000000000142, 0.0
9364, 0.10000000000000142, 0.0
9365, 0.10000000000000142, 0.0
9366, 0.10000000000000142, 0.0
9367, 0.10000000000000142, 0.0
9368, 0.10000000000000142, 0.0
9369, 0.10000000000000142, 0.0
9370, 0.10000000000000142, 0.0
9371, 0.10000000000000142, 0.0
9372, 0.10000000000000142, 0.0
9373, 0.10000000000000142, 0.0
9374, 0.10000000000000142, 0.0
9375, 0.10000000000000142, 0.0
9376, 0.10000000000000142, 0.0
9377, 0.10000000000000142, 0.0
9378, 0.10000000000000142, 0.0
9379, 0.10000000000000142, 0.0
9380, 0.10000000000000142, 0.0
9381, 0.10000000000000142, 0.0
9382, 0.10000000000000142, 0.0
9383, 0.10000000000000142, 0.0
9384, 0.10000000000000142, 0.0
9385, 0.10000000000000142, 0.0
9386, 0.10000000000000142, 0.0
9387, 0.10000000000000142, 0.0
9388, 0.10000000000000142, 0.0
9389, 0.0, 0.0
9390, 0.0, 0.0
9391, 0.0, 0.0
9392, 0.0, 0.0
9393, 0.0, 0.0
9394, 0.0, 0.0
9395, 0.0, 0.0
9396, 0.0, 0.0
9397, 0.0, 0.0
9398, 0.0, 0.0
9399, 0.0, 0.0
9400, 0.0, 0.0
9401, 0.0, 0.0
9402, 0.0, 0.0
9403, 0.0, 0.0
9404, 0.0, 0.0
9405, 0.0, 0.0
9406, 0.0, 0.0
9407, 0.0, 0.0
9408, 0.0, 0.0
9409, 0.0, 0.0
9410, 0.0, 0.0
9411, 0.10000000000000142, 0.0
9412, 0.10000000000000142, 0.0
9413, 0.10000000000000142, 0.0
9414, 0.10000000000000142, 0.0
9415, 0.10000000000000142, 0.0
9416, 0.10000000000000142, 0.0
9417, 0.10000000000000142, 0.0
9418, 0.10000000000000142, 0.0
9419, 0.10000000000000142, 0.0
9420, 0.10000000000000142, 0.0
9421, 0.0, 0.0
9422, 0.0, 0.0
9423, 0.0, 0.0
9424, 0.0, 0.0
9425, 0.0, 0.0
9426, 0.0, 0.0
9427, 0.0, 0.0
9428, 0.0, 0.0
9429, 0.0, 0.0
9430, 0.0, 0.0
9431, 0.0, 0.0
9432, 0.0, 0.0
9433, 0.0, 0.0
9434, 0.0, 0.0
9435, 0.0, 0.0
9436, 0.0, 0.0
9437, 0.0, 0.0
9438, 0.0, 0.0
9439, 0.0, 0.0
9440, 0.0, 0.0
9441, 0.0, 0.0
9442, 0.0, 0.0
9443, 0.0, 0.0
9444, 0.0, 0.0
9445, 0.0, 0.0
9446, 0.0, 0.0
9447, 0.0, 0.0
9448, 0.0, 0.0
9449, 0.0, 0.0
9450, 0.0, 0.0
9451, 0.0, 0.0
9452, 0.0, 0.0
9453, 0.0, 0.09999999999999787
9454, 0.0, 0.09999999999999787
9455, 0.0, 0.09999999999999787
9456, 0.10000000000000142, 0.09999999999999787
9457, 0.10000000000000142, 0.09999999999999787
9458, 0.10000000000000142, 0.09999999999999787
9459, 0.10000000000000142, 0.09999999999999787
9460, 0.10000000000000142, 0.09999999999999787
9461, 0.10000000000000142, 0.09999999999999787
9462, 0.10000000000000142, 0.0
9463, 0.10000000000000142, 0.0
9464, 0.10000000000000142, 0.0
9465, 0.10000000000000142, 0.0
9466, 0.10000000000000142, 0.0
9467, 0.10000000000000142, 0.0
9468, 0.10000000000000142, 0.0
9469, 0.10000000000000142, 0.0
9470, 0.10000000000000142, 0.0
9471, 0.10000000000000142, 0.0
9472, 0.10000000000000142, 0.0
9473, 0.10000000000000142, 0.0
9474, 0.10000000000000142, 0.0
9475, 0.0, 0.0
9476, 0.0, 0.0
9477, 0.0, 0.0
9478, 0.0, 0.0
9479, 0.0, 0.0
9480, 0.0, 0.0
9481, 0.0, 0.0
9482, 0.0, 0.0
9483, 0.0, 0.0
9484, 0.0, 0.0
9485, 0.0, 0.0
9486, 0.0, 0.0
9487, 0.0, 0.0
9488, 0.0, 0.0
9489, 0.0, 0.0
9490, 0.0, 0.0
9491, 0.0, 0.0
9492, 0.0, 0.0
9493, 0.0, 0.0
9494, 0.0, 0.0
9495, 0.0, 0.0
9496, 0.0, 0.0
9497, 0.0, 0.0
9498, 0.0, 0.0
9499, 0.0, 0.0
9500, 0.0, 0.0
9501, 0.0, 0.0
9502, 0.10000000000000142, 0.0
9503, 0.10000000000000142, 0.0
9504, 0.10000000000000142, 0.0
9505, 0.10000000000000142, 0.0
9506, 0.10000000000000142, 0.0
9507, 0.10000000000000142, 0.0
9508, 0.10000000000000142, 0.0
9509, 0.10000000000000142, 0.0
9510, 0.10000000000000142, 0.0
9511, 0.10000000000000142, 0.0
9512, 0.10000000000000142, 0.0
9513, 0.10000000000000142, 0.0
9514, 0.10000000000000142, 0.0
9515, 0.10000000000000142, 0.0
9516, 0.10000000000000142, 0.0
9517, 0.10000000000000142, 0.0
9518, 0.10000000000000142, 0.0
9519, 0.10000000000000142, 0.0
9520, 0.10000000000000142, 0.0
9521, 0.10000000000000142, 0.0
9522, 0.10000000000000142, 0.0
9523, 0.10000000000000142, 0.0
9524, 0.10000000000000142, 0.0
9525, 0.10000000000000142, 0.0
9526, 0.10000000000000142, 0.0
9527, 0.10000000000000142, 0.0
9528, 0.10000000000000142, 0.0
9529, 0.10000000000000142, 0.0
9530, 0.10000000000000142, 0.0
9531, 0.10000000000000142, 0.0
9532, 0.10000000000000142, 0.0
9533, 0.10000000000000142, 0.0
9534, 0.0, 0.09999999999999787
9535, 0.0, 0.09999999999999787
9536, 0.10000000000000142, 0.09999999999999787
9537, 0.10000000000000142, 0.09999999999999787
9538, 0.10000000000000142, 0.09999999999999787
9539, 0.10000000000000142, 0.09999999999999787
9540, 0.10000000000000142, 0.09999999999999787
9541, 0.10000000000000142, 0.09999999999999787
9542, 0.10000000000000142, 0.09999999999999787
9543, 0.10000000000000142, 0.09999999999999787
9544, 0.10000000000000142, 0.09999999999999787
9545, 0.10000000000000142, 0.09999999999999787
9546, 0.10000000000000142, 0.09999999999999787
9547, 0.10000000000000142, 0.09999999999999787
9548, 0.10000000000000142, 0.09999999999999787
9549, 0.10000000000000142, 0.09999999999999787
9550, 0.10000000000000142, 0.09999999999999787
9551, 0.10000000000000142, 0.09999999999999787
9552, 0.10000000000000142, 0.09999999999999787
9553, 0.10000000000000142, 0.09999999999999787
9554, 0.10000000000000142, 0.09999999999999787
9555, 0.10000000000000142, 0.09999999999999787
9556, 0.10000000000000142, 0.09999999999999787
9557, 0.10000000000000142, 0.09999999999999787
9558, 0.10000000000000142, 0.09999999999999787
9559, 0.10000000000000142, 0.0
9560, 0.10000000000000142, 0.0
9561, 0.10000000000000142, 0.0
9562, 0.10000000000000142, 0.0
9563, 0.10000000000000142, 0.0
9564, 0.10000000000000142, 0.0
9565, 0.10000000000000142, 0.0
9566, 0.10000000000000142, 0.0
9567, 0.10000000000000142, 0.0
9568, 0.10000000000000142, 0.0
9569, 0.10000000000000142, 0.0
9570, 0.10000000000000142, 0.0
9571, 0.1999999999999993, 0.0
9572, 0.1999999999999993, 0.0
9573, 0.10000000000000142, 0.0
9574, 0.10000000000000142, 0.0
9575, 0.10000000000000142, 0.0
9576, 0.10000000000000142, 0.0
9577, 0.10000000000000142, 0.0
9578, 0.10000000000000142, 0.0
9579, 0.10000000000000142, 0.0
9580, 0.10000000000000142, 0.0
9581, 0.10000000000000142, 0.0
9582, 0.10000000000000142, 0.0
9583, 0.10000000000000142, 0.0
9584, 0.10000000000000142, 0.0
9585, 0.10000000000000142, 0.0
9586, 0.10000000000000142, 0.0
9587, 0.10000000000000142, 0.0
9588, 0.10000000000000142, 0.0
9589, 0.10000000000000142, 0.0
9590, 0.10000000000000142, 0.0
9591, 0.10000000000000142, 0.0
9592, 0.10000000000000142, 0.0
9593, 0.10000000000000142, 0.0
9594, 0.10000000000000142, 0.0
9595, 0.10000000000000142, 0.0
9596, 0.10000000000000142, 0.0
9597, 0.10000000000000142, 0.0
9598, 0.1999999999999993, 0.0
9599, 0.1999999999999993, 0.0
9600, 0.1999999999999993, 0.0
9601, 0.1999999999999993, 0.0
9602, 0.1999999999999993, 0.0
9603, 0.1999999999999993, 0.0
9604, 0.1999999999999993, 0.0
9605, 0.1999999999999993, 0.0
9606, 0.1999999999999993, 0.0
9607, 0.10000000000000142, 0.0
9608, 0.10000000000000142, 0.0
9609, 0.10000000000000142, 0.0
9610, 0.10000000000000142, 0.0
9611, 0.10000000000000142, 0.0
9612, 0.10000000000000142, 0.0
9613, 0.10000000000000142, 0.0
9614, 0.10000000000000142, 0.0
9615, 0.10000000000000142, 0.0
9616, 0.10000000000000142, 0.0
9617, 0.10000000000000142, 0.0
9618, 0.10000000000000142, 0.0
9619, 0.10000000000000142, 0.0
9620, 0.10000000000000142, 0.0
9621, 0.10000000000000142, 0.0
9622, 0.10000000000000142, 0.0
9623, 0.0, 0.0
9624, 0.10000000000000142, 0.0
9625, 0.10000000000000142, 0.0
9626, 0.10000000000000142, 0.0
9627, 0.10000000000000142, 0.0
9628, 0.10000000000000142, 0.0
9629, 0.10000000000000142, 0.0
9630, 0.10000000000000142, 0.0
9631, 0.10000000000000142, 0.0
9632, 0.10000000000000142, 0.09999999999999787
9633, 0.10000000000000142, 0.09999999999999787
9634, 0.10000000000000142, 0.09999999999999787
9635, 0.10000000000000142, 0.09999999999999787
9636, 0.10000000000000142, 0.09999999999999787
9637, 0.10000000000000142, 0.09999999999999787
9638, 0.10000000000000142, 0.09999999999999787
9639, 0.10000000000000142, 0.0
9640, 0.10000000000000142, 0.0
9641, 0.10000000000000142, 0.0
9642, 0.10000000000000142, 0.0
9643, 0.10000000000000142, 0.0
9644, 0.10000000000000142, 0.0
9645, 0.10000000000000142, 0.0
9646, 0.10000000000000142, 0.0
9647, 0.10000000000000142, 0.0
9648, 0.10000000000000142, 0.0
9649, 0.10000000000000142, 0.0
9650, 0.10000000000000142, 0.0
9651, 0.10000000000000142, 0.0
9652, 0.10000000000000142, 0.0
9653, 0.10000000000000142, 0.0
9654, 0.10000000000000142, 0.0
9655, 0.10000000000000142, 0.0
9656, 0.10000000000000142, 0.0
9657, 0.10000000000000142, 0.0
9658, 0.10000000000000142, 0.0
9659, 0.10000000000000142, 0.0
9660, 0.10000000000000142, 0.0
9661, 0.10000000000000142, 0.0
9662, 0.0, 0.0
9663, 0.0, 0.0
9664, 0.0, 0.0
9665, 0.0, 0.0
9666, 0.0, 0.0
9667, 0.0, 0.0
9668, 0.0, 0.0
9669, 0.0, 0.0
9670, 0.0, 0.0
9671, 0.0, 0.0
9672, 0.0, 0.0
9673, 0.0, 0.0
9674, 0.0, 0.0
9675, 0.0, 0.0
9676, 0.0, 0.0
9677, 0.0, 0.0
9678, 0.0, 0.0
9679, 0.0, 0.0
9680, 0.0, 0.0
9681, 0.0, 0.0
9682, 0.0, 0.0
9683, 0.0, 0.0
9684, 0.0, 0.0
9685, 0.0, 0.0
9686, 0.0, 0.0
9687, 0.0, 0.0
9688, 0.0, 0.0
9689, 0.0, 0.0
9690, 0.0, 0.0
9691, 0.0, 0.0
9692, 0.0, 0.0
9693, 0.0, 0.0
9694, 0.0, 0.0
9695, 0.0, 0.0
9696, 0.0, 0.0
9697, 0.0, 0.0
9698, 0.0, 0.0
9699, 0.0, 0.0
9700, 0.0, 0.0
9701, 0.0, 0.0
9702, 0.0, 0.0
9703, 0.0, 0.0
9704, 0.10000000000000142, 0.0
9705, 0.10000000000000142, 0.0
9706, 0.10000000000000142, 0.0
9707, 0.10000000000000142, 0.0
9708, 0.10000000000000142, 0.0
9709, 0.10000000000000142, 0.0
9710, 0.10000000000000142, 0.0
9711, 0.10000000000000142, 0.0
9712, 0.10000000000000142, 0.0
9713, 0.0, 0.0
9714, 0.0, 0.0
9715, 0.0, 0.0
9716, 0.0, 0.0
9717, 0.0, 0.0
9718, 0.0, 0.0
9719, 0.0, 0.0
9720, 0.0, 0.0
9721, 0.0, 0.0
9722, 0.0, 0.09999999999999787
9723, 0.0, 0.09999999999999787
9724, 0.0, 0.09999999999999787
9725, 0.0, 0.09999999999999787
9726, 0.0, 0.09999999999999787
9727, 0.0, 0.0
9728, 0.0, 0.0
9729, 0.0, 0.0
9730, 0.0, 0.0
9731, 0.0, 0.0
9732, 0.0, 0.0
9733, 0.0, 0.0
9734, 0.0, 0.0
9735, 0.0, 0.0
9736, 0.0, 0.0
9737, 0.10000000000000142, 0.0
9738, 0.10000000000000142, 0.0
9739, 0.10000000000000142, 0.0
9740, 0.10000000000000142, 0.0
9741, 0.10000000000000142, 0.0
9742, 0.10000000000000142, 0.0
9743, 0.0, 0.0
9744, 0.0, 0.0
9745, 0.0, 0.0
9746, 0.0, 0.0
9747, 0.0, 0.0
9748, 0.0, 0.0
9749, 0.0, 0.0
9750, 0.0, 0.0
9751, 0.0, 0.0
9752, 0.0, 0.0
9753, 0.0, 0.0
9754, 0.0, 0.0
9755, 0.0, 0.0
9756, 0.0, 0.0
9757, 0.0, 0.0
9758, 0.0, 0.0
9759, 0.0, 0.0
9760, 0.0, 0.0
9761, 0.0, 0.0
9762, 0.0, 0.0
9763, 0.0, 0.0
9764, 0.0, 0.0
9765, 0.0, 0.0
9766, 0.0, 0.0
9767, 0.10000000000000142, 0.0
9768, 0.10000000000000142, 0.0
9769, 0.10000000000000142, 0.0
9770, 0.10000000000000142, 0.0
9771, 0.10000000000000142, 0.0
9772, 0.10000000000000142, 0.0
9773, 0.10000000000000142, 0.0
9774, 0.10000000000000142, 0.0
9775, 0.10000000000000142, 0.0
9776, 0.10000000000000142, 0.0
9777, 0.10000000000000142, 0.09999999999999787
9778, 0.10000000000000142, 0.09999999999999787
9779, 0.10000000000000142, 0.09999999999999787
9780, 0.10000000000000142, 0.09999999999999787
9781, 0.10000000000000142, 0.09999999999999787
9782, 0.10000000000000142, 0.09999999999999787
9783, 0.10000000000000142, 0.09999999999999787
9784, 0.0, 0.0
9785, 0.0, 0.0
9786, 0.0, 0.0
9787, 0.0, 0.0
9788, 0.10000000000000142, 0.0
9789, 0.10000000000000142, 0.0
9790, 0.10000000000000142, 0.0
9791, 0.10000000000000142, 0.0
9792, 0.10000000000000142, 0.0
9793, 0.10000000000000142, 0.0
9794, 0.10000000000000142, 0.09999999999999787
9795, 0.10000000000000142, 0.09999999999999787
9796, 0.10000000000000142, 0.09999999999999787
9797, 0.10000000000000142, 0.0
9798, 0.10000000000000142, 0.0
9799, 0.10000000000000142, 0.0
9800, 0.10000000000000142, 0.0
9801, 0.10000000000000142, 0.0
9802, 0.10000000000000142, 0.0
9803, 0.10000000000000142, 0.0
9804, 0.10000000000000142, 0.0
9805, 0.10000000000000142, 0.0
9806, 0.10000000000000142, 0.0
9807, 0.10000000000000142, 0.0
9808, 0.10000000000000142, 0.0
9809, 0.10000000000000142, 0.09999999999999787
9810, 0.10000000000000142, 0.09999999999999787
9811, 0.10000000000000142, 0.09999999999999787
9812, 0.10000000000000142, 0.09999999999999787
9813, 0.10000000000000142, 0.09999999999999787
9814, 0.10000000000000142, 0.09999999999999787
9815, 0.10000000000000142, 0.09999999999999787
9816, 0.10000000000000142, 0.09999999999999787
9817, 0.10000000000000142, 0.09999999999999787
9818, 0.10000000000000142, 0.09999999999999787
9819, 0.10000000000000142, 0.09999999999999787
9820, 0.10000000000000142, 0.09999999999999787
9821, 0.10000000000000142, 0.09999999999999787
9822, 0.10000000000000142, 0.0
9823, 0.10000000000000142, 0.0
9824, 0.10000000000000142, 0.0
9825, 0.10000000000000142, 0.0
9826, 0.10000000000000142, 0.0
9827, 0.10000000000000142, 0.0
9828, 0.10000000000000142, 0.0
9829, 0.10000000000000142, 0.0
9830, 0.10000000000000142, 0.0
9831, 0.10000000000000142, 0.0
9832, 0.10000000000000142, 0.0
9833, 0.10000000000000142, 0.0
9834, 0.10000000000000142, 0.0
9835, 0.10000000000000142, 0.0
9836, 0.10000000000000142, 0.0
9837, 0.10000000000000142, 0.09999999999999787
9838, 0.10000000000000142, 0.09999999999999787
9839, 0.10000000000000142, 0.09999999999999787
9840, 0.10000000000000142, 0.09999999999999787
9841, 0.10000000000000142, 0.09999999999999787
9842, 0.10000000000000142, 0.09999999999999787
9843, 0.1999999999999993, 0.09999999999999787
9844, 0.1999999999999993, 0.09999999999999787
9845, 0.1999999999999993, 0.09999999999999787
9846, 0.1999999999999993, 0.09999999999999787
9847, 0.1999999999999993, 0.09999999999999787
9848, 0.1999999999999993, 0.09999999999999787
9849, 0.1999999999999993, 0.09999999999999787
9850, 0.1999999999999993, 0.09999999999999787
9851, 0.1999999999999993, 0.09999999999999787
9852, 0.1999999999999993, 0.09999999999999787
9853, 0.1999999999999993, 0.09999999999999787
9854, 0.1999999999999993, 0.09999999999999787
9855, 0.1999999999999993, 0.09999999999999787
9856, 0.1999999999999993, 0.0
9857, 0.1999999999999993, 0.0
9858, 0.1999999999999993, 0.0
9859, 0.3000000000000007, 0.0
9860, 0.3000000000000007, 0.0
9861, 0.3000000000000007, 0.0
9862, 0.3000000000000007, 0.0
9863, 0.3000000000000007, 0.0
9864, 0.3000000000000007, 0.0
9865, 0.3000000000000007, 0.0
9866, 0.3000000000000007, 0.0
9867, 0.3000000000000007, 0.0
9868, 0.1999999999999993, 0.0
9869, 0.1999999999999993, 0.0
9870, 0.1999999999999993, 0.0
9871, 0.1999999999999993, 0.0
9872, 0.1999999999999993, 0.0
9873, 0.1999999999999993, 0.0
9874, 0.1999999999999993, 0.0
9875, 0.1999999999999993, 0.0
9876, 0.1999999999999993, 0.0
9877, 0.1999999999999993, 0.0
9878, 0.1999999999999993, 0.09999999999999787
9879, 0.10000000000000142, 0.09999999999999787
9880, 0.10000000000000142, 0.09999999999999787
9881, 0.10000000000000142, 0.09999999999999787
9882, 0.10000000000000142, 0.09999999999999787
9883, 0.10000000000000142, 0.09999999999999787
9884, 0.10000000000000142, 0.09999999999999787
9885, 0.10000000000000142, 0.09999999999999787
9886, 0.0, 0.0
9887, 0.0, 0.0
9888, 0.0, 0.0
9889, 0.0, 0.0
9890, 0.0, 0.0
9891, 0.0, 0.0
9892, 0.0, 0.0
9893, 0.0, 0.0
9894, 0.0, 0.0
9895, 0.0, 0.0
9896, 0.0, 0.0
9897, 0.0, 0.0
9898, 0.0, 0.0
9899, 0.0, 0.0
9900, 0.0, 0.0
9901, 0.0, 0.0
9902, 0.0, 0.0
9903, 0.0, 0.0
9904, 0.0, 0.0
9905, 0.0, 0.0
9906, 0.0, 0.0
9907, 0.0, 0.0
9908, 0.0, 0.0
9909, 0.0, 0.0
9910, 0.0, 0.0
9911, 0.0, 0.0
9912, 0.0, 0.0
9913, 0.0, 0.0
9914, 0.0, 0.0
9915, 0.0, 0.0
9916, 0.0, 0.0
9917, 0.0, 0.0
9918, 0.0, 0.0
9919, 0.0, 0.0
9920, 0.0, 0.0
9921, 0.0, 0.0
9922, 0.0, 0.0
9923, 0.10000000000000142, 0.09999999999999787
9924, 0.10000000000000142, 0.09999999999999787
9925, 0.10000000000000142, 0.09999999999999787
9926, 0.10000000000000142, 0.09999999999999787
9927, 0.10000000000000142, 0.09999999999999787
9928, 0.10000000000000142, 0.09999999999999787
9929, 0.10000000000000142, 0.09999999999999787
9930, 0.0, 0.09999999999999787
9931, 0.0, 0.09999999999999787
9932, 0.0, 0.09999999999999787
9933, 0.0, 0.09999999999999787
9934, 0.0, 0.09999999999999787
9935, 0.0, 0.09999999999999787
9936, 0.0, 0.09999999999999787
9937, 0.0, 0.09999999999999787
9938, 0.0, 0.09999999999999787
9939, 0.0, 0.09999999999999787
9940, 0.0, 0.0
9941, 0.0, 0.0
9942, 0.0, 0.0
9943, 0.0, 0.0
9944, 0.0, 0.0
9945, 0.0, 0.0
9946, 0.0, 0.0
9947, 0.0, 0.0
9948, 0.0, 0.0
9949, 0.0, 0.0
9950, 0.0, 0.0
9951, 0.0, 0.0
9952, 0.0, -0.10000000000000142
9953, 0.0, 0.0
9954, 0.0, 0.0
9955, 0.0, 0.0
9956, 0.0, 0.0
9957, 0.0, 0.0
9958, 0.0, 0.0
9959, 0.0, 0.0
9960, 0.0, 0.0
9961, 0.10000000000000142, 0.0
9962, 0.10000000000000142, 0.0
9963, 0.10000000000000142, 0.0
9964, 0.10000000000000142, 0.0
9965, 0.10000000000000142, -0.10000000000000142
9966, 0.10000000000000142, -0.10000000000000142
9967, 0.10000000000000142, -0.10000000000000142
9968, 0.10000000000000142, -0.10000000000000142
9969, 0.10000000000000142, -0.10000000000000142
9970, 0.10000000000000142, -0.10000000000000142
9971, 0.10000000000000142, -0.10000000000000142
9972, 0.10000000000000142, 0.0
9973, 0.10000000000000142, 0.0
9974, 0.10000000000000142, 0.0
9975, 0.10000000000000142, 0.0
9976, 0.10000000000000142, 0.0
9977, 0.10000000000000142, 0.0
9978, 0.10000000000000142, 0.0
9979, 0.1999999999999993, 0.0
9980, 0.1999999999999993, 0.0
9981, 0.1999999999999993, 0.0
9982, 0.1999999999999993, 0.09999999999999787
9983, 0.1999999999999993, 0.09999999999999787
9984, 0.1999999999999993, 0.09999999999999787
9985, 0.1999999999999993, 0.09999999999999787
9986, 0.1999999999999993, 0.09999999999999787
9987, 0.1999999999999993, 0.1999999999999993
9988, 0.1999999999999993, 0.1999999999999993
9989, 0.1999999999999993, 0.1999999999999993
9990, 0.1999999999999993, 0.3000000000000007
9991, 0.1999999999999993, 0.3000000000000007
9992, 0.1999999999999993, 0.3000000000000007
9993, 0.1999999999999993, 0.3999999999999986
9994, 0.1999999999999993, 0.3000000000000007
9995, 0.1999999999999993, 0.3999999999999986
9996, 0.1999999999999993, 0.3999999999999986
9997, 0.1999999999999993, 0.5
9998, 0.1999999999999993, 0.5
9999, 0.1999999999999993, 0.5999999999999979
10000, 0.1999999999999993, 0.5
10001, 0.1999999999999993, 0.5999999999999979
10002, 0.1999999999999993, 0.6999999999999993
10003, 0.1999999999999993, 0.5999999999999979
10004, 0.1999999999999993, 0.6999999999999993
10005, 0.1999999999999993, 0.6999999999999993
10006, 0.10000000000000142, 0.8000000000000007
10007, 0.10000000000000142, 0.6999999999999993
10008, 0.10000000000000142, 0.8000000000000007
10009, 0.10000000000000142, 0.8000000000000007
10010, 0.10000000000000142, 0.8999999999999986
10011, 0.10000000000000142, 0.8000000000000007
10012, 0.10000000000000142, 0.8999999999999986
10013, 0.10000000000000142, 0.8999999999999986
10014, 0.10000000000000142, 0.8999999999999986
10015, 0.10000000000000142, 0.8000000000000007
10016, 0.10000000000000142, 0.8000000000000007
10017, 0.0, 0.8000000000000007
10018, 0.0, 0.8000000000000007
10019, 0.0, 0.8000000000000007
10020, 0.0, 0.8000000000000007
10021, 0.0, 0.8000000000000007
10022, 0.0, 0.8000000000000007
10023, 0.0, 0.6999999999999993
10024, 0.0, 0.6999999999999993
10025, 0.0, 0.6999999999999993
10026, 0.0, 0.5999999999999979
10027, 0.0, 0.5999999999999979
10028, 0.0, 0.5999999999999979
10029, 0.0, 0.5999999999999979
10030, 0.10000000000000142, 0.5999999999999979
10031, 0.10000000000000142, 0.5
10032, 0.10000000000000142, 0.5
10033, 0.10000000000000142, 0.5
10034, 0.10000000000000142, 0.5
10035, 0.10000000000000142, 0.5
10036, 0.10000000000000142, 0.5
10037, 0.10000000000000142, 0.3999999999999986
10038, 0.10000000000000142, 0.5
10039, 0.10000000000000142, 0.3999999999999986
10040, 0.10000000000000142, 0.3999999999999986
10041, 0.10000000000000142, 0.3999999999999986
10042, 0.10000000000000142, 0.3999999999999986
10043, 0.10000000000000142, 0.3999999999999986
10044, 0.10000000000000142, 0.3999999999999986
10045, 0.10000000000000142, 0.5
10046, 0.10000000000000142, 0.5
10047, 0.10000000000000142, 0.5999999999999979
10048, 0.10000000000000142, 0.5
10049, 0.10000000000000142, 0.5
10050, 0.0, 0.5999999999999979
10051, 0.0, 0.5999999999999979
10052, 0.0, 0.5999999999999979
10053, 0.0, 0.5999999999999979
10054, 0.0, 0.6999999999999993
10055, 0.0, 0.6999999999999993
10056, 0.0, 0.8000000000000007
10057, 0.0, 0.8000000000000007
10058, 0.0, 0.8000000000000007
10059, 0.0, 0.8999999999999986
10060, 0.0, 0.8999999999999986
10061, 0.0, 0.8999999999999986
10062, 0.0, 0.8000000000000007
10063, 0.0, 0.8000000000000007
10064, 0.0, 1.0
10065, 0.0, 0.8999999999999986
10066, 0.0, 0.8999999999999986
10067, 0.0, 0.8000000000000007
10068, 0.0, 0.8000000000000007
10069, 0.0, 0.8000000000000007
10070, 0.0, 0.8000000000000007
10071, 0.0, 0.8000000000000007
10072, 0.0, 0.6999999999999993
10073, 0.0, 0.6999999999999993
10074, 0.0, 0.5
10075, 0.0, 0.5999999999999979
10076, 0.0, 0.5
10077, 0.0, 0.5999999999999979
10078, 0.0, 0.5
10079, 0.0, 0.5
10080, 0.0, 0.5
10081, 0.0, 0.3999999999999986
10082, 0.0, 0.3999999999999986
10083, 0.0, 0.3999999999999986
10084, 0.10000000000000142, 0.3000000000000007
10085, 0.10000000000000142, 0.3000000000000007
10086, 0.10000000000000142, 0.1999999999999993
10087, 0.10000000000000142, 0.1999999999999993
10088, 0.10000000000000142, 0.09999999999999787
10089, 0.10000000000000142, 0.1999999999999993
10090, 0.10000000000000142, 0.09999999999999787
10091, 0.10000000000000142, 0.09999999999999787
10092, 0.10000000000000142, 0.09999999999999787
10093, 0.10000000000000142, 0.0
10094, 0.0, 0.0
10095, 0.0, 0.0
10096, 0.0, 0.09999999999999787
10097, 0.0, 0.09999999999999787
10098, 0.0, 0.1999999999999993
10099, 0.0, 0.1999999999999993
10100, 0.0, 0.1999999999999993
10101, 0.0, 0.1999999999999993
10102, 0.0, 0.3000000000000007
10103, 0.0, 0.3000000000000007
10104, 0.0, 0.1999999999999993
10105, 0.0, 0.3999999999999986
10106, 0.0, 0.3999999999999986
10107, 0.0, 0.5
10108, 0.0, 0.5
10109, 0.10000000000000142, 0.5
10110, 0.10000000000000142, 0.5
10111, 0.10000000000000142, 0.5
10112, 0.10000000000000142, 0.5999999999999979
10113, 0.10000000000000142, 0.5999999999999979
10114, 0.10000000000000142, 0.6999999999999993
10115, 0.10000000000000142, 0.6999999999999993
10116, 0.10000000000000142, 0.8000000000000007
10117, 0.10000000000000142, 0.6999999999999993
10118, 0.10000000000000142, 0.8000000000000007
10119, 0.10000000000000142, 0.8999999999999986
10120, 0.10000000000000142, 0.8999999999999986
10121, 0.10000000000000142, 1.0
10122, 0.10000000000000142, 1.0
10123, 0.10000000000000142, 1.0
10124, 0.10000000000000142, 1.0999999999999979
10125, 0.10000000000000142, 1.0
10126, 0.10000000000000142, 1.0999999999999979
10127, 0.0, 1.0999999999999979
10128, 0.0, 1.0
10129, 0.0, 1.0
10130, 0.0, 1.0999999999999979
10131, 0.0, 1.0999999999999979
10132, 0.0, 1.0999999999999979
10133, 0.0, 1.0999999999999979
10134, 0.0, 1.0
10135, 0.0, 1.0
10136, 0.0, 0.8999999999999986
10137, 0.0, 1.0
10138, 0.0, 1.0
10139, 0.0, 1.0
10140, 0.0, 0.8999999999999986
10141, 0.0, 0.8000000000000007
10142, 0.0, 0.8000000000000007
10143, 0.0, 0.8999999999999986
10144, 0.0, 0.6999999999999993
10145, 0.0, 0.6999999999999993
10146, 0.0, 0.6999999999999993
10147, 0.0, 0.5999999999999979
10148, 0.0, 0.5999999999999979
10149, 0.0, 0.5
10150, 0.0, 0.5
10151, 0.0, 0.3999999999999986
10152, 0.0, 0.3999999999999986
10153, 0.0, 0.3000000000000007
10154, 0.0, 0.3000000000000007
10155, 0.0, 0.3000000000000007
10156, 0.0, 0.1999999999999993
10157, 0.0, 0.09999999999999787
10158, 0.0, 0.1999999999999993
10159, 0.0, 0.09999999999999787
10160, 0.0, 0.09999999999999787
10161, 0.0, 0.0
10162, 0.0, 0.09999999999999787
10163, 0.0, 0.0
10164, 0.0, 0.0
10165, 0.0, 0.0
10166, 0.0, 0.09999999999999787
10167, 0.0, 0.0
10168, 0.0, -0.10000000000000142
10169, 0.0, -0.10000000000000142
10170, 0.0, -0.10000000000000142
10171, 0.0, -0.10000000000000142
10172, 0.0, -0.10000000000000142
10173, 0.0, -0.10000000000000142
10174, 0.0, -0.10000000000000142
10175, 0.0, 0.0
10176, 0.0, 0.0
10177, 0.0, 0.09999999999999787
10178, 0.0, 0.0
10179, 0.0, 0.09999999999999787
10180, 0.0, 0.09999999999999787
10181, 0.0, 0.09999999999999787
10182, 0.0, 0.1999999999999993
10183, 0.10000000000000142, 0.1999999999999993
10184, 0.10000000000000142, 0.3000000000000007
10185, 0.10000000000000142, 0.1999999999999993
10186, 0.10000000000000142, 0.3000000000000007
10187, 0.10000000000000142, 0.3999999999999986
10188, 0.10000000000000142, 0.3999999999999986
10189, 0.10000000000000142, 0.3999999999999986
10190, 0.10000000000000142, 0.5
10191, 0.10000000000000142, 0.5999999999999979
10192, 0.10000000000000142, 0.5
10193, 0.10000000000000142, 0.5999999999999979
10194, 0.10000000000000142, 0.5999999999999979
10195, 0.10000000000000142, 0.5999999999999979
10196, 0.10000000000000142, 0.5999999999999979
10197, 0.10000000000000142, 0.5999999999999979
10198, 0.10000000000000142, 0.5999999999999979
10199, 0.10000000000000142, 0.5999999999999979
10200, 0.10000000000000142, 0.5
10201, 0.10000000000000142, 0.5
10202, 0.10000000000000142, 0.5999999999999979
10203, 0.10000000000000142, 0.5
10204, 0.10000000000000142, 0.5
10205, 0.10000000000000142, 0.5999999999999979
10206, 0.10000000000000142, 0.5999999999999979
10207, 0.10000000000000142, 0.5999999999999979
10208, 0.10000000000000142, 0.5999999999999979
10209, 0.10000000000000142, 0.3999999999999986
10210, 0.10000000000000142, 0.3999999999999986
10211, 0.0, 0.3999999999999986
10212, 0.0, 0.5
10213, 0.0, 0.3999999999999986
10214, 0.0, 0.3999999999999986
10215, 0.0, 0.3999999999999986
10216, 0.0, 0.3000000000000007
10217, 0.0, 0.3000000000000007
10218, 0.0, 0.1999999999999993
10219, 0.0, 0.1999999999999993
10220, 0.0, 0.1999999999999993
10221, 0.0, 0.1999999999999993
10222, 0.0, 0.09999999999999787
10223, 0.0, 0.09999999999999787
10224, 0.0, 0.09999999999999787
10225, 0.0, 0.0
10226, 0.0, 0.0
10227, 0.0, -0.10000000000000142
10228, 0.10000000000000142, -0.3000000000000007
10229, 0.10000000000000142, -0.3000000000000007
10230, 0.10000000000000142, -0.3000000000000007
10231, 0.10000000000000142, -0.5
10232, 0.10000000000000142, -0.6000000000000014
10233, 0.10000000000000142, -0.6999999999999993
10234, 0.10000000000000142, -0.8000000000000007
10235, 0.10000000000000142, -0.9000000000000021
10236, 0.1999999999999993, -1.1000000000000014
10237, 0.1999999999999993, -1.1999999999999993
10238, 0.1999999999999993, -1.1999999999999993
10239, 0.1999999999999993, -1.4000000000000021
10240, 0.1999999999999993, -1.5
10241, 0.10000000000000142, -1.6000000000000014
10242, 0.10000000000000142, -1.6999999999999993
10243, 0.10000000000000142, -1.8000000000000007
10244, 0.10000000000000142, -2.1000000000000014
10245, 0.1999999999999993, -2.1999999999999993
10246, 0.1999999999999993, -2.3000000000000007
10247, 0.1999999999999993, -2.400000000000002
10248, 0.1999999999999993, -2.5
10249, 0.1999999999999993, -2.8000000000000007
10250, 0.1999999999999993, -2.900000000000002
10251, 0.1999999999999993, -3.0
10252, 0.1999999999999993, -3.1000000000000014
10253, 0.1999999999999993, -3.1999999999999993
10254, 0.1999999999999993, -3.400000000000002
10255, 0.1999999999999993, -3.5
10256, 0.1999999999999993, -3.6999999999999993
10257, 0.1999999999999993, -3.6999999999999993
10258, 0.1999999999999993, -3.8000000000000007
10259, 0.1999999999999993, -3.8000000000000007
10260, 0.1999999999999993, -3.900000000000002
10261, 0.1999999999999993, -3.900000000000002
10262, 0.1999999999999993, -4.0
10263, 0.1999999999999993, -4.100000000000001
10264, 0.1999999999999993, -4.100000000000001
10265, 0.1999999999999993, -4.100000000000001
10266, 0.1999999999999993, -4.100000000000001
10267, 0.1999999999999993, -4.100000000000001
10268, 0.1999999999999993, -4.100000000000001
10269, 0.1999999999999993, -4.100000000000001
10270, 0.1999999999999993, -4.100000000000001
10271, 0.1999999999999993, -4.0
10272, 0.1999999999999993, -3.900000000000002
10273, 0.1999999999999993, -4.0
10274, 0.3000000000000007, -3.8000000000000007
10275, 0.1999999999999993, -3.6999999999999993
10276, 0.1999999999999993, -3.6000000000000014
10277, 0.1999999999999993, -3.5
10278, 0.1999999999999993, -3.400000000000002
10279, 0.1999999999999993, -3.400000000000002
10280, 0.1999999999999993, -3.1999999999999993
10281, 0.1999999999999993, -3.1999999999999993
10282, 0.1999999999999993, -2.900000000000002
10283, 0.1999999999999993, -2.900000000000002
10284, 0.1999999999999993, -2.6999999999999993
10285, 0.1999999999999993, -2.6000000000000014
10286, 0.1999999999999993, -2.400000000000002
10287, 0.1999999999999993, -2.400000000000002
10288, 0.1999999999999993, -2.1999999999999993
10289, 0.1999999999999993, -2.0
10290, 0.1999999999999993, -1.9000000000000021
10291, 0.1999999999999993, -1.8000000000000007
10292, 0.1999999999999993, -1.6000000000000014
10293, 0.1999999999999993, -1.5
10294, 0.1999999999999993, -1.4000000000000021
10295, 0.1999999999999993, -1.3000000000000007
10296, 0.1999999999999993, -1.1999999999999993
10297, 0.1999999999999993, -1.0
10298, 0.1999999999999993, -0.8000000000000007
10299, 0.1999999999999993, -0.6999999999999993
10300, 0.1999999999999993, -0.6000000000000014
10301, 0.1999999999999993, -0.5
10302, 0.1999999999999993, -0.3000000000000007
10303, 0.1999999999999993, -0.3000000000000007
10304, 0.1999999999999993, -0.1999999999999993
10305, 0.10000000000000142, -0.10000000000000142
10306, 0.10000000000000142, 0.0
10307, 0.10000000000000142, 0.09999999999999787
10308, 0.10000000000000142, 0.1999999999999993
10309, 0.10000000000000142, 0.3000000000000007
10310, 0.10000000000000142, 0.5
10311, 0.10000000000000142, 0.5
10312, 0.10000000000000142, 0.5999999999999979
10313, 0.10000000000000142, 0.5999999999999979
10314, 0.10000000000000142, 0.6999999999999993
10315, 0.10000000000000142, 0.8999999999999986
10316, 0.10000000000000142, 0.8999999999999986
10317, 0.10000000000000142, 0.8999999999999986
10318, 0.10000000000000142, 1.0999999999999979
10319, 0.10000000000000142, 1.0999999999999979
10320, 0.10000000000000142, 1.0999999999999979
10321, 0.10000000000000142, 1.0999999999999979
10322, 0.10000000000000142, 1.1999999999999993
10323, 0.10000000000000142, 1.3000000000000007
10324, 0.10000000000000142, 1.3000000000000007
10325, 0.10000000000000142, 1.3000000000000007
10326, 0.10000000000000142, 1.3000000000000007
10327, 0.10000000000000142, 1.3999999999999986
10328, 0.10000000000000142, 1.3999999999999986
10329, 0.10000000000000142, 1.3000000000000007
10330, 0.10000000000000142, 1.3999999999999986
10331, 0.0, 1.3999999999999986
10332, 0.0, 1.3999999999999986
10333, 0.0, 1.3999999999999986
10334, 0.0, 1.3000000000000007
10335, 0.0, 1.3999999999999986
10336, 0.10000000000000142, 1.3000000000000007
10337, 0.10000000000000142, 1.1999999999999993
10338, 0.10000000000000142, 1.1999999999999993
10339, 0.10000000000000142, 1.0999999999999979
10340, 0.10000000000000142, 1.0999999999999979
10341, 0.10000000000000142, 1.0999999999999979
10342, 0.10000000000000142, 1.0999999999999979
10343, 0.10000000000000142, 1.0
10344, 0.10000000000000142, 1.0
10345, 0.10000000000000142, 1.0
10346, 0.10000000000000142, 0.8999999999999986
10347, 0.10000000000000142, 0.8000000000000007
10348, 0.10000000000000142, 0.8000000000000007
10349, 0.10000000000000142, 0.6999999999999993
10350, 0.10000000000000142, 0.5999999999999979
10351, 0.10000000000000142, 0.5
10352, 0.10000000000000142, 0.5
10353, 0.10000000000000142, 0.3000000000000007
10354, 0.10000000000000142, 0.1999999999999993
10355, 0.10000000000000142, 0.1999999999999993
10356, 0.10000000000000142, 0.09999999999999787
10357, 0.10000000000000142, 0.0
10358, 0.10000000000000142, -0.10000000000000142
10359, 0.10000000000000142, -0.10000000000000142
10360, 0.10000000000000142, -0.10000000000000142
10361, 0.10000000000000142, -0.1999999999999993
10362, 0.10000000000000142, -0.3000000000000007
10363, 0.10000000000000142, -0.40000000000000213
10364, 0.10000000000000142, -0.5
10365, 0.10000000000000142, -0.6000000000000014
10366, 0.10000000000000142, -0.6000000000000014
10367, 0.10000000000000142, -0.6999999999999993
10368, 0.10000000000000142, -0.8000000000000007
10369, 0.10000000000000142, -0.8000000000000007
10370, 0.10000000000000142, -0.9000000000000021
10371, 0.10000000000000142, -0.9000000000000021
10372, 0.10000000000000142, -0.9000000000000021
10373, 0.10000000000000142, -1.0
10374, 0.10000000000000142, -1.1000000000000014
10375, 0.10000000000000142, -1.1000000000000014
10376, 0.10000000000000142, -1.1000000000000014
10377, 0.10000000000000142, -1.1000000000000014
10378, 0.10000000000000142, -1.1000000000000014
10379, 0.10000000000000142, -1.1000000000000014
10380, 0.10000000000000142, -1.1999999999999993
10381, 0.10000000000000142, -1.1000000000000014
10382, 0.10000000000000142, -1.1000000000000014
10383, 0.10000000000000142, -1.1000000000000014
10384, 0.10000000000000142, -1.0
10385, 0.10000000000000142, -1.0
10386, 0.10000000000000142, -1.0
10387, 0.10000000000000142, -0.9000000000000021
10388, 0.10000000000000142, -1.0
10389, 0.10000000000000142, -1.0
10390, 0.10000000000000142, -0.9000000000000021
10391, 0.10000000000000142, -0.9000000000000021
10392, 0.10000000000000142, -0.8000000000000007
10393, 0.10000000000000142, -0.8000000000000007
10394, 0.10000000000000142, -0.6999999999999993
10395, 0.10000000000000142, -0.6000000000000014
10396, 0.10000000000000142, -0.6000000000000014
10397, 0.10000000000000142, -0.5
10398, 0.10000000000000142, -0.40000000000000213
10399, 0.10000000000000142, -0.40000000000000213
10400, 0.10000000000000142, -0.3000000000000007
10401, 0.10000000000000142, -0.1999999999999993
10402, 0.10000000000000142, -0.1999999999999993
10403, 0.10000000000000142, -0.10000000000000142
10404, 0.10000000000000142, -0.10000000000000142
10405, 0.10000000000000142, 0.0
10406, 0.10000000000000142, 0.0
10407, 0.10000000000000142, 0.09999999999999787
10408, 0.10000000000000142, 0.09999999999999787
10409, 0.10000000000000142, 0.09999999999999787
10410, 0.10000000000000142, 0.09999999999999787
10411, 0.10000000000000142, 0.1999999999999993
10412, 0.0, 0.1999999999999993
10413, 0.0, 0.3000000000000007
10414, 0.0, 0.3000000000000007
10415, 0.0, 0.3000000000000007
10416, 0.0, 0.3000000000000007
10417, 0.0, 0.3000000000000007
10418, 0.0, 0.3999999999999986
10419, 0.0, 0.3000000000000007
10420, 0.0, 0.3000000000000007
10421, 0.0, 0.3999999999999986
10422, 0.0, 0.3999999999999986
10423, 0.0, 0.5
10424, 0.0, 0.5
10425, 0.0, 0.5
10426, 0.0, 0.5999999999999979
10427, 0.0, 0.5
10428, 0.0, 0.5999999999999979
10429, 0.0, 0.5999999999999979
10430, 0.0, 0.5999999999999979
10431, 0.0, 0.6999999999999993
10432, 0.0, 0.8000000000000007
10433, 0.0, 0.6999999999999993
10434, 0.0, 0.6999999999999993
10435, 0.0, 0.8000000000000007
10436, 0.0, 0.8000000000000007
10437, 0.0, 0.6999999999999993
10438, 0.0, 0.8999999999999986
10439, 0.0, 0.8999999999999986
10440, 0.0, 0.8999999999999986
10441, 0.0, 0.8000000000000007
10442, 0.0, 0.8999999999999986
10443, 0.0, 1.0
10444, 0.0, 0.8000000000000007
10445, 0.0, 0.8999999999999986
10446, 0.0, 1.0
10447, 0.0, 1.0
10448, 0.0, 1.0
10449, 0.0, 0.8999999999999986
10450, 0.0, 0.8999999999999986
10451, 0.0, 1.0
10452, 0.0, 0.8999999999999986
10453, 0.0, 0.8999999999999986
10454, 0.0, 0.8999999999999986
10455, 0.0, 0.8999999999999986
10456, 0.0, 0.8999999999999986
10457, 0.0, 0.8999999999999986
10458, 0.0, 0.8000000000000007
10459, 0.0, 0.8000000000000007
10460, 0.0, 0.8000000000000007
10461, 0.0, 0.8000000000000007
10462, 0.0, 0.6999999999999993
10463, 0.0, 0.8000000000000007
10464, 0.0, 0.6999999999999993
10465, 0.0, 0.5999999999999979
10466, 0.0, 0.5999999999999979
10467, 0.0, 0.5999999999999979
10468, 0.0, 0.6999999999999993
10469, 0.0, 0.6999999999999993
10470, 0.0, 0.5999999999999979
10471, 0.0, 0.5999999999999979
10472, 0.0, 0.5999999999999979
10473, 0.0, 0.5999999999999979
10474, 0.0, 0.6999999999999993
10475, 0.0, 0.5999999999999979
10476, 0.0, 0.5999999999999979
10477, 0.0, 0.5999999999999979
10478, 0.0, 0.5999999999999979
10479, 0.0, 0.5999999999999979
10480, 0.0, 0.5999999999999979
10481, 0.0, 0.5999999999999979
10482, 0.0, 0.6999999999999993
10483, 0.0, 0.5999999999999979
10484, 0.0, 0.5999999999999979
10485, 0.0, 0.5999999999999979
10486, 0.0, 0.6999999999999993
10487, 0.10000000000000142, 0.5999999999999979
10488, 0.10000000000000142, 0.6999999999999993
10489, 0.10000000000000142, 0.5999999999999979
10490, 0.10000000000000142, 0.5999999999999979
10491, 0.10000000000000142, 0.6999999999999993
10492, 0.10000000000000142, 0.5999999999999979
10493, 0.10000000000000142, 0.5999999999999979
10494, 0.10000000000000142, 0.5999999999999979
10495, 0.10000000000000142, 0.5999999999999979
10496, 0.10000000000000142, 0.6999999999999993
10497, 0.10000000000000142, 0.5999999999999979
10498, 0.10000000000000142, 0.5999999999999979
10499, 0.10000000000000142, 0.5
10500, 0.10000000000000142, 0.5999999999999979
10501, 0.10000000000000142, 0.5999999999999979
10502, 0.10000000000000142, 0.5
10503, 0.10000000000000142, 0.5999999999999979
10504, 0.10000000000000142, 0.5999999999999979
10505, 0.10000000000000142, 0.5999999999999979
10506, 0.10000000000000142, 0.5
10507, 0.10000000000000142, 0.5
10508, 0.10000000000000142, 0.5999999999999979
10509, 0.10000000000000142, 0.5
10510, 0.10000000000000142, 0.5
10511, 0.10000000000000142, 0.5999999999999979
10512, 0.10000000000000142, 0.5999999999999979
10513, 0.10000000000000142, 0.6999999999999993
10514, 0.10000000000000142, 0.5999999999999979
10515, 0.10000000000000142, 0.5999999999999979
10516, 0.10000000000000142, 0.5999999999999979
10517, 0.10000000000000142, 0.5999999999999979
10518, 0.10000000000000142, 0.5999999999999979
10519, 0.10000000000000142, 0.6999999999999993
10520, 0.10000000000000142, 0.6999999999999993
10521, 0.0, 0.5999999999999979
10522, 0.10000000000000142, 0.6999999999999993
10523, 0.10000000000000142, 0.6999999999999993
10524, 0.10000000000000142, 0.6999999999999993
10525, 0.10000000000000142, 0.8000000000000007
10526, 0.10000000000000142, 0.8000000000000007
10527, 0.10000000000000142, 0.8000000000000007
10528, 0.10000000000000142, 0.8999999999999986
10529, 0.10000000000000142, 0.8000000000000007
10530, 0.10000000000000142, 0.8000000000000007
10531, 0.10000000000000142, 0.8999999999999986
10532, 0.10000000000000142, 0.8000000000000007
10533, 0.10000000000000142, 0.8999999999999986
10534, 0.10000000000000142, 0.8999999999999986
10535, 0.10000000000000142, 0.8000000000000007
10536, 0.10000000000000142, 0.8999999999999986
10537, 0.10000000000000142, 0.8999999999999986
10538, 0.10000000000000142, 0.8999999999999986
10539, 0.0, 0.8999999999999986
10540, 0.0, 0.8999999999999986
10541, 0.0, 0.8999999999999986
10542, 0.0, 0.8999999999999986
10543, 0.0, 0.8000000000000007
10544, 0.0, 0.8000000000000007
10545, 0.0, 0.8999999999999986
10546, 0.0, 0.8000000000000007
10547, 0.0, 0.8000000000000007
10548, 0.0, 0.8000000000000007
10549, 0.0, 0.8000000000000007
10550, 0.0, 0.6999999999999993
10551, 0.0, 0.6999999999999993
10552, 0.0, 0.5999999999999979
10553, 0.0, 0.8000000000000007
10554, 0.0, 0.6999999999999993
10555, 0.0, 0.5999999999999979
10556, 0.0, 0.5999999999999979
10557, 0.0, 0.5
10558, 0.0, 0.5999999999999979
10559, 0.0, 0.5
10560, 0.0, 0.5
10561, 0.0, 0.3999999999999986
10562, 0.0, 0.3999999999999986
10563, 0.0, 0.3999999999999986
10564, 0.0, 0.3999999999999986
10565, 0.0, 0.3000000000000007
10566, 0.0, 0.1999999999999993
10567, 0.0, 0.09999999999999787
10568, 0.0, 0.1999999999999993
10569, 0.0, 0.09999999999999787
10570, 0.0, 0.09999999999999787
10571, 0.0, 0.09999999999999787
10572, 0.0, 0.09999999999999787
10573, 0.0, 0.0
10574, 0.0, -0.10000000000000142
10575, 0.0, 0.0
10576, 0.0, -0.10000000000000142
10577, 0.0, -0.10000000000000142
10578, 0.0, -0.1999999999999993
10579, 0.0, -0.1999999999999993
10580, 0.0, -0.3000000000000007
10581, 0.10000000000000142, -0.3000000000000007
10582, 0.10000000000000142, -0.3000000000000007
10583, 0.10000000000000142, -0.3000000000000007
10584, 0.10000000000000142, -0.40000000000000213
10585, 0.10000000000000142, -0.40000000000000213
10586, 0.10000000000000142, -0.5
10587, 0.10000000000000142, -0.5
10588, 0.10000000000000142, -0.40000000000000213
10589, 0.10000000000000142, -0.40000000000000213
10590, 0.10000000000000142, -0.5
10591, 0.10000000000000142, -0.5
10592, 0.10000000000000142, -0.5
10593, 0.10000000000000142, -0.5
10594, 0.10000000000000142, -0.5
10595, 0.10000000000000142, -0.40000000000000213
10596, 0.10000000000000142, -0.40000000000000213
10597, 0.10000000000000142, -0.40000000000000213
10598, 0.10000000000000142, -0.40000000000000213
10599, 0.10000000000000142, -0.40000000000000213
10600, 0.10000000000000142, -0.3000000000000007
10601, 0.0, -0.40000000000000213
10602, 0.0, -0.3000000000000007
10603, 0.0, -0.40000000000000213
10604, 0.0, -0.3000000000000007
10605, 0.10000000000000142, -0.1999999999999993
10606, 0.10000000000000142, -0.1999999999999993
10607, 0.10000000000000142, -0.1999999999999993
10608, 0.10000000000000142, -0.1999999999999993
10609, 0.10000000000000142, -0.10000000000000142
10610, 0.10000000000000142, -0.1999999999999993
10611, 0.10000000000000142, -0.10000000000000142
10612, 0.10000000000000142, 0.0
10613, 0.10000000000000142, -0.10000000000000142
10614, 0.10000000000000142, 0.0
10615, 0.10000000000000142, 0.0
10616, 0.10000000000000142, -0.10000000000000142
10617, 0.10000000000000142, -0.10000000000000142
10618, 0.10000000000000142, -0.10000000000000142
10619, 0.10000000000000142, 0.0
10620, 0.10000000000000142, -0.10000000000000142
10621, 0.10000000000000142, -0.10000000000000142
10622, 0.10000000000000142, -0.10000000000000142
10623, 0.10000000000000142, -0.10000000000000142
10624, 0.10000000000000142, -0.10000000000000142
10625, 0.10000000000000142, -0.10000000000000142
10626, 0.10000000000000142, -0.1999999999999993
10627, 0.10000000000000142, -0.10000000000000142
10628, 0.10000000000000142, -0.10000000000000142
10629, 0.10000000000000142, -0.1999999999999993
10630, 0.10000000000000142, -0.10000000000000142
10631, 0.10000000000000142, -0.10000000000000142
10632, 0.10000000000000142, -0.1999999999999993
10633, 0.10000000000000142, -0.1999999999999993
10634, 0.10000000000000142, -0.1999999999999993
10635, 0.10000000000000142, -0.1999999999999993
10636, 0.10000000000000142, -0.3000000000000007
10637, 0.10000000000000142, -0.3000000000000007
10638, 0.10000000000000142, -0.3000000000000007
10639, 0.10000000000000142, -0.40000000000000213
10640, 0.10000000000000142, -0.40000000000000213
10641, 0.10000000000000142, -0.5
10642, 0.10000000000000142, -0.5
10643, 0.10000000000000142, -0.5
10644, 0.10000000000000142, -0.5
10645, 0.10000000000000142, -0.5
10646, 0.10000000000000142, -0.6000000000000014
10647, 0.10000000000000142, -0.5
10648, 0.10000000000000142, -0.5
10649, 0.10000000000000142, -0.6000000000000014
10650, 0.10000000000000142, -0.6000000000000014
10651, 0.10000000000000142, -0.6000000000000014
10652, 0.10000000000000142, -0.6999999999999993
10653, 0.10000000000000142, -0.6000000000000014
10654, 0.10000000000000142, -0.6000000000000014
10655, 0.0, -0.6999999999999993
10656, 0.0, -0.6000000000000014
10657, 0.0, -0.5
10658, 0.0, -0.6000000000000014
10659, 0.0, -0.6000000000000014
10660, 0.0, -0.6999999999999993
10661, 0.0, -0.6000000000000014
10662, 0.0, -0.5
10663, 0.10000000000000142, -0.6000000000000014
10664, 0.10000000000000142, -0.6000000000000014
10665, 0.10000000000000142, -0.5
10666, 0.10000000000000142, -0.6000000000000014
10667, 0.10000000000000142, -0.6000000000000014
10668, 0.10000000000000142, -0.5
10669, 0.10000000000000142, -0.5
10670, 0.10000000000000142, -0.6000000000000014
10671, 0.10000000000000142, -0.6000000000000014
10672, 0.10000000000000142, -0.5
10673, 0.10000000000000142, -0.5
10674, 0.10000000000000142, -0.40000000000000213
10675, 0.10000000000000142, -0.40000000000000213
10676, 0.10000000000000142, -0.40000000000000213
10677, 0.10000000000000142, -0.5
10678, 0.10000000000000142, -0.40000000000000213
10679, 0.10000000000000142, -0.40000000000000213
10680, 0.10000000000000142, -0.40000000000000213
10681, 0.10000000000000142, -0.40000000000000213
10682, 0.10000000000000142, -0.40000000000000213
10683, 0.10000000000000142, -0.40000000000000213
10684, 0.10000000000000142, -0.40000000000000213
10685, 0.10000000000000142, -0.40000000000000213
10686, 0.10000000000000142, -0.5
10687, 0.10000000000000142, -0.40000000000000213
10688, 0.10000000000000142, -0.40000000000000213
10689, 0.10000000000000142, -0.40000000000000213
10690, 0.10000000000000142, -0.40000000000000213
10691, 0.10000000000000142, -0.3000000000000007
10692, 0.10000000000000142, -0.3000000000000007
10693, 0.10000000000000142, -0.40000000000000213
10694, 0.10000000000000142, -0.3000000000000007
10695, 0.10000000000000142, -0.3000000000000007
10696, 0.10000000000000142, -0.3000000000000007
10697, 0.10000000000000142, -0.3000000000000007
10698, 0.10000000000000142, -0.1999999999999993
10699, 0.10000000000000142, -0.1999999999999993
10700, 0.10000000000000142, -0.1999999999999993
10701, 0.10000000000000142, -0.1999999999999993
10702, 0.10000000000000142, -0.10000000000000142
10703, 0.10000000000000142, -0.10000000000000142
10704, 0.10000000000000142, 0.0
10705, 0.10000000000000142, 0.0
10706, 0.10000000000000142, 0.0
10707, 0.10000000000000142, 0.0
10708, 0.10000000000000142, 0.0
10709, 0.10000000000000142, 0.0
10710, 0.10000000000000142, 0.09999999999999787
10711, 0.10000000000000142, 0.1999999999999993
10712, 0.10000000000000142, 0.1999999999999993
10713, 0.10000000000000142, 0.3000000000000007
10714, 0.10000000000000142, 0.3000000000000007
10715, 0.10000000000000142, 0.3000000000000007
10716, 0.10000000000000142, 0.3999999999999986
10717, 0.10000000000000142, 0.3999999999999986
10718, 0.10000000000000142, 0.5
10719, 0.10000000000000142, 0.5999999999999979
10720, 0.10000000000000142, 0.5999999999999979
10721, 0.10000000000000142, 0.6999999999999993
10722, 0.10000000000000142, 0.5999999999999979
10723, 0.10000000000000142, 0.6999999999999993
10724, 0.10000000000000142, 0.6999999999999993
10725, 0.10000000000000142, 0.8000000000000007
10726, 0.10000000000000142, 0.8999999999999986
10727, 0.10000000000000142, 0.8000000000000007
10728, 0.10000000000000142, 0.8999999999999986
10729, 0.10000000000000142, 0.8999999999999986
10730, 0.10000000000000142, 0.8999999999999986
10731, 0.10000000000000142, 0.8999999999999986
10732, 0.10000000000000142, 0.8999999999999986
10733, 0.10000000000000142, 0.8999999999999986
10734, 0.10000000000000142, 0.8999999999999986
10735, 0.10000000000000142, 0.8999999999999986
10736, 0.10000000000000142, 0.8999999999999986
10737, 0.10000000000000142, 0.8999999999999986
10738, 0.10000000000000142, 1.0
10739, 0.0, 1.0
10740, 0.0, 1.0999999999999979
10741, 0.0, 1.0999999999999979
10742, 0.0, 1.0999999999999979
10743, 0.0, 1.0
10744, 0.0, 1.0999999999999979
10745, 0.0, 1.1999999999999993
10746, 0.0, 1.0999999999999979
10747, 0.0, 1.0999999999999979
10748, 0.0, 1.1999999999999993
10749, 0.0, 1.1999999999999993
10750, 0.0, 1.1999999999999993
10751, 0.0, 1.1999999999999993
10752, 0.0, 1.1999999999999993
10753, 0.0, 1.0999999999999979
10754, 0.0, 1.1999999999999993
10755, 0.0, 1.0999999999999979
10756, 0.0, 1.1999999999999993
10757, 0.0, 1.0999999999999979
10758, 0.0, 1.3000000000000007
10759, 0.0, 1.1999999999999993
10760, 0.0, 1.3000000000000007
10761, 0.0, 1.1999999999999993
10762, 0.0, 1.3000000000000007
10763, 0.0, 1.0999999999999979
10764, 0.0, 1.1999999999999993
10765, 0.0, 1.0999999999999979
10766, 0.0, 1.1999999999999993
10767, 0.0, 1.0999999999999979
10768, 0.0, 1.1999999999999993
10769, 0.0, 1.1999999999999993
10770, 0.0, 1.1999999999999993
10771, 0.0, 1.1999999999999993
10772, 0.0, 1.1999999999999993
10773, 0.0, 1.1999999999999993
10774, 0.0, 1.1999999999999993
10775, 0.0, 1.0999999999999979
10776, 0.0, 1.0999999999999979
10777, 0.0, 1.0999999999999979
10778, 0.0, 1.0999999999999979
10779, 0.0, 1.0999999999999979
10780, 0.0, 1.0999999999999979
10781, 0.0, 1.0999999999999979
10782, 0.0, 1.0999999999999979
10783, 0.0, 1.0999999999999979
10784, 0.0, 1.0
10785, 0.0, 1.0
10786, 0.0, 1.0
10787, 0.0, 0.8999999999999986
10788, 0.0, 1.0
10789, 0.0, 1.0
10790, 0.0, 0.8999999999999986
10791, 0.0, 0.8999999999999986
10792, 0.0, 0.8999999999999986
10793, 0.0, 0.8999999999999986
10794, 0.0, 0.8999999999999986
10795, 0.0, 0.8999999999999986
10796, 0.0, 0.6999999999999993
10797, 0.0, 0.6999999999999993
10798, 0.10000000000000142, 0.6999999999999993
10799, 0.10000000000000142, 0.6999999999999993
10800, 0.10000000000000142, 0.5999999999999979
10801, 0.10000000000000142, 0.5
10802, 0.10000000000000142, 0.3999999999999986
10803, 0.10000000000000142, 0.5
10804, 0.10000000000000142, 0.3999999999999986
10805, 0.10000000000000142, 0.3999999999999986
10806, 0.10000000000000142, 0.3000000000000007
10807, 0.10000000000000142, 0.3000000000000007
10808, 0.10000000000000142, 0.1999999999999993
10809, 0.10000000000000142, 0.1999999999999993
10810, 0.10000000000000142, 0.1999999999999993
10811, 0.10000000000000142, 0.1999999999999993
10812, 0.10000000000000142, 0.09999999999999787
10813, 0.10000000000000142, 0.09999999999999787
10814, 0.10000000000000142, 0.09999999999999787
10815, 0.10000000000000142, -0.10000000000000142
10816, 0.10000000000000142, -0.10000000000000142
10817, 0.10000000000000142, -0.1999999999999993
10818, 0.10000000000000142, -0.10000000000000142
10819, 0.10000000000000142, -0.10000000000000142
10820, 0.10000000000000142, -0.3000000000000007
10821, 0.10000000000000142, -0.3000000000000007
10822, 0.10000000000000142, -0.3000000000000007
10823, 0.10000000000000142, -0.3000000000000007
10824, 0.10000000000000142, -0.3000000000000007
10825, 0.10000000000000142, -0.3000000000000007
10826, 0.10000000000000142, -0.3000000000000007
10827, 0.10000000000000142, -0.3000000000000007
10828, 0.10000000000000142, -0.40000000000000213
10829, 0.10000000000000142, -0.3000000000000007
10830, 0.10000000000000142, -0.1999999999999993
10831, 0.10000000000000142, -0.3000000000000007
10832, 0.10000000000000142, -0.1999999999999993
10833, 0.10000000000000142, -0.3000000000000007
10834, 0.10000000000000142, -0.1999999999999993
10835, 0.10000000000000142, -0.3000000000000007
10836, 0.10000000000000142, -0.1999999999999993
10837, 0.10000000000000142, -0.1999999999999993
10838, 0.10000000000000142, -0.10000000000000142
10839, 0.10000000000000142, -0.1999999999999993
10840, 0.10000000000000142, -0.10000000000000142
10841, 0.10000000000000142, -0.10000000000000142
10842, 0.10000000000000142, -0.10000000000000142
10843, 0.10000000000000142, -0.10000000000000142
10844, 0.10000000000000142, -0.10000000000000142
10845, 0.10000000000000142, 0.0
10846, 0.10000000000000142, 0.09999999999999787
10847, 0.10000000000000142, 0.0
10848, 0.10000000000000142, 0.09999999999999787
10849, 0.10000000000000142, 0.09999999999999787
10850, 0.10000000000000142, 0.09999999999999787
10851, 0.10000000000000142, 0.1999999999999993
10852, 0.10000000000000142, 0.1999999999999993
10853, 0.10000000000000142, 0.3000000000000007
10854, 0.10000000000000142, 0.1999999999999993
10855, 0.10000000000000142, 0.3000000000000007
10856, 0.10000000000000142, 0.3999999999999986
10857, 0.10000000000000142, 0.3999999999999986
10858, 0.1999999999999993, 0.3999999999999986
10859, 0.1999999999999993, 0.3000000000000007
10860, 0.1999999999999993, 0.3999999999999986
10861, 0.1999999999999993, 0.3999999999999986
10862, 0.1999999999999993, 0.5
10863, 0.1999999999999993, 0.5
10864, 0.1999999999999993, 0.5
10865, 0.1999999999999993, 0.5999999999999979
10866, 0.1999999999999993, 0.5999999999999979
10867, 0.1999999999999993, 0.5999999999999979
10868, 0.1999999999999993, 0.5999999999999979
10869, 0.1999999999999993, 0.5999999999999979
10870, 0.1999999999999993, 0.5999999999999979
10871, 0.1999999999999993, 0.5999999999999979
10872, 0.1999999999999993, 0.5999999999999979
10873, 0.1999999999999993, 0.5999999999999979
10874, 0.1999999999999993, 0.5999999999999979
10875, 0.1999999999999993, 0.5999999999999979
10876, 0.1999999999999993, 0.5999999999999979
10877, 0.1999999999999993, 0.6999999999999993
10878, 0.1999999999999993, 0.5999999999999979
10879, 0.1999999999999993, 0.6999999999999993
10880, 0.1999999999999993, 0.8000000000000007
10881, 0.1999999999999993, 0.6999999999999993
10882, 0.1999999999999993, 0.6999999999999993
10883, 0.1999999999999993, 0.6999999999999993
10884, 0.1999999999999993, 0.6999999999999993
10885, 0.1999999999999993, 0.6999999999999993
10886, 0.1999999999999993, 0.8000000000000007
10887, 0.1999999999999993, 0.6999999999999993
10888, 0.1999999999999993, 0.8000000000000007
10889, 0.1999999999999993, 0.8999999999999986
10890, 0.1999999999999993, 0.8000000000000007
10891, 0.1999999999999993, 0.8000000000000007
10892, 0.1999999999999993, 0.8999999999999986
10893, 0.1999999999999993, 0.8999999999999986
10894, 0.1999999999999993, 0.8000000000000007
10895, 0.1999999999999993, 0.8999999999999986
10896, 0.1999999999999993, 0.8999999999999986
10897, 0.1999999999999993, 0.8999999999999986
10898, 0.1999999999999993, 0.8999999999999986
10899, 0.1999999999999993, 1.0
10900, 0.1999999999999993, 0.8999999999999986
10901, 0.1999999999999993, 1.0
10902, 0.1999999999999993, 1.0999999999999979
10903, 0.1999999999999993, 1.0
10904, 0.1999999999999993, 1.0999999999999979
10905, 0.1999999999999993, 1.0999999999999979
10906, 0.1999999999999993, 1.3000000000000007
10907, 0.1999999999999993, 1.1999999999999993
10908, 0.1999999999999993, 1.1999999999999993
10909, 0.1999999999999993, 1.1999999999999993
10910, 0.10000000000000142, 1.3000000000000007
10911, 0.10000000000000142, 1.3000000000000007
10912, 0.10000000000000142, 1.3999999999999986
10913, 0.10000000000000142, 1.3999999999999986
10914, 0.10000000000000142, 1.3999999999999986
10915, 0.10000000000000142, 1.5
10916, 0.10000000000000142, 1.5
10917, 0.10000000000000142, 1.5999999999999979
10918, 0.10000000000000142, 1.5999999999999979
10919, 0.10000000000000142, 1.6999999999999993
10920, 0.10000000000000142, 1.6999999999999993
10921, 0.10000000000000142, 1.8000000000000007
10922, 0.10000000000000142, 1.8000000000000007
10923, 0.10000000000000142, 1.8999999999999986
10924, 0.10000000000000142, 1.8999999999999986
10925, 0.10000000000000142, 1.8999999999999986
10926, 0.10000000000000142, 1.8999999999999986
10927, 0.10000000000000142, 2.0
10928, 0.10000000000000142, 2.0
10929, 0.10000000000000142, 2.099999999999998
10930, 0.10000000000000142, 2.0
10931, 0.0, 2.0
10932, 0.0, 2.0
10933, 0.0, 2.0
10934, 0.0, 1.8999999999999986
10935, 0.0, 2.0
10936, 0.0, 1.8999999999999986
10937, 0.0, 1.8999999999999986
10938, 0.0, 1.8999999999999986
10939, 0.0, 1.8999999999999986
10940, 0.0, 1.8999999999999986
10941, 0.0, 1.8999999999999986
10942, 0.0, 1.8000000000000007
10943, 0.0, 1.8000000000000007
10944, 0.0, 1.6999999999999993
10945, 0.0, 1.6999999999999993
10946, 0.0, 1.6999999999999993
10947, 0.0, 1.5999999999999979
10948, 0.0, 1.5999999999999979
10949, 0.0, 1.5999999999999979
10950, 0.0, 1.5999999999999979
10951, 0.0, 1.5
10952, 0.0, 1.5
10953, 0.0, 1.3999999999999986
10954, 0.0, 1.3999999999999986
10955, 0.0, 1.3999999999999986
10956, 0.10000000000000142, 1.3000000000000007
10957, 0.10000000000000142, 1.3000000000000007
10958, 0.10000000000000142, 1.1999999999999993
10959, 0.10000000000000142, 1.1999999999999993
10960, 0.10000000000000142, 1.1999999999999993
10961, 0.10000000000000142, 1.0999999999999979
10962, 0.10000000000000142, 1.0999999999999979
10963, 0.10000000000000142, 1.0999999999999979
10964, 0.10000000000000142, 1.0
10965, 0.10000000000000142, 0.8999999999999986
10966, 0.10000000000000142, 0.8000000000000007
10967, 0.10000000000000142, 0.8999999999999986
10968, 0.10000000000000142, 0.8000000000000007
10969, 0.1999999999999993, 0.6999999999999993
10970, 0.1999999999999993, 0.5999999999999979
10971, 0.1999999999999993, 0.6999999999999993
10972, 0.1999999999999993, 0.5999999999999979
10973, 0.1999999999999993, 0.5
10974, 0.1999999999999993, 0.5
10975, 0.1999999999999993, 0.3000000000000007
10976, 0.1999999999999993, 0.3999999999999986
10977, 0.1999999999999993, 0.3000000000000007
10978, 0.1999999999999993, 0.1999999999999993
10979, 0.1999999999999993, 0.1999999999999993
10980, 0.1999999999999993, 0.1999999999999993
10981, 0.1999999999999993, 0.1999999999999993
10982, 0.1999999999999993, 0.09999999999999787
10983, 0.10000000000000142, 0.09999999999999787
10984, 0.10000000000000142, 0.0
10985, 0.10000000000000142, 0.0
10986, 0.10000000000000142, -0.1999999999999993
10987, 0.10000000000000142, -0.3000000000000007
10988, 0.10000000000000142, -0.3000000000000007
10989, 0.10000000000000142, -0.3000000000000007
10990, 0.10000000000000142, -0.5
10991, 0.10000000000000142, -0.6000000000000014
10992, 0.10000000000000142, -0.6999999999999993
10993, 0.10000000000000142, -0.6999999999999993
10994, 0.10000000000000142, -0.8000000000000007
10995, 0.10000000000000142, -0.9000000000000021
10996, 0.10000000000000142, -1.0
10997, 0.10000000000000142, -1.1999999999999993
10998, 0.10000000000000142, -1.3000000000000007
10999, 0.10000000000000142, -1.5
11000, 0.10000000000000142, -1.6000000000000014
11001, 0.10000000000000142, -1.6999999999999993
11002, 0.10000000000000142, -1.8000000000000007
11003, 0.10000000000000142, -2.0
11004, 0.10000000000000142, -2.3000000000000007
11005, 0.10000000000000142, -2.3000000000000007
11006, 0.10000000000000142, -2.6000000000000014
11007, 0.10000000000000142, -2.8000000000000007
11008, 0.10000000000000142, -2.900000000000002
11009, 0.10000000000000142, -3.1999999999999993
11010, 0.10000000000000142, -3.400000000000002
11011, 0.10000000000000142, -3.6000000000000014
11012, 0.10000000000000142, -3.6999999999999993
11013, 0.10000000000000142, -4.0
11014, 0.10000000000000142, -4.100000000000001
11015, 0.10000000000000142, -4.400000000000002
11016, 0.10000000000000142, -4.600000000000001
11017, 0.10000000000000142, -4.699999999999999
11018, 0.0, -4.900000000000002
11019, 0.0, -5.100000000000001
11020, 0.0, -5.199999999999999
11021, 0.0, -5.400000000000002
11022, 0.0, -5.600000000000001
11023, 0.0, -5.699999999999999
11024, 0.0, -5.900000000000002
11025, 0.0, -5.900000000000002
11026, 0.0, -6.100000000000001
11027, 0.0, -6.199999999999999
11028, 0.0, -6.199999999999999
11029, 0.0, -6.300000000000001
11030, 0.0, -6.400000000000002
11031, 0.0, -6.400000000000002
11032, 0.0, -6.400000000000002
11033, 0.0, -6.300000000000001
11034, 0.0, -6.300000000000001
11035, 0.0, -6.199999999999999
11036, 0.0, -6.199999999999999
11037, 0.0, -6.0
11038, 0.0, -6.0
11039, 0.0, -5.800000000000001
11040, 0.0, -5.699999999999999
11041, 0.0, -5.5
11042, 0.0, -5.400000000000002
11043, 0.0, -5.300000000000001
11044, 0.0, -5.0
11045, 0.0, -4.900000000000002
11046, 0.0, -4.600000000000001
11047, 0.0, -4.400000000000002
11048, 0.0, -4.199999999999999
11049, 0.0, -4.0
11050, 0.0, -3.8000000000000007
11051, 0.0, -3.5
11052, 0.0, -3.3000000000000007
11053, 0.0, -3.0
11054, 0.0, -2.900000000000002
11055, 0.0, -2.6000000000000014
11056, 0.0, -2.5
11057, 0.0, -2.1999999999999993
11058, 0.0, -1.9000000000000021
11059, 0.0, -1.6999999999999993
11060, 0.0, -1.5
11061, 0.0, -1.3000000000000007
11062, 0.0, -1.1999999999999993
11063, 0.0, -1.0
11064, 0.0, -0.9000000000000021
11065, 0.0, -0.6999999999999993
11066, 0.0, -0.5
11067, 0.0, -0.40000000000000213
11068, 0.0, -0.1999999999999993
11069, 0.0, -0.10000000000000142
11070, 0.0, 0.0
11071, 0.0, 0.09999999999999787
11072, 0.0, 0.1999999999999993
11073, 0.0, 0.1999999999999993
11074, 0.0, 0.3999999999999986
11075, 0.0, 0.3999999999999986
11076, 0.0, 0.3999999999999986
11077, 0.0, 0.5
11078, 0.0, 0.5
11079, 0.0, 0.5
11080, 0.0, 0.5999999999999979
11081, 0.0, 0.5999999999999979
11082, 0.0, 0.6999999999999993
11083, 0.0, 0.5999999999999979
11084, 0.0, 0.6999999999999993
11085, 0.0, 0.8000000000000007
11086, 0.0, 0.8000000000000007
11087, 0.0, 0.8000000000000007
11088, 0.0, 0.8000000000000007
11089, 0.0, 0.8000000000000007
11090, 0.0, 0.8000000000000007
11091, 0.0, 0.8999999999999986
11092, 0.0, 0.8999999999999986
11093, 0.0, 0.8999999999999986
11094, 0.0, 0.8999999999999986
11095, 0.0, 0.8999999999999986
11096, 0.0, 1.0
11097, 0.0, 1.0
11098, 0.10000000000000142, 0.8999999999999986
11099, 0.10000000000000142, 1.0999999999999979
11100, 0.10000000000000142, 1.0999999999999979
11101, 0.10000000000000142, 1.0
11102, 0.10000000000000142, 1.0999999999999979
11103, 0.10000000000000142, 1.0999999999999979
11104, 0.10000000000000142, 1.1999999999999993
11105, 0.0, 1.3000000000000007
11106, 0.10000000000000142, 1.1999999999999993
11107, 0.10000000000000142, 1.3000000000000007
11108, 0.10000000000000142, 1.3999999999999986
11109, 0.10000000000000142, 1.3999999999999986
11110, 0.10000000000000142, 1.5
11111, 0.10000000000000142, 1.5
11112, 0.10000000000000142, 1.5
11113, 0.10000000000000142, 1.5999999999999979
11114, 0.10000000000000142, 1.5999999999999979
11115, 0.10000000000000142, 1.6999999999999993
11116, 0.10000000000000142, 1.8000000000000007
11117, 0.10000000000000142, 1.8999999999999986
11118, 0.10000000000000142, 1.8000000000000007
11119, 0.10000000000000142, 1.8999999999999986
11120, 0.10000000000000142, 2.0
11121, 0.10000000000000142, 2.0
11122, 0.10000000000000142, 2.0
11123, 0.10000000000000142, 2.099999999999998
11124, 0.10000000000000142, 2.1999999999999993
11125, 0.10000000000000142, 2.099999999999998
11126, 0.10000000000000142, 2.1999999999999993
11127, 0.10000000000000142, 2.1999999999999993
11128, 0.10000000000000142, 2.1999999999999993
11129, 0.10000000000000142, 2.1999999999999993
11130, 0.10000000000000142, 2.1999999999999993
11131, 0.10000000000000142, 2.099999999999998
11132, 0.10000000000000142, 2.1999999999999993
11133, 0.10000000000000142, 2.099999999999998
11134, 0.10000000000000142, 2.099999999999998
11135, 0.10000000000000142, 2.099999999999998
11136, 0.10000000000000142, 2.0
11137, 0.10000000000000142, 2.0
11138, 0.10000000000000142, 1.8999999999999986
11139, 0.10000000000000142, 1.8999999999999986
11140, 0.10000000000000142, 1.8000000000000007
11141, 0.10000000000000142, 1.6999999999999993
11142, 0.10000000000000142, 1.5999999999999979
11143, 0.10000000000000142, 1.5
11144, 0.10000000000000142, 1.3999999999999986
11145, 0.10000000000000142, 1.3000000000000007
11146, 0.10000000000000142, 1.1999999999999993
11147, 0.10000000000000142, 1.1999999999999993
11148, 0.10000000000000142, 1.0999999999999979
11149, 0.10000000000000142, 1.0999999999999979
11150, 0.10000000000000142, 0.8999999999999986
11151, 0.10000000000000142, 0.8000000000000007
11152, 0.10000000000000142, 0.8000000000000007
11153, 0.10000000000000142, 0.6999999999999993
11154, 0.10000000000000142, 0.5999999999999979
11155, 0.10000000000000142, 0.5
11156, 0.10000000000000142, 0.3999999999999986
11157, 0.10000000000000142, 0.3000000000000007
11158, 0.10000000000000142, 0.1999999999999993
11159, 0.10000000000000142, 0.09999999999999787
11160, 0.10000000000000142, 0.0
11161, 0.1999999999999993, 0.0
11162, 0.1999999999999993, -0.1999999999999993
11163, 0.1999999999999993, -0.3000000000000007
11164, 0.1999999999999993, -0.40000000000000213
11165, 0.1999999999999993, -0.5
11166, 0.1999999999999993, -0.5
11167, 0.1999999999999993, -0.5
11168, 0.1999999999999993, -0.6999999999999993
11169, 0.1999999999999993, -0.6000000000000014
11170, 0.1999999999999993, -0.8000000000000007
11171, 0.1999999999999993, -0.9000000000000021
11172, 0.1999999999999993, -0.8000000000000007
11173, 0.1999999999999993, -1.0
11174, 0.1999999999999993, -1.0
11175, 0.1999999999999993, -1.0
11176, 0.1999999999999993, -1.1000000000000014
11177, 0.1999999999999993, -1.1000000000000014
11178, 0.1999999999999993, -1.1000000000000014
11179, 0.1999999999999993, -1.1999999999999993
11180, 0.1999999999999993, -1.1999999999999993
11181, 0.1999999999999993, -1.1999999999999993
11182, 0.1999999999999993, -1.1000000000000014
11183, 0.1999999999999993, -1.1000000000000014
11184, 0.10000000000000142, -1.1000000000000014
11185, 0.10000000000000142, -1.1999999999999993
11186, 0.10000000000000142, -1.1000000000000014
11187, 0.10000000000000142, -1.1000000000000014
11188, 0.10000000000000142, -1.1000000000000014
11189, 0.10000000000000142, -1.1000000000000014
11190, 0.10000000000000142, -1.1000000000000014
11191, 0.10000000000000142, -1.0
11192, 0.10000000000000142, -1.0
11193, 0.10000000000000142, -1.0
11194, 0.10000000000000142, -1.0
11195, 0.10000000000000142, -0.9000000000000021
11196, 0.10000000000000142, -0.9000000000000021
11197, 0.10000000000000142, -0.8000000000000007
11198, 0.10000000000000142, -0.8000000000000007
11199, 0.10000000000000142, -0.6999999999999993
11200, 0.10000000000000142, -0.6999999999999993
11201, 0.10000000000000142, -0.5
11202, 0.10000000000000142, -0.40000000000000213
11203, 0.10000000000000142, -0.3000000000000007
11204, 0.10000000000000142, -0.3000000000000007
11205, 0.10000000000000142, -0.3000000000000007
11206, 0.10000000000000142, -0.1999999999999993
11207, 0.10000000000000142, -0.10000000000000142
11208, 0.0, 0.0
11209, 0.0, 0.1999999999999993
11210, 0.0, 0.3000000000000007
11211, 0.0, 0.3999999999999986
11212, 0.0, 0.3999999999999986
11213, 0.0, 0.3999999999999986
11214, 0.0, 0.5
11215, 0.0, 0.5999999999999979
11216, 0.0, 0.6999999999999993
11217, 0.0, 0.8000000000000007
11218, 0.0, 0.8999999999999986
11219, 0.0, 1.0
11220, 0.0, 1.0999999999999979
11221, 0.0, 1.0999999999999979
11222, 0.0, 1.1999999999999993
11223, 0.10000000000000142, 1.1999999999999993
11224, 0.10000000000000142, 1.3000000000000007
11225, 0.10000000000000142, 1.3999999999999986
11226, 0.10000000000000142, 1.5
11227, 0.10000000000000142, 1.5
11228, 0.10000000000000142, 1.5999999999999979
11229, 0.10000000000000142, 1.6999999999999993
11230, 0.10000000000000142, 1.6999999999999993
11231, 0.10000000000000142, 1.6999999999999993
11232, 0.10000000000000142, 1.6999999999999993
11233, 0.10000000000000142, 1.8000000000000007
11234, 0.10000000000000142, 1.8000000000000007
11235, 0.10000000000000142, 1.8000000000000007
11236, 0.10000000000000142, 2.0
11237, 0.0, 1.8999999999999986
11238, 0.0, 1.8999999999999986
11239, 0.0, 1.8999999999999986
11240, 0.0, 1.8000000000000007
11241, 0.0, 1.8999999999999986
11242, 0.0, 1.8000000000000007
11243, 0.0, 1.8000000000000007
11244, 0.0, 1.6999999999999993
11245, 0.0, 1.6999999999999993
11246, 0.0, 1.5999999999999979
11247, 0.0, 1.5999999999999979
11248, 0.0, 1.5999999999999979
11249, 0.0, 1.5
11250, 0.0, 1.5
11251, 0.0, 1.3999999999999986
11252, 0.0, 1.3000000000000007
11253, 0.0, 1.1999999999999993
11254, 0.0, 1.0999999999999979
11255, 0.0, 1.0
11256, 0.10000000000000142, 0.8999999999999986
11257, 0.10000000000000142, 0.8000000000000007
11258, 0.10000000000000142, 0.5999999999999979
11259, 0.10000000000000142, 0.5999999999999979
11260, 0.10000000000000142, 0.3999999999999986
11261, 0.10000000000000142, 0.3000000000000007
11262, 0.10000000000000142, 0.1999999999999993
11263, 0.10000000000000142, 0.0
11264, 0.10000000000000142, -0.10000000000000142
11265, 0.10000000000000142, -0.1999999999999993
11266, 0.10000000000000142, -0.3000000000000007
11267, 0.10000000000000142, -0.5
11268, 0.10000000000000142, -0.5
11269, 0.10000000000000142, -0.6999999999999993
11270, 0.10000000000000142, -0.8000000000000007
11271, 0.10000000000000142, -1.0
11272, 0.10000000000000142, -1.0
11273, 0.10000000000000142, -1.1000000000000014
11274, 0.10000000000000142, -1.1999999999999993
11275, 0.10000000000000142, -1.3000000000000007
11276, 0.10000000000000142, -1.5
11277, 0.10000000000000142, -1.5
11278, 0.10000000000000142, -1.6999999999999993
11279, 0.10000000000000142, -1.6999999999999993
11280, 0.10000000000000142, -1.8000000000000007
11281, 0.10000000000000142, -1.9000000000000021
11282, 0.10000000000000142, -1.9000000000000021
11283, 0.10000000000000142, -2.0
11284, 0.10000000000000142, -1.9000000000000021
11285, 0.10000000000000142, -2.1000000000000014
11286, 0.10000000000000142, -2.1000000000000014
11287, 0.10000000000000142, -2.0
11288, 0.10000000000000142, -2.0
11289, 0.10000000000000142, -2.1000000000000014
11290, 0.10000000000000142, -2.1000000000000014
11291, 0.10000000000000142, -2.0
11292, 0.10000000000000142, -2.0
11293, 0.10000000000000142, -2.1000000000000014
11294, 0.10000000000000142, -2.0
11295, 0.10000000000000142, -2.0
11296, 0.10000000000000142, -1.9000000000000021
11297, 0.10000000000000142, -1.9000000000000021
11298, 0.10000000000000142, -1.8000000000000007
11299, 0.10000000000000142, -1.8000000000000007
11300, 0.10000000000000142, -1.6999999999999993
11301, 0.10000000000000142, -1.6999999999999993
11302, 0.10000000000000142, -1.6999999999999993
11303, 0.10000000000000142, -1.6000000000000014
11304, 0.10000000000000142, -1.6999999999999993
11305, 0.10000000000000142, -1.5
11306, 0.10000000000000142, -1.5
11307, 0.10000000000000142, -1.5
11308, 0.10000000000000142, -1.4000000000000021
11309, 0.10000000000000142, -1.4000000000000021
11310, 0.10000000000000142, -1.4000000000000021
11311, 0.10000000000000142, -1.3000000000000007
11312, 0.10000000000000142, -1.3000000000000007
11313, 0.10000000000000142, -1.3000000000000007
11314, 0.10000000000000142, -1.3000000000000007
11315, 0.10000000000000142, -1.3000000000000007
11316, 0.10000000000000142, -1.4000000000000021
11317, 0.10000000000000142, -1.4000000000000021
11318, 0.10000000000000142, -1.4000000000000021
11319, 0.10000000000000142, -1.4000000000000021
11320, 0.10000000000000142, -1.4000000000000021
11321, 0.10000000000000142, -1.5
11322, 0.10000000000000142, -1.4000000000000021
11323, 0.10000000000000142, -1.4000000000000021
11324, 0.10000000000000142, -1.5
11325, 0.10000000000000142, -1.5
11326, 0.10000000000000142, -1.5
11327, 0.10000000000000142, -1.6000000000000014
11328, 0.10000000000000142, -1.6000000000000014
11329, 0.10000000000000142, -1.5
11330, 0.10000000000000142, -1.5
11331, 0.10000000000000142, -1.6000000000000014
11332, 0.10000000000000142, -1.6000000000000014
11333, 0.10000000000000142, -1.6000000000000014
11334, 0.10000000000000142, -1.6999999999999993
11335, 0.10000000000000142, -1.6000000000000014
11336, 0.10000000000000142, -1.6000000000000014
11337, 0.10000000000000142, -1.6000000000000014
11338, 0.10000000000000142, -1.5
11339, 0.10000000000000142, -1.5
11340, 0.10000000000000142, -1.5
11341, 0.10000000000000142, -1.5
11342, 0.10000000000000142, -1.5
11343, 0.10000000000000142, -1.5
11344, 0.10000000000000142, -1.3000000000000007
11345, 0.10000000000000142, -1.4000000000000021
11346, 0.10000000000000142, -1.3000000000000007
11347, 0.10000000000000142, -1.3000000000000007
11348, 0.10000000000000142, -1.3000000000000007
11349, 0.10000000000000142, -1.1000000000000014
11350, 0.10000000000000142, -1.1000000000000014
11351, 0.10000000000000142, -1.0
11352, 0.10000000000000142, -0.9000000000000021
11353, 0.10000000000000142, -0.9000000000000021
11354, 0.10000000000000142, -0.8000000000000007
11355, 0.1999999999999993, -0.6999999999999993
11356, 0.10000000000000142, -0.6000000000000014
11357, 0.10000000000000142, -0.6000000000000014
11358, 0.10000000000000142, -0.5
11359, 0.10000000000000142, -0.40000000000000213
11360, 0.10000000000000142, -0.3000000000000007
11361, 0.10000000000000142, -0.3000000000000007
11362, 0.10000000000000142, -0.1999999999999993
11363, 0.10000000000000142, -0.10000000000000142
11364, 0.10000000000000142, 0.0
11365, 0.10000000000000142, 0.09999999999999787
11366, 0.10000000000000142, 0.09999999999999787
11367, 0.10000000000000142, 0.09999999999999787
11368, 0.10000000000000142, 0.1999999999999993
11369, 0.10000000000000142, 0.3000000000000007
11370, 0.10000000000000142, 0.3000000000000007
11371, 0.0, 0.3000000000000007
11372, 0.0, 0.3000000000000007
11373, 0.0, 0.3999999999999986
11374, 0.0, 0.5
11375, 0.0, 0.5999999999999979
11376, 0.0, 0.6999999999999993
11377, 0.0, 0.5999999999999979
11378, 0.0, 0.6999999999999993
11379, 0.0, 0.6999999999999993
11380, 0.0, 0.8000000000000007
11381, 0.0, 0.8000000000000007
11382, 0.0, 0.8999999999999986
11383, 0.0, 0.8999999999999986
11384, 0.0, 0.8999999999999986
11385, 0.0, 1.0
11386, 0.0, 1.0
11387, 0.0, 1.0
11388, 0.0, 1.0999999999999979
11389, 0.0, 1.0
11390, 0.0, 1.0999999999999979
11391, 0.0, 1.1999999999999993
11392, 0.0, 1.1999999999999993
11393, 0.0, 1.1999999999999993
11394, 0.0, 1.0999999999999979
11395, 0.0, 1.1999999999999993
11396, 0.0, 1.1999999999999993
11397, 0.0, 1.1999999999999993
11398, 0.0, 1.1999999999999993
11399, 0.0, 1.3000000000000007
11400, 0.10000000000000142, 1.3000000000000007
11401, 0.10000000000000142, 1.3000000000000007
11402, 0.10000000000000142, 1.3000000000000007
11403, 0.10000000000000142, 1.3999999999999986
11404, 0.10000000000000142, 1.3999999999999986
11405, 0.10000000000000142, 1.5
11406, 0.10000000000000142, 1.3999999999999986
11407, 0.10000000000000142, 1.3999999999999986
11408, 0.10000000000000142, 1.3999999999999986
11409, 0.10000000000000142, 1.5
11410, 0.10000000000000142, 1.3999999999999986
11411, 0.10000000000000142, 1.5
11412, 0.10000000000000142, 1.5
11413, 0.10000000000000142, 1.5
11414, 0.10000000000000142, 1.5
11415, 0.10000000000000142, 1.5
11416, 0.10000000000000142, 1.5
11417, 0.10000000000000142, 1.5
11418, 0.10000000000000142, 1.3999999999999986
11419, 0.10000000000000142, 1.5999999999999979
11420, 0.10000000000000142, 1.5
11421, 0.10000000000000142, 1.5999999999999979
11422, 0.10000000000000142, 1.5
11423, 0.10000000000000142, 1.5
11424, 0.10000000000000142, 1.5
11425, 0.10000000000000142, 1.5
11426, 0.10000000000000142, 1.5
11427, 0.10000000000000142, 1.5
11428, 0.10000000000000142, 1.3999999999999986
11429, 0.0, 1.3999999999999986
11430, 0.0, 1.3999999999999986
11431, 0.0, 1.3000000000000007
11432, 0.0, 1.3000000000000007
11433, 0.0, 1.3000000000000007
11434, 0.0, 1.1999999999999993
11435, 0.0, 1.3000000000000007
11436, 0.0, 1.0999999999999979
11437, 0.0, 1.0999999999999979
11438, 0.0, 1.0999999999999979
11439, 0.0, 1.0
11440, 0.0, 1.0
11441, 0.0, 0.8999999999999986
11442, 0.0, 0.8999999999999986
11443, 0.0, 0.8000000000000007
11444, 0.10000000000000142, 0.8999999999999986
11445, 0.10000000000000142, 0.6999999999999993
11446, 0.10000000000000142, 0.8000000000000007
11447, 0.10000000000000142, 0.5999999999999979
11448, 0.10000000000000142, 0.5999999999999979
11449, 0.10000000000000142, 0.6999999999999993
11450, 0.10000000000000142, 0.5
11451, 0.10000000000000142, 0.5999999999999979
11452, 0.1999999999999993, 0.3999999999999986
11453, 0.1999999999999993, 0.3999999999999986
11454, 0.1999999999999993, 0.3999999999999986
11455, 0.1999999999999993, 0.3999999999999986
11456, 0.1999999999999993, 0.3000000000000007
11457, 0.1999999999999993, 0.3999999999999986
11458, 0.1999999999999993, 0.1999999999999993
11459, 0.1999999999999993, 0.1999999999999993
11460, 0.1999999999999993, 0.09999999999999787
11461, 0.1999999999999993, 0.1999999999999993
11462, 0.1999999999999993, 0.09999999999999787
11463, 0.1999999999999993, 0.09999999999999787
11464, 0.1999999999999993, 0.0
11465, 0.1999999999999993, 0.0
11466, 0.1999999999999993, 0.0
11467, 0.1999999999999993, -0.10000000000000142
11468, 0.1999999999999993, -0.10000000000000142
11469, 0.1999999999999993, -0.1999999999999993
11470, 0.1999999999999993, -0.1999999999999993
11471, 0.1999999999999993, -0.3000000000000007
11472, 0.1999999999999993, -0.3000000000000007
11473, 0.1999999999999993, -0.3000000000000007
11474, 0.1999999999999993, -0.40000000000000213
11475, 0.1999999999999993, -0.3000000000000007
11476, 0.1999999999999993, -0.3000000000000007
11477, 0.1999999999999993, -0.40000000000000213
11478, 0.1999999999999993, -0.40000000000000213
11479, 0.1999999999999993, -0.5
11480, 0.1999999999999993, -0.5
11481, 0.1999999999999993, -0.40000000000000213
11482, 0.1999999999999993, -0.5
11483, 0.1999999999999993, -0.5
11484, 0.1999999999999993, -0.5
11485, 0.0, -0.5
11486, 0.0, -0.5
11487, 0.0, -0.5
11488, 0.0, -0.5
11489, 0.0, -0.5
11490, 0.0, -0.6000000000000014
11491, 0.0, -0.6000000000000014
11492, 0.0, -0.5
11493, 0.0, -0.5
11494, 0.0, -0.6000000000000014
11495, 0.0, -0.5
11496, 0.0, -0.6000000000000014
11497, 0.0, -0.5
11498, 0.0, -0.5
11499, 0.0, -0.6000000000000014
11500, 0.0, -0.6000000000000014
11501, 0.0, -0.5
11502, 0.0, -0.5
11503, 0.0, -0.5
11504, 0.0, -0.5
11505, 0.0, -0.5
11506, 0.0, -0.5
11507, 0.0, -0.5
11508, 0.0, -0.5
11509, 0.0, -0.40000000000000213
11510, 0.0, -0.40000000000000213
11511, 0.0, -0.40000000000000213
11512, 0.0, -0.40000000000000213
11513, 0.0, -0.3000000000000007
11514, 0.0, -0.3000000000000007
11515, 0.0, -0.3000000000000007
11516, 0.0, -0.1999999999999993
11517, 0.0, -0.3000000000000007
11518, 0.0, -0.3000000000000007
11519, 0.0, -0.3000000000000007
11520, 0.0, -0.1999999999999993
11521, 0.0, -0.1999999999999993
11522, 0.0, -0.1999999999999993
11523, 0.0, -0.10000000000000142
11524, 0.10000000000000142, -0.10000000000000142
11525, 0.10000000000000142, -0.10000000000000142
11526, 0.10000000000000142, 0.0
11527, 0.10000000000000142, 0.0
11528, 0.10000000000000142, 0.09999999999999787
11529, 0.10000000000000142, 0.09999999999999787
11530, 0.10000000000000142, 0.0
11531, 0.10000000000000142, 0.09999999999999787
11532, 0.10000000000000142, 0.09999999999999787
11533, 0.10000000000000142, 0.09999999999999787
11534, 0.10000000000000142, 0.09999999999999787
11535, 0.10000000000000142, 0.09999999999999787
11536, 0.10000000000000142, 0.1999999999999993
11537, 0.10000000000000142, 0.1999999999999993
11538, 0.10000000000000142, 0.3000000000000007
11539, 0.10000000000000142, 0.3000000000000007
11540, 0.10000000000000142, 0.3000000000000007
11541, 0.10000000000000142, 0.3000000000000007
11542, 0.10000000000000142, 0.3000000000000007
11543, 0.10000000000000142, 0.3999999999999986
11544, 0.10000000000000142, 0.3999999999999986
11545, 0.10000000000000142, 0.3999999999999986
11546, 0.10000000000000142, 0.3000000000000007
11547, 0.10000000000000142, 0.3999999999999986
11548, 0.0, 0.5
11549, 0.0, 0.5
11550, 0.0, 0.5
11551, 0.10000000000000142, 0.5
11552, 0.10000000000000142, 0.5
11553, 0.10000000000000142, 0.5
11554, 0.10000000000000142, 0.5
11555, 0.10000000000000142, 0.5999999999999979
11556, 0.10000000000000142, 0.5
11557, 0.10000000000000142, 0.5
11558, 0.10000000000000142, 0.5999999999999979
11559, 0.10000000000000142, 0.5999999999999979
11560, 0.10000000000000142, 0.5
11561, 0.10000000000000142, 0.5999999999999979
11562, 0.10000000000000142, 0.5
11563, 0.10000000000000142, 0.5
11564, 0.10000000000000142, 0.5999999999999979
11565, 0.10000000000000142, 0.5
11566, 0.10000000000000142, 0.5
11567, 0.10000000000000142, 0.5999999999999979
11568, 0.10000000000000142, 0.5
11569, 0.10000000000000142, 0.5
11570, 0.10000000000000142, 0.5
11571, 0.10000000000000142, 0.5
11572, 0.10000000000000142, 0.5999999999999979
11573, 0.10000000000000142, 0.3999999999999986
11574, 0.10000000000000142, 0.5
11575, 0.10000000000000142, 0.5
11576, 0.10000000000000142, 0.5
11577, 0.10000000000000142, 0.5
11578, 0.10000000000000142, 0.5
11579, 0.10000000000000142, 0.5999999999999979
11580, 0.10000000000000142, 0.3999999999999986
11581, 0.10000000000000142, 0.5
11582, 0.10000000000000142, 0.3999999999999986
11583, 0.10000000000000142, 0.5
11584, 0.10000000000000142, 0.5
11585, 0.10000000000000142, 0.5
11586, 0.10000000000000142, 0.5
11587, 0.10000000000000142, 0.5999999999999979
11588, 0.10000000000000142, 0.5
11589, 0.10000000000000142, 0.5999999999999979
11590, 0.10000000000000142, 0.5
11591, 0.10000000000000142, 0.5
11592, 0.10000000000000142, 0.5
11593, 0.10000000000000142, 0.5999999999999979
11594, 0.10000000000000142, 0.5
11595, 0.10000000000000142, 0.5999999999999979
11596, 0.1999999999999993, 0.3999999999999986
11597, 0.1999999999999993, 0.5
11598, 0.1999999999999993, 0.5
11599, 0.1999999999999993, 0.3999999999999986
11600, 0.1999999999999993, 0.5
11601, 0.1999999999999993, 0.5
11602, 0.1999999999999993, 0.3999999999999986
11603, 0.1999999999999993, 0.5
11604, 0.1999999999999993, 0.5
11605, 0.1999999999999993, 0.3999999999999986
11606, 0.1999999999999993, 0.3999999999999986
11607, 0.1999999999999993, 0.3000000000000007
11608, 0.1999999999999993, 0.3999999999999986
11609, 0.1999999999999993, 0.3999999999999986
11610, 0.1999999999999993, 0.3000000000000007
11611, 0.1999999999999993, 0.3000000000000007
11612, 0.1999999999999993, 0.3000000000000007
11613, 0.1999999999999993, 0.3000000000000007
11614, 0.1999999999999993, 0.3000000000000007
11615, 0.1999999999999993, 0.3000000000000007
11616, 0.1999999999999993, 0.3000000000000007
11617, 0.1999999999999993, 0.1999999999999993
11618, 0.1999999999999993, 0.1999999999999993
11619, 0.1999999999999993, 0.1999999999999993
11620, 0.1999999999999993, 0.1999999999999993
11621, 0.1999999999999993, 0.09999999999999787
11622, 0.1999999999999993, 0.09999999999999787
11623, 0.1999999999999993, 0.0
11624, 0.1999999999999993, 0.0
11625, 0.1999999999999993, 0.09999999999999787
11626, 0.1999999999999993, 0.0
11627, 0.1999999999999993, 0.0
11628, 0.1999999999999993, -0.10000000000000142
11629, 0.1999999999999993, -0.10000000000000142
11630, 0.1999999999999993, -0.1999999999999993
11631, 0.1999999999999993, -0.1999999999999993
11632, 0.1999999999999993, -0.10000000000000142
11633, 0.1999999999999993, -0.1999999999999993
11634, 0.1999999999999993, -0.10000000000000142
11635, 0.1999999999999993, -0.1999999999999993
11636, 0.1999999999999993, -0.1999999999999993
11637, 0.1999999999999993, -0.1999999999999993
11638, 0.1999999999999993, -0.1999999999999993
11639, 0.1999999999999993, -0.1999999999999993
11640, 0.1999999999999993, -0.1999999999999993
11641, 0.1999999999999993, -0.3000000000000007
11642, 0.1999999999999993, -0.3000000000000007
11643, 0.1999999999999993, -0.1999999999999993
11644, 0.1999999999999993, -0.3000000000000007
11645, 0.1999999999999993, -0.3000000000000007
11646, 0.1999999999999993, -0.3000000000000007
11647, 0.1999999999999993, -0.3000000000000007
11648, 0.1999999999999993, -0.3000000000000007
11649, 0.1999999999999993, -0.3000000000000007
11650, 0.1999999999999993, -0.3000000000000007
11651, 0.1999999999999993, -0.3000000000000007
11652, 0.1999999999999993, -0.3000000000000007
11653, 0.1999999999999993, -0.40000000000000213
11654, 0.1999999999999993, -0.40000000000000213
11655, 0.1999999999999993, -0.40000000000000213
11656, 0.1999999999999993, -0.40000000000000213
11657, 0.1999999999999993, -0.40000000000000213
11658, 0.1999999999999993, -0.3000000000000007
11659, 0.1999999999999993, -0.40000000000000213
11660, 0.1999999999999993, -0.5
11661, 0.10000000000000142, -0.40000000000000213
11662, 0.10000000000000142, -0.40000000000000213
11663, 0.10000000000000142, -0.40000000000000213
11664, 0.10000000000000142, -0.40000000000000213
11665, 0.10000000000000142, -0.40000000000000213
11666, 0.10000000000000142, -0.40000000000000213
11667, 0.10000000000000142, -0.3000000000000007
11668, 0.10000000000000142, -0.3000000000000007
11669, 0.10000000000000142, -0.40000000000000213
11670, 0.10000000000000142, -0.40000000000000213
11671, 0.10000000000000142, -0.40000000000000213
11672, 0.10000000000000142, -0.40000000000000213
11673, 0.10000000000000142, -0.3000000000000007
11674, 0.10000000000000142, -0.40000000000000213
11675, 0.10000000000000142, -0.40000000000000213
11676, 0.10000000000000142, -0.3000000000000007
11677, 0.10000000000000142, -0.3000000000000007
11678, 0.10000000000000142, -0.3000000000000007
11679, 0.10000000000000142, -0.1999999999999993
11680, 0.10000000000000142, -0.1999999999999993
11681, 0.10000000000000142, -0.1999999999999993
11682, 0.10000000000000142, -0.1999999999999993
11683, 0.10000000000000142, -0.1999999999999993
11684, 0.10000000000000142, -0.1999999999999993
11685, 0.10000000000000142, -0.10000000000000142
11686, 0.10000000000000142, -0.1999999999999993
11687, 0.10000000000000142, -0.1999999999999993
11688, 0.10000000000000142, -0.1999999999999993
11689, 0.10000000000000142, 0.0
11690, 0.1999999999999993, -0.10000000000000142
11691, 0.1999999999999993, -0.10000000000000142
11692, 0.1999999999999993, 0.0
11693, 0.1999999999999993, 0.0
11694, 0.1999999999999993, 0.0
11695, 0.1999999999999993, 0.0
11696, 0.1999999999999993, 0.0
11697, 0.1999999999999993, 0.09999999999999787
11698, 0.1999999999999993, 0.09999999999999787
11699, 0.1999999999999993, 0.09999999999999787
11700, 0.1999999999999993, 0.0
11701, 0.1999999999999993, 0.1999999999999993
11702, 0.1999999999999993, 0.1999999999999993
11703, 0.1999999999999993, 0.1999999999999993
11704, 0.1999999999999993, 0.1999999999999993
11705, 0.1999999999999993, 0.09999999999999787
11706, 0.1999999999999993, 0.1999999999999993
11707, 0.1999999999999993, 0.3000000000000007
11708, 0.10000000000000142, 0.3000000000000007
11709, 0.10000000000000142, 0.3000000000000007
11710, 0.10000000000000142, 0.1999999999999993
11711, 0.10000000000000142, 0.1999999999999993
11712, 0.10000000000000142, 0.3000000000000007
11713, 0.10000000000000142, 0.3000000000000007
11714, 0.10000000000000142, 0.3000000000000007
11715, 0.10000000000000142, 0.3000000000000007
11716, 0.10000000000000142, 0.3000000000000007
11717, 0.10000000000000142, 0.3000000000000007
11718, 0.10000000000000142, 0.3999999999999986
11719, 0.10000000000000142, 0.3999999999999986
11720, 0.10000000000000142, 0.3999999999999986
11721, 0.10000000000000142, 0.3999999999999986
11722, 0.10000000000000142, 0.3999999999999986
11723, 0.10000000000000142, 0.3999999999999986
11724, 0.10000000000000142, 0.3999999999999986
11725, 0.10000000000000142, 0.3999999999999986
11726, 0.10000000000000142, 0.3999999999999986
11727, 0.10000000000000142, 0.5
11728, 0.10000000000000142, 0.3999999999999986
11729, 0.10000000000000142, 0.3999999999999986
11730, 0.10000000000000142, 0.3999999999999986
11731, 0.10000000000000142, 0.3999999999999986
11732, 0.10000000000000142, 0.3999999999999986
11733, 0.10000000000000142, 0.3999999999999986
11734, 0.10000000000000142, 0.3999999999999986
11735, 0.10000000000000142, 0.5
11736, 0.10000000000000142, 0.3999999999999986
11737, 0.10000000000000142, 0.5
11738, 0.10000000000000142, 0.5
11739, 0.10000000000000142, 0.5
11740, 0.10000000000000142, 0.5
11741, 0.10000000000000142, 0.5
11742, 0.10000000000000142, 0.5
11743, 0.10000000000000142, 0.5
11744, 0.10000000000000142, 0.5
11745, 0.10000000000000142, 0.5
11746, 0.10000000000000142, 0.5
11747, 0.10000000000000142, 0.5
11748, 0.10000000000000142, 0.5
11749, 0.10000000000000142, 0.3999999999999986
11750, 0.10000000000000142, 0.3999999999999986
11751, 0.10000000000000142, 0.3999999999999986
11752, 0.10000000000000142, 0.3999999999999986
11753, 0.10000000000000142, 0.3999999999999986
11754, 0.10000000000000142, 0.3999999999999986
11755, 0.10000000000000142, 0.3999999999999986
11756, 0.10000000000000142, 0.5
11757, 0.10000000000000142, 0.5
11758, 0.0, 0.3999999999999986
11759, 0.0, 0.3999999999999986
11760, 0.0, 0.3000000000000007
11761, 0.0, 0.3000000000000007
11762, 0.0, 0.3000000000000007
11763, 0.0, 0.3000000000000007
11764, 0.0, 0.3000000000000007
11765, 0.0, 0.3999999999999986
11766, 0.0, 0.3999999999999986
11767, 0.0, 0.3999999999999986
11768, 0.0, 0.3000000000000007
11769, 0.0, 0.1999999999999993
11770, 0.0, 0.1999999999999993
11771, 0.0, 0.3000000000000007
11772, 0.0, 0.3000000000000007
11773, 0.0, 0.3000000000000007
11774, 0.0, 0.3000000000000007
11775, 0.0, 0.1999999999999993
11776, 0.0, 0.1999999999999993
11777, 0.0, 0.3000000000000007
11778, 0.0, 0.3000000000000007
11779, 0.0, 0.3000000000000007
11780, 0.0, 0.3000000000000007
11781, 0.0, 0.1999999999999993
11782, 0.0, 0.1999999999999993
11783, 0.0, 0.3000000000000007
11784, 0.0, 0.3000000000000007
11785, 0.0, 0.3000000000000007
11786, 0.10000000000000142, 0.3000000000000007
11787, 0.10000000000000142, 0.3000000000000007
11788, 0.10000000000000142, 0.3000000000000007
11789, 0.10000000000000142, 0.1999999999999993
11790, 0.10000000000000142, 0.1999999999999993
11791, 0.10000000000000142, 0.1999999999999993
11792, 0.10000000000000142, 0.1999999999999993
11793, 0.10000000000000142, 0.1999999999999993
11794, 0.10000000000000142, 0.1999999999999993
11795, 0.10000000000000142, 0.1999999999999993
11796, 0.10000000000000142, 0.09999999999999787
11797, 0.10000000000000142, 0.09999999999999787
11798, 0.10000000000000142, 0.09999999999999787
11799, 0.10000000000000142, 0.09999999999999787
11800, 0.10000000000000142, 0.09999999999999787
11801, 0.10000000000000142, 0.0
11802, 0.10000000000000142, 0.0
11803, 0.10000000000000142, 0.0
11804, 0.10000000000000142, 0.09999999999999787
11805, 0.10000000000000142, 0.09999999999999787
11806, 0.10000000000000142, 0.0
11807, 0.10000000000000142, 0.0
11808, 0.10000000000000142, 0.0
11809, 0.10000000000000142, -0.10000000000000142
11810, 0.10000000000000142, -0.10000000000000142
11811, 0.10000000000000142, -0.10000000000000142
11812, 0.10000000000000142, -0.10000000000000142
11813, 0.10000000000000142, -0.10000000000000142
11814, 0.10000000000000142, 0.0
11815, 0.10000000000000142, 0.0
11816, 0.10000000000000142, 0.0
11817, 0.10000000000000142, -0.1999999999999993
11818, 0.10000000000000142, -0.1999999999999993
11819, 0.10000000000000142, -0.1999999999999993
11820, 0.10000000000000142, -0.1999999999999993
11821, 0.10000000000000142, -0.1999999999999993
11822, 0.10000000000000142, -0.3000000000000007
11823, 0.10000000000000142, -0.3000000000000007
11824, 0.10000000000000142, -0.3000000000000007
11825, 0.10000000000000142, -0.3000000000000007
11826, 0.10000000000000142, -0.3000000000000007
11827, 0.10000000000000142, -0.3000000000000007
11828, 0.10000000000000142, -0.3000000000000007
11829, 0.10000000000000142, -0.3000000000000007
11830, 0.10000000000000142, -0.1999999999999993
11831, 0.10000000000000142, -0.1999999999999993
11832, 0.10000000000000142, -0.3000000000000007
11833, 0.10000000000000142, -0.3000000000000007
11834, 0.10000000000000142, -0.3000000000000007
11835, 0.10000000000000142, -0.3000000000000007
11836, 0.10000000000000142, -0.1999999999999993
11837, 0.10000000000000142, -0.3000000000000007
11838, 0.10000000000000142, -0.3000000000000007
11839, 0.10000000000000142, -0.1999999999999993
11840, 0.10000000000000142, -0.3000000000000007
11841, 0.10000000000000142, -0.1999999999999993
11842, 0.10000000000000142, -0.1999999999999993
11843, 0.10000000000000142, -0.3000000000000007
11844, 0.10000000000000142, -0.3000000000000007
11845, 0.10000000000000142, -0.10000000000000142
11846, 0.10000000000000142, -0.1999999999999993
11847, 0.10000000000000142, -0.1999999999999993
11848, 0.10000000000000142, -0.1999999999999993
11849, 0.10000000000000142, -0.10000000000000142
11850, 0.10000000000000142, -0.1999999999999993
11851, 0.10000000000000142, -0.10000000000000142
11852, 0.1999999999999993, -0.1999999999999993
11853, 0.1999999999999993, -0.10000000000000142
11854, 0.10000000000000142, -0.10000000000000142
11855, 0.0, -0.10000000000000142
11856, 0.0, -0.10000000000000142
11857, 0.0, 0.0
11858, 0.0, -0.10000000000000142
11859, 0.0, 0.0
11860, 0.0, 0.0
11861, 0.0, 0.09999999999999787
11862, 0.0, 0.0
11863, 0.10000000000000142, 0.09999999999999787
11864, 0.10000000000000142, 0.09999999999999787
11865, 0.10000000000000142, 0.09999999999999787
11866, 0.10000000000000142, 0.09999999999999787
11867, 0.10000000000000142, 0.09999999999999787
11868, 0.10000000000000142, 0.1999999999999993
11869, 0.10000000000000142, 0.09999999999999787
11870, 0.10000000000000142, 0.1999999999999993
11871, 0.10000000000000142, 0.1999999999999993
11872, 0.10000000000000142, 0.1999999999999993
11873, 0.10000000000000142, 0.1999999999999993
11874, 0.10000000000000142, 0.1999999999999993
11875, 0.10000000000000142, 0.1999999999999993
11876, 0.10000000000000142, 0.1999999999999993
11877, 0.10000000000000142, 0.1999999999999993
11878, 0.10000000000000142, 0.3000000000000007
11879, 0.10000000000000142, 0.3000000000000007
11880, 0.10000000000000142, 0.3000000000000007
11881, 0.10000000000000142, 0.3000000000000007
11882, 0.10000000000000142, 0.3000000000000007
11883, 0.10000000000000142, 0.3000000000000007
11884, 0.10000000000000142, 0.3000000000000007
11885, 0.10000000000000142, 0.3000000000000007
11886, 0.10000000000000142, 0.3000000000000007
11887, 0.10000000000000142, 0.3000000000000007
11888, 0.10000000000000142, 0.3000000000000007
11889, 0.10000000000000142, 0.3000000000000007
11890, 0.10000000000000142, 0.3000000000000007
11891, 0.10000000000000142, 0.3000000000000007
11892, 0.10000000000000142, 0.3000000000000007
11893, 0.10000000000000142, 0.3000000000000007
11894, 0.10000000000000142, 0.3000000000000007
11895, 0.10000000000000142, 0.3000000000000007
11896, 0.10000000000000142, 0.3000000000000007
11897, 0.10000000000000142, 0.3000000000000007
11898, 0.10000000000000142, 0.3000000000000007
11899, 0.10000000000000142, 0.3000000000000007
11900, 0.10000000000000142, 0.1999999999999993
11901, 0.10000000000000142, 0.3000000000000007
11902, 0.10000000000000142, 0.3000000000000007
11903, 0.0, 0.3000000000000007
11904, 0.0, 0.1999999999999993
11905, 0.0, 0.1999999999999993
11906, 0.0, 0.1999999999999993
11907, 0.0, 0.1999999999999993
11908, 0.0, 0.1999999999999993
11909, 0.0, 0.1999999999999993
11910, 0.0, 0.1999999999999993
11911, 0.0, 0.1999999999999993
11912, 0.0, 0.09999999999999787
11913, 0.0, 0.09999999999999787
11914, 0.0, 0.1999999999999993
11915, 0.0, 0.1999999999999993
11916, 0.0, 0.09999999999999787
11917, 0.0, 0.09999999999999787
11918, 0.0, 0.09999999999999787
11919, 0.0, 0.0
11920, 0.0, 0.09999999999999787
11921, 0.0, 0.09999999999999787
11922, 0.0, 0.0
11923, 0.0, 0.0
11924, 0.0, 0.0
11925, 0.0, 0.0
11926, 0.0, 0.0
11927, 0.10000000000000142, -0.10000000000000142
11928, 0.10000000000000142, -0.10000000000000142
11929, 0.10000000000000142, 0.0
11930, 0.10000000000000142, -0.10000000000000142
11931, 0.10000000000000142, -0.10000000000000142
11932, 0.10000000000000142, -0.1999999999999993
11933, 0.10000000000000142, -0.10000000000000142
11934, 0.10000000000000142, -0.1999999999999993
11935, 0.10000000000000142, -0.1999999999999993
11936, 0.10000000000000142, -0.10000000000000142
11937, 0.10000000000000142, -0.10000000000000142
11938, 0.10000000000000142, -0.10000000000000142
11939, 0.10000000000000142, -0.1999999999999993
11940, 0.10000000000000142, -0.1999999999999993
11941, 0.10000000000000142, -0.10000000000000142
11942, 0.10000000000000142, -0.10000000000000142
11943, 0.10000000000000142, -0.10000000000000142
11944, 0.10000000000000142, -0.10000000000000142
11945, 0.10000000000000142, -0.10000000000000142
11946, 0.10000000000000142, -0.10000000000000142
11947, 0.10000000000000142, -0.10000000000000142
11948, 0.10000000000000142, -0.10000000000000142
11949, 0.10000000000000142, -0.10000000000000142
11950, 0.10000000000000142, 0.0
11951, 0.0, 0.0
11952, 0.0, 0.0
11953, 0.0, 0.0
11954, 0.0, 0.0
11955, 0.0, 0.0
11956, 0.0, 0.09999999999999787
11957, 0.0, 0.09999999999999787
11958, 0.0, 0.1999999999999993
11959, 0.10000000000000142, 0.1999999999999993
11960, 0.10000000000000142, 0.09999999999999787
11961, 0.10000000000000142, 0.09999999999999787
11962, 0.10000000000000142, 0.09999999999999787
11963, 0.10000000000000142, 0.09999999999999787
11964, 0.10000000000000142, 0.09999999999999787
11965, 0.10000000000000142, 0.09999999999999787
11966, 0.10000000000000142, 0.09999999999999787
11967, 0.10000000000000142, 0.1999999999999993
11968, 0.10000000000000142, 0.1999999999999993
11969, 0.10000000000000142, 0.09999999999999787
11970, 0.10000000000000142, 0.1999999999999993
11971, 0.10000000000000142, 0.1999999999999993
11972, 0.10000000000000142, 0.1999999999999993
11973, 0.10000000000000142, 0.09999999999999787
11974, 0.10000000000000142, 0.09999999999999787
11975, 0.10000000000000142, 0.1999999999999993
11976, 0.10000000000000142, 0.09999999999999787
11977, 0.10000000000000142, 0.09999999999999787
11978, 0.10000000000000142, 0.09999999999999787
11979, 0.10000000000000142, 0.09999999999999787
11980, 0.10000000000000142, 0.09999999999999787
11981, 0.10000000000000142, 0.09999999999999787
11982, 0.10000000000000142, 0.09999999999999787
11983, 0.10000000000000142, 0.0
11984, 0.10000000000000142, 0.09999999999999787
11985, 0.10000000000000142, 0.09999999999999787
11986, 0.10000000000000142, 0.09999999999999787
11987, 0.10000000000000142, 0.0
11988, 0.10000000000000142, 0.0
11989, 0.10000000000000142, 0.0
11990, 0.10000000000000142, 0.0
11991, 0.10000000000000142, -0.10000000000000142
11992, 0.10000000000000142, -0.10000000000000142
11993, 0.10000000000000142, -0.10000000000000142
11994, 0.10000000000000142, -0.10000000000000142
11995, 0.0, -0.10000000000000142
11996, 0.0, -0.10000000000000142
11997, 0.0, -0.1999999999999993
11998, 0.0, -0.10000000000000142
11999, 0.0, -0.10000000000000142
12000, 0.0, -0.1999999999999993
12001, 0.0, -0.10000000000000142
12002, 0.0, -0.1999999999999993
12003, 0.0, -0.1999999999999993
12004, 0.0, -0.1999999999999993
12005, 0.0, -0.3000000000000007
12006, 0.0, -0.3000000000000007
12007, 0.0, -0.1999999999999993
12008, 0.0, -0.3000000000000007
12009, 0.0, -0.3000000000000007
12010, 0.0, -0.3000000000000007
12011, 0.0, -0.40000000000000213
12012, 0.0, -0.3000000000000007
12013, 0.0, -0.3000000000000007
12014, 0.0, -0.3000000000000007
12015, 0.0, -0.40000000000000213
12016, 0.0, -0.40000000000000213
12017, 0.0, -0.40000000000000213
12018, 0.0, -0.40000000000000213
12019, 0.0, -0.5
12020, 0.0, -0.5
12021, 0.0, -0.6000000000000014
12022, 0.0, -0.6000000000000014
12023, 0.0, -0.6999999999999993
12024, 0.0, -0.6999999999999993
12025, 0.0, -0.8000000000000007
12026, 0.0, -0.8000000000000007
12027, 0.0, -0.8000000000000007
12028, 0.0, -0.9000000000000021
12029, 0.0, -0.9000000000000021
12030, 0.0, -0.9000000000000021
12031, 0.0, -1.0
12032, 0.0, -0.9000000000000021
12033, 0.0, -1.0
12034, 0.0, -0.9000000000000021
12035, 0.0, -0.9000000000000021
12036, 0.0, -1.0
12037, 0.0, -1.0
12038, 0.0, -0.9000000000000021
12039, 0.0, -1.0
12040, 0.0, -0.9000000000000021
12041, 0.0, -0.9000000000000021
12042, 0.0, -0.9000000000000021
12043, 0.0, -0.8000000000000007
12044, 0.0, -0.8000000000000007
12045, 0.0, -0.6999999999999993
12046, 0.0, -0.8000000000000007
12047, 0.0, -0.6999999999999993
12048, 0.0, -0.8000000000000007
12049, 0.0, -0.8000000000000007
12050, 0.0, -0.8000000000000007
12051, 0.0, -0.8000000000000007
12052, 0.0, -0.6999999999999993
12053, 0.0, -0.6000000000000014
12054, 0.0, -0.6000000000000014
12055, 0.0, -0.6000000000000014
12056, 0.0, -0.5
12057, 0.0, -0.5
12058, 0.0, -0.40000000000000213
12059, 0.0, -0.40000000000000213
12060, 0.0, -0.40000000000000213
12061, 0.0, -0.3000000000000007
12062, 0.0, -0.3000000000000007
12063, 0.0, -0.1999999999999993
12064, 0.0, -0.1999999999999993
12065, 0.0, -0.1999999999999993
12066, 0.0, -0.1999999999999993
12067, 0.0, -0.1999999999999993
12068, 0.0, -0.1999999999999993
12069, 0.0, -0.1999999999999993
12070, 0.0, -0.1999999999999993
12071, 0.0, -0.10000000000000142
12072, 0.0, -0.10000000000000142
12073, 0.0, -0.1999999999999993
12074, 0.0, -0.10000000000000142
12075, 0.0, -0.10000000000000142
12076, 0.0, -0.10000000000000142
12077, 0.0, -0.10000000000000142
12078, 0.0, -0.10000000000000142
12079, 0.0, -0.10000000000000142
12080, 0.0, -0.10000000000000142
12081, 0.0, 0.0
12082, 0.0, -0.10000000000000142
12083, 0.0, 0.0
12084, 0.0, -0.10000000000000142
12085, 0.0, -0.10000000000000142
12086, 0.0, -0.10000000000000142
12087, 0.0, -0.1999999999999993
12088, 0.0, 0.0
12089, 0.0, -0.10000000000000142
12090, 0.0, -0.10000000000000142
12091, 0.0, -0.10000000000000142
12092, 0.0, -0.10000000000000142
12093, 0.0, -0.10000000000000142
12094, 0.0, -0.10000000000000142
12095, 0.0, -0.10000000000000142
12096, 0.0, -0.10000000000000142
12097, 0.0, -0.10000000000000142
12098, 0.0, -0.1999999999999993
12099, 0.0, -0.10000000000000142
12100, 0.0, -0.1999999999999993
12101, 0.10000000000000142, -0.1999999999999993
12102, 0.10000000000000142, -0.10000000000000142
12103, 0.10000000000000142, -0.10000000000000142
12104, 0.10000000000000142, -0.1999999999999993
12105, 0.10000000000000142, -0.10000000000000142
12106, 0.10000000000000142, -0.1999999999999993
12107, 0.10000000000000142, -0.1999999999999993
12108, 0.10000000000000142, -0.10000000000000142
12109, 0.10000000000000142, -0.1999999999999993
12110, 0.10000000000000142, -0.1999999999999993
12111, 0.10000000000000142, -0.10000000000000142
12112, 0.10000000000000142, -0.10000000000000142
12113, 0.10000000000000142, -0.10000000000000142
12114, 0.10000000000000142, -0.1999999999999993
12115, 0.10000000000000142, -0.1999999999999993
12116, 0.10000000000000142, -0.1999999999999993
12117, 0.10000000000000142, -0.10000000000000142
12118, 0.10000000000000142, -0.10000000000000142
12119, 0.10000000000000142, -0.1999999999999993
12120, 0.10000000000000142, -0.1999999999999993
12121, 0.10000000000000142, -0.10000000000000142
12122, 0.10000000000000142, -0.1999999999999993
12123, 0.10000000000000142, -0.1999999999999993
12124, 0.10000000000000142, -0.10000000000000142
12125, 0.10000000000000142, -0.1999999999999993
12126, 0.10000000000000142, -0.1999999999999993
12127, 0.10000000000000142, -0.1999999999999993
12128, 0.10000000000000142, -0.1999999999999993
12129, 0.10000000000000142, -0.1999999999999993
12130, 0.10000000000000142, -0.1999999999999993
12131, 0.10000000000000142, -0.1999999999999993
12132, 0.10000000000000142, -0.1999999999999993
12133, 0.10000000000000142, -0.1999999999999993
12134, 0.10000000000000142, -0.1999999999999993
12135, 0.10000000000000142, -0.10000000000000142
12136, 0.10000000000000142, -0.1999999999999993
12137, 0.10000000000000142, -0.1999999999999993
12138, 0.10000000000000142, -0.10000000000000142
12139, 0.10000000000000142, -0.1999999999999993
12140, 0.0, -0.1999999999999993
12141, 0.0, -0.10000000000000142
12142, 0.0, -0.1999999999999993
12143, 0.0, -0.10000000000000142
12144, 0.0, -0.10000000000000142
12145, 0.0, -0.10000000000000142
12146, 0.0, -0.1999999999999993
12147, 0.0, -0.10000000000000142
12148, 0.0, -0.10000000000000142
12149, 0.0, -0.10000000000000142
12150, 0.0, -0.10000000000000142
12151, 0.0, -0.10000000000000142
12152, 0.0, 0.0
12153, 0.0, -0.10000000000000142
12154, 0.0, -0.10000000000000142
12155, 0.0, 0.0
12156, 0.0, 0.0
12157, 0.0, 0.09999999999999787
12158, 0.0, 0.0
12159, 0.10000000000000142, 0.0
12160, 0.10000000000000142, 0.09999999999999787
12161, 0.10000000000000142, 0.0
12162, 0.10000000000000142, 0.09999999999999787
12163, 0.10000000000000142, 0.09999999999999787
12164, 0.10000000000000142, 0.09999999999999787
12165, 0.10000000000000142, 0.09999999999999787
12166, 0.10000000000000142, 0.09999999999999787
12167, 0.10000000000000142, 0.09999999999999787
12168, 0.10000000000000142, 0.09999999999999787
12169, 0.10000000000000142, 0.09999999999999787
12170, 0.10000000000000142, 0.09999999999999787
12171, 0.10000000000000142, 0.1999999999999993
12172, 0.10000000000000142, 0.0
12173, 0.10000000000000142, 0.0
12174, 0.10000000000000142, 0.09999999999999787
12175, 0.10000000000000142, 0.09999999999999787
12176, 0.10000000000000142, 0.0
12177, 0.10000000000000142, 0.09999999999999787
12178, 0.10000000000000142, 0.09999999999999787
12179, 0.10000000000000142, 0.0
12180, 0.10000000000000142, 0.09999999999999787
12181, 0.10000000000000142, 0.09999999999999787
12182, 0.10000000000000142, 0.09999999999999787
12183, 0.10000000000000142, 0.09999999999999787
12184, 0.10000000000000142, 0.0
12185, 0.10000000000000142, 0.0
12186, 0.10000000000000142, 0.09999999999999787
12187, 0.10000000000000142, 0.0
12188, 0.10000000000000142, 0.0
12189, 0.10000000000000142, 0.09999999999999787
12190, 0.10000000000000142, 0.09999999999999787
12191, 0.10000000000000142, -0.10000000000000142
12192, 0.10000000000000142, 0.0
12193, 0.10000000000000142, 0.0
12194, 0.10000000000000142, 0.0
12195, 0.10000000000000142, 0.0
12196, 0.0, 0.0
12197, 0.0, -0.10000000000000142
12198, 0.0, 0.0
12199, 0.0, 0.0
12200, 0.0, 0.0
12201, 0.0, 0.0
12202, 0.0, -0.10000000000000142
12203, 0.0, 0.0
12204, 0.0, -0.10000000000000142
12205, 0.0, 0.0
12206, 0.0, -0.10000000000000142
12207, 0.0, 0.0
12208, 0.0, -0.10000000000000142
12209, 0.0, 0.0
12210, 0.0, -0.10000000000000142
12211, 0.0, 0.0
12212, 0.0, 0.0
12213, 0.0, 0.0
12214, 0.0, -0.10000000000000142
12215, 0.0, 0.0
12216, 0.0, 0.0
12217, 0.0, 0.0
12218, 0.0, -0.10000000000000142
12219, 0.0, 0.0
12220, 0.0, -0.10000000000000142
12221, 0.0, 0.0
12222, 0.0, 0.09999999999999787
12223, 0.0, 0.0
12224, 0.0, 0.0
12225, 0.0, 0.0
12226, 0.0, 0.0
12227, 0.0, 0.09999999999999787
12228, 0.0, 0.0
12229, 0.0, 0.0
12230, 0.0, 0.09999999999999787
12231, 0.0, 0.0
12232, 0.0, 0.09999999999999787
12233, 0.0, 0.09999999999999787
12234, 0.0, 0.0
12235, 0.0, 0.09999999999999787
12236, 0.0, 0.09999999999999787
12237, 0.0, 0.1999999999999993
12238, 0.0, 0.09999999999999787
12239, 0.0, 0.09999999999999787
12240, 0.0, 0.1999999999999993
12241, 0.10000000000000142, 0.09999999999999787
12242, 0.10000000000000142, 0.1999999999999993
12243, 0.10000000000000142, 0.1999999999999993
12244, 0.10000000000000142, 0.1999999999999993
12245, 0.10000000000000142, 0.1999999999999993
12246, 0.10000000000000142, 0.1999999999999993
12247, 0.10000000000000142, 0.3000000000000007
12248, 0.10000000000000142, 0.09999999999999787
12249, 0.10000000000000142, 0.1999999999999993
12250, 0.10000000000000142, 0.1999999999999993
12251, 0.10000000000000142, 0.3000000000000007
12252, 0.10000000000000142, 0.09999999999999787
12253, 0.10000000000000142, 0.1999999999999993
12254, 0.10000000000000142, 0.3000000000000007
12255, 0.10000000000000142, 0.1999999999999993
12256, 0.10000000000000142, 0.1999999999999993
12257, 0.10000000000000142, 0.1999999999999993
12258, 0.10000000000000142, 0.1999999999999993
12259, 0.10000000000000142, 0.1999999999999993
12260, 0.0, 0.1999999999999993
12261, 0.0, 0.1999999999999993
12262, 0.0, 0.1999999999999993
12263, 0.0, 0.1999999999999993
12264, 0.0, 0.09999999999999787
12265, 0.0, 0.1999999999999993
12266, 0.0, 0.1999999999999993
12267, 0.0, 0.09999999999999787
12268, 0.0, 0.1999999999999993
12269, 0.0, 0.1999999999999993
12270, 0.0, 0.1999999999999993
12271, 0.0, 0.09999999999999787
12272, 0.0, 0.1999999999999993
12273, 0.0, 0.09999999999999787
12274, 0.0, 0.09999999999999787
12275, 0.0, 0.0
12276, 0.0, 0.09999999999999787
12277, 0.0, 0.09999999999999787
12278, 0.0, 0.0
12279, 0.0, 0.0
12280, 0.0, 0.0
12281, 0.0, -0.10000000000000142
12282, 0.0, 0.0
12283, 0.0, -0.10000000000000142
12284, 0.0, -0.10000000000000142
12285, 0.0, -0.10000000000000142
12286, 0.0, -0.1999999999999993
12287, 0.0, -0.10000000000000142
12288, 0.0, -0.10000000000000142
12289, 0.0, -0.1999999999999993
12290, 0.0, -0.1999999999999993
12291, 0.0, -0.1999999999999993
12292, 0.0, -0.10000000000000142
12293, 0.0, -0.1999999999999993
12294, 0.0, -0.3000000000000007
12295, 0.0, -0.1999999999999993
12296, 0.0, -0.1999999999999993
12297, 0.0, -0.3000000000000007
12298, 0.0, -0.3000000000000007
12299, 0.0, -0.1999999999999993
12300, 0.0, -0.3000000000000007
12301, 0.0, -0.3000000000000007
12302, 0.0, -0.3000000000000007
12303, 0.0, -0.3000000000000007
12304, 0.0, -0.1999999999999993
12305, 0.0, -0.1999999999999993
12306, 0.0, -0.1999999999999993
12307, 0.0, -0.1999999999999993
12308, 0.0, -0.1999999999999993
12309, 0.0, -0.1999999999999993
12310, 0.0, -0.1999999999999993
12311, 0.0, -0.1999999999999993
12312, 0.0, -0.1999999999999993
12313, 0.0, -0.1999999999999993
12314, 0.0, -0.1999999999999993
12315, 0.0, -0.1999999999999993
12316, 0.0, -0.1999999999999993
12317, 0.0, -0.1999999999999993
12318, 0.0, -0.1999999999999993
12319, 0.0, -0.1999999999999993
12320, 0.0, -0.1999999999999993
12321, 0.0, -0.10000000000000142
12322, 0.0, -0.1999999999999993
12323, 0.0, -0.1999999999999993
12324, 0.0, -0.1999999999999993
12325, 0.0, -0.1999999999999993
12326, 0.0, -0.10000000000000142
12327, 0.0, -0.1999999999999993
12328, 0.0, -0.10000000000000142
12329, 0.0, -0.10000000000000142
12330, 0.0, -0.10000000000000142
12331, 0.0, -0.10000000000000142
12332, 0.0, -0.10000000000000142
12333, 0.0, -0.10000000000000142
12334, 0.0, -0.10000000000000142
12335, 0.0, 0.0
12336, 0.0, -0.10000000000000142
12337, 0.0, -0.10000000000000142
12338, 0.0, -0.10000000000000142
12339, 0.0, 0.0
12340, 0.0, -0.10000000000000142
12341, 0.0, -0.10000000000000142
12342, 0.0, -0.10000000000000142
12343, 0.0, -0.10000000000000142
12344, 0.0, 0.0
12345, 0.0, -0.1999999999999993
12346, 0.0, -0.10000000000000142
12347, 0.0, -0.10000000000000142
12348, 0.0, -0.10000000000000142
12349, 0.0, -0.1999999999999993
12350, 0.0, -0.1999999999999993
12351, 0.0, -0.10000000000000142
12352, 0.0, -0.10000000000000142
12353, 0.0, -0.10000000000000142
12354, 0.0, -0.10000000000000142
12355, 0.0, -0.10000000000000142
12356, 0.0, -0.1999999999999993
12357, 0.0, -0.1999999999999993
12358, 0.0, -0.10000000000000142
12359, 0.0, -0.1999999999999993
12360, 0.0, -0.1999999999999993
12361, 0.0, -0.1999999999999993
12362, 0.0, -0.1999999999999993
12363, 0.0, -0.1999999999999993
12364, 0.0, -0.1999999999999993
12365, 0.0, -0.1999999999999993
12366, 0.0, -0.1999999999999993
12367, 0.0, -0.1999999999999993
12368, 0.0, -0.10000000000000142
12369, 0.0, -0.10000000000000142
12370, 0.0, -0.10000000000000142
12371, 0.0, -0.1999999999999993
12372, 0.0, -0.1999999999999993
12373, 0.0, -0.1999999999999993
12374, 0.0, -0.10000000000000142
12375, 0.0, -0.1999999999999993
12376, 0.10000000000000142, -0.1999999999999993
12377, 0.10000000000000142, -0.1999999999999993
12378, 0.10000000000000142, -0.10000000000000142
12379, 0.10000000000000142, -0.1999999999999993
12380, 0.10000000000000142, -0.1999999999999993
12381, 0.10000000000000142, -0.1999999999999993
12382, 0.10000000000000142, -0.10000000000000142
12383, 0.10000000000000142, -0.1999999999999993
12384, 0.10000000000000142, -0.1999999999999993
12385, 0.10000000000000142, -0.1999999999999993
12386, 0.10000000000000142, -0.3000000000000007
12387, 0.10000000000000142, -0.3000000000000007
12388, 0.10000000000000142, -0.1999999999999993
12389, 0.10000000000000142, -0.3000000000000007
12390, 0.10000000000000142, -0.1999999999999993
12391, 0.10000000000000142, -0.1999999999999993
12392, 0.10000000000000142, -0.3000000000000007
12393, 0.10000000000000142, -0.1999999999999993
12394, 0.10000000000000142, -0.1999999999999993
12395, 0.10000000000000142, -0.1999999999999993
12396, 0.10000000000000142, -0.3000000000000007
12397, 0.10000000000000142, -0.40000000000000213
12398, 0.10000000000000142, -0.40000000000000213
12399, 0.10000000000000142, -0.3000000000000007
12400, 0.10000000000000142, -0.40000000000000213
12401, 0.10000000000000142, -0.3000000000000007
12402, 0.10000000000000142, -0.40000000000000213
12403, 0.10000000000000142, -0.40000000000000213
12404, 0.10000000000000142, -0.40000000000000213
12405, 0.10000000000000142, -0.40000000000000213
12406, 0.10000000000000142, -0.3000000000000007
12407, 0.10000000000000142, -0.3000000000000007
12408, 0.10000000000000142, -0.3000000000000007
12409, 0.10000000000000142, -0.3000000000000007
12410, 0.10000000000000142, -0.3000000000000007
12411, 0.10000000000000142, -0.40000000000000213
12412, 0.10000000000000142, -0.40000000000000213
12413, 0.10000000000000142, -0.40000000000000213
12414, 0.10000000000000142, -0.40000000000000213
12415, 0.10000000000000142, -0.40000000000000213
12416, 0.10000000000000142, -0.5
12417, 0.10000000000000142, -0.5
12418, 0.10000000000000142, -0.5
12419, 0.10000000000000142, -0.5
12420, 0.10000000000000142, -0.5
12421, 0.10000000000000142, -0.5
12422, 0.10000000000000142, -0.5
12423, 0.10000000000000142, -0.5
12424, 0.10000000000000142, -0.6000000000000014
12425, 0.10000000000000142, -0.5
12426, 0.0, -0.5
12427, 0.0, -0.5
12428, 0.0, -0.5
12429, 0.0, -0.5
12430, 0.0, -0.6000000000000014
12431, 0.0, -0.6000000000000014
12432, 0.0, -0.5
12433, 0.0, -0.5
12434, 0.0, -0.5
12435, 0.0, -0.5
12436, 0.0, -0.5
12437, 0.0, -0.5
12438, 0.0, -0.5
12439, 0.0, -0.5
12440, 0.0, -0.40000000000000213
12441, 0.0, -0.40000000000000213
12442, 0.0, -0.40000000000000213
12443, 0.0, -0.40000000000000213
12444, 0.0, -0.1999999999999993
12445, 0.0, -0.1999999999999993
12446, 0.0, -0.1999999999999993
12447, 0.0, -0.1999999999999993
12448, 0.0, -0.1999999999999993
12449, 0.0, -0.10000000000000142
12450, 0.0, -0.10000000000000142
12451, 0.0, -0.1999999999999993
12452, 0.0, -0.10000000000000142
12453, 0.0, -0.10000000000000142
12454, 0.0, -0.10000000000000142
12455, 0.0, 0.0
12456, 0.0, 0.0
12457, 0.0, 0.0
12458, 0.0, 0.0
12459, 0.0, 0.09999999999999787
12460, 0.0, 0.0
12461, 0.0, 0.0
12462, 0.0, 0.09999999999999787
12463, 0.10000000000000142, 0.09999999999999787
12464, 0.10000000000000142, 0.1999999999999993
12465, 0.10000000000000142, 0.09999999999999787
12466, 0.10000000000000142, 0.09999999999999787
12467, 0.10000000000000142, 0.1999999999999993
12468, 0.10000000000000142, 0.09999999999999787
12469, 0.10000000000000142, 0.1999999999999993
12470, 0.10000000000000142, 0.09999999999999787
12471, 0.10000000000000142, 0.0
12472, 0.10000000000000142, 0.0
12473, 0.10000000000000142, 0.0
12474, 0.10000000000000142, 0.09999999999999787
12475, 0.10000000000000142, 0.0
12476, 0.10000000000000142, 0.0
12477, 0.10000000000000142, -0.10000000000000142
12478, 0.10000000000000142, 0.0
12479, 0.10000000000000142, 0.0
12480, 0.10000000000000142, -0.10000000000000142
12481, 0.10000000000000142, -0.10000000000000142
12482, 0.10000000000000142, 0.0
12483, 0.10000000000000142, -0.1999999999999993
12484, 0.10000000000000142, -0.10000000000000142
12485, 0.10000000000000142, 0.0
12486, 0.10000000000000142, -0.1999999999999993
12487, 0.10000000000000142, -0.10000000000000142
12488, 0.10000000000000142, -0.1999999999999993
12489, 0.10000000000000142, -0.1999999999999993
12490, 0.10000000000000142, -0.1999999999999993
12491, 0.10000000000000142, -0.1999999999999993
12492, 0.10000000000000142, -0.1999999999999993
12493, 0.10000000000000142, -0.10000000000000142
12494, 0.10000000000000142, -0.3000000000000007
12495, 0.10000000000000142, -0.1999999999999993
12496, 0.10000000000000142, -0.3000000000000007
12497, 0.10000000000000142, -0.1999999999999993
12498, 0.10000000000000142, -0.1999999999999993
12499, 0.10000000000000142, -0.1999999999999993
12500, 0.10000000000000142, -0.1999999999999993
12501, 0.10000000000000142, -0.1999999999999993
12502, 0.10000000000000142, -0.1999999999999993
12503, 0.10000000000000142, -0.10000000000000142
12504, 0.10000000000000142, -0.1999999999999993
12505, 0.10000000000000142, -0.10000000000000142
12506, 0.10000000000000142, -0.1999999999999993
12507, 0.10000000000000142, -0.10000000000000142
12508, 0.10000000000000142, -0.10000000000000142
12509, 0.10000000000000142, -0.10000000000000142
12510, 0.10000000000000142, -0.10000000000000142
12511, 0.10000000000000142, -0.10000000000000142
12512, 0.10000000000000142, -0.10000000000000142
12513, 0.10000000000000142, -0.10000000000000142
12514, 0.10000000000000142, -0.10000000000000142
12515, 0.10000000000000142, -0.10000000000000142
12516, 0.10000000000000142, -0.10000000000000142
12517, 0.10000000000000142, -0.10000000000000142
12518, 0.10000000000000142, -0.10000000000000142
12519, 0.10000000000000142, 0.0
12520, 0.10000000000000142, 0.0
12521, 0.10000000000000142, 0.0
12522, 0.10000000000000142, 0.0
12523, 0.0, 0.0
12524, 0.0, 0.0
12525, 0.0, 0.09999999999999787
12526, 0.0, 0.09999999999999787
12527, 0.0, 0.0
12528, 0.0, 0.09999999999999787
12529, 0.0, 0.1999999999999993
12530, 0.0, 0.09999999999999787
12531, 0.0, 0.09999999999999787
12532, 0.0, 0.1999999999999993
12533, 0.0, 0.1999999999999993
12534, 0.0, 0.1999999999999993
12535, 0.0, 0.1999999999999993
12536, 0.0, 0.09999999999999787
12537, 0.0, 0.1999999999999993
12538, 0.0, 0.3000000000000007
12539, 0.0, 0.1999999999999993
12540, 0.0, 0.3000000000000007
12541, 0.0, 0.3000000000000007
12542, 0.0, 0.1999999999999993
12543, 0.0, 0.3000000000000007
12544, 0.0, 0.3000000000000007
12545, 0.10000000000000142, 0.1999999999999993
12546, 0.10000000000000142, 0.3000000000000007
12547, 0.10000000000000142, 0.3000000000000007
12548, 0.10000000000000142, 0.3000000000000007
12549, 0.10000000000000142, 0.3000000000000007
12550, 0.10000000000000142, 0.3000000000000007
12551, 0.10000000000000142, 0.3000000000000007
12552, 0.10000000000000142, 0.3000000000000007
12553, 0.10000000000000142, 0.3000000000000007
12554, 0.10000000000000142, 0.3000000000000007
12555, 0.10000000000000142, 0.3000000000000007
12556, 0.10000000000000142, 0.3000000000000007
12557, 0.10000000000000142, 0.3000000000000007
12558, 0.10000000000000142, 0.3000000000000007
12559, 0.10000000000000142, 0.3000000000000007
12560, 0.10000000000000142, 0.3000000000000007
12561, 0.10000000000000142, 0.3000000000000007
12562, 0.10000000000000142, 0.3000000000000007
12563, 0.10000000000000142, 0.3000000000000007
12564, 0.10000000000000142, 0.3000000000000007
12565, 0.10000000000000142, 0.3000000000000007
12566, 0.10000000000000142, 0.3000000000000007
12567, 0.10000000000000142, 0.1999999999999993
12568, 0.10000000000000142, 0.3000000000000007
12569, 0.10000000000000142, 0.3000000000000007
12570, 0.10000000000000142, 0.1999999999999993
12571, 0.10000000000000142, 0.1999999999999993
12572, 0.10000000000000142, 0.3000000000000007
12573, 0.10000000000000142, 0.1999999999999993
12574, 0.10000000000000142, 0.1999999999999993
12575, 0.10000000000000142, 0.3000000000000007
12576, 0.10000000000000142, 0.1999999999999993
12577, 0.10000000000000142, 0.1999999999999993
12578, 0.10000000000000142, 0.1999999999999993
12579, 0.10000000000000142, 0.1999999999999993
12580, 0.10000000000000142, 0.1999999999999993
12581, 0.10000000000000142, 0.1999999999999993
12582, 0.10000000000000142, 0.1999999999999993
12583, 0.10000000000000142, 0.09999999999999787
12584, 0.10000000000000142, 0.09999999999999787
12585, 0.10000000000000142, 0.1999999999999993
12586, 0.10000000000000142, 0.09999999999999787
12587, 0.10000000000000142, 0.09999999999999787
12588, 0.10000000000000142, 0.1999999999999993
12589, 0.10000000000000142, 0.09999999999999787
12590, 0.10000000000000142, 0.0
12591, 0.10000000000000142, 0.09999999999999787
12592, 0.10000000000000142, 0.09999999999999787
12593, 0.10000000000000142, 0.0
12594, 0.10000000000000142, 0.09999999999999787
12595, 0.10000000000000142, 0.09999999999999787
12596, 0.10000000000000142, 0.0
12597, 0.1999999999999993, 0.09999999999999787
12598, 0.1999999999999993, 0.0
12599, 0.1999999999999993, 0.09999999999999787
12600, 0.1999999999999993, 0.09999999999999787
12601, 0.1999999999999993, 0.0
12602, 0.1999999999999993, 0.09999999999999787
12603, 0.10000000000000142, 0.0
12604, 0.10000000000000142, 0.0
12605, 0.10000000000000142, 0.09999999999999787
12606, 0.10000000000000142, 0.0
12607, 0.10000000000000142, 0.0
12608, 0.10000000000000142, 0.0
12609, 0.10000000000000142, 0.0
12610, 0.10000000000000142, 0.09999999999999787
12611, 0.10000000000000142, 0.0
12612, 0.10000000000000142, 0.0
12613, 0.10000000000000142, 0.09999999999999787
12614, 0.10000000000000142, 0.09999999999999787
12615, 0.10000000000000142, 0.0
12616, 0.10000000000000142, 0.0
12617, 0.10000000000000142, 0.0
12618, 0.10000000000000142, 0.0
12619, 0.10000000000000142, 0.09999999999999787
12620, 0.10000000000000142, 0.09999999999999787
12621, 0.10000000000000142, 0.0
12622, 0.0, 0.09999999999999787
12623, 0.0, 0.0
12624, 0.0, 0.0
12625, 0.0, 0.09999999999999787
12626, 0.0, 0.0
12627, 0.0, 0.0
12628, 0.0, 0.09999999999999787
12629, 0.0, 0.09999999999999787
12630, 0.0, 0.0
12631, 0.0, 0.09999999999999787
12632, 0.10000000000000142, 0.09999999999999787
12633, 0.10000000000000142, 0.09999999999999787
12634, 0.10000000000000142, 0.09999999999999787
12635, 0.10000000000000142, 0.09999999999999787
12636, 0.10000000000000142, 0.09999999999999787
12637, 0.10000000000000142, 0.09999999999999787
12638, 0.10000000000000142, 0.09999999999999787
12639, 0.10000000000000142, 0.09999999999999787
12640, 0.10000000000000142, 0.1999999999999993
12641, 0.10000000000000142, 0.09999999999999787
12642, 0.10000000000000142, 0.09999999999999787
12643, 0.10000000000000142, 0.09999999999999787
12644, 0.10000000000000142, 0.09999999999999787
12645, 0.10000000000000142, 0.09999999999999787
12646, 0.10000000000000142, 0.09999999999999787
12647, 0.10000000000000142, 0.09999999999999787
12648, 0.10000000000000142, 0.09999999999999787
12649, 0.10000000000000142, 0.1999999999999993
12650, 0.10000000000000142, 0.1999999999999993
12651, 0.10000000000000142, 0.1999999999999993
12652, 0.10000000000000142, 0.1999999999999993
12653, 0.10000000000000142, 0.1999999999999993
12654, 0.10000000000000142, 0.1999999999999993
12655, 0.10000000000000142, 0.1999999999999993
12656, 0.10000000000000142, 0.1999999999999993
12657, 0.10000000000000142, 0.1999999999999993
12658, 0.10000000000000142, 0.1999999999999993
12659, 0.10000000000000142, 0.1999999999999993
12660, 0.10000000000000142, 0.1999999999999993
12661, 0.10000000000000142, 0.1999999999999993
12662, 0.10000000000000142, 0.1999999999999993
12663, 0.10000000000000142, 0.1999999999999993
12664, 0.10000000000000142, 0.1999999999999993
12665, 0.10000000000000142, 0.1999999999999993
12666, 0.10000000000000142, 0.09999999999999787
12667, 0.10000000000000142, 0.09999999999999787
12668, 0.10000000000000142, 0.09999999999999787
12669, 0.10000000000000142, 0.1999999999999993
12670, 0.10000000000000142, 0.1999999999999993
12671, 0.10000000000000142, 0.1999999999999993
12672, 0.10000000000000142, 0.1999999999999993
12673, 0.10000000000000142, 0.1999999999999993
12674, 0.10000000000000142, 0.1999999999999993
12675, 0.10000000000000142, 0.09999999999999787
12676, 0.10000000000000142, 0.09999999999999787
12677, 0.10000000000000142, 0.09999999999999787
12678, 0.10000000000000142, 0.09999999999999787
12679, 0.10000000000000142, 0.1999999999999993
12680, 0.10000000000000142, 0.1999999999999993
12681, 0.10000000000000142, 0.09999999999999787
12682, 0.10000000000000142, 0.09999999999999787
12683, 0.10000000000000142, 0.09999999999999787
12684, 0.10000000000000142, 0.09999999999999787
12685, 0.10000000000000142, 0.0
12686, 0.10000000000000142, 0.09999999999999787
12687, 0.10000000000000142, 0.09999999999999787
12688, 0.10000000000000142, 0.0
12689, 0.10000000000000142, 0.0
12690, 0.10000000000000142, 0.0
12691, 0.10000000000000142, 0.09999999999999787
12692, 0.10000000000000142, 0.09999999999999787
12693, 0.10000000000000142, 0.09999999999999787
12694, 0.10000000000000142, 0.0
12695, 0.10000000000000142, 0.09999999999999787
12696, 0.10000000000000142, 0.0
12697, 0.10000000000000142, 0.09999999999999787
12698, 0.0, 0.09999999999999787
12699, 0.0, 0.09999999999999787
12700, 0.0, 0.09999999999999787
12701, 0.0, 0.0
12702, 0.0, 0.0
12703, 0.0, 0.09999999999999787
12704, 0.0, 0.09999999999999787
12705, 0.0, 0.0
12706, 0.0, 0.0
12707, 0.0, 0.09999999999999787
12708, 0.0, 0.09999999999999787
12709, 0.0, 0.09999999999999787
12710, 0.0, 0.0
12711, 0.0, 0.0
12712, 0.0, 0.09999999999999787
12713, 0.0, 0.09999999999999787
12714, 0.0, 0.0
12715, 0.0, 0.0
12716, 0.0, -0.10000000000000142
12717, 0.0, 0.0
12718, 0.0, 0.09999999999999787
12719, 0.0, 0.0
12720, 0.0, 0.09999999999999787
12721, 0.0, 0.0
12722, 0.0, 0.0
12723, 0.0, -0.10000000000000142
12724, 0.0, 0.0
12725, 0.0, 0.0
12726, 0.0, 0.0
12727, 0.0, 0.0
12728, 0.0, 0.0
12729, 0.0, -0.10000000000000142
12730, 0.0, 0.0
12731, 0.0, -0.10000000000000142
12732, 0.0, 0.0
12733, 0.0, -0.10000000000000142
12734, 0.0, -0.10000000000000142
12735, 0.0, -0.10000000000000142
12736, 0.0, -0.10000000000000142
12737, 0.0, 0.0
12738, 0.0, -0.10000000000000142
12739, 0.0, 0.0
12740, 0.0, -0.10000000000000142
12741, 0.0, 0.0
12742, 0.0, -0.10000000000000142
12743, 0.0, -0.10000000000000142
12744, 0.0, -0.10000000000000142
12745, 0.0, -0.10000000000000142
12746, 0.10000000000000142, -0.10000000000000142
12747, 0.10000000000000142, -0.10000000000000142
12748, 0.10000000000000142, -0.1999999999999993
12749, 0.10000000000000142, -0.10000000000000142
12750, 0.10000000000000142, -0.10000000000000142
12751, 0.10000000000000142, -0.1999999999999993
12752, 0.10000000000000142, -0.10000000000000142
12753, 0.10000000000000142, -0.10000000000000142
12754, 0.10000000000000142, -0.10000000000000142
12755, 0.10000000000000142, -0.10000000000000142
12756, 0.10000000000000142, -0.10000000000000142
12757, 0.10000000000000142, -0.10000000000000142
12758, 0.10000000000000142, -0.10000000000000142
12759, 0.10000000000000142, -0.10000000000000142
12760, 0.10000000000000142, -0.1999999999999993
12761, 0.10000000000000142, -0.1999999999999993
12762, 0.10000000000000142, 0.0
12763, 0.10000000000000142, -0.10000000000000142
12764, 0.10000000000000142, -0.10000000000000142
12765, 0.10000000000000142, -0.10000000000000142
12766, 0.10000000000000142, -0.10000000000000142
12767, 0.10000000000000142, -0.10000000000000142
12768, 0.10000000000000142, -0.10000000000000142
12769, 0.1999999999999993, -0.10000000000000142
12770, 0.1999999999999993, 0.0
12771, 0.1999999999999993, -0.10000000000000142
12772, 0.1999999999999993, 0.0
12773, 0.1999999999999993, 0.0
12774, 0.1999999999999993, -0.10000000000000142
12775, 0.1999999999999993, 0.0
12776, 0.1999999999999993, 0.09999999999999787
12777, 0.1999999999999993, 0.0
12778, 0.1999999999999993, 0.0
12779, 0.1999999999999993, 0.09999999999999787
12780, 0.1999999999999993, 0.09999999999999787
12781, 0.1999999999999993, 0.09999999999999787
12782, 0.1999999999999993, 0.09999999999999787
12783, 0.1999999999999993, 0.0
12784, 0.1999999999999993, 0.09999999999999787
12785, 0.1999999999999993, 0.1999999999999993
12786, 0.1999999999999993, 0.09999999999999787
12787, 0.1999999999999993, 0.09999999999999787
12788, 0.1999999999999993, 0.1999999999999993
12789, 0.1999999999999993, 0.09999999999999787
12790, 0.1999999999999993, 0.09999999999999787
12791, 0.1999999999999993, 0.09999999999999787
12792, 0.1999999999999993, 0.09999999999999787
12793, 0.1999999999999993, 0.1999999999999993
12794, 0.1999999999999993, 0.09999999999999787
12795, 0.3000000000000007, 0.1999999999999993
12796, 0.3000000000000007, 0.1999999999999993
12797, 0.3000000000000007, 0.09999999999999787
12798, 0.3000000000000007, 0.09999999999999787
12799, 0.3000000000000007, 0.0
12800, 0.3000000000000007, 0.0
12801, 0.3000000000000007, 0.0
12802, 0.3000000000000007, 0.0
12803, 0.3000000000000007, 0.0
12804, 0.3000000000000007, 0.0
12805, 0.3000000000000007, 0.0
12806, 0.3000000000000007, -0.10000000000000142
12807, 0.3000000000000007, -0.10000000000000142
12808, 0.3000000000000007, -0.1999999999999993
12809, 0.1999999999999993, -0.1999999999999993
12810, 0.1999999999999993, -0.10000000000000142
12811, 0.1999999999999993, -0.1999999999999993
12812, 0.1999999999999993, -0.1999999999999993
12813, 0.1999999999999993, -0.1999999999999993
12814, 0.1999999999999993, -0.1999999999999993
12815, 0.1999999999999993, -0.1999999999999993
12816, 0.10000000000000142, -0.3000000000000007
12817, 0.10000000000000142, -0.3000000000000007
12818, 0.10000000000000142, -0.3000000000000007
12819, 0.10000000000000142, -0.3000000000000007
12820, 0.10000000000000142, -0.3000000000000007
12821, 0.0, -0.40000000000000213
12822, 0.0, -0.40000000000000213
12823, 0.0, -0.3000000000000007
12824, 0.0, -0.3000000000000007
12825, 0.0, -0.40000000000000213
12826, 0.0, -0.3000000000000007
12827, 0.0, -0.3000000000000007
12828, 0.0, -0.3000000000000007
12829, 0.0, -0.40000000000000213
12830, 0.0, -0.3000000000000007
12831, 0.0, -0.3000000000000007
12832, 0.0, -0.1999999999999993
12833, 0.0, -0.3000000000000007
12834, 0.0, -0.1999999999999993
12835, 0.0, -0.3000000000000007
12836, 0.0, -0.1999999999999993
12837, 0.0, -0.1999999999999993
12838, 0.0, -0.1999999999999993
12839, 0.0, -0.1999999999999993
12840, 0.0, -0.1999999999999993
12841, 0.0, -0.1999999999999993
12842, 0.0, -0.3000000000000007
12843, 0.0, -0.1999999999999993
12844, 0.0, -0.1999999999999993
12845, 0.0, -0.1999999999999993
12846, 0.0, -0.1999999999999993
12847, 0.0, -0.1999999999999993
12848, 0.0, -0.1999999999999993
12849, 0.0, -0.1999999999999993
12850, 0.0, -0.10000000000000142
12851, 0.0, -0.1999999999999993
12852, 0.0, -0.1999999999999993
12853, 0.0, -0.10000000000000142
12854, 0.0, -0.10000000000000142
12855, 0.0, -0.10000000000000142
12856, 0.0, -0.10000000000000142
12857, 0.0, -0.10000000000000142
12858, 0.0, -0.10000000000000142
12859, 0.0, -0.10000000000000142
12860, 0.0, -0.10000000000000142
12861, 0.0, -0.10000000000000142
12862, 0.0, 0.0
12863, 0.0, -0.10000000000000142
12864, 0.0, 0.0
12865, 0.0, -0.10000000000000142
12866, 0.0, -0.10000000000000142
12867, 0.0, 0.0
12868, 0.0, -0.10000000000000142
12869, 0.0, 0.0
12870, 0.0, 0.0
12871, 0.0, -0.10000000000000142
12872, 0.0, 0.0
12873, 0.0, 0.0
12874, 0.0, 0.0
12875, 0.0, 0.0
12876, 0.0, -0.10000000000000142
12877, 0.0, -0.10000000000000142
12878, 0.0, -0.10000000000000142
12879, 0.0, 0.0
12880, 0.0, -0.10000000000000142
12881, 0.0, -0.10000000000000142
12882, 0.0, -0.10000000000000142
12883, 0.0, -0.10000000000000142
12884, 0.0, -0.10000000000000142
12885, 0.0, -0.10000000000000142
12886, 0.0, 0.0
12887, 0.0, 0.0
12888, 0.0, 0.0
12889, 0.0, -0.10000000000000142
12890, 0.0, 0.0
12891, 0.0, -0.10000000000000142
12892, 0.0, -0.10000000000000142
12893, 0.0, -0.10000000000000142
12894, 0.0, -0.10000000000000142
12895, 0.0, -0.10000000000000142
12896, 0.0, -0.10000000000000142
12897, 0.0, -0.10000000000000142
12898, 0.0, -0.1999999999999993
12899, 0.0, 0.0
12900, 0.0, -0.10000000000000142
12901, 0.0, -0.10000000000000142
12902, 0.0, -0.1999999999999993
12903, 0.0, -0.10000000000000142
12904, 0.0, -0.10000000000000142
12905, 0.0, -0.1999999999999993
12906, 0.0, -0.10000000000000142
12907, 0.0, -0.1999999999999993
12908, 0.0, -0.10000000000000142
12909, 0.0, -0.1999999999999993
12910, 0.0, -0.10000000000000142
12911, 0.0, -0.1999999999999993
12912, 0.0, -0.10000000000000142
12913, 0.0, -0.1999999999999993
12914, 0.0, -0.10000000000000142
12915, 0.0, -0.1999999999999993
12916, 0.0, -0.10000000000000142
12917, 0.0, -0.1999999999999993
12918, 0.0, -0.1999999999999993
12919, 0.0, -0.3000000000000007
12920, 0.0, -0.1999999999999993
12921, 0.0, -0.10000000000000142
12922, 0.0, -0.1999999999999993
12923, 0.0, -0.10000000000000142
12924, 0.0, -0.1999999999999993
12925, 0.0, -0.1999999999999993
12926, 0.0, -0.1999999999999993
12927, 0.0, -0.10000000000000142
12928, 0.0, -0.3000000000000007
12929, 0.0, -0.1999999999999993
12930, 0.0, -0.1999999999999993
12931, 0.0, -0.10000000000000142
12932, 0.0, -0.1999999999999993
12933, 0.0, -0.1999999999999993
12934, 0.0, -0.10000000000000142
12935, 0.0, -0.1999999999999993
12936, 0.0, -0.1999999999999993
12937, 0.0, -0.1999999999999993
12938, 0.0, -0.10000000000000142
12939, 0.0, -0.10000000000000142
12940, 0.0, -0.1999999999999993
12941, 0.0, -0.10000000000000142
12942, 0.0, -0.1999999999999993
12943, 0.0, -0.1999999999999993
12944, 0.0, -0.10000000000000142
12945, 0.0, -0.10000000000000142
12946, 0.0, -0.10000000000000142
12947, 0.0, -0.10000000000000142
12948, 0.0, 0.0
12949, 0.0, -0.10000000000000142
12950, 0.0, 0.0
12951, 0.0, 0.0
12952, 0.0, 0.0
12953, 0.0, 0.0
12954, 0.0, 0.0
12955, 0.0, 0.09999999999999787
12956, 0.0, 0.09999999999999787
12957, 0.0, 0.0
12958, 0.0, 0.0
12959, 0.0, 0.09999999999999787
12960, 0.0, 0.09999999999999787
12961, 0.0, 0.09999999999999787
12962, 0.0, 0.09999999999999787
12963, 0.0, 0.09999999999999787
12964, 0.0, 0.0
12965, 0.0, 0.09999999999999787
12966, 0.0, 0.09999999999999787
12967, 0.0, 0.0
12968, 0.0, 0.09999999999999787
12969, 0.0, 0.09999999999999787
12970, 0.0, 0.1999999999999993
12971, 0.0, 0.1999999999999993
12972, 0.0, 0.09999999999999787
12973, 0.0, 0.1999999999999993
12974, 0.0, 0.09999999999999787
12975, 0.0, 0.09999999999999787
12976, 0.0, 0.09999999999999787
12977, 0.0, 0.09999999999999787
12978, 0.0, 0.09999999999999787
12979, 0.0, 0.1999999999999993
12980, 0.0, 0.09999999999999787
12981, 0.0, 0.09999999999999787
12982, 0.0, 0.1999999999999993
12983, 0.0, 0.09999999999999787
12984, 0.0, 0.0
12985, 0.0, 0.0
12986, 0.0, 0.09999999999999787
12987, 0.0, 0.0
12988, 0.0, 0.0
12989, 0.0, 0.09999999999999787
12990, 0.0, 0.09999999999999787
12991, 0.0, 0.0
12992, 0.0, 0.0
12993, 0.0, 0.0
12994, 0.0, 0.0
12995, 0.0, 0.0
12996, 0.0, 0.0
12997, 0.10000000000000142, 0.0
12998, 0.10000000000000142, 0.0
12999, 0.10000000000000142, 0.0
13000, 0.10000000000000142, 0.0
13001, 0.10000000000000142, 0.0
13002, 0.10000000000000142, 0.0
13003, 0.10000000000000142, 0.0
13004, 0.10000000000000142, 0.0
13005, 0.10000000000000142, -0.10000000000000142
13006, 0.10000000000000142, -0.10000000000000142
13007, 0.10000000000000142, -0.10000000000000142
13008, 0.10000000000000142, -0.10000000000000142
13009, 0.10000000000000142, -0.10000000000000142
13010, 0.10000000000000142, -0.10000000000000142
13011, 0.10000000000000142, -0.10000000000000142
13012, 0.10000000000000142, -0.10000000000000142
13013, 0.10000000000000142, -0.10000000000000142
13014, 0.10000000000000142, -0.10000000000000142
13015, 0.10000000000000142, -0.10000000000000142
13016, 0.10000000000000142, -0.10000000000000142
13017, 0.10000000000000142, -0.10000000000000142
13018, 0.10000000000000142, -0.10000000000000142
13019, 0.10000000000000142, 0.0
13020, 0.10000000000000142, 0.0
13021, 0.10000000000000142, 0.0
13022, 0.10000000000000142, 0.0
13023, 0.10000000000000142, -0.10000000000000142
13024, 0.10000000000000142, -0.10000000000000142
13025, 0.10000000000000142, -0.10000000000000142
13026, 0.10000000000000142, 0.0
13027, 0.10000000000000142, 0.0
13028, 0.10000000000000142, 0.0
13029, 0.10000000000000142, 0.0
13030, 0.10000000000000142, 0.0
13031, 0.10000000000000142, 0.0
13032, 0.10000000000000142, 0.0
13033, 0.10000000000000142, 0.0
13034, 0.10000000000000142, 0.0
13035, 0.0, 0.0
13036, 0.0, 0.0
13037, 0.0, 0.09999999999999787
13038, 0.0, 0.0
13039, 0.0, 0.09999999999999787
13040, 0.0, 0.09999999999999787
13041, 0.0, 0.0
13042, 0.0, 0.09999999999999787
13043, 0.0, 0.09999999999999787
13044, 0.0, 0.09999999999999787
13045, 0.0, 0.09999999999999787
13046, 0.0, 0.09999999999999787
13047, 0.0, 0.09999999999999787
13048, 0.0, 0.09999999999999787
13049, 0.0, 0.09999999999999787
13050, 0.0, 0.09999999999999787
13051, 0.0, 0.09999999999999787
13052, 0.0, 0.09999999999999787
13053, 0.0, 0.0
13054, 0.0, 0.09999999999999787
13055, 0.0, 0.09999999999999787
13056, 0.0, 0.09999999999999787
13057, 0.10000000000000142, 0.09999999999999787
13058, 0.10000000000000142, 0.09999999999999787
13059, 0.10000000000000142, 0.09999999999999787
13060, 0.10000000000000142, 0.0
13061, 0.10000000000000142, 0.09999999999999787
13062, 0.10000000000000142, 0.09999999999999787
13063, 0.1999999999999993, 0.09999999999999787
13064, 0.1999999999999993, 0.0
13065, 0.1999999999999993, 0.0
13066, 0.1999999999999993, 0.0
13067, 0.1999999999999993, 0.0
13068, 0.1999999999999993, 0.0
13069, 0.1999999999999993, 0.0
13070, 0.1999999999999993, -0.10000000000000142
13071, 0.1999999999999993, -0.10000000000000142
13072, 0.1999999999999993, 0.0
13073, 0.1999999999999993, -0.10000000000000142
13074, 0.1999999999999993, -0.10000000000000142
13075, 0.1999999999999993, -0.10000000000000142
13076, 0.1999999999999993, -0.10000000000000142
13077, 0.1999999999999993, -0.1999999999999993
13078, 0.1999999999999993, -0.10000000000000142
13079, 0.1999999999999993, -0.1999999999999993
13080, 0.1999999999999993, -0.10000000000000142
13081, 0.1999999999999993, -0.1999999999999993
13082, 0.1999999999999993, -0.1999999999999993
13083, 0.1999999999999993, -0.10000000000000142
13084, 0.1999999999999993, -0.1999999999999993
13085, 0.1999999999999993, -0.10000000000000142
13086, 0.10000000000000142, -0.1999999999999993
13087, 0.10000000000000142, -0.10000000000000142
13088, 0.10000000000000142, -0.1999999999999993
13089, 0.10000000000000142, -0.1999999999999993
13090, 0.10000000000000142, -0.1999999999999993
13091, 0.10000000000000142, -0.1999999999999993
13092, 0.10000000000000142, -0.1999999999999993
13093, 0.10000000000000142, -0.1999999999999993
13094, 0.10000000000000142, -0.1999999999999993
13095, 0.10000000000000142, -0.10000000000000142
13096, 0.10000000000000142, -0.1999999999999993
13097, 0.10000000000000142, -0.10000000000000142
13098, 0.10000000000000142, -0.1999999999999993
13099, 0.10000000000000142, -0.10000000000000142
13100, 0.10000000000000142, -0.1999999999999993
13101, 0.10000000000000142, -0.10000000000000142
13102, 0.10000000000000142, 0.0
13103, 0.1999999999999993, -0.10000000000000142
13104, 0.1999999999999993, 0.0
13105, 0.1999999999999993, -0.1999999999999993
13106, 0.1999999999999993, -0.10000000000000142
13107, 0.10000000000000142, 0.0
13108, 0.10000000000000142, -0.10000000000000142
13109, 0.10000000000000142, 0.0
13110, 0.10000000000000142, 0.0
13111, 0.10000000000000142, 0.0
13112, 0.10000000000000142, 0.09999999999999787
13113, 0.10000000000000142, 0.0
13114, 0.10000000000000142, 0.0
13115, 0.10000000000000142, 0.0
13116, 0.10000000000000142, 0.0
13117, 0.10000000000000142, 0.09999999999999787
13118, 0.10000000000000142, 0.0
13119, 0.10000000000000142, 0.09999999999999787
13120, 0.10000000000000142, 0.09999999999999787
13121, 0.10000000000000142, 0.09999999999999787
13122, 0.10000000000000142, 0.1999999999999993
13123, 0.10000000000000142, 0.09999999999999787
13124, 0.10000000000000142, 0.1999999999999993
13125, 0.10000000000000142, 0.09999999999999787
13126, 0.10000000000000142, 0.1999999999999993
13127, 0.10000000000000142, 0.09999999999999787
13128, 0.10000000000000142, 0.1999999999999993
13129, 0.10000000000000142, 0.09999999999999787
13130, 0.10000000000000142, 0.1999999999999993
13131, 0.10000000000000142, 0.09999999999999787
13132, 0.10000000000000142, 0.0
13133, 0.10000000000000142, 0.09999999999999787
13134, 0.10000000000000142, 0.09999999999999787
13135, 0.10000000000000142, 0.09999999999999787
13136, 0.10000000000000142, 0.09999999999999787
13137, 0.10000000000000142, 0.0
13138, 0.10000000000000142, 0.0
13139, 0.10000000000000142, -0.10000000000000142
13140, 0.10000000000000142, 0.09999999999999787
13141, 0.10000000000000142, 0.0
13142, 0.10000000000000142, -0.10000000000000142
13143, 0.10000000000000142, -0.10000000000000142
13144, 0.10000000000000142, -0.1999999999999993
13145, 0.10000000000000142, 0.0
13146, 0.10000000000000142, -0.10000000000000142
13147, 0.10000000000000142, -0.10000000000000142
13148, 0.10000000000000142, -0.10000000000000142
13149, 0.10000000000000142, -0.1999999999999993
13150, 0.10000000000000142, -0.10000000000000142
13151, 0.10000000000000142, -0.1999999999999993
13152, 0.10000000000000142, -0.1999999999999993
13153, 0.10000000000000142, -0.1999999999999993
13154, 0.10000000000000142, -0.3000000000000007
13155, 0.10000000000000142, -0.3000000000000007
13156, 0.10000000000000142, -0.40000000000000213
13157, 0.10000000000000142, -0.40000000000000213
13158, 0.10000000000000142, -0.40000000000000213
13159, 0.10000000000000142, -0.40000000000000213
13160, 0.10000000000000142, -0.40000000000000213
13161, 0.10000000000000142, -0.5
13162, 0.10000000000000142, -0.5
13163, 0.10000000000000142, -0.5
13164, 0.10000000000000142, -0.5
13165, 0.10000000000000142, -0.5
13166, 0.10000000000000142, -0.5
13167, 0.10000000000000142, -0.5
13168, 0.10000000000000142, -0.5
13169, 0.10000000000000142, -0.6000000000000014
13170, 0.10000000000000142, -0.6000000000000014
13171, 0.10000000000000142, -0.6000000000000014
13172, 0.10000000000000142, -0.5
13173, 0.10000000000000142, -0.6000000000000014
13174, 0.10000000000000142, -0.5
13175, 0.10000000000000142, -0.6000000000000014
13176, 0.10000000000000142, -0.5
13177, 0.10000000000000142, -0.5
13178, 0.10000000000000142, -0.40000000000000213
13179, 0.10000000000000142, -0.5
13180, 0.10000000000000142, -0.5
13181, 0.10000000000000142, -0.5
13182, 0.10000000000000142, -0.40000000000000213
13183, 0.10000000000000142, -0.40000000000000213
13184, 0.10000000000000142, -0.3000000000000007
13185, 0.10000000000000142, -0.3000000000000007
13186, 0.10000000000000142, -0.40000000000000213
13187, 0.10000000000000142, -0.3000000000000007
13188, 0.10000000000000142, -0.3000000000000007
13189, 0.10000000000000142, -0.1999999999999993
13190, 0.10000000000000142, -0.1999999999999993
13191, 0.10000000000000142, -0.10000000000000142
13192, 0.10000000000000142, -0.1999999999999993
13193, 0.10000000000000142, -0.10000000000000142
13194, 0.10000000000000142, -0.1999999999999993
13195, 0.10000000000000142, -0.10000000000000142
13196, 0.10000000000000142, -0.10000000000000142
13197, 0.10000000000000142, 0.0
13198, 0.10000000000000142, 0.0
13199, 0.10000000000000142, 0.09999999999999787
13200, 0.10000000000000142, 0.09999999999999787
13201, 0.10000000000000142, 0.0
13202, 0.10000000000000142, 0.09999999999999787
13203, 0.10000000000000142, 0.09999999999999787
13204, 0.10000000000000142, 0.09999999999999787
13205, 0.10000000000000142, 0.1999999999999993
13206, 0.10000000000000142, 0.1999999999999993
13207, 0.10000000000000142, 0.09999999999999787
13208, 0.10000000000000142, 0.09999999999999787
13209, 0.10000000000000142, 0.1999999999999993
13210, 0.10000000000000142, 0.1999999999999993
13211, 0.10000000000000142, 0.1999999999999993
13212, 0.10000000000000142, 0.1999999999999993
13213, 0.10000000000000142, 0.09999999999999787
13214, 0.10000000000000142, 0.09999999999999787
13215, 0.10000000000000142, 0.09999999999999787
13216, 0.10000000000000142, 0.09999999999999787
13217, 0.10000000000000142, 0.09999999999999787
13218, 0.10000000000000142, 0.0
13219, 0.10000000000000142, 0.09999999999999787
13220, 0.10000000000000142, 0.09999999999999787
13221, 0.10000000000000142, 0.09999999999999787
13222, 0.10000000000000142, 0.0
13223, 0.10000000000000142, 0.0
13224, 0.10000000000000142, 0.0
13225, 0.10000000000000142, 0.09999999999999787
13226, 0.10000000000000142, 0.0
13227, 0.10000000000000142, 0.0
13228, 0.10000000000000142, 0.0
13229, 0.10000000000000142, 0.0
13230, 0.10000000000000142, 0.0
13231, 0.10000000000000142, 0.0
13232, 0.10000000000000142, 0.0
13233, 0.10000000000000142, 0.0
13234, 0.10000000000000142, 0.0
13235, 0.10000000000000142, 0.0
13236, 0.10000000000000142, 0.0
13237, 0.10000000000000142, 0.0
13238, 0.10000000000000142, 0.0
13239, 0.10000000000000142, 0.0
13240, 0.10000000000000142, -0.10000000000000142
13241, 0.10000000000000142, -0.10000000000000142
13242, 0.10000000000000142, -0.10000000000000142
13243, 0.10000000000000142, -0.10000000000000142
13244, 0.10000000000000142, 0.0
13245, 0.10000000000000142, -0.10000000000000142
13246, 0.10000000000000142, -0.10000000000000142
13247, 0.10000000000000142, 0.0
13248, 0.10000000000000142, -0.10000000000000142
13249, 0.10000000000000142, -0.10000000000000142
13250, 0.10000000000000142, -0.10000000000000142
13251, 0.10000000000000142, -0.10000000000000142
13252, 0.10000000000000142, -0.10000000000000142
13253, 0.10000000000000142, -0.10000000000000142
13254, 0.10000000000000142, -0.10000000000000142
13255, 0.10000000000000142, -0.10000000000000142
13256, 0.10000000000000142, -0.1999999999999993
13257, 0.1999999999999993, -0.10000000000000142
13258, 0.1999999999999993, -0.10000000000000142
13259, 0.1999999999999993, -0.1999999999999993
13260, 0.1999999999999993, -0.10000000000000142
13261, 0.1999999999999993, -0.10000000000000142
13262, 0.1999999999999993, -0.10000000000000142
13263, 0.1999999999999993, -0.10000000000000142
13264, 0.1999999999999993, 0.0
13265, 0.1999999999999993, -0.10000000000000142
13266, 0.1999999999999993, 0.0
13267, 0.1999999999999993, -0.10000000000000142
13268, 0.1999999999999993, -0.10000000000000142
13269, 0.1999999999999993, -0.10000000000000142
13270, 0.1999999999999993, -0.10000000000000142
13271, 0.1999999999999993, -0.10000000000000142
13272, 0.1999999999999993, -0.10000000000000142
13273, 0.1999999999999993, -0.10000000000000142
13274, 0.1999999999999993, -0.10000000000000142
13275, 0.1999999999999993, 0.0
13276, 0.10000000000000142, -0.10000000000000142
13277, 0.10000000000000142, 0.0
13278, 0.10000000000000142, 0.0
13279, 0.10000000000000142, 0.0
13280, 0.10000000000000142, 0.0
13281, 0.10000000000000142, 0.09999999999999787
13282, 0.10000000000000142, 0.0
13283, 0.10000000000000142, 0.0
13284, 0.10000000000000142, 0.0
13285, 0.10000000000000142, 0.0
13286, 0.10000000000000142, 0.0
13287, 0.10000000000000142, 0.0
13288, 0.10000000000000142, 0.0
13289, 0.10000000000000142, 0.0
13290, 0.10000000000000142, 0.0
13291, 0.10000000000000142, 0.0
13292, 0.10000000000000142, 0.0
13293, 0.10000000000000142, 0.0
13294, 0.10000000000000142, 0.09999999999999787
13295, 0.10000000000000142, 0.0
13296, 0.10000000000000142, 0.0
13297, 0.10000000000000142, 0.0
13298, 0.10000000000000142, 0.0
13299, 0.10000000000000142, 0.09999999999999787
13300, 0.10000000000000142, 0.0
13301, 0.10000000000000142, 0.0
13302, 0.10000000000000142, 0.0
13303, 0.10000000000000142, 0.0
13304, 0.10000000000000142, 0.0
13305, 0.10000000000000142, 0.0
13306, 0.10000000000000142, 0.0
13307, 0.10000000000000142, 0.0
13308, 0.10000000000000142, 0.0
13309, 0.10000000000000142, 0.0
13310, 0.10000000000000142, 0.0
13311, 0.10000000000000142, 0.0
13312, 0.10000000000000142, 0.0
13313, 0.10000000000000142, 0.0
13314, 0.10000000000000142, 0.0
13315, 0.10000000000000142, 0.0
13316, 0.10000000000000142, 0.0
13317, 0.10000000000000142, 0.09999999999999787
13318, 0.10000000000000142, 0.09999999999999787
13319, 0.10000000000000142, 0.0
13320, 0.10000000000000142, 0.09999999999999787
13321, 0.10000000000000142, 0.09999999999999787
13322, 0.10000000000000142, 0.09999999999999787
13323, 0.10000000000000142, 0.09999999999999787
13324, 0.10000000000000142, 0.09999999999999787
13325, 0.10000000000000142, 0.09999999999999787
13326, 0.10000000000000142, 0.09999999999999787
13327, 0.10000000000000142, 0.09999999999999787
13328, 0.10000000000000142, 0.09999999999999787
13329, 0.10000000000000142, 0.09999999999999787
13330, 0.10000000000000142, 0.09999999999999787
13331, 0.10000000000000142, 0.09999999999999787
13332, 0.10000000000000142, 0.09999999999999787
13333, 0.10000000000000142, 0.09999999999999787
13334, 0.10000000000000142, 0.1999999999999993
13335, 0.10000000000000142, 0.1999999999999993
13336, 0.10000000000000142, 0.09999999999999787
13337, 0.10000000000000142, 0.09999999999999787
13338, 0.10000000000000142, 0.09999999999999787
13339, 0.10000000000000142, 0.1999999999999993
13340, 0.10000000000000142, 0.1999999999999993
13341, 0.10000000000000142, 0.09999999999999787
13342, 0.10000000000000142, 0.09999999999999787
13343, 0.10000000000000142, 0.09999999999999787
13344, 0.10000000000000142, 0.09999999999999787
13345, 0.10000000000000142, 0.09999999999999787
13346, 0.10000000000000142, 0.1999999999999993
13347, 0.10000000000000142, 0.09999999999999787
13348, 0.10000000000000142, 0.09999999999999787
13349, 0.10000000000000142, 0.09999999999999787
13350, 0.10000000000000142, 0.09999999999999787
13351, 0.10000000000000142, 0.09999999999999787
13352, 0.10000000000000142, 0.09999999999999787
13353, 0.1999999999999993, 0.09999999999999787
13354, 0.1999999999999993, 0.09999999999999787
13355, 0.1999999999999993, 0.09999999999999787
13356, 0.1999999999999993, 0.09999999999999787
13357, 0.1999999999999993, 0.09999999999999787
13358, 0.1999999999999993, 0.09999999999999787
13359, 0.1999999999999993, 0.09999999999999787
13360, 0.1999999999999993, 0.09999999999999787
13361, 0.1999999999999993, 0.09999999999999787
13362, 0.1999999999999993, 0.09999999999999787
13363, 0.1999999999999993, 0.09999999999999787
13364, 0.1999999999999993, 0.09999999999999787
13365, 0.1999999999999993, 0.09999999999999787
13366, 0.1999999999999993, 0.09999999999999787
13367, 0.10000000000000142, 0.09999999999999787
13368, 0.10000000000000142, 0.09999999999999787
13369, 0.10000000000000142, 0.09999999999999787
13370, 0.10000000000000142, 0.09999999999999787
13371, 0.10000000000000142, 0.09999999999999787
13372, 0.10000000000000142, 0.0
13373, 0.10000000000000142, 0.0
13374, 0.10000000000000142, 0.0
13375, 0.10000000000000142, 0.0
13376, 0.10000000000000142, 0.0
13377, 0.10000000000000142, 0.0
13378, 0.10000000000000142, 0.0
13379, 0.10000000000000142, 0.0
13380, 0.10000000000000142, 0.0
13381, 0.10000000000000142, 0.0
13382, 0.10000000000000142, 0.0
13383, 0.10000000000000142, 0.0
13384, 0.10000000000000142, -0.10000000000000142
13385, 0.10000000000000142, -0.10000000000000142
13386, 0.10000000000000142, -0.10000000000000142
13387, 0.10000000000000142, -0.10000000000000142
13388, 0.10000000000000142, -0.10000000000000142
13389, 0.10000000000000142, -0.10000000000000142
13390, 0.10000000000000142, -0.10000000000000142
13391, 0.10000000000000142, -0.10000000000000142
13392, 0.10000000000000142, 0.0
13393, 0.10000000000000142, 0.0
13394, 0.10000000000000142, 0.0
13395, 0.10000000000000142, 0.0
13396, 0.10000000000000142, 0.0
13397, 0.10000000000000142, -0.10000000000000142
13398, 0.0, -0.10000000000000142
13399, 0.0, -0.10000000000000142
13400, 0.0, 0.0
13401, 0.0, 0.0
13402, 0.0, -0.10000000000000142
13403, 0.0, -0.10000000000000142
13404, 0.0, -0.10000000000000142
13405, 0.0, -0.10000000000000142
13406, 0.0, -0.10000000000000142
13407, 0.0, -0.10000000000000142
13408, 0.0, 0.0
13409, 0.0, 0.0
13410, 0.0, 0.0
13411, 0.0, -0.10000000000000142
13412, 0.0, -0.10000000000000142
13413, 0.0, 0.0
13414, 0.0, 0.0
13415, 0.10000000000000142, 0.0
13416, 0.10000000000000142, -0.10000000000000142
13417, 0.10000000000000142, 0.0
13418, 0.10000000000000142, 0.0
13419, 0.10000000000000142, 0.0
13420, 0.10000000000000142, 0.0
13421, 0.10000000000000142, 0.0
13422, 0.10000000000000142, 0.0
13423, 0.10000000000000142, 0.0
13424, 0.10000000000000142, 0.0
13425, 0.1999999999999993, 0.0
13426, 0.1999999999999993, 0.0
13427, 0.1999999999999993, 0.0
13428, 0.1999999999999993, 0.0
13429, 0.1999999999999993, 0.0
13430, 0.1999999999999993, 0.0
13431, 0.1999999999999993, 0.0
13432, 0.1999999999999993, 0.0
13433, 0.1999999999999993, 0.0
13434, 0.1999999999999993, 0.0
13435, 0.1999999999999993, 0.0
13436, 0.1999999999999993, 0.0
13437, 0.1999999999999993, 0.0
13438, 0.1999999999999993, 0.09999999999999787
13439, 0.1999999999999993, 0.0
13440, 0.1999999999999993, 0.0
13441, 0.1999999999999993, 0.09999999999999787
13442, 0.1999999999999993, 0.09999999999999787
13443, 0.1999999999999993, 0.09999999999999787
13444, 0.1999999999999993, 0.09999999999999787
13445, 0.1999999999999993, 0.09999999999999787
13446, 0.1999999999999993, 0.09999999999999787
13447, 0.1999999999999993, 0.09999999999999787
13448, 0.1999999999999993, 0.09999999999999787
13449, 0.1999999999999993, 0.09999999999999787
13450, 0.1999999999999993, 0.09999999999999787
13451, 0.1999999999999993, 0.09999999999999787
13452, 0.1999999999999993, 0.1999999999999993
13453, 0.1999999999999993, 0.09999999999999787
13454, 0.1999999999999993, 0.1999999999999993
13455, 0.1999999999999993, 0.09999999999999787
13456, 0.1999999999999993, 0.09999999999999787
13457, 0.1999999999999993, 0.1999999999999993
13458, 0.1999999999999993, 0.09999999999999787
13459, 0.1999999999999993, 0.09999999999999787
13460, 0.10000000000000142, 0.0
13461, 0.10000000000000142, 0.0
13462, 0.10000000000000142, 0.09999999999999787
13463, 0.10000000000000142, 0.0
13464, 0.10000000000000142, 0.09999999999999787
13465, 0.10000000000000142, 0.09999999999999787
13466, 0.10000000000000142, 0.0
13467, 0.10000000000000142, 0.09999999999999787
13468, 0.10000000000000142, 0.0
13469, 0.10000000000000142, 0.0
13470, 0.10000000000000142, 0.0
13471, 0.10000000000000142, 0.0
13472, 0.10000000000000142, 0.0
13473, 0.10000000000000142, 0.0
13474, 0.10000000000000142, 0.0
13475, 0.10000000000000142, -0.10000000000000142
13476, 0.10000000000000142, -0.10000000000000142
13477, 0.10000000000000142, -0.10000000000000142
13478, 0.10000000000000142, -0.10000000000000142
13479, 0.10000000000000142, -0.10000000000000142
13480, 0.10000000000000142, 0.0
13481, 0.10000000000000142, -0.10000000000000142
13482, 0.10000000000000142, -0.10000000000000142
13483, 0.10000000000000142, -0.10000000000000142
13484, 0.10000000000000142, -0.10000000000000142
13485, 0.10000000000000142, -0.10000000000000142
13486, 0.10000000000000142, -0.10000000000000142
13487, 0.10000000000000142, -0.10000000000000142
13488, 0.10000000000000142, -0.10000000000000142
13489, 0.10000000000000142, -0.10000000000000142
13490, 0.10000000000000142, -0.10000000000000142
13491, 0.10000000000000142, -0.10000000000000142
13492, 0.10000000000000142, -0.10000000000000142
13493, 0.10000000000000142, -0.10000000000000142
13494, 0.10000000000000142, -0.10000000000000142
13495, 0.10000000000000142, -0.10000000000000142
13496, 0.10000000000000142, -0.10000000000000142
13497, 0.10000000000000142, -0.10000000000000142
13498, 0.10000000000000142, -0.1999999999999993
13499, 0.10000000000000142, -0.1999999999999993
13500, 0.10000000000000142, -0.1999999999999993
13501, 0.10000000000000142, -0.1999999999999993
13502, 0.10000000000000142, -0.1999999999999993
13503, 0.10000000000000142, -0.1999999999999993
13504, 0.10000000000000142, -0.1999999999999993
13505, 0.10000000000000142, -0.1999999999999993
13506, 0.10000000000000142, -0.10000000000000142
13507, 0.10000000000000142, -0.10000000000000142
13508, 0.10000000000000142, -0.10000000000000142
13509, 0.10000000000000142, -0.10000000000000142
13510, 0.10000000000000142, -0.10000000000000142
13511, 0.10000000000000142, -0.1999999999999993
13512, 0.10000000000000142, -0.1999999999999993
13513, 0.10000000000000142, -0.1999999999999993
13514, 0.10000000000000142, -0.10000000000000142
13515, 0.10000000000000142, -0.1999999999999993
13516, 0.10000000000000142, -0.10000000000000142
13517, 0.10000000000000142, -0.10000000000000142
13518, 0.10000000000000142, -0.1999999999999993
13519, 0.10000000000000142, -0.10000000000000142
13520, 0.10000000000000142, -0.10000000000000142
13521, 0.10000000000000142, -0.1999999999999993
13522, 0.10000000000000142, -0.10000000000000142
13523, 0.10000000000000142, -0.10000000000000142
13524, 0.10000000000000142, -0.10000000000000142
13525, 0.10000000000000142, -0.10000000000000142
13526, 0.10000000000000142, -0.10000000000000142
13527, 0.10000000000000142, 0.0
13528, 0.10000000000000142, 0.0
13529, 0.10000000000000142, -0.1999999999999993
13530, 0.10000000000000142, -0.10000000000000142
13531, 0.10000000000000142, -0.10000000000000142
13532, 0.10000000000000142, -0.10000000000000142
13533, 0.10000000000000142, -0.1999999999999993
13534, 0.10000000000000142, -0.10000000000000142
13535, 0.10000000000000142, -0.10000000000000142
13536, 0.10000000000000142, -0.10000000000000142
13537, 0.10000000000000142, -0.10000000000000142
13538, 0.10000000000000142, -0.10000000000000142
13539, 0.10000000000000142, -0.1999999999999993
13540, 0.10000000000000142, -0.10000000000000142
13541, 0.10000000000000142, -0.10000000000000142
13542, 0.10000000000000142, -0.10000000000000142
13543, 0.10000000000000142, -0.10000000000000142
13544, 0.10000000000000142, -0.10000000000000142
13545, 0.10000000000000142, -0.1999999999999993
13546, 0.10000000000000142, -0.10000000000000142
13547, 0.10000000000000142, -0.10000000000000142
13548, 0.10000000000000142, -0.10000000000000142
13549, 0.10000000000000142, -0.10000000000000142
13550, 0.10000000000000142, -0.10000000000000142
13551, 0.10000000000000142, -0.10000000000000142
13552, 0.10000000000000142, 0.0
13553, 0.10000000000000142, -0.1999999999999993
13554, 0.10000000000000142, -0.1999999999999993
13555, 0.10000000000000142, -0.10000000000000142
13556, 0.10000000000000142, -0.10000000000000142
13557, 0.10000000000000142, -0.1999999999999993
13558, 0.10000000000000142, -0.10000000000000142
13559, 0.10000000000000142, -0.10000000000000142
13560, 0.10000000000000142, -0.10000000000000142
13561, 0.10000000000000142, -0.10000000000000142
13562, 0.10000000000000142, -0.10000000000000142
13563, 0.10000000000000142, -0.10000000000000142
13564, 0.10000000000000142, -0.10000000000000142
13565, 0.10000000000000142, -0.10000000000000142
13566, 0.10000000000000142, 0.0
13567, 0.10000000000000142, -0.10000000000000142
13568, 0.10000000000000142, -0.10000000000000142
13569, 0.10000000000000142, -0.10000000000000142
13570, 0.10000000000000142, -0.10000000000000142
13571, 0.10000000000000142, -0.10000000000000142
13572, 0.10000000000000142, -0.10000000000000142
13573, 0.10000000000000142, -0.10000000000000142
13574, 0.10000000000000142, -0.1999999999999993
13575, 0.10000000000000142, -0.10000000000000142
13576, 0.1999999999999993, -0.10000000000000142
13577, 0.1999999999999993, -0.1999999999999993
13578, 0.1999999999999993, -0.10000000000000142
13579, 0.1999999999999993, -0.1999999999999993
13580, 0.1999999999999993, -0.10000000000000142
13581, 0.1999999999999993, -0.10000000000000142
13582, 0.1999999999999993, -0.10000000000000142
13583, 0.1999999999999993, -0.10000000000000142
13584, 0.1999999999999993, -0.10000000000000142
13585, 0.1999999999999993, -0.10000000000000142
13586, 0.1999999999999993, -0.1999999999999993
13587, 0.1999999999999993, -0.10000000000000142
13588, 0.1999999999999993, -0.1999999999999993
13589, 0.1999999999999993, -0.1999999999999993
13590, 0.1999999999999993, -0.1999999999999993
13591, 0.1999999999999993, -0.10000000000000142
13592, 0.1999999999999993, -0.10000000000000142
13593, 0.1999999999999993, -0.10000000000000142
13594, 0.1999999999999993, -0.10000000000000142
13595, 0.1999999999999993, -0.1999999999999993
13596, 0.1999999999999993, -0.10000000000000142
13597, 0.1999999999999993, -0.10000000000000142
13598, 0.1999999999999993, -0.10000000000000142
13599, 0.1999999999999993, -0.10000000000000142
13600, 0.1999999999999993, -0.10000000000000142
13601, 0.1999999999999993, -0.10000000000000142
13602, 0.1999999999999993, -0.10000000000000142
13603, 0.1999999999999993, -0.10000000000000142
13604, 0.1999999999999993, -0.10000000000000142
13605, 0.1999999999999993, -0.10000000000000142
13606, 0.1999999999999993, -0.10000000000000142
13607, 0.1999999999999993, -0.10000000000000142
13608, 0.1999999999999993, -0.10000000000000142
13609, 0.1999999999999993, -0.10000000000000142
13610, 0.1999999999999993, -0.10000000000000142
13611, 0.1999999999999993, -0.10000000000000142
13612, 0.1999999999999993, -0.10000000000000142
13613, 0.1999999999999993, -0.10000000000000142
13614, 0.1999999999999993, -0.10000000000000142
13615, 0.1999999999999993, -0.10000000000000142
13616, 0.1999999999999993, -0.10000000000000142
13617, 0.1999999999999993, -0.10000000000000142
13618, 0.1999999999999993, -0.10000000000000142
13619, 0.1999999999999993, 0.0
13620, 0.1999999999999993, 0.0
13621, 0.1999999999999993, 0.0
13622, 0.1999999999999993, -0.10000000000000142
13623, 0.1999999999999993, 0.0
13624, 0.1999999999999993, 0.0
13625, 0.1999999999999993, 0.0
13626, 0.1999999999999993, 0.09999999999999787
13627, 0.1999999999999993, 0.09999999999999787
13628, 0.1999999999999993, 0.09999999999999787
13629, 0.1999999999999993, 0.0
13630, 0.1999999999999993, 0.09999999999999787
13631, 0.10000000000000142, 0.09999999999999787
13632, 0.10000000000000142, 0.09999999999999787
13633, 0.10000000000000142, 0.0
13634, 0.10000000000000142, 0.09999999999999787
13635, 0.10000000000000142, 0.09999999999999787
13636, 0.10000000000000142, 0.09999999999999787
13637, 0.10000000000000142, 0.09999999999999787
13638, 0.10000000000000142, 0.09999999999999787
13639, 0.10000000000000142, 0.09999999999999787
13640, 0.10000000000000142, 0.1999999999999993
13641, 0.10000000000000142, 0.09999999999999787
13642, 0.10000000000000142, 0.09999999999999787
13643, 0.10000000000000142, 0.09999999999999787
13644, 0.10000000000000142, 0.09999999999999787
13645, 0.10000000000000142, 0.09999999999999787
13646, 0.10000000000000142, 0.09999999999999787
13647, 0.10000000000000142, 0.09999999999999787
13648, 0.10000000000000142, 0.0
13649, 0.10000000000000142, 0.09999999999999787
13650, 0.10000000000000142, 0.0
13651, 0.10000000000000142, 0.09999999999999787
13652, 0.10000000000000142, 0.09999999999999787
13653, 0.10000000000000142, 0.0
13654, 0.10000000000000142, 0.09999999999999787
13655, 0.10000000000000142, 0.0
13656, 0.10000000000000142, 0.0
13657, 0.10000000000000142, 0.0
13658, 0.10000000000000142, 0.0
13659, 0.10000000000000142, 0.0
13660, 0.10000000000000142, 0.0
13661, 0.10000000000000142, 0.0
13662, 0.10000000000000142, -0.10000000000000142
13663, 0.10000000000000142, 0.0
13664, 0.10000000000000142, -0.10000000000000142
13665, 0.10000000000000142, -0.10000000000000142
13666, 0.10000000000000142, 0.0
13667, 0.10000000000000142, -0.10000000000000142
13668, 0.10000000000000142, 0.0
13669, 0.10000000000000142, 0.0
13670, 0.10000000000000142, -0.10000000000000142
13671, 0.10000000000000142, -0.10000000000000142
13672, 0.10000000000000142, -0.10000000000000142
13673, 0.10000000000000142, -0.10000000000000142
13674, 0.10000000000000142, -0.10000000000000142
13675, 0.10000000000000142, -0.10000000000000142
13676, 0.10000000000000142, 0.0
13677, 0.10000000000000142, 0.0
13678, 0.10000000000000142, 0.0
13679, 0.10000000000000142, 0.0
13680, 0.10000000000000142, 0.09999999999999787
13681, 0.10000000000000142, 0.0
13682, 0.10000000000000142, 0.0
13683, 0.10000000000000142, 0.0
13684, 0.10000000000000142, 0.09999999999999787
13685, 0.10000000000000142, 0.0
13686, 0.10000000000000142, 0.0
13687, 0.10000000000000142, 0.09999999999999787
13688, 0.0, 0.09999999999999787
13689, 0.0, 0.09999999999999787
13690, 0.0, 0.0
13691, 0.10000000000000142, 0.09999999999999787
13692, 0.10000000000000142, 0.09999999999999787
13693, 0.10000000000000142, 0.1999999999999993
13694, 0.10000000000000142, 0.1999999999999993
13695, 0.10000000000000142, 0.1999999999999993
13696, 0.10000000000000142, 0.1999999999999993
13697, 0.10000000000000142, 0.09999999999999787
13698, 0.10000000000000142, 0.09999999999999787
13699, 0.10000000000000142, 0.09999999999999787
13700, 0.10000000000000142, 0.09999999999999787
13701, 0.1999999999999993, 0.1999999999999993
13702, 0.1999999999999993, 0.1999999999999993
13703, 0.1999999999999993, 0.09999999999999787
13704, 0.1999999999999993, 0.1999999999999993
13705, 0.1999999999999993, 0.1999999999999993
13706, 0.1999999999999993, 0.1999999999999993
13707, 0.1999999999999993, 0.1999999999999993
13708, 0.1999999999999993, 0.1999999999999993
13709, 0.1999999999999993, 0.1999999999999993
13710, 0.1999999999999993, 0.1999999999999993
13711, 0.1999999999999993, 0.1999999999999993
13712, 0.1999999999999993, 0.1999999999999993
13713, 0.1999999999999993, 0.1999999999999993
13714, 0.1999999999999993, 0.1999999999999993
13715, 0.1999999999999993, 0.1999999999999993
13716, 0.1999999999999993, 0.09999999999999787
13717, 0.1999999999999993, 0.09999999999999787
13718, 0.10000000000000142, 0.09999999999999787
13719, 0.10000000000000142, 0.09999999999999787
13720, 0.10000000000000142, 0.09999999999999787
13721, 0.0, 0.09999999999999787
13722, 0.0, 0.09999999999999787
13723, 0.0, 0.0
13724, 0.0, 0.0
13725, 0.0, 0.0
13726, 0.0, 0.0
13727, 0.0, 0.0
13728, 0.0, 0.0
13729, 0.0, 0.09999999999999787
13730, 0.0, 0.0
13731, 0.0, 0.0
13732, 0.0, 0.0
13733, 0.0, -0.10000000000000142
13734, 0.0, -0.10000000000000142
13735, 0.0, 0.0
13736, 0.0, 0.0
13737, 0.0, 0.0
13738, 0.0, -0.10000000000000142
13739, 0.0, -0.10000000000000142
13740, 0.0, 0.0
13741, 0.0, 0.0
13742, 0.0, 0.0
13743, 0.0, -0.10000000000000142
13744, 0.0, 0.0
13745, 0.0, 0.0
13746, 0.0, -0.10000000000000142
13747, 0.0, -0.10000000000000142
13748, 0.0, 0.0
13749, 0.0, -0.10000000000000142
13750, 0.0, -0.10000000000000142
13751, 0.0, 0.0
13752, 0.0, 0.0
13753, 0.0, 0.0
13754, 0.0, -0.10000000000000142
13755, 0.10000000000000142, 0.0
13756, 0.10000000000000142, -0.10000000000000142
13757, 0.10000000000000142, 0.0
13758, 0.10000000000000142, 0.0
13759, 0.10000000000000142, 0.0
13760, 0.10000000000000142, -0.10000000000000142
13761, 0.10000000000000142, 0.0
13762, 0.10000000000000142, 0.0
13763, 0.10000000000000142, -0.10000000000000142
13764, 0.10000000000000142, 0.0
13765, 0.10000000000000142, -0.10000000000000142
13766, 0.10000000000000142, 0.0
13767, 0.10000000000000142, 0.0
13768, 0.10000000000000142, 0.0
13769, 0.10000000000000142, -0.10000000000000142
13770, 0.10000000000000142, 0.0
13771, 0.10000000000000142, 0.0
13772, 0.10000000000000142, -0.10000000000000142
13773, 0.10000000000000142, 0.0
13774, 0.10000000000000142, 0.0
13775, 0.10000000000000142, -0.10000000000000142
13776, 0.10000000000000142, 0.0
13777, 0.10000000000000142, 0.0
13778, 0.10000000000000142, -0.10000000000000142
13779, 0.10000000000000142, 0.0
13780, 0.10000000000000142, -0.10000000000000142
13781, 0.10000000000000142, -0.10000000000000142
13782, 0.10000000000000142, 0.0
13783, 0.10000000000000142, -0.10000000000000142
13784, 0.10000000000000142, -0.10000000000000142
13785, 0.10000000000000142, -0.10000000000000142
13786, 0.10000000000000142, -0.10000000000000142
13787, 0.10000000000000142, -0.10000000000000142
13788, 0.10000000000000142, -0.10000000000000142
13789, 0.10000000000000142, -0.10000000000000142
13790, 0.10000000000000142, -0.1999999999999993
13791, 0.1999999999999993, -0.1999999999999993
13792, 0.1999999999999993, -0.1999999999999993
13793, 0.1999999999999993, -0.1999999999999993
13794, 0.1999999999999993, -0.10000000000000142
13795, 0.1999999999999993, -0.1999999999999993
13796, 0.1999999999999993, -0.10000000000000142
13797, 0.1999999999999993, -0.1999999999999993
13798, 0.1999999999999993, -0.1999999999999993
13799, 0.1999999999999993, -0.1999999999999993
13800, 0.1999999999999993, -0.1999999999999993
13801, 0.1999999999999993, -0.1999999999999993
13802, 0.1999999999999993, -0.1999999999999993
13803, 0.1999999999999993, -0.1999999999999993
13804, 0.1999999999999993, -0.1999999999999993
13805, 0.1999999999999993, -0.1999999999999993
13806, 0.1999999999999993, -0.1999999999999993
13807, 0.1999999999999993, -0.1999999999999993
13808, 0.1999999999999993, -0.1999999999999993
13809, 0.1999999999999993, -0.1999999999999993
13810, 0.1999999999999993, -0.10000000000000142
13811, 0.10000000000000142, -0.10000000000000142
13812, 0.10000000000000142, -0.1999999999999993
13813, 0.10000000000000142, -0.10000000000000142
13814, 0.10000000000000142, -0.10000000000000142
13815, 0.10000000000000142, -0.10000000000000142
13816, 0.10000000000000142, -0.10000000000000142
13817, 0.10000000000000142, -0.10000000000000142
13818, 0.10000000000000142, -0.10000000000000142
13819, 0.10000000000000142, -0.10000000000000142
13820, 0.10000000000000142, -0.10000000000000142
13821, 0.10000000000000142, 0.0
13822, 0.10000000000000142, 0.0
13823, 0.10000000000000142, 0.0
13824, 0.10000000000000142, 0.0
13825, 0.10000000000000142, 0.0
13826, 0.10000000000000142, 0.0
13827, 0.10000000000000142, 0.0
13828, 0.10000000000000142, 0.0
13829, 0.10000000000000142, 0.0
13830, 0.10000000000000142, 0.0
13831, 0.10000000000000142, 0.0
13832, 0.10000000000000142, 0.09999999999999787
13833, 0.10000000000000142, 0.09999999999999787
13834, 0.10000000000000142, 0.09999999999999787
13835, 0.10000000000000142, 0.09999999999999787
13836, 0.10000000000000142, 0.09999999999999787
13837, 0.10000000000000142, 0.09999999999999787
13838, 0.10000000000000142, 0.0
13839, 0.10000000000000142, 0.09999999999999787
13840, 0.0, 0.0
13841, 0.0, 0.0
13842, 0.0, 0.09999999999999787
13843, 0.0, 0.0
13844, 0.0, 0.09999999999999787
13845, 0.0, 0.0
13846, 0.0, 0.0
13847, 0.0, 0.0
13848, 0.0, 0.0
13849, 0.0, 0.0
13850, 0.0, 0.0
13851, 0.10000000000000142, 0.0
13852, 0.10000000000000142, 0.0
13853, 0.10000000000000142, 0.09999999999999787
13854, 0.10000000000000142, 0.09999999999999787
13855, 0.10000000000000142, 0.0
13856, 0.10000000000000142, 0.09999999999999787
13857, 0.10000000000000142, 0.0
13858, 0.10000000000000142, 0.0
13859, 0.10000000000000142, -0.10000000000000142
13860, 0.10000000000000142, 0.0
13861, 0.10000000000000142, 0.0
13862, 0.10000000000000142, -0.10000000000000142
13863, 0.10000000000000142, 0.0
13864, 0.10000000000000142, 0.0
13865, 0.10000000000000142, -0.10000000000000142
13866, 0.10000000000000142, 0.0
13867, 0.10000000000000142, -0.10000000000000142
13868, 0.10000000000000142, -0.10000000000000142
13869, 0.10000000000000142, 0.0
13870, 0.10000000000000142, -0.10000000000000142
13871, 0.10000000000000142, 0.0
13872, 0.10000000000000142, 0.0
13873, 0.10000000000000142, -0.10000000000000142
13874, 0.10000000000000142, 0.0
13875, 0.10000000000000142, 0.0
13876, 0.10000000000000142, -0.10000000000000142
13877, 0.0, 0.0
13878, 0.10000000000000142, 0.0
13879, 0.10000000000000142, -0.10000000000000142
13880, 0.10000000000000142, 0.0
13881, 0.10000000000000142, 0.0
13882, 0.10000000000000142, 0.0
13883, 0.10000000000000142, 0.0
13884, 0.10000000000000142, -0.10000000000000142
13885, 0.10000000000000142, 0.0
13886, 0.10000000000000142, 0.0
13887, 0.10000000000000142, 0.0
13888, 0.10000000000000142, 0.0
13889, 0.10000000000000142, 0.0
13890, 0.10000000000000142, 0.0
13891, 0.10000000000000142, 0.0
13892, 0.10000000000000142, 0.0
13893, 0.10000000000000142, 0.0
13894, 0.10000000000000142, 0.0
13895, 0.10000000000000142, 0.0
13896, 0.10000000000000142, 0.0
13897, 0.10000000000000142, 0.0
13898, 0.10000000000000142, -0.10000000000000142
13899, 0.10000000000000142, 0.0
13900, 0.10000000000000142, -0.10000000000000142
13901, 0.10000000000000142, 0.0
13902, 0.10000000000000142, 0.0
13903, 0.10000000000000142, 0.09999999999999787
13904, 0.10000000000000142, 0.0
13905, 0.10000000000000142, 0.0
13906, 0.10000000000000142, 0.0
13907, 0.1999999999999993, 0.0
13908, 0.1999999999999993, 0.0
13909, 0.1999999999999993, 0.0
13910, 0.1999999999999993, -0.10000000000000142
13911, 0.1999999999999993, 0.0
13912, 0.1999999999999993, -0.10000000000000142
13913, 0.1999999999999993, 0.0
13914, 0.1999999999999993, -0.10000000000000142
13915, 0.1999999999999993, -0.10000000000000142
13916, 0.1999999999999993, -0.10000000000000142
13917, 0.1999999999999993, -0.10000000000000142
13918, 0.1999999999999993, -0.1999999999999993
13919, 0.1999999999999993, 0.0
13920, 0.10000000000000142, -0.10000000000000142
13921, 0.10000000000000142, 0.0
13922, 0.10000000000000142, -0.10000000000000142
13923, 0.10000000000000142, -0.10000000000000142
13924, 0.10000000000000142, -0.10000000000000142
13925, 0.10000000000000142, -0.10000000000000142
13926, 0.10000000000000142, -0.10000000000000142
13927, 0.10000000000000142, -0.10000000000000142
13928, 0.10000000000000142, -0.1999999999999993
13929, 0.10000000000000142, -0.10000000000000142
13930, 0.10000000000000142, -0.1999999999999993
13931, 0.10000000000000142, 0.0
13932, 0.10000000000000142, -0.10000000000000142
13933, 0.10000000000000142, -0.10000000000000142
13934, 0.10000000000000142, -0.10000000000000142
13935, 0.10000000000000142, -0.10000000000000142
13936, 0.10000000000000142, -0.10000000000000142
13937, 0.10000000000000142, -0.10000000000000142
13938, 0.10000000000000142, -0.1999999999999993
13939, 0.10000000000000142, -0.10000000000000142
13940, 0.10000000000000142, -0.1999999999999993
13941, 0.10000000000000142, -0.10000000000000142
13942, 0.10000000000000142, -0.1999999999999993
13943, 0.10000000000000142, 0.0
13944, 0.10000000000000142, -0.10000000000000142
13945, 0.10000000000000142, 0.0
13946, 0.10000000000000142, -0.10000000000000142
13947, 0.10000000000000142, -0.10000000000000142
13948, 0.10000000000000142, -0.10000000000000142
13949, 0.10000000000000142, -0.10000000000000142
13950, 0.10000000000000142, -0.10000000000000142
13951, 0.0, 0.0
13952, 0.0, -0.10000000000000142
13953, 0.0, 0.0
13954, 0.0, 0.0
13955, 0.0, 0.0
13956, 0.10000000000000142, 0.0
13957, 0.10000000000000142, 0.0
13958, 0.10000000000000142, 0.0
13959, 0.10000000000000142, 0.0
13960, 0.10000000000000142, 0.09999999999999787
13961, 0.10000000000000142, 0.0
13962, 0.10000000000000142, 0.09999999999999787
13963, 0.10000000000000142, 0.0
13964, 0.10000000000000142, 0.09999999999999787
13965, 0.10000000000000142, 0.09999999999999787
13966, 0.10000000000000142, 0.09999999999999787
13967, 0.10000000000000142, 0.0
13968, 0.10000000000000142, 0.0
13969, 0.10000000000000142, 0.0
13970, 0.10000000000000142, 0.09999999999999787
13971, 0.10000000000000142, 0.0
13972, 0.10000000000000142, 0.09999999999999787
13973, 0.10000000000000142, 0.09999999999999787
13974, 0.10000000000000142, 0.0
13975, 0.10000000000000142, 0.09999999999999787
13976, 0.10000000000000142, 0.09999999999999787
13977, 0.10000000000000142, 0.09999999999999787
13978, 0.10000000000000142, 0.09999999999999787
13979, 0.10000000000000142, 0.09999999999999787
13980, 0.10000000000000142, 0.09999999999999787
13981, 0.10000000000000142, 0.09999999999999787
13982, 0.10000000000000142, 0.0
13983, 0.10000000000000142, 0.09999999999999787
13984, 0.10000000000000142, 0.0
13985, 0.10000000000000142, 0.0
13986, 0.10000000000000142, 0.09999999999999787
13987, 0.10000000000000142, 0.0
13988, 0.10000000000000142, 0.0
13989, 0.10000000000000142, 0.09999999999999787
13990, 0.10000000000000142, 0.09999999999999787
13991, 0.10000000000000142, 0.0
13992, 0.10000000000000142, 0.0
13993, 0.10000000000000142, 0.0
13994, 0.10000000000000142, 0.09999999999999787
13995, 0.10000000000000142, 0.0
13996, 0.10000000000000142, 0.0
13997, 0.10000000000000142, 0.0
13998, 0.10000000000000142, 0.09999999999999787
13999, 0.10000000000000142, 0.0
14000, 0.10000000000000142, 0.0
14001, 0.10000000000000142, 0.0
14002, 0.10000000000000142, 0.0
14003, 0.10000000000000142, 0.0
14004, 0.10000000000000142, 0.0
14005, 0.10000000000000142, 0.0
14006, 0.10000000000000142, 0.0
14007, 0.10000000000000142, 0.0
14008, 0.10000000000000142, 0.0
14009, 0.10000000000000142, 0.0
14010, 0.10000000000000142, 0.0
14011, 0.10000000000000142, 0.0
14012, 0.10000000000000142, 0.0
14013, 0.10000000000000142, 0.0
14014, 0.10000000000000142, -0.10000000000000142
14015, 0.10000000000000142, -0.10000000000000142
14016, 0.10000000000000142, 0.0
14017, 0.10000000000000142, 0.0
14018, 0.10000000000000142, 0.0
14019, 0.10000000000000142, -0.10000000000000142
14020, 0.10000000000000142, -0.10000000000000142
14021, 0.10000000000000142, -0.10000000000000142
14022, 0.10000000000000142, -0.10000000000000142
14023, 0.10000000000000142, -0.10000000000000142
14024, 0.10000000000000142, -0.10000000000000142
14025, 0.10000000000000142, 0.0
14026, 0.10000000000000142, -0.10000000000000142
14027, 0.10000000000000142, -0.10000000000000142
14028, 0.10000000000000142, -0.10000000000000142
14029, 0.10000000000000142, -0.10000000000000142
14030, 0.10000000000000142, -0.10000000000000142
14031, 0.10000000000000142, -0.10000000000000142
14032, 0.10000000000000142, 0.0
14033, 0.10000000000000142, 0.0
14034, 0.10000000000000142, 0.0
14035, 0.10000000000000142, 0.0
14036, 0.10000000000000142, -0.10000000000000142
14037, 0.10000000000000142, -0.10000000000000142
14038, 0.10000000000000142, -0.10000000000000142
14039, 0.10000000000000142, -0.10000000000000142
14040, 0.10000000000000142, -0.10000000000000142
14041, 0.10000000000000142, -0.10000000000000142
14042, 0.10000000000000142, -0.10000000000000142
14043, 0.10000000000000142, 0.0
14044, 0.10000000000000142, 0.0
14045, 0.10000000000000142, 0.0
14046, 0.10000000000000142, 0.0
14047, 0.10000000000000142, 0.0
14048, 0.10000000000000142, 0.0
14049, 0.10000000000000142, 0.0
14050, 0.10000000000000142, 0.0
14051, 0.10000000000000142, 0.09999999999999787
14052, 0.10000000000000142, 0.09999999999999787
14053, 0.10000000000000142, 0.09999999999999787
14054, 0.10000000000000142, 0.09999999999999787
14055, 0.10000000000000142, 0.0
14056, 0.10000000000000142, 0.0
14057, 0.10000000000000142, 0.0
14058, 0.10000000000000142, 0.0
14059, 0.10000000000000142, 0.0
14060, 0.10000000000000142, 0.09999999999999787
14061, 0.10000000000000142, 0.09999999999999787
14062, 0.1999999999999993, 0.09999999999999787
14063, 0.1999999999999993, 0.09999999999999787
14064, 0.1999999999999993, 0.09999999999999787
14065, 0.1999999999999993, 0.0
14066, 0.1999999999999993, 0.0
14067, 0.1999999999999993, 0.0
14068, 0.1999999999999993, 0.0
14069, 0.1999999999999993, 0.0
14070, 0.1999999999999993, 0.09999999999999787
14071, 0.1999999999999993, 0.0
14072, 0.1999999999999993, 0.0
14073, 0.1999999999999993, 0.09999999999999787
14074, 0.1999999999999993, 0.09999999999999787
14075, 0.1999999999999993, 0.0
14076, 0.1999999999999993, 0.0
14077, 0.1999999999999993, 0.0
14078, 0.1999999999999993, 0.0
14079, 0.1999999999999993, 0.0
14080, 0.1999999999999993, 0.0
14081, 0.1999999999999993, 0.0
14082, 0.1999999999999993, 0.0
14083, 0.1999999999999993, 0.0
14084, 0.1999999999999993, 0.0
14085, 0.1999999999999993, -0.10000000000000142
14086, 0.1999999999999993, -0.10000000000000142
14087, 0.1999999999999993, -0.10000000000000142
14088, 0.1999999999999993, 0.0
14089, 0.1999999999999993, 0.0
14090, 0.1999999999999993, 0.0
14091, 0.1999999999999993, -0.10000000000000142
14092, 0.1999999999999993, -0.10000000000000142
14093, 0.1999999999999993, 0.0
14094, 0.1999999999999993, -0.10000000000000142
14095, 0.10000000000000142, -0.10000000000000142
14096, 0.10000000000000142, 0.0
14097, 0.10000000000000142, 0.0
14098, 0.10000000000000142, 0.0
14099, 0.10000000000000142, -0.10000000000000142
14100, 0.10000000000000142, -0.10000000000000142
14101, 0.10000000000000142, 0.0
14102, 0.10000000000000142, -0.10000000000000142
14103, 0.10000000000000142, -0.10000000000000142
14104, 0.10000000000000142, -0.10000000000000142
14105, 0.10000000000000142, 0.0
14106, 0.10000000000000142, 0.0
14107, 0.10000000000000142, -0.10000000000000142
14108, 0.10000000000000142, 0.0
14109, 0.10000000000000142, -0.10000000000000142
14110, 0.10000000000000142, -0.10000000000000142
14111, 0.10000000000000142, 0.0
14112, 0.10000000000000142, -0.10000000000000142
14113, 0.10000000000000142, -0.10000000000000142
14114, 0.10000000000000142, 0.0
14115, 0.10000000000000142, -0.10000000000000142
14116, 0.10000000000000142, -0.10000000000000142
14117, 0.10000000000000142, -0.10000000000000142
14118, 0.10000000000000142, -0.10000000000000142
14119, 0.10000000000000142, 0.0
14120, 0.10000000000000142, -0.10000000000000142
14121, 0.10000000000000142, 0.0
14122, 0.10000000000000142, 0.0
14123, 0.10000000000000142, -0.10000000000000142
14124, 0.10000000000000142, 0.0
14125, 0.10000000000000142, 0.0
14126, 0.10000000000000142, -0.10000000000000142
14127, 0.10000000000000142, 0.0
14128, 0.10000000000000142, 0.0
14129, 0.10000000000000142, -0.10000000000000142
14130, 0.10000000000000142, 0.0
14131, 0.10000000000000142, 0.0
14132, 0.10000000000000142, -0.10000000000000142
14133, 0.10000000000000142, 0.0
14134, 0.10000000000000142, 0.0
14135, 0.10000000000000142, -0.10000000000000142
14136, 0.10000000000000142, 0.0
14137, 0.10000000000000142, -0.10000000000000142
14138, 0.10000000000000142, -0.10000000000000142
14139, 0.10000000000000142, -0.10000000000000142
14140, 0.10000000000000142, -0.10000000000000142
14141, 0.1999999999999993, -0.10000000000000142
14142, 0.1999999999999993, -0.10000000000000142
14143, 0.10000000000000142, -0.10000000000000142
14144, 0.10000000000000142, -0.10000000000000142
14145, 0.10000000000000142, -0.10000000000000142
14146, 0.10000000000000142, -0.10000000000000142
14147, 0.10000000000000142, -0.10000000000000142
14148, 0.10000000000000142, 0.0
14149, 0.10000000000000142, -0.10000000000000142
14150, 0.10000000000000142, -0.10000000000000142
14151, 0.10000000000000142, 0.0
14152, 0.10000000000000142, -0.10000000000000142
14153, 0.10000000000000142, 0.0
14154, 0.10000000000000142, 0.0
14155, 0.0, 0.0
14156, 0.0, -0.10000000000000142
14157, 0.0, 0.0
14158, 0.0, -0.10000000000000142
14159, 0.0, 0.0
14160, 0.0, -0.10000000000000142
14161, 0.0, 0.0
14162, 0.0, 0.0
14163, 0.0, 0.0
14164, 0.0, -0.10000000000000142
14165, 0.0, 0.0
14166, 0.0, 0.0
14167, 0.0, 0.0
14168, 0.0, 0.09999999999999787
14169, 0.0, 0.0
14170, 0.0, 0.0
14171, 0.0, 0.0
14172, 0.0, 0.0
14173, 0.0, 0.0
14174, 0.0, 0.09999999999999787
14175, 0.0, -0.10000000000000142
14176, 0.0, 0.0
14177, 0.0, 0.0
14178, 0.0, 0.09999999999999787
14179, 0.0, 0.0
14180, 0.0, 0.0
14181, 0.0, 0.09999999999999787
14182, 0.0, 0.0
14183, 0.10000000000000142, 0.0
14184, 0.10000000000000142, 0.0
14185, 0.10000000000000142, 0.0
14186, 0.10000000000000142, 0.0
14187, 0.10000000000000142, 0.0
14188, 0.10000000000000142, 0.0
14189, 0.10000000000000142, 0.0
14190, 0.10000000000000142, 0.0
14191, 0.10000000000000142, 0.09999999999999787
14192, 0.10000000000000142, 0.0
14193, 0.10000000000000142, 0.0
14194, 0.10000000000000142, 0.09999999999999787
14195, 0.10000000000000142, 0.0
14196, 0.10000000000000142, 0.0
14197, 0.10000000000000142, 0.0
14198, 0.10000000000000142, 0.0
14199, 0.10000000000000142, 0.09999999999999787
14200, 0.10000000000000142, 0.09999999999999787
14201, 0.10000000000000142, 0.09999999999999787
14202, 0.10000000000000142, 0.0
14203, 0.10000000000000142, 0.09999999999999787
14204, 0.10000000000000142, 0.1999999999999993
14205, 0.10000000000000142, 0.09999999999999787
14206, 0.10000000000000142, 0.09999999999999787
14207, 0.10000000000000142, 0.09999999999999787
14208, 0.10000000000000142, 0.09999999999999787
14209, 0.10000000000000142, 0.1999999999999993
14210, 0.10000000000000142, 0.09999999999999787
14211, 0.10000000000000142, 0.09999999999999787
14212, 0.10000000000000142, 0.09999999999999787
14213, 0.10000000000000142, 0.09999999999999787
14214, 0.10000000000000142, 0.09999999999999787
14215, 0.10000000000000142, 0.09999999999999787
14216, 0.10000000000000142, 0.1999999999999993
14217, 0.10000000000000142, 0.0
14218, 0.10000000000000142, 0.09999999999999787
14219, 0.10000000000000142, 0.09999999999999787
14220, 0.10000000000000142, 0.09999999999999787
14221, 0.10000000000000142, 0.09999999999999787
14222, 0.10000000000000142, 0.09999999999999787
14223, 0.10000000000000142, 0.09999999999999787
14224, 0.10000000000000142, 0.0
14225, 0.10000000000000142, 0.09999999999999787
14226, 0.10000000000000142, 0.0
14227, 0.10000000000000142, 0.09999999999999787
14228, 0.10000000000000142, 0.09999999999999787
14229, 0.10000000000000142, 0.0
14230, 0.10000000000000142, 0.09999999999999787
14231, 0.10000000000000142, 0.0
14232, 0.10000000000000142, 0.0
14233, 0.10000000000000142, 0.09999999999999787
14234, 0.10000000000000142, 0.0
14235, 0.10000000000000142, 0.09999999999999787
14236, 0.10000000000000142, 0.0
14237, 0.10000000000000142, 0.0
14238, 0.10000000000000142, 0.0
14239, 0.10000000000000142, 0.09999999999999787
14240, 0.10000000000000142, 0.09999999999999787
14241, 0.10000000000000142, 0.0
14242, 0.0, 0.09999999999999787
14243, 0.0, 0.0
14244, 0.0, 0.0
14245, 0.0, 0.0
14246, 0.0, 0.09999999999999787
14247, 0.0, 0.0
14248, 0.10000000000000142, 0.0
14249, 0.10000000000000142, 0.09999999999999787
14250, 0.10000000000000142, 0.09999999999999787
14251, 0.10000000000000142, 0.0
14252, 0.10000000000000142, 0.0
14253, 0.10000000000000142, 0.09999999999999787
14254, 0.10000000000000142, 0.0
14255, 0.10000000000000142, 0.0
14256, 0.10000000000000142, 0.0
14257, 0.10000000000000142, 0.0
14258, 0.10000000000000142, 0.0
14259, 0.10000000000000142, 0.0
14260, 0.10000000000000142, 0.0
14261, 0.10000000000000142, 0.0
14262, 0.10000000000000142, 0.0
14263, 0.10000000000000142, 0.0
14264, 0.10000000000000142, 0.0
14265, 0.10000000000000142, 0.0
14266, 0.10000000000000142, 0.0
14267, 0.10000000000000142, 0.0
14268, 0.10000000000000142, 0.0
14269, 0.10000000000000142, 0.0
14270, 0.10000000000000142, 0.0
14271, 0.10000000000000142, 0.0
14272, 0.10000000000000142, 0.0
14273, 0.10000000000000142, 0.0
14274, 0.10000000000000142, 0.0
14275, 0.10000000000000142, 0.0
14276, 0.10000000000000142, 0.0
14277, 0.10000000000000142, 0.0
14278, 0.10000000000000142, 0.0
14279, 0.10000000000000142, -0.10000000000000142
14280, 0.10000000000000142, -0.10000000000000142
14281, 0.10000000000000142, -0.10000000000000142
14282, 0.10000000000000142, 0.0
14283, 0.10000000000000142, 0.0
14284, 0.10000000000000142, -0.10000000000000142
14285, 0.10000000000000142, 0.0
14286, 0.10000000000000142, -0.10000000000000142
14287, 0.10000000000000142, 0.0
14288, 0.10000000000000142, 0.0
14289, 0.10000000000000142, -0.10000000000000142
14290, 0.10000000000000142, 0.0
14291, 0.10000000000000142, 0.0
14292, 0.10000000000000142, 0.0
14293, 0.10000000000000142, -0.10000000000000142
14294, 0.10000000000000142, -0.10000000000000142
14295, 0.10000000000000142, -0.10000000000000142
14296, 0.10000000000000142, 0.0
14297, 0.10000000000000142, 0.0
14298, 0.10000000000000142, -0.10000000000000142
14299, 0.10000000000000142, -0.10000000000000142
14300, 0.10000000000000142, -0.10000000000000142
14301, 0.0, -0.10000000000000142
14302, 0.0, -0.10000000000000142
14303, 0.0, 0.0
14304, 0.0, -0.10000000000000142
14305, 0.0, -0.10000000000000142
14306, 0.0, -0.10000000000000142
14307, 0.0, -0.10000000000000142
14308, 0.0, -0.10000000000000142
14309, 0.0, -0.10000000000000142
14310, 0.0, -0.10000000000000142
14311, 0.0, -0.10000000000000142
14312, 0.0, 0.0
14313, 0.0, 0.0
14314, 0.0, -0.10000000000000142
14315, 0.0, -0.10000000000000142
14316, 0.0, -0.1999999999999993
14317, 0.0, -0.10000000000000142
14318, 0.0, -0.10000000000000142
14319, 0.0, -0.10000000000000142
14320, 0.0, -0.10000000000000142
14321, 0.0, -0.10000000000000142
14322, 0.0, -0.10000000000000142
14323, 0.10000000000000142, -0.10000000000000142
14324, 0.10000000000000142, 0.0
14325, 0.10000000000000142, 0.0
14326, 0.10000000000000142, 0.0
14327, 0.10000000000000142, -0.10000000000000142
14328, 0.10000000000000142, -0.10000000000000142
14329, 0.10000000000000142, -0.10000000000000142
14330, 0.10000000000000142, -0.10000000000000142
14331, 0.10000000000000142, -0.10000000000000142
14332, 0.10000000000000142, 0.0
14333, 0.10000000000000142, 0.0
14334, 0.10000000000000142, 0.0
14335, 0.10000000000000142, 0.0
14336, 0.10000000000000142, -0.10000000000000142
14337, 0.10000000000000142, -0.10000000000000142
14338, 0.10000000000000142, -0.10000000000000142
14339, 0.10000000000000142, -0.10000000000000142
14340, 0.10000000000000142, -0.10000000000000142
14341, 0.10000000000000142, -0.10000000000000142
14342, 0.10000000000000142, -0.10000000000000142
14343, 0.10000000000000142, -0.1999999999999993
14344, 0.10000000000000142, -0.1999999999999993
14345, 0.10000000000000142, -0.1999999999999993
14346, 0.10000000000000142, -0.10000000000000142
14347, 0.10000000000000142, -0.10000000000000142
14348, 0.10000000000000142, -0.10000000000000142
14349, 0.10000000000000142, -0.1999999999999993
14350, 0.10000000000000142, -0.1999999999999993
14351, 0.10000000000000142, -0.1999999999999993
14352, 0.10000000000000142, -0.1999999999999993
14353, 0.10000000000000142, -0.1999999999999993
14354, 0.10000000000000142, -0.1999999999999993
14355, 0.10000000000000142, -0.1999999999999993
14356, 0.10000000000000142, -0.1999999999999993
14357, 0.10000000000000142, -0.1999999999999993
14358, 0.0, -0.1999999999999993
14359, 0.0, -0.1999999999999993
14360, 0.0, -0.1999999999999993
14361, 0.0, -0.1999999999999993
14362, 0.0, -0.1999999999999993
14363, 0.0, -0.1999999999999993
14364, 0.0, -0.1999999999999993
14365, 0.0, -0.1999999999999993
14366, 0.0, -0.1999999999999993
14367, 0.0, -0.1999999999999993
14368, 0.0, -0.1999999999999993
14369, 0.0, -0.1999999999999993
14370, 0.0, -0.1999999999999993
14371, 0.0, -0.1999999999999993
14372, 0.0, -0.1999999999999993
14373, 0.0, -0.1999999999999993
14374, 0.0, -0.1999999999999993
14375, 0.0, -0.1999999999999993
14376, 0.10000000000000142, -0.1999999999999993
14377, 0.10000000000000142, -0.1999999999999993
14378, 0.10000000000000142, -0.1999999999999993
14379, 0.10000000000000142, -0.1999999999999993
14380, 0.10000000000000142, -0.1999999999999993
14381, 0.10000000000000142, -0.10000000000000142
14382, 0.10000000000000142, -0.1999999999999993
14383, 0.0, -0.10000000000000142
14384, 0.0, -0.10000000000000142
14385, 0.0, -0.10000000000000142
14386, 0.0, -0.10000000000000142
14387, 0.0, -0.10000000000000142
14388, 0.10000000000000142, -0.10000000000000142
14389, 0.10000000000000142, -0.10000000000000142
14390, 0.10000000000000142, 0.0
14391, 0.10000000000000142, 0.0
14392, 0.10000000000000142, 0.0
14393, 0.10000000000000142, 0.0
14394, 0.10000000000000142, -0.10000000000000142
14395, 0.10000000000000142, 0.0
14396, 0.10000000000000142, 0.0
14397, 0.10000000000000142, 0.0
14398, 0.10000000000000142, 0.0
14399, 0.10000000000000142, 0.0
14400, 0.10000000000000142, 0.0
14401, 0.10000000000000142, 0.0
14402, 0.10000000000000142, -0.10000000000000142
14403, 0.10000000000000142, 0.0
14404, 0.0, 0.0
14405, 0.0, 0.0
14406, 0.0, 0.0
14407, 0.0, 0.0
14408, 0.0, 0.0
14409, 0.0, 0.0
14410, 0.0, 0.0
14411, 0.0, 0.0
14412, 0.0, 0.0
14413, 0.0, 0.09999999999999787
14414, 0.0, 0.09999999999999787
14415, 0.0, 0.0
14416, 0.0, 0.0
14417, 0.0, 0.0
14418, 0.0, 0.09999999999999787
14419, 0.0, 0.0
14420, 0.0, 0.0
14421, 0.0, 0.0
14422, 0.0, 0.0
14423, 0.0, 0.0
14424, 0.0, 0.0
14425, 0.0, 0.0
14426, 0.0, 0.0
14427, 0.0, 0.0
14428, 0.0, 0.09999999999999787
14429, 0.0, 0.0
14430, 0.0, 0.0
14431, 0.0, 0.0
14432, 0.0, 0.09999999999999787
14433, 0.0, 0.09999999999999787
14434, 0.0, 0.0
14435, 0.0, 0.0
14436, 0.0, 0.09999999999999787
14437, 0.0, 0.0
14438, 0.0, 0.09999999999999787
14439, 0.0, 0.09999999999999787
14440, 0.0, 0.09999999999999787
14441, 0.0, 0.09999999999999787
14442, 0.0, 0.0
14443, 0.0, 0.09999999999999787
14444, 0.0, 0.0
14445, 0.0, 0.0
14446, 0.0, 0.0
14447, 0.0, 0.0
14448, 0.0, 0.0
14449, 0.10000000000000142, 0.09999999999999787
14450, 0.10000000000000142, 0.09999999999999787
14451, 0.10000000000000142, 0.0
14452, 0.10000000000000142, 0.09999999999999787
14453, 0.10000000000000142, 0.0
14454, 0.10000000000000142, 0.0
14455, 0.10000000000000142, 0.09999999999999787
14456, 0.10000000000000142, 0.0
14457, 0.10000000000000142, 0.0
14458, 0.10000000000000142, 0.0
14459, 0.10000000000000142, 0.0
14460, 0.10000000000000142, -0.10000000000000142
14461, 0.10000000000000142, 0.0
14462, 0.0, 0.0
14463, 0.10000000000000142, -0.10000000000000142
14464, 0.0, 0.0
14465, 0.0, -0.10000000000000142
14466, 0.0, -0.10000000000000142
14467, 0.0, -0.10000000000000142
14468, 0.0, -0.10000000000000142
14469, 0.0, -0.10000000000000142
14470, 0.0, -0.10000000000000142
14471, 0.0, -0.10000000000000142
14472, 0.0, -0.10000000000000142
14473, 0.0, -0.10000000000000142
14474, 0.0, -0.10000000000000142
14475, 0.0, -0.1999999999999993
14476, 0.0, -0.1999999999999993
14477, 0.0, -0.10000000000000142
14478, 0.0, -0.1999999999999993
14479, 0.0, -0.1999999999999993
14480, 0.0, -0.10000000000000142
14481, 0.10000000000000142, -0.10000000000000142
14482, 0.10000000000000142, -0.1999999999999993
14483, 0.10000000000000142, -0.10000000000000142
14484, 0.10000000000000142, -0.10000000000000142
14485, 0.10000000000000142, -0.1999999999999993
14486, 0.10000000000000142, -0.10000000000000142
14487, 0.10000000000000142, -0.10000000000000142
14488, 0.10000000000000142, -0.1999999999999993
14489, 0.10000000000000142, -0.10000000000000142
14490, 0.10000000000000142, -0.10000000000000142
14491, 0.10000000000000142, 0.0
14492, 0.10000000000000142, -0.10000000000000142
14493, 0.10000000000000142, -0.1999999999999993
14494, 0.10000000000000142, -0.10000000000000142
14495, 0.10000000000000142, -0.1999999999999993
14496, 0.10000000000000142, -0.10000000000000142
14497, 0.10000000000000142, -0.10000000000000142
14498, 0.10000000000000142, 0.0
14499, 0.10000000000000142, -0.10000000000000142
14500, 0.10000000000000142, -0.10000000000000142
14501, 0.10000000000000142, -0.10000000000000142
14502, 0.10000000000000142, -0.10000000000000142
14503, 0.10000000000000142, -0.10000000000000142
14504, 0.10000000000000142, 0.0
14505, 0.10000000000000142, 0.0
14506, 0.10000000000000142, -0.10000000000000142
14507, 0.10000000000000142, -0.10000000000000142
14508, 0.10000000000000142, 0.0
14509, 0.10000000000000142, 0.0
14510, 0.10000000000000142, -0.10000000000000142
14511, 0.10000000000000142, 0.0
14512, 0.10000000000000142, -0.10000000000000142
14513, 0.10000000000000142, 0.0
14514, 0.10000000000000142, -0.10000000000000142
14515, 0.10000000000000142, 0.0
14516, 0.10000000000000142, 0.0
14517, 0.10000000000000142, 0.0
14518, 0.10000000000000142, 0.0
14519, 0.10000000000000142, 0.0
14520, 0.10000000000000142, 0.0
14521, 0.10000000000000142, 0.09999999999999787
14522, 0.10000000000000142, 0.0
14523, 0.10000000000000142, 0.0
14524, 0.10000000000000142, 0.09999999999999787
14525, 0.10000000000000142, 0.09999999999999787
14526, 0.10000000000000142, 0.09999999999999787
14527, 0.10000000000000142, 0.0
14528, 0.10000000000000142, 0.09999999999999787
14529, 0.10000000000000142, 0.09999999999999787
14530, 0.10000000000000142, 0.09999999999999787
14531, 0.10000000000000142, 0.09999999999999787
14532, 0.10000000000000142, 0.09999999999999787
14533, 0.10000000000000142, 0.09999999999999787
14534, 0.10000000000000142, 0.0
14535, 0.10000000000000142, 0.0
14536, 0.10000000000000142, -0.10000000000000142
14537, 0.10000000000000142, 0.0
14538, 0.10000000000000142, 0.0
14539, 0.10000000000000142, 0.0
14540, 0.10000000000000142, 0.0
14541, 0.10000000000000142, -0.10000000000000142
14542, 0.10000000000000142, 0.0
14543, 0.10000000000000142, 0.0
14544, 0.10000000000000142, 0.0
14545, 0.10000000000000142, -0.10000000000000142
14546, 0.10000000000000142, -0.10000000000000142
14547, 0.10000000000000142, 0.0
14548, 0.10000000000000142, 0.0
14549, 0.10000000000000142, 0.0
14550, 0.10000000000000142, -0.10000000000000142
14551, 0.10000000000000142, 0.0
14552, 0.10000000000000142, 0.0
14553, 0.10000000000000142, 0.0
14554, 0.10000000000000142, -0.10000000000000142
14555, 0.10000000000000142, -0.10000000000000142
14556, 0.10000000000000142, 0.0
14557, 0.10000000000000142, 0.0
14558, 0.10000000000000142, -0.10000000000000142
14559, 0.0, -0.10000000000000142
14560, 0.0, -0.10000000000000142
14561, 0.10000000000000142, 0.0
14562, 0.10000000000000142, -0.10000000000000142
14563, 0.10000000000000142, -0.10000000000000142
14564, 0.10000000000000142, -0.10000000000000142
14565, 0.10000000000000142, 0.0
14566, 0.10000000000000142, -0.10000000000000142
14567, 0.10000000000000142, -0.10000000000000142
14568, 0.10000000000000142, -0.10000000000000142
14569, 0.10000000000000142, 0.0
14570, 0.10000000000000142, 0.0
14571, 0.10000000000000142, 0.0
14572, 0.10000000000000142, 0.0
14573, 0.10000000000000142, 0.0
14574, 0.10000000000000142, -0.10000000000000142
14575, 0.10000000000000142, -0.10000000000000142
14576, 0.10000000000000142, 0.0
14577, 0.10000000000000142, 0.0
14578, 0.10000000000000142, 0.0
14579, 0.10000000000000142, 0.0
14580, 0.10000000000000142, 0.0
14581, 0.10000000000000142, 0.0
14582, 0.10000000000000142, 0.0
14583, 0.10000000000000142, 0.0
14584, 0.10000000000000142, 0.09999999999999787
14585, 0.10000000000000142, 0.09999999999999787
14586, 0.10000000000000142, 0.09999999999999787
14587, 0.10000000000000142, 0.09999999999999787
14588, 0.10000000000000142, 0.09999999999999787
14589, 0.10000000000000142, 0.1999999999999993
14590, 0.10000000000000142, 0.1999999999999993
14591, 0.10000000000000142, 0.1999999999999993
14592, 0.10000000000000142, 0.09999999999999787
14593, 0.10000000000000142, 0.09999999999999787
14594, 0.10000000000000142, 0.09999999999999787
14595, 0.10000000000000142, 0.09999999999999787
14596, 0.10000000000000142, 0.09999999999999787
14597, 0.10000000000000142, 0.09999999999999787
14598, 0.10000000000000142, 0.1999999999999993
14599, 0.0, 0.1999999999999993
14600, 0.0, 0.1999999999999993
14601, 0.0, 0.1999999999999993
14602, 0.0, 0.1999999999999993
14603, 0.0, 0.3000000000000007
14604, 0.0, 0.3000000000000007
14605, 0.0, 0.1999999999999993
14606, 0.0, 0.1999999999999993
14607, 0.0, 0.1999999999999993
14608, 0.0, 0.1999999999999993
14609, 0.0, 0.09999999999999787
14610, 0.0, 0.09999999999999787
14611, 0.0, 0.09999999999999787
14612, 0.10000000000000142, 0.09999999999999787
14613, 0.10000000000000142, 0.09999999999999787
14614, 0.10000000000000142, 0.09999999999999787
14615, 0.10000000000000142, 0.09999999999999787
14616, 0.10000000000000142, 0.09999999999999787
14617, 0.10000000000000142, 0.0
14618, 0.10000000000000142, 0.0
14619, 0.10000000000000142, 0.0
14620, 0.10000000000000142, -0.10000000000000142
14621, 0.10000000000000142, -0.10000000000000142
14622, 0.10000000000000142, 0.0
14623, 0.10000000000000142, 0.0
14624, 0.10000000000000142, 0.0
14625, 0.10000000000000142, 0.0
14626, 0.10000000000000142, 0.0
14627, 0.10000000000000142, 0.0
14628, 0.10000000000000142, 0.0
14629, 0.10000000000000142, 0.0
14630, 0.10000000000000142, 0.0
14631, 0.10000000000000142, 0.0
14632, 0.10000000000000142, 0.0
14633, 0.10000000000000142, 0.0
14634, 0.10000000000000142, 0.0
14635, 0.10000000000000142, 0.0
14636, 0.10000000000000142, -0.10000000000000142
14637, 0.10000000000000142, -0.10000000000000142
14638, 0.10000000000000142, -0.10000000000000142
14639, 0.10000000000000142, 0.0
14640, 0.10000000000000142, 0.0
14641, 0.10000000000000142, 0.09999999999999787
14642, 0.10000000000000142, 0.09999999999999787
14643, 0.10000000000000142, 0.09999999999999787
14644, 0.10000000000000142, 0.09999999999999787
14645, 0.10000000000000142, 0.09999999999999787
14646, 0.10000000000000142, 0.09999999999999787
14647, 0.10000000000000142, 0.09999999999999787
14648, 0.0, 0.09999999999999787
14649, 0.0, 0.09999999999999787
14650, 0.0, 0.09999999999999787
14651, 0.0, 0.09999999999999787
14652, 0.0, 0.09999999999999787
14653, 0.0, 0.1999999999999993
14654, 0.0, 0.09999999999999787
14655, 0.0, 0.09999999999999787
14656, 0.0, 0.09999999999999787
14657, 0.0, 0.09999999999999787
14658, 0.0, 0.09999999999999787
14659, 0.0, 0.09999999999999787
14660, 0.0, 0.09999999999999787
14661, 0.0, 0.09999999999999787
14662, 0.0, 0.09999999999999787
14663, 0.0, 0.09999999999999787
14664, -0.09999999999999964, 0.09999999999999787
14665, 0.0, 0.09999999999999787
14666, 0.0, 0.09999999999999787
14667, 0.0, 0.09999999999999787
14668, 0.0, 0.09999999999999787
14669, 0.0, 0.09999999999999787
14670, 0.0, 0.09999999999999787
14671, 0.0, 0.0
14672, 0.0, 0.0
14673, 0.0, 0.0
14674, 0.0, 0.0
14675, 0.0, 0.09999999999999787
14676, 0.0, 0.0
14677, 0.0, 0.0
14678, 0.0, 0.0
14679, 0.0, 0.0
14680, 0.0, 0.0
14681, 0.0, 0.0
14682, 0.0, 0.0
14683, 0.0, 0.09999999999999787
14684, 0.0, 0.09999999999999787
14685, 0.0, 0.09999999999999787
14686, 0.0, 0.0
14687, 0.0, 0.09999999999999787
14688, 0.10000000000000142, 0.09999999999999787
14689, 0.10000000000000142, 0.09999999999999787
14690, 0.10000000000000142, 0.09999999999999787
14691, 0.10000000000000142, 0.0
14692, 0.10000000000000142, 0.09999999999999787
14693, 0.10000000000000142, 0.09999999999999787
14694, 0.10000000000000142, 0.0
14695, 0.10000000000000142, 0.0
14696, 0.10000000000000142, 0.0
14697, 0.10000000000000142, 0.0
14698, 0.10000000000000142, 0.0
14699, 0.10000000000000142, 0.0
14700, 0.10000000000000142, 0.09999999999999787
14701, 0.10000000000000142, 0.0
14702, 0.10000000000000142, 0.0
14703, 0.10000000000000142, 0.0
14704, 0.10000000000000142, 0.09999999999999787
14705, 0.10000000000000142, 0.09999999999999787
14706, 0.10000000000000142, 0.09999999999999787
14707, 0.10000000000000142, 0.0
14708, 0.0, 0.09999999999999787
14709, 0.0, 0.09999999999999787
14710, 0.0, 0.0
14711, 0.0, 0.0
14712, 0.0, 0.0
14713, 0.0, 0.0
14714, 0.0, 0.0
14715, 0.0, 0.09999999999999787
14716, 0.0, 0.09999999999999787
14717, 0.0, 0.0
14718, 0.0, 0.0
14719, 0.0, 0.09999999999999787
14720, 0.0, 0.09999999999999787
14721, 0.0, 0.09999999999999787
14722, 0.0, -0.10000000000000142
14723, 0.0, 0.0
14724, 0.0, 0.0
14725, 0.0, 0.0
14726, 0.0, 0.0
14727, 0.0, 0.0
14728, 0.0, 0.0
14729, 0.0, 0.0
14730, 0.0, 0.0
14731, 0.0, -0.10000000000000142
14732, 0.0, 0.0
14733, 0.10000000000000142, 0.0
14734, 0.10000000000000142, -0.10000000000000142
14735, 0.10000000000000142, -0.10000000000000142
14736, 0.10000000000000142, 0.0
14737, 0.10000000000000142, 0.0
14738, 0.10000000000000142, 0.0
14739, 0.10000000000000142, 0.0
14740, 0.10000000000000142, 0.0
14741, 0.10000000000000142, 0.0
14742, 0.10000000000000142, -0.10000000000000142
14743, 0.10000000000000142, 0.0
14744, 0.10000000000000142, 0.0
14745, 0.10000000000000142, -0.10000000000000142
14746, 0.10000000000000142, -0.10000000000000142
14747, 0.10000000000000142, 0.0
14748, 0.10000000000000142, 0.0
14749, 0.10000000000000142, 0.0
14750, 0.10000000000000142, 0.0
14751, 0.10000000000000142, 0.0
14752, 0.10000000000000142, -0.10000000000000142
14753, 0.10000000000000142, 0.0
14754, 0.10000000000000142, 0.0
14755, 0.10000000000000142, 0.0
14756, 0.10000000000000142, 0.0
14757, 0.10000000000000142, 0.09999999999999787
14758, 0.10000000000000142, 0.0
14759, 0.10000000000000142, -0.10000000000000142
14760, 0.10000000000000142, 0.0
14761, 0.10000000000000142, 0.0
14762, 0.10000000000000142, 0.0
14763, 0.10000000000000142, 0.09999999999999787
14764, 0.10000000000000142, 0.0
14765, 0.10000000000000142, 0.0
14766, 0.10000000000000142, 0.0
14767, 0.10000000000000142, 0.09999999999999787
14768, 0.10000000000000142, 0.0
14769, 0.10000000000000142, 0.0
14770, 0.10000000000000142, 0.0
14771, 0.10000000000000142, 0.0
14772, 0.10000000000000142, 0.0
14773, 0.10000000000000142, 0.09999999999999787
14774, 0.10000000000000142, 0.09999999999999787
14775, 0.10000000000000142, 0.09999999999999787
14776, 0.10000000000000142, 0.0
14777, 0.10000000000000142, 0.0
14778, 0.10000000000000142, 0.0
14779, 0.10000000000000142, 0.0
14780, 0.10000000000000142, 0.09999999999999787
14781, 0.10000000000000142, 0.09999999999999787
14782, 0.10000000000000142, 0.09999999999999787
14783, 0.10000000000000142, 0.0
14784, 0.10000000000000142, 0.09999999999999787
14785, 0.10000000000000142, 0.0
14786, 0.10000000000000142, 0.0
14787, 0.10000000000000142, 0.0
14788, 0.0, 0.09999999999999787
14789, 0.0, 0.09999999999999787
14790, 0.10000000000000142, 0.09999999999999787
14791, 0.10000000000000142, -0.10000000000000142
14792, 0.10000000000000142, 0.0
14793, 0.10000000000000142, 0.0
14794, 0.10000000000000142, 0.0
14795, 0.10000000000000142, 0.09999999999999787
14796, 0.10000000000000142, 0.09999999999999787
14797, 0.10000000000000142, 0.09999999999999787
14798, 0.10000000000000142, 0.09999999999999787
14799, 0.10000000000000142, 0.0
14800, 0.10000000000000142, 0.0
14801, 0.10000000000000142, 0.0
14802, 0.10000000000000142, 0.0
14803, 0.10000000000000142, 0.0
14804, 0.10000000000000142, 0.09999999999999787
14805, 0.10000000000000142, 0.09999999999999787
14806, 0.10000000000000142, 0.0
14807, 0.10000000000000142, 0.0
14808, 0.10000000000000142, 0.0
14809, 0.10000000000000142, 0.0
14810, 0.10000000000000142, 0.0
14811, 0.10000000000000142, 0.0
14812, 0.10000000000000142, 0.09999999999999787
14813, 0.10000000000000142, 0.09999999999999787
14814, 0.10000000000000142, 0.0
14815, 0.10000000000000142, 0.0
14816, 0.10000000000000142, 0.09999999999999787
14817, 0.10000000000000142, 0.09999999999999787
14818, 0.10000000000000142, 0.09999999999999787
14819, 0.10000000000000142, 0.09999999999999787
14820, 0.10000000000000142, 0.09999999999999787
14821, 0.10000000000000142, 0.09999999999999787
14822, 0.10000000000000142, 0.09999999999999787
14823, 0.10000000000000142, 0.09999999999999787
14824, 0.10000000000000142, 0.09999999999999787
14825, 0.10000000000000142, 0.09999999999999787
14826, 0.10000000000000142, 0.09999999999999787
14827, 0.10000000000000142, 0.09999999999999787
14828, 0.10000000000000142, 0.09999999999999787
14829, 0.10000000000000142, 0.0
14830, 0.10000000000000142, 0.0
14831, 0.10000000000000142, 0.09999999999999787
14832, 0.10000000000000142, 0.09999999999999787
14833, 0.10000000000000142, 0.09999999999999787
14834, 0.10000000000000142, 0.09999999999999787
14835, 0.10000000000000142, 0.0
14836, 0.10000000000000142, 0.09999999999999787
14837, 0.10000000000000142, 0.09999999999999787
14838, 0.10000000000000142, 0.09999999999999787
14839, 0.10000000000000142, 0.09999999999999787
14840, 0.10000000000000142, 0.09999999999999787
14841, 0.10000000000000142, 0.0
14842, 0.10000000000000142, 0.09999999999999787
14843, 0.10000000000000142, 0.09999999999999787
14844, 0.10000000000000142, 0.0
14845, 0.10000000000000142, 0.0
14846, 0.10000000000000142, 0.0
14847, 0.10000000000000142, -0.10000000000000142
14848, 0.10000000000000142, 0.0
14849, 0.10000000000000142, 0.0
14850, 0.10000000000000142, 0.0
14851, 0.10000000000000142, 0.0
14852, 0.10000000000000142, 0.0
14853, 0.10000000000000142, 0.0
14854, 0.10000000000000142, 0.0
14855, 0.10000000000000142, 0.09999999999999787
14856, 0.10000000000000142, 0.0
14857, 0.10000000000000142, 0.0
14858, 0.10000000000000142, -0.10000000000000142
14859, 0.10000000000000142, -0.10000000000000142
14860, 0.10000000000000142, -0.10000000000000142
14861, 0.10000000000000142, -0.10000000000000142
14862, 0.10000000000000142, -0.10000000000000142
14863, 0.10000000000000142, -0.10000000000000142
14864, 0.10000000000000142, -0.10000000000000142
14865, 0.10000000000000142, 0.0
14866, 0.10000000000000142, 0.0
14867, 0.10000000000000142, 0.0
14868, 0.10000000000000142, -0.10000000000000142
14869, 0.10000000000000142, -0.10000000000000142
14870, 0.10000000000000142, -0.10000000000000142
14871, 0.10000000000000142, -0.10000000000000142
14872, 0.10000000000000142, -0.10000000000000142
14873, 0.10000000000000142, -0.10000000000000142
14874, 0.10000000000000142, -0.10000000000000142
14875, 0.10000000000000142, -0.10000000000000142
14876, 0.10000000000000142, -0.10000000000000142
14877, 0.10000000000000142, -0.10000000000000142
14878, 0.10000000000000142, -0.10000000000000142
14879, 0.10000000000000142, -0.10000000000000142
14880, 0.10000000000000142, -0.10000000000000142
14881, 0.10000000000000142, -0.10000000000000142
14882, 0.10000000000000142, 0.0
14883, 0.10000000000000142, 0.0
14884, 0.10000000000000142, 0.09999999999999787
14885, 0.10000000000000142, 0.09999999999999787
14886, 0.10000000000000142, 0.09999999999999787
14887, 0.10000000000000142, 0.09999999999999787
14888, 0.1999999999999993, 0.09999999999999787
14889, 0.1999999999999993, 0.09999999999999787
14890, 0.1999999999999993, 0.09999999999999787
14891, 0.1999999999999993, 0.0
14892, 0.1999999999999993, 0.0
14893, 0.1999999999999993, 0.0
14894, 0.1999999999999993, 0.0
14895, 0.1999999999999993, 0.0
14896, 0.1999999999999993, 0.09999999999999787
14897, 0.1999999999999993, 0.09999999999999787
14898, 0.1999999999999993, 0.09999999999999787
14899, 0.1999999999999993, 0.09999999999999787
14900, 0.1999999999999993, 0.09999999999999787
14901, 0.1999999999999993, 0.09999999999999787
14902, 0.1999999999999993, 0.09999999999999787
14903, 0.1999999999999993, 0.09999999999999787
14904, 0.1999999999999993, 0.0
14905, 0.1999999999999993, 0.0
14906, 0.1999999999999993, 0.0
14907, 0.1999999999999993, 0.0
14908, 0.1999999999999993, 0.0
14909, 0.1999999999999993, 0.0
14910, 0.1999999999999993, 0.0
14911, 0.1999999999999993, 0.09999999999999787
14912, 0.10000000000000142, 0.09999999999999787
14913, 0.10000000000000142, 0.09999999999999787
14914, 0.10000000000000142, 0.09999999999999787
14915, 0.10000000000000142, 0.0
14916, 0.10000000000000142, 0.0
14917, 0.10000000000000142, 0.0
14918, 0.1999999999999993, 0.0
14919, 0.1999999999999993, 0.0
14920, 0.1999999999999993, 0.0
14921, 0.1999999999999993, 0.0
14922, 0.1999999999999993, 0.0
14923, 0.1999999999999993, 0.0
14924, 0.1999999999999993, 0.0
14925, 0.1999999999999993, 0.0
14926, 0.1999999999999993, 0.0
14927, 0.1999999999999993, 0.0
14928, 0.1999999999999993, 0.0
14929, 0.1999999999999993, 0.0
14930, 0.1999999999999993, 0.0
14931, 0.10000000000000142, 0.09999999999999787
14932, 0.10000000000000142, 0.0
14933, 0.10000000000000142, 0.0
14934, 0.1999999999999993, 0.0
14935, 0.1999999999999993, 0.09999999999999787
14936, 0.1999999999999993, 0.09999999999999787
14937, 0.1999999999999993, 0.09999999999999787
14938, 0.1999999999999993, 0.09999999999999787
14939, 0.1999999999999993, 0.0
14940, 0.1999999999999993, 0.0
14941, 0.1999999999999993, 0.0
14942, 0.1999999999999993, 0.0
14943, 0.1999999999999993, 0.0
14944, 0.1999999999999993, -0.10000000000000142
14945, 0.1999999999999993, 0.0
14946, 0.1999999999999993, 0.0
14947, 0.1999999999999993, 0.09999999999999787
14948, 0.1999999999999993, 0.09999999999999787
14949, 0.1999999999999993, 0.0
14950, 0.1999999999999993, 0.0
14951, 0.1999999999999993, 0.0
14952, 0.1999999999999993, 0.0
14953, 0.1999999999999993, 0.0
14954, 0.10000000000000142, 0.0
14955, 0.10000000000000142, 0.0
14956, 0.10000000000000142, 0.0
14957, 0.10000000000000142, 0.0
14958, 0.10000000000000142, 0.0
14959, 0.10000000000000142, 0.0
14960, 0.10000000000000142, 0.0
14961, 0.10000000000000142, 0.0
14962, 0.10000000000000142, 0.09999999999999787
14963, 0.10000000000000142, 0.0
14964, 0.10000000000000142, 0.0
14965, 0.10000000000000142, 0.0
14966, 0.10000000000000142, 0.0
14967, 0.10000000000000142, -0.10000000000000142
14968, 0.10000000000000142, -0.10000000000000142
14969, 0.10000000000000142, 0.0
14970, 0.0, 0.09999999999999787
14971, 0.0, 0.09999999999999787
14972, 0.0, 0.0
14973, 0.0, 0.0
14974, 0.0, 0.0
14975, 0.0, 0.0
14976, 0.0, 0.0
14977, 0.0, 0.0
14978, 0.0, 0.0
14979, 0.0, 0.0
14980, 0.0, 0.0
14981, 0.0, -0.10000000000000142
14982, 0.0, 0.0
14983, 0.0, 0.0
14984, 0.0, 0.09999999999999787
14985, 0.10000000000000142, 0.0
14986, 0.10000000000000142, 0.0
14987, 0.10000000000000142, 0.09999999999999787
14988, 0.10000000000000142, 0.09999999999999787
14989, 0.10000000000000142, 0.09999999999999787
14990, 0.10000000000000142, 0.0
14991, 0.10000000000000142, 0.0
14992, 0.10000000000000142, 0.09999999999999787
14993, 0.10000000000000142, 0.09999999999999787
14994, 0.10000000000000142, 0.0
14995, 0.10000000000000142, 0.0
14996, 0.10000000000000142, 0.09999999999999787
14997, 0.10000000000000142, 0.09999999999999787
14998, 0.10000000000000142, 0.0
14999, 0.10000000000000142, 0.0
15000, 0.10000000000000142, 0.09999999999999787
15001, 0.10000000000000142, 0.09999999999999787
