,Left_Z[N],Right_Z[N]
1, 16.9, -22.6
2, 16.9, -22.6
3, 16.9, -22.6
4, 16.9, -22.6
5, 16.9, -22.6
6, 16.9, -22.6
7, 16.9, -22.6
8, 16.9, -22.6
9, 16.9, -22.6
10, 16.9, -22.6
11, 16.9, -22.6
12, 16.9, -22.6
13, 16.9, -22.6
14, 16.9, -22.6
15, 16.9, -22.6
16, 16.9, -22.6
17, 16.9, -22.6
18, 16.9, -22.6
19, 16.9, -22.6
20, 16.9, -22.6
21, 16.9, -22.6
22, 16.9, -22.6
23, 16.9, -22.6
24, 16.9, -22.6
25, 16.9, -22.6
26, 16.9, -22.6
27, 16.8, -22.6
28, 16.8, -22.6
29, 16.8, -22.5
30, 16.8, -22.5
31, 16.8, -22.6
32, 16.8, -22.6
33, 16.8, -22.6
34, 16.8, -22.6
35, 16.8, -22.6
36, 16.8, -22.6
37, 16.8, -22.6
38, 16.8, -22.6
39, 16.8, -22.6
40, 16.8, -22.5
41, 16.8, -22.5
42, 16.8, -22.5
43, 16.8, -22.5
44, 16.8, -22.5
45, 16.8, -22.5
46, 16.8, -22.5
47, 16.8, -22.5
48, 16.8, -22.5
49, 16.8, -22.5
50, 16.8, -22.5
51, 16.8, -22.5
52, 16.8, -22.5
53, 16.8, -22.5
54, 16.8, -22.5
55, 16.8, -22.5
56, 16.8, -22.5
57, 16.8, -22.5
58, 16.8, -22.5
59, 16.8, -22.5
60, 16.8, -22.5
61, 16.8, -22.5
62, 16.8, -22.5
63, 16.8, -22.5
64, 16.8, -22.5
65, 16.8, -22.5
66, 16.8, -22.4
67, 16.8, -22.4
68, 16.8, -22.4
69, 16.8, -22.4
70, 16.8, -22.4
71, 16.8, -22.4
72, 16.8, -22.4
73, 16.8, -22.4
74, 16.8, -22.4
75, 16.8, -22.4
76, 16.8, -22.4
77, 16.8, -22.4
78, 16.8, -22.4
79, 16.8, -22.4
80, 16.8, -22.4
81, 16.8, -22.4
82, 16.8, -22.4
83, 16.8, -22.4
84, 16.8, -22.4
85, 16.8, -22.4
86, 16.8, -22.4
87, 16.8, -22.4
88, 16.8, -22.4
89, 16.8, -22.4
90, 16.8, -22.4
91, 16.8, -22.4
92, 16.8, -22.4
93, 16.8, -22.4
94, 16.8, -22.4
95, 16.8, -22.4
96, 16.8, -22.4
97, 16.8, -22.4
98, 16.8, -22.4
99, 16.8, -22.5
100, 16.8, -22.5
101, 16.8, -22.5
102, 16.8, -22.5
103, 16.8, -22.5
104, 16.8, -22.5
105, 16.8, -22.5
106, 16.8, -22.5
107, 16.8, -22.5
108, 16.8, -22.5
109, 16.8, -22.5
110, 16.8, -22.5
111, 16.8, -22.5
112, 16.8, -22.5
113, 16.8, -22.5
114, 16.8, -22.5
115, 16.8, -22.5
116, 16.8, -22.5
117, 16.8, -22.5
118, 16.8, -22.5
119, 16.8, -22.5
120, 16.8, -22.5
121, 16.8, -22.5
122, 16.9, -22.5
123, 16.9, -22.5
124, 16.9, -22.6
125, 16.9, -22.6
126, 16.9, -22.6
127, 16.9, -22.6
128, 16.9, -22.6
129, 16.9, -22.6
130, 16.9, -22.6
131, 16.9, -22.6
132, 16.9, -22.6
133, 16.9, -22.6
134, 16.9, -22.6
135, 16.9, -22.6
136, 16.9, -22.6
137, 16.9, -22.6
138, 16.9, -22.6
139, 16.9, -22.6
140, 16.9, -22.6
141, 16.9, -22.5
142, 16.9, -22.5
143, 16.9, -22.5
144, 16.9, -22.5
145, 16.9, -22.5
146, 16.9, -22.5
147, 16.9, -22.5
148, 16.9, -22.5
149, 16.9, -22.5
150, 16.9, -22.5
151, 16.9, -22.5
152, 16.9, -22.5
153, 16.9, -22.5
154, 16.9, -22.5
155, 16.9, -22.5
156, 16.9, -22.6
157, 16.9, -22.6
158, 16.9, -22.6
159, 16.9, -22.6
160, 16.9, -22.6
161, 16.9, -22.6
162, 16.8, -22.6
163, 16.8, -22.6
164, 16.8, -22.6
165, 16.7, -22.6
166, 16.7, -22.6
167, 16.7, -22.6
168, 16.7, -22.6
169, 16.7, -22.6
170, 16.7, -22.6
171, 16.8, -22.6
172, 16.8, -22.6
173, 16.8, -22.5
174, 16.8, -22.5
175, 16.8, -22.5
176, 16.8, -22.5
177, 16.7, -22.5
178, 16.7, -22.5
179, 16.7, -22.6
180, 16.7, -22.6
181, 16.7, -22.6
182, 16.7, -22.6
183, 16.7, -22.6
184, 16.7, -22.6
185, 16.7, -22.6
186, 16.7, -22.6
187, 16.7, -22.6
188, 16.7, -22.6
189, 16.7, -22.6
190, 16.7, -22.5
191, 16.7, -22.5
192, 16.7, -22.5
193, 16.7, -22.5
194, 16.7, -22.5
195, 16.7, -22.5
196, 16.7, -22.5
197, 16.7, -22.5
198, 16.8, -22.5
199, 16.8, -22.5
200, 16.8, -22.5
201, 16.8, -22.5
202, 16.8, -22.5
203, 16.8, -22.5
204, 16.8, -22.5
205, 16.8, -22.5
206, 16.8, -22.5
207, 16.8, -22.5
208, 16.8, -22.5
209, 16.8, -22.5
210, 16.8, -22.5
211, 16.8, -22.5
212, 16.8, -22.5
213, 16.8, -22.5
214, 16.8, -22.5
215, 16.8, -22.5
216, 16.8, -22.5
217, 16.8, -22.5
218, 16.8, -22.5
219, 16.8, -22.5
220, 16.8, -22.5
221, 16.8, -22.5
222, 16.8, -22.5
223, 16.8, -22.4
224, 16.8, -22.4
225, 16.8, -22.4
226, 16.8, -22.4
227, 16.8, -22.4
228, 16.8, -22.4
229, 16.8, -22.4
230, 16.8, -22.4
231, 16.8, -22.4
232, 16.8, -22.4
233, 16.8, -22.4
234, 16.8, -22.4
235, 16.8, -22.4
236, 16.8, -22.4
237, 16.8, -22.4
238, 16.8, -22.4
239, 16.8, -22.4
240, 16.8, -22.4
241, 16.8, -22.4
242, 16.8, -22.4
243, 16.8, -22.4
244, 16.8, -22.4
245, 16.9, -22.4
246, 16.9, -22.4
247, 16.9, -22.4
248, 16.9, -22.4
249, 16.9, -22.4
250, 16.9, -22.4
251, 16.9, -22.4
252, 16.9, -22.4
253, 16.9, -22.4
254, 16.8, -22.4
255, 16.8, -22.4
256, 16.8, -22.4
257, 16.8, -22.4
258, 16.8, -22.4
259, 16.8, -22.4
260, 16.8, -22.4
261, 16.8, -22.4
262, 16.9, -22.4
263, 16.9, -22.4
264, 16.9, -22.4
265, 16.9, -22.4
266, 16.9, -22.4
267, 16.9, -22.4
268, 16.9, -22.4
269, 16.9, -22.4
270, 16.9, -22.4
271, 16.9, -22.5
272, 16.9, -22.5
273, 16.9, -22.4
274, 16.9, -22.4
275, 16.9, -22.4
276, 16.9, -22.4
277, 16.9, -22.4
278, 16.9, -22.4
279, 16.9, -22.5
280, 16.9, -22.5
281, 16.8, -22.5
282, 16.8, -22.5
283, 16.8, -22.5
284, 16.8, -22.5
285, 16.8, -22.5
286, 16.8, -22.5
287, 16.8, -22.5
288, 16.8, -22.5
289, 16.8, -22.5
290, 16.8, -22.6
291, 16.8, -22.6
292, 16.8, -22.6
293, 16.8, -22.6
294, 16.8, -22.6
295, 16.8, -22.6
296, 16.8, -22.6
297, 16.8, -22.6
298, 16.8, -22.6
299, 16.8, -22.6
300, 16.8, -22.6
301, 16.8, -22.6
302, 16.8, -22.6
303, 16.8, -22.6
304, 16.8, -22.6
305, 16.8, -22.6
306, 16.8, -22.6
307, 16.8, -22.6
308, 16.8, -22.6
309, 16.8, -22.6
310, 16.8, -22.6
311, 16.8, -22.6
312, 16.8, -22.6
313, 16.8, -22.6
314, 16.8, -22.5
315, 16.8, -22.5
316, 16.8, -22.5
317, 16.8, -22.5
318, 16.8, -22.5
319, 16.8, -22.5
320, 16.8, -22.4
321, 16.8, -22.4
322, 16.8, -22.4
323, 16.8, -22.4
324, 16.8, -22.4
325, 16.8, -22.4
326, 16.8, -22.4
327, 16.8, -22.4
328, 16.8, -22.4
329, 16.9, -22.4
330, 16.9, -22.4
331, 16.9, -22.4
332, 16.9, -22.4
333, 16.9, -22.4
334, 16.9, -22.4
335, 16.9, -22.4
336, 16.9, -22.4
337, 16.9, -22.4
338, 16.9, -22.4
339, 16.9, -22.4
340, 16.9, -22.4
341, 16.9, -22.4
342, 16.9, -22.5
343, 16.9, -22.5
344, 16.9, -22.5
345, 16.9, -22.5
346, 16.8, -22.5
347, 16.8, -22.5
348, 16.8, -22.5
349, 16.8, -22.5
350, 16.8, -22.5
351, 16.8, -22.5
352, 16.8, -22.5
353, 16.8, -22.5
354, 16.8, -22.5
355, 16.8, -22.5
356, 16.8, -22.5
357, 16.8, -22.5
358, 16.8, -22.5
359, 16.8, -22.5
360, 16.8, -22.5
361, 16.8, -22.5
362, 16.8, -22.5
363, 16.8, -22.5
364, 16.8, -22.5
365, 16.8, -22.5
366, 16.8, -22.5
367, 16.8, -22.5
368, 16.8, -22.5
369, 16.8, -22.5
370, 16.8, -22.5
371, 16.8, -22.5
372, 16.8, -22.5
373, 16.8, -22.4
374, 16.8, -22.4
375, 16.8, -22.4
376, 16.8, -22.4
377, 16.8, -22.4
378, 16.8, -22.4
379, 16.8, -22.5
380, 16.8, -22.5
381, 16.8, -22.5
382, 16.8, -22.5
383, 16.8, -22.5
384, 16.8, -22.5
385, 16.8, -22.5
386, 16.8, -22.5
387, 16.8, -22.5
388, 16.8, -22.5
389, 16.8, -22.5
390, 16.8, -22.5
391, 16.8, -22.5
392, 16.8, -22.5
393, 16.8, -22.5
394, 16.8, -22.5
395, 16.8, -22.5
396, 16.8, -22.5
397, 16.8, -22.5
398, 16.8, -22.5
399, 16.8, -22.5
400, 16.8, -22.5
401, 16.8, -22.5
402, 16.8, -22.5
403, 16.8, -22.5
404, 16.8, -22.5
405, 16.8, -22.5
406, 16.8, -22.5
407, 16.8, -22.5
408, 16.8, -22.5
409, 16.8, -22.6
410, 16.8, -22.6
411, 16.8, -22.6
412, 16.8, -22.6
413, 16.8, -22.6
414, 16.8, -22.6
415, 16.8, -22.6
416, 16.8, -22.6
417, 16.8, -22.6
418, 16.8, -22.6
419, 16.8, -22.6
420, 16.8, -22.6
421, 16.8, -22.6
422, 16.8, -22.6
423, 16.9, -22.6
424, 16.9, -22.5
425, 16.9, -22.5
426, 16.9, -22.5
427, 16.9, -22.5
428, 16.9, -22.5
429, 16.9, -22.5
430, 16.9, -22.5
431, 16.9, -22.5
432, 16.9, -22.6
433, 16.9, -22.6
434, 16.9, -22.6
435, 16.9, -22.6
436, 16.9, -22.6
437, 16.9, -22.6
438, 16.9, -22.6
439, 16.9, -22.6
440, 16.9, -22.6
441, 16.9, -22.5
442, 16.9, -22.5
443, 16.9, -22.5
444, 16.8, -22.5
445, 16.8, -22.5
446, 16.8, -22.5
447, 16.8, -22.5
448, 16.8, -22.5
449, 16.8, -22.5
450, 16.8, -22.5
451, 16.8, -22.5
452, 16.8, -22.5
453, 16.8, -22.5
454, 16.8, -22.5
455, 16.8, -22.5
456, 16.8, -22.5
457, 16.8, -22.4
458, 16.8, -22.4
459, 16.8, -22.4
460, 16.8, -22.4
461, 16.8, -22.4
462, 16.8, -22.4
463, 16.8, -22.5
464, 16.8, -22.5
465, 16.8, -22.5
466, 16.8, -22.5
467, 16.8, -22.5
468, 16.8, -22.5
469, 16.8, -22.5
470, 16.8, -22.5
471, 16.8, -22.5
472, 16.8, -22.5
473, 16.8, -22.5
474, 16.8, -22.5
475, 16.8, -22.5
476, 16.8, -22.5
477, 16.8, -22.5
478, 16.8, -22.5
479, 16.8, -22.5
480, 16.9, -22.5
481, 16.9, -22.5
482, 16.9, -22.5
483, 16.9, -22.5
484, 16.9, -22.5
485, 16.9, -22.5
486, 16.9, -22.5
487, 16.9, -22.6
488, 16.9, -22.6
489, 16.9, -22.6
490, 16.9, -22.6
491, 16.9, -22.6
492, 16.9, -22.6
493, 16.9, -22.6
494, 16.9, -22.6
495, 16.9, -22.6
496, 16.9, -22.6
497, 16.9, -22.6
498, 16.9, -22.6
499, 16.9, -22.6
500, 16.9, -22.6
501, 16.9, -22.5
502, 16.9, -22.5
503, 16.9, -22.5
504, 16.9, -22.5
505, 16.9, -22.5
506, 16.8, -22.6
507, 16.8, -22.6
508, 16.8, -22.6
509, 16.8, -22.6
510, 16.8, -22.6
511, 16.8, -22.6
512, 16.8, -22.6
513, 16.8, -22.6
514, 16.8, -22.6
515, 16.8, -22.6
516, 16.8, -22.6
517, 16.8, -22.6
518, 16.8, -22.6
519, 16.8, -22.6
520, 16.8, -22.6
521, 16.8, -22.6
522, 16.8, -22.6
523, 16.8, -22.6
524, 16.8, -22.6
525, 16.8, -22.6
526, 16.8, -22.6
527, 16.8, -22.6
528, 16.8, -22.6
529, 16.8, -22.6
530, 16.8, -22.6
531, 16.8, -22.6
532, 16.8, -22.6
533, 16.8, -22.6
534, 16.8, -22.6
535, 16.8, -22.6
536, 16.8, -22.6
537, 16.8, -22.6
538, 16.8, -22.6
539, 16.8, -22.6
540, 16.8, -22.6
541, 16.8, -22.6
542, 16.8, -22.6
543, 16.8, -22.6
544, 16.8, -22.6
545, 16.8, -22.6
546, 16.8, -22.6
547, 16.8, -22.6
548, 16.8, -22.6
549, 16.8, -22.6
550, 16.8, -22.6
551, 16.8, -22.5
552, 16.8, -22.5
553, 16.8, -22.5
554, 16.8, -22.5
555, 16.8, -22.5
556, 16.8, -22.5
557, 16.8, -22.5
558, 16.8, -22.5
559, 16.8, -22.5
560, 16.8, -22.6
561, 16.8, -22.6
562, 16.8, -22.6
563, 16.8, -22.6
564, 16.8, -22.6
565, 16.8, -22.6
566, 16.8, -22.6
567, 16.8, -22.6
568, 16.8, -22.6
569, 16.8, -22.6
570, 16.8, -22.6
571, 16.8, -22.6
572, 16.8, -22.6
573, 16.8, -22.6
574, 16.8, -22.6
575, 16.8, -22.6
576, 16.8, -22.6
577, 16.8, -22.6
578, 16.8, -22.6
579, 16.8, -22.6
580, 16.8, -22.6
581, 16.8, -22.6
582, 16.8, -22.5
583, 16.8, -22.5
584, 16.8, -22.5
585, 16.8, -22.5
586, 16.8, -22.5
587, 16.8, -22.5
588, 16.8, -22.5
589, 16.8, -22.5
590, 16.8, -22.5
591, 16.8, -22.5
592, 16.8, -22.5
593, 16.8, -22.5
594, 16.8, -22.5
595, 16.8, -22.5
596, 16.8, -22.5
597, 16.8, -22.5
598, 16.8, -22.5
599, 16.8, -22.5
600, 16.8, -22.5
601, 16.8, -22.5
602, 16.8, -22.5
603, 16.8, -22.5
604, 16.8, -22.5
605, 16.8, -22.6
606, 16.8, -22.6
607, 16.8, -22.6
608, 16.8, -22.6
609, 16.8, -22.6
610, 16.8, -22.6
611, 16.8, -22.6
612, 16.8, -22.6
613, 16.8, -22.6
614, 16.8, -22.6
615, 16.8, -22.6
616, 16.8, -22.6
617, 16.8, -22.6
618, 16.8, -22.6
619, 16.8, -22.6
620, 16.8, -22.6
621, 16.8, -22.6
622, 16.8, -22.6
623, 16.8, -22.6
624, 16.8, -22.6
625, 16.8, -22.6
626, 16.8, -22.6
627, 16.8, -22.6
628, 16.8, -22.6
629, 16.8, -22.6
630, 16.8, -22.6
631, 16.8, -22.6
632, 16.8, -22.6
633, 16.8, -22.6
634, 16.8, -22.6
635, 16.8, -22.6
636, 16.8, -22.6
637, 16.8, -22.6
638, 16.8, -22.6
639, 16.8, -22.6
640, 16.8, -22.6
641, 16.8, -22.6
642, 16.8, -22.6
643, 16.8, -22.6
644, 16.8, -22.6
645, 16.8, -22.6
646, 16.8, -22.6
647, 16.8, -22.5
648, 16.8, -22.5
649, 16.8, -22.5
650, 16.8, -22.4
651, 16.8, -22.4
652, 16.8, -22.4
653, 16.8, -22.4
654, 16.9, -22.4
655, 16.9, -22.4
656, 16.9, -22.4
657, 16.9, -22.4
658, 16.9, -22.4
659, 16.9, -22.4
660, 16.9, -22.4
661, 16.9, -22.5
662, 16.9, -22.5
663, 16.9, -22.5
664, 16.9, -22.5
665, 16.9, -22.5
666, 16.9, -22.5
667, 16.9, -22.5
668, 16.9, -22.5
669, 16.9, -22.5
670, 16.9, -22.5
671, 16.9, -22.5
672, 16.9, -22.5
673, 16.9, -22.5
674, 16.9, -22.5
675, 16.9, -22.5
676, 16.9, -22.5
677, 16.9, -22.5
678, 16.9, -22.5
679, 16.9, -22.5
680, 16.8, -22.5
681, 16.8, -22.5
682, 16.8, -22.5
683, 16.8, -22.5
684, 16.8, -22.5
685, 16.8, -22.5
686, 16.8, -22.5
687, 16.8, -22.5
688, 16.8, -22.5
689, 16.8, -22.5
690, 16.8, -22.5
691, 16.8, -22.5
692, 16.8, -22.6
693, 16.8, -22.6
694, 16.8, -22.6
695, 16.8, -22.6
696, 16.8, -22.6
697, 16.8, -22.6
698, 16.8, -22.6
699, 16.9, -22.6
700, 16.9, -22.6
701, 16.9, -22.6
702, 16.9, -22.6
703, 16.9, -22.6
704, 16.9, -22.6
705, 16.9, -22.6
706, 16.9, -22.6
707, 16.9, -22.6
708, 16.9, -22.6
709, 16.9, -22.5
710, 16.9, -22.5
711, 16.9, -22.5
712, 16.9, -22.5
713, 16.9, -22.5
714, 16.9, -22.5
715, 16.9, -22.5
716, 16.9, -22.6
717, 16.9, -22.6
718, 16.9, -22.6
719, 16.9, -22.6
720, 16.9, -22.6
721, 16.9, -22.5
722, 16.9, -22.5
723, 16.9, -22.5
724, 16.9, -22.6
725, 16.9, -22.6
726, 16.9, -22.6
727, 16.9, -22.6
728, 16.9, -22.6
729, 16.9, -22.6
730, 16.9, -22.6
731, 16.9, -22.6
732, 16.9, -22.6
733, 16.9, -22.6
734, 16.9, -22.6
735, 16.9, -22.6
736, 16.9, -22.6
737, 16.8, -22.5
738, 16.8, -22.5
739, 16.8, -22.5
740, 16.8, -22.5
741, 16.8, -22.5
742, 16.8, -22.5
743, 16.8, -22.5
744, 16.8, -22.5
745, 16.8, -22.5
746, 16.8, -22.4
747, 16.9, -22.4
748, 16.9, -22.4
749, 16.9, -22.4
750, 16.9, -22.4
751, 16.9, -22.4
752, 16.8, -22.4
753, 16.8, -22.5
754, 16.8, -22.5
755, 16.8, -22.5
756, 16.8, -22.5
757, 16.9, -22.5
758, 16.9, -22.5
759, 16.9, -22.5
760, 16.9, -22.5
761, 16.9, -22.5
762, 16.9, -22.5
763, 16.9, -22.5
764, 16.9, -22.5
765, 16.9, -22.6
766, 16.9, -22.6
767, 16.8, -22.6
768, 16.8, -22.6
769, 16.8, -22.6
770, 16.8, -22.6
771, 16.8, -22.6
772, 16.8, -22.6
773, 16.8, -22.6
774, 16.8, -22.6
775, 16.8, -22.6
776, 16.8, -22.6
777, 16.8, -22.6
778, 16.8, -22.6
779, 16.8, -22.6
780, 16.9, -22.6
781, 16.9, -22.6
782, 16.9, -22.6
783, 16.9, -22.5
784, 16.8, -22.5
785, 16.8, -22.5
786, 16.8, -22.5
787, 16.8, -22.5
788, 16.8, -22.5
789, 16.8, -22.5
790, 16.8, -22.5
791, 16.8, -22.5
792, 16.8, -22.5
793, 16.9, -22.5
794, 16.9, -22.5
795, 16.9, -22.5
796, 16.9, -22.5
797, 16.9, -22.5
798, 16.9, -22.5
799, 16.9, -22.5
800, 16.9, -22.5
801, 16.9, -22.5
802, 16.9, -22.5
803, 16.9, -22.5
804, 16.9, -22.5
805, 16.9, -22.5
806, 16.9, -22.5
807, 16.9, -22.5
808, 16.9, -22.5
809, 16.9, -22.5
810, 16.9, -22.5
811, 16.9, -22.5
812, 16.9, -22.5
813, 16.9, -22.5
814, 16.9, -22.5
815, 16.9, -22.5
816, 16.9, -22.5
817, 16.9, -22.5
818, 16.9, -22.5
819, 16.9, -22.5
820, 16.9, -22.5
821, 16.9, -22.5
822, 16.9, -22.5
823, 16.9, -22.5
824, 16.9, -22.5
825, 16.9, -22.5
826, 16.9, -22.5
827, 16.9, -22.5
828, 16.9, -22.5
829, 16.9, -22.5
830, 16.9, -22.5
831, 16.9, -22.5
832, 16.9, -22.5
833, 16.9, -22.4
834, 16.9, -22.4
835, 16.9, -22.4
836, 16.9, -22.4
837, 16.9, -22.4
838, 16.9, -22.4
839, 16.9, -22.4
840, 16.8, -22.5
841, 16.8, -22.5
842, 16.8, -22.6
843, 16.8, -22.6
844, 16.8, -22.6
845, 16.8, -22.6
846, 16.8, -22.6
847, 16.8, -22.6
848, 16.8, -22.6
849, 16.8, -22.6
850, 16.8, -22.6
851, 16.8, -22.6
852, 16.8, -22.6
853, 16.8, -22.6
854, 16.8, -22.6
855, 16.8, -22.6
856, 16.8, -22.5
857, 16.8, -22.5
858, 16.8, -22.5
859, 16.8, -22.5
860, 16.8, -22.5
861, 16.8, -22.5
862, 16.8, -22.5
863, 16.8, -22.5
864, 16.8, -22.5
865, 16.8, -22.5
866, 16.8, -22.5
867, 16.8, -22.5
868, 16.8, -22.5
869, 16.8, -22.5
870, 16.8, -22.5
871, 16.8, -22.5
872, 16.8, -22.5
873, 16.7, -22.5
874, 16.7, -22.5
875, 16.7, -22.5
876, 16.7, -22.5
877, 16.7, -22.5
878, 16.7, -22.5
879, 16.7, -22.5
880, 16.7, -22.5
881, 16.7, -22.5
882, 16.8, -22.5
883, 16.8, -22.5
884, 16.8, -22.5
885, 16.8, -22.5
886, 16.8, -22.5
887, 16.8, -22.5
888, 16.8, -22.5
889, 16.8, -22.5
890, 16.8, -22.5
891, 16.8, -22.5
892, 16.8, -22.5
893, 16.8, -22.5
894, 16.9, -22.5
895, 16.9, -22.5
896, 16.9, -22.5
897, 16.9, -22.5
898, 16.9, -22.5
899, 16.9, -22.5
900, 16.9, -22.5
901, 16.9, -22.5
902, 16.9, -22.5
903, 16.9, -22.5
904, 16.9, -22.5
905, 16.9, -22.5
906, 16.9, -22.5
907, 16.9, -22.5
908, 16.9, -22.5
909, 16.9, -22.5
910, 16.9, -22.5
911, 16.9, -22.5
912, 16.9, -22.5
913, 16.9, -22.5
914, 16.9, -22.5
915, 16.9, -22.5
916, 16.9, -22.5
917, 16.8, -22.5
918, 16.8, -22.5
919, 16.8, -22.5
920, 16.8, -22.5
921, 16.8, -22.5
922, 16.8, -22.5
923, 16.8, -22.5
924, 16.8, -22.5
925, 16.8, -22.5
926, 16.8, -22.5
927, 16.9, -22.5
928, 16.9, -22.6
929, 16.9, -22.6
930, 16.9, -22.6
931, 16.9, -22.6
932, 16.9, -22.6
933, 16.9, -22.6
934, 16.9, -22.6
935, 16.9, -22.6
936, 16.9, -22.6
937, 16.9, -22.6
938, 16.9, -22.6
939, 16.9, -22.6
940, 16.9, -22.6
941, 16.9, -22.6
942, 16.9, -22.6
943, 16.9, -22.6
944, 16.9, -22.6
945, 16.9, -22.6
946, 16.9, -22.6
947, 16.9, -22.6
948, 16.9, -22.6
949, 16.9, -22.6
950, 16.9, -22.6
951, 16.9, -22.6
952, 16.9, -22.6
953, 16.9, -22.6
954, 16.9, -22.6
955, 16.9, -22.6
956, 16.9, -22.6
957, 16.9, -22.6
958, 16.9, -22.6
959, 16.9, -22.6
960, 16.9, -22.6
961, 16.9, -22.6
962, 16.9, -22.6
963, 16.9, -22.6
964, 16.9, -22.6
965, 16.9, -22.6
966, 16.9, -22.6
967, 16.9, -22.6
968, 16.9, -22.6
969, 16.9, -22.5
970, 16.9, -22.5
971, 16.9, -22.5
972, 16.9, -22.5
973, 16.9, -22.5
974, 16.9, -22.5
975, 16.9, -22.5
976, 16.9, -22.5
977, 16.9, -22.5
978, 16.9, -22.5
979, 16.8, -22.5
980, 16.8, -22.5
981, 16.8, -22.6
982, 16.8, -22.6
983, 16.8, -22.5
984, 16.8, -22.5
985, 16.8, -22.5
986, 16.8, -22.5
987, 16.8, -22.5
988, 16.8, -22.5
989, 16.8, -22.5
990, 16.8, -22.5
991, 16.8, -22.5
992, 16.8, -22.5
993, 16.8, -22.5
994, 16.8, -22.5
995, 16.8, -22.5
996, 16.8, -22.5
997, 16.8, -22.4
998, 16.8, -22.4
999, 16.8, -22.4
1000, 16.8, -22.4
1001, 16.8, -22.4
1002, 16.8, -22.4
1003, 16.8, -22.4
1004, 16.8, -22.4
1005, 16.8, -22.4
1006, 16.8, -22.4
1007, 16.8, -22.4
1008, 16.8, -22.4
1009, 16.8, -22.4
1010, 16.8, -22.4
1011, 16.8, -22.4
1012, 16.8, -22.5
1013, 16.8, -22.5
1014, 16.8, -22.5
1015, 16.8, -22.5
1016, 16.9, -22.5
1017, 16.9, -22.5
1018, 16.9, -22.5
1019, 16.9, -22.5
1020, 16.9, -22.5
1021, 16.9, -22.5
1022, 16.9, -22.5
1023, 16.9, -22.5
1024, 16.9, -22.5
1025, 16.9, -22.5
1026, 16.9, -22.5
1027, 16.9, -22.5
1028, 16.9, -22.4
1029, 16.9, -22.4
1030, 16.9, -22.5
1031, 16.9, -22.5
1032, 16.9, -22.5
1033, 16.9, -22.5
1034, 16.9, -22.5
1035, 16.9, -22.5
1036, 16.9, -22.5
1037, 16.9, -22.5
1038, 16.9, -22.5
1039, 16.9, -22.5
1040, 16.9, -22.5
1041, 16.9, -22.5
1042, 16.9, -22.6
1043, 16.9, -22.6
1044, 16.9, -22.6
1045, 16.9, -22.6
1046, 16.9, -22.6
1047, 16.9, -22.6
1048, 16.9, -22.6
1049, 16.9, -22.5
1050, 16.9, -22.5
1051, 16.9, -22.5
1052, 16.9, -22.5
1053, 16.9, -22.5
1054, 16.8, -22.5
1055, 16.8, -22.5
1056, 16.8, -22.5
1057, 16.8, -22.5
1058, 16.8, -22.5
1059, 16.8, -22.6
1060, 16.8, -22.6
1061, 16.8, -22.6
1062, 16.8, -22.6
1063, 16.8, -22.6
1064, 16.8, -22.5
1065, 16.7, -22.5
1066, 16.7, -22.5
1067, 16.7, -22.5
1068, 16.7, -22.5
1069, 16.7, -22.5
1070, 16.7, -22.5
1071, 16.7, -22.5
1072, 16.7, -22.5
1073, 16.7, -22.5
1074, 16.7, -22.5
1075, 16.7, -22.5
1076, 16.7, -22.5
1077, 16.7, -22.5
1078, 16.7, -22.5
1079, 16.7, -22.5
1080, 16.7, -22.5
1081, 16.7, -22.5
1082, 16.7, -22.5
1083, 16.7, -22.5
1084, 16.7, -22.5
1085, 16.8, -22.5
1086, 16.8, -22.5
1087, 16.8, -22.5
1088, 16.9, -22.5
1089, 16.9, -22.5
1090, 16.9, -22.5
1091, 16.9, -22.5
1092, 16.9, -22.5
1093, 16.9, -22.6
1094, 16.9, -22.5
1095, 16.9, -22.5
1096, 16.9, -22.5
1097, 16.9, -22.5
1098, 16.9, -22.5
1099, 16.9, -22.5
1100, 16.9, -22.5
1101, 16.9, -22.5
1102, 16.9, -22.5
1103, 16.9, -22.5
1104, 16.9, -22.5
1105, 16.9, -22.5
1106, 16.9, -22.5
1107, 16.9, -22.6
1108, 16.9, -22.6
1109, 16.8, -22.6
1110, 16.8, -22.6
1111, 16.8, -22.6
1112, 16.9, -22.6
1113, 16.9, -22.6
1114, 16.9, -22.6
1115, 16.9, -22.6
1116, 16.9, -22.6
1117, 16.9, -22.6
1118, 16.9, -22.5
1119, 16.9, -22.5
1120, 16.9, -22.5
1121, 16.9, -22.5
1122, 16.9, -22.5
1123, 16.9, -22.6
1124, 16.9, -22.6
1125, 16.9, -22.6
1126, 16.9, -22.6
1127, 16.9, -22.6
1128, 16.9, -22.6
1129, 16.9, -22.6
1130, 16.9, -22.6
1131, 16.9, -22.5
1132, 16.9, -22.5
1133, 16.9, -22.5
1134, 16.9, -22.5
1135, 16.9, -22.5
1136, 16.9, -22.5
1137, 16.9, -22.5
1138, 16.9, -22.5
1139, 16.9, -22.6
1140, 16.9, -22.6
1141, 16.8, -22.6
1142, 16.8, -22.6
1143, 16.8, -22.6
1144, 16.8, -22.6
1145, 16.8, -22.6
1146, 16.8, -22.6
1147, 16.8, -22.5
1148, 16.8, -22.5
1149, 16.8, -22.5
1150, 16.8, -22.5
1151, 16.8, -22.5
1152, 16.8, -22.5
1153, 16.8, -22.5
1154, 16.8, -22.5
1155, 16.8, -22.5
1156, 16.8, -22.5
1157, 16.8, -22.5
1158, 16.8, -22.5
1159, 16.8, -22.5
1160, 16.8, -22.5
1161, 16.8, -22.5
1162, 16.8, -22.5
1163, 16.8, -22.5
1164, 16.8, -22.5
1165, 16.9, -22.4
1166, 16.9, -22.4
1167, 16.9, -22.4
1168, 16.9, -22.4
1169, 16.9, -22.4
1170, 16.9, -22.4
1171, 16.9, -22.5
1172, 16.9, -22.5
1173, 16.9, -22.5
1174, 16.9, -22.5
1175, 16.9, -22.5
1176, 16.9, -22.5
1177, 16.9, -22.5
1178, 16.9, -22.5
1179, 16.9, -22.5
1180, 16.9, -22.5
1181, 16.9, -22.5
1182, 16.9, -22.6
1183, 16.9, -22.6
1184, 16.9, -22.6
1185, 16.9, -22.6
1186, 16.9, -22.6
1187, 16.9, -22.6
1188, 16.9, -22.6
1189, 16.9, -22.6
1190, 16.9, -22.6
1191, 16.9, -22.6
1192, 16.9, -22.6
1193, 16.9, -22.6
1194, 16.9, -22.6
1195, 16.9, -22.6
1196, 16.9, -22.6
1197, 16.9, -22.5
1198, 16.9, -22.5
1199, 16.9, -22.5
1200, 16.9, -22.5
1201, 16.8, -22.5
1202, 16.8, -22.5
1203, 16.8, -22.5
1204, 16.8, -22.5
1205, 16.8, -22.5
1206, 16.8, -22.5
1207, 16.8, -22.5
1208, 16.8, -22.6
1209, 16.8, -22.6
1210, 16.8, -22.6
1211, 16.8, -22.6
1212, 16.8, -22.6
1213, 16.8, -22.6
1214, 16.8, -22.6
1215, 16.8, -22.6
1216, 16.8, -22.6
1217, 16.8, -22.6
1218, 16.8, -22.5
1219, 16.8, -22.5
1220, 16.8, -22.5
1221, 16.8, -22.5
1222, 16.8, -22.5
1223, 16.8, -22.5
1224, 16.8, -22.5
1225, 16.8, -22.5
1226, 16.8, -22.5
1227, 16.7, -22.5
1228, 16.7, -22.5
1229, 16.7, -22.5
1230, 16.7, -22.6
1231, 16.7, -22.6
1232, 16.7, -22.6
1233, 16.7, -22.6
1234, 16.7, -22.6
1235, 16.7, -22.6
1236, 16.7, -22.5
1237, 16.7, -22.5
1238, 16.7, -22.5
1239, 16.7, -22.5
1240, 16.7, -22.5
1241, 16.7, -22.5
1242, 16.7, -22.5
1243, 16.7, -22.5
1244, 16.7, -22.5
1245, 16.7, -22.5
1246, 16.7, -22.6
1247, 16.7, -22.6
1248, 16.7, -22.6
1249, 16.7, -22.5
1250, 16.8, -22.5
1251, 16.8, -22.5
1252, 16.8, -22.5
1253, 16.8, -22.5
1254, 16.8, -22.5
1255, 16.8, -22.5
1256, 16.8, -22.5
1257, 16.8, -22.5
1258, 16.8, -22.5
1259, 16.8, -22.5
1260, 16.8, -22.6
1261, 16.8, -22.5
1262, 16.8, -22.5
1263, 16.8, -22.5
1264, 16.8, -22.5
1265, 16.8, -22.5
1266, 16.8, -22.5
1267, 16.8, -22.5
1268, 16.8, -22.5
1269, 16.8, -22.5
1270, 16.8, -22.5
1271, 16.8, -22.5
1272, 16.8, -22.5
1273, 16.8, -22.5
1274, 16.8, -22.6
1275, 16.8, -22.6
1276, 16.8, -22.6
1277, 16.8, -22.6
1278, 16.8, -22.6
1279, 16.8, -22.6
1280, 16.8, -22.6
1281, 16.8, -22.6
1282, 16.8, -22.6
1283, 16.8, -22.6
1284, 16.8, -22.6
1285, 16.8, -22.6
1286, 16.8, -22.6
1287, 16.8, -22.6
1288, 16.8, -22.6
1289, 16.8, -22.6
1290, 16.8, -22.6
1291, 16.8, -22.6
1292, 16.8, -22.6
1293, 16.8, -22.6
1294, 16.8, -22.6
1295, 16.8, -22.6
1296, 16.8, -22.5
1297, 16.8, -22.5
1298, 16.8, -22.5
1299, 16.8, -22.5
1300, 16.8, -22.5
1301, 16.8, -22.5
1302, 16.8, -22.5
1303, 16.9, -22.5
1304, 16.9, -22.5
1305, 16.9, -22.5
1306, 16.9, -22.6
1307, 16.9, -22.6
1308, 16.9, -22.6
1309, 16.8, -22.6
1310, 16.8, -22.5
1311, 16.8, -22.5
1312, 16.8, -22.4
1313, 16.8, -22.4
1314, 16.8, -22.4
1315, 16.8, -22.4
1316, 16.8, -22.4
1317, 16.8, -22.4
1318, 16.8, -22.4
1319, 16.8, -22.4
1320, 16.8, -22.4
1321, 16.8, -22.4
1322, 16.8, -22.4
1323, 16.8, -22.4
1324, 16.8, -22.4
1325, 16.8, -22.4
1326, 16.8, -22.4
1327, 16.8, -22.4
1328, 16.8, -22.5
1329, 16.8, -22.5
1330, 16.8, -22.5
1331, 16.9, -22.5
1332, 16.9, -22.5
1333, 16.9, -22.5
1334, 16.8, -22.5
1335, 16.8, -22.5
1336, 16.8, -22.6
1337, 16.8, -22.6
1338, 16.8, -22.6
1339, 16.8, -22.6
1340, 16.8, -22.6
1341, 16.8, -22.6
1342, 16.8, -22.6
1343, 16.8, -22.6
1344, 16.8, -22.6
1345, 16.8, -22.6
1346, 16.8, -22.6
1347, 16.8, -22.6
1348, 16.8, -22.6
1349, 16.8, -22.6
1350, 16.8, -22.6
1351, 16.8, -22.6
1352, 16.8, -22.6
1353, 16.8, -22.6
1354, 16.8, -22.6
1355, 16.9, -22.6
1356, 16.9, -22.6
1357, 16.9, -22.6
1358, 16.9, -22.6
1359, 16.9, -22.6
1360, 16.9, -22.6
1361, 16.9, -22.5
1362, 16.9, -22.5
1363, 16.9, -22.5
1364, 16.8, -22.5
1365, 16.8, -22.5
1366, 16.8, -22.5
1367, 16.8, -22.5
1368, 16.8, -22.5
1369, 16.8, -22.5
1370, 16.8, -22.5
1371, 16.8, -22.6
1372, 16.8, -22.6
1373, 16.8, -22.6
1374, 16.8, -22.6
1375, 16.8, -22.6
1376, 16.8, -22.6
1377, 16.8, -22.6
1378, 16.8, -22.6
1379, 16.8, -22.6
1380, 16.8, -22.6
1381, 16.8, -22.6
1382, 16.8, -22.6
1383, 16.8, -22.6
1384, 16.8, -22.6
1385, 16.8, -22.6
1386, 16.8, -22.6
1387, 16.8, -22.6
1388, 16.8, -22.5
1389, 16.8, -22.5
1390, 16.8, -22.5
1391, 16.8, -22.5
1392, 16.8, -22.5
1393, 16.8, -22.5
1394, 16.8, -22.5
1395, 16.8, -22.5
1396, 16.8, -22.5
1397, 16.8, -22.5
1398, 16.8, -22.5
1399, 16.8, -22.5
1400, 16.8, -22.5
1401, 16.8, -22.5
1402, 16.8, -22.5
1403, 16.8, -22.5
1404, 16.8, -22.5
1405, 16.8, -22.5
1406, 16.8, -22.5
1407, 16.8, -22.5
1408, 16.8, -22.5
1409, 16.8, -22.5
1410, 16.8, -22.5
1411, 16.8, -22.5
1412, 16.8, -22.5
1413, 16.8, -22.5
1414, 16.8, -22.5
1415, 16.8, -22.5
1416, 16.8, -22.5
1417, 16.8, -22.5
1418, 16.8, -22.5
1419, 16.8, -22.5
1420, 16.8, -22.5
1421, 16.8, -22.5
1422, 16.8, -22.6
1423, 16.8, -22.5
1424, 16.8, -22.5
1425, 16.8, -22.5
1426, 16.7, -22.5
1427, 16.7, -22.5
1428, 16.7, -22.5
1429, 16.7, -22.5
1430, 16.7, -22.5
1431, 16.7, -22.5
1432, 16.7, -22.5
1433, 16.7, -22.5
1434, 16.7, -22.5
1435, 16.7, -22.5
1436, 16.7, -22.5
1437, 16.7, -22.5
1438, 16.7, -22.5
1439, 16.7, -22.5
1440, 16.7, -22.5
1441, 16.7, -22.5
1442, 16.7, -22.5
1443, 16.7, -22.5
1444, 16.7, -22.5
1445, 16.7, -22.5
1446, 16.7, -22.5
1447, 16.7, -22.5
1448, 16.7, -22.6
1449, 16.7, -22.6
1450, 16.7, -22.6
1451, 16.7, -22.6
1452, 16.7, -22.6
1453, 16.7, -22.6
1454, 16.7, -22.6
1455, 16.7, -22.6
1456, 16.7, -22.6
1457, 16.7, -22.6
1458, 16.7, -22.6
1459, 16.7, -22.6
1460, 16.7, -22.6
1461, 16.7, -22.6
1462, 16.7, -22.6
1463, 16.8, -22.5
1464, 16.9, -22.5
1465, 16.9, -22.5
1466, 16.9, -22.5
1467, 16.9, -22.5
1468, 16.9, -22.5
1469, 16.9, -22.5
1470, 16.9, -22.5
1471, 16.9, -22.5
1472, 16.9, -22.5
1473, 16.9, -22.5
1474, 16.9, -22.5
1475, 16.9, -22.5
1476, 16.9, -22.5
1477, 16.9, -22.5
1478, 16.9, -22.5
1479, 16.9, -22.5
1480, 16.9, -22.5
1481, 16.9, -22.5
1482, 16.9, -22.5
1483, 16.9, -22.5
1484, 16.9, -22.5
1485, 16.9, -22.5
1486, 16.9, -22.5
1487, 16.9, -22.5
1488, 16.9, -22.5
1489, 16.9, -22.5
1490, 16.9, -22.5
1491, 16.9, -22.5
1492, 16.9, -22.5
1493, 16.9, -22.5
1494, 16.9, -22.6
1495, 16.9, -22.6
1496, 16.9, -22.6
1497, 16.9, -22.6
1498, 16.9, -22.6
1499, 16.9, -22.6
1500, 16.9, -22.6
1501, 16.9, -22.6
1502, 16.9, -22.6
1503, 16.9, -22.6
1504, 16.9, -22.6
1505, 16.9, -22.6
1506, 16.9, -22.6
1507, 16.9, -22.5
1508, 16.9, -22.5
1509, 16.9, -22.5
1510, 16.9, -22.5
1511, 16.9, -22.5
1512, 16.9, -22.5
1513, 16.9, -22.5
1514, 16.9, -22.5
1515, 16.9, -22.5
1516, 16.9, -22.5
1517, 16.9, -22.5
1518, 16.9, -22.5
1519, 16.9, -22.5
1520, 16.9, -22.5
1521, 16.9, -22.5
1522, 16.9, -22.5
1523, 16.9, -22.5
1524, 16.9, -22.5
1525, 16.9, -22.5
1526, 16.9, -22.5
1527, 16.9, -22.5
1528, 16.9, -22.5
1529, 16.9, -22.5
1530, 16.9, -22.5
1531, 16.9, -22.6
1532, 16.9, -22.6
1533, 16.9, -22.6
1534, 16.9, -22.6
1535, 16.9, -22.6
1536, 16.9, -22.5
1537, 16.9, -22.5
1538, 16.9, -22.5
1539, 16.9, -22.5
1540, 16.9, -22.5
1541, 16.9, -22.5
1542, 16.9, -22.5
1543, 16.9, -22.5
1544, 16.9, -22.5
1545, 16.9, -22.5
1546, 16.9, -22.5
1547, 16.9, -22.5
1548, 16.9, -22.5
1549, 16.9, -22.5
1550, 16.9, -22.5
1551, 16.9, -22.5
1552, 16.9, -22.5
1553, 16.9, -22.5
1554, 16.9, -22.5
1555, 16.9, -22.5
1556, 16.9, -22.5
1557, 16.9, -22.5
1558, 16.9, -22.5
1559, 16.9, -22.6
1560, 16.9, -22.6
1561, 16.9, -22.6
1562, 16.9, -22.6
1563, 16.9, -22.6
1564, 16.9, -22.6
1565, 16.9, -22.6
1566, 16.9, -22.6
1567, 16.9, -22.6
1568, 16.9, -22.6
1569, 16.9, -22.5
1570, 16.8, -22.5
1571, 16.8, -22.5
1572, 16.8, -22.5
1573, 16.8, -22.5
1574, 16.8, -22.5
1575, 16.8, -22.5
1576, 16.8, -22.5
1577, 16.8, -22.5
1578, 16.8, -22.5
1579, 16.8, -22.5
1580, 16.8, -22.5
1581, 16.9, -22.5
1582, 16.9, -22.5
1583, 16.9, -22.5
1584, 16.9, -22.5
1585, 16.9, -22.5
1586, 16.9, -22.5
1587, 16.9, -22.5
1588, 16.9, -22.5
1589, 16.9, -22.5
1590, 16.9, -22.5
1591, 16.9, -22.5
1592, 16.9, -22.5
1593, 16.9, -22.5
1594, 16.9, -22.5
1595, 16.9, -22.5
1596, 16.9, -22.5
1597, 16.9, -22.5
1598, 16.9, -22.5
1599, 16.9, -22.5
1600, 16.9, -22.5
1601, 16.9, -22.5
1602, 16.9, -22.5
1603, 16.8, -22.5
1604, 16.8, -22.5
1605, 16.8, -22.6
1606, 16.8, -22.6
1607, 16.8, -22.6
1608, 16.8, -22.6
1609, 16.8, -22.6
1610, 16.8, -22.6
1611, 16.8, -22.6
1612, 16.8, -22.6
1613, 16.8, -22.6
1614, 16.8, -22.6
1615, 16.8, -22.6
1616, 16.8, -22.6
1617, 16.8, -22.7
1618, 16.8, -22.7
1619, 16.8, -22.7
1620, 16.8, -22.7
1621, 16.8, -22.7
1622, 16.9, -22.7
1623, 16.9, -22.7
1624, 16.9, -22.7
1625, 16.9, -22.7
1626, 16.9, -22.7
1627, 16.9, -22.7
1628, 16.9, -22.7
1629, 16.9, -22.7
1630, 16.9, -22.7
1631, 16.9, -22.7
1632, 16.9, -22.7
1633, 16.9, -22.7
1634, 16.8, -22.7
1635, 16.8, -22.7
1636, 16.8, -22.7
1637, 16.8, -22.7
1638, 16.8, -22.7
1639, 16.8, -22.7
1640, 16.8, -22.6
1641, 16.8, -22.6
1642, 16.8, -22.6
1643, 16.8, -22.6
1644, 16.8, -22.6
1645, 16.8, -22.6
1646, 16.8, -22.6
1647, 16.8, -22.6
1648, 16.8, -22.6
1649, 16.8, -22.6
1650, 16.9, -22.6
1651, 16.9, -22.6
1652, 16.9, -22.6
1653, 16.9, -22.6
1654, 16.8, -22.6
1655, 16.8, -22.6
1656, 16.8, -22.6
1657, 16.8, -22.6
1658, 16.8, -22.5
1659, 16.8, -22.5
1660, 16.8, -22.5
1661, 16.8, -22.5
1662, 16.8, -22.5
1663, 16.8, -22.5
1664, 16.8, -22.5
1665, 16.8, -22.5
1666, 16.8, -22.5
1667, 16.8, -22.5
1668, 16.8, -22.5
1669, 16.8, -22.6
1670, 16.8, -22.6
1671, 16.8, -22.6
1672, 16.8, -22.6
1673, 16.8, -22.6
1674, 16.8, -22.6
1675, 16.8, -22.6
1676, 16.8, -22.5
1677, 16.8, -22.5
1678, 16.8, -22.6
1679, 16.8, -22.6
1680, 16.8, -22.6
1681, 16.8, -22.6
1682, 16.8, -22.6
1683, 16.8, -22.6
1684, 16.8, -22.6
1685, 16.8, -22.6
1686, 16.8, -22.6
1687, 16.8, -22.6
1688, 16.8, -22.6
1689, 16.8, -22.6
1690, 16.7, -22.6
1691, 16.7, -22.6
1692, 16.7, -22.6
1693, 16.7, -22.6
1694, 16.7, -22.6
1695, 16.7, -22.6
1696, 16.7, -22.6
1697, 16.7, -22.6
1698, 16.7, -22.6
1699, 16.7, -22.6
1700, 16.8, -22.6
1701, 16.8, -22.6
1702, 16.8, -22.6
1703, 16.8, -22.6
1704, 16.8, -22.6
1705, 16.8, -22.6
1706, 16.8, -22.6
1707, 16.8, -22.6
1708, 16.8, -22.6
1709, 16.8, -22.6
1710, 16.8, -22.5
1711, 16.8, -22.5
1712, 16.8, -22.5
1713, 16.8, -22.5
1714, 16.8, -22.5
1715, 16.8, -22.5
1716, 16.8, -22.5
1717, 16.8, -22.5
1718, 16.8, -22.5
1719, 16.9, -22.5
1720, 16.9, -22.5
1721, 16.9, -22.5
1722, 16.9, -22.5
1723, 16.9, -22.5
1724, 16.9, -22.5
1725, 16.9, -22.5
1726, 16.9, -22.5
1727, 16.9, -22.5
1728, 16.8, -22.5
1729, 16.8, -22.5
1730, 16.8, -22.5
1731, 16.8, -22.6
1732, 16.8, -22.6
1733, 16.8, -22.6
1734, 16.8, -22.6
1735, 16.8, -22.6
1736, 16.8, -22.6
1737, 16.8, -22.6
1738, 16.8, -22.6
1739, 16.8, -22.6
1740, 16.8, -22.6
1741, 16.8, -22.6
1742, 16.8, -22.6
1743, 16.8, -22.6
1744, 16.8, -22.6
1745, 16.8, -22.6
1746, 16.9, -22.6
1747, 16.9, -22.7
1748, 16.9, -22.7
1749, 16.9, -22.7
1750, 16.9, -22.7
1751, 16.9, -22.7
1752, 16.9, -22.7
1753, 16.9, -22.7
1754, 16.9, -22.7
1755, 16.9, -22.7
1756, 16.9, -22.7
1757, 16.9, -22.7
1758, 16.9, -22.7
1759, 16.9, -22.6
1760, 16.9, -22.6
1761, 16.9, -22.6
1762, 16.9, -22.6
1763, 16.9, -22.6
1764, 16.9, -22.6
1765, 16.9, -22.6
1766, 16.9, -22.6
1767, 16.9, -22.6
1768, 16.9, -22.6
1769, 16.9, -22.6
1770, 16.9, -22.6
1771, 16.9, -22.6
1772, 16.9, -22.6
1773, 16.9, -22.6
1774, 16.9, -22.6
1775, 16.9, -22.6
1776, 16.9, -22.6
1777, 16.9, -22.6
1778, 16.9, -22.6
1779, 16.9, -22.6
1780, 16.9, -22.6
1781, 16.9, -22.6
1782, 16.9, -22.6
1783, 16.9, -22.6
1784, 16.8, -22.6
1785, 16.8, -22.6
1786, 16.8, -22.6
1787, 16.8, -22.6
1788, 16.8, -22.6
1789, 16.8, -22.6
1790, 16.8, -22.6
1791, 16.8, -22.6
1792, 16.8, -22.6
1793, 16.8, -22.6
1794, 16.8, -22.6
1795, 16.8, -22.6
1796, 16.8, -22.6
1797, 16.8, -22.6
1798, 16.8, -22.6
1799, 16.8, -22.6
1800, 16.8, -22.6
1801, 16.8, -22.6
1802, 16.8, -22.6
1803, 16.8, -22.6
1804, 16.8, -22.6
1805, 16.8, -22.6
1806, 16.8, -22.6
1807, 16.8, -22.6
1808, 16.8, -22.6
1809, 16.8, -22.6
1810, 16.8, -22.6
1811, 16.8, -22.6
1812, 16.8, -22.5
1813, 16.8, -22.5
1814, 16.8, -22.5
1815, 16.8, -22.5
1816, 16.8, -22.5
1817, 16.8, -22.5
1818, 16.8, -22.5
1819, 16.8, -22.5
1820, 16.8, -22.4
1821, 16.8, -22.4
1822, 16.8, -22.4
1823, 16.8, -22.4
1824, 16.8, -22.4
1825, 16.8, -22.4
1826, 16.8, -22.4
1827, 16.8, -22.4
1828, 16.8, -22.4
1829, 16.8, -22.4
1830, 16.8, -22.4
1831, 16.8, -22.4
1832, 16.8, -22.5
1833, 16.8, -22.5
1834, 16.8, -22.5
1835, 16.8, -22.5
1836, 16.8, -22.5
1837, 16.8, -22.4
1838, 16.8, -22.4
1839, 16.8, -22.4
1840, 16.8, -22.4
1841, 16.8, -22.4
1842, 16.8, -22.4
1843, 16.8, -22.4
1844, 16.8, -22.4
1845, 16.9, -22.4
1846, 16.9, -22.4
1847, 16.9, -22.4
1848, 16.9, -22.5
1849, 16.9, -22.5
1850, 16.9, -22.5
1851, 16.9, -22.5
1852, 16.9, -22.5
1853, 16.9, -22.5
1854, 16.9, -22.5
1855, 16.9, -22.5
1856, 16.9, -22.5
1857, 16.9, -22.5
1858, 16.9, -22.5
1859, 16.9, -22.5
1860, 16.9, -22.5
1861, 16.9, -22.5
1862, 16.9, -22.5
1863, 16.9, -22.5
1864, 16.9, -22.5
1865, 16.9, -22.5
1866, 16.9, -22.5
1867, 16.9, -22.5
1868, 16.9, -22.5
1869, 16.9, -22.5
1870, 16.9, -22.5
1871, 16.9, -22.5
1872, 16.9, -22.4
1873, 16.9, -22.4
1874, 16.9, -22.4
1875, 16.9, -22.4
1876, 16.9, -22.4
1877, 16.9, -22.4
1878, 16.9, -22.4
1879, 16.9, -22.4
1880, 16.9, -22.4
1881, 16.9, -22.4
1882, 16.9, -22.4
1883, 16.9, -22.4
1884, 16.9, -22.4
1885, 16.9, -22.4
1886, 16.9, -22.4
1887, 16.9, -22.4
1888, 16.9, -22.4
1889, 16.9, -22.4
1890, 16.9, -22.4
1891, 16.9, -22.4
1892, 16.9, -22.4
1893, 16.8, -22.4
1894, 16.8, -22.4
1895, 16.8, -22.4
1896, 16.8, -22.4
1897, 16.8, -22.4
1898, 16.8, -22.4
1899, 16.8, -22.4
1900, 16.8, -22.4
1901, 16.8, -22.4
1902, 16.9, -22.4
1903, 16.9, -22.4
1904, 16.9, -22.4
1905, 16.9, -22.4
1906, 16.9, -22.4
1907, 16.9, -22.4
1908, 16.9, -22.4
1909, 16.9, -22.5
1910, 16.9, -22.5
1911, 16.9, -22.5
1912, 16.9, -22.5
1913, 16.9, -22.5
1914, 16.9, -22.5
1915, 16.9, -22.5
1916, 16.9, -22.5
1917, 16.9, -22.5
1918, 16.9, -22.5
1919, 16.9, -22.5
1920, 16.9, -22.5
1921, 16.9, -22.5
1922, 16.9, -22.5
1923, 16.9, -22.5
1924, 16.9, -22.5
1925, 16.9, -22.6
1926, 16.9, -22.6
1927, 16.9, -22.6
1928, 16.8, -22.6
1929, 16.8, -22.6
1930, 16.8, -22.6
1931, 16.8, -22.6
1932, 16.8, -22.6
1933, 16.8, -22.6
1934, 16.8, -22.6
1935, 16.8, -22.6
1936, 16.8, -22.6
1937, 16.8, -22.6
1938, 16.8, -22.5
1939, 16.8, -22.5
1940, 16.8, -22.5
1941, 16.8, -22.5
1942, 16.8, -22.5
1943, 16.8, -22.5
1944, 16.8, -22.5
1945, 16.8, -22.4
1946, 16.8, -22.4
1947, 16.8, -22.4
1948, 16.8, -22.4
1949, 16.8, -22.4
1950, 16.8, -22.4
1951, 16.8, -22.4
1952, 16.8, -22.4
1953, 16.8, -22.5
1954, 16.8, -22.5
1955, 16.8, -22.5
1956, 16.8, -22.5
1957, 16.8, -22.5
1958, 16.8, -22.5
1959, 16.8, -22.5
1960, 16.8, -22.5
1961, 16.8, -22.5
1962, 16.8, -22.5
1963, 16.8, -22.5
1964, 16.8, -22.5
1965, 16.8, -22.5
1966, 16.8, -22.5
1967, 16.8, -22.5
1968, 16.8, -22.4
1969, 16.8, -22.4
1970, 16.8, -22.4
1971, 16.8, -22.4
1972, 16.8, -22.4
1973, 16.8, -22.4
1974, 16.8, -22.5
1975, 16.8, -22.5
1976, 16.8, -22.5
1977, 16.8, -22.5
1978, 16.8, -22.5
1979, 16.8, -22.5
1980, 16.8, -22.5
1981, 16.8, -22.5
1982, 16.8, -22.5
1983, 16.8, -22.5
1984, 16.8, -22.5
1985, 16.8, -22.5
1986, 16.8, -22.6
1987, 16.8, -22.6
1988, 16.8, -22.6
1989, 16.8, -22.6
1990, 16.8, -22.6
1991, 16.8, -22.6
1992, 16.8, -22.6
1993, 16.8, -22.6
1994, 16.9, -22.6
1995, 16.9, -22.6
1996, 16.9, -22.6
1997, 16.9, -22.6
1998, 16.9, -22.6
1999, 16.9, -22.6
2000, 16.9, -22.6
2001, 16.9, -22.6
2002, 16.9, -22.6
2003, 16.9, -22.6
2004, 16.9, -22.6
2005, 16.9, -22.6
2006, 16.9, -22.6
2007, 16.9, -22.6
2008, 16.9, -22.6
2009, 16.9, -22.6
2010, 16.9, -22.6
2011, 16.8, -22.6
2012, 16.8, -22.6
2013, 16.8, -22.6
2014, 16.8, -22.6
2015, 16.8, -22.6
2016, 16.8, -22.6
2017, 16.8, -22.6
2018, 16.8, -22.6
2019, 16.8, -22.6
2020, 16.8, -22.6
2021, 16.8, -22.6
2022, 16.8, -22.6
2023, 16.8, -22.6
2024, 16.8, -22.6
2025, 16.8, -22.6
2026, 16.8, -22.6
2027, 16.8, -22.5
2028, 16.8, -22.5
2029, 16.8, -22.5
2030, 16.8, -22.5
2031, 16.8, -22.5
2032, 16.8, -22.5
2033, 16.8, -22.5
2034, 16.8, -22.5
2035, 16.8, -22.5
2036, 16.8, -22.6
2037, 16.8, -22.6
2038, 16.8, -22.6
2039, 16.8, -22.6
2040, 16.8, -22.6
2041, 16.8, -22.6
2042, 16.8, -22.6
2043, 16.8, -22.6
2044, 16.8, -22.6
2045, 16.8, -22.6
2046, 16.8, -22.6
2047, 16.8, -22.6
2048, 16.8, -22.6
2049, 16.8, -22.6
2050, 16.8, -22.6
2051, 16.8, -22.6
2052, 16.8, -22.6
2053, 16.8, -22.6
2054, 16.8, -22.6
2055, 16.8, -22.6
2056, 16.8, -22.6
2057, 16.7, -22.6
2058, 16.7, -22.6
2059, 16.7, -22.6
2060, 16.7, -22.6
2061, 16.7, -22.6
2062, 16.7, -22.6
2063, 16.7, -22.6
2064, 16.7, -22.6
2065, 16.7, -22.6
2066, 16.7, -22.6
2067, 16.7, -22.6
2068, 16.7, -22.6
2069, 16.7, -22.6
2070, 16.7, -22.6
2071, 16.7, -22.6
2072, 16.7, -22.6
2073, 16.7, -22.6
2074, 16.7, -22.5
2075, 16.7, -22.5
2076, 16.7, -22.5
2077, 16.7, -22.5
2078, 16.7, -22.4
2079, 16.7, -22.4
2080, 16.7, -22.4
2081, 16.7, -22.4
2082, 16.7, -22.4
2083, 16.7, -22.4
2084, 16.7, -22.4
2085, 16.7, -22.4
2086, 16.7, -22.4
2087, 16.7, -22.4
2088, 16.7, -22.4
2089, 16.7, -22.4
2090, 16.8, -22.4
2091, 16.9, -22.4
2092, 16.9, -22.4
2093, 16.9, -22.5
2094, 16.9, -22.5
2095, 16.9, -22.5
2096, 16.9, -22.5
2097, 16.9, -22.4
2098, 16.9, -22.4
2099, 16.9, -22.4
2100, 16.9, -22.4
2101, 16.8, -22.4
2102, 16.8, -22.4
2103, 16.8, -22.4
2104, 16.8, -22.4
2105, 16.8, -22.4
2106, 16.8, -22.4
2107, 16.8, -22.4
2108, 16.8, -22.4
2109, 16.8, -22.4
2110, 16.8, -22.4
2111, 16.8, -22.4
2112, 16.8, -22.4
2113, 16.8, -22.4
2114, 16.8, -22.4
2115, 16.8, -22.5
2116, 16.8, -22.5
2117, 16.8, -22.5
2118, 16.8, -22.5
2119, 16.8, -22.5
2120, 16.8, -22.5
2121, 16.8, -22.5
2122, 16.8, -22.5
2123, 16.8, -22.5
2124, 16.8, -22.5
2125, 16.8, -22.5
2126, 16.8, -22.5
2127, 16.8, -22.5
2128, 16.8, -22.5
2129, 16.8, -22.5
2130, 16.8, -22.5
2131, 16.8, -22.6
2132, 16.8, -22.6
2133, 16.8, -22.6
2134, 16.8, -22.6
2135, 16.8, -22.6
2136, 16.8, -22.6
2137, 16.8, -22.6
2138, 16.8, -22.6
2139, 16.8, -22.6
2140, 16.8, -22.6
2141, 16.8, -22.6
2142, 16.8, -22.6
2143, 16.8, -22.6
2144, 16.8, -22.6
2145, 16.8, -22.6
2146, 16.8, -22.6
2147, 16.8, -22.6
2148, 16.8, -22.7
2149, 16.9, -22.7
2150, 16.9, -22.7
2151, 16.9, -22.7
2152, 16.9, -22.7
2153, 16.9, -22.6
2154, 16.9, -22.6
2155, 16.9, -22.6
2156, 16.9, -22.6
2157, 16.9, -22.6
2158, 16.9, -22.6
2159, 16.9, -22.6
2160, 16.9, -22.6
2161, 16.7, -22.6
2162, 16.7, -22.6
2163, 16.7, -22.6
2164, 16.7, -22.6
2165, 16.7, -22.6
2166, 16.7, -22.6
2167, 16.7, -22.6
2168, 16.7, -22.6
2169, 16.7, -22.6
2170, 16.7, -22.6
2171, 16.7, -22.6
2172, 16.7, -22.6
2173, 16.7, -22.6
2174, 16.7, -22.6
2175, 16.7, -22.6
2176, 16.7, -22.6
2177, 16.7, -22.6
2178, 16.7, -22.6
2179, 16.7, -22.6
2180, 16.7, -22.6
2181, 16.7, -22.6
2182, 16.7, -22.5
2183, 16.7, -22.5
2184, 16.7, -22.5
2185, 16.7, -22.5
2186, 16.7, -22.5
2187, 16.7, -22.5
2188, 16.7, -22.6
2189, 16.7, -22.6
2190, 16.7, -22.6
2191, 16.7, -22.6
2192, 16.7, -22.6
2193, 16.7, -22.6
2194, 16.7, -22.6
2195, 16.7, -22.6
2196, 16.7, -22.6
2197, 16.7, -22.6
2198, 16.7, -22.6
2199, 16.7, -22.6
2200, 16.7, -22.6
2201, 16.7, -22.6
2202, 16.7, -22.6
2203, 16.7, -22.6
2204, 16.7, -22.6
2205, 16.7, -22.6
2206, 16.7, -22.6
2207, 16.7, -22.6
2208, 16.7, -22.6
2209, 16.7, -22.6
2210, 16.7, -22.6
2211, 16.8, -22.6
2212, 16.8, -22.6
2213, 16.8, -22.6
2214, 16.8, -22.6
2215, 16.8, -22.6
2216, 16.8, -22.6
2217, 16.8, -22.6
2218, 16.8, -22.6
2219, 16.8, -22.6
2220, 16.8, -22.6
2221, 16.8, -22.6
2222, 16.8, -22.6
2223, 16.8, -22.5
2224, 16.8, -22.5
2225, 16.8, -22.5
2226, 16.8, -22.5
2227, 16.8, -22.5
2228, 16.8, -22.5
2229, 16.8, -22.5
2230, 16.8, -22.5
2231, 16.8, -22.4
2232, 16.8, -22.4
2233, 16.8, -22.4
2234, 16.8, -22.4
2235, 16.9, -22.4
2236, 16.9, -22.4
2237, 16.9, -22.4
2238, 16.9, -22.4
2239, 16.9, -22.4
2240, 16.9, -22.4
2241, 16.9, -22.4
2242, 16.9, -22.4
2243, 16.9, -22.4
2244, 16.9, -22.4
2245, 16.9, -22.4
2246, 16.9, -22.4
2247, 16.9, -22.5
2248, 16.9, -22.5
2249, 16.9, -22.5
2250, 16.9, -22.5
2251, 16.9, -22.5
2252, 16.9, -22.5
2253, 16.9, -22.5
2254, 16.9, -22.5
2255, 16.9, -22.5
2256, 16.9, -22.5
2257, 16.9, -22.5
2258, 16.9, -22.5
2259, 16.9, -22.5
2260, 16.9, -22.5
2261, 16.9, -22.5
2262, 16.9, -22.5
2263, 16.9, -22.5
2264, 16.9, -22.5
2265, 16.9, -22.5
2266, 16.9, -22.5
2267, 16.9, -22.5
2268, 16.9, -22.5
2269, 16.9, -22.5
2270, 16.9, -22.5
2271, 16.9, -22.5
2272, 16.9, -22.5
2273, 16.9, -22.5
2274, 16.9, -22.5
2275, 16.9, -22.6
2276, 16.9, -22.6
2277, 16.9, -22.6
2278, 16.9, -22.6
2279, 16.9, -22.6
2280, 16.9, -22.6
2281, 17.0, -22.6
2282, 17.0, -22.6
2283, 16.9, -22.6
2284, 16.9, -22.5
2285, 16.9, -22.5
2286, 16.9, -22.5
2287, 16.9, -22.5
2288, 16.9, -22.5
2289, 16.9, -22.5
2290, 16.9, -22.5
2291, 16.9, -22.5
2292, 16.9, -22.5
2293, 16.9, -22.5
2294, 16.9, -22.5
2295, 16.9, -22.6
2296, 16.9, -22.6
2297, 16.9, -22.6
2298, 16.9, -22.6
2299, 16.9, -22.6
2300, 16.9, -22.6
2301, 16.9, -22.6
2302, 16.9, -22.6
2303, 16.9, -22.6
2304, 16.9, -22.6
2305, 16.9, -22.6
2306, 16.9, -22.5
2307, 16.9, -22.5
2308, 16.9, -22.5
2309, 16.9, -22.6
2310, 16.9, -22.6
2311, 16.9, -22.6
2312, 16.9, -22.6
2313, 16.9, -22.6
2314, 16.9, -22.6
2315, 16.9, -22.6
2316, 16.9, -22.6
2317, 16.9, -22.6
2318, 16.9, -22.6
2319, 16.9, -22.6
2320, 16.9, -22.6
2321, 16.9, -22.6
2322, 16.9, -22.6
2323, 16.9, -22.6
2324, 16.9, -22.6
2325, 16.9, -22.6
2326, 16.9, -22.6
2327, 16.9, -22.6
2328, 16.9, -22.6
2329, 16.9, -22.6
2330, 16.9, -22.6
2331, 16.9, -22.6
2332, 16.9, -22.6
2333, 16.9, -22.6
2334, 16.9, -22.6
2335, 16.9, -22.6
2336, 16.8, -22.5
2337, 16.9, -22.5
2338, 16.8, -22.5
2339, 16.9, -22.5
2340, 16.9, -22.5
2341, 16.9, -22.5
2342, 16.9, -22.5
2343, 16.9, -22.5
2344, 16.9, -22.5
2345, 16.9, -22.5
2346, 16.9, -22.5
2347, 16.9, -22.5
2348, 16.9, -22.5
2349, 16.9, -22.5
2350, 16.9, -22.5
2351, 16.9, -22.5
2352, 16.9, -22.5
2353, 16.9, -22.5
2354, 16.9, -22.5
2355, 16.9, -22.5
2356, 16.9, -22.5
2357, 16.9, -22.5
2358, 16.9, -22.5
2359, 16.9, -22.5
2360, 16.9, -22.5
2361, 16.9, -22.6
2362, 16.9, -22.6
2363, 16.9, -22.6
2364, 16.9, -22.6
2365, 16.9, -22.6
2366, 16.9, -22.6
2367, 16.9, -22.6
2368, 16.9, -22.6
2369, 16.9, -22.6
2370, 16.9, -22.6
2371, 16.9, -22.6
2372, 16.9, -22.6
2373, 16.9, -22.6
2374, 16.9, -22.6
2375, 16.9, -22.6
2376, 16.9, -22.7
2377, 16.9, -22.7
2378, 16.9, -22.7
2379, 16.9, -22.7
2380, 16.9, -22.7
2381, 16.9, -22.7
2382, 16.9, -22.7
2383, 16.9, -22.7
2384, 16.9, -22.7
2385, 16.9, -22.7
2386, 16.9, -22.7
2387, 16.9, -22.7
2388, 16.9, -22.7
2389, 16.9, -22.6
2390, 16.8, -22.6
2391, 16.8, -22.6
2392, 16.8, -22.6
2393, 16.8, -22.6
2394, 16.8, -22.6
2395, 16.8, -22.6
2396, 16.8, -22.6
2397, 16.8, -22.6
2398, 16.8, -22.6
2399, 16.9, -22.6
2400, 16.9, -22.6
2401, 16.9, -22.6
2402, 16.9, -22.6
2403, 16.9, -22.5
2404, 16.9, -22.5
2405, 16.9, -22.5
2406, 16.9, -22.5
2407, 16.9, -22.5
2408, 16.9, -22.5
2409, 16.9, -22.6
2410, 16.9, -22.6
2411, 16.9, -22.5
2412, 16.9, -22.5
2413, 16.9, -22.5
2414, 16.9, -22.5
2415, 16.9, -22.5
2416, 16.9, -22.5
2417, 16.9, -22.5
2418, 16.9, -22.5
2419, 16.9, -22.5
2420, 16.9, -22.5
2421, 16.9, -22.5
2422, 16.9, -22.5
2423, 16.9, -22.5
2424, 16.9, -22.5
2425, 16.9, -22.5
2426, 16.9, -22.5
2427, 16.9, -22.4
2428, 16.9, -22.5
2429, 16.9, -22.5
2430, 16.9, -22.5
2431, 16.9, -22.5
2432, 16.9, -22.5
2433, 16.9, -22.5
2434, 16.9, -22.5
2435, 16.8, -22.6
2436, 16.8, -22.6
2437, 16.8, -22.6
2438, 16.8, -22.6
2439, 16.8, -22.6
2440, 16.8, -22.6
2441, 16.8, -22.6
2442, 16.8, -22.6
2443, 16.8, -22.6
2444, 16.8, -22.6
2445, 16.8, -22.6
2446, 16.8, -22.6
2447, 16.8, -22.6
2448, 16.8, -22.6
2449, 16.8, -22.6
2450, 16.8, -22.6
2451, 16.8, -22.6
2452, 16.8, -22.6
2453, 16.8, -22.6
2454, 16.8, -22.6
2455, 16.8, -22.6
2456, 16.8, -22.6
2457, 16.8, -22.5
2458, 16.8, -22.5
2459, 16.8, -22.5
2460, 16.9, -22.5
2461, 16.9, -22.5
2462, 16.9, -22.5
2463, 16.9, -22.5
2464, 16.9, -22.5
2465, 16.9, -22.5
2466, 16.9, -22.4
2467, 16.9, -22.4
2468, 16.9, -22.4
2469, 16.9, -22.5
2470, 16.9, -22.5
2471, 16.9, -22.5
2472, 16.9, -22.5
2473, 16.9, -22.5
2474, 16.9, -22.5
2475, 16.9, -22.5
2476, 16.9, -22.5
2477, 16.9, -22.5
2478, 16.9, -22.5
2479, 16.9, -22.5
2480, 16.9, -22.5
2481, 16.9, -22.5
2482, 16.9, -22.5
2483, 16.9, -22.5
2484, 16.9, -22.5
2485, 16.9, -22.5
2486, 16.9, -22.5
2487, 16.9, -22.4
2488, 16.9, -22.4
2489, 16.9, -22.4
2490, 16.9, -22.4
2491, 16.9, -22.4
2492, 16.9, -22.4
2493, 16.9, -22.4
2494, 16.9, -22.4
2495, 16.9, -22.4
2496, 16.9, -22.5
2497, 16.9, -22.5
2498, 16.9, -22.5
2499, 16.9, -22.5
2500, 16.9, -22.5
2501, 16.9, -22.5
2502, 16.9, -22.5
2503, 16.9, -22.4
2504, 16.9, -22.4
2505, 16.9, -22.4
2506, 16.9, -22.4
2507, 16.9, -22.4
2508, 16.9, -22.4
2509, 16.9, -22.4
2510, 16.9, -22.4
2511, 16.9, -22.4
2512, 16.9, -22.4
2513, 16.9, -22.4
2514, 16.9, -22.4
2515, 16.9, -22.4
2516, 16.9, -22.4
2517, 16.9, -22.5
2518, 16.9, -22.5
2519, 16.9, -22.5
2520, 16.9, -22.5
2521, 16.9, -22.5
2522, 16.9, -22.6
2523, 16.9, -22.6
2524, 16.9, -22.6
2525, 16.9, -22.6
2526, 16.9, -22.6
2527, 16.9, -22.6
2528, 16.9, -22.6
2529, 16.9, -22.6
2530, 16.9, -22.6
2531, 16.9, -22.6
2532, 16.9, -22.6
2533, 16.8, -22.6
2534, 16.8, -22.5
2535, 16.8, -22.5
2536, 16.8, -22.5
2537, 16.8, -22.5
2538, 16.8, -22.5
2539, 16.8, -22.5
2540, 16.8, -22.5
2541, 16.8, -22.5
2542, 16.8, -22.5
2543, 16.8, -22.6
2544, 16.8, -22.6
2545, 16.8, -22.6
2546, 16.8, -22.7
2547, 16.8, -22.6
2548, 16.8, -22.6
2549, 16.8, -22.6
2550, 16.8, -22.6
2551, 16.8, -22.6
2552, 16.8, -22.6
2553, 16.8, -22.6
2554, 16.8, -22.6
2555, 16.8, -22.6
2556, 16.8, -22.6
2557, 16.8, -22.6
2558, 16.8, -22.6
2559, 16.8, -22.6
2560, 16.8, -22.6
2561, 16.8, -22.5
2562, 16.9, -22.5
2563, 16.9, -22.5
2564, 16.9, -22.5
2565, 16.9, -22.5
2566, 16.9, -22.5
2567, 16.9, -22.5
2568, 16.9, -22.5
2569, 16.9, -22.5
2570, 16.9, -22.5
2571, 16.9, -22.5
2572, 16.9, -22.5
2573, 16.9, -22.5
2574, 16.9, -22.5
2575, 16.9, -22.5
2576, 16.9, -22.5
2577, 16.9, -22.5
2578, 16.9, -22.5
2579, 16.9, -22.5
2580, 16.9, -22.5
2581, 16.9, -22.5
2582, 16.9, -22.5
2583, 16.9, -22.5
2584, 16.9, -22.5
2585, 16.9, -22.5
2586, 16.9, -22.5
2587, 16.9, -22.5
2588, 16.9, -22.6
2589, 16.9, -22.6
2590, 16.9, -22.6
2591, 16.9, -22.6
2592, 16.9, -22.6
2593, 16.9, -22.6
2594, 16.8, -22.6
2595, 16.8, -22.6
2596, 16.8, -22.6
2597, 16.8, -22.6
2598, 16.8, -22.6
2599, 16.8, -22.6
2600, 16.9, -22.6
2601, 16.9, -22.6
2602, 16.9, -22.6
2603, 16.9, -22.6
2604, 16.9, -22.6
2605, 16.9, -22.6
2606, 16.9, -22.6
2607, 16.9, -22.6
2608, 16.9, -22.6
2609, 16.9, -22.6
2610, 16.9, -22.6
2611, 16.9, -22.6
2612, 16.9, -22.6
2613, 16.9, -22.6
2614, 16.9, -22.6
2615, 16.9, -22.6
2616, 16.9, -22.6
2617, 16.9, -22.6
2618, 16.9, -22.6
2619, 16.9, -22.6
2620, 16.9, -22.6
2621, 16.9, -22.6
2622, 16.9, -22.5
2623, 16.9, -22.5
2624, 16.9, -22.5
2625, 16.9, -22.5
2626, 16.9, -22.5
2627, 16.9, -22.5
2628, 16.9, -22.5
2629, 16.9, -22.5
2630, 16.9, -22.5
2631, 16.9, -22.5
2632, 16.9, -22.5
2633, 16.9, -22.5
2634, 16.9, -22.4
2635, 16.9, -22.4
2636, 16.9, -22.4
2637, 16.9, -22.4
2638, 16.9, -22.4
2639, 16.9, -22.4
2640, 16.9, -22.4
2641, 16.9, -22.4
2642, 16.9, -22.4
2643, 16.9, -22.4
2644, 16.9, -22.4
2645, 16.9, -22.5
2646, 16.9, -22.5
2647, 16.9, -22.5
2648, 16.9, -22.5
2649, 16.9, -22.5
2650, 16.9, -22.5
2651, 16.9, -22.5
2652, 16.9, -22.6
2653, 16.9, -22.6
2654, 16.9, -22.5
2655, 16.9, -22.5
2656, 16.9, -22.5
2657, 16.9, -22.5
2658, 16.9, -22.5
2659, 16.9, -22.6
2660, 16.9, -22.6
2661, 16.9, -22.6
2662, 16.9, -22.6
2663, 16.9, -22.6
2664, 16.9, -22.6
2665, 16.9, -22.6
2666, 16.9, -22.6
2667, 16.9, -22.6
2668, 16.9, -22.5
2669, 16.9, -22.5
2670, 16.9, -22.5
2671, 16.9, -22.5
2672, 16.9, -22.5
2673, 16.9, -22.6
2674, 16.9, -22.6
2675, 16.9, -22.6
2676, 16.9, -22.6
2677, 16.8, -22.6
2678, 16.8, -22.6
2679, 16.8, -22.6
2680, 16.8, -22.5
2681, 16.8, -22.5
2682, 16.8, -22.5
2683, 16.8, -22.5
2684, 16.8, -22.5
2685, 16.8, -22.5
2686, 16.8, -22.5
2687, 16.8, -22.5
2688, 16.8, -22.5
2689, 16.8, -22.5
2690, 16.8, -22.5
2691, 16.8, -22.5
2692, 16.8, -22.5
2693, 16.8, -22.5
2694, 16.8, -22.4
2695, 16.8, -22.4
2696, 16.8, -22.4
2697, 16.8, -22.4
2698, 16.8, -22.5
2699, 16.8, -22.5
2700, 16.8, -22.5
2701, 16.8, -22.5
2702, 16.8, -22.5
2703, 16.8, -22.5
2704, 16.9, -22.5
2705, 16.9, -22.5
2706, 16.9, -22.5
2707, 16.9, -22.5
2708, 16.9, -22.5
2709, 16.9, -22.5
2710, 16.9, -22.5
2711, 16.9, -22.5
2712, 16.9, -22.5
2713, 16.9, -22.5
2714, 16.9, -22.5
2715, 16.9, -22.5
2716, 16.9, -22.6
2717, 16.9, -22.6
2718, 16.9, -22.5
2719, 16.9, -22.5
2720, 16.9, -22.4
2721, 16.9, -22.4
2722, 16.9, -22.4
2723, 16.9, -22.4
2724, 16.9, -22.4
2725, 16.9, -22.4
2726, 16.9, -22.4
2727, 16.9, -22.4
2728, 16.9, -22.4
2729, 16.9, -22.4
2730, 16.9, -22.4
2731, 16.9, -22.4
2732, 16.9, -22.4
2733, 16.9, -22.5
2734, 16.9, -22.5
2735, 16.9, -22.5
2736, 16.9, -22.5
2737, 16.9, -22.5
2738, 16.9, -22.5
2739, 16.9, -22.5
2740, 16.9, -22.5
2741, 16.9, -22.5
2742, 16.9, -22.5
2743, 16.9, -22.5
2744, 16.9, -22.5
2745, 16.9, -22.5
2746, 16.9, -22.5
2747, 16.9, -22.5
2748, 16.9, -22.5
2749, 16.9, -22.5
2750, 16.9, -22.5
2751, 16.9, -22.6
2752, 16.9, -22.6
2753, 16.9, -22.6
2754, 16.9, -22.6
2755, 16.9, -22.6
2756, 16.9, -22.6
2757, 16.9, -22.6
2758, 16.9, -22.6
2759, 16.9, -22.6
2760, 16.9, -22.5
2761, 16.9, -22.5
2762, 16.9, -22.5
2763, 16.9, -22.5
2764, 16.9, -22.5
2765, 16.9, -22.5
2766, 16.9, -22.5
2767, 16.9, -22.5
2768, 16.9, -22.5
2769, 16.9, -22.5
2770, 16.9, -22.5
2771, 16.9, -22.5
2772, 16.9, -22.5
2773, 16.9, -22.5
2774, 16.9, -22.5
2775, 16.9, -22.5
2776, 16.9, -22.5
2777, 16.9, -22.5
2778, 16.9, -22.6
2779, 16.9, -22.6
2780, 16.9, -22.6
2781, 16.9, -22.6
2782, 16.9, -22.6
2783, 16.9, -22.6
2784, 16.9, -22.6
2785, 16.9, -22.6
2786, 16.9, -22.6
2787, 16.9, -22.6
2788, 16.9, -22.6
2789, 16.9, -22.6
2790, 16.9, -22.6
2791, 16.9, -22.6
2792, 16.9, -22.6
2793, 16.9, -22.5
2794, 16.9, -22.5
2795, 16.9, -22.5
2796, 16.9, -22.5
2797, 16.9, -22.5
2798, 16.9, -22.5
2799, 16.9, -22.5
2800, 16.9, -22.5
2801, 16.9, -22.5
2802, 16.9, -22.6
2803, 16.9, -22.6
2804, 16.9, -22.6
2805, 16.9, -22.6
2806, 16.9, -22.6
2807, 16.9, -22.6
2808, 16.9, -22.6
2809, 16.9, -22.5
2810, 16.9, -22.5
2811, 16.9, -22.5
2812, 16.9, -22.5
2813, 16.9, -22.5
2814, 16.9, -22.5
2815, 16.9, -22.5
2816, 16.9, -22.5
2817, 16.9, -22.5
2818, 16.9, -22.6
2819, 16.8, -22.6
2820, 16.8, -22.6
2821, 16.8, -22.6
2822, 16.8, -22.6
2823, 16.8, -22.6
2824, 16.8, -22.6
2825, 16.8, -22.6
2826, 16.8, -22.6
2827, 16.8, -22.6
2828, 16.8, -22.6
2829, 16.8, -22.6
2830, 16.8, -22.6
2831, 16.8, -22.6
2832, 16.8, -22.6
2833, 16.8, -22.6
2834, 16.8, -22.6
2835, 16.8, -22.6
2836, 16.8, -22.6
2837, 16.8, -22.6
2838, 16.8, -22.6
2839, 16.8, -22.6
2840, 16.8, -22.6
2841, 16.8, -22.6
2842, 16.8, -22.6
2843, 16.8, -22.6
2844, 16.8, -22.6
2845, 16.8, -22.5
2846, 16.8, -22.5
2847, 16.8, -22.5
2848, 16.8, -22.5
2849, 16.8, -22.6
2850, 16.8, -22.6
2851, 16.8, -22.6
2852, 16.8, -22.6
2853, 16.8, -22.6
2854, 16.8, -22.6
2855, 16.8, -22.6
2856, 16.8, -22.6
2857, 16.8, -22.6
2858, 16.8, -22.6
2859, 16.8, -22.6
2860, 16.9, -22.6
2861, 16.9, -22.6
2862, 16.9, -22.6
2863, 16.9, -22.6
2864, 16.9, -22.6
2865, 16.9, -22.6
2866, 16.9, -22.6
2867, 16.9, -22.6
2868, 16.9, -22.6
2869, 16.9, -22.6
2870, 16.9, -22.6
2871, 16.9, -22.6
2872, 16.9, -22.6
2873, 16.9, -22.6
2874, 16.9, -22.6
2875, 16.9, -22.6
2876, 16.9, -22.6
2877, 16.9, -22.6
2878, 16.9, -22.6
2879, 17.0, -22.6
2880, 17.0, -22.6
2881, 17.0, -22.6
2882, 17.0, -22.6
2883, 16.9, -22.6
2884, 16.9, -22.6
2885, 16.9, -22.6
2886, 16.9, -22.6
2887, 16.9, -22.6
2888, 16.9, -22.6
2889, 16.9, -22.6
2890, 16.9, -22.6
2891, 16.9, -22.6
2892, 16.9, -22.6
2893, 16.9, -22.6
2894, 16.9, -22.6
2895, 16.9, -22.6
2896, 16.9, -22.6
2897, 16.9, -22.6
2898, 16.9, -22.6
2899, 16.9, -22.6
2900, 16.9, -22.5
2901, 16.9, -22.5
2902, 16.9, -22.5
2903, 16.9, -22.5
2904, 16.9, -22.5
2905, 16.9, -22.5
2906, 16.9, -22.5
2907, 16.9, -22.5
2908, 16.9, -22.5
2909, 16.9, -22.5
2910, 16.9, -22.5
2911, 16.9, -22.6
2912, 16.9, -22.6
2913, 16.9, -22.6
2914, 16.9, -22.6
2915, 16.9, -22.6
2916, 16.9, -22.6
2917, 16.9, -22.6
2918, 16.9, -22.6
2919, 16.9, -22.5
2920, 16.9, -22.5
2921, 16.9, -22.5
2922, 16.9, -22.5
2923, 16.9, -22.5
2924, 16.9, -22.5
2925, 16.9, -22.5
2926, 16.9, -22.5
2927, 16.9, -22.5
2928, 16.9, -22.5
2929, 16.9, -22.5
2930, 16.9, -22.5
2931, 16.9, -22.5
2932, 16.9, -22.5
2933, 16.9, -22.5
2934, 16.9, -22.5
2935, 16.9, -22.5
2936, 16.9, -22.5
2937, 16.9, -22.5
2938, 16.9, -22.5
2939, 16.9, -22.5
2940, 16.9, -22.6
2941, 16.9, -22.6
2942, 16.9, -22.6
2943, 16.9, -22.6
2944, 16.9, -22.6
2945, 16.9, -22.6
2946, 16.9, -22.6
2947, 16.9, -22.6
2948, 16.9, -22.6
2949, 16.9, -22.6
2950, 16.9, -22.6
2951, 16.9, -22.6
2952, 16.9, -22.6
2953, 16.8, -22.6
2954, 16.8, -22.6
2955, 16.8, -22.6
2956, 16.8, -22.6
2957, 16.8, -22.5
2958, 16.8, -22.5
2959, 16.8, -22.5
2960, 16.8, -22.5
2961, 16.8, -22.5
2962, 16.8, -22.5
2963, 16.8, -22.5
2964, 16.8, -22.5
2965, 16.8, -22.5
2966, 16.8, -22.5
2967, 16.8, -22.5
2968, 16.8, -22.5
2969, 16.8, -22.5
2970, 16.8, -22.6
2971, 16.8, -22.6
2972, 16.8, -22.6
2973, 16.8, -22.6
2974, 16.8, -22.6
2975, 16.8, -22.6
2976, 16.8, -22.6
2977, 16.8, -22.5
2978, 16.8, -22.5
2979, 16.9, -22.5
2980, 16.9, -22.5
2981, 16.9, -22.6
2982, 16.9, -22.6
2983, 16.9, -22.6
2984, 16.9, -22.6
2985, 16.9, -22.6
2986, 16.9, -22.6
2987, 16.9, -22.6
2988, 16.9, -22.6
2989, 16.9, -22.6
2990, 16.9, -22.6
2991, 16.8, -22.6
2992, 16.8, -22.6
2993, 16.8, -22.6
2994, 16.8, -22.6
2995, 16.8, -22.6
2996, 16.8, -22.6
2997, 16.8, -22.6
2998, 16.8, -22.6
2999, 16.8, -22.6
3000, 16.8, -22.6
3001, 16.8, -22.6
3002, 16.8, -22.6
3003, 16.8, -22.6
3004, 16.8, -22.6
3005, 16.8, -22.6
3006, 16.8, -22.5
3007, 16.8, -22.5
3008, 16.8, -22.6
3009, 16.8, -22.6
3010, 16.8, -22.6
3011, 16.8, -22.6
3012, 16.8, -22.6
3013, 16.8, -22.6
3014, 16.8, -22.6
3015, 16.8, -22.6
3016, 16.8, -22.6
3017, 16.8, -22.6
3018, 16.8, -22.6
3019, 16.8, -22.6
3020, 16.8, -22.6
3021, 16.8, -22.6
3022, 16.8, -22.6
3023, 16.8, -22.6
3024, 16.8, -22.6
3025, 16.8, -22.6
3026, 16.8, -22.6
3027, 16.8, -22.6
3028, 16.8, -22.6
3029, 16.8, -22.6
3030, 16.8, -22.6
3031, 16.8, -22.6
3032, 16.8, -22.6
3033, 16.8, -22.6
3034, 16.8, -22.6
3035, 16.8, -22.6
3036, 16.8, -22.6
3037, 16.8, -22.6
3038, 16.8, -22.6
3039, 16.8, -22.6
3040, 16.8, -22.6
3041, 16.8, -22.6
3042, 16.8, -22.6
3043, 16.8, -22.6
3044, 16.8, -22.6
3045, 16.8, -22.6
3046, 16.8, -22.6
3047, 16.8, -22.6
3048, 16.8, -22.6
3049, 16.8, -22.5
3050, 16.8, -22.5
3051, 16.8, -22.5
3052, 16.8, -22.5
3053, 16.8, -22.5
3054, 16.8, -22.5
3055, 16.8, -22.5
3056, 16.8, -22.5
3057, 16.8, -22.6
3058, 16.8, -22.6
3059, 16.8, -22.6
3060, 16.8, -22.6
3061, 16.8, -22.6
3062, 16.8, -22.6
3063, 16.8, -22.6
3064, 16.8, -22.6
3065, 16.8, -22.6
3066, 16.8, -22.6
3067, 16.8, -22.6
3068, 16.8, -22.6
3069, 16.8, -22.6
3070, 16.8, -22.6
3071, 16.9, -22.6
3072, 16.9, -22.6
3073, 16.9, -22.6
3074, 16.9, -22.6
3075, 16.9, -22.6
3076, 16.9, -22.5
3077, 16.9, -22.5
3078, 16.9, -22.5
3079, 16.9, -22.5
3080, 16.8, -22.5
3081, 16.8, -22.5
3082, 16.8, -22.5
3083, 16.9, -22.5
3084, 16.9, -22.5
3085, 16.9, -22.5
3086, 16.9, -22.5
3087, 16.9, -22.5
3088, 16.9, -22.5
3089, 16.9, -22.4
3090, 16.9, -22.4
3091, 16.9, -22.4
3092, 16.9, -22.4
3093, 16.9, -22.4
3094, 16.9, -22.4
3095, 16.9, -22.4
3096, 16.8, -22.4
3097, 16.8, -22.4
3098, 16.8, -22.4
3099, 16.8, -22.4
3100, 16.8, -22.4
3101, 16.9, -22.4
3102, 16.9, -22.4
3103, 16.9, -22.4
3104, 16.9, -22.4
3105, 16.9, -22.4
3106, 16.9, -22.5
3107, 16.9, -22.5
3108, 16.9, -22.5
3109, 16.9, -22.5
3110, 16.9, -22.5
3111, 16.9, -22.5
3112, 16.9, -22.5
3113, 16.9, -22.5
3114, 16.9, -22.5
3115, 16.8, -22.5
3116, 16.8, -22.5
3117, 16.8, -22.5
3118, 16.8, -22.5
3119, 16.8, -22.4
3120, 16.8, -22.4
3121, 16.8, -22.4
3122, 16.8, -22.4
3123, 16.8, -22.4
3124, 16.8, -22.4
3125, 16.8, -22.4
3126, 16.8, -22.4
3127, 16.8, -22.4
3128, 16.8, -22.4
3129, 16.8, -22.4
3130, 16.8, -22.4
3131, 16.8, -22.4
3132, 16.8, -22.4
3133, 16.8, -22.4
3134, 16.8, -22.4
3135, 16.8, -22.4
3136, 16.8, -22.5
3137, 16.8, -22.5
3138, 16.8, -22.5
3139, 16.8, -22.5
3140, 16.8, -22.5
3141, 16.8, -22.5
3142, 16.7, -22.6
3143, 16.7, -22.6
3144, 16.7, -22.6
3145, 16.7, -22.6
3146, 16.7, -22.6
3147, 16.7, -22.6
3148, 16.7, -22.6
3149, 16.7, -22.6
3150, 16.7, -22.5
3151, 16.7, -22.5
3152, 16.7, -22.5
3153, 16.7, -22.5
3154, 16.7, -22.5
3155, 16.7, -22.5
3156, 16.7, -22.5
3157, 16.7, -22.5
3158, 16.7, -22.5
3159, 16.7, -22.5
3160, 16.7, -22.5
3161, 16.7, -22.5
3162, 16.7, -22.5
3163, 16.7, -22.5
3164, 16.7, -22.5
3165, 16.7, -22.5
3166, 16.7, -22.5
3167, 16.7, -22.5
3168, 16.7, -22.5
3169, 16.7, -22.5
3170, 16.7, -22.5
3171, 16.7, -22.5
3172, 16.7, -22.5
3173, 16.7, -22.5
3174, 16.7, -22.5
3175, 16.7, -22.5
3176, 16.7, -22.5
3177, 16.7, -22.5
3178, 16.7, -22.6
3179, 16.8, -22.6
3180, 16.8, -22.5
3181, 16.8, -22.5
3182, 16.8, -22.5
3183, 16.8, -22.5
3184, 16.8, -22.5
3185, 16.8, -22.5
3186, 16.8, -22.5
3187, 16.8, -22.5
3188, 16.8, -22.5
3189, 16.8, -22.5
3190, 16.8, -22.5
3191, 16.8, -22.5
3192, 16.8, -22.5
3193, 16.8, -22.5
3194, 16.8, -22.5
3195, 16.8, -22.5
3196, 16.8, -22.5
3197, 16.8, -22.5
3198, 16.8, -22.5
3199, 16.8, -22.5
3200, 16.8, -22.5
3201, 16.8, -22.5
3202, 16.8, -22.5
3203, 16.8, -22.5
3204, 16.8, -22.5
3205, 16.8, -22.5
3206, 16.8, -22.5
3207, 16.8, -22.5
3208, 16.8, -22.5
3209, 16.8, -22.5
3210, 16.9, -22.5
3211, 16.9, -22.5
3212, 16.9, -22.5
3213, 16.9, -22.5
3214, 16.9, -22.5
3215, 16.9, -22.5
3216, 16.9, -22.6
3217, 16.9, -22.6
3218, 16.9, -22.6
3219, 16.9, -22.6
3220, 16.9, -22.6
3221, 16.9, -22.6
3222, 16.9, -22.6
3223, 16.9, -22.6
3224, 16.9, -22.6
3225, 16.9, -22.6
3226, 16.8, -22.5
3227, 16.8, -22.5
3228, 16.8, -22.5
3229, 16.8, -22.5
3230, 16.8, -22.5
3231, 16.8, -22.5
3232, 16.8, -22.5
3233, 16.8, -22.5
3234, 16.8, -22.5
3235, 16.8, -22.5
3236, 16.8, -22.5
3237, 16.8, -22.5
3238, 16.8, -22.5
3239, 16.8, -22.5
3240, 16.8, -22.4
3241, 16.8, -22.4
3242, 16.8, -22.4
3243, 16.8, -22.4
3244, 16.8, -22.4
3245, 16.8, -22.4
3246, 16.8, -22.4
3247, 16.9, -22.5
3248, 16.9, -22.5
3249, 16.9, -22.5
3250, 16.9, -22.5
3251, 16.9, -22.5
3252, 16.9, -22.5
3253, 16.9, -22.5
3254, 16.9, -22.5
3255, 16.9, -22.5
3256, 16.9, -22.5
3257, 16.8, -22.5
3258, 16.8, -22.5
3259, 16.8, -22.5
3260, 16.8, -22.5
3261, 16.8, -22.6
3262, 16.8, -22.6
3263, 16.8, -22.6
3264, 16.8, -22.6
3265, 16.8, -22.6
3266, 16.8, -22.6
3267, 16.8, -22.6
3268, 16.8, -22.6
3269, 16.8, -22.6
3270, 16.8, -22.6
3271, 16.8, -22.6
3272, 16.8, -22.6
3273, 16.8, -22.6
3274, 16.8, -22.6
3275, 16.8, -22.6
3276, 16.8, -22.6
3277, 16.8, -22.6
3278, 16.8, -22.6
3279, 16.8, -22.6
3280, 16.8, -22.6
3281, 16.8, -22.5
3282, 16.8, -22.6
3283, 16.8, -22.6
3284, 16.8, -22.6
3285, 16.8, -22.6
3286, 16.8, -22.6
3287, 16.8, -22.6
3288, 16.8, -22.6
3289, 16.8, -22.6
3290, 16.8, -22.6
3291, 16.8, -22.6
3292, 16.8, -22.6
3293, 16.8, -22.6
3294, 16.8, -22.6
3295, 16.8, -22.6
3296, 16.8, -22.5
3297, 16.8, -22.5
3298, 16.8, -22.5
3299, 16.8, -22.5
3300, 16.8, -22.5
3301, 16.8, -22.5
3302, 16.8, -22.5
3303, 16.8, -22.5
3304, 16.8, -22.5
3305, 16.8, -22.5
3306, 16.8, -22.5
3307, 16.8, -22.6
3308, 16.8, -22.6
3309, 16.8, -22.6
3310, 16.8, -22.6
3311, 16.8, -22.6
3312, 16.8, -22.6
3313, 16.8, -22.6
3314, 16.8, -22.5
3315, 16.8, -22.5
3316, 16.9, -22.4
3317, 16.9, -22.4
3318, 16.9, -22.4
3319, 16.9, -22.4
3320, 16.9, -22.4
3321, 16.9, -22.4
3322, 16.9, -22.4
3323, 16.9, -22.4
3324, 16.9, -22.4
3325, 16.9, -22.4
3326, 16.9, -22.4
3327, 16.9, -22.4
3328, 16.9, -22.4
3329, 16.9, -22.4
3330, 16.9, -22.4
3331, 16.9, -22.4
3332, 16.9, -22.4
3333, 16.9, -22.4
3334, 16.9, -22.4
3335, 16.9, -22.4
3336, 16.9, -22.4
3337, 16.9, -22.5
3338, 16.9, -22.5
3339, 16.9, -22.5
3340, 16.9, -22.5
3341, 16.9, -22.5
3342, 16.9, -22.5
3343, 16.9, -22.5
3344, 16.9, -22.5
3345, 16.9, -22.5
3346, 16.9, -22.5
3347, 16.8, -22.5
3348, 16.8, -22.5
3349, 16.8, -22.5
3350, 16.8, -22.5
3351, 16.8, -22.5
3352, 16.8, -22.5
3353, 16.8, -22.5
3354, 16.8, -22.5
3355, 16.8, -22.5
3356, 16.8, -22.5
3357, 16.8, -22.5
3358, 16.8, -22.5
3359, 16.8, -22.6
3360, 16.8, -22.6
3361, 16.8, -22.6
3362, 16.8, -22.6
3363, 16.8, -22.6
3364, 16.8, -22.5
3365, 16.8, -22.5
3366, 16.8, -22.5
3367, 16.8, -22.5
3368, 16.8, -22.5
3369, 16.8, -22.6
3370, 16.8, -22.6
3371, 16.8, -22.6
3372, 16.8, -22.6
3373, 16.8, -22.6
3374, 16.8, -22.6
3375, 16.8, -22.6
3376, 16.8, -22.6
3377, 16.8, -22.6
3378, 16.8, -22.6
3379, 16.8, -22.7
3380, 16.8, -22.6
3381, 16.8, -22.6
3382, 16.8, -22.6
3383, 16.8, -22.6
3384, 16.8, -22.6
3385, 16.8, -22.6
3386, 16.8, -22.6
3387, 16.8, -22.6
3388, 16.8, -22.6
3389, 16.8, -22.6
3390, 16.8, -22.6
3391, 16.8, -22.6
3392, 16.8, -22.6
3393, 16.8, -22.6
3394, 16.8, -22.6
3395, 16.8, -22.6
3396, 16.8, -22.6
3397, 16.8, -22.6
3398, 16.8, -22.6
3399, 16.8, -22.6
3400, 16.8, -22.6
3401, 16.8, -22.6
3402, 16.8, -22.6
3403, 16.8, -22.6
3404, 16.8, -22.6
3405, 16.8, -22.6
3406, 16.8, -22.6
3407, 16.8, -22.6
3408, 16.9, -22.6
3409, 16.9, -22.6
3410, 16.9, -22.6
3411, 16.9, -22.6
3412, 16.9, -22.6
3413, 16.9, -22.6
3414, 16.9, -22.6
3415, 16.9, -22.6
3416, 16.9, -22.6
3417, 16.9, -22.6
3418, 16.9, -22.6
3419, 16.9, -22.6
3420, 16.9, -22.6
3421, 16.9, -22.6
3422, 16.9, -22.6
3423, 16.9, -22.6
3424, 16.9, -22.6
3425, 16.9, -22.6
3426, 16.9, -22.6
3427, 16.9, -22.6
3428, 16.8, -22.6
3429, 16.8, -22.6
3430, 16.8, -22.6
3431, 16.8, -22.6
3432, 16.8, -22.6
3433, 16.8, -22.6
3434, 0.0, -22.6
3435, 0.0, -22.6
3436, 0.0, -22.6
3437, 0.0, -22.6
3438, 0.0, -22.6
3439, 0.0, 0.0
3440, 0.0, 0.0
3441, 0.0, 0.0
3442, 0.0, 0.0
3443, 0.0, 0.0
3444, 0.0, 0.0
3445, 0.0, 0.0
3446, 0.0, 0.0
3447, 0.0, 0.0
3448, 0.0, 0.0
3449, 0.0, 0.0
3450, 0.0, 0.0
3451, 0.0, 0.0
3452, 0.0, 0.10000000000000142
3453, 0.0, 0.10000000000000142
3454, 0.0, 0.0
3455, 0.0, 0.0
3456, 0.0, 0.0
3457, 0.0, 0.0
3458, -0.10000000000000142, 0.0
3459, -0.10000000000000142, 0.0
3460, -0.10000000000000142, 0.0
3461, -0.10000000000000142, 0.0
3462, -0.10000000000000142, -0.09999999999999787
3463, -0.10000000000000142, -0.09999999999999787
3464, -0.10000000000000142, -0.09999999999999787
3465, -0.10000000000000142, -0.09999999999999787
3466, -0.10000000000000142, 0.0
3467, -0.10000000000000142, 0.0
3468, -0.10000000000000142, 0.0
3469, -0.10000000000000142, 0.0
3470, -0.10000000000000142, 0.10000000000000142
3471, -0.10000000000000142, 0.10000000000000142
3472, -0.10000000000000142, 0.10000000000000142
3473, -0.10000000000000142, 0.10000000000000142
3474, -0.10000000000000142, 0.10000000000000142
3475, -0.10000000000000142, 0.10000000000000142
3476, -0.10000000000000142, 0.0
3477, -0.10000000000000142, 0.0
3478, -0.10000000000000142, 0.0
3479, 0.0, 0.0
3480, 0.0, 0.0
3481, 0.0, 0.0
3482, 0.0, 0.0
3483, 0.0, 0.0
3484, 0.0, -0.09999999999999787
3485, 0.0, -0.09999999999999787
3486, 0.0, -0.09999999999999787
3487, 0.0, 0.0
3488, 0.0, 0.0
3489, 0.0, 0.10000000000000142
3490, 0.0, 0.10000000000000142
3491, 0.0, 0.10000000000000142
3492, 0.0, 0.0
3493, 0.0, 0.0
3494, 0.0, 0.0
3495, 0.0, 0.0
3496, 0.0, 0.0
3497, 0.0, 0.0
3498, 0.0, 0.0
3499, 0.0, 0.0
3500, 0.0, 0.0
3501, 0.0, 0.0
3502, 0.0, 0.0
3503, 0.0, 0.0
3504, 0.0, 0.0
3505, 0.0, 0.0
3506, 0.0, 0.0
3507, 0.0, 0.0
3508, 0.0, 0.0
3509, 0.0, 0.0
3510, 0.0, 0.0
3511, 0.0, 0.0
3512, 0.0, 0.0
3513, 0.0, 0.0
3514, 0.0, 0.0
3515, 0.0, 0.0
3516, 0.0, 0.0
3517, 0.0, 0.0
3518, 0.0, 0.0
3519, 0.0, 0.0
3520, 0.0, 0.0
3521, 0.0, 0.0
3522, 0.0, 0.0
3523, -0.10000000000000142, 0.0
3524, -0.10000000000000142, 0.0
3525, -0.10000000000000142, 0.0
3526, -0.10000000000000142, 0.0
3527, -0.10000000000000142, 0.0
3528, -0.10000000000000142, 0.0
3529, -0.10000000000000142, 0.0
3530, -0.10000000000000142, 0.10000000000000142
3531, -0.10000000000000142, 0.10000000000000142
3532, -0.10000000000000142, 0.10000000000000142
3533, -0.10000000000000142, 0.10000000000000142
3534, -0.10000000000000142, 0.10000000000000142
3535, -0.10000000000000142, 0.10000000000000142
3536, -0.10000000000000142, 0.10000000000000142
3537, -0.10000000000000142, 0.10000000000000142
3538, -0.10000000000000142, 0.10000000000000142
3539, -0.10000000000000142, 0.10000000000000142
3540, -0.10000000000000142, 0.10000000000000142
3541, -0.10000000000000142, 0.10000000000000142
3542, -0.10000000000000142, 0.10000000000000142
3543, -0.10000000000000142, 0.10000000000000142
3544, -0.10000000000000142, 0.10000000000000142
3545, -0.10000000000000142, 0.20000000000000284
3546, -0.10000000000000142, 0.20000000000000284
3547, -0.10000000000000142, 0.20000000000000284
3548, -0.10000000000000142, 0.3000000000000007
3549, -0.10000000000000142, 0.20000000000000284
3550, 0.0, 0.20000000000000284
3551, 0.0, 0.20000000000000284
3552, 0.0, 0.20000000000000284
3553, 0.0, 0.20000000000000284
3554, 0.09999999999999787, 0.20000000000000284
3555, 0.09999999999999787, 0.20000000000000284
3556, 0.09999999999999787, 0.20000000000000284
3557, 0.09999999999999787, 0.20000000000000284
3558, 0.09999999999999787, 0.20000000000000284
3559, 0.09999999999999787, 0.20000000000000284
3560, 0.09999999999999787, 0.20000000000000284
3561, 0.09999999999999787, 0.20000000000000284
3562, 0.09999999999999787, 0.20000000000000284
3563, 0.09999999999999787, 0.20000000000000284
3564, 0.09999999999999787, 0.3000000000000007
3565, 0.09999999999999787, 0.3000000000000007
3566, 0.09999999999999787, 0.3000000000000007
3567, 0.09999999999999787, 0.3000000000000007
3568, 0.09999999999999787, 0.3000000000000007
3569, 0.09999999999999787, 0.3000000000000007
3570, 0.09999999999999787, 0.10000000000000142
3571, 0.09999999999999787, 0.10000000000000142
3572, 0.09999999999999787, 0.10000000000000142
3573, 0.09999999999999787, 0.10000000000000142
3574, 0.09999999999999787, 0.10000000000000142
3575, 0.09999999999999787, 0.10000000000000142
3576, 0.09999999999999787, 0.10000000000000142
3577, 0.09999999999999787, 0.10000000000000142
3578, 0.09999999999999787, 0.10000000000000142
3579, 0.0, 0.10000000000000142
3580, 0.0, 0.10000000000000142
3581, 0.09999999999999787, 0.10000000000000142
3582, 0.09999999999999787, 0.10000000000000142
3583, 0.09999999999999787, 0.10000000000000142
3584, 0.09999999999999787, 0.10000000000000142
3585, 0.09999999999999787, 0.10000000000000142
3586, 0.09999999999999787, 0.10000000000000142
3587, 0.09999999999999787, 0.20000000000000284
3588, 0.09999999999999787, 0.20000000000000284
3589, 0.09999999999999787, 0.10000000000000142
3590, 0.09999999999999787, 0.10000000000000142
3591, 0.09999999999999787, 0.10000000000000142
3592, 0.09999999999999787, 0.10000000000000142
3593, 0.09999999999999787, 0.10000000000000142
3594, 0.09999999999999787, 0.10000000000000142
3595, 0.0, 0.10000000000000142
3596, 0.0, 0.10000000000000142
3597, 0.0, 0.0
3598, 0.0, 0.0
3599, 0.0, 0.0
3600, 0.0, 0.0
3601, 0.0, 0.0
3602, 0.0, 0.0
3603, 0.0, 0.0
3604, 0.09999999999999787, 0.0
3605, 0.09999999999999787, 0.0
3606, 0.09999999999999787, 0.0
3607, 0.09999999999999787, 0.0
3608, 0.09999999999999787, 0.0
3609, 0.09999999999999787, 0.0
3610, 0.09999999999999787, 0.0
3611, 0.09999999999999787, 0.0
3612, 0.09999999999999787, 0.0
3613, 0.09999999999999787, 0.0
3614, 0.09999999999999787, 0.0
3615, 0.09999999999999787, 0.0
3616, 0.09999999999999787, 0.0
3617, 0.09999999999999787, 0.0
3618, 0.09999999999999787, 0.0
3619, 0.09999999999999787, 0.10000000000000142
3620, 0.09999999999999787, 0.10000000000000142
3621, 0.09999999999999787, 0.10000000000000142
3622, 0.09999999999999787, 0.10000000000000142
3623, 0.09999999999999787, 0.10000000000000142
3624, 0.09999999999999787, 0.10000000000000142
3625, 0.09999999999999787, 0.10000000000000142
3626, 0.09999999999999787, 0.10000000000000142
3627, 0.09999999999999787, 0.0
3628, 0.09999999999999787, 0.0
3629, 0.09999999999999787, 0.0
3630, 0.09999999999999787, 0.0
3631, 0.09999999999999787, 0.10000000000000142
3632, 0.09999999999999787, 0.10000000000000142
3633, 0.09999999999999787, 0.10000000000000142
3634, 0.09999999999999787, 0.10000000000000142
3635, 0.09999999999999787, 0.10000000000000142
3636, 0.0, 0.0
3637, 0.0, 0.0
3638, 0.0, 0.0
3639, 0.0, 0.0
3640, 0.0, 0.0
3641, 0.0, 0.0
3642, 0.0, 0.0
3643, 0.0, 0.0
3644, 0.0, 0.0
3645, 0.0, 0.0
3646, 0.0, 0.0
3647, 0.0, 0.0
3648, 0.0, 0.0
3649, 0.0, 0.0
3650, 0.0, 0.0
3651, 0.09999999999999787, 0.0
3652, 0.09999999999999787, 0.0
3653, 0.09999999999999787, 0.0
3654, 0.09999999999999787, -0.09999999999999787
3655, 0.09999999999999787, -0.09999999999999787
3656, 0.09999999999999787, -0.09999999999999787
3657, 0.09999999999999787, -0.09999999999999787
3658, 0.09999999999999787, -0.09999999999999787
3659, 0.09999999999999787, -0.09999999999999787
3660, 0.09999999999999787, -0.09999999999999787
3661, 0.09999999999999787, -0.09999999999999787
3662, 0.09999999999999787, -0.09999999999999787
3663, 0.09999999999999787, -0.09999999999999787
3664, 0.09999999999999787, -0.09999999999999787
3665, 0.09999999999999787, -0.09999999999999787
3666, 0.09999999999999787, 0.10000000000000142
3667, 0.09999999999999787, 0.10000000000000142
3668, 0.09999999999999787, 0.10000000000000142
3669, 0.09999999999999787, 0.10000000000000142
3670, 0.09999999999999787, 0.10000000000000142
3671, 0.09999999999999787, 0.10000000000000142
3672, 0.09999999999999787, 0.10000000000000142
3673, 0.09999999999999787, 0.10000000000000142
3674, 0.09999999999999787, 0.10000000000000142
3675, 0.09999999999999787, 0.10000000000000142
3676, 0.09999999999999787, 0.10000000000000142
3677, 0.09999999999999787, 0.10000000000000142
3678, 0.09999999999999787, 0.10000000000000142
3679, 0.09999999999999787, 0.10000000000000142
3680, 0.09999999999999787, 0.10000000000000142
3681, 0.09999999999999787, 0.10000000000000142
3682, 0.09999999999999787, 0.10000000000000142
3683, 0.09999999999999787, 0.10000000000000142
3684, 0.09999999999999787, 0.10000000000000142
3685, 0.09999999999999787, 0.10000000000000142
3686, 0.09999999999999787, 0.10000000000000142
3687, 0.09999999999999787, 0.10000000000000142
3688, 0.09999999999999787, 0.10000000000000142
3689, 0.09999999999999787, 0.10000000000000142
3690, 0.09999999999999787, 0.10000000000000142
3691, 0.09999999999999787, 0.10000000000000142
3692, 0.09999999999999787, 0.20000000000000284
3693, 0.09999999999999787, 0.20000000000000284
3694, 0.0, 0.20000000000000284
3695, 0.0, 0.20000000000000284
3696, 0.0, 0.20000000000000284
3697, 0.0, 0.20000000000000284
3698, 0.0, 0.20000000000000284
3699, 0.0, 0.20000000000000284
3700, 0.0, 0.10000000000000142
3701, 0.0, 0.10000000000000142
3702, 0.0, 0.10000000000000142
3703, 0.0, 0.10000000000000142
3704, 0.0, 0.10000000000000142
3705, 0.0, 0.10000000000000142
3706, 0.0, 0.10000000000000142
3707, 0.0, 0.10000000000000142
3708, 0.0, 0.10000000000000142
3709, 0.09999999999999787, 0.10000000000000142
3710, 0.09999999999999787, 0.10000000000000142
3711, 0.09999999999999787, 0.10000000000000142
3712, 0.09999999999999787, 0.10000000000000142
3713, 0.09999999999999787, 0.10000000000000142
3714, 0.09999999999999787, 0.10000000000000142
3715, 0.09999999999999787, 0.10000000000000142
3716, 0.09999999999999787, 0.10000000000000142
3717, 0.09999999999999787, 0.10000000000000142
3718, 0.09999999999999787, 0.10000000000000142
3719, 0.09999999999999787, 0.10000000000000142
3720, 0.09999999999999787, 0.10000000000000142
3721, 0.09999999999999787, 0.10000000000000142
3722, 0.09999999999999787, 0.10000000000000142
3723, 0.09999999999999787, 0.10000000000000142
3724, 0.09999999999999787, 0.10000000000000142
3725, 0.09999999999999787, 0.10000000000000142
3726, 0.09999999999999787, 0.10000000000000142
3727, 0.09999999999999787, 0.10000000000000142
3728, 0.09999999999999787, 0.0
3729, 0.09999999999999787, 0.0
3730, 0.09999999999999787, 0.0
3731, 0.09999999999999787, 0.0
3732, 0.09999999999999787, 0.0
3733, 0.09999999999999787, 0.0
3734, 0.09999999999999787, 0.0
3735, 0.09999999999999787, 0.0
3736, 0.09999999999999787, 0.0
3737, 0.09999999999999787, -0.09999999999999787
3738, 0.09999999999999787, -0.09999999999999787
3739, 0.09999999999999787, -0.09999999999999787
3740, 0.09999999999999787, 0.0
3741, 0.09999999999999787, 0.0
3742, 0.09999999999999787, 0.0
3743, 0.09999999999999787, 0.0
3744, 0.09999999999999787, 0.0
3745, 0.09999999999999787, 0.10000000000000142
3746, 0.09999999999999787, 0.10000000000000142
3747, 0.09999999999999787, 0.10000000000000142
3748, 0.09999999999999787, 0.10000000000000142
3749, 0.09999999999999787, 0.10000000000000142
3750, 0.09999999999999787, 0.10000000000000142
3751, 0.09999999999999787, 0.10000000000000142
3752, 0.09999999999999787, 0.10000000000000142
3753, 0.09999999999999787, 0.10000000000000142
3754, 0.09999999999999787, 0.10000000000000142
3755, 0.09999999999999787, 0.10000000000000142
3756, 0.09999999999999787, 0.10000000000000142
3757, 0.09999999999999787, 0.10000000000000142
3758, 0.09999999999999787, 0.10000000000000142
3759, 0.09999999999999787, 0.10000000000000142
3760, 0.09999999999999787, 0.10000000000000142
3761, 0.09999999999999787, 0.10000000000000142
3762, 0.09999999999999787, 0.10000000000000142
3763, 0.09999999999999787, 0.10000000000000142
3764, 0.09999999999999787, 0.10000000000000142
3765, 0.09999999999999787, 0.10000000000000142
3766, 0.0, 0.10000000000000142
3767, 0.0, 0.10000000000000142
3768, 0.0, 0.10000000000000142
3769, -0.10000000000000142, 0.10000000000000142
3770, -0.10000000000000142, 0.10000000000000142
3771, -0.10000000000000142, 0.10000000000000142
3772, -0.10000000000000142, 0.10000000000000142
3773, -0.10000000000000142, 0.10000000000000142
3774, 0.0, 0.10000000000000142
3775, 0.0, 0.10000000000000142
3776, 0.0, 0.10000000000000142
3777, 0.0, 0.10000000000000142
3778, 0.0, 0.10000000000000142
3779, 0.0, 0.10000000000000142
3780, 0.0, 0.10000000000000142
3781, 0.0, 0.10000000000000142
3782, 0.0, 0.10000000000000142
3783, 0.0, 0.10000000000000142
3784, 0.0, 0.10000000000000142
3785, 0.0, 0.10000000000000142
3786, 0.0, 0.10000000000000142
3787, 0.0, 0.0
3788, 0.0, 0.0
3789, 0.0, 0.0
3790, 0.0, 0.0
3791, 0.0, 0.0
3792, 0.0, 0.0
3793, 0.0, 0.0
3794, 0.0, 0.0
3795, 0.0, 0.0
3796, 0.0, 0.0
3797, 0.09999999999999787, 0.0
3798, 0.09999999999999787, 0.0
3799, 0.09999999999999787, 0.0
3800, 0.09999999999999787, 0.0
3801, 0.09999999999999787, 0.0
3802, 0.09999999999999787, 0.0
3803, 0.09999999999999787, 0.0
3804, 0.09999999999999787, 0.0
3805, 0.09999999999999787, -0.09999999999999787
3806, 0.09999999999999787, -0.09999999999999787
3807, 0.09999999999999787, -0.09999999999999787
3808, 0.09999999999999787, -0.09999999999999787
3809, 0.09999999999999787, -0.09999999999999787
3810, 0.09999999999999787, -0.09999999999999787
3811, 0.0, -0.09999999999999787
3812, 0.0, -0.09999999999999787
3813, 0.0, -0.09999999999999787
3814, 0.0, -0.09999999999999787
3815, 0.0, -0.09999999999999787
3816, 0.0, -0.09999999999999787
3817, 0.0, -0.09999999999999787
3818, 0.0, 0.0
3819, 0.0, 0.0
3820, 0.0, 0.0
3821, 0.0, 0.0
3822, 0.0, 0.0
3823, 0.0, 0.0
3824, 0.0, 0.0
3825, 0.0, 0.0
3826, 0.0, 0.0
3827, 0.0, 0.0
3828, 0.0, 0.10000000000000142
3829, 0.0, 0.10000000000000142
3830, 0.0, 0.10000000000000142
3831, 0.0, 0.10000000000000142
3832, 0.0, 0.10000000000000142
3833, 0.0, 0.10000000000000142
3834, 0.0, 0.10000000000000142
3835, 0.0, 0.10000000000000142
3836, 0.0, 0.10000000000000142
3837, 0.0, 0.10000000000000142
3838, 0.0, 0.10000000000000142
3839, 0.0, 0.10000000000000142
3840, 0.0, 0.10000000000000142
3841, 0.0, 0.10000000000000142
3842, 0.0, 0.10000000000000142
3843, 0.0, 0.10000000000000142
3844, 0.0, 0.20000000000000284
3845, 0.0, 0.20000000000000284
3846, 0.0, 0.20000000000000284
3847, 0.0, 0.20000000000000284
3848, 0.0, 0.20000000000000284
3849, 0.0, 0.20000000000000284
3850, 0.0, 0.20000000000000284
3851, 0.09999999999999787, 0.20000000000000284
3852, 0.0, 0.20000000000000284
3853, 0.0, 0.20000000000000284
3854, 0.0, 0.20000000000000284
3855, 0.0, 0.20000000000000284
3856, 0.0, 0.20000000000000284
3857, 0.0, 0.20000000000000284
3858, 0.0, 0.20000000000000284
3859, 0.0, 0.20000000000000284
3860, 0.0, 0.20000000000000284
3861, 0.0, 0.20000000000000284
3862, 0.0, 0.20000000000000284
3863, 0.0, 0.20000000000000284
3864, 0.0, 0.20000000000000284
3865, 0.0, 0.10000000000000142
3866, 0.0, 0.10000000000000142
3867, 0.0, 0.10000000000000142
3868, 0.0, 0.10000000000000142
3869, 0.0, 0.10000000000000142
3870, 0.0, 0.10000000000000142
3871, 0.0, 0.10000000000000142
3872, 0.0, 0.10000000000000142
3873, 0.0, 0.10000000000000142
3874, 0.0, 0.10000000000000142
3875, 0.0, 0.10000000000000142
3876, 0.0, 0.10000000000000142
3877, 0.0, 0.0
3878, 0.0, 0.0
3879, 0.09999999999999787, 0.0
3880, 0.09999999999999787, 0.0
3881, 0.09999999999999787, 0.0
3882, 0.09999999999999787, 0.10000000000000142
3883, 0.09999999999999787, 0.10000000000000142
3884, 0.09999999999999787, 0.10000000000000142
3885, 0.09999999999999787, 0.10000000000000142
3886, 0.09999999999999787, 0.10000000000000142
3887, 0.09999999999999787, 0.10000000000000142
3888, 0.09999999999999787, 0.10000000000000142
3889, 0.09999999999999787, 0.10000000000000142
3890, 0.09999999999999787, 0.10000000000000142
3891, 0.09999999999999787, 0.10000000000000142
3892, 0.09999999999999787, 0.10000000000000142
3893, 0.09999999999999787, 0.0
3894, 0.09999999999999787, 0.0
3895, 0.09999999999999787, 0.0
3896, 0.09999999999999787, 0.0
3897, 0.09999999999999787, 0.0
3898, 0.09999999999999787, 0.0
3899, 0.09999999999999787, 0.0
3900, 0.09999999999999787, 0.0
3901, 0.09999999999999787, 0.0
3902, 0.09999999999999787, 0.0
3903, 0.09999999999999787, 0.10000000000000142
3904, 0.09999999999999787, 0.10000000000000142
3905, 0.09999999999999787, 0.10000000000000142
3906, 0.0, 0.10000000000000142
3907, 0.0, 0.10000000000000142
3908, 0.0, 0.10000000000000142
3909, 0.0, 0.10000000000000142
3910, 0.0, 0.10000000000000142
3911, 0.0, 0.10000000000000142
3912, 0.0, 0.10000000000000142
3913, 0.0, 0.10000000000000142
3914, 0.0, 0.10000000000000142
3915, 0.0, 0.10000000000000142
3916, 0.0, 0.10000000000000142
3917, 0.0, 0.10000000000000142
3918, 0.0, 0.10000000000000142
3919, 0.0, 0.10000000000000142
3920, 0.0, 0.10000000000000142
3921, 0.09999999999999787, 0.10000000000000142
3922, 0.09999999999999787, 0.10000000000000142
3923, 0.09999999999999787, 0.20000000000000284
3924, 0.09999999999999787, 0.20000000000000284
3925, 0.09999999999999787, 0.20000000000000284
3926, 0.09999999999999787, 0.20000000000000284
3927, 0.09999999999999787, 0.20000000000000284
3928, 0.09999999999999787, 0.20000000000000284
3929, 0.09999999999999787, 0.20000000000000284
3930, 0.09999999999999787, 0.20000000000000284
3931, 0.09999999999999787, 0.20000000000000284
3932, 0.09999999999999787, 0.20000000000000284
3933, 0.09999999999999787, 0.10000000000000142
3934, 0.09999999999999787, 0.10000000000000142
3935, 0.09999999999999787, 0.10000000000000142
3936, 0.0, 0.10000000000000142
3937, 0.0, 0.10000000000000142
3938, 0.0, 0.10000000000000142
3939, 0.0, 0.10000000000000142
3940, 0.0, 0.10000000000000142
3941, 0.0, 0.10000000000000142
3942, 0.0, 0.10000000000000142
3943, 0.0, 0.10000000000000142
3944, 0.0, 0.10000000000000142
3945, 0.0, 0.10000000000000142
3946, 0.0, 0.10000000000000142
3947, 0.0, 0.10000000000000142
3948, 0.0, 0.10000000000000142
3949, 0.0, 0.10000000000000142
3950, 0.0, 0.10000000000000142
3951, 0.0, 0.10000000000000142
3952, 0.0, 0.10000000000000142
3953, 0.0, 0.10000000000000142
3954, 0.0, 0.10000000000000142
3955, 0.0, 0.10000000000000142
3956, 0.0, 0.10000000000000142
3957, 0.0, 0.10000000000000142
3958, 0.0, 0.10000000000000142
3959, 0.0, 0.10000000000000142
3960, 0.0, 0.10000000000000142
3961, 0.0, 0.10000000000000142
3962, 0.0, 0.10000000000000142
3963, 0.0, 0.20000000000000284
3964, 0.0, 0.20000000000000284
3965, 0.0, 0.20000000000000284
3966, 0.0, 0.20000000000000284
3967, 0.0, 0.20000000000000284
3968, 0.0, 0.20000000000000284
3969, 0.0, 0.20000000000000284
3970, 0.0, 0.20000000000000284
3971, 0.0, 0.20000000000000284
3972, 0.0, 0.20000000000000284
3973, 0.0, 0.20000000000000284
3974, 0.0, 0.20000000000000284
3975, 0.0, 0.10000000000000142
3976, 0.0, 0.10000000000000142
3977, 0.0, 0.10000000000000142
3978, 0.0, 0.10000000000000142
3979, 0.0, 0.10000000000000142
3980, 0.0, 0.10000000000000142
3981, 0.0, 0.10000000000000142
3982, 0.0, 0.10000000000000142
3983, 0.0, 0.10000000000000142
3984, 0.0, 0.10000000000000142
3985, 0.0, 0.10000000000000142
3986, 0.0, 0.0
3987, 0.0, 0.0
3988, 0.0, 0.0
3989, 0.0, 0.0
3990, 0.0, 0.0
3991, 0.0, 0.0
3992, 0.0, 0.0
3993, 0.0, 0.0
3994, 0.0, 0.0
3995, 0.0, 0.0
3996, 0.0, 0.0
3997, 0.0, 0.0
3998, 0.0, 0.0
3999, 0.09999999999999787, 0.0
4000, 0.09999999999999787, 0.10000000000000142
4001, 0.09999999999999787, 0.10000000000000142
4002, 0.0, 0.10000000000000142
4003, 0.0, 0.10000000000000142
4004, 0.0, 0.10000000000000142
4005, 0.0, 0.10000000000000142
4006, 0.0, 0.10000000000000142
4007, 0.0, 0.10000000000000142
4008, 0.0, 0.10000000000000142
4009, 0.0, 0.10000000000000142
4010, 0.0, 0.10000000000000142
4011, 0.0, 0.0
4012, 0.0, 0.0
4013, 0.0, 0.0
4014, 0.0, 0.0
4015, 0.0, 0.0
4016, 0.0, 0.0
4017, 0.0, 0.0
4018, 0.0, 0.0
4019, 0.0, 0.0
4020, 0.0, 0.0
4021, 0.0, 0.0
4022, 0.0, 0.0
4023, 0.0, 0.0
4024, 0.0, 0.0
4025, 0.0, 0.0
4026, 0.0, 0.0
4027, 0.0, 0.0
4028, 0.0, 0.0
4029, 0.0, -0.09999999999999787
4030, 0.0, -0.09999999999999787
4031, 0.0, -0.09999999999999787
4032, 0.0, -0.09999999999999787
4033, 0.0, -0.09999999999999787
4034, 0.0, -0.09999999999999787
4035, 0.0, -0.09999999999999787
4036, 0.0, -0.09999999999999787
4037, 0.0, -0.09999999999999787
4038, 0.0, -0.09999999999999787
4039, 0.0, -0.09999999999999787
4040, 0.0, -0.09999999999999787
4041, 0.0, -0.09999999999999787
4042, 0.0, -0.09999999999999787
4043, 0.0, -0.09999999999999787
4044, 0.09999999999999787, -0.09999999999999787
4045, 0.09999999999999787, -0.09999999999999787
4046, 0.09999999999999787, -0.09999999999999787
4047, 0.09999999999999787, -0.09999999999999787
4048, 0.09999999999999787, -0.09999999999999787
4049, 0.09999999999999787, -0.09999999999999787
4050, 0.09999999999999787, -0.09999999999999787
4051, 0.09999999999999787, -0.09999999999999787
4052, 0.09999999999999787, -0.09999999999999787
4053, 0.09999999999999787, -0.09999999999999787
4054, 0.09999999999999787, -0.09999999999999787
4055, 0.09999999999999787, -0.09999999999999787
4056, 0.09999999999999787, -0.09999999999999787
4057, 0.09999999999999787, -0.09999999999999787
4058, 0.09999999999999787, -0.09999999999999787
4059, 0.09999999999999787, -0.09999999999999787
4060, 0.09999999999999787, -0.09999999999999787
4061, 0.09999999999999787, -0.09999999999999787
4062, 0.09999999999999787, -0.09999999999999787
4063, 0.09999999999999787, -0.09999999999999787
4064, 0.09999999999999787, 0.0
4065, 0.09999999999999787, 0.0
4066, 0.09999999999999787, 0.0
4067, 0.09999999999999787, 0.0
4068, 0.09999999999999787, 0.0
4069, 0.09999999999999787, 0.0
4070, 0.09999999999999787, 0.0
4071, 0.09999999999999787, 0.0
4072, 0.09999999999999787, 0.0
4073, 0.09999999999999787, 0.0
4074, 0.09999999999999787, 0.0
4075, 0.09999999999999787, 0.0
4076, 0.09999999999999787, 0.10000000000000142
4077, 0.09999999999999787, 0.10000000000000142
4078, 0.09999999999999787, 0.10000000000000142
4079, 0.09999999999999787, 0.10000000000000142
4080, 0.09999999999999787, 0.10000000000000142
4081, 0.09999999999999787, 0.10000000000000142
4082, 0.09999999999999787, 0.10000000000000142
4083, 0.09999999999999787, 0.0
4084, 0.09999999999999787, 0.0
4085, 0.09999999999999787, 0.0
4086, 0.09999999999999787, 0.0
4087, 0.09999999999999787, 0.0
4088, 0.09999999999999787, 0.0
4089, 0.09999999999999787, 0.0
4090, 0.09999999999999787, 0.0
4091, 0.09999999999999787, 0.0
4092, 0.09999999999999787, 0.0
4093, 0.09999999999999787, 0.0
4094, 0.09999999999999787, 0.0
4095, 0.09999999999999787, 0.0
4096, 0.09999999999999787, 0.0
4097, 0.09999999999999787, 0.0
4098, 0.09999999999999787, 0.10000000000000142
4099, 0.09999999999999787, 0.10000000000000142
4100, 0.09999999999999787, 0.10000000000000142
4101, 0.09999999999999787, 0.10000000000000142
4102, 0.09999999999999787, 0.10000000000000142
4103, 0.09999999999999787, 0.10000000000000142
4104, 0.09999999999999787, 0.10000000000000142
4105, 0.09999999999999787, 0.10000000000000142
4106, 0.09999999999999787, 0.10000000000000142
4107, 0.09999999999999787, 0.10000000000000142
4108, 0.09999999999999787, 0.0
4109, 0.09999999999999787, 0.0
4110, 0.09999999999999787, 0.0
4111, 0.09999999999999787, 0.0
4112, 0.09999999999999787, 0.0
4113, 0.09999999999999787, 0.0
4114, 0.09999999999999787, 0.0
4115, 0.09999999999999787, 0.0
4116, 0.09999999999999787, 0.0
4117, 0.09999999999999787, 0.0
4118, 0.09999999999999787, 0.10000000000000142
4119, 0.09999999999999787, 0.10000000000000142
4120, 0.09999999999999787, 0.10000000000000142
4121, 0.09999999999999787, 0.10000000000000142
4122, 0.09999999999999787, 0.10000000000000142
4123, 0.09999999999999787, 0.10000000000000142
4124, 0.09999999999999787, 0.10000000000000142
4125, 0.09999999999999787, 0.10000000000000142
4126, 0.09999999999999787, 0.10000000000000142
4127, 0.09999999999999787, 0.10000000000000142
4128, 0.09999999999999787, 0.10000000000000142
4129, 0.09999999999999787, 0.10000000000000142
4130, 0.09999999999999787, 0.10000000000000142
4131, 0.09999999999999787, 0.10000000000000142
4132, 0.09999999999999787, 0.10000000000000142
4133, 0.09999999999999787, 0.10000000000000142
4134, 0.09999999999999787, 0.10000000000000142
4135, 0.09999999999999787, 0.10000000000000142
4136, 0.09999999999999787, 0.10000000000000142
4137, 0.09999999999999787, 0.10000000000000142
4138, 0.09999999999999787, 0.10000000000000142
4139, 0.09999999999999787, 0.10000000000000142
4140, 0.09999999999999787, 0.10000000000000142
4141, 0.09999999999999787, 0.10000000000000142
4142, 0.09999999999999787, 0.10000000000000142
4143, 0.09999999999999787, 0.10000000000000142
4144, 0.09999999999999787, 0.10000000000000142
4145, 0.09999999999999787, 0.10000000000000142
4146, 0.09999999999999787, 0.10000000000000142
4147, 0.09999999999999787, 0.10000000000000142
4148, 0.09999999999999787, 0.10000000000000142
4149, 0.09999999999999787, 0.10000000000000142
4150, 0.09999999999999787, 0.10000000000000142
4151, 0.09999999999999787, 0.10000000000000142
4152, 0.09999999999999787, 0.10000000000000142
4153, 0.09999999999999787, 0.10000000000000142
4154, 0.09999999999999787, 0.10000000000000142
4155, 0.09999999999999787, 0.10000000000000142
4156, 0.09999999999999787, 0.10000000000000142
4157, 0.09999999999999787, 0.10000000000000142
4158, 0.09999999999999787, 0.10000000000000142
4159, 0.09999999999999787, 0.10000000000000142
4160, 0.09999999999999787, 0.10000000000000142
4161, 0.09999999999999787, 0.10000000000000142
4162, 0.09999999999999787, 0.10000000000000142
4163, 0.09999999999999787, 0.10000000000000142
4164, 0.09999999999999787, 0.10000000000000142
4165, 0.09999999999999787, 0.10000000000000142
4166, 0.09999999999999787, 0.0
4167, 0.09999999999999787, 0.0
4168, 0.09999999999999787, 0.0
4169, 0.09999999999999787, 0.0
4170, 0.09999999999999787, 0.10000000000000142
4171, 0.09999999999999787, 0.10000000000000142
4172, 0.09999999999999787, 0.10000000000000142
4173, 0.09999999999999787, 0.10000000000000142
4174, 0.09999999999999787, 0.10000000000000142
4175, 0.09999999999999787, 0.10000000000000142
4176, 0.09999999999999787, 0.10000000000000142
4177, 0.09999999999999787, 0.10000000000000142
4178, 0.09999999999999787, 0.10000000000000142
4179, 0.09999999999999787, 0.10000000000000142
4180, 0.09999999999999787, 0.10000000000000142
4181, 0.09999999999999787, 0.10000000000000142
4182, 0.09999999999999787, 0.10000000000000142
4183, 0.09999999999999787, 0.10000000000000142
4184, 0.09999999999999787, 0.10000000000000142
4185, 0.09999999999999787, 0.10000000000000142
4186, 0.09999999999999787, 0.10000000000000142
4187, 0.09999999999999787, 0.10000000000000142
4188, 0.09999999999999787, 0.10000000000000142
4189, 0.09999999999999787, 0.10000000000000142
4190, 0.09999999999999787, 0.10000000000000142
4191, 0.09999999999999787, 0.10000000000000142
4192, 0.09999999999999787, 0.10000000000000142
4193, 0.09999999999999787, 0.10000000000000142
4194, 0.09999999999999787, 0.10000000000000142
4195, 0.09999999999999787, 0.10000000000000142
4196, 0.09999999999999787, 0.10000000000000142
4197, 0.09999999999999787, 0.10000000000000142
4198, 0.09999999999999787, 0.10000000000000142
4199, 0.09999999999999787, 0.10000000000000142
4200, 0.09999999999999787, 0.10000000000000142
4201, 0.09999999999999787, 0.0
4202, 0.09999999999999787, 0.0
4203, 0.09999999999999787, 0.0
4204, 0.09999999999999787, 0.0
4205, 0.09999999999999787, 0.0
4206, 0.09999999999999787, 0.0
4207, 0.09999999999999787, 0.0
4208, 0.09999999999999787, 0.0
4209, 0.09999999999999787, 0.0
4210, 0.09999999999999787, 0.0
4211, 0.09999999999999787, 0.0
4212, 0.09999999999999787, 0.10000000000000142
4213, 0.09999999999999787, 0.10000000000000142
4214, 0.09999999999999787, 0.10000000000000142
4215, 0.09999999999999787, 0.10000000000000142
4216, 0.09999999999999787, 0.10000000000000142
4217, 0.09999999999999787, 0.10000000000000142
4218, 0.09999999999999787, 0.10000000000000142
4219, 0.09999999999999787, 0.10000000000000142
4220, 0.09999999999999787, 0.10000000000000142
4221, 0.09999999999999787, 0.10000000000000142
4222, 0.09999999999999787, 0.10000000000000142
4223, 0.09999999999999787, 0.10000000000000142
4224, 0.09999999999999787, 0.10000000000000142
4225, 0.09999999999999787, 0.10000000000000142
4226, 0.09999999999999787, 0.0
4227, 0.09999999999999787, 0.0
4228, 0.09999999999999787, 0.0
4229, 0.09999999999999787, 0.0
4230, 0.09999999999999787, 0.10000000000000142
4231, 0.09999999999999787, 0.10000000000000142
4232, 0.09999999999999787, 0.10000000000000142
4233, 0.09999999999999787, 0.10000000000000142
4234, 0.09999999999999787, 0.10000000000000142
4235, 0.09999999999999787, 0.10000000000000142
4236, 0.09999999999999787, 0.10000000000000142
4237, 0.09999999999999787, 0.10000000000000142
4238, 0.09999999999999787, 0.10000000000000142
4239, 0.0, 0.10000000000000142
4240, 0.0, 0.10000000000000142
4241, 0.0, 0.0
4242, 0.0, 0.0
4243, 0.0, 0.0
4244, 0.0, 0.0
4245, 0.0, 0.0
4246, 0.0, 0.0
4247, 0.0, 0.0
4248, 0.0, 0.0
4249, 0.0, 0.0
4250, 0.0, 0.0
4251, 0.0, 0.0
4252, 0.0, 0.0
4253, 0.0, 0.0
4254, 0.0, 0.0
4255, 0.0, 0.0
4256, 0.0, 0.0
4257, 0.09999999999999787, 0.0
4258, 0.09999999999999787, 0.0
4259, 0.09999999999999787, 0.0
4260, 0.09999999999999787, 0.0
4261, 0.09999999999999787, 0.0
4262, 0.09999999999999787, 0.0
4263, 0.09999999999999787, 0.0
4264, 0.09999999999999787, 0.0
4265, 0.09999999999999787, 0.0
4266, 0.09999999999999787, 0.0
4267, 0.09999999999999787, 0.0
4268, 0.09999999999999787, 0.0
4269, 0.09999999999999787, 0.0
4270, 0.09999999999999787, 0.0
4271, 0.0, 0.0
4272, 0.0, 0.0
4273, 0.0, 0.10000000000000142
4274, 0.0, 0.20000000000000284
4275, 0.0, 0.20000000000000284
4276, 0.0, 0.20000000000000284
4277, 0.0, 0.10000000000000142
4278, 0.0, 0.10000000000000142
4279, 0.0, 0.10000000000000142
4280, 0.0, 0.10000000000000142
4281, 0.0, 0.10000000000000142
4282, 0.0, 0.10000000000000142
4283, 0.0, 0.10000000000000142
4284, 0.0, 0.10000000000000142
4285, 0.0, 0.10000000000000142
4286, 0.0, 0.10000000000000142
4287, 0.0, 0.10000000000000142
4288, 0.0, 0.10000000000000142
4289, 0.0, 0.10000000000000142
4290, 0.0, 0.10000000000000142
4291, 0.0, 0.0
4292, -0.10000000000000142, 0.0
4293, -0.10000000000000142, 0.0
4294, -0.10000000000000142, 0.0
4295, -0.10000000000000142, 0.0
4296, -0.10000000000000142, 0.0
4297, -0.10000000000000142, 0.0
4298, -0.10000000000000142, 0.0
4299, -0.10000000000000142, 0.0
4300, -0.10000000000000142, 0.0
4301, -0.10000000000000142, 0.0
4302, -0.10000000000000142, 0.0
4303, -0.10000000000000142, 0.0
4304, -0.10000000000000142, 0.0
4305, -0.10000000000000142, 0.0
4306, -0.10000000000000142, 0.0
4307, -0.10000000000000142, 0.0
4308, -0.10000000000000142, 0.0
4309, -0.10000000000000142, 0.0
4310, -0.10000000000000142, 0.10000000000000142
4311, -0.10000000000000142, 0.10000000000000142
4312, -0.10000000000000142, 0.10000000000000142
4313, -0.10000000000000142, 0.10000000000000142
4314, -0.10000000000000142, 0.10000000000000142
4315, -0.10000000000000142, 0.10000000000000142
4316, -0.10000000000000142, 0.10000000000000142
4317, -0.10000000000000142, 0.10000000000000142
4318, 0.0, 0.10000000000000142
4319, 0.0, 0.10000000000000142
4320, 0.0, 0.10000000000000142
4321, 0.0, 0.10000000000000142
4322, 0.0, 0.10000000000000142
4323, 0.0, 0.10000000000000142
4324, 0.0, 0.10000000000000142
4325, 0.0, 0.0
4326, 0.0, 0.0
4327, 0.0, 0.0
4328, 0.0, 0.0
4329, 0.0, 0.0
4330, 0.0, 0.0
4331, 0.0, 0.0
4332, 0.0, 0.0
4333, 0.0, 0.0
4334, 0.0, 0.0
4335, 0.0, 0.0
4336, 0.0, 0.0
4337, 0.0, 0.10000000000000142
4338, 0.0, 0.10000000000000142
4339, 0.0, 0.10000000000000142
4340, 0.0, 0.10000000000000142
4341, 0.0, 0.10000000000000142
4342, 0.0, 0.10000000000000142
4343, 0.0, 0.10000000000000142
4344, 0.0, 0.10000000000000142
4345, 0.0, 0.10000000000000142
4346, 0.0, 0.10000000000000142
4347, 0.0, 0.10000000000000142
4348, 0.0, 0.10000000000000142
4349, 0.0, 0.10000000000000142
4350, 0.0, 0.10000000000000142
4351, 0.0, 0.10000000000000142
4352, 0.0, 0.0
4353, 0.0, 0.0
4354, 0.0, 0.0
4355, 0.0, 0.0
4356, 0.0, 0.0
4357, 0.0, 0.0
4358, 0.0, 0.0
4359, 0.0, 0.0
4360, 0.0, 0.0
4361, 0.0, 0.0
4362, 0.0, 0.0
4363, 0.0, 0.0
4364, 0.0, 0.0
4365, 0.0, 0.0
4366, 0.0, 0.0
4367, 0.0, 0.0
4368, 0.0, 0.0
4369, 0.0, 0.10000000000000142
4370, 0.0, 0.10000000000000142
4371, 0.0, 0.20000000000000284
4372, 0.09999999999999787, 0.20000000000000284
4373, 0.09999999999999787, 0.20000000000000284
4374, 0.09999999999999787, 0.20000000000000284
4375, 0.09999999999999787, 0.20000000000000284
4376, 0.09999999999999787, 0.20000000000000284
4377, 0.09999999999999787, 0.10000000000000142
4378, 0.09999999999999787, 0.10000000000000142
4379, 0.09999999999999787, 0.10000000000000142
4380, 0.09999999999999787, 0.10000000000000142
4381, 0.09999999999999787, 0.10000000000000142
4382, 0.09999999999999787, 0.10000000000000142
4383, 0.09999999999999787, 0.10000000000000142
4384, 0.09999999999999787, 0.10000000000000142
4385, 0.09999999999999787, 0.10000000000000142
4386, 0.09999999999999787, 0.10000000000000142
4387, 0.09999999999999787, 0.10000000000000142
4388, 0.09999999999999787, 0.10000000000000142
4389, 0.09999999999999787, 0.10000000000000142
4390, 0.09999999999999787, 0.10000000000000142
4391, 0.09999999999999787, 0.10000000000000142
4392, 0.09999999999999787, 0.10000000000000142
4393, 0.09999999999999787, 0.10000000000000142
4394, 0.09999999999999787, 0.10000000000000142
4395, 0.09999999999999787, 0.10000000000000142
4396, 0.09999999999999787, 0.10000000000000142
4397, 0.09999999999999787, 0.10000000000000142
4398, 0.09999999999999787, 0.10000000000000142
4399, 0.09999999999999787, 0.10000000000000142
4400, 0.09999999999999787, 0.10000000000000142
4401, 0.09999999999999787, 0.10000000000000142
4402, 0.09999999999999787, 0.0
4403, 0.09999999999999787, 0.0
4404, 0.09999999999999787, 0.0
4405, 0.09999999999999787, 0.0
4406, 0.09999999999999787, 0.0
4407, 0.09999999999999787, 0.0
4408, 0.09999999999999787, 0.0
4409, 0.09999999999999787, 0.0
4410, 0.09999999999999787, 0.0
4411, 0.09999999999999787, 0.0
4412, 0.09999999999999787, 0.0
4413, 0.09999999999999787, 0.0
4414, 0.09999999999999787, 0.0
4415, 0.09999999999999787, 0.0
4416, 0.0, 0.0
4417, 0.0, 0.0
4418, 0.0, 0.0
4419, 0.0, 0.0
4420, 0.0, 0.0
4421, 0.0, 0.0
4422, 0.0, 0.0
4423, 0.0, 0.10000000000000142
4424, 0.0, 0.10000000000000142
4425, 0.0, 0.10000000000000142
4426, 0.0, 0.10000000000000142
4427, 0.0, 0.10000000000000142
4428, 0.0, 0.10000000000000142
4429, -0.10000000000000142, 0.10000000000000142
4430, -0.10000000000000142, 0.10000000000000142
4431, -0.10000000000000142, 0.10000000000000142
4432, -0.10000000000000142, 0.10000000000000142
4433, -0.10000000000000142, 0.10000000000000142
4434, 0.0, 0.10000000000000142
4435, 0.0, 0.10000000000000142
4436, 0.0, 0.10000000000000142
4437, 0.0, 0.10000000000000142
4438, 0.0, 0.10000000000000142
4439, 0.0, 0.10000000000000142
4440, 0.0, 0.10000000000000142
4441, 0.0, 0.10000000000000142
4442, 0.0, 0.10000000000000142
4443, 0.0, 0.20000000000000284
4444, 0.0, 0.20000000000000284
4445, 0.0, 0.20000000000000284
4446, 0.0, 0.20000000000000284
4447, 0.0, 0.20000000000000284
4448, 0.0, 0.20000000000000284
4449, 0.0, 0.20000000000000284
4450, 0.0, 0.10000000000000142
4451, 0.0, 0.10000000000000142
4452, 0.0, 0.10000000000000142
4453, 0.0, 0.10000000000000142
4454, 0.0, 0.0
4455, 0.0, 0.0
4456, 0.0, 0.0
4457, 0.0, 0.0
4458, 0.0, 0.0
4459, 0.0, 0.0
4460, 0.0, 0.0
4461, 0.09999999999999787, 0.10000000000000142
4462, 0.09999999999999787, 0.10000000000000142
4463, 0.09999999999999787, 0.10000000000000142
4464, 0.09999999999999787, 0.10000000000000142
4465, 0.09999999999999787, 0.10000000000000142
4466, 0.09999999999999787, 0.10000000000000142
4467, 0.09999999999999787, 0.10000000000000142
4468, 0.09999999999999787, 0.10000000000000142
4469, 0.09999999999999787, 0.10000000000000142
4470, 0.09999999999999787, 0.10000000000000142
4471, 0.09999999999999787, 0.10000000000000142
4472, 0.09999999999999787, 0.10000000000000142
4473, 0.09999999999999787, 0.10000000000000142
4474, 0.09999999999999787, 0.10000000000000142
4475, 0.09999999999999787, 0.10000000000000142
4476, 0.09999999999999787, 0.10000000000000142
4477, 0.09999999999999787, 0.10000000000000142
4478, 0.09999999999999787, 0.10000000000000142
4479, 0.09999999999999787, 0.10000000000000142
4480, 0.09999999999999787, 0.10000000000000142
4481, 0.09999999999999787, 0.10000000000000142
4482, 0.09999999999999787, 0.10000000000000142
4483, 0.09999999999999787, 0.10000000000000142
4484, 0.0, 0.10000000000000142
4485, 0.0, 0.10000000000000142
4486, 0.0, 0.10000000000000142
4487, 0.0, 0.10000000000000142
4488, 0.0, 0.10000000000000142
4489, 0.0, 0.0
4490, 0.0, 0.0
4491, 0.0, 0.0
4492, 0.0, 0.0
4493, 0.0, 0.10000000000000142
4494, 0.0, 0.10000000000000142
4495, 0.0, 0.10000000000000142
4496, 0.0, 0.10000000000000142
4497, 0.0, 0.10000000000000142
4498, 0.0, 0.10000000000000142
4499, 0.0, 0.10000000000000142
4500, 0.0, 0.10000000000000142
4501, 0.0, 0.0
4502, 0.0, 0.0
4503, 0.0, 0.0
4504, 0.0, 0.0
4505, 0.0, 0.0
4506, 0.0, 0.0
4507, 0.0, 0.0
4508, 0.0, 0.0
4509, 0.0, 0.0
4510, 0.0, 0.0
4511, 0.0, 0.0
4512, -0.10000000000000142, 0.0
4513, -0.10000000000000142, 0.0
4514, -0.10000000000000142, 0.0
4515, -0.10000000000000142, 0.0
4516, -0.10000000000000142, 0.0
4517, -0.10000000000000142, -0.09999999999999787
4518, -0.10000000000000142, 0.0
4519, 0.0, 0.0
4520, 0.0, 0.0
4521, 0.0, 0.0
4522, 0.0, 0.0
4523, 0.0, 0.0
4524, 0.0, 0.0
4525, 0.0, 0.0
4526, 0.0, 0.0
4527, 0.0, 0.0
4528, 0.0, 0.0
4529, 0.0, 0.0
4530, 0.0, 0.0
4531, 0.0, 0.0
4532, 0.0, 0.0
4533, 0.0, 0.0
4534, 0.0, 0.0
4535, 0.0, 0.0
4536, 0.09999999999999787, 0.0
4537, 0.09999999999999787, 0.0
4538, 0.09999999999999787, 0.0
4539, 0.09999999999999787, 0.0
4540, 0.09999999999999787, 0.0
4541, 0.09999999999999787, 0.0
4542, 0.0, 0.0
4543, 0.0, 0.0
4544, 0.0, 0.0
4545, 0.0, 0.0
4546, 0.0, 0.10000000000000142
4547, 0.0, 0.10000000000000142
4548, 0.0, 0.10000000000000142
4549, 0.0, 0.10000000000000142
4550, 0.0, 0.10000000000000142
4551, 0.0, 0.10000000000000142
4552, 0.0, 0.10000000000000142
4553, 0.0, 0.10000000000000142
4554, 0.0, 0.10000000000000142
4555, 0.0, 0.10000000000000142
4556, 0.0, 0.10000000000000142
4557, 0.0, 0.10000000000000142
4558, 0.0, 0.10000000000000142
4559, 0.0, 0.10000000000000142
4560, 0.0, 0.10000000000000142
4561, 0.0, 0.10000000000000142
4562, 0.0, 0.10000000000000142
4563, 0.09999999999999787, 0.10000000000000142
4564, 0.09999999999999787, 0.0
4565, 0.09999999999999787, 0.0
4566, 0.09999999999999787, 0.0
4567, 0.09999999999999787, 0.0
4568, 0.09999999999999787, 0.10000000000000142
4569, 0.09999999999999787, 0.10000000000000142
4570, 0.09999999999999787, 0.10000000000000142
4571, 0.0, 0.10000000000000142
4572, 0.0, 0.10000000000000142
4573, 0.0, 0.10000000000000142
4574, 0.0, 0.10000000000000142
4575, 0.0, 0.10000000000000142
4576, 0.0, 0.10000000000000142
4577, 0.0, 0.10000000000000142
4578, 0.0, 0.10000000000000142
4579, 0.0, 0.10000000000000142
4580, 0.0, 0.10000000000000142
4581, 0.0, 0.10000000000000142
4582, 0.0, 0.20000000000000284
4583, 0.0, 0.20000000000000284
4584, 0.0, 0.20000000000000284
4585, 0.0, 0.20000000000000284
4586, 0.0, 0.20000000000000284
4587, 0.0, 0.20000000000000284
4588, 0.0, 0.20000000000000284
4589, 0.0, 0.20000000000000284
4590, 0.0, 0.20000000000000284
4591, 0.0, 0.20000000000000284
4592, 0.0, 0.20000000000000284
4593, 0.09999999999999787, 0.10000000000000142
4594, 0.09999999999999787, 0.10000000000000142
4595, 0.09999999999999787, 0.10000000000000142
4596, 0.09999999999999787, 0.10000000000000142
4597, 0.09999999999999787, 0.10000000000000142
4598, 0.09999999999999787, 0.10000000000000142
4599, 0.09999999999999787, 0.10000000000000142
4600, 0.09999999999999787, 0.10000000000000142
4601, 0.09999999999999787, 0.10000000000000142
4602, 0.09999999999999787, 0.10000000000000142
4603, 0.09999999999999787, 0.10000000000000142
4604, 0.09999999999999787, 0.10000000000000142
4605, 0.09999999999999787, 0.10000000000000142
4606, 0.09999999999999787, 0.10000000000000142
4607, 0.09999999999999787, 0.10000000000000142
4608, 0.09999999999999787, 0.10000000000000142
4609, 0.09999999999999787, 0.10000000000000142
4610, 0.09999999999999787, 0.10000000000000142
4611, 0.09999999999999787, 0.10000000000000142
4612, 0.09999999999999787, 0.10000000000000142
4613, 0.09999999999999787, 0.0
4614, 0.09999999999999787, 0.0
4615, 0.09999999999999787, 0.0
4616, 0.09999999999999787, 0.0
4617, 0.09999999999999787, 0.0
4618, 0.09999999999999787, 0.0
4619, 0.09999999999999787, 0.0
4620, 0.09999999999999787, 0.0
4621, 0.09999999999999787, 0.10000000000000142
4622, 0.09999999999999787, 0.10000000000000142
4623, 0.09999999999999787, 0.10000000000000142
4624, 0.09999999999999787, 0.10000000000000142
4625, 0.09999999999999787, 0.10000000000000142
4626, 0.09999999999999787, 0.10000000000000142
4627, 0.09999999999999787, 0.10000000000000142
4628, 0.09999999999999787, 0.10000000000000142
4629, 0.09999999999999787, 0.10000000000000142
4630, 0.09999999999999787, 0.10000000000000142
4631, 0.09999999999999787, 0.10000000000000142
4632, 0.09999999999999787, 0.10000000000000142
4633, 0.09999999999999787, 0.10000000000000142
4634, 0.09999999999999787, 0.10000000000000142
4635, 0.09999999999999787, 0.10000000000000142
4636, 0.09999999999999787, 0.10000000000000142
4637, 0.09999999999999787, 0.10000000000000142
4638, 0.09999999999999787, 0.0
4639, 0.09999999999999787, 0.0
4640, 0.0, 0.0
4641, 0.0, 0.0
4642, 0.0, 0.0
4643, 0.0, 0.0
4644, 0.0, 0.10000000000000142
4645, 0.0, 0.10000000000000142
4646, 0.0, 0.20000000000000284
4647, 0.0, 0.20000000000000284
4648, 0.0, 0.20000000000000284
4649, 0.0, 0.20000000000000284
4650, 0.0, 0.20000000000000284
4651, 0.0, 0.20000000000000284
4652, 0.0, 0.20000000000000284
4653, 0.0, 0.20000000000000284
4654, -0.10000000000000142, 0.20000000000000284
4655, -0.10000000000000142, 0.20000000000000284
4656, -0.10000000000000142, 0.20000000000000284
4657, -0.10000000000000142, 0.20000000000000284
4658, -0.10000000000000142, 0.20000000000000284
4659, -0.10000000000000142, 0.20000000000000284
4660, -0.10000000000000142, 0.20000000000000284
4661, -0.10000000000000142, 0.20000000000000284
4662, -0.10000000000000142, 0.10000000000000142
4663, -0.10000000000000142, 0.10000000000000142
4664, -0.10000000000000142, 0.10000000000000142
4665, -0.10000000000000142, 0.10000000000000142
4666, -0.10000000000000142, 0.10000000000000142
4667, -0.10000000000000142, 0.10000000000000142
4668, -0.10000000000000142, 0.10000000000000142
4669, 0.0, 0.0
4670, 0.0, 0.0
4671, 0.0, 0.0
4672, 0.0, 0.0
4673, 0.0, 0.0
4674, 0.0, 0.0
4675, 0.0, 0.0
4676, 0.0, 0.0
4677, 0.0, 0.0
4678, 0.0, 0.0
4679, 0.0, 0.0
4680, 0.0, 0.0
4681, 0.09999999999999787, 0.0
4682, 0.09999999999999787, 0.0
4683, 0.09999999999999787, 0.0
4684, 0.09999999999999787, 0.0
4685, 0.09999999999999787, 0.0
4686, 0.09999999999999787, 0.0
4687, 0.09999999999999787, 0.10000000000000142
4688, 0.09999999999999787, 0.10000000000000142
4689, 0.09999999999999787, 0.10000000000000142
4690, 0.09999999999999787, 0.10000000000000142
4691, 0.09999999999999787, 0.10000000000000142
4692, 0.09999999999999787, 0.10000000000000142
4693, 0.09999999999999787, 0.10000000000000142
4694, 0.09999999999999787, 0.10000000000000142
4695, 0.09999999999999787, 0.10000000000000142
4696, 0.09999999999999787, 0.20000000000000284
4697, 0.09999999999999787, 0.20000000000000284
4698, 0.09999999999999787, 0.20000000000000284
4699, 0.09999999999999787, 0.20000000000000284
4700, 0.09999999999999787, 0.20000000000000284
4701, 0.09999999999999787, 0.20000000000000284
4702, 0.09999999999999787, 0.20000000000000284
4703, 0.09999999999999787, 0.20000000000000284
4704, 0.09999999999999787, 0.20000000000000284
4705, 0.09999999999999787, 0.20000000000000284
4706, 0.09999999999999787, 0.20000000000000284
4707, 0.09999999999999787, 0.20000000000000284
4708, 0.09999999999999787, 0.20000000000000284
4709, 0.09999999999999787, 0.20000000000000284
4710, 0.09999999999999787, 0.20000000000000284
4711, 0.09999999999999787, 0.20000000000000284
4712, 0.09999999999999787, 0.20000000000000284
4713, 0.09999999999999787, 0.20000000000000284
4714, 0.09999999999999787, 0.20000000000000284
4715, 0.09999999999999787, 0.20000000000000284
4716, 0.09999999999999787, 0.20000000000000284
4717, 0.09999999999999787, 0.20000000000000284
4718, 0.09999999999999787, 0.20000000000000284
4719, 0.09999999999999787, 0.20000000000000284
4720, 0.09999999999999787, 0.10000000000000142
4721, 0.09999999999999787, 0.10000000000000142
4722, 0.09999999999999787, 0.10000000000000142
4723, 0.09999999999999787, 0.10000000000000142
4724, 0.09999999999999787, 0.10000000000000142
4725, 0.09999999999999787, 0.10000000000000142
4726, 0.09999999999999787, 0.10000000000000142
4727, 0.09999999999999787, 0.10000000000000142
4728, 0.09999999999999787, 0.10000000000000142
4729, 0.09999999999999787, 0.10000000000000142
4730, 0.0, 0.10000000000000142
4731, 0.0, 0.10000000000000142
4732, 0.0, 0.10000000000000142
4733, 0.0, 0.10000000000000142
4734, 0.0, 0.10000000000000142
4735, 0.0, 0.10000000000000142
4736, 0.0, 0.10000000000000142
4737, 0.0, 0.10000000000000142
4738, 0.0, 0.10000000000000142
4739, 0.0, 0.10000000000000142
4740, 0.0, 0.10000000000000142
4741, 0.0, 0.10000000000000142
4742, 0.0, 0.10000000000000142
4743, 0.0, 0.10000000000000142
4744, 0.0, 0.10000000000000142
4745, 0.0, 0.10000000000000142
4746, 0.0, 0.10000000000000142
4747, 0.0, 0.10000000000000142
4748, 0.0, 0.10000000000000142
4749, 0.0, 0.10000000000000142
4750, 0.0, 0.10000000000000142
4751, 0.0, 0.10000000000000142
4752, 0.0, 0.10000000000000142
4753, 0.0, 0.10000000000000142
4754, 0.0, 0.10000000000000142
4755, 0.0, 0.10000000000000142
4756, 0.0, 0.10000000000000142
4757, 0.0, 0.10000000000000142
4758, 0.0, 0.10000000000000142
4759, 0.0, 0.10000000000000142
4760, 0.09999999999999787, 0.10000000000000142
4761, 0.09999999999999787, 0.10000000000000142
4762, 0.09999999999999787, 0.0
4763, 0.09999999999999787, 0.0
4764, 0.09999999999999787, 0.0
4765, 0.09999999999999787, 0.0
4766, 0.09999999999999787, 0.0
4767, 0.09999999999999787, 0.0
4768, 0.09999999999999787, 0.0
4769, 0.09999999999999787, 0.0
4770, 0.09999999999999787, 0.0
4771, 0.09999999999999787, 0.0
4772, 0.09999999999999787, 0.0
4773, 0.09999999999999787, 0.0
4774, 0.09999999999999787, 0.0
4775, 0.09999999999999787, 0.0
4776, 0.09999999999999787, 0.0
4777, 0.09999999999999787, 0.0
4778, 0.09999999999999787, 0.0
4779, 0.09999999999999787, 0.0
4780, 0.09999999999999787, 0.0
4781, 0.09999999999999787, 0.0
4782, 0.09999999999999787, 0.0
4783, 0.09999999999999787, 0.0
4784, 0.1999999999999993, 0.0
4785, 0.1999999999999993, 0.0
4786, 0.1999999999999993, 0.0
4787, 0.1999999999999993, 0.0
4788, 0.1999999999999993, 0.0
4789, 0.1999999999999993, 0.0
4790, 0.1999999999999993, 0.0
4791, 0.1999999999999993, 0.0
4792, 0.1999999999999993, 0.0
4793, 0.1999999999999993, 0.0
4794, 0.1999999999999993, 0.0
4795, 0.1999999999999993, 0.0
4796, 0.1999999999999993, 0.0
4797, 0.1999999999999993, 0.0
4798, 0.1999999999999993, 0.0
4799, 0.1999999999999993, 0.0
4800, 0.1999999999999993, 0.10000000000000142
4801, 0.09999999999999787, 0.10000000000000142
4802, 0.09999999999999787, 0.0
4803, 0.09999999999999787, 0.0
4804, 0.09999999999999787, 0.0
4805, 0.09999999999999787, 0.0
4806, 0.09999999999999787, 0.0
4807, 0.09999999999999787, 0.0
4808, 0.09999999999999787, 0.0
4809, 0.09999999999999787, 0.0
4810, 0.09999999999999787, 0.0
4811, 0.0, 0.0
4812, 0.0, 0.0
4813, 0.0, 0.0
4814, 0.0, 0.0
4815, 0.0, 0.0
4816, 0.0, 0.0
4817, 0.0, 0.0
4818, 0.0, 0.0
4819, 0.0, 0.0
4820, 0.0, 0.0
4821, 0.0, 0.0
4822, 0.0, 0.0
4823, 0.0, 0.0
4824, 0.0, 0.0
4825, 0.0, 0.0
4826, 0.0, 0.0
4827, 0.0, 0.0
4828, 0.0, 0.0
4829, 0.0, 0.0
4830, 0.0, 0.0
4831, 0.0, 0.0
4832, 0.0, 0.0
4833, 0.0, 0.0
4834, 0.0, 0.0
4835, 0.0, 0.0
4836, 0.0, 0.0
4837, 0.0, 0.0
4838, 0.0, 0.0
4839, 0.0, 0.0
4840, 0.0, 0.0
4841, 0.0, 0.0
4842, 0.0, 0.0
4843, 0.0, 0.0
4844, -0.10000000000000142, 0.0
4845, -0.10000000000000142, 0.0
4846, -0.10000000000000142, 0.0
4847, -0.10000000000000142, 0.0
4848, -0.10000000000000142, 0.0
4849, -0.10000000000000142, 0.0
4850, -0.10000000000000142, 0.0
4851, -0.10000000000000142, 0.0
4852, -0.10000000000000142, 0.0
4853, -0.10000000000000142, 0.0
4854, -0.10000000000000142, 0.0
4855, -0.10000000000000142, 0.0
4856, -0.10000000000000142, 0.0
4857, 0.0, 0.0
4858, 0.0, 0.0
4859, 0.0, 0.0
4860, 0.0, 0.0
4861, 0.0, 0.0
4862, 0.0, 0.0
4863, 0.0, 0.0
4864, 0.0, 0.0
4865, 0.0, 0.0
4866, 0.0, 0.0
4867, 0.0, 0.0
4868, 0.0, 0.0
4869, 0.0, 0.0
4870, 0.0, 0.0
4871, 0.0, 0.0
4872, 0.0, 0.0
4873, 0.0, 0.0
4874, 0.0, 0.0
4875, 0.0, 0.0
4876, 0.0, 0.0
4877, -0.10000000000000142, 0.0
4878, -0.10000000000000142, 0.0
4879, -0.10000000000000142, 0.0
4880, -0.10000000000000142, 0.0
4881, 0.0, 0.0
4882, 0.0, 0.0
4883, 0.0, 0.0
4884, 0.0, 0.0
4885, 0.0, 0.0
4886, 0.0, 0.0
4887, 0.0, 0.0
4888, 0.0, 0.0
4889, 0.0, 0.0
4890, 0.0, 0.0
4891, 0.0, 0.0
4892, 0.0, 0.0
4893, 0.0, 0.0
4894, 0.0, 0.0
4895, 0.0, 0.0
4896, 0.0, 0.0
4897, 0.0, 0.0
4898, 0.0, 0.0
4899, 0.0, 0.0
4900, 0.0, 0.0
4901, 0.0, 0.0
4902, 0.0, 0.0
4903, 0.0, 0.0
4904, 0.0, 0.0
4905, 0.0, 0.0
4906, 0.0, 0.0
4907, 0.0, 0.0
4908, 0.0, 0.0
4909, 0.0, 0.0
4910, 0.0, 0.0
4911, 0.0, 0.0
4912, 0.0, 0.0
4913, 0.0, 0.10000000000000142
4914, 0.0, 0.10000000000000142
4915, 0.0, 0.10000000000000142
4916, 0.0, 0.10000000000000142
4917, 0.0, 0.0
4918, 0.0, 0.0
4919, 0.0, 0.10000000000000142
4920, 0.0, 0.10000000000000142
4921, 0.0, 0.10000000000000142
4922, 0.0, 0.10000000000000142
4923, 0.0, 0.10000000000000142
4924, 0.0, 0.10000000000000142
4925, 0.0, 0.10000000000000142
4926, 0.0, 0.10000000000000142
4927, 0.0, 0.10000000000000142
4928, 0.0, 0.10000000000000142
4929, 0.0, 0.10000000000000142
4930, 0.0, 0.10000000000000142
4931, 0.0, 0.10000000000000142
4932, 0.0, 0.10000000000000142
4933, 0.0, 0.10000000000000142
4934, 0.0, 0.0
4935, 0.0, 0.0
4936, 0.0, 0.0
4937, 0.0, 0.0
4938, 0.0, 0.0
4939, 0.0, 0.0
4940, 0.0, 0.10000000000000142
4941, 0.0, 0.10000000000000142
4942, 0.0, 0.0
4943, 0.0, 0.0
4944, 0.0, 0.0
4945, 0.0, 0.0
4946, 0.0, 0.0
4947, 0.0, 0.0
4948, 0.0, 0.0
4949, 0.0, 0.0
4950, 0.0, 0.0
4951, 0.0, 0.0
4952, 0.0, 0.0
4953, 0.0, 0.0
4954, 0.0, 0.0
4955, 0.0, 0.0
4956, 0.0, 0.0
4957, 0.0, 0.0
4958, 0.0, 0.0
4959, 0.0, 0.0
4960, 0.0, 0.0
4961, 0.0, 0.0
4962, 0.0, 0.0
4963, 0.0, 0.0
4964, 0.0, 0.0
4965, 0.0, 0.0
4966, 0.0, 0.0
4967, 0.0, 0.0
4968, 0.0, 0.0
4969, 0.0, 0.0
4970, 0.0, 0.0
4971, 0.0, 0.0
4972, 0.0, 0.0
4973, 0.0, 0.0
4974, 0.0, 0.0
4975, 0.0, 0.0
4976, 0.0, 0.0
4977, 0.0, 0.0
4978, 0.0, 0.0
4979, 0.0, 0.10000000000000142
4980, 0.0, 0.10000000000000142
4981, 0.0, 0.10000000000000142
4982, 0.0, 0.10000000000000142
4983, 0.0, 0.10000000000000142
4984, 0.0, 0.20000000000000284
4985, 0.0, 0.20000000000000284
4986, 0.0, 0.20000000000000284
4987, 0.0, 0.20000000000000284
4988, 0.0, 0.20000000000000284
4989, 0.0, 0.20000000000000284
4990, 0.0, 0.20000000000000284
4991, 0.0, 0.20000000000000284
4992, 0.0, 0.20000000000000284
4993, 0.0, 0.20000000000000284
4994, 0.0, 0.10000000000000142
4995, 0.0, 0.10000000000000142
4996, 0.0, 0.10000000000000142
4997, 0.0, 0.10000000000000142
4998, 0.0, 0.10000000000000142
4999, 0.0, 0.10000000000000142
5000, 0.0, 0.10000000000000142
5001, 0.0, 0.10000000000000142
5002, -0.10000000000000142, 0.10000000000000142
5003, -0.10000000000000142, 0.10000000000000142
5004, -0.10000000000000142, 0.10000000000000142
5005, -0.10000000000000142, 0.10000000000000142
5006, -0.10000000000000142, 0.20000000000000284
5007, -0.10000000000000142, 0.20000000000000284
5008, -0.10000000000000142, 0.20000000000000284
5009, -0.10000000000000142, 0.20000000000000284
5010, -0.10000000000000142, 0.20000000000000284
5011, -0.10000000000000142, 0.20000000000000284
5012, -0.10000000000000142, 0.20000000000000284
5013, -0.10000000000000142, 0.20000000000000284
5014, 0.0, 0.20000000000000284
5015, 0.0, 0.20000000000000284
5016, 0.0, 0.20000000000000284
5017, 0.0, 0.20000000000000284
5018, 0.0, 0.20000000000000284
5019, 0.0, 0.10000000000000142
5020, 0.0, 0.10000000000000142
5021, 0.0, 0.10000000000000142
5022, 0.0, 0.10000000000000142
5023, 0.0, 0.10000000000000142
5024, 0.0, 0.10000000000000142
5025, 0.0, 0.10000000000000142
5026, 0.0, 0.10000000000000142
5027, 0.0, 0.10000000000000142
5028, 0.0, 0.10000000000000142
5029, 0.0, 0.10000000000000142
5030, 0.0, 0.10000000000000142
5031, 0.0, 0.10000000000000142
5032, 0.0, 0.10000000000000142
5033, 0.0, 0.10000000000000142
5034, 0.0, 0.10000000000000142
5035, 0.0, 0.10000000000000142
5036, 0.0, 0.10000000000000142
5037, 0.0, 0.10000000000000142
5038, 0.0, 0.10000000000000142
5039, 0.0, 0.10000000000000142
5040, 0.0, 0.10000000000000142
5041, 0.0, 0.10000000000000142
5042, 0.0, 0.10000000000000142
5043, 0.0, 0.10000000000000142
5044, 0.0, 0.10000000000000142
5045, 0.0, 0.10000000000000142
5046, 0.0, 0.10000000000000142
5047, 0.0, 0.10000000000000142
5048, 0.0, 0.10000000000000142
5049, 0.0, 0.10000000000000142
5050, 0.0, 0.10000000000000142
5051, 0.0, 0.10000000000000142
5052, 0.0, 0.10000000000000142
5053, 0.0, 0.10000000000000142
5054, 0.0, 0.10000000000000142
5055, 0.0, 0.10000000000000142
5056, 0.0, 0.10000000000000142
5057, 0.0, 0.10000000000000142
5058, 0.0, 0.10000000000000142
5059, -0.10000000000000142, 0.10000000000000142
5060, -0.10000000000000142, 0.10000000000000142
5061, -0.10000000000000142, 0.10000000000000142
5062, -0.10000000000000142, 0.20000000000000284
5063, -0.10000000000000142, 0.20000000000000284
5064, -0.10000000000000142, 0.20000000000000284
5065, -0.10000000000000142, 0.20000000000000284
5066, -0.10000000000000142, 0.20000000000000284
5067, -0.10000000000000142, 0.10000000000000142
5068, -0.10000000000000142, 0.10000000000000142
5069, -0.10000000000000142, 0.10000000000000142
5070, -0.10000000000000142, 0.10000000000000142
5071, -0.10000000000000142, 0.10000000000000142
5072, -0.10000000000000142, 0.10000000000000142
5073, -0.10000000000000142, 0.10000000000000142
5074, -0.10000000000000142, 0.10000000000000142
5075, -0.10000000000000142, 0.10000000000000142
5076, -0.10000000000000142, 0.10000000000000142
5077, -0.10000000000000142, 0.10000000000000142
5078, -0.10000000000000142, 0.10000000000000142
5079, 0.0, 0.20000000000000284
5080, 0.0, 0.20000000000000284
5081, 0.0, 0.20000000000000284
5082, 0.0, 0.20000000000000284
5083, 0.0, 0.20000000000000284
5084, 0.0, 0.20000000000000284
5085, 0.0, 0.20000000000000284
5086, 0.0, 0.20000000000000284
5087, 0.0, 0.20000000000000284
5088, 0.0, 0.20000000000000284
5089, 0.0, 0.20000000000000284
5090, 0.0, 0.10000000000000142
5091, 0.0, 0.10000000000000142
5092, 0.0, 0.10000000000000142
5093, 0.0, 0.10000000000000142
5094, 0.0, 0.10000000000000142
5095, 0.0, 0.10000000000000142
5096, 0.0, 0.10000000000000142
5097, 0.0, 0.10000000000000142
5098, 0.0, 0.10000000000000142
5099, 0.0, 0.10000000000000142
5100, 0.0, 0.10000000000000142
5101, 0.0, 0.10000000000000142
5102, 0.0, 0.10000000000000142
5103, 0.0, 0.10000000000000142
5104, 0.0, 0.10000000000000142
5105, 0.0, 0.20000000000000284
5106, 0.0, 0.20000000000000284
5107, 0.0, 0.20000000000000284
5108, 0.0, 0.20000000000000284
5109, 0.0, 0.20000000000000284
5110, 0.0, 0.20000000000000284
5111, 0.0, 0.20000000000000284
5112, 0.0, 0.20000000000000284
5113, 0.0, 0.20000000000000284
5114, 0.0, 0.20000000000000284
5115, 0.0, 0.20000000000000284
5116, 0.0, 0.20000000000000284
5117, 0.0, 0.20000000000000284
5118, 0.0, 0.20000000000000284
5119, 0.0, 0.10000000000000142
5120, 0.0, 0.20000000000000284
5121, 0.0, 0.20000000000000284
5122, 0.0, 0.20000000000000284
5123, 0.0, 0.20000000000000284
5124, 0.0, 0.20000000000000284
5125, 0.0, 0.20000000000000284
5126, 0.0, 0.20000000000000284
5127, 0.0, 0.20000000000000284
5128, 0.0, 0.20000000000000284
5129, 0.0, 0.20000000000000284
5130, 0.0, 0.20000000000000284
5131, 0.0, 0.20000000000000284
5132, 0.0, 0.20000000000000284
5133, 0.0, 0.20000000000000284
5134, 0.0, 0.20000000000000284
5135, 0.0, 0.10000000000000142
5136, 0.0, 0.10000000000000142
5137, 0.0, 0.10000000000000142
5138, 0.0, 0.0
5139, 0.0, 0.0
5140, 0.0, 0.0
5141, 0.0, 0.0
5142, 0.0, 0.10000000000000142
5143, 0.0, 0.10000000000000142
5144, -0.10000000000000142, 0.10000000000000142
5145, -0.10000000000000142, 0.10000000000000142
5146, 0.0, 0.10000000000000142
5147, 0.0, 0.10000000000000142
5148, 0.0, 0.10000000000000142
5149, 0.0, 0.10000000000000142
5150, 0.0, 0.10000000000000142
5151, 0.0, 0.10000000000000142
5152, 0.0, 0.10000000000000142
5153, 0.0, 0.10000000000000142
5154, 0.0, 0.10000000000000142
5155, 0.0, 0.10000000000000142
5156, 0.0, 0.10000000000000142
5157, 0.0, 0.10000000000000142
5158, 0.0, 0.10000000000000142
5159, 0.0, 0.10000000000000142
5160, 0.0, 0.10000000000000142
5161, 0.0, 0.10000000000000142
5162, 0.0, 0.10000000000000142
5163, 0.0, 0.10000000000000142
5164, 0.0, 0.10000000000000142
5165, 0.0, 0.10000000000000142
5166, 0.0, 0.10000000000000142
5167, 0.0, 0.10000000000000142
5168, 0.0, 0.10000000000000142
5169, 0.0, 0.10000000000000142
5170, 0.0, 0.10000000000000142
5171, 0.0, 0.10000000000000142
5172, 0.0, 0.10000000000000142
5173, 0.0, 0.10000000000000142
5174, 0.0, 0.0
5175, 0.0, 0.0
5176, 0.0, 0.0
5177, 0.0, 0.0
5178, 0.0, 0.0
5179, 0.0, 0.10000000000000142
5180, 0.0, 0.10000000000000142
5181, 0.0, 0.10000000000000142
5182, 0.0, 0.10000000000000142
5183, 0.0, 0.10000000000000142
5184, 0.0, 0.10000000000000142
5185, 0.0, 0.10000000000000142
5186, 0.0, 0.10000000000000142
5187, 0.0, 0.10000000000000142
5188, 0.0, 0.10000000000000142
5189, 0.0, 0.10000000000000142
5190, 0.0, 0.10000000000000142
5191, 0.0, 0.10000000000000142
5192, 0.0, 0.10000000000000142
5193, 0.0, 0.10000000000000142
5194, 0.0, 0.10000000000000142
5195, 0.0, 0.10000000000000142
5196, 0.0, 0.10000000000000142
5197, 0.0, 0.10000000000000142
5198, 0.0, 0.10000000000000142
5199, 0.0, 0.10000000000000142
5200, 0.0, 0.10000000000000142
5201, 0.0, 0.10000000000000142
5202, 0.0, 0.10000000000000142
5203, 0.0, 0.10000000000000142
5204, 0.0, 0.10000000000000142
5205, 0.0, 0.10000000000000142
5206, 0.0, 0.10000000000000142
5207, 0.0, 0.10000000000000142
5208, 0.0, 0.10000000000000142
5209, 0.0, 0.10000000000000142
5210, 0.0, 0.10000000000000142
5211, 0.0, 0.10000000000000142
5212, 0.0, 0.10000000000000142
5213, -0.10000000000000142, 0.10000000000000142
5214, -0.10000000000000142, 0.10000000000000142
5215, -0.10000000000000142, 0.10000000000000142
5216, -0.10000000000000142, 0.10000000000000142
5217, 0.0, 0.10000000000000142
5218, 0.0, 0.10000000000000142
5219, 0.0, 0.10000000000000142
5220, 0.0, 0.10000000000000142
5221, 0.0, 0.10000000000000142
5222, 0.0, 0.10000000000000142
5223, 0.0, 0.10000000000000142
5224, 0.0, 0.10000000000000142
5225, 0.0, 0.10000000000000142
5226, 0.0, 0.10000000000000142
5227, 0.0, 0.10000000000000142
5228, 0.0, 0.0
5229, 0.0, 0.0
5230, 0.09999999999999787, 0.0
5231, 0.09999999999999787, 0.0
5232, 0.09999999999999787, 0.0
5233, 0.09999999999999787, 0.0
5234, 0.09999999999999787, 0.0
5235, 0.09999999999999787, 0.0
5236, 0.09999999999999787, 0.0
5237, 0.0, 0.10000000000000142
5238, 0.0, 0.10000000000000142
5239, 0.0, 0.10000000000000142
5240, 0.0, 0.10000000000000142
5241, 0.0, 0.10000000000000142
5242, 0.0, 0.10000000000000142
5243, 0.0, 0.10000000000000142
5244, 0.0, 0.10000000000000142
5245, 0.0, 0.10000000000000142
5246, 0.0, 0.10000000000000142
5247, 0.0, 0.0
5248, 0.0, 0.0
5249, 0.0, 0.0
5250, 0.0, 0.0
5251, 0.0, 0.0
5252, 0.0, 0.0
5253, 0.0, 0.0
5254, 0.0, 0.0
5255, 0.0, 0.0
5256, 0.0, 0.0
5257, 0.0, 0.0
5258, 0.0, 0.0
5259, 0.0, 0.0
5260, 0.0, 0.0
5261, 0.0, 0.0
5262, 0.0, 0.0
5263, 0.0, 0.0
5264, 0.0, 0.0
5265, 0.0, 0.0
5266, 0.0, 0.0
5267, 0.09999999999999787, 0.0
5268, 0.09999999999999787, 0.0
5269, 0.09999999999999787, 0.0
5270, 0.09999999999999787, 0.0
5271, 0.09999999999999787, 0.0
5272, 0.09999999999999787, 0.0
5273, 0.09999999999999787, 0.0
5274, 0.09999999999999787, 0.0
5275, 0.09999999999999787, 0.0
5276, 0.09999999999999787, 0.0
5277, 0.09999999999999787, 0.0
5278, 0.09999999999999787, 0.0
5279, 0.09999999999999787, 0.0
5280, 0.09999999999999787, 0.0
5281, 0.09999999999999787, 0.0
5282, 0.09999999999999787, 0.0
5283, 0.09999999999999787, 0.0
5284, 0.09999999999999787, 0.10000000000000142
5285, 0.09999999999999787, 0.10000000000000142
5286, 0.09999999999999787, 0.10000000000000142
5287, 0.09999999999999787, 0.10000000000000142
5288, 0.09999999999999787, 0.10000000000000142
5289, 0.09999999999999787, 0.10000000000000142
5290, 0.0, 0.0
5291, 0.0, 0.0
5292, 0.0, 0.0
5293, 0.0, 0.0
5294, 0.0, 0.0
5295, 0.0, 0.0
5296, 0.0, 0.0
5297, 0.0, 0.10000000000000142
5298, 0.0, 0.10000000000000142
5299, 0.0, 0.10000000000000142
5300, 0.0, 0.10000000000000142
5301, 0.0, 0.10000000000000142
5302, 0.0, 0.10000000000000142
5303, 0.0, 0.10000000000000142
5304, 0.0, 0.10000000000000142
5305, 0.0, 0.10000000000000142
5306, 0.0, 0.10000000000000142
5307, 0.0, 0.10000000000000142
5308, 0.0, 0.10000000000000142
5309, 0.0, 0.10000000000000142
5310, 0.0, 0.20000000000000284
5311, 0.0, 0.20000000000000284
5312, 0.0, 0.20000000000000284
5313, 0.0, 0.20000000000000284
5314, 0.0, 0.20000000000000284
5315, 0.0, 0.20000000000000284
5316, 0.0, 0.20000000000000284
5317, 0.0, 0.20000000000000284
5318, 0.0, 0.20000000000000284
5319, 0.0, 0.20000000000000284
5320, 0.0, 0.20000000000000284
5321, 0.0, 0.3000000000000007
5322, 0.0, 0.3000000000000007
5323, -0.10000000000000142, 0.3000000000000007
5324, -0.10000000000000142, 0.3000000000000007
5325, -0.10000000000000142, 0.3000000000000007
5326, -0.10000000000000142, 0.3000000000000007
5327, -0.10000000000000142, 0.3000000000000007
5328, -0.10000000000000142, 0.3000000000000007
5329, -0.10000000000000142, 0.3000000000000007
5330, -0.10000000000000142, 0.3000000000000007
5331, -0.10000000000000142, 0.3000000000000007
5332, -0.10000000000000142, 0.3000000000000007
5333, -0.10000000000000142, 0.20000000000000284
5334, -0.10000000000000142, 0.20000000000000284
5335, -0.10000000000000142, 0.20000000000000284
5336, -0.10000000000000142, 0.20000000000000284
5337, -0.10000000000000142, 0.20000000000000284
5338, -0.10000000000000142, 0.20000000000000284
5339, -0.10000000000000142, 0.20000000000000284
5340, -0.10000000000000142, 0.20000000000000284
5341, -0.10000000000000142, 0.20000000000000284
5342, 0.0, 0.20000000000000284
5343, 0.0, 0.20000000000000284
5344, 0.0, 0.20000000000000284
5345, 0.0, 0.20000000000000284
5346, 0.0, 0.20000000000000284
5347, 0.0, 0.20000000000000284
5348, 0.0, 0.20000000000000284
5349, 0.0, 0.20000000000000284
5350, 0.0, 0.20000000000000284
5351, 0.0, 0.20000000000000284
5352, 0.0, 0.20000000000000284
5353, 0.0, 0.20000000000000284
5354, 0.0, 0.20000000000000284
5355, 0.0, 0.20000000000000284
5356, 0.0, 0.20000000000000284
5357, 0.0, 0.10000000000000142
5358, 0.0, 0.10000000000000142
5359, 0.0, 0.10000000000000142
5360, 0.0, 0.10000000000000142
5361, 0.0, 0.10000000000000142
5362, 0.09999999999999787, 0.10000000000000142
5363, 0.09999999999999787, 0.10000000000000142
5364, 0.09999999999999787, 0.10000000000000142
5365, 0.09999999999999787, 0.10000000000000142
5366, 0.09999999999999787, 0.10000000000000142
5367, 0.09999999999999787, 0.10000000000000142
5368, 0.09999999999999787, 0.10000000000000142
5369, 0.09999999999999787, 0.10000000000000142
5370, 0.09999999999999787, 0.10000000000000142
5371, 0.09999999999999787, 0.10000000000000142
5372, 0.09999999999999787, 0.10000000000000142
5373, 0.09999999999999787, 0.10000000000000142
5374, 0.09999999999999787, 0.10000000000000142
5375, 0.09999999999999787, 0.10000000000000142
5376, 0.09999999999999787, 0.10000000000000142
5377, 0.09999999999999787, 0.10000000000000142
5378, 0.09999999999999787, 0.10000000000000142
5379, 0.09999999999999787, 0.10000000000000142
5380, 0.09999999999999787, 0.10000000000000142
5381, 0.09999999999999787, 0.10000000000000142
5382, 0.09999999999999787, 0.10000000000000142
5383, 0.09999999999999787, 0.10000000000000142
5384, 0.09999999999999787, 0.10000000000000142
5385, 0.09999999999999787, 0.10000000000000142
5386, 0.09999999999999787, 0.20000000000000284
5387, 0.09999999999999787, 0.20000000000000284
5388, 0.09999999999999787, 0.20000000000000284
5389, 0.09999999999999787, 0.20000000000000284
5390, 0.09999999999999787, 0.20000000000000284
5391, 0.09999999999999787, 0.20000000000000284
5392, 0.09999999999999787, 0.20000000000000284
5393, 0.09999999999999787, 0.20000000000000284
5394, 0.09999999999999787, 0.20000000000000284
5395, 0.09999999999999787, 0.20000000000000284
5396, 0.09999999999999787, 0.20000000000000284
5397, 0.09999999999999787, 0.20000000000000284
5398, 0.09999999999999787, 0.20000000000000284
5399, 0.09999999999999787, 0.20000000000000284
5400, 0.09999999999999787, 0.20000000000000284
5401, 0.09999999999999787, 0.20000000000000284
5402, 0.09999999999999787, 0.20000000000000284
5403, 0.09999999999999787, 0.20000000000000284
5404, 0.09999999999999787, 0.20000000000000284
5405, 0.09999999999999787, 0.20000000000000284
5406, 0.09999999999999787, 0.10000000000000142
5407, 0.09999999999999787, 0.10000000000000142
5408, 0.09999999999999787, 0.10000000000000142
5409, 0.09999999999999787, 0.10000000000000142
5410, 0.09999999999999787, 0.10000000000000142
5411, 0.09999999999999787, 0.10000000000000142
5412, 0.09999999999999787, 0.10000000000000142
5413, 0.09999999999999787, 0.10000000000000142
5414, 0.09999999999999787, 0.10000000000000142
5415, 0.09999999999999787, 0.10000000000000142
5416, 0.09999999999999787, 0.10000000000000142
5417, 0.09999999999999787, 0.10000000000000142
5418, 0.09999999999999787, 0.10000000000000142
5419, 0.09999999999999787, 0.10000000000000142
5420, 0.09999999999999787, 0.10000000000000142
5421, 0.09999999999999787, 0.10000000000000142
5422, 0.09999999999999787, 0.10000000000000142
5423, 0.09999999999999787, 0.10000000000000142
5424, 0.09999999999999787, 0.10000000000000142
5425, 0.09999999999999787, 0.10000000000000142
5426, 0.09999999999999787, 0.10000000000000142
5427, 0.09999999999999787, 0.10000000000000142
5428, 0.09999999999999787, 0.20000000000000284
5429, 0.09999999999999787, 0.20000000000000284
5430, 0.09999999999999787, 0.20000000000000284
5431, 0.09999999999999787, 0.20000000000000284
5432, 0.09999999999999787, 0.20000000000000284
5433, 0.09999999999999787, 0.20000000000000284
5434, 0.09999999999999787, 0.20000000000000284
5435, 0.09999999999999787, 0.20000000000000284
5436, 0.09999999999999787, 0.20000000000000284
5437, 0.09999999999999787, 0.20000000000000284
5438, 0.09999999999999787, 0.20000000000000284
5439, 0.09999999999999787, 0.20000000000000284
5440, 0.09999999999999787, 0.20000000000000284
5441, 0.09999999999999787, 0.20000000000000284
5442, 0.09999999999999787, 0.20000000000000284
5443, 0.09999999999999787, 0.20000000000000284
5444, 0.09999999999999787, 0.20000000000000284
5445, 0.09999999999999787, 0.20000000000000284
5446, 0.09999999999999787, 0.10000000000000142
5447, 0.09999999999999787, 0.10000000000000142
5448, 0.09999999999999787, 0.10000000000000142
5449, 0.09999999999999787, 0.10000000000000142
5450, 0.09999999999999787, 0.10000000000000142
5451, 0.09999999999999787, 0.10000000000000142
5452, 0.09999999999999787, 0.10000000000000142
5453, 0.09999999999999787, 0.0
5454, 0.09999999999999787, 0.0
5455, 0.09999999999999787, 0.0
5456, 0.09999999999999787, 0.0
5457, 0.09999999999999787, 0.0
5458, 0.09999999999999787, 0.0
5459, 0.09999999999999787, 0.0
5460, 0.09999999999999787, 0.0
5461, 0.0, 0.0
5462, 0.0, 0.0
5463, 0.0, 0.0
5464, 0.0, 0.0
5465, 0.0, 0.0
5466, 0.0, 0.0
5467, 0.0, 0.0
5468, 0.0, 0.0
5469, 0.0, 0.10000000000000142
5470, 0.0, 0.10000000000000142
5471, 0.0, 0.10000000000000142
5472, 0.0, 0.10000000000000142
5473, 0.0, 0.10000000000000142
5474, 0.0, 0.10000000000000142
5475, 0.0, 0.10000000000000142
5476, 0.0, 0.10000000000000142
5477, 0.0, 0.10000000000000142
5478, 0.0, 0.10000000000000142
5479, 0.0, 0.10000000000000142
5480, 0.0, 0.10000000000000142
5481, -0.10000000000000142, 0.10000000000000142
5482, -0.10000000000000142, 0.10000000000000142
5483, -0.10000000000000142, 0.10000000000000142
5484, -0.10000000000000142, 0.10000000000000142
5485, -0.10000000000000142, 0.10000000000000142
5486, -0.10000000000000142, 0.10000000000000142
5487, -0.10000000000000142, 0.10000000000000142
5488, -0.10000000000000142, 0.10000000000000142
5489, -0.10000000000000142, 0.10000000000000142
5490, -0.10000000000000142, 0.10000000000000142
5491, -0.10000000000000142, 0.10000000000000142
5492, -0.10000000000000142, 0.10000000000000142
5493, -0.10000000000000142, 0.10000000000000142
5494, -0.10000000000000142, 0.10000000000000142
5495, -0.10000000000000142, 0.10000000000000142
5496, -0.10000000000000142, 0.10000000000000142
5497, -0.10000000000000142, 0.10000000000000142
5498, -0.10000000000000142, 0.10000000000000142
5499, -0.10000000000000142, 0.10000000000000142
5500, -0.10000000000000142, 0.0
5501, -0.10000000000000142, 0.0
5502, -0.10000000000000142, 0.0
5503, -0.10000000000000142, 0.0
5504, -0.10000000000000142, 0.0
5505, -0.10000000000000142, 0.0
5506, -0.10000000000000142, 0.0
5507, -0.10000000000000142, 0.0
5508, -0.10000000000000142, 0.0
5509, -0.10000000000000142, 0.0
5510, 0.0, 0.0
5511, 0.09999999999999787, 0.0
5512, 0.09999999999999787, 0.0
5513, 0.09999999999999787, 0.0
5514, 0.09999999999999787, 0.0
5515, 0.09999999999999787, 0.0
5516, 0.09999999999999787, 0.0
5517, 0.09999999999999787, 0.0
5518, 0.09999999999999787, 0.0
5519, 0.09999999999999787, 0.0
5520, 0.09999999999999787, 0.0
5521, 0.09999999999999787, -0.09999999999999787
5522, 0.09999999999999787, -0.09999999999999787
5523, 0.09999999999999787, -0.09999999999999787
5524, 0.09999999999999787, -0.09999999999999787
5525, 0.09999999999999787, -0.09999999999999787
5526, 0.09999999999999787, -0.09999999999999787
5527, 0.09999999999999787, -0.09999999999999787
5528, 0.09999999999999787, -0.09999999999999787
5529, 0.09999999999999787, -0.09999999999999787
5530, 0.09999999999999787, -0.09999999999999787
5531, 0.09999999999999787, -0.09999999999999787
5532, 0.09999999999999787, 0.0
5533, 0.09999999999999787, 0.0
5534, 0.09999999999999787, 0.0
5535, 0.09999999999999787, 0.0
5536, 0.09999999999999787, 0.0
5537, 0.09999999999999787, 0.0
5538, 0.09999999999999787, 0.0
5539, 0.09999999999999787, 0.0
5540, 0.09999999999999787, 0.0
5541, 0.09999999999999787, 0.0
5542, 0.09999999999999787, 0.10000000000000142
5543, 0.09999999999999787, 0.10000000000000142
5544, 0.09999999999999787, 0.10000000000000142
5545, 0.09999999999999787, 0.10000000000000142
5546, 0.09999999999999787, 0.10000000000000142
5547, 0.09999999999999787, 0.10000000000000142
5548, 0.09999999999999787, 0.0
5549, 0.09999999999999787, 0.0
5550, 0.09999999999999787, 0.0
5551, 0.09999999999999787, 0.0
5552, 0.09999999999999787, 0.0
5553, 0.0, 0.0
5554, -0.10000000000000142, 0.0
5555, -0.10000000000000142, 0.0
5556, -0.10000000000000142, 0.0
5557, -0.10000000000000142, 0.0
5558, -0.10000000000000142, 0.0
5559, -0.10000000000000142, 0.0
5560, -0.10000000000000142, 0.0
5561, -0.10000000000000142, 0.0
5562, -0.10000000000000142, 0.0
5563, -0.10000000000000142, 0.0
5564, -0.10000000000000142, 0.0
5565, -0.10000000000000142, 0.0
5566, -0.10000000000000142, 0.0
5567, -0.10000000000000142, 0.0
5568, -0.10000000000000142, 0.0
5569, -0.10000000000000142, 0.0
5570, -0.10000000000000142, 0.0
5571, -0.10000000000000142, 0.0
5572, -0.10000000000000142, 0.0
5573, -0.10000000000000142, 0.0
5574, -0.10000000000000142, 0.0
5575, -0.10000000000000142, 0.0
5576, -0.10000000000000142, 0.0
5577, 0.0, 0.0
5578, 0.0, 0.0
5579, 0.0, 0.0
5580, 0.0, 0.0
5581, 0.0, 0.0
5582, 0.0, 0.0
5583, 0.0, 0.0
5584, 0.0, 0.0
5585, 0.0, 0.0
5586, 0.0, 0.0
5587, 0.0, 0.0
5588, 0.0, 0.0
5589, 0.0, 0.0
5590, 0.0, 0.0
5591, 0.0, 0.10000000000000142
5592, 0.0, 0.10000000000000142
5593, 0.0, 0.10000000000000142
5594, 0.0, 0.10000000000000142
5595, 0.0, 0.10000000000000142
5596, 0.0, 0.10000000000000142
5597, 0.0, 0.10000000000000142
5598, 0.0, 0.10000000000000142
5599, 0.0, 0.10000000000000142
5600, 0.0, 0.10000000000000142
5601, 0.0, 0.10000000000000142
5602, 0.0, 0.20000000000000284
5603, 0.0, 0.20000000000000284
5604, 0.0, 0.20000000000000284
5605, 0.0, 0.20000000000000284
5606, 0.0, 0.20000000000000284
5607, 0.0, 0.20000000000000284
5608, 0.0, 0.20000000000000284
5609, 0.0, 0.20000000000000284
5610, 0.0, 0.20000000000000284
5611, 0.0, 0.20000000000000284
5612, 0.0, 0.20000000000000284
5613, 0.0, 0.20000000000000284
5614, 0.0, 0.20000000000000284
5615, 0.0, 0.20000000000000284
5616, 0.0, 0.20000000000000284
5617, 0.09999999999999787, 0.20000000000000284
5618, 0.09999999999999787, 0.20000000000000284
5619, 0.0, 0.20000000000000284
5620, 0.0, 0.20000000000000284
5621, 0.0, 0.20000000000000284
5622, 0.0, 0.20000000000000284
5623, 0.0, 0.20000000000000284
5624, 0.0, 0.20000000000000284
5625, 0.0, 0.10000000000000142
5626, 0.0, 0.10000000000000142
5627, 0.0, 0.10000000000000142
5628, 0.0, 0.10000000000000142
5629, 0.0, 0.10000000000000142
5630, 0.0, 0.10000000000000142
5631, -0.10000000000000142, 0.10000000000000142
5632, -0.10000000000000142, 0.10000000000000142
5633, 0.0, 0.10000000000000142
5634, 0.0, 0.10000000000000142
5635, 0.0, 0.10000000000000142
5636, 0.0, 0.10000000000000142
5637, 0.0, 0.10000000000000142
5638, 0.0, 0.10000000000000142
5639, 0.0, 0.10000000000000142
5640, 0.0, 0.10000000000000142
5641, 0.0, 0.10000000000000142
5642, 0.0, 0.10000000000000142
5643, 0.0, 0.10000000000000142
5644, 0.0, 0.10000000000000142
5645, 0.0, 0.10000000000000142
5646, 0.0, 0.10000000000000142
5647, 0.0, 0.10000000000000142
5648, 0.0, 0.10000000000000142
5649, 0.0, 0.0
5650, 0.0, 0.0
5651, 0.0, 0.0
5652, 0.0, 0.0
5653, 0.0, 0.0
5654, 0.0, 0.0
5655, 0.0, 0.0
5656, 0.0, 0.0
5657, 0.0, 0.0
5658, -0.10000000000000142, 0.0
5659, -0.10000000000000142, 0.0
5660, -0.10000000000000142, 0.0
5661, -0.10000000000000142, 0.0
5662, -0.10000000000000142, 0.0
5663, -0.10000000000000142, 0.0
5664, -0.10000000000000142, 0.0
5665, -0.10000000000000142, 0.0
5666, -0.10000000000000142, 0.0
5667, -0.10000000000000142, 0.0
5668, 0.0, 0.0
5669, 0.0, 0.0
5670, 0.0, 0.0
5671, 0.0, 0.0
5672, 0.0, 0.0
5673, 0.0, 0.0
5674, 0.0, 0.0
5675, 0.0, 0.0
5676, 0.0, 0.0
5677, 0.0, 0.0
5678, 0.0, 0.0
5679, 0.0, 0.0
5680, 0.0, 0.0
5681, 0.0, -0.09999999999999787
5682, 0.0, -0.09999999999999787
5683, 0.0, -0.09999999999999787
5684, 0.0, -0.09999999999999787
5685, 0.0, -0.09999999999999787
5686, 0.0, 0.0
5687, 0.0, 0.0
5688, 0.0, 0.0
5689, 0.0, 0.0
5690, 0.0, 0.0
5691, 0.0, 0.0
5692, 0.0, 0.10000000000000142
5693, 0.0, 0.10000000000000142
5694, 0.0, 0.10000000000000142
5695, 0.0, 0.10000000000000142
5696, 0.0, 0.10000000000000142
5697, 0.0, 0.10000000000000142
5698, 0.0, 0.10000000000000142
5699, 0.0, 0.10000000000000142
5700, 0.0, 0.10000000000000142
5701, -0.10000000000000142, 0.10000000000000142
5702, -0.10000000000000142, 0.10000000000000142
5703, -0.10000000000000142, 0.10000000000000142
5704, -0.10000000000000142, 0.10000000000000142
5705, -0.10000000000000142, 0.10000000000000142
5706, -0.10000000000000142, 0.10000000000000142
5707, -0.10000000000000142, 0.10000000000000142
5708, -0.10000000000000142, 0.10000000000000142
5709, -0.10000000000000142, 0.10000000000000142
5710, 0.0, 0.0
5711, 0.0, 0.0
5712, 0.0, 0.0
5713, 0.0, 0.0
5714, 0.0, 0.0
5715, 0.0, 0.0
5716, 0.0, 0.0
5717, 0.0, 0.0
5718, 0.0, 0.0
5719, 0.0, 0.0
5720, 0.0, 0.0
5721, 0.0, 0.0
5722, 0.0, 0.0
5723, 0.0, 0.0
5724, 0.0, 0.0
5725, 0.0, 0.0
5726, 0.0, 0.0
5727, 0.0, 0.0
5728, 0.0, 0.0
5729, 0.0, 0.0
5730, 0.0, 0.0
5731, 0.0, 0.0
5732, 0.0, 0.0
5733, 0.0, 0.10000000000000142
5734, 0.0, 0.10000000000000142
5735, 0.0, 0.0
5736, 0.0, 0.0
5737, 0.0, 0.0
5738, 0.0, 0.0
5739, 0.0, 0.0
5740, 0.0, 0.0
5741, 0.0, 0.0
5742, 0.0, 0.0
5743, 0.0, 0.0
5744, 0.0, 0.0
5745, 0.0, 0.0
5746, 0.0, 0.0
5747, 0.0, 0.0
5748, 0.0, 0.0
5749, 0.0, 0.0
5750, 0.0, -0.09999999999999787
5751, 0.0, -0.09999999999999787
5752, 0.0, -0.09999999999999787
5753, 0.0, -0.09999999999999787
5754, 0.09999999999999787, 0.0
5755, 0.09999999999999787, 0.0
5756, 0.0, 0.0
5757, 0.0, 0.0
5758, 0.0, 0.0
5759, 0.0, 0.0
5760, 0.0, 0.0
5761, 0.0, 0.0
5762, 0.0, 0.0
5763, 0.0, 0.0
5764, 0.0, 0.0
5765, 0.0, 0.0
5766, 0.0, 0.0
5767, 0.0, 0.0
5768, 0.0, 0.0
5769, 0.0, 0.0
5770, 0.0, 0.10000000000000142
5771, 0.0, 0.10000000000000142
5772, 0.0, 0.10000000000000142
5773, 0.0, 0.10000000000000142
5774, 0.0, 0.10000000000000142
5775, 0.0, 0.10000000000000142
5776, 0.09999999999999787, 0.10000000000000142
5777, 0.09999999999999787, 0.10000000000000142
5778, 0.09999999999999787, 0.10000000000000142
5779, 0.09999999999999787, 0.10000000000000142
5780, 0.09999999999999787, 0.10000000000000142
5781, 0.09999999999999787, 0.10000000000000142
5782, 0.09999999999999787, 0.10000000000000142
5783, 0.09999999999999787, 0.10000000000000142
5784, 0.09999999999999787, 0.10000000000000142
5785, 0.09999999999999787, 0.10000000000000142
5786, 0.09999999999999787, 0.10000000000000142
5787, 0.09999999999999787, 0.10000000000000142
5788, 0.09999999999999787, 0.10000000000000142
5789, 0.09999999999999787, 0.10000000000000142
5790, 0.09999999999999787, 0.10000000000000142
5791, 0.09999999999999787, 0.10000000000000142
5792, 0.09999999999999787, 0.10000000000000142
5793, 0.09999999999999787, 0.10000000000000142
5794, 0.09999999999999787, 0.10000000000000142
5795, 0.09999999999999787, 0.10000000000000142
5796, 0.09999999999999787, 0.10000000000000142
5797, 0.09999999999999787, 0.10000000000000142
5798, 0.09999999999999787, 0.10000000000000142
5799, 0.09999999999999787, 0.10000000000000142
5800, 0.09999999999999787, 0.10000000000000142
5801, 0.09999999999999787, 0.10000000000000142
5802, 0.0, 0.10000000000000142
5803, 0.0, 0.0
5804, 0.0, 0.0
5805, 0.0, 0.0
5806, 0.0, 0.0
5807, 0.0, 0.0
5808, 0.0, 0.0
5809, 0.0, 0.0
5810, 0.0, 0.0
5811, 0.0, 0.0
5812, 0.0, 0.0
5813, 0.0, 0.0
5814, 0.0, 0.0
5815, 0.0, 0.0
5816, 0.0, 0.0
5817, 0.0, 0.10000000000000142
5818, 0.0, 0.10000000000000142
5819, 0.0, 0.10000000000000142
5820, 0.0, 0.10000000000000142
5821, 0.0, 0.0
5822, 0.0, 0.0
5823, 0.0, 0.0
5824, 0.0, 0.0
5825, 0.0, 0.0
5826, 0.0, 0.0
5827, 0.0, 0.0
5828, 0.0, 0.0
5829, 0.0, 0.0
5830, 0.0, 0.0
5831, 0.0, 0.10000000000000142
5832, 0.0, 0.0
5833, 0.0, 0.0
5834, 0.0, 0.0
5835, 0.0, 0.0
5836, 0.0, 0.0
5837, 0.0, 0.0
5838, 0.0, 0.0
5839, 0.0, 0.0
5840, 0.0, 0.0
5841, 0.0, 0.0
5842, 0.0, 0.0
5843, 0.0, 0.10000000000000142
5844, 0.0, 0.10000000000000142
5845, 0.0, 0.10000000000000142
5846, 0.0, 0.10000000000000142
5847, 0.0, 0.10000000000000142
5848, 0.0, 0.10000000000000142
5849, 0.0, 0.10000000000000142
5850, 0.0, 0.10000000000000142
5851, 0.0, 0.10000000000000142
5852, 0.0, 0.10000000000000142
5853, 0.0, 0.10000000000000142
5854, 0.0, 0.10000000000000142
5855, 0.0, 0.0
5856, 0.0, 0.0
5857, 0.0, 0.0
5858, 0.0, 0.0
5859, 0.0, 0.0
5860, 0.0, 0.0
5861, 0.0, 0.0
5862, 0.0, 0.0
5863, 0.0, 0.0
5864, 0.0, 0.0
5865, 0.0, 0.0
5866, 0.0, 0.0
5867, 0.0, 0.0
5868, 0.0, 0.0
5869, 0.0, 0.0
5870, 0.0, 0.0
5871, 0.0, 0.0
5872, 0.0, 0.0
5873, 0.0, 0.0
5874, 0.0, 0.0
5875, 0.0, 0.0
5876, 0.0, 0.0
5877, 0.0, 0.0
5878, 0.0, 0.0
5879, 0.0, 0.0
5880, 0.0, 0.0
5881, 0.0, 0.0
5882, 0.0, 0.0
5883, 0.0, 0.0
5884, -0.10000000000000142, 0.0
5885, -0.10000000000000142, 0.0
5886, -0.10000000000000142, 0.10000000000000142
5887, 0.0, 0.10000000000000142
5888, 0.0, 0.0
5889, 0.0, 0.0
5890, 0.0, 0.0
5891, 0.0, 0.0
5892, 0.0, 0.0
5893, 0.0, 0.0
5894, 0.0, 0.0
5895, 0.0, 0.0
5896, 0.0, 0.0
5897, 0.0, 0.0
5898, 0.0, 0.0
5899, 0.0, 0.0
5900, 0.0, 0.0
5901, 0.0, 0.0
5902, 0.0, 0.0
5903, 0.0, 0.0
5904, 0.0, 0.0
5905, 0.0, 0.0
5906, 0.0, 0.0
5907, 0.0, 0.0
5908, 0.0, 0.0
5909, 0.0, 0.0
5910, 0.0, 0.0
5911, 0.0, 0.0
5912, 0.0, 0.0
5913, 0.0, 0.0
5914, 0.0, 0.0
5915, 0.0, 0.0
5916, 0.0, 0.0
5917, 0.0, 0.0
5918, 0.0, 0.0
5919, 0.0, 0.0
5920, 0.0, 0.0
5921, 0.0, 0.0
5922, 0.0, 0.0
5923, 0.0, 0.0
5924, 0.0, 0.0
5925, 0.0, 0.0
5926, 0.0, 0.0
5927, 0.0, 0.0
5928, 0.0, 0.0
5929, 0.0, 0.10000000000000142
5930, 0.0, 0.10000000000000142
5931, 0.0, 0.10000000000000142
5932, 0.0, 0.10000000000000142
5933, 0.0, 0.10000000000000142
5934, 0.0, 0.10000000000000142
5935, 0.0, 0.10000000000000142
5936, 0.0, 0.10000000000000142
5937, 0.0, 0.10000000000000142
5938, 0.09999999999999787, 0.10000000000000142
5939, 0.09999999999999787, 0.10000000000000142
5940, 0.09999999999999787, 0.10000000000000142
5941, 0.09999999999999787, 0.10000000000000142
5942, 0.09999999999999787, 0.10000000000000142
5943, 0.09999999999999787, 0.10000000000000142
5944, 0.09999999999999787, 0.10000000000000142
5945, 0.09999999999999787, 0.10000000000000142
5946, 0.09999999999999787, 0.10000000000000142
5947, 0.09999999999999787, 0.10000000000000142
5948, 0.09999999999999787, 0.10000000000000142
5949, 0.09999999999999787, 0.10000000000000142
5950, 0.09999999999999787, 0.10000000000000142
5951, 0.09999999999999787, 0.10000000000000142
5952, 0.09999999999999787, 0.10000000000000142
5953, 0.09999999999999787, 0.10000000000000142
5954, 0.09999999999999787, 0.10000000000000142
5955, 0.09999999999999787, 0.10000000000000142
5956, 0.09999999999999787, 0.10000000000000142
5957, 0.09999999999999787, 0.10000000000000142
5958, 0.09999999999999787, 0.10000000000000142
5959, 0.09999999999999787, 0.10000000000000142
5960, 0.09999999999999787, 0.10000000000000142
5961, 0.09999999999999787, 0.10000000000000142
5962, 0.09999999999999787, 0.10000000000000142
5963, 0.09999999999999787, 0.10000000000000142
5964, 0.09999999999999787, 0.10000000000000142
5965, 0.09999999999999787, 0.10000000000000142
5966, 0.09999999999999787, 0.10000000000000142
5967, 0.09999999999999787, 0.10000000000000142
5968, 0.09999999999999787, 0.0
5969, 0.09999999999999787, 0.0
5970, 0.09999999999999787, 0.0
5971, 0.0, 0.0
5972, 0.0, 0.0
5973, 0.0, 0.0
5974, 0.0, 0.0
5975, 0.0, 0.0
5976, 0.0, 0.0
5977, 0.0, 0.0
5978, 0.0, 0.0
5979, 0.0, 0.0
5980, -0.10000000000000142, 0.0
5981, -0.10000000000000142, 0.0
5982, -0.10000000000000142, 0.0
5983, -0.10000000000000142, 0.0
5984, -0.10000000000000142, 0.0
5985, -0.10000000000000142, 0.0
5986, -0.10000000000000142, 0.0
5987, -0.10000000000000142, 0.0
5988, -0.10000000000000142, 0.0
5989, 0.0, 0.0
5990, 0.0, 0.0
5991, 0.0, 0.0
5992, 0.0, 0.0
5993, 0.0, 0.0
5994, 0.0, 0.0
5995, 0.0, 0.0
5996, 0.0, 0.0
5997, 0.0, 0.0
5998, 0.0, 0.10000000000000142
5999, 0.0, 0.10000000000000142
6000, 0.0, 0.10000000000000142
6001, 0.0, 0.10000000000000142
6002, 0.0, 0.10000000000000142
6003, 0.0, 0.10000000000000142
6004, 0.0, 0.10000000000000142
6005, 0.0, 0.10000000000000142
6006, 0.0, 0.10000000000000142
6007, 0.0, 0.10000000000000142
6008, 0.0, 0.10000000000000142
6009, 0.0, 0.10000000000000142
6010, 0.0, 0.20000000000000284
6011, 0.0, 0.20000000000000284
6012, 0.0, 0.20000000000000284
6013, 0.0, 0.20000000000000284
6014, 0.0, 0.20000000000000284
6015, 0.0, 0.20000000000000284
6016, 0.0, 0.20000000000000284
6017, 0.0, 0.20000000000000284
6018, 0.0, 0.20000000000000284
6019, 0.0, 0.20000000000000284
6020, 0.0, 0.20000000000000284
6021, 0.0, 0.20000000000000284
6022, 0.0, 0.20000000000000284
6023, 0.0, 0.20000000000000284
6024, 0.0, 0.20000000000000284
6025, 0.0, 0.20000000000000284
6026, 0.0, 0.20000000000000284
6027, 0.0, 0.20000000000000284
6028, 0.0, 0.20000000000000284
6029, 0.0, 0.20000000000000284
6030, -0.10000000000000142, 0.20000000000000284
6031, -0.10000000000000142, 0.20000000000000284
6032, -0.10000000000000142, 0.10000000000000142
6033, -0.10000000000000142, 0.10000000000000142
6034, -0.10000000000000142, 0.10000000000000142
6035, -0.10000000000000142, 0.10000000000000142
6036, -0.10000000000000142, 0.20000000000000284
6037, -0.10000000000000142, 0.20000000000000284
6038, -0.10000000000000142, 0.20000000000000284
6039, -0.10000000000000142, 0.20000000000000284
6040, -0.10000000000000142, 0.20000000000000284
6041, -0.10000000000000142, 0.10000000000000142
6042, -0.10000000000000142, 0.10000000000000142
6043, -0.10000000000000142, 0.10000000000000142
6044, -0.10000000000000142, 0.10000000000000142
6045, -0.10000000000000142, 0.10000000000000142
6046, 0.0, 0.10000000000000142
6047, 0.0, 0.10000000000000142
6048, 0.0, 0.10000000000000142
6049, 0.0, 0.10000000000000142
6050, 0.0, 0.10000000000000142
6051, 0.0, 0.10000000000000142
6052, 0.0, 0.10000000000000142
6053, 0.0, 0.10000000000000142
6054, 0.0, 0.0
6055, -0.10000000000000142, 0.0
6056, -0.10000000000000142, 0.0
6057, -0.10000000000000142, 0.0
6058, -0.10000000000000142, 0.0
6059, -0.10000000000000142, 0.0
6060, -0.10000000000000142, 0.0
6061, -0.10000000000000142, 0.0
6062, -0.10000000000000142, 0.0
6063, -0.10000000000000142, 0.0
6064, -0.10000000000000142, -0.09999999999999787
6065, -0.10000000000000142, -0.09999999999999787
6066, -0.10000000000000142, -0.09999999999999787
6067, -0.10000000000000142, -0.09999999999999787
6068, -0.10000000000000142, -0.09999999999999787
6069, -0.10000000000000142, -0.09999999999999787
6070, -0.10000000000000142, -0.09999999999999787
6071, -0.10000000000000142, -0.09999999999999787
6072, -0.10000000000000142, -0.09999999999999787
6073, -0.10000000000000142, -0.09999999999999787
6074, -0.10000000000000142, -0.09999999999999787
6075, -0.10000000000000142, -0.09999999999999787
6076, 0.0, -0.09999999999999787
6077, 0.0, 0.0
6078, 0.0, 0.0
6079, 0.0, 0.10000000000000142
6080, 0.0, 0.0
6081, 0.0, 0.0
6082, 0.0, 0.0
6083, 0.0, 0.0
6084, 0.0, 0.0
6085, 0.0, 0.0
6086, 0.0, 0.0
6087, 0.0, 0.0
6088, 0.0, 0.0
6089, 0.0, 0.0
6090, 0.0, 0.0
6091, 0.0, 0.0
6092, 0.0, 0.0
6093, 0.0, 0.0
6094, 0.0, 0.0
6095, 0.0, 0.0
6096, 0.0, 0.0
6097, 0.0, 0.0
6098, 0.0, 0.0
6099, 0.0, 0.0
6100, 0.0, 0.0
6101, 0.0, 0.0
6102, 0.0, 0.0
6103, 0.0, 0.0
6104, 0.0, 0.0
6105, 0.0, 0.0
6106, 0.0, 0.0
6107, 0.0, 0.0
6108, 0.0, 0.0
6109, 0.0, 0.0
6110, 0.0, 0.0
6111, 0.0, 0.0
6112, -0.10000000000000142, 0.0
6113, -0.10000000000000142, 0.0
6114, -0.10000000000000142, 0.0
6115, -0.10000000000000142, 0.0
6116, -0.10000000000000142, 0.0
6117, -0.10000000000000142, 0.0
6118, -0.10000000000000142, 0.10000000000000142
6119, -0.10000000000000142, 0.10000000000000142
6120, -0.10000000000000142, 0.10000000000000142
6121, -0.10000000000000142, 0.0
6122, -0.10000000000000142, 0.0
6123, -0.10000000000000142, 0.0
6124, -0.10000000000000142, 0.0
6125, -0.10000000000000142, 0.0
6126, -0.10000000000000142, 0.0
6127, -0.10000000000000142, 0.0
6128, -0.10000000000000142, 0.0
6129, -0.10000000000000142, 0.0
6130, -0.10000000000000142, 0.0
6131, -0.10000000000000142, 0.0
6132, -0.10000000000000142, 0.0
6133, -0.10000000000000142, 0.0
6134, -0.10000000000000142, 0.0
6135, 0.0, 0.0
6136, 0.0, 0.0
6137, 0.0, 0.0
6138, 0.0, 0.0
6139, 0.0, 0.0
6140, 0.0, 0.10000000000000142
6141, 0.0, 0.10000000000000142
6142, 0.0, 0.10000000000000142
6143, 0.0, 0.10000000000000142
6144, 0.0, 0.10000000000000142
6145, 0.0, 0.10000000000000142
6146, 0.0, 0.10000000000000142
6147, 0.0, 0.10000000000000142
6148, 0.0, 0.10000000000000142
6149, 0.0, 0.10000000000000142
6150, 0.0, 0.10000000000000142
6151, 0.0, 0.10000000000000142
6152, 0.0, 0.10000000000000142
6153, 0.0, 0.10000000000000142
6154, 0.0, 0.10000000000000142
6155, 0.0, 0.10000000000000142
6156, 0.0, 0.0
6157, 0.0, 0.0
6158, 0.0, 0.0
6159, 0.0, 0.0
6160, 0.0, 0.0
6161, 0.0, 0.0
6162, 0.0, 0.0
6163, 0.0, 0.0
6164, 0.0, 0.0
6165, 0.0, 0.0
6166, 0.0, 0.0
6167, 0.0, 0.0
6168, 0.0, 0.0
6169, 0.0, 0.0
6170, 0.0, 0.0
6171, 0.0, 0.0
6172, 0.0, 0.0
6173, 0.0, 0.0
6174, 0.0, 0.0
6175, 0.0, 0.0
6176, 0.0, 0.0
6177, 0.0, 0.0
6178, 0.0, 0.0
6179, -0.10000000000000142, 0.0
6180, -0.10000000000000142, 0.0
6181, -0.10000000000000142, 0.0
6182, -0.10000000000000142, 0.10000000000000142
6183, -0.10000000000000142, 0.10000000000000142
6184, -0.10000000000000142, 0.10000000000000142
6185, -0.10000000000000142, 0.0
6186, -0.10000000000000142, 0.0
6187, -0.10000000000000142, 0.0
6188, -0.10000000000000142, 0.0
6189, -0.10000000000000142, 0.0
6190, 0.0, 0.0
6191, 0.0, 0.0
6192, 0.0, 0.0
6193, 0.0, 0.0
6194, 0.0, 0.0
6195, 0.0, 0.0
6196, 0.0, 0.0
6197, 0.09999999999999787, 0.0
6198, 0.09999999999999787, 0.0
6199, 0.09999999999999787, 0.0
6200, 0.09999999999999787, 0.0
6201, 0.09999999999999787, 0.0
6202, 0.09999999999999787, 0.0
6203, 0.09999999999999787, 0.0
6204, 0.09999999999999787, 0.0
6205, 0.09999999999999787, 0.0
6206, 0.09999999999999787, 0.0
6207, 0.09999999999999787, 0.0
6208, 0.09999999999999787, 0.0
6209, 0.09999999999999787, 0.0
6210, 0.09999999999999787, 0.0
6211, 0.09999999999999787, 0.0
6212, 0.09999999999999787, 0.0
6213, 0.09999999999999787, 0.0
6214, 0.09999999999999787, 0.0
6215, 0.09999999999999787, 0.0
6216, 0.09999999999999787, 0.0
6217, 0.09999999999999787, 0.0
6218, 0.09999999999999787, 0.0
6219, 0.09999999999999787, 0.0
6220, 0.09999999999999787, 0.0
6221, 0.09999999999999787, 0.0
6222, 0.09999999999999787, 0.10000000000000142
6223, 0.09999999999999787, 0.10000000000000142
6224, 0.09999999999999787, 0.10000000000000142
6225, 0.09999999999999787, 0.10000000000000142
6226, 0.09999999999999787, 0.10000000000000142
6227, 0.09999999999999787, 0.10000000000000142
6228, 0.09999999999999787, 0.10000000000000142
6229, 0.09999999999999787, 0.10000000000000142
6230, 0.09999999999999787, 0.10000000000000142
6231, 0.09999999999999787, 0.10000000000000142
6232, 0.09999999999999787, 0.10000000000000142
6233, 0.09999999999999787, 0.10000000000000142
6234, 0.09999999999999787, 0.10000000000000142
6235, 0.09999999999999787, 0.10000000000000142
6236, 0.09999999999999787, 0.10000000000000142
6237, 0.09999999999999787, 0.20000000000000284
6238, 0.09999999999999787, 0.20000000000000284
6239, 0.09999999999999787, 0.20000000000000284
6240, 0.09999999999999787, 0.20000000000000284
6241, 0.09999999999999787, 0.20000000000000284
6242, 0.09999999999999787, 0.20000000000000284
6243, 0.09999999999999787, 0.20000000000000284
6244, 0.09999999999999787, 0.20000000000000284
6245, 0.09999999999999787, 0.20000000000000284
6246, 0.09999999999999787, 0.20000000000000284
6247, 0.09999999999999787, 0.20000000000000284
6248, 0.09999999999999787, 0.20000000000000284
6249, 0.09999999999999787, 0.20000000000000284
6250, 0.09999999999999787, 0.20000000000000284
6251, 0.09999999999999787, 0.20000000000000284
6252, 0.09999999999999787, 0.20000000000000284
6253, 0.09999999999999787, 0.20000000000000284
6254, 0.09999999999999787, 0.20000000000000284
6255, 0.09999999999999787, 0.20000000000000284
6256, 0.09999999999999787, 0.20000000000000284
6257, 0.09999999999999787, 0.20000000000000284
6258, 0.09999999999999787, 0.20000000000000284
6259, 0.0, 0.20000000000000284
6260, 0.0, 0.20000000000000284
6261, 0.0, 0.20000000000000284
6262, 0.0, 0.20000000000000284
6263, 0.0, 0.20000000000000284
6264, 0.0, 0.10000000000000142
6265, 0.0, 0.10000000000000142
6266, 0.0, 0.10000000000000142
6267, 0.0, 0.10000000000000142
6268, 0.0, 0.10000000000000142
6269, 0.0, 0.10000000000000142
6270, 0.0, 0.10000000000000142
6271, 0.0, 0.10000000000000142
6272, 0.0, 0.10000000000000142
6273, 0.0, 0.10000000000000142
6274, 0.0, 0.10000000000000142
6275, 0.0, 0.10000000000000142
6276, 0.0, 0.10000000000000142
6277, 0.0, 0.10000000000000142
6278, 0.0, 0.10000000000000142
6279, 0.0, 0.10000000000000142
6280, 0.0, 0.10000000000000142
6281, 0.0, 0.10000000000000142
6282, 0.0, 0.10000000000000142
6283, 0.0, 0.10000000000000142
6284, 0.0, 0.10000000000000142
6285, 0.0, 0.10000000000000142
6286, 0.0, 0.10000000000000142
6287, 0.09999999999999787, 0.10000000000000142
6288, 0.09999999999999787, 0.10000000000000142
6289, 0.09999999999999787, 0.10000000000000142
6290, 0.09999999999999787, 0.10000000000000142
6291, 0.09999999999999787, 0.10000000000000142
6292, 0.09999999999999787, 0.10000000000000142
6293, 0.09999999999999787, 0.0
6294, 0.09999999999999787, 0.0
6295, 0.09999999999999787, 0.0
6296, 0.09999999999999787, 0.0
6297, 0.09999999999999787, 0.0
6298, 0.09999999999999787, 0.0
6299, 0.09999999999999787, 0.0
6300, 0.09999999999999787, 0.0
6301, 0.09999999999999787, 0.0
6302, 0.09999999999999787, 0.0
6303, 0.09999999999999787, 0.0
6304, 0.09999999999999787, 0.0
6305, 0.09999999999999787, 0.0
6306, 0.09999999999999787, 0.0
6307, 0.09999999999999787, 0.0
6308, 0.09999999999999787, 0.0
6309, 0.09999999999999787, 0.0
6310, 0.09999999999999787, 0.0
6311, 0.09999999999999787, 0.10000000000000142
6312, 0.09999999999999787, 0.10000000000000142
6313, 0.09999999999999787, 0.10000000000000142
6314, 0.09999999999999787, 0.10000000000000142
6315, 0.09999999999999787, 0.10000000000000142
6316, 0.09999999999999787, 0.10000000000000142
6317, 0.09999999999999787, 0.10000000000000142
6318, 0.09999999999999787, 0.10000000000000142
6319, 0.09999999999999787, 0.10000000000000142
6320, 0.09999999999999787, 0.10000000000000142
6321, 0.09999999999999787, 0.10000000000000142
6322, 0.09999999999999787, 0.10000000000000142
6323, 0.09999999999999787, 0.10000000000000142
6324, 0.09999999999999787, 0.10000000000000142
6325, 0.09999999999999787, 0.10000000000000142
6326, 0.09999999999999787, 0.10000000000000142
6327, 0.09999999999999787, 0.10000000000000142
6328, 0.09999999999999787, 0.10000000000000142
6329, 0.09999999999999787, 0.10000000000000142
6330, 0.09999999999999787, 0.10000000000000142
6331, 0.09999999999999787, 0.10000000000000142
6332, 0.09999999999999787, 0.10000000000000142
6333, 0.09999999999999787, 0.10000000000000142
6334, 0.09999999999999787, 0.10000000000000142
6335, 0.09999999999999787, 0.10000000000000142
6336, 0.09999999999999787, 0.10000000000000142
6337, 0.09999999999999787, 0.20000000000000284
6338, 0.09999999999999787, 0.20000000000000284
6339, 0.09999999999999787, 0.20000000000000284
6340, 0.09999999999999787, 0.20000000000000284
6341, 0.0, 0.20000000000000284
6342, 0.0, 0.10000000000000142
6343, 0.0, 0.10000000000000142
6344, 0.0, 0.10000000000000142
6345, 0.0, 0.10000000000000142
6346, 0.0, 0.10000000000000142
6347, 0.0, 0.10000000000000142
6348, 0.0, 0.10000000000000142
6349, 0.0, 0.10000000000000142
6350, 0.0, 0.10000000000000142
6351, 0.0, 0.10000000000000142
6352, 0.0, 0.10000000000000142
6353, 0.0, 0.10000000000000142
6354, 0.0, 0.10000000000000142
6355, 0.0, 0.10000000000000142
6356, 0.0, 0.10000000000000142
6357, 0.0, 0.10000000000000142
6358, 0.0, 0.10000000000000142
6359, 0.09999999999999787, 0.10000000000000142
6360, 0.09999999999999787, 0.10000000000000142
6361, 0.09999999999999787, 0.10000000000000142
6362, 0.09999999999999787, 0.10000000000000142
6363, 0.09999999999999787, 0.10000000000000142
6364, 0.09999999999999787, 0.10000000000000142
6365, 0.09999999999999787, 0.10000000000000142
6366, 0.09999999999999787, 0.10000000000000142
6367, 0.09999999999999787, 0.10000000000000142
6368, 0.09999999999999787, 0.10000000000000142
6369, 0.09999999999999787, 0.10000000000000142
6370, 0.09999999999999787, 0.10000000000000142
6371, 0.09999999999999787, 0.0
6372, 0.09999999999999787, 0.0
6373, 0.09999999999999787, 0.0
6374, 0.09999999999999787, 0.0
6375, 0.09999999999999787, 0.0
6376, 0.09999999999999787, 0.0
6377, 0.09999999999999787, 0.0
6378, 0.09999999999999787, 0.0
6379, 0.09999999999999787, 0.0
6380, 0.09999999999999787, 0.0
6381, 0.09999999999999787, 0.0
6382, 0.09999999999999787, 0.0
6383, 0.09999999999999787, 0.0
6384, 0.09999999999999787, 0.0
6385, 0.09999999999999787, 0.0
6386, 0.09999999999999787, 0.0
6387, 0.09999999999999787, 0.0
6388, 0.09999999999999787, 0.0
6389, 0.09999999999999787, 0.0
6390, 0.09999999999999787, 0.0
6391, 0.09999999999999787, -0.09999999999999787
6392, 0.09999999999999787, -0.09999999999999787
6393, 0.09999999999999787, -0.09999999999999787
6394, 0.09999999999999787, -0.09999999999999787
6395, 0.09999999999999787, -0.09999999999999787
6396, 0.09999999999999787, 0.0
6397, 0.09999999999999787, 0.0
6398, 0.09999999999999787, 0.0
6399, 0.09999999999999787, 0.0
6400, 0.09999999999999787, 0.0
6401, 0.09999999999999787, 0.0
6402, 0.09999999999999787, 0.0
6403, 0.09999999999999787, 0.0
6404, 0.09999999999999787, 0.0
6405, 0.09999999999999787, 0.0
6406, 0.09999999999999787, 0.0
6407, 0.09999999999999787, -0.09999999999999787
6408, 0.09999999999999787, 0.0
6409, 0.09999999999999787, 0.0
6410, 0.09999999999999787, 0.0
6411, 0.09999999999999787, 0.0
6412, 0.09999999999999787, 0.0
6413, 0.09999999999999787, 0.0
6414, 0.09999999999999787, 0.10000000000000142
6415, 0.09999999999999787, 0.10000000000000142
6416, 0.09999999999999787, 0.10000000000000142
6417, 0.09999999999999787, 0.10000000000000142
6418, 0.09999999999999787, 0.10000000000000142
6419, 0.09999999999999787, 0.10000000000000142
6420, 0.0, 0.10000000000000142
6421, 0.0, 0.10000000000000142
6422, 0.0, 0.10000000000000142
6423, 0.0, 0.10000000000000142
6424, 0.0, 0.10000000000000142
6425, 0.0, 0.10000000000000142
6426, 0.0, 0.10000000000000142
6427, 0.0, 0.0
6428, 0.0, 0.0
6429, 0.0, 0.0
6430, 0.0, 0.0
6431, 0.0, 0.0
6432, 0.0, 0.0
6433, 0.0, 0.0
6434, 0.0, 0.0
6435, 0.0, 0.10000000000000142
6436, 0.0, 0.10000000000000142
6437, 0.0, 0.10000000000000142
6438, 0.0, 0.10000000000000142
6439, 0.0, 0.10000000000000142
6440, 0.0, 0.10000000000000142
6441, 0.0, 0.10000000000000142
6442, 0.0, 0.10000000000000142
6443, 0.0, 0.10000000000000142
6444, 0.0, 0.10000000000000142
6445, 0.0, 0.10000000000000142
6446, 0.0, 0.0
6447, 0.0, 0.0
6448, 0.0, 0.0
6449, 0.0, 0.0
6450, 0.0, 0.0
6451, 0.0, 0.0
6452, 0.0, 0.0
6453, 0.0, 0.0
6454, 0.0, 0.0
6455, 0.0, 0.0
6456, 0.0, 0.0
6457, 0.0, 0.0
6458, 0.0, 0.0
6459, 0.0, 0.0
6460, 0.0, 0.0
6461, 0.0, 0.0
6462, 0.0, 0.0
6463, 0.0, 0.0
6464, 0.0, 0.0
6465, 0.0, 0.0
6466, 0.0, 0.0
6467, 0.0, 0.0
6468, 0.0, 0.0
6469, 0.0, 0.0
6470, 0.0, 0.0
6471, 0.0, 0.0
6472, 0.0, 0.0
6473, 0.0, 0.0
6474, 0.0, 0.0
6475, 0.0, 0.0
6476, 0.0, 0.0
6477, 0.0, 0.10000000000000142
6478, 0.0, 0.10000000000000142
6479, 0.0, 0.10000000000000142
6480, 0.0, 0.10000000000000142
6481, 0.0, 0.20000000000000284
6482, 0.0, 0.20000000000000284
6483, 0.0, 0.10000000000000142
6484, 0.0, 0.10000000000000142
6485, 0.0, 0.10000000000000142
6486, 0.0, 0.10000000000000142
6487, 0.0, 0.10000000000000142
6488, 0.0, 0.10000000000000142
6489, 0.0, 0.10000000000000142
6490, 0.0, 0.10000000000000142
6491, 0.0, 0.10000000000000142
6492, 0.0, 0.10000000000000142
6493, 0.0, 0.10000000000000142
6494, 0.0, 0.10000000000000142
6495, 0.0, 0.10000000000000142
6496, 0.0, 0.10000000000000142
6497, 0.0, 0.10000000000000142
6498, 0.0, 0.10000000000000142
6499, 0.0, 0.10000000000000142
6500, 0.0, 0.10000000000000142
6501, 0.0, 0.10000000000000142
6502, 0.0, 0.10000000000000142
6503, 0.0, 0.10000000000000142
6504, 0.0, 0.10000000000000142
6505, 0.0, 0.10000000000000142
6506, 0.0, 0.0
6507, 0.0, 0.0
6508, 0.0, 0.0
6509, 0.0, 0.0
6510, 0.0, 0.0
6511, 0.0, 0.0
6512, 0.0, 0.0
6513, 0.0, 0.0
6514, 0.0, 0.0
6515, 0.0, 0.0
6516, 0.0, 0.0
6517, 0.0, 0.0
6518, 0.0, 0.0
6519, 0.0, 0.0
6520, 0.0, 0.0
6521, 0.0, 0.0
6522, 0.0, 0.10000000000000142
6523, 0.0, 0.10000000000000142
6524, 0.0, 0.10000000000000142
6525, 0.0, 0.10000000000000142
6526, 0.0, 0.10000000000000142
6527, 0.0, 0.10000000000000142
6528, 0.0, 0.10000000000000142
6529, 0.0, 0.10000000000000142
6530, 0.0, 0.10000000000000142
6531, 0.0, 0.10000000000000142
6532, 0.0, 0.10000000000000142
6533, 0.0, 0.10000000000000142
6534, -0.10000000000000142, 0.10000000000000142
6535, -0.10000000000000142, 0.10000000000000142
6536, -0.10000000000000142, 0.10000000000000142
6537, -0.10000000000000142, 0.10000000000000142
6538, -0.10000000000000142, 0.10000000000000142
6539, -0.10000000000000142, 0.10000000000000142
6540, -0.10000000000000142, 0.10000000000000142
6541, -0.10000000000000142, 0.10000000000000142
6542, -0.10000000000000142, 0.10000000000000142
6543, -0.10000000000000142, 0.20000000000000284
6544, -0.10000000000000142, 0.20000000000000284
6545, -0.10000000000000142, 0.20000000000000284
6546, -0.10000000000000142, 0.20000000000000284
6547, -0.10000000000000142, 0.20000000000000284
6548, -0.10000000000000142, 0.10000000000000142
6549, -0.10000000000000142, 0.10000000000000142
6550, -0.10000000000000142, 0.10000000000000142
6551, -0.10000000000000142, 0.10000000000000142
6552, -0.10000000000000142, 0.10000000000000142
6553, -0.10000000000000142, 0.10000000000000142
6554, -0.10000000000000142, 0.10000000000000142
6555, -0.10000000000000142, 0.10000000000000142
6556, -0.10000000000000142, 0.10000000000000142
6557, -0.10000000000000142, 0.10000000000000142
6558, -0.10000000000000142, 0.10000000000000142
6559, -0.10000000000000142, 0.10000000000000142
6560, -0.10000000000000142, 0.10000000000000142
6561, -0.10000000000000142, 0.10000000000000142
6562, -0.10000000000000142, 0.10000000000000142
6563, -0.10000000000000142, 0.10000000000000142
6564, -0.10000000000000142, 0.10000000000000142
6565, -0.10000000000000142, 0.10000000000000142
6566, -0.10000000000000142, 0.10000000000000142
6567, -0.10000000000000142, 0.10000000000000142
6568, -0.10000000000000142, 0.10000000000000142
6569, 0.0, 0.20000000000000284
6570, 0.0, 0.20000000000000284
6571, 0.0, 0.20000000000000284
6572, 0.0, 0.20000000000000284
6573, 0.0, 0.20000000000000284
6574, 0.0, 0.20000000000000284
6575, 0.09999999999999787, 0.20000000000000284
6576, 0.09999999999999787, 0.20000000000000284
6577, 0.09999999999999787, 0.20000000000000284
6578, 0.09999999999999787, 0.20000000000000284
6579, 0.09999999999999787, 0.20000000000000284
6580, 0.09999999999999787, 0.20000000000000284
6581, 0.09999999999999787, 0.20000000000000284
6582, 0.09999999999999787, 0.10000000000000142
6583, 0.09999999999999787, 0.10000000000000142
6584, 0.09999999999999787, 0.10000000000000142
6585, 0.09999999999999787, 0.10000000000000142
6586, 0.09999999999999787, 0.10000000000000142
6587, 0.09999999999999787, 0.10000000000000142
6588, 0.09999999999999787, 0.10000000000000142
6589, 0.09999999999999787, 0.10000000000000142
6590, 0.09999999999999787, 0.10000000000000142
6591, 0.09999999999999787, 0.10000000000000142
6592, 0.09999999999999787, 0.10000000000000142
6593, 0.09999999999999787, 0.10000000000000142
6594, 0.09999999999999787, 0.10000000000000142
6595, 0.09999999999999787, 0.0
6596, 0.09999999999999787, 0.0
6597, 0.09999999999999787, 0.0
6598, 0.09999999999999787, 0.0
6599, 0.09999999999999787, 0.0
6600, 0.09999999999999787, 0.0
6601, 0.0, 0.0
6602, 0.0, 0.0
6603, 0.0, 0.0
6604, 0.0, 0.0
6605, 0.0, 0.0
6606, 0.0, 0.0
6607, 0.0, 0.0
6608, 0.0, 0.0
6609, 0.0, 0.0
6610, 0.0, 0.0
6611, 0.0, 0.0
6612, 0.0, 0.0
6613, 0.0, 0.0
6614, 0.0, 0.0
6615, 0.0, 0.0
6616, 0.0, 0.0
6617, 0.0, 0.0
6618, 0.09999999999999787, 0.0
6619, 0.09999999999999787, 0.0
6620, 0.09999999999999787, 0.0
6621, 0.09999999999999787, 0.0
6622, 0.09999999999999787, 0.0
6623, 0.09999999999999787, 0.0
6624, 0.09999999999999787, 0.0
6625, 0.09999999999999787, 0.0
6626, 0.09999999999999787, 0.0
6627, 0.09999999999999787, 0.0
6628, 0.09999999999999787, 0.0
6629, 0.09999999999999787, 0.0
6630, 0.09999999999999787, 0.0
6631, 0.09999999999999787, 0.0
6632, 0.09999999999999787, 0.0
6633, 0.09999999999999787, 0.0
6634, 0.09999999999999787, 0.0
6635, 0.09999999999999787, 0.0
6636, 0.09999999999999787, 0.0
6637, 0.09999999999999787, 0.0
6638, 0.09999999999999787, 0.0
6639, 0.09999999999999787, 0.0
6640, 0.09999999999999787, 0.0
6641, 0.09999999999999787, 0.0
6642, 0.09999999999999787, 0.0
6643, 0.09999999999999787, 0.0
6644, 0.09999999999999787, 0.0
6645, 0.09999999999999787, 0.0
6646, 0.09999999999999787, 0.0
6647, 0.09999999999999787, 0.0
6648, 0.09999999999999787, 0.0
6649, 0.09999999999999787, 0.0
6650, 0.09999999999999787, 0.0
6651, 0.09999999999999787, 0.10000000000000142
6652, 0.09999999999999787, 0.10000000000000142
6653, 0.09999999999999787, 0.10000000000000142
6654, 0.09999999999999787, 0.10000000000000142
6655, 0.09999999999999787, 0.10000000000000142
6656, 0.09999999999999787, 0.10000000000000142
6657, 0.09999999999999787, 0.10000000000000142
6658, 0.09999999999999787, 0.10000000000000142
6659, 0.09999999999999787, 0.10000000000000142
6660, 0.09999999999999787, 0.10000000000000142
6661, 0.09999999999999787, 0.10000000000000142
6662, 0.09999999999999787, 0.10000000000000142
6663, 0.09999999999999787, 0.10000000000000142
6664, 0.09999999999999787, 0.0
6665, 0.09999999999999787, 0.0
6666, 0.09999999999999787, -0.09999999999999787
6667, 0.09999999999999787, -0.09999999999999787
6668, 0.09999999999999787, -0.09999999999999787
6669, 0.09999999999999787, -0.09999999999999787
6670, 0.09999999999999787, -0.09999999999999787
6671, 0.09999999999999787, -0.09999999999999787
6672, 0.09999999999999787, -0.09999999999999787
6673, 0.09999999999999787, -0.09999999999999787
6674, 0.09999999999999787, -0.09999999999999787
6675, 0.09999999999999787, 0.0
6676, 0.0, 0.0
6677, 0.0, 0.0
6678, 0.0, 0.0
6679, 0.0, 0.0
6680, 0.0, 0.0
6681, 0.0, 0.0
6682, 0.0, 0.0
6683, 0.0, 0.0
6684, 0.0, 0.0
6685, 0.0, 0.10000000000000142
6686, 0.0, 0.0
6687, 0.0, 0.0
6688, 0.0, 0.0
6689, 0.0, 0.0
6690, 0.0, 0.0
6691, 0.0, 0.0
6692, 0.0, 0.0
6693, 0.0, 0.0
6694, 0.0, 0.0
6695, 0.0, 0.0
6696, 0.0, 0.0
6697, 0.0, 0.0
6698, 0.0, 0.0
6699, 0.0, 0.0
6700, 0.0, 0.0
6701, 0.0, 0.0
6702, 0.0, 0.0
6703, 0.0, 0.0
6704, 0.0, 0.0
6705, 0.0, 0.0
6706, 0.0, 0.0
6707, 0.0, 0.0
6708, 0.0, 0.0
6709, 0.0, 0.0
6710, 0.0, 0.0
6711, 0.0, 0.0
6712, 0.0, 0.0
6713, -0.10000000000000142, 0.0
6714, -0.10000000000000142, 0.0
6715, 0.0, 0.0
6716, 0.0, 0.0
6717, 0.0, 0.0
6718, 0.0, 0.0
6719, 0.0, 0.0
6720, 0.0, 0.0
6721, 0.0, 0.0
6722, 0.0, 0.0
6723, 0.0, 0.0
6724, 0.0, 0.0
6725, 0.0, 0.0
6726, 0.0, 0.0
6727, 0.0, 0.0
6728, 0.0, 0.0
6729, 0.0, 0.0
6730, 0.0, 0.0
6731, 0.0, 0.0
6732, 0.0, 0.0
6733, 0.0, 0.0
6734, 0.0, 0.10000000000000142
6735, 0.0, 0.10000000000000142
6736, 0.0, 0.10000000000000142
6737, 0.0, 0.10000000000000142
6738, 0.09999999999999787, 0.10000000000000142
6739, 0.09999999999999787, 0.10000000000000142
6740, 0.09999999999999787, 0.10000000000000142
6741, 0.09999999999999787, 0.10000000000000142
6742, 0.09999999999999787, 0.10000000000000142
6743, 0.0, 0.10000000000000142
6744, 0.0, 0.10000000000000142
6745, 0.0, 0.10000000000000142
6746, 0.0, 0.10000000000000142
6747, 0.0, 0.10000000000000142
6748, 0.0, 0.10000000000000142
6749, 0.0, 0.10000000000000142
6750, 0.0, 0.10000000000000142
6751, 0.0, 0.10000000000000142
6752, 0.0, 0.10000000000000142
6753, 0.0, 0.10000000000000142
6754, 0.0, 0.10000000000000142
6755, 0.0, 0.10000000000000142
6756, 0.0, 0.10000000000000142
6757, 0.0, 0.10000000000000142
6758, 0.0, 0.10000000000000142
6759, 0.0, 0.10000000000000142
6760, 0.0, 0.10000000000000142
6761, 0.0, 0.10000000000000142
6762, 0.0, 0.10000000000000142
6763, 0.0, 0.10000000000000142
6764, 0.0, 0.10000000000000142
6765, 0.0, 0.10000000000000142
6766, 0.0, 0.10000000000000142
6767, 0.0, 0.10000000000000142
6768, 0.09999999999999787, 0.10000000000000142
6769, 0.09999999999999787, 0.10000000000000142
6770, 0.09999999999999787, 0.10000000000000142
6771, 0.09999999999999787, 0.10000000000000142
6772, 0.0, 0.10000000000000142
6773, 0.0, 0.10000000000000142
6774, 0.0, 0.10000000000000142
6775, 0.0, 0.10000000000000142
6776, 0.0, 0.10000000000000142
6777, 0.0, 0.10000000000000142
6778, 0.0, 0.10000000000000142
6779, 0.0, 0.20000000000000284
6780, 0.0, 0.10000000000000142
6781, 0.0, 0.0
6782, 0.0, 0.0
6783, 0.0, 0.0
6784, 0.0, 0.0
6785, 0.0, 0.0
6786, 0.0, 0.0
6787, 0.0, 0.0
6788, 0.0, 0.0
6789, 0.0, 0.0
6790, 0.0, 0.0
6791, 0.0, 0.0
6792, 0.0, 0.0
6793, 0.0, 0.0
6794, 0.0, 0.0
6795, 0.0, 0.0
6796, 0.0, 0.0
6797, 0.0, 0.0
6798, 0.0, 0.0
6799, 0.0, 0.0
6800, 0.0, 0.0
6801, 0.0, 0.0
6802, 0.0, 0.10000000000000142
6803, 0.09999999999999787, 0.10000000000000142
6804, 0.09999999999999787, 0.10000000000000142
6805, 0.09999999999999787, 0.10000000000000142
6806, 0.09999999999999787, 0.10000000000000142
6807, 0.09999999999999787, 0.0
6808, 0.09999999999999787, 0.0
6809, 0.09999999999999787, 0.0
6810, 0.09999999999999787, 0.0
6811, 0.09999999999999787, 0.0
6812, 0.09999999999999787, 0.0
6813, 0.09999999999999787, 0.0
6814, 0.09999999999999787, 0.0
6815, 0.09999999999999787, 0.0
6816, 0.09999999999999787, 0.10000000000000142
6817, 0.09999999999999787, 0.10000000000000142
6818, 0.09999999999999787, 0.10000000000000142
6819, 0.09999999999999787, 0.10000000000000142
6820, 0.09999999999999787, 0.10000000000000142
6821, 0.09999999999999787, 0.10000000000000142
6822, 0.09999999999999787, 0.10000000000000142
6823, 0.09999999999999787, 0.10000000000000142
6824, 0.09999999999999787, 0.10000000000000142
6825, 0.09999999999999787, 0.10000000000000142
6826, 0.09999999999999787, 0.10000000000000142
6827, 0.09999999999999787, 0.10000000000000142
6828, 0.09999999999999787, 0.10000000000000142
6829, 0.09999999999999787, 0.10000000000000142
6830, 0.09999999999999787, 0.10000000000000142
6831, 0.09999999999999787, 0.10000000000000142
6832, 0.09999999999999787, 0.10000000000000142
6833, 0.09999999999999787, 0.10000000000000142
6834, 0.09999999999999787, 0.10000000000000142
6835, 0.09999999999999787, 0.10000000000000142
6836, 0.09999999999999787, 0.10000000000000142
6837, 0.09999999999999787, 0.20000000000000284
6838, 0.09999999999999787, 0.20000000000000284
6839, 0.09999999999999787, 0.20000000000000284
6840, 0.09999999999999787, 0.20000000000000284
6841, 0.09999999999999787, 0.20000000000000284
6842, 0.09999999999999787, 0.20000000000000284
6843, 0.09999999999999787, 0.10000000000000142
6844, 0.09999999999999787, 0.10000000000000142
6845, 0.09999999999999787, 0.10000000000000142
6846, 0.09999999999999787, 0.20000000000000284
6847, 0.0, 0.20000000000000284
6848, 0.0, 0.20000000000000284
6849, 0.0, 0.20000000000000284
6850, 0.0, 0.20000000000000284
6851, 0.0, 0.20000000000000284
6852, 0.0, 0.20000000000000284
6853, 0.0, 0.20000000000000284
6854, 0.0, 0.10000000000000142
6855, 0.0, 0.10000000000000142
6856, 0.0, 0.10000000000000142
6857, 0.0, 0.10000000000000142
6858, 0.0, 0.0
6859, 0.0, 0.0
6860, 0.0, 0.0
6861, 0.0, 0.0
6862, 0.0, 0.0
6863, 0.0, 0.0
6864, 0.0, 0.0
6865, 0.0, 0.0
6866, 0.0, 0.0
6867, 0.0, 0.0
6868, 0.0, 0.0
6869, 0.0, 0.0
6870, 0.0, 0.0
6871, 0.0, 0.0
6872, 0.0, 0.10000000000000142
6873, 0.0, 0.10000000000000142
6874, 0.0, 0.10000000000000142
6875, 0.0, 0.10000000000000142
6876, 0.0, 0.10000000000000142
6877, 0.0, 0.10000000000000142
6878, 0.0, 0.10000000000000142
6879, 0.0, 0.10000000000000142
6880, 0.0, 0.10000000000000142
6881, 0.0, 0.10000000000000142
6882, 0.0, 0.10000000000000142
6883, 0.0, 0.10000000000000142
6884, 0.0, 0.10000000000000142
6885, 0.0, 0.10000000000000142
6886, 0.0, 0.10000000000000142
6887, 0.0, 0.10000000000000142
6888, 0.0, 0.10000000000000142
6889, 0.0, 0.0
6890, 0.0, 0.0
6891, 0.0, 0.0
6892, 0.0, 0.0
6893, 0.0, 0.0
6894, 0.0, 0.0
6895, 0.0, 0.0
6896, 0.0, 0.0
6897, 0.0, 0.10000000000000142
6898, 0.0, 0.10000000000000142
6899, 0.0, 0.10000000000000142
6900, 0.0, 0.10000000000000142
6901, 0.0, 0.10000000000000142
6902, 0.0, 0.10000000000000142
6903, 0.0, 0.0
6904, 0.0, 0.0
6905, 0.0, 0.0
6906, 0.0, 0.0
6907, 0.0, 0.0
6908, 0.0, 0.0
6909, 0.0, 0.0
6910, 0.0, 0.0
6911, 0.0, 0.0
6912, 0.0, 0.0
6913, 0.0, 0.0
6914, 0.0, 0.0
6915, 0.0, 0.0
6916, 0.0, 0.0
6917, 0.0, 0.0
6918, -0.10000000000000142, 0.0
6919, -0.10000000000000142, 0.0
6920, -0.10000000000000142, 0.0
6921, -0.10000000000000142, 0.0
6922, -0.10000000000000142, 0.0
6923, -0.10000000000000142, 0.0
6924, -0.10000000000000142, 0.0
6925, -0.10000000000000142, 0.0
6926, -0.10000000000000142, 0.0
6927, -0.10000000000000142, 0.10000000000000142
6928, -0.10000000000000142, 0.10000000000000142
6929, -0.10000000000000142, 0.10000000000000142
6930, -0.10000000000000142, 0.10000000000000142
6931, -0.10000000000000142, 0.10000000000000142
6932, -0.10000000000000142, 0.10000000000000142
6933, -0.10000000000000142, 0.10000000000000142
6934, -0.10000000000000142, 0.10000000000000142
6935, -0.10000000000000142, 0.10000000000000142
6936, -0.10000000000000142, 0.10000000000000142
6937, -0.10000000000000142, 0.10000000000000142
6938, -0.10000000000000142, 0.10000000000000142
6939, -0.10000000000000142, 0.10000000000000142
6940, -0.10000000000000142, 0.10000000000000142
6941, -0.10000000000000142, 0.10000000000000142
6942, -0.10000000000000142, 0.20000000000000284
6943, -0.10000000000000142, 0.20000000000000284
6944, -0.10000000000000142, 0.20000000000000284
6945, -0.10000000000000142, 0.3000000000000007
6946, -0.10000000000000142, 0.3000000000000007
6947, -0.10000000000000142, 0.3000000000000007
6948, -0.10000000000000142, 0.3000000000000007
6949, -0.10000000000000142, 0.3000000000000007
6950, -0.10000000000000142, 0.3000000000000007
6951, -0.10000000000000142, 0.3000000000000007
6952, -0.10000000000000142, 0.20000000000000284
6953, -0.10000000000000142, 0.20000000000000284
6954, -0.10000000000000142, 0.20000000000000284
6955, -0.10000000000000142, 0.20000000000000284
6956, -0.10000000000000142, 0.20000000000000284
6957, -0.10000000000000142, 0.20000000000000284
6958, -0.10000000000000142, 0.20000000000000284
6959, -0.10000000000000142, 0.20000000000000284
6960, -0.10000000000000142, 0.20000000000000284
6961, -0.10000000000000142, 0.20000000000000284
6962, -0.10000000000000142, 0.20000000000000284
6963, -0.10000000000000142, 0.20000000000000284
6964, -0.10000000000000142, 0.20000000000000284
6965, -0.10000000000000142, 0.20000000000000284
6966, -0.10000000000000142, 0.20000000000000284
6967, -0.10000000000000142, 0.20000000000000284
6968, -0.10000000000000142, 0.20000000000000284
6969, -0.10000000000000142, 0.20000000000000284
6970, -0.10000000000000142, 0.20000000000000284
6971, -0.10000000000000142, 0.3000000000000007
6972, -0.10000000000000142, 0.3000000000000007
6973, -0.10000000000000142, 0.20000000000000284
6974, -0.10000000000000142, 0.20000000000000284
6975, -0.10000000000000142, 0.20000000000000284
6976, -0.10000000000000142, 0.20000000000000284
6977, -0.10000000000000142, 0.20000000000000284
6978, -0.10000000000000142, 0.20000000000000284
6979, -0.10000000000000142, 0.20000000000000284
6980, -0.10000000000000142, 0.20000000000000284
6981, -0.10000000000000142, 0.20000000000000284
6982, -0.10000000000000142, 0.20000000000000284
6983, -0.10000000000000142, 0.20000000000000284
6984, -0.10000000000000142, 0.20000000000000284
6985, -0.10000000000000142, 0.20000000000000284
6986, -0.10000000000000142, 0.20000000000000284
6987, -0.10000000000000142, 0.10000000000000142
6988, -0.10000000000000142, 0.10000000000000142
6989, -0.10000000000000142, 0.10000000000000142
6990, -0.10000000000000142, 0.10000000000000142
6991, -0.10000000000000142, 0.10000000000000142
6992, -0.10000000000000142, 0.10000000000000142
6993, -0.10000000000000142, 0.10000000000000142
6994, -0.10000000000000142, 0.10000000000000142
6995, 0.0, 0.10000000000000142
6996, 0.09999999999999787, 0.10000000000000142
6997, 0.09999999999999787, 0.10000000000000142
6998, 0.09999999999999787, 0.10000000000000142
6999, 0.09999999999999787, 0.10000000000000142
7000, 0.09999999999999787, 0.10000000000000142
7001, 0.09999999999999787, 0.10000000000000142
7002, 0.09999999999999787, 0.20000000000000284
7003, 0.09999999999999787, 0.20000000000000284
7004, 0.09999999999999787, 0.20000000000000284
7005, 0.09999999999999787, 0.20000000000000284
7006, 0.09999999999999787, 0.20000000000000284
7007, 0.09999999999999787, 0.20000000000000284
7008, 0.09999999999999787, 0.20000000000000284
7009, 0.09999999999999787, 0.20000000000000284
7010, 0.09999999999999787, 0.20000000000000284
7011, 0.09999999999999787, 0.20000000000000284
7012, 0.09999999999999787, 0.20000000000000284
7013, 0.09999999999999787, 0.20000000000000284
7014, 0.09999999999999787, 0.20000000000000284
7015, 0.09999999999999787, 0.10000000000000142
7016, 0.09999999999999787, 0.10000000000000142
7017, 0.09999999999999787, 0.10000000000000142
7018, 0.09999999999999787, 0.10000000000000142
7019, 0.09999999999999787, 0.10000000000000142
7020, 0.09999999999999787, 0.10000000000000142
7021, 0.09999999999999787, 0.10000000000000142
7022, 0.09999999999999787, 0.10000000000000142
7023, 0.09999999999999787, 0.10000000000000142
7024, 0.09999999999999787, 0.10000000000000142
7025, 0.09999999999999787, 0.10000000000000142
7026, 0.09999999999999787, 0.10000000000000142
7027, 0.09999999999999787, 0.10000000000000142
7028, 0.09999999999999787, 0.10000000000000142
7029, 0.09999999999999787, 0.10000000000000142
7030, 0.09999999999999787, 0.10000000000000142
7031, 0.09999999999999787, 0.10000000000000142
7032, 0.09999999999999787, 0.10000000000000142
7033, 0.09999999999999787, 0.10000000000000142
7034, 0.0, 0.10000000000000142
7035, 0.0, 0.10000000000000142
7036, 0.0, 0.10000000000000142
7037, 0.0, 0.10000000000000142
7038, 0.0, 0.10000000000000142
7039, 0.0, 0.10000000000000142
7040, 0.0, 0.10000000000000142
7041, 0.0, 0.0
7042, 0.0, 0.0
7043, 0.0, 0.0
7044, 0.0, 0.0
7045, 0.0, 0.0
7046, 0.0, 0.0
7047, 0.0, 0.0
7048, 0.0, 0.0
7049, 0.0, 0.0
7050, 0.0, 0.0
7051, 0.0, 0.0
7052, 0.0, 0.0
7053, 0.0, 0.0
7054, 0.0, 0.0
7055, 0.0, 0.0
7056, 0.0, 0.0
7057, 0.09999999999999787, 0.0
7058, 0.09999999999999787, 0.0
7059, 0.09999999999999787, 0.0
7060, 0.09999999999999787, 0.0
7061, 0.09999999999999787, 0.0
7062, 0.09999999999999787, 0.0
7063, 0.09999999999999787, 0.0
7064, 0.09999999999999787, 0.0
7065, 0.09999999999999787, 0.0
7066, 0.09999999999999787, 0.0
7067, 0.09999999999999787, 0.0
7068, 0.09999999999999787, 0.0
7069, 0.09999999999999787, 0.0
7070, 0.09999999999999787, 0.0
7071, 0.09999999999999787, 0.10000000000000142
7072, 0.09999999999999787, 0.10000000000000142
7073, 0.09999999999999787, 0.10000000000000142
7074, 0.09999999999999787, 0.10000000000000142
7075, 0.09999999999999787, 0.10000000000000142
7076, 0.09999999999999787, 0.10000000000000142
7077, 0.09999999999999787, 0.10000000000000142
7078, 0.09999999999999787, 0.10000000000000142
7079, 0.09999999999999787, 0.10000000000000142
7080, 0.09999999999999787, 0.10000000000000142
7081, 0.09999999999999787, 0.10000000000000142
7082, 0.09999999999999787, 0.10000000000000142
7083, 0.09999999999999787, 0.10000000000000142
7084, 0.09999999999999787, 0.10000000000000142
7085, 0.09999999999999787, 0.10000000000000142
7086, 0.09999999999999787, 0.10000000000000142
7087, 0.09999999999999787, 0.10000000000000142
7088, 0.09999999999999787, 0.10000000000000142
7089, 0.09999999999999787, 0.20000000000000284
7090, 0.09999999999999787, 0.20000000000000284
7091, 0.09999999999999787, 0.20000000000000284
7092, 0.09999999999999787, 0.20000000000000284
7093, 0.09999999999999787, 0.20000000000000284
7094, 0.09999999999999787, 0.20000000000000284
7095, 0.09999999999999787, 0.20000000000000284
7096, 0.09999999999999787, 0.10000000000000142
7097, 0.09999999999999787, 0.10000000000000142
7098, 0.09999999999999787, 0.10000000000000142
7099, 0.09999999999999787, 0.10000000000000142
7100, 0.09999999999999787, 0.10000000000000142
7101, 0.09999999999999787, 0.10000000000000142
7102, 0.09999999999999787, 0.10000000000000142
7103, 0.09999999999999787, 0.10000000000000142
7104, 0.09999999999999787, 0.10000000000000142
7105, 0.09999999999999787, 0.10000000000000142
7106, 0.09999999999999787, 0.10000000000000142
7107, 0.09999999999999787, 0.10000000000000142
7108, 0.09999999999999787, 0.10000000000000142
7109, 0.09999999999999787, 0.10000000000000142
7110, 0.09999999999999787, 0.10000000000000142
7111, 0.09999999999999787, 0.10000000000000142
7112, 0.09999999999999787, 0.10000000000000142
7113, 0.09999999999999787, 0.10000000000000142
7114, 0.09999999999999787, 0.10000000000000142
7115, 0.09999999999999787, 0.10000000000000142
7116, 0.09999999999999787, 0.10000000000000142
7117, 0.09999999999999787, 0.10000000000000142
7118, 0.09999999999999787, 0.10000000000000142
7119, 0.09999999999999787, 0.10000000000000142
7120, 0.09999999999999787, 0.10000000000000142
7121, 0.09999999999999787, 0.10000000000000142
7122, 0.09999999999999787, 0.0
7123, 0.09999999999999787, 0.0
7124, 0.09999999999999787, 0.0
7125, 0.09999999999999787, 0.0
7126, 0.09999999999999787, 0.0
7127, 0.09999999999999787, 0.10000000000000142
7128, 0.09999999999999787, 0.10000000000000142
7129, 0.09999999999999787, 0.10000000000000142
7130, 0.09999999999999787, 0.10000000000000142
7131, 0.09999999999999787, 0.10000000000000142
7132, 0.09999999999999787, 0.10000000000000142
7133, 0.09999999999999787, 0.10000000000000142
7134, 0.09999999999999787, 0.10000000000000142
7135, 0.09999999999999787, 0.10000000000000142
7136, 0.09999999999999787, 0.10000000000000142
7137, 0.09999999999999787, 0.10000000000000142
7138, 0.09999999999999787, 0.10000000000000142
7139, 0.09999999999999787, 0.10000000000000142
7140, 0.09999999999999787, 0.10000000000000142
7141, 0.09999999999999787, 0.10000000000000142
7142, 0.09999999999999787, 0.10000000000000142
7143, 0.09999999999999787, 0.10000000000000142
7144, 0.09999999999999787, 0.10000000000000142
7145, 0.09999999999999787, 0.10000000000000142
7146, 0.09999999999999787, 0.10000000000000142
7147, 0.09999999999999787, 0.10000000000000142
7148, 0.09999999999999787, 0.10000000000000142
7149, 0.09999999999999787, 0.0
7150, 0.09999999999999787, 0.0
7151, 0.09999999999999787, 0.0
7152, 0.09999999999999787, 0.10000000000000142
7153, 0.09999999999999787, 0.10000000000000142
7154, 0.09999999999999787, 0.10000000000000142
7155, 0.09999999999999787, 0.20000000000000284
7156, 0.09999999999999787, 0.20000000000000284
7157, 0.09999999999999787, 0.20000000000000284
7158, 0.09999999999999787, 0.20000000000000284
7159, 0.09999999999999787, 0.20000000000000284
7160, 0.0, 0.20000000000000284
7161, 0.0, 0.20000000000000284
7162, 0.0, 0.20000000000000284
7163, 0.0, 0.20000000000000284
7164, 0.0, 0.10000000000000142
7165, 0.0, 0.10000000000000142
7166, 0.0, 0.10000000000000142
7167, 0.0, 0.10000000000000142
7168, 0.0, 0.10000000000000142
7169, 0.0, 0.10000000000000142
7170, 0.0, 0.10000000000000142
7171, 0.0, 0.10000000000000142
7172, 0.0, 0.10000000000000142
7173, 0.0, 0.0
7174, 0.0, 0.0
7175, 0.0, 0.0
7176, 0.0, 0.0
7177, 0.0, 0.0
7178, 0.0, 0.0
7179, 0.0, 0.0
7180, 0.09999999999999787, 0.0
7181, 0.09999999999999787, 0.0
7182, 0.09999999999999787, 0.0
7183, 0.09999999999999787, 0.0
7184, 0.09999999999999787, 0.0
7185, 0.09999999999999787, 0.10000000000000142
7186, 0.09999999999999787, 0.10000000000000142
7187, 0.09999999999999787, 0.10000000000000142
7188, 0.09999999999999787, 0.10000000000000142
7189, 0.09999999999999787, 0.10000000000000142
7190, 0.09999999999999787, 0.10000000000000142
7191, 0.09999999999999787, 0.10000000000000142
7192, 0.09999999999999787, 0.10000000000000142
7193, 0.09999999999999787, 0.10000000000000142
7194, 0.09999999999999787, 0.10000000000000142
7195, 0.09999999999999787, 0.10000000000000142
7196, 0.09999999999999787, 0.10000000000000142
7197, 0.09999999999999787, 0.10000000000000142
7198, 0.09999999999999787, 0.10000000000000142
7199, 0.09999999999999787, 0.0
7200, 0.09999999999999787, 0.0
7201, 0.09999999999999787, 0.0
7202, 0.09999999999999787, 0.0
7203, 0.09999999999999787, 0.0
7204, 0.09999999999999787, 0.0
7205, 0.09999999999999787, 0.0
7206, 0.09999999999999787, 0.0
7207, 0.09999999999999787, 0.0
7208, 0.09999999999999787, 0.0
7209, 0.09999999999999787, 0.0
7210, 0.09999999999999787, 0.10000000000000142
7211, 0.09999999999999787, 0.10000000000000142
7212, 0.09999999999999787, 0.10000000000000142
7213, 0.09999999999999787, 0.10000000000000142
7214, 0.09999999999999787, 0.10000000000000142
7215, 0.09999999999999787, 0.10000000000000142
7216, 0.0, 0.10000000000000142
7217, 0.0, 0.10000000000000142
7218, 0.0, 0.10000000000000142
7219, 0.0, 0.10000000000000142
7220, 0.0, 0.10000000000000142
7221, 0.0, 0.0
7222, 0.0, 0.0
7223, 0.0, 0.0
7224, 0.0, 0.0
7225, 0.0, 0.0
7226, 0.0, 0.0
7227, 0.0, 0.0
7228, 0.0, 0.0
7229, 0.0, 0.0
7230, 0.0, 0.0
7231, 0.0, 0.0
7232, 0.0, 0.0
7233, 0.0, 0.0
7234, 0.0, 0.0
7235, 0.0, 0.0
7236, 0.0, 0.0
7237, 0.0, 0.0
7238, 0.0, 0.0
7239, 0.0, 0.0
7240, 0.0, 0.0
7241, 0.0, 0.0
7242, 0.0, 0.0
7243, 0.0, 0.0
7244, 0.0, 0.0
7245, 0.0, 0.0
7246, 0.0, 0.0
7247, 0.0, 0.0
7248, 0.0, 0.0
7249, 0.0, 0.0
7250, 0.0, 0.0
7251, 0.0, 0.0
7252, 0.0, 0.0
7253, 0.0, 0.10000000000000142
7254, 0.0, 0.10000000000000142
7255, 0.0, 0.10000000000000142
7256, 0.0, 0.10000000000000142
7257, 0.0, 0.10000000000000142
7258, 0.0, 0.10000000000000142
7259, 0.0, 0.10000000000000142
7260, 0.0, 0.10000000000000142
7261, 0.0, 0.10000000000000142
7262, 0.0, 0.10000000000000142
7263, 0.0, 0.10000000000000142
7264, 0.0, 0.10000000000000142
7265, 0.0, 0.10000000000000142
7266, 0.0, 0.10000000000000142
7267, 0.0, 0.10000000000000142
7268, 0.0, 0.10000000000000142
7269, 0.0, 0.10000000000000142
7270, 0.0, 0.10000000000000142
7271, 0.0, 0.10000000000000142
7272, 0.0, 0.10000000000000142
7273, 0.0, 0.10000000000000142
7274, 0.0, 0.10000000000000142
7275, 0.09999999999999787, 0.10000000000000142
7276, 0.09999999999999787, 0.10000000000000142
7277, 0.09999999999999787, 0.10000000000000142
7278, 0.09999999999999787, 0.10000000000000142
7279, 0.09999999999999787, 0.10000000000000142
7280, 0.09999999999999787, 0.10000000000000142
7281, 0.09999999999999787, 0.10000000000000142
7282, 0.09999999999999787, 0.10000000000000142
7283, 0.09999999999999787, 0.10000000000000142
7284, 0.09999999999999787, 0.10000000000000142
7285, 0.09999999999999787, 0.10000000000000142
7286, 0.09999999999999787, 0.10000000000000142
7287, 0.09999999999999787, 0.10000000000000142
7288, 0.09999999999999787, 0.10000000000000142
7289, 0.09999999999999787, 0.10000000000000142
7290, 0.09999999999999787, 0.10000000000000142
7291, 0.09999999999999787, 0.20000000000000284
7292, 0.09999999999999787, 0.20000000000000284
7293, 0.09999999999999787, 0.20000000000000284
7294, 0.09999999999999787, 0.20000000000000284
7295, 0.0, 0.20000000000000284
7296, 0.0, 0.20000000000000284
7297, 0.0, 0.20000000000000284
7298, 0.0, 0.20000000000000284
7299, 0.0, 0.20000000000000284
7300, 0.0, 0.20000000000000284
7301, 0.0, 0.20000000000000284
7302, 0.0, 0.20000000000000284
7303, 0.0, 0.20000000000000284
7304, 0.0, 0.20000000000000284
7305, 0.0, 0.20000000000000284
7306, 0.0, 0.20000000000000284
7307, 0.0, 0.20000000000000284
7308, 0.0, 0.20000000000000284
7309, 0.0, 0.20000000000000284
7310, 0.0, 0.20000000000000284
7311, 0.09999999999999787, 0.20000000000000284
7312, 0.09999999999999787, 0.20000000000000284
7313, 0.09999999999999787, 0.20000000000000284
7314, 0.09999999999999787, 0.20000000000000284
7315, 0.09999999999999787, 0.20000000000000284
7316, 0.09999999999999787, 0.20000000000000284
7317, 0.09999999999999787, 0.20000000000000284
7318, 0.09999999999999787, 0.20000000000000284
7319, 0.09999999999999787, 0.20000000000000284
7320, 0.09999999999999787, 0.20000000000000284
7321, 0.09999999999999787, 0.20000000000000284
7322, 0.09999999999999787, 0.10000000000000142
7323, 0.09999999999999787, 0.0
7324, 0.09999999999999787, 0.0
7325, 0.09999999999999787, 0.0
7326, 0.09999999999999787, 0.0
7327, 0.09999999999999787, 0.0
7328, 0.09999999999999787, 0.0
7329, 0.09999999999999787, 0.0
7330, 0.09999999999999787, 0.0
7331, 0.09999999999999787, 0.0
7332, 0.09999999999999787, 0.0
7333, 0.09999999999999787, 0.0
7334, 0.09999999999999787, 0.0
7335, 0.09999999999999787, 0.0
7336, 0.09999999999999787, 0.0
7337, 0.09999999999999787, 0.0
7338, 0.09999999999999787, 0.0
7339, 0.09999999999999787, 0.0
7340, 0.09999999999999787, 0.0
7341, 0.09999999999999787, 0.0
7342, 0.09999999999999787, 0.0
7343, 0.09999999999999787, 0.0
7344, 0.09999999999999787, 0.0
7345, 0.09999999999999787, 0.0
7346, 0.09999999999999787, 0.0
7347, 0.09999999999999787, 0.0
7348, 0.0, 0.0
7349, 0.0, 0.0
7350, 0.0, 0.0
7351, 0.0, 0.0
7352, 0.0, 0.0
7353, 0.0, 0.0
7354, 0.0, 0.0
7355, 0.0, 0.0
7356, 0.0, 0.0
7357, 0.0, 0.0
7358, 0.0, 0.0
7359, 0.0, 0.0
7360, 0.09999999999999787, 0.0
7361, 0.0, 0.0
7362, 0.0, 0.0
7363, 0.0, 0.0
7364, 0.0, 0.0
7365, 0.0, 0.0
7366, 0.0, 0.0
7367, 0.0, 0.0
7368, 0.0, 0.0
7369, 0.0, 0.0
7370, 0.0, 0.0
7371, 0.0, 0.0
7372, 0.0, 0.0
7373, 0.0, 0.0
7374, 0.0, 0.0
7375, 0.0, 0.0
7376, 0.0, 0.0
7377, 0.0, 0.0
7378, 0.0, 0.0
7379, 0.0, 0.0
7380, 0.0, 0.0
7381, 0.0, 0.0
7382, 0.0, 0.0
7383, -0.10000000000000142, 0.0
7384, -0.10000000000000142, 0.0
7385, -0.10000000000000142, 0.0
7386, -0.10000000000000142, 0.0
7387, -0.10000000000000142, 0.0
7388, -0.10000000000000142, 0.0
7389, -0.10000000000000142, 0.0
7390, -0.10000000000000142, 0.0
7391, -0.10000000000000142, 0.10000000000000142
7392, -0.10000000000000142, 0.10000000000000142
7393, -0.10000000000000142, 0.10000000000000142
7394, -0.10000000000000142, 0.10000000000000142
7395, 0.0, 0.10000000000000142
7396, 0.0, 0.10000000000000142
7397, 0.0, 0.10000000000000142
7398, 0.0, 0.10000000000000142
7399, 0.0, 0.10000000000000142
7400, 0.0, 0.10000000000000142
7401, 0.0, 0.10000000000000142
7402, 0.0, 0.10000000000000142
7403, 0.0, 0.10000000000000142
7404, 0.0, 0.10000000000000142
7405, 0.0, 0.10000000000000142
7406, 0.0, 0.10000000000000142
7407, 0.0, 0.10000000000000142
7408, 0.0, 0.10000000000000142
7409, 0.0, 0.10000000000000142
7410, 0.0, 0.0
7411, 0.0, 0.0
7412, 0.0, 0.0
7413, 0.0, 0.0
7414, 0.0, 0.0
7415, 0.0, 0.10000000000000142
7416, 0.0, 0.10000000000000142
7417, 0.0, 0.10000000000000142
7418, 0.0, 0.10000000000000142
7419, 0.0, 0.10000000000000142
7420, 0.0, 0.10000000000000142
7421, -0.10000000000000142, 0.10000000000000142
7422, -0.10000000000000142, 0.10000000000000142
7423, -0.10000000000000142, 0.10000000000000142
7424, -0.10000000000000142, 0.10000000000000142
7425, -0.10000000000000142, 0.10000000000000142
7426, -0.10000000000000142, 0.10000000000000142
7427, -0.10000000000000142, 0.0
7428, -0.10000000000000142, 0.0
7429, -0.10000000000000142, 0.0
7430, -0.10000000000000142, 0.0
7431, -0.10000000000000142, 0.0
7432, -0.10000000000000142, 0.0
7433, -0.10000000000000142, 0.0
7434, -0.10000000000000142, 0.0
7435, -0.10000000000000142, 0.0
7436, -0.10000000000000142, 0.0
7437, -0.10000000000000142, 0.0
7438, -0.10000000000000142, 0.10000000000000142
7439, -0.10000000000000142, 0.10000000000000142
7440, -0.10000000000000142, 0.10000000000000142
7441, -0.10000000000000142, 0.0
7442, -0.10000000000000142, 0.0
7443, -0.10000000000000142, 0.0
7444, 0.0, 0.0
7445, 0.0, 0.0
7446, 0.0, 0.0
7447, 0.0, 0.0
7448, 0.0, 0.10000000000000142
7449, 0.0, 0.10000000000000142
7450, 0.0, 0.10000000000000142
7451, 0.0, 0.10000000000000142
7452, 0.0, 0.10000000000000142
7453, 0.0, 0.10000000000000142
7454, 0.0, 0.0
7455, 0.0, 0.10000000000000142
7456, 0.0, 0.10000000000000142
7457, 0.0, 0.10000000000000142
7458, 0.0, 0.10000000000000142
7459, 0.0, 0.10000000000000142
7460, 0.0, 0.10000000000000142
7461, 0.0, 0.10000000000000142
7462, 0.0, 0.10000000000000142
7463, 0.09999999999999787, 0.10000000000000142
7464, 0.09999999999999787, 0.10000000000000142
7465, 0.09999999999999787, 0.10000000000000142
7466, 0.09999999999999787, 0.10000000000000142
7467, 0.09999999999999787, 0.10000000000000142
7468, 0.09999999999999787, 0.10000000000000142
7469, 0.09999999999999787, 0.10000000000000142
7470, 0.0, 0.10000000000000142
7471, 0.0, 0.0
7472, 0.0, 0.0
7473, 0.0, 0.0
7474, 0.0, 0.0
7475, 0.0, 0.0
7476, 0.0, 0.0
7477, 0.0, 0.0
7478, 0.0, 0.0
7479, 0.0, 0.0
7480, 0.0, 0.0
7481, 0.0, 0.0
7482, 0.0, 0.0
7483, 0.0, 0.0
7484, 0.0, 0.0
7485, 0.0, 0.0
7486, 0.0, 0.0
7487, 0.0, 0.0
7488, 0.0, 0.0
7489, 0.0, 0.0
7490, 0.0, 0.0
7491, 0.0, 0.0
7492, 0.0, 0.0
7493, 0.0, 0.0
7494, 0.0, 0.0
7495, 0.0, 0.0
7496, 0.0, 0.0
7497, 0.0, 0.0
7498, 0.0, 0.0
7499, 0.0, 0.0
7500, -0.10000000000000142, 0.0
7501, -0.10000000000000142, 0.0
7502, -0.10000000000000142, 0.0
7503, -0.10000000000000142, 0.0
7504, -0.10000000000000142, 0.0
7505, -0.10000000000000142, 0.0
7506, -0.10000000000000142, 0.0
7507, -0.10000000000000142, 0.0
7508, -0.10000000000000142, 0.0
7509, 0.0, 0.0
7510, 0.0, 0.0
7511, 0.0, 0.0
7512, 0.0, 0.0
7513, 0.0, 0.0
7514, 0.0, 0.0
7515, 0.0, 0.0
7516, 0.0, 0.0
7517, 0.0, 0.0
7518, 0.0, 0.0
7519, 0.0, 0.0
7520, 0.0, 0.0
7521, 0.0, 0.0
7522, 0.0, 0.0
7523, 0.0, 0.0
7524, 0.0, 0.0
7525, 0.0, 0.0
7526, 0.0, 0.0
7527, 0.09999999999999787, 0.0
7528, 0.09999999999999787, 0.0
7529, 0.09999999999999787, 0.0
7530, 0.09999999999999787, 0.0
7531, 0.09999999999999787, 0.0
7532, 0.09999999999999787, 0.0
7533, 0.09999999999999787, 0.0
7534, 0.09999999999999787, 0.0
7535, 0.09999999999999787, 0.0
7536, 0.09999999999999787, 0.0
7537, 0.09999999999999787, 0.0
7538, 0.09999999999999787, 0.0
7539, 0.09999999999999787, 0.0
7540, 0.09999999999999787, 0.0
7541, 0.09999999999999787, 0.0
7542, 0.09999999999999787, 0.0
7543, 0.09999999999999787, 0.0
7544, 0.09999999999999787, 0.0
7545, 0.09999999999999787, 0.0
7546, 0.09999999999999787, 0.0
7547, 0.09999999999999787, 0.0
7548, 0.09999999999999787, 0.0
7549, 0.09999999999999787, 0.0
7550, 0.09999999999999787, 0.0
7551, 0.09999999999999787, 0.0
7552, 0.09999999999999787, 0.0
7553, 0.09999999999999787, 0.0
7554, 0.09999999999999787, 0.0
7555, 0.09999999999999787, 0.0
7556, 0.0, 0.0
7557, 0.0, 0.0
7558, 0.0, 0.0
7559, 0.0, 0.0
7560, 0.0, 0.0
7561, 0.0, 0.0
7562, 0.0, -0.09999999999999787
7563, 0.0, -0.09999999999999787
7564, 0.0, -0.09999999999999787
7565, 0.0, -0.09999999999999787
7566, 0.0, -0.09999999999999787
7567, 0.0, 0.0
7568, 0.0, 0.0
7569, 0.0, 0.0
7570, 0.0, 0.0
7571, 0.0, 0.0
7572, 0.0, 0.0
7573, 0.0, 0.0
7574, 0.0, 0.0
7575, 0.0, 0.0
7576, 0.0, 0.0
7577, 0.0, 0.0
7578, 0.0, 0.10000000000000142
7579, 0.0, 0.10000000000000142
7580, 0.0, 0.0
7581, 0.0, 0.0
7582, 0.0, 0.0
7583, 0.0, 0.0
7584, 0.0, 0.0
7585, 0.0, 0.0
7586, 0.0, 0.0
7587, 0.0, 0.0
7588, 0.0, 0.0
7589, 0.0, 0.0
7590, 0.0, 0.0
7591, 0.0, 0.0
7592, 0.0, 0.0
7593, 0.0, 0.0
7594, 0.0, 0.0
7595, 0.0, 0.0
7596, 0.0, 0.0
7597, -0.10000000000000142, 0.0
7598, -0.10000000000000142, 0.0
7599, -0.10000000000000142, 0.0
7600, -0.10000000000000142, 0.0
7601, -0.10000000000000142, 0.10000000000000142
7602, -0.10000000000000142, 0.10000000000000142
7603, -0.10000000000000142, 0.10000000000000142
7604, -0.10000000000000142, 0.10000000000000142
7605, -0.10000000000000142, 0.10000000000000142
7606, -0.10000000000000142, 0.10000000000000142
7607, -0.10000000000000142, 0.10000000000000142
7608, -0.10000000000000142, 0.10000000000000142
7609, -0.10000000000000142, 0.10000000000000142
7610, -0.10000000000000142, 0.10000000000000142
7611, -0.10000000000000142, 0.10000000000000142
7612, -0.10000000000000142, 0.10000000000000142
7613, -0.10000000000000142, 0.10000000000000142
7614, -0.10000000000000142, 0.10000000000000142
7615, -0.10000000000000142, 0.20000000000000284
7616, -0.10000000000000142, 0.20000000000000284
7617, 0.0, 0.10000000000000142
7618, 0.0, 0.10000000000000142
7619, 0.0, 0.10000000000000142
7620, 0.0, 0.10000000000000142
7621, 0.0, 0.10000000000000142
7622, 0.0, 0.10000000000000142
7623, 0.0, 0.10000000000000142
7624, 0.0, 0.10000000000000142
7625, 0.0, 0.10000000000000142
7626, 0.0, 0.10000000000000142
7627, 0.0, 0.10000000000000142
7628, 0.09999999999999787, 0.10000000000000142
7629, 0.09999999999999787, 0.10000000000000142
7630, 0.09999999999999787, 0.10000000000000142
7631, 0.09999999999999787, 0.10000000000000142
7632, 0.09999999999999787, 0.10000000000000142
7633, 0.09999999999999787, 0.10000000000000142
7634, 0.09999999999999787, 0.10000000000000142
7635, 0.09999999999999787, 0.10000000000000142
7636, 0.09999999999999787, 0.10000000000000142
7637, 0.09999999999999787, 0.10000000000000142
7638, 0.09999999999999787, 0.0
7639, 0.09999999999999787, 0.0
7640, 0.0, 0.0
7641, 0.0, 0.0
7642, 0.0, 0.0
7643, 0.0, 0.0
7644, 0.0, 0.0
7645, 0.0, 0.0
7646, 0.0, 0.0
7647, 0.0, 0.0
7648, 0.0, 0.0
7649, 0.0, 0.10000000000000142
7650, 0.0, 0.10000000000000142
7651, 0.0, 0.10000000000000142
7652, 0.0, 0.10000000000000142
7653, 0.0, 0.0
7654, 0.0, 0.0
7655, 0.0, 0.0
7656, 0.0, 0.0
7657, 0.0, 0.0
7658, 0.0, 0.0
7659, 0.0, 0.0
7660, 0.0, 0.0
7661, 0.0, 0.0
7662, 0.0, 0.0
7663, 0.0, 0.0
7664, 0.0, 0.0
7665, 0.0, 0.0
7666, 0.0, 0.0
7667, 0.09999999999999787, 0.0
7668, 0.09999999999999787, 0.0
7669, 0.09999999999999787, 0.0
7670, 0.09999999999999787, 0.0
7671, 0.09999999999999787, 0.0
7672, 0.09999999999999787, 0.0
7673, 0.09999999999999787, 0.0
7674, 0.09999999999999787, 0.0
7675, 0.09999999999999787, -0.09999999999999787
7676, 0.09999999999999787, -0.09999999999999787
7677, 0.09999999999999787, -0.09999999999999787
7678, 0.09999999999999787, 0.0
7679, 0.09999999999999787, 0.0
7680, 0.09999999999999787, 0.0
7681, 0.09999999999999787, 0.0
7682, 0.09999999999999787, 0.0
7683, 0.09999999999999787, 0.0
7684, 0.09999999999999787, 0.0
7685, 0.09999999999999787, 0.0
7686, 0.09999999999999787, 0.0
7687, 0.09999999999999787, 0.10000000000000142
7688, 0.09999999999999787, 0.10000000000000142
7689, 0.09999999999999787, 0.10000000000000142
7690, 0.09999999999999787, 0.10000000000000142
7691, 0.09999999999999787, 0.10000000000000142
7692, 0.09999999999999787, 0.10000000000000142
7693, 0.09999999999999787, 0.10000000000000142
7694, 0.09999999999999787, 0.10000000000000142
7695, 0.09999999999999787, 0.10000000000000142
7696, 0.09999999999999787, 0.10000000000000142
7697, 0.09999999999999787, 0.10000000000000142
7698, 0.09999999999999787, 0.10000000000000142
7699, 0.09999999999999787, 0.10000000000000142
7700, 0.09999999999999787, 0.10000000000000142
7701, 0.09999999999999787, 0.10000000000000142
7702, 0.09999999999999787, 0.10000000000000142
7703, 0.09999999999999787, 0.10000000000000142
7704, 0.09999999999999787, 0.10000000000000142
7705, 0.09999999999999787, 0.10000000000000142
7706, 0.0, 0.10000000000000142
7707, 0.0, 0.10000000000000142
7708, 0.0, 0.10000000000000142
7709, 0.0, 0.0
7710, 0.0, 0.0
7711, 0.0, 0.0
7712, 0.0, 0.0
7713, 0.0, 0.0
7714, -0.10000000000000142, 0.0
7715, -0.10000000000000142, 0.0
7716, -0.10000000000000142, 0.10000000000000142
7717, -0.10000000000000142, 0.10000000000000142
7718, -0.10000000000000142, 0.10000000000000142
7719, -0.10000000000000142, 0.10000000000000142
7720, -0.10000000000000142, 0.10000000000000142
7721, -0.10000000000000142, 0.10000000000000142
7722, -0.10000000000000142, 0.10000000000000142
7723, -0.10000000000000142, 0.10000000000000142
7724, -0.10000000000000142, 0.10000000000000142
7725, -0.10000000000000142, 0.10000000000000142
7726, -0.10000000000000142, 0.20000000000000284
7727, -0.10000000000000142, 0.20000000000000284
7728, -0.10000000000000142, 0.20000000000000284
7729, -0.10000000000000142, 0.20000000000000284
7730, -0.10000000000000142, 0.20000000000000284
7731, -0.10000000000000142, 0.20000000000000284
7732, -0.10000000000000142, 0.20000000000000284
7733, -0.10000000000000142, 0.20000000000000284
7734, 0.0, 0.20000000000000284
7735, 0.0, 0.20000000000000284
7736, 0.09999999999999787, 0.20000000000000284
7737, 0.09999999999999787, 0.20000000000000284
7738, 0.09999999999999787, 0.10000000000000142
7739, 0.09999999999999787, 0.10000000000000142
7740, 0.09999999999999787, 0.10000000000000142
7741, 0.09999999999999787, 0.10000000000000142
7742, 0.09999999999999787, 0.10000000000000142
7743, 0.09999999999999787, 0.10000000000000142
7744, 0.09999999999999787, 0.10000000000000142
7745, 0.09999999999999787, 0.10000000000000142
7746, 0.09999999999999787, 0.10000000000000142
7747, 0.0, 0.10000000000000142
7748, 0.0, 0.10000000000000142
7749, 0.0, 0.10000000000000142
7750, 0.0, 0.20000000000000284
7751, 0.0, 0.20000000000000284
7752, 0.0, 0.20000000000000284
7753, 0.0, 0.20000000000000284
7754, 0.0, 0.20000000000000284
7755, 0.0, 0.20000000000000284
7756, 0.0, 0.20000000000000284
7757, 0.0, 0.20000000000000284
7758, 0.0, 0.20000000000000284
7759, 0.0, 0.10000000000000142
7760, 0.0, 0.10000000000000142
7761, 0.0, 0.10000000000000142
7762, 0.0, 0.10000000000000142
7763, 0.0, 0.10000000000000142
7764, 0.0, 0.10000000000000142
7765, 0.0, 0.10000000000000142
7766, 0.0, 0.10000000000000142
7767, 0.0, 0.10000000000000142
7768, 0.0, 0.10000000000000142
7769, 0.0, 0.10000000000000142
7770, 0.0, 0.10000000000000142
7771, 0.0, 0.10000000000000142
7772, 0.0, 0.10000000000000142
7773, 0.0, 0.10000000000000142
7774, 0.0, 0.10000000000000142
7775, 0.0, 0.10000000000000142
7776, 0.0, 0.10000000000000142
7777, 0.0, 0.10000000000000142
7778, 0.0, 0.10000000000000142
7779, 0.0, 0.10000000000000142
7780, 0.0, 0.10000000000000142
7781, 0.0, 0.10000000000000142
7782, 0.0, 0.10000000000000142
7783, 0.0, 0.10000000000000142
7784, 0.0, 0.10000000000000142
7785, 0.0, 0.10000000000000142
7786, 0.0, 0.10000000000000142
7787, 0.0, 0.10000000000000142
7788, 0.0, 0.10000000000000142
7789, 0.0, 0.10000000000000142
7790, 0.0, 0.20000000000000284
7791, 0.0, 0.20000000000000284
7792, 0.0, 0.20000000000000284
7793, 0.0, 0.20000000000000284
7794, 0.0, 0.20000000000000284
7795, 0.0, 0.20000000000000284
7796, 0.0, 0.20000000000000284
7797, 0.0, 0.20000000000000284
7798, 0.0, 0.20000000000000284
7799, 0.0, 0.20000000000000284
7800, 0.0, 0.20000000000000284
7801, 0.0, 0.20000000000000284
7802, 0.0, 0.20000000000000284
7803, 0.0, 0.20000000000000284
7804, 0.0, 0.20000000000000284
7805, 0.0, 0.20000000000000284
7806, 0.0, 0.10000000000000142
7807, 0.0, 0.10000000000000142
7808, 0.0, 0.10000000000000142
7809, 0.0, 0.10000000000000142
7810, 0.0, 0.10000000000000142
7811, 0.0, 0.10000000000000142
7812, 0.0, 0.10000000000000142
7813, 0.0, 0.10000000000000142
7814, 0.0, 0.20000000000000284
7815, 0.0, 0.20000000000000284
7816, 0.0, 0.20000000000000284
7817, 0.0, 0.20000000000000284
7818, 0.0, 0.20000000000000284
7819, 0.0, 0.20000000000000284
7820, 0.0, 0.20000000000000284
7821, 0.0, 0.20000000000000284
7822, 0.0, 0.20000000000000284
7823, 0.0, 0.20000000000000284
7824, 0.0, 0.20000000000000284
7825, 0.0, 0.20000000000000284
7826, 0.0, 0.20000000000000284
7827, 0.0, 0.20000000000000284
7828, 0.0, 0.20000000000000284
7829, 0.0, 0.20000000000000284
7830, 0.0, 0.20000000000000284
7831, 0.0, 0.10000000000000142
7832, 0.0, 0.10000000000000142
7833, 0.0, 0.10000000000000142
7834, 0.0, 0.10000000000000142
7835, 0.0, 0.10000000000000142
7836, 0.0, 0.10000000000000142
7837, 0.0, 0.10000000000000142
7838, 0.0, 0.10000000000000142
7839, 0.0, 0.10000000000000142
7840, 0.09999999999999787, 0.20000000000000284
7841, 0.09999999999999787, 0.20000000000000284
7842, 0.09999999999999787, 0.10000000000000142
7843, 0.09999999999999787, 0.10000000000000142
7844, 0.09999999999999787, 0.20000000000000284
7845, 0.09999999999999787, 0.20000000000000284
7846, 0.09999999999999787, 0.20000000000000284
7847, 0.09999999999999787, 0.20000000000000284
7848, 0.09999999999999787, 0.20000000000000284
7849, 0.0, 0.20000000000000284
7850, 0.0, 0.20000000000000284
7851, 0.0, 0.10000000000000142
7852, 0.0, 0.10000000000000142
7853, 0.0, 0.10000000000000142
7854, 0.0, 0.10000000000000142
7855, 0.0, 0.10000000000000142
7856, 0.0, 0.10000000000000142
7857, 0.0, 0.10000000000000142
7858, 0.0, 0.10000000000000142
7859, 0.0, 0.10000000000000142
7860, 0.0, 0.10000000000000142
7861, 0.0, 0.10000000000000142
7862, 0.0, 0.10000000000000142
7863, 0.0, 0.10000000000000142
7864, 0.0, 0.10000000000000142
7865, -0.10000000000000142, 0.10000000000000142
7866, -0.10000000000000142, 0.10000000000000142
7867, -0.10000000000000142, 0.10000000000000142
7868, -0.10000000000000142, 0.10000000000000142
7869, -0.10000000000000142, 0.10000000000000142
7870, -0.10000000000000142, 0.20000000000000284
7871, -0.10000000000000142, 0.20000000000000284
7872, -0.10000000000000142, 0.20000000000000284
7873, -0.10000000000000142, 0.20000000000000284
7874, -0.10000000000000142, 0.20000000000000284
7875, -0.10000000000000142, 0.20000000000000284
7876, 0.0, 0.20000000000000284
7877, 0.0, 0.20000000000000284
7878, 0.0, 0.20000000000000284
7879, 0.0, 0.20000000000000284
7880, 0.0, 0.20000000000000284
7881, 0.0, 0.20000000000000284
7882, 0.0, 0.20000000000000284
7883, 0.0, 0.20000000000000284
7884, 0.0, 0.20000000000000284
7885, 0.0, 0.20000000000000284
7886, 0.0, 0.20000000000000284
7887, 0.0, 0.20000000000000284
7888, 0.0, 0.20000000000000284
7889, 0.0, 0.20000000000000284
7890, 0.0, 0.20000000000000284
7891, 0.0, 0.20000000000000284
7892, 0.0, 0.20000000000000284
7893, 0.0, 0.10000000000000142
7894, 0.0, 0.10000000000000142
7895, 0.0, 0.10000000000000142
7896, 0.0, 0.10000000000000142
7897, 0.0, 0.10000000000000142
7898, 0.0, 0.10000000000000142
7899, 0.09999999999999787, 0.10000000000000142
7900, 0.09999999999999787, 0.10000000000000142
7901, 0.09999999999999787, 0.10000000000000142
7902, 0.0, 0.10000000000000142
7903, 0.0, 0.10000000000000142
7904, 0.0, 0.10000000000000142
7905, 0.0, 0.10000000000000142
7906, 0.0, 0.10000000000000142
7907, 0.0, 0.10000000000000142
7908, 0.0, 0.10000000000000142
7909, 0.0, 0.10000000000000142
7910, 0.0, 0.10000000000000142
7911, 0.0, 0.10000000000000142
7912, 0.0, 0.10000000000000142
7913, 0.0, 0.10000000000000142
7914, 0.0, 0.10000000000000142
7915, 0.0, 0.10000000000000142
7916, 0.0, 0.10000000000000142
7917, 0.0, 0.20000000000000284
7918, 0.0, 0.20000000000000284
7919, 0.0, 0.20000000000000284
7920, 0.0, 0.10000000000000142
7921, 0.0, 0.0
7922, 0.0, 0.0
7923, -0.10000000000000142, 0.0
7924, -0.10000000000000142, 0.0
7925, -0.10000000000000142, 0.0
7926, -0.10000000000000142, 0.0
7927, -0.10000000000000142, 0.0
7928, -0.10000000000000142, 0.0
7929, -0.10000000000000142, 0.0
7930, -0.10000000000000142, 0.0
7931, -0.10000000000000142, 0.0
7932, -0.10000000000000142, 0.0
7933, -0.10000000000000142, 0.0
7934, -0.10000000000000142, 0.0
7935, -0.10000000000000142, 0.0
7936, -0.10000000000000142, 0.0
7937, -0.10000000000000142, 0.0
7938, -0.10000000000000142, 0.0
7939, -0.10000000000000142, 0.0
7940, 0.0, 0.0
7941, 0.0, 0.0
7942, 0.0, 0.0
7943, 0.0, 0.0
7944, 0.0, 0.0
7945, 0.0, 0.0
7946, 0.0, 0.0
7947, 0.0, 0.0
7948, 0.0, 0.0
7949, 0.0, 0.0
7950, 0.0, 0.0
7951, 0.0, 0.0
7952, 0.0, 0.10000000000000142
7953, 0.0, 0.10000000000000142
7954, 0.0, 0.10000000000000142
7955, 0.0, 0.10000000000000142
7956, 0.0, 0.10000000000000142
7957, 0.0, 0.10000000000000142
7958, 0.0, 0.10000000000000142
7959, 0.0, 0.10000000000000142
7960, 0.0, 0.10000000000000142
7961, 0.0, 0.10000000000000142
7962, 0.0, 0.10000000000000142
7963, 0.0, 0.10000000000000142
7964, 0.0, 0.10000000000000142
7965, 0.0, 0.10000000000000142
7966, 0.0, 0.10000000000000142
7967, 0.0, 0.10000000000000142
7968, 0.0, 0.10000000000000142
7969, 0.0, 0.10000000000000142
7970, 0.0, 0.10000000000000142
7971, 0.09999999999999787, 0.10000000000000142
7972, 0.09999999999999787, 0.10000000000000142
7973, 0.09999999999999787, 0.10000000000000142
7974, 0.09999999999999787, 0.10000000000000142
7975, 0.09999999999999787, 0.0
7976, 0.09999999999999787, 0.0
7977, 0.09999999999999787, 0.0
7978, 0.09999999999999787, 0.0
7979, 0.0, 0.10000000000000142
7980, 0.0, 0.10000000000000142
7981, 0.0, 0.10000000000000142
7982, 0.0, 0.10000000000000142
7983, -0.10000000000000142, 0.10000000000000142
7984, -0.10000000000000142, 0.10000000000000142
7985, -0.10000000000000142, 0.10000000000000142
7986, -0.10000000000000142, 0.10000000000000142
7987, -0.10000000000000142, 0.10000000000000142
7988, -0.10000000000000142, 0.10000000000000142
7989, -0.10000000000000142, 0.10000000000000142
7990, -0.10000000000000142, 0.10000000000000142
7991, -0.10000000000000142, 0.10000000000000142
7992, -0.10000000000000142, 0.10000000000000142
7993, -0.10000000000000142, 0.10000000000000142
7994, -0.10000000000000142, 0.10000000000000142
7995, -0.10000000000000142, 0.0
7996, -0.10000000000000142, 0.0
7997, -0.10000000000000142, 0.0
7998, -0.10000000000000142, 0.0
7999, -0.10000000000000142, 0.0
8000, -0.10000000000000142, 0.0
8001, -0.10000000000000142, 0.10000000000000142
8002, -0.10000000000000142, 0.10000000000000142
8003, -0.10000000000000142, 0.10000000000000142
8004, -0.10000000000000142, 0.10000000000000142
8005, 0.0, 0.10000000000000142
8006, 0.0, 0.20000000000000284
8007, 0.0, 0.20000000000000284
8008, 0.0, 0.20000000000000284
8009, 0.0, 0.20000000000000284
8010, 0.0, 0.20000000000000284
8011, 0.0, 0.10000000000000142
8012, 0.0, 0.10000000000000142
8013, 0.0, 0.10000000000000142
8014, 0.0, 0.10000000000000142
8015, 0.0, 0.10000000000000142
8016, 0.0, 0.10000000000000142
8017, -0.10000000000000142, 0.10000000000000142
8018, -0.10000000000000142, 0.10000000000000142
8019, -0.10000000000000142, 0.10000000000000142
8020, -0.10000000000000142, 0.10000000000000142
8021, -0.10000000000000142, 0.10000000000000142
8022, -0.10000000000000142, 0.10000000000000142
8023, -0.10000000000000142, 0.10000000000000142
8024, -0.10000000000000142, 0.0
8025, -0.10000000000000142, 0.0
8026, -0.10000000000000142, 0.0
8027, -0.10000000000000142, 0.0
8028, -0.10000000000000142, 0.0
8029, -0.10000000000000142, 0.0
8030, -0.10000000000000142, 0.0
8031, -0.10000000000000142, 0.0
8032, -0.10000000000000142, 0.0
8033, -0.10000000000000142, 0.0
8034, -0.10000000000000142, 0.0
8035, 0.0, 0.0
8036, 0.0, 0.0
8037, 0.0, 0.0
8038, 0.0, 0.0
8039, 0.0, 0.0
8040, 0.0, 0.0
8041, 0.0, 0.0
8042, 0.0, 0.0
8043, 0.0, 0.0
8044, 0.0, 0.0
8045, 0.0, 0.0
8046, 0.0, 0.0
8047, 0.0, 0.0
8048, 0.0, 0.0
8049, 0.0, 0.0
8050, 0.0, 0.0
8051, 0.0, 0.0
8052, 0.0, 0.0
8053, 0.0, 0.0
8054, 0.0, 0.0
8055, 0.0, 0.0
8056, 0.0, 0.0
8057, 0.0, 0.0
8058, 0.0, 0.0
8059, 0.0, 0.0
8060, 0.0, 0.0
8061, 0.09999999999999787, 0.0
8062, 0.09999999999999787, 0.0
8063, 0.09999999999999787, 0.0
8064, 0.09999999999999787, 0.0
8065, 0.09999999999999787, 0.0
8066, 0.09999999999999787, 0.0
8067, 0.09999999999999787, 0.0
8068, 0.09999999999999787, 0.0
8069, 0.09999999999999787, 0.0
8070, 0.09999999999999787, 0.0
8071, 0.09999999999999787, 0.0
8072, 0.09999999999999787, 0.0
8073, 0.09999999999999787, 0.0
8074, 0.09999999999999787, 0.10000000000000142
8075, 0.0, 0.10000000000000142
8076, 0.0, 0.10000000000000142
8077, 0.0, 0.10000000000000142
8078, 0.0, 0.10000000000000142
8079, 0.0, 0.10000000000000142
8080, 0.0, 0.10000000000000142
8081, 0.0, 0.10000000000000142
8082, 0.0, 0.10000000000000142
8083, 0.0, 0.10000000000000142
8084, 0.0, 0.10000000000000142
8085, 0.0, 0.10000000000000142
8086, 0.0, 0.10000000000000142
8087, 0.0, 0.10000000000000142
8088, 0.0, 0.10000000000000142
8089, 0.0, 0.10000000000000142
8090, 0.0, 0.10000000000000142
8091, 0.0, 0.10000000000000142
8092, 0.0, 0.10000000000000142
8093, 0.0, 0.10000000000000142
8094, 0.0, 0.10000000000000142
8095, 0.0, 0.10000000000000142
8096, 0.0, 0.20000000000000284
8097, 0.0, 0.20000000000000284
8098, 0.0, 0.20000000000000284
8099, 0.0, 0.20000000000000284
8100, 0.0, 0.20000000000000284
8101, 0.0, 0.20000000000000284
8102, 0.0, 0.20000000000000284
8103, 0.0, 0.20000000000000284
8104, 0.0, 0.20000000000000284
8105, -0.10000000000000142, 0.10000000000000142
8106, -0.10000000000000142, 0.10000000000000142
8107, -0.10000000000000142, 0.10000000000000142
8108, 0.0, 0.10000000000000142
8109, 0.0, 0.10000000000000142
8110, 0.0, 0.10000000000000142
8111, 0.0, 0.10000000000000142
8112, 0.0, 0.10000000000000142
8113, 0.0, 0.10000000000000142
8114, 0.0, 0.10000000000000142
8115, 0.0, 0.10000000000000142
8116, 0.09999999999999787, 0.10000000000000142
8117, 0.09999999999999787, 0.10000000000000142
8118, 0.09999999999999787, 0.10000000000000142
8119, 0.09999999999999787, 0.0
8120, 0.09999999999999787, 0.0
8121, 0.09999999999999787, 0.0
8122, 0.09999999999999787, 0.0
8123, 0.09999999999999787, 0.0
8124, 0.09999999999999787, 0.10000000000000142
8125, 0.09999999999999787, 0.10000000000000142
8126, 0.09999999999999787, 0.10000000000000142
8127, 0.09999999999999787, 0.10000000000000142
8128, 0.09999999999999787, 0.10000000000000142
8129, 0.09999999999999787, 0.20000000000000284
8130, 0.09999999999999787, 0.20000000000000284
8131, 0.09999999999999787, 0.20000000000000284
8132, 0.0, 0.20000000000000284
8133, 0.0, 0.20000000000000284
8134, 0.0, 0.20000000000000284
8135, 0.0, 0.20000000000000284
8136, 0.0, 0.20000000000000284
8137, 0.09999999999999787, 0.20000000000000284
8138, 0.09999999999999787, 0.20000000000000284
8139, 0.09999999999999787, 0.20000000000000284
8140, 0.09999999999999787, 0.20000000000000284
8141, 0.09999999999999787, 0.20000000000000284
8142, 0.09999999999999787, 0.20000000000000284
8143, 0.09999999999999787, 0.20000000000000284
8144, 0.09999999999999787, 0.20000000000000284
8145, 0.09999999999999787, 0.20000000000000284
8146, 0.09999999999999787, 0.20000000000000284
8147, 0.09999999999999787, 0.20000000000000284
8148, 0.09999999999999787, 0.20000000000000284
8149, 0.09999999999999787, 0.10000000000000142
8150, 0.09999999999999787, 0.10000000000000142
8151, 0.09999999999999787, 0.10000000000000142
8152, 0.09999999999999787, 0.10000000000000142
8153, 0.09999999999999787, 0.10000000000000142
8154, 0.09999999999999787, 0.10000000000000142
8155, 0.09999999999999787, 0.10000000000000142
8156, 0.09999999999999787, 0.10000000000000142
8157, 0.09999999999999787, 0.10000000000000142
8158, 0.09999999999999787, 0.10000000000000142
8159, 0.09999999999999787, 0.10000000000000142
8160, 0.09999999999999787, 0.10000000000000142
8161, 0.09999999999999787, 0.10000000000000142
8162, 0.09999999999999787, 0.0
8163, 0.09999999999999787, 0.0
8164, 0.09999999999999787, 0.0
8165, 0.09999999999999787, 0.0
8166, 0.09999999999999787, 0.0
8167, 0.09999999999999787, -0.09999999999999787
8168, 0.09999999999999787, -0.09999999999999787
8169, 0.09999999999999787, -0.09999999999999787
8170, 0.0, -0.09999999999999787
8171, 0.0, -0.09999999999999787
8172, 0.0, -0.09999999999999787
8173, 0.0, -0.09999999999999787
8174, 0.0, 0.0
8175, 0.0, 0.0
8176, 0.0, 0.0
8177, 0.0, 0.0
8178, 0.0, 0.0
8179, 0.0, 0.0
8180, 0.0, 0.0
8181, 0.0, 0.0
8182, 0.0, 0.0
8183, 0.0, 0.0
8184, 0.0, 0.0
8185, 0.0, 0.0
8186, 0.0, 0.0
8187, 0.0, 0.0
8188, 0.0, 0.0
8189, 0.0, 0.0
8190, 0.0, 0.0
8191, 0.0, 0.0
8192, 0.0, 0.0
8193, 0.0, 0.0
8194, 0.0, 0.0
8195, 0.0, 0.0
8196, 0.0, 0.10000000000000142
8197, 0.0, 0.10000000000000142
8198, 0.0, 0.10000000000000142
8199, 0.0, 0.10000000000000142
8200, 0.0, 0.10000000000000142
8201, 0.0, 0.10000000000000142
8202, 0.0, 0.10000000000000142
8203, 0.0, 0.10000000000000142
8204, 0.0, 0.10000000000000142
8205, 0.0, 0.10000000000000142
8206, 0.0, 0.10000000000000142
8207, 0.0, 0.10000000000000142
8208, 0.0, 0.10000000000000142
8209, 0.0, 0.10000000000000142
8210, 0.0, 0.10000000000000142
8211, 0.0, 0.10000000000000142
8212, 0.0, 0.10000000000000142
8213, 0.0, 0.10000000000000142
8214, 0.0, 0.0
8215, 0.0, 0.0
8216, 0.0, 0.10000000000000142
8217, 0.0, 0.10000000000000142
8218, 0.0, 0.10000000000000142
8219, 0.0, 0.10000000000000142
8220, 0.0, 0.10000000000000142
8221, 0.0, 0.10000000000000142
8222, 0.0, 0.10000000000000142
8223, 0.0, 0.0
8224, 0.0, 0.0
8225, 0.0, 0.0
8226, 0.0, 0.0
8227, 0.0, 0.0
8228, 0.0, 0.0
8229, 0.0, 0.0
8230, 0.0, 0.0
8231, 0.0, 0.0
8232, 0.0, 0.0
8233, 0.0, 0.0
8234, 0.0, 0.0
8235, 0.0, 0.0
8236, 0.0, 0.0
8237, 0.0, 0.0
8238, 0.0, 0.0
8239, 0.0, 0.10000000000000142
8240, 0.0, 0.10000000000000142
8241, 0.0, 0.10000000000000142
8242, 0.0, 0.10000000000000142
8243, 0.0, 0.10000000000000142
8244, 0.0, 0.10000000000000142
8245, 0.0, 0.10000000000000142
8246, 0.0, 0.10000000000000142
8247, 0.0, 0.10000000000000142
8248, 0.0, 0.10000000000000142
8249, 0.0, 0.10000000000000142
8250, 0.0, 0.10000000000000142
8251, 0.0, 0.10000000000000142
8252, 0.0, 0.10000000000000142
8253, 0.0, 0.10000000000000142
8254, 0.0, 0.10000000000000142
8255, 0.0, 0.10000000000000142
8256, 0.0, 0.10000000000000142
8257, 0.0, 0.10000000000000142
8258, 0.0, 0.0
8259, 0.0, 0.0
8260, 0.0, 0.0
8261, 0.0, 0.0
8262, 0.0, 0.0
8263, 0.0, 0.10000000000000142
8264, 0.09999999999999787, 0.10000000000000142
8265, 0.09999999999999787, 0.10000000000000142
8266, 0.09999999999999787, 0.10000000000000142
8267, 0.09999999999999787, 0.10000000000000142
8268, 0.09999999999999787, 0.10000000000000142
8269, 0.09999999999999787, 0.10000000000000142
8270, 0.09999999999999787, 0.0
8271, 0.09999999999999787, 0.0
8272, 0.09999999999999787, 0.0
8273, 0.09999999999999787, 0.0
8274, 0.09999999999999787, 0.0
8275, 0.09999999999999787, 0.0
8276, 0.09999999999999787, 0.0
8277, 0.09999999999999787, 0.0
8278, 0.09999999999999787, 0.0
8279, 0.09999999999999787, 0.0
8280, 0.09999999999999787, 0.0
8281, 0.09999999999999787, 0.0
8282, 0.09999999999999787, 0.10000000000000142
8283, 0.09999999999999787, 0.0
8284, 0.09999999999999787, 0.0
8285, 0.09999999999999787, 0.0
8286, 0.09999999999999787, 0.0
8287, 0.09999999999999787, 0.0
8288, 0.09999999999999787, 0.0
8289, 0.09999999999999787, 0.0
8290, 0.09999999999999787, 0.0
8291, 0.09999999999999787, 0.0
8292, 0.09999999999999787, 0.0
8293, 0.09999999999999787, 0.0
8294, 0.09999999999999787, 0.0
8295, 0.09999999999999787, 0.0
8296, 0.09999999999999787, 0.10000000000000142
8297, 0.09999999999999787, 0.10000000000000142
8298, 0.09999999999999787, 0.10000000000000142
8299, 0.0, 0.10000000000000142
8300, 0.0, 0.10000000000000142
8301, 0.0, 0.10000000000000142
8302, 0.0, 0.10000000000000142
8303, 0.0, 0.10000000000000142
8304, 0.0, 0.10000000000000142
8305, 0.0, 0.10000000000000142
8306, 0.0, 0.10000000000000142
8307, 0.0, 0.10000000000000142
8308, 0.0, 0.10000000000000142
8309, 0.0, 0.10000000000000142
8310, 0.0, 0.10000000000000142
8311, 0.0, 0.10000000000000142
8312, 0.0, 0.10000000000000142
8313, 0.0, 0.10000000000000142
8314, 0.0, 0.10000000000000142
8315, 0.09999999999999787, 0.10000000000000142
8316, 0.09999999999999787, 0.0
8317, 0.09999999999999787, 0.0
8318, 0.09999999999999787, 0.0
8319, 0.09999999999999787, 0.0
8320, 0.09999999999999787, 0.0
8321, 0.09999999999999787, 0.0
8322, 0.09999999999999787, 0.0
8323, 0.09999999999999787, 0.10000000000000142
8324, 0.09999999999999787, 0.0
8325, 0.09999999999999787, 0.0
8326, 0.09999999999999787, 0.0
8327, 0.09999999999999787, 0.0
8328, 0.09999999999999787, 0.0
8329, 0.09999999999999787, 0.0
8330, 0.09999999999999787, 0.0
8331, 0.09999999999999787, 0.0
8332, 0.09999999999999787, 0.0
8333, 0.09999999999999787, -0.09999999999999787
8334, 0.0, -0.09999999999999787
8335, 0.0, -0.09999999999999787
8336, 0.0, -0.09999999999999787
8337, 0.0, -0.09999999999999787
8338, 0.0, -0.09999999999999787
8339, 0.0, -0.09999999999999787
8340, 0.0, -0.09999999999999787
8341, 0.0, -0.09999999999999787
8342, 0.09999999999999787, -0.09999999999999787
8343, 0.09999999999999787, -0.09999999999999787
8344, 0.09999999999999787, -0.09999999999999787
8345, 0.09999999999999787, -0.09999999999999787
8346, 0.09999999999999787, 0.0
8347, 0.09999999999999787, 0.0
8348, 0.09999999999999787, 0.0
8349, 0.09999999999999787, 0.0
8350, 0.09999999999999787, 0.0
8351, 0.09999999999999787, 0.0
8352, 0.09999999999999787, 0.0
8353, 0.0, 0.0
8354, 0.0, 0.10000000000000142
8355, 0.0, 0.10000000000000142
8356, 0.0, 0.10000000000000142
8357, 0.0, 0.10000000000000142
8358, 0.0, 0.0
8359, 0.0, 0.0
8360, 0.0, 0.0
8361, 0.0, 0.0
8362, 0.0, 0.0
8363, 0.0, 0.0
8364, 0.0, 0.0
8365, 0.0, 0.0
8366, 0.0, 0.0
8367, 0.0, 0.0
8368, 0.0, -0.09999999999999787
8369, 0.0, -0.09999999999999787
8370, 0.0, -0.09999999999999787
8371, 0.0, -0.09999999999999787
8372, 0.0, -0.09999999999999787
8373, 0.0, -0.09999999999999787
8374, 0.0, -0.09999999999999787
8375, 0.0, -0.09999999999999787
8376, 0.0, -0.09999999999999787
8377, 0.0, -0.09999999999999787
8378, 0.0, 0.0
8379, 0.0, 0.0
8380, 0.0, 0.0
8381, 0.0, 0.0
8382, 0.0, 0.0
8383, 0.0, 0.0
8384, 0.0, 0.0
8385, 0.0, 0.10000000000000142
8386, 0.0, 0.10000000000000142
8387, 0.0, 0.0
8388, 0.0, 0.0
8389, 0.0, 0.0
8390, 0.0, 0.0
8391, 0.0, 0.0
8392, 0.0, 0.0
8393, 0.0, 0.0
8394, 0.0, 0.0
8395, 0.0, 0.0
8396, 0.0, 0.0
8397, 0.0, 0.0
8398, 0.0, 0.0
8399, 0.0, 0.0
8400, 0.0, 0.0
8401, 0.0, 0.10000000000000142
8402, 0.0, 0.10000000000000142
8403, 0.0, 0.10000000000000142
8404, 0.0, 0.10000000000000142
8405, 0.0, 0.10000000000000142
8406, 0.0, 0.10000000000000142
8407, 0.0, 0.10000000000000142
8408, 0.0, 0.20000000000000284
8409, 0.0, 0.20000000000000284
8410, 0.0, 0.20000000000000284
8411, 0.0, 0.20000000000000284
8412, 0.0, 0.20000000000000284
8413, 0.0, 0.20000000000000284
8414, 0.0, 0.20000000000000284
8415, 0.0, 0.20000000000000284
8416, 0.0, 0.20000000000000284
8417, 0.0, 0.20000000000000284
8418, 0.0, 0.20000000000000284
8419, 0.0, 0.20000000000000284
8420, 0.0, 0.3000000000000007
8421, 0.0, 0.20000000000000284
8422, 0.0, 0.20000000000000284
8423, 0.0, 0.20000000000000284
8424, 0.0, 0.20000000000000284
8425, 0.0, 0.20000000000000284
8426, 0.0, 0.20000000000000284
8427, 0.0, 0.20000000000000284
8428, 0.0, 0.20000000000000284
8429, 0.0, 0.20000000000000284
8430, 0.0, 0.20000000000000284
8431, 0.0, 0.20000000000000284
8432, 0.09999999999999787, 0.20000000000000284
8433, 0.09999999999999787, 0.20000000000000284
8434, 0.09999999999999787, 0.20000000000000284
8435, 0.09999999999999787, 0.20000000000000284
8436, 0.09999999999999787, 0.20000000000000284
8437, 0.09999999999999787, 0.20000000000000284
8438, 0.09999999999999787, 0.10000000000000142
8439, 0.09999999999999787, 0.10000000000000142
8440, 0.09999999999999787, 0.10000000000000142
8441, 0.09999999999999787, 0.10000000000000142
8442, 0.09999999999999787, 0.10000000000000142
8443, 0.09999999999999787, 0.10000000000000142
8444, 0.0, 0.10000000000000142
8445, 0.0, 0.10000000000000142
8446, 0.0, 0.10000000000000142
8447, 0.0, 0.10000000000000142
8448, 0.0, 0.10000000000000142
8449, 0.0, 0.10000000000000142
8450, 0.0, 0.10000000000000142
8451, 0.0, 0.10000000000000142
8452, 0.0, 0.10000000000000142
8453, 0.0, 0.10000000000000142
8454, 0.0, 0.10000000000000142
8455, 0.0, 0.10000000000000142
8456, 0.0, 0.10000000000000142
8457, 0.0, 0.10000000000000142
8458, 0.0, 0.10000000000000142
8459, 0.09999999999999787, 0.10000000000000142
8460, 0.09999999999999787, 0.10000000000000142
8461, 0.09999999999999787, 0.10000000000000142
8462, 0.09999999999999787, 0.10000000000000142
8463, 0.09999999999999787, 0.10000000000000142
8464, 0.09999999999999787, 0.10000000000000142
8465, 0.09999999999999787, 0.10000000000000142
8466, 0.09999999999999787, 0.10000000000000142
8467, 0.09999999999999787, 0.10000000000000142
8468, 0.09999999999999787, 0.10000000000000142
8469, 0.09999999999999787, 0.10000000000000142
8470, 0.09999999999999787, 0.10000000000000142
8471, 0.0, 0.10000000000000142
8472, 0.0, 0.10000000000000142
8473, 0.0, 0.10000000000000142
8474, 0.0, 0.10000000000000142
8475, 0.0, 0.10000000000000142
8476, 0.0, 0.0
8477, 0.0, 0.0
8478, 0.0, 0.0
8479, 0.0, 0.0
8480, 0.0, 0.0
8481, 0.0, 0.0
8482, 0.0, 0.0
8483, 0.0, 0.0
8484, 0.0, 0.0
8485, 0.0, 0.0
8486, 0.0, 0.0
8487, 0.0, 0.0
8488, 0.0, 0.0
8489, 0.0, 0.0
8490, 0.0, 0.0
8491, 0.0, 0.0
8492, 0.0, 0.0
8493, 0.0, 0.0
8494, 0.0, 0.0
8495, 0.0, 0.0
8496, 0.0, 0.0
8497, 0.0, 0.0
8498, 0.0, 0.0
8499, 0.0, 0.0
8500, 0.0, 0.0
8501, 0.0, 0.0
8502, 0.0, 0.0
8503, 0.0, 0.0
8504, 0.09999999999999787, 0.0
8505, 0.09999999999999787, 0.0
8506, 0.09999999999999787, 0.0
8507, 0.09999999999999787, 0.0
8508, 0.09999999999999787, 0.0
8509, 0.09999999999999787, 0.0
8510, 0.09999999999999787, 0.0
8511, 0.09999999999999787, 0.0
8512, 0.09999999999999787, 0.0
8513, 0.09999999999999787, 0.0
8514, 0.09999999999999787, 0.0
8515, 0.09999999999999787, 0.0
8516, 0.09999999999999787, 0.0
8517, 0.09999999999999787, 0.0
8518, 0.09999999999999787, 0.0
8519, 0.09999999999999787, 0.0
8520, 0.09999999999999787, 0.0
8521, 0.09999999999999787, 0.0
8522, 0.09999999999999787, 0.0
8523, 0.09999999999999787, 0.0
8524, 0.09999999999999787, 0.0
8525, 0.09999999999999787, 0.0
8526, 0.09999999999999787, 0.0
8527, 0.09999999999999787, 0.0
8528, 0.09999999999999787, 0.0
8529, 0.09999999999999787, 0.0
8530, 0.09999999999999787, 0.0
8531, 0.09999999999999787, 0.0
8532, 0.09999999999999787, 0.0
8533, 0.09999999999999787, 0.10000000000000142
8534, 0.09999999999999787, 0.10000000000000142
8535, 0.09999999999999787, 0.10000000000000142
8536, 0.09999999999999787, 0.10000000000000142
8537, 0.09999999999999787, 0.10000000000000142
8538, 0.09999999999999787, 0.10000000000000142
8539, 0.09999999999999787, 0.10000000000000142
8540, 0.09999999999999787, 0.10000000000000142
8541, 0.09999999999999787, 0.10000000000000142
8542, 0.09999999999999787, 0.10000000000000142
8543, 0.09999999999999787, 0.10000000000000142
8544, 0.09999999999999787, 0.10000000000000142
8545, 0.09999999999999787, 0.10000000000000142
8546, 0.09999999999999787, 0.10000000000000142
8547, 0.09999999999999787, 0.10000000000000142
8548, 0.09999999999999787, 0.10000000000000142
8549, 0.09999999999999787, 0.10000000000000142
8550, 0.09999999999999787, 0.10000000000000142
8551, 0.09999999999999787, 0.10000000000000142
8552, 0.09999999999999787, 0.10000000000000142
8553, 0.09999999999999787, 0.10000000000000142
8554, 0.09999999999999787, 0.10000000000000142
8555, 0.09999999999999787, 0.10000000000000142
8556, 0.09999999999999787, 0.10000000000000142
8557, 0.09999999999999787, 0.0
8558, 0.09999999999999787, 0.0
8559, 0.09999999999999787, 0.0
8560, 0.09999999999999787, 0.0
8561, 0.09999999999999787, 0.0
8562, 0.09999999999999787, 0.0
8563, 0.09999999999999787, 0.0
8564, 0.09999999999999787, 0.0
8565, 0.09999999999999787, 0.0
8566, 0.09999999999999787, 0.0
8567, 0.09999999999999787, 0.0
8568, 0.09999999999999787, 0.0
8569, 0.09999999999999787, 0.0
8570, 0.09999999999999787, 0.0
8571, 0.09999999999999787, 0.0
8572, 0.09999999999999787, 0.0
8573, 0.09999999999999787, 0.0
8574, 0.09999999999999787, 0.0
8575, 0.09999999999999787, 0.0
8576, 0.09999999999999787, 0.0
8577, 0.09999999999999787, 0.0
8578, 0.09999999999999787, 0.0
8579, 0.09999999999999787, 0.0
8580, 0.09999999999999787, 0.0
8581, 0.09999999999999787, 0.0
8582, 0.09999999999999787, 0.0
8583, 0.09999999999999787, 0.0
8584, 0.09999999999999787, 0.0
8585, 0.09999999999999787, 0.0
8586, 0.09999999999999787, 0.10000000000000142
8587, 0.09999999999999787, 0.10000000000000142
8588, 0.09999999999999787, 0.10000000000000142
8589, 0.09999999999999787, 0.10000000000000142
8590, 0.09999999999999787, 0.10000000000000142
8591, 0.09999999999999787, 0.10000000000000142
8592, 0.09999999999999787, 0.10000000000000142
8593, 0.09999999999999787, 0.10000000000000142
8594, 0.09999999999999787, 0.10000000000000142
8595, 0.09999999999999787, 0.10000000000000142
8596, 0.09999999999999787, 0.10000000000000142
8597, 0.09999999999999787, 0.10000000000000142
8598, 0.09999999999999787, 0.10000000000000142
8599, 0.09999999999999787, 0.10000000000000142
8600, 0.09999999999999787, 0.10000000000000142
8601, 0.09999999999999787, 0.10000000000000142
8602, 0.09999999999999787, 0.10000000000000142
8603, 0.09999999999999787, 0.10000000000000142
8604, 0.09999999999999787, 0.10000000000000142
8605, 0.09999999999999787, 0.10000000000000142
8606, 0.09999999999999787, 0.20000000000000284
8607, 0.09999999999999787, 0.20000000000000284
8608, 0.09999999999999787, 0.20000000000000284
8609, 0.09999999999999787, 0.20000000000000284
8610, 0.09999999999999787, 0.20000000000000284
8611, 0.09999999999999787, 0.20000000000000284
8612, 0.0, 0.20000000000000284
8613, 0.0, 0.20000000000000284
8614, 0.0, 0.20000000000000284
8615, 0.0, 0.20000000000000284
8616, 0.0, 0.20000000000000284
8617, 0.0, 0.20000000000000284
8618, 0.0, 0.20000000000000284
8619, 0.0, 0.10000000000000142
8620, 0.0, 0.10000000000000142
8621, 0.0, 0.10000000000000142
8622, 0.0, 0.10000000000000142
8623, 0.0, 0.10000000000000142
8624, 0.0, 0.10000000000000142
8625, 0.0, 0.10000000000000142
8626, 0.0, 0.10000000000000142
8627, 0.0, 0.0
8628, 0.0, 0.0
8629, 0.0, 0.0
8630, 0.0, 0.0
8631, 0.0, 0.0
8632, 0.0, 0.0
8633, 0.0, 0.0
8634, 0.0, 0.10000000000000142
8635, 0.0, 0.10000000000000142
8636, 0.0, 0.10000000000000142
8637, 0.0, 0.0
8638, 0.0, 0.0
8639, 0.0, 0.0
8640, 0.0, 0.0
8641, 0.0, 0.0
8642, 0.0, 0.0
8643, 0.0, 0.0
8644, 0.0, 0.0
8645, 0.0, 0.0
8646, 0.0, 0.0
8647, 0.0, 0.0
8648, 0.0, 0.0
8649, 0.0, 0.0
8650, 0.0, 0.0
8651, 0.0, 0.0
8652, 0.0, 0.0
8653, 0.0, 0.0
8654, 0.0, 0.0
8655, 0.0, 0.0
8656, 0.0, 0.0
8657, 0.0, 0.0
8658, 0.0, 0.10000000000000142
8659, 0.0, 0.10000000000000142
8660, 0.0, 0.10000000000000142
8661, 0.0, 0.10000000000000142
8662, 0.0, 0.10000000000000142
8663, 0.0, 0.10000000000000142
8664, 0.0, 0.10000000000000142
8665, 0.0, 0.10000000000000142
8666, 0.0, 0.10000000000000142
8667, 0.0, 0.10000000000000142
8668, 0.0, 0.10000000000000142
8669, 0.0, 0.10000000000000142
8670, 0.0, 0.0
8671, 0.0, 0.0
8672, 0.0, 0.0
8673, 0.0, 0.0
8674, 0.0, 0.0
8675, 0.0, 0.0
8676, 0.0, 0.0
8677, 0.0, 0.0
8678, 0.0, 0.0
8679, 0.0, 0.0
8680, 0.0, 0.10000000000000142
8681, 0.0, 0.10000000000000142
8682, 0.0, 0.10000000000000142
8683, 0.0, 0.0
8684, 0.0, 0.0
8685, 0.0, 0.0
8686, 0.0, 0.0
8687, 0.0, 0.0
8688, 0.0, 0.0
8689, 0.0, 0.0
8690, 0.0, 0.0
8691, 0.0, 0.0
8692, 0.0, 0.0
8693, 0.0, 0.0
8694, 0.0, 0.0
8695, 0.0, 0.0
8696, 0.0, 0.0
8697, 0.0, 0.0
8698, 0.0, 0.0
8699, 0.0, 0.0
8700, 0.0, 0.0
8701, 0.0, 0.0
8702, 0.0, 0.0
8703, 0.0, 0.0
8704, 0.0, 0.0
8705, 0.0, 0.0
8706, 0.0, 0.0
8707, 0.0, 0.0
8708, 0.0, 0.0
8709, 0.0, 0.0
8710, 0.0, 0.0
8711, 0.0, 0.0
8712, 0.0, 0.0
8713, 0.0, 0.0
8714, 0.0, 0.0
8715, 0.0, 0.0
8716, 0.09999999999999787, 0.0
8717, 0.09999999999999787, 0.0
8718, 0.09999999999999787, 0.0
8719, 0.09999999999999787, 0.0
8720, 0.09999999999999787, 0.0
8721, 0.09999999999999787, 0.0
8722, 0.09999999999999787, 0.0
8723, 0.09999999999999787, 0.0
8724, 0.09999999999999787, 0.0
8725, 0.09999999999999787, 0.10000000000000142
8726, 0.09999999999999787, 0.10000000000000142
8727, 0.09999999999999787, 0.20000000000000284
8728, 0.09999999999999787, 0.20000000000000284
8729, 0.09999999999999787, 0.20000000000000284
8730, 0.09999999999999787, 0.10000000000000142
8731, 0.09999999999999787, 0.10000000000000142
8732, 0.09999999999999787, 0.10000000000000142
8733, 0.09999999999999787, 0.10000000000000142
8734, 0.09999999999999787, 0.10000000000000142
8735, 0.09999999999999787, 0.10000000000000142
8736, 0.09999999999999787, 0.10000000000000142
8737, 0.09999999999999787, 0.10000000000000142
8738, 0.09999999999999787, 0.10000000000000142
8739, 0.09999999999999787, 0.10000000000000142
8740, 0.09999999999999787, 0.10000000000000142
8741, 0.09999999999999787, 0.10000000000000142
8742, 0.09999999999999787, 0.10000000000000142
8743, 0.09999999999999787, 0.10000000000000142
8744, 0.09999999999999787, 0.10000000000000142
8745, 0.09999999999999787, 0.10000000000000142
8746, 0.09999999999999787, 0.10000000000000142
8747, 0.09999999999999787, 0.10000000000000142
8748, 0.09999999999999787, 0.10000000000000142
8749, 0.09999999999999787, 0.10000000000000142
8750, 0.09999999999999787, 0.10000000000000142
8751, 0.09999999999999787, 0.20000000000000284
8752, 0.09999999999999787, 0.20000000000000284
8753, 0.09999999999999787, 0.20000000000000284
8754, 0.09999999999999787, 0.20000000000000284
8755, 0.09999999999999787, 0.20000000000000284
8756, 0.09999999999999787, 0.20000000000000284
8757, 0.09999999999999787, 0.20000000000000284
8758, 0.09999999999999787, 0.20000000000000284
8759, 0.09999999999999787, 0.20000000000000284
8760, 0.09999999999999787, 0.20000000000000284
8761, 0.0, 0.20000000000000284
8762, 0.0, 0.20000000000000284
8763, 0.0, 0.20000000000000284
8764, 0.0, 0.10000000000000142
8765, 0.0, 0.10000000000000142
8766, 0.0, 0.10000000000000142
8767, 0.0, 0.10000000000000142
8768, 0.0, 0.10000000000000142
8769, 0.0, 0.10000000000000142
8770, 0.0, 0.10000000000000142
8771, 0.0, 0.10000000000000142
8772, 0.0, 0.10000000000000142
8773, 0.0, 0.10000000000000142
8774, 0.0, 0.10000000000000142
8775, 0.0, 0.10000000000000142
8776, 0.0, 0.10000000000000142
8777, 0.0, 0.0
8778, 0.0, 0.0
8779, 0.0, 0.0
8780, 0.0, 0.0
8781, 0.0, 0.0
8782, 0.0, 0.0
8783, 0.0, 0.0
8784, 0.0, 0.0
8785, 0.0, 0.0
8786, 0.09999999999999787, 0.10000000000000142
8787, 0.09999999999999787, 0.10000000000000142
8788, 0.09999999999999787, 0.10000000000000142
8789, 0.09999999999999787, 0.10000000000000142
8790, 0.09999999999999787, 0.10000000000000142
8791, 0.09999999999999787, 0.10000000000000142
8792, 0.09999999999999787, 0.10000000000000142
8793, 0.09999999999999787, 0.10000000000000142
8794, 0.09999999999999787, 0.10000000000000142
8795, 0.09999999999999787, 0.10000000000000142
8796, 0.09999999999999787, 0.10000000000000142
8797, 0.09999999999999787, 0.10000000000000142
8798, 0.09999999999999787, 0.10000000000000142
8799, 0.09999999999999787, 0.10000000000000142
8800, 0.09999999999999787, 0.10000000000000142
8801, 0.09999999999999787, 0.10000000000000142
8802, 0.09999999999999787, 0.10000000000000142
8803, 0.09999999999999787, 0.10000000000000142
8804, 0.09999999999999787, 0.10000000000000142
8805, 0.09999999999999787, 0.10000000000000142
8806, 0.09999999999999787, 0.10000000000000142
8807, 0.09999999999999787, 0.10000000000000142
8808, 0.09999999999999787, 0.10000000000000142
8809, 0.09999999999999787, 0.10000000000000142
8810, 0.09999999999999787, 0.10000000000000142
8811, 0.09999999999999787, 0.10000000000000142
8812, 0.09999999999999787, 0.10000000000000142
8813, 0.09999999999999787, 0.10000000000000142
8814, 0.09999999999999787, 0.10000000000000142
8815, 0.09999999999999787, 0.10000000000000142
8816, 0.09999999999999787, 0.10000000000000142
8817, 0.09999999999999787, 0.10000000000000142
8818, 0.09999999999999787, 0.10000000000000142
8819, 0.09999999999999787, 0.10000000000000142
8820, 0.09999999999999787, 0.10000000000000142
8821, 0.09999999999999787, 0.10000000000000142
8822, 0.09999999999999787, 0.10000000000000142
8823, 0.09999999999999787, 0.10000000000000142
8824, 0.09999999999999787, 0.10000000000000142
8825, 0.09999999999999787, 0.10000000000000142
8826, 0.09999999999999787, 0.10000000000000142
8827, 0.09999999999999787, 0.10000000000000142
8828, 0.09999999999999787, 0.20000000000000284
8829, 0.0, 0.20000000000000284
8830, 0.0, 0.20000000000000284
8831, 0.0, 0.20000000000000284
8832, 0.0, 0.20000000000000284
8833, 0.0, 0.20000000000000284
8834, 0.0, 0.20000000000000284
8835, 0.0, 0.20000000000000284
8836, 0.0, 0.20000000000000284
8837, 0.0, 0.20000000000000284
8838, 0.0, 0.20000000000000284
8839, -0.10000000000000142, 0.20000000000000284
8840, -0.10000000000000142, 0.20000000000000284
8841, -0.10000000000000142, 0.10000000000000142
8842, -0.10000000000000142, 0.10000000000000142
8843, -0.10000000000000142, 0.10000000000000142
8844, -0.10000000000000142, 0.10000000000000142
8845, -0.10000000000000142, 0.10000000000000142
8846, -0.10000000000000142, 0.10000000000000142
8847, -0.10000000000000142, 0.10000000000000142
8848, -0.10000000000000142, 0.10000000000000142
8849, -0.10000000000000142, 0.10000000000000142
8850, -0.10000000000000142, 0.20000000000000284
8851, -0.10000000000000142, 0.20000000000000284
8852, -0.10000000000000142, 0.20000000000000284
8853, 0.0, 0.20000000000000284
8854, 0.0, 0.20000000000000284
8855, 0.0, 0.20000000000000284
8856, 0.0, 0.20000000000000284
8857, 0.0, 0.3000000000000007
8858, 0.0, 0.3000000000000007
8859, 0.0, 0.3000000000000007
8860, 0.0, 0.3000000000000007
8861, 0.0, 0.3000000000000007
8862, 0.0, 0.20000000000000284
8863, 0.0, 0.20000000000000284
8864, 0.0, 0.20000000000000284
8865, 0.0, 0.20000000000000284
8866, 0.0, 0.20000000000000284
8867, 0.0, 0.20000000000000284
8868, 0.0, 0.20000000000000284
8869, 0.0, 0.20000000000000284
8870, 0.0, 0.20000000000000284
8871, 0.0, 0.20000000000000284
8872, 0.0, 0.10000000000000142
8873, 0.0, 0.10000000000000142
8874, 0.0, 0.10000000000000142
8875, 0.0, 0.10000000000000142
8876, 0.0, 0.10000000000000142
8877, 0.0, 0.10000000000000142
8878, 0.0, 0.10000000000000142
8879, 0.0, 0.10000000000000142
8880, 0.0, 0.10000000000000142
8881, 0.0, 0.10000000000000142
8882, 0.0, 0.10000000000000142
8883, 0.0, 0.10000000000000142
8884, 0.0, 0.10000000000000142
8885, 0.0, 0.10000000000000142
8886, 0.0, 0.10000000000000142
8887, 0.0, 0.10000000000000142
8888, 0.0, 0.10000000000000142
8889, -0.10000000000000142, 0.10000000000000142
8890, -0.10000000000000142, 0.10000000000000142
8891, -0.10000000000000142, 0.10000000000000142
8892, -0.10000000000000142, 0.10000000000000142
8893, -0.10000000000000142, 0.10000000000000142
8894, -0.10000000000000142, 0.10000000000000142
8895, -0.10000000000000142, 0.10000000000000142
8896, -0.10000000000000142, 0.10000000000000142
8897, -0.10000000000000142, 0.10000000000000142
8898, -0.10000000000000142, 0.10000000000000142
8899, -0.10000000000000142, 0.10000000000000142
8900, -0.10000000000000142, 0.10000000000000142
8901, -0.10000000000000142, 0.10000000000000142
8902, -0.10000000000000142, 0.10000000000000142
8903, -0.10000000000000142, 0.10000000000000142
8904, -0.10000000000000142, 0.10000000000000142
8905, -0.10000000000000142, 0.10000000000000142
8906, -0.10000000000000142, 0.10000000000000142
8907, -0.10000000000000142, 0.10000000000000142
8908, -0.10000000000000142, 0.10000000000000142
8909, -0.10000000000000142, 0.10000000000000142
8910, 0.0, 0.10000000000000142
8911, 0.0, 0.10000000000000142
8912, 0.0, 0.10000000000000142
8913, 0.0, 0.10000000000000142
8914, 0.0, 0.10000000000000142
8915, 0.0, 0.10000000000000142
8916, 0.0, 0.10000000000000142
8917, 0.0, 0.10000000000000142
8918, 0.0, 0.10000000000000142
8919, 0.0, 0.10000000000000142
8920, 0.0, 0.10000000000000142
8921, 0.09999999999999787, 0.10000000000000142
8922, 0.09999999999999787, 0.10000000000000142
8923, 0.09999999999999787, 0.10000000000000142
8924, 0.09999999999999787, 0.10000000000000142
8925, 0.09999999999999787, 0.10000000000000142
8926, 0.09999999999999787, 0.10000000000000142
8927, 0.09999999999999787, 0.20000000000000284
8928, 0.09999999999999787, 0.20000000000000284
8929, 0.09999999999999787, 0.20000000000000284
8930, 0.09999999999999787, 0.20000000000000284
8931, 0.09999999999999787, 0.20000000000000284
8932, 0.09999999999999787, 0.20000000000000284
8933, 0.09999999999999787, 0.10000000000000142
8934, 0.09999999999999787, 0.10000000000000142
8935, 0.09999999999999787, 0.10000000000000142
8936, 0.09999999999999787, 0.10000000000000142
8937, 0.09999999999999787, 0.20000000000000284
8938, 0.0, 0.20000000000000284
8939, 0.0, 0.20000000000000284
8940, 0.0, 0.20000000000000284
8941, 0.0, 0.20000000000000284
8942, 0.0, 0.20000000000000284
8943, 0.0, 0.20000000000000284
8944, 0.0, 0.20000000000000284
8945, 0.0, 0.20000000000000284
8946, 0.0, 0.20000000000000284
8947, 0.0, 0.20000000000000284
8948, 0.09999999999999787, 0.20000000000000284
8949, 0.09999999999999787, 0.20000000000000284
8950, 0.09999999999999787, 0.20000000000000284
8951, 0.09999999999999787, 0.20000000000000284
8952, 0.09999999999999787, 0.20000000000000284
8953, 0.09999999999999787, 0.20000000000000284
8954, 0.09999999999999787, 0.20000000000000284
8955, 0.09999999999999787, 0.10000000000000142
8956, 0.09999999999999787, 0.20000000000000284
8957, 0.09999999999999787, 0.20000000000000284
8958, 0.09999999999999787, 0.20000000000000284
8959, 0.09999999999999787, 0.20000000000000284
8960, 0.09999999999999787, 0.20000000000000284
8961, 0.09999999999999787, 0.20000000000000284
8962, 0.09999999999999787, 0.20000000000000284
8963, 0.09999999999999787, 0.20000000000000284
8964, 0.09999999999999787, 0.20000000000000284
8965, 0.09999999999999787, 0.20000000000000284
8966, 0.09999999999999787, 0.20000000000000284
8967, 0.09999999999999787, 0.20000000000000284
8968, 0.09999999999999787, 0.20000000000000284
8969, 0.09999999999999787, 0.20000000000000284
8970, 0.09999999999999787, 0.20000000000000284
8971, 0.09999999999999787, 0.20000000000000284
8972, 0.09999999999999787, 0.20000000000000284
8973, 0.09999999999999787, 0.20000000000000284
8974, 0.09999999999999787, 0.20000000000000284
8975, 0.09999999999999787, 0.20000000000000284
8976, 0.09999999999999787, 0.20000000000000284
8977, 0.09999999999999787, 0.20000000000000284
8978, 0.09999999999999787, 0.20000000000000284
8979, 0.09999999999999787, 0.20000000000000284
8980, 0.09999999999999787, 0.20000000000000284
8981, 0.09999999999999787, 0.20000000000000284
8982, 0.09999999999999787, 0.20000000000000284
8983, 0.0, 0.20000000000000284
8984, 0.0, 0.10000000000000142
8985, 0.0, 0.10000000000000142
8986, 0.0, 0.10000000000000142
8987, 0.0, 0.10000000000000142
8988, 0.0, 0.10000000000000142
8989, 0.0, 0.10000000000000142
8990, 0.0, 0.10000000000000142
8991, 0.0, 0.10000000000000142
8992, 0.0, 0.10000000000000142
8993, 0.0, 0.10000000000000142
8994, 0.0, 0.10000000000000142
8995, 0.0, 0.10000000000000142
8996, 0.0, 0.10000000000000142
8997, 0.0, 0.10000000000000142
8998, 0.0, 0.10000000000000142
8999, 0.0, 0.10000000000000142
9000, 0.0, 0.10000000000000142
9001, 0.0, 0.10000000000000142
9002, 0.0, 0.10000000000000142
9003, 0.0, 0.10000000000000142
9004, 0.0, 0.10000000000000142
9005, 0.0, 0.10000000000000142
9006, 0.0, 0.10000000000000142
9007, 0.0, 0.10000000000000142
9008, 0.0, 0.10000000000000142
9009, 0.0, 0.10000000000000142
9010, 0.0, 0.10000000000000142
9011, 0.0, 0.10000000000000142
9012, 0.0, 0.10000000000000142
9013, 0.0, 0.10000000000000142
9014, 0.0, 0.10000000000000142
9015, 0.0, 0.10000000000000142
9016, 0.0, 0.10000000000000142
9017, 0.0, 0.10000000000000142
9018, 0.0, 0.10000000000000142
9019, 0.0, 0.10000000000000142
9020, 0.0, 0.10000000000000142
9021, 0.0, 0.10000000000000142
9022, 0.0, 0.10000000000000142
9023, 0.0, 0.10000000000000142
9024, 0.0, 0.10000000000000142
9025, 0.0, 0.10000000000000142
9026, 0.0, 0.10000000000000142
9027, 0.0, 0.10000000000000142
9028, 0.0, 0.10000000000000142
9029, 0.0, 0.10000000000000142
9030, 0.0, 0.10000000000000142
9031, 0.0, 0.10000000000000142
9032, 0.0, 0.10000000000000142
9033, 0.0, 0.10000000000000142
9034, 0.0, 0.10000000000000142
9035, 0.0, 0.10000000000000142
9036, 0.0, 0.10000000000000142
9037, 0.0, 0.10000000000000142
9038, 0.0, 0.10000000000000142
9039, 0.0, 0.10000000000000142
9040, 0.0, 0.10000000000000142
9041, 0.0, 0.10000000000000142
9042, 0.0, 0.10000000000000142
9043, 0.0, 0.10000000000000142
9044, 0.0, 0.10000000000000142
9045, 0.0, 0.10000000000000142
9046, 0.0, 0.10000000000000142
9047, 0.0, 0.10000000000000142
9048, 0.0, 0.10000000000000142
9049, 0.0, 0.10000000000000142
9050, 0.0, 0.10000000000000142
9051, 0.09999999999999787, 0.10000000000000142
9052, 0.09999999999999787, 0.10000000000000142
9053, 0.09999999999999787, 0.10000000000000142
9054, 0.09999999999999787, 0.10000000000000142
9055, 0.09999999999999787, 0.0
9056, 0.09999999999999787, 0.0
9057, 0.09999999999999787, 0.0
9058, 0.09999999999999787, 0.0
9059, 0.09999999999999787, 0.0
9060, 0.09999999999999787, 0.0
9061, 0.09999999999999787, 0.0
9062, 0.09999999999999787, 0.0
9063, 0.09999999999999787, 0.0
9064, 0.09999999999999787, 0.0
9065, 0.09999999999999787, 0.0
9066, 0.09999999999999787, 0.0
9067, 0.09999999999999787, 0.0
9068, 0.09999999999999787, 0.0
9069, 0.09999999999999787, 0.0
9070, 0.09999999999999787, 0.0
9071, 0.09999999999999787, 0.0
9072, 0.09999999999999787, 0.0
9073, 0.09999999999999787, 0.0
9074, 0.09999999999999787, 0.0
9075, 0.09999999999999787, 0.0
9076, 0.09999999999999787, 0.0
9077, 0.09999999999999787, 0.0
9078, 0.09999999999999787, 0.0
9079, 0.09999999999999787, 0.0
9080, 0.09999999999999787, 0.0
9081, 0.09999999999999787, 0.0
9082, 0.09999999999999787, 0.0
9083, 0.09999999999999787, 0.10000000000000142
9084, 0.09999999999999787, 0.10000000000000142
9085, 0.09999999999999787, 0.10000000000000142
9086, 0.09999999999999787, 0.10000000000000142
9087, 0.0, 0.10000000000000142
9088, 0.0, 0.10000000000000142
9089, 0.0, 0.10000000000000142
9090, 0.0, 0.10000000000000142
9091, 0.0, 0.10000000000000142
9092, 0.0, 0.10000000000000142
9093, 0.0, 0.10000000000000142
9094, 0.0, 0.10000000000000142
9095, 0.0, 0.10000000000000142
9096, 0.0, 0.10000000000000142
9097, 0.0, 0.10000000000000142
9098, 0.0, 0.10000000000000142
9099, 0.0, 0.10000000000000142
9100, 0.0, 0.10000000000000142
9101, 0.09999999999999787, 0.0
9102, 0.09999999999999787, 0.0
9103, 0.09999999999999787, 0.0
9104, 0.09999999999999787, 0.0
9105, 0.09999999999999787, 0.0
9106, 0.09999999999999787, 0.0
9107, 0.09999999999999787, 0.0
9108, 0.09999999999999787, 0.0
9109, 0.09999999999999787, 0.0
9110, 0.09999999999999787, 0.0
9111, 0.09999999999999787, 0.0
9112, 0.09999999999999787, 0.0
9113, 0.09999999999999787, 0.0
9114, 0.09999999999999787, 0.10000000000000142
9115, 0.09999999999999787, 0.10000000000000142
9116, 0.09999999999999787, 0.10000000000000142
9117, 0.09999999999999787, 0.10000000000000142
9118, 0.09999999999999787, 0.10000000000000142
9119, 0.09999999999999787, 0.10000000000000142
9120, 0.09999999999999787, 0.10000000000000142
9121, 0.09999999999999787, 0.10000000000000142
9122, 0.09999999999999787, 0.10000000000000142
9123, 0.09999999999999787, 0.10000000000000142
9124, 0.09999999999999787, 0.10000000000000142
9125, 0.09999999999999787, 0.10000000000000142
9126, 0.09999999999999787, 0.10000000000000142
9127, 0.09999999999999787, 0.10000000000000142
9128, 0.09999999999999787, 0.10000000000000142
9129, 0.09999999999999787, 0.10000000000000142
9130, 0.09999999999999787, 0.10000000000000142
9131, 0.09999999999999787, 0.10000000000000142
9132, 0.09999999999999787, 0.10000000000000142
9133, 0.09999999999999787, 0.10000000000000142
9134, 0.09999999999999787, 0.10000000000000142
9135, 0.09999999999999787, 0.10000000000000142
9136, 0.09999999999999787, 0.10000000000000142
9137, 0.09999999999999787, 0.10000000000000142
9138, 0.09999999999999787, 0.10000000000000142
9139, 0.09999999999999787, 0.10000000000000142
9140, 0.09999999999999787, 0.10000000000000142
9141, 0.09999999999999787, 0.10000000000000142
9142, 0.09999999999999787, 0.10000000000000142
9143, 0.09999999999999787, 0.10000000000000142
9144, 0.09999999999999787, 0.10000000000000142
9145, 0.09999999999999787, 0.10000000000000142
9146, 0.09999999999999787, 0.10000000000000142
9147, 0.09999999999999787, 0.10000000000000142
9148, 0.09999999999999787, 0.10000000000000142
9149, 0.09999999999999787, 0.10000000000000142
9150, 0.09999999999999787, 0.10000000000000142
9151, 0.09999999999999787, 0.10000000000000142
9152, 0.09999999999999787, 0.10000000000000142
9153, 0.09999999999999787, 0.10000000000000142
9154, 0.09999999999999787, 0.10000000000000142
9155, 0.09999999999999787, 0.10000000000000142
9156, 0.0, 0.10000000000000142
9157, 0.0, 0.10000000000000142
9158, 0.0, 0.10000000000000142
9159, 0.0, 0.10000000000000142
9160, 0.0, 0.10000000000000142
9161, 0.0, 0.10000000000000142
9162, 0.0, 0.10000000000000142
9163, 0.0, 0.0
9164, 0.0, 0.0
9165, 0.0, 0.10000000000000142
9166, 0.0, 0.10000000000000142
9167, 0.0, 0.10000000000000142
9168, 0.0, 0.10000000000000142
9169, 0.0, 0.10000000000000142
9170, 0.0, 0.10000000000000142
9171, 0.0, 0.10000000000000142
9172, 0.0, 0.10000000000000142
9173, 0.0, 0.10000000000000142
9174, 0.0, 0.10000000000000142
9175, 0.0, 0.10000000000000142
9176, 0.0, 0.10000000000000142
9177, 0.0, 0.10000000000000142
9178, 0.0, 0.10000000000000142
9179, 0.0, 0.10000000000000142
9180, 0.0, 0.10000000000000142
9181, 0.0, 0.10000000000000142
9182, 0.0, 0.10000000000000142
9183, 0.0, 0.0
9184, 0.0, 0.0
9185, 0.0, 0.0
9186, 0.0, 0.0
9187, 0.0, 0.0
9188, 0.0, 0.0
9189, 0.0, -0.09999999999999787
9190, 0.0, -0.09999999999999787
9191, 0.0, -0.09999999999999787
9192, 0.0, -0.09999999999999787
9193, 0.0, 0.0
9194, 0.0, 0.0
9195, 0.0, 0.0
9196, 0.0, 0.0
9197, 0.0, 0.0
9198, 0.0, 0.0
9199, 0.0, 0.0
9200, 0.0, 0.10000000000000142
9201, 0.0, 0.10000000000000142
9202, 0.0, 0.10000000000000142
9203, 0.0, 0.10000000000000142
9204, 0.0, 0.10000000000000142
9205, 0.0, 0.10000000000000142
9206, 0.0, 0.10000000000000142
9207, 0.0, 0.10000000000000142
9208, 0.0, 0.10000000000000142
9209, 0.0, 0.10000000000000142
9210, 0.0, 0.10000000000000142
9211, 0.0, 0.10000000000000142
9212, 0.0, 0.10000000000000142
9213, 0.0, 0.0
9214, 0.0, 0.0
9215, 0.0, 0.0
9216, 0.0, 0.0
9217, 0.0, 0.0
9218, -0.10000000000000142, 0.0
9219, -0.10000000000000142, 0.0
9220, -0.10000000000000142, 0.0
9221, -0.10000000000000142, 0.0
9222, -0.10000000000000142, 0.0
9223, -0.10000000000000142, 0.0
9224, -0.10000000000000142, 0.0
9225, -0.10000000000000142, 0.0
9226, -0.10000000000000142, 0.0
9227, -0.10000000000000142, 0.0
9228, -0.10000000000000142, 0.0
9229, -0.10000000000000142, 0.0
9230, -0.10000000000000142, 0.0
9231, -0.10000000000000142, 0.0
9232, -0.10000000000000142, 0.0
9233, -0.10000000000000142, 0.0
9234, -0.10000000000000142, 0.0
9235, -0.10000000000000142, 0.0
9236, -0.10000000000000142, 0.0
9237, -0.10000000000000142, 0.0
9238, -0.10000000000000142, 0.0
9239, -0.10000000000000142, 0.0
9240, -0.10000000000000142, 0.0
9241, -0.10000000000000142, 0.0
9242, -0.10000000000000142, 0.0
9243, -0.10000000000000142, 0.0
9244, -0.10000000000000142, 0.0
9245, -0.10000000000000142, 0.0
9246, -0.10000000000000142, 0.0
9247, -0.10000000000000142, 0.0
9248, -0.10000000000000142, 0.0
9249, -0.10000000000000142, 0.0
9250, -0.10000000000000142, 0.0
9251, -0.10000000000000142, 0.0
9252, -0.10000000000000142, 0.0
9253, -0.10000000000000142, 0.0
9254, -0.10000000000000142, 0.0
9255, -0.10000000000000142, 0.0
9256, -0.10000000000000142, 0.0
9257, -0.10000000000000142, 0.0
9258, -0.10000000000000142, 0.0
9259, -0.10000000000000142, 0.0
9260, -0.10000000000000142, 0.0
9261, -0.10000000000000142, 0.0
9262, -0.10000000000000142, 0.0
9263, -0.10000000000000142, 0.0
9264, -0.10000000000000142, 0.0
9265, 0.0, 0.0
9266, 0.0, 0.10000000000000142
9267, 0.0, 0.20000000000000284
9268, 0.0, 0.20000000000000284
9269, 0.0, 0.20000000000000284
9270, 0.0, 0.20000000000000284
9271, 0.0, 0.20000000000000284
9272, 0.0, 0.20000000000000284
9273, 0.0, 0.20000000000000284
9274, 0.0, 0.3000000000000007
9275, 0.0, 0.3000000000000007
9276, 0.0, 0.3000000000000007
9277, 0.0, 0.3000000000000007
9278, 0.0, 0.40000000000000213
9279, 0.0, 0.40000000000000213
9280, 0.0, 0.3000000000000007
9281, 0.0, 0.40000000000000213
9282, 0.0, 0.40000000000000213
9283, 0.0, 0.6000000000000014
9284, 0.0, 0.6000000000000014
9285, 0.0, 0.6000000000000014
9286, 0.0, 0.6000000000000014
9287, 0.0, 0.7000000000000028
9288, 0.0, 0.6000000000000014
9289, 0.0, 0.8000000000000007
9290, 0.0, 0.7000000000000028
9291, 0.0, 0.8000000000000007
9292, 0.0, 0.9000000000000021
9293, 0.0, 0.9000000000000021
9294, 0.0, 0.9000000000000021
9295, 0.0, 1.0
9296, -0.10000000000000142, 1.0
9297, -0.10000000000000142, 1.1000000000000014
9298, -0.10000000000000142, 1.1000000000000014
9299, -0.10000000000000142, 1.1000000000000014
9300, -0.10000000000000142, 1.2000000000000028
9301, -0.10000000000000142, 1.1000000000000014
9302, -0.10000000000000142, 1.2000000000000028
9303, 0.0, 1.2000000000000028
9304, 0.0, 1.3000000000000007
9305, 0.0, 1.3000000000000007
9306, 0.0, 1.3000000000000007
9307, 0.0, 1.2000000000000028
9308, 0.0, 1.3000000000000007
9309, 0.0, 1.3000000000000007
9310, 0.0, 1.4000000000000021
9311, 0.0, 1.4000000000000021
9312, 0.0, 1.4000000000000021
9313, 0.0, 1.4000000000000021
9314, 0.0, 1.3000000000000007
9315, 0.0, 1.3000000000000007
9316, 0.0, 1.3000000000000007
9317, 0.0, 1.3000000000000007
9318, 0.0, 1.3000000000000007
9319, 0.0, 1.2000000000000028
9320, 0.0, 1.1000000000000014
9321, 0.0, 1.1000000000000014
9322, 0.0, 1.0
9323, 0.0, 0.9000000000000021
9324, 0.0, 0.9000000000000021
9325, 0.0, 0.9000000000000021
9326, 0.0, 0.9000000000000021
9327, 0.0, 0.8000000000000007
9328, 0.0, 0.8000000000000007
9329, 0.0, 0.8000000000000007
9330, 0.0, 0.7000000000000028
9331, 0.0, 0.7000000000000028
9332, 0.0, 0.6000000000000014
9333, 0.0, 0.5
9334, 0.0, 0.5
9335, 0.0, 0.5
9336, 0.0, 0.3000000000000007
9337, 0.0, 0.3000000000000007
9338, 0.0, 0.20000000000000284
9339, 0.0, 0.20000000000000284
9340, 0.0, 0.20000000000000284
9341, 0.09999999999999787, 0.10000000000000142
9342, 0.09999999999999787, 0.10000000000000142
9343, 0.09999999999999787, 0.10000000000000142
9344, 0.09999999999999787, 0.20000000000000284
9345, 0.09999999999999787, 0.20000000000000284
9346, 0.09999999999999787, 0.10000000000000142
9347, 0.09999999999999787, 0.0
9348, 0.09999999999999787, 0.0
9349, 0.09999999999999787, 0.0
9350, 0.09999999999999787, 0.0
9351, 0.09999999999999787, 0.0
9352, 0.09999999999999787, 0.0
9353, 0.09999999999999787, 0.10000000000000142
9354, 0.09999999999999787, 0.10000000000000142
9355, 0.09999999999999787, 0.10000000000000142
9356, 0.09999999999999787, 0.10000000000000142
9357, 0.09999999999999787, 0.10000000000000142
9358, 0.09999999999999787, 0.10000000000000142
9359, 0.09999999999999787, 0.10000000000000142
9360, 0.09999999999999787, 0.20000000000000284
9361, 0.09999999999999787, 0.3000000000000007
9362, 0.09999999999999787, 0.20000000000000284
9363, 0.09999999999999787, 0.20000000000000284
9364, 0.09999999999999787, 0.20000000000000284
9365, 0.09999999999999787, 0.3000000000000007
9366, 0.09999999999999787, 0.3000000000000007
9367, 0.09999999999999787, 0.3000000000000007
9368, 0.09999999999999787, 0.40000000000000213
9369, 0.09999999999999787, 0.40000000000000213
9370, 0.09999999999999787, 0.5
9371, 0.09999999999999787, 0.5
9372, 0.09999999999999787, 0.5
9373, 0.09999999999999787, 0.6000000000000014
9374, 0.09999999999999787, 0.7000000000000028
9375, 0.0, 0.7000000000000028
9376, 0.0, 0.7000000000000028
9377, 0.0, 0.7000000000000028
9378, 0.0, 0.8000000000000007
9379, 0.0, 0.8000000000000007
9380, 0.0, 0.9000000000000021
9381, 0.0, 0.9000000000000021
9382, 0.0, 1.0
9383, 0.0, 0.9000000000000021
9384, 0.0, 0.9000000000000021
9385, 0.0, 1.0
9386, 0.0, 1.0
9387, 0.0, 1.0
9388, 0.0, 1.0
9389, 0.0, 1.0
9390, 0.0, 1.0
9391, 0.0, 1.0
9392, 0.0, 0.9000000000000021
9393, 0.0, 0.9000000000000021
9394, 0.0, 0.9000000000000021
9395, 0.0, 0.8000000000000007
9396, 0.0, 0.8000000000000007
9397, 0.0, 0.8000000000000007
9398, 0.0, 0.9000000000000021
9399, 0.0, 0.9000000000000021
9400, 0.0, 0.8000000000000007
9401, 0.0, 0.8000000000000007
9402, 0.0, 0.7000000000000028
9403, 0.0, 0.7000000000000028
9404, 0.0, 0.7000000000000028
9405, 0.0, 0.6000000000000014
9406, 0.0, 0.5
9407, 0.0, 0.5
9408, 0.0, 0.5
9409, 0.0, 0.5
9410, 0.0, 0.40000000000000213
9411, 0.0, 0.40000000000000213
9412, 0.0, 0.5
9413, 0.0, 0.3000000000000007
9414, 0.0, 0.40000000000000213
9415, 0.09999999999999787, 0.3000000000000007
9416, 0.09999999999999787, 0.3000000000000007
9417, 0.0, 0.3000000000000007
9418, 0.0, 0.3000000000000007
9419, 0.0, 0.3000000000000007
9420, 0.0, 0.20000000000000284
9421, 0.0, 0.3000000000000007
9422, 0.0, 0.3000000000000007
9423, 0.0, 0.3000000000000007
9424, 0.0, 0.3000000000000007
9425, 0.0, 0.20000000000000284
9426, 0.0, 0.3000000000000007
9427, 0.0, 0.3000000000000007
9428, 0.0, 0.40000000000000213
9429, 0.09999999999999787, 0.40000000000000213
9430, 0.09999999999999787, 0.3000000000000007
9431, 0.09999999999999787, 0.40000000000000213
9432, 0.09999999999999787, 0.40000000000000213
9433, 0.09999999999999787, 0.3000000000000007
9434, 0.09999999999999787, 0.40000000000000213
9435, 0.09999999999999787, 0.40000000000000213
9436, 0.09999999999999787, 0.5
9437, 0.09999999999999787, 0.5
9438, 0.09999999999999787, 0.5
9439, 0.09999999999999787, 0.6000000000000014
9440, 0.09999999999999787, 0.6000000000000014
9441, 0.09999999999999787, 0.7000000000000028
9442, 0.09999999999999787, 0.7000000000000028
9443, 0.09999999999999787, 0.7000000000000028
9444, 0.09999999999999787, 0.7000000000000028
9445, 0.09999999999999787, 0.7000000000000028
9446, 0.09999999999999787, 0.7000000000000028
9447, 0.09999999999999787, 0.8000000000000007
9448, 0.09999999999999787, 0.8000000000000007
9449, 0.09999999999999787, 0.8000000000000007
9450, 0.09999999999999787, 0.9000000000000021
9451, 0.09999999999999787, 0.8000000000000007
9452, 0.09999999999999787, 0.8000000000000007
9453, 0.09999999999999787, 0.8000000000000007
9454, 0.0, 0.7000000000000028
9455, 0.0, 0.8000000000000007
9456, 0.0, 0.8000000000000007
9457, 0.0, 0.8000000000000007
9458, 0.0, 0.8000000000000007
9459, 0.0, 0.7000000000000028
9460, 0.0, 0.8000000000000007
9461, 0.0, 0.8000000000000007
9462, 0.0, 0.8000000000000007
9463, 0.0, 0.8000000000000007
9464, 0.0, 0.7000000000000028
9465, 0.0, 0.8000000000000007
9466, 0.0, 0.7000000000000028
9467, 0.0, 0.7000000000000028
9468, 0.0, 0.6000000000000014
9469, 0.0, 0.7000000000000028
9470, 0.0, 0.6000000000000014
9471, 0.0, 0.6000000000000014
9472, 0.0, 0.5
9473, 0.0, 0.5
9474, 0.0, 0.5
9475, 0.0, 0.5
9476, 0.0, 0.5
9477, 0.0, 0.5
9478, 0.0, 0.40000000000000213
9479, 0.0, 0.40000000000000213
9480, 0.0, 0.3000000000000007
9481, 0.0, 0.40000000000000213
9482, 0.0, 0.40000000000000213
9483, 0.0, 0.3000000000000007
9484, 0.0, 0.3000000000000007
9485, 0.0, 0.3000000000000007
9486, 0.0, 0.20000000000000284
9487, -0.10000000000000142, 0.20000000000000284
9488, -0.10000000000000142, 0.10000000000000142
9489, -0.10000000000000142, 0.20000000000000284
9490, -0.10000000000000142, 0.10000000000000142
9491, -0.10000000000000142, 0.10000000000000142
9492, -0.10000000000000142, 0.10000000000000142
9493, -0.10000000000000142, 0.0
9494, -0.10000000000000142, 0.0
9495, -0.10000000000000142, 0.0
9496, -0.10000000000000142, 0.0
9497, -0.10000000000000142, 0.10000000000000142
9498, -0.10000000000000142, 0.0
9499, -0.10000000000000142, 0.10000000000000142
9500, -0.10000000000000142, 0.0
9501, -0.10000000000000142, 0.0
9502, -0.10000000000000142, 0.0
9503, -0.10000000000000142, 0.0
9504, -0.10000000000000142, 0.10000000000000142
9505, -0.10000000000000142, -0.09999999999999787
9506, -0.10000000000000142, -0.09999999999999787
9507, -0.10000000000000142, 0.0
9508, -0.10000000000000142, -0.09999999999999787
9509, -0.10000000000000142, -0.09999999999999787
9510, -0.10000000000000142, -0.09999999999999787
9511, -0.10000000000000142, -0.09999999999999787
9512, 0.0, -0.1999999999999993
9513, 0.0, -0.1999999999999993
9514, 0.0, -0.29999999999999716
9515, 0.0, -0.1999999999999993
9516, 0.0, -0.1999999999999993
9517, 0.0, -0.29999999999999716
9518, 0.0, -0.3999999999999986
9519, 0.0, -0.5
9520, 0.09999999999999787, -0.5999999999999979
9521, 0.09999999999999787, -0.5999999999999979
9522, 0.09999999999999787, -0.5999999999999979
9523, 0.09999999999999787, -0.6999999999999993
9524, 0.09999999999999787, -0.7999999999999972
9525, 0.09999999999999787, -0.8999999999999986
9526, 0.09999999999999787, -0.8999999999999986
9527, 0.09999999999999787, -1.0
9528, 0.09999999999999787, -1.0999999999999979
9529, 0.09999999999999787, -1.2999999999999972
9530, 0.09999999999999787, -1.3999999999999986
9531, 0.09999999999999787, -1.5
9532, 0.09999999999999787, -1.5
9533, 0.09999999999999787, -1.5
9534, 0.09999999999999787, -1.5999999999999979
9535, 0.09999999999999787, -1.7999999999999972
9536, 0.09999999999999787, -1.8999999999999986
9537, 0.09999999999999787, -2.0
9538, 0.09999999999999787, -2.1999999999999993
9539, 0.09999999999999787, -2.1999999999999993
9540, 0.09999999999999787, -2.3999999999999986
9541, 0.0, -2.5
9542, 0.0, -2.599999999999998
9543, 0.0, -2.6999999999999993
9544, 0.0, -2.799999999999997
9545, 0.0, -2.8999999999999986
9546, 0.0, -2.8999999999999986
9547, 0.0, -3.0
9548, 0.0, -3.099999999999998
9549, 0.0, -3.099999999999998
9550, 0.0, -3.099999999999998
9551, 0.0, -3.1999999999999993
9552, 0.0, -3.1999999999999993
9553, 0.0, -3.299999999999997
9554, 0.0, -3.299999999999997
9555, 0.0, -3.299999999999997
9556, 0.0, -3.3999999999999986
9557, 0.0, -3.299999999999997
9558, 0.0, -3.299999999999997
9559, 0.0, -3.299999999999997
9560, 0.0, -3.299999999999997
9561, 0.0, -3.299999999999997
9562, 0.0, -3.299999999999997
9563, 0.0, -3.099999999999998
9564, 0.0, -3.099999999999998
9565, 0.0, -3.099999999999998
9566, 0.0, -3.0
9567, 0.0, -2.799999999999997
9568, 0.0, -2.799999999999997
9569, 0.0, -2.599999999999998
9570, 0.0, -2.5
9571, 0.0, -2.5
9572, 0.0, -2.3999999999999986
9573, 0.0, -2.3999999999999986
9574, 0.0, -2.1999999999999993
9575, 0.0, -2.0
9576, 0.0, -2.0
9577, 0.0, -1.7999999999999972
9578, 0.0, -1.6999999999999993
9579, 0.0, -1.6999999999999993
9580, 0.0, -1.5
9581, 0.0, -1.3999999999999986
9582, 0.0, -1.3999999999999986
9583, 0.0, -1.1999999999999993
9584, 0.0, -1.0999999999999979
9585, 0.0, -1.0
9586, 0.0, -0.7999999999999972
9587, 0.0, -0.7999999999999972
9588, 0.0, -0.5999999999999979
9589, 0.0, -0.5999999999999979
9590, 0.0, -0.3999999999999986
9591, 0.0, -0.3999999999999986
9592, 0.0, -0.29999999999999716
9593, 0.0, -0.29999999999999716
9594, 0.0, -0.1999999999999993
9595, 0.09999999999999787, -0.1999999999999993
9596, 0.09999999999999787, 0.10000000000000142
9597, 0.09999999999999787, 0.20000000000000284
9598, 0.09999999999999787, 0.20000000000000284
9599, 0.09999999999999787, 0.3000000000000007
9600, 0.09999999999999787, 0.40000000000000213
9601, 0.09999999999999787, 0.3000000000000007
9602, 0.09999999999999787, 0.40000000000000213
9603, 0.09999999999999787, 0.5
9604, 0.09999999999999787, 0.6000000000000014
9605, 0.09999999999999787, 0.5
9606, 0.09999999999999787, 0.6000000000000014
9607, 0.09999999999999787, 0.6000000000000014
9608, 0.09999999999999787, 0.7000000000000028
9609, 0.09999999999999787, 0.7000000000000028
9610, 0.09999999999999787, 0.8000000000000007
9611, 0.09999999999999787, 0.8000000000000007
9612, 0.09999999999999787, 0.8000000000000007
9613, 0.09999999999999787, 0.7000000000000028
9614, 0.09999999999999787, 0.7000000000000028
9615, 0.09999999999999787, 0.7000000000000028
9616, 0.09999999999999787, 0.8000000000000007
9617, 0.09999999999999787, 0.7000000000000028
9618, 0.09999999999999787, 0.7000000000000028
9619, 0.09999999999999787, 0.7000000000000028
9620, 0.09999999999999787, 0.7000000000000028
9621, 0.09999999999999787, 0.8000000000000007
9622, 0.09999999999999787, 0.7000000000000028
9623, 0.09999999999999787, 0.7000000000000028
9624, 0.09999999999999787, 0.6000000000000014
9625, 0.09999999999999787, 0.5
9626, 0.09999999999999787, 0.6000000000000014
9627, 0.09999999999999787, 0.6000000000000014
9628, 0.09999999999999787, 0.6000000000000014
9629, 0.09999999999999787, 0.5
9630, 0.09999999999999787, 0.6000000000000014
9631, 0.09999999999999787, 0.5
9632, 0.09999999999999787, 0.40000000000000213
9633, 0.09999999999999787, 0.40000000000000213
9634, 0.09999999999999787, 0.40000000000000213
9635, 0.09999999999999787, 0.40000000000000213
9636, 0.09999999999999787, 0.3000000000000007
9637, 0.09999999999999787, 0.3000000000000007
9638, 0.09999999999999787, 0.3000000000000007
9639, 0.09999999999999787, 0.3000000000000007
9640, 0.09999999999999787, 0.40000000000000213
9641, 0.09999999999999787, 0.3000000000000007
9642, 0.09999999999999787, 0.40000000000000213
9643, 0.09999999999999787, 0.3000000000000007
9644, 0.09999999999999787, 0.3000000000000007
9645, 0.09999999999999787, 0.20000000000000284
9646, 0.09999999999999787, 0.3000000000000007
9647, 0.09999999999999787, 0.3000000000000007
9648, 0.09999999999999787, 0.20000000000000284
9649, 0.09999999999999787, 0.20000000000000284
9650, 0.09999999999999787, 0.20000000000000284
9651, 0.09999999999999787, 0.20000000000000284
9652, 0.09999999999999787, 0.10000000000000142
9653, 0.09999999999999787, 0.20000000000000284
9654, 0.09999999999999787, 0.20000000000000284
9655, 0.09999999999999787, 0.20000000000000284
9656, 0.09999999999999787, 0.10000000000000142
9657, 0.09999999999999787, 0.10000000000000142
9658, 0.09999999999999787, 0.10000000000000142
9659, 0.09999999999999787, 0.10000000000000142
9660, 0.09999999999999787, 0.10000000000000142
9661, 0.09999999999999787, 0.0
9662, 0.09999999999999787, 0.0
9663, 0.09999999999999787, 0.10000000000000142
9664, 0.09999999999999787, 0.10000000000000142
9665, 0.09999999999999787, -0.09999999999999787
9666, 0.09999999999999787, -0.09999999999999787
9667, 0.09999999999999787, -0.09999999999999787
9668, 0.09999999999999787, -0.09999999999999787
9669, 0.09999999999999787, -0.09999999999999787
9670, 0.09999999999999787, -0.09999999999999787
9671, 0.09999999999999787, -0.09999999999999787
9672, 0.0, -0.09999999999999787
9673, 0.0, -0.1999999999999993
9674, 0.0, -0.1999999999999993
9675, 0.0, -0.29999999999999716
9676, 0.0, -0.29999999999999716
9677, 0.0, -0.1999999999999993
9678, 0.0, -0.29999999999999716
9679, 0.0, -0.29999999999999716
9680, 0.0, -0.1999999999999993
9681, 0.0, -0.3999999999999986
9682, 0.0, -0.29999999999999716
9683, 0.0, -0.3999999999999986
9684, 0.0, -0.3999999999999986
9685, 0.0, -0.29999999999999716
9686, 0.0, -0.3999999999999986
9687, 0.0, -0.3999999999999986
9688, 0.0, -0.3999999999999986
9689, 0.0, -0.3999999999999986
9690, 0.0, -0.29999999999999716
9691, 0.0, -0.29999999999999716
9692, 0.0, -0.29999999999999716
9693, 0.0, -0.29999999999999716
9694, 0.0, -0.29999999999999716
9695, 0.0, -0.1999999999999993
9696, 0.0, -0.29999999999999716
9697, 0.0, -0.09999999999999787
9698, 0.0, -0.09999999999999787
9699, 0.0, -0.09999999999999787
9700, 0.0, 0.0
9701, 0.0, 0.0
9702, 0.0, 0.0
9703, 0.0, 0.0
9704, 0.0, 0.0
9705, 0.0, 0.10000000000000142
9706, 0.0, 0.10000000000000142
9707, 0.0, 0.10000000000000142
9708, 0.0, 0.3000000000000007
9709, 0.0, 0.3000000000000007
9710, 0.0, 0.3000000000000007
9711, 0.0, 0.3000000000000007
9712, 0.0, 0.40000000000000213
9713, 0.0, 0.5
9714, 0.0, 0.40000000000000213
9715, 0.0, 0.5
9716, 0.0, 0.5
9717, 0.0, 0.6000000000000014
9718, 0.0, 0.6000000000000014
9719, 0.0, 0.6000000000000014
9720, 0.0, 0.7000000000000028
9721, 0.0, 0.7000000000000028
9722, 0.0, 0.7000000000000028
9723, 0.0, 0.7000000000000028
9724, 0.0, 0.7000000000000028
9725, 0.0, 0.7000000000000028
9726, 0.0, 0.7000000000000028
9727, 0.0, 0.7000000000000028
9728, 0.0, 0.7000000000000028
9729, 0.0, 0.7000000000000028
9730, 0.0, 0.7000000000000028
9731, 0.0, 0.6000000000000014
9732, 0.0, 0.7000000000000028
9733, 0.0, 0.7000000000000028
9734, 0.0, 0.6000000000000014
9735, 0.0, 0.7000000000000028
9736, 0.0, 0.7000000000000028
9737, 0.0, 0.7000000000000028
9738, 0.0, 0.7000000000000028
9739, 0.0, 0.7000000000000028
9740, 0.0, 0.6000000000000014
9741, 0.0, 0.6000000000000014
9742, 0.0, 0.7000000000000028
9743, 0.0, 0.6000000000000014
9744, 0.0, 0.6000000000000014
9745, 0.0, 0.7000000000000028
9746, 0.0, 0.5
9747, 0.0, 0.6000000000000014
9748, 0.0, 0.6000000000000014
9749, 0.0, 0.6000000000000014
9750, 0.0, 0.6000000000000014
9751, 0.0, 0.6000000000000014
9752, 0.0, 0.6000000000000014
9753, 0.0, 0.6000000000000014
9754, 0.0, 0.6000000000000014
9755, 0.0, 0.7000000000000028
9756, 0.0, 0.6000000000000014
9757, 0.0, 0.6000000000000014
9758, 0.0, 0.7000000000000028
9759, 0.0, 0.7000000000000028
9760, 0.0, 0.7000000000000028
9761, 0.09999999999999787, 0.7000000000000028
9762, 0.09999999999999787, 0.7000000000000028
9763, 0.09999999999999787, 0.7000000000000028
9764, 0.09999999999999787, 0.7000000000000028
9765, 0.09999999999999787, 0.8000000000000007
9766, 0.09999999999999787, 0.8000000000000007
9767, 0.09999999999999787, 0.9000000000000021
9768, 0.09999999999999787, 1.0
9769, 0.09999999999999787, 0.9000000000000021
9770, 0.09999999999999787, 1.0
9771, 0.09999999999999787, 1.0
9772, 0.09999999999999787, 1.0
9773, 0.09999999999999787, 1.1000000000000014
9774, 0.09999999999999787, 1.0
9775, 0.09999999999999787, 1.1000000000000014
9776, 0.09999999999999787, 1.1000000000000014
9777, 0.09999999999999787, 1.1000000000000014
9778, 0.09999999999999787, 1.2000000000000028
9779, 0.09999999999999787, 1.1000000000000014
9780, 0.09999999999999787, 1.2000000000000028
9781, 0.09999999999999787, 1.1000000000000014
9782, 0.09999999999999787, 1.1000000000000014
9783, 0.09999999999999787, 1.1000000000000014
9784, 0.09999999999999787, 1.1000000000000014
9785, 0.09999999999999787, 1.0
9786, 0.09999999999999787, 1.1000000000000014
9787, 0.09999999999999787, 1.1000000000000014
9788, 0.09999999999999787, 1.1000000000000014
9789, 0.09999999999999787, 1.0
9790, 0.09999999999999787, 0.9000000000000021
9791, 0.09999999999999787, 0.9000000000000021
9792, 0.09999999999999787, 0.8000000000000007
9793, 0.09999999999999787, 0.8000000000000007
9794, 0.0, 0.8000000000000007
9795, 0.0, 0.6000000000000014
9796, 0.0, 0.6000000000000014
9797, 0.0, 0.5
9798, 0.0, 0.5
9799, 0.0, 0.5
9800, 0.0, 0.40000000000000213
9801, 0.0, 0.40000000000000213
9802, 0.0, 0.40000000000000213
9803, 0.0, 0.3000000000000007
9804, 0.0, 0.3000000000000007
9805, 0.0, 0.20000000000000284
9806, 0.0, 0.20000000000000284
9807, 0.0, 0.20000000000000284
9808, 0.0, 0.10000000000000142
9809, 0.0, 0.0
9810, 0.0, 0.10000000000000142
9811, 0.0, 0.10000000000000142
9812, 0.09999999999999787, 0.10000000000000142
9813, 0.09999999999999787, 0.10000000000000142
9814, 0.09999999999999787, 0.10000000000000142
9815, 0.09999999999999787, 0.10000000000000142
9816, 0.09999999999999787, 0.10000000000000142
9817, 0.09999999999999787, 0.20000000000000284
9818, 0.09999999999999787, 0.10000000000000142
9819, 0.09999999999999787, 0.20000000000000284
9820, 0.09999999999999787, 0.20000000000000284
9821, 0.09999999999999787, 0.20000000000000284
9822, 0.09999999999999787, 0.3000000000000007
9823, 0.09999999999999787, 0.3000000000000007
9824, 0.09999999999999787, 0.3000000000000007
9825, 0.09999999999999787, 0.3000000000000007
9826, 0.09999999999999787, 0.3000000000000007
9827, 0.09999999999999787, 0.40000000000000213
9828, 0.09999999999999787, 0.40000000000000213
9829, 0.09999999999999787, 0.40000000000000213
9830, 0.09999999999999787, 0.5
9831, 0.0, 0.5
9832, 0.0, 0.5
9833, 0.0, 0.5
9834, 0.0, 0.6000000000000014
9835, 0.0, 0.6000000000000014
9836, 0.0, 0.5
9837, 0.0, 0.5
9838, 0.0, 0.6000000000000014
9839, 0.0, 0.5
9840, 0.0, 0.6000000000000014
9841, 0.09999999999999787, 0.6000000000000014
9842, 0.09999999999999787, 0.5
9843, 0.09999999999999787, 0.6000000000000014
9844, 0.09999999999999787, 0.6000000000000014
9845, 0.09999999999999787, 0.6000000000000014
9846, 0.09999999999999787, 0.6000000000000014
9847, 0.09999999999999787, 0.6000000000000014
9848, 0.09999999999999787, 0.6000000000000014
9849, 0.09999999999999787, 0.6000000000000014
9850, 0.09999999999999787, 0.6000000000000014
9851, 0.09999999999999787, 0.6000000000000014
9852, 0.09999999999999787, 0.6000000000000014
9853, 0.09999999999999787, 0.6000000000000014
9854, 0.09999999999999787, 0.6000000000000014
9855, 0.09999999999999787, 0.6000000000000014
9856, 0.09999999999999787, 0.6000000000000014
9857, 0.09999999999999787, 0.6000000000000014
9858, 0.09999999999999787, 0.6000000000000014
9859, 0.09999999999999787, 0.6000000000000014
9860, 0.09999999999999787, 0.5
9861, 0.09999999999999787, 0.6000000000000014
9862, 0.09999999999999787, 0.6000000000000014
9863, 0.09999999999999787, 0.6000000000000014
9864, 0.09999999999999787, 0.5
9865, 0.09999999999999787, 0.40000000000000213
9866, 0.09999999999999787, 0.40000000000000213
9867, 0.0, 0.40000000000000213
9868, 0.0, 0.3000000000000007
9869, 0.0, 0.20000000000000284
9870, 0.0, 0.3000000000000007
9871, 0.0, 0.20000000000000284
9872, 0.0, 0.20000000000000284
9873, 0.0, 0.20000000000000284
9874, 0.09999999999999787, 0.0
9875, 0.09999999999999787, 0.0
9876, 0.09999999999999787, 0.0
9877, 0.09999999999999787, 0.0
9878, 0.09999999999999787, -0.09999999999999787
9879, 0.09999999999999787, 0.0
9880, 0.09999999999999787, -0.09999999999999787
9881, 0.09999999999999787, -0.09999999999999787
9882, 0.09999999999999787, -0.1999999999999993
9883, 0.09999999999999787, -0.09999999999999787
9884, 0.09999999999999787, -0.1999999999999993
9885, 0.09999999999999787, -0.1999999999999993
9886, 0.09999999999999787, -0.1999999999999993
9887, 0.09999999999999787, -0.1999999999999993
9888, 0.09999999999999787, -0.09999999999999787
9889, 0.09999999999999787, -0.09999999999999787
9890, 0.09999999999999787, -0.1999999999999993
9891, 0.0, -0.1999999999999993
9892, 0.0, -0.09999999999999787
9893, 0.0, -0.09999999999999787
9894, 0.0, -0.09999999999999787
9895, 0.0, -0.09999999999999787
9896, 0.0, -0.09999999999999787
9897, 0.0, -0.09999999999999787
9898, 0.0, 0.0
9899, 0.0, -0.09999999999999787
9900, 0.0, 0.0
9901, 0.0, 0.0
9902, 0.0, 0.0
9903, 0.0, 0.0
9904, 0.0, 0.0
9905, 0.0, 0.0
9906, 0.0, 0.0
9907, -0.10000000000000142, 0.0
9908, -0.10000000000000142, 0.0
9909, -0.10000000000000142, 0.0
9910, -0.10000000000000142, 0.0
9911, -0.10000000000000142, 0.0
9912, -0.10000000000000142, 0.10000000000000142
9913, -0.10000000000000142, 0.0
9914, -0.10000000000000142, 0.0
9915, -0.10000000000000142, 0.0
9916, -0.10000000000000142, 0.0
9917, -0.10000000000000142, 0.10000000000000142
9918, -0.10000000000000142, -0.09999999999999787
9919, -0.10000000000000142, 0.0
9920, -0.10000000000000142, -0.09999999999999787
9921, -0.10000000000000142, -0.09999999999999787
9922, -0.10000000000000142, -0.09999999999999787
9923, -0.10000000000000142, -0.09999999999999787
9924, -0.10000000000000142, -0.09999999999999787
9925, -0.10000000000000142, -0.09999999999999787
9926, -0.10000000000000142, -0.09999999999999787
9927, -0.10000000000000142, -0.09999999999999787
9928, -0.10000000000000142, -0.1999999999999993
9929, -0.10000000000000142, -0.09999999999999787
9930, -0.10000000000000142, -0.09999999999999787
9931, -0.10000000000000142, -0.1999999999999993
9932, -0.10000000000000142, -0.09999999999999787
9933, -0.10000000000000142, -0.1999999999999993
9934, -0.10000000000000142, -0.1999999999999993
9935, -0.10000000000000142, -0.1999999999999993
9936, -0.10000000000000142, -0.29999999999999716
9937, -0.10000000000000142, -0.1999999999999993
9938, -0.10000000000000142, -0.1999999999999993
9939, -0.10000000000000142, -0.29999999999999716
9940, -0.10000000000000142, -0.1999999999999993
9941, -0.10000000000000142, -0.1999999999999993
9942, -0.10000000000000142, -0.29999999999999716
9943, -0.10000000000000142, -0.29999999999999716
9944, -0.10000000000000142, -0.1999999999999993
9945, -0.10000000000000142, -0.29999999999999716
9946, -0.10000000000000142, -0.29999999999999716
9947, -0.10000000000000142, -0.29999999999999716
9948, -0.10000000000000142, -0.29999999999999716
9949, -0.10000000000000142, -0.29999999999999716
9950, -0.10000000000000142, -0.29999999999999716
9951, -0.10000000000000142, -0.29999999999999716
9952, -0.10000000000000142, -0.29999999999999716
9953, -0.10000000000000142, -0.29999999999999716
9954, -0.10000000000000142, -0.29999999999999716
9955, -0.10000000000000142, -0.1999999999999993
9956, -0.10000000000000142, -0.29999999999999716
9957, -0.10000000000000142, -0.29999999999999716
9958, -0.10000000000000142, -0.1999999999999993
9959, -0.10000000000000142, -0.1999999999999993
9960, -0.10000000000000142, -0.29999999999999716
9961, -0.10000000000000142, -0.29999999999999716
9962, -0.10000000000000142, -0.29999999999999716
9963, -0.10000000000000142, -0.29999999999999716
9964, -0.10000000000000142, -0.29999999999999716
9965, -0.10000000000000142, -0.1999999999999993
9966, -0.10000000000000142, -0.1999999999999993
9967, -0.10000000000000142, -0.1999999999999993
9968, -0.10000000000000142, -0.1999999999999993
9969, -0.10000000000000142, -0.1999999999999993
9970, -0.10000000000000142, -0.1999999999999993
9971, -0.10000000000000142, -0.1999999999999993
9972, -0.10000000000000142, -0.09999999999999787
9973, -0.10000000000000142, -0.1999999999999993
9974, -0.10000000000000142, -0.1999999999999993
9975, -0.10000000000000142, -0.1999999999999993
9976, -0.10000000000000142, -0.09999999999999787
9977, -0.10000000000000142, -0.09999999999999787
9978, -0.10000000000000142, -0.09999999999999787
9979, -0.10000000000000142, 0.0
9980, -0.10000000000000142, -0.09999999999999787
9981, -0.10000000000000142, 0.0
9982, -0.10000000000000142, 0.0
9983, -0.10000000000000142, -0.09999999999999787
9984, -0.10000000000000142, 0.0
9985, -0.10000000000000142, 0.0
9986, -0.10000000000000142, -0.09999999999999787
9987, -0.10000000000000142, 0.0
9988, -0.10000000000000142, 0.0
9989, -0.10000000000000142, 0.10000000000000142
9990, -0.10000000000000142, 0.0
9991, -0.10000000000000142, 0.10000000000000142
9992, -0.10000000000000142, 0.10000000000000142
9993, -0.10000000000000142, 0.0
9994, -0.10000000000000142, 0.10000000000000142
9995, -0.10000000000000142, 0.10000000000000142
9996, -0.10000000000000142, 0.10000000000000142
9997, -0.10000000000000142, 0.10000000000000142
9998, -0.10000000000000142, 0.20000000000000284
9999, -0.10000000000000142, 0.10000000000000142
10000, -0.10000000000000142, 0.20000000000000284
10001, -0.10000000000000142, 0.20000000000000284
10002, -0.10000000000000142, 0.20000000000000284
10003, -0.10000000000000142, 0.20000000000000284
10004, -0.10000000000000142, 0.3000000000000007
10005, -0.10000000000000142, 0.20000000000000284
10006, -0.10000000000000142, 0.3000000000000007
10007, -0.10000000000000142, 0.3000000000000007
10008, -0.10000000000000142, 0.3000000000000007
10009, -0.10000000000000142, 0.40000000000000213
10010, -0.10000000000000142, 0.40000000000000213
10011, -0.10000000000000142, 0.6000000000000014
10012, -0.10000000000000142, 0.5
10013, 0.0, 0.6000000000000014
10014, 0.0, 0.6000000000000014
10015, 0.0, 0.6000000000000014
10016, 0.0, 0.7000000000000028
10017, 0.0, 0.6000000000000014
10018, 0.0, 0.6000000000000014
10019, 0.0, 0.7000000000000028
10020, 0.0, 0.7000000000000028
10021, 0.0, 0.7000000000000028
10022, 0.0, 0.7000000000000028
10023, 0.0, 0.8000000000000007
10024, 0.0, 0.8000000000000007
10025, 0.0, 0.8000000000000007
10026, 0.0, 0.9000000000000021
10027, 0.0, 0.9000000000000021
10028, 0.0, 0.9000000000000021
10029, 0.0, 0.9000000000000021
10030, 0.0, 0.9000000000000021
10031, 0.09999999999999787, 0.9000000000000021
10032, 0.09999999999999787, 0.9000000000000021
10033, 0.09999999999999787, 0.9000000000000021
10034, 0.09999999999999787, 0.9000000000000021
10035, 0.09999999999999787, 1.0
10036, 0.09999999999999787, 0.9000000000000021
10037, 0.09999999999999787, 0.9000000000000021
10038, 0.0, 1.0
10039, 0.0, 1.0
10040, 0.0, 1.0
10041, 0.0, 1.0
10042, 0.0, 1.0
10043, 0.0, 1.0
10044, 0.0, 1.1000000000000014
10045, 0.0, 1.0
10046, 0.0, 1.1000000000000014
10047, 0.0, 1.1000000000000014
10048, 0.0, 1.1000000000000014
10049, 0.0, 1.1000000000000014
10050, 0.0, 1.1000000000000014
10051, 0.0, 1.1000000000000014
10052, 0.0, 1.2000000000000028
10053, 0.0, 1.1000000000000014
10054, 0.0, 1.2000000000000028
10055, 0.09999999999999787, 1.1000000000000014
10056, 0.09999999999999787, 1.1000000000000014
10057, 0.09999999999999787, 1.1000000000000014
10058, 0.09999999999999787, 1.2000000000000028
10059, 0.09999999999999787, 1.1000000000000014
10060, 0.09999999999999787, 1.3000000000000007
10061, 0.09999999999999787, 1.2000000000000028
10062, 0.09999999999999787, 1.2000000000000028
10063, 0.09999999999999787, 1.2000000000000028
10064, 0.09999999999999787, 1.2000000000000028
10065, 0.09999999999999787, 1.3000000000000007
10066, 0.09999999999999787, 1.3000000000000007
10067, 0.09999999999999787, 1.3000000000000007
10068, 0.09999999999999787, 1.4000000000000021
10069, 0.09999999999999787, 1.3000000000000007
10070, 0.09999999999999787, 1.3000000000000007
10071, 0.09999999999999787, 1.4000000000000021
10072, 0.09999999999999787, 1.4000000000000021
10073, 0.09999999999999787, 1.4000000000000021
10074, 0.09999999999999787, 1.4000000000000021
10075, 0.09999999999999787, 1.4000000000000021
10076, 0.09999999999999787, 1.3000000000000007
10077, 0.09999999999999787, 1.4000000000000021
10078, 0.09999999999999787, 1.3000000000000007
10079, 0.09999999999999787, 1.3000000000000007
10080, 0.09999999999999787, 1.3000000000000007
10081, 0.09999999999999787, 1.2000000000000028
10082, 0.09999999999999787, 1.3000000000000007
10083, 0.09999999999999787, 1.3000000000000007
10084, 0.09999999999999787, 1.2000000000000028
10085, 0.09999999999999787, 1.2000000000000028
10086, 0.09999999999999787, 1.1000000000000014
10087, 0.09999999999999787, 1.0
10088, 0.09999999999999787, 0.9000000000000021
10089, 0.09999999999999787, 0.9000000000000021
10090, 0.09999999999999787, 0.9000000000000021
10091, 0.09999999999999787, 0.9000000000000021
10092, 0.09999999999999787, 0.8000000000000007
10093, 0.09999999999999787, 0.7000000000000028
10094, 0.09999999999999787, 0.6000000000000014
10095, 0.09999999999999787, 0.5
10096, 0.09999999999999787, 0.5
10097, 0.09999999999999787, 0.3000000000000007
10098, 0.09999999999999787, 0.40000000000000213
10099, 0.09999999999999787, 0.3000000000000007
10100, 0.09999999999999787, 0.20000000000000284
10101, 0.09999999999999787, 0.20000000000000284
10102, 0.0, 0.10000000000000142
10103, 0.0, 0.0
10104, 0.0, 0.0
10105, 0.0, -0.1999999999999993
10106, 0.0, -0.1999999999999993
10107, 0.0, -0.1999999999999993
10108, 0.0, -0.3999999999999986
10109, 0.0, -0.3999999999999986
10110, 0.0, -0.3999999999999986
10111, 0.0, -0.3999999999999986
10112, 0.0, -0.5
10113, 0.0, -0.5
10114, 0.0, -0.5
10115, 0.0, -0.5999999999999979
10116, 0.0, -0.5999999999999979
10117, 0.0, -0.5
10118, 0.0, -0.5999999999999979
10119, 0.0, -0.6999999999999993
10120, 0.0, -0.5999999999999979
10121, 0.0, -0.5999999999999979
10122, 0.0, -0.5
10123, 0.0, -0.6999999999999993
10124, 0.0, -0.5999999999999979
10125, 0.0, -0.5999999999999979
10126, 0.0, -0.5
10127, 0.0, -0.5999999999999979
10128, 0.0, -0.5
10129, 0.0, -0.5
10130, 0.0, -0.3999999999999986
10131, 0.0, -0.5
10132, 0.0, -0.3999999999999986
10133, 0.0, -0.29999999999999716
10134, 0.0, -0.1999999999999993
10135, 0.0, -0.1999999999999993
10136, 0.0, -0.1999999999999993
10137, 0.0, -0.09999999999999787
10138, 0.0, -0.09999999999999787
10139, 0.0, -0.09999999999999787
10140, 0.0, -0.09999999999999787
10141, 0.0, -0.09999999999999787
10142, 0.0, 0.10000000000000142
10143, 0.0, 0.10000000000000142
10144, 0.0, 0.10000000000000142
10145, 0.0, 0.20000000000000284
10146, 0.0, 0.20000000000000284
10147, 0.0, 0.3000000000000007
10148, 0.0, 0.3000000000000007
10149, 0.0, 0.40000000000000213
10150, 0.0, 0.5
10151, 0.0, 0.5
10152, 0.0, 0.5
10153, 0.0, 0.6000000000000014
10154, 0.0, 0.6000000000000014
10155, 0.0, 0.7000000000000028
10156, 0.0, 0.7000000000000028
10157, 0.0, 0.7000000000000028
10158, 0.0, 0.7000000000000028
10159, 0.0, 0.8000000000000007
10160, 0.0, 0.8000000000000007
10161, 0.0, 0.9000000000000021
10162, 0.0, 0.9000000000000021
10163, 0.0, 1.0
10164, 0.0, 0.9000000000000021
10165, 0.0, 1.0
10166, 0.0, 1.1000000000000014
10167, 0.0, 1.0
10168, 0.0, 1.2000000000000028
10169, 0.0, 1.1000000000000014
10170, 0.0, 1.2000000000000028
10171, 0.0, 1.2000000000000028
10172, 0.0, 1.3000000000000007
10173, 0.0, 1.3000000000000007
10174, 0.0, 1.4000000000000021
10175, 0.0, 1.4000000000000021
10176, 0.0, 1.4000000000000021
10177, 0.0, 1.4000000000000021
10178, 0.0, 1.4000000000000021
10179, 0.0, 1.4000000000000021
10180, 0.0, 1.5
10181, 0.0, 1.4000000000000021
10182, 0.0, 1.4000000000000021
10183, 0.0, 1.5
10184, 0.0, 1.5
10185, 0.0, 1.5
10186, 0.0, 1.5
10187, 0.0, 1.5
10188, 0.0, 1.5
10189, 0.0, 1.5
10190, 0.0, 1.5
10191, 0.0, 1.5
10192, 0.0, 1.5
10193, 0.0, 1.5
10194, 0.0, 1.6000000000000014
10195, 0.0, 1.5
10196, 0.0, 1.5
10197, 0.0, 1.4000000000000021
10198, 0.0, 1.6000000000000014
10199, 0.0, 1.5
10200, 0.0, 1.4000000000000021
10201, 0.0, 1.6000000000000014
10202, 0.0, 1.5
10203, 0.0, 1.6000000000000014
10204, 0.0, 1.5
10205, 0.0, 1.6000000000000014
10206, 0.0, 1.5
10207, 0.0, 1.6000000000000014
10208, 0.0, 1.6000000000000014
10209, 0.0, 1.5
10210, 0.0, 1.6000000000000014
10211, 0.0, 1.6000000000000014
10212, 0.0, 1.6000000000000014
10213, 0.0, 1.6000000000000014
10214, 0.0, 1.6000000000000014
10215, 0.0, 1.6000000000000014
10216, 0.0, 1.6000000000000014
10217, 0.0, 1.5
10218, 0.0, 1.6000000000000014
10219, 0.0, 1.5
10220, 0.0, 1.6000000000000014
10221, 0.0, 1.6000000000000014
10222, 0.0, 1.5
10223, 0.0, 1.6000000000000014
10224, 0.0, 1.5
10225, 0.0, 1.5
10226, 0.0, 1.5
10227, 0.0, 1.4000000000000021
10228, 0.0, 1.4000000000000021
10229, 0.0, 1.4000000000000021
10230, 0.0, 1.3000000000000007
10231, 0.0, 1.3000000000000007
10232, 0.0, 1.4000000000000021
10233, 0.0, 1.4000000000000021
10234, 0.0, 1.3000000000000007
10235, 0.0, 1.2000000000000028
10236, 0.0, 1.2000000000000028
10237, 0.0, 1.1000000000000014
10238, 0.0, 1.1000000000000014
10239, 0.0, 1.0
10240, 0.0, 1.0
10241, 0.0, 1.0
10242, 0.0, 0.9000000000000021
10243, 0.0, 0.9000000000000021
10244, 0.0, 0.8000000000000007
10245, 0.0, 0.8000000000000007
10246, 0.0, 0.7000000000000028
10247, 0.0, 0.7000000000000028
10248, 0.0, 0.7000000000000028
10249, 0.0, 0.6000000000000014
10250, 0.0, 0.5
10251, 0.0, 0.6000000000000014
10252, 0.0, 0.5
10253, 0.0, 0.40000000000000213
10254, 0.0, 0.40000000000000213
10255, 0.0, 0.3000000000000007
10256, 0.0, 0.20000000000000284
10257, 0.0, 0.10000000000000142
10258, 0.0, 0.10000000000000142
10259, 0.0, 0.0
10260, 0.0, 0.10000000000000142
10261, 0.0, 0.10000000000000142
10262, -0.10000000000000142, 0.0
10263, -0.10000000000000142, -0.09999999999999787
10264, -0.10000000000000142, -0.09999999999999787
10265, -0.10000000000000142, -0.09999999999999787
10266, -0.10000000000000142, -0.09999999999999787
10267, -0.10000000000000142, -0.1999999999999993
10268, -0.10000000000000142, -0.1999999999999993
10269, -0.10000000000000142, -0.1999999999999993
10270, -0.10000000000000142, -0.1999999999999993
10271, -0.10000000000000142, -0.29999999999999716
10272, -0.10000000000000142, -0.09999999999999787
10273, -0.10000000000000142, -0.1999999999999993
10274, -0.10000000000000142, -0.1999999999999993
10275, -0.10000000000000142, -0.29999999999999716
10276, 0.0, -0.1999999999999993
10277, 0.0, -0.1999999999999993
10278, 0.0, -0.3999999999999986
10279, 0.0, -0.3999999999999986
10280, 0.0, -0.3999999999999986
10281, 0.0, -0.3999999999999986
10282, 0.0, -0.29999999999999716
10283, 0.09999999999999787, -0.3999999999999986
10284, 0.09999999999999787, -0.3999999999999986
10285, 0.09999999999999787, -0.5
10286, 0.0, -0.5
10287, 0.0, -0.5999999999999979
10288, 0.0, -0.5999999999999979
10289, 0.0, -0.5999999999999979
10290, 0.0, -0.6999999999999993
10291, 0.0, -0.7999999999999972
10292, 0.0, -0.7999999999999972
10293, 0.09999999999999787, -0.8999999999999986
10294, 0.09999999999999787, -1.0
10295, 0.09999999999999787, -1.0
10296, 0.09999999999999787, -1.0999999999999979
10297, 0.09999999999999787, -1.2999999999999972
10298, 0.09999999999999787, -1.3999999999999986
10299, 0.09999999999999787, -1.5
10300, 0.09999999999999787, -1.5999999999999979
10301, 0.09999999999999787, -1.6999999999999993
10302, 0.09999999999999787, -1.8999999999999986
10303, 0.09999999999999787, -2.099999999999998
10304, 0.09999999999999787, -2.1999999999999993
10305, 0.09999999999999787, -2.3999999999999986
10306, 0.09999999999999787, -2.599999999999998
10307, 0.09999999999999787, -2.6999999999999993
10308, 0.0, -2.8999999999999986
10309, 0.0, -3.099999999999998
10310, 0.0, -3.299999999999997
10311, 0.0, -3.5
10312, 0.0, -3.599999999999998
10313, 0.0, -3.8999999999999986
10314, 0.0, -4.099999999999998
10315, 0.0, -4.199999999999999
10316, 0.0, -4.299999999999997
10317, 0.0, -4.599999999999998
10318, 0.0, -4.699999999999999
10319, 0.0, -4.799999999999997
10320, 0.0, -4.899999999999999
10321, 0.0, -5.099999999999998
10322, 0.0, -5.199999999999999
10323, 0.0, -5.299999999999997
10324, 0.0, -5.5
10325, 0.0, -5.5
10326, 0.0, -5.5
10327, 0.0, -5.599999999999998
10328, 0.0, -5.5
10329, 0.0, -5.599999999999998
10330, 0.0, -5.599999999999998
10331, 0.0, -5.699999999999999
10332, 0.0, -5.5
10333, 0.0, -5.5
10334, 0.0, -5.399999999999999
10335, 0.0, -5.399999999999999
10336, 0.0, -5.299999999999997
10337, 0.0, -5.199999999999999
10338, 0.0, -5.099999999999998
10339, 0.0, -4.899999999999999
10340, 0.0, -4.799999999999997
10341, 0.0, -4.699999999999999
10342, 0.0, -4.5
10343, 0.0, -4.299999999999997
10344, 0.0, -4.199999999999999
10345, 0.0, -3.8999999999999986
10346, 0.0, -3.8999999999999986
10347, 0.0, -3.6999999999999993
10348, 0.0, -3.5
10349, 0.0, -3.3999999999999986
10350, 0.0, -3.099999999999998
10351, 0.0, -2.8999999999999986
10352, 0.0, -2.6999999999999993
10353, 0.0, -2.5
10354, 0.0, -2.299999999999997
10355, 0.0, -2.1999999999999993
10356, 0.0, -2.099999999999998
10357, 0.0, -1.8999999999999986
10358, 0.0, -1.6999999999999993
10359, 0.0, -1.5999999999999979
10360, 0.0, -1.3999999999999986
10361, 0.0, -1.2999999999999972
10362, 0.0, -1.0
10363, 0.0, -1.0
10364, 0.0, -0.8999999999999986
10365, 0.0, -0.7999999999999972
10366, 0.0, -0.6999999999999993
10367, 0.0, -0.5
10368, 0.0, -0.3999999999999986
10369, 0.0, -0.3999999999999986
10370, 0.0, -0.1999999999999993
10371, 0.0, -0.1999999999999993
10372, 0.0, 0.0
10373, 0.0, 0.0
10374, 0.0, 0.0
10375, 0.0, 0.10000000000000142
10376, 0.0, 0.20000000000000284
10377, 0.0, 0.3000000000000007
10378, 0.0, 0.40000000000000213
10379, 0.0, 0.40000000000000213
10380, 0.0, 0.6000000000000014
10381, 0.0, 0.5
10382, 0.0, 0.5
10383, 0.0, 0.6000000000000014
10384, 0.0, 0.7000000000000028
10385, 0.0, 0.6000000000000014
10386, 0.0, 0.7000000000000028
10387, 0.0, 0.7000000000000028
10388, 0.0, 0.7000000000000028
10389, 0.0, 0.8000000000000007
10390, 0.0, 0.9000000000000021
10391, 0.0, 0.8000000000000007
10392, 0.0, 0.8000000000000007
10393, 0.0, 0.9000000000000021
10394, 0.0, 1.0
10395, 0.0, 1.0
10396, 0.0, 1.0
10397, 0.0, 1.1000000000000014
10398, 0.0, 1.1000000000000014
10399, 0.0, 1.2000000000000028
10400, 0.0, 1.2000000000000028
10401, 0.0, 1.3000000000000007
10402, 0.0, 1.3000000000000007
10403, 0.0, 1.4000000000000021
10404, 0.0, 1.3000000000000007
10405, 0.0, 1.4000000000000021
10406, 0.0, 1.4000000000000021
10407, 0.0, 1.5
10408, 0.09999999999999787, 1.5
10409, 0.09999999999999787, 1.6000000000000014
10410, 0.09999999999999787, 1.8000000000000007
10411, 0.09999999999999787, 1.8000000000000007
10412, 0.09999999999999787, 1.9000000000000021
10413, 0.09999999999999787, 2.0
10414, 0.09999999999999787, 1.9000000000000021
10415, 0.09999999999999787, 2.0
10416, 0.09999999999999787, 2.0
10417, 0.09999999999999787, 2.200000000000003
10418, 0.0, 2.3000000000000007
10419, 0.0, 2.200000000000003
10420, 0.0, 2.3000000000000007
10421, 0.0, 2.3000000000000007
10422, 0.0, 2.3000000000000007
10423, 0.0, 2.3000000000000007
10424, 0.0, 2.400000000000002
10425, 0.0, 2.400000000000002
10426, 0.0, 2.400000000000002
10427, 0.0, 2.5
10428, 0.0, 2.400000000000002
10429, 0.0, 2.5
10430, 0.0, 2.5
10431, 0.0, 2.400000000000002
10432, 0.0, 2.400000000000002
10433, 0.0, 2.3000000000000007
10434, 0.0, 2.400000000000002
10435, 0.0, 2.3000000000000007
10436, 0.0, 2.3000000000000007
10437, 0.0, 2.200000000000003
10438, 0.0, 2.200000000000003
10439, 0.0, 2.0
10440, 0.0, 2.0
10441, 0.0, 2.0
10442, 0.0, 1.9000000000000021
10443, 0.0, 1.9000000000000021
10444, 0.0, 1.8000000000000007
10445, 0.0, 1.7000000000000028
10446, 0.0, 1.6000000000000014
10447, 0.0, 1.5
10448, 0.0, 1.4000000000000021
10449, 0.0, 1.2000000000000028
10450, 0.0, 1.1000000000000014
10451, 0.0, 1.0
10452, 0.09999999999999787, 0.9000000000000021
10453, 0.09999999999999787, 0.9000000000000021
10454, 0.09999999999999787, 0.8000000000000007
10455, 0.09999999999999787, 0.6000000000000014
10456, 0.09999999999999787, 0.5
10457, 0.09999999999999787, 0.40000000000000213
10458, 0.09999999999999787, 0.40000000000000213
10459, 0.09999999999999787, 0.20000000000000284
10460, 0.09999999999999787, 0.20000000000000284
10461, 0.09999999999999787, 0.10000000000000142
10462, 0.09999999999999787, 0.10000000000000142
10463, 0.09999999999999787, 0.0
10464, 0.09999999999999787, -0.1999999999999993
10465, 0.09999999999999787, -0.1999999999999993
10466, 0.09999999999999787, -0.29999999999999716
10467, 0.09999999999999787, -0.3999999999999986
10468, 0.09999999999999787, -0.5
10469, 0.09999999999999787, -0.5
10470, 0.09999999999999787, -0.5
10471, 0.09999999999999787, -0.5999999999999979
10472, 0.09999999999999787, -0.6999999999999993
10473, 0.09999999999999787, -0.6999999999999993
10474, 0.09999999999999787, -0.7999999999999972
10475, 0.09999999999999787, -0.7999999999999972
10476, 0.09999999999999787, -0.8999999999999986
10477, 0.09999999999999787, -0.8999999999999986
10478, 0.09999999999999787, -0.8999999999999986
10479, 0.09999999999999787, -0.8999999999999986
10480, 0.09999999999999787, -1.0
10481, 0.09999999999999787, -0.8999999999999986
10482, 0.09999999999999787, -1.0
10483, 0.09999999999999787, -1.0
10484, 0.09999999999999787, -1.0999999999999979
10485, 0.0, -1.0
10486, 0.0, -1.0
10487, 0.0, -1.0
10488, 0.0, -1.0
10489, 0.0, -0.8999999999999986
10490, 0.0, -0.8999999999999986
10491, 0.0, -0.8999999999999986
10492, 0.0, -0.7999999999999972
10493, 0.0, -0.7999999999999972
10494, 0.0, -0.7999999999999972
10495, 0.0, -0.7999999999999972
10496, 0.0, -0.5999999999999979
10497, 0.0, -0.5999999999999979
10498, 0.0, -0.5
10499, 0.0, -0.5
10500, 0.0, -0.5
10501, 0.0, -0.3999999999999986
10502, 0.0, -0.29999999999999716
10503, 0.0, -0.29999999999999716
10504, 0.0, -0.29999999999999716
10505, 0.0, -0.29999999999999716
10506, 0.0, -0.1999999999999993
10507, 0.0, -0.09999999999999787
10508, 0.0, 0.0
10509, 0.0, 0.10000000000000142
10510, 0.0, 0.10000000000000142
10511, 0.0, 0.10000000000000142
10512, 0.0, 0.20000000000000284
10513, 0.0, 0.40000000000000213
10514, 0.0, 0.40000000000000213
10515, 0.0, 0.5
10516, 0.0, 0.5
10517, 0.0, 0.6000000000000014
10518, 0.0, 0.5
10519, 0.0, 0.6000000000000014
10520, 0.0, 0.7000000000000028
10521, 0.0, 0.7000000000000028
10522, 0.0, 0.8000000000000007
10523, 0.0, 0.9000000000000021
10524, 0.0, 1.0
10525, 0.0, 1.0
10526, 0.0, 1.1000000000000014
10527, 0.0, 1.2000000000000028
10528, 0.0, 1.2000000000000028
10529, 0.0, 1.2000000000000028
10530, 0.0, 1.2000000000000028
10531, 0.0, 1.3000000000000007
10532, 0.0, 1.3000000000000007
10533, 0.0, 1.3000000000000007
10534, 0.0, 1.3000000000000007
10535, 0.0, 1.3000000000000007
10536, 0.0, 1.4000000000000021
10537, 0.0, 1.4000000000000021
10538, 0.0, 1.4000000000000021
10539, 0.0, 1.4000000000000021
10540, 0.0, 1.4000000000000021
10541, 0.0, 1.4000000000000021
10542, 0.0, 1.3000000000000007
10543, 0.0, 1.3000000000000007
10544, 0.0, 1.3000000000000007
10545, 0.09999999999999787, 1.3000000000000007
10546, 0.09999999999999787, 1.3000000000000007
10547, 0.09999999999999787, 1.2000000000000028
10548, 0.09999999999999787, 1.2000000000000028
10549, 0.09999999999999787, 1.1000000000000014
10550, 0.09999999999999787, 1.1000000000000014
10551, 0.09999999999999787, 1.0
10552, 0.09999999999999787, 1.1000000000000014
10553, 0.09999999999999787, 1.0
10554, 0.09999999999999787, 0.8000000000000007
10555, 0.09999999999999787, 0.7000000000000028
10556, 0.09999999999999787, 0.7000000000000028
10557, 0.09999999999999787, 0.5
10558, 0.09999999999999787, 0.5
10559, 0.09999999999999787, 0.5
10560, 0.09999999999999787, 0.3000000000000007
10561, 0.09999999999999787, 0.3000000000000007
10562, 0.09999999999999787, 0.20000000000000284
10563, 0.09999999999999787, 0.0
10564, 0.09999999999999787, 0.0
10565, 0.09999999999999787, -0.1999999999999993
10566, 0.09999999999999787, -0.29999999999999716
10567, 0.09999999999999787, -0.3999999999999986
10568, 0.09999999999999787, -0.3999999999999986
10569, 0.09999999999999787, -0.5999999999999979
10570, 0.09999999999999787, -0.5999999999999979
10571, 0.09999999999999787, -0.6999999999999993
10572, 0.09999999999999787, -0.8999999999999986
10573, 0.09999999999999787, -0.8999999999999986
10574, 0.09999999999999787, -1.0
10575, 0.09999999999999787, -1.0999999999999979
10576, 0.09999999999999787, -1.1999999999999993
10577, 0.09999999999999787, -1.2999999999999972
10578, 0.09999999999999787, -1.2999999999999972
10579, 0.09999999999999787, -1.3999999999999986
10580, 0.09999999999999787, -1.2999999999999972
10581, 0.09999999999999787, -1.5
10582, 0.09999999999999787, -1.5
10583, 0.09999999999999787, -1.5
10584, 0.09999999999999787, -1.5999999999999979
10585, 0.09999999999999787, -1.5
10586, 0.09999999999999787, -1.5999999999999979
10587, 0.09999999999999787, -1.5
10588, 0.09999999999999787, -1.5999999999999979
10589, 0.09999999999999787, -1.5999999999999979
10590, 0.09999999999999787, -1.5999999999999979
10591, 0.09999999999999787, -1.5999999999999979
10592, 0.09999999999999787, -1.5999999999999979
10593, 0.09999999999999787, -1.5999999999999979
10594, 0.09999999999999787, -1.5999999999999979
10595, 0.0, -1.6999999999999993
10596, 0.0, -1.5
10597, 0.0, -1.5999999999999979
10598, 0.0, -1.5
10599, 0.0, -1.3999999999999986
10600, 0.0, -1.5
10601, 0.0, -1.2999999999999972
10602, 0.0, -1.3999999999999986
10603, 0.0, -1.2999999999999972
10604, 0.0, -1.2999999999999972
10605, 0.0, -1.2999999999999972
10606, 0.0, -1.3999999999999986
10607, 0.0, -1.3999999999999986
10608, 0.0, -1.2999999999999972
10609, 0.0, -1.2999999999999972
10610, 0.0, -1.2999999999999972
10611, 0.0, -1.3999999999999986
10612, 0.0, -1.3999999999999986
10613, 0.0, -1.2999999999999972
10614, 0.0, -1.2999999999999972
10615, 0.0, -1.3999999999999986
10616, 0.0, -1.3999999999999986
10617, 0.0, -1.5
10618, 0.0, -1.5999999999999979
10619, 0.0, -1.5999999999999979
10620, 0.0, -1.5999999999999979
10621, 0.0, -1.5999999999999979
10622, 0.0, -1.6999999999999993
10623, 0.0, -1.6999999999999993
10624, 0.0, -1.6999999999999993
10625, 0.0, -1.7999999999999972
10626, 0.0, -1.8999999999999986
10627, 0.0, -1.8999999999999986
10628, 0.0, -2.0
10629, 0.0, -1.8999999999999986
10630, 0.0, -1.8999999999999986
10631, 0.0, -2.0
10632, 0.0, -2.0
10633, 0.0, -2.0
10634, 0.0, -2.0
10635, 0.0, -2.0
10636, 0.0, -1.8999999999999986
10637, 0.0, -1.8999999999999986
10638, 0.0, -1.8999999999999986
10639, 0.0, -1.8999999999999986
10640, 0.0, -1.7999999999999972
10641, 0.0, -1.6999999999999993
10642, 0.0, -1.7999999999999972
10643, 0.0, -1.6999999999999993
10644, 0.0, -1.7999999999999972
10645, 0.0, -1.6999999999999993
10646, 0.0, -1.5999999999999979
10647, 0.0, -1.5999999999999979
10648, 0.0, -1.5
10649, 0.0, -1.5
10650, 0.0, -1.3999999999999986
10651, 0.0, -1.1999999999999993
10652, 0.0, -1.0999999999999979
10653, 0.0, -1.0999999999999979
10654, 0.0, -1.0
10655, 0.0, -1.0
10656, 0.0, -0.8999999999999986
10657, 0.0, -0.7999999999999972
10658, 0.0, -0.5999999999999979
10659, 0.0, -0.5
10660, 0.0, -0.5
10661, 0.0, -0.3999999999999986
10662, 0.0, -0.29999999999999716
10663, 0.0, -0.09999999999999787
10664, 0.0, -0.09999999999999787
10665, 0.0, -0.09999999999999787
10666, 0.0, 0.10000000000000142
10667, 0.0, 0.10000000000000142
10668, 0.0, 0.3000000000000007
10669, 0.0, 0.40000000000000213
10670, 0.0, 0.5
10671, 0.0, 0.6000000000000014
10672, 0.0, 0.7000000000000028
10673, 0.0, 0.7000000000000028
10674, 0.0, 0.9000000000000021
10675, 0.0, 0.9000000000000021
10676, 0.0, 0.9000000000000021
10677, 0.0, 1.0
10678, 0.0, 1.1000000000000014
10679, 0.0, 1.1000000000000014
10680, 0.0, 1.3000000000000007
10681, 0.0, 1.4000000000000021
10682, 0.0, 1.4000000000000021
10683, 0.0, 1.4000000000000021
10684, 0.0, 1.5
10685, 0.09999999999999787, 1.6000000000000014
10686, 0.09999999999999787, 1.6000000000000014
10687, 0.09999999999999787, 1.6000000000000014
10688, 0.09999999999999787, 1.7000000000000028
10689, 0.09999999999999787, 1.7000000000000028
10690, 0.09999999999999787, 1.8000000000000007
10691, 0.09999999999999787, 1.8000000000000007
10692, 0.09999999999999787, 1.8000000000000007
10693, 0.09999999999999787, 1.9000000000000021
10694, 0.09999999999999787, 1.8000000000000007
10695, 0.09999999999999787, 1.8000000000000007
10696, 0.09999999999999787, 1.9000000000000021
10697, 0.09999999999999787, 1.9000000000000021
10698, 0.09999999999999787, 1.9000000000000021
10699, 0.09999999999999787, 2.0
10700, 0.09999999999999787, 1.9000000000000021
10701, 0.09999999999999787, 2.0
10702, 0.09999999999999787, 1.9000000000000021
10703, 0.09999999999999787, 2.0
10704, 0.09999999999999787, 1.9000000000000021
10705, 0.09999999999999787, 2.0
10706, 0.09999999999999787, 1.9000000000000021
10707, 0.09999999999999787, 1.9000000000000021
10708, 0.09999999999999787, 1.9000000000000021
10709, 0.09999999999999787, 1.8000000000000007
10710, 0.09999999999999787, 2.0
10711, 0.09999999999999787, 1.9000000000000021
10712, 0.09999999999999787, 1.9000000000000021
10713, 0.09999999999999787, 1.9000000000000021
10714, 0.09999999999999787, 1.8000000000000007
10715, 0.09999999999999787, 1.9000000000000021
10716, 0.09999999999999787, 1.8000000000000007
10717, 0.09999999999999787, 1.7000000000000028
10718, 0.09999999999999787, 1.8000000000000007
10719, 0.09999999999999787, 1.7000000000000028
10720, 0.09999999999999787, 1.8000000000000007
10721, 0.09999999999999787, 1.7000000000000028
10722, 0.09999999999999787, 1.6000000000000014
10723, 0.09999999999999787, 1.6000000000000014
10724, 0.09999999999999787, 1.5
10725, 0.09999999999999787, 1.5
10726, 0.09999999999999787, 1.5
10727, 0.09999999999999787, 1.5
10728, 0.09999999999999787, 1.3000000000000007
10729, 0.09999999999999787, 1.4000000000000021
10730, 0.09999999999999787, 1.3000000000000007
10731, 0.09999999999999787, 1.2000000000000028
10732, 0.09999999999999787, 1.2000000000000028
10733, 0.09999999999999787, 1.2000000000000028
10734, 0.09999999999999787, 1.2000000000000028
10735, 0.09999999999999787, 1.1000000000000014
10736, 0.09999999999999787, 1.1000000000000014
10737, 0.09999999999999787, 1.1000000000000014
10738, 0.09999999999999787, 1.1000000000000014
10739, 0.09999999999999787, 0.9000000000000021
10740, 0.09999999999999787, 1.0
10741, 0.09999999999999787, 0.8000000000000007
10742, 0.0, 0.9000000000000021
10743, 0.0, 0.7000000000000028
10744, 0.0, 0.7000000000000028
10745, 0.0, 0.6000000000000014
10746, 0.0, 0.6000000000000014
10747, 0.0, 0.6000000000000014
10748, 0.0, 0.5
10749, 0.0, 0.5
10750, 0.0, 0.40000000000000213
10751, 0.0, 0.3000000000000007
10752, 0.0, 0.20000000000000284
10753, 0.0, 0.20000000000000284
10754, 0.0, 0.10000000000000142
10755, 0.0, 0.10000000000000142
10756, 0.0, 0.10000000000000142
10757, 0.0, 0.10000000000000142
10758, 0.0, 0.0
10759, 0.0, 0.10000000000000142
10760, 0.0, -0.09999999999999787
10761, 0.0, -0.09999999999999787
10762, 0.0, -0.09999999999999787
10763, 0.0, -0.1999999999999993
10764, 0.0, -0.29999999999999716
10765, 0.0, -0.3999999999999986
10766, 0.0, -0.29999999999999716
10767, 0.0, -0.3999999999999986
10768, -0.10000000000000142, -0.3999999999999986
10769, -0.10000000000000142, -0.3999999999999986
10770, -0.10000000000000142, -0.5
10771, -0.10000000000000142, -0.5
10772, -0.10000000000000142, -0.5999999999999979
10773, -0.10000000000000142, -0.5999999999999979
10774, -0.10000000000000142, -0.6999999999999993
10775, -0.10000000000000142, -0.6999999999999993
10776, -0.10000000000000142, -0.6999999999999993
10777, 0.0, -0.6999999999999993
10778, 0.0, -0.6999999999999993
10779, 0.0, -0.7999999999999972
10780, 0.0, -0.6999999999999993
10781, 0.0, -0.6999999999999993
10782, 0.0, -0.7999999999999972
10783, 0.0, -0.6999999999999993
10784, 0.0, -0.8999999999999986
10785, 0.0, -0.8999999999999986
10786, 0.0, -0.7999999999999972
10787, 0.0, -0.7999999999999972
10788, 0.0, -0.7999999999999972
10789, 0.0, -0.7999999999999972
10790, 0.0, -0.7999999999999972
10791, 0.0, -0.7999999999999972
10792, 0.0, -0.7999999999999972
10793, 0.0, -0.7999999999999972
10794, 0.0, -0.7999999999999972
10795, 0.0, -0.7999999999999972
10796, 0.0, -0.7999999999999972
10797, 0.0, -0.7999999999999972
10798, 0.0, -0.7999999999999972
10799, 0.0, -0.6999999999999993
10800, 0.09999999999999787, -0.7999999999999972
10801, 0.09999999999999787, -0.6999999999999993
10802, 0.09999999999999787, -0.6999999999999993
10803, 0.09999999999999787, -0.6999999999999993
10804, 0.09999999999999787, -0.5999999999999979
10805, 0.09999999999999787, -0.5999999999999979
10806, 0.09999999999999787, -0.5999999999999979
10807, 0.09999999999999787, -0.5999999999999979
10808, 0.09999999999999787, -0.5999999999999979
10809, 0.09999999999999787, -0.5999999999999979
10810, 0.09999999999999787, -0.5
10811, 0.0, -0.5
10812, 0.0, -0.5
10813, 0.0, -0.5
10814, 0.0, -0.29999999999999716
10815, 0.0, -0.29999999999999716
10816, 0.0, -0.29999999999999716
10817, 0.0, -0.29999999999999716
10818, 0.0, -0.29999999999999716
10819, 0.0, -0.09999999999999787
10820, 0.0, -0.09999999999999787
10821, 0.0, -0.09999999999999787
10822, 0.0, -0.09999999999999787
10823, 0.0, -0.09999999999999787
10824, 0.0, 0.10000000000000142
10825, 0.0, 0.10000000000000142
10826, 0.0, 0.10000000000000142
10827, 0.0, 0.10000000000000142
10828, 0.0, 0.20000000000000284
10829, 0.0, 0.20000000000000284
10830, 0.0, 0.20000000000000284
10831, 0.0, 0.20000000000000284
10832, 0.0, 0.3000000000000007
10833, 0.0, 0.3000000000000007
10834, 0.0, 0.3000000000000007
10835, 0.0, 0.40000000000000213
10836, 0.0, 0.40000000000000213
10837, 0.0, 0.3000000000000007
10838, 0.0, 0.40000000000000213
10839, 0.0, 0.40000000000000213
10840, 0.0, 0.5
10841, 0.0, 0.5
10842, 0.0, 0.5
10843, 0.0, 0.5
10844, 0.0, 0.5
10845, 0.0, 0.5
10846, 0.0, 0.5
10847, 0.0, 0.5
10848, 0.0, 0.5
10849, 0.0, 0.6000000000000014
10850, 0.0, 0.6000000000000014
10851, 0.0, 0.6000000000000014
10852, 0.0, 0.6000000000000014
10853, 0.0, 0.6000000000000014
10854, 0.0, 0.6000000000000014
10855, 0.0, 0.6000000000000014
10856, 0.0, 0.7000000000000028
10857, 0.0, 0.6000000000000014
10858, 0.0, 0.7000000000000028
10859, 0.0, 0.7000000000000028
10860, 0.0, 0.7000000000000028
10861, 0.0, 0.7000000000000028
10862, 0.0, 0.7000000000000028
10863, 0.0, 0.7000000000000028
10864, 0.0, 0.7000000000000028
10865, 0.0, 0.7000000000000028
10866, 0.0, 0.7000000000000028
10867, 0.0, 0.8000000000000007
10868, 0.0, 0.8000000000000007
10869, 0.09999999999999787, 0.8000000000000007
10870, 0.09999999999999787, 0.8000000000000007
10871, 0.09999999999999787, 0.8000000000000007
10872, 0.09999999999999787, 0.8000000000000007
10873, 0.09999999999999787, 0.8000000000000007
10874, 0.0, 0.8000000000000007
10875, 0.0, 0.9000000000000021
10876, 0.0, 0.8000000000000007
10877, 0.0, 0.9000000000000021
10878, 0.0, 0.9000000000000021
10879, 0.0, 0.8000000000000007
10880, 0.0, 0.9000000000000021
10881, 0.0, 0.8000000000000007
10882, 0.0, 0.9000000000000021
10883, 0.0, 0.8000000000000007
10884, 0.0, 0.8000000000000007
10885, 0.0, 0.8000000000000007
10886, 0.0, 0.9000000000000021
10887, 0.0, 0.8000000000000007
10888, 0.0, 0.8000000000000007
10889, 0.0, 0.8000000000000007
10890, 0.0, 0.8000000000000007
10891, 0.0, 0.7000000000000028
10892, 0.0, 0.7000000000000028
10893, 0.0, 0.7000000000000028
10894, 0.0, 0.7000000000000028
10895, 0.0, 0.7000000000000028
10896, 0.0, 0.7000000000000028
10897, 0.0, 0.7000000000000028
10898, 0.0, 0.6000000000000014
10899, 0.0, 0.6000000000000014
10900, 0.0, 0.6000000000000014
10901, 0.0, 0.5
10902, 0.0, 0.5
10903, 0.0, 0.40000000000000213
10904, 0.0, 0.40000000000000213
10905, 0.0, 0.3000000000000007
10906, 0.0, 0.3000000000000007
10907, 0.0, 0.40000000000000213
10908, 0.0, 0.40000000000000213
10909, 0.0, 0.3000000000000007
10910, 0.0, 0.20000000000000284
10911, 0.0, 0.20000000000000284
10912, 0.0, 0.20000000000000284
10913, 0.0, 0.20000000000000284
10914, 0.0, 0.10000000000000142
10915, 0.0, 0.20000000000000284
10916, 0.0, 0.10000000000000142
10917, 0.0, 0.10000000000000142
10918, 0.0, 0.0
10919, 0.0, 0.0
10920, 0.09999999999999787, -0.09999999999999787
10921, 0.09999999999999787, 0.0
10922, 0.09999999999999787, 0.0
10923, 0.09999999999999787, -0.09999999999999787
10924, 0.09999999999999787, -0.1999999999999993
10925, 0.09999999999999787, -0.1999999999999993
10926, 0.09999999999999787, -0.1999999999999993
10927, 0.09999999999999787, -0.1999999999999993
10928, 0.09999999999999787, -0.1999999999999993
10929, 0.09999999999999787, -0.1999999999999993
10930, 0.09999999999999787, -0.29999999999999716
10931, 0.09999999999999787, -0.3999999999999986
10932, 0.09999999999999787, -0.29999999999999716
10933, 0.09999999999999787, -0.3999999999999986
10934, 0.09999999999999787, -0.29999999999999716
10935, 0.09999999999999787, -0.29999999999999716
10936, 0.09999999999999787, -0.3999999999999986
10937, 0.09999999999999787, -0.29999999999999716
10938, 0.09999999999999787, -0.29999999999999716
10939, 0.09999999999999787, -0.29999999999999716
10940, 0.09999999999999787, -0.29999999999999716
10941, 0.0, -0.3999999999999986
10942, 0.0, -0.3999999999999986
10943, 0.0, -0.3999999999999986
10944, 0.0, -0.3999999999999986
10945, 0.0, -0.3999999999999986
10946, 0.0, -0.3999999999999986
10947, 0.0, -0.5
10948, 0.0, -0.3999999999999986
10949, 0.0, -0.3999999999999986
10950, 0.0, -0.5
10951, 0.0, -0.3999999999999986
10952, 0.0, -0.5
10953, 0.0, -0.3999999999999986
10954, 0.0, -0.3999999999999986
10955, 0.0, -0.5
10956, 0.0, -0.3999999999999986
10957, 0.0, -0.3999999999999986
10958, 0.0, -0.29999999999999716
10959, 0.0, -0.3999999999999986
10960, 0.0, -0.5
10961, 0.0, -0.3999999999999986
10962, 0.0, -0.5
10963, 0.0, -0.3999999999999986
10964, 0.0, -0.3999999999999986
10965, 0.0, -0.3999999999999986
10966, 0.0, -0.3999999999999986
10967, 0.0, -0.3999999999999986
10968, 0.0, -0.29999999999999716
10969, 0.0, -0.3999999999999986
10970, 0.0, -0.1999999999999993
10971, 0.0, -0.1999999999999993
10972, 0.0, -0.29999999999999716
10973, 0.0, -0.1999999999999993
10974, 0.0, -0.1999999999999993
10975, 0.0, -0.1999999999999993
10976, 0.0, -0.1999999999999993
10977, 0.0, -0.09999999999999787
10978, 0.0, -0.1999999999999993
10979, 0.0, -0.1999999999999993
10980, 0.0, 0.0
10981, 0.0, -0.09999999999999787
10982, 0.0, 0.0
10983, 0.0, 0.0
10984, 0.0, 0.0
10985, 0.0, 0.0
10986, 0.0, 0.0
10987, 0.0, 0.0
10988, 0.0, 0.10000000000000142
10989, 0.0, 0.20000000000000284
10990, 0.0, 0.10000000000000142
10991, 0.0, 0.10000000000000142
10992, 0.0, 0.20000000000000284
10993, 0.0, 0.10000000000000142
10994, 0.0, 0.20000000000000284
10995, 0.0, 0.3000000000000007
10996, 0.0, 0.20000000000000284
10997, 0.0, 0.3000000000000007
10998, 0.0, 0.3000000000000007
10999, 0.0, 0.20000000000000284
11000, 0.0, 0.3000000000000007
11001, 0.0, 0.3000000000000007
11002, 0.0, 0.20000000000000284
11003, 0.0, 0.40000000000000213
11004, 0.0, 0.40000000000000213
11005, 0.0, 0.3000000000000007
11006, 0.0, 0.40000000000000213
11007, 0.0, 0.40000000000000213
11008, 0.0, 0.40000000000000213
11009, 0.0, 0.40000000000000213
11010, 0.0, 0.5
11011, 0.0, 0.5
11012, 0.0, 0.5
11013, 0.0, 0.5
11014, 0.0, 0.5
11015, 0.0, 0.40000000000000213
11016, 0.0, 0.5
11017, 0.09999999999999787, 0.5
11018, 0.09999999999999787, 0.5
11019, 0.09999999999999787, 0.5
11020, 0.09999999999999787, 0.5
11021, 0.09999999999999787, 0.5
11022, 0.09999999999999787, 0.5
11023, 0.09999999999999787, 0.6000000000000014
11024, 0.09999999999999787, 0.6000000000000014
11025, 0.09999999999999787, 0.6000000000000014
11026, 0.09999999999999787, 0.6000000000000014
11027, 0.09999999999999787, 0.6000000000000014
11028, 0.09999999999999787, 0.6000000000000014
11029, 0.09999999999999787, 0.6000000000000014
11030, 0.09999999999999787, 0.6000000000000014
11031, 0.09999999999999787, 0.6000000000000014
11032, 0.09999999999999787, 0.6000000000000014
11033, 0.09999999999999787, 0.6000000000000014
11034, 0.09999999999999787, 0.6000000000000014
11035, 0.09999999999999787, 0.6000000000000014
11036, 0.09999999999999787, 0.6000000000000014
11037, 0.09999999999999787, 0.6000000000000014
11038, 0.09999999999999787, 0.6000000000000014
11039, 0.09999999999999787, 0.6000000000000014
11040, 0.09999999999999787, 0.6000000000000014
11041, 0.09999999999999787, 0.6000000000000014
11042, 0.09999999999999787, 0.6000000000000014
11043, 0.09999999999999787, 0.7000000000000028
11044, 0.09999999999999787, 0.7000000000000028
11045, 0.09999999999999787, 0.7000000000000028
11046, 0.09999999999999787, 0.6000000000000014
11047, 0.09999999999999787, 0.6000000000000014
11048, 0.09999999999999787, 0.7000000000000028
11049, 0.09999999999999787, 0.7000000000000028
11050, 0.09999999999999787, 0.7000000000000028
11051, 0.09999999999999787, 0.7000000000000028
11052, 0.09999999999999787, 0.6000000000000014
11053, 0.09999999999999787, 0.6000000000000014
11054, 0.09999999999999787, 0.6000000000000014
11055, 0.09999999999999787, 0.6000000000000014
11056, 0.09999999999999787, 0.6000000000000014
11057, 0.09999999999999787, 0.6000000000000014
11058, 0.09999999999999787, 0.6000000000000014
11059, 0.09999999999999787, 0.5
11060, 0.09999999999999787, 0.5
11061, 0.09999999999999787, 0.40000000000000213
11062, 0.09999999999999787, 0.40000000000000213
11063, 0.09999999999999787, 0.5
11064, 0.09999999999999787, 0.40000000000000213
11065, 0.09999999999999787, 0.40000000000000213
11066, 0.09999999999999787, 0.40000000000000213
11067, 0.09999999999999787, 0.3000000000000007
11068, 0.09999999999999787, 0.3000000000000007
11069, 0.09999999999999787, 0.20000000000000284
11070, 0.09999999999999787, 0.20000000000000284
11071, 0.09999999999999787, 0.10000000000000142
11072, 0.09999999999999787, 0.20000000000000284
11073, 0.09999999999999787, 0.10000000000000142
11074, 0.09999999999999787, 0.20000000000000284
11075, 0.09999999999999787, 0.10000000000000142
11076, 0.09999999999999787, 0.0
11077, 0.09999999999999787, 0.10000000000000142
11078, 0.09999999999999787, 0.0
11079, 0.09999999999999787, 0.0
11080, 0.09999999999999787, 0.0
11081, 0.09999999999999787, 0.0
11082, 0.09999999999999787, 0.0
11083, 0.09999999999999787, 0.0
11084, 0.09999999999999787, -0.09999999999999787
11085, 0.09999999999999787, -0.09999999999999787
11086, 0.09999999999999787, -0.09999999999999787
11087, 0.09999999999999787, -0.1999999999999993
11088, 0.09999999999999787, -0.29999999999999716
11089, 0.09999999999999787, -0.29999999999999716
11090, 0.09999999999999787, -0.29999999999999716
11091, 0.09999999999999787, -0.29999999999999716
11092, 0.09999999999999787, -0.29999999999999716
11093, 0.09999999999999787, -0.3999999999999986
11094, 0.09999999999999787, -0.5
11095, 0.09999999999999787, -0.3999999999999986
11096, 0.09999999999999787, -0.3999999999999986
11097, 0.09999999999999787, -0.5999999999999979
11098, 0.09999999999999787, -0.5999999999999979
11099, 0.09999999999999787, -0.5
11100, 0.09999999999999787, -0.5999999999999979
11101, 0.09999999999999787, -0.5999999999999979
11102, 0.09999999999999787, -0.5999999999999979
11103, 0.09999999999999787, -0.5999999999999979
11104, 0.09999999999999787, -0.6999999999999993
11105, 0.09999999999999787, -0.6999999999999993
11106, 0.09999999999999787, -0.6999999999999993
11107, 0.09999999999999787, -0.6999999999999993
11108, 0.09999999999999787, -0.7999999999999972
11109, 0.09999999999999787, -0.7999999999999972
11110, 0.09999999999999787, -0.7999999999999972
11111, 0.09999999999999787, -0.6999999999999993
11112, 0.09999999999999787, -0.8999999999999986
11113, 0.09999999999999787, -0.8999999999999986
11114, 0.09999999999999787, -0.7999999999999972
11115, 0.09999999999999787, -1.0
11116, 0.09999999999999787, -0.8999999999999986
11117, 0.09999999999999787, -0.8999999999999986
11118, 0.09999999999999787, -0.8999999999999986
11119, 0.09999999999999787, -1.0
11120, 0.09999999999999787, -0.8999999999999986
11121, 0.09999999999999787, -0.8999999999999986
11122, 0.09999999999999787, -0.8999999999999986
11123, 0.09999999999999787, -0.8999999999999986
11124, 0.09999999999999787, -0.7999999999999972
11125, 0.09999999999999787, -0.7999999999999972
11126, 0.09999999999999787, -0.7999999999999972
11127, 0.0, -0.7999999999999972
11128, 0.0, -0.8999999999999986
11129, 0.0, -0.7999999999999972
11130, 0.0, -0.6999999999999993
11131, 0.0, -0.6999999999999993
11132, 0.0, -0.5999999999999979
11133, 0.0, -0.5
11134, 0.0, -0.3999999999999986
11135, 0.0, -0.3999999999999986
11136, 0.0, -0.3999999999999986
11137, 0.0, -0.3999999999999986
11138, 0.0, -0.29999999999999716
11139, 0.0, -0.29999999999999716
11140, 0.0, -0.09999999999999787
11141, 0.0, 0.0
11142, 0.0, 0.0
11143, 0.0, 0.0
11144, 0.0, 0.10000000000000142
11145, 0.0, 0.20000000000000284
11146, 0.0, 0.3000000000000007
11147, 0.0, 0.3000000000000007
11148, 0.0, 0.3000000000000007
11149, 0.0, 0.5
11150, 0.0, 0.5
11151, 0.0, 0.5
11152, 0.0, 0.7000000000000028
11153, 0.0, 0.8000000000000007
11154, 0.0, 0.8000000000000007
11155, 0.0, 0.8000000000000007
11156, 0.0, 0.9000000000000021
11157, 0.0, 0.9000000000000021
11158, 0.0, 1.0
11159, 0.0, 1.0
11160, 0.0, 1.1000000000000014
11161, 0.0, 1.1000000000000014
11162, 0.0, 1.2000000000000028
11163, 0.0, 1.2000000000000028
11164, 0.0, 1.2000000000000028
11165, 0.0, 1.2000000000000028
11166, 0.0, 1.2000000000000028
11167, 0.0, 1.3000000000000007
11168, 0.0, 1.2000000000000028
11169, 0.0, 1.3000000000000007
11170, 0.0, 1.2000000000000028
11171, 0.0, 1.3000000000000007
11172, 0.0, 1.2000000000000028
11173, 0.0, 1.2000000000000028
11174, 0.0, 1.3000000000000007
11175, 0.0, 1.1000000000000014
11176, 0.0, 1.1000000000000014
11177, 0.0, 1.1000000000000014
11178, 0.0, 1.0
11179, 0.0, 0.9000000000000021
11180, 0.0, 0.9000000000000021
11181, 0.0, 0.9000000000000021
11182, 0.0, 0.7000000000000028
11183, 0.0, 0.7000000000000028
11184, 0.0, 0.7000000000000028
11185, 0.0, 0.6000000000000014
11186, 0.0, 0.40000000000000213
11187, 0.0, 0.40000000000000213
11188, 0.0, 0.3000000000000007
11189, 0.0, 0.20000000000000284
11190, 0.0, 0.20000000000000284
11191, 0.0, 0.0
11192, 0.0, 0.0
11193, 0.0, -0.1999999999999993
11194, 0.0, -0.29999999999999716
11195, 0.0, -0.29999999999999716
11196, 0.0, -0.3999999999999986
11197, 0.0, -0.5
11198, 0.0, -0.5
11199, 0.0, -0.5999999999999979
11200, 0.0, -0.6999999999999993
11201, 0.0, -0.7999999999999972
11202, 0.0, -0.7999999999999972
11203, 0.0, -0.8999999999999986
11204, 0.0, -0.8999999999999986
11205, 0.0, -0.8999999999999986
11206, 0.0, -1.0
11207, 0.0, -1.0999999999999979
11208, 0.0, -1.1999999999999993
11209, 0.0, -1.1999999999999993
11210, 0.0, -1.1999999999999993
11211, 0.0, -1.2999999999999972
11212, 0.0, -1.2999999999999972
11213, 0.0, -1.3999999999999986
11214, 0.0, -1.3999999999999986
11215, 0.0, -1.3999999999999986
11216, 0.0, -1.3999999999999986
11217, 0.0, -1.3999999999999986
11218, 0.0, -1.5
11219, 0.0, -1.2999999999999972
11220, 0.0, -1.2999999999999972
11221, 0.0, -1.3999999999999986
11222, 0.0, -1.2999999999999972
11223, 0.0, -1.1999999999999993
11224, 0.0, -1.0999999999999979
11225, 0.0, -1.1999999999999993
11226, 0.0, -1.0999999999999979
11227, 0.0, -1.0999999999999979
11228, 0.0, -1.0999999999999979
11229, 0.0, -1.0
11230, 0.0, -0.7999999999999972
11231, 0.0, -0.7999999999999972
11232, 0.0, -0.6999999999999993
11233, 0.0, -0.5999999999999979
11234, 0.0, -0.5
11235, 0.0, -0.5
11236, 0.0, -0.5999999999999979
11237, 0.0, -0.3999999999999986
11238, 0.0, -0.29999999999999716
11239, 0.0, -0.29999999999999716
11240, 0.0, -0.1999999999999993
11241, 0.0, -0.09999999999999787
11242, 0.0, 0.0
11243, 0.0, 0.0
11244, 0.0, 0.10000000000000142
11245, 0.0, 0.10000000000000142
11246, 0.0, 0.10000000000000142
11247, 0.0, 0.10000000000000142
11248, 0.0, 0.20000000000000284
11249, 0.0, 0.20000000000000284
11250, 0.0, 0.3000000000000007
11251, 0.0, 0.20000000000000284
11252, 0.0, 0.3000000000000007
11253, 0.0, 0.40000000000000213
11254, 0.0, 0.40000000000000213
11255, 0.0, 0.40000000000000213
11256, 0.0, 0.40000000000000213
11257, 0.09999999999999787, 0.40000000000000213
11258, 0.09999999999999787, 0.40000000000000213
11259, 0.09999999999999787, 0.3000000000000007
11260, 0.09999999999999787, 0.3000000000000007
11261, 0.09999999999999787, 0.40000000000000213
11262, 0.09999999999999787, 0.3000000000000007
11263, 0.09999999999999787, 0.3000000000000007
11264, 0.09999999999999787, 0.20000000000000284
11265, 0.09999999999999787, 0.20000000000000284
11266, 0.09999999999999787, 0.10000000000000142
11267, 0.09999999999999787, 0.20000000000000284
11268, 0.09999999999999787, 0.20000000000000284
11269, 0.09999999999999787, 0.10000000000000142
11270, 0.09999999999999787, 0.10000000000000142
11271, 0.09999999999999787, 0.0
11272, 0.09999999999999787, 0.10000000000000142
11273, 0.09999999999999787, -0.09999999999999787
11274, 0.09999999999999787, -0.09999999999999787
11275, 0.09999999999999787, -0.1999999999999993
11276, 0.09999999999999787, -0.09999999999999787
11277, 0.09999999999999787, -0.1999999999999993
11278, 0.09999999999999787, -0.1999999999999993
11279, 0.09999999999999787, -0.29999999999999716
11280, 0.09999999999999787, -0.1999999999999993
11281, 0.09999999999999787, -0.3999999999999986
11282, 0.09999999999999787, -0.29999999999999716
11283, 0.09999999999999787, -0.29999999999999716
11284, 0.09999999999999787, -0.3999999999999986
11285, 0.09999999999999787, -0.3999999999999986
11286, 0.09999999999999787, -0.3999999999999986
11287, 0.09999999999999787, -0.5
11288, 0.09999999999999787, -0.3999999999999986
11289, 0.09999999999999787, -0.3999999999999986
11290, 0.09999999999999787, -0.5
11291, 0.09999999999999787, -0.5
11292, 0.09999999999999787, -0.3999999999999986
11293, 0.0, -0.5
11294, 0.0, -0.5
11295, 0.0, -0.3999999999999986
11296, 0.0, -0.29999999999999716
11297, 0.0, -0.3999999999999986
11298, 0.0, -0.5
11299, 0.0, -0.3999999999999986
11300, 0.0, -0.3999999999999986
11301, 0.0, -0.3999999999999986
11302, 0.0, -0.29999999999999716
11303, 0.0, -0.29999999999999716
11304, 0.0, -0.29999999999999716
11305, 0.0, -0.29999999999999716
11306, 0.0, -0.1999999999999993
11307, 0.0, -0.1999999999999993
11308, 0.0, -0.29999999999999716
11309, 0.0, -0.1999999999999993
11310, 0.0, -0.09999999999999787
11311, 0.0, -0.09999999999999787
11312, 0.0, 0.0
11313, 0.0, 0.0
11314, 0.0, 0.0
11315, 0.0, 0.0
11316, 0.09999999999999787, 0.0
11317, 0.09999999999999787, 0.0
11318, 0.09999999999999787, 0.0
11319, 0.09999999999999787, 0.10000000000000142
11320, 0.09999999999999787, 0.10000000000000142
11321, 0.09999999999999787, 0.10000000000000142
11322, 0.09999999999999787, 0.10000000000000142
11323, 0.09999999999999787, 0.10000000000000142
11324, 0.09999999999999787, 0.10000000000000142
11325, 0.09999999999999787, 0.20000000000000284
11326, 0.09999999999999787, 0.20000000000000284
11327, 0.09999999999999787, 0.20000000000000284
11328, 0.09999999999999787, 0.20000000000000284
11329, 0.09999999999999787, 0.20000000000000284
11330, 0.09999999999999787, 0.20000000000000284
11331, 0.09999999999999787, 0.3000000000000007
11332, 0.09999999999999787, 0.3000000000000007
11333, 0.09999999999999787, 0.3000000000000007
11334, 0.09999999999999787, 0.3000000000000007
11335, 0.09999999999999787, 0.3000000000000007
11336, 0.09999999999999787, 0.3000000000000007
11337, 0.09999999999999787, 0.40000000000000213
11338, 0.09999999999999787, 0.40000000000000213
11339, 0.09999999999999787, 0.40000000000000213
11340, 0.09999999999999787, 0.40000000000000213
11341, 0.09999999999999787, 0.40000000000000213
11342, 0.09999999999999787, 0.5
11343, 0.09999999999999787, 0.5
11344, 0.09999999999999787, 0.40000000000000213
11345, 0.09999999999999787, 0.40000000000000213
11346, 0.09999999999999787, 0.40000000000000213
11347, 0.09999999999999787, 0.40000000000000213
11348, 0.09999999999999787, 0.5
11349, 0.09999999999999787, 0.5
11350, 0.09999999999999787, 0.5
11351, 0.09999999999999787, 0.40000000000000213
11352, 0.09999999999999787, 0.40000000000000213
11353, 0.09999999999999787, 0.40000000000000213
11354, 0.09999999999999787, 0.40000000000000213
11355, 0.09999999999999787, 0.5
11356, 0.09999999999999787, 0.5
11357, 0.09999999999999787, 0.40000000000000213
11358, 0.09999999999999787, 0.40000000000000213
11359, 0.0, 0.40000000000000213
11360, 0.0, 0.40000000000000213
11361, 0.0, 0.3000000000000007
11362, 0.0, 0.40000000000000213
11363, 0.0, 0.40000000000000213
11364, 0.0, 0.40000000000000213
11365, 0.0, 0.3000000000000007
11366, 0.0, 0.3000000000000007
11367, 0.0, 0.40000000000000213
11368, 0.0, 0.3000000000000007
11369, 0.0, 0.3000000000000007
11370, 0.0, 0.3000000000000007
11371, 0.0, 0.20000000000000284
11372, 0.0, 0.20000000000000284
11373, 0.0, 0.3000000000000007
11374, 0.0, 0.20000000000000284
11375, 0.0, 0.20000000000000284
11376, 0.0, 0.20000000000000284
11377, 0.0, 0.20000000000000284
11378, 0.0, 0.20000000000000284
11379, 0.0, 0.20000000000000284
11380, 0.0, 0.20000000000000284
11381, 0.0, 0.20000000000000284
11382, 0.0, 0.10000000000000142
11383, 0.0, 0.20000000000000284
11384, 0.0, 0.10000000000000142
11385, 0.0, 0.10000000000000142
11386, 0.0, 0.20000000000000284
11387, 0.0, 0.10000000000000142
11388, 0.0, 0.0
11389, 0.0, -0.09999999999999787
11390, 0.0, 0.0
11391, 0.0, 0.0
11392, 0.0, -0.09999999999999787
11393, 0.09999999999999787, 0.0
11394, 0.09999999999999787, 0.0
11395, 0.09999999999999787, 0.0
11396, 0.09999999999999787, 0.0
11397, 0.09999999999999787, -0.09999999999999787
11398, 0.09999999999999787, -0.09999999999999787
11399, 0.09999999999999787, 0.0
11400, 0.09999999999999787, -0.09999999999999787
11401, 0.09999999999999787, 0.0
11402, 0.09999999999999787, 0.0
11403, 0.09999999999999787, -0.09999999999999787
11404, 0.09999999999999787, -0.09999999999999787
11405, 0.09999999999999787, 0.0
11406, 0.09999999999999787, 0.0
11407, 0.09999999999999787, -0.09999999999999787
11408, 0.09999999999999787, 0.0
11409, 0.09999999999999787, 0.0
11410, 0.09999999999999787, -0.09999999999999787
11411, 0.09999999999999787, 0.0
11412, 0.09999999999999787, 0.10000000000000142
11413, 0.09999999999999787, 0.0
11414, 0.09999999999999787, 0.0
11415, 0.09999999999999787, 0.10000000000000142
11416, 0.09999999999999787, 0.0
11417, 0.09999999999999787, 0.10000000000000142
11418, 0.09999999999999787, 0.10000000000000142
11419, 0.09999999999999787, 0.10000000000000142
11420, 0.09999999999999787, 0.10000000000000142
11421, 0.09999999999999787, 0.10000000000000142
11422, 0.09999999999999787, 0.20000000000000284
11423, 0.09999999999999787, 0.10000000000000142
11424, 0.09999999999999787, 0.20000000000000284
11425, 0.09999999999999787, 0.20000000000000284
11426, 0.09999999999999787, 0.3000000000000007
11427, 0.09999999999999787, 0.10000000000000142
11428, 0.09999999999999787, 0.20000000000000284
11429, 0.09999999999999787, 0.20000000000000284
11430, 0.09999999999999787, 0.20000000000000284
11431, 0.09999999999999787, 0.20000000000000284
11432, 0.09999999999999787, 0.3000000000000007
11433, 0.09999999999999787, 0.20000000000000284
11434, 0.09999999999999787, 0.3000000000000007
11435, 0.09999999999999787, 0.40000000000000213
11436, 0.09999999999999787, 0.20000000000000284
11437, 0.09999999999999787, 0.3000000000000007
11438, 0.09999999999999787, 0.3000000000000007
11439, 0.09999999999999787, 0.40000000000000213
11440, 0.09999999999999787, 0.3000000000000007
11441, 0.09999999999999787, 0.40000000000000213
11442, 0.0, 0.3000000000000007
11443, 0.0, 0.3000000000000007
11444, 0.0, 0.3000000000000007
11445, 0.0, 0.40000000000000213
11446, 0.0, 0.3000000000000007
11447, 0.0, 0.3000000000000007
11448, 0.0, 0.3000000000000007
11449, 0.0, 0.40000000000000213
11450, 0.0, 0.3000000000000007
11451, 0.0, 0.40000000000000213
11452, 0.0, 0.3000000000000007
11453, 0.0, 0.40000000000000213
11454, 0.0, 0.3000000000000007
11455, 0.0, 0.20000000000000284
11456, 0.09999999999999787, 0.3000000000000007
11457, 0.09999999999999787, 0.3000000000000007
11458, 0.09999999999999787, 0.3000000000000007
11459, 0.09999999999999787, 0.20000000000000284
11460, 0.09999999999999787, 0.3000000000000007
11461, 0.0, 0.3000000000000007
11462, 0.09999999999999787, 0.20000000000000284
11463, 0.0, 0.20000000000000284
11464, 0.0, 0.20000000000000284
11465, 0.0, 0.3000000000000007
11466, 0.0, 0.20000000000000284
11467, 0.0, 0.10000000000000142
11468, 0.0, 0.20000000000000284
11469, 0.0, 0.20000000000000284
11470, 0.0, 0.10000000000000142
11471, 0.0, 0.20000000000000284
11472, 0.0, 0.10000000000000142
11473, 0.0, 0.10000000000000142
11474, 0.0, 0.0
11475, 0.0, 0.0
11476, 0.0, 0.10000000000000142
11477, 0.0, 0.10000000000000142
11478, 0.0, 0.0
11479, 0.0, 0.0
11480, 0.0, 0.0
11481, 0.0, 0.0
11482, 0.0, 0.0
11483, 0.0, 0.0
11484, 0.0, 0.0
11485, 0.0, 0.0
11486, 0.0, -0.1999999999999993
11487, 0.0, -0.1999999999999993
11488, 0.0, -0.1999999999999993
11489, 0.0, -0.1999999999999993
11490, 0.0, -0.1999999999999993
11491, 0.0, -0.1999999999999993
11492, 0.0, -0.1999999999999993
11493, 0.0, -0.29999999999999716
11494, 0.0, -0.29999999999999716
11495, 0.0, -0.1999999999999993
11496, 0.0, -0.29999999999999716
11497, 0.0, -0.29999999999999716
11498, 0.0, -0.29999999999999716
11499, 0.0, -0.3999999999999986
11500, 0.0, -0.3999999999999986
11501, 0.0, -0.5
11502, 0.0, -0.3999999999999986
11503, 0.0, -0.5
11504, 0.0, -0.5
11505, 0.0, -0.5
11506, 0.0, -0.5
11507, 0.0, -0.5
11508, 0.0, -0.3999999999999986
11509, 0.0, -0.5
11510, 0.0, -0.5
11511, 0.0, -0.5
11512, 0.0, -0.3999999999999986
11513, 0.0, -0.5
11514, 0.0, -0.3999999999999986
11515, 0.0, -0.3999999999999986
11516, 0.0, -0.3999999999999986
11517, 0.0, -0.29999999999999716
11518, 0.0, -0.3999999999999986
11519, 0.0, -0.3999999999999986
11520, 0.0, -0.29999999999999716
11521, 0.0, -0.3999999999999986
11522, 0.0, -0.29999999999999716
11523, 0.0, -0.29999999999999716
11524, 0.0, -0.29999999999999716
11525, 0.0, -0.1999999999999993
11526, 0.0, -0.29999999999999716
11527, 0.0, -0.1999999999999993
11528, 0.0, -0.1999999999999993
11529, 0.0, -0.09999999999999787
11530, 0.0, -0.1999999999999993
11531, 0.0, -0.09999999999999787
11532, 0.0, -0.09999999999999787
11533, 0.0, 0.0
11534, 0.0, 0.10000000000000142
11535, 0.0, -0.09999999999999787
11536, 0.0, 0.0
11537, 0.0, 0.0
11538, 0.0, 0.10000000000000142
11539, 0.0, 0.10000000000000142
11540, 0.0, 0.10000000000000142
11541, 0.0, 0.10000000000000142
11542, 0.0, 0.20000000000000284
11543, 0.0, 0.10000000000000142
11544, 0.0, 0.20000000000000284
11545, 0.0, 0.20000000000000284
11546, 0.0, 0.10000000000000142
11547, 0.0, 0.20000000000000284
11548, 0.0, 0.10000000000000142
11549, 0.0, 0.20000000000000284
11550, 0.0, 0.10000000000000142
11551, 0.0, 0.10000000000000142
11552, 0.0, 0.10000000000000142
11553, 0.0, 0.10000000000000142
11554, 0.0, 0.10000000000000142
11555, 0.0, 0.10000000000000142
11556, 0.0, 0.0
11557, 0.0, 0.0
11558, 0.0, 0.0
11559, 0.0, 0.0
11560, 0.0, -0.09999999999999787
11561, 0.0, -0.1999999999999993
11562, 0.0, -0.1999999999999993
11563, 0.0, -0.1999999999999993
11564, 0.0, -0.29999999999999716
11565, 0.0, -0.3999999999999986
11566, 0.0, -0.3999999999999986
11567, 0.0, -0.3999999999999986
11568, 0.0, -0.3999999999999986
11569, 0.0, -0.5
11570, 0.0, -0.5
11571, 0.0, -0.5
11572, 0.0, -0.5
11573, 0.0, -0.5999999999999979
11574, 0.0, -0.5
11575, 0.0, -0.5999999999999979
11576, 0.0, -0.5999999999999979
11577, 0.0, -0.5999999999999979
11578, 0.0, -0.5999999999999979
11579, 0.0, -0.6999999999999993
11580, 0.0, -0.5999999999999979
11581, 0.0, -0.6999999999999993
11582, 0.0, -0.5999999999999979
11583, 0.0, -0.6999999999999993
11584, 0.0, -0.5999999999999979
11585, 0.09999999999999787, -0.5999999999999979
11586, 0.09999999999999787, -0.5999999999999979
11587, 0.09999999999999787, -0.5999999999999979
11588, 0.09999999999999787, -0.5
11589, 0.09999999999999787, -0.5
11590, 0.09999999999999787, -0.5
11591, 0.09999999999999787, -0.5
11592, 0.09999999999999787, -0.3999999999999986
11593, 0.09999999999999787, -0.3999999999999986
11594, 0.09999999999999787, -0.29999999999999716
11595, 0.09999999999999787, -0.29999999999999716
11596, 0.09999999999999787, -0.1999999999999993
11597, 0.09999999999999787, -0.1999999999999993
11598, 0.09999999999999787, -0.09999999999999787
11599, 0.09999999999999787, -0.1999999999999993
11600, 0.09999999999999787, -0.09999999999999787
11601, 0.09999999999999787, -0.09999999999999787
11602, 0.09999999999999787, 0.0
11603, 0.09999999999999787, 0.10000000000000142
11604, 0.09999999999999787, 0.10000000000000142
11605, 0.09999999999999787, 0.10000000000000142
11606, 0.09999999999999787, 0.10000000000000142
11607, 0.09999999999999787, 0.10000000000000142
11608, 0.09999999999999787, 0.10000000000000142
11609, 0.09999999999999787, 0.3000000000000007
11610, 0.09999999999999787, 0.20000000000000284
11611, 0.09999999999999787, 0.3000000000000007
11612, 0.09999999999999787, 0.3000000000000007
11613, 0.09999999999999787, 0.3000000000000007
11614, 0.09999999999999787, 0.40000000000000213
11615, 0.09999999999999787, 0.40000000000000213
11616, 0.09999999999999787, 0.40000000000000213
11617, 0.09999999999999787, 0.40000000000000213
11618, 0.09999999999999787, 0.40000000000000213
11619, 0.09999999999999787, 0.3000000000000007
11620, 0.09999999999999787, 0.40000000000000213
11621, 0.09999999999999787, 0.40000000000000213
11622, 0.09999999999999787, 0.40000000000000213
11623, 0.09999999999999787, 0.3000000000000007
11624, 0.09999999999999787, 0.3000000000000007
11625, 0.09999999999999787, 0.40000000000000213
11626, 0.09999999999999787, 0.3000000000000007
11627, 0.09999999999999787, 0.20000000000000284
11628, 0.09999999999999787, 0.3000000000000007
11629, 0.09999999999999787, 0.3000000000000007
11630, 0.09999999999999787, 0.20000000000000284
11631, 0.09999999999999787, 0.3000000000000007
11632, 0.09999999999999787, 0.20000000000000284
11633, 0.09999999999999787, 0.20000000000000284
11634, 0.09999999999999787, 0.20000000000000284
11635, 0.09999999999999787, 0.10000000000000142
11636, 0.09999999999999787, 0.20000000000000284
11637, 0.09999999999999787, 0.10000000000000142
11638, 0.09999999999999787, 0.0
11639, 0.09999999999999787, 0.10000000000000142
11640, 0.09999999999999787, 0.0
11641, 0.09999999999999787, 0.0
11642, 0.09999999999999787, -0.09999999999999787
11643, 0.09999999999999787, 0.0
11644, 0.09999999999999787, -0.09999999999999787
11645, 0.09999999999999787, -0.09999999999999787
11646, 0.09999999999999787, -0.09999999999999787
11647, 0.09999999999999787, -0.09999999999999787
11648, 0.09999999999999787, -0.09999999999999787
11649, 0.09999999999999787, -0.09999999999999787
11650, 0.09999999999999787, -0.1999999999999993
11651, 0.09999999999999787, -0.1999999999999993
11652, 0.09999999999999787, -0.1999999999999993
11653, 0.09999999999999787, -0.09999999999999787
11654, 0.09999999999999787, -0.09999999999999787
11655, 0.09999999999999787, -0.1999999999999993
11656, 0.09999999999999787, -0.09999999999999787
11657, 0.09999999999999787, -0.09999999999999787
11658, 0.09999999999999787, -0.09999999999999787
11659, 0.09999999999999787, -0.09999999999999787
11660, 0.09999999999999787, 0.0
11661, 0.09999999999999787, 0.0
11662, 0.09999999999999787, 0.0
11663, 0.09999999999999787, 0.0
11664, 0.09999999999999787, -0.09999999999999787
11665, 0.09999999999999787, 0.0
11666, 0.09999999999999787, 0.0
11667, 0.09999999999999787, 0.0
11668, 0.09999999999999787, 0.0
11669, 0.09999999999999787, 0.0
11670, 0.09999999999999787, 0.0
11671, 0.09999999999999787, 0.0
11672, 0.09999999999999787, 0.10000000000000142
11673, 0.09999999999999787, 0.0
11674, 0.09999999999999787, 0.10000000000000142
11675, 0.09999999999999787, 0.20000000000000284
11676, 0.09999999999999787, 0.20000000000000284
11677, 0.09999999999999787, 0.20000000000000284
11678, 0.09999999999999787, 0.20000000000000284
11679, 0.09999999999999787, 0.3000000000000007
11680, 0.09999999999999787, 0.20000000000000284
11681, 0.09999999999999787, 0.3000000000000007
11682, 0.09999999999999787, 0.3000000000000007
11683, 0.09999999999999787, 0.3000000000000007
11684, 0.09999999999999787, 0.3000000000000007
11685, 0.09999999999999787, 0.40000000000000213
11686, 0.09999999999999787, 0.20000000000000284
11687, 0.09999999999999787, 0.3000000000000007
11688, 0.09999999999999787, 0.3000000000000007
11689, 0.09999999999999787, 0.3000000000000007
11690, 0.09999999999999787, 0.3000000000000007
11691, 0.0, 0.3000000000000007
11692, 0.0, 0.20000000000000284
11693, 0.09999999999999787, 0.3000000000000007
11694, 0.09999999999999787, 0.3000000000000007
11695, 0.09999999999999787, 0.20000000000000284
11696, 0.09999999999999787, 0.20000000000000284
11697, 0.09999999999999787, 0.3000000000000007
11698, 0.09999999999999787, 0.10000000000000142
11699, 0.0, 0.20000000000000284
11700, 0.0, 0.20000000000000284
11701, 0.0, 0.20000000000000284
11702, 0.0, 0.10000000000000142
11703, 0.0, 0.20000000000000284
11704, 0.0, 0.10000000000000142
11705, 0.0, 0.10000000000000142
11706, 0.0, 0.10000000000000142
11707, 0.0, 0.10000000000000142
11708, 0.0, 0.10000000000000142
11709, 0.0, 0.0
11710, 0.0, 0.10000000000000142
11711, 0.0, 0.10000000000000142
11712, 0.0, 0.0
11713, 0.0, 0.10000000000000142
11714, 0.0, 0.0
11715, 0.0, 0.0
11716, 0.0, 0.0
11717, 0.0, 0.10000000000000142
11718, 0.0, 0.10000000000000142
11719, 0.0, 0.0
11720, 0.0, 0.0
11721, 0.0, 0.10000000000000142
11722, 0.0, 0.0
11723, 0.0, 0.0
11724, 0.0, 0.0
11725, 0.0, 0.0
11726, 0.0, 0.10000000000000142
11727, 0.0, 0.10000000000000142
11728, 0.0, 0.10000000000000142
11729, 0.0, 0.10000000000000142
11730, 0.0, 0.10000000000000142
11731, 0.0, 0.10000000000000142
11732, 0.0, 0.10000000000000142
11733, 0.0, 0.10000000000000142
11734, 0.0, 0.20000000000000284
11735, 0.0, 0.20000000000000284
11736, 0.0, 0.20000000000000284
11737, 0.0, 0.20000000000000284
11738, 0.0, 0.20000000000000284
11739, 0.0, 0.20000000000000284
11740, 0.0, 0.20000000000000284
11741, 0.0, 0.20000000000000284
11742, 0.0, 0.20000000000000284
11743, 0.0, 0.20000000000000284
11744, 0.0, 0.20000000000000284
11745, 0.0, 0.20000000000000284
11746, 0.0, 0.3000000000000007
11747, 0.0, 0.3000000000000007
11748, 0.0, 0.3000000000000007
11749, 0.0, 0.20000000000000284
11750, 0.0, 0.20000000000000284
11751, 0.0, 0.20000000000000284
11752, 0.0, 0.20000000000000284
11753, 0.0, 0.20000000000000284
11754, 0.0, 0.20000000000000284
11755, 0.0, 0.20000000000000284
11756, 0.0, 0.20000000000000284
11757, 0.0, 0.20000000000000284
11758, 0.0, 0.20000000000000284
11759, 0.0, 0.20000000000000284
11760, 0.0, 0.20000000000000284
11761, 0.0, 0.10000000000000142
11762, 0.0, 0.10000000000000142
11763, 0.0, 0.10000000000000142
11764, 0.0, 0.10000000000000142
11765, 0.0, 0.10000000000000142
11766, 0.09999999999999787, 0.10000000000000142
11767, 0.09999999999999787, 0.10000000000000142
11768, 0.09999999999999787, 0.10000000000000142
11769, 0.09999999999999787, 0.10000000000000142
11770, 0.09999999999999787, 0.10000000000000142
11771, 0.09999999999999787, 0.10000000000000142
11772, 0.09999999999999787, 0.10000000000000142
11773, 0.09999999999999787, 0.10000000000000142
11774, 0.09999999999999787, 0.10000000000000142
11775, 0.09999999999999787, 0.20000000000000284
11776, 0.09999999999999787, 0.20000000000000284
11777, 0.09999999999999787, 0.20000000000000284
11778, 0.09999999999999787, 0.20000000000000284
11779, 0.09999999999999787, 0.10000000000000142
11780, 0.09999999999999787, 0.10000000000000142
11781, 0.09999999999999787, 0.10000000000000142
11782, 0.09999999999999787, 0.20000000000000284
11783, 0.09999999999999787, 0.3000000000000007
11784, 0.09999999999999787, 0.3000000000000007
11785, 0.0, 0.3000000000000007
11786, 0.0, 0.3000000000000007
11787, 0.0, 0.20000000000000284
11788, 0.0, 0.3000000000000007
11789, 0.0, 0.3000000000000007
11790, 0.0, 0.3000000000000007
11791, 0.0, 0.3000000000000007
11792, 0.0, 0.3000000000000007
11793, 0.0, 0.40000000000000213
11794, 0.0, 0.40000000000000213
11795, 0.0, 0.40000000000000213
11796, 0.0, 0.40000000000000213
11797, 0.0, 0.40000000000000213
11798, 0.0, 0.40000000000000213
11799, 0.0, 0.40000000000000213
11800, 0.0, 0.40000000000000213
11801, 0.0, 0.40000000000000213
11802, 0.0, 0.40000000000000213
11803, 0.0, 0.40000000000000213
11804, 0.0, 0.3000000000000007
11805, 0.0, 0.5
11806, 0.0, 0.5
11807, 0.0, 0.5
11808, 0.0, 0.5
11809, 0.0, 0.5
11810, 0.0, 0.40000000000000213
11811, 0.0, 0.40000000000000213
11812, 0.0, 0.40000000000000213
11813, 0.0, 0.40000000000000213
11814, 0.0, 0.40000000000000213
11815, 0.0, 0.40000000000000213
11816, 0.0, 0.40000000000000213
11817, 0.0, 0.3000000000000007
11818, 0.0, 0.40000000000000213
11819, 0.0, 0.40000000000000213
11820, 0.0, 0.40000000000000213
11821, 0.0, 0.40000000000000213
11822, 0.0, 0.40000000000000213
11823, 0.0, 0.40000000000000213
11824, 0.0, 0.3000000000000007
11825, 0.0, 0.3000000000000007
11826, 0.0, 0.3000000000000007
11827, 0.0, 0.3000000000000007
11828, 0.0, 0.3000000000000007
11829, 0.0, 0.3000000000000007
11830, 0.0, 0.20000000000000284
11831, 0.0, 0.20000000000000284
11832, 0.0, 0.20000000000000284
11833, 0.0, 0.20000000000000284
11834, 0.0, 0.20000000000000284
11835, 0.0, 0.20000000000000284
11836, 0.0, 0.20000000000000284
11837, 0.0, 0.20000000000000284
11838, 0.0, 0.20000000000000284
11839, 0.0, 0.20000000000000284
11840, 0.0, 0.20000000000000284
11841, 0.0, 0.20000000000000284
11842, 0.0, 0.20000000000000284
11843, 0.0, 0.10000000000000142
11844, 0.0, 0.10000000000000142
11845, 0.0, 0.10000000000000142
11846, 0.0, 0.10000000000000142
11847, 0.0, 0.20000000000000284
11848, 0.0, 0.20000000000000284
11849, 0.0, 0.10000000000000142
11850, 0.0, 0.10000000000000142
11851, 0.0, 0.10000000000000142
11852, 0.0, 0.0
11853, 0.0, 0.10000000000000142
11854, 0.0, 0.10000000000000142
11855, 0.0, 0.0
11856, 0.0, 0.10000000000000142
11857, 0.0, 0.20000000000000284
11858, 0.0, 0.10000000000000142
11859, 0.0, 0.10000000000000142
11860, 0.0, 0.10000000000000142
11861, 0.0, 0.10000000000000142
11862, 0.0, 0.10000000000000142
11863, 0.0, 0.10000000000000142
11864, 0.0, 0.10000000000000142
11865, 0.0, 0.10000000000000142
11866, 0.0, 0.10000000000000142
11867, 0.0, 0.10000000000000142
11868, 0.0, 0.20000000000000284
11869, 0.0, 0.10000000000000142
11870, 0.0, 0.10000000000000142
11871, 0.0, 0.10000000000000142
11872, 0.0, 0.10000000000000142
11873, 0.0, 0.10000000000000142
11874, 0.0, 0.10000000000000142
11875, 0.0, 0.10000000000000142
11876, 0.0, 0.10000000000000142
11877, 0.0, 0.10000000000000142
11878, 0.0, 0.10000000000000142
11879, 0.0, 0.10000000000000142
11880, 0.0, 0.10000000000000142
11881, 0.0, 0.10000000000000142
11882, 0.0, 0.0
11883, 0.0, 0.10000000000000142
11884, 0.0, 0.0
11885, 0.0, 0.0
11886, 0.0, 0.0
11887, 0.0, 0.0
11888, 0.0, 0.0
11889, 0.0, 0.0
11890, 0.0, 0.0
11891, 0.0, 0.0
11892, 0.0, 0.0
11893, 0.0, 0.0
11894, 0.0, 0.0
11895, 0.0, 0.0
11896, 0.0, 0.0
11897, 0.0, 0.0
11898, 0.0, 0.0
11899, 0.0, 0.0
11900, 0.0, 0.0
11901, 0.0, 0.0
11902, 0.0, 0.0
11903, 0.0, 0.0
11904, 0.0, 0.0
11905, 0.0, 0.0
11906, 0.0, 0.0
11907, 0.0, 0.0
11908, 0.0, 0.0
11909, 0.0, 0.0
11910, 0.0, 0.0
11911, 0.0, 0.10000000000000142
11912, 0.0, 0.0
11913, 0.0, 0.0
11914, 0.0, 0.0
11915, 0.09999999999999787, 0.0
11916, 0.09999999999999787, 0.0
11917, 0.09999999999999787, 0.0
11918, 0.09999999999999787, 0.10000000000000142
11919, 0.09999999999999787, 0.0
11920, 0.09999999999999787, 0.10000000000000142
11921, 0.09999999999999787, 0.10000000000000142
11922, 0.09999999999999787, 0.0
11923, 0.09999999999999787, 0.0
11924, 0.09999999999999787, 0.0
11925, 0.09999999999999787, 0.0
11926, 0.09999999999999787, 0.10000000000000142
11927, 0.09999999999999787, 0.10000000000000142
11928, 0.09999999999999787, 0.10000000000000142
11929, 0.09999999999999787, 0.10000000000000142
11930, 0.09999999999999787, 0.0
11931, 0.09999999999999787, 0.10000000000000142
11932, 0.09999999999999787, 0.0
11933, 0.09999999999999787, 0.0
11934, 0.09999999999999787, 0.10000000000000142
11935, 0.09999999999999787, 0.0
11936, 0.09999999999999787, 0.0
11937, 0.09999999999999787, 0.0
11938, 0.09999999999999787, 0.10000000000000142
11939, 0.09999999999999787, 0.10000000000000142
11940, 0.09999999999999787, 0.0
11941, 0.09999999999999787, 0.0
11942, 0.0, 0.0
11943, -0.10000000000000142, 0.0
11944, -0.10000000000000142, -0.09999999999999787
11945, -0.10000000000000142, -0.09999999999999787
11946, -0.10000000000000142, 0.0
11947, -0.10000000000000142, 0.0
11948, -0.10000000000000142, 0.0
11949, -0.10000000000000142, -0.09999999999999787
11950, -0.10000000000000142, 0.0
11951, -0.10000000000000142, 0.0
11952, -0.10000000000000142, -0.09999999999999787
11953, -0.10000000000000142, -0.09999999999999787
11954, -0.10000000000000142, -0.09999999999999787
11955, -0.10000000000000142, -0.09999999999999787
11956, -0.10000000000000142, -0.09999999999999787
11957, -0.10000000000000142, -0.1999999999999993
11958, -0.10000000000000142, -0.1999999999999993
11959, -0.10000000000000142, -0.1999999999999993
11960, -0.10000000000000142, -0.1999999999999993
11961, -0.10000000000000142, -0.1999999999999993
11962, -0.10000000000000142, -0.29999999999999716
11963, -0.10000000000000142, -0.29999999999999716
11964, -0.10000000000000142, -0.29999999999999716
11965, -0.10000000000000142, -0.29999999999999716
11966, -0.10000000000000142, -0.29999999999999716
11967, -0.10000000000000142, -0.29999999999999716
11968, -0.10000000000000142, -0.29999999999999716
11969, -0.10000000000000142, -0.29999999999999716
11970, -0.10000000000000142, -0.29999999999999716
11971, -0.10000000000000142, -0.29999999999999716
11972, -0.10000000000000142, -0.29999999999999716
11973, -0.10000000000000142, -0.29999999999999716
11974, -0.10000000000000142, -0.3999999999999986
11975, -0.10000000000000142, -0.29999999999999716
11976, -0.10000000000000142, -0.29999999999999716
11977, -0.10000000000000142, -0.29999999999999716
11978, 0.0, -0.3999999999999986
11979, 0.0, -0.3999999999999986
11980, 0.0, -0.29999999999999716
11981, 0.0, -0.29999999999999716
11982, 0.0, -0.3999999999999986
11983, 0.0, -0.3999999999999986
11984, 0.0, -0.3999999999999986
11985, 0.0, -0.3999999999999986
11986, 0.0, -0.29999999999999716
11987, 0.0, -0.3999999999999986
11988, 0.0, -0.3999999999999986
11989, 0.0, -0.29999999999999716
11990, 0.0, -0.29999999999999716
11991, 0.0, -0.29999999999999716
11992, 0.0, -0.1999999999999993
11993, 0.0, -0.1999999999999993
11994, 0.0, -0.1999999999999993
11995, 0.0, -0.1999999999999993
11996, 0.0, -0.1999999999999993
11997, 0.0, -0.09999999999999787
11998, 0.0, -0.09999999999999787
11999, 0.0, 0.0
12000, 0.0, 0.0
12001, 0.0, 0.0
12002, 0.0, 0.0
12003, 0.0, 0.0
12004, 0.0, 0.0
12005, 0.0, 0.10000000000000142
12006, 0.0, 0.10000000000000142
12007, 0.0, 0.10000000000000142
12008, 0.0, 0.20000000000000284
12009, 0.0, 0.20000000000000284
12010, 0.0, 0.10000000000000142
12011, 0.0, 0.20000000000000284
12012, 0.0, 0.20000000000000284
12013, 0.0, 0.10000000000000142
12014, 0.0, 0.20000000000000284
12015, 0.0, 0.10000000000000142
12016, 0.0, 0.10000000000000142
12017, 0.0, 0.10000000000000142
12018, 0.0, 0.20000000000000284
12019, 0.0, 0.10000000000000142
12020, 0.0, 0.20000000000000284
12021, 0.0, 0.20000000000000284
12022, 0.0, 0.20000000000000284
12023, 0.0, 0.20000000000000284
12024, 0.0, 0.20000000000000284
12025, 0.0, 0.20000000000000284
12026, 0.0, 0.10000000000000142
12027, 0.0, 0.20000000000000284
12028, 0.0, 0.20000000000000284
12029, 0.0, 0.20000000000000284
12030, 0.0, 0.10000000000000142
12031, 0.0, 0.3000000000000007
12032, 0.0, 0.20000000000000284
12033, 0.0, 0.10000000000000142
12034, 0.0, 0.10000000000000142
12035, 0.0, 0.20000000000000284
12036, 0.0, 0.10000000000000142
12037, 0.0, 0.10000000000000142
12038, 0.0, 0.10000000000000142
12039, 0.0, 0.10000000000000142
12040, 0.0, 0.10000000000000142
12041, 0.0, 0.10000000000000142
12042, 0.0, 0.10000000000000142
12043, 0.0, 0.10000000000000142
12044, 0.0, 0.0
12045, 0.0, 0.0
12046, 0.0, 0.10000000000000142
12047, 0.0, 0.0
12048, 0.0, -0.09999999999999787
12049, 0.0, 0.0
12050, 0.0, 0.0
12051, 0.0, -0.09999999999999787
12052, 0.0, -0.09999999999999787
12053, 0.0, -0.09999999999999787
12054, 0.0, 0.0
12055, 0.0, -0.09999999999999787
12056, 0.0, -0.1999999999999993
12057, 0.0, -0.09999999999999787
12058, 0.0, -0.1999999999999993
12059, 0.0, -0.1999999999999993
12060, 0.0, -0.1999999999999993
12061, 0.0, -0.1999999999999993
12062, 0.0, -0.1999999999999993
12063, 0.0, -0.1999999999999993
12064, 0.0, -0.29999999999999716
12065, 0.0, -0.1999999999999993
12066, 0.0, -0.1999999999999993
12067, 0.0, -0.1999999999999993
12068, 0.0, -0.1999999999999993
12069, 0.0, -0.1999999999999993
12070, 0.0, -0.29999999999999716
12071, 0.0, -0.1999999999999993
12072, 0.0, -0.1999999999999993
12073, 0.0, -0.09999999999999787
12074, 0.0, -0.29999999999999716
12075, 0.0, -0.1999999999999993
12076, 0.0, -0.09999999999999787
12077, 0.0, -0.1999999999999993
12078, 0.0, -0.09999999999999787
12079, 0.0, -0.1999999999999993
12080, 0.0, -0.1999999999999993
12081, 0.0, -0.09999999999999787
12082, 0.0, -0.09999999999999787
12083, 0.0, -0.09999999999999787
12084, 0.0, 0.0
12085, 0.0, -0.09999999999999787
12086, 0.09999999999999787, -0.09999999999999787
12087, 0.09999999999999787, 0.0
12088, 0.09999999999999787, 0.0
12089, 0.09999999999999787, 0.0
12090, 0.09999999999999787, 0.0
12091, 0.09999999999999787, 0.0
12092, 0.09999999999999787, 0.0
12093, 0.09999999999999787, 0.0
12094, 0.09999999999999787, 0.10000000000000142
12095, 0.09999999999999787, 0.0
12096, 0.09999999999999787, 0.10000000000000142
12097, 0.09999999999999787, 0.10000000000000142
12098, 0.09999999999999787, 0.20000000000000284
12099, 0.09999999999999787, 0.20000000000000284
12100, 0.09999999999999787, 0.10000000000000142
12101, 0.09999999999999787, 0.10000000000000142
12102, 0.09999999999999787, 0.10000000000000142
12103, 0.09999999999999787, 0.10000000000000142
12104, 0.09999999999999787, 0.10000000000000142
12105, 0.09999999999999787, 0.10000000000000142
12106, 0.09999999999999787, 0.20000000000000284
12107, 0.09999999999999787, 0.20000000000000284
12108, 0.09999999999999787, 0.10000000000000142
12109, 0.09999999999999787, 0.20000000000000284
12110, 0.09999999999999787, 0.20000000000000284
12111, 0.09999999999999787, 0.20000000000000284
12112, 0.09999999999999787, 0.20000000000000284
12113, 0.09999999999999787, 0.20000000000000284
12114, 0.09999999999999787, 0.20000000000000284
12115, 0.09999999999999787, 0.3000000000000007
12116, 0.09999999999999787, 0.20000000000000284
12117, 0.09999999999999787, 0.3000000000000007
12118, 0.09999999999999787, 0.20000000000000284
12119, 0.09999999999999787, 0.20000000000000284
12120, 0.09999999999999787, 0.20000000000000284
12121, 0.09999999999999787, 0.20000000000000284
12122, 0.09999999999999787, 0.20000000000000284
12123, 0.09999999999999787, 0.3000000000000007
12124, 0.09999999999999787, 0.20000000000000284
12125, 0.09999999999999787, 0.3000000000000007
12126, 0.09999999999999787, 0.3000000000000007
12127, 0.09999999999999787, 0.10000000000000142
12128, 0.09999999999999787, 0.20000000000000284
12129, 0.09999999999999787, 0.20000000000000284
12130, 0.09999999999999787, 0.10000000000000142
12131, 0.09999999999999787, 0.20000000000000284
12132, 0.09999999999999787, 0.20000000000000284
12133, 0.09999999999999787, 0.10000000000000142
12134, 0.09999999999999787, 0.10000000000000142
12135, 0.09999999999999787, 0.10000000000000142
12136, 0.09999999999999787, 0.0
12137, 0.09999999999999787, 0.10000000000000142
12138, 0.09999999999999787, 0.10000000000000142
12139, 0.09999999999999787, 0.0
12140, 0.09999999999999787, 0.0
12141, 0.09999999999999787, 0.0
12142, 0.09999999999999787, 0.0
12143, 0.09999999999999787, -0.09999999999999787
12144, 0.09999999999999787, -0.09999999999999787
12145, 0.09999999999999787, 0.0
12146, 0.09999999999999787, -0.09999999999999787
12147, 0.09999999999999787, -0.09999999999999787
12148, 0.0, -0.09999999999999787
12149, 0.0, -0.09999999999999787
12150, 0.0, -0.09999999999999787
12151, 0.0, -0.09999999999999787
12152, 0.0, -0.09999999999999787
12153, 0.0, -0.09999999999999787
12154, 0.0, -0.09999999999999787
12155, 0.0, -0.09999999999999787
12156, 0.0, -0.09999999999999787
12157, 0.0, -0.1999999999999993
12158, 0.0, -0.1999999999999993
12159, 0.0, -0.1999999999999993
12160, 0.0, -0.1999999999999993
12161, 0.0, -0.09999999999999787
12162, 0.0, -0.09999999999999787
12163, 0.0, -0.09999999999999787
12164, 0.0, -0.1999999999999993
12165, 0.0, -0.09999999999999787
12166, 0.0, -0.09999999999999787
12167, 0.0, -0.1999999999999993
12168, 0.0, -0.1999999999999993
12169, 0.0, -0.1999999999999993
12170, 0.0, -0.09999999999999787
12171, 0.0, -0.09999999999999787
12172, 0.0, -0.09999999999999787
12173, 0.0, 0.0
12174, 0.0, 0.0
12175, 0.0, 0.0
12176, 0.0, -0.09999999999999787
12177, 0.0, -0.09999999999999787
12178, 0.0, -0.09999999999999787
12179, 0.0, 0.0
12180, 0.0, 0.0
12181, 0.0, 0.0
12182, 0.0, 0.0
12183, 0.0, 0.10000000000000142
12184, 0.0, 0.0
12185, 0.0, 0.0
12186, 0.09999999999999787, 0.10000000000000142
12187, 0.09999999999999787, 0.0
12188, 0.09999999999999787, 0.10000000000000142
12189, 0.09999999999999787, 0.10000000000000142
12190, 0.09999999999999787, 0.10000000000000142
12191, 0.09999999999999787, 0.10000000000000142
12192, 0.09999999999999787, 0.20000000000000284
12193, 0.09999999999999787, 0.10000000000000142
12194, 0.0, 0.10000000000000142
12195, 0.0, 0.0
12196, 0.0, 0.10000000000000142
12197, 0.0, 0.10000000000000142
12198, 0.0, 0.10000000000000142
12199, 0.0, 0.10000000000000142
12200, 0.0, 0.10000000000000142
12201, 0.0, 0.10000000000000142
12202, 0.0, 0.10000000000000142
12203, 0.0, 0.10000000000000142
12204, 0.0, 0.10000000000000142
12205, 0.0, 0.0
12206, -0.10000000000000142, 0.0
12207, -0.10000000000000142, 0.0
12208, -0.10000000000000142, 0.0
12209, -0.10000000000000142, 0.0
12210, 0.0, 0.0
12211, 0.0, 0.0
12212, 0.0, 0.0
12213, 0.0, 0.0
12214, 0.0, 0.0
12215, 0.0, 0.0
12216, 0.0, 0.0
12217, 0.0, 0.0
12218, 0.0, 0.0
12219, 0.0, -0.09999999999999787
12220, 0.0, 0.0
12221, 0.0, -0.09999999999999787
12222, 0.0, 0.0
12223, 0.0, 0.0
12224, 0.0, 0.0
12225, 0.0, -0.09999999999999787
12226, 0.0, 0.0
12227, 0.0, 0.0
12228, 0.0, 0.0
12229, 0.0, -0.09999999999999787
12230, 0.0, 0.0
12231, 0.0, 0.0
12232, 0.09999999999999787, 0.0
12233, 0.09999999999999787, 0.0
12234, 0.09999999999999787, 0.0
12235, 0.09999999999999787, -0.09999999999999787
12236, 0.09999999999999787, 0.0
12237, 0.09999999999999787, 0.0
12238, 0.09999999999999787, 0.0
12239, 0.09999999999999787, 0.0
12240, 0.09999999999999787, 0.0
12241, 0.09999999999999787, 0.0
12242, 0.09999999999999787, 0.10000000000000142
12243, 0.09999999999999787, 0.0
12244, 0.09999999999999787, 0.10000000000000142
12245, 0.09999999999999787, 0.0
12246, 0.09999999999999787, 0.10000000000000142
12247, 0.0, 0.0
12248, 0.0, 0.10000000000000142
12249, 0.0, 0.20000000000000284
12250, 0.0, 0.10000000000000142
12251, 0.0, 0.20000000000000284
12252, 0.0, 0.20000000000000284
12253, 0.0, 0.20000000000000284
12254, 0.0, 0.20000000000000284
12255, 0.0, 0.20000000000000284
12256, 0.0, 0.20000000000000284
12257, 0.0, 0.3000000000000007
12258, 0.0, 0.10000000000000142
12259, 0.0, 0.20000000000000284
12260, 0.0, 0.10000000000000142
12261, 0.0, 0.20000000000000284
12262, 0.0, 0.10000000000000142
12263, 0.0, 0.20000000000000284
12264, 0.0, 0.20000000000000284
12265, 0.0, 0.20000000000000284
12266, 0.0, 0.20000000000000284
12267, 0.0, 0.20000000000000284
12268, 0.0, 0.20000000000000284
12269, 0.0, 0.20000000000000284
12270, 0.0, 0.20000000000000284
12271, 0.0, 0.20000000000000284
12272, 0.0, 0.20000000000000284
12273, 0.0, 0.10000000000000142
12274, 0.0, 0.20000000000000284
12275, 0.0, 0.10000000000000142
12276, 0.0, 0.20000000000000284
12277, 0.0, 0.10000000000000142
12278, 0.0, 0.10000000000000142
12279, 0.0, 0.20000000000000284
12280, 0.0, 0.10000000000000142
12281, 0.0, 0.10000000000000142
12282, 0.0, 0.10000000000000142
12283, 0.0, 0.10000000000000142
12284, 0.0, 0.0
12285, 0.0, 0.10000000000000142
12286, 0.0, 0.0
12287, 0.0, -0.09999999999999787
12288, 0.0, 0.10000000000000142
12289, 0.0, 0.0
12290, 0.0, 0.0
12291, 0.0, -0.09999999999999787
12292, 0.0, 0.0
12293, 0.0, -0.09999999999999787
12294, -0.10000000000000142, -0.09999999999999787
12295, -0.10000000000000142, -0.1999999999999993
12296, -0.10000000000000142, -0.09999999999999787
12297, -0.10000000000000142, -0.1999999999999993
12298, -0.10000000000000142, -0.1999999999999993
12299, -0.10000000000000142, -0.1999999999999993
12300, -0.10000000000000142, -0.1999999999999993
12301, -0.10000000000000142, -0.1999999999999993
12302, -0.10000000000000142, -0.1999999999999993
12303, -0.10000000000000142, -0.1999999999999993
12304, -0.10000000000000142, -0.1999999999999993
12305, -0.10000000000000142, -0.1999999999999993
12306, -0.10000000000000142, -0.1999999999999993
12307, -0.10000000000000142, -0.1999999999999993
12308, -0.10000000000000142, -0.1999999999999993
12309, 0.0, -0.1999999999999993
12310, 0.0, -0.29999999999999716
12311, 0.0, -0.1999999999999993
12312, 0.0, -0.29999999999999716
12313, 0.0, -0.29999999999999716
12314, 0.0, -0.1999999999999993
12315, 0.0, -0.29999999999999716
12316, 0.0, -0.1999999999999993
12317, 0.0, -0.29999999999999716
12318, 0.0, -0.29999999999999716
12319, 0.0, -0.1999999999999993
12320, 0.0, -0.1999999999999993
12321, 0.0, -0.29999999999999716
12322, 0.09999999999999787, -0.1999999999999993
12323, 0.09999999999999787, -0.1999999999999993
12324, 0.09999999999999787, -0.1999999999999993
12325, 0.09999999999999787, -0.29999999999999716
12326, 0.09999999999999787, -0.1999999999999993
12327, 0.09999999999999787, -0.09999999999999787
12328, 0.09999999999999787, -0.09999999999999787
12329, 0.09999999999999787, -0.1999999999999993
12330, 0.09999999999999787, -0.09999999999999787
12331, 0.09999999999999787, -0.09999999999999787
12332, 0.09999999999999787, 0.0
12333, 0.09999999999999787, -0.09999999999999787
12334, 0.09999999999999787, 0.0
12335, 0.09999999999999787, -0.09999999999999787
12336, 0.09999999999999787, 0.0
12337, 0.09999999999999787, 0.0
12338, 0.09999999999999787, 0.0
12339, 0.09999999999999787, 0.10000000000000142
12340, 0.0, 0.0
12341, 0.0, 0.10000000000000142
12342, 0.0, 0.10000000000000142
12343, 0.0, 0.20000000000000284
12344, 0.0, 0.10000000000000142
12345, 0.0, 0.20000000000000284
12346, 0.0, 0.10000000000000142
12347, 0.0, 0.20000000000000284
12348, 0.0, 0.20000000000000284
12349, 0.0, 0.20000000000000284
12350, 0.0, 0.3000000000000007
12351, 0.0, 0.20000000000000284
12352, 0.0, 0.3000000000000007
12353, 0.0, 0.20000000000000284
12354, 0.0, 0.3000000000000007
12355, 0.0, 0.20000000000000284
12356, 0.0, 0.20000000000000284
12357, 0.0, 0.20000000000000284
12358, 0.0, 0.20000000000000284
12359, 0.0, 0.3000000000000007
12360, 0.0, 0.20000000000000284
12361, 0.0, 0.20000000000000284
12362, 0.0, 0.20000000000000284
12363, 0.0, 0.3000000000000007
12364, 0.0, 0.20000000000000284
12365, 0.0, 0.20000000000000284
12366, 0.0, 0.20000000000000284
12367, 0.0, 0.10000000000000142
12368, 0.0, 0.10000000000000142
12369, 0.0, 0.10000000000000142
12370, 0.0, 0.20000000000000284
12371, 0.0, 0.10000000000000142
12372, 0.0, 0.10000000000000142
12373, -0.10000000000000142, 0.0
12374, -0.10000000000000142, 0.10000000000000142
12375, -0.10000000000000142, 0.10000000000000142
12376, -0.10000000000000142, 0.0
12377, -0.10000000000000142, 0.0
12378, -0.10000000000000142, 0.0
12379, -0.10000000000000142, 0.0
12380, 0.0, -0.09999999999999787
12381, 0.0, -0.09999999999999787
12382, 0.0, -0.09999999999999787
12383, 0.0, -0.09999999999999787
12384, 0.0, -0.09999999999999787
12385, 0.0, -0.09999999999999787
12386, 0.0, -0.09999999999999787
12387, 0.0, -0.09999999999999787
12388, 0.0, 0.0
12389, 0.0, -0.09999999999999787
12390, 0.0, 0.0
12391, 0.0, -0.09999999999999787
12392, 0.0, -0.09999999999999787
12393, 0.0, -0.09999999999999787
12394, 0.0, 0.0
12395, 0.0, 0.0
12396, 0.0, 0.0
12397, 0.0, 0.0
12398, 0.0, 0.0
12399, 0.0, 0.0
12400, 0.0, 0.0
12401, 0.0, 0.0
12402, 0.0, 0.0
12403, 0.0, 0.0
12404, 0.0, 0.0
12405, 0.0, 0.0
12406, 0.0, 0.0
12407, 0.0, 0.10000000000000142
12408, 0.0, 0.0
12409, 0.0, 0.0
12410, 0.0, 0.0
12411, 0.0, 0.0
12412, 0.0, 0.0
12413, 0.0, 0.0
12414, 0.0, 0.0
12415, 0.0, 0.0
12416, 0.0, 0.0
12417, 0.0, 0.10000000000000142
12418, 0.0, 0.0
12419, 0.0, 0.10000000000000142
12420, 0.0, 0.0
12421, 0.0, 0.10000000000000142
12422, 0.0, 0.10000000000000142
12423, 0.0, 0.0
12424, 0.0, 0.10000000000000142
12425, 0.0, 0.10000000000000142
12426, 0.0, 0.0
12427, 0.0, 0.10000000000000142
12428, 0.0, 0.10000000000000142
12429, 0.0, 0.0
12430, 0.0, 0.10000000000000142
12431, 0.09999999999999787, 0.10000000000000142
12432, 0.09999999999999787, 0.10000000000000142
12433, 0.09999999999999787, 0.10000000000000142
12434, 0.09999999999999787, 0.10000000000000142
12435, 0.09999999999999787, 0.10000000000000142
12436, 0.09999999999999787, 0.0
12437, 0.09999999999999787, 0.0
12438, 0.09999999999999787, 0.0
12439, 0.09999999999999787, 0.0
12440, 0.09999999999999787, 0.0
12441, 0.09999999999999787, 0.10000000000000142
12442, 0.09999999999999787, 0.10000000000000142
12443, 0.09999999999999787, 0.10000000000000142
12444, 0.0, 0.10000000000000142
12445, 0.0, 0.10000000000000142
12446, 0.0, 0.10000000000000142
12447, 0.0, 0.10000000000000142
12448, 0.0, 0.10000000000000142
12449, 0.0, 0.10000000000000142
12450, 0.0, 0.10000000000000142
12451, 0.0, 0.10000000000000142
12452, 0.0, 0.10000000000000142
12453, 0.09999999999999787, 0.10000000000000142
12454, 0.09999999999999787, 0.10000000000000142
12455, 0.09999999999999787, 0.10000000000000142
12456, 0.09999999999999787, 0.10000000000000142
12457, 0.09999999999999787, 0.10000000000000142
12458, 0.09999999999999787, 0.10000000000000142
12459, 0.09999999999999787, 0.20000000000000284
12460, 0.09999999999999787, 0.10000000000000142
12461, 0.09999999999999787, 0.10000000000000142
12462, 0.09999999999999787, 0.20000000000000284
12463, 0.09999999999999787, 0.20000000000000284
12464, 0.09999999999999787, 0.20000000000000284
12465, 0.09999999999999787, 0.20000000000000284
12466, 0.09999999999999787, 0.10000000000000142
12467, 0.0, 0.10000000000000142
12468, 0.0, 0.10000000000000142
12469, 0.0, 0.20000000000000284
12470, 0.0, 0.20000000000000284
12471, 0.0, 0.20000000000000284
12472, 0.0, 0.20000000000000284
12473, 0.0, 0.20000000000000284
12474, 0.0, 0.10000000000000142
12475, 0.0, 0.10000000000000142
12476, 0.0, 0.20000000000000284
12477, 0.0, 0.20000000000000284
12478, 0.0, 0.10000000000000142
12479, 0.0, 0.10000000000000142
12480, 0.0, 0.10000000000000142
12481, 0.0, 0.20000000000000284
12482, 0.0, 0.20000000000000284
12483, 0.0, 0.10000000000000142
12484, 0.0, 0.10000000000000142
12485, 0.0, 0.10000000000000142
12486, 0.0, 0.10000000000000142
12487, 0.0, 0.10000000000000142
12488, 0.0, 0.10000000000000142
12489, 0.0, 0.10000000000000142
12490, 0.0, 0.10000000000000142
12491, 0.0, 0.10000000000000142
12492, 0.0, 0.10000000000000142
12493, 0.0, 0.10000000000000142
12494, 0.0, 0.10000000000000142
12495, 0.0, 0.10000000000000142
12496, 0.0, 0.10000000000000142
12497, 0.0, 0.20000000000000284
12498, 0.0, 0.20000000000000284
12499, 0.0, 0.10000000000000142
12500, 0.0, 0.10000000000000142
12501, 0.0, 0.10000000000000142
12502, 0.0, 0.10000000000000142
12503, 0.0, 0.10000000000000142
12504, 0.0, 0.10000000000000142
12505, 0.0, 0.10000000000000142
12506, 0.0, 0.10000000000000142
12507, 0.0, 0.10000000000000142
12508, 0.0, 0.20000000000000284
12509, 0.0, 0.20000000000000284
12510, 0.0, 0.20000000000000284
12511, 0.0, 0.10000000000000142
12512, 0.0, 0.10000000000000142
12513, 0.0, 0.10000000000000142
12514, 0.0, 0.10000000000000142
12515, 0.0, 0.10000000000000142
12516, 0.0, 0.10000000000000142
12517, 0.0, 0.10000000000000142
12518, 0.0, 0.10000000000000142
12519, 0.0, 0.10000000000000142
12520, 0.0, 0.10000000000000142
12521, 0.0, 0.10000000000000142
12522, 0.0, 0.10000000000000142
12523, 0.0, 0.10000000000000142
12524, 0.0, 0.10000000000000142
12525, 0.0, 0.10000000000000142
12526, 0.0, 0.10000000000000142
12527, 0.0, 0.10000000000000142
12528, 0.0, 0.10000000000000142
12529, 0.0, 0.0
12530, 0.0, 0.0
12531, 0.0, 0.0
12532, 0.0, 0.0
12533, 0.0, 0.0
12534, 0.0, 0.10000000000000142
12535, -0.10000000000000142, 0.10000000000000142
12536, 0.0, 0.10000000000000142
12537, 0.0, 0.0
12538, 0.0, 0.0
12539, 0.0, 0.0
12540, 0.0, 0.10000000000000142
12541, 0.0, 0.10000000000000142
12542, 0.0, 0.10000000000000142
12543, 0.0, 0.0
12544, 0.0, 0.0
12545, 0.0, 0.10000000000000142
12546, 0.0, 0.0
12547, 0.0, 0.0
12548, 0.0, 0.0
12549, 0.0, 0.10000000000000142
12550, 0.0, 0.10000000000000142
12551, 0.0, 0.10000000000000142
12552, 0.0, 0.0
12553, 0.0, 0.10000000000000142
12554, 0.0, 0.10000000000000142
12555, 0.0, 0.10000000000000142
12556, 0.0, 0.10000000000000142
12557, 0.0, 0.10000000000000142
12558, 0.0, 0.10000000000000142
12559, 0.0, 0.10000000000000142
12560, 0.0, 0.10000000000000142
12561, 0.0, 0.20000000000000284
12562, 0.0, 0.10000000000000142
12563, 0.0, 0.10000000000000142
12564, -0.10000000000000142, 0.10000000000000142
12565, -0.10000000000000142, 0.20000000000000284
12566, -0.10000000000000142, 0.10000000000000142
12567, -0.10000000000000142, 0.10000000000000142
12568, -0.10000000000000142, 0.20000000000000284
12569, 0.0, 0.20000000000000284
12570, 0.0, 0.20000000000000284
12571, 0.0, 0.20000000000000284
12572, 0.0, 0.20000000000000284
12573, 0.0, 0.20000000000000284
12574, 0.0, 0.10000000000000142
12575, 0.0, 0.20000000000000284
12576, 0.0, 0.20000000000000284
12577, 0.0, 0.20000000000000284
12578, 0.0, 0.20000000000000284
12579, 0.0, 0.20000000000000284
12580, 0.0, 0.10000000000000142
12581, 0.0, 0.20000000000000284
12582, 0.0, 0.10000000000000142
12583, 0.0, 0.10000000000000142
12584, 0.0, 0.20000000000000284
12585, 0.0, 0.10000000000000142
12586, 0.0, 0.20000000000000284
12587, 0.0, 0.20000000000000284
12588, 0.0, 0.10000000000000142
12589, 0.0, 0.20000000000000284
12590, 0.0, 0.20000000000000284
12591, 0.0, 0.20000000000000284
12592, 0.0, 0.20000000000000284
12593, 0.0, 0.20000000000000284
12594, 0.0, 0.0
12595, 0.0, 0.10000000000000142
12596, 0.0, 0.10000000000000142
12597, 0.0, 0.10000000000000142
12598, 0.0, 0.10000000000000142
12599, 0.0, 0.10000000000000142
12600, 0.0, 0.10000000000000142
12601, 0.0, 0.10000000000000142
12602, 0.0, 0.10000000000000142
12603, 0.0, 0.10000000000000142
12604, 0.0, 0.10000000000000142
12605, 0.0, 0.10000000000000142
12606, 0.0, 0.10000000000000142
12607, 0.0, 0.10000000000000142
12608, 0.0, 0.20000000000000284
12609, 0.0, 0.10000000000000142
12610, 0.0, 0.0
12611, 0.0, 0.10000000000000142
12612, 0.0, 0.0
12613, 0.0, 0.0
12614, 0.0, 0.10000000000000142
12615, 0.0, 0.0
12616, 0.0, 0.0
12617, 0.0, 0.10000000000000142
12618, 0.0, 0.0
12619, 0.0, 0.0
12620, 0.0, 0.10000000000000142
12621, 0.0, 0.0
12622, 0.0, 0.0
12623, 0.0, 0.10000000000000142
12624, 0.0, 0.0
12625, 0.0, 0.0
12626, 0.0, 0.10000000000000142
12627, 0.0, 0.0
12628, 0.0, 0.0
12629, 0.0, 0.10000000000000142
12630, 0.0, 0.0
12631, 0.0, 0.10000000000000142
12632, 0.0, 0.10000000000000142
12633, 0.0, 0.0
12634, 0.0, 0.10000000000000142
12635, 0.0, 0.0
12636, 0.0, 0.10000000000000142
12637, 0.0, 0.0
12638, 0.0, 0.0
12639, 0.0, 0.10000000000000142
12640, 0.0, 0.0
12641, 0.0, 0.10000000000000142
12642, 0.0, 0.0
12643, 0.0, 0.10000000000000142
12644, 0.0, 0.0
12645, 0.0, 0.10000000000000142
12646, 0.0, 0.0
12647, 0.0, 0.10000000000000142
12648, 0.0, 0.10000000000000142
12649, 0.0, 0.0
12650, 0.0, 0.10000000000000142
12651, 0.0, 0.0
12652, 0.0, 0.10000000000000142
12653, 0.0, 0.0
12654, 0.0, 0.0
12655, 0.0, 0.0
12656, 0.0, -0.09999999999999787
12657, 0.0, 0.0
12658, 0.0, 0.0
12659, 0.0, 0.0
12660, 0.0, 0.0
12661, 0.0, 0.0
12662, 0.0, 0.10000000000000142
12663, 0.0, 0.0
12664, 0.0, -0.09999999999999787
12665, 0.0, 0.0
12666, 0.0, -0.09999999999999787
12667, 0.0, -0.09999999999999787
12668, 0.0, 0.0
12669, 0.0, 0.0
12670, 0.0, -0.09999999999999787
12671, 0.0, -0.09999999999999787
12672, 0.0, -0.09999999999999787
12673, 0.0, 0.0
12674, 0.0, 0.0
12675, 0.0, -0.1999999999999993
12676, 0.0, -0.09999999999999787
12677, 0.0, -0.09999999999999787
12678, 0.0, -0.09999999999999787
12679, 0.0, -0.09999999999999787
12680, 0.0, -0.09999999999999787
12681, 0.0, -0.09999999999999787
12682, 0.0, -0.09999999999999787
12683, 0.0, -0.1999999999999993
12684, 0.0, -0.09999999999999787
12685, 0.0, -0.09999999999999787
12686, 0.0, -0.09999999999999787
12687, 0.0, -0.09999999999999787
12688, 0.0, -0.09999999999999787
12689, 0.0, -0.09999999999999787
12690, 0.0, -0.09999999999999787
12691, 0.0, -0.1999999999999993
12692, 0.0, -0.09999999999999787
12693, 0.0, -0.09999999999999787
12694, 0.0, -0.09999999999999787
12695, 0.0, -0.09999999999999787
12696, 0.0, -0.09999999999999787
12697, 0.0, -0.09999999999999787
12698, 0.0, 0.0
12699, 0.0, -0.09999999999999787
12700, 0.0, 0.0
12701, 0.0, 0.0
12702, 0.0, 0.0
12703, 0.0, -0.09999999999999787
12704, 0.0, -0.09999999999999787
12705, 0.0, 0.0
12706, 0.0, 0.0
12707, 0.0, -0.09999999999999787
12708, 0.0, 0.0
12709, 0.0, 0.0
12710, 0.0, 0.0
12711, 0.0, 0.0
12712, 0.0, 0.0
12713, 0.0, 0.10000000000000142
12714, 0.0, 0.0
12715, 0.0, 0.0
12716, 0.0, 0.10000000000000142
12717, 0.0, 0.0
12718, 0.0, 0.10000000000000142
12719, 0.0, 0.10000000000000142
12720, 0.0, 0.10000000000000142
12721, 0.0, 0.10000000000000142
12722, 0.0, 0.10000000000000142
12723, 0.0, 0.0
12724, 0.0, 0.0
12725, 0.0, 0.0
12726, 0.0, 0.0
12727, 0.0, 0.0
12728, 0.0, 0.0
12729, 0.0, 0.0
12730, 0.0, 0.0
12731, 0.0, 0.0
12732, 0.0, 0.0
12733, 0.0, 0.10000000000000142
12734, 0.0, 0.0
12735, 0.0, 0.10000000000000142
12736, 0.0, 0.0
12737, 0.0, 0.10000000000000142
12738, 0.0, 0.0
12739, 0.0, 0.10000000000000142
12740, 0.0, 0.0
12741, 0.0, 0.10000000000000142
12742, 0.0, 0.0
12743, 0.0, 0.10000000000000142
12744, 0.0, 0.10000000000000142
12745, 0.0, 0.0
12746, 0.0, 0.0
12747, 0.0, 0.10000000000000142
12748, 0.0, 0.0
12749, 0.0, 0.10000000000000142
12750, 0.0, 0.0
12751, 0.0, 0.10000000000000142
12752, 0.0, 0.10000000000000142
12753, 0.0, 0.10000000000000142
12754, 0.0, 0.0
12755, 0.0, 0.0
12756, 0.0, 0.10000000000000142
12757, 0.0, 0.0
12758, 0.0, 0.0
12759, 0.0, 0.10000000000000142
12760, 0.0, 0.0
12761, 0.0, 0.0
12762, 0.0, 0.0
12763, 0.0, 0.10000000000000142
12764, 0.0, -0.09999999999999787
12765, 0.0, -0.09999999999999787
12766, 0.0, 0.0
12767, 0.0, 0.0
12768, 0.0, -0.09999999999999787
12769, 0.0, -0.09999999999999787
12770, 0.0, 0.0
12771, 0.0, 0.0
12772, 0.0, -0.09999999999999787
12773, 0.0, 0.0
12774, 0.0, -0.09999999999999787
12775, 0.0, -0.09999999999999787
12776, 0.0, -0.09999999999999787
12777, 0.0, -0.09999999999999787
12778, 0.0, -0.09999999999999787
12779, 0.0, -0.09999999999999787
12780, 0.0, -0.09999999999999787
12781, 0.0, -0.09999999999999787
12782, 0.0, 0.0
12783, 0.0, -0.09999999999999787
12784, 0.0, -0.09999999999999787
12785, 0.0, 0.0
12786, 0.0, -0.09999999999999787
12787, 0.0, 0.0
12788, 0.0, -0.09999999999999787
12789, 0.0, -0.09999999999999787
12790, 0.0, 0.0
12791, 0.0, -0.09999999999999787
12792, 0.0, 0.0
12793, 0.0, 0.10000000000000142
12794, 0.0, 0.0
12795, 0.0, 0.10000000000000142
12796, 0.0, 0.0
12797, 0.0, 0.0
12798, 0.0, 0.0
12799, 0.0, 0.0
12800, 0.0, 0.0
12801, 0.0, 0.10000000000000142
12802, 0.09999999999999787, 0.0
12803, 0.09999999999999787, 0.10000000000000142
12804, 0.09999999999999787, 0.10000000000000142
12805, 0.09999999999999787, 0.0
12806, 0.09999999999999787, 0.10000000000000142
12807, 0.09999999999999787, 0.10000000000000142
12808, 0.09999999999999787, 0.10000000000000142
12809, 0.09999999999999787, 0.10000000000000142
12810, 0.09999999999999787, 0.10000000000000142
12811, 0.09999999999999787, 0.20000000000000284
12812, 0.09999999999999787, 0.20000000000000284
12813, 0.09999999999999787, 0.20000000000000284
12814, 0.09999999999999787, 0.20000000000000284
12815, 0.09999999999999787, 0.20000000000000284
12816, 0.09999999999999787, 0.20000000000000284
12817, 0.09999999999999787, 0.20000000000000284
12818, 0.09999999999999787, 0.20000000000000284
12819, 0.09999999999999787, 0.20000000000000284
12820, 0.09999999999999787, 0.20000000000000284
12821, 0.09999999999999787, 0.20000000000000284
12822, 0.09999999999999787, 0.10000000000000142
12823, 0.09999999999999787, 0.20000000000000284
12824, 0.09999999999999787, 0.20000000000000284
12825, 0.09999999999999787, 0.20000000000000284
12826, 0.09999999999999787, 0.20000000000000284
12827, 0.09999999999999787, 0.20000000000000284
12828, 0.09999999999999787, 0.20000000000000284
12829, 0.09999999999999787, 0.20000000000000284
12830, 0.09999999999999787, 0.20000000000000284
12831, 0.09999999999999787, 0.20000000000000284
12832, 0.09999999999999787, 0.20000000000000284
12833, 0.09999999999999787, 0.20000000000000284
12834, 0.09999999999999787, 0.20000000000000284
12835, 0.09999999999999787, 0.20000000000000284
12836, 0.09999999999999787, 0.10000000000000142
12837, 0.09999999999999787, 0.10000000000000142
12838, 0.09999999999999787, 0.10000000000000142
12839, 0.09999999999999787, 0.20000000000000284
12840, 0.09999999999999787, 0.20000000000000284
12841, 0.09999999999999787, 0.20000000000000284
12842, 0.09999999999999787, 0.20000000000000284
12843, 0.09999999999999787, 0.10000000000000142
12844, 0.09999999999999787, 0.10000000000000142
12845, 0.09999999999999787, 0.10000000000000142
12846, 0.0, 0.10000000000000142
12847, 0.0, 0.10000000000000142
12848, 0.0, 0.10000000000000142
12849, 0.0, 0.10000000000000142
12850, 0.0, 0.10000000000000142
12851, 0.0, 0.10000000000000142
12852, 0.0, 0.0
12853, 0.0, 0.0
12854, 0.0, 0.0
12855, 0.0, 0.0
12856, 0.0, 0.0
12857, 0.0, 0.0
12858, 0.0, 0.0
12859, 0.0, 0.0
12860, 0.0, 0.10000000000000142
12861, 0.0, 0.10000000000000142
12862, 0.0, 0.10000000000000142
12863, 0.0, 0.10000000000000142
12864, 0.0, 0.0
12865, 0.0, 0.0
12866, 0.0, 0.0
12867, 0.0, -0.09999999999999787
12868, 0.0, 0.0
12869, 0.0, 0.0
12870, 0.0, 0.0
12871, 0.0, 0.0
12872, 0.0, 0.10000000000000142
12873, 0.0, 0.10000000000000142
12874, 0.0, 0.10000000000000142
12875, 0.0, 0.10000000000000142
12876, 0.0, 0.0
12877, 0.0, 0.0
12878, 0.0, 0.10000000000000142
12879, 0.0, 0.10000000000000142
12880, 0.0, 0.0
12881, 0.0, 0.0
12882, 0.0, 0.0
12883, 0.0, 0.10000000000000142
12884, 0.0, 0.10000000000000142
12885, 0.0, 0.0
12886, 0.0, 0.0
12887, 0.0, 0.20000000000000284
12888, 0.0, 0.10000000000000142
12889, 0.0, 0.10000000000000142
12890, 0.0, 0.0
12891, 0.0, 0.10000000000000142
12892, 0.0, 0.10000000000000142
12893, 0.0, 0.10000000000000142
12894, 0.0, 0.0
12895, 0.0, 0.20000000000000284
12896, 0.0, 0.10000000000000142
12897, 0.0, 0.10000000000000142
12898, 0.0, 0.0
12899, 0.0, 0.10000000000000142
12900, 0.0, 0.10000000000000142
12901, 0.0, 0.10000000000000142
12902, 0.0, 0.10000000000000142
12903, 0.0, 0.10000000000000142
12904, 0.0, 0.0
12905, 0.0, 0.10000000000000142
12906, 0.0, 0.10000000000000142
12907, 0.0, 0.0
12908, 0.0, 0.0
12909, 0.0, 0.10000000000000142
12910, 0.0, 0.10000000000000142
12911, 0.0, 0.0
12912, 0.0, 0.10000000000000142
12913, 0.0, 0.0
12914, 0.0, 0.0
12915, 0.0, 0.10000000000000142
12916, 0.0, 0.0
12917, 0.0, 0.0
12918, 0.0, 0.0
12919, 0.0, 0.0
12920, 0.0, 0.0
12921, 0.0, 0.0
12922, 0.0, 0.0
12923, 0.0, -0.09999999999999787
12924, 0.0, 0.0
12925, 0.0, 0.0
12926, 0.0, -0.09999999999999787
12927, 0.0, 0.0
12928, 0.0, -0.09999999999999787
12929, 0.0, 0.0
12930, 0.0, 0.0
12931, 0.0, -0.09999999999999787
12932, 0.0, 0.0
12933, 0.09999999999999787, -0.09999999999999787
12934, 0.09999999999999787, 0.0
12935, 0.09999999999999787, 0.0
12936, 0.09999999999999787, 0.0
12937, 0.09999999999999787, 0.0
12938, 0.09999999999999787, -0.09999999999999787
12939, 0.09999999999999787, 0.0
12940, 0.09999999999999787, 0.0
12941, 0.0, 0.0
12942, 0.0, 0.0
12943, 0.0, 0.0
12944, 0.0, 0.0
12945, 0.0, 0.10000000000000142
12946, 0.0, 0.0
12947, 0.0, 0.10000000000000142
12948, 0.0, 0.0
12949, 0.0, 0.10000000000000142
12950, 0.0, 0.0
12951, 0.0, 0.10000000000000142
12952, 0.0, 0.10000000000000142
12953, 0.0, 0.20000000000000284
12954, 0.0, 0.10000000000000142
12955, 0.0, 0.10000000000000142
12956, 0.0, 0.10000000000000142
12957, 0.0, 0.0
12958, 0.0, 0.10000000000000142
12959, 0.0, 0.0
12960, 0.0, 0.10000000000000142
12961, 0.0, 0.0
12962, 0.09999999999999787, 0.10000000000000142
12963, 0.09999999999999787, 0.0
12964, 0.0, 0.20000000000000284
12965, 0.0, 0.10000000000000142
12966, 0.0, 0.20000000000000284
12967, -0.10000000000000142, 0.10000000000000142
12968, -0.10000000000000142, 0.10000000000000142
12969, -0.10000000000000142, 0.10000000000000142
12970, -0.10000000000000142, 0.10000000000000142
12971, -0.10000000000000142, 0.10000000000000142
12972, -0.10000000000000142, 0.10000000000000142
12973, -0.10000000000000142, 0.0
12974, 0.0, 0.0
12975, 0.0, 0.10000000000000142
12976, 0.0, 0.10000000000000142
12977, 0.0, 0.10000000000000142
12978, 0.0, 0.0
12979, 0.0, 0.10000000000000142
12980, 0.0, 0.0
12981, 0.0, 0.0
12982, 0.09999999999999787, 0.10000000000000142
12983, 0.09999999999999787, 0.0
12984, 0.09999999999999787, 0.0
12985, 0.09999999999999787, 0.0
12986, 0.09999999999999787, 0.0
12987, 0.09999999999999787, 0.0
12988, 0.09999999999999787, 0.10000000000000142
12989, 0.09999999999999787, 0.0
12990, 0.09999999999999787, 0.0
12991, 0.09999999999999787, 0.0
12992, 0.09999999999999787, 0.0
12993, 0.09999999999999787, 0.10000000000000142
12994, 0.09999999999999787, 0.10000000000000142
12995, 0.09999999999999787, 0.0
12996, 0.09999999999999787, 0.10000000000000142
12997, 0.09999999999999787, 0.0
12998, 0.09999999999999787, 0.10000000000000142
12999, 0.09999999999999787, 0.10000000000000142
13000, 0.09999999999999787, 0.0
13001, 0.09999999999999787, 0.0
13002, 0.09999999999999787, 0.0
13003, 0.09999999999999787, 0.10000000000000142
13004, 0.0, 0.0
13005, 0.0, 0.10000000000000142
13006, 0.0, 0.0
13007, 0.0, 0.0
13008, 0.0, 0.10000000000000142
13009, 0.0, 0.10000000000000142
13010, 0.0, 0.0
13011, 0.0, 0.10000000000000142
13012, 0.0, 0.10000000000000142
13013, 0.0, 0.10000000000000142
13014, 0.0, 0.0
13015, 0.0, 0.10000000000000142
13016, 0.0, 0.10000000000000142
13017, 0.0, 0.10000000000000142
13018, 0.0, 0.10000000000000142
13019, 0.0, 0.10000000000000142
13020, 0.0, 0.10000000000000142
13021, 0.0, 0.20000000000000284
13022, 0.0, 0.10000000000000142
13023, 0.0, 0.10000000000000142
13024, 0.0, 0.20000000000000284
13025, 0.0, 0.20000000000000284
13026, 0.0, 0.10000000000000142
13027, 0.0, 0.10000000000000142
13028, 0.0, 0.20000000000000284
13029, 0.0, 0.10000000000000142
13030, 0.0, 0.20000000000000284
13031, 0.0, 0.10000000000000142
13032, 0.0, 0.20000000000000284
13033, 0.0, 0.20000000000000284
13034, 0.0, 0.10000000000000142
13035, 0.0, 0.20000000000000284
13036, 0.0, 0.20000000000000284
13037, 0.0, 0.20000000000000284
13038, 0.0, 0.20000000000000284
13039, 0.0, 0.10000000000000142
13040, 0.0, 0.10000000000000142
13041, 0.0, 0.20000000000000284
13042, 0.0, 0.20000000000000284
13043, 0.0, 0.10000000000000142
13044, 0.0, 0.20000000000000284
13045, 0.0, 0.10000000000000142
13046, 0.0, 0.10000000000000142
13047, 0.0, 0.20000000000000284
13048, 0.0, 0.10000000000000142
13049, 0.0, 0.20000000000000284
13050, 0.0, 0.10000000000000142
13051, 0.0, 0.0
13052, 0.0, 0.20000000000000284
13053, 0.0, 0.10000000000000142
13054, 0.0, 0.10000000000000142
13055, 0.0, 0.10000000000000142
13056, 0.0, 0.10000000000000142
13057, 0.0, 0.20000000000000284
13058, 0.0, 0.10000000000000142
13059, 0.0, 0.10000000000000142
13060, 0.0, 0.10000000000000142
13061, 0.0, 0.10000000000000142
13062, 0.0, 0.10000000000000142
13063, 0.0, 0.20000000000000284
13064, 0.0, 0.10000000000000142
13065, 0.0, 0.10000000000000142
13066, 0.0, 0.0
13067, 0.0, 0.20000000000000284
13068, 0.0, 0.10000000000000142
13069, 0.0, 0.10000000000000142
13070, 0.0, 0.10000000000000142
13071, 0.0, 0.10000000000000142
13072, 0.0, 0.0
13073, 0.0, 0.10000000000000142
13074, 0.0, 0.10000000000000142
13075, 0.0, 0.10000000000000142
13076, 0.0, 0.10000000000000142
13077, 0.0, 0.10000000000000142
13078, 0.0, 0.0
13079, 0.0, 0.10000000000000142
13080, 0.0, 0.0
13081, 0.0, 0.0
13082, 0.0, 0.10000000000000142
13083, 0.0, 0.0
13084, 0.0, 0.10000000000000142
13085, 0.0, 0.0
13086, 0.0, 0.0
13087, 0.0, 0.10000000000000142
13088, 0.0, 0.0
13089, 0.0, 0.10000000000000142
13090, 0.0, 0.0
13091, 0.0, 0.0
13092, 0.0, 0.10000000000000142
13093, 0.0, 0.0
13094, 0.0, 0.10000000000000142
13095, 0.0, 0.10000000000000142
13096, 0.0, 0.10000000000000142
13097, 0.0, 0.10000000000000142
13098, 0.0, 0.20000000000000284
13099, 0.0, 0.10000000000000142
13100, 0.0, 0.10000000000000142
13101, 0.0, 0.10000000000000142
13102, 0.0, 0.0
13103, 0.0, 0.10000000000000142
13104, 0.0, 0.10000000000000142
13105, 0.0, 0.10000000000000142
13106, 0.0, 0.10000000000000142
13107, 0.0, 0.10000000000000142
13108, 0.0, 0.20000000000000284
13109, 0.0, 0.10000000000000142
13110, 0.0, 0.20000000000000284
13111, 0.0, 0.20000000000000284
13112, 0.0, 0.10000000000000142
13113, 0.0, 0.10000000000000142
13114, 0.0, 0.10000000000000142
13115, 0.0, 0.10000000000000142
13116, 0.0, 0.20000000000000284
13117, 0.0, 0.10000000000000142
13118, 0.0, 0.10000000000000142
13119, 0.0, 0.20000000000000284
13120, 0.0, 0.20000000000000284
13121, 0.0, 0.10000000000000142
13122, 0.0, 0.20000000000000284
13123, 0.0, 0.20000000000000284
13124, 0.0, 0.20000000000000284
13125, 0.0, 0.20000000000000284
13126, 0.0, 0.10000000000000142
13127, 0.0, 0.10000000000000142
13128, 0.0, 0.10000000000000142
13129, 0.0, 0.20000000000000284
13130, 0.0, 0.20000000000000284
13131, 0.0, 0.10000000000000142
13132, 0.0, 0.10000000000000142
13133, 0.0, 0.20000000000000284
13134, 0.0, 0.20000000000000284
13135, 0.0, 0.20000000000000284
13136, 0.0, 0.20000000000000284
13137, 0.0, 0.10000000000000142
13138, 0.0, 0.10000000000000142
13139, 0.0, 0.10000000000000142
13140, 0.0, 0.10000000000000142
13141, 0.0, 0.10000000000000142
13142, 0.0, 0.20000000000000284
13143, 0.0, 0.10000000000000142
13144, 0.0, 0.10000000000000142
13145, 0.0, 0.10000000000000142
13146, 0.0, 0.10000000000000142
13147, 0.0, 0.10000000000000142
13148, 0.0, 0.0
13149, 0.0, 0.10000000000000142
13150, 0.0, 0.10000000000000142
13151, 0.0, 0.10000000000000142
13152, 0.0, 0.10000000000000142
13153, 0.0, 0.10000000000000142
13154, 0.0, 0.10000000000000142
13155, 0.0, 0.0
13156, 0.0, 0.0
13157, 0.0, 0.0
13158, 0.0, 0.0
13159, 0.0, 0.0
13160, 0.0, 0.0
13161, 0.0, 0.0
13162, 0.0, -0.09999999999999787
13163, 0.0, -0.09999999999999787
13164, 0.0, -0.09999999999999787
13165, 0.0, -0.09999999999999787
13166, 0.0, 0.0
13167, 0.09999999999999787, 0.0
13168, 0.09999999999999787, 0.0
13169, 0.09999999999999787, 0.0
13170, 0.09999999999999787, 0.0
13171, 0.09999999999999787, 0.0
13172, 0.09999999999999787, 0.0
13173, 0.09999999999999787, 0.0
13174, 0.09999999999999787, 0.0
13175, 0.09999999999999787, -0.09999999999999787
13176, 0.09999999999999787, -0.09999999999999787
13177, 0.09999999999999787, -0.09999999999999787
13178, 0.09999999999999787, -0.09999999999999787
13179, 0.09999999999999787, -0.09999999999999787
13180, 0.09999999999999787, -0.09999999999999787
13181, 0.09999999999999787, -0.09999999999999787
13182, 0.09999999999999787, -0.09999999999999787
13183, 0.09999999999999787, -0.09999999999999787
13184, 0.09999999999999787, -0.09999999999999787
13185, 0.09999999999999787, -0.09999999999999787
13186, 0.09999999999999787, -0.09999999999999787
13187, 0.09999999999999787, 0.0
13188, 0.09999999999999787, 0.0
13189, 0.09999999999999787, 0.0
13190, 0.09999999999999787, 0.0
13191, 0.09999999999999787, 0.0
13192, 0.09999999999999787, 0.0
13193, 0.09999999999999787, 0.0
13194, 0.09999999999999787, 0.0
13195, 0.09999999999999787, 0.0
13196, 0.09999999999999787, 0.0
13197, 0.09999999999999787, -0.09999999999999787
13198, 0.09999999999999787, 0.0
13199, 0.09999999999999787, 0.0
13200, 0.09999999999999787, 0.0
13201, 0.09999999999999787, 0.0
13202, 0.09999999999999787, 0.0
13203, 0.0, 0.0
13204, 0.0, 0.0
13205, 0.0, 0.0
13206, 0.0, 0.0
13207, 0.0, 0.0
13208, 0.0, 0.0
13209, 0.0, 0.10000000000000142
13210, 0.0, 0.10000000000000142
13211, 0.0, 0.10000000000000142
13212, 0.0, 0.10000000000000142
13213, 0.0, 0.10000000000000142
13214, 0.0, 0.10000000000000142
13215, 0.0, 0.10000000000000142
13216, 0.0, 0.10000000000000142
13217, 0.0, 0.10000000000000142
13218, 0.0, 0.0
13219, 0.0, 0.10000000000000142
13220, 0.0, 0.10000000000000142
13221, 0.0, 0.10000000000000142
13222, 0.0, 0.0
13223, 0.0, 0.10000000000000142
13224, 0.0, 0.10000000000000142
13225, 0.0, 0.0
13226, 0.0, 0.0
13227, 0.0, 0.10000000000000142
13228, 0.0, 0.10000000000000142
13229, 0.0, 0.0
13230, 0.0, 0.0
13231, 0.0, 0.0
13232, 0.0, 0.0
13233, 0.0, 0.0
13234, 0.0, 0.0
13235, 0.0, 0.0
13236, 0.0, 0.0
13237, 0.0, 0.10000000000000142
13238, 0.0, 0.10000000000000142
13239, 0.0, 0.0
13240, 0.0, 0.10000000000000142
13241, 0.0, 0.10000000000000142
13242, 0.0, 0.10000000000000142
13243, 0.0, 0.0
13244, 0.0, 0.10000000000000142
13245, 0.0, 0.10000000000000142
13246, 0.0, 0.0
13247, 0.0, 0.0
13248, 0.0, 0.10000000000000142
13249, 0.0, 0.0
13250, 0.0, 0.0
13251, 0.0, 0.10000000000000142
13252, 0.0, 0.0
13253, 0.0, 0.0
13254, 0.0, 0.10000000000000142
13255, 0.0, 0.0
13256, 0.0, 0.0
13257, 0.0, 0.10000000000000142
13258, 0.0, 0.0
13259, 0.0, 0.10000000000000142
13260, 0.0, 0.0
13261, 0.0, 0.0
13262, 0.0, 0.10000000000000142
13263, 0.0, 0.0
13264, 0.0, 0.10000000000000142
13265, 0.0, 0.10000000000000142
13266, 0.0, 0.0
13267, 0.0, 0.10000000000000142
13268, 0.0, 0.10000000000000142
13269, 0.0, 0.10000000000000142
13270, 0.0, 0.10000000000000142
13271, 0.0, 0.20000000000000284
13272, 0.0, 0.10000000000000142
13273, 0.0, 0.10000000000000142
13274, 0.0, 0.10000000000000142
13275, 0.0, 0.10000000000000142
13276, 0.0, 0.20000000000000284
13277, 0.0, 0.10000000000000142
13278, 0.0, 0.20000000000000284
13279, 0.0, 0.10000000000000142
13280, 0.0, 0.10000000000000142
13281, 0.0, 0.10000000000000142
13282, 0.0, 0.10000000000000142
13283, 0.0, 0.20000000000000284
13284, 0.0, 0.10000000000000142
13285, 0.0, 0.20000000000000284
13286, 0.0, 0.10000000000000142
13287, 0.0, 0.10000000000000142
13288, 0.0, 0.10000000000000142
13289, 0.0, 0.10000000000000142
13290, 0.0, 0.10000000000000142
13291, 0.0, 0.0
13292, 0.0, 0.10000000000000142
13293, 0.0, 0.0
13294, 0.0, 0.10000000000000142
13295, 0.0, 0.10000000000000142
13296, 0.0, 0.20000000000000284
13297, 0.0, 0.0
13298, 0.0, 0.10000000000000142
13299, 0.0, 0.10000000000000142
13300, -0.10000000000000142, 0.0
13301, -0.10000000000000142, 0.10000000000000142
13302, -0.10000000000000142, 0.0
13303, -0.10000000000000142, 0.0
13304, -0.10000000000000142, 0.0
13305, -0.10000000000000142, 0.10000000000000142
13306, -0.10000000000000142, 0.10000000000000142
13307, -0.10000000000000142, 0.10000000000000142
13308, -0.10000000000000142, 0.0
13309, -0.10000000000000142, 0.10000000000000142
13310, -0.10000000000000142, 0.0
13311, -0.10000000000000142, 0.10000000000000142
13312, -0.10000000000000142, 0.10000000000000142
13313, -0.10000000000000142, 0.0
13314, -0.10000000000000142, 0.10000000000000142
13315, -0.10000000000000142, 0.0
13316, -0.10000000000000142, 0.0
13317, -0.10000000000000142, 0.0
13318, -0.10000000000000142, 0.0
13319, -0.10000000000000142, 0.0
13320, -0.10000000000000142, 0.10000000000000142
13321, -0.10000000000000142, 0.0
13322, 0.0, 0.0
13323, 0.0, 0.0
13324, 0.0, 0.0
13325, 0.0, 0.0
13326, 0.0, 0.0
13327, 0.0, 0.0
13328, 0.0, 0.10000000000000142
13329, 0.0, 0.0
13330, 0.0, 0.0
13331, 0.0, 0.10000000000000142
13332, 0.0, 0.0
13333, 0.0, 0.10000000000000142
13334, 0.0, 0.0
13335, 0.0, 0.10000000000000142
13336, 0.0, 0.10000000000000142
13337, 0.0, 0.0
13338, 0.0, 0.0
13339, 0.0, 0.10000000000000142
13340, 0.0, 0.0
13341, 0.0, 0.10000000000000142
13342, 0.0, 0.0
13343, 0.0, 0.10000000000000142
13344, 0.0, 0.0
13345, 0.0, 0.10000000000000142
13346, 0.0, 0.10000000000000142
13347, 0.0, 0.10000000000000142
13348, 0.0, 0.0
13349, 0.0, 0.10000000000000142
13350, 0.0, 0.10000000000000142
13351, 0.0, 0.10000000000000142
13352, 0.0, 0.10000000000000142
13353, 0.0, 0.10000000000000142
13354, 0.0, 0.10000000000000142
13355, 0.0, 0.10000000000000142
13356, 0.0, 0.10000000000000142
13357, 0.0, 0.0
13358, 0.0, 0.0
13359, 0.0, 0.0
13360, 0.0, 0.10000000000000142
13361, 0.0, 0.10000000000000142
13362, 0.0, 0.0
13363, 0.0, 0.0
13364, 0.0, 0.10000000000000142
13365, 0.0, 0.0
13366, 0.0, 0.10000000000000142
13367, 0.0, 0.0
13368, 0.0, 0.10000000000000142
13369, -0.10000000000000142, 0.0
13370, -0.10000000000000142, 0.10000000000000142
13371, -0.10000000000000142, 0.10000000000000142
13372, -0.10000000000000142, 0.10000000000000142
13373, -0.10000000000000142, 0.0
13374, -0.10000000000000142, 0.10000000000000142
13375, -0.10000000000000142, 0.0
13376, -0.10000000000000142, 0.10000000000000142
13377, -0.10000000000000142, 0.10000000000000142
13378, -0.10000000000000142, 0.10000000000000142
13379, -0.10000000000000142, 0.10000000000000142
13380, -0.10000000000000142, 0.10000000000000142
13381, -0.10000000000000142, 0.10000000000000142
13382, -0.10000000000000142, 0.10000000000000142
13383, -0.10000000000000142, 0.20000000000000284
13384, -0.10000000000000142, 0.10000000000000142
13385, -0.10000000000000142, 0.0
13386, -0.10000000000000142, 0.10000000000000142
13387, -0.10000000000000142, 0.0
13388, -0.10000000000000142, 0.10000000000000142
13389, -0.10000000000000142, 0.10000000000000142
13390, -0.10000000000000142, 0.20000000000000284
13391, -0.10000000000000142, 0.0
13392, -0.10000000000000142, 0.10000000000000142
13393, -0.10000000000000142, 0.10000000000000142
13394, -0.10000000000000142, 0.10000000000000142
13395, -0.10000000000000142, 0.10000000000000142
13396, -0.10000000000000142, 0.10000000000000142
13397, -0.10000000000000142, 0.10000000000000142
13398, -0.10000000000000142, 0.10000000000000142
13399, -0.10000000000000142, 0.10000000000000142
13400, -0.10000000000000142, 0.10000000000000142
13401, -0.10000000000000142, 0.10000000000000142
13402, -0.10000000000000142, 0.20000000000000284
13403, -0.10000000000000142, 0.10000000000000142
13404, -0.10000000000000142, 0.10000000000000142
13405, -0.10000000000000142, 0.10000000000000142
13406, -0.10000000000000142, 0.10000000000000142
13407, -0.10000000000000142, 0.10000000000000142
13408, 0.0, 0.20000000000000284
13409, 0.0, 0.10000000000000142
13410, 0.0, 0.10000000000000142
13411, 0.0, 0.10000000000000142
13412, 0.0, 0.10000000000000142
13413, 0.0, 0.10000000000000142
13414, 0.0, 0.20000000000000284
13415, 0.0, 0.10000000000000142
13416, 0.0, 0.10000000000000142
13417, 0.0, 0.10000000000000142
13418, 0.0, 0.20000000000000284
13419, 0.0, 0.10000000000000142
13420, 0.0, 0.10000000000000142
13421, 0.0, 0.0
13422, 0.0, 0.10000000000000142
13423, 0.0, 0.10000000000000142
13424, 0.0, 0.10000000000000142
13425, 0.0, 0.10000000000000142
13426, 0.0, 0.20000000000000284
13427, 0.0, 0.20000000000000284
13428, 0.0, 0.20000000000000284
13429, 0.0, 0.0
13430, 0.0, 0.0
13431, 0.0, 0.10000000000000142
13432, 0.0, 0.10000000000000142
13433, 0.0, 0.10000000000000142
13434, 0.0, 0.10000000000000142
13435, 0.0, 0.10000000000000142
13436, 0.0, 0.20000000000000284
13437, 0.0, 0.20000000000000284
13438, 0.0, 0.10000000000000142
13439, 0.0, 0.10000000000000142
13440, 0.0, 0.10000000000000142
13441, 0.0, 0.0
13442, 0.0, 0.0
13443, 0.0, 0.10000000000000142
13444, 0.0, 0.10000000000000142
13445, 0.0, 0.10000000000000142
13446, 0.0, 0.10000000000000142
13447, 0.0, 0.10000000000000142
13448, 0.0, 0.0
13449, 0.0, 0.0
13450, 0.0, 0.10000000000000142
13451, 0.0, 0.10000000000000142
13452, 0.0, 0.10000000000000142
13453, 0.0, 0.10000000000000142
13454, 0.0, 0.10000000000000142
13455, 0.0, 0.10000000000000142
13456, 0.0, 0.10000000000000142
13457, 0.0, 0.10000000000000142
13458, 0.0, 0.10000000000000142
13459, 0.0, 0.10000000000000142
13460, 0.0, 0.0
13461, 0.0, 0.0
13462, 0.0, 0.0
13463, 0.0, 0.0
13464, 0.0, 0.0
13465, 0.0, 0.0
13466, 0.0, 0.0
13467, 0.0, 0.0
13468, 0.0, 0.0
13469, 0.0, 0.0
13470, 0.0, 0.0
13471, 0.0, 0.0
13472, 0.0, 0.0
13473, 0.0, 0.0
13474, 0.0, 0.0
13475, 0.0, 0.0
13476, 0.0, 0.0
13477, 0.0, 0.0
13478, 0.0, 0.10000000000000142
13479, 0.0, 0.10000000000000142
13480, 0.0, 0.10000000000000142
13481, 0.0, 0.10000000000000142
13482, 0.0, 0.10000000000000142
13483, 0.0, 0.10000000000000142
13484, 0.0, 0.10000000000000142
13485, 0.0, 0.10000000000000142
13486, 0.0, 0.10000000000000142
13487, 0.0, 0.10000000000000142
13488, 0.0, 0.10000000000000142
13489, 0.0, 0.10000000000000142
13490, 0.0, 0.10000000000000142
13491, 0.0, 0.10000000000000142
13492, 0.0, 0.10000000000000142
13493, 0.0, 0.10000000000000142
13494, -0.10000000000000142, 0.0
13495, -0.10000000000000142, 0.0
13496, -0.10000000000000142, 0.0
13497, -0.10000000000000142, 0.10000000000000142
13498, -0.10000000000000142, 0.10000000000000142
13499, -0.10000000000000142, 0.0
13500, -0.10000000000000142, 0.0
13501, -0.10000000000000142, 0.10000000000000142
13502, -0.10000000000000142, 0.10000000000000142
13503, -0.10000000000000142, 0.10000000000000142
13504, -0.10000000000000142, 0.0
13505, -0.10000000000000142, 0.0
13506, -0.10000000000000142, 0.10000000000000142
13507, -0.10000000000000142, 0.10000000000000142
13508, -0.10000000000000142, 0.0
13509, -0.10000000000000142, 0.0
13510, -0.10000000000000142, 0.0
13511, -0.10000000000000142, 0.0
13512, -0.10000000000000142, -0.09999999999999787
13513, -0.10000000000000142, 0.0
13514, -0.10000000000000142, 0.0
13515, 0.0, -0.09999999999999787
13516, 0.0, 0.0
13517, 0.0, 0.0
13518, 0.0, -0.09999999999999787
13519, 0.0, -0.09999999999999787
13520, 0.0, 0.0
13521, 0.0, -0.09999999999999787
13522, 0.0, -0.09999999999999787
13523, 0.0, -0.09999999999999787
13524, 0.0, -0.09999999999999787
13525, 0.0, 0.0
13526, 0.0, -0.09999999999999787
13527, 0.0, -0.09999999999999787
13528, 0.0, -0.09999999999999787
13529, 0.0, -0.09999999999999787
13530, 0.0, 0.0
13531, 0.0, -0.09999999999999787
13532, 0.0, -0.09999999999999787
13533, 0.0, -0.09999999999999787
13534, 0.0, -0.09999999999999787
13535, 0.0, 0.0
13536, 0.0, -0.09999999999999787
13537, 0.0, -0.09999999999999787
13538, 0.0, -0.09999999999999787
13539, 0.09999999999999787, -0.09999999999999787
13540, 0.09999999999999787, 0.0
13541, 0.09999999999999787, -0.09999999999999787
13542, 0.09999999999999787, 0.0
13543, 0.09999999999999787, -0.09999999999999787
13544, 0.09999999999999787, -0.09999999999999787
13545, 0.09999999999999787, 0.0
13546, 0.09999999999999787, 0.0
13547, 0.09999999999999787, 0.0
13548, 0.09999999999999787, 0.0
13549, 0.09999999999999787, 0.0
13550, 0.09999999999999787, 0.0
13551, 0.09999999999999787, 0.0
13552, 0.09999999999999787, 0.0
13553, 0.09999999999999787, 0.0
13554, 0.09999999999999787, 0.0
13555, 0.09999999999999787, 0.0
13556, 0.09999999999999787, 0.0
13557, 0.09999999999999787, 0.0
13558, 0.09999999999999787, 0.0
13559, 0.09999999999999787, 0.0
13560, 0.09999999999999787, 0.0
13561, 0.09999999999999787, 0.0
13562, 0.09999999999999787, 0.0
13563, 0.09999999999999787, 0.0
13564, 0.09999999999999787, 0.0
13565, 0.09999999999999787, 0.0
13566, 0.09999999999999787, 0.0
13567, 0.09999999999999787, 0.0
13568, 0.09999999999999787, 0.10000000000000142
13569, 0.09999999999999787, 0.10000000000000142
13570, 0.0, 0.0
13571, 0.0, 0.0
13572, 0.0, 0.10000000000000142
13573, 0.0, 0.0
13574, 0.0, 0.0
13575, 0.0, 0.0
13576, 0.0, 0.0
13577, 0.0, 0.10000000000000142
13578, 0.0, 0.0
13579, 0.0, 0.10000000000000142
13580, 0.0, 0.10000000000000142
13581, 0.0, 0.0
13582, 0.0, 0.0
13583, 0.0, 0.10000000000000142
13584, 0.0, 0.0
13585, 0.0, 0.10000000000000142
13586, 0.0, 0.10000000000000142
13587, 0.0, 0.10000000000000142
13588, 0.0, 0.10000000000000142
13589, 0.0, 0.10000000000000142
13590, 0.0, 0.10000000000000142
13591, 0.0, 0.0
13592, 0.0, 0.10000000000000142
13593, 0.09999999999999787, 0.10000000000000142
13594, 0.09999999999999787, 0.0
13595, 0.09999999999999787, 0.10000000000000142
13596, 0.09999999999999787, 0.10000000000000142
13597, 0.09999999999999787, 0.0
13598, 0.09999999999999787, 0.20000000000000284
13599, 0.09999999999999787, 0.10000000000000142
13600, 0.09999999999999787, 0.20000000000000284
13601, 0.09999999999999787, 0.20000000000000284
13602, 0.09999999999999787, 0.10000000000000142
13603, 0.09999999999999787, 0.20000000000000284
13604, 0.09999999999999787, 0.20000000000000284
13605, 0.09999999999999787, 0.10000000000000142
13606, 0.09999999999999787, 0.20000000000000284
13607, 0.09999999999999787, 0.10000000000000142
13608, 0.09999999999999787, 0.10000000000000142
13609, 0.09999999999999787, 0.20000000000000284
13610, 0.09999999999999787, 0.10000000000000142
13611, 0.09999999999999787, 0.10000000000000142
13612, 0.09999999999999787, 0.10000000000000142
13613, 0.09999999999999787, 0.10000000000000142
13614, 0.09999999999999787, 0.10000000000000142
13615, 0.09999999999999787, 0.10000000000000142
13616, 0.09999999999999787, 0.20000000000000284
13617, 0.09999999999999787, 0.10000000000000142
13618, 0.09999999999999787, 0.10000000000000142
13619, 0.09999999999999787, 0.10000000000000142
13620, 0.0, 0.10000000000000142
13621, 0.0, 0.10000000000000142
13622, 0.0, 0.10000000000000142
13623, 0.0, 0.0
13624, 0.0, 0.10000000000000142
13625, 0.0, 0.10000000000000142
13626, 0.0, 0.10000000000000142
13627, 0.0, 0.0
13628, 0.0, 0.0
13629, 0.0, 0.10000000000000142
13630, 0.0, 0.0
13631, 0.0, 0.0
13632, 0.0, 0.0
13633, 0.0, 0.0
13634, 0.0, 0.0
13635, 0.0, 0.10000000000000142
13636, 0.0, 0.10000000000000142
13637, 0.0, 0.0
13638, 0.0, 0.0
13639, 0.0, 0.10000000000000142
13640, 0.0, 0.10000000000000142
13641, 0.0, 0.0
13642, 0.0, 0.0
13643, 0.0, 0.10000000000000142
13644, 0.0, 0.10000000000000142
13645, 0.0, 0.0
13646, 0.0, 0.0
13647, 0.0, 0.0
13648, 0.0, 0.10000000000000142
13649, 0.0, 0.0
13650, 0.0, 0.0
13651, 0.0, 0.0
13652, 0.0, 0.10000000000000142
13653, 0.0, 0.0
13654, 0.0, 0.0
13655, 0.0, 0.0
13656, 0.0, 0.0
13657, 0.0, 0.20000000000000284
13658, 0.0, 0.10000000000000142
13659, 0.0, 0.10000000000000142
13660, 0.0, 0.10000000000000142
13661, 0.0, 0.10000000000000142
13662, 0.0, 0.10000000000000142
13663, 0.0, 0.10000000000000142
13664, 0.0, 0.10000000000000142
13665, 0.0, 0.10000000000000142
13666, 0.0, 0.10000000000000142
13667, 0.0, 0.10000000000000142
13668, 0.0, 0.0
13669, 0.0, 0.10000000000000142
13670, 0.0, 0.10000000000000142
13671, 0.0, 0.10000000000000142
13672, 0.0, 0.10000000000000142
13673, 0.0, 0.10000000000000142
13674, 0.0, 0.0
13675, 0.0, 0.10000000000000142
13676, 0.0, 0.20000000000000284
13677, 0.0, 0.20000000000000284
13678, 0.0, 0.20000000000000284
13679, 0.0, 0.10000000000000142
13680, 0.0, 0.10000000000000142
13681, 0.0, 0.10000000000000142
13682, 0.0, 0.10000000000000142
13683, 0.0, 0.20000000000000284
13684, 0.0, 0.20000000000000284
13685, 0.0, 0.10000000000000142
13686, 0.0, 0.10000000000000142
13687, 0.09999999999999787, 0.10000000000000142
13688, 0.09999999999999787, 0.10000000000000142
13689, 0.09999999999999787, 0.10000000000000142
13690, 0.09999999999999787, 0.10000000000000142
13691, 0.09999999999999787, 0.0
13692, 0.09999999999999787, 0.20000000000000284
13693, 0.09999999999999787, 0.20000000000000284
13694, 0.09999999999999787, 0.20000000000000284
13695, 0.09999999999999787, 0.20000000000000284
13696, 0.09999999999999787, 0.20000000000000284
13697, 0.09999999999999787, 0.20000000000000284
13698, 0.09999999999999787, 0.10000000000000142
13699, 0.09999999999999787, 0.10000000000000142
13700, 0.09999999999999787, 0.10000000000000142
13701, 0.09999999999999787, 0.10000000000000142
13702, 0.09999999999999787, 0.10000000000000142
13703, 0.09999999999999787, 0.10000000000000142
13704, 0.09999999999999787, 0.20000000000000284
13705, 0.09999999999999787, 0.20000000000000284
13706, 0.09999999999999787, 0.20000000000000284
13707, 0.09999999999999787, 0.20000000000000284
13708, 0.09999999999999787, 0.20000000000000284
13709, 0.09999999999999787, 0.20000000000000284
13710, 0.09999999999999787, 0.10000000000000142
13711, 0.09999999999999787, 0.10000000000000142
13712, 0.09999999999999787, 0.10000000000000142
13713, 0.09999999999999787, 0.10000000000000142
13714, 0.09999999999999787, 0.10000000000000142
13715, 0.09999999999999787, 0.10000000000000142
13716, 0.09999999999999787, 0.10000000000000142
13717, 0.09999999999999787, 0.10000000000000142
13718, 0.09999999999999787, 0.10000000000000142
13719, 0.09999999999999787, 0.10000000000000142
13720, 0.09999999999999787, 0.10000000000000142
13721, 0.0, 0.20000000000000284
13722, 0.0, 0.20000000000000284
13723, 0.0, 0.20000000000000284
13724, 0.0, 0.20000000000000284
13725, 0.0, 0.20000000000000284
13726, 0.0, 0.20000000000000284
13727, 0.0, 0.20000000000000284
13728, 0.0, 0.20000000000000284
13729, 0.0, 0.20000000000000284
13730, 0.0, 0.20000000000000284
13731, 0.0, 0.20000000000000284
13732, 0.0, 0.20000000000000284
13733, 0.0, 0.20000000000000284
13734, 0.0, 0.20000000000000284
13735, 0.0, 0.20000000000000284
13736, -0.10000000000000142, 0.20000000000000284
13737, -0.10000000000000142, 0.10000000000000142
13738, -0.10000000000000142, 0.10000000000000142
13739, -0.10000000000000142, 0.10000000000000142
13740, -0.10000000000000142, 0.10000000000000142
13741, -0.10000000000000142, 0.10000000000000142
13742, -0.10000000000000142, 0.10000000000000142
13743, -0.10000000000000142, 0.10000000000000142
13744, -0.10000000000000142, 0.10000000000000142
13745, -0.10000000000000142, 0.10000000000000142
13746, -0.10000000000000142, 0.10000000000000142
13747, -0.10000000000000142, 0.10000000000000142
13748, -0.10000000000000142, 0.10000000000000142
13749, -0.10000000000000142, 0.10000000000000142
13750, -0.10000000000000142, 0.10000000000000142
13751, -0.10000000000000142, 0.10000000000000142
13752, -0.10000000000000142, 0.0
13753, -0.10000000000000142, 0.0
13754, 0.0, 0.0
13755, 0.0, 0.0
13756, 0.0, 0.0
13757, 0.0, 0.10000000000000142
13758, 0.0, 0.10000000000000142
13759, 0.0, 0.10000000000000142
13760, 0.0, 0.10000000000000142
13761, 0.0, 0.10000000000000142
13762, 0.0, 0.10000000000000142
13763, 0.0, 0.0
13764, 0.0, 0.0
13765, 0.0, 0.0
13766, 0.0, 0.0
13767, 0.0, 0.10000000000000142
13768, 0.0, 0.10000000000000142
13769, 0.0, 0.10000000000000142
13770, 0.0, 0.10000000000000142
13771, 0.0, 0.10000000000000142
13772, 0.0, 0.0
13773, 0.0, 0.0
13774, 0.0, 0.10000000000000142
13775, 0.0, 0.10000000000000142
13776, 0.0, 0.10000000000000142
13777, 0.0, 0.10000000000000142
13778, 0.0, 0.10000000000000142
13779, 0.0, 0.10000000000000142
13780, 0.0, 0.0
13781, 0.0, 0.10000000000000142
13782, 0.0, 0.10000000000000142
13783, 0.0, 0.10000000000000142
13784, 0.0, 0.10000000000000142
13785, 0.0, 0.10000000000000142
13786, 0.0, 0.10000000000000142
13787, 0.0, 0.0
13788, 0.0, 0.0
13789, 0.0, 0.0
13790, 0.0, 0.0
13791, 0.0, 0.0
13792, 0.0, -0.09999999999999787
13793, 0.0, 0.0
13794, 0.0, 0.0
13795, 0.0, 0.0
13796, 0.0, 0.0
13797, 0.0, 0.0
13798, 0.0, 0.0
13799, 0.0, 0.0
13800, 0.0, 0.0
13801, 0.0, 0.10000000000000142
13802, 0.0, 0.0
13803, 0.0, 0.0
13804, 0.0, 0.0
13805, 0.0, 0.10000000000000142
13806, 0.0, 0.0
13807, 0.0, 0.0
13808, 0.0, 0.10000000000000142
13809, 0.0, 0.10000000000000142
13810, 0.0, 0.10000000000000142
13811, 0.0, 0.10000000000000142
13812, 0.0, 0.10000000000000142
13813, 0.0, 0.0
13814, 0.0, 0.0
13815, 0.0, 0.10000000000000142
13816, 0.0, 0.10000000000000142
13817, 0.0, 0.10000000000000142
13818, 0.0, 0.0
13819, 0.0, 0.0
13820, 0.0, 0.0
13821, 0.0, 0.0
13822, 0.0, 0.0
13823, 0.0, 0.10000000000000142
13824, 0.0, 0.10000000000000142
13825, 0.0, 0.0
13826, 0.0, -0.09999999999999787
13827, 0.0, 0.0
13828, 0.0, 0.0
13829, 0.0, 0.0
13830, 0.0, 0.0
13831, 0.0, 0.10000000000000142
13832, 0.0, 0.10000000000000142
13833, 0.0, 0.0
13834, 0.0, -0.09999999999999787
13835, 0.0, 0.0
13836, 0.0, 0.0
13837, 0.09999999999999787, 0.0
13838, 0.09999999999999787, 0.0
13839, 0.09999999999999787, 0.10000000000000142
13840, 0.09999999999999787, 0.0
13841, 0.09999999999999787, 0.0
13842, 0.09999999999999787, 0.0
13843, 0.09999999999999787, 0.10000000000000142
13844, 0.09999999999999787, 0.10000000000000142
13845, 0.09999999999999787, 0.0
13846, 0.09999999999999787, 0.10000000000000142
13847, 0.09999999999999787, 0.10000000000000142
13848, 0.09999999999999787, 0.10000000000000142
13849, 0.09999999999999787, 0.10000000000000142
13850, 0.09999999999999787, 0.20000000000000284
13851, 0.09999999999999787, 0.10000000000000142
13852, 0.09999999999999787, 0.10000000000000142
13853, 0.09999999999999787, 0.20000000000000284
13854, 0.09999999999999787, 0.20000000000000284
13855, 0.09999999999999787, 0.20000000000000284
13856, 0.09999999999999787, 0.10000000000000142
13857, 0.0, 0.20000000000000284
13858, 0.0, 0.20000000000000284
13859, 0.0, 0.20000000000000284
13860, 0.0, 0.20000000000000284
13861, 0.0, 0.20000000000000284
13862, 0.0, 0.20000000000000284
13863, 0.0, 0.10000000000000142
13864, 0.0, 0.10000000000000142
13865, 0.0, 0.20000000000000284
13866, 0.0, 0.20000000000000284
13867, 0.0, 0.20000000000000284
13868, 0.0, 0.10000000000000142
13869, 0.0, 0.20000000000000284
13870, 0.0, 0.20000000000000284
13871, 0.0, 0.20000000000000284
13872, 0.0, 0.20000000000000284
13873, 0.09999999999999787, 0.20000000000000284
13874, 0.09999999999999787, 0.10000000000000142
13875, 0.09999999999999787, 0.10000000000000142
13876, 0.09999999999999787, 0.10000000000000142
13877, 0.09999999999999787, 0.10000000000000142
13878, 0.09999999999999787, 0.10000000000000142
13879, 0.09999999999999787, 0.10000000000000142
13880, 0.09999999999999787, 0.20000000000000284
13881, 0.09999999999999787, 0.10000000000000142
13882, 0.09999999999999787, 0.10000000000000142
13883, 0.09999999999999787, 0.10000000000000142
13884, 0.09999999999999787, 0.20000000000000284
13885, 0.09999999999999787, 0.10000000000000142
13886, 0.09999999999999787, 0.10000000000000142
13887, 0.09999999999999787, 0.20000000000000284
13888, 0.09999999999999787, 0.20000000000000284
13889, 0.09999999999999787, 0.10000000000000142
13890, 0.09999999999999787, 0.10000000000000142
13891, 0.09999999999999787, 0.10000000000000142
13892, 0.09999999999999787, 0.10000000000000142
13893, 0.09999999999999787, 0.10000000000000142
13894, 0.09999999999999787, 0.10000000000000142
13895, 0.09999999999999787, 0.10000000000000142
13896, 0.09999999999999787, 0.10000000000000142
13897, 0.09999999999999787, 0.10000000000000142
13898, 0.09999999999999787, 0.10000000000000142
13899, 0.09999999999999787, 0.10000000000000142
13900, 0.09999999999999787, 0.0
13901, 0.09999999999999787, 0.0
13902, 0.09999999999999787, 0.0
13903, 0.0, 0.0
13904, 0.0, 0.0
13905, 0.0, 0.0
13906, 0.0, 0.0
13907, 0.0, 0.0
13908, 0.0, 0.0
13909, 0.0, 0.0
13910, 0.0, 0.0
13911, 0.0, 0.0
13912, 0.0, 0.0
13913, 0.0, 0.0
13914, 0.0, 0.0
13915, 0.0, 0.0
13916, 0.0, -0.09999999999999787
13917, 0.0, 0.0
13918, 0.0, 0.0
13919, 0.0, 0.0
13920, 0.0, 0.0
13921, 0.0, 0.0
13922, 0.0, 0.0
13923, 0.09999999999999787, 0.0
13924, 0.09999999999999787, 0.0
13925, 0.09999999999999787, 0.0
13926, 0.09999999999999787, 0.0
13927, 0.09999999999999787, 0.0
13928, 0.09999999999999787, 0.0
13929, 0.09999999999999787, 0.0
13930, 0.09999999999999787, 0.0
13931, 0.09999999999999787, 0.0
13932, 0.09999999999999787, 0.0
13933, 0.09999999999999787, 0.0
13934, 0.09999999999999787, 0.0
13935, 0.09999999999999787, 0.0
13936, 0.09999999999999787, 0.0
13937, 0.09999999999999787, 0.0
13938, 0.09999999999999787, 0.0
13939, 0.09999999999999787, 0.0
13940, 0.09999999999999787, 0.0
13941, 0.09999999999999787, 0.0
13942, 0.09999999999999787, 0.10000000000000142
13943, 0.09999999999999787, 0.0
13944, 0.09999999999999787, 0.0
13945, 0.09999999999999787, 0.0
13946, 0.09999999999999787, 0.0
13947, 0.09999999999999787, 0.0
13948, 0.09999999999999787, 0.0
13949, 0.09999999999999787, 0.0
13950, 0.09999999999999787, 0.10000000000000142
13951, 0.09999999999999787, 0.10000000000000142
13952, 0.09999999999999787, 0.0
13953, 0.09999999999999787, 0.0
13954, 0.09999999999999787, 0.0
13955, 0.09999999999999787, 0.0
13956, 0.09999999999999787, 0.0
13957, 0.09999999999999787, 0.0
13958, 0.09999999999999787, 0.0
13959, 0.09999999999999787, 0.10000000000000142
13960, 0.09999999999999787, 0.10000000000000142
13961, 0.09999999999999787, 0.10000000000000142
13962, 0.09999999999999787, 0.10000000000000142
13963, 0.09999999999999787, 0.10000000000000142
13964, 0.09999999999999787, 0.10000000000000142
13965, 0.09999999999999787, 0.10000000000000142
13966, 0.09999999999999787, 0.10000000000000142
13967, 0.09999999999999787, 0.10000000000000142
13968, 0.09999999999999787, 0.10000000000000142
13969, 0.0, 0.0
13970, 0.0, 0.10000000000000142
13971, 0.0, 0.10000000000000142
13972, 0.0, 0.10000000000000142
13973, 0.0, 0.10000000000000142
13974, 0.0, 0.10000000000000142
13975, 0.0, 0.10000000000000142
13976, 0.0, 0.10000000000000142
13977, 0.0, 0.10000000000000142
13978, 0.0, 0.10000000000000142
13979, 0.0, 0.10000000000000142
13980, 0.0, 0.10000000000000142
13981, 0.0, 0.10000000000000142
13982, 0.0, 0.10000000000000142
13983, 0.0, 0.10000000000000142
13984, 0.0, 0.10000000000000142
13985, 0.0, 0.10000000000000142
13986, 0.0, 0.10000000000000142
13987, 0.0, 0.10000000000000142
13988, 0.0, 0.10000000000000142
13989, 0.0, 0.10000000000000142
13990, 0.0, 0.10000000000000142
13991, 0.0, 0.10000000000000142
13992, 0.0, 0.10000000000000142
13993, 0.0, 0.10000000000000142
13994, 0.0, 0.10000000000000142
13995, 0.0, 0.10000000000000142
13996, 0.0, 0.10000000000000142
13997, 0.0, 0.10000000000000142
13998, 0.0, 0.0
13999, 0.0, 0.0
14000, 0.0, 0.0
14001, 0.0, 0.0
14002, 0.0, 0.0
14003, 0.0, 0.0
14004, 0.0, 0.0
14005, 0.0, 0.10000000000000142
14006, 0.09999999999999787, 0.10000000000000142
14007, 0.09999999999999787, 0.10000000000000142
14008, 0.09999999999999787, 0.10000000000000142
14009, 0.09999999999999787, 0.10000000000000142
14010, 0.09999999999999787, 0.10000000000000142
14011, 0.09999999999999787, 0.10000000000000142
14012, 0.09999999999999787, 0.10000000000000142
14013, 0.09999999999999787, 0.0
14014, 0.09999999999999787, 0.0
14015, 0.09999999999999787, 0.0
14016, 0.09999999999999787, 0.0
14017, 0.09999999999999787, 0.0
14018, 0.09999999999999787, 0.0
14019, 0.09999999999999787, 0.10000000000000142
14020, 0.09999999999999787, 0.10000000000000142
14021, 0.09999999999999787, 0.10000000000000142
14022, 0.09999999999999787, 0.0
14023, 0.0, 0.0
14024, 0.0, 0.0
14025, 0.0, 0.0
14026, 0.0, 0.10000000000000142
14027, 0.0, 0.10000000000000142
14028, 0.0, 0.0
14029, 0.0, 0.0
14030, 0.0, 0.0
14031, 0.0, 0.0
14032, 0.0, 0.10000000000000142
14033, 0.0, 0.0
14034, 0.0, 0.0
14035, 0.0, 0.0
14036, 0.0, 0.0
14037, 0.0, 0.0
14038, 0.0, 0.10000000000000142
14039, 0.0, 0.0
14040, 0.0, 0.0
14041, 0.0, 0.0
14042, 0.0, 0.0
14043, 0.0, 0.0
14044, 0.0, 0.0
14045, 0.0, 0.0
14046, 0.0, 0.0
14047, 0.0, 0.0
14048, 0.0, 0.0
14049, 0.0, 0.0
14050, 0.0, 0.0
14051, 0.0, 0.0
14052, 0.0, 0.0
14053, 0.0, 0.0
14054, 0.0, 0.0
14055, 0.0, 0.0
14056, 0.0, 0.0
14057, 0.0, 0.0
14058, 0.0, 0.0
14059, 0.0, 0.0
14060, 0.0, 0.0
14061, 0.0, 0.10000000000000142
14062, 0.0, 0.0
14063, 0.0, 0.0
14064, 0.0, 0.0
14065, 0.0, 0.0
14066, 0.0, 0.0
14067, 0.0, 0.0
14068, 0.0, 0.0
14069, 0.0, 0.0
14070, 0.0, 0.0
14071, 0.0, 0.0
14072, 0.0, 0.0
14073, 0.0, 0.0
14074, 0.0, 0.0
14075, 0.0, 0.0
14076, 0.0, 0.0
14077, 0.0, 0.0
14078, 0.0, 0.0
14079, 0.0, 0.0
14080, 0.0, 0.0
14081, 0.0, 0.0
14082, 0.0, 0.0
14083, 0.0, 0.10000000000000142
14084, 0.0, 0.10000000000000142
14085, 0.0, 0.10000000000000142
14086, 0.0, 0.10000000000000142
14087, 0.0, 0.10000000000000142
14088, 0.0, 0.10000000000000142
14089, -0.10000000000000142, 0.10000000000000142
14090, -0.10000000000000142, 0.10000000000000142
14091, -0.10000000000000142, 0.10000000000000142
14092, -0.10000000000000142, 0.10000000000000142
14093, -0.10000000000000142, 0.0
14094, -0.10000000000000142, 0.10000000000000142
14095, -0.10000000000000142, 0.10000000000000142
14096, -0.10000000000000142, 0.10000000000000142
14097, -0.10000000000000142, 0.10000000000000142
14098, -0.10000000000000142, 0.10000000000000142
14099, -0.10000000000000142, 0.10000000000000142
14100, -0.10000000000000142, 0.10000000000000142
14101, 0.0, 0.10000000000000142
14102, 0.0, 0.10000000000000142
14103, 0.0, 0.10000000000000142
14104, 0.0, 0.10000000000000142
14105, 0.0, 0.10000000000000142
14106, 0.0, 0.20000000000000284
14107, 0.0, 0.20000000000000284
14108, 0.0, 0.20000000000000284
14109, 0.0, 0.20000000000000284
14110, 0.0, 0.20000000000000284
14111, 0.0, 0.20000000000000284
14112, 0.0, 0.20000000000000284
14113, 0.0, 0.20000000000000284
14114, 0.09999999999999787, 0.10000000000000142
14115, 0.09999999999999787, 0.10000000000000142
14116, 0.0, 0.10000000000000142
14117, 0.0, 0.20000000000000284
14118, 0.0, 0.10000000000000142
14119, 0.0, 0.20000000000000284
14120, 0.0, 0.20000000000000284
14121, 0.0, 0.20000000000000284
14122, 0.09999999999999787, 0.20000000000000284
14123, 0.09999999999999787, 0.10000000000000142
14124, 0.09999999999999787, 0.10000000000000142
14125, 0.0, 0.10000000000000142
14126, 0.0, 0.20000000000000284
14127, 0.0, 0.10000000000000142
14128, 0.0, 0.10000000000000142
14129, 0.0, 0.20000000000000284
14130, 0.0, 0.20000000000000284
14131, 0.0, 0.20000000000000284
14132, 0.0, 0.10000000000000142
14133, 0.0, 0.10000000000000142
14134, 0.0, 0.10000000000000142
14135, 0.0, 0.10000000000000142
14136, 0.0, 0.10000000000000142
14137, 0.0, 0.20000000000000284
14138, 0.0, 0.20000000000000284
14139, 0.0, 0.10000000000000142
14140, 0.0, 0.10000000000000142
14141, 0.0, 0.20000000000000284
14142, 0.0, 0.20000000000000284
14143, 0.09999999999999787, 0.20000000000000284
14144, 0.09999999999999787, 0.20000000000000284
14145, 0.09999999999999787, 0.20000000000000284
14146, 0.09999999999999787, 0.20000000000000284
14147, 0.09999999999999787, 0.20000000000000284
14148, 0.09999999999999787, 0.20000000000000284
14149, 0.09999999999999787, 0.20000000000000284
14150, 0.09999999999999787, 0.20000000000000284
14151, 0.09999999999999787, 0.20000000000000284
14152, 0.09999999999999787, 0.20000000000000284
14153, 0.09999999999999787, 0.20000000000000284
14154, 0.09999999999999787, 0.20000000000000284
14155, 0.09999999999999787, 0.3000000000000007
14156, 0.09999999999999787, 0.20000000000000284
14157, 0.09999999999999787, 0.20000000000000284
14158, 0.09999999999999787, 0.20000000000000284
14159, 0.09999999999999787, 0.20000000000000284
14160, 0.09999999999999787, 0.20000000000000284
14161, 0.09999999999999787, 0.20000000000000284
14162, 0.09999999999999787, 0.20000000000000284
14163, 0.09999999999999787, 0.20000000000000284
14164, 0.09999999999999787, 0.20000000000000284
14165, 0.09999999999999787, 0.10000000000000142
14166, 0.09999999999999787, 0.10000000000000142
14167, 0.09999999999999787, 0.20000000000000284
14168, 0.09999999999999787, 0.20000000000000284
14169, 0.09999999999999787, 0.20000000000000284
14170, 0.09999999999999787, 0.20000000000000284
14171, 0.09999999999999787, 0.20000000000000284
14172, 0.09999999999999787, 0.20000000000000284
14173, 0.09999999999999787, 0.20000000000000284
14174, 0.09999999999999787, 0.20000000000000284
14175, 0.09999999999999787, 0.10000000000000142
14176, 0.0, 0.10000000000000142
14177, 0.0, 0.10000000000000142
14178, 0.0, 0.10000000000000142
14179, 0.0, 0.10000000000000142
14180, 0.0, 0.10000000000000142
14181, 0.0, 0.10000000000000142
14182, 0.0, 0.10000000000000142
14183, 0.0, 0.10000000000000142
14184, 0.0, 0.10000000000000142
14185, 0.0, 0.10000000000000142
14186, 0.0, 0.10000000000000142
14187, 0.0, 0.10000000000000142
14188, 0.0, 0.0
14189, 0.0, 0.0
14190, 0.0, 0.0
14191, 0.0, 0.0
14192, 0.0, 0.0
14193, 0.0, 0.0
14194, 0.0, 0.0
14195, 0.0, 0.0
14196, 0.0, 0.0
14197, 0.0, 0.0
14198, 0.0, 0.0
14199, 0.0, 0.0
14200, 0.0, 0.0
14201, 0.0, 0.0
14202, 0.0, 0.0
14203, 0.0, 0.0
14204, 0.0, 0.0
14205, 0.0, 0.0
14206, 0.0, 0.0
14207, 0.0, 0.10000000000000142
14208, 0.09999999999999787, 0.0
14209, 0.09999999999999787, 0.0
14210, 0.09999999999999787, 0.0
14211, 0.09999999999999787, 0.0
14212, 0.09999999999999787, 0.0
14213, 0.09999999999999787, 0.0
14214, 0.09999999999999787, 0.0
14215, 0.09999999999999787, 0.0
14216, 0.09999999999999787, 0.10000000000000142
14217, 0.09999999999999787, 0.10000000000000142
14218, 0.09999999999999787, 0.10000000000000142
14219, 0.09999999999999787, 0.10000000000000142
14220, 0.09999999999999787, 0.10000000000000142
14221, 0.09999999999999787, 0.10000000000000142
14222, 0.09999999999999787, 0.10000000000000142
14223, 0.09999999999999787, 0.10000000000000142
14224, 0.09999999999999787, 0.10000000000000142
14225, 0.09999999999999787, 0.10000000000000142
14226, 0.09999999999999787, 0.10000000000000142
14227, 0.09999999999999787, 0.10000000000000142
14228, 0.09999999999999787, 0.10000000000000142
14229, 0.09999999999999787, 0.10000000000000142
14230, 0.09999999999999787, 0.10000000000000142
14231, 0.09999999999999787, 0.10000000000000142
14232, 0.09999999999999787, 0.10000000000000142
14233, 0.09999999999999787, 0.10000000000000142
14234, 0.0, 0.10000000000000142
14235, 0.0, 0.10000000000000142
14236, 0.0, 0.10000000000000142
14237, 0.0, 0.10000000000000142
14238, 0.0, 0.10000000000000142
14239, 0.0, 0.10000000000000142
14240, 0.0, 0.20000000000000284
14241, 0.0, 0.20000000000000284
14242, 0.0, 0.20000000000000284
14243, 0.0, 0.20000000000000284
14244, 0.0, 0.20000000000000284
14245, 0.0, 0.20000000000000284
14246, 0.0, 0.20000000000000284
14247, 0.0, 0.20000000000000284
14248, 0.0, 0.10000000000000142
14249, 0.0, 0.10000000000000142
14250, 0.0, 0.10000000000000142
14251, 0.0, 0.10000000000000142
14252, 0.0, 0.10000000000000142
14253, 0.0, 0.20000000000000284
14254, 0.0, 0.20000000000000284
14255, 0.0, 0.20000000000000284
14256, 0.0, 0.20000000000000284
14257, 0.0, 0.20000000000000284
14258, 0.0, 0.20000000000000284
14259, 0.0, 0.20000000000000284
14260, 0.0, 0.20000000000000284
14261, 0.0, 0.20000000000000284
14262, 0.0, 0.20000000000000284
14263, -0.10000000000000142, 0.20000000000000284
14264, 0.0, 0.20000000000000284
14265, 0.0, 0.20000000000000284
14266, 0.0, 0.10000000000000142
14267, 0.0, 0.10000000000000142
14268, 0.0, 0.10000000000000142
14269, 0.0, 0.10000000000000142
14270, 0.0, 0.10000000000000142
14271, 0.0, 0.20000000000000284
14272, 0.0, 0.20000000000000284
14273, 0.0, 0.20000000000000284
14274, 0.09999999999999787, 0.20000000000000284
14275, 0.09999999999999787, 0.20000000000000284
14276, 0.0, 0.10000000000000142
14277, 0.0, 0.10000000000000142
14278, 0.0, 0.10000000000000142
14279, 0.0, 0.0
14280, 0.0, 0.10000000000000142
14281, 0.0, 0.10000000000000142
14282, 0.0, 0.10000000000000142
14283, 0.0, 0.10000000000000142
14284, 0.0, 0.10000000000000142
14285, 0.0, 0.10000000000000142
14286, 0.0, 0.10000000000000142
14287, 0.0, 0.10000000000000142
14288, 0.0, 0.20000000000000284
14289, 0.0, 0.20000000000000284
14290, 0.0, 0.20000000000000284
14291, 0.0, 0.20000000000000284
14292, 0.0, 0.10000000000000142
14293, 0.0, 0.10000000000000142
14294, 0.0, 0.10000000000000142
14295, 0.0, 0.20000000000000284
14296, 0.0, 0.20000000000000284
14297, 0.0, 0.20000000000000284
14298, 0.0, 0.20000000000000284
14299, 0.0, 0.20000000000000284
14300, 0.0, 0.20000000000000284
14301, 0.0, 0.3000000000000007
14302, 0.0, 0.3000000000000007
14303, 0.0, 0.20000000000000284
14304, 0.0, 0.20000000000000284
14305, 0.0, 0.20000000000000284
14306, 0.0, 0.20000000000000284
14307, 0.0, 0.20000000000000284
14308, 0.0, 0.20000000000000284
14309, 0.09999999999999787, 0.20000000000000284
14310, 0.09999999999999787, 0.20000000000000284
14311, 0.09999999999999787, 0.3000000000000007
14312, 0.09999999999999787, 0.3000000000000007
14313, 0.09999999999999787, 0.20000000000000284
14314, 0.09999999999999787, 0.20000000000000284
14315, 0.09999999999999787, 0.20000000000000284
14316, 0.09999999999999787, 0.20000000000000284
14317, 0.09999999999999787, 0.20000000000000284
14318, 0.09999999999999787, 0.20000000000000284
14319, 0.09999999999999787, 0.20000000000000284
14320, 0.09999999999999787, 0.20000000000000284
14321, 0.09999999999999787, 0.10000000000000142
14322, 0.09999999999999787, 0.20000000000000284
14323, 0.09999999999999787, 0.20000000000000284
14324, 0.09999999999999787, 0.20000000000000284
14325, 0.0, 0.20000000000000284
14326, 0.0, 0.20000000000000284
14327, 0.0, 0.20000000000000284
14328, 0.0, 0.20000000000000284
14329, 0.0, 0.10000000000000142
14330, 0.0, 0.10000000000000142
14331, 0.0, 0.10000000000000142
14332, 0.0, 0.10000000000000142
14333, 0.0, 0.10000000000000142
14334, 0.0, 0.10000000000000142
14335, 0.0, 0.10000000000000142
14336, 0.0, 0.10000000000000142
14337, 0.0, 0.10000000000000142
14338, 0.0, 0.10000000000000142
14339, 0.0, 0.0
14340, 0.0, 0.0
14341, 0.0, 0.10000000000000142
14342, 0.0, 0.10000000000000142
14343, 0.0, 0.10000000000000142
14344, 0.0, 0.10000000000000142
14345, 0.0, 0.10000000000000142
14346, 0.0, 0.10000000000000142
14347, 0.0, 0.10000000000000142
14348, 0.0, 0.10000000000000142
14349, 0.0, 0.10000000000000142
14350, 0.0, 0.10000000000000142
14351, 0.0, 0.10000000000000142
14352, 0.0, 0.10000000000000142
14353, 0.0, 0.10000000000000142
14354, 0.0, 0.10000000000000142
14355, 0.0, 0.10000000000000142
14356, 0.0, 0.10000000000000142
14357, 0.0, 0.10000000000000142
14358, 0.0, 0.0
14359, 0.0, 0.0
14360, 0.0, 0.0
14361, 0.09999999999999787, 0.10000000000000142
14362, 0.09999999999999787, 0.10000000000000142
14363, 0.09999999999999787, 0.10000000000000142
14364, 0.09999999999999787, 0.10000000000000142
14365, 0.09999999999999787, 0.0
14366, 0.09999999999999787, 0.0
14367, 0.09999999999999787, 0.0
14368, 0.09999999999999787, 0.10000000000000142
14369, 0.09999999999999787, 0.10000000000000142
14370, 0.09999999999999787, 0.10000000000000142
14371, 0.09999999999999787, 0.0
14372, 0.09999999999999787, 0.0
14373, 0.09999999999999787, 0.0
14374, 0.09999999999999787, 0.0
14375, 0.09999999999999787, 0.0
14376, 0.09999999999999787, 0.0
14377, 0.09999999999999787, 0.0
14378, 0.09999999999999787, 0.0
14379, 0.09999999999999787, 0.10000000000000142
14380, 0.09999999999999787, 0.10000000000000142
14381, 0.09999999999999787, 0.10000000000000142
14382, 0.09999999999999787, 0.10000000000000142
14383, 0.09999999999999787, 0.10000000000000142
14384, 0.09999999999999787, 0.10000000000000142
14385, 0.09999999999999787, 0.0
14386, 0.09999999999999787, 0.0
14387, 0.0, 0.0
14388, 0.0, 0.0
14389, 0.0, 0.0
14390, 0.0, 0.10000000000000142
14391, 0.0, 0.10000000000000142
14392, 0.0, 0.10000000000000142
14393, 0.0, 0.10000000000000142
14394, 0.0, 0.10000000000000142
14395, 0.0, 0.10000000000000142
14396, 0.0, 0.10000000000000142
14397, 0.0, 0.10000000000000142
14398, 0.0, 0.10000000000000142
14399, 0.0, 0.0
14400, 0.0, 0.0
14401, 0.0, 0.0
14402, 0.0, 0.0
14403, 0.0, 0.10000000000000142
14404, 0.0, 0.10000000000000142
14405, 0.0, 0.10000000000000142
14406, -0.10000000000000142, 0.10000000000000142
14407, -0.10000000000000142, 0.10000000000000142
14408, -0.10000000000000142, 0.10000000000000142
14409, -0.10000000000000142, 0.10000000000000142
14410, -0.10000000000000142, 0.10000000000000142
14411, -0.10000000000000142, 0.0
14412, -0.10000000000000142, 0.0
14413, -0.10000000000000142, 0.0
14414, -0.10000000000000142, 0.0
14415, -0.10000000000000142, 0.0
14416, -0.10000000000000142, 0.0
14417, -0.10000000000000142, 0.10000000000000142
14418, -0.10000000000000142, 0.10000000000000142
14419, -0.10000000000000142, 0.10000000000000142
14420, -0.10000000000000142, 0.10000000000000142
14421, -0.10000000000000142, 0.0
14422, -0.10000000000000142, 0.0
14423, -0.10000000000000142, 0.0
14424, -0.10000000000000142, 0.0
14425, -0.10000000000000142, 0.0
14426, -0.10000000000000142, 0.10000000000000142
14427, -0.10000000000000142, 0.10000000000000142
14428, -0.10000000000000142, 0.10000000000000142
14429, -0.10000000000000142, 0.10000000000000142
14430, -0.10000000000000142, 0.10000000000000142
14431, -0.10000000000000142, 0.10000000000000142
14432, -0.10000000000000142, 0.10000000000000142
14433, -0.10000000000000142, 0.10000000000000142
14434, -0.10000000000000142, 0.10000000000000142
14435, -0.10000000000000142, 0.10000000000000142
14436, -0.10000000000000142, 0.10000000000000142
14437, -0.10000000000000142, 0.10000000000000142
14438, -0.10000000000000142, 0.10000000000000142
14439, -0.10000000000000142, 0.10000000000000142
14440, 0.0, 0.10000000000000142
14441, 0.0, 0.10000000000000142
14442, 0.0, 0.10000000000000142
14443, 0.0, 0.10000000000000142
14444, 0.0, 0.10000000000000142
14445, 0.0, 0.10000000000000142
14446, 0.0, 0.10000000000000142
14447, 0.0, 0.10000000000000142
14448, 0.09999999999999787, 0.10000000000000142
14449, 0.09999999999999787, 0.10000000000000142
14450, 0.09999999999999787, 0.10000000000000142
14451, 0.09999999999999787, 0.10000000000000142
14452, 0.09999999999999787, 0.10000000000000142
14453, 0.09999999999999787, 0.10000000000000142
14454, 0.09999999999999787, 0.10000000000000142
14455, 0.09999999999999787, 0.10000000000000142
14456, 0.09999999999999787, 0.10000000000000142
14457, 0.09999999999999787, 0.10000000000000142
14458, 0.09999999999999787, 0.10000000000000142
14459, 0.09999999999999787, 0.10000000000000142
14460, 0.09999999999999787, 0.10000000000000142
14461, 0.09999999999999787, 0.10000000000000142
14462, 0.09999999999999787, 0.10000000000000142
14463, 0.09999999999999787, 0.10000000000000142
14464, 0.09999999999999787, 0.10000000000000142
14465, 0.09999999999999787, 0.10000000000000142
14466, 0.09999999999999787, 0.10000000000000142
14467, 0.09999999999999787, 0.10000000000000142
14468, 0.09999999999999787, 0.10000000000000142
14469, 0.09999999999999787, 0.10000000000000142
14470, 0.09999999999999787, 0.10000000000000142
14471, 0.09999999999999787, 0.10000000000000142
14472, 0.09999999999999787, 0.10000000000000142
14473, 0.09999999999999787, 0.10000000000000142
14474, 0.09999999999999787, 0.10000000000000142
14475, 0.09999999999999787, 0.10000000000000142
14476, 0.09999999999999787, 0.10000000000000142
14477, 0.09999999999999787, 0.10000000000000142
14478, 0.09999999999999787, 0.10000000000000142
14479, 0.09999999999999787, 0.10000000000000142
14480, 0.09999999999999787, 0.10000000000000142
14481, 0.09999999999999787, 0.20000000000000284
14482, 0.09999999999999787, 0.20000000000000284
14483, 0.09999999999999787, 0.20000000000000284
14484, 0.09999999999999787, 0.20000000000000284
14485, 0.09999999999999787, 0.10000000000000142
14486, 0.09999999999999787, 0.10000000000000142
14487, 0.09999999999999787, 0.10000000000000142
14488, 0.09999999999999787, 0.10000000000000142
14489, 0.09999999999999787, 0.10000000000000142
14490, 0.09999999999999787, 0.10000000000000142
14491, 0.09999999999999787, 0.20000000000000284
14492, 0.09999999999999787, 0.20000000000000284
14493, 0.09999999999999787, 0.20000000000000284
14494, 0.09999999999999787, 0.10000000000000142
14495, 0.09999999999999787, 0.10000000000000142
14496, 0.09999999999999787, 0.10000000000000142
14497, 0.09999999999999787, 0.10000000000000142
14498, 0.09999999999999787, 0.10000000000000142
14499, 0.0, 0.10000000000000142
14500, 0.0, 0.10000000000000142
14501, 0.0, 0.10000000000000142
14502, 0.0, 0.10000000000000142
14503, 0.0, 0.10000000000000142
14504, 0.0, 0.10000000000000142
14505, 0.0, 0.10000000000000142
14506, 0.0, 0.10000000000000142
14507, 0.0, 0.10000000000000142
14508, 0.0, 0.10000000000000142
14509, 0.0, 0.10000000000000142
14510, 0.0, 0.10000000000000142
14511, 0.0, 0.10000000000000142
14512, 0.0, 0.10000000000000142
14513, 0.0, 0.10000000000000142
14514, 0.0, 0.10000000000000142
14515, 0.0, 0.10000000000000142
14516, 0.0, 0.10000000000000142
14517, 0.0, 0.10000000000000142
14518, 0.0, 0.10000000000000142
14519, 0.0, 0.10000000000000142
14520, 0.0, 0.10000000000000142
14521, 0.0, 0.10000000000000142
14522, 0.0, 0.20000000000000284
14523, 0.0, 0.20000000000000284
14524, 0.0, 0.20000000000000284
14525, 0.0, 0.20000000000000284
14526, 0.0, 0.20000000000000284
14527, 0.0, 0.20000000000000284
14528, 0.0, 0.20000000000000284
14529, 0.0, 0.10000000000000142
14530, 0.0, 0.10000000000000142
14531, 0.0, 0.10000000000000142
14532, 0.0, 0.20000000000000284
14533, 0.0, 0.20000000000000284
14534, 0.0, 0.20000000000000284
14535, 0.0, 0.20000000000000284
14536, 0.0, 0.20000000000000284
14537, 0.0, 0.10000000000000142
14538, 0.0, 0.10000000000000142
14539, 0.0, 0.10000000000000142
14540, 0.0, 0.10000000000000142
14541, 0.0, 0.10000000000000142
14542, 0.0, 0.20000000000000284
14543, 0.0, 0.20000000000000284
14544, 0.0, 0.20000000000000284
14545, 0.0, 0.10000000000000142
14546, 0.0, 0.10000000000000142
14547, 0.0, 0.10000000000000142
14548, 0.0, 0.10000000000000142
14549, 0.0, 0.10000000000000142
14550, 0.0, 0.10000000000000142
14551, 0.0, 0.10000000000000142
14552, 0.0, 0.10000000000000142
14553, 0.0, 0.10000000000000142
14554, 0.0, 0.10000000000000142
14555, 0.0, 0.10000000000000142
14556, 0.0, 0.10000000000000142
14557, 0.0, 0.10000000000000142
14558, 0.0, 0.10000000000000142
14559, 0.0, 0.10000000000000142
14560, 0.0, 0.10000000000000142
14561, 0.0, 0.10000000000000142
14562, 0.0, 0.10000000000000142
14563, 0.0, 0.10000000000000142
14564, 0.0, 0.10000000000000142
14565, 0.0, 0.10000000000000142
14566, 0.0, 0.10000000000000142
14567, 0.0, 0.10000000000000142
14568, 0.0, 0.10000000000000142
14569, 0.0, 0.10000000000000142
14570, 0.0, 0.10000000000000142
14571, 0.0, 0.10000000000000142
14572, 0.0, 0.20000000000000284
14573, 0.0, 0.10000000000000142
14574, 0.0, 0.20000000000000284
14575, 0.0, 0.20000000000000284
14576, 0.0, 0.20000000000000284
14577, 0.0, 0.20000000000000284
14578, 0.0, 0.20000000000000284
14579, 0.0, 0.10000000000000142
14580, 0.0, 0.10000000000000142
14581, 0.0, 0.10000000000000142
14582, 0.0, 0.10000000000000142
14583, 0.0, 0.0
14584, 0.0, 0.10000000000000142
14585, 0.0, 0.10000000000000142
14586, 0.0, 0.10000000000000142
14587, 0.0, 0.10000000000000142
14588, 0.0, 0.10000000000000142
14589, 0.0, 0.10000000000000142
14590, 0.0, 0.0
14591, 0.0, 0.0
14592, 0.0, 0.0
14593, 0.0, 0.0
14594, 0.0, 0.10000000000000142
14595, 0.0, 0.10000000000000142
14596, 0.0, 0.10000000000000142
14597, 0.0, 0.0
14598, 0.0, 0.0
14599, 0.0, 0.0
14600, 0.0, 0.0
14601, 0.0, 0.0
14602, 0.0, 0.0
14603, 0.0, 0.0
14604, 0.0, 0.0
14605, 0.0, 0.0
14606, 0.0, -0.09999999999999787
14607, -0.10000000000000142, 0.0
14608, -0.10000000000000142, 0.0
14609, -0.10000000000000142, 0.0
14610, -0.10000000000000142, 0.0
14611, -0.10000000000000142, 0.0
14612, -0.10000000000000142, 0.0
14613, -0.10000000000000142, 0.0
14614, -0.10000000000000142, 0.0
14615, -0.10000000000000142, 0.0
14616, -0.10000000000000142, 0.10000000000000142
14617, -0.10000000000000142, 0.10000000000000142
14618, -0.10000000000000142, 0.0
14619, -0.10000000000000142, 0.0
14620, -0.10000000000000142, 0.0
14621, -0.10000000000000142, 0.0
14622, -0.10000000000000142, 0.0
14623, 0.0, 0.0
14624, 0.0, 0.0
14625, 0.0, 0.0
14626, 0.0, 0.0
14627, 0.0, 0.0
14628, 0.0, 0.0
14629, 0.0, 0.0
14630, 0.0, 0.10000000000000142
14631, 0.0, 0.10000000000000142
14632, 0.0, 0.10000000000000142
14633, 0.0, 0.10000000000000142
14634, 0.0, 0.10000000000000142
14635, 0.0, 0.10000000000000142
14636, 0.0, 0.10000000000000142
14637, 0.0, 0.10000000000000142
14638, 0.0, 0.10000000000000142
14639, 0.0, 0.10000000000000142
14640, 0.0, 0.10000000000000142
14641, 0.0, 0.10000000000000142
14642, 0.0, 0.20000000000000284
14643, 0.0, 0.20000000000000284
14644, 0.0, 0.10000000000000142
14645, 0.0, 0.10000000000000142
14646, 0.0, 0.10000000000000142
14647, 0.0, 0.10000000000000142
14648, 0.0, 0.10000000000000142
14649, 0.0, 0.10000000000000142
14650, 0.0, 0.10000000000000142
14651, 0.0, 0.10000000000000142
14652, 0.0, 0.10000000000000142
14653, 0.0, 0.10000000000000142
14654, -0.10000000000000142, 0.10000000000000142
14655, -0.10000000000000142, 0.10000000000000142
14656, -0.10000000000000142, 0.10000000000000142
14657, -0.10000000000000142, 0.10000000000000142
14658, -0.10000000000000142, 0.10000000000000142
14659, -0.10000000000000142, 0.10000000000000142
14660, -0.10000000000000142, 0.10000000000000142
14661, -0.10000000000000142, 0.10000000000000142
14662, -0.10000000000000142, 0.10000000000000142
14663, -0.10000000000000142, 0.10000000000000142
14664, -0.10000000000000142, 0.10000000000000142
14665, -0.10000000000000142, 0.10000000000000142
14666, -0.10000000000000142, 0.10000000000000142
14667, -0.10000000000000142, 0.10000000000000142
14668, -0.10000000000000142, 0.10000000000000142
14669, -0.10000000000000142, 0.10000000000000142
14670, -0.10000000000000142, 0.10000000000000142
14671, -0.10000000000000142, 0.10000000000000142
14672, -0.10000000000000142, 0.10000000000000142
14673, -0.10000000000000142, 0.10000000000000142
14674, -0.10000000000000142, 0.10000000000000142
14675, -0.10000000000000142, 0.10000000000000142
14676, -0.10000000000000142, 0.10000000000000142
14677, -0.10000000000000142, 0.10000000000000142
14678, -0.10000000000000142, 0.10000000000000142
14679, 0.0, 0.10000000000000142
14680, 0.0, 0.10000000000000142
14681, 0.0, 0.10000000000000142
14682, 0.0, 0.10000000000000142
14683, 0.0, 0.10000000000000142
14684, 0.0, 0.10000000000000142
14685, 0.0, 0.10000000000000142
14686, 0.0, 0.0
14687, 0.0, 0.0
14688, 0.0, 0.0
14689, 0.0, 0.0
14690, 0.0, 0.0
14691, 0.0, 0.0
14692, 0.0, 0.0
14693, 0.0, 0.0
14694, 0.0, 0.0
14695, 0.0, 0.0
14696, 0.0, 0.0
14697, 0.0, 0.0
14698, 0.0, 0.0
14699, 0.0, 0.0
14700, 0.0, 0.0
14701, 0.0, 0.0
14702, 0.0, 0.0
14703, 0.0, 0.10000000000000142
14704, 0.0, 0.10000000000000142
14705, 0.0, 0.10000000000000142
14706, 0.0, 0.10000000000000142
14707, 0.0, 0.10000000000000142
14708, 0.0, 0.10000000000000142
14709, 0.0, 0.0
14710, 0.0, 0.0
14711, 0.0, 0.0
14712, 0.0, 0.0
14713, 0.0, 0.0
14714, 0.0, 0.0
14715, 0.0, 0.10000000000000142
14716, 0.0, 0.10000000000000142
14717, 0.0, 0.10000000000000142
14718, 0.0, 0.10000000000000142
14719, 0.0, 0.10000000000000142
14720, 0.0, 0.10000000000000142
14721, 0.0, 0.10000000000000142
14722, 0.0, 0.10000000000000142
14723, 0.0, 0.0
14724, 0.0, 0.0
14725, 0.0, 0.10000000000000142
14726, 0.0, 0.10000000000000142
14727, 0.0, 0.10000000000000142
14728, 0.0, 0.10000000000000142
14729, 0.0, 0.10000000000000142
14730, 0.09999999999999787, 0.10000000000000142
14731, 0.09999999999999787, 0.10000000000000142
14732, 0.09999999999999787, 0.10000000000000142
14733, 0.09999999999999787, 0.10000000000000142
14734, 0.09999999999999787, 0.10000000000000142
14735, 0.09999999999999787, 0.0
14736, 0.09999999999999787, 0.10000000000000142
14737, 0.09999999999999787, 0.10000000000000142
14738, 0.09999999999999787, 0.10000000000000142
14739, 0.09999999999999787, 0.10000000000000142
14740, 0.09999999999999787, 0.10000000000000142
14741, 0.09999999999999787, 0.10000000000000142
14742, 0.09999999999999787, 0.10000000000000142
14743, 0.09999999999999787, 0.10000000000000142
14744, 0.09999999999999787, 0.10000000000000142
14745, 0.09999999999999787, 0.10000000000000142
14746, 0.09999999999999787, 0.10000000000000142
14747, 0.09999999999999787, 0.0
14748, 0.09999999999999787, 0.10000000000000142
14749, 0.09999999999999787, 0.10000000000000142
14750, 0.09999999999999787, 0.10000000000000142
14751, 0.0, 0.10000000000000142
14752, 0.0, 0.10000000000000142
14753, 0.0, 0.10000000000000142
14754, 0.0, 0.10000000000000142
14755, 0.0, 0.10000000000000142
14756, 0.0, 0.0
14757, 0.0, 0.0
14758, 0.0, 0.0
14759, 0.0, 0.0
14760, 0.0, 0.0
14761, 0.0, 0.0
14762, 0.0, 0.10000000000000142
14763, 0.09999999999999787, 0.10000000000000142
14764, 0.09999999999999787, 0.10000000000000142
14765, 0.09999999999999787, 0.10000000000000142
14766, 0.09999999999999787, 0.10000000000000142
14767, 0.09999999999999787, 0.10000000000000142
14768, 0.09999999999999787, 0.10000000000000142
14769, 0.09999999999999787, 0.10000000000000142
14770, 0.09999999999999787, 0.10000000000000142
14771, 0.09999999999999787, 0.0
14772, 0.09999999999999787, 0.0
14773, 0.09999999999999787, 0.0
14774, 0.09999999999999787, 0.0
14775, 0.09999999999999787, -0.09999999999999787
14776, 0.09999999999999787, -0.09999999999999787
14777, 0.09999999999999787, -0.09999999999999787
14778, 0.09999999999999787, -0.09999999999999787
14779, 0.09999999999999787, -0.09999999999999787
14780, 0.09999999999999787, 0.0
14781, 0.09999999999999787, 0.0
14782, 0.09999999999999787, 0.0
14783, 0.09999999999999787, 0.0
14784, 0.09999999999999787, 0.0
14785, 0.09999999999999787, 0.0
14786, 0.09999999999999787, 0.0
14787, 0.09999999999999787, 0.10000000000000142
14788, 0.09999999999999787, 0.10000000000000142
14789, 0.09999999999999787, 0.10000000000000142
14790, 0.09999999999999787, 0.0
14791, 0.09999999999999787, 0.0
14792, 0.0, 0.0
14793, 0.0, 0.0
14794, 0.0, 0.0
14795, 0.0, 0.10000000000000142
14796, 0.0, 0.10000000000000142
14797, 0.0, 0.10000000000000142
14798, 0.0, 0.10000000000000142
14799, 0.0, 0.0
14800, 0.0, 0.0
14801, 0.0, 0.0
14802, 0.0, 0.10000000000000142
14803, 0.0, 0.10000000000000142
14804, 0.0, 0.10000000000000142
14805, 0.0, 0.10000000000000142
14806, 0.0, 0.10000000000000142
14807, 0.0, 0.10000000000000142
14808, 0.0, 0.0
14809, 0.0, 0.10000000000000142
14810, 0.0, 0.10000000000000142
14811, 0.0, 0.10000000000000142
14812, 0.0, 0.10000000000000142
14813, 0.0, 0.10000000000000142
14814, 0.0, 0.10000000000000142
14815, 0.0, 0.10000000000000142
14816, 0.0, 0.10000000000000142
14817, 0.0, 0.10000000000000142
14818, 0.0, 0.10000000000000142
14819, 0.0, 0.10000000000000142
14820, 0.0, 0.10000000000000142
14821, 0.0, 0.10000000000000142
14822, 0.0, 0.0
14823, 0.0, 0.0
14824, 0.0, 0.0
14825, 0.0, 0.0
14826, 0.0, 0.0
14827, 0.0, 0.10000000000000142
14828, 0.0, 0.10000000000000142
14829, 0.0, 0.10000000000000142
14830, 0.0, 0.10000000000000142
14831, 0.0, 0.10000000000000142
14832, 0.0, 0.10000000000000142
14833, 0.0, 0.10000000000000142
14834, 0.0, 0.10000000000000142
14835, 0.0, 0.10000000000000142
14836, 0.0, 0.10000000000000142
14837, 0.0, 0.10000000000000142
14838, 0.0, 0.10000000000000142
14839, 0.0, 0.10000000000000142
14840, 0.0, 0.10000000000000142
14841, 0.0, 0.10000000000000142
14842, 0.0, 0.10000000000000142
14843, 0.0, 0.10000000000000142
14844, 0.0, 0.10000000000000142
14845, 0.0, 0.10000000000000142
14846, 0.0, 0.10000000000000142
14847, 0.0, 0.10000000000000142
14848, 0.0, 0.10000000000000142
14849, 0.0, 0.10000000000000142
14850, 0.0, 0.10000000000000142
14851, 0.0, 0.10000000000000142
14852, 0.0, 0.10000000000000142
14853, 0.0, 0.10000000000000142
14854, 0.0, 0.10000000000000142
14855, 0.0, 0.10000000000000142
14856, 0.0, 0.10000000000000142
14857, 0.0, 0.10000000000000142
14858, 0.0, 0.10000000000000142
14859, 0.0, 0.10000000000000142
14860, 0.0, 0.10000000000000142
14861, 0.0, 0.10000000000000142
14862, 0.0, 0.10000000000000142
14863, 0.0, 0.10000000000000142
14864, 0.0, 0.10000000000000142
14865, 0.0, 0.10000000000000142
14866, 0.0, 0.10000000000000142
14867, 0.0, 0.10000000000000142
14868, 0.0, 0.10000000000000142
14869, 0.0, 0.10000000000000142
14870, 0.0, 0.10000000000000142
14871, 0.0, 0.10000000000000142
14872, 0.0, 0.10000000000000142
14873, 0.0, 0.0
14874, 0.0, 0.0
14875, 0.0, 0.0
14876, 0.0, 0.0
14877, 0.0, 0.10000000000000142
14878, 0.0, 0.10000000000000142
14879, 0.0, 0.10000000000000142
14880, 0.0, 0.10000000000000142
14881, 0.0, 0.10000000000000142
14882, 0.0, 0.10000000000000142
14883, 0.0, 0.10000000000000142
14884, 0.0, 0.10000000000000142
14885, 0.0, 0.10000000000000142
14886, 0.0, 0.10000000000000142
14887, 0.0, 0.10000000000000142
14888, 0.0, 0.10000000000000142
14889, 0.0, 0.10000000000000142
14890, -0.10000000000000142, 0.10000000000000142
14891, -0.10000000000000142, 0.10000000000000142
14892, -0.10000000000000142, 0.10000000000000142
14893, -0.10000000000000142, 0.10000000000000142
14894, -0.10000000000000142, 0.10000000000000142
14895, -0.10000000000000142, 0.10000000000000142
14896, -0.10000000000000142, 0.10000000000000142
14897, -0.10000000000000142, 0.10000000000000142
14898, -0.10000000000000142, 0.10000000000000142
14899, -0.10000000000000142, 0.10000000000000142
14900, -0.10000000000000142, 0.10000000000000142
14901, -0.10000000000000142, 0.10000000000000142
14902, -0.10000000000000142, 0.10000000000000142
14903, -0.10000000000000142, 0.10000000000000142
14904, -0.10000000000000142, 0.10000000000000142
14905, -0.10000000000000142, 0.10000000000000142
14906, -0.10000000000000142, 0.10000000000000142
14907, -0.10000000000000142, 0.10000000000000142
14908, -0.10000000000000142, 0.10000000000000142
14909, -0.10000000000000142, 0.10000000000000142
14910, -0.10000000000000142, 0.10000000000000142
14911, 0.0, 0.10000000000000142
14912, 0.0, 0.10000000000000142
14913, 0.0, 0.10000000000000142
14914, 0.0, 0.10000000000000142
14915, 0.0, 0.10000000000000142
14916, 0.0, 0.10000000000000142
14917, 0.0, 0.10000000000000142
14918, 0.0, 0.10000000000000142
14919, 0.0, 0.10000000000000142
14920, 0.0, 0.10000000000000142
14921, 0.0, 0.10000000000000142
14922, 0.0, 0.10000000000000142
14923, 0.0, 0.10000000000000142
14924, 0.0, 0.10000000000000142
14925, 0.0, 0.10000000000000142
14926, 0.0, 0.10000000000000142
14927, 0.0, 0.10000000000000142
14928, 0.0, 0.10000000000000142
14929, 0.0, 0.10000000000000142
14930, 0.0, 0.10000000000000142
14931, 0.0, 0.10000000000000142
14932, 0.0, 0.10000000000000142
14933, 0.0, 0.10000000000000142
14934, 0.0, 0.10000000000000142
14935, 0.0, 0.10000000000000142
14936, 0.0, 0.10000000000000142
14937, 0.0, 0.20000000000000284
14938, 0.0, 0.20000000000000284
14939, 0.0, 0.20000000000000284
14940, 0.0, 0.20000000000000284
14941, 0.0, 0.10000000000000142
14942, 0.0, 0.10000000000000142
14943, 0.0, 0.10000000000000142
14944, 0.0, 0.10000000000000142
14945, 0.0, 0.10000000000000142
14946, 0.0, 0.0
14947, 0.0, 0.0
14948, 0.0, 0.10000000000000142
14949, 0.0, 0.10000000000000142
14950, 0.0, 0.10000000000000142
14951, 0.0, 0.10000000000000142
14952, 0.0, 0.10000000000000142
14953, 0.0, 0.10000000000000142
14954, 0.0, 0.10000000000000142
14955, 0.0, 0.10000000000000142
14956, 0.0, 0.10000000000000142
14957, 0.0, 0.10000000000000142
14958, 0.0, 0.10000000000000142
14959, 0.0, 0.10000000000000142
14960, 0.0, 0.0
14961, 0.0, 0.0
14962, 0.0, 0.10000000000000142
14963, 0.0, 0.10000000000000142
14964, 0.0, 0.10000000000000142
14965, 0.0, 0.10000000000000142
14966, 0.0, 0.10000000000000142
14967, 0.0, 0.10000000000000142
14968, 0.0, 0.10000000000000142
14969, 0.0, 0.10000000000000142
14970, 0.0, 0.10000000000000142
14971, 0.0, 0.10000000000000142
14972, 0.0, 0.0
14973, 0.0, 0.0
14974, 0.0, 0.0
14975, 0.0, 0.0
14976, 0.0, 0.0
14977, 0.0, 0.0
14978, 0.0, 0.10000000000000142
14979, 0.0, 0.10000000000000142
14980, 0.0, 0.10000000000000142
14981, 0.0, 0.10000000000000142
14982, 0.0, 0.0
14983, 0.0, 0.10000000000000142
14984, 0.0, 0.10000000000000142
14985, 0.0, 0.10000000000000142
14986, 0.0, 0.10000000000000142
14987, 0.0, 0.10000000000000142
14988, 0.09999999999999787, 0.10000000000000142
14989, 0.09999999999999787, 0.10000000000000142
14990, 0.09999999999999787, 0.10000000000000142
14991, 0.09999999999999787, 0.0
14992, 0.09999999999999787, 0.0
14993, 0.09999999999999787, 0.0
14994, 0.09999999999999787, 0.0
14995, 0.09999999999999787, 0.0
14996, 0.09999999999999787, 0.0
14997, 0.09999999999999787, 0.10000000000000142
14998, 0.09999999999999787, 0.10000000000000142
14999, 0.09999999999999787, 0.10000000000000142
15000, 0.09999999999999787, 0.10000000000000142
15001, 0.09999999999999787, 0.10000000000000142
