,Left_Z[N],Right_Z[N]
1, 16.4, -22.7
2, 16.5, -22.7
3, 16.5, -22.7
4, 16.5, -22.7
5, 16.5, -22.7
6, 16.5, -22.7
7, 16.5, -22.7
8, 16.5, -22.7
9, 16.5, -22.6
10, 16.5, -22.6
11, 16.5, -22.5
12, 16.5, -22.5
13, 16.5, -22.5
14, 16.5, -22.5
15, 16.5, -22.5
16, 16.5, -22.5
17, 16.5, -22.5
18, 16.5, -22.5
19, 16.5, -22.5
20, 16.5, -22.5
21, 16.5, -22.5
22, 16.5, -22.5
23, 16.5, -22.5
24, 16.5, -22.5
25, 16.5, -22.5
26, 16.5, -22.5
27, 16.5, -22.5
28, 16.5, -22.5
29, 16.5, -22.6
30, 16.5, -22.6
31, 16.5, -22.6
32, 16.5, -22.6
33, 16.5, -22.6
34, 16.5, -22.6
35, 16.5, -22.6
36, 16.5, -22.6
37, 16.5, -22.6
38, 16.5, -22.6
39, 16.5, -22.6
40, 16.5, -22.6
41, 16.5, -22.6
42, 16.5, -22.7
43, 16.5, -22.7
44, 16.5, -22.7
45, 16.5, -22.6
46, 16.5, -22.6
47, 16.5, -22.6
48, 16.5, -22.6
49, 16.5, -22.6
50, 16.5, -22.6
51, 16.5, -22.6
52, 16.5, -22.6
53, 16.5, -22.6
54, 16.5, -22.6
55, 16.6, -22.6
56, 16.6, -22.6
57, 16.6, -22.6
58, 16.6, -22.6
59, 16.6, -22.6
60, 16.6, -22.6
61, 16.6, -22.6
62, 16.6, -22.6
63, 16.6, -22.6
64, 16.6, -22.6
65, 16.6, -22.6
66, 16.6, -22.6
67, 16.5, -22.6
68, 16.5, -22.6
69, 16.5, -22.6
70, 16.5, -22.6
71, 16.5, -22.6
72, 16.5, -22.6
73, 16.5, -22.6
74, 16.5, -22.6
75, 16.5, -22.6
76, 16.5, -22.6
77, 16.5, -22.6
78, 16.5, -22.6
79, 16.5, -22.6
80, 16.5, -22.6
81, 16.5, -22.6
82, 16.5, -22.7
83, 16.5, -22.7
84, 16.5, -22.7
85, 16.5, -22.7
86, 16.5, -22.7
87, 16.5, -22.7
88, 16.5, -22.7
89, 16.5, -22.7
90, 16.5, -22.7
91, 16.5, -22.7
92, 16.5, -22.7
93, 16.5, -22.7
94, 16.5, -22.7
95, 16.5, -22.7
96, 16.5, -22.7
97, 16.5, -22.7
98, 16.5, -22.7
99, 16.5, -22.7
100, 16.5, -22.7
101, 16.5, -22.7
102, 16.5, -22.7
103, 16.5, -22.7
104, 16.5, -22.7
105, 16.5, -22.7
106, 16.5, -22.7
107, 16.5, -22.7
108, 16.5, -22.7
109, 16.5, -22.6
110, 16.5, -22.7
111, 16.5, -22.7
112, 16.5, -22.7
113, 16.5, -22.7
114, 16.5, -22.7
115, 16.5, -22.7
116, 16.5, -22.7
117, 16.5, -22.7
118, 16.5, -22.7
119, 16.5, -22.7
120, 16.5, -22.7
121, 16.5, -22.6
122, 16.5, -22.6
123, 16.5, -22.6
124, 16.5, -22.6
125, 16.5, -22.6
126, 16.5, -22.6
127, 16.5, -22.6
128, 16.5, -22.6
129, 16.5, -22.6
130, 16.5, -22.6
131, 16.5, -22.6
132, 16.5, -22.6
133, 16.5, -22.6
134, 16.5, -22.6
135, 16.5, -22.6
136, 16.5, -22.6
137, 16.5, -22.6
138, 16.5, -22.6
139, 16.5, -22.6
140, 16.5, -22.6
141, 16.5, -22.6
142, 16.5, -22.6
143, 16.4, -22.6
144, 16.4, -22.6
145, 16.4, -22.7
146, 16.4, -22.7
147, 16.4, -22.6
148, 16.4, -22.6
149, 16.4, -22.6
150, 16.4, -22.6
151, 16.4, -22.6
152, 16.4, -22.6
153, 16.4, -22.6
154, 16.4, -22.6
155, 16.4, -22.7
156, 16.4, -22.7
157, 16.4, -22.7
158, 16.4, -22.7
159, 16.4, -22.7
160, 16.4, -22.7
161, 16.4, -22.7
162, 16.4, -22.7
163, 16.4, -22.7
164, 16.4, -22.7
165, 16.5, -22.7
166, 16.5, -22.7
167, 16.5, -22.7
168, 16.5, -22.7
169, 16.5, -22.7
170, 16.5, -22.7
171, 16.5, -22.7
172, 16.5, -22.7
173, 16.5, -22.6
174, 16.5, -22.6
175, 16.5, -22.7
176, 16.5, -22.7
177, 16.5, -22.6
178, 16.5, -22.6
179, 16.5, -22.6
180, 16.5, -22.6
181, 16.5, -22.6
182, 16.5, -22.6
183, 16.5, -22.6
184, 16.5, -22.6
185, 16.5, -22.6
186, 16.5, -22.6
187, 16.5, -22.6
188, 16.5, -22.6
189, 16.5, -22.6
190, 16.5, -22.6
191, 16.5, -22.6
192, 16.6, -22.6
193, 16.6, -22.6
194, 16.6, -22.6
195, 16.6, -22.6
196, 16.6, -22.5
197, 16.6, -22.5
198, 16.6, -22.5
199, 16.6, -22.5
200, 16.6, -22.5
201, 16.6, -22.5
202, 16.6, -22.5
203, 16.5, -22.5
204, 16.5, -22.5
205, 16.5, -22.5
206, 16.4, -22.5
207, 16.4, -22.6
208, 16.4, -22.6
209, 16.4, -22.6
210, 16.4, -22.6
211, 16.4, -22.6
212, 16.4, -22.6
213, 16.4, -22.6
214, 16.5, -22.6
215, 16.5, -22.6
216, 16.5, -22.6
217, 16.5, -22.6
218, 16.5, -22.6
219, 16.5, -22.7
220, 16.5, -22.7
221, 16.5, -22.7
222, 16.5, -22.7
223, 16.5, -22.7
224, 16.5, -22.7
225, 16.5, -22.7
226, 16.5, -22.7
227, 16.5, -22.7
228, 16.5, -22.7
229, 16.5, -22.7
230, 16.5, -22.7
231, 16.5, -22.7
232, 16.5, -22.7
233, 16.4, -22.7
234, 16.4, -22.7
235, 16.4, -22.7
236, 16.4, -22.7
237, 16.4, -22.7
238, 16.4, -22.7
239, 16.4, -22.7
240, 16.4, -22.7
241, 16.4, -22.7
242, 16.4, -22.7
243, 16.4, -22.6
244, 16.4, -22.6
245, 16.4, -22.6
246, 16.4, -22.6
247, 16.4, -22.6
248, 16.4, -22.6
249, 16.4, -22.6
250, 16.4, -22.6
251, 16.4, -22.6
252, 16.4, -22.6
253, 16.5, -22.6
254, 16.5, -22.6
255, 16.5, -22.6
256, 16.5, -22.6
257, 16.5, -22.6
258, 16.5, -22.6
259, 16.5, -22.6
260, 16.5, -22.6
261, 16.5, -22.6
262, 16.5, -22.6
263, 16.5, -22.6
264, 16.5, -22.6
265, 16.5, -22.6
266, 16.5, -22.6
267, 16.5, -22.6
268, 16.5, -22.6
269, 16.5, -22.6
270, 16.5, -22.6
271, 16.6, -22.6
272, 16.6, -22.6
273, 16.6, -22.6
274, 16.6, -22.6
275, 16.6, -22.6
276, 16.6, -22.6
277, 16.6, -22.6
278, 16.6, -22.6
279, 16.6, -22.6
280, 16.6, -22.6
281, 16.6, -22.6
282, 16.6, -22.6
283, 16.6, -22.7
284, 16.6, -22.7
285, 16.6, -22.7
286, 16.6, -22.7
287, 16.6, -22.7
288, 16.6, -22.7
289, 16.6, -22.7
290, 16.6, -22.7
291, 16.6, -22.7
292, 16.6, -22.6
293, 16.6, -22.6
294, 16.6, -22.6
295, 16.6, -22.7
296, 16.6, -22.7
297, 16.6, -22.7
298, 16.6, -22.7
299, 16.6, -22.7
300, 16.6, -22.7
301, 16.6, -22.7
302, 16.6, -22.7
303, 16.6, -22.7
304, 16.6, -22.7
305, 16.6, -22.7
306, 16.6, -22.7
307, 16.6, -22.7
308, 16.6, -22.7
309, 16.6, -22.7
310, 16.6, -22.7
311, 16.6, -22.7
312, 16.6, -22.7
313, 16.6, -22.7
314, 16.6, -22.7
315, 16.6, -22.7
316, 16.6, -22.7
317, 16.6, -22.7
318, 16.6, -22.7
319, 16.6, -22.7
320, 16.6, -22.7
321, 16.6, -22.7
322, 16.6, -22.7
323, 16.6, -22.7
324, 16.5, -22.7
325, 16.5, -22.7
326, 16.5, -22.7
327, 16.5, -22.7
328, 16.5, -22.7
329, 16.5, -22.7
330, 16.5, -22.7
331, 16.5, -22.7
332, 16.5, -22.7
333, 16.4, -22.7
334, 16.4, -22.7
335, 16.4, -22.7
336, 16.4, -22.7
337, 16.4, -22.7
338, 16.4, -22.7
339, 16.4, -22.7
340, 16.4, -22.7
341, 16.4, -22.7
342, 16.4, -22.7
343, 16.4, -22.7
344, 16.4, -22.7
345, 16.4, -22.7
346, 16.4, -22.7
347, 16.4, -22.7
348, 16.4, -22.7
349, 16.4, -22.7
350, 16.4, -22.7
351, 16.5, -22.7
352, 16.5, -22.7
353, 16.5, -22.7
354, 16.5, -22.7
355, 16.5, -22.7
356, 16.5, -22.7
357, 16.5, -22.7
358, 16.5, -22.7
359, 16.5, -22.7
360, 16.5, -22.7
361, 16.5, -22.7
362, 16.5, -22.7
363, 16.5, -22.7
364, 16.5, -22.7
365, 16.5, -22.7
366, 16.5, -22.7
367, 16.5, -22.7
368, 16.5, -22.7
369, 16.5, -22.7
370, 16.5, -22.7
371, 16.5, -22.7
372, 16.5, -22.7
373, 16.6, -22.7
374, 16.6, -22.7
375, 16.6, -22.7
376, 16.6, -22.7
377, 16.7, -22.8
378, 16.7, -22.8
379, 16.7, -22.7
380, 16.7, -22.7
381, 16.7, -22.7
382, 16.7, -22.7
383, 16.7, -22.7
384, 16.7, -22.7
385, 16.7, -22.7
386, 16.7, -22.7
387, 16.7, -22.7
388, 16.7, -22.7
389, 16.6, -22.7
390, 16.6, -22.7
391, 16.6, -22.7
392, 16.6, -22.7
393, 16.6, -22.7
394, 16.6, -22.7
395, 16.6, -22.7
396, 16.6, -22.7
397, 16.5, -22.7
398, 16.5, -22.7
399, 16.5, -22.7
400, 16.5, -22.7
401, 16.5, -22.7
402, 16.5, -22.7
403, 16.5, -22.7
404, 16.5, -22.7
405, 16.5, -22.7
406, 16.5, -22.7
407, 16.5, -22.7
408, 16.5, -22.7
409, 16.5, -22.7
410, 16.5, -22.7
411, 16.5, -22.7
412, 16.5, -22.7
413, 16.5, -22.7
414, 16.5, -22.7
415, 16.4, -22.7
416, 16.4, -22.7
417, 16.4, -22.7
418, 16.4, -22.7
419, 16.4, -22.7
420, 16.4, -22.7
421, 16.4, -22.7
422, 16.4, -22.7
423, 16.4, -22.6
424, 16.4, -22.6
425, 16.4, -22.6
426, 16.4, -22.6
427, 16.4, -22.6
428, 16.4, -22.6
429, 16.4, -22.6
430, 16.4, -22.6
431, 16.4, -22.6
432, 16.4, -22.6
433, 16.4, -22.6
434, 16.3, -22.6
435, 16.3, -22.6
436, 16.3, -22.6
437, 16.3, -22.6
438, 16.3, -22.6
439, 16.3, -22.6
440, 16.3, -22.6
441, 16.3, -22.6
442, 16.3, -22.6
443, 16.3, -22.6
444, 16.3, -22.6
445, 16.4, -22.6
446, 16.4, -22.6
447, 16.4, -22.6
448, 16.4, -22.6
449, 16.4, -22.6
450, 16.4, -22.6
451, 16.4, -22.7
452, 16.4, -22.7
453, 16.5, -22.7
454, 16.5, -22.7
455, 16.6, -22.7
456, 16.6, -22.7
457, 16.6, -22.7
458, 16.6, -22.7
459, 16.6, -22.7
460, 16.6, -22.7
461, 16.6, -22.7
462, 16.6, -22.7
463, 16.6, -22.7
464, 16.6, -22.7
465, 16.5, -22.7
466, 16.5, -22.7
467, 16.5, -22.7
468, 16.5, -22.7
469, 16.5, -22.7
470, 16.5, -22.7
471, 16.5, -22.7
472, 16.5, -22.7
473, 16.5, -22.7
474, 16.5, -22.7
475, 16.5, -22.6
476, 16.5, -22.6
477, 16.5, -22.6
478, 16.5, -22.6
479, 16.5, -22.6
480, 16.5, -22.6
481, 16.5, -22.6
482, 16.5, -22.6
483, 16.5, -22.6
484, 16.5, -22.6
485, 16.5, -22.6
486, 16.5, -22.6
487, 16.5, -22.6
488, 16.5, -22.6
489, 16.5, -22.6
490, 16.5, -22.6
491, 16.5, -22.6
492, 16.5, -22.6
493, 16.5, -22.6
494, 16.5, -22.6
495, 16.5, -22.6
496, 16.5, -22.6
497, 16.5, -22.6
498, 16.4, -22.6
499, 16.4, -22.6
500, 16.4, -22.6
501, 16.4, -22.6
502, 16.4, -22.6
503, 16.4, -22.6
504, 16.4, -22.6
505, 16.4, -22.6
506, 16.4, -22.6
507, 16.4, -22.6
508, 16.4, -22.6
509, 16.4, -22.6
510, 16.4, -22.6
511, 16.4, -22.6
512, 16.4, -22.6
513, 16.4, -22.6
514, 16.4, -22.6
515, 16.4, -22.6
516, 16.4, -22.6
517, 16.4, -22.6
518, 16.4, -22.6
519, 16.4, -22.6
520, 16.4, -22.6
521, 16.4, -22.6
522, 16.4, -22.6
523, 16.4, -22.6
524, 16.4, -22.6
525, 16.4, -22.6
526, 16.4, -22.6
527, 16.4, -22.6
528, 16.4, -22.6
529, 16.4, -22.6
530, 16.4, -22.5
531, 16.4, -22.5
532, 16.4, -22.5
533, 16.4, -22.5
534, 16.4, -22.5
535, 16.4, -22.5
536, 16.4, -22.5
537, 16.4, -22.5
538, 16.4, -22.5
539, 16.4, -22.5
540, 16.4, -22.5
541, 16.4, -22.5
542, 16.4, -22.5
543, 16.4, -22.6
544, 16.4, -22.6
545, 16.4, -22.6
546, 16.4, -22.6
547, 16.4, -22.6
548, 16.4, -22.6
549, 16.4, -22.6
550, 16.4, -22.6
551, 16.4, -22.6
552, 16.4, -22.6
553, 16.4, -22.6
554, 16.4, -22.6
555, 16.4, -22.6
556, 16.4, -22.6
557, 16.4, -22.6
558, 16.4, -22.6
559, 16.4, -22.6
560, 16.4, -22.6
561, 16.4, -22.6
562, 16.4, -22.6
563, 16.4, -22.6
564, 16.4, -22.6
565, 16.5, -22.6
566, 16.5, -22.6
567, 16.5, -22.6
568, 16.5, -22.6
569, 16.5, -22.6
570, 16.4, -22.6
571, 16.4, -22.6
572, 16.4, -22.6
573, 16.4, -22.6
574, 16.4, -22.6
575, 16.4, -22.6
576, 16.4, -22.6
577, 16.4, -22.6
578, 16.4, -22.6
579, 16.4, -22.6
580, 16.4, -22.6
581, 16.4, -22.6
582, 16.4, -22.6
583, 16.4, -22.6
584, 16.4, -22.6
585, 16.4, -22.6
586, 16.4, -22.6
587, 16.4, -22.6
588, 16.4, -22.6
589, 16.4, -22.6
590, 16.4, -22.6
591, 16.4, -22.6
592, 16.4, -22.6
593, 16.4, -22.6
594, 16.4, -22.6
595, 16.4, -22.6
596, 16.5, -22.6
597, 16.5, -22.6
598, 16.5, -22.6
599, 16.5, -22.6
600, 16.5, -22.6
601, 16.5, -22.6
602, 16.4, -22.6
603, 16.4, -22.6
604, 16.5, -22.6
605, 16.5, -22.6
606, 16.5, -22.6
607, 16.5, -22.6
608, 16.5, -22.6
609, 16.5, -22.6
610, 16.5, -22.6
611, 16.5, -22.6
612, 16.5, -22.6
613, 16.5, -22.6
614, 16.6, -22.6
615, 16.6, -22.6
616, 16.6, -22.6
617, 16.6, -22.6
618, 16.6, -22.7
619, 16.6, -22.7
620, 16.6, -22.7
621, 16.6, -22.7
622, 16.5, -22.7
623, 16.5, -22.7
624, 16.5, -22.7
625, 16.5, -22.6
626, 16.5, -22.6
627, 16.5, -22.6
628, 16.5, -22.6
629, 16.5, -22.6
630, 16.5, -22.6
631, 16.5, -22.6
632, 16.5, -22.6
633, 16.5, -22.6
634, 16.5, -22.6
635, 16.5, -22.6
636, 16.5, -22.6
637, 16.5, -22.6
638, 16.5, -22.6
639, 16.5, -22.6
640, 16.5, -22.5
641, 16.5, -22.5
642, 16.5, -22.5
643, 16.5, -22.5
644, 16.5, -22.5
645, 16.5, -22.5
646, 16.4, -22.5
647, 16.4, -22.5
648, 16.4, -22.5
649, 16.4, -22.5
650, 16.4, -22.5
651, 16.4, -22.5
652, 16.4, -22.6
653, 16.4, -22.6
654, 16.4, -22.6
655, 16.4, -22.6
656, 16.4, -22.6
657, 16.4, -22.6
658, 16.4, -22.6
659, 16.4, -22.6
660, 16.4, -22.6
661, 16.4, -22.6
662, 16.4, -22.6
663, 16.4, -22.6
664, 16.4, -22.6
665, 16.4, -22.6
666, 16.4, -22.5
667, 16.4, -22.6
668, 16.4, -22.6
669, 16.4, -22.6
670, 16.4, -22.6
671, 16.4, -22.6
672, 16.4, -22.6
673, 16.4, -22.6
674, 16.4, -22.6
675, 16.4, -22.6
676, 16.4, -22.6
677, 16.4, -22.6
678, 16.4, -22.6
679, 16.4, -22.6
680, 16.4, -22.6
681, 16.4, -22.6
682, 16.4, -22.6
683, 16.4, -22.6
684, 16.4, -22.6
685, 16.4, -22.6
686, 16.5, -22.6
687, 16.5, -22.6
688, 16.5, -22.6
689, 16.5, -22.6
690, 16.5, -22.6
691, 16.5, -22.6
692, 16.5, -22.6
693, 16.5, -22.6
694, 16.5, -22.6
695, 16.5, -22.6
696, 16.5, -22.6
697, 16.5, -22.5
698, 16.5, -22.5
699, 16.5, -22.5
700, 16.5, -22.5
701, 16.5, -22.5
702, 16.5, -22.5
703, 16.5, -22.5
704, 16.5, -22.5
705, 16.5, -22.5
706, 16.5, -22.5
707, 16.5, -22.5
708, 16.5, -22.5
709, 16.5, -22.5
710, 16.5, -22.5
711, 16.5, -22.5
712, 16.5, -22.5
713, 16.5, -22.5
714, 16.5, -22.5
715, 16.5, -22.5
716, 16.5, -22.5
717, 16.5, -22.5
718, 16.5, -22.5
719, 16.5, -22.5
720, 16.5, -22.5
721, 16.5, -22.5
722, 16.5, -22.6
723, 16.5, -22.6
724, 16.5, -22.6
725, 16.5, -22.6
726, 16.5, -22.6
727, 16.5, -22.6
728, 16.5, -22.6
729, 16.5, -22.6
730, 16.6, -22.6
731, 16.6, -22.6
732, 16.6, -22.6
733, 16.6, -22.6
734, 16.6, -22.6
735, 16.6, -22.6
736, 16.6, -22.6
737, 16.6, -22.6
738, 16.6, -22.6
739, 16.6, -22.6
740, 16.6, -22.7
741, 16.6, -22.7
742, 16.6, -22.7
743, 16.6, -22.7
744, 16.6, -22.7
745, 16.6, -22.7
746, 16.6, -22.7
747, 16.6, -22.7
748, 16.6, -22.7
749, 16.6, -22.7
750, 16.6, -22.7
751, 16.6, -22.7
752, 16.6, -22.7
753, 16.6, -22.7
754, 16.5, -22.7
755, 16.5, -22.7
756, 16.5, -22.7
757, 16.5, -22.7
758, 16.5, -22.7
759, 16.5, -22.7
760, 16.5, -22.7
761, 16.5, -22.7
762, 16.5, -22.7
763, 16.5, -22.7
764, 16.5, -22.7
765, 16.5, -22.7
766, 16.5, -22.7
767, 16.5, -22.7
768, 16.5, -22.7
769, 16.5, -22.7
770, 16.5, -22.7
771, 16.5, -22.7
772, 16.5, -22.7
773, 16.5, -22.7
774, 16.5, -22.7
775, 16.5, -22.6
776, 16.5, -22.6
777, 16.5, -22.6
778, 16.5, -22.6
779, 16.5, -22.6
780, 16.5, -22.6
781, 16.4, -22.6
782, 16.4, -22.6
783, 16.4, -22.6
784, 16.4, -22.6
785, 16.4, -22.6
786, 16.4, -22.6
787, 16.4, -22.6
788, 16.4, -22.6
789, 16.4, -22.6
790, 16.4, -22.6
791, 16.3, -22.6
792, 16.3, -22.6
793, 16.3, -22.6
794, 16.3, -22.6
795, 16.3, -22.6
796, 16.3, -22.6
797, 16.3, -22.6
798, 16.3, -22.6
799, 16.3, -22.6
800, 16.4, -22.6
801, 16.4, -22.7
802, 16.4, -22.7
803, 16.4, -22.7
804, 16.4, -22.7
805, 16.4, -22.7
806, 16.4, -22.6
807, 16.4, -22.6
808, 16.4, -22.6
809, 16.5, -22.6
810, 16.5, -22.6
811, 16.5, -22.6
812, 16.5, -22.6
813, 16.5, -22.6
814, 16.5, -22.6
815, 16.5, -22.6
816, 16.5, -22.6
817, 16.5, -22.6
818, 16.5, -22.6
819, 16.5, -22.7
820, 16.5, -22.7
821, 16.5, -22.7
822, 16.5, -22.7
823, 16.5, -22.7
824, 16.5, -22.7
825, 16.5, -22.7
826, 16.5, -22.7
827, 16.5, -22.7
828, 16.5, -22.7
829, 16.5, -22.7
830, 16.5, -22.7
831, 16.5, -22.7
832, 16.5, -22.7
833, 16.5, -22.7
834, 16.5, -22.7
835, 16.5, -22.7
836, 16.5, -22.7
837, 16.5, -22.7
838, 16.5, -22.7
839, 16.5, -22.7
840, 16.5, -22.7
841, 16.5, -22.7
842, 16.5, -22.7
843, 16.5, -22.7
844, 16.5, -22.7
845, 16.5, -22.7
846, 16.5, -22.7
847, 16.5, -22.7
848, 16.5, -22.7
849, 16.5, -22.7
850, 16.5, -22.8
851, 16.5, -22.8
852, 16.5, -22.8
853, 16.5, -22.8
854, 16.6, -22.8
855, 16.6, -22.8
856, 16.6, -22.8
857, 16.6, -22.8
858, 16.6, -22.8
859, 16.5, -22.8
860, 16.5, -22.8
861, 16.5, -22.8
862, 16.5, -22.7
863, 16.5, -22.7
864, 16.5, -22.7
865, 16.5, -22.7
866, 16.5, -22.6
867, 16.5, -22.6
868, 16.5, -22.6
869, 16.5, -22.6
870, 16.5, -22.6
871, 16.5, -22.6
872, 16.5, -22.6
873, 16.5, -22.6
874, 16.5, -22.6
875, 16.5, -22.6
876, 16.5, -22.6
877, 16.5, -22.6
878, 16.6, -22.6
879, 16.6, -22.6
880, 16.6, -22.6
881, 16.6, -22.6
882, 16.6, -22.6
883, 16.6, -22.6
884, 16.6, -22.6
885, 16.6, -22.6
886, 16.6, -22.6
887, 16.6, -22.6
888, 16.6, -22.6
889, 16.6, -22.6
890, 16.6, -22.6
891, 16.6, -22.6
892, 16.6, -22.6
893, 16.6, -22.6
894, 16.6, -22.6
895, 16.6, -22.6
896, 16.6, -22.6
897, 16.6, -22.6
898, 16.6, -22.6
899, 16.6, -22.6
900, 16.6, -22.6
901, 16.5, -22.6
902, 16.5, -22.6
903, 16.5, -22.6
904, 16.5, -22.6
905, 16.5, -22.6
906, 16.5, -22.6
907, 16.5, -22.6
908, 16.5, -22.6
909, 16.5, -22.5
910, 16.5, -22.5
911, 16.5, -22.5
912, 16.5, -22.5
913, 16.5, -22.5
914, 16.5, -22.5
915, 16.5, -22.5
916, 16.5, -22.5
917, 16.5, -22.5
918, 16.5, -22.5
919, 16.5, -22.5
920, 16.5, -22.5
921, 16.5, -22.5
922, 16.5, -22.5
923, 16.5, -22.5
924, 16.5, -22.5
925, 16.5, -22.5
926, 16.5, -22.5
927, 16.5, -22.5
928, 16.5, -22.5
929, 16.5, -22.6
930, 16.5, -22.7
931, 16.5, -22.7
932, 16.5, -22.7
933, 16.5, -22.7
934, 16.5, -22.7
935, 16.5, -22.7
936, 16.5, -22.7
937, 16.5, -22.7
938, 16.4, -22.7
939, 16.4, -22.7
940, 16.4, -22.7
941, 16.4, -22.7
942, 16.4, -22.7
943, 16.4, -22.7
944, 16.4, -22.7
945, 16.4, -22.7
946, 16.4, -22.7
947, 16.4, -22.7
948, 16.4, -22.7
949, 16.4, -22.7
950, 16.4, -22.7
951, 16.4, -22.7
952, 16.4, -22.7
953, 16.4, -22.7
954, 16.4, -22.7
955, 16.4, -22.7
956, 16.4, -22.7
957, 16.4, -22.7
958, 16.4, -22.7
959, 16.4, -22.7
960, 16.4, -22.7
961, 16.4, -22.7
962, 16.4, -22.7
963, 16.4, -22.7
964, 16.4, -22.7
965, 16.4, -22.7
966, 16.4, -22.7
967, 16.4, -22.7
968, 16.4, -22.7
969, 16.4, -22.7
970, 16.4, -22.7
971, 16.4, -22.7
972, 16.4, -22.7
973, 16.5, -22.7
974, 16.5, -22.7
975, 16.5, -22.7
976, 16.5, -22.7
977, 16.5, -22.7
978, 16.5, -22.7
979, 16.5, -22.6
980, 16.5, -22.6
981, 16.5, -22.6
982, 16.5, -22.6
983, 16.5, -22.6
984, 16.5, -22.6
985, 16.5, -22.6
986, 16.5, -22.6
987, 16.5, -22.6
988, 16.5, -22.5
989, 16.5, -22.5
990, 16.5, -22.5
991, 16.5, -22.5
992, 16.5, -22.5
993, 16.5, -22.5
994, 16.5, -22.5
995, 16.6, -22.5
996, 16.6, -22.5
997, 16.6, -22.5
998, 16.6, -22.5
999, 16.6, -22.5
1000, 16.6, -22.5
1001, 16.6, -22.6
1002, 16.5, -22.6
1003, 16.5, -22.6
1004, 16.4, -22.6
1005, 16.4, -22.7
1006, 16.4, -22.7
1007, 16.4, -22.7
1008, 16.4, -22.7
1009, 16.5, -22.7
1010, 16.5, -22.7
1011, 16.5, -22.7
1012, 16.5, -22.7
1013, 16.5, -22.7
1014, 16.5, -22.7
1015, 16.5, -22.7
1016, 16.5, -22.7
1017, 16.5, -22.7
1018, 16.5, -22.7
1019, 16.5, -22.7
1020, 16.5, -22.7
1021, 16.5, -22.7
1022, 16.5, -22.7
1023, 16.5, -22.7
1024, 16.5, -22.7
1025, 16.5, -22.7
1026, 16.5, -22.7
1027, 16.5, -22.7
1028, 16.4, -22.7
1029, 16.4, -22.7
1030, 16.4, -22.7
1031, 16.4, -22.7
1032, 16.4, -22.7
1033, 16.4, -22.7
1034, 16.5, -22.7
1035, 16.5, -22.7
1036, 16.5, -22.7
1037, 16.5, -22.7
1038, 16.5, -22.7
1039, 16.5, -22.7
1040, 16.5, -22.7
1041, 16.5, -22.7
1042, 16.5, -22.7
1043, 16.5, -22.7
1044, 16.5, -22.7
1045, 16.5, -22.7
1046, 16.5, -22.7
1047, 16.5, -22.7
1048, 16.5, -22.7
1049, 16.5, -22.8
1050, 16.5, -22.8
1051, 16.5, -22.8
1052, 16.5, -22.8
1053, 16.5, -22.8
1054, 16.5, -22.8
1055, 16.5, -22.8
1056, 16.5, -22.8
1057, 16.5, -22.8
1058, 16.5, -22.8
1059, 16.5, -22.8
1060, 16.5, -22.8
1061, 16.5, -22.8
1062, 16.5, -22.8
1063, 16.5, -22.8
1064, 16.5, -22.7
1065, 16.5, -22.7
1066, 16.5, -22.7
1067, 16.5, -22.7
1068, 16.5, -22.7
1069, 16.5, -22.7
1070, 16.5, -22.7
1071, 16.5, -22.7
1072, 16.5, -22.7
1073, 16.5, -22.7
1074, 16.5, -22.7
1075, 16.5, -22.7
1076, 16.6, -22.7
1077, 16.6, -22.7
1078, 16.6, -22.7
1079, 16.6, -22.7
1080, 16.6, -22.7
1081, 16.6, -22.7
1082, 16.6, -22.7
1083, 16.6, -22.7
1084, 16.6, -22.7
1085, 16.6, -22.7
1086, 16.6, -22.7
1087, 16.6, -22.7
1088, 16.6, -22.7
1089, 16.5, -22.7
1090, 16.5, -22.7
1091, 16.5, -22.7
1092, 16.5, -22.6
1093, 16.5, -22.6
1094, 16.5, -22.6
1095, 16.5, -22.6
1096, 16.5, -22.6
1097, 16.5, -22.6
1098, 16.5, -22.6
1099, 16.5, -22.6
1100, 16.5, -22.6
1101, 16.5, -22.6
1102, 16.5, -22.6
1103, 16.5, -22.6
1104, 16.5, -22.6
1105, 16.5, -22.6
1106, 16.5, -22.6
1107, 16.5, -22.6
1108, 16.5, -22.6
1109, 16.5, -22.6
1110, 16.4, -22.6
1111, 16.4, -22.6
1112, 16.4, -22.6
1113, 16.4, -22.6
1114, 16.4, -22.6
1115, 16.4, -22.6
1116, 16.4, -22.6
1117, 16.4, -22.6
1118, 16.4, -22.6
1119, 16.4, -22.6
1120, 16.4, -22.6
1121, 16.5, -22.6
1122, 16.5, -22.6
1123, 16.5, -22.6
1124, 16.5, -22.6
1125, 16.5, -22.6
1126, 16.5, -22.6
1127, 16.5, -22.6
1128, 16.5, -22.6
1129, 16.5, -22.6
1130, 16.5, -22.6
1131, 16.5, -22.6
1132, 16.5, -22.6
1133, 16.5, -22.6
1134, 16.5, -22.6
1135, 16.5, -22.6
1136, 16.4, -22.6
1137, 16.4, -22.6
1138, 16.4, -22.6
1139, 16.4, -22.6
1140, 16.4, -22.6
1141, 16.4, -22.6
1142, 16.4, -22.6
1143, 16.4, -22.6
1144, 16.4, -22.6
1145, 16.4, -22.6
1146, 16.4, -22.6
1147, 16.4, -22.6
1148, 16.4, -22.6
1149, 16.4, -22.6
1150, 16.4, -22.6
1151, 16.4, -22.6
1152, 16.4, -22.6
1153, 16.4, -22.6
1154, 16.4, -22.6
1155, 16.4, -22.6
1156, 16.4, -22.6
1157, 16.4, -22.6
1158, 16.4, -22.6
1159, 16.4, -22.6
1160, 16.4, -22.6
1161, 16.4, -22.6
1162, 16.3, -22.6
1163, 16.3, -22.6
1164, 16.3, -22.6
1165, 16.3, -22.6
1166, 16.3, -22.6
1167, 16.4, -22.6
1168, 16.4, -22.6
1169, 16.4, -22.6
1170, 16.4, -22.6
1171, 16.4, -22.6
1172, 16.5, -22.7
1173, 16.5, -22.7
1174, 16.5, -22.7
1175, 16.5, -22.7
1176, 16.4, -22.7
1177, 16.4, -22.7
1178, 16.4, -22.7
1179, 16.4, -22.7
1180, 16.4, -22.7
1181, 16.4, -22.7
1182, 16.4, -22.7
1183, 16.4, -22.7
1184, 16.4, -22.7
1185, 16.4, -22.7
1186, 16.4, -22.7
1187, 16.4, -22.7
1188, 16.4, -22.7
1189, 16.4, -22.7
1190, 16.4, -22.7
1191, 16.4, -22.7
1192, 16.4, -22.7
1193, 16.4, -22.7
1194, 16.4, -22.7
1195, 16.4, -22.7
1196, 16.4, -22.7
1197, 16.4, -22.7
1198, 16.4, -22.7
1199, 16.4, -22.7
1200, 16.4, -22.7
1201, 16.5, -22.7
1202, 16.4, -22.7
1203, 16.4, -22.7
1204, 16.4, -22.7
1205, 16.4, -22.7
1206, 16.4, -22.7
1207, 16.4, -22.7
1208, 16.4, -22.7
1209, 16.4, -22.7
1210, 16.4, -22.7
1211, 16.4, -22.7
1212, 16.4, -22.7
1213, 16.4, -22.7
1214, 16.4, -22.7
1215, 16.4, -22.7
1216, 16.4, -22.7
1217, 16.4, -22.7
1218, 16.4, -22.7
1219, 16.4, -22.7
1220, 16.4, -22.7
1221, 16.4, -22.7
1222, 16.4, -22.7
1223, 16.4, -22.7
1224, 16.4, -22.7
1225, 16.4, -22.7
1226, 16.4, -22.7
1227, 16.4, -22.7
1228, 16.4, -22.7
1229, 16.4, -22.7
1230, 16.4, -22.7
1231, 16.4, -22.7
1232, 16.4, -22.7
1233, 16.4, -22.7
1234, 16.4, -22.7
1235, 16.4, -22.7
1236, 16.4, -22.7
1237, 16.4, -22.7
1238, 16.4, -22.7
1239, 16.4, -22.7
1240, 16.4, -22.7
1241, 16.4, -22.7
1242, 16.4, -22.7
1243, 16.4, -22.7
1244, 16.4, -22.7
1245, 16.4, -22.7
1246, 16.4, -22.7
1247, 16.4, -22.7
1248, 16.4, -22.7
1249, 16.4, -22.7
1250, 16.4, -22.7
1251, 16.4, -22.7
1252, 16.4, -22.7
1253, 16.4, -22.7
1254, 16.4, -22.7
1255, 16.4, -22.7
1256, 16.4, -22.7
1257, 16.4, -22.7
1258, 16.4, -22.7
1259, 16.4, -22.7
1260, 16.4, -22.7
1261, 16.4, -22.7
1262, 16.4, -22.7
1263, 16.4, -22.7
1264, 16.4, -22.7
1265, 16.4, -22.7
1266, 16.4, -22.7
1267, 16.4, -22.7
1268, 16.4, -22.7
1269, 16.4, -22.7
1270, 16.4, -22.7
1271, 16.4, -22.7
1272, 16.4, -22.7
1273, 16.4, -22.7
1274, 16.4, -22.7
1275, 16.4, -22.7
1276, 16.4, -22.7
1277, 16.4, -22.7
1278, 16.4, -22.7
1279, 16.4, -22.7
1280, 16.4, -22.7
1281, 16.4, -22.7
1282, 16.4, -22.7
1283, 16.4, -22.7
1284, 16.4, -22.7
1285, 16.4, -22.7
1286, 16.4, -22.7
1287, 16.4, -22.7
1288, 16.4, -22.7
1289, 16.4, -22.7
1290, 16.4, -22.7
1291, 16.3, -22.7
1292, 16.3, -22.7
1293, 16.3, -22.7
1294, 16.3, -22.7
1295, 16.3, -22.7
1296, 16.3, -22.7
1297, 16.3, -22.7
1298, 16.3, -22.7
1299, 16.3, -22.7
1300, 16.3, -22.7
1301, 16.3, -22.7
1302, 16.3, -22.7
1303, 16.3, -22.7
1304, 16.3, -22.7
1305, 16.3, -22.7
1306, 16.3, -22.7
1307, 16.3, -22.7
1308, 16.3, -22.7
1309, 16.3, -22.7
1310, 16.3, -22.7
1311, 16.3, -22.7
1312, 16.3, -22.6
1313, 16.3, -22.6
1314, 16.3, -22.6
1315, 16.3, -22.6
1316, 16.3, -22.6
1317, 16.3, -22.6
1318, 16.4, -22.6
1319, 16.4, -22.6
1320, 16.4, -22.6
1321, 16.4, -22.7
1322, 16.4, -22.7
1323, 16.4, -22.7
1324, 16.4, -22.7
1325, 16.4, -22.7
1326, 16.4, -22.7
1327, 16.4, -22.7
1328, 16.4, -22.7
1329, 16.4, -22.7
1330, 16.4, -22.7
1331, 16.4, -22.6
1332, 16.4, -22.6
1333, 16.4, -22.6
1334, 16.4, -22.6
1335, 16.4, -22.6
1336, 16.4, -22.6
1337, 16.4, -22.6
1338, 16.4, -22.6
1339, 16.4, -22.6
1340, 16.4, -22.7
1341, 16.4, -22.7
1342, 16.4, -22.7
1343, 16.4, -22.7
1344, 16.4, -22.7
1345, 16.4, -22.7
1346, 16.4, -22.7
1347, 16.4, -22.7
1348, 16.4, -22.7
1349, 16.4, -22.7
1350, 16.4, -22.7
1351, 16.4, -22.7
1352, 16.4, -22.7
1353, 16.4, -22.7
1354, 16.4, -22.6
1355, 16.4, -22.6
1356, 16.4, -22.6
1357, 16.4, -22.6
1358, 16.4, -22.6
1359, 16.4, -22.6
1360, 16.4, -22.6
1361, 16.4, -22.6
1362, 16.4, -22.7
1363, 16.4, -22.7
1364, 16.4, -22.7
1365, 16.4, -22.7
1366, 16.4, -22.7
1367, 16.4, -22.7
1368, 16.4, -22.7
1369, 16.4, -22.7
1370, 16.4, -22.7
1371, 16.4, -22.7
1372, 16.4, -22.6
1373, 16.4, -22.6
1374, 16.4, -22.6
1375, 16.4, -22.6
1376, 16.4, -22.6
1377, 16.4, -22.6
1378, 16.4, -22.6
1379, 16.4, -22.6
1380, 16.4, -22.6
1381, 16.4, -22.6
1382, 16.4, -22.6
1383, 16.4, -22.6
1384, 16.4, -22.6
1385, 16.4, -22.6
1386, 16.4, -22.6
1387, 16.4, -22.6
1388, 16.4, -22.6
1389, 16.4, -22.6
1390, 16.4, -22.6
1391, 16.4, -22.6
1392, 16.4, -22.6
1393, 16.4, -22.6
1394, 16.4, -22.6
1395, 16.4, -22.6
1396, 16.4, -22.7
1397, 16.4, -22.7
1398, 16.4, -22.7
1399, 16.4, -22.7
1400, 16.4, -22.7
1401, 16.4, -22.7
1402, 16.4, -22.7
1403, 16.4, -22.7
1404, 16.4, -22.7
1405, 16.4, -22.7
1406, 16.4, -22.7
1407, 16.4, -22.7
1408, 16.4, -22.7
1409, 16.5, -22.7
1410, 16.5, -22.7
1411, 16.5, -22.7
1412, 16.5, -22.7
1413, 16.5, -22.7
1414, 16.5, -22.7
1415, 16.5, -22.7
1416, 16.5, -22.7
1417, 16.5, -22.7
1418, 16.5, -22.7
1419, 16.5, -22.7
1420, 16.5, -22.7
1421, 16.5, -22.7
1422, 16.5, -22.7
1423, 16.5, -22.7
1424, 16.5, -22.7
1425, 16.5, -22.7
1426, 16.5, -22.7
1427, 16.5, -22.7
1428, 16.5, -22.7
1429, 16.5, -22.7
1430, 16.5, -22.7
1431, 16.5, -22.7
1432, 16.4, -22.7
1433, 16.4, -22.7
1434, 16.4, -22.7
1435, 16.4, -22.7
1436, 16.4, -22.7
1437, 16.4, -22.7
1438, 16.4, -22.7
1439, 16.4, -22.7
1440, 16.4, -22.7
1441, 16.4, -22.7
1442, 16.4, -22.7
1443, 16.4, -22.7
1444, 16.4, -22.7
1445, 16.4, -22.7
1446, 16.4, -22.7
1447, 16.4, -22.7
1448, 16.4, -22.7
1449, 16.4, -22.7
1450, 16.4, -22.7
1451, 16.4, -22.7
1452, 16.4, -22.7
1453, 16.4, -22.7
1454, 16.4, -22.7
1455, 16.4, -22.7
1456, 16.4, -22.7
1457, 16.4, -22.7
1458, 16.4, -22.7
1459, 16.4, -22.7
1460, 16.4, -22.7
1461, 16.4, -22.7
1462, 16.4, -22.7
1463, 16.4, -22.7
1464, 16.4, -22.7
1465, 16.4, -22.7
1466, 16.4, -22.7
1467, 16.4, -22.7
1468, 16.4, -22.7
1469, 16.4, -22.7
1470, 16.4, -22.7
1471, 16.4, -22.7
1472, 16.4, -22.7
1473, 16.4, -22.6
1474, 16.4, -22.6
1475, 16.4, -22.6
1476, 16.4, -22.6
1477, 16.3, -22.6
1478, 16.3, -22.6
1479, 16.3, -22.6
1480, 16.3, -22.6
1481, 16.3, -22.6
1482, 16.3, -22.6
1483, 16.4, -22.6
1484, 16.5, -22.6
1485, 16.5, -22.6
1486, 16.5, -22.6
1487, 16.5, -22.6
1488, 16.5, -22.6
1489, 16.5, -22.6
1490, 16.5, -22.6
1491, 16.5, -22.6
1492, 16.5, -22.6
1493, 16.5, -22.6
1494, 16.5, -22.6
1495, 16.5, -22.6
1496, 16.5, -22.6
1497, 16.5, -22.6
1498, 16.5, -22.6
1499, 16.5, -22.6
1500, 16.5, -22.6
1501, 16.5, -22.6
1502, 16.5, -22.6
1503, 16.5, -22.6
1504, 16.5, -22.6
1505, 16.5, -22.6
1506, 16.5, -22.6
1507, 16.5, -22.6
1508, 16.5, -22.6
1509, 16.5, -22.6
1510, 16.5, -22.6
1511, 16.5, -22.6
1512, 16.5, -22.6
1513, 16.5, -22.7
1514, 16.5, -22.7
1515, 16.5, -22.7
1516, 16.5, -22.7
1517, 16.5, -22.7
1518, 16.5, -22.7
1519, 16.5, -22.6
1520, 16.5, -22.6
1521, 16.5, -22.6
1522, 16.5, -22.6
1523, 16.5, -22.6
1524, 16.5, -22.6
1525, 16.5, -22.6
1526, 16.5, -22.6
1527, 16.5, -22.6
1528, 16.5, -22.7
1529, 16.5, -22.7
1530, 16.5, -22.7
1531, 16.5, -22.7
1532, 16.5, -22.7
1533, 16.5, -22.7
1534, 16.5, -22.7
1535, 16.5, -22.7
1536, 16.5, -22.7
1537, 16.5, -22.7
1538, 16.5, -22.7
1539, 16.5, -22.7
1540, 16.5, -22.7
1541, 16.5, -22.7
1542, 16.5, -22.7
1543, 16.5, -22.7
1544, 16.5, -22.7
1545, 16.5, -22.7
1546, 16.5, -22.7
1547, 16.5, -22.7
1548, 16.5, -22.7
1549, 16.5, -22.7
1550, 16.5, -22.7
1551, 16.5, -22.7
1552, 16.5, -22.7
1553, 16.5, -22.7
1554, 16.5, -22.7
1555, 16.5, -22.7
1556, 16.5, -22.7
1557, 16.5, -22.7
1558, 16.5, -22.7
1559, 16.5, -22.7
1560, 16.5, -22.7
1561, 16.5, -22.7
1562, 16.5, -22.7
1563, 16.5, -22.7
1564, 16.5, -22.7
1565, 16.5, -22.7
1566, 16.5, -22.7
1567, 16.5, -22.7
1568, 16.5, -22.7
1569, 16.5, -22.7
1570, 16.5, -22.7
1571, 16.5, -22.7
1572, 16.5, -22.7
1573, 16.5, -22.7
1574, 16.5, -22.7
1575, 16.5, -22.7
1576, 16.5, -22.7
1577, 16.5, -22.7
1578, 16.5, -22.7
1579, 16.5, -22.7
1580, 16.5, -22.6
1581, 16.5, -22.6
1582, 16.5, -22.6
1583, 16.5, -22.6
1584, 16.5, -22.6
1585, 16.5, -22.6
1586, 16.5, -22.6
1587, 16.5, -22.6
1588, 16.5, -22.6
1589, 16.5, -22.6
1590, 16.5, -22.6
1591, 16.5, -22.6
1592, 16.5, -22.6
1593, 16.5, -22.6
1594, 16.5, -22.6
1595, 16.5, -22.6
1596, 16.5, -22.6
1597, 16.5, -22.6
1598, 16.5, -22.6
1599, 16.5, -22.6
1600, 16.5, -22.6
1601, 16.5, -22.6
1602, 16.5, -22.6
1603, 16.5, -22.6
1604, 16.5, -22.6
1605, 16.5, -22.6
1606, 16.4, -22.6
1607, 16.4, -22.6
1608, 16.4, -22.6
1609, 16.4, -22.6
1610, 16.4, -22.6
1611, 16.4, -22.6
1612, 16.4, -22.6
1613, 16.4, -22.6
1614, 16.5, -22.6
1615, 16.5, -22.6
1616, 16.5, -22.6
1617, 16.5, -22.6
1618, 16.5, -22.6
1619, 16.5, -22.6
1620, 16.5, -22.6
1621, 16.5, -22.6
1622, 16.5, -22.7
1623, 16.5, -22.7
1624, 16.5, -22.7
1625, 16.5, -22.7
1626, 16.5, -22.7
1627, 16.5, -22.7
1628, 16.5, -22.7
1629, 16.5, -22.7
1630, 16.4, -22.7
1631, 16.4, -22.7
1632, 16.4, -22.7
1633, 16.4, -22.7
1634, 16.4, -22.7
1635, 16.4, -22.7
1636, 16.4, -22.7
1637, 16.4, -22.7
1638, 16.4, -22.7
1639, 16.4, -22.7
1640, 16.4, -22.7
1641, 16.4, -22.7
1642, 16.4, -22.7
1643, 16.4, -22.7
1644, 16.4, -22.7
1645, 16.4, -22.7
1646, 16.4, -22.7
1647, 16.4, -22.7
1648, 16.4, -22.7
1649, 16.4, -22.7
1650, 16.4, -22.7
1651, 16.4, -22.7
1652, 16.5, -22.7
1653, 16.5, -22.7
1654, 16.5, -22.6
1655, 16.5, -22.6
1656, 16.5, -22.6
1657, 16.5, -22.6
1658, 16.5, -22.6
1659, 16.5, -22.6
1660, 16.5, -22.6
1661, 16.5, -22.6
1662, 16.5, -22.6
1663, 16.5, -22.6
1664, 16.5, -22.7
1665, 16.5, -22.6
1666, 16.5, -22.6
1667, 16.5, -22.6
1668, 16.5, -22.6
1669, 16.5, -22.6
1670, 16.5, -22.6
1671, 16.5, -22.6
1672, 16.5, -22.6
1673, 16.5, -22.6
1674, 16.5, -22.6
1675, 16.5, -22.6
1676, 16.5, -22.6
1677, 16.5, -22.6
1678, 16.5, -22.6
1679, 16.5, -22.6
1680, 16.5, -22.6
1681, 16.5, -22.6
1682, 16.5, -22.6
1683, 16.5, -22.6
1684, 16.5, -22.6
1685, 16.5, -22.6
1686, 16.5, -22.6
1687, 16.5, -22.6
1688, 16.5, -22.6
1689, 16.5, -22.6
1690, 16.5, -22.6
1691, 16.5, -22.6
1692, 16.5, -22.6
1693, 16.5, -22.6
1694, 16.5, -22.6
1695, 16.5, -22.6
1696, 16.5, -22.6
1697, 16.5, -22.6
1698, 16.5, -22.6
1699, 16.5, -22.7
1700, 16.5, -22.7
1701, 16.5, -22.7
1702, 16.5, -22.7
1703, 16.5, -22.7
1704, 16.5, -22.7
1705, 16.5, -22.6
1706, 16.5, -22.6
1707, 16.5, -22.6
1708, 16.5, -22.6
1709, 16.5, -22.6
1710, 16.5, -22.6
1711, 16.5, -22.6
1712, 16.5, -22.6
1713, 16.5, -22.6
1714, 16.5, -22.6
1715, 16.4, -22.6
1716, 16.4, -22.6
1717, 16.4, -22.6
1718, 16.4, -22.6
1719, 16.4, -22.6
1720, 16.4, -22.6
1721, 16.4, -22.6
1722, 16.4, -22.6
1723, 16.4, -22.6
1724, 16.4, -22.6
1725, 16.4, -22.6
1726, 16.4, -22.6
1727, 16.4, -22.6
1728, 16.4, -22.6
1729, 16.4, -22.6
1730, 16.4, -22.6
1731, 16.4, -22.6
1732, 16.4, -22.6
1733, 16.4, -22.6
1734, 16.3, -22.6
1735, 16.4, -22.6
1736, 16.4, -22.6
1737, 16.4, -22.6
1738, 16.4, -22.6
1739, 16.3, -22.6
1740, 16.3, -22.6
1741, 16.3, -22.6
1742, 16.3, -22.6
1743, 16.3, -22.6
1744, 16.3, -22.6
1745, 16.3, -22.6
1746, 16.3, -22.6
1747, 16.3, -22.6
1748, 16.3, -22.6
1749, 16.3, -22.5
1750, 16.3, -22.5
1751, 16.3, -22.5
1752, 16.3, -22.5
1753, 16.3, -22.5
1754, 16.3, -22.5
1755, 16.3, -22.5
1756, 16.3, -22.5
1757, 16.3, -22.5
1758, 16.3, -22.5
1759, 16.3, -22.5
1760, 16.3, -22.5
1761, 16.3, -22.5
1762, 16.3, -22.5
1763, 16.3, -22.5
1764, 16.3, -22.5
1765, 16.4, -22.5
1766, 16.5, -22.5
1767, 16.5, -22.5
1768, 16.5, -22.5
1769, 16.6, -22.5
1770, 16.6, -22.5
1771, 16.6, -22.5
1772, 16.6, -22.6
1773, 16.6, -22.6
1774, 16.6, -22.6
1775, 16.6, -22.6
1776, 16.6, -22.6
1777, 16.6, -22.6
1778, 16.6, -22.6
1779, 16.6, -22.6
1780, 16.6, -22.6
1781, 16.6, -22.6
1782, 16.6, -22.6
1783, 16.6, -22.6
1784, 16.6, -22.6
1785, 16.6, -22.6
1786, 16.6, -22.6
1787, 16.6, -22.6
1788, 16.6, -22.6
1789, 16.6, -22.6
1790, 16.6, -22.6
1791, 16.6, -22.6
1792, 16.6, -22.6
1793, 16.6, -22.6
1794, 16.6, -22.6
1795, 16.6, -22.6
1796, 16.6, -22.6
1797, 16.6, -22.6
1798, 16.6, -22.6
1799, 16.6, -22.6
1800, 16.6, -22.6
1801, 16.6, -22.6
1802, 16.6, -22.6
1803, 16.5, -22.6
1804, 16.4, -22.6
1805, 16.4, -22.6
1806, 16.4, -22.7
1807, 16.4, -22.7
1808, 16.4, -22.7
1809, 16.4, -22.7
1810, 16.4, -22.7
1811, 16.4, -22.7
1812, 16.4, -22.7
1813, 16.4, -22.7
1814, 16.4, -22.7
1815, 16.4, -22.7
1816, 16.4, -22.7
1817, 16.4, -22.7
1818, 16.4, -22.7
1819, 16.4, -22.7
1820, 16.4, -22.7
1821, 16.4, -22.7
1822, 16.4, -22.7
1823, 16.5, -22.7
1824, 16.5, -22.7
1825, 16.5, -22.7
1826, 16.5, -22.7
1827, 16.4, -22.7
1828, 16.4, -22.7
1829, 16.4, -22.7
1830, 16.4, -22.7
1831, 16.4, -22.7
1832, 16.4, -22.7
1833, 16.4, -22.7
1834, 16.4, -22.7
1835, 16.4, -22.7
1836, 16.4, -22.7
1837, 16.4, -22.7
1838, 16.4, -22.7
1839, 16.4, -22.7
1840, 16.4, -22.7
1841, 16.4, -22.7
1842, 16.4, -22.7
1843, 16.4, -22.7
1844, 16.4, -22.7
1845, 16.4, -22.7
1846, 16.4, -22.7
1847, 16.4, -22.6
1848, 16.4, -22.6
1849, 16.4, -22.6
1850, 16.4, -22.6
1851, 16.4, -22.6
1852, 16.4, -22.6
1853, 16.4, -22.6
1854, 16.4, -22.5
1855, 16.4, -22.5
1856, 16.4, -22.5
1857, 16.4, -22.5
1858, 16.4, -22.5
1859, 16.4, -22.5
1860, 16.4, -22.5
1861, 16.4, -22.5
1862, 16.4, -22.5
1863, 16.4, -22.5
1864, 16.4, -22.5
1865, 16.4, -22.5
1866, 16.4, -22.5
1867, 16.4, -22.5
1868, 16.4, -22.5
1869, 16.4, -22.5
1870, 16.4, -22.6
1871, 16.4, -22.6
1872, 16.4, -22.7
1873, 16.5, -22.7
1874, 16.5, -22.7
1875, 16.5, -22.7
1876, 16.5, -22.7
1877, 16.5, -22.7
1878, 16.5, -22.7
1879, 16.5, -22.7
1880, 16.5, -22.7
1881, 16.5, -22.7
1882, 16.5, -22.6
1883, 16.5, -22.6
1884, 16.5, -22.6
1885, 16.5, -22.6
1886, 16.5, -22.6
1887, 16.5, -22.6
1888, 16.5, -22.6
1889, 16.5, -22.6
1890, 16.5, -22.6
1891, 16.5, -22.6
1892, 16.5, -22.6
1893, 16.5, -22.6
1894, 16.5, -22.6
1895, 16.5, -22.6
1896, 16.5, -22.6
1897, 16.5, -22.6
1898, 16.5, -22.6
1899, 16.5, -22.6
1900, 16.5, -22.6
1901, 16.5, -22.7
1902, 16.5, -22.7
1903, 16.5, -22.7
1904, 16.5, -22.7
1905, 16.5, -22.6
1906, 16.5, -22.6
1907, 16.5, -22.6
1908, 16.5, -22.6
1909, 16.5, -22.6
1910, 16.5, -22.6
1911, 16.5, -22.6
1912, 16.5, -22.6
1913, 16.5, -22.6
1914, 16.5, -22.6
1915, 16.5, -22.6
1916, 16.5, -22.6
1917, 16.5, -22.6
1918, 16.5, -22.6
1919, 16.5, -22.6
1920, 16.5, -22.6
1921, 16.5, -22.6
1922, 16.5, -22.6
1923, 16.5, -22.6
1924, 16.5, -22.6
1925, 16.5, -22.6
1926, 16.5, -22.6
1927, 16.4, -22.6
1928, 16.4, -22.6
1929, 16.4, -22.6
1930, 16.4, -22.6
1931, 16.4, -22.6
1932, 16.4, -22.7
1933, 16.4, -22.7
1934, 16.3, -22.7
1935, 16.3, -22.7
1936, 16.3, -22.7
1937, 16.3, -22.7
1938, 16.3, -22.7
1939, 16.3, -22.7
1940, 16.3, -22.7
1941, 16.3, -22.7
1942, 16.3, -22.7
1943, 16.3, -22.7
1944, 16.3, -22.7
1945, 16.3, -22.7
1946, 16.3, -22.7
1947, 16.3, -22.7
1948, 16.3, -22.7
1949, 16.3, -22.7
1950, 16.3, -22.7
1951, 16.3, -22.7
1952, 16.3, -22.7
1953, 16.3, -22.7
1954, 16.3, -22.7
1955, 16.3, -22.7
1956, 16.3, -22.7
1957, 16.4, -22.7
1958, 16.4, -22.7
1959, 16.5, -22.7
1960, 16.5, -22.7
1961, 16.5, -22.7
1962, 16.5, -22.7
1963, 16.5, -22.7
1964, 16.5, -22.7
1965, 16.5, -22.7
1966, 16.5, -22.7
1967, 16.5, -22.7
1968, 16.5, -22.7
1969, 16.5, -22.7
1970, 16.5, -22.7
1971, 16.6, -22.7
1972, 16.6, -22.7
1973, 16.6, -22.7
1974, 16.6, -22.7
1975, 16.6, -22.7
1976, 16.6, -22.7
1977, 16.6, -22.7
1978, 16.6, -22.7
1979, 16.6, -22.6
1980, 16.6, -22.6
1981, 16.6, -22.6
1982, 16.6, -22.6
1983, 16.6, -22.6
1984, 16.6, -22.6
1985, 16.6, -22.5
1986, 16.6, -22.5
1987, 16.6, -22.5
1988, 16.6, -22.5
1989, 16.6, -22.5
1990, 16.6, -22.5
1991, 16.6, -22.5
1992, 16.6, -22.6
1993, 16.6, -22.6
1994, 16.6, -22.6
1995, 16.6, -22.6
1996, 16.6, -22.6
1997, 16.5, -22.6
1998, 16.5, -22.6
1999, 16.5, -22.6
2000, 16.5, -22.6
2001, 16.5, -22.6
2002, 16.5, -22.6
2003, 16.5, -22.6
2004, 16.5, -22.6
2005, 16.5, -22.7
2006, 16.5, -22.7
2007, 16.5, -22.7
2008, 16.5, -22.7
2009, 16.5, -22.7
2010, 16.5, -22.7
2011, 16.5, -22.7
2012, 16.5, -22.7
2013, 16.5, -22.7
2014, 16.5, -22.7
2015, 16.5, -22.7
2016, 16.5, -22.7
2017, 16.5, -22.7
2018, 16.5, -22.7
2019, 16.5, -22.7
2020, 16.5, -22.7
2021, 16.5, -22.7
2022, 16.5, -22.7
2023, 16.4, -22.7
2024, 16.4, -22.7
2025, 16.4, -22.7
2026, 16.4, -22.7
2027, 16.4, -22.7
2028, 16.4, -22.7
2029, 16.4, -22.7
2030, 16.4, -22.7
2031, 16.4, -22.7
2032, 16.4, -22.7
2033, 16.4, -22.7
2034, 16.4, -22.7
2035, 16.4, -22.7
2036, 16.4, -22.7
2037, 16.4, -22.7
2038, 16.4, -22.7
2039, 16.4, -22.7
2040, 16.4, -22.7
2041, 16.5, -22.7
2042, 16.5, -22.7
2043, 16.5, -22.7
2044, 16.5, -22.7
2045, 16.5, -22.7
2046, 16.5, -22.7
2047, 16.5, -22.7
2048, 16.5, -22.7
2049, 16.5, -22.7
2050, 16.5, -22.7
2051, 16.5, -22.6
2052, 16.5, -22.6
2053, 16.5, -22.6
2054, 16.5, -22.6
2055, 16.5, -22.6
2056, 16.5, -22.6
2057, 16.5, -22.6
2058, 16.5, -22.6
2059, 16.5, -22.6
2060, 16.5, -22.6
2061, 16.5, -22.6
2062, 16.5, -22.6
2063, 16.5, -22.6
2064, 16.5, -22.6
2065, 16.5, -22.6
2066, 16.5, -22.6
2067, 16.5, -22.6
2068, 16.5, -22.5
2069, 16.5, -22.6
2070, 16.5, -22.6
2071, 16.5, -22.6
2072, 16.5, -22.6
2073, 16.5, -22.6
2074, 16.5, -22.6
2075, 16.5, -22.6
2076, 16.5, -22.6
2077, 16.5, -22.6
2078, 16.5, -22.6
2079, 16.5, -22.6
2080, 16.5, -22.7
2081, 16.5, -22.7
2082, 16.5, -22.7
2083, 16.5, -22.7
2084, 16.5, -22.7
2085, 16.5, -22.7
2086, 16.5, -22.7
2087, 16.5, -22.6
2088, 16.5, -22.6
2089, 16.5, -22.6
2090, 16.5, -22.6
2091, 16.5, -22.6
2092, 16.5, -22.6
2093, 16.5, -22.6
2094, 16.5, -22.6
2095, 16.5, -22.6
2096, 16.5, -22.6
2097, 16.5, -22.6
2098, 16.5, -22.5
2099, 16.4, -22.5
2100, 16.4, -22.5
2101, 16.4, -22.5
2102, 16.4, -22.5
2103, 16.4, -22.5
2104, 16.4, -22.5
2105, 16.4, -22.5
2106, 16.3, -22.5
2107, 16.3, -22.5
2108, 16.3, -22.5
2109, 16.3, -22.5
2110, 16.3, -22.5
2111, 16.3, -22.5
2112, 16.3, -22.5
2113, 16.3, -22.5
2114, 16.3, -22.5
2115, 16.3, -22.5
2116, 16.3, -22.5
2117, 16.3, -22.5
2118, 16.3, -22.5
2119, 16.3, -22.5
2120, 16.3, -22.5
2121, 16.3, -22.5
2122, 16.3, -22.5
2123, 16.3, -22.5
2124, 16.3, -22.5
2125, 16.3, -22.5
2126, 16.3, -22.5
2127, 16.4, -22.5
2128, 16.5, -22.5
2129, 16.5, -22.5
2130, 16.5, -22.5
2131, 16.5, -22.5
2132, 16.5, -22.5
2133, 16.5, -22.5
2134, 16.5, -22.5
2135, 16.5, -22.5
2136, 16.5, -22.5
2137, 16.5, -22.5
2138, 16.4, -22.5
2139, 16.4, -22.6
2140, 16.4, -22.6
2141, 16.4, -22.6
2142, 16.4, -22.6
2143, 16.4, -22.6
2144, 16.4, -22.6
2145, 16.4, -22.6
2146, 16.4, -22.6
2147, 16.4, -22.6
2148, 16.4, -22.6
2149, 16.4, -22.6
2150, 16.4, -22.6
2151, 16.4, -22.6
2152, 16.4, -22.6
2153, 16.4, -22.6
2154, 16.4, -22.7
2155, 16.4, -22.7
2156, 16.4, -22.7
2157, 16.4, -22.7
2158, 16.4, -22.7
2159, 16.4, -22.7
2160, 16.4, -22.7
2161, 16.4, -22.7
2162, 16.4, -22.7
2163, 16.4, -22.7
2164, 16.4, -22.7
2165, 16.4, -22.7
2166, 16.4, -22.7
2167, 16.4, -22.7
2168, 16.4, -22.7
2169, 16.4, -22.7
2170, 16.4, -22.7
2171, 16.4, -22.6
2172, 16.4, -22.6
2173, 16.4, -22.6
2174, 16.4, -22.6
2175, 16.4, -22.6
2176, 16.4, -22.7
2177, 16.4, -22.7
2178, 16.4, -22.7
2179, 16.4, -22.7
2180, 16.4, -22.7
2181, 16.4, -22.7
2182, 16.4, -22.7
2183, 16.4, -22.7
2184, 16.4, -22.7
2185, 16.4, -22.7
2186, 16.4, -22.7
2187, 16.4, -22.7
2188, 16.4, -22.7
2189, 16.4, -22.7
2190, 16.4, -22.7
2191, 16.4, -22.7
2192, 16.4, -22.7
2193, 16.4, -22.7
2194, 16.4, -22.7
2195, 16.4, -22.7
2196, 16.4, -22.6
2197, 16.4, -22.6
2198, 16.4, -22.6
2199, 16.4, -22.6
2200, 16.4, -22.6
2201, 16.4, -22.6
2202, 16.4, -22.6
2203, 16.4, -22.6
2204, 16.4, -22.6
2205, 16.4, -22.7
2206, 16.4, -22.7
2207, 16.4, -22.7
2208, 16.4, -22.7
2209, 16.4, -22.7
2210, 16.4, -22.7
2211, 16.4, -22.7
2212, 16.4, -22.7
2213, 16.4, -22.7
2214, 16.4, -22.7
2215, 16.4, -22.7
2216, 16.4, -22.7
2217, 16.4, -22.7
2218, 16.4, -22.7
2219, 16.4, -22.7
2220, 16.4, -22.7
2221, 16.4, -22.7
2222, 16.4, -22.7
2223, 16.4, -22.7
2224, 16.4, -22.7
2225, 16.4, -22.7
2226, 16.4, -22.7
2227, 16.4, -22.7
2228, 16.4, -22.7
2229, 16.4, -22.7
2230, 16.4, -22.7
2231, 16.4, -22.7
2232, 16.4, -22.7
2233, 16.4, -22.7
2234, 16.4, -22.7
2235, 16.4, -22.7
2236, 16.4, -22.7
2237, 16.4, -22.7
2238, 16.4, -22.7
2239, 16.4, -22.7
2240, 16.4, -22.7
2241, 16.4, -22.7
2242, 16.4, -22.7
2243, 16.4, -22.7
2244, 16.5, -22.7
2245, 16.5, -22.7
2246, 16.5, -22.7
2247, 16.5, -22.7
2248, 16.5, -22.7
2249, 16.5, -22.7
2250, 16.5, -22.7
2251, 16.5, -22.7
2252, 16.5, -22.7
2253, 16.5, -22.7
2254, 16.5, -22.7
2255, 16.5, -22.7
2256, 16.5, -22.7
2257, 16.5, -22.7
2258, 16.5, -22.7
2259, 16.5, -22.7
2260, 16.5, -22.7
2261, 16.5, -22.7
2262, 16.5, -22.7
2263, 16.5, -22.7
2264, 16.5, -22.7
2265, 16.5, -22.7
2266, 16.5, -22.7
2267, 16.5, -22.7
2268, 16.5, -22.7
2269, 16.5, -22.7
2270, 16.5, -22.7
2271, 16.4, -22.7
2272, 16.4, -22.7
2273, 16.4, -22.7
2274, 16.4, -22.7
2275, 16.4, -22.7
2276, 16.4, -22.7
2277, 16.4, -22.7
2278, 16.4, -22.7
2279, 16.4, -22.7
2280, 16.4, -22.7
2281, 16.4, -22.7
2282, 16.4, -22.7
2283, 16.4, -22.7
2284, 16.4, -22.7
2285, 16.4, -22.7
2286, 16.4, -22.7
2287, 16.4, -22.7
2288, 16.4, -22.7
2289, 16.4, -22.7
2290, 16.4, -22.7
2291, 16.4, -22.7
2292, 16.4, -22.7
2293, 16.4, -22.7
2294, 16.4, -22.7
2295, 16.4, -22.7
2296, 16.4, -22.7
2297, 16.4, -22.7
2298, 16.4, -22.7
2299, 16.4, -22.7
2300, 16.4, -22.7
2301, 16.4, -22.7
2302, 16.5, -22.7
2303, 16.5, -22.7
2304, 16.5, -22.6
2305, 16.5, -22.6
2306, 16.5, -22.6
2307, 16.5, -22.6
2308, 16.5, -22.6
2309, 16.5, -22.6
2310, 16.5, -22.6
2311, 16.5, -22.6
2312, 16.5, -22.6
2313, 16.5, -22.6
2314, 16.5, -22.6
2315, 16.5, -22.6
2316, 16.5, -22.6
2317, 16.5, -22.6
2318, 16.5, -22.6
2319, 16.5, -22.6
2320, 16.4, -22.6
2321, 16.4, -22.6
2322, 16.4, -22.6
2323, 16.5, -22.6
2324, 16.5, -22.6
2325, 16.5, -22.6
2326, 16.5, -22.6
2327, 16.5, -22.6
2328, 16.5, -22.5
2329, 16.5, -22.5
2330, 16.5, -22.5
2331, 16.5, -22.5
2332, 16.5, -22.5
2333, 16.5, -22.5
2334, 16.5, -22.5
2335, 16.5, -22.5
2336, 16.5, -22.5
2337, 16.5, -22.5
2338, 16.5, -22.5
2339, 16.5, -22.5
2340, 16.5, -22.5
2341, 0.0, -22.5
2342, 0.0, -22.5
2343, 0.0, 0.0
2344, 0.0, 0.0
2345, 0.0, 0.0
2346, 0.0, 0.0
2347, 0.0, 0.0
2348, 0.0, -0.10000000000000142
2349, 0.0, -0.10000000000000142
2350, 0.0, -0.10000000000000142
2351, 0.0, -0.10000000000000142
2352, 0.10000000000000142, -0.10000000000000142
2353, 0.10000000000000142, -0.10000000000000142
2354, 0.10000000000000142, -0.10000000000000142
2355, 0.10000000000000142, -0.10000000000000142
2356, 0.10000000000000142, -0.10000000000000142
2357, 0.10000000000000142, -0.10000000000000142
2358, 0.10000000000000142, -0.10000000000000142
2359, 0.10000000000000142, -0.10000000000000142
2360, 0.10000000000000142, -0.10000000000000142
2361, 0.10000000000000142, -0.10000000000000142
2362, 0.10000000000000142, -0.10000000000000142
2363, 0.10000000000000142, -0.10000000000000142
2364, 0.10000000000000142, -0.10000000000000142
2365, 0.10000000000000142, -0.10000000000000142
2366, 0.10000000000000142, -0.10000000000000142
2367, 0.10000000000000142, -0.1999999999999993
2368, 0.0, -0.1999999999999993
2369, 0.0, -0.1999999999999993
2370, 0.0, -0.1999999999999993
2371, 0.0, -0.1999999999999993
2372, 0.0, -0.1999999999999993
2373, 0.0, -0.1999999999999993
2374, 0.0, -0.1999999999999993
2375, 0.0, -0.1999999999999993
2376, 0.0, -0.1999999999999993
2377, 0.0, -0.1999999999999993
2378, 0.0, -0.1999999999999993
2379, 0.0, -0.1999999999999993
2380, 0.0, -0.1999999999999993
2381, 0.0, -0.1999999999999993
2382, 0.0, -0.1999999999999993
2383, 0.0, -0.1999999999999993
2384, 0.0, -0.1999999999999993
2385, 0.0, -0.1999999999999993
2386, 0.0, -0.1999999999999993
2387, 0.0, -0.1999999999999993
2388, 0.0, -0.1999999999999993
2389, 0.0, -0.1999999999999993
2390, 0.0, -0.1999999999999993
2391, 0.0, -0.1999999999999993
2392, 0.0, -0.10000000000000142
2393, 0.0, -0.10000000000000142
2394, 0.0, -0.10000000000000142
2395, 0.0, -0.10000000000000142
2396, 0.0, -0.10000000000000142
2397, 0.0, -0.10000000000000142
2398, 0.0, -0.10000000000000142
2399, 0.0, -0.10000000000000142
2400, 0.0, -0.10000000000000142
2401, 0.0, -0.10000000000000142
2402, 0.10000000000000142, -0.10000000000000142
2403, 0.10000000000000142, -0.10000000000000142
2404, 0.10000000000000142, -0.10000000000000142
2405, 0.10000000000000142, -0.10000000000000142
2406, 0.10000000000000142, -0.10000000000000142
2407, 0.10000000000000142, -0.10000000000000142
2408, 0.10000000000000142, -0.10000000000000142
2409, 0.10000000000000142, -0.10000000000000142
2410, 0.10000000000000142, -0.10000000000000142
2411, 0.10000000000000142, -0.10000000000000142
2412, 0.10000000000000142, -0.10000000000000142
2413, 0.10000000000000142, -0.10000000000000142
2414, 0.10000000000000142, 0.0
2415, 0.10000000000000142, 0.0
2416, 0.10000000000000142, 0.0
2417, 0.10000000000000142, 0.0
2418, 0.10000000000000142, 0.0
2419, 0.0, 0.0
2420, 0.0, 0.0
2421, 0.0, -0.10000000000000142
2422, 0.0, -0.10000000000000142
2423, 0.0, -0.10000000000000142
2424, 0.0, -0.10000000000000142
2425, 0.0, -0.10000000000000142
2426, 0.0, -0.10000000000000142
2427, 0.0, -0.10000000000000142
2428, 0.0, -0.1999999999999993
2429, 0.0, -0.1999999999999993
2430, 0.0, -0.1999999999999993
2431, 0.0, -0.1999999999999993
2432, 0.0, -0.1999999999999993
2433, 0.0, -0.1999999999999993
2434, 0.0, -0.1999999999999993
2435, 0.0, -0.1999999999999993
2436, 0.0, -0.1999999999999993
2437, 0.0, -0.1999999999999993
2438, 0.0, -0.1999999999999993
2439, 0.0, -0.1999999999999993
2440, 0.0, -0.1999999999999993
2441, 0.0, -0.1999999999999993
2442, 0.0, -0.1999999999999993
2443, 0.0, -0.1999999999999993
2444, 0.0, -0.1999999999999993
2445, 0.0, -0.1999999999999993
2446, 0.0, -0.1999999999999993
2447, 0.0, -0.1999999999999993
2448, 0.0, -0.1999999999999993
2449, 0.0, -0.1999999999999993
2450, 0.0, -0.1999999999999993
2451, 0.0, -0.1999999999999993
2452, 0.0, -0.1999999999999993
2453, 0.0, -0.1999999999999993
2454, 0.0, -0.1999999999999993
2455, 0.0, -0.1999999999999993
2456, 0.0, -0.1999999999999993
2457, 0.0, -0.10000000000000142
2458, 0.0, -0.10000000000000142
2459, 0.0, -0.10000000000000142
2460, 0.0, -0.10000000000000142
2461, 0.0, -0.10000000000000142
2462, 0.10000000000000142, -0.10000000000000142
2463, 0.10000000000000142, -0.10000000000000142
2464, 0.10000000000000142, -0.10000000000000142
2465, 0.10000000000000142, -0.10000000000000142
2466, 0.10000000000000142, -0.10000000000000142
2467, 0.10000000000000142, -0.10000000000000142
2468, 0.10000000000000142, -0.10000000000000142
2469, 0.10000000000000142, -0.10000000000000142
2470, 0.10000000000000142, -0.10000000000000142
2471, 0.10000000000000142, -0.10000000000000142
2472, 0.0, -0.10000000000000142
2473, 0.0, -0.10000000000000142
2474, 0.0, 0.0
2475, 0.0, 0.0
2476, 0.0, 0.0
2477, 0.0, 0.0
2478, 0.0, 0.0
2479, 0.0, 0.0
2480, 0.0, 0.0
2481, 0.0, 0.0
2482, 0.0, 0.0
2483, 0.0, 0.0
2484, 0.0, 0.0
2485, 0.0, 0.0
2486, 0.0, 0.0
2487, 0.0, 0.0
2488, 0.0, 0.0
2489, 0.0, 0.0
2490, 0.0, 0.0
2491, 0.0, 0.0
2492, -0.10000000000000142, 0.0
2493, -0.10000000000000142, -0.10000000000000142
2494, -0.10000000000000142, -0.10000000000000142
2495, -0.10000000000000142, -0.10000000000000142
2496, -0.10000000000000142, -0.10000000000000142
2497, -0.10000000000000142, -0.10000000000000142
2498, -0.10000000000000142, -0.1999999999999993
2499, -0.10000000000000142, -0.1999999999999993
2500, -0.10000000000000142, -0.1999999999999993
2501, -0.10000000000000142, -0.1999999999999993
2502, -0.10000000000000142, -0.1999999999999993
2503, -0.10000000000000142, -0.1999999999999993
2504, -0.10000000000000142, -0.1999999999999993
2505, -0.10000000000000142, -0.1999999999999993
2506, -0.10000000000000142, -0.1999999999999993
2507, -0.10000000000000142, -0.1999999999999993
2508, -0.10000000000000142, -0.1999999999999993
2509, -0.10000000000000142, -0.1999999999999993
2510, -0.10000000000000142, -0.1999999999999993
2511, -0.10000000000000142, -0.1999999999999993
2512, -0.10000000000000142, -0.1999999999999993
2513, -0.10000000000000142, -0.1999999999999993
2514, -0.10000000000000142, -0.1999999999999993
2515, -0.10000000000000142, -0.1999999999999993
2516, -0.10000000000000142, -0.1999999999999993
2517, -0.10000000000000142, -0.10000000000000142
2518, -0.10000000000000142, -0.10000000000000142
2519, -0.10000000000000142, -0.10000000000000142
2520, -0.10000000000000142, -0.10000000000000142
2521, -0.10000000000000142, -0.10000000000000142
2522, -0.10000000000000142, -0.10000000000000142
2523, -0.10000000000000142, -0.10000000000000142
2524, -0.10000000000000142, -0.10000000000000142
2525, -0.10000000000000142, -0.10000000000000142
2526, -0.10000000000000142, -0.10000000000000142
2527, -0.10000000000000142, -0.10000000000000142
2528, -0.10000000000000142, -0.10000000000000142
2529, -0.10000000000000142, -0.10000000000000142
2530, -0.10000000000000142, -0.10000000000000142
2531, -0.10000000000000142, -0.10000000000000142
2532, -0.10000000000000142, -0.10000000000000142
2533, -0.1999999999999993, -0.10000000000000142
2534, -0.1999999999999993, -0.10000000000000142
2535, -0.1999999999999993, -0.10000000000000142
2536, -0.1999999999999993, -0.10000000000000142
2537, -0.1999999999999993, -0.10000000000000142
2538, -0.1999999999999993, -0.10000000000000142
2539, -0.1999999999999993, -0.10000000000000142
2540, -0.1999999999999993, -0.10000000000000142
2541, -0.1999999999999993, -0.10000000000000142
2542, -0.1999999999999993, -0.10000000000000142
2543, -0.1999999999999993, -0.10000000000000142
2544, -0.1999999999999993, -0.10000000000000142
2545, -0.1999999999999993, -0.10000000000000142
2546, -0.1999999999999993, -0.10000000000000142
2547, -0.1999999999999993, -0.10000000000000142
2548, -0.1999999999999993, -0.10000000000000142
2549, -0.1999999999999993, -0.10000000000000142
2550, -0.1999999999999993, -0.10000000000000142
2551, -0.1999999999999993, -0.10000000000000142
2552, -0.1999999999999993, -0.10000000000000142
2553, -0.1999999999999993, -0.10000000000000142
2554, -0.1999999999999993, -0.10000000000000142
2555, -0.10000000000000142, -0.10000000000000142
2556, -0.10000000000000142, -0.10000000000000142
2557, -0.10000000000000142, -0.10000000000000142
2558, -0.10000000000000142, -0.10000000000000142
2559, -0.10000000000000142, -0.1999999999999993
2560, -0.10000000000000142, -0.1999999999999993
2561, -0.10000000000000142, -0.1999999999999993
2562, -0.10000000000000142, -0.1999999999999993
2563, 0.0, -0.1999999999999993
2564, 0.0, -0.1999999999999993
2565, 0.0, -0.1999999999999993
2566, 0.0, -0.1999999999999993
2567, 0.0, -0.1999999999999993
2568, 0.0, -0.1999999999999993
2569, 0.0, -0.1999999999999993
2570, 0.0, -0.1999999999999993
2571, 0.0, -0.1999999999999993
2572, 0.0, -0.1999999999999993
2573, 0.0, -0.1999999999999993
2574, 0.0, -0.1999999999999993
2575, 0.0, -0.1999999999999993
2576, 0.0, -0.1999999999999993
2577, 0.0, -0.1999999999999993
2578, 0.0, -0.1999999999999993
2579, 0.0, -0.1999999999999993
2580, 0.0, -0.1999999999999993
2581, 0.0, -0.1999999999999993
2582, 0.10000000000000142, -0.1999999999999993
2583, 0.10000000000000142, -0.10000000000000142
2584, 0.10000000000000142, -0.10000000000000142
2585, 0.10000000000000142, -0.10000000000000142
2586, 0.0, -0.10000000000000142
2587, 0.0, -0.10000000000000142
2588, 0.0, -0.10000000000000142
2589, 0.0, -0.10000000000000142
2590, 0.0, -0.10000000000000142
2591, 0.0, -0.10000000000000142
2592, 0.0, -0.10000000000000142
2593, 0.0, -0.10000000000000142
2594, 0.0, -0.10000000000000142
2595, 0.0, -0.10000000000000142
2596, 0.0, -0.10000000000000142
2597, 0.0, -0.10000000000000142
2598, 0.0, -0.10000000000000142
2599, 0.0, -0.10000000000000142
2600, 0.0, -0.10000000000000142
2601, 0.0, -0.10000000000000142
2602, 0.0, -0.10000000000000142
2603, 0.0, -0.10000000000000142
2604, 0.0, -0.10000000000000142
2605, 0.0, -0.10000000000000142
2606, 0.0, -0.10000000000000142
2607, 0.0, -0.10000000000000142
2608, 0.0, -0.10000000000000142
2609, 0.0, -0.10000000000000142
2610, 0.0, -0.10000000000000142
2611, 0.0, 0.0
2612, 0.0, 0.0
2613, 0.10000000000000142, 0.0
2614, 0.10000000000000142, 0.0
2615, 0.10000000000000142, 0.0
2616, 0.10000000000000142, 0.0
2617, 0.10000000000000142, 0.0
2618, 0.10000000000000142, -0.10000000000000142
2619, 0.10000000000000142, -0.10000000000000142
2620, 0.10000000000000142, -0.10000000000000142
2621, 0.10000000000000142, -0.10000000000000142
2622, 0.10000000000000142, -0.10000000000000142
2623, 0.10000000000000142, -0.10000000000000142
2624, 0.10000000000000142, -0.10000000000000142
2625, 0.10000000000000142, -0.10000000000000142
2626, 0.0, -0.10000000000000142
2627, 0.0, -0.10000000000000142
2628, -0.10000000000000142, -0.10000000000000142
2629, -0.10000000000000142, -0.10000000000000142
2630, -0.10000000000000142, -0.10000000000000142
2631, -0.10000000000000142, -0.10000000000000142
2632, -0.10000000000000142, -0.10000000000000142
2633, -0.10000000000000142, -0.10000000000000142
2634, -0.10000000000000142, -0.10000000000000142
2635, -0.10000000000000142, -0.10000000000000142
2636, -0.10000000000000142, -0.10000000000000142
2637, -0.10000000000000142, -0.10000000000000142
2638, -0.10000000000000142, -0.10000000000000142
2639, -0.10000000000000142, -0.10000000000000142
2640, -0.10000000000000142, -0.10000000000000142
2641, -0.10000000000000142, -0.10000000000000142
2642, -0.10000000000000142, -0.10000000000000142
2643, -0.10000000000000142, -0.10000000000000142
2644, -0.10000000000000142, -0.10000000000000142
2645, -0.10000000000000142, -0.10000000000000142
2646, -0.10000000000000142, -0.1999999999999993
2647, -0.10000000000000142, -0.1999999999999993
2648, -0.10000000000000142, -0.1999999999999993
2649, -0.10000000000000142, -0.1999999999999993
2650, -0.10000000000000142, -0.1999999999999993
2651, -0.10000000000000142, -0.1999999999999993
2652, -0.10000000000000142, -0.10000000000000142
2653, -0.10000000000000142, -0.10000000000000142
2654, -0.10000000000000142, -0.10000000000000142
2655, 0.0, -0.10000000000000142
2656, 0.0, -0.10000000000000142
2657, 0.0, -0.10000000000000142
2658, 0.0, -0.10000000000000142
2659, 0.0, -0.10000000000000142
2660, 0.0, -0.10000000000000142
2661, 0.0, -0.10000000000000142
2662, 0.0, -0.10000000000000142
2663, 0.0, -0.10000000000000142
2664, 0.0, -0.1999999999999993
2665, 0.0, -0.1999999999999993
2666, 0.0, -0.1999999999999993
2667, 0.0, -0.1999999999999993
2668, 0.0, -0.1999999999999993
2669, 0.0, -0.1999999999999993
2670, 0.0, -0.1999999999999993
2671, 0.0, -0.1999999999999993
2672, 0.0, -0.1999999999999993
2673, 0.0, -0.1999999999999993
2674, 0.0, -0.1999999999999993
2675, 0.0, -0.1999999999999993
2676, 0.0, -0.1999999999999993
2677, 0.0, -0.1999999999999993
2678, 0.0, -0.1999999999999993
2679, 0.0, -0.1999999999999993
2680, 0.0, -0.10000000000000142
2681, 0.0, -0.10000000000000142
2682, 0.0, -0.10000000000000142
2683, 0.0, -0.10000000000000142
2684, 0.0, -0.10000000000000142
2685, 0.0, -0.10000000000000142
2686, 0.0, -0.10000000000000142
2687, 0.0, -0.10000000000000142
2688, 0.0, -0.10000000000000142
2689, 0.0, -0.10000000000000142
2690, 0.0, -0.10000000000000142
2691, 0.0, -0.10000000000000142
2692, 0.0, -0.10000000000000142
2693, 0.0, -0.10000000000000142
2694, 0.0, -0.10000000000000142
2695, 0.0, -0.10000000000000142
2696, 0.0, -0.10000000000000142
2697, 0.0, -0.10000000000000142
2698, 0.0, -0.1999999999999993
2699, 0.0, -0.1999999999999993
2700, 0.0, -0.1999999999999993
2701, 0.0, -0.1999999999999993
2702, 0.0, -0.1999999999999993
2703, 0.0, -0.1999999999999993
2704, 0.0, -0.10000000000000142
2705, 0.0, -0.10000000000000142
2706, 0.0, -0.10000000000000142
2707, 0.0, -0.10000000000000142
2708, 0.0, -0.10000000000000142
2709, 0.0, -0.10000000000000142
2710, 0.0, -0.10000000000000142
2711, 0.0, -0.1999999999999993
2712, 0.0, -0.1999999999999993
2713, 0.0, -0.1999999999999993
2714, 0.0, -0.1999999999999993
2715, 0.0, -0.1999999999999993
2716, 0.0, -0.1999999999999993
2717, 0.0, -0.1999999999999993
2718, 0.0, -0.1999999999999993
2719, 0.0, -0.1999999999999993
2720, 0.0, -0.1999999999999993
2721, 0.0, -0.1999999999999993
2722, 0.0, -0.1999999999999993
2723, 0.0, -0.1999999999999993
2724, 0.0, -0.1999999999999993
2725, 0.0, -0.10000000000000142
2726, 0.0, -0.10000000000000142
2727, 0.0, -0.10000000000000142
2728, 0.0, -0.10000000000000142
2729, 0.0, -0.10000000000000142
2730, 0.0, -0.10000000000000142
2731, 0.0, -0.10000000000000142
2732, 0.0, -0.10000000000000142
2733, 0.0, -0.10000000000000142
2734, 0.0, -0.1999999999999993
2735, 0.0, -0.1999999999999993
2736, 0.0, -0.1999999999999993
2737, 0.0, -0.1999999999999993
2738, 0.0, -0.10000000000000142
2739, 0.0, -0.10000000000000142
2740, 0.0, -0.10000000000000142
2741, 0.0, -0.10000000000000142
2742, 0.0, -0.10000000000000142
2743, 0.0, -0.10000000000000142
2744, 0.0, -0.1999999999999993
2745, 0.0, -0.1999999999999993
2746, 0.0, -0.1999999999999993
2747, 0.0, -0.1999999999999993
2748, 0.0, -0.10000000000000142
2749, 0.0, -0.10000000000000142
2750, 0.0, -0.10000000000000142
2751, 0.0, -0.10000000000000142
2752, 0.0, -0.10000000000000142
2753, 0.0, -0.10000000000000142
2754, 0.0, -0.10000000000000142
2755, 0.0, -0.10000000000000142
2756, 0.0, -0.10000000000000142
2757, 0.0, -0.1999999999999993
2758, 0.0, -0.1999999999999993
2759, 0.0, -0.1999999999999993
2760, 0.0, -0.1999999999999993
2761, 0.0, -0.1999999999999993
2762, 0.0, -0.1999999999999993
2763, 0.0, -0.10000000000000142
2764, 0.0, -0.10000000000000142
2765, 0.0, -0.10000000000000142
2766, 0.0, -0.10000000000000142
2767, 0.0, -0.10000000000000142
2768, 0.0, -0.10000000000000142
2769, 0.0, -0.10000000000000142
2770, 0.0, -0.10000000000000142
2771, 0.0, -0.10000000000000142
2772, 0.0, -0.10000000000000142
2773, 0.0, -0.10000000000000142
2774, -0.1999999999999993, -0.10000000000000142
2775, -0.1999999999999993, -0.10000000000000142
2776, -0.1999999999999993, -0.10000000000000142
2777, -0.1999999999999993, -0.10000000000000142
2778, -0.1999999999999993, -0.10000000000000142
2779, -0.1999999999999993, -0.10000000000000142
2780, -0.1999999999999993, -0.10000000000000142
2781, -0.1999999999999993, -0.10000000000000142
2782, -0.1999999999999993, -0.10000000000000142
2783, -0.1999999999999993, -0.10000000000000142
2784, -0.1999999999999993, -0.1999999999999993
2785, -0.1999999999999993, -0.1999999999999993
2786, -0.1999999999999993, -0.1999999999999993
2787, -0.1999999999999993, -0.1999999999999993
2788, -0.1999999999999993, -0.1999999999999993
2789, -0.1999999999999993, -0.1999999999999993
2790, -0.1999999999999993, -0.1999999999999993
2791, -0.1999999999999993, -0.1999999999999993
2792, -0.1999999999999993, -0.1999999999999993
2793, 0.0, -0.1999999999999993
2794, 0.0, -0.1999999999999993
2795, 0.0, -0.1999999999999993
2796, 0.0, -0.1999999999999993
2797, 0.0, -0.1999999999999993
2798, 0.0, -0.1999999999999993
2799, 0.0, -0.1999999999999993
2800, 0.0, -0.1999999999999993
2801, 0.0, -0.1999999999999993
2802, 0.0, -0.1999999999999993
2803, 0.0, -0.1999999999999993
2804, 0.0, -0.1999999999999993
2805, 0.0, -0.1999999999999993
2806, 0.0, -0.1999999999999993
2807, 0.0, -0.1999999999999993
2808, 0.0, -0.1999999999999993
2809, 0.0, -0.1999999999999993
2810, 0.0, -0.1999999999999993
2811, 0.0, -0.1999999999999993
2812, 0.0, -0.1999999999999993
2813, 0.0, -0.1999999999999993
2814, 0.0, -0.10000000000000142
2815, 0.0, -0.10000000000000142
2816, 0.0, -0.10000000000000142
2817, 0.0, -0.10000000000000142
2818, 0.0, -0.10000000000000142
2819, 0.0, -0.10000000000000142
2820, 0.0, -0.10000000000000142
2821, 0.0, -0.10000000000000142
2822, 0.0, -0.10000000000000142
2823, 0.0, -0.1999999999999993
2824, 0.0, -0.1999999999999993
2825, 0.0, -0.1999999999999993
2826, 0.0, -0.1999999999999993
2827, 0.0, -0.1999999999999993
2828, 0.0, -0.1999999999999993
2829, 0.0, -0.1999999999999993
2830, 0.0, -0.1999999999999993
2831, 0.0, -0.1999999999999993
2832, 0.0, -0.1999999999999993
2833, 0.0, -0.1999999999999993
2834, 0.0, -0.1999999999999993
2835, 0.0, -0.1999999999999993
2836, 0.0, -0.1999999999999993
2837, 0.0, -0.1999999999999993
2838, 0.0, -0.1999999999999993
2839, 0.0, -0.1999999999999993
2840, 0.0, -0.1999999999999993
2841, 0.0, -0.10000000000000142
2842, 0.0, -0.10000000000000142
2843, 0.0, -0.10000000000000142
2844, 0.0, -0.10000000000000142
2845, 0.0, -0.10000000000000142
2846, -0.10000000000000142, -0.10000000000000142
2847, -0.10000000000000142, -0.10000000000000142
2848, -0.10000000000000142, -0.10000000000000142
2849, -0.10000000000000142, -0.10000000000000142
2850, -0.10000000000000142, -0.10000000000000142
2851, -0.10000000000000142, -0.10000000000000142
2852, -0.10000000000000142, -0.10000000000000142
2853, -0.10000000000000142, -0.10000000000000142
2854, -0.10000000000000142, -0.10000000000000142
2855, -0.10000000000000142, -0.10000000000000142
2856, -0.10000000000000142, -0.10000000000000142
2857, -0.10000000000000142, -0.10000000000000142
2858, -0.10000000000000142, -0.10000000000000142
2859, -0.10000000000000142, -0.1999999999999993
2860, -0.10000000000000142, -0.1999999999999993
2861, -0.10000000000000142, -0.1999999999999993
2862, -0.10000000000000142, -0.1999999999999993
2863, -0.10000000000000142, -0.1999999999999993
2864, -0.10000000000000142, -0.1999999999999993
2865, -0.10000000000000142, -0.1999999999999993
2866, -0.10000000000000142, -0.1999999999999993
2867, 0.0, -0.1999999999999993
2868, 0.0, -0.10000000000000142
2869, 0.0, -0.10000000000000142
2870, 0.0, -0.10000000000000142
2871, 0.0, -0.10000000000000142
2872, 0.0, -0.10000000000000142
2873, 0.0, -0.10000000000000142
2874, -0.10000000000000142, -0.1999999999999993
2875, -0.10000000000000142, -0.1999999999999993
2876, -0.10000000000000142, -0.1999999999999993
2877, -0.10000000000000142, -0.1999999999999993
2878, -0.10000000000000142, -0.1999999999999993
2879, -0.10000000000000142, -0.1999999999999993
2880, -0.10000000000000142, -0.1999999999999993
2881, -0.10000000000000142, -0.1999999999999993
2882, -0.10000000000000142, -0.1999999999999993
2883, -0.10000000000000142, -0.1999999999999993
2884, -0.10000000000000142, -0.1999999999999993
2885, -0.10000000000000142, -0.1999999999999993
2886, -0.10000000000000142, -0.1999999999999993
2887, -0.10000000000000142, -0.1999999999999993
2888, -0.10000000000000142, -0.1999999999999993
2889, -0.10000000000000142, -0.1999999999999993
2890, -0.10000000000000142, -0.1999999999999993
2891, -0.10000000000000142, -0.1999999999999993
2892, -0.10000000000000142, -0.1999999999999993
2893, -0.10000000000000142, -0.1999999999999993
2894, -0.10000000000000142, -0.1999999999999993
2895, -0.10000000000000142, -0.1999999999999993
2896, -0.10000000000000142, -0.1999999999999993
2897, -0.10000000000000142, -0.1999999999999993
2898, -0.10000000000000142, -0.1999999999999993
2899, -0.10000000000000142, -0.1999999999999993
2900, -0.10000000000000142, -0.1999999999999993
2901, -0.10000000000000142, -0.1999999999999993
2902, -0.10000000000000142, -0.1999999999999993
2903, -0.10000000000000142, -0.1999999999999993
2904, -0.10000000000000142, -0.1999999999999993
2905, -0.1999999999999993, -0.1999999999999993
2906, -0.1999999999999993, -0.1999999999999993
2907, -0.1999999999999993, -0.1999999999999993
2908, -0.1999999999999993, -0.1999999999999993
2909, -0.1999999999999993, -0.1999999999999993
2910, -0.1999999999999993, -0.1999999999999993
2911, -0.1999999999999993, -0.10000000000000142
2912, -0.1999999999999993, -0.10000000000000142
2913, -0.1999999999999993, -0.10000000000000142
2914, -0.10000000000000142, -0.10000000000000142
2915, -0.10000000000000142, -0.10000000000000142
2916, -0.10000000000000142, -0.10000000000000142
2917, -0.10000000000000142, -0.10000000000000142
2918, -0.10000000000000142, -0.10000000000000142
2919, -0.10000000000000142, -0.10000000000000142
2920, -0.10000000000000142, -0.10000000000000142
2921, -0.10000000000000142, -0.10000000000000142
2922, -0.10000000000000142, -0.10000000000000142
2923, -0.10000000000000142, -0.10000000000000142
2924, -0.10000000000000142, -0.10000000000000142
2925, -0.10000000000000142, -0.10000000000000142
2926, -0.10000000000000142, -0.10000000000000142
2927, -0.10000000000000142, -0.1999999999999993
2928, -0.10000000000000142, -0.1999999999999993
2929, -0.10000000000000142, -0.1999999999999993
2930, -0.10000000000000142, -0.1999999999999993
2931, -0.10000000000000142, -0.1999999999999993
2932, -0.10000000000000142, -0.1999999999999993
2933, 0.0, -0.1999999999999993
2934, 0.0, -0.1999999999999993
2935, 0.0, -0.1999999999999993
2936, 0.0, -0.1999999999999993
2937, 0.0, -0.1999999999999993
2938, 0.0, -0.1999999999999993
2939, 0.0, -0.1999999999999993
2940, 0.0, -0.1999999999999993
2941, 0.0, -0.1999999999999993
2942, 0.0, -0.1999999999999993
2943, 0.0, -0.1999999999999993
2944, 0.0, -0.1999999999999993
2945, 0.0, -0.1999999999999993
2946, 0.0, -0.1999999999999993
2947, 0.0, -0.1999999999999993
2948, 0.0, -0.1999999999999993
2949, 0.0, -0.1999999999999993
2950, 0.0, -0.1999999999999993
2951, 0.0, -0.1999999999999993
2952, 0.0, -0.1999999999999993
2953, 0.0, -0.1999999999999993
2954, 0.0, -0.10000000000000142
2955, 0.0, -0.10000000000000142
2956, 0.0, -0.10000000000000142
2957, 0.0, -0.10000000000000142
2958, 0.0, -0.10000000000000142
2959, 0.0, -0.10000000000000142
2960, 0.0, -0.10000000000000142
2961, 0.0, -0.10000000000000142
2962, 0.0, -0.10000000000000142
2963, 0.0, -0.10000000000000142
2964, 0.0, -0.10000000000000142
2965, 0.0, -0.10000000000000142
2966, 0.0, -0.10000000000000142
2967, 0.0, -0.10000000000000142
2968, 0.0, -0.10000000000000142
2969, 0.0, -0.10000000000000142
2970, 0.0, -0.10000000000000142
2971, 0.0, -0.10000000000000142
2972, 0.0, -0.10000000000000142
2973, 0.0, -0.10000000000000142
2974, 0.0, -0.10000000000000142
2975, 0.0, -0.10000000000000142
2976, 0.0, -0.10000000000000142
2977, 0.0, -0.10000000000000142
2978, 0.0, -0.10000000000000142
2979, 0.0, -0.10000000000000142
2980, 0.0, -0.10000000000000142
2981, 0.0, -0.10000000000000142
2982, 0.0, -0.10000000000000142
2983, 0.0, -0.10000000000000142
2984, 0.0, -0.10000000000000142
2985, 0.0, -0.10000000000000142
2986, 0.0, -0.10000000000000142
2987, 0.0, -0.10000000000000142
2988, 0.0, -0.10000000000000142
2989, 0.0, -0.10000000000000142
2990, 0.0, -0.10000000000000142
2991, 0.0, -0.10000000000000142
2992, 0.0, -0.10000000000000142
2993, 0.0, -0.10000000000000142
2994, 0.0, 0.0
2995, 0.0, 0.0
2996, 0.0, 0.0
2997, 0.0, 0.0
2998, 0.0, 0.10000000000000142
2999, 0.0, 0.0
3000, 0.0, 0.0
3001, 0.0, 0.0
3002, 0.0, -0.10000000000000142
3003, 0.0, -0.10000000000000142
3004, 0.0, -0.10000000000000142
3005, 0.0, -0.10000000000000142
3006, 0.0, -0.10000000000000142
3007, 0.0, -0.10000000000000142
3008, 0.0, -0.10000000000000142
3009, 0.0, 0.0
3010, 0.0, 0.0
3011, 0.0, 0.0
3012, 0.0, 0.0
3013, 0.0, 0.0
3014, 0.0, 0.0
3015, 0.0, 0.0
3016, 0.0, 0.0
3017, 0.0, 0.0
3018, 0.0, 0.10000000000000142
3019, 0.0, 0.10000000000000142
3020, 0.0, 0.10000000000000142
3021, 0.0, 0.10000000000000142
3022, 0.0, 0.10000000000000142
3023, 0.0, 0.10000000000000142
3024, 0.0, 0.10000000000000142
3025, 0.0, 0.0
3026, 0.0, 0.0
3027, 0.0, 0.0
3028, 0.0, 0.0
3029, 0.0, 0.0
3030, 0.0, 0.0
3031, 0.0, 0.0
3032, 0.0, 0.0
3033, 0.0, 0.0
3034, 0.0, 0.0
3035, 0.0, -0.10000000000000142
3036, 0.0, -0.10000000000000142
3037, 0.0, -0.10000000000000142
3038, 0.0, -0.10000000000000142
3039, 0.0, -0.10000000000000142
3040, 0.0, -0.10000000000000142
3041, 0.0, -0.10000000000000142
3042, 0.0, -0.10000000000000142
3043, 0.0, -0.10000000000000142
3044, 0.0, -0.10000000000000142
3045, 0.0, -0.10000000000000142
3046, 0.0, -0.10000000000000142
3047, 0.0, -0.10000000000000142
3048, 0.0, -0.10000000000000142
3049, 0.0, -0.10000000000000142
3050, 0.0, -0.10000000000000142
3051, 0.0, -0.10000000000000142
3052, 0.0, -0.1999999999999993
3053, 0.0, -0.1999999999999993
3054, 0.0, -0.1999999999999993
3055, 0.0, -0.1999999999999993
3056, 0.0, -0.1999999999999993
3057, 0.0, -0.1999999999999993
3058, -0.10000000000000142, -0.1999999999999993
3059, -0.10000000000000142, -0.1999999999999993
3060, -0.10000000000000142, -0.1999999999999993
3061, -0.10000000000000142, -0.1999999999999993
3062, -0.10000000000000142, -0.1999999999999993
3063, -0.10000000000000142, -0.1999999999999993
3064, -0.10000000000000142, -0.1999999999999993
3065, -0.10000000000000142, -0.1999999999999993
3066, -0.10000000000000142, -0.10000000000000142
3067, -0.10000000000000142, -0.10000000000000142
3068, -0.10000000000000142, -0.10000000000000142
3069, -0.10000000000000142, -0.10000000000000142
3070, -0.10000000000000142, -0.10000000000000142
3071, -0.10000000000000142, -0.10000000000000142
3072, -0.10000000000000142, -0.10000000000000142
3073, 0.0, -0.10000000000000142
3074, 0.0, -0.10000000000000142
3075, 0.0, -0.10000000000000142
3076, 0.0, -0.10000000000000142
3077, 0.0, -0.10000000000000142
3078, 0.0, -0.10000000000000142
3079, 0.0, -0.10000000000000142
3080, 0.0, -0.10000000000000142
3081, 0.0, -0.10000000000000142
3082, 0.0, -0.10000000000000142
3083, 0.0, -0.10000000000000142
3084, 0.0, -0.10000000000000142
3085, 0.0, -0.1999999999999993
3086, 0.0, -0.1999999999999993
3087, 0.0, -0.1999999999999993
3088, 0.0, -0.1999999999999993
3089, 0.0, -0.1999999999999993
3090, 0.0, -0.1999999999999993
3091, 0.0, -0.10000000000000142
3092, -0.10000000000000142, -0.10000000000000142
3093, -0.10000000000000142, -0.10000000000000142
3094, -0.10000000000000142, -0.10000000000000142
3095, -0.10000000000000142, -0.10000000000000142
3096, -0.10000000000000142, -0.10000000000000142
3097, -0.10000000000000142, -0.10000000000000142
3098, -0.10000000000000142, -0.10000000000000142
3099, 0.0, -0.10000000000000142
3100, 0.0, -0.10000000000000142
3101, 0.0, -0.10000000000000142
3102, 0.0, -0.1999999999999993
3103, 0.0, -0.1999999999999993
3104, 0.0, -0.1999999999999993
3105, -0.10000000000000142, -0.1999999999999993
3106, -0.10000000000000142, -0.1999999999999993
3107, -0.10000000000000142, -0.1999999999999993
3108, -0.10000000000000142, -0.1999999999999993
3109, -0.10000000000000142, -0.1999999999999993
3110, -0.10000000000000142, -0.1999999999999993
3111, -0.10000000000000142, -0.1999999999999993
3112, -0.10000000000000142, -0.1999999999999993
3113, -0.10000000000000142, -0.1999999999999993
3114, -0.10000000000000142, -0.1999999999999993
3115, -0.1999999999999993, -0.10000000000000142
3116, -0.1999999999999993, -0.10000000000000142
3117, -0.1999999999999993, -0.10000000000000142
3118, -0.1999999999999993, -0.10000000000000142
3119, -0.1999999999999993, -0.10000000000000142
3120, -0.1999999999999993, -0.10000000000000142
3121, -0.1999999999999993, -0.10000000000000142
3122, -0.1999999999999993, -0.10000000000000142
3123, -0.1999999999999993, -0.10000000000000142
3124, -0.1999999999999993, -0.10000000000000142
3125, -0.1999999999999993, -0.10000000000000142
3126, -0.1999999999999993, -0.10000000000000142
3127, -0.1999999999999993, -0.10000000000000142
3128, -0.1999999999999993, -0.10000000000000142
3129, -0.1999999999999993, -0.10000000000000142
3130, -0.1999999999999993, -0.10000000000000142
3131, -0.1999999999999993, -0.10000000000000142
3132, -0.10000000000000142, -0.10000000000000142
3133, -0.10000000000000142, -0.10000000000000142
3134, -0.10000000000000142, -0.10000000000000142
3135, -0.10000000000000142, -0.10000000000000142
3136, -0.10000000000000142, -0.10000000000000142
3137, -0.10000000000000142, -0.10000000000000142
3138, 0.0, -0.10000000000000142
3139, 0.0, -0.10000000000000142
3140, 0.0, -0.10000000000000142
3141, 0.0, -0.10000000000000142
3142, 0.0, -0.10000000000000142
3143, 0.0, -0.10000000000000142
3144, 0.0, -0.10000000000000142
3145, 0.0, -0.10000000000000142
3146, 0.0, -0.10000000000000142
3147, 0.0, -0.10000000000000142
3148, 0.0, -0.10000000000000142
3149, 0.0, -0.10000000000000142
3150, 0.0, -0.10000000000000142
3151, 0.0, -0.10000000000000142
3152, 0.0, -0.10000000000000142
3153, 0.0, -0.10000000000000142
3154, 0.0, -0.10000000000000142
3155, 0.0, -0.10000000000000142
3156, 0.0, -0.10000000000000142
3157, -0.10000000000000142, -0.10000000000000142
3158, -0.10000000000000142, -0.10000000000000142
3159, -0.10000000000000142, -0.10000000000000142
3160, -0.10000000000000142, -0.10000000000000142
3161, -0.10000000000000142, -0.10000000000000142
3162, -0.10000000000000142, -0.10000000000000142
3163, -0.10000000000000142, -0.10000000000000142
3164, -0.10000000000000142, -0.1999999999999993
3165, -0.10000000000000142, -0.1999999999999993
3166, -0.10000000000000142, -0.1999999999999993
3167, -0.10000000000000142, -0.1999999999999993
3168, -0.10000000000000142, -0.1999999999999993
3169, -0.10000000000000142, -0.1999999999999993
3170, -0.10000000000000142, -0.1999999999999993
3171, -0.1999999999999993, -0.1999999999999993
3172, -0.1999999999999993, -0.1999999999999993
3173, -0.1999999999999993, -0.1999999999999993
3174, -0.1999999999999993, -0.1999999999999993
3175, -0.1999999999999993, -0.1999999999999993
3176, -0.1999999999999993, -0.1999999999999993
3177, -0.1999999999999993, -0.1999999999999993
3178, -0.1999999999999993, -0.1999999999999993
3179, -0.1999999999999993, -0.1999999999999993
3180, -0.1999999999999993, -0.1999999999999993
3181, -0.1999999999999993, -0.1999999999999993
3182, -0.1999999999999993, -0.1999999999999993
3183, -0.1999999999999993, -0.1999999999999993
3184, -0.1999999999999993, -0.1999999999999993
3185, -0.1999999999999993, -0.1999999999999993
3186, -0.1999999999999993, -0.1999999999999993
3187, -0.1999999999999993, -0.1999999999999993
3188, -0.1999999999999993, -0.1999999999999993
3189, -0.1999999999999993, -0.1999999999999993
3190, -0.1999999999999993, -0.1999999999999993
3191, -0.1999999999999993, -0.1999999999999993
3192, -0.1999999999999993, -0.1999999999999993
3193, -0.1999999999999993, -0.1999999999999993
3194, -0.1999999999999993, -0.1999999999999993
3195, -0.1999999999999993, -0.1999999999999993
3196, -0.1999999999999993, -0.1999999999999993
3197, -0.10000000000000142, -0.1999999999999993
3198, 0.0, -0.1999999999999993
3199, 0.0, -0.1999999999999993
3200, 0.0, -0.1999999999999993
3201, 0.0, -0.1999999999999993
3202, 0.0, -0.1999999999999993
3203, 0.0, -0.1999999999999993
3204, 0.0, -0.1999999999999993
3205, 0.0, -0.1999999999999993
3206, 0.0, -0.1999999999999993
3207, 0.0, -0.10000000000000142
3208, 0.0, -0.10000000000000142
3209, 0.0, -0.10000000000000142
3210, 0.0, -0.10000000000000142
3211, 0.0, -0.10000000000000142
3212, 0.0, -0.10000000000000142
3213, 0.0, -0.10000000000000142
3214, 0.0, -0.10000000000000142
3215, 0.0, -0.10000000000000142
3216, 0.0, -0.10000000000000142
3217, 0.0, -0.10000000000000142
3218, 0.0, -0.10000000000000142
3219, 0.0, -0.10000000000000142
3220, 0.0, -0.10000000000000142
3221, 0.0, -0.10000000000000142
3222, 0.0, -0.10000000000000142
3223, 0.0, -0.10000000000000142
3224, 0.0, -0.10000000000000142
3225, 0.0, -0.10000000000000142
3226, 0.0, -0.10000000000000142
3227, 0.0, -0.10000000000000142
3228, 0.0, -0.10000000000000142
3229, 0.0, 0.0
3230, 0.0, 0.0
3231, 0.0, 0.0
3232, 0.0, 0.0
3233, 0.0, 0.0
3234, 0.0, 0.0
3235, 0.10000000000000142, 0.0
3236, 0.10000000000000142, 0.0
3237, 0.10000000000000142, 0.0
3238, 0.10000000000000142, 0.0
3239, 0.10000000000000142, 0.0
3240, 0.10000000000000142, 0.0
3241, 0.10000000000000142, 0.0
3242, 0.10000000000000142, 0.0
3243, 0.10000000000000142, 0.0
3244, 0.10000000000000142, 0.0
3245, 0.0, 0.0
3246, 0.0, 0.0
3247, 0.0, 0.0
3248, 0.0, 0.0
3249, 0.0, 0.0
3250, 0.0, -0.1999999999999993
3251, 0.0, -0.1999999999999993
3252, 0.0, -0.1999999999999993
3253, -0.10000000000000142, -0.1999999999999993
3254, -0.10000000000000142, -0.1999999999999993
3255, -0.10000000000000142, -0.10000000000000142
3256, -0.10000000000000142, -0.10000000000000142
3257, -0.10000000000000142, -0.10000000000000142
3258, -0.10000000000000142, -0.10000000000000142
3259, -0.10000000000000142, -0.10000000000000142
3260, -0.10000000000000142, -0.10000000000000142
3261, -0.10000000000000142, -0.10000000000000142
3262, -0.10000000000000142, -0.10000000000000142
3263, -0.10000000000000142, -0.1999999999999993
3264, -0.10000000000000142, -0.1999999999999993
3265, -0.10000000000000142, -0.1999999999999993
3266, -0.10000000000000142, -0.1999999999999993
3267, -0.10000000000000142, -0.1999999999999993
3268, -0.10000000000000142, -0.1999999999999993
3269, -0.10000000000000142, -0.1999999999999993
3270, -0.10000000000000142, -0.1999999999999993
3271, -0.10000000000000142, -0.1999999999999993
3272, -0.10000000000000142, -0.1999999999999993
3273, -0.10000000000000142, -0.1999999999999993
3274, -0.10000000000000142, -0.1999999999999993
3275, -0.10000000000000142, -0.1999999999999993
3276, -0.10000000000000142, -0.1999999999999993
3277, -0.10000000000000142, -0.1999999999999993
3278, -0.10000000000000142, -0.1999999999999993
3279, -0.10000000000000142, -0.10000000000000142
3280, -0.10000000000000142, -0.10000000000000142
3281, -0.10000000000000142, -0.10000000000000142
3282, -0.10000000000000142, -0.10000000000000142
3283, -0.10000000000000142, -0.10000000000000142
3284, -0.10000000000000142, -0.10000000000000142
3285, -0.10000000000000142, -0.10000000000000142
3286, -0.10000000000000142, -0.1999999999999993
3287, -0.10000000000000142, -0.1999999999999993
3288, -0.10000000000000142, -0.1999999999999993
3289, -0.10000000000000142, -0.1999999999999993
3290, -0.10000000000000142, -0.1999999999999993
3291, -0.10000000000000142, -0.1999999999999993
3292, -0.10000000000000142, -0.1999999999999993
3293, -0.10000000000000142, -0.1999999999999993
3294, -0.10000000000000142, -0.1999999999999993
3295, -0.10000000000000142, -0.1999999999999993
3296, -0.10000000000000142, -0.1999999999999993
3297, -0.10000000000000142, -0.1999999999999993
3298, -0.10000000000000142, -0.1999999999999993
3299, -0.10000000000000142, -0.1999999999999993
3300, -0.10000000000000142, -0.10000000000000142
3301, -0.10000000000000142, -0.10000000000000142
3302, -0.10000000000000142, -0.10000000000000142
3303, -0.10000000000000142, -0.10000000000000142
3304, -0.10000000000000142, -0.10000000000000142
3305, -0.10000000000000142, -0.10000000000000142
3306, -0.10000000000000142, 0.0
3307, -0.10000000000000142, 0.0
3308, -0.10000000000000142, 0.0
3309, -0.10000000000000142, 0.0
3310, -0.10000000000000142, 0.0
3311, -0.10000000000000142, 0.0
3312, -0.10000000000000142, 0.0
3313, -0.10000000000000142, 0.0
3314, -0.10000000000000142, 0.0
3315, -0.10000000000000142, 0.0
3316, -0.10000000000000142, 0.0
3317, -0.10000000000000142, 0.0
3318, -0.10000000000000142, 0.0
3319, -0.10000000000000142, 0.0
3320, -0.10000000000000142, 0.0
3321, -0.10000000000000142, 0.0
3322, -0.10000000000000142, 0.0
3323, -0.10000000000000142, 0.0
3324, -0.10000000000000142, 0.0
3325, -0.10000000000000142, -0.10000000000000142
3326, -0.10000000000000142, -0.10000000000000142
3327, -0.10000000000000142, -0.10000000000000142
3328, -0.10000000000000142, -0.10000000000000142
3329, -0.10000000000000142, -0.10000000000000142
3330, -0.10000000000000142, -0.10000000000000142
3331, -0.10000000000000142, -0.10000000000000142
3332, -0.10000000000000142, -0.10000000000000142
3333, -0.10000000000000142, -0.10000000000000142
3334, -0.10000000000000142, -0.10000000000000142
3335, -0.10000000000000142, -0.10000000000000142
3336, -0.10000000000000142, -0.10000000000000142
3337, -0.10000000000000142, -0.10000000000000142
3338, -0.10000000000000142, -0.10000000000000142
3339, -0.10000000000000142, -0.1999999999999993
3340, -0.10000000000000142, -0.1999999999999993
3341, 0.0, -0.1999999999999993
3342, 0.0, -0.1999999999999993
3343, 0.0, -0.1999999999999993
3344, 0.0, -0.1999999999999993
3345, 0.10000000000000142, -0.1999999999999993
3346, 0.10000000000000142, -0.1999999999999993
3347, 0.10000000000000142, -0.1999999999999993
3348, 0.10000000000000142, -0.1999999999999993
3349, 0.10000000000000142, -0.1999999999999993
3350, 0.10000000000000142, -0.1999999999999993
3351, 0.10000000000000142, -0.1999999999999993
3352, 0.10000000000000142, -0.1999999999999993
3353, 0.10000000000000142, -0.1999999999999993
3354, 0.10000000000000142, -0.1999999999999993
3355, 0.10000000000000142, -0.1999999999999993
3356, 0.10000000000000142, -0.1999999999999993
3357, 0.10000000000000142, -0.1999999999999993
3358, 0.10000000000000142, -0.1999999999999993
3359, 0.10000000000000142, -0.1999999999999993
3360, 0.10000000000000142, -0.1999999999999993
3361, 0.10000000000000142, -0.1999999999999993
3362, 0.10000000000000142, -0.1999999999999993
3363, 0.10000000000000142, -0.1999999999999993
3364, 0.10000000000000142, -0.1999999999999993
3365, 0.10000000000000142, -0.1999999999999993
3366, 0.10000000000000142, -0.1999999999999993
3367, 0.0, -0.1999999999999993
3368, 0.0, -0.1999999999999993
3369, 0.0, -0.1999999999999993
3370, 0.0, -0.1999999999999993
3371, 0.0, -0.1999999999999993
3372, -0.10000000000000142, -0.1999999999999993
3373, -0.10000000000000142, -0.1999999999999993
3374, -0.10000000000000142, -0.1999999999999993
3375, -0.10000000000000142, -0.1999999999999993
3376, -0.10000000000000142, -0.1999999999999993
3377, -0.10000000000000142, -0.1999999999999993
3378, -0.10000000000000142, -0.1999999999999993
3379, -0.10000000000000142, -0.1999999999999993
3380, -0.10000000000000142, -0.1999999999999993
3381, -0.10000000000000142, -0.1999999999999993
3382, -0.10000000000000142, -0.1999999999999993
3383, -0.10000000000000142, -0.10000000000000142
3384, -0.10000000000000142, -0.10000000000000142
3385, -0.10000000000000142, -0.10000000000000142
3386, -0.10000000000000142, -0.10000000000000142
3387, -0.10000000000000142, -0.10000000000000142
3388, -0.10000000000000142, -0.10000000000000142
3389, -0.10000000000000142, -0.10000000000000142
3390, -0.10000000000000142, -0.10000000000000142
3391, -0.10000000000000142, -0.10000000000000142
3392, -0.10000000000000142, -0.10000000000000142
3393, -0.10000000000000142, -0.10000000000000142
3394, -0.10000000000000142, -0.10000000000000142
3395, -0.10000000000000142, -0.1999999999999993
3396, -0.10000000000000142, -0.1999999999999993
3397, -0.10000000000000142, -0.10000000000000142
3398, -0.10000000000000142, -0.10000000000000142
3399, -0.10000000000000142, -0.10000000000000142
3400, -0.10000000000000142, -0.10000000000000142
3401, -0.10000000000000142, -0.10000000000000142
3402, -0.10000000000000142, -0.10000000000000142
3403, -0.10000000000000142, -0.10000000000000142
3404, -0.10000000000000142, -0.10000000000000142
3405, -0.10000000000000142, -0.10000000000000142
3406, -0.10000000000000142, -0.10000000000000142
3407, -0.10000000000000142, -0.10000000000000142
3408, -0.10000000000000142, -0.10000000000000142
3409, -0.10000000000000142, -0.10000000000000142
3410, -0.10000000000000142, -0.10000000000000142
3411, -0.10000000000000142, -0.10000000000000142
3412, 0.0, -0.10000000000000142
3413, 0.0, -0.10000000000000142
3414, 0.0, -0.10000000000000142
3415, 0.0, -0.10000000000000142
3416, 0.0, -0.10000000000000142
3417, 0.0, -0.10000000000000142
3418, 0.0, -0.10000000000000142
3419, 0.10000000000000142, -0.1999999999999993
3420, 0.10000000000000142, -0.1999999999999993
3421, 0.10000000000000142, -0.1999999999999993
3422, 0.10000000000000142, -0.1999999999999993
3423, 0.10000000000000142, -0.1999999999999993
3424, 0.10000000000000142, -0.1999999999999993
3425, 0.10000000000000142, -0.1999999999999993
3426, 0.10000000000000142, -0.1999999999999993
3427, 0.10000000000000142, -0.1999999999999993
3428, 0.10000000000000142, -0.1999999999999993
3429, 0.10000000000000142, -0.1999999999999993
3430, 0.10000000000000142, -0.1999999999999993
3431, 0.10000000000000142, -0.1999999999999993
3432, 0.10000000000000142, -0.1999999999999993
3433, 0.10000000000000142, -0.1999999999999993
3434, 0.10000000000000142, -0.1999999999999993
3435, 0.10000000000000142, -0.10000000000000142
3436, 0.10000000000000142, -0.10000000000000142
3437, 0.10000000000000142, -0.10000000000000142
3438, 0.0, -0.10000000000000142
3439, 0.0, -0.10000000000000142
3440, 0.0, -0.10000000000000142
3441, 0.0, -0.10000000000000142
3442, 0.0, -0.10000000000000142
3443, 0.0, -0.10000000000000142
3444, 0.0, -0.10000000000000142
3445, 0.0, -0.10000000000000142
3446, 0.0, -0.10000000000000142
3447, 0.0, -0.10000000000000142
3448, 0.0, -0.10000000000000142
3449, 0.0, -0.10000000000000142
3450, 0.0, -0.10000000000000142
3451, 0.0, -0.10000000000000142
3452, 0.0, -0.10000000000000142
3453, -0.10000000000000142, 0.0
3454, -0.10000000000000142, 0.0
3455, -0.10000000000000142, 0.0
3456, -0.10000000000000142, 0.0
3457, -0.10000000000000142, 0.0
3458, -0.10000000000000142, 0.0
3459, -0.10000000000000142, 0.0
3460, -0.10000000000000142, 0.0
3461, -0.10000000000000142, 0.0
3462, -0.10000000000000142, 0.0
3463, -0.10000000000000142, 0.0
3464, -0.10000000000000142, 0.0
3465, -0.10000000000000142, 0.0
3466, -0.10000000000000142, 0.0
3467, -0.10000000000000142, 0.0
3468, -0.10000000000000142, 0.0
3469, -0.10000000000000142, 0.0
3470, -0.10000000000000142, 0.10000000000000142
3471, -0.10000000000000142, 0.10000000000000142
3472, -0.10000000000000142, 0.0
3473, -0.10000000000000142, 0.0
3474, -0.10000000000000142, 0.0
3475, -0.10000000000000142, 0.0
3476, -0.10000000000000142, 0.0
3477, -0.10000000000000142, 0.0
3478, -0.10000000000000142, 0.0
3479, -0.10000000000000142, 0.0
3480, -0.10000000000000142, 0.0
3481, -0.10000000000000142, 0.0
3482, -0.10000000000000142, 0.0
3483, -0.10000000000000142, 0.0
3484, -0.10000000000000142, 0.0
3485, -0.10000000000000142, 0.0
3486, -0.10000000000000142, 0.0
3487, -0.10000000000000142, 0.0
3488, -0.10000000000000142, 0.0
3489, -0.1999999999999993, 0.0
3490, -0.1999999999999993, 0.0
3491, -0.1999999999999993, 0.0
3492, -0.1999999999999993, 0.0
3493, -0.1999999999999993, 0.0
3494, -0.1999999999999993, 0.0
3495, -0.1999999999999993, -0.10000000000000142
3496, -0.1999999999999993, -0.10000000000000142
3497, -0.1999999999999993, -0.10000000000000142
3498, -0.1999999999999993, -0.10000000000000142
3499, -0.1999999999999993, -0.10000000000000142
3500, -0.1999999999999993, -0.10000000000000142
3501, -0.1999999999999993, -0.10000000000000142
3502, -0.1999999999999993, -0.10000000000000142
3503, -0.1999999999999993, -0.10000000000000142
3504, -0.1999999999999993, -0.10000000000000142
3505, -0.1999999999999993, -0.10000000000000142
3506, -0.1999999999999993, -0.10000000000000142
3507, -0.1999999999999993, -0.10000000000000142
3508, -0.1999999999999993, -0.10000000000000142
3509, -0.1999999999999993, -0.10000000000000142
3510, -0.10000000000000142, -0.10000000000000142
3511, -0.10000000000000142, -0.10000000000000142
3512, -0.10000000000000142, -0.10000000000000142
3513, -0.10000000000000142, -0.10000000000000142
3514, -0.10000000000000142, -0.10000000000000142
3515, -0.10000000000000142, -0.10000000000000142
3516, -0.10000000000000142, -0.10000000000000142
3517, -0.10000000000000142, -0.10000000000000142
3518, -0.10000000000000142, -0.10000000000000142
3519, -0.10000000000000142, -0.10000000000000142
3520, -0.10000000000000142, -0.10000000000000142
3521, -0.10000000000000142, -0.10000000000000142
3522, -0.10000000000000142, -0.10000000000000142
3523, -0.10000000000000142, 0.0
3524, -0.10000000000000142, 0.0
3525, -0.10000000000000142, -0.10000000000000142
3526, -0.10000000000000142, -0.10000000000000142
3527, -0.10000000000000142, -0.10000000000000142
3528, -0.10000000000000142, -0.10000000000000142
3529, -0.10000000000000142, -0.10000000000000142
3530, -0.10000000000000142, -0.10000000000000142
3531, -0.10000000000000142, -0.10000000000000142
3532, -0.10000000000000142, -0.10000000000000142
3533, -0.10000000000000142, -0.10000000000000142
3534, -0.10000000000000142, -0.10000000000000142
3535, -0.1999999999999993, -0.10000000000000142
3536, -0.1999999999999993, -0.10000000000000142
3537, -0.1999999999999993, 0.0
3538, -0.1999999999999993, -0.10000000000000142
3539, -0.10000000000000142, -0.10000000000000142
3540, -0.10000000000000142, -0.10000000000000142
3541, -0.10000000000000142, -0.10000000000000142
3542, -0.10000000000000142, -0.10000000000000142
3543, -0.10000000000000142, -0.10000000000000142
3544, -0.10000000000000142, -0.10000000000000142
3545, -0.10000000000000142, -0.10000000000000142
3546, -0.10000000000000142, -0.10000000000000142
3547, -0.10000000000000142, -0.10000000000000142
3548, -0.10000000000000142, -0.10000000000000142
3549, -0.10000000000000142, -0.10000000000000142
3550, -0.10000000000000142, -0.10000000000000142
3551, -0.10000000000000142, -0.10000000000000142
3552, -0.10000000000000142, -0.10000000000000142
3553, -0.10000000000000142, -0.10000000000000142
3554, 0.0, -0.10000000000000142
3555, 0.0, -0.10000000000000142
3556, 0.0, -0.10000000000000142
3557, 0.0, -0.10000000000000142
3558, 0.0, -0.10000000000000142
3559, 0.0, -0.10000000000000142
3560, 0.0, -0.10000000000000142
3561, 0.0, -0.10000000000000142
3562, 0.0, -0.10000000000000142
3563, 0.0, -0.10000000000000142
3564, 0.10000000000000142, -0.10000000000000142
3565, 0.10000000000000142, -0.10000000000000142
3566, 0.10000000000000142, -0.10000000000000142
3567, 0.10000000000000142, -0.10000000000000142
3568, 0.10000000000000142, -0.10000000000000142
3569, 0.10000000000000142, -0.10000000000000142
3570, 0.10000000000000142, -0.10000000000000142
3571, 0.10000000000000142, -0.10000000000000142
3572, 0.10000000000000142, -0.10000000000000142
3573, 0.10000000000000142, -0.10000000000000142
3574, 0.10000000000000142, -0.10000000000000142
3575, 0.10000000000000142, -0.10000000000000142
3576, 0.10000000000000142, -0.10000000000000142
3577, 0.10000000000000142, -0.10000000000000142
3578, 0.10000000000000142, -0.10000000000000142
3579, 0.10000000000000142, -0.10000000000000142
3580, 0.10000000000000142, -0.10000000000000142
3581, 0.0, -0.10000000000000142
3582, 0.0, -0.10000000000000142
3583, 0.0, -0.10000000000000142
3584, 0.0, -0.10000000000000142
3585, 0.0, -0.10000000000000142
3586, 0.0, -0.10000000000000142
3587, 0.0, -0.10000000000000142
3588, 0.0, -0.10000000000000142
3589, 0.0, -0.10000000000000142
3590, 0.0, -0.10000000000000142
3591, 0.0, -0.10000000000000142
3592, 0.0, -0.10000000000000142
3593, 0.0, -0.10000000000000142
3594, 0.0, -0.10000000000000142
3595, 0.0, -0.10000000000000142
3596, 0.0, -0.10000000000000142
3597, 0.0, -0.10000000000000142
3598, 0.0, -0.10000000000000142
3599, 0.0, -0.10000000000000142
3600, -0.10000000000000142, -0.10000000000000142
3601, -0.10000000000000142, -0.10000000000000142
3602, -0.10000000000000142, -0.10000000000000142
3603, -0.10000000000000142, -0.10000000000000142
3604, -0.10000000000000142, -0.10000000000000142
3605, -0.10000000000000142, -0.10000000000000142
3606, -0.10000000000000142, -0.10000000000000142
3607, -0.10000000000000142, 0.0
3608, -0.10000000000000142, 0.0
3609, -0.10000000000000142, 0.0
3610, -0.10000000000000142, 0.0
3611, -0.10000000000000142, 0.0
3612, -0.10000000000000142, 0.0
3613, -0.10000000000000142, 0.0
3614, -0.10000000000000142, 0.0
3615, -0.10000000000000142, 0.0
3616, -0.10000000000000142, 0.0
3617, -0.10000000000000142, 0.0
3618, -0.10000000000000142, 0.0
3619, -0.10000000000000142, 0.0
3620, -0.10000000000000142, 0.0
3621, -0.10000000000000142, 0.0
3622, -0.10000000000000142, 0.0
3623, -0.10000000000000142, 0.0
3624, -0.10000000000000142, 0.0
3625, -0.10000000000000142, 0.0
3626, -0.10000000000000142, 0.0
3627, -0.10000000000000142, 0.0
3628, -0.10000000000000142, 0.0
3629, -0.10000000000000142, 0.0
3630, -0.10000000000000142, 0.0
3631, -0.10000000000000142, -0.10000000000000142
3632, -0.10000000000000142, -0.10000000000000142
3633, -0.10000000000000142, -0.10000000000000142
3634, -0.10000000000000142, -0.10000000000000142
3635, -0.10000000000000142, -0.10000000000000142
3636, -0.10000000000000142, -0.10000000000000142
3637, -0.10000000000000142, -0.10000000000000142
3638, -0.10000000000000142, -0.10000000000000142
3639, 0.0, -0.10000000000000142
3640, 0.0, -0.10000000000000142
3641, 0.0, -0.10000000000000142
3642, 0.0, -0.10000000000000142
3643, 0.0, -0.10000000000000142
3644, 0.0, -0.10000000000000142
3645, 0.0, -0.10000000000000142
3646, 0.0, -0.10000000000000142
3647, 0.0, -0.10000000000000142
3648, 0.0, -0.10000000000000142
3649, 0.0, -0.1999999999999993
3650, 0.0, -0.1999999999999993
3651, -0.10000000000000142, -0.1999999999999993
3652, -0.10000000000000142, -0.1999999999999993
3653, -0.10000000000000142, -0.1999999999999993
3654, -0.10000000000000142, -0.1999999999999993
3655, -0.10000000000000142, -0.1999999999999993
3656, -0.10000000000000142, -0.1999999999999993
3657, -0.10000000000000142, -0.1999999999999993
3658, -0.10000000000000142, -0.1999999999999993
3659, -0.10000000000000142, -0.1999999999999993
3660, -0.10000000000000142, -0.1999999999999993
3661, -0.10000000000000142, -0.1999999999999993
3662, -0.10000000000000142, -0.1999999999999993
3663, -0.10000000000000142, -0.1999999999999993
3664, -0.10000000000000142, -0.1999999999999993
3665, -0.10000000000000142, -0.1999999999999993
3666, -0.10000000000000142, -0.1999999999999993
3667, -0.10000000000000142, -0.1999999999999993
3668, -0.10000000000000142, -0.1999999999999993
3669, -0.10000000000000142, -0.1999999999999993
3670, -0.10000000000000142, -0.1999999999999993
3671, -0.10000000000000142, -0.1999999999999993
3672, -0.10000000000000142, -0.1999999999999993
3673, -0.10000000000000142, -0.1999999999999993
3674, -0.10000000000000142, -0.1999999999999993
3675, -0.10000000000000142, -0.1999999999999993
3676, -0.10000000000000142, -0.1999999999999993
3677, -0.10000000000000142, -0.1999999999999993
3678, 0.0, -0.1999999999999993
3679, 0.0, -0.1999999999999993
3680, 0.0, -0.1999999999999993
3681, 0.0, -0.1999999999999993
3682, 0.0, -0.1999999999999993
3683, 0.0, -0.1999999999999993
3684, 0.0, -0.1999999999999993
3685, 0.0, -0.1999999999999993
3686, 0.0, -0.1999999999999993
3687, 0.0, -0.1999999999999993
3688, 0.0, -0.1999999999999993
3689, 0.0, -0.1999999999999993
3690, 0.0, -0.1999999999999993
3691, 0.0, -0.1999999999999993
3692, 0.0, -0.1999999999999993
3693, 0.0, -0.1999999999999993
3694, 0.0, -0.1999999999999993
3695, 0.0, -0.1999999999999993
3696, 0.0, -0.1999999999999993
3697, 0.0, -0.1999999999999993
3698, 0.0, -0.1999999999999993
3699, 0.0, -0.1999999999999993
3700, 0.0, -0.1999999999999993
3701, 0.10000000000000142, -0.1999999999999993
3702, 0.10000000000000142, -0.1999999999999993
3703, 0.10000000000000142, -0.1999999999999993
3704, 0.10000000000000142, -0.1999999999999993
3705, 0.10000000000000142, -0.1999999999999993
3706, 0.10000000000000142, -0.1999999999999993
3707, 0.10000000000000142, -0.1999999999999993
3708, 0.10000000000000142, -0.1999999999999993
3709, 0.10000000000000142, -0.1999999999999993
3710, 0.10000000000000142, -0.1999999999999993
3711, 0.10000000000000142, -0.1999999999999993
3712, 0.10000000000000142, -0.1999999999999993
3713, 0.10000000000000142, -0.1999999999999993
3714, 0.10000000000000142, -0.1999999999999993
3715, 0.10000000000000142, -0.1999999999999993
3716, 0.10000000000000142, -0.1999999999999993
3717, 0.0, -0.1999999999999993
3718, 0.0, -0.1999999999999993
3719, 0.0, -0.1999999999999993
3720, 0.0, -0.1999999999999993
3721, 0.0, -0.1999999999999993
3722, 0.0, -0.1999999999999993
3723, 0.0, -0.1999999999999993
3724, 0.0, -0.1999999999999993
3725, 0.0, -0.1999999999999993
3726, -0.10000000000000142, -0.1999999999999993
3727, -0.10000000000000142, -0.1999999999999993
3728, -0.10000000000000142, -0.10000000000000142
3729, -0.10000000000000142, -0.10000000000000142
3730, -0.10000000000000142, -0.10000000000000142
3731, -0.10000000000000142, -0.10000000000000142
3732, -0.10000000000000142, -0.10000000000000142
3733, -0.10000000000000142, -0.10000000000000142
3734, -0.10000000000000142, -0.10000000000000142
3735, -0.10000000000000142, -0.10000000000000142
3736, -0.10000000000000142, -0.10000000000000142
3737, -0.10000000000000142, -0.10000000000000142
3738, -0.10000000000000142, -0.10000000000000142
3739, -0.10000000000000142, -0.10000000000000142
3740, -0.10000000000000142, -0.10000000000000142
3741, -0.10000000000000142, -0.10000000000000142
3742, -0.10000000000000142, -0.10000000000000142
3743, -0.10000000000000142, -0.10000000000000142
3744, -0.10000000000000142, -0.10000000000000142
3745, -0.10000000000000142, -0.10000000000000142
3746, -0.10000000000000142, -0.10000000000000142
3747, -0.10000000000000142, -0.10000000000000142
3748, -0.10000000000000142, -0.10000000000000142
3749, -0.10000000000000142, -0.10000000000000142
3750, -0.10000000000000142, -0.10000000000000142
3751, -0.10000000000000142, -0.10000000000000142
3752, -0.10000000000000142, -0.10000000000000142
3753, -0.10000000000000142, -0.10000000000000142
3754, -0.10000000000000142, -0.10000000000000142
3755, -0.10000000000000142, -0.10000000000000142
3756, -0.10000000000000142, -0.10000000000000142
3757, -0.10000000000000142, -0.10000000000000142
3758, -0.10000000000000142, -0.10000000000000142
3759, -0.10000000000000142, -0.10000000000000142
3760, -0.10000000000000142, -0.10000000000000142
3761, -0.10000000000000142, -0.10000000000000142
3762, -0.10000000000000142, -0.10000000000000142
3763, -0.10000000000000142, -0.10000000000000142
3764, -0.10000000000000142, -0.10000000000000142
3765, -0.10000000000000142, -0.10000000000000142
3766, -0.10000000000000142, -0.10000000000000142
3767, -0.10000000000000142, -0.10000000000000142
3768, -0.10000000000000142, -0.10000000000000142
3769, -0.10000000000000142, -0.10000000000000142
3770, 0.0, -0.10000000000000142
3771, 0.0, -0.10000000000000142
3772, 0.0, -0.10000000000000142
3773, 0.0, -0.10000000000000142
3774, 0.0, -0.10000000000000142
3775, 0.0, -0.10000000000000142
3776, 0.0, -0.10000000000000142
3777, 0.0, -0.10000000000000142
3778, 0.0, -0.10000000000000142
3779, 0.0, -0.10000000000000142
3780, 0.0, -0.10000000000000142
3781, 0.0, -0.10000000000000142
3782, 0.0, -0.10000000000000142
3783, 0.0, -0.10000000000000142
3784, 0.0, -0.10000000000000142
3785, 0.0, -0.10000000000000142
3786, 0.0, -0.10000000000000142
3787, 0.0, -0.10000000000000142
3788, 0.0, -0.10000000000000142
3789, 0.0, -0.10000000000000142
3790, 0.0, -0.10000000000000142
3791, 0.0, 0.0
3792, 0.0, 0.0
3793, 0.0, 0.0
3794, 0.0, 0.0
3795, 0.0, 0.0
3796, 0.0, 0.0
3797, 0.0, -0.10000000000000142
3798, 0.0, -0.10000000000000142
3799, 0.0, -0.10000000000000142
3800, 0.0, -0.10000000000000142
3801, 0.0, -0.10000000000000142
3802, 0.0, -0.10000000000000142
3803, 0.0, -0.10000000000000142
3804, 0.0, -0.10000000000000142
3805, 0.0, -0.10000000000000142
3806, 0.0, -0.10000000000000142
3807, 0.0, -0.10000000000000142
3808, 0.0, -0.10000000000000142
3809, 0.0, -0.10000000000000142
3810, 0.0, -0.10000000000000142
3811, 0.0, -0.10000000000000142
3812, 0.0, -0.10000000000000142
3813, 0.0, -0.10000000000000142
3814, 0.0, -0.10000000000000142
3815, 0.0, -0.10000000000000142
3816, 0.0, -0.10000000000000142
3817, 0.0, -0.10000000000000142
3818, 0.0, -0.10000000000000142
3819, 0.0, -0.10000000000000142
3820, 0.0, 0.0
3821, 0.0, 0.0
3822, 0.0, 0.0
3823, 0.0, -0.10000000000000142
3824, 0.0, -0.10000000000000142
3825, 0.0, -0.10000000000000142
3826, 0.0, -0.10000000000000142
3827, 0.0, -0.10000000000000142
3828, 0.0, -0.10000000000000142
3829, 0.0, -0.10000000000000142
3830, 0.0, -0.10000000000000142
3831, 0.0, -0.10000000000000142
3832, 0.0, -0.10000000000000142
3833, 0.0, -0.10000000000000142
3834, 0.0, -0.10000000000000142
3835, 0.0, -0.10000000000000142
3836, 0.0, -0.10000000000000142
3837, 0.0, -0.10000000000000142
3838, 0.0, -0.10000000000000142
3839, 0.0, -0.10000000000000142
3840, 0.0, -0.10000000000000142
3841, 0.0, -0.10000000000000142
3842, 0.0, -0.10000000000000142
3843, 0.0, -0.10000000000000142
3844, 0.0, -0.10000000000000142
3845, 0.0, -0.10000000000000142
3846, 0.0, -0.10000000000000142
3847, 0.0, -0.10000000000000142
3848, 0.0, -0.10000000000000142
3849, -0.10000000000000142, -0.10000000000000142
3850, -0.10000000000000142, -0.10000000000000142
3851, -0.10000000000000142, 0.0
3852, -0.10000000000000142, 0.0
3853, -0.10000000000000142, -0.10000000000000142
3854, -0.10000000000000142, -0.10000000000000142
3855, -0.10000000000000142, -0.10000000000000142
3856, -0.10000000000000142, -0.10000000000000142
3857, -0.10000000000000142, -0.10000000000000142
3858, -0.10000000000000142, -0.10000000000000142
3859, -0.10000000000000142, -0.10000000000000142
3860, -0.10000000000000142, -0.10000000000000142
3861, -0.10000000000000142, -0.10000000000000142
3862, -0.10000000000000142, -0.10000000000000142
3863, -0.10000000000000142, -0.10000000000000142
3864, -0.10000000000000142, -0.10000000000000142
3865, -0.10000000000000142, -0.10000000000000142
3866, -0.10000000000000142, -0.10000000000000142
3867, -0.10000000000000142, -0.10000000000000142
3868, -0.10000000000000142, -0.10000000000000142
3869, -0.10000000000000142, -0.10000000000000142
3870, -0.10000000000000142, -0.10000000000000142
3871, -0.10000000000000142, -0.10000000000000142
3872, -0.10000000000000142, -0.10000000000000142
3873, -0.10000000000000142, -0.10000000000000142
3874, -0.10000000000000142, -0.10000000000000142
3875, -0.10000000000000142, -0.10000000000000142
3876, -0.10000000000000142, -0.10000000000000142
3877, -0.10000000000000142, -0.1999999999999993
3878, -0.10000000000000142, -0.1999999999999993
3879, -0.10000000000000142, -0.1999999999999993
3880, -0.10000000000000142, -0.1999999999999993
3881, -0.10000000000000142, -0.1999999999999993
3882, -0.10000000000000142, -0.1999999999999993
3883, -0.10000000000000142, -0.1999999999999993
3884, -0.10000000000000142, -0.1999999999999993
3885, -0.10000000000000142, 0.0
3886, -0.10000000000000142, 0.0
3887, -0.10000000000000142, 0.0
3888, -0.10000000000000142, 0.0
3889, -0.10000000000000142, 0.0
3890, -0.10000000000000142, 0.0
3891, -0.10000000000000142, 0.0
3892, -0.10000000000000142, 0.0
3893, -0.10000000000000142, 0.0
3894, -0.10000000000000142, 0.0
3895, -0.10000000000000142, 0.0
3896, -0.10000000000000142, 0.0
3897, -0.10000000000000142, 0.0
3898, -0.10000000000000142, 0.0
3899, -0.10000000000000142, 0.0
3900, -0.10000000000000142, 0.0
3901, -0.10000000000000142, 0.0
3902, -0.10000000000000142, 0.0
3903, -0.10000000000000142, -0.10000000000000142
3904, -0.10000000000000142, -0.10000000000000142
3905, -0.10000000000000142, -0.10000000000000142
3906, -0.10000000000000142, -0.10000000000000142
3907, -0.10000000000000142, 0.0
3908, -0.10000000000000142, 0.0
3909, -0.10000000000000142, 0.0
3910, -0.10000000000000142, 0.0
3911, -0.10000000000000142, 0.0
3912, -0.10000000000000142, 0.0
3913, -0.10000000000000142, 0.0
3914, -0.10000000000000142, 0.0
3915, -0.10000000000000142, 0.0
3916, -0.10000000000000142, 0.0
3917, -0.10000000000000142, 0.0
3918, -0.10000000000000142, 0.0
3919, -0.10000000000000142, 0.0
3920, -0.10000000000000142, 0.0
3921, 0.0, 0.0
3922, 0.0, 0.0
3923, 0.0, 0.0
3924, 0.0, 0.0
3925, 0.0, 0.0
3926, 0.0, 0.0
3927, 0.0, 0.0
3928, 0.0, 0.0
3929, 0.0, 0.0
3930, -0.10000000000000142, 0.0
3931, -0.10000000000000142, 0.0
3932, -0.10000000000000142, 0.0
3933, -0.10000000000000142, 0.0
3934, -0.10000000000000142, 0.0
3935, -0.10000000000000142, -0.10000000000000142
3936, 0.0, -0.10000000000000142
3937, 0.0, -0.10000000000000142
3938, 0.0, -0.10000000000000142
3939, 0.0, -0.10000000000000142
3940, 0.0, -0.10000000000000142
3941, 0.0, -0.10000000000000142
3942, 0.0, -0.10000000000000142
3943, 0.0, -0.10000000000000142
3944, 0.0, -0.10000000000000142
3945, 0.0, -0.10000000000000142
3946, 0.0, -0.10000000000000142
3947, 0.0, -0.10000000000000142
3948, 0.0, -0.10000000000000142
3949, 0.0, -0.10000000000000142
3950, 0.0, -0.10000000000000142
3951, -0.10000000000000142, -0.10000000000000142
3952, -0.10000000000000142, -0.10000000000000142
3953, -0.10000000000000142, -0.10000000000000142
3954, -0.10000000000000142, -0.10000000000000142
3955, -0.10000000000000142, -0.10000000000000142
3956, -0.10000000000000142, -0.10000000000000142
3957, -0.10000000000000142, -0.10000000000000142
3958, -0.10000000000000142, -0.10000000000000142
3959, -0.10000000000000142, -0.10000000000000142
3960, 0.0, -0.10000000000000142
3961, 0.0, -0.10000000000000142
3962, 0.0, -0.10000000000000142
3963, 0.0, -0.10000000000000142
3964, 0.0, -0.10000000000000142
3965, 0.0, -0.10000000000000142
3966, 0.0, -0.10000000000000142
3967, 0.0, -0.10000000000000142
3968, 0.0, -0.10000000000000142
3969, 0.0, -0.10000000000000142
3970, 0.0, -0.10000000000000142
3971, 0.0, -0.10000000000000142
3972, 0.0, -0.10000000000000142
3973, 0.10000000000000142, -0.1999999999999993
3974, 0.10000000000000142, -0.1999999999999993
3975, 0.10000000000000142, -0.1999999999999993
3976, 0.10000000000000142, -0.1999999999999993
3977, 0.10000000000000142, -0.10000000000000142
3978, 0.10000000000000142, -0.10000000000000142
3979, 0.10000000000000142, -0.10000000000000142
3980, 0.10000000000000142, -0.10000000000000142
3981, 0.10000000000000142, -0.10000000000000142
3982, 0.10000000000000142, -0.10000000000000142
3983, 0.10000000000000142, -0.10000000000000142
3984, 0.10000000000000142, -0.10000000000000142
3985, 0.10000000000000142, -0.10000000000000142
3986, 0.10000000000000142, -0.10000000000000142
3987, 0.10000000000000142, -0.10000000000000142
3988, 0.10000000000000142, -0.10000000000000142
3989, 0.10000000000000142, -0.1999999999999993
3990, 0.10000000000000142, -0.1999999999999993
3991, 0.0, -0.1999999999999993
3992, 0.0, -0.1999999999999993
3993, 0.0, -0.1999999999999993
3994, 0.0, -0.1999999999999993
3995, 0.0, -0.1999999999999993
3996, 0.0, -0.1999999999999993
3997, 0.0, -0.1999999999999993
3998, 0.0, -0.1999999999999993
3999, 0.0, -0.1999999999999993
4000, 0.0, -0.1999999999999993
4001, 0.0, -0.1999999999999993
4002, -0.10000000000000142, -0.1999999999999993
4003, 0.0, -0.1999999999999993
4004, 0.0, -0.1999999999999993
4005, 0.0, -0.1999999999999993
4006, 0.0, -0.1999999999999993
4007, 0.0, -0.1999999999999993
4008, 0.0, -0.1999999999999993
4009, 0.0, -0.1999999999999993
4010, 0.10000000000000142, -0.1999999999999993
4011, 0.10000000000000142, -0.1999999999999993
4012, 0.10000000000000142, -0.1999999999999993
4013, 0.10000000000000142, -0.1999999999999993
4014, 0.10000000000000142, -0.1999999999999993
4015, 0.10000000000000142, -0.1999999999999993
4016, 0.10000000000000142, -0.1999999999999993
4017, 0.10000000000000142, -0.1999999999999993
4018, 0.10000000000000142, -0.1999999999999993
4019, 0.10000000000000142, -0.1999999999999993
4020, 0.10000000000000142, -0.1999999999999993
4021, 0.10000000000000142, -0.1999999999999993
4022, 0.10000000000000142, -0.1999999999999993
4023, 0.10000000000000142, -0.1999999999999993
4024, 0.10000000000000142, -0.1999999999999993
4025, 0.10000000000000142, -0.1999999999999993
4026, 0.10000000000000142, -0.1999999999999993
4027, 0.10000000000000142, -0.1999999999999993
4028, 0.10000000000000142, -0.1999999999999993
4029, 0.10000000000000142, -0.1999999999999993
4030, 0.10000000000000142, -0.1999999999999993
4031, 0.10000000000000142, -0.1999999999999993
4032, 0.10000000000000142, -0.1999999999999993
4033, 0.10000000000000142, -0.1999999999999993
4034, 0.10000000000000142, -0.1999999999999993
4035, 0.10000000000000142, -0.1999999999999993
4036, 0.0, -0.1999999999999993
4037, 0.0, -0.1999999999999993
4038, 0.0, -0.1999999999999993
4039, 0.0, -0.1999999999999993
4040, 0.0, -0.1999999999999993
4041, 0.0, -0.1999999999999993
4042, 0.0, -0.1999999999999993
4043, 0.0, -0.1999999999999993
4044, 0.10000000000000142, -0.1999999999999993
4045, 0.10000000000000142, -0.1999999999999993
4046, 0.10000000000000142, -0.1999999999999993
4047, 0.10000000000000142, -0.1999999999999993
4048, 0.10000000000000142, -0.1999999999999993
4049, 0.10000000000000142, -0.1999999999999993
4050, 0.10000000000000142, -0.1999999999999993
4051, 0.10000000000000142, -0.1999999999999993
4052, 0.10000000000000142, -0.1999999999999993
4053, 0.10000000000000142, -0.1999999999999993
4054, 0.10000000000000142, -0.1999999999999993
4055, 0.10000000000000142, -0.1999999999999993
4056, 0.10000000000000142, -0.1999999999999993
4057, 0.10000000000000142, -0.1999999999999993
4058, 0.10000000000000142, -0.1999999999999993
4059, 0.10000000000000142, -0.1999999999999993
4060, 0.10000000000000142, -0.1999999999999993
4061, 0.10000000000000142, -0.1999999999999993
4062, 0.10000000000000142, -0.1999999999999993
4063, 0.10000000000000142, -0.1999999999999993
4064, 0.10000000000000142, -0.1999999999999993
4065, 0.10000000000000142, -0.1999999999999993
4066, 0.10000000000000142, -0.1999999999999993
4067, 0.10000000000000142, -0.1999999999999993
4068, 0.10000000000000142, -0.1999999999999993
4069, 0.10000000000000142, -0.1999999999999993
4070, 0.10000000000000142, -0.1999999999999993
4071, 0.10000000000000142, -0.1999999999999993
4072, 0.10000000000000142, -0.1999999999999993
4073, 0.10000000000000142, -0.1999999999999993
4074, 0.10000000000000142, -0.1999999999999993
4075, 0.10000000000000142, -0.1999999999999993
4076, 0.10000000000000142, -0.1999999999999993
4077, 0.0, -0.1999999999999993
4078, 0.0, -0.1999999999999993
4079, 0.0, -0.1999999999999993
4080, 0.0, -0.10000000000000142
4081, 0.0, -0.10000000000000142
4082, 0.0, -0.10000000000000142
4083, 0.0, -0.10000000000000142
4084, 0.0, -0.10000000000000142
4085, 0.0, -0.10000000000000142
4086, 0.0, -0.10000000000000142
4087, 0.0, -0.10000000000000142
4088, 0.0, -0.10000000000000142
4089, 0.0, -0.10000000000000142
4090, 0.0, -0.10000000000000142
4091, 0.0, -0.10000000000000142
4092, 0.0, -0.10000000000000142
4093, 0.0, -0.10000000000000142
4094, 0.0, -0.10000000000000142
4095, 0.0, -0.10000000000000142
4096, 0.0, -0.10000000000000142
4097, 0.0, -0.10000000000000142
4098, 0.0, -0.10000000000000142
4099, 0.0, -0.10000000000000142
4100, 0.0, -0.10000000000000142
4101, 0.0, -0.10000000000000142
4102, 0.0, -0.10000000000000142
4103, 0.0, -0.10000000000000142
4104, 0.0, -0.10000000000000142
4105, 0.0, -0.10000000000000142
4106, 0.0, -0.10000000000000142
4107, 0.0, -0.10000000000000142
4108, 0.0, -0.10000000000000142
4109, 0.0, -0.10000000000000142
4110, 0.0, -0.10000000000000142
4111, 0.0, -0.10000000000000142
4112, -0.10000000000000142, -0.10000000000000142
4113, -0.10000000000000142, -0.10000000000000142
4114, -0.10000000000000142, -0.10000000000000142
4115, -0.10000000000000142, -0.10000000000000142
4116, -0.10000000000000142, -0.10000000000000142
4117, -0.10000000000000142, -0.10000000000000142
4118, -0.10000000000000142, -0.10000000000000142
4119, -0.10000000000000142, -0.10000000000000142
4120, -0.10000000000000142, -0.10000000000000142
4121, -0.10000000000000142, -0.10000000000000142
4122, -0.10000000000000142, -0.10000000000000142
4123, -0.10000000000000142, -0.10000000000000142
4124, -0.10000000000000142, -0.10000000000000142
4125, -0.10000000000000142, -0.10000000000000142
4126, -0.10000000000000142, -0.10000000000000142
4127, -0.10000000000000142, 0.0
4128, -0.10000000000000142, 0.0
4129, -0.10000000000000142, 0.0
4130, -0.10000000000000142, 0.0
4131, -0.10000000000000142, 0.0
4132, 0.0, 0.0
4133, 0.0, 0.0
4134, 0.0, 0.0
4135, 0.0, 0.0
4136, 0.0, 0.0
4137, 0.0, 0.0
4138, 0.0, 0.0
4139, 0.0, 0.0
4140, 0.0, 0.0
4141, 0.0, -0.1999999999999993
4142, 0.0, -0.1999999999999993
4143, 0.0, -0.1999999999999993
4144, 0.0, -0.1999999999999993
4145, 0.0, -0.1999999999999993
4146, 0.0, -0.1999999999999993
4147, 0.0, -0.1999999999999993
4148, 0.0, -0.1999999999999993
4149, 0.0, -0.1999999999999993
4150, 0.0, -0.1999999999999993
4151, 0.0, -0.10000000000000142
4152, 0.0, -0.10000000000000142
4153, 0.0, -0.10000000000000142
4154, 0.0, -0.10000000000000142
4155, 0.0, -0.10000000000000142
4156, 0.0, -0.10000000000000142
4157, 0.0, -0.1999999999999993
4158, 0.0, -0.1999999999999993
4159, 0.0, -0.1999999999999993
4160, 0.0, -0.1999999999999993
4161, 0.0, -0.1999999999999993
4162, 0.0, -0.1999999999999993
4163, 0.0, -0.1999999999999993
4164, 0.0, -0.1999999999999993
4165, 0.0, -0.1999999999999993
4166, 0.0, -0.1999999999999993
4167, 0.0, -0.1999999999999993
4168, 0.0, -0.1999999999999993
4169, 0.0, -0.1999999999999993
4170, 0.0, -0.1999999999999993
4171, 0.0, -0.1999999999999993
4172, 0.0, -0.1999999999999993
4173, 0.0, -0.1999999999999993
4174, 0.0, -0.1999999999999993
4175, 0.0, -0.1999999999999993
4176, 0.0, -0.1999999999999993
4177, 0.0, -0.10000000000000142
4178, 0.0, -0.10000000000000142
4179, 0.10000000000000142, -0.10000000000000142
4180, 0.10000000000000142, -0.10000000000000142
4181, 0.10000000000000142, -0.10000000000000142
4182, 0.10000000000000142, -0.10000000000000142
4183, 0.10000000000000142, -0.10000000000000142
4184, 0.10000000000000142, -0.10000000000000142
4185, 0.10000000000000142, -0.10000000000000142
4186, 0.10000000000000142, -0.10000000000000142
4187, 0.10000000000000142, -0.10000000000000142
4188, 0.10000000000000142, -0.10000000000000142
4189, 0.10000000000000142, -0.10000000000000142
4190, 0.10000000000000142, -0.10000000000000142
4191, 0.10000000000000142, -0.10000000000000142
4192, 0.10000000000000142, -0.10000000000000142
4193, 0.10000000000000142, -0.10000000000000142
4194, 0.10000000000000142, -0.10000000000000142
4195, 0.10000000000000142, -0.10000000000000142
4196, 0.10000000000000142, -0.10000000000000142
4197, 0.10000000000000142, -0.10000000000000142
4198, 0.10000000000000142, -0.10000000000000142
4199, 0.10000000000000142, -0.10000000000000142
4200, 0.10000000000000142, -0.1999999999999993
4201, 0.10000000000000142, -0.1999999999999993
4202, 0.10000000000000142, -0.1999999999999993
4203, 0.10000000000000142, -0.1999999999999993
4204, 0.10000000000000142, -0.1999999999999993
4205, 0.10000000000000142, -0.1999999999999993
4206, 0.10000000000000142, -0.1999999999999993
4207, 0.10000000000000142, -0.1999999999999993
4208, 0.10000000000000142, -0.1999999999999993
4209, 0.10000000000000142, -0.1999999999999993
4210, 0.10000000000000142, -0.1999999999999993
4211, 0.10000000000000142, -0.1999999999999993
4212, 0.10000000000000142, -0.1999999999999993
4213, 0.10000000000000142, -0.1999999999999993
4214, 0.10000000000000142, -0.1999999999999993
4215, 0.10000000000000142, -0.1999999999999993
4216, 0.10000000000000142, -0.1999999999999993
4217, 0.10000000000000142, -0.1999999999999993
4218, 0.10000000000000142, -0.1999999999999993
4219, 0.10000000000000142, -0.1999999999999993
4220, 0.10000000000000142, -0.1999999999999993
4221, 0.10000000000000142, -0.1999999999999993
4222, 0.10000000000000142, -0.1999999999999993
4223, 0.10000000000000142, -0.1999999999999993
4224, 0.10000000000000142, -0.1999999999999993
4225, 0.0, -0.1999999999999993
4226, 0.0, -0.1999999999999993
4227, 0.0, -0.1999999999999993
4228, 0.0, -0.1999999999999993
4229, -0.10000000000000142, -0.1999999999999993
4230, -0.10000000000000142, -0.1999999999999993
4231, -0.10000000000000142, -0.1999999999999993
4232, -0.10000000000000142, -0.1999999999999993
4233, -0.10000000000000142, -0.1999999999999993
4234, -0.10000000000000142, -0.1999999999999993
4235, -0.10000000000000142, -0.1999999999999993
4236, -0.10000000000000142, -0.1999999999999993
4237, -0.10000000000000142, -0.1999999999999993
4238, -0.10000000000000142, -0.1999999999999993
4239, -0.10000000000000142, -0.1999999999999993
4240, -0.10000000000000142, -0.1999999999999993
4241, -0.10000000000000142, -0.1999999999999993
4242, -0.10000000000000142, -0.1999999999999993
4243, -0.10000000000000142, -0.1999999999999993
4244, -0.10000000000000142, -0.1999999999999993
4245, -0.10000000000000142, -0.1999999999999993
4246, -0.10000000000000142, -0.1999999999999993
4247, -0.10000000000000142, -0.1999999999999993
4248, -0.10000000000000142, -0.1999999999999993
4249, 0.0, -0.1999999999999993
4250, 0.0, -0.1999999999999993
4251, 0.0, -0.1999999999999993
4252, 0.0, -0.1999999999999993
4253, 0.0, -0.1999999999999993
4254, 0.0, -0.1999999999999993
4255, 0.0, -0.1999999999999993
4256, 0.0, -0.1999999999999993
4257, 0.0, -0.1999999999999993
4258, 0.0, -0.1999999999999993
4259, 0.0, -0.1999999999999993
4260, 0.0, -0.1999999999999993
4261, 0.0, -0.1999999999999993
4262, 0.0, -0.1999999999999993
4263, 0.0, -0.1999999999999993
4264, 0.0, -0.1999999999999993
4265, 0.0, -0.1999999999999993
4266, 0.0, -0.1999999999999993
4267, 0.0, -0.1999999999999993
4268, 0.0, -0.1999999999999993
4269, 0.0, -0.1999999999999993
4270, 0.0, -0.1999999999999993
4271, 0.0, -0.1999999999999993
4272, 0.0, -0.1999999999999993
4273, 0.0, -0.1999999999999993
4274, -0.10000000000000142, -0.1999999999999993
4275, -0.10000000000000142, -0.1999999999999993
4276, -0.10000000000000142, -0.1999999999999993
4277, -0.10000000000000142, -0.1999999999999993
4278, -0.10000000000000142, -0.1999999999999993
4279, -0.10000000000000142, -0.1999999999999993
4280, -0.10000000000000142, -0.1999999999999993
4281, -0.10000000000000142, -0.1999999999999993
4282, -0.10000000000000142, -0.1999999999999993
4283, -0.10000000000000142, -0.1999999999999993
4284, -0.10000000000000142, -0.1999999999999993
4285, -0.10000000000000142, -0.1999999999999993
4286, -0.10000000000000142, -0.1999999999999993
4287, -0.10000000000000142, -0.10000000000000142
4288, -0.10000000000000142, -0.10000000000000142
4289, -0.10000000000000142, -0.10000000000000142
4290, -0.10000000000000142, -0.10000000000000142
4291, -0.10000000000000142, -0.10000000000000142
4292, 0.0, -0.10000000000000142
4293, 0.0, -0.10000000000000142
4294, 0.0, -0.10000000000000142
4295, 0.0, -0.10000000000000142
4296, 0.0, -0.10000000000000142
4297, 0.0, -0.10000000000000142
4298, 0.0, -0.10000000000000142
4299, 0.0, -0.10000000000000142
4300, 0.0, -0.10000000000000142
4301, 0.0, -0.10000000000000142
4302, 0.0, -0.10000000000000142
4303, 0.0, -0.10000000000000142
4304, 0.0, -0.10000000000000142
4305, 0.0, -0.10000000000000142
4306, 0.0, -0.10000000000000142
4307, 0.0, -0.10000000000000142
4308, 0.0, -0.10000000000000142
4309, 0.0, -0.10000000000000142
4310, 0.0, -0.10000000000000142
4311, 0.0, -0.10000000000000142
4312, 0.0, -0.10000000000000142
4313, 0.0, -0.10000000000000142
4314, 0.10000000000000142, -0.10000000000000142
4315, 0.10000000000000142, -0.10000000000000142
4316, 0.10000000000000142, -0.10000000000000142
4317, 0.10000000000000142, -0.10000000000000142
4318, 0.10000000000000142, -0.10000000000000142
4319, 0.10000000000000142, -0.10000000000000142
4320, 0.10000000000000142, -0.10000000000000142
4321, 0.10000000000000142, -0.10000000000000142
4322, 0.10000000000000142, 0.0
4323, 0.10000000000000142, 0.0
4324, 0.10000000000000142, 0.0
4325, 0.10000000000000142, 0.0
4326, 0.10000000000000142, 0.0
4327, 0.10000000000000142, 0.0
4328, 0.10000000000000142, 0.0
4329, 0.10000000000000142, 0.0
4330, 0.10000000000000142, 0.0
4331, 0.10000000000000142, 0.0
4332, 0.10000000000000142, 0.0
4333, 0.10000000000000142, 0.0
4334, 0.10000000000000142, 0.0
4335, 0.10000000000000142, 0.0
4336, 0.0, 0.0
4337, 0.0, 0.0
4338, 0.0, 0.0
4339, 0.0, 0.0
4340, 0.0, 0.0
4341, 0.0, 0.0
4342, 0.0, 0.0
4343, 0.0, 0.0
4344, -0.10000000000000142, 0.0
4345, -0.10000000000000142, 0.0
4346, -0.10000000000000142, 0.0
4347, -0.10000000000000142, 0.0
4348, -0.10000000000000142, 0.0
4349, -0.10000000000000142, 0.0
4350, -0.10000000000000142, 0.0
4351, -0.10000000000000142, -0.10000000000000142
4352, -0.10000000000000142, -0.10000000000000142
4353, -0.10000000000000142, -0.10000000000000142
4354, -0.10000000000000142, -0.10000000000000142
4355, -0.10000000000000142, -0.10000000000000142
4356, -0.10000000000000142, -0.10000000000000142
4357, -0.10000000000000142, -0.10000000000000142
4358, -0.10000000000000142, -0.10000000000000142
4359, -0.10000000000000142, -0.10000000000000142
4360, -0.10000000000000142, -0.10000000000000142
4361, -0.10000000000000142, -0.10000000000000142
4362, -0.10000000000000142, -0.1999999999999993
4363, -0.10000000000000142, -0.1999999999999993
4364, -0.10000000000000142, -0.1999999999999993
4365, -0.10000000000000142, -0.1999999999999993
4366, -0.10000000000000142, -0.1999999999999993
4367, -0.10000000000000142, -0.1999999999999993
4368, 0.0, -0.1999999999999993
4369, 0.0, -0.1999999999999993
4370, 0.0, -0.3000000000000007
4371, 0.0, -0.3000000000000007
4372, 0.0, -0.3000000000000007
4373, 0.0, -0.3000000000000007
4374, 0.0, -0.3000000000000007
4375, 0.0, -0.3000000000000007
4376, 0.0, -0.3000000000000007
4377, 0.0, -0.3000000000000007
4378, 0.0, -0.1999999999999993
4379, 0.0, -0.1999999999999993
4380, 0.0, -0.1999999999999993
4381, 0.0, -0.1999999999999993
4382, 0.0, -0.1999999999999993
4383, 0.0, -0.1999999999999993
4384, 0.0, -0.1999999999999993
4385, 0.0, -0.1999999999999993
4386, 0.0, -0.1999999999999993
4387, 0.0, -0.1999999999999993
4388, 0.0, -0.1999999999999993
4389, 0.0, -0.1999999999999993
4390, 0.0, -0.1999999999999993
4391, 0.0, -0.1999999999999993
4392, 0.0, -0.1999999999999993
4393, 0.0, -0.1999999999999993
4394, 0.0, -0.1999999999999993
4395, 0.0, -0.1999999999999993
4396, 0.0, -0.1999999999999993
4397, 0.0, -0.1999999999999993
4398, 0.0, -0.1999999999999993
4399, 0.0, -0.1999999999999993
4400, 0.0, -0.1999999999999993
4401, 0.0, -0.3000000000000007
4402, 0.0, -0.3000000000000007
4403, 0.0, -0.3000000000000007
4404, 0.0, -0.3000000000000007
4405, 0.0, -0.1999999999999993
4406, 0.0, -0.1999999999999993
4407, 0.0, -0.1999999999999993
4408, 0.0, -0.1999999999999993
4409, 0.0, -0.1999999999999993
4410, 0.0, -0.1999999999999993
4411, 0.0, -0.1999999999999993
4412, 0.0, -0.1999999999999993
4413, 0.0, -0.1999999999999993
4414, 0.0, -0.1999999999999993
4415, 0.0, -0.1999999999999993
4416, 0.0, -0.1999999999999993
4417, 0.0, -0.1999999999999993
4418, 0.0, -0.1999999999999993
4419, 0.0, -0.1999999999999993
4420, 0.0, -0.1999999999999993
4421, 0.0, -0.1999999999999993
4422, 0.0, -0.10000000000000142
4423, 0.0, -0.10000000000000142
4424, 0.0, -0.10000000000000142
4425, 0.0, -0.10000000000000142
4426, 0.0, -0.10000000000000142
4427, 0.0, -0.10000000000000142
4428, 0.0, -0.10000000000000142
4429, 0.0, -0.10000000000000142
4430, 0.0, -0.10000000000000142
4431, 0.0, -0.10000000000000142
4432, 0.0, -0.10000000000000142
4433, 0.0, -0.10000000000000142
4434, 0.0, -0.10000000000000142
4435, 0.0, -0.10000000000000142
4436, 0.0, -0.10000000000000142
4437, 0.0, -0.10000000000000142
4438, 0.0, -0.10000000000000142
4439, 0.0, -0.10000000000000142
4440, 0.0, -0.10000000000000142
4441, 0.0, -0.10000000000000142
4442, 0.0, -0.10000000000000142
4443, 0.0, -0.10000000000000142
4444, 0.0, -0.10000000000000142
4445, 0.0, -0.10000000000000142
4446, 0.0, -0.10000000000000142
4447, 0.0, -0.10000000000000142
4448, 0.0, -0.10000000000000142
4449, 0.0, -0.10000000000000142
4450, 0.0, -0.10000000000000142
4451, 0.0, -0.10000000000000142
4452, 0.0, -0.10000000000000142
4453, 0.0, -0.10000000000000142
4454, 0.0, -0.10000000000000142
4455, 0.0, -0.10000000000000142
4456, 0.0, -0.10000000000000142
4457, 0.0, -0.10000000000000142
4458, 0.0, -0.10000000000000142
4459, 0.0, -0.1999999999999993
4460, 0.0, -0.1999999999999993
4461, 0.0, -0.1999999999999993
4462, 0.0, -0.1999999999999993
4463, 0.0, -0.10000000000000142
4464, 0.0, -0.10000000000000142
4465, 0.0, -0.10000000000000142
4466, 0.0, -0.10000000000000142
4467, 0.0, -0.10000000000000142
4468, 0.0, -0.10000000000000142
4469, -0.10000000000000142, -0.10000000000000142
4470, -0.10000000000000142, -0.10000000000000142
4471, -0.10000000000000142, -0.10000000000000142
4472, -0.10000000000000142, -0.10000000000000142
4473, -0.10000000000000142, -0.10000000000000142
4474, -0.10000000000000142, -0.10000000000000142
4475, -0.10000000000000142, -0.10000000000000142
4476, -0.10000000000000142, -0.10000000000000142
4477, -0.10000000000000142, -0.10000000000000142
4478, -0.10000000000000142, -0.10000000000000142
4479, -0.10000000000000142, -0.10000000000000142
4480, -0.10000000000000142, -0.10000000000000142
4481, -0.10000000000000142, -0.10000000000000142
4482, -0.10000000000000142, -0.10000000000000142
4483, -0.10000000000000142, -0.10000000000000142
4484, -0.10000000000000142, -0.10000000000000142
4485, -0.10000000000000142, -0.10000000000000142
4486, -0.10000000000000142, -0.10000000000000142
4487, -0.10000000000000142, -0.10000000000000142
4488, -0.10000000000000142, -0.10000000000000142
4489, -0.10000000000000142, -0.10000000000000142
4490, -0.10000000000000142, -0.10000000000000142
4491, -0.10000000000000142, -0.10000000000000142
4492, -0.10000000000000142, -0.10000000000000142
4493, -0.10000000000000142, -0.10000000000000142
4494, -0.10000000000000142, -0.10000000000000142
4495, -0.10000000000000142, -0.10000000000000142
4496, -0.10000000000000142, -0.10000000000000142
4497, -0.10000000000000142, -0.1999999999999993
4498, -0.10000000000000142, -0.1999999999999993
4499, -0.10000000000000142, -0.1999999999999993
4500, -0.10000000000000142, -0.1999999999999993
4501, -0.1999999999999993, -0.1999999999999993
4502, -0.1999999999999993, -0.1999999999999993
4503, -0.1999999999999993, -0.1999999999999993
4504, -0.1999999999999993, -0.1999999999999993
4505, -0.1999999999999993, -0.1999999999999993
4506, -0.1999999999999993, -0.1999999999999993
4507, -0.1999999999999993, -0.1999999999999993
4508, -0.1999999999999993, -0.1999999999999993
4509, -0.1999999999999993, -0.1999999999999993
4510, -0.10000000000000142, -0.1999999999999993
4511, -0.10000000000000142, -0.1999999999999993
4512, -0.10000000000000142, -0.1999999999999993
4513, -0.10000000000000142, -0.1999999999999993
4514, -0.10000000000000142, -0.1999999999999993
4515, -0.10000000000000142, -0.1999999999999993
4516, -0.10000000000000142, -0.1999999999999993
4517, -0.10000000000000142, -0.1999999999999993
4518, -0.10000000000000142, -0.1999999999999993
4519, 0.0, -0.1999999999999993
4520, 0.0, -0.1999999999999993
4521, 0.0, -0.1999999999999993
4522, 0.0, -0.1999999999999993
4523, 0.0, -0.1999999999999993
4524, 0.0, -0.1999999999999993
4525, 0.0, -0.1999999999999993
4526, 0.0, -0.1999999999999993
4527, 0.0, -0.1999999999999993
4528, 0.0, -0.1999999999999993
4529, 0.0, -0.1999999999999993
4530, 0.0, -0.1999999999999993
4531, 0.0, -0.1999999999999993
4532, 0.0, -0.1999999999999993
4533, 0.0, -0.10000000000000142
4534, 0.0, -0.10000000000000142
4535, 0.0, -0.10000000000000142
4536, 0.0, -0.10000000000000142
4537, 0.0, -0.10000000000000142
4538, 0.0, -0.10000000000000142
4539, 0.0, -0.10000000000000142
4540, 0.0, -0.10000000000000142
4541, 0.0, -0.10000000000000142
4542, -0.10000000000000142, -0.10000000000000142
4543, -0.10000000000000142, -0.10000000000000142
4544, -0.10000000000000142, -0.10000000000000142
4545, -0.10000000000000142, -0.10000000000000142
4546, -0.10000000000000142, -0.10000000000000142
4547, -0.10000000000000142, -0.10000000000000142
4548, 0.0, -0.10000000000000142
4549, 0.0, -0.10000000000000142
4550, 0.0, -0.10000000000000142
4551, 0.0, -0.10000000000000142
4552, -0.10000000000000142, -0.10000000000000142
4553, -0.10000000000000142, -0.10000000000000142
4554, -0.10000000000000142, -0.10000000000000142
4555, -0.10000000000000142, -0.10000000000000142
4556, -0.10000000000000142, -0.10000000000000142
4557, -0.10000000000000142, -0.10000000000000142
4558, -0.10000000000000142, -0.10000000000000142
4559, -0.10000000000000142, -0.10000000000000142
4560, -0.10000000000000142, -0.10000000000000142
4561, -0.10000000000000142, -0.10000000000000142
4562, -0.10000000000000142, -0.10000000000000142
4563, -0.10000000000000142, -0.10000000000000142
4564, -0.10000000000000142, -0.10000000000000142
4565, -0.10000000000000142, -0.10000000000000142
4566, -0.10000000000000142, -0.10000000000000142
4567, -0.10000000000000142, -0.10000000000000142
4568, -0.10000000000000142, -0.10000000000000142
4569, -0.10000000000000142, -0.10000000000000142
4570, -0.10000000000000142, -0.10000000000000142
4571, -0.10000000000000142, -0.10000000000000142
4572, -0.10000000000000142, -0.10000000000000142
4573, -0.10000000000000142, -0.10000000000000142
4574, -0.10000000000000142, -0.1999999999999993
4575, 0.0, -0.1999999999999993
4576, 0.0, -0.1999999999999993
4577, 0.0, -0.1999999999999993
4578, 0.0, -0.1999999999999993
4579, 0.0, -0.1999999999999993
4580, 0.0, -0.1999999999999993
4581, 0.0, -0.1999999999999993
4582, 0.0, -0.1999999999999993
4583, 0.0, -0.1999999999999993
4584, 0.0, -0.1999999999999993
4585, 0.0, -0.1999999999999993
4586, 0.0, -0.1999999999999993
4587, 0.0, -0.10000000000000142
4588, 0.0, -0.10000000000000142
4589, 0.0, -0.10000000000000142
4590, 0.0, -0.10000000000000142
4591, 0.0, -0.1999999999999993
4592, 0.0, -0.1999999999999993
4593, 0.0, -0.1999999999999993
4594, 0.0, -0.1999999999999993
4595, 0.0, -0.1999999999999993
4596, 0.0, -0.1999999999999993
4597, 0.0, -0.1999999999999993
4598, 0.0, -0.1999999999999993
4599, 0.0, -0.1999999999999993
4600, 0.0, -0.1999999999999993
4601, 0.0, -0.1999999999999993
4602, 0.0, -0.1999999999999993
4603, 0.0, -0.1999999999999993
4604, 0.0, -0.1999999999999993
4605, 0.0, -0.1999999999999993
4606, 0.0, -0.1999999999999993
4607, 0.0, -0.1999999999999993
4608, 0.0, -0.1999999999999993
4609, 0.0, -0.1999999999999993
4610, 0.0, -0.1999999999999993
4611, 0.0, -0.1999999999999993
4612, 0.0, -0.1999999999999993
4613, 0.0, -0.1999999999999993
4614, 0.0, -0.1999999999999993
4615, 0.0, -0.1999999999999993
4616, 0.0, -0.10000000000000142
4617, 0.0, -0.10000000000000142
4618, 0.0, -0.10000000000000142
4619, 0.0, -0.10000000000000142
4620, 0.0, -0.10000000000000142
4621, 0.0, -0.10000000000000142
4622, 0.0, -0.10000000000000142
4623, 0.0, -0.10000000000000142
4624, 0.0, -0.10000000000000142
4625, 0.0, -0.10000000000000142
4626, 0.0, -0.10000000000000142
4627, 0.0, -0.10000000000000142
4628, 0.0, -0.10000000000000142
4629, 0.0, -0.10000000000000142
4630, 0.0, -0.10000000000000142
4631, 0.0, -0.10000000000000142
4632, 0.0, -0.10000000000000142
4633, 0.0, -0.10000000000000142
4634, -0.10000000000000142, -0.1999999999999993
4635, -0.10000000000000142, -0.1999999999999993
4636, -0.10000000000000142, -0.10000000000000142
4637, -0.10000000000000142, -0.10000000000000142
4638, -0.10000000000000142, -0.10000000000000142
4639, -0.10000000000000142, -0.10000000000000142
4640, -0.10000000000000142, -0.10000000000000142
4641, -0.10000000000000142, -0.10000000000000142
4642, -0.10000000000000142, -0.10000000000000142
4643, -0.10000000000000142, -0.10000000000000142
4644, 0.0, -0.10000000000000142
4645, 0.0, -0.10000000000000142
4646, 0.0, -0.10000000000000142
4647, 0.0, -0.10000000000000142
4648, 0.0, -0.10000000000000142
4649, 0.0, -0.10000000000000142
4650, 0.0, -0.10000000000000142
4651, 0.0, -0.10000000000000142
4652, 0.0, -0.10000000000000142
4653, 0.0, -0.10000000000000142
4654, 0.0, -0.10000000000000142
4655, 0.0, -0.10000000000000142
4656, 0.0, -0.10000000000000142
4657, 0.0, -0.10000000000000142
4658, 0.0, -0.10000000000000142
4659, 0.0, -0.10000000000000142
4660, 0.0, -0.10000000000000142
4661, 0.0, -0.10000000000000142
4662, 0.0, -0.10000000000000142
4663, 0.0, -0.10000000000000142
4664, 0.0, -0.10000000000000142
4665, 0.10000000000000142, -0.10000000000000142
4666, 0.10000000000000142, -0.10000000000000142
4667, 0.10000000000000142, -0.10000000000000142
4668, 0.10000000000000142, -0.10000000000000142
4669, 0.10000000000000142, -0.10000000000000142
4670, 0.10000000000000142, -0.10000000000000142
4671, 0.10000000000000142, -0.10000000000000142
4672, 0.0, -0.10000000000000142
4673, 0.0, -0.10000000000000142
4674, 0.0, -0.10000000000000142
4675, 0.0, -0.10000000000000142
4676, 0.0, -0.10000000000000142
4677, 0.0, -0.10000000000000142
4678, 0.0, -0.10000000000000142
4679, 0.0, -0.10000000000000142
4680, 0.0, -0.10000000000000142
4681, 0.0, -0.10000000000000142
4682, 0.0, -0.10000000000000142
4683, 0.0, -0.10000000000000142
4684, 0.0, -0.10000000000000142
4685, 0.0, -0.10000000000000142
4686, 0.0, -0.10000000000000142
4687, 0.0, -0.10000000000000142
4688, 0.0, -0.10000000000000142
4689, 0.0, -0.10000000000000142
4690, 0.0, -0.10000000000000142
4691, 0.0, -0.10000000000000142
4692, 0.0, -0.1999999999999993
4693, 0.0, -0.1999999999999993
4694, 0.0, -0.1999999999999993
4695, 0.0, -0.1999999999999993
4696, 0.0, -0.1999999999999993
4697, 0.0, -0.1999999999999993
4698, 0.0, -0.1999999999999993
4699, 0.0, -0.10000000000000142
4700, 0.0, -0.10000000000000142
4701, 0.0, -0.10000000000000142
4702, 0.0, -0.10000000000000142
4703, 0.0, -0.10000000000000142
4704, 0.0, -0.10000000000000142
4705, 0.0, -0.10000000000000142
4706, 0.0, -0.10000000000000142
4707, 0.0, -0.10000000000000142
4708, 0.0, -0.10000000000000142
4709, 0.0, -0.10000000000000142
4710, 0.0, -0.10000000000000142
4711, 0.0, -0.10000000000000142
4712, 0.0, -0.10000000000000142
4713, 0.0, -0.10000000000000142
4714, 0.0, -0.10000000000000142
4715, 0.0, -0.10000000000000142
4716, 0.0, -0.10000000000000142
4717, 0.0, -0.10000000000000142
4718, 0.0, 0.0
4719, 0.0, 0.0
4720, 0.0, 0.0
4721, 0.0, -0.10000000000000142
4722, 0.0, -0.10000000000000142
4723, 0.0, -0.10000000000000142
4724, 0.0, -0.10000000000000142
4725, 0.0, -0.10000000000000142
4726, 0.0, -0.10000000000000142
4727, 0.0, -0.10000000000000142
4728, 0.0, -0.10000000000000142
4729, 0.0, -0.10000000000000142
4730, 0.0, -0.10000000000000142
4731, 0.0, -0.10000000000000142
4732, 0.0, -0.10000000000000142
4733, 0.0, -0.10000000000000142
4734, 0.0, -0.10000000000000142
4735, 0.0, -0.10000000000000142
4736, 0.0, -0.10000000000000142
4737, 0.0, -0.10000000000000142
4738, 0.0, -0.10000000000000142
4739, 0.0, -0.10000000000000142
4740, 0.0, -0.10000000000000142
4741, 0.0, -0.10000000000000142
4742, 0.0, -0.10000000000000142
4743, 0.0, -0.10000000000000142
4744, 0.0, -0.10000000000000142
4745, 0.0, -0.10000000000000142
4746, 0.0, -0.10000000000000142
4747, 0.0, -0.10000000000000142
4748, 0.0, -0.10000000000000142
4749, 0.0, -0.10000000000000142
4750, 0.0, -0.10000000000000142
4751, 0.0, -0.10000000000000142
4752, 0.0, -0.10000000000000142
4753, 0.0, -0.10000000000000142
4754, 0.0, -0.10000000000000142
4755, 0.0, -0.10000000000000142
4756, 0.0, -0.10000000000000142
4757, 0.0, -0.10000000000000142
4758, 0.0, -0.10000000000000142
4759, 0.0, -0.10000000000000142
4760, 0.0, -0.10000000000000142
4761, 0.0, -0.10000000000000142
4762, 0.0, -0.10000000000000142
4763, 0.0, -0.1999999999999993
4764, -0.10000000000000142, -0.1999999999999993
4765, -0.10000000000000142, -0.1999999999999993
4766, -0.10000000000000142, -0.1999999999999993
4767, -0.10000000000000142, -0.1999999999999993
4768, -0.10000000000000142, -0.1999999999999993
4769, -0.10000000000000142, -0.1999999999999993
4770, -0.10000000000000142, -0.1999999999999993
4771, -0.10000000000000142, -0.1999999999999993
4772, -0.10000000000000142, -0.10000000000000142
4773, -0.10000000000000142, -0.10000000000000142
4774, -0.10000000000000142, -0.10000000000000142
4775, -0.10000000000000142, -0.10000000000000142
4776, -0.10000000000000142, -0.10000000000000142
4777, -0.10000000000000142, -0.10000000000000142
4778, -0.10000000000000142, -0.1999999999999993
4779, -0.10000000000000142, -0.1999999999999993
4780, -0.10000000000000142, -0.1999999999999993
4781, -0.10000000000000142, -0.1999999999999993
4782, -0.10000000000000142, -0.1999999999999993
4783, -0.10000000000000142, -0.1999999999999993
4784, -0.10000000000000142, -0.1999999999999993
4785, -0.10000000000000142, -0.1999999999999993
4786, -0.10000000000000142, -0.1999999999999993
4787, -0.10000000000000142, -0.1999999999999993
4788, -0.10000000000000142, -0.1999999999999993
4789, -0.10000000000000142, -0.1999999999999993
4790, -0.10000000000000142, -0.1999999999999993
4791, -0.10000000000000142, -0.1999999999999993
4792, -0.10000000000000142, -0.1999999999999993
4793, -0.10000000000000142, -0.1999999999999993
4794, -0.10000000000000142, -0.1999999999999993
4795, -0.10000000000000142, -0.1999999999999993
4796, -0.10000000000000142, -0.1999999999999993
4797, -0.10000000000000142, -0.10000000000000142
4798, -0.10000000000000142, -0.10000000000000142
4799, -0.10000000000000142, -0.10000000000000142
4800, -0.10000000000000142, -0.10000000000000142
4801, -0.10000000000000142, -0.10000000000000142
4802, -0.10000000000000142, -0.10000000000000142
4803, -0.10000000000000142, -0.10000000000000142
4804, -0.10000000000000142, -0.10000000000000142
4805, -0.10000000000000142, -0.10000000000000142
4806, -0.10000000000000142, -0.10000000000000142
4807, -0.10000000000000142, -0.10000000000000142
4808, -0.10000000000000142, -0.10000000000000142
4809, -0.10000000000000142, -0.10000000000000142
4810, -0.10000000000000142, -0.10000000000000142
4811, -0.10000000000000142, -0.10000000000000142
4812, -0.10000000000000142, -0.10000000000000142
4813, -0.10000000000000142, -0.10000000000000142
4814, -0.10000000000000142, -0.10000000000000142
4815, -0.10000000000000142, -0.10000000000000142
4816, -0.10000000000000142, -0.10000000000000142
4817, -0.10000000000000142, -0.10000000000000142
4818, 0.0, -0.10000000000000142
4819, 0.0, -0.10000000000000142
4820, 0.0, -0.10000000000000142
4821, 0.0, -0.10000000000000142
4822, 0.0, -0.1999999999999993
4823, 0.0, -0.1999999999999993
4824, 0.0, -0.1999999999999993
4825, 0.0, -0.1999999999999993
4826, 0.0, -0.1999999999999993
4827, 0.0, -0.1999999999999993
4828, 0.0, -0.1999999999999993
4829, 0.0, -0.1999999999999993
4830, 0.0, -0.10000000000000142
4831, 0.0, -0.10000000000000142
4832, 0.0, -0.10000000000000142
4833, 0.0, -0.10000000000000142
4834, 0.0, -0.10000000000000142
4835, 0.0, -0.10000000000000142
4836, 0.0, -0.10000000000000142
4837, 0.0, -0.10000000000000142
4838, 0.0, -0.10000000000000142
4839, 0.0, -0.10000000000000142
4840, 0.0, -0.10000000000000142
4841, 0.0, -0.10000000000000142
4842, 0.0, -0.10000000000000142
4843, 0.0, -0.10000000000000142
4844, 0.0, -0.10000000000000142
4845, 0.0, -0.10000000000000142
4846, 0.0, -0.10000000000000142
4847, 0.0, -0.1999999999999993
4848, 0.0, -0.1999999999999993
4849, 0.0, -0.1999999999999993
4850, 0.0, -0.1999999999999993
4851, 0.0, -0.1999999999999993
4852, 0.0, -0.1999999999999993
4853, 0.0, -0.1999999999999993
4854, 0.0, -0.1999999999999993
4855, 0.0, -0.1999999999999993
4856, 0.0, -0.1999999999999993
4857, 0.0, -0.1999999999999993
4858, -0.10000000000000142, -0.1999999999999993
4859, -0.10000000000000142, -0.1999999999999993
4860, -0.10000000000000142, -0.1999999999999993
4861, -0.10000000000000142, -0.1999999999999993
4862, -0.10000000000000142, -0.1999999999999993
4863, -0.10000000000000142, -0.1999999999999993
4864, -0.10000000000000142, -0.1999999999999993
4865, -0.10000000000000142, -0.1999999999999993
4866, -0.10000000000000142, -0.1999999999999993
4867, -0.10000000000000142, -0.1999999999999993
4868, -0.10000000000000142, -0.1999999999999993
4869, -0.10000000000000142, -0.1999999999999993
4870, -0.10000000000000142, -0.1999999999999993
4871, -0.10000000000000142, -0.1999999999999993
4872, 0.0, -0.1999999999999993
4873, 0.0, -0.1999999999999993
4874, 0.0, -0.1999999999999993
4875, 0.0, -0.1999999999999993
4876, 0.0, -0.1999999999999993
4877, 0.0, -0.10000000000000142
4878, 0.0, -0.10000000000000142
4879, 0.0, -0.10000000000000142
4880, 0.0, -0.10000000000000142
4881, 0.0, -0.10000000000000142
4882, 0.0, -0.10000000000000142
4883, 0.0, -0.10000000000000142
4884, 0.0, -0.10000000000000142
4885, 0.0, -0.10000000000000142
4886, 0.0, -0.10000000000000142
4887, 0.0, -0.10000000000000142
4888, 0.0, -0.10000000000000142
4889, 0.0, -0.10000000000000142
4890, 0.0, -0.10000000000000142
4891, 0.0, -0.10000000000000142
4892, 0.0, -0.10000000000000142
4893, 0.0, -0.10000000000000142
4894, 0.0, -0.10000000000000142
4895, 0.0, -0.10000000000000142
4896, 0.0, -0.10000000000000142
4897, 0.0, -0.10000000000000142
4898, 0.0, -0.1999999999999993
4899, -0.10000000000000142, -0.1999999999999993
4900, -0.10000000000000142, -0.1999999999999993
4901, -0.10000000000000142, -0.1999999999999993
4902, -0.10000000000000142, -0.1999999999999993
4903, -0.10000000000000142, -0.1999999999999993
4904, -0.10000000000000142, -0.1999999999999993
4905, -0.10000000000000142, -0.1999999999999993
4906, -0.10000000000000142, -0.1999999999999993
4907, -0.10000000000000142, -0.10000000000000142
4908, -0.10000000000000142, -0.10000000000000142
4909, -0.10000000000000142, -0.10000000000000142
4910, -0.10000000000000142, -0.10000000000000142
4911, -0.10000000000000142, -0.10000000000000142
4912, -0.10000000000000142, -0.10000000000000142
4913, -0.10000000000000142, -0.10000000000000142
4914, -0.10000000000000142, -0.10000000000000142
4915, -0.10000000000000142, -0.10000000000000142
4916, -0.10000000000000142, -0.10000000000000142
4917, -0.10000000000000142, -0.10000000000000142
4918, -0.10000000000000142, -0.10000000000000142
4919, -0.10000000000000142, -0.10000000000000142
4920, -0.10000000000000142, -0.10000000000000142
4921, -0.10000000000000142, -0.10000000000000142
4922, -0.10000000000000142, -0.10000000000000142
4923, -0.10000000000000142, -0.10000000000000142
4924, -0.10000000000000142, -0.10000000000000142
4925, -0.1999999999999993, -0.10000000000000142
4926, -0.10000000000000142, -0.10000000000000142
4927, -0.10000000000000142, -0.10000000000000142
4928, -0.10000000000000142, -0.10000000000000142
4929, -0.10000000000000142, -0.10000000000000142
4930, -0.10000000000000142, -0.10000000000000142
4931, -0.10000000000000142, -0.10000000000000142
4932, -0.10000000000000142, -0.10000000000000142
4933, -0.10000000000000142, -0.10000000000000142
4934, -0.10000000000000142, -0.1999999999999993
4935, -0.10000000000000142, -0.1999999999999993
4936, 0.0, -0.1999999999999993
4937, 0.0, -0.1999999999999993
4938, 0.0, -0.1999999999999993
4939, 0.0, -0.1999999999999993
4940, 0.0, -0.1999999999999993
4941, 0.0, -0.1999999999999993
4942, 0.0, -0.1999999999999993
4943, 0.0, -0.1999999999999993
4944, 0.0, -0.1999999999999993
4945, 0.0, -0.1999999999999993
4946, 0.0, -0.1999999999999993
4947, 0.0, -0.1999999999999993
4948, 0.0, -0.1999999999999993
4949, 0.10000000000000142, -0.1999999999999993
4950, 0.10000000000000142, -0.1999999999999993
4951, 0.10000000000000142, -0.1999999999999993
4952, 0.10000000000000142, -0.1999999999999993
4953, 0.10000000000000142, -0.1999999999999993
4954, 0.10000000000000142, -0.1999999999999993
4955, 0.10000000000000142, -0.1999999999999993
4956, 0.10000000000000142, -0.1999999999999993
4957, 0.10000000000000142, -0.1999999999999993
4958, 0.10000000000000142, -0.1999999999999993
4959, 0.10000000000000142, -0.1999999999999993
4960, 0.10000000000000142, -0.1999999999999993
4961, 0.10000000000000142, -0.1999999999999993
4962, 0.10000000000000142, -0.1999999999999993
4963, 0.10000000000000142, -0.1999999999999993
4964, 0.10000000000000142, -0.1999999999999993
4965, 0.10000000000000142, -0.1999999999999993
4966, 0.10000000000000142, -0.1999999999999993
4967, 0.10000000000000142, -0.1999999999999993
4968, 0.0, -0.1999999999999993
4969, 0.0, -0.1999999999999993
4970, 0.0, -0.1999999999999993
4971, 0.0, -0.1999999999999993
4972, 0.0, -0.1999999999999993
4973, 0.0, -0.1999999999999993
4974, 0.0, -0.1999999999999993
4975, 0.0, -0.1999999999999993
4976, 0.0, -0.1999999999999993
4977, 0.0, -0.1999999999999993
4978, 0.0, -0.1999999999999993
4979, 0.0, -0.1999999999999993
4980, 0.0, -0.1999999999999993
4981, 0.0, -0.1999999999999993
4982, 0.0, -0.1999999999999993
4983, 0.0, -0.1999999999999993
4984, 0.0, -0.1999999999999993
4985, 0.0, -0.10000000000000142
4986, 0.0, -0.10000000000000142
4987, 0.0, -0.10000000000000142
4988, 0.0, -0.10000000000000142
4989, 0.0, -0.10000000000000142
4990, 0.0, -0.10000000000000142
4991, 0.0, -0.10000000000000142
4992, 0.0, -0.10000000000000142
4993, 0.0, -0.10000000000000142
4994, 0.0, -0.10000000000000142
4995, 0.0, -0.10000000000000142
4996, 0.0, -0.10000000000000142
4997, 0.0, -0.10000000000000142
4998, 0.0, -0.10000000000000142
4999, 0.0, -0.10000000000000142
5000, 0.0, -0.10000000000000142
5001, 0.0, -0.10000000000000142
5002, 0.0, -0.10000000000000142
5003, 0.0, -0.10000000000000142
5004, 0.0, -0.10000000000000142
5005, 0.0, -0.10000000000000142
5006, 0.0, -0.10000000000000142
5007, 0.0, -0.10000000000000142
5008, 0.0, -0.10000000000000142
5009, 0.0, -0.10000000000000142
5010, 0.0, -0.10000000000000142
5011, 0.0, -0.10000000000000142
5012, 0.0, -0.1999999999999993
5013, 0.0, -0.1999999999999993
5014, 0.0, -0.1999999999999993
5015, 0.0, -0.1999999999999993
5016, -0.10000000000000142, -0.1999999999999993
5017, -0.10000000000000142, -0.10000000000000142
5018, 0.0, -0.10000000000000142
5019, 0.0, -0.10000000000000142
5020, 0.0, -0.10000000000000142
5021, 0.0, -0.10000000000000142
5022, 0.0, -0.10000000000000142
5023, 0.0, -0.10000000000000142
5024, 0.0, -0.10000000000000142
5025, 0.0, -0.10000000000000142
5026, 0.0, -0.10000000000000142
5027, 0.0, -0.10000000000000142
5028, 0.0, -0.10000000000000142
5029, 0.0, -0.10000000000000142
5030, 0.0, -0.10000000000000142
5031, 0.0, -0.10000000000000142
5032, 0.0, -0.10000000000000142
5033, 0.0, -0.10000000000000142
5034, 0.0, -0.10000000000000142
5035, 0.0, -0.10000000000000142
5036, 0.0, -0.10000000000000142
5037, 0.0, -0.10000000000000142
5038, 0.0, -0.10000000000000142
5039, 0.0, -0.10000000000000142
5040, 0.0, -0.10000000000000142
5041, 0.0, -0.10000000000000142
5042, 0.0, -0.10000000000000142
5043, 0.0, -0.10000000000000142
5044, 0.0, -0.10000000000000142
5045, 0.0, -0.1999999999999993
5046, 0.0, -0.1999999999999993
5047, 0.0, -0.1999999999999993
5048, 0.0, -0.1999999999999993
5049, 0.0, -0.1999999999999993
5050, 0.0, -0.1999999999999993
5051, 0.0, -0.1999999999999993
5052, 0.0, -0.10000000000000142
5053, 0.0, -0.10000000000000142
5054, 0.0, -0.10000000000000142
5055, 0.0, -0.10000000000000142
5056, 0.0, -0.10000000000000142
5057, 0.0, -0.10000000000000142
5058, 0.0, -0.10000000000000142
5059, 0.0, -0.10000000000000142
5060, 0.0, -0.10000000000000142
5061, 0.0, -0.10000000000000142
5062, 0.0, -0.10000000000000142
5063, 0.0, -0.10000000000000142
5064, 0.0, -0.10000000000000142
5065, 0.0, -0.10000000000000142
5066, 0.0, -0.10000000000000142
5067, 0.0, -0.10000000000000142
5068, 0.0, -0.10000000000000142
5069, 0.0, -0.10000000000000142
5070, 0.0, -0.10000000000000142
5071, 0.0, -0.10000000000000142
5072, 0.0, -0.10000000000000142
5073, 0.0, -0.10000000000000142
5074, 0.0, -0.10000000000000142
5075, 0.0, -0.10000000000000142
5076, -0.10000000000000142, -0.10000000000000142
5077, -0.10000000000000142, -0.1999999999999993
5078, -0.10000000000000142, -0.1999999999999993
5079, -0.10000000000000142, -0.1999999999999993
5080, -0.10000000000000142, -0.1999999999999993
5081, -0.10000000000000142, -0.1999999999999993
5082, 0.0, -0.1999999999999993
5083, 0.0, -0.1999999999999993
5084, -0.10000000000000142, -0.1999999999999993
5085, -0.10000000000000142, -0.1999999999999993
5086, -0.10000000000000142, -0.1999999999999993
5087, -0.10000000000000142, -0.1999999999999993
5088, -0.10000000000000142, -0.1999999999999993
5089, -0.10000000000000142, -0.1999999999999993
5090, -0.10000000000000142, -0.1999999999999993
5091, -0.10000000000000142, -0.1999999999999993
5092, -0.10000000000000142, -0.1999999999999993
5093, -0.10000000000000142, -0.1999999999999993
5094, -0.10000000000000142, -0.1999999999999993
5095, -0.10000000000000142, -0.1999999999999993
5096, -0.10000000000000142, -0.1999999999999993
5097, -0.10000000000000142, -0.1999999999999993
5098, -0.10000000000000142, -0.1999999999999993
5099, -0.10000000000000142, -0.1999999999999993
5100, -0.10000000000000142, -0.1999999999999993
5101, -0.10000000000000142, -0.1999999999999993
5102, -0.10000000000000142, -0.1999999999999993
5103, -0.10000000000000142, -0.1999999999999993
5104, -0.10000000000000142, -0.1999999999999993
5105, -0.10000000000000142, -0.1999999999999993
5106, -0.10000000000000142, -0.1999999999999993
5107, -0.10000000000000142, -0.1999999999999993
5108, -0.10000000000000142, -0.1999999999999993
5109, -0.10000000000000142, -0.1999999999999993
5110, -0.10000000000000142, -0.1999999999999993
5111, -0.10000000000000142, -0.1999999999999993
5112, 0.0, -0.1999999999999993
5113, 0.0, -0.1999999999999993
5114, 0.0, -0.1999999999999993
5115, 0.0, -0.1999999999999993
5116, 0.0, -0.1999999999999993
5117, 0.0, -0.1999999999999993
5118, 0.0, -0.1999999999999993
5119, 0.0, -0.1999999999999993
5120, 0.0, -0.1999999999999993
5121, 0.0, -0.1999999999999993
5122, 0.0, -0.1999999999999993
5123, 0.0, -0.1999999999999993
5124, 0.0, -0.1999999999999993
5125, 0.0, -0.1999999999999993
5126, 0.0, -0.1999999999999993
5127, 0.0, -0.1999999999999993
5128, 0.0, -0.1999999999999993
5129, 0.0, -0.1999999999999993
5130, 0.0, -0.1999999999999993
5131, 0.0, -0.1999999999999993
5132, 0.0, -0.1999999999999993
5133, 0.0, -0.1999999999999993
5134, 0.0, -0.1999999999999993
5135, 0.0, -0.1999999999999993
5136, 0.0, -0.1999999999999993
5137, 0.0, -0.1999999999999993
5138, 0.0, -0.1999999999999993
5139, 0.0, -0.1999999999999993
5140, 0.0, -0.1999999999999993
5141, 0.0, -0.1999999999999993
5142, 0.0, -0.1999999999999993
5143, 0.0, -0.1999999999999993
5144, 0.0, -0.1999999999999993
5145, 0.0, -0.1999999999999993
5146, 0.0, -0.1999999999999993
5147, 0.0, -0.1999999999999993
5148, 0.0, -0.1999999999999993
5149, 0.0, -0.1999999999999993
5150, 0.0, -0.10000000000000142
5151, 0.0, -0.10000000000000142
5152, 0.0, -0.10000000000000142
5153, 0.0, -0.10000000000000142
5154, 0.0, -0.10000000000000142
5155, 0.0, -0.10000000000000142
5156, 0.0, -0.10000000000000142
5157, 0.0, -0.10000000000000142
5158, 0.0, -0.10000000000000142
5159, 0.0, -0.1999999999999993
5160, 0.0, -0.1999999999999993
5161, 0.0, -0.1999999999999993
5162, 0.0, -0.1999999999999993
5163, 0.0, -0.1999999999999993
5164, 0.0, -0.1999999999999993
5165, 0.0, -0.1999999999999993
5166, -0.10000000000000142, -0.1999999999999993
5167, -0.10000000000000142, -0.1999999999999993
5168, -0.10000000000000142, -0.1999999999999993
5169, -0.10000000000000142, -0.1999999999999993
5170, -0.10000000000000142, -0.1999999999999993
5171, -0.10000000000000142, -0.1999999999999993
5172, -0.10000000000000142, -0.1999999999999993
5173, -0.10000000000000142, -0.1999999999999993
5174, -0.10000000000000142, -0.10000000000000142
5175, -0.10000000000000142, -0.10000000000000142
5176, -0.10000000000000142, -0.10000000000000142
5177, -0.10000000000000142, -0.10000000000000142
5178, -0.10000000000000142, -0.10000000000000142
5179, -0.10000000000000142, -0.10000000000000142
5180, -0.10000000000000142, -0.10000000000000142
5181, -0.10000000000000142, -0.10000000000000142
5182, -0.10000000000000142, -0.1999999999999993
5183, -0.10000000000000142, -0.1999999999999993
5184, -0.10000000000000142, -0.1999999999999993
5185, -0.10000000000000142, -0.1999999999999993
5186, -0.10000000000000142, -0.1999999999999993
5187, -0.10000000000000142, -0.1999999999999993
5188, -0.10000000000000142, -0.1999999999999993
5189, -0.10000000000000142, -0.1999999999999993
5190, -0.10000000000000142, -0.1999999999999993
5191, -0.10000000000000142, -0.1999999999999993
5192, -0.10000000000000142, -0.1999999999999993
5193, -0.10000000000000142, -0.1999999999999993
5194, -0.10000000000000142, -0.1999999999999993
5195, -0.10000000000000142, -0.1999999999999993
5196, -0.10000000000000142, -0.1999999999999993
5197, -0.10000000000000142, -0.1999999999999993
5198, -0.10000000000000142, -0.1999999999999993
5199, -0.10000000000000142, -0.1999999999999993
5200, -0.10000000000000142, -0.1999999999999993
5201, -0.10000000000000142, -0.1999999999999993
5202, -0.10000000000000142, -0.1999999999999993
5203, -0.10000000000000142, -0.10000000000000142
5204, -0.10000000000000142, -0.10000000000000142
5205, -0.10000000000000142, -0.10000000000000142
5206, -0.10000000000000142, -0.10000000000000142
5207, -0.10000000000000142, -0.10000000000000142
5208, 0.0, -0.10000000000000142
5209, 0.0, -0.10000000000000142
5210, 0.0, -0.10000000000000142
5211, 0.0, -0.10000000000000142
5212, 0.10000000000000142, -0.10000000000000142
5213, 0.10000000000000142, -0.10000000000000142
5214, 0.10000000000000142, -0.1999999999999993
5215, 0.10000000000000142, -0.1999999999999993
5216, 0.10000000000000142, -0.1999999999999993
5217, 0.10000000000000142, -0.1999999999999993
5218, 0.10000000000000142, -0.1999999999999993
5219, 0.10000000000000142, -0.1999999999999993
5220, 0.10000000000000142, -0.1999999999999993
5221, 0.10000000000000142, -0.1999999999999993
5222, 0.10000000000000142, -0.1999999999999993
5223, 0.10000000000000142, -0.1999999999999993
5224, 0.10000000000000142, -0.1999999999999993
5225, 0.10000000000000142, -0.1999999999999993
5226, 0.10000000000000142, -0.1999999999999993
5227, 0.1999999999999993, -0.1999999999999993
5228, 0.1999999999999993, -0.1999999999999993
5229, 0.1999999999999993, -0.1999999999999993
5230, 0.1999999999999993, -0.1999999999999993
5231, 0.1999999999999993, -0.10000000000000142
5232, 0.1999999999999993, -0.10000000000000142
5233, 0.1999999999999993, -0.10000000000000142
5234, 0.1999999999999993, -0.10000000000000142
5235, 0.1999999999999993, -0.10000000000000142
5236, 0.1999999999999993, -0.10000000000000142
5237, 0.1999999999999993, -0.10000000000000142
5238, 0.1999999999999993, -0.10000000000000142
5239, 0.1999999999999993, -0.10000000000000142
5240, 0.1999999999999993, -0.10000000000000142
5241, 0.1999999999999993, -0.10000000000000142
5242, 0.1999999999999993, -0.10000000000000142
5243, 0.1999999999999993, -0.10000000000000142
5244, 0.1999999999999993, -0.1999999999999993
5245, 0.1999999999999993, -0.1999999999999993
5246, 0.1999999999999993, -0.1999999999999993
5247, 0.10000000000000142, -0.1999999999999993
5248, 0.10000000000000142, -0.1999999999999993
5249, 0.10000000000000142, -0.1999999999999993
5250, 0.10000000000000142, -0.1999999999999993
5251, 0.10000000000000142, -0.1999999999999993
5252, 0.10000000000000142, -0.1999999999999993
5253, 0.10000000000000142, -0.1999999999999993
5254, 0.10000000000000142, -0.1999999999999993
5255, 0.10000000000000142, -0.1999999999999993
5256, 0.10000000000000142, -0.1999999999999993
5257, 0.10000000000000142, -0.1999999999999993
5258, 0.10000000000000142, -0.1999999999999993
5259, 0.10000000000000142, -0.1999999999999993
5260, 0.10000000000000142, -0.1999999999999993
5261, 0.10000000000000142, -0.1999999999999993
5262, 0.10000000000000142, -0.1999999999999993
5263, 0.10000000000000142, -0.1999999999999993
5264, 0.10000000000000142, -0.1999999999999993
5265, 0.10000000000000142, -0.10000000000000142
5266, 0.10000000000000142, -0.10000000000000142
5267, 0.10000000000000142, -0.10000000000000142
5268, 0.10000000000000142, -0.10000000000000142
5269, 0.10000000000000142, -0.10000000000000142
5270, 0.10000000000000142, -0.10000000000000142
5271, 0.10000000000000142, -0.10000000000000142
5272, 0.0, -0.10000000000000142
5273, 0.0, -0.10000000000000142
5274, 0.0, -0.10000000000000142
5275, 0.0, -0.10000000000000142
5276, 0.0, -0.10000000000000142
5277, -0.10000000000000142, -0.10000000000000142
5278, -0.10000000000000142, -0.10000000000000142
5279, -0.10000000000000142, -0.10000000000000142
5280, -0.10000000000000142, -0.10000000000000142
5281, -0.10000000000000142, -0.10000000000000142
5282, 0.0, -0.10000000000000142
5283, 0.0, 0.0
5284, 0.0, 0.0
5285, -0.10000000000000142, 0.0
5286, -0.10000000000000142, 0.0
5287, -0.10000000000000142, 0.0
5288, -0.10000000000000142, -0.10000000000000142
5289, -0.10000000000000142, -0.10000000000000142
5290, -0.10000000000000142, -0.10000000000000142
5291, -0.10000000000000142, -0.10000000000000142
5292, -0.10000000000000142, -0.10000000000000142
5293, -0.10000000000000142, -0.10000000000000142
5294, -0.10000000000000142, -0.10000000000000142
5295, -0.10000000000000142, -0.10000000000000142
5296, -0.10000000000000142, -0.10000000000000142
5297, -0.10000000000000142, -0.10000000000000142
5298, -0.10000000000000142, -0.10000000000000142
5299, -0.10000000000000142, -0.10000000000000142
5300, -0.10000000000000142, -0.10000000000000142
5301, -0.10000000000000142, -0.10000000000000142
5302, -0.10000000000000142, -0.10000000000000142
5303, -0.10000000000000142, 0.0
5304, -0.10000000000000142, 0.0
5305, -0.10000000000000142, 0.0
5306, 0.0, 0.0
5307, 0.0, 0.0
5308, 0.0, 0.0
5309, 0.0, 0.0
5310, 0.0, 0.0
5311, 0.0, -0.10000000000000142
5312, 0.0, -0.10000000000000142
5313, 0.0, -0.10000000000000142
5314, 0.0, -0.10000000000000142
5315, 0.0, -0.10000000000000142
5316, 0.0, -0.10000000000000142
5317, 0.0, -0.10000000000000142
5318, 0.0, -0.10000000000000142
5319, 0.0, -0.10000000000000142
5320, 0.0, -0.10000000000000142
5321, 0.0, -0.10000000000000142
5322, 0.0, -0.10000000000000142
5323, 0.0, -0.10000000000000142
5324, 0.0, -0.10000000000000142
5325, 0.0, -0.10000000000000142
5326, 0.0, -0.10000000000000142
5327, 0.0, -0.10000000000000142
5328, 0.0, -0.10000000000000142
5329, -0.10000000000000142, -0.10000000000000142
5330, -0.10000000000000142, -0.10000000000000142
5331, -0.10000000000000142, -0.10000000000000142
5332, -0.10000000000000142, -0.10000000000000142
5333, -0.10000000000000142, -0.10000000000000142
5334, -0.10000000000000142, -0.10000000000000142
5335, -0.10000000000000142, -0.10000000000000142
5336, -0.10000000000000142, -0.10000000000000142
5337, -0.10000000000000142, -0.10000000000000142
5338, -0.10000000000000142, -0.10000000000000142
5339, -0.10000000000000142, -0.1999999999999993
5340, -0.10000000000000142, -0.1999999999999993
5341, -0.10000000000000142, -0.1999999999999993
5342, -0.10000000000000142, -0.1999999999999993
5343, -0.10000000000000142, -0.10000000000000142
5344, -0.10000000000000142, -0.10000000000000142
5345, -0.10000000000000142, -0.10000000000000142
5346, -0.10000000000000142, -0.10000000000000142
5347, -0.10000000000000142, -0.1999999999999993
5348, -0.10000000000000142, -0.1999999999999993
5349, -0.10000000000000142, -0.1999999999999993
5350, -0.10000000000000142, -0.1999999999999993
5351, -0.10000000000000142, -0.1999999999999993
5352, -0.10000000000000142, -0.1999999999999993
5353, -0.10000000000000142, -0.1999999999999993
5354, -0.10000000000000142, -0.1999999999999993
5355, -0.10000000000000142, -0.1999999999999993
5356, -0.10000000000000142, -0.1999999999999993
5357, -0.10000000000000142, -0.1999999999999993
5358, -0.10000000000000142, -0.1999999999999993
5359, -0.10000000000000142, -0.1999999999999993
5360, -0.10000000000000142, -0.1999999999999993
5361, -0.10000000000000142, -0.1999999999999993
5362, -0.10000000000000142, -0.1999999999999993
5363, -0.10000000000000142, -0.1999999999999993
5364, -0.10000000000000142, -0.1999999999999993
5365, -0.10000000000000142, -0.1999999999999993
5366, -0.10000000000000142, -0.1999999999999993
5367, -0.10000000000000142, -0.1999999999999993
5368, -0.10000000000000142, -0.1999999999999993
5369, -0.10000000000000142, -0.1999999999999993
5370, -0.10000000000000142, -0.1999999999999993
5371, -0.10000000000000142, -0.10000000000000142
5372, -0.10000000000000142, -0.10000000000000142
5373, -0.10000000000000142, -0.10000000000000142
5374, -0.10000000000000142, -0.10000000000000142
5375, -0.10000000000000142, -0.10000000000000142
5376, -0.10000000000000142, -0.10000000000000142
5377, -0.10000000000000142, -0.10000000000000142
5378, -0.10000000000000142, -0.10000000000000142
5379, -0.10000000000000142, -0.10000000000000142
5380, -0.10000000000000142, -0.10000000000000142
5381, -0.10000000000000142, -0.10000000000000142
5382, -0.10000000000000142, -0.10000000000000142
5383, -0.10000000000000142, -0.10000000000000142
5384, -0.10000000000000142, -0.10000000000000142
5385, -0.10000000000000142, -0.10000000000000142
5386, -0.10000000000000142, -0.10000000000000142
5387, -0.10000000000000142, -0.10000000000000142
5388, -0.10000000000000142, -0.10000000000000142
5389, -0.10000000000000142, -0.10000000000000142
5390, -0.10000000000000142, -0.10000000000000142
5391, -0.10000000000000142, -0.10000000000000142
5392, -0.10000000000000142, -0.10000000000000142
5393, -0.10000000000000142, -0.10000000000000142
5394, -0.10000000000000142, 0.0
5395, -0.10000000000000142, 0.0
5396, -0.10000000000000142, 0.0
5397, -0.10000000000000142, 0.0
5398, -0.10000000000000142, 0.0
5399, -0.10000000000000142, 0.0
5400, -0.10000000000000142, 0.0
5401, -0.10000000000000142, -0.10000000000000142
5402, -0.10000000000000142, -0.10000000000000142
5403, -0.10000000000000142, -0.10000000000000142
5404, -0.10000000000000142, -0.10000000000000142
5405, -0.10000000000000142, -0.10000000000000142
5406, -0.10000000000000142, -0.1999999999999993
5407, -0.10000000000000142, -0.1999999999999993
5408, -0.10000000000000142, -0.1999999999999993
5409, -0.10000000000000142, -0.1999999999999993
5410, -0.10000000000000142, -0.1999999999999993
5411, -0.10000000000000142, -0.1999999999999993
5412, -0.10000000000000142, -0.1999999999999993
5413, -0.10000000000000142, -0.1999999999999993
5414, -0.10000000000000142, -0.1999999999999993
5415, -0.10000000000000142, -0.1999999999999993
5416, -0.10000000000000142, -0.1999999999999993
5417, -0.10000000000000142, -0.1999999999999993
5418, -0.10000000000000142, -0.1999999999999993
5419, 0.0, -0.1999999999999993
5420, 0.0, -0.1999999999999993
5421, 0.0, -0.1999999999999993
5422, 0.0, -0.1999999999999993
5423, 0.0, -0.1999999999999993
5424, 0.0, -0.1999999999999993
5425, 0.0, -0.1999999999999993
5426, 0.0, -0.1999999999999993
5427, 0.0, -0.1999999999999993
5428, 0.0, -0.1999999999999993
5429, 0.0, -0.1999999999999993
5430, 0.0, -0.1999999999999993
5431, 0.0, -0.1999999999999993
5432, 0.0, -0.1999999999999993
5433, 0.0, -0.1999999999999993
5434, 0.0, -0.1999999999999993
5435, 0.0, -0.1999999999999993
5436, 0.0, -0.1999999999999993
5437, 0.0, -0.1999999999999993
5438, 0.0, -0.1999999999999993
5439, 0.0, -0.1999999999999993
5440, 0.0, -0.1999999999999993
5441, 0.0, -0.1999999999999993
5442, 0.0, -0.1999999999999993
5443, 0.0, -0.1999999999999993
5444, -0.10000000000000142, -0.1999999999999993
5445, -0.10000000000000142, -0.1999999999999993
5446, -0.10000000000000142, -0.10000000000000142
5447, -0.10000000000000142, -0.10000000000000142
5448, -0.10000000000000142, -0.10000000000000142
5449, -0.10000000000000142, -0.10000000000000142
5450, -0.10000000000000142, -0.10000000000000142
5451, -0.10000000000000142, -0.10000000000000142
5452, -0.10000000000000142, -0.10000000000000142
5453, -0.10000000000000142, -0.10000000000000142
5454, -0.10000000000000142, -0.10000000000000142
5455, -0.10000000000000142, -0.10000000000000142
5456, -0.10000000000000142, -0.10000000000000142
5457, -0.10000000000000142, -0.10000000000000142
5458, -0.10000000000000142, -0.10000000000000142
5459, -0.10000000000000142, -0.10000000000000142
5460, -0.10000000000000142, -0.10000000000000142
5461, -0.10000000000000142, -0.10000000000000142
5462, -0.10000000000000142, -0.1999999999999993
5463, -0.10000000000000142, -0.1999999999999993
5464, -0.10000000000000142, -0.1999999999999993
5465, -0.10000000000000142, -0.1999999999999993
5466, -0.10000000000000142, -0.1999999999999993
5467, 0.0, -0.1999999999999993
5468, 0.0, -0.1999999999999993
5469, 0.0, -0.1999999999999993
5470, 0.0, -0.1999999999999993
5471, 0.0, -0.1999999999999993
5472, 0.0, -0.1999999999999993
5473, 0.0, -0.1999999999999993
5474, 0.0, -0.1999999999999993
5475, 0.0, -0.1999999999999993
5476, 0.0, -0.1999999999999993
5477, 0.0, -0.1999999999999993
5478, 0.0, -0.1999999999999993
5479, 0.0, -0.1999999999999993
5480, 0.0, -0.1999999999999993
5481, 0.0, -0.1999999999999993
5482, -0.10000000000000142, -0.1999999999999993
5483, -0.10000000000000142, -0.1999999999999993
5484, -0.10000000000000142, -0.1999999999999993
5485, -0.10000000000000142, -0.1999999999999993
5486, -0.10000000000000142, -0.1999999999999993
5487, -0.10000000000000142, -0.1999999999999993
5488, -0.10000000000000142, -0.1999999999999993
5489, -0.10000000000000142, -0.1999999999999993
5490, -0.10000000000000142, -0.1999999999999993
5491, -0.10000000000000142, -0.1999999999999993
5492, -0.10000000000000142, -0.1999999999999993
5493, 0.0, -0.1999999999999993
5494, 0.0, -0.1999999999999993
5495, 0.0, -0.1999999999999993
5496, 0.0, -0.1999999999999993
5497, 0.0, -0.1999999999999993
5498, 0.0, -0.1999999999999993
5499, 0.0, -0.1999999999999993
5500, 0.0, -0.1999999999999993
5501, 0.0, -0.1999999999999993
5502, 0.0, -0.1999999999999993
5503, 0.0, -0.1999999999999993
5504, 0.0, -0.3000000000000007
5505, 0.0, -0.3000000000000007
5506, 0.0, -0.3000000000000007
5507, 0.0, -0.3000000000000007
5508, 0.0, -0.3000000000000007
5509, 0.0, -0.3000000000000007
5510, 0.0, -0.3000000000000007
5511, 0.0, -0.3000000000000007
5512, 0.0, -0.3000000000000007
5513, 0.0, -0.3000000000000007
5514, 0.0, -0.3000000000000007
5515, 0.0, -0.3000000000000007
5516, 0.0, -0.1999999999999993
5517, 0.0, -0.1999999999999993
5518, 0.0, -0.1999999999999993
5519, 0.0, -0.1999999999999993
5520, 0.0, -0.1999999999999993
5521, 0.0, -0.1999999999999993
5522, 0.0, -0.1999999999999993
5523, 0.0, -0.1999999999999993
5524, 0.0, -0.1999999999999993
5525, 0.0, -0.1999999999999993
5526, 0.0, -0.10000000000000142
5527, 0.0, -0.10000000000000142
5528, 0.0, 0.0
5529, 0.0, 0.0
5530, 0.0, 0.0
5531, 0.0, 0.0
5532, 0.0, 0.0
5533, 0.0, 0.0
5534, 0.0, 0.0
5535, 0.0, 0.0
5536, 0.0, 0.0
5537, 0.0, 0.0
5538, 0.0, 0.0
5539, 0.0, 0.0
5540, 0.0, 0.0
5541, 0.0, 0.0
5542, 0.0, 0.0
5543, 0.0, 0.0
5544, 0.0, 0.0
5545, 0.0, 0.0
5546, 0.0, 0.0
5547, 0.0, 0.0
5548, 0.0, 0.0
5549, 0.0, 0.0
5550, 0.0, 0.0
5551, 0.0, -0.10000000000000142
5552, 0.0, -0.10000000000000142
5553, 0.0, -0.10000000000000142
5554, 0.0, -0.10000000000000142
5555, 0.0, -0.10000000000000142
5556, 0.0, -0.10000000000000142
5557, 0.0, -0.10000000000000142
5558, 0.0, -0.10000000000000142
5559, 0.0, -0.10000000000000142
5560, 0.0, -0.10000000000000142
5561, 0.0, -0.10000000000000142
5562, 0.0, -0.10000000000000142
5563, 0.0, -0.10000000000000142
5564, 0.0, -0.10000000000000142
5565, 0.0, -0.10000000000000142
5566, 0.0, -0.10000000000000142
5567, 0.0, -0.10000000000000142
5568, 0.0, -0.10000000000000142
5569, 0.0, -0.10000000000000142
5570, -0.10000000000000142, -0.1999999999999993
5571, -0.10000000000000142, -0.1999999999999993
5572, -0.10000000000000142, -0.1999999999999993
5573, -0.10000000000000142, -0.1999999999999993
5574, -0.10000000000000142, -0.1999999999999993
5575, -0.10000000000000142, -0.1999999999999993
5576, -0.10000000000000142, -0.1999999999999993
5577, -0.10000000000000142, -0.1999999999999993
5578, -0.10000000000000142, -0.1999999999999993
5579, -0.10000000000000142, -0.1999999999999993
5580, -0.10000000000000142, -0.1999999999999993
5581, -0.10000000000000142, -0.1999999999999993
5582, -0.10000000000000142, -0.1999999999999993
5583, -0.10000000000000142, -0.1999999999999993
5584, -0.10000000000000142, -0.1999999999999993
5585, -0.10000000000000142, -0.1999999999999993
5586, -0.10000000000000142, -0.1999999999999993
5587, -0.10000000000000142, -0.1999999999999993
5588, -0.10000000000000142, -0.1999999999999993
5589, -0.10000000000000142, -0.1999999999999993
5590, -0.10000000000000142, -0.1999999999999993
5591, -0.10000000000000142, -0.1999999999999993
5592, -0.10000000000000142, -0.1999999999999993
5593, -0.10000000000000142, -0.1999999999999993
5594, -0.10000000000000142, -0.1999999999999993
5595, -0.10000000000000142, -0.1999999999999993
5596, -0.10000000000000142, -0.1999999999999993
5597, -0.10000000000000142, -0.1999999999999993
5598, -0.10000000000000142, -0.1999999999999993
5599, -0.10000000000000142, -0.1999999999999993
5600, -0.10000000000000142, -0.1999999999999993
5601, -0.10000000000000142, -0.1999999999999993
5602, -0.10000000000000142, -0.1999999999999993
5603, -0.10000000000000142, -0.1999999999999993
5604, -0.10000000000000142, -0.1999999999999993
5605, -0.10000000000000142, -0.1999999999999993
5606, -0.10000000000000142, -0.1999999999999993
5607, -0.10000000000000142, -0.1999999999999993
5608, -0.10000000000000142, -0.1999999999999993
5609, -0.10000000000000142, -0.1999999999999993
5610, -0.10000000000000142, -0.1999999999999993
5611, -0.10000000000000142, -0.1999999999999993
5612, -0.10000000000000142, -0.1999999999999993
5613, 0.0, -0.1999999999999993
5614, 0.0, -0.1999999999999993
5615, 0.0, -0.1999999999999993
5616, 0.0, -0.1999999999999993
5617, 0.0, -0.1999999999999993
5618, 0.0, -0.1999999999999993
5619, 0.0, -0.1999999999999993
5620, 0.0, -0.1999999999999993
5621, 0.0, -0.1999999999999993
5622, 0.0, -0.1999999999999993
5623, 0.0, -0.1999999999999993
5624, 0.0, -0.1999999999999993
5625, 0.0, -0.1999999999999993
5626, 0.0, -0.1999999999999993
5627, 0.0, -0.1999999999999993
5628, 0.0, -0.1999999999999993
5629, 0.0, -0.1999999999999993
5630, 0.0, -0.1999999999999993
5631, 0.0, -0.1999999999999993
5632, 0.0, -0.1999999999999993
5633, 0.0, -0.1999999999999993
5634, 0.0, -0.1999999999999993
5635, 0.10000000000000142, -0.1999999999999993
5636, 0.10000000000000142, -0.1999999999999993
5637, 0.10000000000000142, -0.1999999999999993
5638, 0.10000000000000142, -0.1999999999999993
5639, 0.10000000000000142, -0.1999999999999993
5640, 0.10000000000000142, -0.1999999999999993
5641, 0.10000000000000142, -0.1999999999999993
5642, 0.10000000000000142, -0.1999999999999993
5643, 0.10000000000000142, -0.1999999999999993
5644, 0.10000000000000142, -0.1999999999999993
5645, 0.10000000000000142, -0.1999999999999993
5646, 0.10000000000000142, -0.1999999999999993
5647, 0.10000000000000142, -0.1999999999999993
5648, 0.10000000000000142, -0.1999999999999993
5649, 0.10000000000000142, -0.1999999999999993
5650, 0.10000000000000142, -0.1999999999999993
5651, 0.10000000000000142, -0.1999999999999993
5652, 0.10000000000000142, -0.1999999999999993
5653, 0.10000000000000142, -0.1999999999999993
5654, 0.10000000000000142, -0.1999999999999993
5655, 0.10000000000000142, -0.1999999999999993
5656, 0.10000000000000142, -0.1999999999999993
5657, 0.0, -0.1999999999999993
5658, 0.0, -0.1999999999999993
5659, 0.0, -0.1999999999999993
5660, 0.0, -0.1999999999999993
5661, 0.0, -0.1999999999999993
5662, 0.0, -0.1999999999999993
5663, 0.0, -0.1999999999999993
5664, 0.0, -0.1999999999999993
5665, 0.0, -0.1999999999999993
5666, 0.0, -0.1999999999999993
5667, 0.0, -0.1999999999999993
5668, 0.0, -0.1999999999999993
5669, 0.0, -0.10000000000000142
5670, -0.10000000000000142, -0.10000000000000142
5671, -0.10000000000000142, -0.10000000000000142
5672, -0.10000000000000142, -0.10000000000000142
5673, -0.10000000000000142, -0.10000000000000142
5674, -0.10000000000000142, -0.10000000000000142
5675, -0.10000000000000142, -0.10000000000000142
5676, -0.10000000000000142, -0.10000000000000142
5677, -0.10000000000000142, -0.10000000000000142
5678, -0.10000000000000142, -0.10000000000000142
5679, -0.10000000000000142, -0.10000000000000142
5680, -0.10000000000000142, -0.1999999999999993
5681, -0.10000000000000142, -0.1999999999999993
5682, -0.10000000000000142, -0.1999999999999993
5683, -0.10000000000000142, -0.1999999999999993
5684, -0.10000000000000142, -0.1999999999999993
5685, -0.10000000000000142, -0.10000000000000142
5686, -0.10000000000000142, -0.10000000000000142
5687, -0.10000000000000142, -0.10000000000000142
5688, -0.10000000000000142, -0.10000000000000142
5689, -0.10000000000000142, -0.10000000000000142
5690, -0.10000000000000142, -0.10000000000000142
5691, -0.10000000000000142, -0.10000000000000142
5692, -0.10000000000000142, -0.10000000000000142
5693, -0.10000000000000142, -0.10000000000000142
5694, -0.10000000000000142, -0.10000000000000142
5695, -0.10000000000000142, -0.1999999999999993
5696, -0.10000000000000142, -0.1999999999999993
5697, -0.10000000000000142, -0.10000000000000142
5698, -0.10000000000000142, -0.10000000000000142
5699, -0.10000000000000142, -0.10000000000000142
5700, -0.10000000000000142, -0.10000000000000142
5701, -0.10000000000000142, -0.10000000000000142
5702, -0.10000000000000142, -0.10000000000000142
5703, -0.10000000000000142, -0.10000000000000142
5704, -0.10000000000000142, -0.10000000000000142
5705, -0.10000000000000142, -0.10000000000000142
5706, -0.10000000000000142, -0.10000000000000142
5707, -0.10000000000000142, -0.10000000000000142
5708, -0.10000000000000142, -0.10000000000000142
5709, -0.10000000000000142, -0.10000000000000142
5710, -0.10000000000000142, -0.10000000000000142
5711, -0.10000000000000142, -0.10000000000000142
5712, -0.10000000000000142, -0.10000000000000142
5713, -0.10000000000000142, -0.10000000000000142
5714, -0.10000000000000142, -0.10000000000000142
5715, -0.10000000000000142, -0.10000000000000142
5716, -0.10000000000000142, -0.10000000000000142
5717, -0.10000000000000142, -0.10000000000000142
5718, -0.10000000000000142, -0.10000000000000142
5719, -0.10000000000000142, -0.10000000000000142
5720, -0.10000000000000142, -0.10000000000000142
5721, -0.10000000000000142, -0.10000000000000142
5722, -0.10000000000000142, -0.10000000000000142
5723, -0.10000000000000142, -0.10000000000000142
5724, -0.10000000000000142, -0.10000000000000142
5725, -0.10000000000000142, -0.10000000000000142
5726, -0.10000000000000142, -0.10000000000000142
5727, -0.10000000000000142, -0.10000000000000142
5728, -0.10000000000000142, 0.0
5729, -0.10000000000000142, 0.0
5730, -0.10000000000000142, 0.0
5731, -0.10000000000000142, 0.0
5732, -0.10000000000000142, 0.0
5733, -0.10000000000000142, 0.0
5734, -0.10000000000000142, 0.0
5735, -0.10000000000000142, 0.0
5736, -0.10000000000000142, 0.0
5737, 0.0, 0.0
5738, 0.0, 0.0
5739, 0.0, 0.0
5740, 0.0, 0.0
5741, 0.0, 0.0
5742, 0.0, 0.0
5743, 0.0, 0.0
5744, 0.0, 0.0
5745, 0.0, 0.0
5746, 0.0, 0.0
5747, 0.0, 0.0
5748, 0.0, -0.10000000000000142
5749, 0.0, -0.10000000000000142
5750, 0.0, -0.10000000000000142
5751, 0.0, -0.10000000000000142
5752, 0.0, -0.10000000000000142
5753, 0.0, -0.1999999999999993
5754, 0.0, -0.1999999999999993
5755, 0.0, -0.1999999999999993
5756, 0.0, -0.1999999999999993
5757, 0.0, -0.1999999999999993
5758, 0.0, -0.1999999999999993
5759, 0.0, -0.1999999999999993
5760, 0.0, -0.1999999999999993
5761, 0.0, -0.1999999999999993
5762, 0.0, -0.1999999999999993
5763, 0.0, -0.1999999999999993
5764, 0.0, -0.1999999999999993
5765, 0.0, -0.1999999999999993
5766, 0.0, -0.1999999999999993
5767, 0.0, -0.1999999999999993
5768, 0.0, -0.1999999999999993
5769, 0.0, -0.1999999999999993
5770, 0.0, -0.1999999999999993
5771, 0.0, -0.1999999999999993
5772, 0.0, -0.1999999999999993
5773, 0.0, -0.1999999999999993
5774, 0.0, -0.1999999999999993
5775, 0.0, -0.1999999999999993
5776, 0.0, -0.1999999999999993
5777, 0.0, -0.1999999999999993
5778, -0.10000000000000142, -0.1999999999999993
5779, -0.10000000000000142, -0.1999999999999993
5780, -0.10000000000000142, -0.1999999999999993
5781, -0.10000000000000142, -0.1999999999999993
5782, -0.10000000000000142, -0.1999999999999993
5783, -0.10000000000000142, -0.1999999999999993
5784, -0.10000000000000142, -0.1999999999999993
5785, -0.10000000000000142, -0.1999999999999993
5786, -0.10000000000000142, -0.1999999999999993
5787, -0.10000000000000142, -0.1999999999999993
5788, -0.10000000000000142, -0.1999999999999993
5789, -0.10000000000000142, -0.1999999999999993
5790, -0.10000000000000142, -0.1999999999999993
5791, -0.10000000000000142, -0.1999999999999993
5792, -0.10000000000000142, -0.1999999999999993
5793, -0.10000000000000142, -0.1999999999999993
5794, -0.10000000000000142, -0.1999999999999993
5795, -0.10000000000000142, -0.1999999999999993
5796, -0.10000000000000142, -0.10000000000000142
5797, -0.10000000000000142, -0.10000000000000142
5798, -0.10000000000000142, -0.10000000000000142
5799, -0.10000000000000142, -0.10000000000000142
5800, -0.10000000000000142, -0.10000000000000142
5801, -0.10000000000000142, -0.10000000000000142
5802, -0.10000000000000142, -0.10000000000000142
5803, -0.10000000000000142, -0.10000000000000142
5804, -0.10000000000000142, -0.10000000000000142
5805, -0.1999999999999993, -0.10000000000000142
5806, -0.1999999999999993, -0.10000000000000142
5807, -0.1999999999999993, -0.10000000000000142
5808, -0.1999999999999993, -0.10000000000000142
5809, -0.1999999999999993, -0.10000000000000142
5810, -0.1999999999999993, -0.10000000000000142
5811, -0.1999999999999993, -0.10000000000000142
5812, -0.1999999999999993, -0.10000000000000142
5813, -0.1999999999999993, -0.10000000000000142
5814, -0.1999999999999993, -0.10000000000000142
5815, -0.1999999999999993, -0.10000000000000142
5816, -0.1999999999999993, -0.10000000000000142
5817, -0.1999999999999993, -0.10000000000000142
5818, -0.1999999999999993, -0.10000000000000142
5819, -0.1999999999999993, -0.10000000000000142
5820, -0.1999999999999993, -0.10000000000000142
5821, -0.1999999999999993, -0.10000000000000142
5822, -0.10000000000000142, -0.10000000000000142
5823, -0.10000000000000142, -0.10000000000000142
5824, -0.10000000000000142, -0.10000000000000142
5825, -0.10000000000000142, -0.10000000000000142
5826, -0.10000000000000142, -0.10000000000000142
5827, -0.10000000000000142, -0.10000000000000142
5828, -0.10000000000000142, -0.10000000000000142
5829, -0.10000000000000142, -0.1999999999999993
5830, -0.10000000000000142, -0.1999999999999993
5831, -0.10000000000000142, -0.1999999999999993
5832, -0.10000000000000142, -0.1999999999999993
5833, -0.10000000000000142, -0.1999999999999993
5834, -0.10000000000000142, -0.1999999999999993
5835, -0.10000000000000142, -0.1999999999999993
5836, -0.10000000000000142, -0.1999999999999993
5837, -0.10000000000000142, -0.10000000000000142
5838, -0.10000000000000142, -0.10000000000000142
5839, -0.10000000000000142, -0.10000000000000142
5840, -0.10000000000000142, -0.10000000000000142
5841, -0.10000000000000142, -0.10000000000000142
5842, -0.10000000000000142, -0.10000000000000142
5843, -0.10000000000000142, -0.10000000000000142
5844, -0.10000000000000142, -0.10000000000000142
5845, -0.10000000000000142, -0.10000000000000142
5846, -0.10000000000000142, -0.10000000000000142
5847, -0.10000000000000142, -0.10000000000000142
5848, -0.10000000000000142, -0.10000000000000142
5849, -0.10000000000000142, -0.10000000000000142
5850, -0.10000000000000142, -0.10000000000000142
5851, -0.10000000000000142, -0.10000000000000142
5852, -0.10000000000000142, -0.10000000000000142
5853, -0.10000000000000142, -0.10000000000000142
5854, -0.10000000000000142, -0.10000000000000142
5855, -0.10000000000000142, -0.10000000000000142
5856, -0.10000000000000142, -0.10000000000000142
5857, -0.10000000000000142, -0.10000000000000142
5858, -0.10000000000000142, -0.10000000000000142
5859, -0.10000000000000142, -0.10000000000000142
5860, -0.10000000000000142, -0.10000000000000142
5861, -0.10000000000000142, -0.1999999999999993
5862, -0.10000000000000142, -0.1999999999999993
5863, -0.10000000000000142, -0.1999999999999993
5864, -0.10000000000000142, -0.1999999999999993
5865, -0.10000000000000142, -0.1999999999999993
5866, -0.10000000000000142, -0.1999999999999993
5867, -0.10000000000000142, -0.1999999999999993
5868, -0.10000000000000142, -0.1999999999999993
5869, -0.10000000000000142, -0.1999999999999993
5870, -0.10000000000000142, -0.1999999999999993
5871, -0.10000000000000142, -0.1999999999999993
5872, -0.10000000000000142, -0.1999999999999993
5873, -0.10000000000000142, -0.1999999999999993
5874, -0.10000000000000142, -0.1999999999999993
5875, -0.10000000000000142, -0.1999999999999993
5876, -0.10000000000000142, -0.1999999999999993
5877, -0.10000000000000142, -0.1999999999999993
5878, -0.10000000000000142, -0.1999999999999993
5879, -0.10000000000000142, -0.1999999999999993
5880, -0.10000000000000142, -0.1999999999999993
5881, -0.10000000000000142, -0.1999999999999993
5882, -0.10000000000000142, -0.1999999999999993
5883, -0.10000000000000142, -0.1999999999999993
5884, 0.0, -0.1999999999999993
5885, 0.0, -0.1999999999999993
5886, 0.0, -0.1999999999999993
5887, 0.0, -0.1999999999999993
5888, 0.0, -0.1999999999999993
5889, 0.0, -0.1999999999999993
5890, 0.0, -0.1999999999999993
5891, 0.0, -0.1999999999999993
5892, 0.0, -0.1999999999999993
5893, 0.0, -0.1999999999999993
5894, 0.0, -0.1999999999999993
5895, 0.0, -0.1999999999999993
5896, 0.0, -0.1999999999999993
5897, 0.0, -0.1999999999999993
5898, 0.0, -0.1999999999999993
5899, 0.0, -0.1999999999999993
5900, 0.0, -0.1999999999999993
5901, 0.0, -0.1999999999999993
5902, 0.0, -0.1999999999999993
5903, 0.0, -0.1999999999999993
5904, 0.0, -0.1999999999999993
5905, 0.0, -0.1999999999999993
5906, 0.0, -0.1999999999999993
5907, 0.0, -0.1999999999999993
5908, 0.10000000000000142, -0.1999999999999993
5909, 0.10000000000000142, -0.1999999999999993
5910, 0.10000000000000142, -0.1999999999999993
5911, 0.10000000000000142, -0.1999999999999993
5912, 0.10000000000000142, -0.1999999999999993
5913, 0.10000000000000142, -0.1999999999999993
5914, 0.0, -0.1999999999999993
5915, 0.0, -0.1999999999999993
5916, -0.10000000000000142, -0.1999999999999993
5917, -0.10000000000000142, -0.1999999999999993
5918, -0.10000000000000142, -0.1999999999999993
5919, -0.10000000000000142, -0.1999999999999993
5920, -0.1999999999999993, -0.1999999999999993
5921, -0.1999999999999993, -0.10000000000000142
5922, -0.1999999999999993, -0.10000000000000142
5923, -0.1999999999999993, -0.10000000000000142
5924, -0.1999999999999993, -0.10000000000000142
5925, -0.1999999999999993, -0.10000000000000142
5926, -0.1999999999999993, -0.10000000000000142
5927, -0.1999999999999993, -0.10000000000000142
5928, -0.1999999999999993, -0.10000000000000142
5929, -0.1999999999999993, -0.10000000000000142
5930, -0.1999999999999993, -0.10000000000000142
5931, -0.1999999999999993, -0.10000000000000142
5932, -0.1999999999999993, -0.10000000000000142
5933, -0.1999999999999993, -0.10000000000000142
5934, -0.1999999999999993, -0.10000000000000142
5935, -0.1999999999999993, -0.10000000000000142
5936, -0.1999999999999993, -0.10000000000000142
5937, -0.1999999999999993, -0.10000000000000142
5938, -0.1999999999999993, -0.10000000000000142
5939, -0.1999999999999993, -0.10000000000000142
5940, -0.1999999999999993, -0.10000000000000142
5941, -0.1999999999999993, -0.10000000000000142
5942, -0.1999999999999993, -0.10000000000000142
5943, -0.1999999999999993, -0.10000000000000142
5944, -0.1999999999999993, -0.10000000000000142
5945, -0.1999999999999993, -0.10000000000000142
5946, -0.1999999999999993, -0.10000000000000142
5947, -0.1999999999999993, -0.10000000000000142
5948, -0.1999999999999993, -0.10000000000000142
5949, -0.1999999999999993, -0.10000000000000142
5950, -0.1999999999999993, -0.10000000000000142
5951, -0.1999999999999993, -0.10000000000000142
5952, -0.10000000000000142, -0.10000000000000142
5953, -0.10000000000000142, -0.10000000000000142
5954, -0.10000000000000142, -0.10000000000000142
5955, -0.10000000000000142, -0.10000000000000142
5956, -0.10000000000000142, -0.10000000000000142
5957, -0.10000000000000142, -0.10000000000000142
5958, -0.10000000000000142, -0.1999999999999993
5959, -0.10000000000000142, -0.1999999999999993
5960, -0.10000000000000142, -0.1999999999999993
5961, -0.10000000000000142, -0.1999999999999993
5962, -0.10000000000000142, -0.1999999999999993
5963, -0.10000000000000142, -0.1999999999999993
5964, 0.0, -0.1999999999999993
5965, 0.0, -0.1999999999999993
5966, 0.0, -0.1999999999999993
5967, 0.0, -0.1999999999999993
5968, 0.0, -0.1999999999999993
5969, 0.0, -0.1999999999999993
5970, 0.0, -0.1999999999999993
5971, 0.0, -0.1999999999999993
5972, 0.0, -0.1999999999999993
5973, 0.0, -0.1999999999999993
5974, 0.0, -0.1999999999999993
5975, 0.0, -0.10000000000000142
5976, 0.0, -0.10000000000000142
5977, 0.0, -0.10000000000000142
5978, 0.0, -0.10000000000000142
5979, 0.0, -0.10000000000000142
5980, 0.0, -0.10000000000000142
5981, 0.0, -0.10000000000000142
5982, 0.0, -0.10000000000000142
5983, 0.0, -0.10000000000000142
5984, 0.0, -0.10000000000000142
5985, 0.0, -0.10000000000000142
5986, 0.0, -0.10000000000000142
5987, 0.0, -0.10000000000000142
5988, 0.0, -0.10000000000000142
5989, 0.0, -0.10000000000000142
5990, 0.0, -0.10000000000000142
5991, 0.0, -0.10000000000000142
5992, 0.0, -0.10000000000000142
5993, 0.0, -0.10000000000000142
5994, 0.0, -0.10000000000000142
5995, 0.0, -0.10000000000000142
5996, 0.0, -0.10000000000000142
5997, 0.0, -0.10000000000000142
5998, 0.0, -0.10000000000000142
5999, 0.0, -0.10000000000000142
6000, 0.0, -0.10000000000000142
6001, 0.0, -0.10000000000000142
6002, 0.0, -0.10000000000000142
6003, 0.0, -0.10000000000000142
6004, 0.0, 0.0
6005, 0.0, 0.0
6006, -0.10000000000000142, 0.0
6007, -0.10000000000000142, -0.10000000000000142
6008, -0.10000000000000142, -0.10000000000000142
6009, -0.10000000000000142, -0.10000000000000142
6010, -0.10000000000000142, -0.10000000000000142
6011, -0.10000000000000142, -0.10000000000000142
6012, -0.10000000000000142, 0.0
6013, -0.10000000000000142, 0.0
6014, -0.10000000000000142, 0.0
6015, -0.10000000000000142, 0.0
6016, -0.10000000000000142, -0.10000000000000142
6017, -0.10000000000000142, -0.10000000000000142
6018, -0.10000000000000142, -0.10000000000000142
6019, -0.10000000000000142, -0.10000000000000142
6020, -0.10000000000000142, -0.10000000000000142
6021, -0.10000000000000142, -0.10000000000000142
6022, -0.10000000000000142, -0.10000000000000142
6023, -0.10000000000000142, -0.10000000000000142
6024, -0.10000000000000142, -0.10000000000000142
6025, -0.10000000000000142, -0.10000000000000142
6026, -0.10000000000000142, -0.10000000000000142
6027, -0.10000000000000142, -0.10000000000000142
6028, -0.10000000000000142, -0.10000000000000142
6029, -0.10000000000000142, -0.10000000000000142
6030, -0.10000000000000142, -0.10000000000000142
6031, -0.10000000000000142, 0.0
6032, -0.10000000000000142, -0.10000000000000142
6033, -0.10000000000000142, -0.10000000000000142
6034, -0.10000000000000142, -0.10000000000000142
6035, -0.10000000000000142, -0.10000000000000142
6036, -0.10000000000000142, -0.10000000000000142
6037, -0.10000000000000142, -0.10000000000000142
6038, -0.10000000000000142, -0.10000000000000142
6039, -0.10000000000000142, -0.10000000000000142
6040, -0.10000000000000142, -0.10000000000000142
6041, -0.10000000000000142, -0.10000000000000142
6042, -0.10000000000000142, -0.10000000000000142
6043, -0.10000000000000142, -0.10000000000000142
6044, -0.10000000000000142, -0.10000000000000142
6045, -0.10000000000000142, -0.10000000000000142
6046, -0.10000000000000142, -0.10000000000000142
6047, -0.10000000000000142, -0.10000000000000142
6048, -0.10000000000000142, -0.10000000000000142
6049, -0.10000000000000142, -0.10000000000000142
6050, -0.10000000000000142, -0.1999999999999993
6051, -0.10000000000000142, -0.1999999999999993
6052, -0.10000000000000142, -0.1999999999999993
6053, -0.10000000000000142, -0.1999999999999993
6054, -0.10000000000000142, -0.1999999999999993
6055, -0.10000000000000142, -0.1999999999999993
6056, -0.10000000000000142, -0.1999999999999993
6057, -0.10000000000000142, -0.1999999999999993
6058, -0.10000000000000142, -0.1999999999999993
6059, -0.10000000000000142, -0.1999999999999993
6060, -0.10000000000000142, -0.10000000000000142
6061, -0.10000000000000142, -0.10000000000000142
6062, -0.10000000000000142, -0.10000000000000142
6063, -0.10000000000000142, -0.10000000000000142
6064, -0.10000000000000142, -0.10000000000000142
6065, -0.10000000000000142, -0.10000000000000142
6066, -0.10000000000000142, -0.10000000000000142
6067, -0.10000000000000142, -0.10000000000000142
6068, -0.10000000000000142, -0.10000000000000142
6069, -0.10000000000000142, -0.10000000000000142
6070, -0.10000000000000142, -0.10000000000000142
6071, -0.10000000000000142, -0.1999999999999993
6072, 0.0, -0.1999999999999993
6073, 0.0, -0.1999999999999993
6074, 0.0, -0.1999999999999993
6075, 0.0, -0.1999999999999993
6076, 0.0, -0.1999999999999993
6077, 0.0, -0.1999999999999993
6078, 0.0, -0.1999999999999993
6079, 0.0, -0.1999999999999993
6080, 0.0, -0.10000000000000142
6081, 0.0, -0.10000000000000142
6082, 0.0, -0.10000000000000142
6083, 0.0, -0.10000000000000142
6084, 0.0, -0.10000000000000142
6085, 0.0, -0.10000000000000142
6086, 0.0, -0.10000000000000142
6087, 0.0, -0.10000000000000142
6088, 0.0, -0.10000000000000142
6089, 0.0, -0.10000000000000142
6090, 0.10000000000000142, -0.10000000000000142
6091, 0.10000000000000142, -0.10000000000000142
6092, 0.10000000000000142, -0.10000000000000142
6093, 0.1999999999999993, -0.10000000000000142
6094, 0.1999999999999993, -0.10000000000000142
6095, 0.1999999999999993, -0.10000000000000142
6096, 0.1999999999999993, -0.10000000000000142
6097, 0.1999999999999993, -0.10000000000000142
6098, 0.1999999999999993, -0.10000000000000142
6099, 0.1999999999999993, -0.10000000000000142
6100, 0.1999999999999993, -0.10000000000000142
6101, 0.1999999999999993, -0.10000000000000142
6102, 0.1999999999999993, -0.10000000000000142
6103, 0.10000000000000142, -0.10000000000000142
6104, 0.10000000000000142, -0.10000000000000142
6105, 0.10000000000000142, -0.1999999999999993
6106, 0.10000000000000142, -0.1999999999999993
6107, 0.10000000000000142, -0.1999999999999993
6108, 0.10000000000000142, -0.1999999999999993
6109, 0.10000000000000142, -0.10000000000000142
6110, 0.10000000000000142, -0.10000000000000142
6111, 0.0, -0.10000000000000142
6112, 0.0, -0.10000000000000142
6113, 0.0, -0.10000000000000142
6114, 0.0, -0.10000000000000142
6115, 0.0, -0.10000000000000142
6116, 0.0, -0.10000000000000142
6117, 0.0, -0.10000000000000142
6118, 0.0, -0.10000000000000142
6119, -0.10000000000000142, -0.10000000000000142
6120, -0.10000000000000142, -0.10000000000000142
6121, -0.10000000000000142, -0.10000000000000142
6122, -0.10000000000000142, -0.1999999999999993
6123, -0.10000000000000142, -0.1999999999999993
6124, -0.10000000000000142, -0.1999999999999993
6125, -0.10000000000000142, -0.1999999999999993
6126, -0.10000000000000142, -0.1999999999999993
6127, -0.10000000000000142, -0.1999999999999993
6128, -0.10000000000000142, -0.1999999999999993
6129, -0.10000000000000142, -0.1999999999999993
6130, -0.10000000000000142, -0.1999999999999993
6131, -0.10000000000000142, -0.1999999999999993
6132, -0.10000000000000142, -0.1999999999999993
6133, -0.10000000000000142, -0.1999999999999993
6134, -0.10000000000000142, -0.1999999999999993
6135, -0.10000000000000142, -0.1999999999999993
6136, -0.10000000000000142, -0.1999999999999993
6137, -0.10000000000000142, -0.1999999999999993
6138, -0.10000000000000142, -0.1999999999999993
6139, -0.10000000000000142, -0.1999999999999993
6140, -0.10000000000000142, -0.1999999999999993
6141, -0.10000000000000142, -0.1999999999999993
6142, -0.10000000000000142, -0.1999999999999993
6143, -0.10000000000000142, -0.1999999999999993
6144, -0.10000000000000142, -0.1999999999999993
6145, -0.10000000000000142, -0.1999999999999993
6146, -0.10000000000000142, -0.1999999999999993
6147, -0.10000000000000142, -0.1999999999999993
6148, -0.10000000000000142, -0.1999999999999993
6149, -0.10000000000000142, -0.1999999999999993
6150, 0.0, -0.1999999999999993
6151, 0.0, -0.1999999999999993
6152, 0.0, -0.1999999999999993
6153, 0.0, -0.1999999999999993
6154, 0.0, -0.1999999999999993
6155, 0.0, -0.1999999999999993
6156, 0.0, -0.10000000000000142
6157, 0.0, -0.10000000000000142
6158, 0.0, -0.10000000000000142
6159, 0.0, 0.0
6160, 0.0, 0.0
6161, 0.0, 0.0
6162, 0.0, 0.0
6163, 0.0, 0.0
6164, 0.0, 0.0
6165, 0.0, 0.0
6166, 0.0, 0.0
6167, 0.0, 0.0
6168, 0.0, 0.0
6169, 0.0, 0.0
6170, 0.0, -0.10000000000000142
6171, 0.0, -0.10000000000000142
6172, 0.0, -0.10000000000000142
6173, 0.0, -0.10000000000000142
6174, 0.0, -0.10000000000000142
6175, 0.0, -0.10000000000000142
6176, 0.0, -0.10000000000000142
6177, 0.0, 0.0
6178, 0.0, 0.0
6179, 0.0, 0.0
6180, -0.10000000000000142, 0.0
6181, -0.10000000000000142, 0.0
6182, -0.10000000000000142, 0.0
6183, -0.10000000000000142, 0.0
6184, -0.10000000000000142, 0.0
6185, -0.10000000000000142, 0.0
6186, 0.0, 0.0
6187, 0.0, 0.0
6188, 0.0, 0.0
6189, 0.0, 0.0
6190, 0.0, 0.0
6191, 0.0, 0.0
6192, 0.0, 0.0
6193, 0.0, -0.10000000000000142
6194, 0.0, -0.10000000000000142
6195, 0.0, -0.10000000000000142
6196, 0.0, -0.10000000000000142
6197, 0.0, -0.10000000000000142
6198, 0.0, -0.10000000000000142
6199, 0.0, -0.10000000000000142
6200, 0.0, -0.10000000000000142
6201, 0.0, -0.10000000000000142
6202, -0.10000000000000142, -0.10000000000000142
6203, -0.10000000000000142, -0.10000000000000142
6204, -0.10000000000000142, -0.10000000000000142
6205, -0.10000000000000142, -0.10000000000000142
6206, -0.10000000000000142, -0.10000000000000142
6207, -0.10000000000000142, -0.10000000000000142
6208, -0.10000000000000142, -0.10000000000000142
6209, 0.0, -0.10000000000000142
6210, 0.0, -0.10000000000000142
6211, 0.0, -0.10000000000000142
6212, 0.0, -0.10000000000000142
6213, 0.0, -0.10000000000000142
6214, 0.0, -0.10000000000000142
6215, 0.0, -0.10000000000000142
6216, 0.0, -0.10000000000000142
6217, 0.0, -0.10000000000000142
6218, 0.0, -0.10000000000000142
6219, 0.0, -0.10000000000000142
6220, 0.0, -0.10000000000000142
6221, 0.0, 0.0
6222, 0.0, 0.0
6223, 0.0, 0.0
6224, 0.0, 0.0
6225, 0.0, 0.0
6226, 0.0, 0.0
6227, 0.0, 0.0
6228, 0.0, -0.10000000000000142
6229, 0.0, -0.10000000000000142
6230, 0.0, -0.10000000000000142
6231, 0.0, -0.10000000000000142
6232, 0.0, -0.10000000000000142
6233, 0.0, -0.10000000000000142
6234, 0.0, -0.10000000000000142
6235, 0.0, -0.10000000000000142
6236, 0.0, -0.10000000000000142
6237, 0.0, -0.10000000000000142
6238, 0.0, -0.10000000000000142
6239, 0.0, -0.10000000000000142
6240, 0.0, -0.10000000000000142
6241, 0.0, -0.10000000000000142
6242, 0.10000000000000142, -0.10000000000000142
6243, 0.10000000000000142, -0.10000000000000142
6244, 0.10000000000000142, -0.10000000000000142
6245, 0.10000000000000142, -0.10000000000000142
6246, 0.10000000000000142, -0.10000000000000142
6247, 0.10000000000000142, -0.10000000000000142
6248, 0.10000000000000142, -0.10000000000000142
6249, 0.10000000000000142, -0.10000000000000142
6250, 0.10000000000000142, -0.10000000000000142
6251, 0.10000000000000142, -0.10000000000000142
6252, 0.10000000000000142, -0.10000000000000142
6253, 0.10000000000000142, -0.10000000000000142
6254, 0.10000000000000142, -0.10000000000000142
6255, 0.10000000000000142, -0.10000000000000142
6256, 0.10000000000000142, -0.10000000000000142
6257, 0.10000000000000142, -0.10000000000000142
6258, 0.10000000000000142, -0.10000000000000142
6259, 0.10000000000000142, -0.10000000000000142
6260, 0.10000000000000142, -0.10000000000000142
6261, 0.10000000000000142, -0.10000000000000142
6262, 0.10000000000000142, -0.10000000000000142
6263, 0.10000000000000142, -0.10000000000000142
6264, 0.10000000000000142, -0.10000000000000142
6265, 0.10000000000000142, -0.10000000000000142
6266, 0.10000000000000142, -0.10000000000000142
6267, 0.10000000000000142, -0.10000000000000142
6268, 0.10000000000000142, 0.0
6269, 0.10000000000000142, 0.0
6270, 0.10000000000000142, 0.0
6271, 0.10000000000000142, 0.0
6272, 0.10000000000000142, 0.0
6273, 0.10000000000000142, 0.0
6274, 0.10000000000000142, 0.0
6275, 0.10000000000000142, 0.0
6276, 0.0, 0.0
6277, 0.0, -0.10000000000000142
6278, 0.0, -0.10000000000000142
6279, 0.0, -0.10000000000000142
6280, 0.0, -0.10000000000000142
6281, 0.0, -0.10000000000000142
6282, 0.0, -0.10000000000000142
6283, 0.0, -0.10000000000000142
6284, 0.0, -0.10000000000000142
6285, 0.0, -0.10000000000000142
6286, 0.0, -0.10000000000000142
6287, 0.0, -0.10000000000000142
6288, 0.0, -0.10000000000000142
6289, 0.0, -0.10000000000000142
6290, 0.0, -0.10000000000000142
6291, 0.0, -0.10000000000000142
6292, 0.0, -0.10000000000000142
6293, 0.0, -0.10000000000000142
6294, 0.0, -0.10000000000000142
6295, 0.0, -0.1999999999999993
6296, 0.0, -0.1999999999999993
6297, 0.0, -0.1999999999999993
6298, 0.0, -0.1999999999999993
6299, 0.0, -0.1999999999999993
6300, 0.0, -0.1999999999999993
6301, 0.0, -0.1999999999999993
6302, 0.0, -0.1999999999999993
6303, 0.0, -0.1999999999999993
6304, 0.0, -0.1999999999999993
6305, 0.0, -0.10000000000000142
6306, 0.0, -0.10000000000000142
6307, 0.0, -0.10000000000000142
6308, 0.0, -0.10000000000000142
6309, 0.0, -0.10000000000000142
6310, 0.0, -0.10000000000000142
6311, 0.0, -0.10000000000000142
6312, 0.0, -0.10000000000000142
6313, 0.0, -0.10000000000000142
6314, 0.0, -0.10000000000000142
6315, 0.0, -0.10000000000000142
6316, 0.0, -0.10000000000000142
6317, 0.0, -0.10000000000000142
6318, 0.0, -0.10000000000000142
6319, 0.0, -0.10000000000000142
6320, 0.0, -0.10000000000000142
6321, 0.0, -0.10000000000000142
6322, 0.0, -0.10000000000000142
6323, 0.0, -0.1999999999999993
6324, 0.0, -0.1999999999999993
6325, 0.0, -0.1999999999999993
6326, 0.0, -0.1999999999999993
6327, -0.10000000000000142, -0.1999999999999993
6328, -0.10000000000000142, -0.1999999999999993
6329, -0.10000000000000142, -0.1999999999999993
6330, -0.10000000000000142, -0.1999999999999993
6331, -0.10000000000000142, -0.1999999999999993
6332, -0.10000000000000142, -0.1999999999999993
6333, -0.10000000000000142, -0.1999999999999993
6334, -0.10000000000000142, -0.1999999999999993
6335, -0.10000000000000142, -0.1999999999999993
6336, -0.10000000000000142, -0.1999999999999993
6337, -0.10000000000000142, -0.1999999999999993
6338, -0.10000000000000142, -0.1999999999999993
6339, -0.10000000000000142, -0.1999999999999993
6340, -0.10000000000000142, -0.1999999999999993
6341, -0.10000000000000142, -0.1999999999999993
6342, -0.10000000000000142, -0.1999999999999993
6343, -0.10000000000000142, -0.1999999999999993
6344, -0.10000000000000142, -0.1999999999999993
6345, -0.1999999999999993, -0.10000000000000142
6346, -0.1999999999999993, -0.10000000000000142
6347, -0.1999999999999993, -0.10000000000000142
6348, -0.1999999999999993, -0.10000000000000142
6349, -0.1999999999999993, -0.10000000000000142
6350, -0.1999999999999993, -0.10000000000000142
6351, -0.1999999999999993, -0.10000000000000142
6352, -0.1999999999999993, -0.10000000000000142
6353, -0.1999999999999993, -0.10000000000000142
6354, -0.1999999999999993, -0.1999999999999993
6355, -0.1999999999999993, -0.1999999999999993
6356, -0.1999999999999993, -0.1999999999999993
6357, -0.1999999999999993, -0.1999999999999993
6358, -0.10000000000000142, -0.1999999999999993
6359, -0.10000000000000142, -0.1999999999999993
6360, -0.10000000000000142, -0.1999999999999993
6361, -0.10000000000000142, -0.1999999999999993
6362, -0.10000000000000142, -0.1999999999999993
6363, -0.10000000000000142, -0.1999999999999993
6364, -0.10000000000000142, -0.1999999999999993
6365, -0.10000000000000142, -0.1999999999999993
6366, -0.10000000000000142, -0.10000000000000142
6367, -0.10000000000000142, -0.10000000000000142
6368, -0.10000000000000142, -0.10000000000000142
6369, -0.10000000000000142, -0.10000000000000142
6370, -0.10000000000000142, -0.10000000000000142
6371, -0.10000000000000142, -0.10000000000000142
6372, -0.10000000000000142, -0.10000000000000142
6373, -0.10000000000000142, -0.10000000000000142
6374, -0.10000000000000142, -0.10000000000000142
6375, -0.10000000000000142, -0.10000000000000142
6376, -0.10000000000000142, -0.1999999999999993
6377, -0.10000000000000142, -0.1999999999999993
6378, -0.10000000000000142, -0.1999999999999993
6379, -0.10000000000000142, -0.1999999999999993
6380, -0.10000000000000142, -0.1999999999999993
6381, -0.10000000000000142, -0.1999999999999993
6382, -0.10000000000000142, -0.1999999999999993
6383, -0.10000000000000142, -0.1999999999999993
6384, -0.10000000000000142, -0.1999999999999993
6385, -0.10000000000000142, -0.1999999999999993
6386, -0.10000000000000142, -0.1999999999999993
6387, -0.10000000000000142, -0.1999999999999993
6388, -0.10000000000000142, -0.1999999999999993
6389, -0.10000000000000142, -0.1999999999999993
6390, -0.10000000000000142, -0.1999999999999993
6391, -0.10000000000000142, -0.1999999999999993
6392, -0.10000000000000142, -0.1999999999999993
6393, -0.10000000000000142, -0.1999999999999993
6394, -0.10000000000000142, -0.1999999999999993
6395, -0.10000000000000142, -0.10000000000000142
6396, -0.10000000000000142, -0.10000000000000142
6397, 0.0, -0.10000000000000142
6398, 0.0, -0.10000000000000142
6399, 0.0, -0.10000000000000142
6400, 0.0, -0.10000000000000142
6401, 0.0, -0.10000000000000142
6402, 0.0, -0.10000000000000142
6403, 0.0, -0.10000000000000142
6404, 0.0, -0.10000000000000142
6405, 0.0, -0.10000000000000142
6406, 0.0, -0.10000000000000142
6407, 0.0, -0.10000000000000142
6408, 0.0, -0.10000000000000142
6409, 0.0, -0.10000000000000142
6410, 0.0, -0.10000000000000142
6411, 0.0, -0.10000000000000142
6412, 0.0, -0.10000000000000142
6413, 0.0, -0.10000000000000142
6414, 0.0, -0.10000000000000142
6415, 0.0, -0.10000000000000142
6416, 0.0, -0.10000000000000142
6417, 0.0, -0.10000000000000142
6418, 0.0, -0.10000000000000142
6419, 0.0, -0.10000000000000142
6420, 0.0, -0.10000000000000142
6421, 0.0, -0.10000000000000142
6422, 0.0, -0.10000000000000142
6423, 0.0, -0.10000000000000142
6424, 0.0, -0.10000000000000142
6425, 0.0, -0.1999999999999993
6426, 0.0, -0.1999999999999993
6427, 0.0, -0.1999999999999993
6428, -0.10000000000000142, -0.1999999999999993
6429, -0.10000000000000142, -0.1999999999999993
6430, -0.10000000000000142, -0.1999999999999993
6431, -0.10000000000000142, -0.1999999999999993
6432, -0.10000000000000142, -0.1999999999999993
6433, 0.0, -0.1999999999999993
6434, 0.0, -0.1999999999999993
6435, 0.0, -0.1999999999999993
6436, 0.0, -0.1999999999999993
6437, 0.0, -0.1999999999999993
6438, 0.0, -0.1999999999999993
6439, 0.0, -0.1999999999999993
6440, 0.0, -0.1999999999999993
6441, 0.0, -0.1999999999999993
6442, 0.0, -0.1999999999999993
6443, 0.0, -0.1999999999999993
6444, 0.0, -0.1999999999999993
6445, 0.0, -0.1999999999999993
6446, 0.0, -0.1999999999999993
6447, 0.0, -0.1999999999999993
6448, 0.0, -0.1999999999999993
6449, 0.0, -0.1999999999999993
6450, 0.0, -0.1999999999999993
6451, 0.0, -0.1999999999999993
6452, 0.0, -0.1999999999999993
6453, 0.0, -0.1999999999999993
6454, 0.0, -0.1999999999999993
6455, 0.0, -0.1999999999999993
6456, 0.0, -0.1999999999999993
6457, 0.0, -0.1999999999999993
6458, 0.0, -0.1999999999999993
6459, 0.0, -0.1999999999999993
6460, 0.0, -0.1999999999999993
6461, 0.0, -0.1999999999999993
6462, 0.0, -0.1999999999999993
6463, 0.0, -0.1999999999999993
6464, 0.0, -0.1999999999999993
6465, 0.0, -0.1999999999999993
6466, 0.0, -0.1999999999999993
6467, 0.0, -0.1999999999999993
6468, 0.0, -0.1999999999999993
6469, 0.0, -0.1999999999999993
6470, 0.0, -0.1999999999999993
6471, 0.0, -0.1999999999999993
6472, 0.0, -0.1999999999999993
6473, 0.0, -0.1999999999999993
6474, -0.10000000000000142, -0.1999999999999993
6475, -0.10000000000000142, -0.1999999999999993
6476, -0.10000000000000142, -0.1999999999999993
6477, -0.10000000000000142, -0.1999999999999993
6478, -0.10000000000000142, -0.1999999999999993
6479, -0.10000000000000142, -0.1999999999999993
6480, -0.10000000000000142, -0.1999999999999993
6481, -0.10000000000000142, -0.1999999999999993
6482, -0.10000000000000142, -0.1999999999999993
6483, -0.10000000000000142, -0.1999999999999993
6484, -0.10000000000000142, -0.1999999999999993
6485, -0.10000000000000142, -0.1999999999999993
6486, -0.10000000000000142, -0.1999999999999993
6487, -0.10000000000000142, -0.10000000000000142
6488, -0.10000000000000142, -0.10000000000000142
6489, -0.10000000000000142, -0.10000000000000142
6490, -0.10000000000000142, -0.10000000000000142
6491, -0.10000000000000142, -0.10000000000000142
6492, -0.10000000000000142, -0.10000000000000142
6493, -0.10000000000000142, -0.10000000000000142
6494, -0.10000000000000142, -0.10000000000000142
6495, -0.10000000000000142, -0.10000000000000142
6496, -0.10000000000000142, -0.10000000000000142
6497, -0.10000000000000142, -0.10000000000000142
6498, -0.10000000000000142, -0.10000000000000142
6499, -0.10000000000000142, -0.10000000000000142
6500, -0.10000000000000142, -0.10000000000000142
6501, -0.10000000000000142, -0.10000000000000142
6502, -0.10000000000000142, -0.10000000000000142
6503, -0.10000000000000142, -0.10000000000000142
6504, -0.10000000000000142, -0.10000000000000142
6505, -0.10000000000000142, -0.10000000000000142
6506, -0.10000000000000142, -0.10000000000000142
6507, -0.10000000000000142, -0.10000000000000142
6508, -0.10000000000000142, -0.10000000000000142
6509, -0.10000000000000142, -0.10000000000000142
6510, -0.10000000000000142, -0.10000000000000142
6511, -0.10000000000000142, -0.10000000000000142
6512, -0.10000000000000142, -0.10000000000000142
6513, -0.10000000000000142, 0.0
6514, -0.10000000000000142, 0.0
6515, -0.10000000000000142, -0.10000000000000142
6516, -0.10000000000000142, -0.10000000000000142
6517, -0.10000000000000142, -0.10000000000000142
6518, -0.10000000000000142, -0.10000000000000142
6519, -0.10000000000000142, -0.10000000000000142
6520, -0.10000000000000142, -0.10000000000000142
6521, -0.10000000000000142, -0.10000000000000142
6522, -0.10000000000000142, -0.10000000000000142
6523, -0.10000000000000142, -0.10000000000000142
6524, -0.10000000000000142, -0.10000000000000142
6525, -0.10000000000000142, -0.10000000000000142
6526, -0.10000000000000142, -0.10000000000000142
6527, -0.10000000000000142, -0.10000000000000142
6528, -0.10000000000000142, -0.10000000000000142
6529, -0.10000000000000142, -0.10000000000000142
6530, -0.10000000000000142, -0.10000000000000142
6531, -0.10000000000000142, -0.10000000000000142
6532, -0.10000000000000142, -0.10000000000000142
6533, -0.10000000000000142, -0.10000000000000142
6534, -0.10000000000000142, -0.10000000000000142
6535, -0.10000000000000142, -0.10000000000000142
6536, -0.10000000000000142, -0.10000000000000142
6537, -0.10000000000000142, -0.10000000000000142
6538, -0.10000000000000142, -0.10000000000000142
6539, -0.10000000000000142, -0.10000000000000142
6540, -0.10000000000000142, -0.10000000000000142
6541, -0.10000000000000142, -0.10000000000000142
6542, -0.10000000000000142, -0.10000000000000142
6543, -0.10000000000000142, -0.10000000000000142
6544, -0.10000000000000142, -0.10000000000000142
6545, -0.10000000000000142, -0.10000000000000142
6546, -0.10000000000000142, -0.10000000000000142
6547, -0.10000000000000142, -0.10000000000000142
6548, -0.10000000000000142, -0.10000000000000142
6549, -0.10000000000000142, -0.10000000000000142
6550, -0.10000000000000142, 0.0
6551, -0.10000000000000142, 0.0
6552, -0.10000000000000142, 0.0
6553, -0.10000000000000142, 0.0
6554, -0.10000000000000142, 0.0
6555, -0.10000000000000142, 0.0
6556, -0.10000000000000142, 0.0
6557, -0.10000000000000142, 0.0
6558, -0.10000000000000142, 0.0
6559, -0.10000000000000142, 0.0
6560, -0.10000000000000142, 0.0
6561, -0.10000000000000142, 0.0
6562, -0.10000000000000142, 0.0
6563, -0.10000000000000142, 0.0
6564, -0.10000000000000142, 0.0
6565, -0.10000000000000142, 0.0
6566, -0.10000000000000142, 0.0
6567, -0.10000000000000142, 0.0
6568, -0.10000000000000142, 0.0
6569, -0.10000000000000142, 0.0
6570, -0.10000000000000142, 0.0
6571, -0.10000000000000142, 0.0
6572, -0.10000000000000142, 0.0
6573, -0.10000000000000142, 0.0
6574, -0.10000000000000142, 0.0
6575, -0.10000000000000142, 0.0
6576, -0.10000000000000142, -0.10000000000000142
6577, -0.10000000000000142, -0.10000000000000142
6578, -0.1999999999999993, -0.10000000000000142
6579, -0.1999999999999993, -0.10000000000000142
6580, -0.1999999999999993, -0.10000000000000142
6581, -0.1999999999999993, -0.10000000000000142
6582, -0.1999999999999993, -0.10000000000000142
6583, -0.1999999999999993, -0.10000000000000142
6584, -0.1999999999999993, -0.10000000000000142
6585, -0.1999999999999993, -0.10000000000000142
6586, -0.1999999999999993, -0.10000000000000142
6587, -0.1999999999999993, -0.1999999999999993
6588, -0.1999999999999993, -0.1999999999999993
6589, -0.1999999999999993, -0.1999999999999993
6590, -0.1999999999999993, -0.1999999999999993
6591, -0.1999999999999993, -0.1999999999999993
6592, -0.1999999999999993, -0.1999999999999993
6593, -0.1999999999999993, -0.1999999999999993
6594, -0.1999999999999993, -0.1999999999999993
6595, -0.1999999999999993, -0.1999999999999993
6596, -0.1999999999999993, -0.1999999999999993
6597, -0.1999999999999993, -0.1999999999999993
6598, -0.1999999999999993, -0.1999999999999993
6599, -0.1999999999999993, -0.1999999999999993
6600, -0.1999999999999993, -0.1999999999999993
6601, -0.1999999999999993, -0.1999999999999993
6602, -0.10000000000000142, -0.1999999999999993
6603, -0.10000000000000142, -0.1999999999999993
6604, -0.10000000000000142, -0.1999999999999993
6605, -0.10000000000000142, -0.1999999999999993
6606, -0.10000000000000142, -0.1999999999999993
6607, -0.10000000000000142, -0.1999999999999993
6608, -0.10000000000000142, -0.1999999999999993
6609, -0.10000000000000142, -0.1999999999999993
6610, -0.10000000000000142, -0.1999999999999993
6611, -0.10000000000000142, -0.1999999999999993
6612, -0.10000000000000142, -0.1999999999999993
6613, -0.10000000000000142, -0.1999999999999993
6614, -0.10000000000000142, -0.1999999999999993
6615, -0.10000000000000142, -0.1999999999999993
6616, -0.10000000000000142, -0.1999999999999993
6617, -0.10000000000000142, -0.1999999999999993
6618, -0.10000000000000142, -0.1999999999999993
6619, -0.10000000000000142, -0.1999999999999993
6620, -0.10000000000000142, -0.1999999999999993
6621, -0.10000000000000142, -0.1999999999999993
6622, -0.10000000000000142, -0.1999999999999993
6623, -0.10000000000000142, -0.1999999999999993
6624, -0.10000000000000142, -0.10000000000000142
6625, -0.10000000000000142, -0.10000000000000142
6626, -0.10000000000000142, -0.10000000000000142
6627, -0.10000000000000142, -0.10000000000000142
6628, -0.10000000000000142, -0.10000000000000142
6629, -0.10000000000000142, -0.10000000000000142
6630, -0.10000000000000142, -0.10000000000000142
6631, -0.10000000000000142, -0.10000000000000142
6632, -0.10000000000000142, -0.10000000000000142
6633, -0.10000000000000142, -0.10000000000000142
6634, -0.10000000000000142, -0.10000000000000142
6635, -0.10000000000000142, -0.10000000000000142
6636, -0.10000000000000142, -0.10000000000000142
6637, -0.10000000000000142, -0.10000000000000142
6638, -0.10000000000000142, -0.10000000000000142
6639, -0.10000000000000142, -0.10000000000000142
6640, -0.10000000000000142, -0.10000000000000142
6641, -0.10000000000000142, -0.10000000000000142
6642, -0.10000000000000142, -0.10000000000000142
6643, -0.10000000000000142, -0.10000000000000142
6644, -0.10000000000000142, -0.10000000000000142
6645, -0.10000000000000142, -0.10000000000000142
6646, -0.10000000000000142, -0.1999999999999993
6647, -0.10000000000000142, -0.1999999999999993
6648, -0.10000000000000142, -0.1999999999999993
6649, -0.10000000000000142, -0.1999999999999993
6650, 0.0, -0.1999999999999993
6651, 0.0, -0.1999999999999993
6652, 0.10000000000000142, -0.1999999999999993
6653, 0.10000000000000142, -0.1999999999999993
6654, 0.10000000000000142, -0.1999999999999993
6655, 0.10000000000000142, -0.1999999999999993
6656, 0.10000000000000142, -0.1999999999999993
6657, 0.10000000000000142, -0.10000000000000142
6658, 0.10000000000000142, -0.10000000000000142
6659, 0.10000000000000142, -0.10000000000000142
6660, 0.10000000000000142, -0.10000000000000142
6661, 0.10000000000000142, -0.10000000000000142
6662, 0.10000000000000142, -0.10000000000000142
6663, 0.10000000000000142, -0.10000000000000142
6664, 0.10000000000000142, -0.10000000000000142
6665, 0.10000000000000142, -0.10000000000000142
6666, 0.10000000000000142, -0.10000000000000142
6667, 0.10000000000000142, -0.10000000000000142
6668, 0.10000000000000142, -0.10000000000000142
6669, 0.0, -0.10000000000000142
6670, 0.0, -0.10000000000000142
6671, 0.0, -0.10000000000000142
6672, 0.0, -0.10000000000000142
6673, -0.10000000000000142, -0.10000000000000142
6674, -0.10000000000000142, -0.10000000000000142
6675, -0.10000000000000142, -0.10000000000000142
6676, -0.10000000000000142, -0.10000000000000142
6677, -0.10000000000000142, -0.10000000000000142
6678, -0.10000000000000142, -0.10000000000000142
6679, -0.10000000000000142, -0.10000000000000142
6680, -0.10000000000000142, -0.10000000000000142
6681, -0.10000000000000142, -0.10000000000000142
6682, -0.10000000000000142, -0.10000000000000142
6683, -0.10000000000000142, 0.0
6684, -0.10000000000000142, -0.10000000000000142
6685, -0.10000000000000142, -0.10000000000000142
6686, -0.10000000000000142, -0.10000000000000142
6687, -0.10000000000000142, 0.0
6688, -0.10000000000000142, 0.0
6689, -0.10000000000000142, 0.0
6690, -0.10000000000000142, 0.0
6691, -0.10000000000000142, 0.0
6692, -0.10000000000000142, 0.0
6693, -0.10000000000000142, 0.0
6694, -0.10000000000000142, 0.0
6695, -0.10000000000000142, 0.0
6696, -0.10000000000000142, 0.0
6697, -0.10000000000000142, 0.0
6698, -0.10000000000000142, -0.10000000000000142
6699, 0.0, -0.10000000000000142
6700, 0.0, -0.10000000000000142
6701, 0.0, -0.10000000000000142
6702, 0.0, -0.1999999999999993
6703, 0.0, -0.1999999999999993
6704, 0.0, -0.1999999999999993
6705, 0.0, -0.1999999999999993
6706, 0.0, -0.1999999999999993
6707, 0.0, -0.1999999999999993
6708, 0.0, -0.1999999999999993
6709, 0.0, -0.1999999999999993
6710, 0.0, -0.1999999999999993
6711, 0.0, -0.1999999999999993
6712, 0.0, -0.1999999999999993
6713, 0.0, -0.1999999999999993
6714, 0.0, -0.10000000000000142
6715, 0.0, -0.10000000000000142
6716, 0.0, -0.10000000000000142
6717, 0.0, -0.10000000000000142
6718, 0.0, -0.10000000000000142
6719, 0.0, -0.10000000000000142
6720, 0.0, -0.10000000000000142
6721, 0.0, -0.10000000000000142
6722, 0.0, -0.10000000000000142
6723, 0.0, -0.10000000000000142
6724, 0.0, -0.10000000000000142
6725, 0.0, -0.10000000000000142
6726, 0.0, -0.10000000000000142
6727, 0.0, -0.10000000000000142
6728, 0.0, -0.10000000000000142
6729, 0.0, -0.10000000000000142
6730, 0.0, -0.10000000000000142
6731, 0.0, -0.10000000000000142
6732, 0.0, -0.10000000000000142
6733, 0.0, -0.10000000000000142
6734, 0.0, -0.10000000000000142
6735, 0.0, -0.10000000000000142
6736, 0.0, -0.10000000000000142
6737, 0.0, -0.10000000000000142
6738, 0.10000000000000142, -0.10000000000000142
6739, 0.10000000000000142, -0.10000000000000142
6740, 0.0, -0.10000000000000142
6741, 0.0, -0.10000000000000142
6742, 0.0, -0.10000000000000142
6743, 0.0, -0.10000000000000142
6744, 0.0, -0.10000000000000142
6745, 0.0, -0.10000000000000142
6746, 0.0, -0.10000000000000142
6747, 0.0, -0.10000000000000142
6748, 0.0, -0.10000000000000142
6749, 0.10000000000000142, -0.10000000000000142
6750, 0.10000000000000142, -0.10000000000000142
6751, 0.10000000000000142, -0.10000000000000142
6752, 0.10000000000000142, -0.10000000000000142
6753, 0.10000000000000142, -0.10000000000000142
6754, 0.10000000000000142, -0.10000000000000142
6755, 0.10000000000000142, -0.10000000000000142
6756, 0.10000000000000142, -0.10000000000000142
6757, 0.10000000000000142, -0.10000000000000142
6758, 0.10000000000000142, -0.10000000000000142
6759, 0.10000000000000142, -0.10000000000000142
6760, 0.10000000000000142, -0.10000000000000142
6761, 0.10000000000000142, -0.1999999999999993
6762, 0.10000000000000142, -0.1999999999999993
6763, 0.10000000000000142, -0.1999999999999993
6764, 0.10000000000000142, -0.1999999999999993
6765, 0.10000000000000142, -0.1999999999999993
6766, 0.0, -0.1999999999999993
6767, 0.0, -0.1999999999999993
6768, 0.0, -0.1999999999999993
6769, 0.0, -0.1999999999999993
6770, 0.0, -0.1999999999999993
6771, 0.0, -0.1999999999999993
6772, 0.0, -0.1999999999999993
6773, 0.0, -0.1999999999999993
6774, 0.0, -0.1999999999999993
6775, 0.0, -0.1999999999999993
6776, 0.0, -0.1999999999999993
6777, 0.0, -0.1999999999999993
6778, 0.0, -0.1999999999999993
6779, 0.0, -0.1999999999999993
6780, 0.0, -0.1999999999999993
6781, 0.0, -0.1999999999999993
6782, 0.0, -0.1999999999999993
6783, 0.0, -0.1999999999999993
6784, 0.0, -0.1999999999999993
6785, 0.0, -0.1999999999999993
6786, 0.0, -0.1999999999999993
6787, 0.0, -0.1999999999999993
6788, 0.0, -0.1999999999999993
6789, 0.0, -0.1999999999999993
6790, 0.0, -0.1999999999999993
6791, 0.0, -0.1999999999999993
6792, 0.0, -0.1999999999999993
6793, 0.0, -0.1999999999999993
6794, 0.0, -0.1999999999999993
6795, 0.0, -0.1999999999999993
6796, 0.0, -0.1999999999999993
6797, -0.10000000000000142, -0.1999999999999993
6798, -0.10000000000000142, -0.1999999999999993
6799, -0.10000000000000142, -0.1999999999999993
6800, -0.10000000000000142, -0.1999999999999993
6801, -0.10000000000000142, -0.1999999999999993
6802, -0.10000000000000142, -0.1999999999999993
6803, -0.10000000000000142, -0.1999999999999993
6804, -0.10000000000000142, -0.10000000000000142
6805, -0.10000000000000142, -0.10000000000000142
6806, -0.10000000000000142, -0.10000000000000142
6807, -0.10000000000000142, -0.10000000000000142
6808, -0.10000000000000142, -0.10000000000000142
6809, -0.10000000000000142, -0.10000000000000142
6810, -0.10000000000000142, -0.10000000000000142
6811, -0.10000000000000142, -0.10000000000000142
6812, -0.10000000000000142, -0.10000000000000142
6813, -0.10000000000000142, -0.10000000000000142
6814, -0.10000000000000142, -0.10000000000000142
6815, -0.10000000000000142, -0.10000000000000142
6816, -0.10000000000000142, -0.10000000000000142
6817, -0.10000000000000142, -0.10000000000000142
6818, -0.10000000000000142, -0.10000000000000142
6819, -0.10000000000000142, -0.10000000000000142
6820, -0.10000000000000142, -0.10000000000000142
6821, -0.10000000000000142, -0.10000000000000142
6822, -0.10000000000000142, -0.10000000000000142
6823, -0.10000000000000142, -0.10000000000000142
6824, -0.10000000000000142, -0.10000000000000142
6825, -0.10000000000000142, -0.10000000000000142
6826, -0.10000000000000142, -0.10000000000000142
6827, -0.10000000000000142, -0.10000000000000142
6828, -0.10000000000000142, -0.10000000000000142
6829, -0.10000000000000142, -0.10000000000000142
6830, -0.10000000000000142, -0.10000000000000142
6831, -0.10000000000000142, -0.10000000000000142
6832, -0.10000000000000142, -0.10000000000000142
6833, -0.10000000000000142, -0.10000000000000142
6834, -0.10000000000000142, -0.10000000000000142
6835, -0.10000000000000142, -0.10000000000000142
6836, -0.10000000000000142, -0.10000000000000142
6837, -0.10000000000000142, -0.10000000000000142
6838, -0.10000000000000142, -0.10000000000000142
6839, -0.10000000000000142, -0.10000000000000142
6840, -0.10000000000000142, -0.10000000000000142
6841, -0.10000000000000142, -0.10000000000000142
6842, -0.10000000000000142, -0.10000000000000142
6843, -0.10000000000000142, -0.10000000000000142
6844, -0.10000000000000142, -0.10000000000000142
6845, -0.10000000000000142, -0.10000000000000142
6846, -0.10000000000000142, -0.10000000000000142
6847, -0.10000000000000142, -0.10000000000000142
6848, -0.10000000000000142, -0.10000000000000142
6849, -0.10000000000000142, -0.10000000000000142
6850, -0.10000000000000142, -0.10000000000000142
6851, -0.10000000000000142, -0.10000000000000142
6852, -0.10000000000000142, -0.10000000000000142
6853, -0.10000000000000142, -0.10000000000000142
6854, -0.10000000000000142, -0.10000000000000142
6855, -0.10000000000000142, -0.10000000000000142
6856, -0.10000000000000142, -0.10000000000000142
6857, -0.10000000000000142, -0.10000000000000142
6858, -0.10000000000000142, -0.10000000000000142
6859, -0.1999999999999993, -0.10000000000000142
6860, -0.1999999999999993, -0.10000000000000142
6861, -0.1999999999999993, -0.10000000000000142
6862, -0.1999999999999993, -0.10000000000000142
6863, -0.1999999999999993, -0.10000000000000142
6864, -0.1999999999999993, -0.10000000000000142
6865, -0.1999999999999993, -0.10000000000000142
6866, -0.1999999999999993, -0.10000000000000142
6867, -0.1999999999999993, -0.10000000000000142
6868, -0.1999999999999993, -0.10000000000000142
6869, -0.1999999999999993, -0.10000000000000142
6870, -0.1999999999999993, -0.10000000000000142
6871, -0.1999999999999993, -0.10000000000000142
6872, -0.1999999999999993, -0.10000000000000142
6873, -0.1999999999999993, -0.10000000000000142
6874, -0.1999999999999993, -0.10000000000000142
6875, -0.1999999999999993, -0.10000000000000142
6876, -0.1999999999999993, -0.10000000000000142
6877, -0.1999999999999993, -0.10000000000000142
6878, -0.1999999999999993, -0.10000000000000142
6879, -0.1999999999999993, -0.10000000000000142
6880, -0.1999999999999993, -0.10000000000000142
6881, -0.1999999999999993, -0.10000000000000142
6882, -0.1999999999999993, -0.10000000000000142
6883, -0.1999999999999993, -0.10000000000000142
6884, -0.1999999999999993, -0.10000000000000142
6885, -0.1999999999999993, -0.10000000000000142
6886, -0.10000000000000142, -0.10000000000000142
6887, -0.10000000000000142, -0.10000000000000142
6888, -0.10000000000000142, -0.10000000000000142
6889, -0.10000000000000142, 0.0
6890, -0.10000000000000142, 0.0
6891, -0.10000000000000142, 0.0
6892, -0.10000000000000142, 0.0
6893, -0.10000000000000142, 0.0
6894, -0.10000000000000142, 0.0
6895, -0.10000000000000142, 0.0
6896, -0.10000000000000142, 0.0
6897, -0.10000000000000142, 0.0
6898, -0.10000000000000142, -0.10000000000000142
6899, 0.0, -0.1999999999999993
6900, 0.0, -0.1999999999999993
6901, 0.0, -0.1999999999999993
6902, 0.0, -0.1999999999999993
6903, 0.0, -0.1999999999999993
6904, 0.0, -0.1999999999999993
6905, 0.0, -0.1999999999999993
6906, 0.0, -0.1999999999999993
6907, 0.0, -0.1999999999999993
6908, 0.0, -0.1999999999999993
6909, 0.0, -0.10000000000000142
6910, 0.0, -0.10000000000000142
6911, 0.0, -0.10000000000000142
6912, 0.0, -0.10000000000000142
6913, 0.0, -0.10000000000000142
6914, 0.0, -0.10000000000000142
6915, 0.0, -0.1999999999999993
6916, 0.0, -0.1999999999999993
6917, 0.0, -0.1999999999999993
6918, 0.0, -0.1999999999999993
6919, 0.0, -0.1999999999999993
6920, 0.0, -0.1999999999999993
6921, 0.0, -0.1999999999999993
6922, 0.0, -0.1999999999999993
6923, 0.0, -0.1999999999999993
6924, 0.0, -0.1999999999999993
6925, 0.0, -0.1999999999999993
6926, 0.0, -0.1999999999999993
6927, 0.0, -0.1999999999999993
6928, 0.0, -0.1999999999999993
6929, 0.0, -0.1999999999999993
6930, 0.0, -0.1999999999999993
6931, 0.0, -0.1999999999999993
6932, 0.0, -0.1999999999999993
6933, 0.0, -0.1999999999999993
6934, 0.0, -0.1999999999999993
6935, 0.0, -0.1999999999999993
6936, 0.0, -0.1999999999999993
6937, 0.0, -0.1999999999999993
6938, 0.0, -0.1999999999999993
6939, 0.0, -0.1999999999999993
6940, 0.0, -0.1999999999999993
6941, 0.0, -0.1999999999999993
6942, 0.0, -0.1999999999999993
6943, 0.0, -0.1999999999999993
6944, 0.0, -0.1999999999999993
6945, 0.0, -0.1999999999999993
6946, 0.0, -0.1999999999999993
6947, 0.0, -0.1999999999999993
6948, 0.0, -0.1999999999999993
6949, 0.0, -0.1999999999999993
6950, 0.0, -0.10000000000000142
6951, 0.0, -0.10000000000000142
6952, 0.0, -0.10000000000000142
6953, 0.0, -0.10000000000000142
6954, 0.0, -0.10000000000000142
6955, 0.0, -0.10000000000000142
6956, 0.0, -0.10000000000000142
6957, 0.0, -0.10000000000000142
6958, 0.0, -0.10000000000000142
6959, 0.0, -0.10000000000000142
6960, 0.0, -0.10000000000000142
6961, 0.0, -0.10000000000000142
6962, 0.0, -0.10000000000000142
6963, 0.0, -0.10000000000000142
6964, 0.0, -0.10000000000000142
6965, 0.0, -0.10000000000000142
6966, 0.0, -0.10000000000000142
6967, 0.0, -0.10000000000000142
6968, 0.0, -0.10000000000000142
6969, 0.0, -0.10000000000000142
6970, -0.10000000000000142, -0.10000000000000142
6971, -0.10000000000000142, -0.1999999999999993
6972, -0.10000000000000142, -0.1999999999999993
6973, -0.10000000000000142, -0.1999999999999993
6974, -0.10000000000000142, -0.1999999999999993
6975, -0.10000000000000142, -0.1999999999999993
6976, -0.10000000000000142, -0.1999999999999993
6977, -0.10000000000000142, -0.1999999999999993
6978, -0.10000000000000142, -0.1999999999999993
6979, -0.10000000000000142, -0.1999999999999993
6980, -0.10000000000000142, -0.1999999999999993
6981, -0.10000000000000142, -0.1999999999999993
6982, 0.0, -0.1999999999999993
6983, 0.0, -0.1999999999999993
6984, 0.0, -0.1999999999999993
6985, 0.0, -0.10000000000000142
6986, 0.0, -0.10000000000000142
6987, 0.0, -0.10000000000000142
6988, 0.0, -0.10000000000000142
6989, 0.0, -0.10000000000000142
6990, 0.0, -0.10000000000000142
6991, 0.0, -0.10000000000000142
6992, 0.0, -0.1999999999999993
6993, 0.0, -0.1999999999999993
6994, 0.0, -0.1999999999999993
6995, 0.0, -0.10000000000000142
6996, 0.0, -0.10000000000000142
6997, 0.0, -0.10000000000000142
6998, 0.0, -0.10000000000000142
6999, 0.0, -0.10000000000000142
7000, 0.0, -0.10000000000000142
7001, 0.0, -0.10000000000000142
7002, 0.0, -0.10000000000000142
7003, -0.10000000000000142, -0.10000000000000142
7004, -0.10000000000000142, -0.10000000000000142
7005, -0.10000000000000142, -0.10000000000000142
7006, -0.10000000000000142, -0.10000000000000142
7007, -0.10000000000000142, -0.10000000000000142
7008, -0.10000000000000142, -0.10000000000000142
7009, -0.10000000000000142, -0.10000000000000142
7010, -0.10000000000000142, -0.1999999999999993
7011, -0.10000000000000142, -0.1999999999999993
7012, -0.10000000000000142, -0.1999999999999993
7013, -0.10000000000000142, -0.1999999999999993
7014, -0.10000000000000142, -0.1999999999999993
7015, -0.10000000000000142, -0.1999999999999993
7016, -0.10000000000000142, -0.1999999999999993
7017, -0.10000000000000142, -0.10000000000000142
7018, -0.10000000000000142, -0.10000000000000142
7019, -0.10000000000000142, -0.10000000000000142
7020, -0.10000000000000142, -0.10000000000000142
7021, -0.10000000000000142, -0.10000000000000142
7022, -0.10000000000000142, -0.10000000000000142
7023, -0.10000000000000142, -0.10000000000000142
7024, -0.10000000000000142, -0.10000000000000142
7025, -0.10000000000000142, -0.10000000000000142
7026, -0.10000000000000142, -0.10000000000000142
7027, -0.10000000000000142, -0.10000000000000142
7028, -0.10000000000000142, -0.10000000000000142
7029, -0.10000000000000142, -0.10000000000000142
7030, -0.10000000000000142, -0.10000000000000142
7031, -0.10000000000000142, -0.10000000000000142
7032, -0.10000000000000142, -0.10000000000000142
7033, -0.10000000000000142, -0.10000000000000142
7034, -0.10000000000000142, -0.10000000000000142
7035, -0.10000000000000142, -0.10000000000000142
7036, -0.10000000000000142, -0.10000000000000142
7037, -0.10000000000000142, -0.10000000000000142
7038, -0.10000000000000142, -0.10000000000000142
7039, -0.10000000000000142, -0.10000000000000142
7040, -0.10000000000000142, -0.10000000000000142
7041, -0.10000000000000142, -0.10000000000000142
7042, -0.10000000000000142, -0.10000000000000142
7043, -0.10000000000000142, -0.10000000000000142
7044, -0.10000000000000142, -0.10000000000000142
7045, -0.10000000000000142, -0.10000000000000142
7046, -0.10000000000000142, -0.10000000000000142
7047, -0.10000000000000142, -0.10000000000000142
7048, -0.10000000000000142, -0.10000000000000142
7049, -0.10000000000000142, -0.10000000000000142
7050, -0.10000000000000142, -0.10000000000000142
7051, -0.10000000000000142, -0.10000000000000142
7052, -0.10000000000000142, -0.10000000000000142
7053, -0.10000000000000142, -0.10000000000000142
7054, -0.10000000000000142, -0.10000000000000142
7055, -0.10000000000000142, -0.10000000000000142
7056, -0.10000000000000142, -0.10000000000000142
7057, -0.10000000000000142, -0.10000000000000142
7058, -0.10000000000000142, -0.10000000000000142
7059, -0.10000000000000142, -0.10000000000000142
7060, -0.10000000000000142, -0.10000000000000142
7061, -0.10000000000000142, -0.1999999999999993
7062, -0.10000000000000142, -0.1999999999999993
7063, -0.10000000000000142, -0.1999999999999993
7064, -0.10000000000000142, -0.1999999999999993
7065, -0.10000000000000142, -0.1999999999999993
7066, -0.10000000000000142, -0.1999999999999993
7067, -0.10000000000000142, -0.1999999999999993
7068, 0.0, -0.1999999999999993
7069, 0.0, -0.1999999999999993
7070, 0.0, -0.1999999999999993
7071, 0.0, -0.1999999999999993
7072, 0.0, -0.1999999999999993
7073, 0.0, -0.1999999999999993
7074, 0.0, -0.1999999999999993
7075, 0.0, -0.1999999999999993
7076, 0.0, -0.1999999999999993
7077, 0.0, -0.10000000000000142
7078, 0.0, -0.10000000000000142
7079, 0.0, -0.10000000000000142
7080, 0.0, -0.10000000000000142
7081, 0.0, -0.10000000000000142
7082, 0.0, -0.10000000000000142
7083, 0.0, -0.10000000000000142
7084, 0.0, -0.10000000000000142
7085, 0.0, -0.10000000000000142
7086, 0.0, -0.10000000000000142
7087, 0.0, -0.10000000000000142
7088, 0.0, -0.10000000000000142
7089, 0.0, -0.10000000000000142
7090, 0.0, -0.10000000000000142
7091, 0.0, -0.10000000000000142
7092, 0.0, -0.10000000000000142
7093, 0.0, -0.10000000000000142
7094, 0.0, -0.10000000000000142
7095, -0.10000000000000142, -0.10000000000000142
7096, -0.10000000000000142, -0.10000000000000142
7097, -0.10000000000000142, -0.10000000000000142
7098, -0.10000000000000142, -0.10000000000000142
7099, -0.10000000000000142, -0.10000000000000142
7100, -0.10000000000000142, -0.10000000000000142
7101, -0.10000000000000142, -0.10000000000000142
7102, -0.10000000000000142, -0.10000000000000142
7103, -0.10000000000000142, -0.10000000000000142
7104, -0.10000000000000142, -0.10000000000000142
7105, -0.10000000000000142, -0.10000000000000142
7106, -0.10000000000000142, -0.10000000000000142
7107, -0.10000000000000142, -0.10000000000000142
7108, -0.10000000000000142, -0.10000000000000142
7109, -0.10000000000000142, -0.10000000000000142
7110, -0.10000000000000142, -0.10000000000000142
7111, -0.10000000000000142, -0.10000000000000142
7112, -0.10000000000000142, -0.10000000000000142
7113, -0.10000000000000142, -0.10000000000000142
7114, -0.10000000000000142, -0.10000000000000142
7115, -0.10000000000000142, -0.1999999999999993
7116, -0.10000000000000142, -0.1999999999999993
7117, -0.10000000000000142, -0.1999999999999993
7118, -0.10000000000000142, -0.1999999999999993
7119, -0.10000000000000142, -0.1999999999999993
7120, -0.10000000000000142, -0.1999999999999993
7121, -0.10000000000000142, -0.10000000000000142
7122, -0.10000000000000142, -0.10000000000000142
7123, -0.10000000000000142, -0.10000000000000142
7124, -0.10000000000000142, -0.10000000000000142
7125, -0.10000000000000142, -0.10000000000000142
7126, -0.10000000000000142, -0.10000000000000142
7127, -0.10000000000000142, -0.10000000000000142
7128, -0.10000000000000142, -0.10000000000000142
7129, -0.10000000000000142, -0.10000000000000142
7130, -0.10000000000000142, -0.1999999999999993
7131, -0.10000000000000142, -0.1999999999999993
7132, -0.10000000000000142, -0.1999999999999993
7133, -0.10000000000000142, -0.1999999999999993
7134, -0.10000000000000142, -0.1999999999999993
7135, -0.10000000000000142, -0.1999999999999993
7136, -0.10000000000000142, -0.1999999999999993
7137, -0.10000000000000142, -0.1999999999999993
7138, -0.10000000000000142, -0.1999999999999993
7139, -0.10000000000000142, -0.1999999999999993
7140, -0.10000000000000142, -0.1999999999999993
7141, -0.10000000000000142, -0.10000000000000142
7142, -0.10000000000000142, -0.10000000000000142
7143, -0.10000000000000142, -0.10000000000000142
7144, -0.10000000000000142, -0.10000000000000142
7145, -0.10000000000000142, -0.10000000000000142
7146, -0.10000000000000142, -0.1999999999999993
7147, -0.10000000000000142, -0.1999999999999993
7148, -0.10000000000000142, -0.1999999999999993
7149, -0.10000000000000142, -0.1999999999999993
7150, -0.10000000000000142, -0.1999999999999993
7151, -0.10000000000000142, -0.1999999999999993
7152, -0.10000000000000142, -0.1999999999999993
7153, -0.10000000000000142, -0.1999999999999993
7154, -0.10000000000000142, -0.1999999999999993
7155, -0.10000000000000142, -0.1999999999999993
7156, 0.0, -0.1999999999999993
7157, 0.0, -0.1999999999999993
7158, 0.0, -0.1999999999999993
7159, 0.0, -0.1999999999999993
7160, 0.0, -0.1999999999999993
7161, 0.0, -0.1999999999999993
7162, 0.0, -0.1999999999999993
7163, 0.0, -0.1999999999999993
7164, 0.0, -0.1999999999999993
7165, 0.0, -0.1999999999999993
7166, 0.0, -0.1999999999999993
7167, 0.0, -0.1999999999999993
7168, 0.0, -0.1999999999999993
7169, 0.0, -0.1999999999999993
7170, 0.0, -0.1999999999999993
7171, 0.0, -0.1999999999999993
7172, 0.0, -0.1999999999999993
7173, 0.0, -0.1999999999999993
7174, 0.0, -0.1999999999999993
7175, 0.0, -0.1999999999999993
7176, 0.0, -0.1999999999999993
7177, 0.0, -0.1999999999999993
7178, 0.0, -0.1999999999999993
7179, 0.0, -0.1999999999999993
7180, -0.10000000000000142, -0.1999999999999993
7181, -0.10000000000000142, -0.1999999999999993
7182, -0.10000000000000142, -0.1999999999999993
7183, 0.0, -0.1999999999999993
7184, 0.0, -0.1999999999999993
7185, 0.0, -0.1999999999999993
7186, 0.0, -0.1999999999999993
7187, 0.0, -0.1999999999999993
7188, 0.0, -0.1999999999999993
7189, 0.0, -0.1999999999999993
7190, 0.0, -0.1999999999999993
7191, 0.0, -0.1999999999999993
7192, 0.0, -0.1999999999999993
7193, 0.0, -0.1999999999999993
7194, 0.0, -0.1999999999999993
7195, 0.0, -0.10000000000000142
7196, 0.0, -0.10000000000000142
7197, 0.0, -0.10000000000000142
7198, 0.0, -0.10000000000000142
7199, 0.0, -0.10000000000000142
7200, 0.0, -0.10000000000000142
7201, 0.0, -0.10000000000000142
7202, 0.0, -0.1999999999999993
7203, 0.0, -0.1999999999999993
7204, 0.0, -0.1999999999999993
7205, 0.0, -0.1999999999999993
7206, 0.0, -0.1999999999999993
7207, 0.0, -0.1999999999999993
7208, 0.0, -0.1999999999999993
7209, 0.0, -0.3000000000000007
7210, 0.0, -0.3000000000000007
7211, -0.10000000000000142, -0.1999999999999993
7212, -0.10000000000000142, -0.1999999999999993
7213, -0.10000000000000142, -0.1999999999999993
7214, -0.10000000000000142, -0.1999999999999993
7215, -0.10000000000000142, -0.1999999999999993
7216, -0.10000000000000142, -0.1999999999999993
7217, -0.10000000000000142, -0.1999999999999993
7218, -0.10000000000000142, -0.1999999999999993
7219, -0.10000000000000142, -0.1999999999999993
7220, -0.10000000000000142, -0.1999999999999993
7221, -0.10000000000000142, -0.1999999999999993
7222, -0.10000000000000142, -0.1999999999999993
7223, -0.10000000000000142, -0.1999999999999993
7224, -0.10000000000000142, -0.1999999999999993
7225, -0.10000000000000142, -0.1999999999999993
7226, -0.10000000000000142, -0.1999999999999993
7227, -0.10000000000000142, -0.1999999999999993
7228, -0.10000000000000142, -0.1999999999999993
7229, -0.10000000000000142, -0.1999999999999993
7230, -0.10000000000000142, -0.1999999999999993
7231, -0.10000000000000142, -0.1999999999999993
7232, -0.10000000000000142, -0.1999999999999993
7233, -0.10000000000000142, -0.1999999999999993
7234, -0.10000000000000142, -0.1999999999999993
7235, -0.10000000000000142, -0.1999999999999993
7236, -0.10000000000000142, -0.1999999999999993
7237, -0.10000000000000142, -0.1999999999999993
7238, -0.10000000000000142, -0.1999999999999993
7239, -0.10000000000000142, -0.1999999999999993
7240, -0.10000000000000142, -0.1999999999999993
7241, -0.10000000000000142, -0.1999999999999993
7242, -0.10000000000000142, -0.1999999999999993
7243, -0.10000000000000142, -0.1999999999999993
7244, -0.10000000000000142, -0.1999999999999993
7245, -0.10000000000000142, -0.1999999999999993
7246, -0.10000000000000142, -0.1999999999999993
7247, -0.10000000000000142, -0.1999999999999993
7248, -0.10000000000000142, -0.1999999999999993
7249, -0.10000000000000142, -0.10000000000000142
7250, -0.10000000000000142, -0.10000000000000142
7251, -0.10000000000000142, -0.10000000000000142
7252, -0.10000000000000142, -0.10000000000000142
7253, -0.10000000000000142, -0.10000000000000142
7254, -0.10000000000000142, -0.10000000000000142
7255, -0.10000000000000142, -0.10000000000000142
7256, 0.0, -0.10000000000000142
7257, 0.0, -0.10000000000000142
7258, 0.0, -0.10000000000000142
7259, 0.0, -0.10000000000000142
7260, 0.0, -0.10000000000000142
7261, -0.10000000000000142, -0.10000000000000142
7262, -0.10000000000000142, -0.10000000000000142
7263, -0.10000000000000142, -0.10000000000000142
7264, -0.10000000000000142, -0.10000000000000142
7265, -0.10000000000000142, -0.10000000000000142
7266, -0.10000000000000142, -0.10000000000000142
7267, -0.10000000000000142, -0.10000000000000142
7268, -0.10000000000000142, -0.10000000000000142
7269, -0.10000000000000142, -0.10000000000000142
7270, -0.10000000000000142, -0.1999999999999993
7271, -0.10000000000000142, -0.1999999999999993
7272, -0.10000000000000142, -0.1999999999999993
7273, -0.10000000000000142, -0.1999999999999993
7274, -0.10000000000000142, -0.1999999999999993
7275, -0.10000000000000142, -0.1999999999999993
7276, -0.10000000000000142, -0.1999999999999993
7277, -0.10000000000000142, -0.1999999999999993
7278, -0.10000000000000142, -0.10000000000000142
7279, -0.10000000000000142, -0.10000000000000142
7280, -0.10000000000000142, -0.10000000000000142
7281, -0.10000000000000142, -0.10000000000000142
7282, -0.10000000000000142, -0.10000000000000142
7283, -0.10000000000000142, -0.10000000000000142
7284, -0.10000000000000142, -0.10000000000000142
7285, -0.10000000000000142, -0.10000000000000142
7286, -0.10000000000000142, -0.10000000000000142
7287, -0.10000000000000142, -0.10000000000000142
7288, -0.10000000000000142, -0.10000000000000142
7289, -0.10000000000000142, -0.10000000000000142
7290, 0.0, -0.10000000000000142
7291, 0.0, -0.10000000000000142
7292, 0.0, -0.10000000000000142
7293, 0.0, -0.10000000000000142
7294, 0.0, -0.10000000000000142
7295, 0.0, -0.10000000000000142
7296, 0.0, -0.10000000000000142
7297, 0.0, -0.10000000000000142
7298, 0.0, -0.10000000000000142
7299, 0.0, -0.10000000000000142
7300, 0.10000000000000142, -0.10000000000000142
7301, 0.10000000000000142, 0.0
7302, 0.10000000000000142, 0.0
7303, 0.10000000000000142, 0.0
7304, 0.0, 0.0
7305, 0.0, 0.0
7306, 0.0, 0.0
7307, 0.0, 0.0
7308, 0.0, 0.0
7309, 0.0, 0.0
7310, 0.0, 0.0
7311, 0.0, -0.10000000000000142
7312, 0.0, -0.10000000000000142
7313, 0.0, -0.10000000000000142
7314, 0.0, -0.10000000000000142
7315, 0.0, -0.10000000000000142
7316, 0.0, -0.10000000000000142
7317, 0.0, -0.10000000000000142
7318, 0.0, -0.10000000000000142
7319, 0.0, -0.10000000000000142
7320, 0.0, -0.10000000000000142
7321, 0.0, -0.10000000000000142
7322, 0.0, -0.10000000000000142
7323, 0.0, -0.10000000000000142
7324, 0.0, -0.10000000000000142
7325, 0.0, -0.10000000000000142
7326, 0.0, -0.10000000000000142
7327, 0.0, -0.10000000000000142
7328, 0.10000000000000142, 0.0
7329, 0.10000000000000142, 0.0
7330, 0.10000000000000142, 0.0
7331, 0.0, 0.0
7332, 0.0, 0.0
7333, 0.0, 0.0
7334, 0.0, 0.0
7335, 0.0, 0.0
7336, 0.0, 0.0
7337, 0.0, 0.0
7338, 0.0, 0.0
7339, 0.0, -0.10000000000000142
7340, 0.0, -0.10000000000000142
7341, 0.0, -0.10000000000000142
7342, 0.0, -0.10000000000000142
7343, 0.0, -0.10000000000000142
7344, 0.0, -0.10000000000000142
7345, 0.0, -0.10000000000000142
7346, 0.0, -0.10000000000000142
7347, 0.0, -0.10000000000000142
7348, 0.0, -0.10000000000000142
7349, 0.0, -0.10000000000000142
7350, 0.0, -0.10000000000000142
7351, 0.0, -0.10000000000000142
7352, 0.0, -0.10000000000000142
7353, -0.10000000000000142, -0.10000000000000142
7354, -0.10000000000000142, 0.0
7355, -0.10000000000000142, 0.0
7356, -0.10000000000000142, 0.0
7357, -0.10000000000000142, 0.0
7358, -0.10000000000000142, 0.0
7359, -0.10000000000000142, 0.0
7360, -0.10000000000000142, 0.0
7361, -0.10000000000000142, 0.0
7362, -0.10000000000000142, 0.0
7363, -0.10000000000000142, 0.0
7364, -0.10000000000000142, 0.0
7365, -0.10000000000000142, 0.0
7366, -0.10000000000000142, 0.0
7367, -0.10000000000000142, 0.0
7368, -0.10000000000000142, 0.0
7369, -0.10000000000000142, 0.0
7370, -0.10000000000000142, 0.0
7371, -0.10000000000000142, 0.0
7372, -0.10000000000000142, 0.0
7373, -0.10000000000000142, 0.0
7374, -0.10000000000000142, -0.10000000000000142
7375, -0.1999999999999993, -0.10000000000000142
7376, -0.1999999999999993, -0.10000000000000142
7377, -0.1999999999999993, -0.10000000000000142
7378, -0.1999999999999993, -0.10000000000000142
7379, -0.1999999999999993, -0.10000000000000142
7380, -0.1999999999999993, -0.10000000000000142
7381, -0.1999999999999993, -0.10000000000000142
7382, -0.1999999999999993, -0.10000000000000142
7383, -0.1999999999999993, -0.10000000000000142
7384, -0.1999999999999993, -0.10000000000000142
7385, -0.1999999999999993, -0.10000000000000142
7386, -0.1999999999999993, -0.10000000000000142
7387, -0.1999999999999993, -0.10000000000000142
7388, -0.1999999999999993, -0.10000000000000142
7389, -0.1999999999999993, -0.10000000000000142
7390, -0.1999999999999993, -0.10000000000000142
7391, -0.1999999999999993, -0.10000000000000142
7392, -0.1999999999999993, -0.10000000000000142
7393, -0.1999999999999993, -0.10000000000000142
7394, -0.1999999999999993, -0.10000000000000142
7395, -0.1999999999999993, -0.10000000000000142
7396, -0.10000000000000142, -0.10000000000000142
7397, -0.10000000000000142, -0.10000000000000142
7398, -0.10000000000000142, -0.10000000000000142
7399, -0.10000000000000142, -0.10000000000000142
7400, -0.10000000000000142, -0.10000000000000142
7401, -0.10000000000000142, -0.10000000000000142
7402, -0.10000000000000142, -0.10000000000000142
7403, -0.10000000000000142, -0.10000000000000142
7404, -0.10000000000000142, -0.10000000000000142
7405, -0.10000000000000142, -0.10000000000000142
7406, -0.10000000000000142, -0.10000000000000142
7407, -0.10000000000000142, -0.10000000000000142
7408, -0.10000000000000142, -0.10000000000000142
7409, -0.10000000000000142, -0.10000000000000142
7410, -0.10000000000000142, -0.10000000000000142
7411, -0.10000000000000142, -0.10000000000000142
7412, -0.10000000000000142, -0.10000000000000142
7413, -0.10000000000000142, -0.10000000000000142
7414, -0.10000000000000142, -0.10000000000000142
7415, -0.10000000000000142, -0.10000000000000142
7416, -0.10000000000000142, -0.10000000000000142
7417, -0.10000000000000142, -0.10000000000000142
7418, -0.10000000000000142, -0.10000000000000142
7419, -0.10000000000000142, 0.0
7420, -0.10000000000000142, 0.0
7421, -0.10000000000000142, 0.0
7422, -0.10000000000000142, 0.0
7423, -0.10000000000000142, 0.0
7424, -0.10000000000000142, 0.0
7425, -0.10000000000000142, 0.0
7426, -0.10000000000000142, 0.0
7427, -0.10000000000000142, 0.0
7428, -0.10000000000000142, 0.0
7429, -0.10000000000000142, 0.0
7430, -0.10000000000000142, 0.0
7431, -0.10000000000000142, 0.0
7432, -0.10000000000000142, -0.10000000000000142
7433, -0.10000000000000142, -0.10000000000000142
7434, -0.10000000000000142, -0.10000000000000142
7435, -0.10000000000000142, -0.10000000000000142
7436, -0.10000000000000142, -0.10000000000000142
7437, -0.10000000000000142, -0.10000000000000142
7438, 0.0, -0.10000000000000142
7439, 0.0, -0.10000000000000142
7440, 0.0, -0.10000000000000142
7441, 0.0, -0.10000000000000142
7442, 0.0, -0.10000000000000142
7443, 0.0, -0.10000000000000142
7444, 0.0, -0.10000000000000142
7445, 0.0, -0.10000000000000142
7446, 0.0, -0.10000000000000142
7447, 0.0, -0.10000000000000142
7448, 0.0, -0.10000000000000142
7449, 0.0, -0.10000000000000142
7450, 0.0, -0.10000000000000142
7451, 0.0, -0.10000000000000142
7452, 0.0, -0.10000000000000142
7453, 0.0, -0.10000000000000142
7454, 0.0, -0.10000000000000142
7455, 0.0, -0.10000000000000142
7456, 0.0, -0.10000000000000142
7457, 0.0, -0.10000000000000142
7458, 0.0, -0.10000000000000142
7459, 0.0, -0.10000000000000142
7460, 0.0, -0.10000000000000142
7461, 0.0, -0.10000000000000142
7462, 0.0, -0.10000000000000142
7463, 0.0, -0.10000000000000142
7464, 0.0, -0.10000000000000142
7465, 0.0, -0.10000000000000142
7466, 0.0, -0.10000000000000142
7467, 0.0, -0.10000000000000142
7468, 0.0, -0.10000000000000142
7469, 0.0, -0.10000000000000142
7470, 0.0, -0.10000000000000142
7471, 0.0, -0.10000000000000142
7472, 0.0, -0.10000000000000142
7473, 0.0, -0.10000000000000142
7474, 0.0, -0.10000000000000142
7475, 0.0, -0.10000000000000142
7476, 0.0, -0.10000000000000142
7477, 0.0, -0.10000000000000142
7478, 0.0, -0.10000000000000142
7479, 0.0, -0.1999999999999993
7480, 0.0, -0.1999999999999993
7481, 0.0, -0.1999999999999993
7482, 0.0, -0.1999999999999993
7483, 0.0, -0.1999999999999993
7484, 0.0, -0.1999999999999993
7485, 0.0, -0.1999999999999993
7486, 0.0, -0.1999999999999993
7487, 0.0, -0.1999999999999993
7488, 0.0, -0.1999999999999993
7489, 0.0, -0.1999999999999993
7490, 0.0, -0.1999999999999993
7491, 0.0, -0.1999999999999993
7492, 0.0, -0.1999999999999993
7493, 0.0, -0.1999999999999993
7494, 0.0, -0.1999999999999993
7495, 0.0, -0.1999999999999993
7496, 0.0, -0.1999999999999993
7497, 0.0, -0.1999999999999993
7498, 0.0, -0.1999999999999993
7499, 0.0, -0.1999999999999993
7500, 0.0, -0.1999999999999993
7501, 0.0, -0.1999999999999993
7502, 0.0, -0.1999999999999993
7503, 0.0, -0.1999999999999993
7504, 0.0, -0.1999999999999993
7505, 0.0, -0.1999999999999993
7506, 0.0, -0.1999999999999993
7507, 0.0, -0.1999999999999993
7508, 0.0, -0.1999999999999993
7509, 0.0, -0.1999999999999993
7510, 0.0, -0.1999999999999993
7511, 0.0, -0.1999999999999993
7512, 0.0, -0.1999999999999993
7513, 0.0, -0.1999999999999993
7514, 0.0, -0.1999999999999993
7515, 0.0, -0.1999999999999993
7516, 0.0, -0.1999999999999993
7517, 0.0, -0.1999999999999993
7518, 0.0, -0.3000000000000007
7519, 0.0, -0.3000000000000007
7520, 0.0, -0.3000000000000007
7521, 0.0, -0.1999999999999993
7522, 0.0, -0.1999999999999993
7523, 0.0, -0.1999999999999993
7524, 0.0, -0.1999999999999993
7525, 0.0, -0.1999999999999993
7526, 0.0, -0.1999999999999993
7527, 0.0, -0.1999999999999993
7528, 0.0, -0.1999999999999993
7529, 0.0, -0.1999999999999993
7530, 0.0, -0.1999999999999993
7531, 0.0, -0.1999999999999993
7532, 0.0, -0.1999999999999993
7533, 0.0, -0.1999999999999993
7534, 0.0, -0.1999999999999993
7535, 0.0, -0.1999999999999993
7536, 0.0, -0.1999999999999993
7537, 0.0, -0.1999999999999993
7538, 0.0, -0.1999999999999993
7539, 0.0, -0.1999999999999993
7540, 0.0, -0.1999999999999993
7541, 0.0, -0.1999999999999993
7542, 0.0, -0.1999999999999993
7543, 0.0, -0.1999999999999993
7544, 0.0, -0.1999999999999993
7545, 0.0, -0.1999999999999993
7546, 0.0, -0.1999999999999993
7547, 0.0, -0.1999999999999993
7548, 0.0, -0.1999999999999993
7549, 0.0, -0.1999999999999993
7550, 0.0, -0.1999999999999993
7551, 0.0, -0.10000000000000142
7552, 0.0, -0.1999999999999993
7553, 0.0, -0.1999999999999993
7554, 0.0, -0.1999999999999993
7555, -0.10000000000000142, -0.1999999999999993
7556, -0.10000000000000142, -0.1999999999999993
7557, -0.10000000000000142, -0.1999999999999993
7558, -0.10000000000000142, -0.1999999999999993
7559, -0.10000000000000142, -0.1999999999999993
7560, -0.10000000000000142, -0.1999999999999993
7561, -0.10000000000000142, -0.1999999999999993
7562, -0.10000000000000142, -0.1999999999999993
7563, -0.10000000000000142, -0.1999999999999993
7564, -0.10000000000000142, -0.1999999999999993
7565, -0.10000000000000142, -0.1999999999999993
7566, -0.10000000000000142, -0.1999999999999993
7567, -0.10000000000000142, -0.1999999999999993
7568, -0.10000000000000142, -0.1999999999999993
7569, -0.10000000000000142, -0.1999999999999993
7570, -0.10000000000000142, -0.1999999999999993
7571, -0.10000000000000142, -0.1999999999999993
7572, -0.10000000000000142, -0.1999999999999993
7573, -0.10000000000000142, -0.1999999999999993
7574, -0.10000000000000142, -0.1999999999999993
7575, -0.10000000000000142, -0.1999999999999993
7576, -0.10000000000000142, -0.1999999999999993
7577, -0.10000000000000142, -0.1999999999999993
7578, -0.10000000000000142, -0.1999999999999993
7579, -0.10000000000000142, -0.1999999999999993
7580, -0.10000000000000142, -0.10000000000000142
7581, -0.10000000000000142, -0.10000000000000142
7582, -0.10000000000000142, -0.10000000000000142
7583, -0.10000000000000142, -0.10000000000000142
7584, -0.10000000000000142, -0.10000000000000142
7585, -0.10000000000000142, -0.10000000000000142
7586, -0.10000000000000142, -0.10000000000000142
7587, -0.10000000000000142, -0.1999999999999993
7588, -0.10000000000000142, -0.1999999999999993
7589, -0.10000000000000142, -0.1999999999999993
7590, -0.10000000000000142, -0.1999999999999993
7591, -0.10000000000000142, -0.1999999999999993
7592, -0.10000000000000142, -0.1999999999999993
7593, -0.10000000000000142, -0.1999999999999993
7594, 0.0, -0.1999999999999993
7595, 0.0, -0.1999999999999993
7596, 0.0, -0.1999999999999993
7597, 0.0, -0.1999999999999993
7598, 0.0, -0.1999999999999993
7599, 0.0, -0.1999999999999993
7600, 0.0, -0.1999999999999993
7601, 0.0, -0.1999999999999993
7602, 0.0, -0.1999999999999993
7603, 0.0, -0.1999999999999993
7604, 0.0, -0.1999999999999993
7605, 0.0, -0.1999999999999993
7606, 0.0, -0.1999999999999993
7607, 0.0, -0.1999999999999993
7608, 0.0, -0.1999999999999993
7609, 0.0, -0.1999999999999993
7610, 0.0, -0.1999999999999993
7611, 0.0, -0.1999999999999993
7612, 0.0, -0.1999999999999993
7613, 0.0, -0.1999999999999993
7614, 0.0, -0.1999999999999993
7615, 0.0, -0.1999999999999993
7616, 0.0, -0.1999999999999993
7617, 0.0, -0.1999999999999993
7618, 0.0, -0.1999999999999993
7619, 0.0, -0.1999999999999993
7620, 0.0, -0.1999999999999993
7621, 0.0, -0.10000000000000142
7622, 0.0, -0.10000000000000142
7623, 0.0, -0.10000000000000142
7624, 0.0, -0.10000000000000142
7625, 0.0, -0.10000000000000142
7626, 0.0, -0.10000000000000142
7627, 0.0, -0.1999999999999993
7628, 0.0, -0.1999999999999993
7629, 0.0, -0.1999999999999993
7630, 0.0, -0.1999999999999993
7631, 0.0, -0.1999999999999993
7632, 0.0, -0.1999999999999993
7633, 0.0, -0.1999999999999993
7634, 0.0, -0.1999999999999993
7635, 0.0, -0.1999999999999993
7636, 0.0, -0.1999999999999993
7637, -0.10000000000000142, -0.1999999999999993
7638, -0.10000000000000142, -0.1999999999999993
7639, -0.10000000000000142, -0.10000000000000142
7640, -0.10000000000000142, -0.10000000000000142
7641, -0.10000000000000142, -0.10000000000000142
7642, -0.10000000000000142, -0.10000000000000142
7643, -0.10000000000000142, -0.10000000000000142
7644, -0.10000000000000142, -0.10000000000000142
7645, -0.10000000000000142, -0.10000000000000142
7646, -0.10000000000000142, -0.10000000000000142
7647, -0.10000000000000142, -0.10000000000000142
7648, -0.10000000000000142, -0.10000000000000142
7649, -0.10000000000000142, -0.10000000000000142
7650, -0.10000000000000142, -0.10000000000000142
7651, -0.10000000000000142, -0.10000000000000142
7652, -0.10000000000000142, -0.10000000000000142
7653, -0.10000000000000142, -0.10000000000000142
7654, -0.10000000000000142, -0.10000000000000142
7655, -0.10000000000000142, -0.10000000000000142
7656, -0.10000000000000142, -0.10000000000000142
7657, -0.10000000000000142, -0.10000000000000142
7658, -0.10000000000000142, -0.10000000000000142
7659, -0.10000000000000142, -0.10000000000000142
7660, -0.10000000000000142, -0.10000000000000142
7661, -0.10000000000000142, -0.10000000000000142
7662, -0.10000000000000142, -0.10000000000000142
7663, -0.10000000000000142, -0.10000000000000142
7664, -0.10000000000000142, -0.1999999999999993
7665, -0.10000000000000142, -0.1999999999999993
7666, -0.10000000000000142, -0.1999999999999993
7667, -0.10000000000000142, -0.1999999999999993
7668, -0.10000000000000142, -0.1999999999999993
7669, -0.10000000000000142, -0.1999999999999993
7670, -0.10000000000000142, -0.1999999999999993
7671, -0.10000000000000142, -0.1999999999999993
7672, -0.10000000000000142, -0.1999999999999993
7673, -0.10000000000000142, -0.10000000000000142
7674, -0.10000000000000142, -0.10000000000000142
7675, -0.10000000000000142, -0.10000000000000142
7676, -0.10000000000000142, -0.10000000000000142
7677, -0.10000000000000142, -0.10000000000000142
7678, 0.0, -0.10000000000000142
7679, 0.0, -0.10000000000000142
7680, 0.0, -0.10000000000000142
7681, 0.0, -0.1999999999999993
7682, 0.0, -0.1999999999999993
7683, 0.0, -0.1999999999999993
7684, 0.0, -0.1999999999999993
7685, 0.0, -0.1999999999999993
7686, 0.0, -0.1999999999999993
7687, 0.0, -0.1999999999999993
7688, 0.0, -0.1999999999999993
7689, 0.0, -0.1999999999999993
7690, 0.0, -0.1999999999999993
7691, 0.0, -0.1999999999999993
7692, 0.0, -0.1999999999999993
7693, 0.0, -0.1999999999999993
7694, 0.0, -0.1999999999999993
7695, 0.0, -0.1999999999999993
7696, 0.0, -0.1999999999999993
7697, 0.0, -0.1999999999999993
7698, 0.0, -0.1999999999999993
7699, 0.0, -0.1999999999999993
7700, 0.0, -0.1999999999999993
7701, 0.0, -0.1999999999999993
7702, 0.0, -0.1999999999999993
7703, 0.0, -0.1999999999999993
7704, 0.0, -0.1999999999999993
7705, 0.0, -0.1999999999999993
7706, 0.0, -0.1999999999999993
7707, 0.0, -0.1999999999999993
7708, 0.0, -0.1999999999999993
7709, 0.0, -0.1999999999999993
7710, 0.0, -0.1999999999999993
7711, 0.0, -0.1999999999999993
7712, 0.0, -0.1999999999999993
7713, 0.0, -0.1999999999999993
7714, 0.0, -0.10000000000000142
7715, -0.10000000000000142, -0.10000000000000142
7716, -0.10000000000000142, -0.10000000000000142
7717, -0.10000000000000142, 0.0
7718, -0.10000000000000142, 0.0
7719, -0.10000000000000142, 0.0
7720, -0.10000000000000142, 0.0
7721, -0.10000000000000142, 0.0
7722, -0.10000000000000142, 0.0
7723, -0.10000000000000142, 0.0
7724, -0.10000000000000142, 0.0
7725, -0.10000000000000142, 0.0
7726, -0.10000000000000142, 0.0
7727, -0.10000000000000142, 0.0
7728, -0.10000000000000142, 0.0
7729, -0.10000000000000142, 0.0
7730, -0.10000000000000142, 0.0
7731, -0.10000000000000142, 0.0
7732, -0.10000000000000142, 0.0
7733, -0.10000000000000142, 0.0
7734, -0.10000000000000142, 0.0
7735, -0.10000000000000142, 0.0
7736, -0.10000000000000142, 0.0
7737, -0.10000000000000142, 0.0
7738, -0.10000000000000142, 0.0
7739, -0.10000000000000142, 0.0
7740, -0.10000000000000142, 0.0
7741, -0.10000000000000142, 0.0
7742, -0.10000000000000142, -0.10000000000000142
7743, -0.10000000000000142, -0.10000000000000142
7744, -0.10000000000000142, -0.10000000000000142
7745, -0.10000000000000142, -0.10000000000000142
7746, -0.10000000000000142, -0.10000000000000142
7747, -0.10000000000000142, -0.10000000000000142
7748, -0.10000000000000142, -0.10000000000000142
7749, -0.10000000000000142, -0.10000000000000142
7750, -0.10000000000000142, -0.10000000000000142
7751, -0.10000000000000142, -0.10000000000000142
7752, -0.10000000000000142, -0.10000000000000142
7753, -0.10000000000000142, -0.10000000000000142
7754, -0.10000000000000142, -0.10000000000000142
7755, -0.10000000000000142, -0.10000000000000142
7756, -0.10000000000000142, -0.10000000000000142
7757, -0.10000000000000142, 0.0
7758, -0.10000000000000142, 0.0
7759, -0.10000000000000142, 0.0
7760, -0.10000000000000142, 0.0
7761, -0.10000000000000142, 0.0
7762, -0.10000000000000142, 0.0
7763, -0.10000000000000142, 0.0
7764, -0.10000000000000142, 0.0
7765, -0.10000000000000142, 0.0
7766, -0.10000000000000142, 0.0
7767, -0.10000000000000142, 0.0
7768, -0.10000000000000142, 0.0
7769, -0.10000000000000142, 0.0
7770, -0.10000000000000142, 0.0
7771, 0.0, 0.0
7772, 0.0, 0.0
7773, 0.0, 0.0
7774, 0.0, 0.0
7775, 0.0, 0.0
7776, 0.0, 0.0
7777, 0.0, 0.0
7778, 0.0, 0.0
7779, 0.0, 0.0
7780, 0.0, 0.0
7781, 0.0, 0.0
7782, 0.0, 0.0
7783, 0.0, -0.10000000000000142
7784, 0.0, -0.10000000000000142
7785, 0.0, -0.10000000000000142
7786, 0.0, -0.10000000000000142
7787, 0.0, -0.10000000000000142
7788, 0.0, -0.10000000000000142
7789, 0.0, -0.10000000000000142
7790, 0.0, -0.10000000000000142
7791, 0.0, -0.10000000000000142
7792, 0.0, -0.10000000000000142
7793, 0.0, -0.10000000000000142
7794, 0.0, -0.10000000000000142
7795, 0.0, -0.10000000000000142
7796, -0.10000000000000142, -0.10000000000000142
7797, -0.10000000000000142, -0.10000000000000142
7798, -0.10000000000000142, -0.10000000000000142
7799, -0.10000000000000142, -0.10000000000000142
7800, -0.1999999999999993, -0.10000000000000142
7801, -0.1999999999999993, -0.10000000000000142
7802, -0.1999999999999993, -0.10000000000000142
7803, -0.1999999999999993, -0.10000000000000142
7804, -0.1999999999999993, -0.10000000000000142
7805, -0.1999999999999993, -0.1999999999999993
7806, -0.1999999999999993, -0.1999999999999993
7807, -0.1999999999999993, -0.1999999999999993
7808, -0.1999999999999993, -0.1999999999999993
7809, -0.1999999999999993, -0.1999999999999993
7810, -0.1999999999999993, -0.1999999999999993
7811, -0.1999999999999993, -0.1999999999999993
7812, -0.1999999999999993, -0.1999999999999993
7813, -0.1999999999999993, -0.1999999999999993
7814, -0.1999999999999993, -0.1999999999999993
7815, -0.1999999999999993, -0.1999999999999993
7816, -0.1999999999999993, -0.1999999999999993
7817, -0.1999999999999993, -0.1999999999999993
7818, -0.1999999999999993, -0.1999999999999993
7819, -0.1999999999999993, -0.1999999999999993
7820, -0.10000000000000142, -0.1999999999999993
7821, -0.10000000000000142, -0.1999999999999993
7822, -0.10000000000000142, -0.1999999999999993
7823, -0.10000000000000142, -0.1999999999999993
7824, -0.10000000000000142, -0.1999999999999993
7825, -0.10000000000000142, -0.1999999999999993
7826, -0.10000000000000142, -0.1999999999999993
7827, -0.10000000000000142, -0.1999999999999993
7828, -0.10000000000000142, -0.1999999999999993
7829, -0.10000000000000142, -0.1999999999999993
7830, -0.10000000000000142, -0.1999999999999993
7831, -0.10000000000000142, -0.1999999999999993
7832, -0.10000000000000142, -0.1999999999999993
7833, -0.10000000000000142, -0.10000000000000142
7834, -0.10000000000000142, -0.10000000000000142
7835, -0.10000000000000142, -0.10000000000000142
7836, -0.10000000000000142, -0.10000000000000142
7837, -0.10000000000000142, -0.10000000000000142
7838, -0.10000000000000142, -0.10000000000000142
7839, -0.10000000000000142, -0.10000000000000142
7840, -0.10000000000000142, -0.10000000000000142
7841, -0.10000000000000142, -0.10000000000000142
7842, -0.1999999999999993, -0.10000000000000142
7843, -0.1999999999999993, -0.10000000000000142
7844, -0.1999999999999993, -0.10000000000000142
7845, -0.1999999999999993, -0.10000000000000142
7846, -0.1999999999999993, -0.10000000000000142
7847, -0.1999999999999993, -0.10000000000000142
7848, -0.1999999999999993, -0.10000000000000142
7849, -0.1999999999999993, -0.10000000000000142
7850, -0.1999999999999993, -0.10000000000000142
7851, -0.1999999999999993, -0.10000000000000142
7852, -0.1999999999999993, -0.10000000000000142
7853, -0.1999999999999993, -0.10000000000000142
7854, -0.1999999999999993, -0.10000000000000142
7855, -0.1999999999999993, -0.10000000000000142
7856, -0.1999999999999993, -0.10000000000000142
7857, -0.10000000000000142, -0.10000000000000142
7858, -0.10000000000000142, -0.10000000000000142
7859, -0.10000000000000142, -0.10000000000000142
7860, -0.10000000000000142, -0.10000000000000142
7861, -0.10000000000000142, -0.10000000000000142
7862, -0.10000000000000142, -0.10000000000000142
7863, -0.10000000000000142, -0.10000000000000142
7864, -0.10000000000000142, -0.1999999999999993
7865, -0.10000000000000142, -0.1999999999999993
7866, -0.10000000000000142, -0.1999999999999993
7867, -0.10000000000000142, -0.1999999999999993
7868, -0.10000000000000142, -0.1999999999999993
7869, -0.10000000000000142, -0.1999999999999993
7870, -0.10000000000000142, -0.1999999999999993
7871, -0.10000000000000142, -0.1999999999999993
7872, -0.10000000000000142, -0.10000000000000142
7873, -0.10000000000000142, -0.10000000000000142
7874, -0.10000000000000142, -0.10000000000000142
7875, -0.10000000000000142, -0.10000000000000142
7876, -0.10000000000000142, -0.10000000000000142
7877, -0.10000000000000142, -0.10000000000000142
7878, -0.10000000000000142, -0.10000000000000142
7879, -0.10000000000000142, -0.10000000000000142
7880, -0.10000000000000142, -0.10000000000000142
7881, -0.10000000000000142, -0.10000000000000142
7882, -0.10000000000000142, -0.10000000000000142
7883, -0.10000000000000142, 0.0
7884, -0.10000000000000142, -0.10000000000000142
7885, -0.10000000000000142, -0.10000000000000142
7886, -0.10000000000000142, -0.10000000000000142
7887, -0.10000000000000142, -0.10000000000000142
7888, -0.10000000000000142, -0.10000000000000142
7889, -0.10000000000000142, -0.10000000000000142
7890, -0.10000000000000142, -0.10000000000000142
7891, -0.10000000000000142, -0.10000000000000142
7892, -0.10000000000000142, -0.10000000000000142
7893, -0.10000000000000142, -0.10000000000000142
7894, -0.10000000000000142, -0.10000000000000142
7895, 0.0, -0.10000000000000142
7896, 0.0, 0.0
7897, 0.0, 0.0
7898, 0.0, 0.0
7899, 0.0, -0.10000000000000142
7900, 0.0, -0.10000000000000142
7901, 0.0, -0.1999999999999993
7902, 0.0, -0.1999999999999993
7903, 0.0, -0.1999999999999993
7904, 0.0, -0.1999999999999993
7905, 0.0, -0.1999999999999993
7906, 0.0, -0.1999999999999993
7907, 0.0, -0.1999999999999993
7908, 0.0, -0.1999999999999993
7909, 0.0, -0.1999999999999993
7910, 0.0, -0.1999999999999993
7911, 0.0, -0.1999999999999993
7912, 0.0, -0.1999999999999993
7913, 0.0, -0.1999999999999993
7914, 0.0, -0.1999999999999993
7915, 0.0, -0.1999999999999993
7916, 0.0, -0.10000000000000142
7917, 0.0, -0.10000000000000142
7918, 0.0, -0.1999999999999993
7919, 0.0, -0.1999999999999993
7920, 0.0, -0.1999999999999993
7921, 0.0, -0.1999999999999993
7922, 0.0, -0.1999999999999993
7923, 0.0, -0.1999999999999993
7924, 0.0, -0.1999999999999993
7925, 0.0, -0.1999999999999993
7926, 0.0, -0.1999999999999993
7927, 0.0, -0.1999999999999993
7928, 0.0, -0.1999999999999993
7929, 0.0, -0.10000000000000142
7930, 0.0, -0.10000000000000142
7931, 0.0, -0.10000000000000142
7932, 0.0, -0.10000000000000142
7933, 0.0, -0.10000000000000142
7934, 0.0, -0.10000000000000142
7935, 0.0, -0.10000000000000142
7936, 0.0, -0.10000000000000142
7937, 0.0, -0.10000000000000142
7938, 0.0, -0.10000000000000142
7939, 0.0, -0.10000000000000142
7940, 0.0, -0.10000000000000142
7941, 0.0, -0.10000000000000142
7942, 0.0, -0.10000000000000142
7943, 0.0, -0.10000000000000142
7944, 0.0, -0.10000000000000142
7945, 0.0, -0.10000000000000142
7946, 0.0, -0.10000000000000142
7947, 0.0, -0.10000000000000142
7948, 0.0, -0.10000000000000142
7949, 0.0, -0.10000000000000142
7950, 0.0, -0.10000000000000142
7951, 0.0, 0.0
7952, 0.0, 0.0
7953, 0.0, 0.0
7954, 0.0, 0.0
7955, 0.0, 0.0
7956, 0.0, 0.0
7957, 0.0, 0.0
7958, 0.0, 0.0
7959, 0.0, -0.10000000000000142
7960, 0.0, -0.10000000000000142
7961, 0.0, -0.10000000000000142
7962, 0.0, -0.10000000000000142
7963, 0.0, -0.10000000000000142
7964, 0.0, -0.10000000000000142
7965, 0.0, -0.10000000000000142
7966, 0.0, -0.10000000000000142
7967, 0.0, 0.0
7968, 0.0, 0.0
7969, 0.0, -0.10000000000000142
7970, 0.0, -0.10000000000000142
7971, 0.0, -0.10000000000000142
7972, 0.0, -0.10000000000000142
7973, 0.0, -0.10000000000000142
7974, 0.0, -0.10000000000000142
7975, 0.0, -0.10000000000000142
7976, 0.0, -0.10000000000000142
7977, 0.0, -0.10000000000000142
7978, 0.0, -0.10000000000000142
7979, 0.0, -0.10000000000000142
7980, 0.0, 0.0
7981, 0.0, 0.0
7982, 0.0, 0.0
7983, 0.0, 0.0
7984, 0.0, 0.0
7985, 0.0, 0.0
7986, 0.0, 0.0
7987, 0.0, 0.0
7988, 0.0, 0.0
7989, -0.10000000000000142, 0.0
7990, -0.10000000000000142, 0.0
7991, -0.10000000000000142, 0.0
7992, -0.10000000000000142, 0.0
7993, 0.0, -0.10000000000000142
7994, 0.0, -0.10000000000000142
7995, 0.0, -0.1999999999999993
7996, 0.0, -0.1999999999999993
7997, 0.0, -0.1999999999999993
7998, 0.0, -0.1999999999999993
7999, 0.0, -0.1999999999999993
8000, 0.0, -0.1999999999999993
8001, 0.0, -0.1999999999999993
8002, 0.0, -0.1999999999999993
8003, 0.0, -0.1999999999999993
8004, 0.0, -0.1999999999999993
8005, 0.0, -0.1999999999999993
8006, 0.0, -0.1999999999999993
8007, 0.0, -0.1999999999999993
8008, 0.0, -0.1999999999999993
8009, 0.0, -0.1999999999999993
8010, 0.0, -0.1999999999999993
8011, 0.0, -0.1999999999999993
8012, 0.0, -0.1999999999999993
8013, 0.0, -0.1999999999999993
8014, 0.0, -0.1999999999999993
8015, 0.0, -0.1999999999999993
8016, 0.0, -0.1999999999999993
8017, 0.0, -0.1999999999999993
8018, 0.0, -0.1999999999999993
8019, 0.0, -0.1999999999999993
8020, 0.0, -0.1999999999999993
8021, 0.0, -0.1999999999999993
8022, 0.0, -0.1999999999999993
8023, 0.0, -0.10000000000000142
8024, 0.0, -0.10000000000000142
8025, 0.0, -0.10000000000000142
8026, 0.0, -0.10000000000000142
8027, 0.0, -0.10000000000000142
8028, 0.0, -0.10000000000000142
8029, 0.0, -0.10000000000000142
8030, 0.0, -0.10000000000000142
8031, 0.0, -0.10000000000000142
8032, 0.0, -0.10000000000000142
8033, 0.0, -0.10000000000000142
8034, 0.0, -0.10000000000000142
8035, 0.0, -0.10000000000000142
8036, 0.0, -0.10000000000000142
8037, 0.0, -0.10000000000000142
8038, 0.0, -0.10000000000000142
8039, 0.0, 0.0
8040, 0.0, 0.10000000000000142
8041, 0.0, 0.10000000000000142
8042, 0.0, 0.10000000000000142
8043, 0.0, 0.10000000000000142
8044, 0.0, 0.10000000000000142
8045, -0.10000000000000142, 0.1999999999999993
8046, -0.10000000000000142, 0.1999999999999993
8047, -0.10000000000000142, 0.1999999999999993
8048, -0.10000000000000142, 0.1999999999999993
8049, -0.10000000000000142, 0.3000000000000007
8050, -0.10000000000000142, 0.3000000000000007
8051, -0.10000000000000142, 0.3000000000000007
8052, -0.10000000000000142, 0.3000000000000007
8053, -0.10000000000000142, 0.3999999999999986
8054, -0.10000000000000142, 0.3999999999999986
8055, -0.10000000000000142, 0.5
8056, -0.10000000000000142, 0.5
8057, -0.10000000000000142, 0.5
8058, -0.10000000000000142, 0.5
8059, -0.10000000000000142, 0.6000000000000014
8060, -0.10000000000000142, 0.6000000000000014
8061, -0.10000000000000142, 0.6999999999999993
8062, -0.10000000000000142, 0.6999999999999993
8063, -0.10000000000000142, 0.6999999999999993
8064, -0.10000000000000142, 0.8000000000000007
8065, -0.10000000000000142, 0.8000000000000007
8066, -0.10000000000000142, 0.8999999999999986
8067, -0.10000000000000142, 0.8000000000000007
8068, -0.10000000000000142, 0.8999999999999986
8069, -0.10000000000000142, 1.0
8070, -0.10000000000000142, 1.0
8071, -0.10000000000000142, 0.8999999999999986
8072, -0.10000000000000142, 0.8999999999999986
8073, -0.10000000000000142, 0.8999999999999986
8074, 0.0, 1.0
8075, 0.0, 1.0
8076, 0.0, 0.8000000000000007
8077, 0.0, 0.8000000000000007
8078, 0.0, 0.8000000000000007
8079, 0.0, 0.8000000000000007
8080, 0.0, 0.6999999999999993
8081, 0.0, 0.6999999999999993
8082, 0.0, 0.6000000000000014
8083, 0.0, 0.6000000000000014
8084, 0.0, 0.6000000000000014
8085, 0.0, 0.5
8086, 0.0, 0.5
8087, 0.0, 0.3000000000000007
8088, 0.0, 0.3000000000000007
8089, 0.0, 0.3999999999999986
8090, 0.0, 0.3999999999999986
8091, 0.0, 0.3000000000000007
8092, 0.0, 0.1999999999999993
8093, 0.0, 0.1999999999999993
8094, 0.0, 0.1999999999999993
8095, 0.0, 0.10000000000000142
8096, 0.0, 0.1999999999999993
8097, -0.10000000000000142, 0.10000000000000142
8098, -0.10000000000000142, 0.10000000000000142
8099, -0.10000000000000142, 0.10000000000000142
8100, -0.10000000000000142, 0.10000000000000142
8101, -0.10000000000000142, 0.1999999999999993
8102, -0.10000000000000142, 0.10000000000000142
8103, -0.10000000000000142, 0.1999999999999993
8104, -0.10000000000000142, 0.1999999999999993
8105, -0.10000000000000142, 0.3000000000000007
8106, -0.10000000000000142, 0.1999999999999993
8107, -0.10000000000000142, 0.3000000000000007
8108, -0.10000000000000142, 0.3999999999999986
8109, 0.0, 0.3999999999999986
8110, 0.0, 0.3999999999999986
8111, 0.0, 0.5
8112, 0.0, 0.5
8113, 0.0, 0.6000000000000014
8114, 0.0, 0.6999999999999993
8115, 0.0, 0.6000000000000014
8116, 0.0, 0.6999999999999993
8117, 0.0, 0.8000000000000007
8118, 0.0, 0.6999999999999993
8119, 0.0, 0.8000000000000007
8120, 0.10000000000000142, 0.8000000000000007
8121, 0.10000000000000142, 0.6999999999999993
8122, 0.10000000000000142, 0.6999999999999993
8123, 0.10000000000000142, 0.6999999999999993
8124, 0.10000000000000142, 0.6999999999999993
8125, 0.10000000000000142, 0.6000000000000014
8126, 0.10000000000000142, 0.6999999999999993
8127, 0.10000000000000142, 0.6999999999999993
8128, 0.10000000000000142, 0.6000000000000014
8129, 0.10000000000000142, 0.6999999999999993
8130, 0.10000000000000142, 0.6000000000000014
8131, 0.10000000000000142, 0.5
8132, 0.10000000000000142, 0.5
8133, 0.0, 0.5
8134, 0.0, 0.3000000000000007
8135, 0.0, 0.3000000000000007
8136, 0.0, 0.3000000000000007
8137, 0.0, 0.1999999999999993
8138, 0.0, 0.3000000000000007
8139, 0.0, 0.1999999999999993
8140, 0.0, 0.10000000000000142
8141, 0.0, 0.10000000000000142
8142, 0.0, 0.10000000000000142
8143, 0.0, 0.0
8144, 0.0, 0.10000000000000142
8145, -0.10000000000000142, 0.10000000000000142
8146, -0.10000000000000142, 0.10000000000000142
8147, -0.10000000000000142, 0.0
8148, -0.10000000000000142, 0.0
8149, -0.10000000000000142, 0.0
8150, -0.10000000000000142, 0.10000000000000142
8151, -0.10000000000000142, 0.10000000000000142
8152, -0.10000000000000142, 0.10000000000000142
8153, -0.1999999999999993, 0.0
8154, -0.1999999999999993, 0.0
8155, -0.1999999999999993, 0.0
8156, -0.1999999999999993, 0.10000000000000142
8157, -0.1999999999999993, 0.0
8158, -0.1999999999999993, 0.0
8159, -0.1999999999999993, 0.10000000000000142
8160, -0.1999999999999993, 0.10000000000000142
8161, -0.1999999999999993, 0.1999999999999993
8162, -0.1999999999999993, 0.10000000000000142
8163, -0.1999999999999993, 0.1999999999999993
8164, -0.1999999999999993, 0.3000000000000007
8165, -0.10000000000000142, 0.3000000000000007
8166, -0.10000000000000142, 0.3000000000000007
8167, -0.10000000000000142, 0.3999999999999986
8168, 0.0, 0.3999999999999986
8169, 0.0, 0.5
8170, 0.0, 0.3999999999999986
8171, 0.0, 0.6000000000000014
8172, 0.0, 0.5
8173, 0.0, 0.6000000000000014
8174, 0.0, 0.6000000000000014
8175, 0.0, 0.6999999999999993
8176, 0.0, 0.6000000000000014
8177, 0.0, 0.6999999999999993
8178, 0.0, 0.8000000000000007
8179, 0.0, 0.6999999999999993
8180, 0.0, 0.8000000000000007
8181, 0.0, 0.6999999999999993
8182, 0.10000000000000142, 0.8999999999999986
8183, 0.10000000000000142, 0.8000000000000007
8184, 0.10000000000000142, 0.8000000000000007
8185, 0.10000000000000142, 0.8000000000000007
8186, 0.10000000000000142, 0.8000000000000007
8187, 0.10000000000000142, 0.8000000000000007
8188, 0.10000000000000142, 0.8000000000000007
8189, 0.10000000000000142, 0.8000000000000007
8190, 0.10000000000000142, 0.8000000000000007
8191, 0.10000000000000142, 0.6999999999999993
8192, 0.10000000000000142, 0.8000000000000007
8193, 0.10000000000000142, 0.6999999999999993
8194, 0.10000000000000142, 0.6999999999999993
8195, 0.10000000000000142, 0.6000000000000014
8196, 0.10000000000000142, 0.6000000000000014
8197, 0.10000000000000142, 0.6000000000000014
8198, 0.10000000000000142, 0.6000000000000014
8199, 0.10000000000000142, 0.5
8200, 0.10000000000000142, 0.5
8201, 0.10000000000000142, 0.5
8202, 0.0, 0.5
8203, 0.0, 0.3999999999999986
8204, 0.0, 0.3999999999999986
8205, 0.0, 0.3999999999999986
8206, 0.0, 0.3000000000000007
8207, 0.0, 0.3999999999999986
8208, 0.0, 0.3000000000000007
8209, 0.0, 0.3000000000000007
8210, 0.0, 0.1999999999999993
8211, 0.0, 0.1999999999999993
8212, 0.0, 0.10000000000000142
8213, 0.0, 0.10000000000000142
8214, 0.10000000000000142, 0.1999999999999993
8215, 0.10000000000000142, 0.0
8216, 0.10000000000000142, 0.10000000000000142
8217, 0.10000000000000142, 0.1999999999999993
8218, 0.10000000000000142, 0.0
8219, 0.10000000000000142, 0.10000000000000142
8220, 0.10000000000000142, 0.10000000000000142
8221, 0.10000000000000142, 0.10000000000000142
8222, 0.10000000000000142, 0.0
8223, 0.10000000000000142, 0.10000000000000142
8224, 0.10000000000000142, 0.1999999999999993
8225, 0.10000000000000142, 0.10000000000000142
8226, 0.10000000000000142, 0.10000000000000142
8227, 0.10000000000000142, 0.10000000000000142
8228, 0.10000000000000142, 0.1999999999999993
8229, 0.10000000000000142, 0.1999999999999993
8230, 0.10000000000000142, 0.3000000000000007
8231, 0.10000000000000142, 0.3000000000000007
8232, 0.10000000000000142, 0.3000000000000007
8233, 0.0, 0.3999999999999986
8234, 0.0, 0.3999999999999986
8235, 0.0, 0.3999999999999986
8236, 0.0, 0.5
8237, 0.0, 0.6000000000000014
8238, 0.0, 0.6000000000000014
8239, 0.0, 0.6000000000000014
8240, 0.0, 0.6000000000000014
8241, 0.0, 0.6999999999999993
8242, 0.0, 0.6999999999999993
8243, 0.0, 0.6999999999999993
8244, 0.0, 0.6999999999999993
8245, 0.0, 0.8000000000000007
8246, 0.0, 0.8000000000000007
8247, -0.10000000000000142, 0.8000000000000007
8248, -0.10000000000000142, 0.8000000000000007
8249, -0.10000000000000142, 0.8000000000000007
8250, -0.10000000000000142, 0.8999999999999986
8251, -0.10000000000000142, 0.8999999999999986
8252, -0.10000000000000142, 0.8000000000000007
8253, -0.10000000000000142, 0.8000000000000007
8254, -0.10000000000000142, 0.8999999999999986
8255, -0.10000000000000142, 0.8000000000000007
8256, -0.10000000000000142, 0.8000000000000007
8257, -0.10000000000000142, 0.8000000000000007
8258, -0.10000000000000142, 0.8000000000000007
8259, -0.10000000000000142, 0.6999999999999993
8260, -0.10000000000000142, 0.6999999999999993
8261, -0.10000000000000142, 0.6000000000000014
8262, -0.10000000000000142, 0.6000000000000014
8263, -0.10000000000000142, 0.5
8264, -0.1999999999999993, 0.5
8265, -0.1999999999999993, 0.3999999999999986
8266, -0.1999999999999993, 0.3999999999999986
8267, -0.1999999999999993, 0.3999999999999986
8268, -0.1999999999999993, 0.3000000000000007
8269, -0.1999999999999993, 0.3000000000000007
8270, -0.10000000000000142, 0.1999999999999993
8271, -0.10000000000000142, 0.1999999999999993
8272, -0.10000000000000142, 0.10000000000000142
8273, -0.10000000000000142, 0.10000000000000142
8274, -0.10000000000000142, 0.0
8275, -0.10000000000000142, -0.10000000000000142
8276, -0.10000000000000142, -0.10000000000000142
8277, -0.10000000000000142, -0.10000000000000142
8278, -0.10000000000000142, -0.3999999999999986
8279, -0.10000000000000142, -0.3999999999999986
8280, -0.10000000000000142, -0.3999999999999986
8281, -0.10000000000000142, -0.5
8282, -0.10000000000000142, -0.6000000000000014
8283, -0.10000000000000142, -0.6999999999999993
8284, -0.10000000000000142, -0.8000000000000007
8285, -0.10000000000000142, -0.8000000000000007
8286, -0.10000000000000142, -0.8999999999999986
8287, -0.10000000000000142, -1.1000000000000014
8288, -0.10000000000000142, -1.1999999999999993
8289, -0.10000000000000142, -1.1999999999999993
8290, -0.10000000000000142, -1.3000000000000007
8291, -0.10000000000000142, -1.3999999999999986
8292, -0.10000000000000142, -1.5
8293, -0.10000000000000142, -1.5
8294, -0.10000000000000142, -1.6000000000000014
8295, -0.10000000000000142, -1.6999999999999993
8296, -0.10000000000000142, -1.8000000000000007
8297, -0.10000000000000142, -2.0
8298, -0.10000000000000142, -2.1000000000000014
8299, -0.10000000000000142, -2.1999999999999993
8300, -0.10000000000000142, -2.3000000000000007
8301, -0.10000000000000142, -2.5
8302, -0.10000000000000142, -2.6000000000000014
8303, -0.10000000000000142, -2.6999999999999993
8304, -0.10000000000000142, -2.8000000000000007
8305, -0.10000000000000142, -2.8000000000000007
8306, -0.10000000000000142, -2.8999999999999986
8307, -0.10000000000000142, -3.0
8308, -0.10000000000000142, -3.1000000000000014
8309, -0.10000000000000142, -3.1000000000000014
8310, -0.10000000000000142, -3.3000000000000007
8311, -0.10000000000000142, -3.3999999999999986
8312, -0.10000000000000142, -3.5
8313, -0.10000000000000142, -3.6000000000000014
8314, -0.10000000000000142, -3.5
8315, -0.10000000000000142, -3.6000000000000014
8316, -0.10000000000000142, -3.6999999999999993
8317, -0.10000000000000142, -3.8000000000000007
8318, -0.10000000000000142, -3.8000000000000007
8319, -0.10000000000000142, -3.8999999999999986
8320, -0.10000000000000142, -3.8999999999999986
8321, -0.10000000000000142, -3.8999999999999986
8322, -0.10000000000000142, -3.8999999999999986
8323, -0.10000000000000142, -3.8999999999999986
8324, -0.10000000000000142, -3.8999999999999986
8325, -0.10000000000000142, -3.8999999999999986
8326, -0.10000000000000142, -3.8000000000000007
8327, -0.10000000000000142, -3.6999999999999993
8328, -0.10000000000000142, -3.6999999999999993
8329, -0.10000000000000142, -3.6999999999999993
8330, -0.10000000000000142, -3.6000000000000014
8331, -0.10000000000000142, -3.6000000000000014
8332, -0.10000000000000142, -3.6000000000000014
8333, -0.10000000000000142, -3.3999999999999986
8334, -0.10000000000000142, -3.3999999999999986
8335, -0.10000000000000142, -3.3000000000000007
8336, -0.10000000000000142, -3.3000000000000007
8337, -0.10000000000000142, -3.1000000000000014
8338, -0.10000000000000142, -3.0
8339, -0.10000000000000142, -2.8000000000000007
8340, -0.10000000000000142, -2.8000000000000007
8341, -0.10000000000000142, -2.6999999999999993
8342, -0.10000000000000142, -2.6000000000000014
8343, -0.10000000000000142, -2.6000000000000014
8344, -0.10000000000000142, -2.3999999999999986
8345, -0.10000000000000142, -2.1999999999999993
8346, -0.10000000000000142, -2.1999999999999993
8347, -0.10000000000000142, -2.0
8348, -0.10000000000000142, -1.8999999999999986
8349, -0.10000000000000142, -1.8000000000000007
8350, -0.10000000000000142, -1.6999999999999993
8351, -0.10000000000000142, -1.6000000000000014
8352, -0.10000000000000142, -1.6000000000000014
8353, -0.10000000000000142, -1.3999999999999986
8354, -0.10000000000000142, -1.1999999999999993
8355, -0.10000000000000142, -1.1999999999999993
8356, -0.10000000000000142, -1.0
8357, -0.10000000000000142, -0.8999999999999986
8358, -0.10000000000000142, -0.8000000000000007
8359, -0.10000000000000142, -0.6999999999999993
8360, -0.10000000000000142, -0.6000000000000014
8361, -0.10000000000000142, -0.5
8362, -0.10000000000000142, -0.3999999999999986
8363, -0.10000000000000142, -0.3999999999999986
8364, -0.10000000000000142, -0.3000000000000007
8365, -0.10000000000000142, -0.1999999999999993
8366, -0.10000000000000142, -0.10000000000000142
8367, -0.10000000000000142, -0.10000000000000142
8368, -0.10000000000000142, 0.0
8369, -0.1999999999999993, 0.10000000000000142
8370, -0.1999999999999993, 0.3000000000000007
8371, -0.1999999999999993, 0.3000000000000007
8372, -0.1999999999999993, 0.3999999999999986
8373, -0.1999999999999993, 0.3999999999999986
8374, -0.1999999999999993, 0.5
8375, -0.1999999999999993, 0.6000000000000014
8376, -0.1999999999999993, 0.6999999999999993
8377, -0.1999999999999993, 0.6000000000000014
8378, -0.1999999999999993, 0.8000000000000007
8379, -0.1999999999999993, 0.8000000000000007
8380, -0.1999999999999993, 0.8000000000000007
8381, -0.1999999999999993, 0.8999999999999986
8382, -0.1999999999999993, 0.8000000000000007
8383, -0.1999999999999993, 0.8000000000000007
8384, -0.1999999999999993, 0.8999999999999986
8385, -0.1999999999999993, 0.8999999999999986
8386, -0.1999999999999993, 0.8999999999999986
8387, -0.1999999999999993, 0.8999999999999986
8388, -0.1999999999999993, 0.8999999999999986
8389, -0.1999999999999993, 1.0
8390, -0.10000000000000142, 0.8999999999999986
8391, -0.10000000000000142, 0.8000000000000007
8392, -0.10000000000000142, 0.8000000000000007
8393, 0.0, 0.8000000000000007
8394, 0.0, 0.8000000000000007
8395, 0.0, 0.8000000000000007
8396, 0.0, 0.8000000000000007
8397, 0.0, 0.8000000000000007
8398, 0.0, 0.8000000000000007
8399, 0.0, 0.8000000000000007
8400, 0.0, 0.6999999999999993
8401, 0.0, 0.6999999999999993
8402, 0.0, 0.6000000000000014
8403, 0.0, 0.5
8404, 0.0, 0.3999999999999986
8405, 0.0, 0.5
8406, 0.0, 0.3999999999999986
8407, 0.0, 0.1999999999999993
8408, 0.0, 0.3000000000000007
8409, 0.0, 0.1999999999999993
8410, 0.0, 0.1999999999999993
8411, 0.0, 0.10000000000000142
8412, 0.0, 0.10000000000000142
8413, 0.0, 0.0
8414, 0.0, 0.0
8415, 0.0, -0.10000000000000142
8416, 0.0, -0.10000000000000142
8417, 0.0, -0.10000000000000142
8418, 0.0, -0.1999999999999993
8419, 0.0, -0.1999999999999993
8420, 0.0, -0.1999999999999993
8421, 0.0, -0.1999999999999993
8422, 0.0, -0.3999999999999986
8423, 0.0, -0.3999999999999986
8424, 0.0, -0.3999999999999986
8425, 0.0, -0.5
8426, 0.0, -0.3999999999999986
8427, 0.0, -0.3999999999999986
8428, 0.0, -0.5
8429, 0.0, -0.5
8430, 0.0, -0.5
8431, 0.0, -0.6000000000000014
8432, 0.0, -0.6000000000000014
8433, 0.0, -0.6999999999999993
8434, 0.0, -0.6000000000000014
8435, 0.0, -0.6999999999999993
8436, 0.0, -0.6000000000000014
8437, 0.0, -0.6999999999999993
8438, 0.0, -0.6999999999999993
8439, 0.0, -0.6999999999999993
8440, 0.0, -0.6999999999999993
8441, 0.0, -0.6999999999999993
8442, 0.0, -0.6999999999999993
8443, 0.0, -0.6999999999999993
8444, 0.0, -0.6999999999999993
8445, 0.0, -0.6999999999999993
8446, 0.0, -0.6000000000000014
8447, 0.0, -0.6000000000000014
8448, 0.0, -0.6000000000000014
8449, 0.0, -0.6000000000000014
8450, 0.0, -0.6999999999999993
8451, 0.0, -0.6999999999999993
8452, -0.10000000000000142, -0.6000000000000014
8453, -0.10000000000000142, -0.6000000000000014
8454, -0.10000000000000142, -0.6000000000000014
8455, -0.10000000000000142, -0.5
8456, -0.10000000000000142, -0.5
8457, -0.10000000000000142, -0.3999999999999986
8458, -0.10000000000000142, -0.5
8459, -0.10000000000000142, -0.5
8460, -0.10000000000000142, -0.3999999999999986
8461, -0.10000000000000142, -0.3999999999999986
8462, -0.10000000000000142, -0.3000000000000007
8463, -0.10000000000000142, -0.3999999999999986
8464, -0.10000000000000142, -0.3000000000000007
8465, -0.10000000000000142, -0.1999999999999993
8466, -0.10000000000000142, -0.3000000000000007
8467, -0.10000000000000142, -0.1999999999999993
8468, -0.10000000000000142, -0.3000000000000007
8469, -0.10000000000000142, -0.1999999999999993
8470, -0.10000000000000142, -0.1999999999999993
8471, -0.10000000000000142, -0.1999999999999993
8472, -0.10000000000000142, -0.1999999999999993
8473, -0.10000000000000142, -0.10000000000000142
8474, -0.10000000000000142, 0.0
8475, -0.10000000000000142, -0.10000000000000142
8476, -0.10000000000000142, 0.0
8477, -0.10000000000000142, 0.10000000000000142
8478, -0.10000000000000142, 0.10000000000000142
8479, -0.10000000000000142, 0.10000000000000142
8480, -0.10000000000000142, 0.10000000000000142
8481, -0.10000000000000142, 0.1999999999999993
8482, -0.10000000000000142, 0.1999999999999993
8483, -0.10000000000000142, 0.1999999999999993
8484, -0.10000000000000142, 0.1999999999999993
8485, -0.10000000000000142, 0.3000000000000007
8486, -0.10000000000000142, 0.3000000000000007
8487, -0.10000000000000142, 0.3000000000000007
8488, -0.10000000000000142, 0.3999999999999986
8489, -0.10000000000000142, 0.3999999999999986
8490, -0.10000000000000142, 0.3999999999999986
8491, -0.10000000000000142, 0.5
8492, -0.10000000000000142, 0.3999999999999986
8493, -0.10000000000000142, 0.5
8494, 0.0, 0.3999999999999986
8495, 0.0, 0.5
8496, 0.0, 0.6000000000000014
8497, 0.0, 0.5
8498, 0.0, 0.5
8499, -0.10000000000000142, 0.5
8500, -0.10000000000000142, 0.6000000000000014
8501, -0.10000000000000142, 0.5
8502, -0.10000000000000142, 0.6000000000000014
8503, -0.10000000000000142, 0.3999999999999986
8504, -0.10000000000000142, 0.5
8505, -0.10000000000000142, 0.5
8506, -0.10000000000000142, 0.5
8507, -0.10000000000000142, 0.5
8508, -0.10000000000000142, 0.5
8509, -0.10000000000000142, 0.5
8510, -0.10000000000000142, 0.5
8511, -0.10000000000000142, 0.6000000000000014
8512, -0.10000000000000142, 0.5
8513, -0.10000000000000142, 0.5
8514, -0.10000000000000142, 0.6000000000000014
8515, -0.10000000000000142, 0.6000000000000014
8516, -0.10000000000000142, 0.6000000000000014
8517, -0.10000000000000142, 0.6000000000000014
8518, -0.10000000000000142, 0.6000000000000014
8519, -0.10000000000000142, 0.6000000000000014
8520, -0.10000000000000142, 0.6999999999999993
8521, -0.10000000000000142, 0.6999999999999993
8522, -0.10000000000000142, 0.6999999999999993
8523, -0.10000000000000142, 0.8000000000000007
8524, -0.10000000000000142, 0.6999999999999993
8525, -0.10000000000000142, 0.8000000000000007
8526, -0.10000000000000142, 0.6999999999999993
8527, -0.10000000000000142, 0.8000000000000007
8528, -0.10000000000000142, 0.6999999999999993
8529, -0.10000000000000142, 0.6999999999999993
8530, -0.10000000000000142, 0.8999999999999986
8531, -0.10000000000000142, 0.8999999999999986
8532, -0.10000000000000142, 0.8000000000000007
8533, -0.10000000000000142, 0.8000000000000007
8534, -0.10000000000000142, 0.8999999999999986
8535, -0.10000000000000142, 0.8999999999999986
8536, -0.10000000000000142, 1.0
8537, -0.10000000000000142, 1.0
8538, -0.10000000000000142, 1.0
8539, -0.10000000000000142, 1.0
8540, -0.10000000000000142, 1.0
8541, -0.10000000000000142, 1.0
8542, 0.0, 1.0
8543, 0.0, 1.0
8544, 0.0, 1.0
8545, 0.0, 0.8999999999999986
8546, 0.0, 0.8999999999999986
8547, 0.0, 0.8999999999999986
8548, 0.0, 0.8999999999999986
8549, 0.0, 0.8000000000000007
8550, 0.0, 0.8000000000000007
8551, 0.0, 0.8000000000000007
8552, 0.0, 0.8000000000000007
8553, 0.0, 0.6999999999999993
8554, 0.0, 0.6999999999999993
8555, 0.0, 0.6000000000000014
8556, 0.0, 0.6000000000000014
8557, 0.0, 0.3999999999999986
8558, 0.0, 0.5
8559, 0.0, 0.3999999999999986
8560, 0.0, 0.3000000000000007
8561, 0.0, 0.3000000000000007
8562, 0.0, 0.1999999999999993
8563, 0.0, 0.1999999999999993
8564, 0.0, 0.10000000000000142
8565, 0.0, 0.10000000000000142
8566, 0.0, 0.10000000000000142
8567, 0.0, 0.0
8568, 0.0, 0.10000000000000142
8569, 0.0, -0.10000000000000142
8570, 0.0, -0.10000000000000142
8571, 0.0, 0.0
8572, 0.0, -0.10000000000000142
8573, 0.0, -0.10000000000000142
8574, 0.0, -0.10000000000000142
8575, 0.0, -0.10000000000000142
8576, 0.0, -0.1999999999999993
8577, -0.10000000000000142, -0.10000000000000142
8578, -0.10000000000000142, -0.1999999999999993
8579, -0.10000000000000142, -0.10000000000000142
8580, -0.10000000000000142, -0.10000000000000142
8581, -0.10000000000000142, -0.10000000000000142
8582, -0.10000000000000142, 0.0
8583, -0.10000000000000142, 0.0
8584, -0.10000000000000142, 0.0
8585, -0.10000000000000142, 0.10000000000000142
8586, -0.10000000000000142, 0.10000000000000142
8587, -0.10000000000000142, 0.10000000000000142
8588, 0.0, 0.10000000000000142
8589, 0.0, 0.10000000000000142
8590, 0.0, 0.1999999999999993
8591, 0.0, 0.1999999999999993
8592, 0.0, 0.3999999999999986
8593, 0.0, 0.3999999999999986
8594, 0.0, 0.3999999999999986
8595, 0.0, 0.3000000000000007
8596, 0.0, 0.3000000000000007
8597, 0.0, 0.3000000000000007
8598, 0.0, 0.3000000000000007
8599, 0.0, 0.3000000000000007
8600, 0.0, 0.5
8601, 0.0, 0.5
8602, 0.0, 0.5
8603, 0.0, 0.3999999999999986
8604, 0.0, 0.3999999999999986
8605, 0.0, 0.5
8606, 0.0, 0.5
8607, -0.10000000000000142, 0.3999999999999986
8608, -0.10000000000000142, 0.5
8609, -0.10000000000000142, 0.5
8610, -0.10000000000000142, 0.3999999999999986
8611, -0.10000000000000142, 0.3999999999999986
8612, -0.10000000000000142, 0.5
8613, -0.10000000000000142, 0.5
8614, -0.10000000000000142, 0.5
8615, -0.10000000000000142, 0.5
8616, -0.10000000000000142, 0.5
8617, -0.10000000000000142, 0.5
8618, -0.10000000000000142, 0.3999999999999986
8619, -0.10000000000000142, 0.3999999999999986
8620, -0.10000000000000142, 0.3000000000000007
8621, -0.10000000000000142, 0.3999999999999986
8622, -0.10000000000000142, 0.3000000000000007
8623, -0.10000000000000142, 0.3000000000000007
8624, -0.10000000000000142, 0.3000000000000007
8625, -0.10000000000000142, 0.3000000000000007
8626, -0.10000000000000142, 0.1999999999999993
8627, -0.10000000000000142, 0.1999999999999993
8628, -0.10000000000000142, 0.1999999999999993
8629, -0.10000000000000142, 0.10000000000000142
8630, -0.10000000000000142, 0.0
8631, -0.10000000000000142, 0.0
8632, -0.10000000000000142, 0.0
8633, -0.10000000000000142, 0.0
8634, -0.10000000000000142, -0.1999999999999993
8635, -0.10000000000000142, -0.10000000000000142
8636, -0.10000000000000142, -0.1999999999999993
8637, -0.10000000000000142, -0.1999999999999993
8638, -0.10000000000000142, -0.3000000000000007
8639, -0.10000000000000142, -0.3000000000000007
8640, -0.10000000000000142, -0.3999999999999986
8641, -0.10000000000000142, -0.3999999999999986
8642, -0.10000000000000142, -0.3999999999999986
8643, -0.10000000000000142, -0.5
8644, -0.10000000000000142, -0.5
8645, -0.10000000000000142, -0.6000000000000014
8646, -0.10000000000000142, -0.5
8647, -0.10000000000000142, -0.5
8648, -0.10000000000000142, -0.6000000000000014
8649, -0.10000000000000142, -0.5
8650, -0.10000000000000142, -0.6000000000000014
8651, -0.10000000000000142, -0.6000000000000014
8652, -0.10000000000000142, -0.6000000000000014
8653, -0.10000000000000142, -0.5
8654, -0.10000000000000142, -0.5
8655, -0.10000000000000142, -0.6000000000000014
8656, -0.10000000000000142, -0.5
8657, -0.10000000000000142, -0.5
8658, -0.10000000000000142, -0.5
8659, -0.10000000000000142, -0.5
8660, -0.10000000000000142, -0.5
8661, -0.10000000000000142, -0.5
8662, -0.10000000000000142, -0.3999999999999986
8663, -0.10000000000000142, -0.3999999999999986
8664, -0.10000000000000142, -0.3999999999999986
8665, -0.10000000000000142, -0.3999999999999986
8666, -0.10000000000000142, -0.3000000000000007
8667, -0.10000000000000142, -0.3000000000000007
8668, -0.10000000000000142, -0.3999999999999986
8669, -0.10000000000000142, -0.1999999999999993
8670, -0.10000000000000142, -0.3000000000000007
8671, -0.10000000000000142, -0.3000000000000007
8672, -0.10000000000000142, -0.3000000000000007
8673, -0.10000000000000142, -0.3000000000000007
8674, -0.10000000000000142, -0.3000000000000007
8675, -0.10000000000000142, -0.3000000000000007
8676, -0.10000000000000142, -0.3000000000000007
8677, -0.10000000000000142, -0.3000000000000007
8678, -0.10000000000000142, -0.3000000000000007
8679, -0.10000000000000142, -0.3000000000000007
8680, -0.10000000000000142, -0.3000000000000007
8681, -0.10000000000000142, -0.3000000000000007
8682, -0.10000000000000142, -0.3000000000000007
8683, -0.10000000000000142, -0.3999999999999986
8684, -0.10000000000000142, -0.3000000000000007
8685, -0.10000000000000142, -0.3000000000000007
8686, -0.10000000000000142, -0.3999999999999986
8687, -0.10000000000000142, -0.3999999999999986
8688, -0.10000000000000142, -0.3000000000000007
8689, -0.10000000000000142, -0.3999999999999986
8690, -0.10000000000000142, -0.3999999999999986
8691, -0.10000000000000142, -0.5
8692, -0.10000000000000142, -0.5
8693, -0.10000000000000142, -0.3999999999999986
8694, -0.10000000000000142, -0.5
8695, -0.10000000000000142, -0.5
8696, -0.10000000000000142, -0.6000000000000014
8697, -0.10000000000000142, -0.6000000000000014
8698, -0.10000000000000142, -0.5
8699, -0.10000000000000142, -0.6000000000000014
8700, -0.10000000000000142, -0.6000000000000014
8701, -0.10000000000000142, -0.6000000000000014
8702, -0.10000000000000142, -0.6000000000000014
8703, -0.10000000000000142, -0.6999999999999993
8704, -0.10000000000000142, -0.6999999999999993
8705, -0.10000000000000142, -0.6999999999999993
8706, -0.10000000000000142, -0.6999999999999993
8707, -0.10000000000000142, -0.6999999999999993
8708, -0.10000000000000142, -0.8000000000000007
8709, -0.10000000000000142, -0.6999999999999993
8710, -0.10000000000000142, -0.6000000000000014
8711, -0.10000000000000142, -0.6999999999999993
8712, -0.10000000000000142, -0.6999999999999993
8713, -0.10000000000000142, -0.6999999999999993
8714, -0.10000000000000142, -0.6000000000000014
8715, -0.10000000000000142, -0.6000000000000014
8716, -0.10000000000000142, -0.6000000000000014
8717, -0.10000000000000142, -0.6000000000000014
8718, -0.10000000000000142, -0.6000000000000014
8719, -0.10000000000000142, -0.6000000000000014
8720, -0.10000000000000142, -0.5
8721, -0.10000000000000142, -0.3999999999999986
8722, -0.10000000000000142, -0.5
8723, -0.10000000000000142, -0.5
8724, -0.10000000000000142, -0.3999999999999986
8725, -0.10000000000000142, -0.3999999999999986
8726, -0.10000000000000142, -0.3999999999999986
8727, -0.10000000000000142, -0.3000000000000007
8728, -0.10000000000000142, -0.3000000000000007
8729, -0.10000000000000142, -0.1999999999999993
8730, -0.10000000000000142, -0.3000000000000007
8731, -0.10000000000000142, -0.1999999999999993
8732, -0.10000000000000142, -0.1999999999999993
8733, -0.10000000000000142, -0.1999999999999993
8734, 0.0, -0.1999999999999993
8735, 0.0, -0.1999999999999993
8736, 0.0, -0.1999999999999993
8737, 0.0, -0.10000000000000142
8738, 0.0, -0.10000000000000142
8739, 0.0, -0.10000000000000142
8740, 0.0, -0.10000000000000142
8741, 0.0, -0.10000000000000142
8742, 0.0, -0.10000000000000142
8743, 0.0, -0.10000000000000142
8744, 0.0, -0.10000000000000142
8745, 0.0, -0.10000000000000142
8746, 0.0, -0.10000000000000142
8747, 0.0, -0.10000000000000142
8748, 0.0, -0.10000000000000142
8749, 0.0, -0.10000000000000142
8750, 0.0, -0.10000000000000142
8751, 0.0, -0.1999999999999993
8752, 0.0, -0.10000000000000142
8753, 0.0, -0.10000000000000142
8754, 0.0, -0.10000000000000142
8755, 0.0, -0.1999999999999993
8756, 0.0, -0.1999999999999993
8757, -0.10000000000000142, -0.10000000000000142
8758, -0.10000000000000142, -0.10000000000000142
8759, -0.10000000000000142, -0.10000000000000142
8760, -0.10000000000000142, -0.10000000000000142
8761, -0.10000000000000142, -0.10000000000000142
8762, -0.10000000000000142, -0.10000000000000142
8763, -0.10000000000000142, -0.10000000000000142
8764, -0.10000000000000142, -0.10000000000000142
8765, -0.10000000000000142, -0.10000000000000142
8766, -0.10000000000000142, -0.10000000000000142
8767, -0.10000000000000142, -0.10000000000000142
8768, -0.10000000000000142, -0.10000000000000142
8769, -0.10000000000000142, 0.0
8770, -0.10000000000000142, -0.10000000000000142
8771, -0.10000000000000142, 0.0
8772, -0.10000000000000142, 0.0
8773, -0.10000000000000142, 0.0
8774, -0.10000000000000142, 0.0
8775, -0.10000000000000142, 0.0
8776, -0.10000000000000142, 0.10000000000000142
8777, -0.10000000000000142, 0.10000000000000142
8778, -0.10000000000000142, 0.10000000000000142
8779, -0.10000000000000142, 0.1999999999999993
8780, -0.10000000000000142, 0.1999999999999993
8781, -0.10000000000000142, 0.1999999999999993
8782, -0.10000000000000142, 0.3000000000000007
8783, -0.10000000000000142, 0.3000000000000007
8784, -0.10000000000000142, 0.1999999999999993
8785, -0.10000000000000142, 0.3000000000000007
8786, -0.10000000000000142, 0.3999999999999986
8787, -0.10000000000000142, 0.3999999999999986
8788, -0.10000000000000142, 0.5
8789, -0.10000000000000142, 0.5
8790, -0.10000000000000142, 0.5
8791, -0.10000000000000142, 0.6000000000000014
8792, -0.10000000000000142, 0.6000000000000014
8793, -0.10000000000000142, 0.6000000000000014
8794, -0.10000000000000142, 0.6999999999999993
8795, -0.10000000000000142, 0.6999999999999993
8796, -0.10000000000000142, 0.6999999999999993
8797, -0.10000000000000142, 0.6999999999999993
8798, -0.10000000000000142, 0.8000000000000007
8799, -0.10000000000000142, 0.8000000000000007
8800, -0.10000000000000142, 0.8000000000000007
8801, -0.10000000000000142, 0.8000000000000007
8802, -0.10000000000000142, 0.8999999999999986
8803, -0.10000000000000142, 0.8999999999999986
8804, -0.10000000000000142, 1.0
8805, -0.10000000000000142, 1.0
8806, -0.10000000000000142, 1.0
8807, -0.10000000000000142, 1.1000000000000014
8808, -0.10000000000000142, 1.1000000000000014
8809, -0.10000000000000142, 1.1999999999999993
8810, -0.10000000000000142, 1.1999999999999993
8811, -0.10000000000000142, 1.1999999999999993
8812, -0.10000000000000142, 1.3000000000000007
8813, -0.10000000000000142, 1.3000000000000007
8814, -0.10000000000000142, 1.3000000000000007
8815, -0.10000000000000142, 1.3000000000000007
8816, -0.10000000000000142, 1.3000000000000007
8817, -0.10000000000000142, 1.3000000000000007
8818, -0.10000000000000142, 1.3000000000000007
8819, -0.10000000000000142, 1.3999999999999986
8820, -0.10000000000000142, 1.3999999999999986
8821, -0.10000000000000142, 1.3999999999999986
8822, -0.10000000000000142, 1.3999999999999986
8823, -0.10000000000000142, 1.3999999999999986
8824, -0.10000000000000142, 1.3999999999999986
8825, -0.10000000000000142, 1.3999999999999986
8826, -0.10000000000000142, 1.5
8827, -0.10000000000000142, 1.5
8828, -0.10000000000000142, 1.5
8829, -0.10000000000000142, 1.6000000000000014
8830, -0.10000000000000142, 1.3999999999999986
8831, -0.10000000000000142, 1.3999999999999986
8832, -0.10000000000000142, 1.5
8833, -0.10000000000000142, 1.3999999999999986
8834, -0.10000000000000142, 1.3999999999999986
8835, -0.10000000000000142, 1.3999999999999986
8836, -0.10000000000000142, 1.3999999999999986
8837, -0.10000000000000142, 1.3000000000000007
8838, -0.10000000000000142, 1.3999999999999986
8839, -0.10000000000000142, 1.3000000000000007
8840, -0.10000000000000142, 1.3000000000000007
8841, -0.10000000000000142, 1.1999999999999993
8842, -0.10000000000000142, 1.1999999999999993
8843, -0.10000000000000142, 1.1999999999999993
8844, -0.10000000000000142, 1.1000000000000014
8845, -0.10000000000000142, 1.1000000000000014
8846, -0.10000000000000142, 1.1000000000000014
8847, -0.10000000000000142, 0.8999999999999986
8848, -0.10000000000000142, 0.8999999999999986
8849, -0.10000000000000142, 0.8999999999999986
8850, -0.10000000000000142, 0.8000000000000007
8851, -0.10000000000000142, 0.8000000000000007
8852, -0.10000000000000142, 0.8000000000000007
8853, -0.10000000000000142, 0.6000000000000014
8854, 0.0, 0.6000000000000014
8855, 0.0, 0.5
8856, 0.0, 0.3999999999999986
8857, 0.0, 0.3999999999999986
8858, 0.0, 0.3000000000000007
8859, 0.0, 0.1999999999999993
8860, 0.0, 0.10000000000000142
8861, 0.0, 0.0
8862, 0.0, 0.0
8863, 0.0, 0.0
8864, -0.10000000000000142, -0.10000000000000142
8865, -0.10000000000000142, -0.10000000000000142
8866, -0.10000000000000142, -0.1999999999999993
8867, -0.10000000000000142, -0.3000000000000007
8868, -0.10000000000000142, -0.3000000000000007
8869, -0.10000000000000142, -0.3999999999999986
8870, -0.10000000000000142, -0.3999999999999986
8871, -0.10000000000000142, -0.3999999999999986
8872, -0.10000000000000142, -0.5
8873, -0.10000000000000142, -0.6999999999999993
8874, -0.10000000000000142, -0.6999999999999993
8875, -0.10000000000000142, -0.6000000000000014
8876, -0.10000000000000142, -0.6000000000000014
8877, -0.10000000000000142, -0.6000000000000014
8878, -0.10000000000000142, -0.6999999999999993
8879, -0.10000000000000142, -0.8000000000000007
8880, -0.10000000000000142, -0.8000000000000007
8881, -0.10000000000000142, -0.8000000000000007
8882, -0.10000000000000142, -0.8000000000000007
8883, -0.10000000000000142, -0.8000000000000007
8884, -0.10000000000000142, -0.8000000000000007
8885, -0.10000000000000142, -0.6999999999999993
8886, -0.10000000000000142, -0.6999999999999993
8887, -0.10000000000000142, -0.8000000000000007
8888, -0.10000000000000142, -0.6999999999999993
8889, -0.10000000000000142, -0.6999999999999993
8890, -0.10000000000000142, -0.6999999999999993
8891, -0.10000000000000142, -0.6999999999999993
8892, -0.10000000000000142, -0.6999999999999993
8893, -0.10000000000000142, -0.6999999999999993
8894, -0.10000000000000142, -0.6000000000000014
8895, -0.10000000000000142, -0.5
8896, -0.10000000000000142, -0.5
8897, -0.10000000000000142, -0.5
8898, -0.10000000000000142, -0.3999999999999986
8899, -0.10000000000000142, -0.5
8900, -0.10000000000000142, -0.3999999999999986
8901, -0.10000000000000142, -0.3999999999999986
8902, -0.10000000000000142, -0.3000000000000007
8903, -0.10000000000000142, -0.3000000000000007
8904, -0.10000000000000142, -0.3000000000000007
8905, -0.10000000000000142, -0.1999999999999993
8906, -0.10000000000000142, -0.1999999999999993
8907, -0.10000000000000142, -0.1999999999999993
8908, -0.10000000000000142, -0.10000000000000142
8909, -0.10000000000000142, -0.10000000000000142
8910, -0.10000000000000142, 0.10000000000000142
8911, -0.10000000000000142, 0.0
8912, -0.10000000000000142, 0.0
8913, -0.10000000000000142, 0.1999999999999993
8914, -0.10000000000000142, 0.1999999999999993
8915, 0.0, 0.10000000000000142
8916, 0.0, 0.3000000000000007
8917, 0.0, 0.3000000000000007
8918, 0.0, 0.3999999999999986
8919, 0.0, 0.3999999999999986
8920, 0.0, 0.5
8921, 0.0, 0.3999999999999986
8922, 0.0, 0.3999999999999986
8923, 0.0, 0.5
8924, 0.0, 0.6000000000000014
8925, 0.0, 0.6000000000000014
8926, 0.0, 0.6000000000000014
8927, 0.0, 0.6999999999999993
8928, 0.0, 0.8000000000000007
8929, 0.0, 0.8000000000000007
8930, 0.0, 0.8000000000000007
8931, 0.0, 0.8000000000000007
8932, 0.0, 0.8999999999999986
8933, 0.0, 1.0
8934, 0.0, 1.0
8935, 0.0, 1.1000000000000014
8936, 0.10000000000000142, 1.1000000000000014
8937, 0.10000000000000142, 1.0
8938, 0.10000000000000142, 1.0
8939, 0.10000000000000142, 1.1000000000000014
8940, 0.10000000000000142, 1.1999999999999993
8941, 0.0, 1.1000000000000014
8942, 0.0, 1.1999999999999993
8943, 0.0, 1.1999999999999993
8944, 0.0, 1.1999999999999993
8945, 0.0, 1.1999999999999993
8946, 0.0, 1.1999999999999993
8947, 0.0, 1.1999999999999993
8948, 0.0, 1.1999999999999993
8949, 0.0, 1.1999999999999993
8950, 0.0, 1.1999999999999993
8951, 0.0, 1.1999999999999993
8952, 0.0, 1.1999999999999993
8953, 0.0, 1.3000000000000007
8954, 0.0, 1.3000000000000007
8955, 0.0, 1.3000000000000007
8956, 0.0, 1.1999999999999993
8957, 0.0, 1.1999999999999993
8958, 0.0, 1.1999999999999993
8959, 0.0, 1.3000000000000007
8960, 0.0, 1.3000000000000007
8961, 0.0, 1.3000000000000007
8962, 0.0, 1.3000000000000007
8963, 0.0, 1.1999999999999993
8964, 0.0, 1.3000000000000007
8965, 0.0, 1.3000000000000007
8966, 0.0, 1.3000000000000007
8967, 0.0, 1.3000000000000007
8968, 0.0, 1.3000000000000007
8969, 0.0, 1.3000000000000007
8970, 0.0, 1.3000000000000007
8971, 0.0, 1.3000000000000007
8972, 0.0, 1.3000000000000007
8973, 0.0, 1.3000000000000007
8974, 0.0, 1.3000000000000007
8975, 0.0, 1.3000000000000007
8976, 0.0, 1.3000000000000007
8977, -0.10000000000000142, 1.3000000000000007
8978, -0.10000000000000142, 1.3000000000000007
8979, -0.10000000000000142, 1.3000000000000007
8980, -0.10000000000000142, 1.3000000000000007
8981, -0.10000000000000142, 1.3999999999999986
8982, -0.10000000000000142, 1.3000000000000007
8983, -0.10000000000000142, 1.3999999999999986
8984, -0.10000000000000142, 1.3999999999999986
8985, -0.10000000000000142, 1.3000000000000007
8986, -0.10000000000000142, 1.3999999999999986
8987, -0.10000000000000142, 1.3999999999999986
8988, -0.10000000000000142, 1.3000000000000007
8989, -0.10000000000000142, 1.3000000000000007
8990, -0.10000000000000142, 1.3000000000000007
8991, -0.10000000000000142, 1.3000000000000007
8992, -0.10000000000000142, 1.3000000000000007
8993, -0.10000000000000142, 1.3999999999999986
8994, -0.10000000000000142, 1.1999999999999993
8995, -0.10000000000000142, 1.1999999999999993
8996, -0.10000000000000142, 1.1999999999999993
8997, -0.10000000000000142, 1.1999999999999993
8998, -0.10000000000000142, 1.1999999999999993
8999, -0.10000000000000142, 1.1999999999999993
9000, -0.10000000000000142, 1.1999999999999993
9001, -0.10000000000000142, 1.1000000000000014
9002, -0.10000000000000142, 1.1000000000000014
9003, -0.10000000000000142, 1.1000000000000014
9004, -0.10000000000000142, 1.1999999999999993
9005, -0.10000000000000142, 1.1000000000000014
9006, -0.10000000000000142, 1.0
9007, -0.10000000000000142, 1.0
9008, -0.10000000000000142, 1.1000000000000014
9009, -0.10000000000000142, 1.1000000000000014
9010, -0.10000000000000142, 1.0
9011, -0.10000000000000142, 1.0
9012, -0.10000000000000142, 1.0
9013, -0.10000000000000142, 1.0
9014, -0.10000000000000142, 1.0
9015, -0.10000000000000142, 0.8999999999999986
9016, -0.10000000000000142, 1.0
9017, -0.10000000000000142, 1.0
9018, -0.10000000000000142, 1.0
9019, -0.10000000000000142, 1.0
9020, -0.10000000000000142, 1.0
9021, -0.10000000000000142, 1.0
9022, -0.10000000000000142, 0.8999999999999986
9023, -0.10000000000000142, 1.0
9024, -0.10000000000000142, 0.8999999999999986
9025, -0.10000000000000142, 1.0
9026, -0.10000000000000142, 1.0
9027, -0.10000000000000142, 1.0
9028, -0.10000000000000142, 1.0
9029, -0.10000000000000142, 1.0
9030, -0.10000000000000142, 0.8000000000000007
9031, -0.10000000000000142, 0.8000000000000007
9032, -0.10000000000000142, 0.8000000000000007
9033, -0.10000000000000142, 0.8000000000000007
9034, -0.10000000000000142, 0.8000000000000007
9035, -0.10000000000000142, 0.6999999999999993
9036, -0.10000000000000142, 0.6999999999999993
9037, -0.10000000000000142, 0.6000000000000014
9038, -0.10000000000000142, 0.6000000000000014
9039, -0.10000000000000142, 0.5
9040, -0.10000000000000142, 0.5
9041, -0.10000000000000142, 0.3000000000000007
9042, -0.10000000000000142, 0.3000000000000007
9043, -0.10000000000000142, 0.1999999999999993
9044, -0.10000000000000142, 0.10000000000000142
9045, -0.10000000000000142, -0.10000000000000142
9046, -0.10000000000000142, -0.10000000000000142
9047, -0.10000000000000142, -0.3000000000000007
9048, -0.10000000000000142, -0.3999999999999986
9049, -0.10000000000000142, -0.6999999999999993
9050, -0.10000000000000142, -0.8000000000000007
9051, -0.10000000000000142, -1.0
9052, -0.10000000000000142, -1.1999999999999993
9053, -0.10000000000000142, -1.3999999999999986
9054, -0.10000000000000142, -1.6999999999999993
9055, -0.10000000000000142, -1.8999999999999986
9056, -0.10000000000000142, -2.1000000000000014
9057, -0.10000000000000142, -2.5
9058, -0.10000000000000142, -2.6000000000000014
9059, -0.10000000000000142, -3.0
9060, -0.10000000000000142, -3.3000000000000007
9061, 0.0, -3.6000000000000014
9062, 0.0, -3.8999999999999986
9063, 0.0, -4.100000000000001
9064, 0.0, -4.399999999999999
9065, 0.0, -4.699999999999999
9066, 0.0, -5.100000000000001
9067, 0.0, -5.300000000000001
9068, 0.0, -5.699999999999999
9069, 0.0, -5.899999999999999
9070, 0.0, -6.199999999999999
9071, 0.0, -6.399999999999999
9072, 0.0, -6.800000000000001
9073, 0.10000000000000142, -7.0
9074, 0.10000000000000142, -7.199999999999999
9075, 0.10000000000000142, -7.399999999999999
9076, 0.10000000000000142, -7.600000000000001
9077, 0.10000000000000142, -7.800000000000001
9078, 0.10000000000000142, -7.899999999999999
9079, 0.10000000000000142, -8.0
9080, 0.0, -8.100000000000001
9081, 0.0, -8.2
9082, 0.0, -8.2
9083, 0.0, -8.2
9084, 0.0, -8.2
9085, 0.0, -8.100000000000001
9086, 0.0, -8.100000000000001
9087, 0.0, -7.899999999999999
9088, 0.0, -7.800000000000001
9089, 0.0, -7.800000000000001
9090, 0.0, -7.699999999999999
9091, 0.0, -7.399999999999999
9092, 0.0, -7.300000000000001
9093, 0.0, -6.899999999999999
9094, 0.0, -6.800000000000001
9095, 0.0, -6.399999999999999
9096, 0.0, -6.100000000000001
9097, 0.0, -6.0
9098, 0.0, -5.600000000000001
9099, 0.0, -5.300000000000001
9100, 0.0, -5.0
9101, 0.0, -4.699999999999999
9102, 0.0, -4.399999999999999
9103, 0.0, -4.0
9104, 0.0, -3.6999999999999993
9105, 0.0, -3.5
9106, 0.0, -3.1999999999999993
9107, 0.0, -2.8999999999999986
9108, 0.0, -2.5
9109, 0.0, -2.3000000000000007
9110, 0.0, -2.0
9111, 0.0, -1.6999999999999993
9112, 0.0, -1.3999999999999986
9113, 0.0, -1.1999999999999993
9114, 0.0, -1.0
9115, 0.0, -0.6000000000000014
9116, 0.0, -0.3999999999999986
9117, 0.0, -0.10000000000000142
9118, 0.0, 0.0
9119, 0.0, 0.1999999999999993
9120, 0.0, 0.5
9121, 0.0, 0.6000000000000014
9122, 0.0, 0.8000000000000007
9123, 0.0, 0.8999999999999986
9124, -0.10000000000000142, 1.1000000000000014
9125, -0.10000000000000142, 1.1999999999999993
9126, -0.10000000000000142, 1.3000000000000007
9127, -0.10000000000000142, 1.5
9128, -0.10000000000000142, 1.5
9129, -0.10000000000000142, 1.6999999999999993
9130, -0.10000000000000142, 1.6999999999999993
9131, -0.10000000000000142, 1.8999999999999986
9132, -0.10000000000000142, 1.8999999999999986
9133, -0.10000000000000142, 2.0
9134, -0.10000000000000142, 2.1000000000000014
9135, -0.10000000000000142, 2.1999999999999993
9136, -0.10000000000000142, 2.1999999999999993
9137, -0.10000000000000142, 2.3000000000000007
9138, -0.10000000000000142, 2.3000000000000007
9139, -0.10000000000000142, 2.3000000000000007
9140, -0.10000000000000142, 2.3000000000000007
9141, -0.10000000000000142, 2.3000000000000007
9142, -0.10000000000000142, 2.3999999999999986
9143, -0.10000000000000142, 2.3999999999999986
9144, -0.10000000000000142, 2.5
9145, -0.10000000000000142, 2.3999999999999986
9146, -0.10000000000000142, 2.5
9147, -0.10000000000000142, 2.5
9148, -0.10000000000000142, 2.3999999999999986
9149, -0.10000000000000142, 2.5
9150, -0.10000000000000142, 2.5
9151, -0.10000000000000142, 2.6000000000000014
9152, -0.10000000000000142, 2.3999999999999986
9153, -0.10000000000000142, 2.3999999999999986
9154, -0.10000000000000142, 2.5
9155, -0.10000000000000142, 2.3999999999999986
9156, -0.10000000000000142, 2.3999999999999986
9157, -0.10000000000000142, 2.3999999999999986
9158, 0.0, 2.5
9159, 0.0, 2.3000000000000007
9160, 0.0, 2.3000000000000007
9161, 0.0, 2.3000000000000007
9162, 0.0, 2.3000000000000007
9163, 0.0, 2.3000000000000007
9164, 0.0, 2.1999999999999993
9165, 0.0, 2.1999999999999993
9166, 0.0, 2.1999999999999993
9167, 0.0, 2.1000000000000014
9168, 0.0, 2.1000000000000014
9169, 0.0, 2.1000000000000014
9170, 0.0, 2.1000000000000014
9171, 0.0, 2.0
9172, 0.0, 1.8999999999999986
9173, 0.0, 2.0
9174, 0.0, 1.8999999999999986
9175, 0.0, 1.8000000000000007
9176, 0.0, 1.6999999999999993
9177, 0.0, 1.8000000000000007
9178, 0.0, 1.6000000000000014
9179, -0.10000000000000142, 1.6000000000000014
9180, -0.10000000000000142, 1.3999999999999986
9181, -0.10000000000000142, 1.3999999999999986
9182, -0.10000000000000142, 1.1999999999999993
9183, -0.10000000000000142, 1.1999999999999993
9184, -0.10000000000000142, 1.1999999999999993
9185, 0.0, 1.1000000000000014
9186, 0.0, 1.0
9187, 0.0, 0.8999999999999986
9188, 0.0, 0.8000000000000007
9189, 0.0, 0.8000000000000007
9190, 0.0, 0.6000000000000014
9191, 0.0, 0.6000000000000014
9192, 0.0, 0.3999999999999986
9193, 0.0, 0.3000000000000007
9194, 0.0, 0.3000000000000007
9195, 0.0, 0.1999999999999993
9196, 0.0, 0.0
9197, 0.0, -0.10000000000000142
9198, 0.0, -0.1999999999999993
9199, 0.0, -0.3000000000000007
9200, 0.0, -0.5
9201, 0.0, -0.6000000000000014
9202, 0.0, -0.6000000000000014
9203, 0.0, -0.6999999999999993
9204, 0.0, -0.8000000000000007
9205, 0.0, -0.8999999999999986
9206, 0.0, -1.0
9207, 0.0, -1.1000000000000014
9208, 0.0, -1.1999999999999993
9209, 0.0, -1.3000000000000007
9210, 0.0, -1.3000000000000007
9211, 0.0, -1.3999999999999986
9212, 0.0, -1.5
9213, 0.0, -1.5
9214, 0.0, -1.5
9215, 0.0, -1.6999999999999993
9216, 0.0, -1.8000000000000007
9217, 0.10000000000000142, -1.6999999999999993
9218, 0.10000000000000142, -1.8000000000000007
9219, 0.10000000000000142, -1.8000000000000007
9220, 0.10000000000000142, -1.8999999999999986
9221, 0.10000000000000142, -1.8999999999999986
9222, 0.10000000000000142, -1.8999999999999986
9223, 0.10000000000000142, -2.0
9224, 0.10000000000000142, -2.0
9225, 0.10000000000000142, -1.8999999999999986
9226, 0.0, -1.8999999999999986
9227, 0.0, -1.8000000000000007
9228, 0.0, -1.8999999999999986
9229, 0.0, -1.8000000000000007
9230, 0.0, -1.8000000000000007
9231, 0.0, -1.6999999999999993
9232, 0.0, -1.6000000000000014
9233, 0.0, -1.6000000000000014
9234, 0.0, -1.5
9235, 0.0, -1.3999999999999986
9236, 0.0, -1.3000000000000007
9237, 0.0, -1.3000000000000007
9238, 0.0, -1.1999999999999993
9239, 0.0, -1.1999999999999993
9240, 0.0, -1.0
9241, 0.0, -0.8999999999999986
9242, 0.0, -0.8000000000000007
9243, 0.0, -0.6999999999999993
9244, 0.0, -0.5
9245, 0.0, -0.5
9246, 0.0, -0.3999999999999986
9247, 0.0, -0.3999999999999986
9248, 0.0, -0.1999999999999993
9249, 0.0, -0.10000000000000142
9250, 0.0, 0.10000000000000142
9251, 0.0, 0.3000000000000007
9252, 0.0, 0.3000000000000007
9253, 0.0, 0.3999999999999986
9254, 0.0, 0.5
9255, 0.0, 0.6000000000000014
9256, 0.0, 0.6999999999999993
9257, 0.0, 0.8000000000000007
9258, 0.0, 0.8999999999999986
9259, 0.0, 1.1000000000000014
9260, 0.0, 1.1999999999999993
9261, 0.0, 1.1999999999999993
9262, 0.0, 1.3000000000000007
9263, 0.0, 1.3999999999999986
9264, 0.0, 1.5
9265, 0.0, 1.6000000000000014
9266, 0.0, 1.6999999999999993
9267, 0.0, 1.8000000000000007
9268, 0.0, 1.6999999999999993
9269, 0.0, 1.8000000000000007
9270, 0.0, 1.8999999999999986
9271, 0.0, 1.8999999999999986
9272, 0.0, 2.0
9273, 0.0, 2.0
9274, 0.0, 2.0
9275, 0.0, 2.0
9276, 0.0, 2.1000000000000014
9277, 0.0, 2.0
9278, 0.0, 2.0
9279, 0.0, 2.0
9280, 0.0, 2.0
9281, 0.0, 1.8999999999999986
9282, 0.0, 1.8999999999999986
9283, 0.0, 1.8000000000000007
9284, 0.0, 1.8000000000000007
9285, 0.0, 1.6999999999999993
9286, 0.0, 1.6999999999999993
9287, 0.0, 1.5
9288, 0.0, 1.3999999999999986
9289, 0.0, 1.3999999999999986
9290, 0.0, 1.3000000000000007
9291, 0.0, 1.1999999999999993
9292, 0.0, 1.0
9293, 0.0, 1.0
9294, 0.0, 0.8999999999999986
9295, 0.0, 0.6999999999999993
9296, -0.10000000000000142, 0.6000000000000014
9297, 0.0, 0.5
9298, 0.0, 0.3999999999999986
9299, 0.0, 0.3000000000000007
9300, 0.0, 0.10000000000000142
9301, 0.0, 0.0
9302, 0.0, -0.1999999999999993
9303, -0.10000000000000142, -0.3999999999999986
9304, -0.10000000000000142, -0.5
9305, -0.10000000000000142, -0.6000000000000014
9306, -0.10000000000000142, -0.6999999999999993
9307, -0.10000000000000142, -0.8999999999999986
9308, -0.10000000000000142, -0.8999999999999986
9309, -0.10000000000000142, -1.1000000000000014
9310, -0.10000000000000142, -1.1999999999999993
9311, -0.10000000000000142, -1.3000000000000007
9312, -0.10000000000000142, -1.3999999999999986
9313, -0.10000000000000142, -1.5
9314, -0.10000000000000142, -1.5
9315, -0.10000000000000142, -1.6000000000000014
9316, -0.10000000000000142, -1.6999999999999993
9317, -0.10000000000000142, -1.8999999999999986
9318, -0.10000000000000142, -1.8000000000000007
9319, -0.10000000000000142, -1.8999999999999986
9320, -0.10000000000000142, -2.0
9321, -0.10000000000000142, -2.0
9322, -0.10000000000000142, -2.0
9323, -0.10000000000000142, -2.1000000000000014
9324, -0.10000000000000142, -2.1000000000000014
9325, -0.10000000000000142, -2.1000000000000014
9326, -0.10000000000000142, -2.1000000000000014
9327, -0.10000000000000142, -2.1999999999999993
9328, -0.10000000000000142, -2.1999999999999993
9329, -0.10000000000000142, -2.1999999999999993
9330, -0.10000000000000142, -2.1999999999999993
9331, 0.0, -2.1999999999999993
9332, 0.0, -2.1000000000000014
9333, 0.0, -2.1000000000000014
9334, 0.0, -2.1000000000000014
9335, 0.0, -2.1000000000000014
9336, 0.0, -2.1000000000000014
9337, 0.0, -2.1000000000000014
9338, 0.0, -2.1999999999999993
9339, 0.0, -2.1000000000000014
9340, 0.0, -2.1000000000000014
9341, 0.0, -2.1000000000000014
9342, 0.0, -2.1999999999999993
9343, 0.0, -2.1999999999999993
9344, 0.0, -2.1000000000000014
9345, 0.0, -2.1000000000000014
9346, 0.0, -2.1000000000000014
9347, 0.0, -2.1000000000000014
9348, 0.0, -2.1000000000000014
9349, 0.0, -2.0
9350, 0.0, -2.0
9351, 0.0, -2.0
9352, 0.0, -2.0
9353, 0.0, -2.1000000000000014
9354, 0.0, -2.1000000000000014
9355, 0.0, -2.0
9356, 0.0, -2.1000000000000014
9357, 0.0, -2.1000000000000014
9358, 0.0, -2.0
9359, 0.0, -2.0
9360, 0.0, -2.0
9361, 0.0, -2.0
9362, 0.0, -2.0
9363, 0.0, -2.0
9364, 0.0, -1.8999999999999986
9365, 0.0, -1.8999999999999986
9366, 0.0, -1.8000000000000007
9367, 0.0, -1.8000000000000007
9368, 0.0, -1.6999999999999993
9369, 0.0, -1.6999999999999993
9370, 0.0, -1.6000000000000014
9371, 0.0, -1.5
9372, 0.0, -1.6000000000000014
9373, 0.0, -1.6000000000000014
9374, 0.0, -1.5
9375, 0.0, -1.3000000000000007
9376, 0.0, -1.3000000000000007
9377, 0.0, -1.3000000000000007
9378, -0.10000000000000142, -1.1999999999999993
9379, -0.10000000000000142, -1.1999999999999993
9380, -0.10000000000000142, -1.0
9381, -0.10000000000000142, -1.0
9382, -0.10000000000000142, -0.8999999999999986
9383, -0.10000000000000142, -0.8999999999999986
9384, -0.10000000000000142, -0.8000000000000007
9385, -0.10000000000000142, -0.6999999999999993
9386, -0.10000000000000142, -0.6999999999999993
9387, -0.10000000000000142, -0.6000000000000014
9388, -0.10000000000000142, -0.5
9389, 0.0, -0.5
9390, 0.0, -0.3999999999999986
9391, 0.0, -0.3000000000000007
9392, 0.0, -0.1999999999999993
9393, 0.0, -0.10000000000000142
9394, 0.0, 0.0
9395, 0.0, 0.0
9396, 0.0, 0.0
9397, 0.0, 0.10000000000000142
9398, 0.0, 0.10000000000000142
9399, 0.0, 0.1999999999999993
9400, 0.0, 0.3000000000000007
9401, 0.0, 0.3000000000000007
9402, 0.0, 0.3000000000000007
9403, 0.0, 0.3999999999999986
9404, 0.0, 0.5
9405, 0.0, 0.5
9406, 0.0, 0.5
9407, 0.0, 0.6000000000000014
9408, 0.0, 0.6999999999999993
9409, 0.0, 0.6000000000000014
9410, 0.0, 0.8000000000000007
9411, 0.0, 0.8000000000000007
9412, 0.0, 0.8000000000000007
9413, 0.0, 0.8999999999999986
9414, 0.0, 0.8999999999999986
9415, 0.0, 0.8999999999999986
9416, 0.0, 0.8999999999999986
9417, 0.0, 1.0
9418, 0.0, 1.0
9419, 0.0, 1.1000000000000014
9420, 0.0, 1.1000000000000014
9421, 0.0, 1.1000000000000014
9422, 0.0, 1.1000000000000014
9423, 0.0, 1.1999999999999993
9424, 0.0, 1.1999999999999993
9425, 0.0, 1.1999999999999993
9426, 0.0, 1.1999999999999993
9427, 0.0, 1.1999999999999993
9428, 0.0, 1.1999999999999993
9429, 0.0, 1.1000000000000014
9430, 0.0, 1.3000000000000007
9431, 0.0, 1.3000000000000007
9432, 0.0, 1.3000000000000007
9433, 0.0, 1.3000000000000007
9434, 0.0, 1.3000000000000007
9435, 0.0, 1.3000000000000007
9436, 0.0, 1.3000000000000007
9437, 0.0, 1.3999999999999986
9438, 0.0, 1.3999999999999986
9439, 0.0, 1.3000000000000007
9440, 0.0, 1.3000000000000007
9441, 0.0, 1.3999999999999986
9442, 0.0, 1.3999999999999986
9443, 0.0, 1.3999999999999986
9444, 0.0, 1.3999999999999986
9445, 0.0, 1.3000000000000007
9446, 0.0, 1.3999999999999986
9447, 0.0, 1.3999999999999986
9448, 0.0, 1.3000000000000007
9449, 0.0, 1.3000000000000007
9450, 0.0, 1.3999999999999986
9451, 0.0, 1.3000000000000007
9452, 0.0, 1.3000000000000007
9453, 0.0, 1.3000000000000007
9454, 0.0, 1.1999999999999993
9455, 0.0, 1.1999999999999993
9456, 0.0, 1.1999999999999993
9457, 0.0, 1.1000000000000014
9458, 0.0, 1.1999999999999993
9459, 0.0, 1.0
9460, 0.0, 1.0
9461, 0.0, 1.1000000000000014
9462, 0.0, 1.0
9463, 0.0, 0.8999999999999986
9464, 0.0, 0.8999999999999986
9465, 0.0, 0.8999999999999986
9466, 0.0, 0.8999999999999986
9467, 0.0, 0.8000000000000007
9468, 0.0, 0.6999999999999993
9469, 0.0, 0.8000000000000007
9470, 0.0, 0.6999999999999993
9471, 0.0, 0.6000000000000014
9472, 0.0, 0.6000000000000014
9473, 0.0, 0.6000000000000014
9474, 0.0, 0.5
9475, 0.0, 0.5
9476, 0.0, 0.5
9477, 0.0, 0.5
9478, 0.0, 0.3999999999999986
9479, 0.0, 0.3999999999999986
9480, 0.0, 0.3999999999999986
9481, 0.0, 0.3999999999999986
9482, 0.0, 0.1999999999999993
9483, 0.0, 0.1999999999999993
9484, 0.0, 0.10000000000000142
9485, 0.0, 0.1999999999999993
9486, 0.0, 0.1999999999999993
9487, 0.0, 0.0
9488, 0.0, 0.0
9489, 0.0, 0.0
9490, 0.0, 0.0
9491, 0.0, -0.10000000000000142
9492, 0.0, -0.10000000000000142
9493, 0.0, -0.1999999999999993
9494, 0.0, -0.10000000000000142
9495, 0.0, -0.1999999999999993
9496, 0.0, -0.3000000000000007
9497, 0.0, -0.3000000000000007
9498, 0.0, -0.3999999999999986
9499, 0.0, -0.3999999999999986
9500, 0.0, -0.3999999999999986
9501, 0.0, -0.3999999999999986
9502, 0.0, -0.5
9503, 0.0, -0.3999999999999986
9504, 0.0, -0.3999999999999986
9505, 0.0, -0.3999999999999986
9506, 0.0, -0.3999999999999986
9507, 0.0, -0.5
9508, 0.0, -0.5
9509, 0.0, -0.5
9510, 0.0, -0.6000000000000014
9511, 0.0, -0.5
9512, 0.0, -0.5
9513, 0.0, -0.5
9514, 0.0, -0.6000000000000014
9515, 0.0, -0.6000000000000014
9516, 0.0, -0.6000000000000014
9517, 0.0, -0.6999999999999993
9518, 0.0, -0.6000000000000014
9519, 0.0, -0.6000000000000014
9520, 0.0, -0.6000000000000014
9521, 0.0, -0.6000000000000014
9522, 0.0, -0.6999999999999993
9523, 0.0, -0.6000000000000014
9524, 0.0, -0.6999999999999993
9525, 0.0, -0.6000000000000014
9526, 0.0, -0.6000000000000014
9527, -0.10000000000000142, -0.6000000000000014
9528, -0.10000000000000142, -0.6999999999999993
9529, -0.10000000000000142, -0.6000000000000014
9530, -0.10000000000000142, -0.6000000000000014
9531, -0.10000000000000142, -0.6000000000000014
9532, -0.10000000000000142, -0.5
9533, -0.10000000000000142, -0.6000000000000014
9534, -0.10000000000000142, -0.5
9535, -0.10000000000000142, -0.5
9536, -0.10000000000000142, -0.6000000000000014
9537, -0.10000000000000142, -0.5
9538, -0.10000000000000142, -0.5
9539, -0.10000000000000142, -0.3999999999999986
9540, -0.10000000000000142, -0.5
9541, -0.10000000000000142, -0.3999999999999986
9542, -0.10000000000000142, -0.3999999999999986
9543, -0.10000000000000142, -0.3000000000000007
9544, -0.10000000000000142, -0.3000000000000007
9545, -0.10000000000000142, -0.3000000000000007
9546, -0.10000000000000142, -0.3000000000000007
9547, -0.10000000000000142, -0.3000000000000007
9548, -0.10000000000000142, -0.3000000000000007
9549, -0.10000000000000142, -0.3000000000000007
9550, -0.10000000000000142, -0.1999999999999993
9551, -0.10000000000000142, -0.1999999999999993
9552, -0.10000000000000142, -0.10000000000000142
9553, -0.10000000000000142, -0.10000000000000142
9554, -0.10000000000000142, -0.1999999999999993
9555, -0.10000000000000142, -0.10000000000000142
9556, -0.10000000000000142, -0.10000000000000142
9557, -0.10000000000000142, 0.0
9558, -0.10000000000000142, 0.0
9559, 0.0, -0.10000000000000142
9560, 0.0, 0.0
9561, 0.0, 0.0
9562, 0.0, -0.10000000000000142
9563, 0.0, 0.0
9564, 0.0, 0.0
9565, 0.0, 0.10000000000000142
9566, 0.0, 0.10000000000000142
9567, 0.0, 0.1999999999999993
9568, 0.0, 0.10000000000000142
9569, 0.0, 0.10000000000000142
9570, 0.0, 0.1999999999999993
9571, 0.0, 0.1999999999999993
9572, 0.0, 0.3000000000000007
9573, 0.0, 0.1999999999999993
9574, 0.0, 0.1999999999999993
9575, 0.0, 0.1999999999999993
9576, 0.0, 0.3000000000000007
9577, 0.0, 0.1999999999999993
9578, 0.0, 0.3000000000000007
9579, 0.0, 0.3000000000000007
9580, 0.0, 0.3999999999999986
9581, 0.0, 0.3000000000000007
9582, 0.0, 0.3000000000000007
9583, 0.0, 0.3999999999999986
9584, 0.0, 0.3000000000000007
9585, 0.0, 0.3999999999999986
9586, 0.0, 0.3999999999999986
9587, 0.0, 0.3999999999999986
9588, 0.0, 0.3999999999999986
9589, 0.0, 0.3000000000000007
9590, 0.0, 0.3999999999999986
9591, 0.0, 0.3999999999999986
9592, 0.0, 0.3999999999999986
9593, 0.0, 0.3999999999999986
9594, 0.0, 0.3000000000000007
9595, 0.0, 0.3999999999999986
9596, 0.0, 0.3999999999999986
9597, 0.0, 0.3999999999999986
9598, 0.0, 0.3999999999999986
9599, 0.0, 0.3999999999999986
9600, 0.0, 0.5
9601, 0.0, 0.3999999999999986
9602, 0.0, 0.3000000000000007
9603, 0.0, 0.3999999999999986
9604, 0.0, 0.3999999999999986
9605, 0.0, 0.3999999999999986
9606, 0.0, 0.3000000000000007
9607, 0.0, 0.3999999999999986
9608, 0.0, 0.3999999999999986
9609, 0.0, 0.3000000000000007
9610, 0.0, 0.3000000000000007
9611, 0.0, 0.3000000000000007
9612, 0.0, 0.3999999999999986
9613, 0.0, 0.3000000000000007
9614, 0.0, 0.3000000000000007
9615, 0.0, 0.3000000000000007
9616, 0.0, 0.3000000000000007
9617, 0.0, 0.3000000000000007
9618, 0.0, 0.3000000000000007
9619, 0.0, 0.3000000000000007
9620, 0.0, 0.3000000000000007
9621, 0.0, 0.3000000000000007
9622, 0.0, 0.3000000000000007
9623, 0.0, 0.3000000000000007
9624, 0.0, 0.3000000000000007
9625, 0.0, 0.1999999999999993
9626, 0.0, 0.1999999999999993
9627, 0.0, 0.3000000000000007
9628, 0.0, 0.1999999999999993
9629, 0.0, 0.10000000000000142
9630, 0.0, 0.1999999999999993
9631, 0.0, 0.10000000000000142
9632, 0.0, 0.1999999999999993
9633, 0.0, 0.1999999999999993
9634, 0.0, 0.0
9635, 0.0, 0.10000000000000142
9636, 0.0, 0.10000000000000142
9637, 0.0, 0.1999999999999993
9638, 0.0, 0.0
9639, 0.0, 0.10000000000000142
9640, 0.0, 0.10000000000000142
9641, 0.0, -0.10000000000000142
9642, 0.0, 0.0
9643, 0.0, 0.0
9644, 0.0, 0.10000000000000142
9645, 0.0, -0.10000000000000142
9646, 0.0, 0.0
9647, 0.0, 0.0
9648, 0.0, 0.10000000000000142
9649, 0.0, -0.10000000000000142
9650, 0.0, 0.0
9651, 0.0, 0.0
9652, 0.0, 0.0
9653, 0.0, 0.0
9654, -0.10000000000000142, 0.0
9655, -0.10000000000000142, 0.0
9656, -0.10000000000000142, -0.10000000000000142
9657, -0.10000000000000142, 0.0
9658, -0.10000000000000142, -0.10000000000000142
9659, -0.10000000000000142, -0.10000000000000142
9660, -0.10000000000000142, -0.10000000000000142
9661, -0.10000000000000142, 0.0
9662, -0.10000000000000142, 0.0
9663, -0.10000000000000142, -0.1999999999999993
9664, -0.10000000000000142, -0.10000000000000142
9665, 0.0, -0.10000000000000142
9666, 0.0, -0.10000000000000142
9667, 0.0, -0.1999999999999993
9668, 0.0, -0.1999999999999993
9669, 0.0, -0.1999999999999993
9670, 0.0, -0.10000000000000142
9671, 0.0, -0.10000000000000142
9672, 0.0, -0.1999999999999993
9673, 0.0, -0.10000000000000142
9674, 0.0, -0.10000000000000142
9675, 0.0, -0.1999999999999993
9676, 0.0, -0.1999999999999993
9677, 0.0, -0.1999999999999993
9678, 0.0, -0.3000000000000007
9679, 0.0, -0.1999999999999993
9680, 0.0, -0.1999999999999993
9681, 0.0, -0.1999999999999993
9682, 0.0, -0.1999999999999993
9683, 0.0, -0.3000000000000007
9684, 0.0, -0.1999999999999993
9685, 0.0, -0.3000000000000007
9686, 0.0, -0.3000000000000007
9687, 0.0, -0.1999999999999993
9688, 0.0, -0.3000000000000007
9689, 0.0, -0.3000000000000007
9690, 0.0, -0.1999999999999993
9691, 0.0, -0.3000000000000007
9692, 0.0, -0.1999999999999993
9693, 0.0, -0.3000000000000007
9694, 0.0, -0.3000000000000007
9695, 0.0, -0.1999999999999993
9696, 0.0, -0.3000000000000007
9697, 0.0, -0.1999999999999993
9698, 0.0, -0.1999999999999993
9699, 0.0, -0.3000000000000007
9700, 0.0, -0.1999999999999993
9701, 0.0, -0.1999999999999993
9702, 0.0, -0.1999999999999993
9703, 0.0, -0.1999999999999993
9704, 0.0, -0.3000000000000007
9705, 0.0, -0.1999999999999993
9706, -0.10000000000000142, -0.10000000000000142
9707, -0.10000000000000142, -0.10000000000000142
9708, -0.10000000000000142, -0.10000000000000142
9709, -0.10000000000000142, -0.10000000000000142
9710, -0.10000000000000142, -0.10000000000000142
9711, -0.10000000000000142, -0.10000000000000142
9712, -0.10000000000000142, -0.10000000000000142
9713, -0.10000000000000142, -0.10000000000000142
9714, -0.10000000000000142, -0.10000000000000142
9715, -0.10000000000000142, -0.10000000000000142
9716, -0.10000000000000142, -0.10000000000000142
9717, -0.10000000000000142, 0.0
9718, -0.10000000000000142, 0.0
9719, -0.10000000000000142, 0.0
9720, -0.10000000000000142, 0.0
9721, -0.10000000000000142, 0.0
9722, -0.10000000000000142, 0.0
9723, -0.10000000000000142, 0.0
9724, -0.10000000000000142, -0.10000000000000142
9725, -0.10000000000000142, 0.0
9726, -0.10000000000000142, 0.0
9727, -0.10000000000000142, -0.10000000000000142
9728, -0.10000000000000142, 0.0
9729, -0.10000000000000142, -0.10000000000000142
9730, -0.10000000000000142, 0.10000000000000142
9731, -0.10000000000000142, 0.0
9732, -0.10000000000000142, 0.0
9733, -0.10000000000000142, 0.0
9734, -0.10000000000000142, -0.10000000000000142
9735, -0.10000000000000142, -0.10000000000000142
9736, -0.10000000000000142, -0.10000000000000142
9737, -0.10000000000000142, -0.10000000000000142
9738, -0.10000000000000142, -0.10000000000000142
9739, -0.10000000000000142, -0.1999999999999993
9740, -0.10000000000000142, -0.10000000000000142
9741, -0.10000000000000142, -0.10000000000000142
9742, -0.10000000000000142, -0.10000000000000142
9743, -0.10000000000000142, -0.10000000000000142
9744, -0.10000000000000142, -0.1999999999999993
9745, -0.10000000000000142, -0.1999999999999993
9746, -0.10000000000000142, -0.3000000000000007
9747, -0.10000000000000142, -0.3000000000000007
9748, -0.10000000000000142, -0.1999999999999993
9749, -0.10000000000000142, -0.3000000000000007
9750, -0.10000000000000142, -0.3000000000000007
9751, -0.10000000000000142, -0.3000000000000007
9752, -0.10000000000000142, -0.3000000000000007
9753, -0.10000000000000142, -0.3000000000000007
9754, -0.10000000000000142, -0.3000000000000007
9755, -0.10000000000000142, -0.3000000000000007
9756, -0.10000000000000142, -0.3000000000000007
9757, -0.10000000000000142, -0.3999999999999986
9758, -0.10000000000000142, -0.3000000000000007
9759, -0.10000000000000142, -0.3000000000000007
9760, -0.10000000000000142, -0.3999999999999986
9761, -0.10000000000000142, -0.3999999999999986
9762, -0.10000000000000142, -0.5
9763, 0.0, -0.5
9764, 0.0, -0.6000000000000014
9765, 0.0, -0.5
9766, 0.0, -0.6000000000000014
9767, 0.0, -0.5
9768, 0.0, -0.6000000000000014
9769, -0.10000000000000142, -0.6999999999999993
9770, -0.10000000000000142, -0.6000000000000014
9771, -0.1999999999999993, -0.6999999999999993
9772, -0.1999999999999993, -0.6000000000000014
9773, -0.1999999999999993, -0.6999999999999993
9774, -0.1999999999999993, -0.6999999999999993
9775, -0.1999999999999993, -0.6999999999999993
9776, -0.1999999999999993, -0.8000000000000007
9777, -0.1999999999999993, -0.8000000000000007
9778, -0.1999999999999993, -0.8000000000000007
9779, -0.1999999999999993, -0.8000000000000007
9780, -0.1999999999999993, -0.6999999999999993
9781, -0.1999999999999993, -0.8000000000000007
9782, -0.1999999999999993, -0.6999999999999993
9783, -0.1999999999999993, -0.8000000000000007
9784, -0.1999999999999993, -0.8000000000000007
9785, -0.1999999999999993, -0.8000000000000007
9786, -0.1999999999999993, -0.6999999999999993
9787, -0.1999999999999993, -0.6999999999999993
9788, -0.1999999999999993, -0.8000000000000007
9789, -0.1999999999999993, -0.8000000000000007
9790, -0.1999999999999993, -0.6999999999999993
9791, -0.1999999999999993, -0.6999999999999993
9792, -0.1999999999999993, -0.8000000000000007
9793, -0.1999999999999993, -0.6999999999999993
9794, -0.1999999999999993, -0.6999999999999993
9795, -0.10000000000000142, -0.6999999999999993
9796, 0.0, -0.6000000000000014
9797, 0.0, -0.6000000000000014
9798, 0.0, -0.6000000000000014
9799, 0.0, -0.6000000000000014
9800, 0.0, -0.6000000000000014
9801, 0.0, -0.6000000000000014
9802, 0.0, -0.6000000000000014
9803, 0.0, -0.6000000000000014
9804, 0.0, -0.6000000000000014
9805, 0.0, -0.6000000000000014
9806, 0.0, -0.6000000000000014
9807, 0.0, -0.5
9808, 0.0, -0.5
9809, 0.0, -0.3999999999999986
9810, 0.0, -0.3999999999999986
9811, 0.0, -0.3999999999999986
9812, 0.0, -0.3000000000000007
9813, 0.0, -0.3000000000000007
9814, -0.10000000000000142, -0.3000000000000007
9815, -0.10000000000000142, -0.1999999999999993
9816, -0.10000000000000142, -0.1999999999999993
9817, -0.10000000000000142, -0.1999999999999993
9818, -0.10000000000000142, -0.10000000000000142
9819, -0.10000000000000142, 0.0
9820, -0.10000000000000142, 0.0
9821, -0.10000000000000142, 0.0
9822, -0.10000000000000142, 0.10000000000000142
9823, -0.10000000000000142, 0.1999999999999993
9824, -0.10000000000000142, 0.10000000000000142
9825, -0.10000000000000142, 0.10000000000000142
9826, -0.10000000000000142, 0.10000000000000142
9827, -0.10000000000000142, 0.1999999999999993
9828, -0.10000000000000142, 0.1999999999999993
9829, -0.10000000000000142, 0.1999999999999993
9830, -0.10000000000000142, 0.3000000000000007
9831, -0.10000000000000142, 0.3000000000000007
9832, 0.0, 0.3999999999999986
9833, 0.0, 0.3000000000000007
9834, 0.0, 0.3999999999999986
9835, 0.0, 0.3999999999999986
9836, 0.0, 0.3999999999999986
9837, 0.0, 0.5
9838, 0.0, 0.5
9839, 0.0, 0.3999999999999986
9840, 0.0, 0.3999999999999986
9841, 0.0, 0.5
9842, 0.0, 0.5
9843, 0.0, 0.3999999999999986
9844, 0.0, 0.5
9845, 0.0, 0.3999999999999986
9846, 0.0, 0.3999999999999986
9847, 0.0, 0.3999999999999986
9848, 0.0, 0.3000000000000007
9849, 0.0, 0.3000000000000007
9850, 0.0, 0.3000000000000007
9851, 0.0, 0.1999999999999993
9852, 0.0, 0.10000000000000142
9853, 0.0, 0.10000000000000142
9854, 0.0, 0.0
9855, 0.0, -0.10000000000000142
9856, 0.0, -0.10000000000000142
9857, 0.0, -0.1999999999999993
9858, 0.0, -0.3000000000000007
9859, 0.0, -0.3000000000000007
9860, 0.0, -0.3999999999999986
9861, 0.0, -0.5
9862, 0.0, -0.6999999999999993
9863, 0.0, -0.6999999999999993
9864, 0.0, -0.8000000000000007
9865, 0.0, -0.8000000000000007
9866, 0.0, -0.8000000000000007
9867, -0.10000000000000142, -1.0
9868, -0.10000000000000142, -1.0
9869, -0.10000000000000142, -1.1000000000000014
9870, -0.10000000000000142, -1.1000000000000014
9871, -0.10000000000000142, -1.1999999999999993
9872, -0.10000000000000142, -1.1000000000000014
9873, -0.10000000000000142, -1.3000000000000007
9874, -0.10000000000000142, -1.3000000000000007
9875, -0.10000000000000142, -1.3999999999999986
9876, -0.10000000000000142, -1.3000000000000007
9877, -0.10000000000000142, -1.3000000000000007
9878, -0.10000000000000142, -1.3000000000000007
9879, -0.10000000000000142, -1.3000000000000007
9880, -0.10000000000000142, -1.3000000000000007
9881, -0.10000000000000142, -1.3999999999999986
9882, -0.10000000000000142, -1.3000000000000007
9883, -0.10000000000000142, -1.3000000000000007
9884, -0.10000000000000142, -1.1999999999999993
9885, -0.10000000000000142, -1.1999999999999993
9886, -0.10000000000000142, -1.1000000000000014
9887, -0.1999999999999993, -1.1999999999999993
9888, -0.1999999999999993, -1.1000000000000014
9889, -0.1999999999999993, -1.0
9890, -0.1999999999999993, -1.0
9891, -0.1999999999999993, -1.0
9892, -0.10000000000000142, -1.0
9893, -0.10000000000000142, -0.8999999999999986
9894, -0.10000000000000142, -0.8999999999999986
9895, -0.10000000000000142, -0.8000000000000007
9896, -0.10000000000000142, -0.6999999999999993
9897, -0.10000000000000142, -0.5
9898, -0.10000000000000142, -0.5
9899, -0.10000000000000142, -0.5
9900, -0.10000000000000142, -0.3999999999999986
9901, -0.10000000000000142, -0.3999999999999986
9902, -0.10000000000000142, -0.3999999999999986
9903, -0.10000000000000142, -0.3000000000000007
9904, -0.10000000000000142, -0.3000000000000007
9905, -0.10000000000000142, -0.3000000000000007
9906, -0.10000000000000142, -0.1999999999999993
9907, -0.10000000000000142, -0.1999999999999993
9908, 0.0, -0.10000000000000142
9909, 0.0, -0.10000000000000142
9910, 0.0, -0.10000000000000142
9911, 0.0, 0.0
9912, 0.0, 0.10000000000000142
9913, 0.0, 0.0
9914, 0.0, 0.10000000000000142
9915, 0.0, 0.10000000000000142
9916, 0.0, 0.0
9917, 0.0, 0.1999999999999993
9918, 0.0, 0.10000000000000142
9919, 0.0, 0.10000000000000142
9920, 0.0, 0.10000000000000142
9921, 0.0, 0.10000000000000142
9922, 0.0, 0.10000000000000142
9923, 0.0, 0.0
9924, 0.0, 0.0
9925, 0.0, 0.0
9926, 0.0, 0.0
9927, 0.0, 0.0
9928, 0.0, 0.0
9929, 0.0, 0.0
9930, 0.0, -0.10000000000000142
9931, 0.0, -0.10000000000000142
9932, 0.0, -0.10000000000000142
9933, 0.0, -0.10000000000000142
9934, 0.0, -0.1999999999999993
9935, 0.0, -0.1999999999999993
9936, 0.0, -0.1999999999999993
9937, 0.0, -0.3000000000000007
9938, 0.0, -0.3000000000000007
9939, 0.0, -0.1999999999999993
9940, 0.0, -0.3999999999999986
9941, 0.0, -0.3999999999999986
9942, 0.0, -0.3999999999999986
9943, 0.0, -0.5
9944, 0.0, -0.5
9945, 0.0, -0.6000000000000014
9946, 0.0, -0.5
9947, 0.0, -0.5
9948, 0.0, -0.5
9949, 0.0, -0.6000000000000014
9950, 0.0, -0.6000000000000014
9951, 0.0, -0.6000000000000014
9952, 0.0, -0.6000000000000014
9953, 0.0, -0.6000000000000014
9954, 0.0, -0.6999999999999993
9955, 0.0, -0.6999999999999993
9956, 0.0, -0.8000000000000007
9957, 0.0, -0.6999999999999993
9958, 0.0, -0.6999999999999993
9959, 0.0, -0.6999999999999993
9960, 0.0, -0.8000000000000007
9961, 0.0, -0.6999999999999993
9962, 0.0, -0.8000000000000007
9963, -0.10000000000000142, -0.6999999999999993
9964, -0.10000000000000142, -0.6999999999999993
9965, -0.10000000000000142, -0.6000000000000014
9966, -0.10000000000000142, -0.6999999999999993
9967, -0.10000000000000142, -0.6000000000000014
9968, -0.10000000000000142, -0.8000000000000007
9969, -0.10000000000000142, -0.6999999999999993
9970, -0.10000000000000142, -0.6000000000000014
9971, -0.10000000000000142, -0.6000000000000014
9972, -0.10000000000000142, -0.6000000000000014
9973, -0.10000000000000142, -0.6000000000000014
9974, -0.10000000000000142, -0.5
9975, -0.10000000000000142, -0.5
9976, -0.1999999999999993, -0.5
9977, -0.1999999999999993, -0.5
9978, -0.1999999999999993, -0.5
9979, -0.1999999999999993, -0.3999999999999986
9980, -0.1999999999999993, -0.3999999999999986
9981, -0.1999999999999993, -0.3999999999999986
9982, -0.1999999999999993, -0.3999999999999986
9983, -0.1999999999999993, -0.3999999999999986
9984, -0.1999999999999993, -0.3999999999999986
9985, -0.1999999999999993, -0.3999999999999986
9986, -0.1999999999999993, -0.3000000000000007
9987, -0.1999999999999993, -0.3000000000000007
9988, -0.1999999999999993, -0.3000000000000007
9989, -0.10000000000000142, -0.3000000000000007
9990, -0.10000000000000142, -0.3000000000000007
9991, -0.10000000000000142, -0.3000000000000007
9992, -0.10000000000000142, -0.10000000000000142
9993, -0.10000000000000142, -0.10000000000000142
9994, -0.10000000000000142, -0.10000000000000142
9995, -0.10000000000000142, -0.10000000000000142
9996, -0.10000000000000142, -0.10000000000000142
9997, -0.10000000000000142, 0.0
9998, -0.10000000000000142, 0.0
9999, -0.10000000000000142, 0.0
10000, -0.10000000000000142, 0.0
10001, -0.10000000000000142, 0.10000000000000142
10002, 0.0, 0.10000000000000142
10003, 0.0, 0.10000000000000142
10004, 0.0, 0.10000000000000142
10005, 0.0, 0.10000000000000142
10006, 0.0, 0.10000000000000142
10007, 0.0, 0.1999999999999993
10008, 0.0, 0.1999999999999993
10009, 0.0, 0.1999999999999993
10010, 0.0, 0.1999999999999993
10011, 0.0, 0.1999999999999993
10012, 0.0, 0.1999999999999993
10013, 0.0, 0.1999999999999993
10014, 0.0, 0.1999999999999993
10015, 0.0, 0.1999999999999993
10016, 0.0, 0.1999999999999993
10017, 0.0, 0.1999999999999993
10018, 0.0, 0.1999999999999993
10019, 0.0, 0.1999999999999993
10020, 0.0, 0.10000000000000142
10021, 0.0, 0.10000000000000142
10022, 0.0, 0.1999999999999993
10023, 0.0, 0.1999999999999993
10024, 0.0, 0.10000000000000142
10025, 0.0, 0.10000000000000142
10026, 0.0, 0.1999999999999993
10027, 0.0, 0.1999999999999993
10028, 0.0, 0.1999999999999993
10029, 0.0, 0.1999999999999993
10030, 0.0, 0.10000000000000142
10031, 0.0, 0.10000000000000142
10032, 0.0, 0.1999999999999993
10033, 0.0, 0.10000000000000142
10034, 0.0, 0.10000000000000142
10035, 0.0, 0.0
10036, 0.0, 0.0
10037, 0.0, 0.10000000000000142
10038, 0.0, 0.0
10039, 0.0, 0.0
10040, 0.0, 0.0
10041, 0.0, 0.0
10042, 0.0, 0.0
10043, 0.0, -0.10000000000000142
10044, 0.0, 0.0
10045, 0.0, -0.10000000000000142
10046, 0.0, -0.1999999999999993
10047, 0.0, -0.10000000000000142
10048, 0.0, -0.1999999999999993
10049, 0.0, -0.10000000000000142
10050, 0.0, -0.10000000000000142
10051, 0.0, -0.1999999999999993
10052, 0.0, -0.10000000000000142
10053, 0.0, -0.10000000000000142
10054, 0.0, -0.1999999999999993
10055, 0.0, -0.1999999999999993
10056, 0.0, -0.10000000000000142
10057, 0.0, -0.1999999999999993
10058, 0.0, -0.1999999999999993
10059, 0.0, -0.10000000000000142
10060, 0.0, -0.10000000000000142
10061, 0.0, -0.10000000000000142
10062, 0.0, -0.1999999999999993
10063, 0.0, -0.10000000000000142
10064, 0.0, 0.0
10065, 0.0, -0.1999999999999993
10066, 0.0, -0.10000000000000142
10067, 0.0, -0.1999999999999993
10068, 0.0, -0.10000000000000142
10069, 0.0, -0.10000000000000142
10070, 0.0, -0.10000000000000142
10071, 0.0, -0.10000000000000142
10072, 0.0, -0.10000000000000142
10073, 0.0, 0.0
10074, 0.0, -0.1999999999999993
10075, 0.0, -0.10000000000000142
10076, 0.0, -0.10000000000000142
10077, -0.10000000000000142, 0.0
10078, -0.1999999999999993, -0.10000000000000142
10079, -0.1999999999999993, -0.10000000000000142
10080, -0.1999999999999993, -0.10000000000000142
10081, -0.1999999999999993, 0.0
10082, -0.1999999999999993, -0.10000000000000142
10083, -0.1999999999999993, -0.10000000000000142
10084, -0.1999999999999993, -0.10000000000000142
10085, -0.1999999999999993, 0.0
10086, -0.1999999999999993, -0.10000000000000142
10087, -0.1999999999999993, -0.10000000000000142
10088, -0.1999999999999993, -0.10000000000000142
10089, -0.1999999999999993, -0.10000000000000142
10090, -0.1999999999999993, -0.10000000000000142
10091, -0.1999999999999993, -0.10000000000000142
10092, -0.1999999999999993, 0.0
10093, -0.1999999999999993, 0.0
10094, -0.1999999999999993, 0.0
10095, -0.1999999999999993, -0.10000000000000142
10096, -0.1999999999999993, -0.10000000000000142
10097, -0.1999999999999993, 0.0
10098, -0.1999999999999993, 0.0
10099, -0.1999999999999993, -0.10000000000000142
10100, -0.1999999999999993, -0.10000000000000142
10101, -0.3000000000000007, 0.0
10102, -0.1999999999999993, 0.0
10103, -0.1999999999999993, -0.10000000000000142
10104, -0.1999999999999993, -0.10000000000000142
10105, -0.1999999999999993, -0.10000000000000142
10106, -0.1999999999999993, 0.0
10107, -0.1999999999999993, -0.10000000000000142
10108, -0.1999999999999993, 0.0
10109, -0.1999999999999993, -0.10000000000000142
10110, -0.10000000000000142, -0.10000000000000142
10111, -0.10000000000000142, 0.0
10112, -0.10000000000000142, -0.10000000000000142
10113, -0.10000000000000142, -0.10000000000000142
10114, -0.10000000000000142, -0.10000000000000142
10115, -0.10000000000000142, -0.10000000000000142
10116, -0.10000000000000142, -0.10000000000000142
10117, -0.10000000000000142, 0.0
10118, -0.10000000000000142, -0.10000000000000142
10119, -0.10000000000000142, -0.1999999999999993
10120, -0.10000000000000142, -0.10000000000000142
10121, -0.10000000000000142, -0.10000000000000142
10122, -0.10000000000000142, -0.10000000000000142
10123, -0.10000000000000142, -0.10000000000000142
10124, -0.10000000000000142, -0.10000000000000142
10125, -0.10000000000000142, -0.10000000000000142
10126, -0.10000000000000142, -0.1999999999999993
10127, -0.1999999999999993, -0.1999999999999993
10128, -0.1999999999999993, -0.1999999999999993
10129, -0.1999999999999993, -0.1999999999999993
10130, -0.1999999999999993, -0.10000000000000142
10131, -0.1999999999999993, -0.10000000000000142
10132, -0.1999999999999993, -0.1999999999999993
10133, -0.1999999999999993, -0.1999999999999993
10134, -0.1999999999999993, -0.3000000000000007
10135, -0.10000000000000142, -0.3000000000000007
10136, -0.10000000000000142, -0.3000000000000007
10137, -0.10000000000000142, -0.3000000000000007
10138, -0.10000000000000142, -0.3000000000000007
10139, -0.10000000000000142, -0.3000000000000007
10140, -0.10000000000000142, -0.3000000000000007
10141, -0.10000000000000142, -0.3000000000000007
10142, -0.10000000000000142, -0.3000000000000007
10143, -0.10000000000000142, -0.3000000000000007
10144, -0.10000000000000142, -0.3000000000000007
10145, -0.10000000000000142, -0.3000000000000007
10146, -0.10000000000000142, -0.3999999999999986
10147, -0.10000000000000142, -0.3999999999999986
10148, -0.10000000000000142, -0.3999999999999986
10149, -0.10000000000000142, -0.3999999999999986
10150, -0.10000000000000142, -0.3999999999999986
10151, -0.10000000000000142, -0.5
10152, -0.10000000000000142, -0.3999999999999986
10153, -0.10000000000000142, -0.3999999999999986
10154, 0.0, -0.3999999999999986
10155, 0.0, -0.5
10156, 0.0, -0.3999999999999986
10157, 0.0, -0.3999999999999986
10158, 0.0, -0.5
10159, 0.0, -0.3999999999999986
10160, 0.0, -0.3999999999999986
10161, 0.0, -0.5
10162, 0.0, -0.5
10163, 0.0, -0.5
10164, 0.0, -0.5
10165, 0.0, -0.3999999999999986
10166, 0.0, -0.6000000000000014
10167, 0.0, -0.5
10168, 0.0, -0.5
10169, 0.0, -0.5
10170, 0.0, -0.5
10171, 0.0, -0.5
10172, 0.0, -0.3999999999999986
10173, 0.0, -0.3000000000000007
10174, 0.0, -0.5
10175, 0.10000000000000142, -0.3999999999999986
10176, 0.10000000000000142, -0.5
10177, 0.10000000000000142, -0.3999999999999986
10178, 0.10000000000000142, -0.3000000000000007
10179, 0.10000000000000142, -0.3999999999999986
10180, 0.10000000000000142, -0.3000000000000007
10181, 0.10000000000000142, -0.3000000000000007
10182, 0.10000000000000142, -0.3000000000000007
10183, 0.10000000000000142, -0.3000000000000007
10184, 0.10000000000000142, -0.1999999999999993
10185, 0.10000000000000142, -0.1999999999999993
10186, 0.10000000000000142, -0.3000000000000007
10187, 0.10000000000000142, -0.1999999999999993
10188, 0.10000000000000142, -0.1999999999999993
10189, 0.10000000000000142, -0.10000000000000142
10190, 0.10000000000000142, -0.10000000000000142
10191, 0.10000000000000142, -0.10000000000000142
10192, 0.10000000000000142, 0.0
10193, 0.10000000000000142, 0.0
10194, 0.10000000000000142, -0.10000000000000142
10195, 0.10000000000000142, -0.10000000000000142
10196, 0.10000000000000142, 0.0
10197, 0.10000000000000142, 0.0
10198, 0.10000000000000142, -0.10000000000000142
10199, 0.10000000000000142, -0.10000000000000142
10200, 0.10000000000000142, -0.1999999999999993
10201, 0.10000000000000142, -0.10000000000000142
10202, 0.10000000000000142, -0.10000000000000142
10203, 0.10000000000000142, -0.10000000000000142
10204, 0.10000000000000142, -0.10000000000000142
10205, 0.10000000000000142, -0.10000000000000142
10206, 0.10000000000000142, -0.1999999999999993
10207, 0.10000000000000142, -0.10000000000000142
10208, 0.10000000000000142, -0.1999999999999993
10209, 0.10000000000000142, -0.1999999999999993
10210, 0.10000000000000142, -0.1999999999999993
10211, 0.10000000000000142, -0.3000000000000007
10212, 0.0, -0.3000000000000007
10213, 0.0, -0.3000000000000007
10214, 0.0, -0.3000000000000007
10215, 0.0, -0.5
10216, 0.0, -0.3999999999999986
10217, 0.0, -0.3999999999999986
10218, 0.0, -0.5
10219, 0.0, -0.5
10220, 0.0, -0.5
10221, 0.0, -0.6000000000000014
10222, 0.0, -0.6000000000000014
10223, -0.10000000000000142, -0.6000000000000014
10224, -0.10000000000000142, -0.6000000000000014
10225, -0.10000000000000142, -0.6000000000000014
10226, -0.10000000000000142, -0.6000000000000014
10227, -0.10000000000000142, -0.6000000000000014
10228, -0.10000000000000142, -0.5
10229, -0.10000000000000142, -0.6000000000000014
10230, -0.10000000000000142, -0.6000000000000014
10231, -0.10000000000000142, -0.6999999999999993
10232, -0.10000000000000142, -0.6999999999999993
10233, 0.0, -0.6999999999999993
10234, 0.0, -0.6999999999999993
10235, 0.0, -0.6999999999999993
10236, 0.0, -0.6999999999999993
10237, 0.0, -0.6999999999999993
10238, 0.0, -0.6999999999999993
10239, 0.0, -0.6999999999999993
10240, 0.0, -0.6999999999999993
10241, 0.0, -0.6999999999999993
10242, 0.0, -0.6000000000000014
10243, 0.0, -0.8000000000000007
10244, 0.0, -0.6999999999999993
10245, 0.0, -0.6000000000000014
10246, 0.0, -0.6999999999999993
10247, 0.0, -0.6000000000000014
10248, 0.0, -0.5
10249, 0.0, -0.6000000000000014
10250, 0.0, -0.5
10251, 0.0, -0.5
10252, 0.0, -0.3999999999999986
10253, 0.0, -0.5
10254, 0.0, -0.3999999999999986
10255, 0.0, -0.3000000000000007
10256, 0.0, -0.3000000000000007
10257, 0.0, -0.3000000000000007
10258, 0.0, -0.1999999999999993
10259, 0.0, -0.1999999999999993
10260, 0.0, -0.1999999999999993
10261, 0.0, -0.1999999999999993
10262, 0.0, -0.1999999999999993
10263, 0.0, -0.10000000000000142
10264, 0.0, -0.1999999999999993
10265, 0.0, -0.10000000000000142
10266, 0.0, -0.10000000000000142
10267, 0.0, 0.0
10268, 0.0, -0.10000000000000142
10269, 0.0, 0.0
10270, 0.0, -0.10000000000000142
10271, 0.0, 0.0
10272, 0.0, 0.0
10273, 0.0, 0.10000000000000142
10274, 0.0, 0.10000000000000142
10275, 0.0, 0.10000000000000142
10276, 0.0, 0.10000000000000142
10277, 0.0, 0.10000000000000142
10278, 0.0, 0.10000000000000142
10279, -0.10000000000000142, 0.1999999999999993
10280, -0.10000000000000142, 0.10000000000000142
10281, -0.10000000000000142, 0.10000000000000142
10282, -0.10000000000000142, 0.1999999999999993
10283, -0.10000000000000142, 0.10000000000000142
10284, -0.10000000000000142, 0.10000000000000142
10285, -0.10000000000000142, 0.10000000000000142
10286, -0.10000000000000142, 0.1999999999999993
10287, -0.10000000000000142, 0.10000000000000142
10288, -0.10000000000000142, 0.0
10289, -0.10000000000000142, 0.0
10290, -0.10000000000000142, 0.0
10291, -0.10000000000000142, 0.0
10292, -0.10000000000000142, 0.0
10293, -0.10000000000000142, 0.0
10294, -0.10000000000000142, 0.0
10295, -0.10000000000000142, 0.0
10296, -0.10000000000000142, 0.0
10297, -0.10000000000000142, -0.10000000000000142
10298, -0.10000000000000142, -0.10000000000000142
10299, -0.10000000000000142, -0.10000000000000142
10300, -0.10000000000000142, -0.1999999999999993
10301, -0.10000000000000142, -0.10000000000000142
10302, -0.10000000000000142, -0.10000000000000142
10303, -0.10000000000000142, -0.3000000000000007
10304, -0.10000000000000142, -0.1999999999999993
10305, -0.10000000000000142, -0.1999999999999993
10306, -0.10000000000000142, -0.1999999999999993
10307, 0.0, -0.3000000000000007
10308, 0.0, -0.1999999999999993
10309, 0.0, -0.3000000000000007
10310, 0.0, -0.1999999999999993
10311, 0.0, -0.3000000000000007
10312, 0.0, -0.1999999999999993
10313, 0.0, -0.3000000000000007
10314, 0.0, -0.1999999999999993
10315, 0.0, -0.3000000000000007
10316, 0.0, -0.3000000000000007
10317, 0.0, -0.3000000000000007
10318, 0.0, -0.3000000000000007
10319, 0.0, -0.3000000000000007
10320, 0.0, -0.3000000000000007
10321, 0.0, -0.3000000000000007
10322, 0.0, -0.3000000000000007
10323, 0.0, -0.1999999999999993
10324, 0.0, -0.1999999999999993
10325, 0.0, -0.1999999999999993
10326, 0.0, -0.1999999999999993
10327, 0.0, -0.1999999999999993
10328, 0.0, -0.1999999999999993
10329, 0.0, -0.1999999999999993
10330, 0.0, -0.1999999999999993
10331, 0.0, -0.1999999999999993
10332, 0.0, -0.1999999999999993
10333, 0.0, -0.1999999999999993
10334, 0.0, -0.3000000000000007
10335, 0.0, -0.1999999999999993
10336, -0.10000000000000142, -0.3000000000000007
10337, -0.10000000000000142, -0.1999999999999993
10338, -0.10000000000000142, -0.1999999999999993
10339, -0.10000000000000142, -0.1999999999999993
10340, -0.10000000000000142, -0.1999999999999993
10341, 0.0, -0.1999999999999993
10342, 0.0, -0.1999999999999993
10343, 0.0, -0.10000000000000142
10344, 0.0, -0.1999999999999993
10345, 0.0, -0.1999999999999993
10346, 0.0, -0.1999999999999993
10347, 0.0, -0.1999999999999993
10348, 0.0, -0.1999999999999993
10349, 0.0, -0.1999999999999993
10350, 0.0, -0.1999999999999993
10351, 0.0, -0.1999999999999993
10352, -0.10000000000000142, -0.1999999999999993
10353, -0.10000000000000142, -0.1999999999999993
10354, -0.10000000000000142, -0.1999999999999993
10355, -0.10000000000000142, -0.1999999999999993
10356, -0.10000000000000142, -0.1999999999999993
10357, -0.10000000000000142, -0.1999999999999993
10358, -0.10000000000000142, -0.1999999999999993
10359, -0.10000000000000142, -0.1999999999999993
10360, -0.10000000000000142, -0.1999999999999993
10361, -0.10000000000000142, -0.3000000000000007
10362, -0.10000000000000142, -0.1999999999999993
10363, -0.10000000000000142, -0.1999999999999993
10364, -0.10000000000000142, -0.1999999999999993
10365, -0.10000000000000142, -0.1999999999999993
10366, -0.10000000000000142, -0.1999999999999993
10367, -0.10000000000000142, -0.3000000000000007
10368, -0.10000000000000142, -0.1999999999999993
10369, -0.10000000000000142, -0.1999999999999993
10370, -0.10000000000000142, -0.3000000000000007
10371, 0.0, -0.3000000000000007
10372, 0.0, -0.3000000000000007
10373, 0.0, -0.1999999999999993
10374, 0.0, -0.1999999999999993
10375, 0.0, -0.1999999999999993
10376, 0.0, -0.1999999999999993
10377, 0.0, -0.1999999999999993
10378, 0.0, -0.1999999999999993
10379, 0.0, -0.10000000000000142
10380, 0.0, -0.1999999999999993
10381, 0.0, -0.1999999999999993
10382, 0.0, -0.1999999999999993
10383, 0.0, -0.1999999999999993
10384, 0.0, -0.10000000000000142
10385, 0.0, -0.10000000000000142
10386, 0.0, -0.10000000000000142
10387, 0.0, -0.10000000000000142
10388, 0.0, -0.1999999999999993
10389, 0.10000000000000142, -0.10000000000000142
10390, 0.10000000000000142, -0.10000000000000142
10391, 0.10000000000000142, -0.10000000000000142
10392, 0.10000000000000142, -0.10000000000000142
10393, 0.10000000000000142, -0.10000000000000142
10394, 0.10000000000000142, -0.10000000000000142
10395, 0.10000000000000142, -0.10000000000000142
10396, 0.10000000000000142, -0.1999999999999993
10397, 0.10000000000000142, -0.1999999999999993
10398, 0.10000000000000142, -0.1999999999999993
10399, 0.10000000000000142, -0.1999999999999993
10400, 0.10000000000000142, -0.10000000000000142
10401, 0.10000000000000142, 0.0
10402, 0.10000000000000142, 0.0
10403, 0.10000000000000142, 0.0
10404, 0.10000000000000142, -0.10000000000000142
10405, 0.10000000000000142, -0.10000000000000142
10406, 0.10000000000000142, 0.0
10407, 0.10000000000000142, 0.0
10408, 0.10000000000000142, 0.0
10409, 0.10000000000000142, 0.0
10410, 0.10000000000000142, -0.10000000000000142
10411, 0.10000000000000142, -0.10000000000000142
10412, 0.10000000000000142, 0.0
10413, 0.10000000000000142, 0.0
10414, 0.0, 0.0
10415, 0.0, 0.0
10416, 0.0, -0.10000000000000142
10417, 0.0, -0.10000000000000142
10418, 0.0, -0.10000000000000142
10419, 0.0, -0.10000000000000142
10420, 0.0, -0.10000000000000142
10421, 0.0, 0.0
10422, 0.0, -0.10000000000000142
10423, 0.0, -0.10000000000000142
10424, 0.0, -0.10000000000000142
10425, 0.0, 0.0
10426, 0.0, -0.10000000000000142
10427, 0.0, -0.10000000000000142
10428, 0.0, -0.10000000000000142
10429, 0.0, 0.0
10430, 0.0, 0.0
10431, 0.0, 0.0
10432, 0.0, 0.0
10433, 0.0, 0.0
10434, 0.0, 0.0
10435, 0.0, 0.0
10436, 0.0, 0.10000000000000142
10437, 0.0, 0.0
10438, 0.0, 0.0
10439, 0.0, 0.10000000000000142
10440, 0.0, 0.10000000000000142
10441, 0.0, 0.0
10442, -0.10000000000000142, 0.0
10443, -0.10000000000000142, 0.10000000000000142
10444, -0.10000000000000142, 0.10000000000000142
10445, -0.10000000000000142, 0.10000000000000142
10446, -0.10000000000000142, 0.0
10447, -0.10000000000000142, 0.1999999999999993
10448, -0.10000000000000142, 0.1999999999999993
10449, -0.10000000000000142, 0.1999999999999993
10450, -0.10000000000000142, 0.1999999999999993
10451, -0.10000000000000142, 0.1999999999999993
10452, -0.10000000000000142, 0.1999999999999993
10453, -0.10000000000000142, 0.1999999999999993
10454, -0.10000000000000142, 0.1999999999999993
10455, -0.10000000000000142, 0.1999999999999993
10456, -0.10000000000000142, 0.1999999999999993
10457, -0.10000000000000142, 0.3000000000000007
10458, -0.10000000000000142, 0.1999999999999993
10459, -0.10000000000000142, 0.1999999999999993
10460, -0.10000000000000142, 0.3000000000000007
10461, -0.10000000000000142, 0.3000000000000007
10462, -0.10000000000000142, 0.3000000000000007
10463, -0.10000000000000142, 0.3000000000000007
10464, -0.10000000000000142, 0.1999999999999993
10465, -0.10000000000000142, 0.1999999999999993
10466, -0.10000000000000142, 0.1999999999999993
10467, -0.10000000000000142, 0.1999999999999993
10468, -0.10000000000000142, 0.1999999999999993
10469, -0.10000000000000142, 0.3000000000000007
10470, -0.10000000000000142, 0.1999999999999993
10471, -0.1999999999999993, 0.1999999999999993
10472, -0.1999999999999993, 0.1999999999999993
10473, -0.1999999999999993, 0.1999999999999993
10474, -0.1999999999999993, 0.1999999999999993
10475, -0.1999999999999993, 0.10000000000000142
10476, -0.1999999999999993, 0.10000000000000142
10477, -0.1999999999999993, 0.10000000000000142
10478, -0.1999999999999993, 0.10000000000000142
10479, -0.1999999999999993, 0.10000000000000142
10480, -0.1999999999999993, 0.0
10481, -0.1999999999999993, 0.0
10482, -0.1999999999999993, 0.10000000000000142
10483, -0.1999999999999993, 0.10000000000000142
10484, -0.1999999999999993, 0.0
10485, -0.1999999999999993, 0.0
10486, -0.10000000000000142, 0.0
10487, -0.10000000000000142, 0.0
10488, -0.10000000000000142, 0.0
10489, -0.10000000000000142, 0.0
10490, -0.10000000000000142, 0.0
10491, -0.10000000000000142, 0.0
10492, -0.10000000000000142, 0.0
10493, -0.10000000000000142, 0.0
10494, -0.10000000000000142, 0.0
10495, 0.0, 0.0
10496, 0.0, 0.0
10497, -0.10000000000000142, 0.0
10498, -0.10000000000000142, 0.0
10499, -0.10000000000000142, -0.10000000000000142
10500, -0.10000000000000142, -0.10000000000000142
10501, -0.10000000000000142, -0.10000000000000142
10502, -0.10000000000000142, -0.10000000000000142
10503, -0.10000000000000142, 0.0
10504, -0.10000000000000142, -0.10000000000000142
10505, -0.10000000000000142, 0.0
10506, -0.10000000000000142, -0.10000000000000142
10507, -0.10000000000000142, -0.10000000000000142
10508, -0.10000000000000142, -0.1999999999999993
10509, -0.10000000000000142, 0.0
10510, -0.10000000000000142, -0.10000000000000142
10511, -0.10000000000000142, -0.10000000000000142
10512, -0.10000000000000142, -0.10000000000000142
10513, -0.10000000000000142, -0.10000000000000142
10514, -0.10000000000000142, -0.1999999999999993
10515, -0.10000000000000142, 0.0
10516, -0.1999999999999993, -0.10000000000000142
10517, -0.1999999999999993, -0.10000000000000142
10518, -0.1999999999999993, -0.10000000000000142
10519, -0.1999999999999993, -0.10000000000000142
10520, -0.1999999999999993, -0.1999999999999993
10521, -0.1999999999999993, -0.1999999999999993
10522, -0.1999999999999993, -0.10000000000000142
10523, -0.1999999999999993, -0.10000000000000142
10524, -0.1999999999999993, -0.10000000000000142
10525, -0.1999999999999993, -0.1999999999999993
10526, -0.1999999999999993, -0.10000000000000142
10527, -0.1999999999999993, -0.1999999999999993
10528, -0.1999999999999993, -0.10000000000000142
10529, -0.1999999999999993, -0.1999999999999993
10530, -0.1999999999999993, -0.10000000000000142
10531, -0.1999999999999993, -0.10000000000000142
10532, -0.1999999999999993, -0.10000000000000142
10533, -0.1999999999999993, -0.10000000000000142
10534, -0.1999999999999993, -0.10000000000000142
10535, -0.1999999999999993, -0.10000000000000142
10536, -0.1999999999999993, -0.1999999999999993
10537, -0.1999999999999993, -0.10000000000000142
10538, -0.1999999999999993, -0.1999999999999993
10539, -0.1999999999999993, -0.10000000000000142
10540, -0.1999999999999993, -0.1999999999999993
10541, -0.1999999999999993, 0.0
10542, -0.1999999999999993, -0.10000000000000142
10543, -0.1999999999999993, 0.0
10544, -0.1999999999999993, -0.10000000000000142
10545, -0.3000000000000007, 0.0
10546, -0.3000000000000007, 0.0
10547, -0.3000000000000007, 0.0
10548, -0.3000000000000007, 0.0
10549, -0.3000000000000007, 0.0
10550, -0.3000000000000007, 0.0
10551, -0.3000000000000007, 0.0
10552, -0.3000000000000007, 0.0
10553, -0.3000000000000007, 0.10000000000000142
10554, -0.3000000000000007, 0.10000000000000142
10555, -0.3000000000000007, 0.10000000000000142
10556, -0.3000000000000007, 0.10000000000000142
10557, -0.3000000000000007, 0.10000000000000142
10558, -0.3000000000000007, 0.10000000000000142
10559, -0.3000000000000007, 0.10000000000000142
10560, -0.3000000000000007, 0.10000000000000142
10561, -0.3000000000000007, 0.10000000000000142
10562, -0.3000000000000007, 0.10000000000000142
10563, -0.3000000000000007, 0.10000000000000142
10564, -0.3000000000000007, 0.10000000000000142
10565, -0.3000000000000007, 0.10000000000000142
10566, -0.3000000000000007, 0.10000000000000142
10567, -0.3000000000000007, 0.1999999999999993
10568, -0.3000000000000007, 0.10000000000000142
10569, -0.3000000000000007, 0.1999999999999993
10570, -0.3000000000000007, 0.1999999999999993
10571, -0.3000000000000007, 0.10000000000000142
10572, -0.3000000000000007, 0.1999999999999993
10573, -0.3000000000000007, 0.10000000000000142
10574, -0.3000000000000007, 0.1999999999999993
10575, -0.3000000000000007, 0.10000000000000142
10576, -0.3000000000000007, 0.10000000000000142
10577, -0.3000000000000007, 0.1999999999999993
10578, -0.3000000000000007, 0.1999999999999993
10579, -0.3000000000000007, 0.3000000000000007
10580, -0.3000000000000007, 0.1999999999999993
10581, -0.3000000000000007, 0.1999999999999993
10582, -0.3000000000000007, 0.3000000000000007
10583, -0.3000000000000007, 0.1999999999999993
10584, -0.3000000000000007, 0.3000000000000007
10585, -0.3000000000000007, 0.1999999999999993
10586, -0.3000000000000007, 0.1999999999999993
10587, -0.3000000000000007, 0.1999999999999993
10588, -0.3000000000000007, 0.1999999999999993
10589, -0.3000000000000007, 0.3000000000000007
10590, -0.3000000000000007, 0.1999999999999993
10591, -0.3000000000000007, 0.3000000000000007
10592, -0.3000000000000007, 0.3000000000000007
10593, -0.3000000000000007, 0.3000000000000007
10594, -0.3000000000000007, 0.3000000000000007
10595, -0.3000000000000007, 0.3000000000000007
10596, -0.3000000000000007, 0.3000000000000007
10597, -0.3000000000000007, 0.3000000000000007
10598, -0.3000000000000007, 0.3000000000000007
10599, -0.3000000000000007, 0.3000000000000007
10600, -0.1999999999999993, 0.3000000000000007
10601, -0.1999999999999993, 0.3000000000000007
10602, -0.1999999999999993, 0.3000000000000007
10603, -0.1999999999999993, 0.3000000000000007
10604, -0.1999999999999993, 0.3000000000000007
10605, -0.1999999999999993, 0.3000000000000007
10606, -0.1999999999999993, 0.1999999999999993
10607, -0.1999999999999993, 0.1999999999999993
10608, -0.1999999999999993, 0.1999999999999993
10609, -0.1999999999999993, 0.1999999999999993
10610, -0.1999999999999993, 0.1999999999999993
10611, -0.1999999999999993, 0.1999999999999993
10612, -0.1999999999999993, 0.1999999999999993
10613, -0.1999999999999993, 0.1999999999999993
10614, -0.1999999999999993, 0.10000000000000142
10615, -0.1999999999999993, 0.1999999999999993
10616, -0.1999999999999993, 0.10000000000000142
10617, -0.1999999999999993, 0.10000000000000142
10618, -0.1999999999999993, 0.10000000000000142
10619, -0.1999999999999993, 0.10000000000000142
10620, -0.1999999999999993, 0.0
10621, -0.1999999999999993, 0.0
10622, -0.1999999999999993, 0.0
10623, -0.1999999999999993, -0.10000000000000142
10624, -0.1999999999999993, -0.10000000000000142
10625, -0.1999999999999993, 0.0
10626, -0.1999999999999993, -0.10000000000000142
10627, -0.1999999999999993, -0.10000000000000142
10628, -0.1999999999999993, -0.10000000000000142
10629, -0.1999999999999993, -0.10000000000000142
10630, -0.1999999999999993, -0.10000000000000142
10631, -0.3000000000000007, -0.10000000000000142
10632, -0.3000000000000007, -0.1999999999999993
10633, -0.3000000000000007, -0.1999999999999993
10634, -0.3000000000000007, -0.1999999999999993
10635, -0.1999999999999993, -0.1999999999999993
10636, -0.1999999999999993, -0.1999999999999993
10637, -0.1999999999999993, -0.1999999999999993
10638, -0.1999999999999993, -0.3000000000000007
10639, -0.1999999999999993, -0.3000000000000007
10640, -0.1999999999999993, -0.3000000000000007
10641, -0.1999999999999993, -0.3000000000000007
10642, -0.1999999999999993, -0.3000000000000007
10643, -0.1999999999999993, -0.3000000000000007
10644, -0.1999999999999993, -0.3000000000000007
10645, -0.1999999999999993, -0.3000000000000007
10646, -0.1999999999999993, -0.3999999999999986
10647, -0.1999999999999993, -0.3999999999999986
10648, -0.1999999999999993, -0.3999999999999986
10649, -0.1999999999999993, -0.3000000000000007
10650, -0.1999999999999993, -0.3999999999999986
10651, -0.1999999999999993, -0.3999999999999986
10652, -0.1999999999999993, -0.3999999999999986
10653, -0.1999999999999993, -0.3000000000000007
10654, -0.1999999999999993, -0.3000000000000007
10655, -0.1999999999999993, -0.3000000000000007
10656, -0.1999999999999993, -0.3000000000000007
10657, -0.1999999999999993, -0.3000000000000007
10658, -0.10000000000000142, -0.1999999999999993
10659, -0.10000000000000142, -0.3000000000000007
10660, -0.10000000000000142, -0.3000000000000007
10661, -0.10000000000000142, -0.1999999999999993
10662, -0.10000000000000142, -0.3000000000000007
10663, -0.10000000000000142, -0.1999999999999993
10664, -0.10000000000000142, -0.10000000000000142
10665, -0.10000000000000142, -0.10000000000000142
10666, -0.10000000000000142, -0.10000000000000142
10667, -0.10000000000000142, -0.1999999999999993
10668, -0.10000000000000142, 0.0
10669, -0.10000000000000142, 0.0
10670, -0.10000000000000142, -0.10000000000000142
10671, -0.10000000000000142, -0.10000000000000142
10672, -0.1999999999999993, 0.0
10673, -0.1999999999999993, 0.0
10674, -0.1999999999999993, 0.0
10675, -0.1999999999999993, 0.0
10676, -0.10000000000000142, 0.0
10677, -0.10000000000000142, 0.0
10678, -0.10000000000000142, 0.0
10679, -0.10000000000000142, 0.0
10680, -0.10000000000000142, 0.0
10681, -0.10000000000000142, 0.0
10682, -0.10000000000000142, -0.10000000000000142
10683, -0.10000000000000142, 0.10000000000000142
10684, -0.10000000000000142, 0.10000000000000142
10685, -0.10000000000000142, 0.0
10686, -0.10000000000000142, 0.0
10687, -0.10000000000000142, 0.10000000000000142
10688, -0.10000000000000142, 0.0
10689, -0.10000000000000142, 0.0
10690, -0.10000000000000142, 0.0
10691, -0.10000000000000142, 0.0
10692, -0.10000000000000142, 0.0
10693, -0.10000000000000142, 0.0
10694, -0.10000000000000142, -0.10000000000000142
10695, -0.10000000000000142, 0.0
10696, -0.10000000000000142, 0.0
10697, -0.10000000000000142, -0.10000000000000142
10698, -0.10000000000000142, -0.10000000000000142
10699, -0.10000000000000142, -0.10000000000000142
10700, -0.10000000000000142, -0.10000000000000142
10701, -0.10000000000000142, -0.1999999999999993
10702, -0.10000000000000142, -0.10000000000000142
10703, -0.10000000000000142, -0.1999999999999993
10704, -0.10000000000000142, -0.10000000000000142
10705, -0.10000000000000142, -0.1999999999999993
10706, -0.10000000000000142, -0.3000000000000007
10707, 0.10000000000000142, -0.3000000000000007
10708, 0.10000000000000142, -0.3999999999999986
10709, 0.10000000000000142, -0.1999999999999993
10710, 0.10000000000000142, -0.3000000000000007
10711, 0.10000000000000142, -0.3000000000000007
10712, 0.10000000000000142, -0.3999999999999986
10713, 0.10000000000000142, -0.3999999999999986
10714, 0.10000000000000142, -0.3999999999999986
10715, 0.10000000000000142, -0.3999999999999986
10716, 0.10000000000000142, -0.3999999999999986
10717, 0.10000000000000142, -0.5
10718, 0.10000000000000142, -0.5
10719, 0.10000000000000142, -0.5
10720, 0.10000000000000142, -0.5
10721, 0.10000000000000142, -0.3999999999999986
10722, 0.10000000000000142, -0.5
10723, 0.10000000000000142, -0.3999999999999986
10724, 0.10000000000000142, -0.5
10725, 0.10000000000000142, -0.3999999999999986
10726, 0.10000000000000142, -0.5
10727, 0.10000000000000142, -0.3999999999999986
10728, 0.0, -0.5
10729, 0.0, -0.3999999999999986
10730, 0.0, -0.3999999999999986
10731, 0.0, -0.3999999999999986
10732, 0.0, -0.5
10733, 0.0, -0.3999999999999986
10734, 0.0, -0.3999999999999986
10735, 0.0, -0.3999999999999986
10736, 0.0, -0.3000000000000007
10737, 0.0, -0.3000000000000007
10738, 0.0, -0.3000000000000007
10739, 0.0, -0.3000000000000007
10740, 0.0, -0.3000000000000007
10741, 0.0, -0.1999999999999993
10742, 0.0, -0.1999999999999993
10743, 0.0, -0.1999999999999993
10744, 0.0, -0.1999999999999993
10745, 0.0, -0.1999999999999993
10746, 0.0, -0.1999999999999993
10747, 0.0, -0.10000000000000142
10748, 0.0, -0.10000000000000142
10749, 0.0, -0.10000000000000142
10750, 0.0, -0.1999999999999993
10751, 0.0, -0.10000000000000142
10752, 0.0, 0.0
10753, 0.0, 0.0
10754, 0.0, 0.0
10755, 0.0, -0.10000000000000142
10756, 0.0, 0.0
10757, 0.0, -0.10000000000000142
10758, 0.0, 0.0
10759, 0.0, 0.0
10760, 0.0, 0.10000000000000142
10761, 0.0, -0.10000000000000142
10762, 0.0, 0.0
10763, 0.0, 0.0
10764, 0.0, 0.0
10765, 0.0, 0.0
10766, 0.0, 0.0
10767, 0.0, -0.10000000000000142
10768, 0.0, -0.10000000000000142
10769, 0.0, 0.0
10770, 0.0, 0.0
10771, 0.0, -0.10000000000000142
10772, 0.0, 0.0
10773, 0.0, 0.0
10774, 0.0, -0.10000000000000142
10775, 0.0, 0.0
10776, 0.0, -0.10000000000000142
10777, 0.0, -0.1999999999999993
10778, 0.0, -0.10000000000000142
10779, 0.0, -0.10000000000000142
10780, 0.0, -0.1999999999999993
10781, 0.0, -0.10000000000000142
10782, 0.0, -0.10000000000000142
10783, 0.0, -0.1999999999999993
10784, 0.0, -0.10000000000000142
10785, 0.0, -0.10000000000000142
10786, 0.0, -0.1999999999999993
10787, 0.0, -0.1999999999999993
10788, 0.0, -0.10000000000000142
10789, 0.0, -0.1999999999999993
10790, 0.0, -0.1999999999999993
10791, 0.0, -0.1999999999999993
10792, 0.0, -0.1999999999999993
10793, 0.0, -0.1999999999999993
10794, 0.0, -0.1999999999999993
10795, 0.0, -0.3000000000000007
10796, 0.0, -0.3000000000000007
10797, 0.0, -0.10000000000000142
10798, 0.0, -0.1999999999999993
10799, 0.0, -0.1999999999999993
10800, 0.0, -0.1999999999999993
10801, 0.0, -0.3000000000000007
10802, 0.0, -0.3000000000000007
10803, 0.0, -0.1999999999999993
10804, 0.0, -0.3000000000000007
10805, 0.0, -0.1999999999999993
10806, 0.0, -0.1999999999999993
10807, 0.0, -0.1999999999999993
10808, -0.10000000000000142, -0.1999999999999993
10809, -0.10000000000000142, -0.1999999999999993
10810, -0.10000000000000142, -0.1999999999999993
10811, -0.10000000000000142, -0.1999999999999993
10812, -0.10000000000000142, -0.1999999999999993
10813, -0.10000000000000142, -0.1999999999999993
10814, -0.10000000000000142, -0.1999999999999993
10815, -0.10000000000000142, -0.1999999999999993
10816, -0.10000000000000142, -0.1999999999999993
10817, -0.10000000000000142, -0.1999999999999993
10818, -0.10000000000000142, -0.10000000000000142
10819, -0.10000000000000142, -0.1999999999999993
10820, -0.10000000000000142, -0.3000000000000007
10821, -0.10000000000000142, -0.1999999999999993
10822, -0.10000000000000142, -0.1999999999999993
10823, -0.10000000000000142, -0.1999999999999993
10824, -0.10000000000000142, -0.1999999999999993
10825, -0.10000000000000142, -0.1999999999999993
10826, -0.10000000000000142, -0.1999999999999993
10827, -0.10000000000000142, -0.1999999999999993
10828, -0.10000000000000142, -0.10000000000000142
10829, -0.10000000000000142, -0.1999999999999993
10830, -0.10000000000000142, -0.3000000000000007
10831, -0.10000000000000142, -0.1999999999999993
10832, -0.10000000000000142, -0.1999999999999993
10833, 0.0, -0.10000000000000142
10834, 0.0, -0.3000000000000007
10835, 0.0, -0.3000000000000007
10836, 0.0, -0.1999999999999993
10837, 0.0, -0.1999999999999993
10838, 0.0, -0.10000000000000142
10839, 0.0, -0.3000000000000007
10840, 0.0, -0.3000000000000007
10841, 0.0, -0.1999999999999993
10842, 0.0, -0.1999999999999993
10843, -0.10000000000000142, -0.1999999999999993
10844, -0.10000000000000142, -0.1999999999999993
10845, -0.10000000000000142, -0.1999999999999993
10846, -0.10000000000000142, -0.1999999999999993
10847, -0.10000000000000142, -0.1999999999999993
10848, -0.10000000000000142, -0.10000000000000142
10849, -0.10000000000000142, -0.1999999999999993
10850, -0.10000000000000142, -0.1999999999999993
10851, -0.10000000000000142, -0.10000000000000142
10852, -0.10000000000000142, -0.1999999999999993
10853, -0.10000000000000142, -0.1999999999999993
10854, -0.10000000000000142, -0.1999999999999993
10855, -0.10000000000000142, -0.1999999999999993
10856, -0.10000000000000142, -0.1999999999999993
10857, -0.10000000000000142, -0.1999999999999993
10858, -0.10000000000000142, -0.1999999999999993
10859, -0.10000000000000142, -0.10000000000000142
10860, -0.10000000000000142, -0.1999999999999993
10861, -0.10000000000000142, -0.1999999999999993
10862, -0.10000000000000142, -0.1999999999999993
10863, -0.10000000000000142, -0.10000000000000142
10864, -0.10000000000000142, -0.10000000000000142
10865, -0.10000000000000142, -0.10000000000000142
10866, -0.10000000000000142, -0.1999999999999993
10867, -0.10000000000000142, -0.10000000000000142
10868, -0.10000000000000142, -0.10000000000000142
10869, -0.10000000000000142, -0.1999999999999993
10870, -0.10000000000000142, -0.1999999999999993
10871, 0.0, -0.10000000000000142
10872, 0.0, -0.1999999999999993
10873, 0.0, -0.1999999999999993
10874, 0.0, -0.10000000000000142
10875, 0.0, -0.10000000000000142
10876, 0.0, -0.1999999999999993
10877, 0.0, -0.10000000000000142
10878, 0.0, -0.10000000000000142
10879, 0.0, -0.1999999999999993
10880, 0.0, -0.1999999999999993
10881, 0.0, -0.10000000000000142
10882, 0.0, -0.1999999999999993
10883, 0.0, -0.1999999999999993
10884, 0.0, -0.1999999999999993
10885, 0.0, -0.1999999999999993
10886, 0.0, -0.10000000000000142
10887, 0.0, -0.1999999999999993
10888, 0.0, -0.3000000000000007
10889, 0.0, -0.10000000000000142
10890, 0.0, -0.1999999999999993
10891, -0.10000000000000142, -0.1999999999999993
10892, -0.10000000000000142, -0.1999999999999993
10893, -0.10000000000000142, -0.1999999999999993
10894, -0.10000000000000142, -0.1999999999999993
10895, -0.10000000000000142, -0.1999999999999993
10896, -0.10000000000000142, -0.1999999999999993
10897, -0.10000000000000142, -0.3000000000000007
10898, -0.10000000000000142, -0.1999999999999993
10899, -0.10000000000000142, -0.1999999999999993
10900, -0.10000000000000142, -0.1999999999999993
10901, -0.10000000000000142, -0.1999999999999993
10902, -0.10000000000000142, -0.1999999999999993
10903, -0.10000000000000142, -0.3000000000000007
10904, -0.10000000000000142, -0.10000000000000142
10905, -0.10000000000000142, -0.1999999999999993
10906, -0.10000000000000142, -0.1999999999999993
10907, -0.10000000000000142, -0.10000000000000142
10908, -0.10000000000000142, -0.10000000000000142
10909, -0.10000000000000142, -0.10000000000000142
10910, -0.10000000000000142, -0.1999999999999993
10911, -0.10000000000000142, -0.10000000000000142
10912, -0.10000000000000142, -0.10000000000000142
10913, -0.10000000000000142, -0.10000000000000142
10914, -0.10000000000000142, -0.10000000000000142
10915, -0.10000000000000142, -0.1999999999999993
10916, -0.10000000000000142, -0.10000000000000142
10917, -0.10000000000000142, -0.10000000000000142
10918, -0.10000000000000142, -0.10000000000000142
10919, -0.10000000000000142, 0.0
10920, -0.10000000000000142, -0.10000000000000142
10921, -0.10000000000000142, -0.10000000000000142
10922, -0.10000000000000142, 0.0
10923, -0.10000000000000142, -0.10000000000000142
10924, -0.10000000000000142, -0.10000000000000142
10925, -0.10000000000000142, -0.10000000000000142
10926, -0.10000000000000142, 0.0
10927, -0.10000000000000142, 0.0
10928, -0.10000000000000142, 0.0
10929, -0.10000000000000142, 0.0
10930, -0.10000000000000142, -0.10000000000000142
10931, -0.10000000000000142, 0.0
10932, -0.10000000000000142, 0.0
10933, -0.10000000000000142, -0.10000000000000142
10934, -0.10000000000000142, 0.0
10935, -0.10000000000000142, -0.1999999999999993
10936, -0.10000000000000142, -0.1999999999999993
10937, -0.10000000000000142, -0.1999999999999993
10938, -0.10000000000000142, -0.1999999999999993
10939, -0.10000000000000142, -0.1999999999999993
10940, -0.10000000000000142, -0.10000000000000142
10941, -0.10000000000000142, -0.10000000000000142
10942, -0.10000000000000142, -0.10000000000000142
10943, -0.10000000000000142, -0.10000000000000142
10944, -0.10000000000000142, -0.1999999999999993
10945, -0.10000000000000142, -0.1999999999999993
10946, -0.10000000000000142, -0.1999999999999993
10947, 0.0, -0.3000000000000007
10948, 0.0, -0.1999999999999993
10949, 0.0, -0.3000000000000007
10950, 0.0, -0.3000000000000007
10951, 0.0, -0.1999999999999993
10952, 0.0, -0.3999999999999986
10953, 0.0, -0.3999999999999986
10954, 0.0, -0.3000000000000007
10955, 0.0, -0.3999999999999986
10956, 0.0, -0.3999999999999986
10957, 0.0, -0.3999999999999986
10958, 0.0, -0.3999999999999986
10959, 0.0, -0.3999999999999986
10960, 0.0, -0.3999999999999986
10961, -0.10000000000000142, -0.3999999999999986
10962, -0.10000000000000142, -0.3999999999999986
10963, -0.10000000000000142, -0.5
10964, -0.10000000000000142, -0.5
10965, -0.10000000000000142, -0.5
10966, -0.10000000000000142, -0.5
10967, -0.10000000000000142, -0.5
10968, -0.10000000000000142, -0.5
10969, -0.10000000000000142, -0.5
10970, -0.10000000000000142, -0.3999999999999986
10971, -0.10000000000000142, -0.3999999999999986
10972, -0.10000000000000142, -0.5
10973, -0.10000000000000142, -0.5
10974, -0.10000000000000142, -0.5
10975, -0.10000000000000142, -0.5
10976, -0.10000000000000142, -0.5
10977, -0.10000000000000142, -0.5
10978, -0.1999999999999993, -0.5
10979, -0.1999999999999993, -0.3999999999999986
10980, -0.1999999999999993, -0.3999999999999986
10981, -0.1999999999999993, -0.3999999999999986
10982, -0.1999999999999993, -0.3999999999999986
10983, -0.1999999999999993, -0.3000000000000007
10984, -0.1999999999999993, -0.3000000000000007
10985, -0.1999999999999993, -0.3000000000000007
10986, -0.1999999999999993, -0.3999999999999986
10987, -0.1999999999999993, -0.3000000000000007
10988, -0.1999999999999993, -0.3000000000000007
10989, -0.1999999999999993, -0.3000000000000007
10990, -0.1999999999999993, -0.1999999999999993
10991, -0.3000000000000007, -0.1999999999999993
10992, -0.3000000000000007, -0.3000000000000007
10993, -0.3000000000000007, -0.1999999999999993
10994, -0.3000000000000007, -0.1999999999999993
10995, -0.3000000000000007, -0.1999999999999993
10996, -0.3000000000000007, -0.1999999999999993
10997, -0.3000000000000007, -0.1999999999999993
10998, -0.1999999999999993, -0.1999999999999993
10999, -0.1999999999999993, -0.10000000000000142
11000, -0.1999999999999993, -0.10000000000000142
11001, -0.1999999999999993, -0.10000000000000142
11002, -0.1999999999999993, -0.10000000000000142
11003, -0.1999999999999993, -0.10000000000000142
11004, -0.1999999999999993, 0.0
11005, -0.1999999999999993, -0.10000000000000142
11006, -0.1999999999999993, -0.10000000000000142
11007, -0.1999999999999993, 0.0
11008, -0.1999999999999993, 0.0
11009, -0.1999999999999993, 0.0
11010, -0.1999999999999993, 0.10000000000000142
11011, -0.1999999999999993, 0.0
11012, -0.1999999999999993, 0.0
11013, -0.1999999999999993, -0.10000000000000142
11014, -0.1999999999999993, 0.0
11015, -0.1999999999999993, 0.0
11016, -0.10000000000000142, 0.0
11017, -0.10000000000000142, 0.0
11018, -0.10000000000000142, 0.0
11019, -0.10000000000000142, 0.0
11020, -0.10000000000000142, 0.0
11021, -0.10000000000000142, -0.10000000000000142
11022, -0.10000000000000142, 0.10000000000000142
11023, -0.10000000000000142, 0.0
11024, -0.10000000000000142, 0.0
11025, -0.1999999999999993, -0.10000000000000142
11026, -0.1999999999999993, -0.10000000000000142
11027, -0.1999999999999993, 0.10000000000000142
11028, -0.1999999999999993, 0.0
11029, -0.1999999999999993, 0.0
11030, -0.1999999999999993, -0.10000000000000142
11031, -0.1999999999999993, 0.0
11032, -0.1999999999999993, -0.10000000000000142
11033, -0.1999999999999993, -0.10000000000000142
11034, -0.1999999999999993, -0.10000000000000142
11035, -0.1999999999999993, 0.0
11036, -0.1999999999999993, 0.0
11037, -0.1999999999999993, -0.10000000000000142
11038, -0.1999999999999993, -0.10000000000000142
11039, -0.1999999999999993, -0.10000000000000142
11040, -0.3000000000000007, -0.10000000000000142
11041, -0.3000000000000007, -0.1999999999999993
11042, -0.3000000000000007, -0.10000000000000142
11043, -0.3000000000000007, -0.10000000000000142
11044, -0.3000000000000007, -0.1999999999999993
11045, -0.3000000000000007, -0.1999999999999993
11046, -0.3000000000000007, -0.10000000000000142
11047, -0.3000000000000007, -0.1999999999999993
11048, -0.3000000000000007, -0.1999999999999993
11049, -0.3000000000000007, -0.1999999999999993
11050, -0.3000000000000007, -0.1999999999999993
11051, -0.3000000000000007, -0.10000000000000142
11052, -0.3000000000000007, -0.10000000000000142
11053, -0.3000000000000007, -0.1999999999999993
11054, -0.3000000000000007, -0.10000000000000142
11055, -0.3000000000000007, -0.10000000000000142
11056, -0.3000000000000007, -0.1999999999999993
11057, -0.3000000000000007, -0.10000000000000142
11058, -0.3000000000000007, -0.10000000000000142
11059, -0.3000000000000007, 0.0
11060, -0.1999999999999993, -0.10000000000000142
11061, -0.1999999999999993, -0.10000000000000142
11062, -0.1999999999999993, 0.0
11063, -0.1999999999999993, -0.10000000000000142
11064, -0.1999999999999993, -0.10000000000000142
11065, -0.1999999999999993, -0.10000000000000142
11066, -0.1999999999999993, -0.10000000000000142
11067, -0.1999999999999993, -0.10000000000000142
11068, -0.1999999999999993, -0.10000000000000142
11069, -0.1999999999999993, 0.0
11070, -0.1999999999999993, -0.10000000000000142
11071, -0.1999999999999993, 0.0
11072, -0.1999999999999993, 0.0
11073, -0.1999999999999993, 0.0
11074, -0.1999999999999993, 0.0
11075, -0.1999999999999993, 0.10000000000000142
11076, -0.1999999999999993, 0.0
11077, -0.1999999999999993, 0.10000000000000142
11078, -0.1999999999999993, 0.0
11079, -0.1999999999999993, 0.10000000000000142
11080, -0.1999999999999993, 0.10000000000000142
11081, -0.1999999999999993, 0.10000000000000142
11082, -0.1999999999999993, 0.10000000000000142
11083, -0.1999999999999993, 0.10000000000000142
11084, -0.1999999999999993, 0.10000000000000142
11085, -0.1999999999999993, 0.10000000000000142
11086, -0.1999999999999993, 0.10000000000000142
11087, -0.1999999999999993, 0.10000000000000142
11088, -0.1999999999999993, 0.10000000000000142
11089, -0.1999999999999993, 0.10000000000000142
11090, -0.10000000000000142, 0.10000000000000142
11091, -0.10000000000000142, 0.10000000000000142
11092, -0.10000000000000142, 0.10000000000000142
11093, -0.10000000000000142, 0.0
11094, -0.10000000000000142, 0.10000000000000142
11095, -0.10000000000000142, 0.10000000000000142
11096, -0.1999999999999993, 0.0
11097, -0.1999999999999993, 0.10000000000000142
11098, -0.1999999999999993, 0.0
11099, -0.1999999999999993, 0.0
11100, -0.1999999999999993, 0.10000000000000142
11101, -0.1999999999999993, 0.0
11102, -0.1999999999999993, 0.0
11103, -0.1999999999999993, 0.0
11104, -0.1999999999999993, -0.10000000000000142
11105, -0.1999999999999993, 0.0
11106, -0.1999999999999993, 0.0
11107, -0.1999999999999993, -0.10000000000000142
11108, -0.3000000000000007, -0.10000000000000142
11109, -0.3000000000000007, -0.10000000000000142
11110, -0.3000000000000007, -0.10000000000000142
11111, -0.3000000000000007, -0.10000000000000142
11112, -0.3000000000000007, -0.10000000000000142
11113, -0.3000000000000007, -0.1999999999999993
11114, -0.3000000000000007, -0.10000000000000142
11115, -0.3000000000000007, -0.10000000000000142
11116, -0.3000000000000007, -0.10000000000000142
11117, -0.3000000000000007, -0.10000000000000142
11118, -0.3000000000000007, -0.10000000000000142
11119, -0.3000000000000007, -0.10000000000000142
11120, -0.3000000000000007, -0.10000000000000142
11121, -0.3000000000000007, -0.1999999999999993
11122, -0.3000000000000007, -0.1999999999999993
11123, -0.3000000000000007, -0.10000000000000142
11124, -0.3000000000000007, -0.10000000000000142
11125, -0.3000000000000007, -0.10000000000000142
11126, -0.3000000000000007, -0.1999999999999993
11127, -0.3000000000000007, -0.1999999999999993
11128, -0.3000000000000007, -0.1999999999999993
11129, -0.3000000000000007, -0.1999999999999993
11130, -0.3000000000000007, -0.1999999999999993
11131, -0.3000000000000007, -0.10000000000000142
11132, -0.3000000000000007, -0.10000000000000142
11133, -0.3000000000000007, -0.10000000000000142
11134, -0.3000000000000007, -0.10000000000000142
11135, -0.3000000000000007, -0.10000000000000142
11136, -0.3000000000000007, -0.10000000000000142
11137, -0.3000000000000007, -0.10000000000000142
11138, -0.3000000000000007, -0.10000000000000142
11139, -0.3000000000000007, -0.10000000000000142
11140, -0.3000000000000007, -0.10000000000000142
11141, -0.3000000000000007, -0.10000000000000142
11142, -0.3000000000000007, -0.10000000000000142
11143, -0.3000000000000007, -0.10000000000000142
11144, -0.3000000000000007, -0.10000000000000142
11145, -0.3000000000000007, 0.0
11146, -0.3000000000000007, -0.10000000000000142
11147, -0.3000000000000007, -0.10000000000000142
11148, -0.3000000000000007, -0.10000000000000142
11149, -0.3000000000000007, -0.10000000000000142
11150, -0.3000000000000007, -0.10000000000000142
11151, -0.3000000000000007, 0.0
11152, -0.3000000000000007, 0.0
11153, -0.3000000000000007, 0.0
11154, -0.3000000000000007, 0.0
11155, -0.3000000000000007, 0.10000000000000142
11156, -0.3000000000000007, 0.0
11157, -0.1999999999999993, 0.0
11158, -0.1999999999999993, 0.0
11159, -0.1999999999999993, 0.0
11160, -0.1999999999999993, 0.10000000000000142
11161, -0.1999999999999993, 0.10000000000000142
11162, -0.1999999999999993, 0.10000000000000142
11163, -0.1999999999999993, 0.10000000000000142
11164, -0.1999999999999993, 0.1999999999999993
11165, -0.1999999999999993, 0.10000000000000142
11166, -0.1999999999999993, 0.10000000000000142
11167, -0.1999999999999993, 0.10000000000000142
11168, -0.1999999999999993, 0.1999999999999993
11169, -0.1999999999999993, 0.1999999999999993
11170, -0.1999999999999993, 0.10000000000000142
11171, -0.1999999999999993, 0.10000000000000142
11172, -0.1999999999999993, 0.10000000000000142
11173, -0.1999999999999993, 0.10000000000000142
11174, -0.1999999999999993, 0.10000000000000142
11175, -0.1999999999999993, 0.10000000000000142
11176, -0.1999999999999993, 0.10000000000000142
11177, -0.3000000000000007, 0.1999999999999993
11178, -0.3000000000000007, 0.1999999999999993
11179, -0.3000000000000007, 0.10000000000000142
11180, -0.1999999999999993, 0.10000000000000142
11181, -0.1999999999999993, 0.10000000000000142
11182, -0.1999999999999993, 0.10000000000000142
11183, -0.1999999999999993, 0.10000000000000142
11184, -0.1999999999999993, 0.1999999999999993
11185, -0.1999999999999993, 0.10000000000000142
11186, -0.1999999999999993, 0.10000000000000142
11187, -0.1999999999999993, 0.10000000000000142
11188, -0.1999999999999993, 0.10000000000000142
11189, -0.1999999999999993, 0.10000000000000142
11190, -0.1999999999999993, 0.10000000000000142
11191, -0.1999999999999993, 0.10000000000000142
11192, -0.1999999999999993, 0.10000000000000142
11193, -0.1999999999999993, 0.10000000000000142
11194, -0.1999999999999993, 0.10000000000000142
11195, -0.1999999999999993, 0.10000000000000142
11196, -0.1999999999999993, 0.10000000000000142
11197, -0.1999999999999993, 0.10000000000000142
11198, -0.1999999999999993, 0.10000000000000142
11199, -0.1999999999999993, 0.10000000000000142
11200, -0.1999999999999993, 0.10000000000000142
11201, -0.3000000000000007, 0.10000000000000142
11202, -0.3000000000000007, 0.0
11203, -0.3000000000000007, 0.0
11204, -0.3000000000000007, 0.0
11205, -0.3000000000000007, 0.0
11206, -0.3000000000000007, -0.10000000000000142
11207, -0.3000000000000007, -0.10000000000000142
11208, -0.3000000000000007, -0.10000000000000142
11209, -0.3999999999999986, -0.10000000000000142
11210, -0.3999999999999986, 0.0
11211, -0.3999999999999986, 0.0
11212, -0.3999999999999986, 0.0
11213, -0.3999999999999986, 0.0
11214, -0.3999999999999986, -0.10000000000000142
11215, -0.3999999999999986, -0.10000000000000142
11216, -0.3999999999999986, -0.10000000000000142
11217, -0.3999999999999986, 0.0
11218, -0.3999999999999986, 0.0
11219, -0.3000000000000007, 0.0
11220, -0.3000000000000007, 0.0
11221, -0.3000000000000007, -0.10000000000000142
11222, -0.3000000000000007, -0.10000000000000142
11223, -0.3000000000000007, 0.10000000000000142
11224, -0.3000000000000007, 0.0
11225, -0.3000000000000007, 0.0
11226, -0.3000000000000007, 0.0
11227, -0.3000000000000007, 0.10000000000000142
11228, -0.3000000000000007, 0.0
11229, -0.3000000000000007, 0.10000000000000142
11230, -0.3000000000000007, 0.10000000000000142
11231, -0.3000000000000007, 0.10000000000000142
11232, -0.3000000000000007, 0.10000000000000142
11233, -0.3000000000000007, 0.10000000000000142
11234, -0.3000000000000007, 0.10000000000000142
11235, -0.3000000000000007, 0.10000000000000142
11236, -0.3000000000000007, 0.10000000000000142
11237, -0.3000000000000007, 0.10000000000000142
11238, -0.3000000000000007, 0.10000000000000142
11239, -0.3000000000000007, 0.10000000000000142
11240, -0.3000000000000007, 0.10000000000000142
11241, -0.3000000000000007, 0.10000000000000142
11242, -0.3000000000000007, 0.10000000000000142
11243, -0.3000000000000007, 0.10000000000000142
11244, -0.3000000000000007, 0.1999999999999993
11245, -0.3000000000000007, 0.10000000000000142
11246, -0.3000000000000007, 0.10000000000000142
11247, -0.3000000000000007, 0.10000000000000142
11248, -0.3000000000000007, 0.10000000000000142
11249, -0.3000000000000007, 0.10000000000000142
11250, -0.3000000000000007, 0.10000000000000142
11251, -0.3000000000000007, 0.10000000000000142
11252, -0.3000000000000007, 0.10000000000000142
11253, -0.3000000000000007, 0.10000000000000142
11254, -0.3000000000000007, 0.10000000000000142
11255, -0.3000000000000007, 0.10000000000000142
11256, -0.3000000000000007, 0.1999999999999993
11257, -0.3000000000000007, 0.10000000000000142
11258, -0.3000000000000007, 0.10000000000000142
11259, -0.3000000000000007, 0.1999999999999993
11260, -0.3999999999999986, 0.10000000000000142
11261, -0.3999999999999986, 0.10000000000000142
11262, -0.3999999999999986, 0.1999999999999993
11263, -0.3999999999999986, 0.10000000000000142
11264, -0.3999999999999986, 0.10000000000000142
11265, -0.3999999999999986, 0.1999999999999993
11266, -0.3999999999999986, 0.10000000000000142
11267, -0.3999999999999986, 0.1999999999999993
11268, -0.3999999999999986, 0.1999999999999993
11269, -0.3999999999999986, 0.10000000000000142
11270, -0.3999999999999986, 0.1999999999999993
11271, -0.3999999999999986, 0.1999999999999993
11272, -0.3999999999999986, 0.10000000000000142
11273, -0.3999999999999986, 0.1999999999999993
11274, -0.3999999999999986, 0.10000000000000142
11275, -0.3999999999999986, 0.10000000000000142
11276, -0.3999999999999986, 0.10000000000000142
11277, -0.3999999999999986, 0.10000000000000142
11278, -0.3999999999999986, 0.1999999999999993
11279, -0.3999999999999986, 0.10000000000000142
11280, -0.3999999999999986, 0.10000000000000142
11281, -0.3999999999999986, 0.1999999999999993
11282, -0.3999999999999986, 0.1999999999999993
11283, -0.3999999999999986, 0.0
11284, -0.3999999999999986, 0.10000000000000142
11285, -0.3999999999999986, 0.10000000000000142
11286, -0.3999999999999986, 0.10000000000000142
11287, -0.3999999999999986, 0.1999999999999993
11288, -0.3999999999999986, 0.10000000000000142
11289, -0.3999999999999986, 0.0
11290, -0.3999999999999986, 0.10000000000000142
11291, -0.3999999999999986, 0.10000000000000142
11292, -0.3999999999999986, 0.10000000000000142
11293, -0.3999999999999986, 0.10000000000000142
11294, -0.3999999999999986, 0.10000000000000142
11295, -0.3999999999999986, 0.10000000000000142
11296, -0.3000000000000007, 0.10000000000000142
11297, -0.3000000000000007, 0.0
11298, -0.3000000000000007, 0.10000000000000142
11299, -0.3000000000000007, 0.10000000000000142
11300, -0.3000000000000007, 0.1999999999999993
11301, -0.3000000000000007, 0.10000000000000142
11302, -0.3000000000000007, 0.10000000000000142
11303, -0.3000000000000007, 0.10000000000000142
11304, -0.3000000000000007, 0.10000000000000142
11305, -0.3000000000000007, 0.1999999999999993
11306, -0.3000000000000007, 0.10000000000000142
11307, -0.3000000000000007, 0.10000000000000142
11308, -0.3000000000000007, 0.10000000000000142
11309, -0.3000000000000007, 0.1999999999999993
11310, -0.3999999999999986, 0.10000000000000142
11311, -0.3999999999999986, 0.1999999999999993
11312, -0.3999999999999986, 0.1999999999999993
11313, -0.3999999999999986, 0.1999999999999993
11314, -0.3999999999999986, 0.10000000000000142
11315, -0.3999999999999986, 0.1999999999999993
11316, -0.3999999999999986, 0.1999999999999993
11317, -0.3999999999999986, 0.1999999999999993
11318, -0.3999999999999986, 0.10000000000000142
11319, -0.3999999999999986, 0.1999999999999993
11320, -0.3999999999999986, 0.1999999999999993
11321, -0.3999999999999986, 0.1999999999999993
11322, -0.3000000000000007, 0.1999999999999993
11323, -0.3000000000000007, 0.1999999999999993
11324, -0.3000000000000007, 0.1999999999999993
11325, -0.3000000000000007, 0.1999999999999993
11326, -0.3000000000000007, 0.1999999999999993
11327, -0.3000000000000007, 0.10000000000000142
11328, -0.3000000000000007, 0.1999999999999993
11329, -0.3000000000000007, 0.1999999999999993
11330, -0.3000000000000007, 0.1999999999999993
11331, -0.3000000000000007, 0.1999999999999993
11332, -0.3000000000000007, 0.1999999999999993
11333, -0.3000000000000007, 0.1999999999999993
11334, -0.3000000000000007, 0.10000000000000142
11335, -0.3000000000000007, 0.1999999999999993
11336, -0.3000000000000007, 0.10000000000000142
11337, -0.3000000000000007, 0.10000000000000142
11338, -0.3000000000000007, 0.1999999999999993
11339, -0.3000000000000007, 0.10000000000000142
11340, -0.3000000000000007, 0.10000000000000142
11341, -0.3000000000000007, 0.10000000000000142
11342, -0.3000000000000007, 0.10000000000000142
11343, -0.3000000000000007, 0.10000000000000142
11344, -0.1999999999999993, 0.1999999999999993
11345, -0.1999999999999993, 0.0
11346, -0.1999999999999993, 0.10000000000000142
11347, -0.1999999999999993, 0.0
11348, -0.1999999999999993, 0.10000000000000142
11349, -0.1999999999999993, 0.10000000000000142
11350, -0.1999999999999993, 0.0
11351, -0.1999999999999993, 0.10000000000000142
11352, -0.1999999999999993, -0.10000000000000142
11353, -0.1999999999999993, 0.0
11354, -0.1999999999999993, 0.0
11355, -0.1999999999999993, 0.0
11356, -0.10000000000000142, 0.0
11357, -0.10000000000000142, 0.0
11358, -0.10000000000000142, 0.0
11359, -0.10000000000000142, -0.10000000000000142
11360, -0.10000000000000142, -0.10000000000000142
11361, -0.10000000000000142, 0.0
11362, -0.10000000000000142, -0.10000000000000142
11363, -0.1999999999999993, 0.0
11364, -0.1999999999999993, -0.10000000000000142
11365, -0.1999999999999993, 0.0
11366, -0.1999999999999993, -0.10000000000000142
11367, -0.1999999999999993, -0.10000000000000142
11368, -0.1999999999999993, -0.10000000000000142
11369, -0.1999999999999993, -0.1999999999999993
11370, -0.1999999999999993, -0.10000000000000142
11371, -0.1999999999999993, -0.10000000000000142
11372, -0.1999999999999993, -0.1999999999999993
11373, -0.1999999999999993, -0.1999999999999993
11374, -0.1999999999999993, -0.10000000000000142
11375, -0.1999999999999993, -0.1999999999999993
11376, -0.1999999999999993, -0.10000000000000142
11377, -0.1999999999999993, -0.10000000000000142
11378, -0.1999999999999993, -0.10000000000000142
11379, -0.1999999999999993, -0.1999999999999993
11380, -0.1999999999999993, -0.3000000000000007
11381, -0.1999999999999993, -0.1999999999999993
11382, -0.1999999999999993, -0.1999999999999993
11383, -0.1999999999999993, -0.1999999999999993
11384, -0.1999999999999993, -0.10000000000000142
11385, -0.1999999999999993, -0.1999999999999993
11386, -0.1999999999999993, -0.1999999999999993
11387, -0.1999999999999993, -0.3000000000000007
11388, -0.1999999999999993, -0.1999999999999993
11389, -0.1999999999999993, -0.3000000000000007
11390, -0.1999999999999993, -0.1999999999999993
11391, -0.3000000000000007, -0.1999999999999993
11392, -0.3000000000000007, -0.1999999999999993
11393, -0.3000000000000007, -0.1999999999999993
11394, -0.3000000000000007, -0.10000000000000142
11395, -0.3000000000000007, -0.1999999999999993
11396, -0.3000000000000007, -0.10000000000000142
11397, -0.3000000000000007, -0.10000000000000142
11398, -0.3000000000000007, -0.10000000000000142
11399, -0.3000000000000007, -0.10000000000000142
11400, -0.3000000000000007, -0.1999999999999993
11401, -0.3000000000000007, -0.1999999999999993
11402, -0.3000000000000007, -0.1999999999999993
11403, -0.3000000000000007, -0.10000000000000142
11404, -0.3000000000000007, -0.1999999999999993
11405, -0.3000000000000007, -0.10000000000000142
11406, -0.3000000000000007, -0.10000000000000142
11407, -0.3000000000000007, -0.10000000000000142
11408, -0.3000000000000007, -0.10000000000000142
11409, -0.3000000000000007, -0.10000000000000142
11410, -0.1999999999999993, -0.10000000000000142
11411, -0.1999999999999993, -0.10000000000000142
11412, -0.1999999999999993, -0.1999999999999993
11413, -0.10000000000000142, -0.1999999999999993
11414, -0.10000000000000142, -0.1999999999999993
11415, -0.10000000000000142, -0.1999999999999993
11416, -0.10000000000000142, -0.10000000000000142
11417, -0.10000000000000142, -0.1999999999999993
11418, -0.10000000000000142, -0.10000000000000142
11419, -0.10000000000000142, -0.1999999999999993
11420, -0.10000000000000142, -0.1999999999999993
11421, -0.10000000000000142, -0.10000000000000142
11422, -0.10000000000000142, -0.1999999999999993
11423, -0.10000000000000142, -0.10000000000000142
11424, -0.10000000000000142, -0.1999999999999993
11425, -0.10000000000000142, -0.10000000000000142
11426, -0.10000000000000142, -0.1999999999999993
11427, -0.10000000000000142, -0.1999999999999993
11428, -0.10000000000000142, -0.1999999999999993
11429, -0.1999999999999993, -0.1999999999999993
11430, -0.1999999999999993, -0.3000000000000007
11431, -0.1999999999999993, -0.1999999999999993
11432, -0.1999999999999993, -0.10000000000000142
11433, -0.1999999999999993, -0.3000000000000007
11434, -0.1999999999999993, -0.1999999999999993
11435, -0.1999999999999993, -0.1999999999999993
11436, -0.1999999999999993, -0.3000000000000007
11437, -0.1999999999999993, -0.1999999999999993
11438, -0.1999999999999993, -0.1999999999999993
11439, -0.1999999999999993, -0.1999999999999993
11440, -0.1999999999999993, -0.1999999999999993
11441, -0.10000000000000142, -0.10000000000000142
11442, 0.0, -0.3000000000000007
11443, 0.0, -0.1999999999999993
11444, 0.0, -0.1999999999999993
11445, 0.0, -0.1999999999999993
11446, 0.0, -0.10000000000000142
11447, 0.0, -0.1999999999999993
11448, 0.0, -0.1999999999999993
11449, 0.0, -0.1999999999999993
11450, 0.0, -0.1999999999999993
11451, 0.0, -0.1999999999999993
11452, 0.0, -0.1999999999999993
11453, 0.0, -0.10000000000000142
11454, 0.0, -0.10000000000000142
11455, 0.0, -0.1999999999999993
11456, 0.10000000000000142, -0.1999999999999993
11457, 0.10000000000000142, -0.1999999999999993
11458, 0.10000000000000142, -0.1999999999999993
11459, 0.10000000000000142, -0.10000000000000142
11460, 0.10000000000000142, -0.1999999999999993
11461, 0.10000000000000142, -0.1999999999999993
11462, 0.10000000000000142, -0.1999999999999993
11463, 0.10000000000000142, -0.1999999999999993
11464, 0.10000000000000142, -0.10000000000000142
11465, 0.10000000000000142, -0.1999999999999993
11466, 0.10000000000000142, -0.1999999999999993
11467, 0.10000000000000142, -0.10000000000000142
11468, 0.10000000000000142, -0.1999999999999993
11469, 0.10000000000000142, -0.10000000000000142
11470, 0.10000000000000142, -0.10000000000000142
11471, 0.10000000000000142, -0.1999999999999993
11472, 0.10000000000000142, -0.1999999999999993
11473, 0.10000000000000142, -0.10000000000000142
11474, 0.10000000000000142, -0.10000000000000142
11475, 0.10000000000000142, -0.1999999999999993
11476, 0.10000000000000142, -0.10000000000000142
11477, 0.0, -0.10000000000000142
11478, 0.0, -0.1999999999999993
11479, 0.0, -0.1999999999999993
11480, 0.0, -0.10000000000000142
11481, 0.0, -0.10000000000000142
11482, -0.10000000000000142, -0.10000000000000142
11483, -0.10000000000000142, -0.10000000000000142
11484, -0.10000000000000142, 0.0
11485, -0.10000000000000142, -0.10000000000000142
11486, -0.10000000000000142, -0.10000000000000142
11487, -0.10000000000000142, -0.10000000000000142
11488, -0.10000000000000142, -0.10000000000000142
11489, -0.10000000000000142, 0.0
11490, -0.10000000000000142, -0.10000000000000142
11491, -0.10000000000000142, -0.10000000000000142
11492, -0.10000000000000142, 0.0
11493, 0.0, -0.10000000000000142
11494, 0.0, -0.10000000000000142
11495, 0.0, -0.10000000000000142
11496, 0.0, 0.0
11497, 0.0, 0.0
11498, 0.0, -0.10000000000000142
11499, 0.0, -0.10000000000000142
11500, 0.0, -0.10000000000000142
11501, 0.0, -0.10000000000000142
11502, 0.0, -0.1999999999999993
11503, 0.0, 0.0
11504, 0.0, -0.10000000000000142
11505, 0.0, -0.10000000000000142
11506, 0.0, 0.0
11507, 0.0, -0.10000000000000142
11508, 0.0, -0.10000000000000142
11509, 0.0, -0.10000000000000142
11510, 0.0, -0.10000000000000142
11511, 0.0, -0.1999999999999993
11512, 0.0, -0.10000000000000142
11513, 0.0, -0.10000000000000142
11514, 0.0, -0.1999999999999993
11515, 0.0, -0.10000000000000142
11516, 0.0, -0.1999999999999993
11517, 0.0, -0.1999999999999993
11518, 0.0, -0.10000000000000142
11519, 0.0, -0.1999999999999993
11520, 0.0, -0.3000000000000007
11521, 0.0, -0.1999999999999993
11522, 0.0, -0.3000000000000007
11523, 0.0, -0.3000000000000007
11524, 0.0, -0.1999999999999993
11525, 0.0, -0.3000000000000007
11526, 0.0, -0.3000000000000007
11527, 0.0, -0.3000000000000007
11528, 0.0, -0.3000000000000007
11529, 0.0, -0.3000000000000007
11530, 0.0, -0.3000000000000007
11531, 0.0, -0.3000000000000007
11532, 0.0, -0.3000000000000007
11533, 0.0, -0.3000000000000007
11534, 0.0, -0.3000000000000007
11535, 0.0, -0.1999999999999993
11536, -0.10000000000000142, -0.3000000000000007
11537, -0.10000000000000142, -0.1999999999999993
11538, -0.10000000000000142, -0.3000000000000007
11539, -0.10000000000000142, -0.3999999999999986
11540, -0.10000000000000142, -0.3000000000000007
11541, -0.10000000000000142, -0.3000000000000007
11542, -0.10000000000000142, -0.3000000000000007
11543, -0.10000000000000142, -0.3000000000000007
11544, -0.10000000000000142, -0.1999999999999993
11545, -0.10000000000000142, -0.3000000000000007
11546, -0.10000000000000142, -0.3000000000000007
11547, -0.10000000000000142, -0.1999999999999993
11548, -0.10000000000000142, -0.3000000000000007
11549, -0.10000000000000142, -0.1999999999999993
11550, -0.10000000000000142, -0.1999999999999993
11551, -0.10000000000000142, -0.1999999999999993
11552, -0.10000000000000142, -0.1999999999999993
11553, -0.10000000000000142, -0.1999999999999993
11554, -0.10000000000000142, -0.1999999999999993
11555, -0.10000000000000142, -0.3000000000000007
11556, -0.10000000000000142, -0.1999999999999993
11557, -0.10000000000000142, -0.1999999999999993
11558, -0.10000000000000142, -0.1999999999999993
11559, -0.10000000000000142, -0.1999999999999993
11560, -0.10000000000000142, -0.1999999999999993
11561, -0.10000000000000142, -0.1999999999999993
11562, -0.10000000000000142, -0.1999999999999993
11563, -0.10000000000000142, -0.1999999999999993
11564, -0.1999999999999993, -0.1999999999999993
11565, -0.1999999999999993, -0.1999999999999993
11566, -0.1999999999999993, -0.1999999999999993
11567, -0.1999999999999993, -0.10000000000000142
11568, -0.1999999999999993, -0.10000000000000142
11569, -0.1999999999999993, -0.1999999999999993
11570, -0.1999999999999993, -0.10000000000000142
11571, -0.1999999999999993, -0.1999999999999993
11572, -0.1999999999999993, -0.10000000000000142
11573, -0.1999999999999993, -0.1999999999999993
11574, -0.1999999999999993, -0.1999999999999993
11575, -0.1999999999999993, -0.1999999999999993
11576, -0.1999999999999993, -0.10000000000000142
11577, -0.1999999999999993, -0.1999999999999993
11578, -0.1999999999999993, -0.10000000000000142
11579, -0.1999999999999993, -0.1999999999999993
11580, -0.1999999999999993, -0.1999999999999993
11581, -0.1999999999999993, -0.1999999999999993
11582, -0.1999999999999993, -0.10000000000000142
11583, -0.1999999999999993, -0.1999999999999993
11584, -0.1999999999999993, -0.1999999999999993
11585, -0.1999999999999993, -0.10000000000000142
11586, -0.1999999999999993, -0.10000000000000142
11587, -0.1999999999999993, -0.10000000000000142
11588, -0.1999999999999993, -0.10000000000000142
11589, -0.1999999999999993, -0.10000000000000142
11590, -0.1999999999999993, -0.1999999999999993
11591, -0.1999999999999993, -0.1999999999999993
11592, -0.1999999999999993, -0.10000000000000142
11593, -0.1999999999999993, -0.1999999999999993
11594, -0.1999999999999993, -0.10000000000000142
11595, -0.1999999999999993, -0.1999999999999993
11596, -0.1999999999999993, -0.10000000000000142
11597, -0.10000000000000142, -0.1999999999999993
11598, -0.10000000000000142, -0.1999999999999993
11599, -0.10000000000000142, -0.1999999999999993
11600, -0.10000000000000142, -0.1999999999999993
11601, 0.0, -0.3000000000000007
11602, 0.0, -0.10000000000000142
11603, 0.0, -0.1999999999999993
11604, 0.0, -0.10000000000000142
11605, 0.0, -0.1999999999999993
11606, 0.0, -0.1999999999999993
11607, 0.0, -0.1999999999999993
11608, 0.0, -0.1999999999999993
11609, 0.0, -0.1999999999999993
11610, 0.0, -0.1999999999999993
11611, 0.0, -0.1999999999999993
11612, 0.0, -0.10000000000000142
11613, 0.0, -0.1999999999999993
11614, 0.0, -0.1999999999999993
11615, 0.0, -0.1999999999999993
11616, 0.0, -0.10000000000000142
11617, 0.0, -0.10000000000000142
11618, 0.0, -0.10000000000000142
11619, 0.0, -0.10000000000000142
11620, 0.0, 0.0
11621, 0.0, -0.10000000000000142
11622, 0.0, 0.0
11623, 0.0, 0.0
11624, 0.0, -0.10000000000000142
11625, 0.0, 0.0
11626, -0.10000000000000142, 0.0
11627, -0.10000000000000142, 0.0
11628, -0.10000000000000142, 0.0
11629, -0.10000000000000142, 0.10000000000000142
11630, -0.10000000000000142, 0.0
11631, -0.10000000000000142, 0.10000000000000142
11632, -0.10000000000000142, 0.0
11633, -0.10000000000000142, 0.0
11634, -0.10000000000000142, 0.0
11635, -0.10000000000000142, 0.10000000000000142
11636, -0.10000000000000142, 0.0
11637, -0.10000000000000142, 0.0
11638, -0.10000000000000142, 0.10000000000000142
11639, -0.10000000000000142, 0.0
11640, -0.10000000000000142, 0.10000000000000142
11641, -0.1999999999999993, 0.10000000000000142
11642, -0.1999999999999993, 0.10000000000000142
11643, -0.1999999999999993, 0.0
11644, -0.10000000000000142, 0.0
11645, -0.10000000000000142, 0.0
11646, -0.1999999999999993, 0.10000000000000142
11647, -0.1999999999999993, 0.0
11648, -0.1999999999999993, 0.10000000000000142
11649, -0.1999999999999993, 0.0
11650, -0.1999999999999993, 0.10000000000000142
11651, -0.1999999999999993, -0.10000000000000142
11652, -0.1999999999999993, 0.0
11653, -0.1999999999999993, 0.0
11654, -0.1999999999999993, 0.0
11655, -0.1999999999999993, 0.0
11656, -0.1999999999999993, 0.0
11657, -0.1999999999999993, 0.0
11658, -0.1999999999999993, 0.0
11659, -0.1999999999999993, -0.10000000000000142
11660, -0.1999999999999993, -0.10000000000000142
11661, -0.1999999999999993, -0.10000000000000142
11662, -0.1999999999999993, -0.10000000000000142
11663, -0.1999999999999993, -0.10000000000000142
11664, -0.1999999999999993, -0.10000000000000142
11665, -0.1999999999999993, -0.10000000000000142
11666, -0.1999999999999993, -0.10000000000000142
11667, -0.1999999999999993, -0.10000000000000142
11668, -0.1999999999999993, -0.10000000000000142
11669, -0.1999999999999993, -0.1999999999999993
11670, -0.1999999999999993, -0.1999999999999993
11671, -0.1999999999999993, -0.10000000000000142
11672, -0.1999999999999993, -0.1999999999999993
11673, -0.1999999999999993, -0.10000000000000142
11674, -0.1999999999999993, -0.1999999999999993
11675, -0.1999999999999993, -0.10000000000000142
11676, -0.1999999999999993, -0.10000000000000142
11677, -0.1999999999999993, -0.10000000000000142
11678, -0.1999999999999993, -0.10000000000000142
11679, -0.1999999999999993, -0.10000000000000142
11680, -0.1999999999999993, -0.10000000000000142
11681, -0.1999999999999993, -0.10000000000000142
11682, -0.1999999999999993, 0.0
11683, -0.1999999999999993, -0.10000000000000142
11684, -0.1999999999999993, 0.0
11685, -0.1999999999999993, -0.10000000000000142
11686, -0.1999999999999993, 0.0
11687, -0.1999999999999993, 0.0
11688, -0.1999999999999993, 0.0
11689, -0.1999999999999993, -0.10000000000000142
11690, -0.1999999999999993, 0.0
11691, -0.1999999999999993, -0.10000000000000142
11692, -0.1999999999999993, 0.0
11693, -0.1999999999999993, 0.0
11694, -0.1999999999999993, 0.0
11695, -0.1999999999999993, 0.0
11696, -0.1999999999999993, 0.0
11697, -0.1999999999999993, 0.0
11698, -0.1999999999999993, 0.10000000000000142
11699, -0.1999999999999993, 0.0
11700, -0.1999999999999993, 0.10000000000000142
11701, -0.1999999999999993, 0.0
11702, -0.1999999999999993, 0.10000000000000142
11703, -0.1999999999999993, 0.10000000000000142
11704, -0.1999999999999993, 0.10000000000000142
11705, -0.1999999999999993, 0.10000000000000142
11706, -0.1999999999999993, 0.1999999999999993
11707, -0.1999999999999993, 0.0
11708, -0.1999999999999993, 0.10000000000000142
11709, -0.1999999999999993, 0.0
11710, -0.1999999999999993, 0.10000000000000142
11711, -0.1999999999999993, 0.10000000000000142
11712, -0.1999999999999993, 0.10000000000000142
11713, -0.10000000000000142, 0.10000000000000142
11714, -0.10000000000000142, 0.1999999999999993
11715, -0.10000000000000142, 0.10000000000000142
11716, -0.10000000000000142, 0.10000000000000142
11717, -0.10000000000000142, 0.10000000000000142
11718, -0.10000000000000142, 0.10000000000000142
11719, -0.10000000000000142, 0.1999999999999993
11720, -0.10000000000000142, 0.10000000000000142
11721, -0.10000000000000142, 0.10000000000000142
11722, -0.10000000000000142, 0.10000000000000142
11723, -0.10000000000000142, 0.0
11724, -0.10000000000000142, 0.10000000000000142
11725, -0.10000000000000142, 0.10000000000000142
11726, -0.1999999999999993, 0.10000000000000142
11727, -0.1999999999999993, 0.10000000000000142
11728, -0.1999999999999993, 0.0
11729, -0.1999999999999993, 0.10000000000000142
11730, -0.1999999999999993, 0.10000000000000142
11731, -0.1999999999999993, 0.10000000000000142
11732, -0.1999999999999993, 0.10000000000000142
11733, -0.1999999999999993, 0.10000000000000142
11734, -0.1999999999999993, 0.10000000000000142
11735, -0.1999999999999993, 0.0
11736, -0.1999999999999993, 0.0
11737, -0.1999999999999993, 0.0
11738, -0.1999999999999993, 0.0
11739, -0.1999999999999993, 0.0
11740, -0.1999999999999993, 0.0
11741, -0.1999999999999993, 0.0
11742, -0.1999999999999993, 0.0
11743, -0.1999999999999993, 0.0
11744, -0.1999999999999993, 0.0
11745, -0.1999999999999993, 0.0
11746, -0.3000000000000007, 0.0
11747, -0.3000000000000007, 0.0
11748, -0.3000000000000007, 0.10000000000000142
11749, -0.3000000000000007, 0.0
11750, -0.3000000000000007, 0.0
11751, -0.3000000000000007, 0.10000000000000142
11752, -0.3000000000000007, 0.0
11753, -0.3000000000000007, 0.0
11754, -0.1999999999999993, 0.10000000000000142
11755, -0.1999999999999993, 0.10000000000000142
11756, -0.1999999999999993, 0.0
11757, -0.1999999999999993, 0.10000000000000142
11758, -0.1999999999999993, 0.10000000000000142
11759, -0.1999999999999993, 0.10000000000000142
11760, -0.1999999999999993, 0.10000000000000142
11761, -0.1999999999999993, 0.10000000000000142
11762, -0.1999999999999993, 0.10000000000000142
11763, -0.1999999999999993, 0.10000000000000142
11764, -0.1999999999999993, 0.10000000000000142
11765, -0.1999999999999993, 0.10000000000000142
11766, -0.1999999999999993, 0.1999999999999993
11767, -0.1999999999999993, 0.10000000000000142
11768, -0.1999999999999993, 0.10000000000000142
11769, -0.1999999999999993, 0.1999999999999993
11770, -0.1999999999999993, 0.1999999999999993
11771, -0.1999999999999993, 0.10000000000000142
11772, -0.1999999999999993, 0.10000000000000142
11773, -0.1999999999999993, 0.1999999999999993
11774, -0.1999999999999993, 0.10000000000000142
11775, -0.1999999999999993, 0.0
11776, -0.1999999999999993, 0.10000000000000142
11777, -0.1999999999999993, 0.10000000000000142
11778, -0.1999999999999993, 0.0
11779, -0.1999999999999993, 0.0
11780, -0.1999999999999993, 0.10000000000000142
11781, -0.1999999999999993, 0.10000000000000142
11782, -0.1999999999999993, 0.0
11783, -0.1999999999999993, 0.0
11784, -0.1999999999999993, 0.0
11785, -0.1999999999999993, 0.10000000000000142
11786, -0.1999999999999993, 0.0
11787, -0.1999999999999993, 0.0
11788, -0.3000000000000007, 0.0
11789, -0.3000000000000007, 0.0
11790, -0.3000000000000007, 0.0
11791, -0.3000000000000007, 0.10000000000000142
11792, -0.3000000000000007, 0.10000000000000142
11793, -0.3000000000000007, 0.10000000000000142
11794, -0.3000000000000007, 0.10000000000000142
11795, -0.3000000000000007, 0.0
11796, -0.3000000000000007, 0.0
11797, -0.3000000000000007, 0.0
11798, -0.3000000000000007, 0.0
11799, -0.3000000000000007, -0.10000000000000142
11800, -0.3000000000000007, -0.10000000000000142
11801, -0.3000000000000007, -0.10000000000000142
11802, -0.3000000000000007, 0.0
11803, -0.1999999999999993, 0.0
11804, -0.1999999999999993, 0.10000000000000142
11805, -0.1999999999999993, 0.0
11806, -0.1999999999999993, 0.0
11807, -0.1999999999999993, 0.0
11808, -0.1999999999999993, 0.0
11809, -0.1999999999999993, 0.0
11810, -0.1999999999999993, 0.0
11811, -0.1999999999999993, -0.10000000000000142
11812, -0.1999999999999993, 0.0
11813, -0.1999999999999993, 0.0
11814, -0.1999999999999993, 0.0
11815, -0.1999999999999993, 0.0
11816, -0.1999999999999993, 0.0
11817, -0.1999999999999993, 0.0
11818, -0.1999999999999993, 0.0
11819, -0.1999999999999993, 0.0
11820, -0.1999999999999993, 0.0
11821, -0.1999999999999993, 0.0
11822, -0.1999999999999993, 0.0
11823, -0.1999999999999993, 0.0
11824, -0.1999999999999993, 0.10000000000000142
11825, -0.1999999999999993, 0.10000000000000142
11826, -0.1999999999999993, 0.10000000000000142
11827, -0.1999999999999993, 0.0
11828, -0.1999999999999993, 0.0
11829, -0.1999999999999993, 0.0
11830, -0.1999999999999993, 0.0
11831, -0.1999999999999993, 0.0
11832, -0.1999999999999993, 0.10000000000000142
11833, -0.1999999999999993, 0.10000000000000142
11834, -0.1999999999999993, 0.0
11835, -0.1999999999999993, 0.0
11836, -0.1999999999999993, 0.10000000000000142
11837, -0.1999999999999993, 0.10000000000000142
11838, -0.1999999999999993, 0.10000000000000142
11839, -0.1999999999999993, 0.0
11840, -0.1999999999999993, 0.10000000000000142
11841, -0.1999999999999993, 0.10000000000000142
11842, -0.1999999999999993, 0.10000000000000142
11843, -0.1999999999999993, 0.1999999999999993
11844, -0.1999999999999993, 0.10000000000000142
11845, -0.1999999999999993, 0.10000000000000142
11846, -0.1999999999999993, 0.10000000000000142
11847, -0.1999999999999993, 0.10000000000000142
11848, -0.1999999999999993, 0.0
11849, -0.3000000000000007, 0.0
11850, -0.3000000000000007, 0.0
11851, -0.3000000000000007, 0.0
11852, -0.3000000000000007, 0.0
11853, -0.3000000000000007, 0.0
11854, -0.3000000000000007, 0.0
11855, -0.3000000000000007, 0.0
11856, -0.3000000000000007, 0.0
11857, -0.3000000000000007, 0.0
11858, -0.3000000000000007, 0.0
11859, -0.3000000000000007, 0.0
11860, -0.3000000000000007, 0.0
11861, -0.3000000000000007, 0.0
11862, -0.3000000000000007, 0.0
11863, -0.3000000000000007, 0.0
11864, -0.3000000000000007, -0.10000000000000142
11865, -0.3000000000000007, 0.0
11866, -0.3000000000000007, 0.10000000000000142
11867, -0.3000000000000007, 0.10000000000000142
11868, -0.3000000000000007, 0.0
11869, -0.3000000000000007, 0.0
11870, -0.3000000000000007, 0.0
11871, -0.3000000000000007, 0.10000000000000142
11872, -0.3000000000000007, 0.0
11873, -0.3000000000000007, 0.0
11874, -0.3000000000000007, 0.0
11875, -0.3000000000000007, -0.10000000000000142
11876, -0.3000000000000007, 0.0
11877, -0.3000000000000007, 0.0
11878, -0.3000000000000007, 0.0
11879, -0.3000000000000007, 0.0
11880, -0.1999999999999993, 0.0
11881, -0.1999999999999993, -0.10000000000000142
11882, -0.1999999999999993, 0.0
11883, -0.3000000000000007, 0.0
11884, -0.3000000000000007, -0.10000000000000142
11885, -0.3000000000000007, -0.10000000000000142
11886, -0.3000000000000007, 0.0
11887, -0.3000000000000007, -0.10000000000000142
11888, -0.3000000000000007, 0.0
11889, -0.3000000000000007, 0.0
11890, -0.3000000000000007, -0.10000000000000142
11891, -0.3000000000000007, -0.10000000000000142
11892, -0.3000000000000007, 0.0
11893, -0.3000000000000007, -0.10000000000000142
11894, -0.3000000000000007, -0.10000000000000142
11895, -0.3000000000000007, -0.10000000000000142
11896, -0.3000000000000007, -0.1999999999999993
11897, -0.3000000000000007, 0.0
11898, -0.3000000000000007, 0.0
11899, -0.3000000000000007, 0.0
11900, -0.3000000000000007, -0.10000000000000142
11901, -0.3000000000000007, -0.10000000000000142
11902, -0.3000000000000007, 0.0
11903, -0.3000000000000007, -0.10000000000000142
11904, -0.3000000000000007, -0.10000000000000142
11905, -0.3000000000000007, -0.10000000000000142
11906, -0.3000000000000007, -0.10000000000000142
11907, -0.3000000000000007, -0.10000000000000142
11908, -0.3000000000000007, -0.10000000000000142
11909, -0.3000000000000007, -0.10000000000000142
11910, -0.3000000000000007, -0.10000000000000142
11911, -0.3000000000000007, -0.10000000000000142
11912, -0.3000000000000007, -0.10000000000000142
11913, -0.3000000000000007, -0.10000000000000142
11914, -0.3000000000000007, -0.10000000000000142
11915, -0.3000000000000007, -0.10000000000000142
11916, -0.3000000000000007, -0.10000000000000142
11917, -0.3000000000000007, -0.10000000000000142
11918, -0.3000000000000007, -0.10000000000000142
11919, -0.3000000000000007, -0.10000000000000142
11920, -0.3000000000000007, -0.10000000000000142
11921, -0.3000000000000007, -0.10000000000000142
11922, -0.3000000000000007, -0.10000000000000142
11923, -0.3000000000000007, 0.0
11924, -0.3000000000000007, -0.10000000000000142
11925, -0.3000000000000007, -0.10000000000000142
11926, -0.3000000000000007, -0.10000000000000142
11927, -0.3000000000000007, 0.0
11928, -0.3000000000000007, 0.0
11929, -0.3000000000000007, -0.10000000000000142
11930, -0.3000000000000007, 0.0
11931, -0.3000000000000007, 0.0
11932, -0.3000000000000007, -0.10000000000000142
11933, -0.3000000000000007, -0.10000000000000142
11934, -0.3000000000000007, -0.10000000000000142
11935, -0.1999999999999993, -0.10000000000000142
11936, -0.1999999999999993, 0.0
11937, -0.3000000000000007, 0.0
11938, -0.3000000000000007, -0.10000000000000142
11939, -0.3000000000000007, 0.0
11940, -0.3000000000000007, 0.0
11941, -0.3000000000000007, 0.0
11942, -0.3000000000000007, 0.10000000000000142
11943, -0.3000000000000007, -0.10000000000000142
11944, -0.3000000000000007, -0.10000000000000142
11945, -0.3000000000000007, 0.0
11946, -0.3000000000000007, 0.0
11947, -0.3000000000000007, 0.0
11948, -0.3000000000000007, 0.0
11949, -0.3000000000000007, 0.0
11950, -0.3000000000000007, 0.0
11951, -0.3000000000000007, 0.0
11952, -0.3000000000000007, 0.0
11953, -0.3000000000000007, 0.0
11954, -0.3000000000000007, 0.0
11955, -0.3000000000000007, 0.0
11956, -0.3000000000000007, 0.10000000000000142
11957, -0.3000000000000007, -0.10000000000000142
11958, -0.3000000000000007, -0.10000000000000142
11959, -0.3000000000000007, 0.0
11960, -0.3000000000000007, 0.0
11961, -0.3000000000000007, 0.10000000000000142
11962, -0.3000000000000007, 0.0
11963, -0.3000000000000007, -0.10000000000000142
11964, -0.3000000000000007, 0.0
11965, -0.1999999999999993, 0.0
11966, -0.1999999999999993, -0.10000000000000142
11967, -0.1999999999999993, 0.0
11968, -0.1999999999999993, -0.10000000000000142
11969, -0.1999999999999993, 0.0
11970, -0.1999999999999993, 0.0
11971, -0.1999999999999993, 0.0
11972, -0.1999999999999993, 0.0
11973, -0.1999999999999993, -0.10000000000000142
11974, -0.1999999999999993, 0.0
11975, -0.1999999999999993, -0.10000000000000142
11976, -0.1999999999999993, 0.0
11977, -0.1999999999999993, -0.10000000000000142
11978, -0.1999999999999993, 0.0
11979, -0.1999999999999993, 0.0
11980, -0.1999999999999993, -0.10000000000000142
11981, -0.1999999999999993, -0.10000000000000142
11982, -0.1999999999999993, -0.10000000000000142
11983, -0.1999999999999993, 0.0
11984, -0.1999999999999993, -0.10000000000000142
11985, -0.1999999999999993, 0.0
11986, -0.1999999999999993, -0.10000000000000142
11987, -0.1999999999999993, 0.0
11988, -0.1999999999999993, -0.10000000000000142
11989, -0.1999999999999993, -0.10000000000000142
11990, -0.1999999999999993, 0.0
11991, -0.1999999999999993, -0.1999999999999993
11992, -0.1999999999999993, -0.10000000000000142
11993, -0.1999999999999993, -0.10000000000000142
11994, -0.1999999999999993, -0.10000000000000142
11995, -0.1999999999999993, -0.10000000000000142
11996, -0.1999999999999993, 0.0
11997, -0.1999999999999993, -0.1999999999999993
11998, -0.1999999999999993, -0.10000000000000142
11999, -0.1999999999999993, -0.10000000000000142
12000, -0.1999999999999993, -0.10000000000000142
12001, -0.3000000000000007, -0.10000000000000142
12002, -0.3000000000000007, -0.1999999999999993
12003, -0.3000000000000007, -0.10000000000000142
12004, -0.3000000000000007, -0.1999999999999993
12005, -0.3000000000000007, -0.10000000000000142
12006, -0.3000000000000007, -0.1999999999999993
12007, -0.3000000000000007, -0.1999999999999993
12008, -0.3000000000000007, -0.1999999999999993
12009, -0.3000000000000007, -0.10000000000000142
12010, -0.3000000000000007, -0.10000000000000142
12011, -0.3000000000000007, -0.1999999999999993
12012, -0.3000000000000007, -0.1999999999999993
12013, -0.3000000000000007, -0.10000000000000142
12014, -0.3000000000000007, -0.10000000000000142
12015, -0.3000000000000007, -0.10000000000000142
12016, -0.3000000000000007, -0.1999999999999993
12017, -0.3000000000000007, -0.10000000000000142
12018, -0.1999999999999993, -0.10000000000000142
12019, -0.1999999999999993, -0.10000000000000142
12020, -0.1999999999999993, -0.10000000000000142
12021, -0.1999999999999993, 0.0
12022, -0.1999999999999993, -0.10000000000000142
12023, -0.1999999999999993, -0.10000000000000142
12024, -0.1999999999999993, -0.10000000000000142
12025, -0.1999999999999993, -0.10000000000000142
12026, -0.1999999999999993, 0.0
12027, -0.1999999999999993, -0.10000000000000142
12028, -0.10000000000000142, 0.0
12029, -0.10000000000000142, 0.0
12030, -0.10000000000000142, 0.0
12031, -0.10000000000000142, 0.0
12032, -0.10000000000000142, 0.0
12033, -0.10000000000000142, 0.0
12034, -0.10000000000000142, 0.0
12035, -0.10000000000000142, 0.0
12036, -0.10000000000000142, 0.0
12037, -0.10000000000000142, 0.0
12038, 0.0, 0.0
12039, 0.0, 0.0
12040, 0.0, 0.0
12041, 0.0, 0.0
12042, 0.0, 0.0
12043, 0.0, 0.0
12044, 0.0, 0.0
12045, 0.0, 0.0
12046, 0.0, 0.0
12047, 0.0, 0.0
12048, 0.0, 0.0
12049, 0.0, 0.0
12050, 0.0, 0.0
12051, 0.0, 0.0
12052, 0.0, 0.0
12053, 0.0, 0.0
12054, 0.0, 0.0
12055, 0.0, 0.0
12056, 0.0, 0.0
12057, 0.0, 0.0
12058, 0.0, -0.10000000000000142
12059, 0.0, -0.10000000000000142
12060, 0.0, -0.10000000000000142
12061, 0.0, -0.10000000000000142
12062, 0.0, -0.10000000000000142
12063, 0.0, -0.10000000000000142
12064, 0.0, -0.10000000000000142
12065, 0.0, -0.10000000000000142
12066, 0.0, -0.10000000000000142
12067, 0.0, -0.10000000000000142
12068, 0.0, -0.10000000000000142
12069, 0.0, -0.10000000000000142
12070, 0.0, -0.10000000000000142
12071, 0.0, -0.10000000000000142
12072, 0.0, -0.10000000000000142
12073, 0.0, -0.10000000000000142
12074, 0.0, -0.10000000000000142
12075, 0.0, -0.10000000000000142
12076, 0.0, -0.1999999999999993
12077, 0.0, -0.10000000000000142
12078, 0.0, -0.10000000000000142
12079, 0.0, -0.10000000000000142
12080, -0.10000000000000142, -0.10000000000000142
12081, -0.10000000000000142, -0.10000000000000142
12082, -0.10000000000000142, -0.10000000000000142
12083, -0.10000000000000142, -0.10000000000000142
12084, -0.10000000000000142, -0.10000000000000142
12085, -0.10000000000000142, -0.10000000000000142
12086, -0.10000000000000142, -0.10000000000000142
12087, -0.10000000000000142, -0.10000000000000142
12088, -0.10000000000000142, -0.10000000000000142
12089, -0.10000000000000142, -0.10000000000000142
12090, -0.10000000000000142, -0.10000000000000142
12091, -0.10000000000000142, -0.10000000000000142
12092, -0.10000000000000142, -0.10000000000000142
12093, -0.10000000000000142, -0.10000000000000142
12094, -0.10000000000000142, -0.10000000000000142
12095, -0.10000000000000142, -0.10000000000000142
12096, -0.10000000000000142, -0.10000000000000142
12097, -0.10000000000000142, -0.10000000000000142
12098, -0.10000000000000142, -0.10000000000000142
12099, -0.10000000000000142, -0.10000000000000142
12100, -0.10000000000000142, -0.10000000000000142
12101, -0.10000000000000142, -0.10000000000000142
12102, 0.0, -0.10000000000000142
12103, 0.0, -0.10000000000000142
12104, 0.0, -0.10000000000000142
12105, 0.0, -0.10000000000000142
12106, 0.0, -0.10000000000000142
12107, 0.0, -0.10000000000000142
12108, 0.0, -0.10000000000000142
12109, 0.0, -0.10000000000000142
12110, 0.0, -0.10000000000000142
12111, 0.0, -0.10000000000000142
12112, 0.0, -0.10000000000000142
12113, 0.0, -0.10000000000000142
12114, 0.0, -0.10000000000000142
12115, 0.0, -0.10000000000000142
12116, 0.0, -0.10000000000000142
12117, 0.0, -0.10000000000000142
12118, 0.0, 0.0
12119, 0.0, -0.10000000000000142
12120, 0.0, -0.10000000000000142
12121, 0.0, -0.10000000000000142
12122, 0.0, -0.10000000000000142
12123, 0.0, -0.10000000000000142
12124, 0.0, -0.10000000000000142
12125, 0.0, -0.10000000000000142
12126, 0.0, -0.10000000000000142
12127, 0.0, -0.10000000000000142
12128, 0.0, -0.10000000000000142
12129, 0.0, -0.10000000000000142
12130, -0.10000000000000142, -0.10000000000000142
12131, -0.10000000000000142, -0.10000000000000142
12132, -0.10000000000000142, -0.10000000000000142
12133, -0.10000000000000142, -0.10000000000000142
12134, -0.10000000000000142, -0.10000000000000142
12135, -0.10000000000000142, -0.10000000000000142
12136, -0.10000000000000142, -0.10000000000000142
12137, -0.10000000000000142, -0.10000000000000142
12138, -0.10000000000000142, -0.10000000000000142
12139, -0.10000000000000142, -0.10000000000000142
12140, -0.10000000000000142, -0.10000000000000142
12141, -0.10000000000000142, -0.10000000000000142
12142, -0.10000000000000142, -0.10000000000000142
12143, -0.10000000000000142, -0.10000000000000142
12144, -0.10000000000000142, -0.10000000000000142
12145, -0.10000000000000142, -0.10000000000000142
12146, -0.10000000000000142, -0.10000000000000142
12147, -0.10000000000000142, -0.10000000000000142
12148, -0.10000000000000142, -0.10000000000000142
12149, -0.10000000000000142, -0.10000000000000142
12150, -0.10000000000000142, -0.10000000000000142
12151, -0.10000000000000142, -0.10000000000000142
12152, -0.10000000000000142, -0.10000000000000142
12153, -0.10000000000000142, -0.1999999999999993
12154, -0.10000000000000142, -0.10000000000000142
12155, -0.10000000000000142, -0.10000000000000142
12156, -0.10000000000000142, -0.10000000000000142
12157, -0.10000000000000142, -0.10000000000000142
12158, -0.10000000000000142, -0.1999999999999993
12159, -0.10000000000000142, -0.10000000000000142
12160, -0.10000000000000142, -0.10000000000000142
12161, -0.10000000000000142, 0.0
12162, -0.10000000000000142, -0.10000000000000142
12163, -0.10000000000000142, 0.0
12164, -0.10000000000000142, 0.0
12165, -0.10000000000000142, -0.10000000000000142
12166, -0.1999999999999993, -0.10000000000000142
12167, -0.1999999999999993, -0.10000000000000142
12168, -0.1999999999999993, 0.0
12169, -0.1999999999999993, -0.10000000000000142
12170, -0.1999999999999993, -0.10000000000000142
12171, -0.1999999999999993, -0.10000000000000142
12172, -0.1999999999999993, 0.0
12173, -0.1999999999999993, 0.0
12174, -0.1999999999999993, 0.0
12175, -0.1999999999999993, -0.10000000000000142
12176, -0.1999999999999993, -0.10000000000000142
12177, -0.1999999999999993, 0.0
12178, -0.10000000000000142, 0.0
12179, -0.10000000000000142, -0.10000000000000142
12180, -0.10000000000000142, -0.10000000000000142
12181, -0.10000000000000142, 0.0
12182, -0.10000000000000142, 0.0
12183, -0.10000000000000142, 0.0
12184, -0.10000000000000142, 0.0
12185, -0.10000000000000142, -0.10000000000000142
12186, -0.10000000000000142, -0.10000000000000142
12187, -0.10000000000000142, -0.10000000000000142
12188, -0.10000000000000142, 0.0
12189, -0.10000000000000142, -0.10000000000000142
12190, -0.10000000000000142, -0.10000000000000142
12191, -0.10000000000000142, -0.10000000000000142
12192, -0.1999999999999993, -0.1999999999999993
12193, -0.1999999999999993, -0.10000000000000142
12194, -0.1999999999999993, 0.0
12195, -0.1999999999999993, 0.0
12196, -0.1999999999999993, -0.10000000000000142
12197, -0.1999999999999993, -0.10000000000000142
12198, -0.1999999999999993, -0.10000000000000142
12199, -0.1999999999999993, -0.1999999999999993
12200, -0.1999999999999993, -0.10000000000000142
12201, -0.10000000000000142, -0.10000000000000142
12202, -0.10000000000000142, -0.10000000000000142
12203, -0.10000000000000142, -0.1999999999999993
12204, -0.10000000000000142, -0.1999999999999993
12205, -0.10000000000000142, -0.1999999999999993
12206, -0.10000000000000142, 0.0
12207, -0.10000000000000142, -0.10000000000000142
12208, -0.10000000000000142, -0.10000000000000142
12209, -0.10000000000000142, -0.10000000000000142
12210, -0.10000000000000142, -0.1999999999999993
12211, -0.10000000000000142, -0.1999999999999993
12212, -0.10000000000000142, -0.10000000000000142
12213, -0.10000000000000142, 0.0
12214, -0.10000000000000142, -0.10000000000000142
12215, -0.10000000000000142, -0.10000000000000142
12216, -0.10000000000000142, -0.10000000000000142
12217, -0.10000000000000142, -0.1999999999999993
12218, -0.1999999999999993, -0.10000000000000142
12219, -0.1999999999999993, -0.10000000000000142
12220, -0.1999999999999993, -0.10000000000000142
12221, -0.1999999999999993, -0.10000000000000142
12222, -0.10000000000000142, -0.10000000000000142
12223, -0.10000000000000142, 0.0
12224, -0.10000000000000142, -0.10000000000000142
12225, -0.10000000000000142, -0.10000000000000142
12226, -0.10000000000000142, 0.0
12227, -0.10000000000000142, -0.10000000000000142
12228, -0.10000000000000142, -0.10000000000000142
12229, -0.10000000000000142, -0.10000000000000142
12230, -0.10000000000000142, -0.10000000000000142
12231, -0.10000000000000142, -0.10000000000000142
12232, -0.10000000000000142, -0.10000000000000142
12233, -0.10000000000000142, 0.0
12234, -0.10000000000000142, -0.10000000000000142
12235, -0.10000000000000142, -0.10000000000000142
12236, -0.10000000000000142, 0.0
12237, -0.10000000000000142, -0.10000000000000142
12238, -0.10000000000000142, -0.10000000000000142
12239, -0.10000000000000142, -0.10000000000000142
12240, -0.10000000000000142, 0.0
12241, -0.10000000000000142, -0.10000000000000142
12242, -0.10000000000000142, -0.10000000000000142
12243, -0.10000000000000142, 0.0
12244, -0.10000000000000142, 0.0
12245, -0.10000000000000142, 0.0
12246, -0.10000000000000142, 0.0
12247, -0.10000000000000142, 0.10000000000000142
12248, -0.10000000000000142, 0.0
12249, -0.10000000000000142, 0.0
12250, -0.10000000000000142, 0.10000000000000142
12251, -0.10000000000000142, 0.10000000000000142
12252, -0.10000000000000142, 0.0
12253, -0.10000000000000142, 0.0
12254, -0.10000000000000142, 0.10000000000000142
12255, -0.10000000000000142, 0.10000000000000142
12256, -0.10000000000000142, 0.0
12257, -0.10000000000000142, 0.10000000000000142
12258, -0.10000000000000142, 0.10000000000000142
12259, -0.10000000000000142, 0.0
12260, -0.10000000000000142, 0.0
12261, -0.10000000000000142, 0.0
12262, -0.10000000000000142, 0.0
12263, -0.10000000000000142, 0.0
12264, -0.10000000000000142, 0.10000000000000142
12265, -0.10000000000000142, 0.0
12266, -0.10000000000000142, 0.0
12267, -0.10000000000000142, 0.10000000000000142
12268, -0.10000000000000142, 0.10000000000000142
12269, -0.10000000000000142, 0.0
12270, -0.10000000000000142, 0.0
12271, -0.10000000000000142, 0.0
12272, -0.10000000000000142, 0.0
12273, -0.10000000000000142, 0.0
12274, -0.10000000000000142, 0.0
12275, -0.10000000000000142, 0.0
12276, -0.10000000000000142, 0.0
12277, -0.10000000000000142, 0.0
12278, -0.10000000000000142, 0.0
12279, -0.10000000000000142, 0.0
12280, -0.1999999999999993, 0.0
12281, -0.1999999999999993, 0.0
12282, -0.1999999999999993, -0.10000000000000142
12283, -0.1999999999999993, 0.0
12284, -0.1999999999999993, 0.0
12285, -0.1999999999999993, 0.0
12286, -0.1999999999999993, -0.10000000000000142
12287, -0.1999999999999993, 0.0
12288, -0.1999999999999993, 0.0
12289, -0.1999999999999993, 0.0
12290, -0.1999999999999993, 0.0
12291, -0.1999999999999993, 0.0
12292, -0.1999999999999993, 0.0
12293, -0.1999999999999993, 0.0
12294, -0.1999999999999993, 0.0
12295, -0.1999999999999993, 0.10000000000000142
12296, -0.1999999999999993, 0.10000000000000142
12297, -0.1999999999999993, 0.0
12298, -0.1999999999999993, 0.0
12299, -0.1999999999999993, 0.10000000000000142
12300, -0.1999999999999993, 0.10000000000000142
12301, -0.1999999999999993, 0.10000000000000142
12302, -0.1999999999999993, 0.0
12303, -0.1999999999999993, 0.0
12304, -0.1999999999999993, 0.10000000000000142
12305, -0.1999999999999993, 0.10000000000000142
12306, -0.1999999999999993, 0.10000000000000142
12307, -0.1999999999999993, 0.0
12308, -0.1999999999999993, 0.10000000000000142
12309, -0.1999999999999993, 0.10000000000000142
12310, -0.1999999999999993, 0.0
12311, -0.1999999999999993, 0.0
12312, -0.1999999999999993, -0.10000000000000142
12313, -0.1999999999999993, 0.0
12314, -0.1999999999999993, 0.0
12315, -0.1999999999999993, 0.0
12316, -0.1999999999999993, 0.0
12317, -0.1999999999999993, 0.0
12318, -0.1999999999999993, 0.0
12319, -0.1999999999999993, 0.0
12320, -0.1999999999999993, 0.0
12321, -0.1999999999999993, 0.0
12322, -0.1999999999999993, 0.0
12323, -0.1999999999999993, 0.0
12324, -0.1999999999999993, 0.0
12325, -0.1999999999999993, 0.0
12326, -0.10000000000000142, 0.0
12327, -0.10000000000000142, 0.10000000000000142
12328, -0.10000000000000142, 0.0
12329, -0.10000000000000142, 0.0
12330, -0.10000000000000142, 0.0
12331, -0.10000000000000142, 0.0
12332, -0.10000000000000142, 0.10000000000000142
12333, -0.10000000000000142, 0.10000000000000142
12334, -0.10000000000000142, 0.0
12335, -0.10000000000000142, 0.0
12336, -0.10000000000000142, 0.0
12337, -0.10000000000000142, 0.0
12338, -0.10000000000000142, 0.10000000000000142
12339, -0.10000000000000142, 0.10000000000000142
12340, -0.10000000000000142, 0.10000000000000142
12341, -0.10000000000000142, 0.10000000000000142
12342, -0.10000000000000142, 0.0
12343, -0.10000000000000142, 0.0
12344, -0.10000000000000142, 0.0
12345, -0.10000000000000142, 0.10000000000000142
12346, -0.10000000000000142, 0.10000000000000142
12347, -0.10000000000000142, 0.10000000000000142
12348, -0.10000000000000142, 0.10000000000000142
12349, -0.10000000000000142, 0.10000000000000142
12350, -0.10000000000000142, 0.10000000000000142
12351, -0.10000000000000142, 0.10000000000000142
12352, -0.10000000000000142, 0.0
12353, -0.10000000000000142, 0.0
12354, -0.10000000000000142, 0.0
12355, -0.10000000000000142, 0.0
12356, -0.10000000000000142, 0.0
12357, -0.10000000000000142, 0.0
12358, -0.10000000000000142, 0.10000000000000142
12359, -0.10000000000000142, 0.10000000000000142
12360, -0.10000000000000142, 0.10000000000000142
12361, -0.10000000000000142, 0.0
12362, -0.10000000000000142, 0.0
12363, -0.10000000000000142, 0.0
12364, -0.10000000000000142, 0.10000000000000142
12365, -0.10000000000000142, 0.10000000000000142
12366, -0.10000000000000142, 0.10000000000000142
12367, -0.10000000000000142, 0.10000000000000142
12368, -0.10000000000000142, 0.10000000000000142
12369, -0.10000000000000142, 0.10000000000000142
12370, -0.10000000000000142, 0.10000000000000142
12371, -0.10000000000000142, 0.0
12372, -0.10000000000000142, 0.0
12373, -0.10000000000000142, 0.0
12374, -0.10000000000000142, 0.0
12375, -0.10000000000000142, 0.0
12376, -0.1999999999999993, 0.0
12377, -0.10000000000000142, 0.0
12378, -0.10000000000000142, 0.0
12379, -0.10000000000000142, 0.0
12380, -0.10000000000000142, 0.0
12381, -0.10000000000000142, 0.0
12382, -0.10000000000000142, 0.0
12383, -0.10000000000000142, 0.10000000000000142
12384, -0.10000000000000142, 0.10000000000000142
12385, -0.10000000000000142, 0.10000000000000142
12386, -0.10000000000000142, 0.0
12387, -0.10000000000000142, 0.0
12388, -0.10000000000000142, 0.0
12389, -0.10000000000000142, 0.0
12390, -0.10000000000000142, 0.0
12391, -0.10000000000000142, 0.0
12392, -0.10000000000000142, 0.0
12393, -0.10000000000000142, 0.0
12394, -0.10000000000000142, 0.0
12395, 0.0, 0.0
12396, 0.0, 0.0
12397, 0.0, 0.10000000000000142
12398, 0.0, 0.10000000000000142
12399, 0.0, 0.10000000000000142
12400, 0.0, 0.10000000000000142
12401, 0.0, 0.10000000000000142
12402, 0.0, 0.10000000000000142
12403, 0.0, 0.10000000000000142
12404, 0.0, 0.10000000000000142
12405, 0.0, 0.10000000000000142
12406, 0.0, 0.10000000000000142
12407, 0.0, 0.10000000000000142
12408, 0.0, 0.10000000000000142
12409, 0.0, 0.10000000000000142
12410, -0.10000000000000142, 0.10000000000000142
12411, -0.10000000000000142, 0.10000000000000142
12412, -0.10000000000000142, 0.10000000000000142
12413, -0.10000000000000142, 0.10000000000000142
12414, -0.10000000000000142, 0.10000000000000142
12415, -0.10000000000000142, 0.10000000000000142
12416, -0.10000000000000142, 0.10000000000000142
12417, -0.10000000000000142, 0.10000000000000142
12418, -0.10000000000000142, 0.10000000000000142
12419, -0.1999999999999993, 0.10000000000000142
12420, -0.1999999999999993, 0.10000000000000142
12421, -0.1999999999999993, 0.0
12422, -0.1999999999999993, 0.0
12423, -0.1999999999999993, 0.10000000000000142
12424, -0.1999999999999993, 0.10000000000000142
12425, -0.1999999999999993, 0.10000000000000142
12426, -0.10000000000000142, 0.10000000000000142
12427, -0.10000000000000142, 0.0
12428, -0.10000000000000142, 0.0
12429, -0.10000000000000142, 0.0
12430, -0.10000000000000142, 0.0
12431, -0.10000000000000142, 0.10000000000000142
12432, -0.10000000000000142, 0.0
12433, -0.10000000000000142, 0.0
12434, -0.10000000000000142, 0.0
12435, -0.10000000000000142, 0.0
12436, -0.10000000000000142, 0.10000000000000142
12437, -0.10000000000000142, 0.10000000000000142
12438, -0.10000000000000142, 0.0
12439, -0.10000000000000142, 0.0
12440, -0.10000000000000142, 0.0
12441, -0.10000000000000142, 0.10000000000000142
12442, -0.10000000000000142, 0.10000000000000142
12443, -0.10000000000000142, 0.10000000000000142
12444, -0.10000000000000142, 0.10000000000000142
12445, -0.1999999999999993, 0.0
12446, -0.1999999999999993, 0.0
12447, -0.1999999999999993, 0.0
12448, -0.1999999999999993, -0.10000000000000142
12449, -0.1999999999999993, -0.10000000000000142
12450, -0.1999999999999993, 0.0
12451, -0.1999999999999993, 0.0
12452, -0.1999999999999993, 0.0
12453, -0.1999999999999993, 0.0
12454, -0.1999999999999993, -0.10000000000000142
12455, -0.1999999999999993, -0.10000000000000142
12456, -0.1999999999999993, -0.10000000000000142
12457, -0.1999999999999993, -0.10000000000000142
12458, -0.1999999999999993, -0.10000000000000142
12459, -0.1999999999999993, 0.0
12460, -0.1999999999999993, 0.0
12461, -0.1999999999999993, 0.0
12462, -0.1999999999999993, 0.0
12463, -0.1999999999999993, -0.10000000000000142
12464, -0.1999999999999993, -0.10000000000000142
12465, -0.1999999999999993, -0.10000000000000142
12466, -0.1999999999999993, -0.10000000000000142
12467, -0.1999999999999993, 0.0
12468, -0.1999999999999993, 0.0
12469, -0.1999999999999993, 0.0
12470, -0.1999999999999993, -0.10000000000000142
12471, -0.1999999999999993, -0.10000000000000142
12472, -0.1999999999999993, -0.10000000000000142
12473, -0.10000000000000142, 0.0
12474, -0.10000000000000142, 0.0
12475, -0.10000000000000142, 0.0
12476, -0.10000000000000142, -0.10000000000000142
12477, -0.10000000000000142, 0.0
12478, -0.10000000000000142, 0.0
12479, -0.10000000000000142, 0.10000000000000142
12480, -0.10000000000000142, 0.10000000000000142
12481, -0.10000000000000142, 0.0
12482, -0.10000000000000142, 0.0
12483, -0.10000000000000142, 0.0
12484, -0.10000000000000142, 0.10000000000000142
12485, -0.10000000000000142, 0.10000000000000142
12486, -0.10000000000000142, 0.10000000000000142
12487, -0.10000000000000142, -0.10000000000000142
12488, -0.10000000000000142, 0.0
12489, -0.10000000000000142, 0.0
12490, -0.10000000000000142, 0.0
12491, -0.10000000000000142, 0.0
12492, -0.10000000000000142, 0.0
12493, 0.0, 0.0
12494, 0.0, 0.0
12495, 0.0, 0.0
12496, 0.0, 0.0
12497, 0.0, 0.10000000000000142
12498, 0.0, 0.10000000000000142
12499, 0.0, 0.0
12500, 0.0, 0.0
12501, 0.0, 0.10000000000000142
12502, 0.0, 0.10000000000000142
12503, 0.0, 0.0
12504, 0.0, -0.10000000000000142
12505, 0.0, 0.0
12506, 0.0, 0.0
12507, 0.0, 0.0
12508, 0.0, 0.0
12509, 0.0, -0.10000000000000142
12510, 0.0, 0.0
12511, 0.0, 0.0
12512, 0.0, 0.0
12513, 0.0, 0.0
12514, 0.0, -0.10000000000000142
12515, 0.0, 0.0
12516, 0.0, 0.0
12517, 0.0, 0.0
12518, 0.0, 0.0
12519, -0.10000000000000142, 0.0
12520, -0.10000000000000142, -0.10000000000000142
12521, -0.10000000000000142, 0.0
12522, -0.10000000000000142, 0.0
12523, -0.10000000000000142, 0.0
12524, -0.10000000000000142, 0.0
12525, -0.10000000000000142, 0.0
12526, -0.10000000000000142, 0.10000000000000142
12527, -0.10000000000000142, 0.0
12528, -0.10000000000000142, 0.0
12529, -0.10000000000000142, -0.10000000000000142
12530, -0.1999999999999993, -0.10000000000000142
12531, -0.1999999999999993, 0.0
12532, -0.1999999999999993, 0.0
12533, -0.1999999999999993, 0.0
12534, -0.1999999999999993, 0.0
12535, -0.1999999999999993, 0.0
12536, -0.1999999999999993, 0.10000000000000142
12537, -0.1999999999999993, 0.10000000000000142
12538, -0.1999999999999993, 0.10000000000000142
12539, -0.1999999999999993, 0.10000000000000142
12540, -0.1999999999999993, 0.0
12541, -0.1999999999999993, 0.10000000000000142
12542, -0.1999999999999993, 0.10000000000000142
12543, -0.1999999999999993, 0.10000000000000142
12544, -0.1999999999999993, 0.10000000000000142
12545, -0.1999999999999993, 0.10000000000000142
12546, -0.1999999999999993, 0.1999999999999993
12547, -0.1999999999999993, 0.10000000000000142
12548, -0.1999999999999993, 0.0
12549, -0.1999999999999993, 0.0
12550, -0.10000000000000142, 0.0
12551, -0.10000000000000142, 0.10000000000000142
12552, -0.10000000000000142, 0.10000000000000142
12553, -0.10000000000000142, 0.10000000000000142
12554, -0.10000000000000142, 0.0
12555, -0.10000000000000142, 0.0
12556, -0.10000000000000142, 0.10000000000000142
12557, -0.10000000000000142, 0.0
12558, -0.10000000000000142, 0.0
12559, -0.1999999999999993, 0.0
12560, -0.1999999999999993, 0.0
12561, -0.1999999999999993, 0.0
12562, -0.1999999999999993, 0.0
12563, -0.1999999999999993, 0.0
12564, -0.1999999999999993, -0.10000000000000142
12565, -0.1999999999999993, 0.0
12566, -0.1999999999999993, 0.0
12567, -0.1999999999999993, -0.10000000000000142
12568, -0.1999999999999993, -0.10000000000000142
12569, -0.1999999999999993, -0.10000000000000142
12570, -0.1999999999999993, -0.10000000000000142
12571, -0.1999999999999993, -0.10000000000000142
12572, -0.1999999999999993, -0.10000000000000142
12573, -0.1999999999999993, -0.10000000000000142
12574, -0.1999999999999993, -0.10000000000000142
12575, -0.1999999999999993, -0.10000000000000142
12576, -0.1999999999999993, -0.10000000000000142
12577, -0.1999999999999993, -0.10000000000000142
12578, -0.1999999999999993, -0.1999999999999993
12579, -0.10000000000000142, -0.1999999999999993
12580, -0.10000000000000142, -0.10000000000000142
12581, 0.0, -0.10000000000000142
12582, 0.0, -0.10000000000000142
12583, 0.0, -0.10000000000000142
12584, 0.0, -0.10000000000000142
12585, 0.0, -0.1999999999999993
12586, 0.0, -0.1999999999999993
12587, 0.0, -0.10000000000000142
12588, 0.0, -0.10000000000000142
12589, 0.0, -0.10000000000000142
12590, 0.0, -0.10000000000000142
12591, 0.0, -0.10000000000000142
12592, 0.0, -0.10000000000000142
12593, 0.0, -0.1999999999999993
12594, 0.0, -0.10000000000000142
12595, 0.0, -0.10000000000000142
12596, 0.0, -0.10000000000000142
12597, 0.0, -0.10000000000000142
12598, 0.0, -0.10000000000000142
12599, 0.0, -0.10000000000000142
12600, 0.0, -0.10000000000000142
12601, 0.0, -0.10000000000000142
12602, 0.0, -0.10000000000000142
12603, 0.0, 0.0
12604, 0.0, 0.0
12605, 0.0, 0.0
12606, 0.0, 0.0
12607, 0.0, 0.0
12608, 0.0, 0.0
12609, 0.0, 0.0
12610, 0.0, 0.0
12611, 0.0, 0.10000000000000142
12612, 0.0, 0.0
12613, 0.0, 0.0
12614, 0.0, 0.0
12615, 0.0, 0.0
12616, 0.0, 0.0
12617, 0.0, 0.0
12618, 0.0, 0.0
12619, 0.0, 0.0
12620, 0.0, 0.0
12621, 0.0, 0.10000000000000142
12622, 0.0, 0.10000000000000142
12623, 0.0, 0.10000000000000142
12624, 0.0, 0.10000000000000142
12625, 0.0, 0.10000000000000142
12626, 0.0, 0.10000000000000142
12627, 0.0, 0.0
12628, 0.0, 0.0
12629, 0.0, 0.0
12630, 0.0, -0.10000000000000142
12631, 0.0, -0.10000000000000142
12632, 0.0, -0.10000000000000142
12633, 0.0, -0.10000000000000142
12634, 0.0, -0.10000000000000142
12635, -0.10000000000000142, -0.10000000000000142
12636, -0.10000000000000142, 0.0
12637, -0.10000000000000142, 0.0
12638, -0.10000000000000142, 0.0
12639, -0.10000000000000142, 0.0
12640, -0.10000000000000142, 0.0
12641, -0.10000000000000142, 0.0
12642, -0.10000000000000142, 0.0
12643, -0.10000000000000142, 0.0
12644, -0.10000000000000142, 0.0
12645, -0.10000000000000142, 0.0
12646, -0.10000000000000142, -0.10000000000000142
12647, -0.10000000000000142, -0.10000000000000142
12648, -0.10000000000000142, -0.10000000000000142
12649, -0.10000000000000142, -0.10000000000000142
12650, -0.10000000000000142, -0.10000000000000142
12651, -0.10000000000000142, -0.10000000000000142
12652, -0.10000000000000142, -0.10000000000000142
12653, -0.10000000000000142, -0.10000000000000142
12654, -0.10000000000000142, -0.10000000000000142
12655, -0.10000000000000142, -0.10000000000000142
12656, -0.10000000000000142, -0.10000000000000142
12657, -0.10000000000000142, -0.10000000000000142
12658, -0.10000000000000142, -0.10000000000000142
12659, -0.10000000000000142, -0.10000000000000142
12660, -0.10000000000000142, -0.10000000000000142
12661, -0.1999999999999993, -0.10000000000000142
12662, -0.1999999999999993, -0.10000000000000142
12663, -0.1999999999999993, -0.1999999999999993
12664, -0.1999999999999993, -0.10000000000000142
12665, -0.1999999999999993, -0.10000000000000142
12666, -0.1999999999999993, -0.10000000000000142
12667, -0.1999999999999993, -0.10000000000000142
12668, -0.1999999999999993, -0.10000000000000142
12669, -0.1999999999999993, -0.10000000000000142
12670, -0.1999999999999993, -0.10000000000000142
12671, -0.1999999999999993, -0.10000000000000142
12672, -0.1999999999999993, -0.10000000000000142
12673, -0.1999999999999993, -0.10000000000000142
12674, -0.1999999999999993, 0.0
12675, -0.1999999999999993, 0.0
12676, -0.1999999999999993, 0.0
12677, -0.1999999999999993, -0.10000000000000142
12678, -0.1999999999999993, -0.10000000000000142
12679, -0.1999999999999993, -0.10000000000000142
12680, -0.1999999999999993, -0.10000000000000142
12681, -0.1999999999999993, -0.10000000000000142
12682, -0.1999999999999993, -0.10000000000000142
12683, -0.1999999999999993, -0.10000000000000142
12684, -0.10000000000000142, -0.10000000000000142
12685, -0.10000000000000142, 0.10000000000000142
12686, -0.10000000000000142, 0.0
12687, -0.10000000000000142, 0.0
12688, -0.10000000000000142, 0.0
12689, -0.10000000000000142, 0.0
12690, -0.10000000000000142, 0.0
12691, -0.10000000000000142, 0.0
12692, -0.10000000000000142, 0.0
12693, -0.10000000000000142, -0.10000000000000142
12694, -0.10000000000000142, -0.10000000000000142
12695, -0.10000000000000142, 0.10000000000000142
12696, -0.10000000000000142, 0.10000000000000142
12697, -0.10000000000000142, 0.10000000000000142
12698, -0.10000000000000142, 0.10000000000000142
12699, -0.10000000000000142, 0.0
12700, -0.10000000000000142, 0.0
12701, -0.10000000000000142, 0.0
12702, -0.10000000000000142, 0.0
12703, -0.10000000000000142, 0.10000000000000142
12704, -0.10000000000000142, 0.10000000000000142
12705, -0.10000000000000142, 0.0
12706, -0.10000000000000142, 0.0
12707, -0.10000000000000142, 0.0
12708, -0.10000000000000142, 0.0
12709, -0.10000000000000142, 0.0
12710, -0.10000000000000142, 0.0
12711, -0.10000000000000142, -0.10000000000000142
12712, -0.10000000000000142, 0.0
12713, -0.10000000000000142, 0.0
12714, -0.10000000000000142, 0.0
12715, -0.10000000000000142, 0.0
12716, -0.10000000000000142, 0.0
12717, -0.10000000000000142, -0.10000000000000142
12718, -0.10000000000000142, -0.10000000000000142
12719, -0.10000000000000142, 0.0
12720, -0.10000000000000142, 0.0
12721, -0.10000000000000142, 0.0
12722, -0.10000000000000142, 0.0
12723, -0.10000000000000142, -0.10000000000000142
12724, -0.10000000000000142, -0.10000000000000142
12725, -0.10000000000000142, -0.10000000000000142
12726, -0.10000000000000142, -0.10000000000000142
12727, -0.10000000000000142, -0.10000000000000142
12728, -0.10000000000000142, 0.0
12729, -0.10000000000000142, -0.10000000000000142
12730, -0.1999999999999993, -0.10000000000000142
12731, -0.1999999999999993, -0.10000000000000142
12732, -0.1999999999999993, 0.0
12733, -0.1999999999999993, 0.0
12734, -0.1999999999999993, -0.10000000000000142
12735, -0.1999999999999993, -0.10000000000000142
12736, -0.1999999999999993, -0.10000000000000142
12737, -0.1999999999999993, -0.10000000000000142
12738, -0.1999999999999993, -0.10000000000000142
12739, -0.3000000000000007, -0.10000000000000142
12740, -0.3000000000000007, -0.1999999999999993
12741, -0.3000000000000007, 0.0
12742, -0.3000000000000007, 0.0
12743, -0.3000000000000007, 0.0
12744, -0.1999999999999993, 0.0
12745, -0.1999999999999993, 0.0
12746, -0.1999999999999993, -0.10000000000000142
12747, -0.1999999999999993, -0.10000000000000142
12748, -0.1999999999999993, -0.10000000000000142
12749, -0.1999999999999993, -0.10000000000000142
12750, -0.1999999999999993, 0.10000000000000142
12751, -0.1999999999999993, 0.10000000000000142
12752, -0.1999999999999993, 0.0
12753, -0.1999999999999993, 0.0
12754, -0.1999999999999993, 0.0
12755, -0.1999999999999993, 0.0
12756, -0.1999999999999993, 0.0
12757, -0.1999999999999993, 0.0
12758, -0.1999999999999993, 0.0
12759, -0.1999999999999993, 0.0
12760, -0.1999999999999993, 0.0
12761, -0.1999999999999993, 0.0
12762, -0.1999999999999993, 0.0
12763, -0.1999999999999993, 0.0
12764, -0.1999999999999993, 0.0
12765, -0.1999999999999993, 0.0
12766, -0.1999999999999993, 0.0
12767, -0.1999999999999993, 0.0
12768, -0.1999999999999993, 0.0
12769, -0.1999999999999993, 0.0
12770, -0.1999999999999993, 0.0
12771, -0.1999999999999993, 0.10000000000000142
12772, -0.1999999999999993, 0.0
12773, -0.1999999999999993, 0.0
12774, -0.1999999999999993, 0.0
12775, -0.1999999999999993, 0.0
12776, -0.1999999999999993, 0.0
12777, -0.1999999999999993, 0.0
12778, -0.1999999999999993, 0.10000000000000142
12779, -0.3000000000000007, 0.10000000000000142
12780, -0.3000000000000007, 0.0
12781, -0.3000000000000007, 0.0
12782, -0.3000000000000007, 0.0
12783, -0.3000000000000007, 0.0
12784, -0.3000000000000007, 0.0
12785, -0.3000000000000007, 0.0
12786, -0.3000000000000007, 0.10000000000000142
12787, -0.3000000000000007, 0.10000000000000142
12788, -0.3000000000000007, 0.10000000000000142
12789, -0.3000000000000007, 0.0
12790, -0.3000000000000007, 0.0
12791, -0.3000000000000007, 0.0
12792, -0.1999999999999993, 0.0
12793, -0.1999999999999993, 0.0
12794, -0.1999999999999993, 0.0
12795, -0.10000000000000142, 0.10000000000000142
12796, -0.10000000000000142, 0.10000000000000142
12797, -0.10000000000000142, 0.0
12798, -0.10000000000000142, 0.0
12799, -0.10000000000000142, 0.0
12800, -0.10000000000000142, 0.0
12801, -0.10000000000000142, 0.0
12802, -0.10000000000000142, 0.10000000000000142
12803, -0.10000000000000142, 0.10000000000000142
12804, -0.10000000000000142, 0.0
12805, -0.10000000000000142, -0.10000000000000142
12806, -0.10000000000000142, -0.10000000000000142
12807, -0.10000000000000142, -0.10000000000000142
12808, -0.10000000000000142, -0.10000000000000142
12809, -0.10000000000000142, 0.0
12810, -0.10000000000000142, 0.0
12811, -0.10000000000000142, 0.0
12812, -0.10000000000000142, 0.0
12813, -0.10000000000000142, -0.10000000000000142
12814, -0.10000000000000142, -0.10000000000000142
12815, -0.10000000000000142, -0.10000000000000142
12816, -0.10000000000000142, -0.10000000000000142
12817, 0.0, 0.0
12818, 0.0, 0.0
12819, 0.0, 0.0
12820, 0.0, 0.0
12821, 0.0, 0.0
12822, 0.0, 0.0
12823, 0.0, 0.0
12824, 0.0, 0.0
12825, 0.0, 0.0
12826, 0.0, 0.0
12827, 0.0, -0.10000000000000142
12828, 0.0, 0.0
12829, 0.0, 0.0
12830, 0.0, 0.0
12831, -0.10000000000000142, 0.0
12832, -0.10000000000000142, 0.0
12833, -0.10000000000000142, 0.0
12834, -0.10000000000000142, 0.0
12835, -0.1999999999999993, 0.0
12836, -0.1999999999999993, 0.0
12837, -0.1999999999999993, 0.0
12838, -0.1999999999999993, 0.0
12839, -0.1999999999999993, 0.0
12840, -0.1999999999999993, 0.10000000000000142
12841, -0.1999999999999993, 0.0
12842, -0.1999999999999993, 0.0
12843, -0.1999999999999993, 0.0
12844, -0.1999999999999993, 0.0
12845, -0.1999999999999993, -0.10000000000000142
12846, -0.1999999999999993, -0.10000000000000142
12847, -0.1999999999999993, -0.10000000000000142
12848, -0.1999999999999993, -0.10000000000000142
12849, -0.1999999999999993, -0.10000000000000142
12850, -0.1999999999999993, -0.10000000000000142
12851, -0.1999999999999993, -0.10000000000000142
12852, -0.1999999999999993, 0.0
12853, -0.1999999999999993, 0.0
12854, -0.1999999999999993, 0.0
12855, -0.1999999999999993, 0.0
12856, -0.1999999999999993, 0.0
12857, -0.1999999999999993, 0.0
12858, -0.1999999999999993, 0.0
12859, -0.1999999999999993, 0.0
12860, -0.1999999999999993, 0.0
12861, -0.1999999999999993, 0.0
12862, -0.1999999999999993, 0.0
12863, -0.1999999999999993, 0.0
12864, -0.1999999999999993, 0.0
12865, -0.1999999999999993, 0.0
12866, -0.1999999999999993, 0.0
12867, -0.1999999999999993, 0.0
12868, -0.1999999999999993, 0.0
12869, -0.1999999999999993, -0.10000000000000142
12870, -0.1999999999999993, 0.0
12871, -0.1999999999999993, 0.0
12872, -0.1999999999999993, 0.0
12873, -0.1999999999999993, 0.0
12874, -0.1999999999999993, 0.0
12875, -0.1999999999999993, 0.0
12876, -0.1999999999999993, 0.0
12877, -0.1999999999999993, 0.0
12878, -0.1999999999999993, 0.0
12879, -0.1999999999999993, 0.0
12880, -0.1999999999999993, 0.0
12881, -0.1999999999999993, 0.0
12882, -0.1999999999999993, 0.0
12883, -0.1999999999999993, 0.0
12884, -0.1999999999999993, -0.10000000000000142
12885, -0.1999999999999993, 0.0
12886, -0.1999999999999993, 0.0
12887, -0.3000000000000007, 0.0
12888, -0.1999999999999993, 0.0
12889, -0.1999999999999993, 0.0
12890, -0.1999999999999993, 0.0
12891, -0.1999999999999993, 0.0
12892, -0.1999999999999993, 0.0
12893, -0.1999999999999993, 0.0
12894, -0.1999999999999993, 0.0
12895, -0.1999999999999993, 0.0
12896, -0.1999999999999993, 0.0
12897, -0.1999999999999993, 0.0
12898, -0.1999999999999993, 0.0
12899, -0.1999999999999993, -0.10000000000000142
12900, -0.1999999999999993, -0.10000000000000142
12901, -0.1999999999999993, -0.10000000000000142
12902, -0.1999999999999993, -0.10000000000000142
12903, -0.1999999999999993, -0.10000000000000142
12904, -0.1999999999999993, 0.0
12905, -0.10000000000000142, 0.0
12906, -0.10000000000000142, 0.0
12907, -0.10000000000000142, 0.10000000000000142
12908, -0.10000000000000142, 0.10000000000000142
12909, -0.10000000000000142, 0.0
12910, -0.10000000000000142, 0.0
12911, -0.10000000000000142, 0.0
12912, -0.10000000000000142, 0.0
12913, -0.10000000000000142, 0.0
12914, -0.10000000000000142, 0.0
12915, -0.10000000000000142, 0.0
12916, -0.10000000000000142, 0.0
12917, -0.10000000000000142, 0.0
12918, -0.10000000000000142, -0.10000000000000142
12919, -0.10000000000000142, -0.10000000000000142
12920, -0.10000000000000142, -0.10000000000000142
12921, -0.10000000000000142, -0.10000000000000142
12922, -0.10000000000000142, -0.10000000000000142
12923, -0.10000000000000142, -0.10000000000000142
12924, -0.10000000000000142, -0.10000000000000142
12925, -0.10000000000000142, -0.10000000000000142
12926, -0.10000000000000142, -0.10000000000000142
12927, -0.10000000000000142, -0.10000000000000142
12928, -0.10000000000000142, 0.0
12929, -0.10000000000000142, 0.0
12930, -0.10000000000000142, 0.0
12931, -0.10000000000000142, 0.0
12932, -0.10000000000000142, 0.0
12933, -0.10000000000000142, 0.0
12934, -0.10000000000000142, 0.0
12935, -0.10000000000000142, -0.10000000000000142
12936, -0.10000000000000142, -0.10000000000000142
12937, -0.10000000000000142, -0.10000000000000142
12938, -0.10000000000000142, -0.10000000000000142
12939, -0.10000000000000142, -0.10000000000000142
12940, -0.10000000000000142, -0.10000000000000142
12941, -0.10000000000000142, 0.0
12942, -0.10000000000000142, 0.0
12943, -0.10000000000000142, 0.0
12944, -0.10000000000000142, 0.0
12945, -0.10000000000000142, 0.0
12946, -0.10000000000000142, -0.10000000000000142
12947, -0.10000000000000142, -0.10000000000000142
12948, -0.10000000000000142, -0.10000000000000142
12949, -0.10000000000000142, -0.10000000000000142
12950, -0.10000000000000142, -0.10000000000000142
12951, -0.10000000000000142, -0.10000000000000142
12952, -0.10000000000000142, -0.10000000000000142
12953, -0.10000000000000142, -0.10000000000000142
12954, -0.10000000000000142, -0.10000000000000142
12955, -0.10000000000000142, 0.0
12956, -0.10000000000000142, 0.0
12957, -0.10000000000000142, 0.0
12958, -0.10000000000000142, 0.0
12959, -0.10000000000000142, 0.0
12960, -0.10000000000000142, 0.0
12961, -0.10000000000000142, 0.0
12962, -0.10000000000000142, -0.10000000000000142
12963, -0.10000000000000142, -0.10000000000000142
12964, -0.10000000000000142, -0.10000000000000142
12965, -0.10000000000000142, -0.10000000000000142
12966, -0.10000000000000142, -0.10000000000000142
12967, -0.10000000000000142, 0.0
12968, -0.10000000000000142, 0.0
12969, -0.10000000000000142, 0.0
12970, -0.10000000000000142, 0.0
12971, -0.10000000000000142, -0.10000000000000142
12972, -0.10000000000000142, -0.10000000000000142
12973, -0.10000000000000142, -0.10000000000000142
12974, -0.10000000000000142, -0.10000000000000142
12975, -0.10000000000000142, -0.10000000000000142
12976, -0.10000000000000142, 0.0
12977, -0.10000000000000142, 0.0
12978, -0.1999999999999993, -0.10000000000000142
12979, -0.1999999999999993, -0.10000000000000142
12980, -0.1999999999999993, 0.0
12981, -0.1999999999999993, 0.0
12982, -0.1999999999999993, 0.0
12983, -0.1999999999999993, 0.0
12984, -0.1999999999999993, 0.10000000000000142
12985, -0.1999999999999993, 0.0
12986, -0.1999999999999993, 0.0
12987, -0.1999999999999993, 0.0
12988, -0.1999999999999993, 0.0
12989, -0.1999999999999993, -0.10000000000000142
12990, -0.1999999999999993, -0.10000000000000142
12991, -0.1999999999999993, -0.10000000000000142
12992, -0.1999999999999993, -0.10000000000000142
12993, -0.1999999999999993, -0.10000000000000142
12994, -0.1999999999999993, -0.10000000000000142
12995, -0.1999999999999993, -0.10000000000000142
12996, -0.1999999999999993, -0.10000000000000142
12997, -0.1999999999999993, -0.10000000000000142
12998, -0.1999999999999993, -0.10000000000000142
12999, -0.1999999999999993, 0.0
13000, -0.1999999999999993, 0.0
13001, -0.1999999999999993, 0.0
13002, -0.1999999999999993, 0.0
13003, -0.1999999999999993, -0.10000000000000142
13004, -0.1999999999999993, -0.10000000000000142
13005, -0.1999999999999993, -0.10000000000000142
13006, -0.1999999999999993, 0.0
13007, -0.1999999999999993, 0.0
13008, -0.1999999999999993, 0.0
13009, -0.1999999999999993, 0.0
13010, -0.1999999999999993, 0.0
13011, -0.1999999999999993, 0.0
13012, -0.1999999999999993, 0.10000000000000142
13013, -0.1999999999999993, 0.10000000000000142
13014, -0.1999999999999993, 0.10000000000000142
13015, -0.1999999999999993, 0.10000000000000142
13016, -0.1999999999999993, 0.10000000000000142
13017, -0.1999999999999993, 0.10000000000000142
13018, -0.1999999999999993, 0.10000000000000142
13019, -0.1999999999999993, 0.10000000000000142
13020, -0.1999999999999993, 0.0
13021, -0.1999999999999993, 0.0
13022, -0.1999999999999993, 0.0
13023, -0.3000000000000007, 0.0
13024, -0.3000000000000007, 0.0
13025, -0.3000000000000007, 0.0
13026, -0.3000000000000007, 0.0
13027, -0.3000000000000007, 0.0
13028, -0.3000000000000007, 0.10000000000000142
13029, -0.3000000000000007, 0.10000000000000142
13030, -0.3000000000000007, 0.10000000000000142
13031, -0.3000000000000007, 0.0
13032, -0.3000000000000007, 0.0
13033, -0.3000000000000007, 0.0
13034, -0.1999999999999993, 0.0
13035, -0.1999999999999993, 0.0
13036, -0.1999999999999993, 0.0
13037, -0.1999999999999993, 0.0
13038, -0.1999999999999993, 0.0
13039, -0.1999999999999993, 0.0
13040, -0.1999999999999993, -0.10000000000000142
13041, -0.1999999999999993, -0.10000000000000142
13042, -0.1999999999999993, 0.0
13043, -0.1999999999999993, 0.10000000000000142
13044, -0.1999999999999993, 0.10000000000000142
13045, -0.1999999999999993, 0.10000000000000142
13046, -0.1999999999999993, 0.10000000000000142
13047, -0.1999999999999993, 0.10000000000000142
13048, -0.1999999999999993, 0.10000000000000142
13049, -0.1999999999999993, 0.10000000000000142
13050, -0.1999999999999993, 0.10000000000000142
13051, -0.1999999999999993, 0.10000000000000142
13052, -0.1999999999999993, 0.0
13053, -0.1999999999999993, 0.0
13054, -0.1999999999999993, 0.0
13055, -0.1999999999999993, 0.0
13056, -0.1999999999999993, 0.0
13057, -0.1999999999999993, 0.0
13058, -0.10000000000000142, 0.0
13059, -0.10000000000000142, 0.0
13060, -0.10000000000000142, 0.0
13061, -0.10000000000000142, 0.0
13062, -0.10000000000000142, 0.0
13063, -0.10000000000000142, 0.0
13064, -0.10000000000000142, 0.0
13065, -0.10000000000000142, 0.0
13066, -0.10000000000000142, 0.0
13067, -0.10000000000000142, -0.10000000000000142
13068, -0.10000000000000142, -0.10000000000000142
13069, -0.10000000000000142, -0.10000000000000142
13070, -0.10000000000000142, -0.10000000000000142
13071, -0.10000000000000142, -0.10000000000000142
13072, -0.10000000000000142, -0.10000000000000142
13073, -0.10000000000000142, -0.10000000000000142
13074, -0.10000000000000142, -0.10000000000000142
13075, -0.10000000000000142, -0.10000000000000142
13076, -0.10000000000000142, -0.10000000000000142
13077, -0.10000000000000142, -0.10000000000000142
13078, -0.10000000000000142, -0.10000000000000142
13079, -0.10000000000000142, -0.10000000000000142
13080, -0.10000000000000142, 0.0
13081, -0.10000000000000142, 0.0
13082, -0.10000000000000142, 0.0
13083, -0.10000000000000142, 0.0
13084, -0.10000000000000142, 0.0
13085, -0.10000000000000142, 0.0
13086, -0.10000000000000142, 0.0
13087, -0.10000000000000142, 0.0
13088, -0.10000000000000142, 0.0
13089, -0.10000000000000142, 0.0
13090, -0.10000000000000142, 0.0
13091, -0.10000000000000142, 0.0
13092, -0.10000000000000142, -0.10000000000000142
13093, -0.10000000000000142, -0.10000000000000142
13094, -0.10000000000000142, -0.10000000000000142
13095, -0.1999999999999993, -0.10000000000000142
13096, -0.1999999999999993, -0.10000000000000142
13097, -0.1999999999999993, -0.10000000000000142
13098, -0.1999999999999993, -0.10000000000000142
13099, -0.1999999999999993, -0.1999999999999993
13100, -0.1999999999999993, -0.1999999999999993
13101, -0.1999999999999993, -0.1999999999999993
13102, -0.1999999999999993, -0.1999999999999993
13103, -0.1999999999999993, -0.1999999999999993
13104, -0.1999999999999993, -0.1999999999999993
13105, -0.1999999999999993, -0.1999999999999993
13106, -0.1999999999999993, -0.1999999999999993
13107, -0.1999999999999993, -0.1999999999999993
13108, -0.1999999999999993, -0.1999999999999993
13109, -0.1999999999999993, -0.1999999999999993
13110, -0.1999999999999993, -0.1999999999999993
13111, -0.1999999999999993, -0.1999999999999993
13112, -0.1999999999999993, 0.0
13113, -0.1999999999999993, 0.0
13114, -0.1999999999999993, 0.0
13115, -0.1999999999999993, 0.0
13116, -0.1999999999999993, 0.0
13117, -0.1999999999999993, 0.0
13118, -0.1999999999999993, 0.0
13119, -0.1999999999999993, 0.0
13120, -0.1999999999999993, 0.0
13121, -0.1999999999999993, 0.0
13122, -0.10000000000000142, -0.10000000000000142
13123, -0.10000000000000142, -0.10000000000000142
13124, -0.10000000000000142, -0.10000000000000142
13125, -0.10000000000000142, -0.10000000000000142
13126, -0.10000000000000142, -0.10000000000000142
13127, -0.10000000000000142, -0.10000000000000142
13128, -0.10000000000000142, -0.10000000000000142
13129, -0.10000000000000142, -0.10000000000000142
13130, -0.10000000000000142, -0.10000000000000142
13131, -0.10000000000000142, -0.10000000000000142
13132, -0.10000000000000142, -0.10000000000000142
13133, -0.10000000000000142, -0.10000000000000142
13134, -0.10000000000000142, -0.10000000000000142
13135, -0.10000000000000142, -0.10000000000000142
13136, -0.10000000000000142, -0.10000000000000142
13137, -0.10000000000000142, -0.10000000000000142
13138, -0.10000000000000142, -0.10000000000000142
13139, -0.10000000000000142, -0.10000000000000142
13140, -0.10000000000000142, -0.10000000000000142
13141, -0.10000000000000142, -0.10000000000000142
13142, -0.10000000000000142, 0.0
13143, -0.10000000000000142, 0.0
13144, -0.10000000000000142, -0.10000000000000142
13145, -0.10000000000000142, -0.10000000000000142
13146, -0.10000000000000142, -0.10000000000000142
13147, -0.10000000000000142, -0.10000000000000142
13148, -0.10000000000000142, -0.10000000000000142
13149, -0.10000000000000142, -0.10000000000000142
13150, -0.10000000000000142, -0.10000000000000142
13151, -0.10000000000000142, -0.10000000000000142
13152, -0.10000000000000142, -0.10000000000000142
13153, -0.10000000000000142, -0.10000000000000142
13154, -0.10000000000000142, 0.0
13155, -0.10000000000000142, 0.0
13156, -0.10000000000000142, -0.10000000000000142
13157, -0.10000000000000142, -0.10000000000000142
13158, -0.10000000000000142, -0.10000000000000142
13159, 0.0, -0.10000000000000142
13160, 0.0, -0.10000000000000142
13161, 0.0, -0.10000000000000142
13162, 0.0, -0.10000000000000142
13163, 0.0, 0.0
13164, 0.0, 0.0
13165, 0.0, 0.0
13166, 0.0, 0.0
13167, 0.0, -0.10000000000000142
13168, 0.0, -0.10000000000000142
13169, 0.0, -0.10000000000000142
13170, 0.0, -0.10000000000000142
13171, 0.0, -0.10000000000000142
13172, 0.0, -0.10000000000000142
13173, 0.0, 0.0
13174, 0.0, 0.10000000000000142
13175, 0.0, 0.10000000000000142
13176, 0.0, 0.0
13177, 0.0, 0.0
13178, 0.0, 0.0
13179, 0.0, 0.0
13180, 0.0, 0.0
13181, 0.0, 0.0
13182, 0.0, 0.0
13183, 0.0, 0.0
13184, 0.0, 0.0
13185, 0.0, -0.10000000000000142
13186, 0.0, 0.0
13187, 0.0, 0.0
13188, 0.0, 0.0
13189, -0.10000000000000142, 0.0
13190, -0.10000000000000142, 0.0
13191, -0.10000000000000142, 0.0
13192, -0.10000000000000142, 0.0
13193, -0.10000000000000142, -0.10000000000000142
13194, -0.10000000000000142, -0.10000000000000142
13195, -0.10000000000000142, -0.10000000000000142
13196, -0.10000000000000142, 0.0
13197, -0.10000000000000142, 0.0
13198, -0.10000000000000142, 0.0
13199, -0.10000000000000142, 0.0
13200, -0.10000000000000142, 0.10000000000000142
13201, -0.10000000000000142, 0.10000000000000142
13202, -0.10000000000000142, 0.0
13203, -0.10000000000000142, 0.0
13204, -0.10000000000000142, 0.0
13205, -0.10000000000000142, 0.0
13206, -0.10000000000000142, 0.0
13207, -0.10000000000000142, 0.0
13208, -0.10000000000000142, 0.0
13209, -0.10000000000000142, 0.0
13210, -0.10000000000000142, 0.0
13211, -0.10000000000000142, 0.0
13212, -0.10000000000000142, -0.10000000000000142
13213, -0.10000000000000142, -0.10000000000000142
13214, -0.10000000000000142, -0.10000000000000142
13215, -0.10000000000000142, -0.10000000000000142
13216, -0.10000000000000142, -0.10000000000000142
13217, -0.10000000000000142, -0.10000000000000142
13218, -0.10000000000000142, -0.10000000000000142
13219, -0.10000000000000142, -0.10000000000000142
13220, -0.1999999999999993, -0.10000000000000142
13221, -0.1999999999999993, -0.1999999999999993
13222, -0.1999999999999993, -0.1999999999999993
13223, -0.3000000000000007, -0.10000000000000142
13224, -0.3000000000000007, 0.0
13225, -0.3000000000000007, 0.0
13226, -0.3000000000000007, 0.0
13227, -0.3000000000000007, 0.0
13228, -0.3000000000000007, 0.0
13229, -0.3000000000000007, 0.0
13230, -0.3000000000000007, -0.10000000000000142
13231, -0.3000000000000007, -0.10000000000000142
13232, -0.3000000000000007, -0.10000000000000142
13233, -0.3000000000000007, -0.10000000000000142
13234, -0.3000000000000007, -0.10000000000000142
13235, -0.3000000000000007, -0.10000000000000142
13236, -0.3000000000000007, 0.0
13237, -0.3000000000000007, 0.0
13238, -0.3000000000000007, -0.10000000000000142
13239, -0.1999999999999993, -0.10000000000000142
13240, -0.1999999999999993, -0.10000000000000142
13241, -0.1999999999999993, -0.10000000000000142
13242, -0.1999999999999993, -0.10000000000000142
13243, -0.1999999999999993, 0.0
13244, -0.10000000000000142, 0.0
13245, -0.10000000000000142, 0.0
13246, -0.10000000000000142, -0.10000000000000142
13247, -0.10000000000000142, -0.10000000000000142
13248, -0.10000000000000142, -0.10000000000000142
13249, -0.10000000000000142, -0.10000000000000142
13250, -0.10000000000000142, 0.0
13251, -0.10000000000000142, 0.10000000000000142
13252, -0.10000000000000142, 0.10000000000000142
13253, -0.10000000000000142, 0.10000000000000142
13254, -0.10000000000000142, 0.10000000000000142
13255, -0.10000000000000142, 0.10000000000000142
13256, -0.10000000000000142, 0.10000000000000142
13257, -0.10000000000000142, 0.0
13258, -0.10000000000000142, 0.0
13259, -0.10000000000000142, 0.0
13260, -0.10000000000000142, 0.10000000000000142
13261, -0.10000000000000142, 0.10000000000000142
13262, -0.10000000000000142, 0.10000000000000142
13263, -0.10000000000000142, 0.10000000000000142
13264, -0.10000000000000142, 0.0
13265, -0.10000000000000142, 0.0
13266, -0.10000000000000142, 0.0
13267, -0.10000000000000142, 0.0
13268, -0.10000000000000142, 0.0
13269, -0.10000000000000142, 0.0
13270, -0.10000000000000142, 0.0
13271, -0.10000000000000142, 0.0
13272, -0.10000000000000142, 0.0
13273, -0.1999999999999993, 0.0
13274, -0.1999999999999993, 0.0
13275, -0.1999999999999993, 0.0
13276, -0.1999999999999993, 0.0
13277, -0.1999999999999993, 0.0
13278, -0.1999999999999993, 0.0
13279, -0.1999999999999993, 0.0
13280, -0.1999999999999993, 0.0
13281, -0.1999999999999993, 0.0
13282, -0.1999999999999993, 0.0
13283, -0.1999999999999993, 0.0
13284, -0.1999999999999993, 0.0
13285, -0.1999999999999993, 0.0
13286, -0.1999999999999993, 0.0
13287, -0.1999999999999993, -0.10000000000000142
13288, -0.1999999999999993, -0.10000000000000142
13289, -0.1999999999999993, -0.10000000000000142
13290, -0.1999999999999993, -0.10000000000000142
13291, -0.1999999999999993, -0.10000000000000142
13292, -0.1999999999999993, -0.10000000000000142
13293, -0.1999999999999993, 0.0
13294, -0.1999999999999993, 0.0
13295, -0.1999999999999993, 0.0
13296, -0.1999999999999993, 0.0
13297, -0.1999999999999993, 0.0
13298, -0.1999999999999993, 0.0
13299, -0.1999999999999993, -0.10000000000000142
13300, -0.1999999999999993, -0.10000000000000142
13301, -0.10000000000000142, -0.10000000000000142
13302, -0.10000000000000142, 0.0
13303, -0.10000000000000142, 0.0
13304, -0.10000000000000142, 0.0
13305, 0.0, 0.0
13306, 0.0, 0.0
13307, 0.0, 0.0
13308, 0.0, 0.10000000000000142
13309, 0.0, 0.10000000000000142
13310, 0.0, 0.0
13311, 0.0, 0.0
13312, 0.0, 0.0
13313, 0.0, 0.0
13314, 0.0, 0.0
13315, 0.0, 0.0
13316, 0.0, 0.0
13317, 0.0, 0.0
13318, 0.0, 0.0
13319, 0.0, 0.0
13320, 0.0, 0.0
13321, 0.0, 0.0
13322, 0.0, 0.0
13323, 0.0, 0.0
13324, 0.0, 0.0
13325, 0.0, 0.0
13326, 0.0, 0.0
13327, -0.10000000000000142, 0.0
13328, -0.10000000000000142, 0.0
13329, -0.10000000000000142, 0.0
13330, -0.10000000000000142, 0.0
13331, -0.10000000000000142, 0.0
13332, -0.10000000000000142, 0.0
13333, -0.10000000000000142, 0.10000000000000142
13334, -0.10000000000000142, 0.10000000000000142
13335, -0.10000000000000142, 0.10000000000000142
13336, -0.10000000000000142, 0.10000000000000142
13337, -0.10000000000000142, 0.10000000000000142
13338, -0.10000000000000142, 0.0
13339, -0.10000000000000142, 0.0
13340, -0.10000000000000142, 0.0
13341, -0.10000000000000142, 0.0
13342, -0.10000000000000142, 0.0
13343, -0.10000000000000142, 0.0
13344, -0.10000000000000142, 0.0
13345, -0.10000000000000142, 0.0
13346, -0.10000000000000142, 0.0
13347, -0.10000000000000142, 0.0
13348, -0.10000000000000142, 0.0
13349, -0.10000000000000142, 0.0
13350, -0.10000000000000142, 0.0
13351, 0.0, 0.0
13352, 0.0, 0.0
13353, 0.0, 0.0
13354, 0.0, 0.0
13355, 0.0, 0.0
13356, 0.0, 0.0
13357, 0.0, 0.0
13358, 0.0, 0.0
13359, 0.0, 0.0
13360, 0.0, 0.0
13361, 0.10000000000000142, 0.0
13362, 0.10000000000000142, -0.10000000000000142
13363, 0.10000000000000142, 0.0
13364, 0.10000000000000142, 0.0
13365, 0.10000000000000142, 0.0
13366, 0.10000000000000142, 0.0
13367, 0.10000000000000142, 0.0
13368, 0.10000000000000142, 0.0
13369, 0.10000000000000142, 0.10000000000000142
13370, 0.10000000000000142, 0.10000000000000142
13371, 0.10000000000000142, 0.10000000000000142
13372, 0.10000000000000142, 0.0
13373, 0.10000000000000142, 0.0
13374, 0.10000000000000142, 0.0
13375, 0.0, 0.0
13376, 0.0, 0.0
13377, 0.0, 0.0
13378, 0.0, 0.0
13379, 0.0, 0.0
13380, 0.0, 0.0
13381, 0.0, -0.10000000000000142
13382, 0.0, -0.10000000000000142
13383, -0.10000000000000142, 0.0
13384, -0.10000000000000142, 0.0
13385, -0.10000000000000142, 0.0
13386, -0.10000000000000142, 0.0
13387, -0.10000000000000142, 0.0
13388, -0.10000000000000142, 0.0
13389, -0.10000000000000142, 0.0
13390, -0.10000000000000142, 0.0
13391, -0.10000000000000142, -0.10000000000000142
13392, -0.10000000000000142, -0.10000000000000142
13393, -0.10000000000000142, -0.10000000000000142
13394, -0.10000000000000142, -0.10000000000000142
13395, -0.10000000000000142, -0.10000000000000142
13396, -0.1999999999999993, -0.10000000000000142
13397, -0.1999999999999993, -0.10000000000000142
13398, -0.1999999999999993, -0.10000000000000142
13399, -0.1999999999999993, -0.10000000000000142
13400, -0.1999999999999993, -0.10000000000000142
13401, -0.1999999999999993, -0.10000000000000142
13402, -0.1999999999999993, -0.10000000000000142
13403, -0.1999999999999993, -0.1999999999999993
13404, -0.1999999999999993, -0.1999999999999993
13405, -0.1999999999999993, -0.1999999999999993
13406, -0.1999999999999993, -0.10000000000000142
13407, -0.1999999999999993, -0.10000000000000142
13408, -0.1999999999999993, -0.10000000000000142
13409, -0.1999999999999993, -0.10000000000000142
13410, -0.1999999999999993, -0.10000000000000142
13411, -0.1999999999999993, -0.10000000000000142
13412, -0.1999999999999993, -0.10000000000000142
13413, -0.1999999999999993, -0.10000000000000142
13414, -0.1999999999999993, -0.10000000000000142
13415, -0.1999999999999993, -0.10000000000000142
13416, -0.1999999999999993, -0.10000000000000142
13417, -0.1999999999999993, -0.10000000000000142
13418, -0.1999999999999993, -0.10000000000000142
13419, -0.1999999999999993, -0.10000000000000142
13420, -0.1999999999999993, -0.10000000000000142
13421, -0.1999999999999993, -0.10000000000000142
13422, -0.1999999999999993, 0.0
13423, -0.1999999999999993, 0.0
13424, -0.1999999999999993, -0.10000000000000142
13425, -0.1999999999999993, -0.10000000000000142
13426, -0.1999999999999993, -0.10000000000000142
13427, -0.1999999999999993, -0.10000000000000142
13428, -0.1999999999999993, -0.10000000000000142
13429, -0.1999999999999993, -0.10000000000000142
13430, -0.1999999999999993, -0.10000000000000142
13431, -0.1999999999999993, -0.10000000000000142
13432, -0.1999999999999993, -0.10000000000000142
13433, -0.1999999999999993, -0.1999999999999993
13434, -0.1999999999999993, -0.10000000000000142
13435, -0.1999999999999993, -0.10000000000000142
13436, -0.1999999999999993, -0.10000000000000142
13437, -0.1999999999999993, -0.10000000000000142
13438, -0.1999999999999993, -0.10000000000000142
13439, -0.1999999999999993, -0.10000000000000142
13440, -0.1999999999999993, -0.10000000000000142
13441, -0.1999999999999993, -0.10000000000000142
13442, -0.1999999999999993, -0.10000000000000142
13443, -0.1999999999999993, -0.10000000000000142
13444, -0.1999999999999993, -0.1999999999999993
13445, -0.1999999999999993, -0.10000000000000142
13446, -0.1999999999999993, -0.10000000000000142
13447, -0.1999999999999993, -0.10000000000000142
13448, -0.1999999999999993, -0.10000000000000142
13449, -0.1999999999999993, -0.10000000000000142
13450, -0.1999999999999993, -0.10000000000000142
13451, -0.1999999999999993, -0.10000000000000142
13452, -0.1999999999999993, -0.10000000000000142
13453, -0.1999999999999993, -0.10000000000000142
13454, -0.1999999999999993, -0.1999999999999993
13455, -0.1999999999999993, -0.1999999999999993
13456, -0.10000000000000142, -0.1999999999999993
13457, -0.10000000000000142, -0.1999999999999993
13458, -0.10000000000000142, -0.1999999999999993
13459, -0.10000000000000142, -0.1999999999999993
13460, -0.10000000000000142, -0.10000000000000142
13461, -0.10000000000000142, -0.10000000000000142
13462, -0.10000000000000142, -0.10000000000000142
13463, -0.10000000000000142, -0.10000000000000142
13464, -0.10000000000000142, -0.10000000000000142
13465, -0.10000000000000142, -0.10000000000000142
13466, -0.10000000000000142, -0.10000000000000142
13467, -0.10000000000000142, -0.10000000000000142
13468, -0.10000000000000142, -0.10000000000000142
13469, -0.10000000000000142, -0.10000000000000142
13470, -0.10000000000000142, 0.0
13471, -0.10000000000000142, 0.0
13472, -0.10000000000000142, 0.0
13473, -0.10000000000000142, 0.0
13474, -0.10000000000000142, 0.0
13475, -0.10000000000000142, 0.0
13476, -0.10000000000000142, 0.0
13477, -0.10000000000000142, 0.0
13478, -0.10000000000000142, 0.0
13479, -0.10000000000000142, 0.0
13480, -0.10000000000000142, 0.0
13481, -0.10000000000000142, 0.0
13482, -0.10000000000000142, 0.0
13483, -0.10000000000000142, 0.0
13484, -0.10000000000000142, 0.0
13485, -0.10000000000000142, -0.10000000000000142
13486, -0.10000000000000142, -0.10000000000000142
13487, -0.10000000000000142, -0.10000000000000142
13488, -0.10000000000000142, -0.10000000000000142
13489, -0.10000000000000142, -0.10000000000000142
13490, -0.10000000000000142, -0.10000000000000142
13491, -0.10000000000000142, -0.10000000000000142
13492, -0.10000000000000142, 0.0
13493, -0.10000000000000142, 0.0
13494, -0.10000000000000142, 0.0
13495, -0.10000000000000142, 0.0
13496, -0.10000000000000142, 0.0
13497, -0.10000000000000142, 0.0
13498, -0.10000000000000142, -0.10000000000000142
13499, -0.10000000000000142, -0.10000000000000142
13500, -0.10000000000000142, -0.10000000000000142
13501, -0.10000000000000142, -0.10000000000000142
13502, -0.10000000000000142, -0.10000000000000142
13503, -0.10000000000000142, -0.10000000000000142
13504, -0.10000000000000142, -0.10000000000000142
13505, -0.10000000000000142, -0.10000000000000142
13506, -0.10000000000000142, -0.10000000000000142
13507, -0.10000000000000142, -0.10000000000000142
13508, -0.10000000000000142, -0.10000000000000142
13509, -0.10000000000000142, -0.10000000000000142
13510, -0.10000000000000142, -0.10000000000000142
13511, -0.10000000000000142, -0.10000000000000142
13512, -0.1999999999999993, -0.10000000000000142
13513, -0.1999999999999993, -0.10000000000000142
13514, -0.1999999999999993, -0.10000000000000142
13515, -0.3000000000000007, -0.1999999999999993
13516, -0.3000000000000007, -0.10000000000000142
13517, -0.3000000000000007, -0.10000000000000142
13518, -0.3000000000000007, -0.10000000000000142
13519, -0.3000000000000007, -0.10000000000000142
13520, -0.3000000000000007, -0.10000000000000142
13521, -0.3000000000000007, -0.10000000000000142
13522, -0.3000000000000007, -0.10000000000000142
13523, -0.3000000000000007, -0.10000000000000142
13524, -0.3000000000000007, -0.10000000000000142
13525, -0.3000000000000007, -0.10000000000000142
13526, -0.3000000000000007, 0.0
13527, -0.3000000000000007, 0.0
13528, -0.3000000000000007, 0.0
13529, -0.3000000000000007, 0.0
13530, -0.3000000000000007, 0.0
13531, -0.3000000000000007, 0.0
13532, -0.3000000000000007, 0.0
13533, -0.3000000000000007, 0.0
13534, -0.3000000000000007, 0.0
13535, -0.3000000000000007, -0.10000000000000142
13536, -0.3000000000000007, -0.10000000000000142
13537, -0.3000000000000007, -0.10000000000000142
13538, -0.3000000000000007, -0.10000000000000142
13539, -0.3000000000000007, -0.10000000000000142
13540, -0.3000000000000007, 0.0
13541, -0.3000000000000007, 0.0
13542, -0.3000000000000007, 0.0
13543, -0.3000000000000007, 0.10000000000000142
13544, -0.3000000000000007, 0.10000000000000142
13545, -0.3000000000000007, 0.10000000000000142
13546, -0.3000000000000007, 0.10000000000000142
13547, -0.3000000000000007, 0.10000000000000142
13548, -0.3000000000000007, 0.10000000000000142
13549, -0.3000000000000007, 0.10000000000000142
13550, -0.3000000000000007, 0.0
13551, -0.3000000000000007, 0.0
13552, -0.3000000000000007, 0.0
13553, -0.3000000000000007, 0.0
13554, -0.3000000000000007, 0.0
13555, -0.3000000000000007, 0.0
13556, -0.3000000000000007, 0.0
13557, -0.3000000000000007, 0.0
13558, -0.3000000000000007, 0.0
13559, -0.1999999999999993, 0.0
13560, -0.1999999999999993, 0.0
13561, -0.1999999999999993, 0.0
13562, -0.1999999999999993, 0.0
13563, -0.1999999999999993, -0.10000000000000142
13564, -0.1999999999999993, -0.10000000000000142
13565, -0.1999999999999993, -0.10000000000000142
13566, -0.1999999999999993, -0.10000000000000142
13567, -0.1999999999999993, -0.10000000000000142
13568, -0.1999999999999993, -0.10000000000000142
13569, -0.1999999999999993, -0.10000000000000142
13570, -0.1999999999999993, -0.10000000000000142
13571, -0.1999999999999993, -0.10000000000000142
13572, -0.1999999999999993, 0.0
13573, -0.1999999999999993, 0.0
13574, -0.1999999999999993, 0.0
13575, -0.1999999999999993, 0.0
13576, -0.1999999999999993, 0.0
13577, -0.1999999999999993, 0.0
13578, -0.1999999999999993, 0.0
13579, -0.1999999999999993, 0.0
13580, -0.1999999999999993, 0.0
13581, -0.1999999999999993, 0.0
13582, -0.1999999999999993, 0.0
13583, -0.1999999999999993, 0.0
13584, -0.1999999999999993, 0.10000000000000142
13585, -0.1999999999999993, 0.10000000000000142
13586, -0.1999999999999993, 0.10000000000000142
13587, -0.1999999999999993, 0.10000000000000142
13588, -0.3000000000000007, 0.10000000000000142
13589, -0.3000000000000007, 0.10000000000000142
13590, -0.3000000000000007, 0.10000000000000142
13591, -0.3000000000000007, 0.10000000000000142
13592, -0.3000000000000007, 0.10000000000000142
13593, -0.3000000000000007, 0.10000000000000142
13594, -0.3000000000000007, 0.10000000000000142
13595, -0.3000000000000007, 0.1999999999999993
13596, -0.3000000000000007, 0.10000000000000142
13597, -0.3000000000000007, 0.10000000000000142
13598, -0.3000000000000007, 0.10000000000000142
13599, -0.3000000000000007, 0.10000000000000142
13600, -0.3000000000000007, 0.10000000000000142
13601, -0.3000000000000007, 0.10000000000000142
13602, -0.3000000000000007, 0.10000000000000142
13603, -0.3000000000000007, 0.10000000000000142
13604, -0.3000000000000007, 0.0
13605, -0.3000000000000007, 0.0
13606, -0.3000000000000007, 0.10000000000000142
13607, -0.3000000000000007, 0.10000000000000142
13608, -0.1999999999999993, 0.10000000000000142
13609, -0.1999999999999993, 0.0
13610, -0.1999999999999993, 0.0
13611, -0.1999999999999993, 0.0
13612, -0.1999999999999993, 0.0
13613, -0.1999999999999993, 0.0
13614, -0.3000000000000007, 0.10000000000000142
13615, -0.3000000000000007, 0.0
13616, -0.3000000000000007, 0.0
13617, -0.3000000000000007, 0.0
13618, -0.3000000000000007, 0.0
13619, -0.3000000000000007, 0.0
13620, -0.3000000000000007, -0.10000000000000142
13621, -0.3000000000000007, -0.10000000000000142
13622, -0.3000000000000007, -0.10000000000000142
13623, -0.3000000000000007, 0.0
13624, -0.3000000000000007, 0.0
13625, -0.3000000000000007, 0.0
13626, -0.3000000000000007, 0.0
13627, -0.3000000000000007, 0.0
13628, -0.1999999999999993, -0.10000000000000142
13629, -0.1999999999999993, -0.10000000000000142
13630, -0.1999999999999993, -0.10000000000000142
13631, -0.1999999999999993, -0.10000000000000142
13632, -0.1999999999999993, -0.10000000000000142
13633, -0.1999999999999993, -0.10000000000000142
13634, -0.1999999999999993, -0.10000000000000142
13635, -0.1999999999999993, -0.1999999999999993
13636, -0.1999999999999993, -0.1999999999999993
13637, -0.1999999999999993, -0.1999999999999993
13638, -0.1999999999999993, -0.1999999999999993
13639, -0.1999999999999993, -0.10000000000000142
13640, -0.1999999999999993, -0.10000000000000142
13641, -0.1999999999999993, -0.10000000000000142
13642, -0.1999999999999993, 0.0
13643, -0.10000000000000142, -0.10000000000000142
13644, -0.10000000000000142, -0.10000000000000142
13645, -0.10000000000000142, -0.10000000000000142
13646, -0.10000000000000142, -0.10000000000000142
13647, -0.10000000000000142, -0.10000000000000142
13648, -0.10000000000000142, -0.10000000000000142
13649, -0.10000000000000142, -0.10000000000000142
13650, -0.10000000000000142, -0.10000000000000142
13651, -0.10000000000000142, 0.0
13652, -0.10000000000000142, 0.0
13653, -0.10000000000000142, -0.10000000000000142
13654, -0.10000000000000142, -0.10000000000000142
13655, -0.10000000000000142, -0.10000000000000142
13656, -0.10000000000000142, -0.10000000000000142
13657, -0.10000000000000142, -0.10000000000000142
13658, -0.10000000000000142, -0.10000000000000142
13659, -0.10000000000000142, 0.0
13660, -0.10000000000000142, 0.0
13661, -0.10000000000000142, 0.0
13662, -0.10000000000000142, 0.0
13663, -0.10000000000000142, 0.0
13664, -0.10000000000000142, 0.0
13665, -0.10000000000000142, 0.0
13666, -0.10000000000000142, 0.0
13667, -0.10000000000000142, 0.0
13668, -0.10000000000000142, 0.10000000000000142
13669, -0.10000000000000142, 0.10000000000000142
13670, -0.10000000000000142, 0.10000000000000142
13671, -0.10000000000000142, -0.10000000000000142
13672, -0.10000000000000142, -0.10000000000000142
13673, -0.10000000000000142, -0.10000000000000142
13674, -0.10000000000000142, -0.10000000000000142
13675, -0.10000000000000142, -0.10000000000000142
13676, -0.10000000000000142, -0.10000000000000142
13677, -0.10000000000000142, -0.10000000000000142
13678, -0.10000000000000142, -0.10000000000000142
13679, -0.10000000000000142, -0.10000000000000142
13680, -0.10000000000000142, 0.0
13681, -0.10000000000000142, 0.0
13682, -0.10000000000000142, 0.0
13683, -0.10000000000000142, 0.0
13684, -0.10000000000000142, 0.0
13685, -0.10000000000000142, -0.10000000000000142
13686, -0.10000000000000142, -0.10000000000000142
13687, -0.10000000000000142, -0.10000000000000142
13688, -0.10000000000000142, -0.10000000000000142
13689, -0.10000000000000142, -0.10000000000000142
13690, -0.10000000000000142, -0.10000000000000142
13691, -0.10000000000000142, -0.10000000000000142
13692, -0.10000000000000142, -0.10000000000000142
13693, -0.10000000000000142, -0.10000000000000142
13694, -0.10000000000000142, -0.10000000000000142
13695, -0.10000000000000142, -0.10000000000000142
13696, -0.10000000000000142, -0.10000000000000142
13697, -0.10000000000000142, -0.10000000000000142
13698, -0.10000000000000142, -0.10000000000000142
13699, -0.10000000000000142, -0.10000000000000142
13700, -0.10000000000000142, -0.10000000000000142
13701, -0.10000000000000142, 0.0
13702, -0.10000000000000142, -0.10000000000000142
13703, -0.10000000000000142, -0.10000000000000142
13704, -0.10000000000000142, -0.10000000000000142
13705, -0.10000000000000142, -0.10000000000000142
13706, -0.10000000000000142, -0.10000000000000142
13707, -0.10000000000000142, -0.10000000000000142
13708, -0.10000000000000142, -0.10000000000000142
13709, -0.10000000000000142, -0.10000000000000142
13710, -0.1999999999999993, -0.10000000000000142
13711, -0.1999999999999993, -0.10000000000000142
13712, -0.1999999999999993, -0.10000000000000142
13713, -0.1999999999999993, -0.10000000000000142
13714, -0.1999999999999993, 0.0
13715, -0.1999999999999993, 0.0
13716, -0.1999999999999993, 0.0
13717, -0.1999999999999993, 0.0
13718, -0.1999999999999993, 0.0
13719, -0.1999999999999993, 0.0
13720, -0.3000000000000007, 0.10000000000000142
13721, -0.3000000000000007, 0.10000000000000142
13722, -0.3000000000000007, 0.0
13723, -0.3000000000000007, 0.0
13724, -0.1999999999999993, 0.0
13725, -0.1999999999999993, 0.0
13726, -0.1999999999999993, 0.0
13727, -0.1999999999999993, 0.0
13728, -0.1999999999999993, 0.0
13729, -0.1999999999999993, 0.0
13730, -0.1999999999999993, 0.0
13731, -0.1999999999999993, 0.0
13732, -0.1999999999999993, 0.0
13733, -0.1999999999999993, 0.0
13734, -0.1999999999999993, 0.0
13735, -0.1999999999999993, 0.0
13736, -0.1999999999999993, -0.10000000000000142
13737, -0.1999999999999993, -0.10000000000000142
13738, -0.1999999999999993, -0.10000000000000142
13739, -0.1999999999999993, -0.10000000000000142
13740, -0.1999999999999993, 0.0
13741, -0.1999999999999993, 0.0
13742, -0.1999999999999993, 0.0
13743, -0.1999999999999993, 0.0
13744, -0.1999999999999993, -0.10000000000000142
13745, -0.1999999999999993, -0.10000000000000142
13746, -0.1999999999999993, -0.10000000000000142
13747, -0.1999999999999993, -0.10000000000000142
13748, -0.1999999999999993, -0.10000000000000142
13749, -0.1999999999999993, -0.10000000000000142
13750, -0.1999999999999993, 0.0
13751, -0.1999999999999993, -0.10000000000000142
13752, -0.1999999999999993, 0.0
13753, -0.1999999999999993, 0.0
13754, -0.1999999999999993, 0.0
13755, -0.3000000000000007, 0.0
13756, -0.3000000000000007, 0.0
13757, -0.3000000000000007, 0.0
13758, -0.3000000000000007, -0.10000000000000142
13759, -0.1999999999999993, -0.10000000000000142
13760, -0.1999999999999993, -0.10000000000000142
13761, -0.1999999999999993, -0.10000000000000142
13762, -0.1999999999999993, -0.10000000000000142
13763, -0.1999999999999993, 0.0
13764, -0.1999999999999993, 0.0
13765, -0.1999999999999993, 0.0
13766, -0.1999999999999993, 0.10000000000000142
13767, -0.1999999999999993, 0.10000000000000142
13768, -0.1999999999999993, 0.10000000000000142
13769, -0.1999999999999993, 0.0
13770, -0.1999999999999993, 0.0
13771, -0.1999999999999993, 0.0
13772, -0.10000000000000142, 0.0
13773, -0.10000000000000142, 0.0
13774, -0.10000000000000142, 0.0
13775, -0.10000000000000142, 0.0
13776, -0.10000000000000142, 0.0
13777, -0.10000000000000142, 0.10000000000000142
13778, -0.10000000000000142, 0.10000000000000142
13779, -0.10000000000000142, 0.10000000000000142
13780, -0.10000000000000142, 0.10000000000000142
13781, -0.10000000000000142, 0.10000000000000142
13782, -0.10000000000000142, 0.10000000000000142
13783, -0.10000000000000142, 0.10000000000000142
13784, -0.10000000000000142, 0.10000000000000142
13785, -0.10000000000000142, 0.0
13786, -0.10000000000000142, 0.0
13787, -0.10000000000000142, 0.0
13788, -0.10000000000000142, 0.0
13789, -0.10000000000000142, 0.0
13790, -0.10000000000000142, 0.0
13791, -0.10000000000000142, 0.0
13792, -0.10000000000000142, 0.0
13793, -0.10000000000000142, 0.0
13794, -0.10000000000000142, 0.10000000000000142
13795, -0.10000000000000142, 0.10000000000000142
13796, -0.10000000000000142, 0.10000000000000142
13797, -0.10000000000000142, 0.10000000000000142
13798, -0.10000000000000142, 0.10000000000000142
13799, -0.10000000000000142, 0.0
13800, -0.10000000000000142, 0.0
13801, -0.10000000000000142, 0.0
13802, -0.1999999999999993, 0.0
13803, -0.1999999999999993, 0.0
13804, -0.1999999999999993, 0.0
13805, -0.1999999999999993, -0.10000000000000142
13806, -0.1999999999999993, -0.10000000000000142
13807, -0.1999999999999993, -0.10000000000000142
13808, -0.1999999999999993, -0.10000000000000142
13809, -0.1999999999999993, 0.0
13810, -0.1999999999999993, 0.0
13811, -0.1999999999999993, 0.10000000000000142
13812, -0.1999999999999993, 0.10000000000000142
13813, -0.1999999999999993, 0.10000000000000142
13814, -0.1999999999999993, 0.10000000000000142
13815, -0.1999999999999993, 0.0
13816, -0.10000000000000142, 0.0
13817, -0.10000000000000142, 0.0
13818, -0.10000000000000142, 0.0
13819, -0.10000000000000142, 0.0
13820, -0.10000000000000142, 0.0
13821, -0.10000000000000142, 0.0
13822, -0.10000000000000142, 0.0
13823, -0.10000000000000142, 0.0
13824, -0.10000000000000142, 0.0
13825, -0.10000000000000142, 0.0
13826, -0.10000000000000142, 0.0
13827, -0.10000000000000142, 0.0
13828, -0.10000000000000142, -0.10000000000000142
13829, -0.10000000000000142, -0.10000000000000142
13830, -0.1999999999999993, -0.10000000000000142
13831, -0.1999999999999993, -0.10000000000000142
13832, -0.1999999999999993, -0.10000000000000142
13833, -0.1999999999999993, -0.10000000000000142
13834, -0.1999999999999993, -0.10000000000000142
13835, -0.1999999999999993, -0.10000000000000142
13836, -0.1999999999999993, -0.10000000000000142
13837, -0.1999999999999993, -0.10000000000000142
13838, -0.1999999999999993, -0.10000000000000142
13839, -0.1999999999999993, 0.0
13840, -0.1999999999999993, 0.0
13841, -0.1999999999999993, 0.0
13842, -0.1999999999999993, 0.0
13843, -0.1999999999999993, 0.0
13844, -0.1999999999999993, 0.0
13845, -0.1999999999999993, 0.0
13846, -0.1999999999999993, 0.0
13847, -0.1999999999999993, 0.0
13848, -0.1999999999999993, 0.0
13849, -0.1999999999999993, 0.0
13850, -0.1999999999999993, 0.0
13851, -0.1999999999999993, -0.10000000000000142
13852, -0.1999999999999993, 0.0
13853, -0.1999999999999993, 0.0
13854, -0.1999999999999993, 0.0
13855, -0.1999999999999993, 0.0
13856, -0.1999999999999993, 0.0
13857, -0.1999999999999993, 0.0
13858, -0.1999999999999993, -0.10000000000000142
13859, -0.1999999999999993, -0.10000000000000142
13860, -0.1999999999999993, -0.10000000000000142
13861, -0.1999999999999993, -0.10000000000000142
13862, -0.1999999999999993, 0.0
13863, -0.1999999999999993, 0.0
13864, -0.1999999999999993, -0.10000000000000142
13865, -0.1999999999999993, -0.10000000000000142
13866, -0.1999999999999993, -0.10000000000000142
13867, -0.1999999999999993, -0.10000000000000142
13868, -0.1999999999999993, -0.10000000000000142
13869, -0.1999999999999993, -0.10000000000000142
13870, -0.1999999999999993, -0.10000000000000142
13871, -0.1999999999999993, -0.10000000000000142
13872, -0.1999999999999993, -0.1999999999999993
13873, -0.1999999999999993, -0.1999999999999993
13874, -0.1999999999999993, -0.1999999999999993
13875, -0.1999999999999993, -0.1999999999999993
13876, -0.1999999999999993, -0.1999999999999993
13877, -0.1999999999999993, -0.1999999999999993
13878, -0.1999999999999993, -0.1999999999999993
13879, -0.1999999999999993, -0.1999999999999993
13880, -0.3000000000000007, -0.10000000000000142
13881, -0.3000000000000007, -0.1999999999999993
13882, -0.3000000000000007, -0.1999999999999993
13883, -0.3000000000000007, -0.1999999999999993
13884, -0.3000000000000007, -0.1999999999999993
13885, -0.3000000000000007, -0.1999999999999993
13886, -0.3000000000000007, -0.1999999999999993
13887, -0.3000000000000007, -0.1999999999999993
13888, -0.3000000000000007, -0.1999999999999993
13889, -0.3000000000000007, -0.1999999999999993
13890, -0.3000000000000007, -0.1999999999999993
13891, -0.3000000000000007, -0.1999999999999993
13892, -0.3000000000000007, -0.10000000000000142
13893, -0.3000000000000007, -0.10000000000000142
13894, -0.3000000000000007, -0.10000000000000142
13895, -0.1999999999999993, -0.10000000000000142
13896, -0.1999999999999993, -0.10000000000000142
13897, -0.1999999999999993, -0.10000000000000142
13898, -0.1999999999999993, -0.10000000000000142
13899, -0.1999999999999993, -0.10000000000000142
13900, -0.1999999999999993, -0.10000000000000142
13901, -0.1999999999999993, -0.10000000000000142
13902, -0.1999999999999993, -0.10000000000000142
13903, -0.1999999999999993, 0.0
13904, -0.1999999999999993, 0.0
13905, -0.1999999999999993, 0.0
13906, -0.1999999999999993, 0.0
13907, -0.1999999999999993, 0.0
13908, -0.1999999999999993, 0.0
13909, -0.1999999999999993, -0.10000000000000142
13910, -0.1999999999999993, -0.10000000000000142
13911, -0.1999999999999993, -0.10000000000000142
13912, -0.1999999999999993, -0.10000000000000142
13913, -0.1999999999999993, -0.10000000000000142
13914, -0.1999999999999993, -0.10000000000000142
13915, -0.3000000000000007, -0.10000000000000142
13916, -0.3000000000000007, -0.10000000000000142
13917, -0.3000000000000007, -0.10000000000000142
13918, -0.3000000000000007, -0.10000000000000142
13919, -0.3000000000000007, -0.10000000000000142
13920, -0.3000000000000007, -0.10000000000000142
13921, -0.3000000000000007, -0.10000000000000142
13922, -0.3000000000000007, 0.0
13923, -0.3000000000000007, 0.0
13924, -0.3000000000000007, 0.0
13925, -0.3000000000000007, 0.0
13926, -0.3000000000000007, 0.0
13927, -0.3000000000000007, -0.10000000000000142
13928, -0.3000000000000007, -0.10000000000000142
13929, -0.3000000000000007, -0.10000000000000142
13930, -0.3000000000000007, -0.10000000000000142
13931, -0.3000000000000007, -0.10000000000000142
13932, -0.3000000000000007, -0.10000000000000142
13933, -0.3000000000000007, -0.10000000000000142
13934, -0.3000000000000007, -0.10000000000000142
13935, -0.1999999999999993, -0.10000000000000142
13936, -0.1999999999999993, -0.10000000000000142
13937, -0.1999999999999993, -0.10000000000000142
13938, -0.1999999999999993, -0.10000000000000142
13939, -0.1999999999999993, -0.10000000000000142
13940, -0.1999999999999993, -0.10000000000000142
13941, -0.1999999999999993, -0.10000000000000142
13942, -0.10000000000000142, -0.10000000000000142
13943, -0.10000000000000142, -0.10000000000000142
13944, -0.10000000000000142, -0.10000000000000142
13945, -0.10000000000000142, -0.10000000000000142
13946, -0.10000000000000142, -0.10000000000000142
13947, -0.10000000000000142, -0.10000000000000142
13948, -0.10000000000000142, -0.10000000000000142
13949, -0.10000000000000142, -0.10000000000000142
13950, -0.10000000000000142, 0.0
13951, -0.10000000000000142, 0.0
13952, -0.10000000000000142, 0.0
13953, -0.10000000000000142, 0.0
13954, -0.10000000000000142, 0.0
13955, -0.10000000000000142, 0.10000000000000142
13956, -0.10000000000000142, 0.10000000000000142
13957, -0.10000000000000142, 0.10000000000000142
13958, -0.10000000000000142, 0.0
13959, -0.10000000000000142, 0.0
13960, -0.10000000000000142, 0.0
13961, -0.10000000000000142, 0.0
13962, -0.10000000000000142, 0.0
13963, -0.10000000000000142, 0.0
13964, -0.10000000000000142, 0.10000000000000142
13965, -0.10000000000000142, 0.10000000000000142
13966, -0.10000000000000142, 0.0
13967, -0.10000000000000142, 0.0
13968, -0.10000000000000142, 0.0
13969, -0.10000000000000142, 0.0
13970, -0.10000000000000142, 0.0
13971, -0.10000000000000142, 0.0
13972, -0.10000000000000142, 0.10000000000000142
13973, -0.10000000000000142, 0.0
13974, -0.10000000000000142, 0.0
13975, -0.10000000000000142, 0.0
13976, -0.10000000000000142, 0.0
13977, -0.10000000000000142, 0.0
13978, -0.10000000000000142, 0.0
13979, -0.10000000000000142, 0.0
13980, -0.10000000000000142, 0.0
13981, -0.10000000000000142, 0.0
13982, -0.10000000000000142, 0.0
13983, -0.10000000000000142, -0.10000000000000142
13984, -0.10000000000000142, 0.0
13985, -0.10000000000000142, 0.0
13986, -0.10000000000000142, 0.0
13987, -0.10000000000000142, 0.0
13988, -0.10000000000000142, 0.0
13989, -0.10000000000000142, 0.0
13990, -0.10000000000000142, 0.0
13991, -0.10000000000000142, -0.10000000000000142
13992, -0.10000000000000142, -0.10000000000000142
13993, -0.1999999999999993, -0.10000000000000142
13994, -0.1999999999999993, -0.10000000000000142
13995, -0.1999999999999993, -0.10000000000000142
13996, -0.1999999999999993, -0.1999999999999993
13997, -0.3000000000000007, -0.1999999999999993
13998, -0.3000000000000007, -0.1999999999999993
13999, -0.3000000000000007, -0.10000000000000142
14000, -0.3000000000000007, -0.10000000000000142
14001, -0.3000000000000007, -0.10000000000000142
14002, -0.3000000000000007, -0.10000000000000142
14003, -0.3000000000000007, -0.10000000000000142
14004, -0.3000000000000007, -0.10000000000000142
14005, -0.3000000000000007, -0.10000000000000142
14006, -0.3000000000000007, -0.10000000000000142
14007, -0.3000000000000007, -0.10000000000000142
14008, -0.3000000000000007, -0.10000000000000142
14009, -0.1999999999999993, -0.10000000000000142
14010, -0.1999999999999993, -0.10000000000000142
14011, -0.1999999999999993, -0.10000000000000142
14012, -0.1999999999999993, -0.10000000000000142
14013, -0.10000000000000142, -0.10000000000000142
14014, -0.10000000000000142, -0.10000000000000142
14015, -0.10000000000000142, -0.10000000000000142
14016, -0.10000000000000142, -0.10000000000000142
14017, -0.10000000000000142, -0.10000000000000142
14018, -0.10000000000000142, -0.10000000000000142
14019, -0.10000000000000142, -0.10000000000000142
14020, -0.10000000000000142, -0.10000000000000142
14021, -0.10000000000000142, -0.10000000000000142
14022, -0.10000000000000142, -0.10000000000000142
14023, -0.10000000000000142, 0.0
14024, -0.10000000000000142, 0.0
14025, -0.10000000000000142, 0.0
14026, -0.10000000000000142, 0.0
14027, -0.10000000000000142, 0.0
14028, -0.10000000000000142, 0.0
14029, -0.10000000000000142, 0.0
14030, -0.10000000000000142, 0.0
14031, -0.10000000000000142, 0.10000000000000142
14032, 0.0, 0.10000000000000142
14033, 0.0, 0.0
14034, 0.0, -0.10000000000000142
14035, 0.0, -0.10000000000000142
14036, 0.0, -0.10000000000000142
14037, 0.0, -0.10000000000000142
14038, 0.0, -0.10000000000000142
14039, 0.0, -0.10000000000000142
14040, 0.0, -0.10000000000000142
14041, 0.0, -0.10000000000000142
14042, 0.0, -0.10000000000000142
14043, 0.0, 0.0
14044, 0.0, 0.0
14045, 0.0, 0.0
14046, 0.0, 0.0
14047, 0.0, 0.0
14048, 0.0, 0.0
14049, 0.0, 0.0
14050, 0.0, 0.0
14051, 0.0, -0.10000000000000142
14052, 0.0, -0.10000000000000142
14053, 0.0, -0.10000000000000142
14054, 0.0, -0.10000000000000142
14055, 0.0, -0.10000000000000142
14056, 0.0, -0.10000000000000142
14057, 0.0, -0.10000000000000142
14058, 0.0, 0.0
14059, 0.0, 0.0
14060, 0.0, 0.0
14061, 0.0, 0.0
14062, 0.0, 0.0
14063, 0.0, 0.0
14064, 0.0, 0.0
14065, 0.0, 0.0
14066, 0.0, 0.0
14067, 0.0, 0.0
14068, 0.0, -0.10000000000000142
14069, 0.0, -0.10000000000000142
14070, 0.0, -0.10000000000000142
14071, 0.0, -0.10000000000000142
14072, 0.0, -0.10000000000000142
14073, 0.0, 0.0
14074, 0.0, 0.0
14075, 0.0, 0.0
14076, -0.10000000000000142, 0.0
14077, -0.10000000000000142, 0.0
14078, -0.1999999999999993, 0.0
14079, -0.1999999999999993, 0.0
14080, -0.1999999999999993, 0.0
14081, -0.1999999999999993, -0.10000000000000142
14082, -0.1999999999999993, 0.0
14083, -0.1999999999999993, 0.0
14084, -0.1999999999999993, 0.0
14085, -0.1999999999999993, 0.0
14086, -0.1999999999999993, 0.0
14087, -0.1999999999999993, 0.0
14088, -0.3000000000000007, 0.0
14089, -0.3000000000000007, 0.0
14090, -0.3000000000000007, 0.10000000000000142
14091, -0.3000000000000007, 0.10000000000000142
14092, -0.3000000000000007, 0.10000000000000142
14093, -0.3000000000000007, 0.10000000000000142
14094, -0.3000000000000007, 0.10000000000000142
14095, -0.3000000000000007, 0.10000000000000142
14096, -0.3000000000000007, 0.10000000000000142
14097, -0.3000000000000007, 0.10000000000000142
14098, -0.3000000000000007, 0.10000000000000142
14099, -0.3000000000000007, 0.10000000000000142
14100, -0.3000000000000007, 0.10000000000000142
14101, -0.3000000000000007, 0.10000000000000142
14102, -0.1999999999999993, 0.10000000000000142
14103, -0.1999999999999993, 0.10000000000000142
14104, -0.1999999999999993, 0.0
14105, -0.1999999999999993, 0.0
14106, -0.1999999999999993, 0.0
14107, -0.1999999999999993, 0.0
14108, -0.1999999999999993, 0.0
14109, -0.1999999999999993, 0.0
14110, -0.1999999999999993, 0.0
14111, -0.1999999999999993, 0.0
14112, -0.1999999999999993, 0.0
14113, -0.10000000000000142, 0.0
14114, -0.10000000000000142, 0.0
14115, -0.10000000000000142, 0.0
14116, -0.10000000000000142, 0.0
14117, -0.10000000000000142, 0.0
14118, -0.10000000000000142, 0.0
14119, -0.10000000000000142, 0.0
14120, -0.10000000000000142, 0.0
14121, -0.10000000000000142, -0.10000000000000142
14122, -0.10000000000000142, -0.10000000000000142
14123, -0.10000000000000142, -0.10000000000000142
14124, -0.10000000000000142, -0.10000000000000142
14125, -0.10000000000000142, -0.10000000000000142
14126, -0.10000000000000142, -0.10000000000000142
14127, -0.10000000000000142, -0.10000000000000142
14128, -0.10000000000000142, -0.10000000000000142
14129, -0.10000000000000142, -0.10000000000000142
14130, -0.10000000000000142, -0.10000000000000142
14131, -0.10000000000000142, -0.10000000000000142
14132, -0.10000000000000142, -0.10000000000000142
14133, -0.10000000000000142, -0.10000000000000142
14134, -0.10000000000000142, -0.10000000000000142
14135, -0.10000000000000142, -0.10000000000000142
14136, -0.10000000000000142, 0.0
14137, -0.10000000000000142, 0.0
14138, -0.10000000000000142, 0.0
14139, -0.10000000000000142, 0.0
14140, -0.10000000000000142, 0.10000000000000142
14141, -0.10000000000000142, 0.10000000000000142
14142, -0.10000000000000142, 0.10000000000000142
14143, -0.10000000000000142, 0.10000000000000142
14144, -0.10000000000000142, 0.10000000000000142
14145, -0.10000000000000142, 0.10000000000000142
14146, -0.10000000000000142, 0.10000000000000142
14147, -0.10000000000000142, 0.10000000000000142
14148, -0.10000000000000142, 0.10000000000000142
14149, -0.10000000000000142, 0.10000000000000142
14150, -0.10000000000000142, 0.10000000000000142
14151, -0.10000000000000142, 0.10000000000000142
14152, -0.10000000000000142, 0.10000000000000142
14153, -0.10000000000000142, 0.10000000000000142
14154, -0.10000000000000142, 0.10000000000000142
14155, -0.10000000000000142, 0.10000000000000142
14156, -0.10000000000000142, 0.10000000000000142
14157, -0.10000000000000142, 0.10000000000000142
14158, -0.10000000000000142, 0.10000000000000142
14159, -0.10000000000000142, 0.10000000000000142
14160, -0.10000000000000142, 0.10000000000000142
14161, -0.10000000000000142, 0.10000000000000142
14162, -0.10000000000000142, 0.0
14163, -0.10000000000000142, 0.10000000000000142
14164, -0.10000000000000142, 0.10000000000000142
14165, -0.10000000000000142, 0.10000000000000142
14166, -0.10000000000000142, 0.10000000000000142
14167, -0.10000000000000142, 0.10000000000000142
14168, -0.10000000000000142, 0.10000000000000142
14169, -0.10000000000000142, 0.10000000000000142
14170, -0.10000000000000142, 0.10000000000000142
14171, -0.10000000000000142, 0.10000000000000142
14172, -0.10000000000000142, 0.10000000000000142
14173, -0.10000000000000142, 0.10000000000000142
14174, -0.10000000000000142, 0.10000000000000142
14175, -0.10000000000000142, 0.10000000000000142
14176, -0.10000000000000142, 0.10000000000000142
14177, -0.10000000000000142, 0.0
14178, -0.10000000000000142, 0.0
14179, -0.10000000000000142, -0.10000000000000142
14180, -0.10000000000000142, -0.10000000000000142
14181, -0.10000000000000142, 0.0
14182, -0.10000000000000142, 0.0
14183, -0.10000000000000142, 0.0
14184, -0.10000000000000142, 0.0
14185, -0.10000000000000142, 0.0
14186, -0.10000000000000142, 0.0
14187, -0.10000000000000142, 0.0
14188, -0.10000000000000142, 0.0
14189, -0.10000000000000142, -0.10000000000000142
14190, -0.10000000000000142, -0.10000000000000142
14191, -0.10000000000000142, -0.10000000000000142
14192, -0.10000000000000142, -0.10000000000000142
14193, -0.10000000000000142, -0.10000000000000142
14194, -0.10000000000000142, -0.10000000000000142
14195, -0.10000000000000142, -0.10000000000000142
14196, -0.10000000000000142, -0.10000000000000142
14197, -0.10000000000000142, -0.10000000000000142
14198, -0.10000000000000142, -0.10000000000000142
14199, 0.0, -0.10000000000000142
14200, 0.0, 0.0
14201, 0.0, 0.0
14202, 0.0, 0.0
14203, 0.0, -0.10000000000000142
14204, 0.0, -0.10000000000000142
14205, 0.0, -0.10000000000000142
14206, 0.0, -0.10000000000000142
14207, 0.0, -0.10000000000000142
14208, 0.0, -0.10000000000000142
14209, 0.0, -0.10000000000000142
14210, 0.0, -0.10000000000000142
14211, 0.0, -0.10000000000000142
14212, 0.0, 0.0
14213, 0.0, 0.0
14214, 0.0, 0.0
14215, 0.0, 0.0
14216, 0.0, 0.0
14217, 0.0, 0.0
14218, 0.0, 0.0
14219, 0.0, 0.0
14220, 0.0, 0.0
14221, 0.0, 0.0
14222, 0.0, 0.0
14223, 0.0, 0.0
14224, 0.0, 0.0
14225, 0.0, 0.0
14226, 0.0, 0.0
14227, 0.0, 0.0
14228, 0.0, 0.0
14229, 0.0, 0.0
14230, 0.0, 0.0
14231, 0.0, 0.0
14232, 0.0, 0.0
14233, -0.10000000000000142, 0.0
14234, -0.10000000000000142, 0.0
14235, -0.10000000000000142, -0.10000000000000142
14236, -0.10000000000000142, -0.10000000000000142
14237, -0.10000000000000142, -0.10000000000000142
14238, -0.10000000000000142, -0.10000000000000142
14239, -0.10000000000000142, -0.10000000000000142
14240, -0.10000000000000142, -0.10000000000000142
14241, -0.10000000000000142, -0.10000000000000142
14242, -0.1999999999999993, -0.10000000000000142
14243, -0.1999999999999993, -0.10000000000000142
14244, -0.1999999999999993, -0.10000000000000142
14245, -0.1999999999999993, -0.10000000000000142
14246, -0.1999999999999993, -0.10000000000000142
14247, -0.1999999999999993, -0.10000000000000142
14248, -0.1999999999999993, -0.10000000000000142
14249, -0.1999999999999993, -0.10000000000000142
14250, -0.1999999999999993, -0.10000000000000142
14251, -0.1999999999999993, -0.10000000000000142
14252, -0.1999999999999993, -0.10000000000000142
14253, -0.1999999999999993, 0.0
14254, -0.1999999999999993, 0.0
14255, -0.1999999999999993, 0.0
14256, -0.1999999999999993, 0.0
14257, -0.1999999999999993, 0.0
14258, -0.1999999999999993, 0.0
14259, -0.1999999999999993, 0.0
14260, -0.1999999999999993, 0.0
14261, -0.1999999999999993, 0.0
14262, -0.1999999999999993, 0.0
14263, -0.1999999999999993, 0.0
14264, -0.1999999999999993, 0.0
14265, -0.1999999999999993, 0.0
14266, -0.1999999999999993, 0.0
14267, -0.1999999999999993, 0.10000000000000142
14268, -0.1999999999999993, 0.10000000000000142
14269, -0.3000000000000007, 0.10000000000000142
14270, -0.3000000000000007, 0.10000000000000142
14271, -0.3000000000000007, 0.10000000000000142
14272, -0.3000000000000007, 0.10000000000000142
14273, -0.3000000000000007, 0.10000000000000142
14274, -0.3000000000000007, 0.10000000000000142
14275, -0.3000000000000007, 0.10000000000000142
14276, -0.3000000000000007, 0.0
14277, -0.3000000000000007, 0.0
14278, -0.3000000000000007, 0.0
14279, -0.3000000000000007, 0.0
14280, -0.3000000000000007, 0.0
14281, -0.3000000000000007, 0.0
14282, -0.3000000000000007, 0.10000000000000142
14283, -0.3000000000000007, 0.10000000000000142
14284, -0.3000000000000007, 0.10000000000000142
14285, -0.3000000000000007, 0.10000000000000142
14286, -0.3000000000000007, 0.10000000000000142
14287, -0.3000000000000007, 0.10000000000000142
14288, -0.3000000000000007, 0.10000000000000142
14289, -0.3000000000000007, 0.0
14290, -0.3000000000000007, 0.0
14291, -0.3000000000000007, 0.0
14292, -0.3000000000000007, 0.0
14293, -0.3000000000000007, 0.0
14294, -0.3000000000000007, 0.0
14295, -0.3000000000000007, 0.0
14296, -0.1999999999999993, 0.0
14297, -0.1999999999999993, 0.0
14298, -0.1999999999999993, 0.0
14299, -0.1999999999999993, 0.0
14300, -0.1999999999999993, 0.0
14301, -0.1999999999999993, 0.0
14302, -0.1999999999999993, 0.0
14303, -0.1999999999999993, 0.0
14304, -0.1999999999999993, 0.0
14305, -0.1999999999999993, 0.0
14306, -0.1999999999999993, 0.0
14307, -0.1999999999999993, 0.0
14308, -0.1999999999999993, 0.0
14309, -0.1999999999999993, 0.0
14310, -0.1999999999999993, 0.0
14311, -0.1999999999999993, 0.0
14312, -0.1999999999999993, 0.0
14313, -0.1999999999999993, 0.0
14314, -0.1999999999999993, 0.0
14315, -0.1999999999999993, 0.0
14316, -0.10000000000000142, 0.0
14317, -0.10000000000000142, 0.0
14318, -0.10000000000000142, 0.0
14319, -0.10000000000000142, 0.0
14320, -0.10000000000000142, 0.0
14321, -0.10000000000000142, 0.0
14322, 0.0, 0.0
14323, 0.0, 0.0
14324, 0.0, 0.0
14325, 0.0, 0.0
14326, 0.0, 0.0
14327, 0.0, 0.0
14328, 0.0, 0.0
14329, 0.0, 0.0
14330, 0.0, 0.0
14331, 0.0, 0.0
14332, 0.0, 0.0
14333, 0.0, 0.0
14334, 0.0, 0.0
14335, 0.0, 0.0
14336, 0.0, 0.0
14337, 0.0, 0.0
14338, 0.0, 0.0
14339, 0.0, 0.0
14340, 0.0, 0.0
14341, 0.0, 0.0
14342, 0.0, 0.0
14343, 0.0, 0.0
14344, 0.0, 0.0
14345, 0.0, 0.10000000000000142
14346, 0.0, 0.10000000000000142
14347, 0.0, 0.0
14348, 0.0, 0.0
14349, 0.0, 0.0
14350, 0.0, 0.0
14351, 0.0, 0.0
14352, 0.0, 0.0
14353, 0.0, 0.0
14354, -0.10000000000000142, 0.0
14355, -0.10000000000000142, 0.0
14356, -0.10000000000000142, 0.0
14357, -0.10000000000000142, 0.0
14358, -0.10000000000000142, 0.0
14359, -0.10000000000000142, 0.0
14360, -0.10000000000000142, 0.0
14361, -0.10000000000000142, 0.0
14362, -0.10000000000000142, 0.0
14363, -0.10000000000000142, 0.0
14364, -0.10000000000000142, 0.0
14365, -0.10000000000000142, 0.0
14366, -0.10000000000000142, 0.0
14367, -0.10000000000000142, 0.0
14368, -0.10000000000000142, 0.0
14369, 0.0, 0.0
14370, 0.0, 0.0
14371, 0.0, 0.0
14372, 0.0, 0.0
14373, 0.0, 0.0
14374, 0.0, 0.0
14375, 0.0, 0.0
14376, 0.0, 0.0
14377, 0.0, 0.0
14378, 0.0, 0.0
14379, 0.0, 0.0
14380, 0.0, 0.0
14381, 0.0, 0.0
14382, 0.0, 0.0
14383, 0.0, 0.0
14384, 0.0, -0.10000000000000142
14385, 0.0, 0.0
14386, 0.0, 0.0
14387, 0.0, -0.10000000000000142
14388, -0.10000000000000142, -0.10000000000000142
14389, -0.10000000000000142, -0.10000000000000142
14390, -0.10000000000000142, -0.10000000000000142
14391, -0.10000000000000142, -0.10000000000000142
14392, -0.10000000000000142, -0.10000000000000142
14393, -0.10000000000000142, -0.10000000000000142
14394, -0.10000000000000142, -0.10000000000000142
14395, -0.10000000000000142, -0.10000000000000142
14396, -0.1999999999999993, -0.10000000000000142
14397, -0.1999999999999993, -0.10000000000000142
14398, -0.1999999999999993, -0.10000000000000142
14399, -0.1999999999999993, -0.10000000000000142
14400, -0.1999999999999993, -0.10000000000000142
14401, -0.1999999999999993, -0.10000000000000142
14402, -0.1999999999999993, -0.10000000000000142
14403, -0.1999999999999993, -0.10000000000000142
14404, -0.1999999999999993, -0.10000000000000142
14405, -0.1999999999999993, -0.10000000000000142
14406, -0.1999999999999993, -0.10000000000000142
14407, -0.1999999999999993, -0.10000000000000142
14408, -0.1999999999999993, 0.0
14409, -0.1999999999999993, 0.0
14410, -0.1999999999999993, 0.0
14411, -0.1999999999999993, 0.0
14412, -0.3000000000000007, 0.0
14413, -0.3000000000000007, 0.0
14414, -0.3000000000000007, 0.0
14415, -0.3000000000000007, 0.0
14416, -0.3000000000000007, 0.0
14417, -0.3000000000000007, 0.0
14418, -0.3000000000000007, 0.0
14419, -0.3000000000000007, 0.0
14420, -0.3000000000000007, 0.0
14421, -0.1999999999999993, 0.0
14422, -0.1999999999999993, 0.0
14423, -0.1999999999999993, 0.0
14424, -0.1999999999999993, 0.0
14425, -0.1999999999999993, 0.0
14426, -0.1999999999999993, 0.0
14427, -0.1999999999999993, 0.0
14428, -0.1999999999999993, 0.0
14429, -0.1999999999999993, 0.0
14430, -0.1999999999999993, 0.0
14431, -0.1999999999999993, 0.0
14432, -0.1999999999999993, 0.0
14433, -0.1999999999999993, 0.0
14434, -0.10000000000000142, 0.0
14435, -0.10000000000000142, -0.10000000000000142
14436, -0.10000000000000142, -0.10000000000000142
14437, -0.10000000000000142, 0.0
14438, -0.10000000000000142, 0.0
14439, -0.10000000000000142, 0.0
14440, -0.10000000000000142, 0.0
14441, -0.10000000000000142, 0.0
14442, -0.10000000000000142, 0.0
14443, -0.10000000000000142, 0.0
14444, -0.10000000000000142, 0.0
14445, -0.10000000000000142, -0.10000000000000142
14446, -0.10000000000000142, -0.10000000000000142
14447, -0.10000000000000142, 0.0
14448, -0.10000000000000142, 0.0
14449, -0.10000000000000142, 0.0
14450, -0.10000000000000142, 0.0
14451, -0.10000000000000142, 0.0
14452, -0.10000000000000142, 0.0
14453, -0.10000000000000142, 0.0
14454, -0.10000000000000142, 0.0
14455, -0.10000000000000142, 0.0
14456, -0.10000000000000142, -0.10000000000000142
14457, -0.1999999999999993, -0.10000000000000142
14458, -0.1999999999999993, -0.10000000000000142
14459, -0.1999999999999993, -0.10000000000000142
14460, -0.1999999999999993, -0.10000000000000142
14461, -0.1999999999999993, 0.0
14462, -0.1999999999999993, 0.0
14463, -0.1999999999999993, 0.0
14464, -0.1999999999999993, 0.0
14465, -0.1999999999999993, 0.0
14466, -0.1999999999999993, 0.0
14467, -0.1999999999999993, 0.10000000000000142
14468, -0.1999999999999993, 0.10000000000000142
14469, -0.1999999999999993, 0.10000000000000142
14470, -0.1999999999999993, 0.0
14471, -0.1999999999999993, 0.0
14472, -0.1999999999999993, 0.0
14473, -0.1999999999999993, 0.0
14474, -0.1999999999999993, 0.0
14475, -0.1999999999999993, 0.0
14476, -0.1999999999999993, 0.0
14477, -0.1999999999999993, 0.0
14478, -0.1999999999999993, 0.0
14479, -0.1999999999999993, 0.0
14480, -0.1999999999999993, 0.0
14481, -0.1999999999999993, 0.0
14482, -0.1999999999999993, 0.0
14483, -0.1999999999999993, 0.0
14484, -0.1999999999999993, 0.0
14485, -0.1999999999999993, 0.0
14486, -0.1999999999999993, 0.0
14487, -0.1999999999999993, 0.0
14488, -0.1999999999999993, 0.0
14489, -0.1999999999999993, 0.0
14490, -0.1999999999999993, 0.0
14491, -0.1999999999999993, 0.0
14492, -0.1999999999999993, 0.0
14493, -0.1999999999999993, 0.0
14494, -0.1999999999999993, 0.0
14495, -0.1999999999999993, 0.0
14496, -0.1999999999999993, 0.0
14497, -0.1999999999999993, 0.0
14498, -0.1999999999999993, 0.0
14499, -0.1999999999999993, 0.0
14500, -0.1999999999999993, -0.10000000000000142
14501, -0.1999999999999993, -0.10000000000000142
14502, -0.10000000000000142, 0.0
14503, -0.10000000000000142, 0.0
14504, -0.10000000000000142, 0.0
14505, -0.10000000000000142, 0.0
14506, -0.10000000000000142, 0.0
14507, -0.10000000000000142, 0.0
14508, -0.1999999999999993, 0.0
14509, -0.1999999999999993, -0.10000000000000142
14510, -0.1999999999999993, -0.10000000000000142
14511, -0.1999999999999993, -0.10000000000000142
14512, -0.1999999999999993, -0.10000000000000142
14513, -0.1999999999999993, 0.0
14514, -0.1999999999999993, 0.0
14515, -0.1999999999999993, 0.0
14516, -0.1999999999999993, 0.10000000000000142
14517, -0.1999999999999993, 0.10000000000000142
14518, -0.1999999999999993, 0.10000000000000142
14519, -0.1999999999999993, 0.10000000000000142
14520, -0.1999999999999993, 0.10000000000000142
14521, -0.1999999999999993, 0.0
14522, -0.1999999999999993, 0.0
14523, -0.1999999999999993, 0.0
14524, -0.1999999999999993, 0.0
14525, -0.1999999999999993, 0.0
14526, -0.10000000000000142, 0.0
14527, -0.10000000000000142, 0.10000000000000142
14528, -0.10000000000000142, 0.10000000000000142
14529, -0.10000000000000142, 0.0
14530, -0.10000000000000142, 0.0
14531, -0.10000000000000142, 0.0
14532, -0.1999999999999993, 0.0
14533, -0.1999999999999993, 0.0
14534, -0.1999999999999993, 0.0
14535, -0.1999999999999993, 0.0
14536, -0.1999999999999993, 0.0
14537, -0.3000000000000007, 0.0
14538, -0.3000000000000007, 0.0
14539, -0.3000000000000007, 0.0
14540, -0.3000000000000007, 0.0
14541, -0.3000000000000007, 0.0
14542, -0.3000000000000007, 0.0
14543, -0.3000000000000007, 0.0
14544, -0.3000000000000007, 0.0
14545, -0.3000000000000007, -0.10000000000000142
14546, -0.3000000000000007, -0.10000000000000142
14547, -0.1999999999999993, -0.10000000000000142
14548, -0.1999999999999993, -0.10000000000000142
14549, -0.1999999999999993, -0.10000000000000142
14550, -0.1999999999999993, -0.1999999999999993
14551, -0.1999999999999993, -0.10000000000000142
14552, -0.1999999999999993, -0.10000000000000142
14553, -0.10000000000000142, -0.1999999999999993
14554, -0.10000000000000142, -0.1999999999999993
14555, -0.10000000000000142, -0.3000000000000007
14556, -0.10000000000000142, -0.3000000000000007
14557, -0.10000000000000142, -0.3000000000000007
14558, -0.10000000000000142, -0.3000000000000007
14559, -0.10000000000000142, -0.3000000000000007
14560, -0.10000000000000142, -0.3000000000000007
14561, -0.10000000000000142, -0.3999999999999986
14562, -0.10000000000000142, -0.5
14563, -0.10000000000000142, -0.5
14564, -0.10000000000000142, -0.5
14565, -0.10000000000000142, -0.5
14566, 0.0, -0.5
14567, 0.0, -0.6999999999999993
14568, 0.0, -0.6000000000000014
14569, 0.0, -0.6000000000000014
14570, 0.0, -0.6000000000000014
14571, 0.0, -0.6999999999999993
14572, 0.0, -0.6999999999999993
14573, 0.0, -0.6999999999999993
14574, 0.0, -0.8000000000000007
14575, 0.0, -0.6999999999999993
14576, 0.0, -0.6999999999999993
14577, 0.0, -0.8000000000000007
14578, 0.0, -0.8000000000000007
14579, 0.0, -0.8000000000000007
14580, 0.0, -0.8000000000000007
14581, -0.10000000000000142, -0.6999999999999993
14582, -0.10000000000000142, -0.6999999999999993
14583, -0.10000000000000142, -0.6999999999999993
14584, -0.10000000000000142, -0.6000000000000014
14585, -0.10000000000000142, -0.6000000000000014
14586, -0.10000000000000142, -0.6000000000000014
14587, -0.10000000000000142, -0.5
14588, -0.10000000000000142, -0.5
14589, -0.10000000000000142, -0.3999999999999986
14590, -0.10000000000000142, -0.3000000000000007
14591, -0.10000000000000142, -0.3000000000000007
14592, -0.10000000000000142, -0.1999999999999993
14593, -0.10000000000000142, -0.10000000000000142
14594, -0.10000000000000142, -0.10000000000000142
14595, -0.10000000000000142, -0.10000000000000142
14596, -0.10000000000000142, 0.0
14597, -0.10000000000000142, 0.0
14598, -0.10000000000000142, 0.10000000000000142
14599, -0.10000000000000142, 0.10000000000000142
14600, -0.10000000000000142, 0.1999999999999993
14601, -0.10000000000000142, 0.3000000000000007
14602, -0.10000000000000142, 0.3000000000000007
14603, -0.10000000000000142, 0.3999999999999986
14604, -0.10000000000000142, 0.5
14605, -0.10000000000000142, 0.5
14606, -0.10000000000000142, 0.5
14607, -0.10000000000000142, 0.6000000000000014
14608, -0.10000000000000142, 0.6000000000000014
14609, -0.10000000000000142, 0.6000000000000014
14610, -0.10000000000000142, 0.6000000000000014
14611, -0.10000000000000142, 0.6000000000000014
14612, -0.10000000000000142, 0.6999999999999993
14613, 0.0, 0.6000000000000014
14614, 0.0, 0.6000000000000014
14615, 0.0, 0.6000000000000014
14616, 0.0, 0.5
14617, 0.0, 0.6000000000000014
14618, 0.0, 0.5
14619, 0.0, 0.3999999999999986
14620, 0.0, 0.3999999999999986
14621, 0.0, 0.3999999999999986
14622, 0.0, 0.3000000000000007
14623, 0.0, 0.1999999999999993
14624, 0.0, 0.1999999999999993
14625, 0.0, 0.1999999999999993
14626, 0.0, 0.10000000000000142
14627, 0.0, 0.0
14628, 0.0, 0.0
14629, 0.0, 0.0
14630, 0.0, -0.10000000000000142
14631, 0.0, -0.1999999999999993
14632, 0.0, -0.10000000000000142
14633, 0.0, -0.1999999999999993
14634, 0.0, -0.3000000000000007
14635, -0.10000000000000142, -0.3000000000000007
14636, -0.10000000000000142, -0.3000000000000007
14637, -0.10000000000000142, -0.3000000000000007
14638, -0.10000000000000142, -0.3000000000000007
14639, -0.10000000000000142, -0.3000000000000007
14640, -0.10000000000000142, -0.3000000000000007
14641, -0.10000000000000142, -0.3000000000000007
14642, -0.10000000000000142, -0.3999999999999986
14643, -0.10000000000000142, -0.3999999999999986
14644, -0.10000000000000142, -0.3000000000000007
14645, -0.10000000000000142, -0.3999999999999986
14646, -0.10000000000000142, -0.5
14647, -0.10000000000000142, -0.3999999999999986
14648, -0.10000000000000142, -0.3999999999999986
14649, -0.10000000000000142, -0.5
14650, -0.10000000000000142, -0.3999999999999986
14651, -0.10000000000000142, -0.3999999999999986
14652, -0.10000000000000142, -0.3000000000000007
14653, -0.10000000000000142, -0.3999999999999986
14654, -0.10000000000000142, -0.3999999999999986
14655, -0.10000000000000142, -0.3000000000000007
14656, -0.10000000000000142, -0.3999999999999986
14657, -0.10000000000000142, -0.3000000000000007
14658, -0.10000000000000142, -0.3000000000000007
14659, -0.10000000000000142, -0.3000000000000007
14660, -0.1999999999999993, -0.3000000000000007
14661, -0.1999999999999993, -0.3000000000000007
14662, -0.1999999999999993, -0.1999999999999993
14663, -0.1999999999999993, -0.1999999999999993
14664, -0.1999999999999993, -0.1999999999999993
14665, -0.1999999999999993, -0.1999999999999993
14666, -0.1999999999999993, -0.10000000000000142
14667, -0.1999999999999993, -0.10000000000000142
14668, -0.1999999999999993, -0.10000000000000142
14669, -0.1999999999999993, -0.10000000000000142
14670, -0.1999999999999993, 0.0
14671, -0.1999999999999993, 0.10000000000000142
14672, -0.1999999999999993, 0.0
14673, -0.1999999999999993, 0.10000000000000142
14674, -0.1999999999999993, 0.10000000000000142
14675, -0.1999999999999993, 0.1999999999999993
14676, -0.1999999999999993, 0.1999999999999993
14677, -0.1999999999999993, 0.1999999999999993
14678, -0.1999999999999993, 0.3000000000000007
14679, -0.1999999999999993, 0.3999999999999986
14680, -0.10000000000000142, 0.3999999999999986
14681, -0.10000000000000142, 0.3999999999999986
14682, -0.10000000000000142, 0.3999999999999986
14683, -0.10000000000000142, 0.3999999999999986
14684, -0.10000000000000142, 0.3999999999999986
14685, -0.1999999999999993, 0.3999999999999986
14686, -0.1999999999999993, 0.3999999999999986
14687, -0.1999999999999993, 0.5
14688, -0.1999999999999993, 0.6000000000000014
14689, -0.1999999999999993, 0.6000000000000014
14690, -0.1999999999999993, 0.6000000000000014
14691, -0.1999999999999993, 0.6000000000000014
14692, -0.1999999999999993, 0.5
14693, -0.1999999999999993, 0.5
14694, -0.1999999999999993, 0.5
14695, -0.1999999999999993, 0.3999999999999986
14696, -0.1999999999999993, 0.3999999999999986
14697, -0.1999999999999993, 0.3999999999999986
14698, -0.1999999999999993, 0.3999999999999986
14699, -0.1999999999999993, 0.3999999999999986
14700, -0.3000000000000007, 0.3999999999999986
14701, -0.3000000000000007, 0.3999999999999986
14702, -0.3000000000000007, 0.3999999999999986
14703, -0.3000000000000007, 0.1999999999999993
14704, -0.3000000000000007, 0.1999999999999993
14705, -0.3000000000000007, 0.1999999999999993
14706, -0.3000000000000007, 0.1999999999999993
14707, -0.3000000000000007, 0.1999999999999993
14708, -0.3000000000000007, 0.1999999999999993
14709, -0.3000000000000007, 0.10000000000000142
14710, -0.3000000000000007, 0.10000000000000142
14711, -0.3000000000000007, 0.0
14712, -0.3000000000000007, 0.0
14713, -0.3000000000000007, 0.0
14714, -0.3000000000000007, -0.10000000000000142
14715, -0.3000000000000007, -0.1999999999999993
14716, -0.3000000000000007, -0.1999999999999993
14717, -0.3000000000000007, -0.1999999999999993
14718, -0.3000000000000007, -0.3000000000000007
14719, -0.3000000000000007, -0.3000000000000007
14720, -0.3000000000000007, -0.3000000000000007
14721, -0.3000000000000007, -0.3999999999999986
14722, -0.3000000000000007, -0.3999999999999986
14723, -0.3000000000000007, -0.3999999999999986
14724, -0.3000000000000007, -0.3999999999999986
14725, -0.3000000000000007, -0.5
14726, -0.3000000000000007, -0.5
14727, -0.1999999999999993, -0.3999999999999986
14728, -0.1999999999999993, -0.3999999999999986
14729, -0.1999999999999993, -0.3999999999999986
14730, -0.1999999999999993, -0.3999999999999986
14731, -0.1999999999999993, -0.3999999999999986
14732, -0.1999999999999993, -0.5
14733, -0.1999999999999993, -0.3999999999999986
14734, -0.1999999999999993, -0.3999999999999986
14735, -0.1999999999999993, -0.3999999999999986
14736, -0.1999999999999993, -0.3999999999999986
14737, -0.1999999999999993, -0.3000000000000007
14738, -0.1999999999999993, -0.3000000000000007
14739, -0.1999999999999993, -0.3000000000000007
14740, -0.1999999999999993, -0.3000000000000007
14741, -0.1999999999999993, -0.3000000000000007
14742, -0.1999999999999993, -0.3000000000000007
14743, -0.1999999999999993, -0.3000000000000007
14744, -0.1999999999999993, -0.1999999999999993
14745, -0.1999999999999993, -0.1999999999999993
14746, -0.3000000000000007, -0.1999999999999993
14747, -0.3000000000000007, -0.1999999999999993
14748, -0.3000000000000007, -0.1999999999999993
14749, -0.3000000000000007, -0.10000000000000142
14750, -0.3000000000000007, -0.10000000000000142
14751, -0.3000000000000007, 0.0
14752, -0.3000000000000007, 0.10000000000000142
14753, -0.3000000000000007, 0.10000000000000142
14754, -0.3000000000000007, 0.10000000000000142
14755, -0.3000000000000007, 0.10000000000000142
14756, -0.3000000000000007, 0.1999999999999993
14757, -0.3000000000000007, 0.1999999999999993
14758, -0.3000000000000007, 0.1999999999999993
14759, -0.3000000000000007, 0.1999999999999993
14760, -0.3000000000000007, 0.1999999999999993
14761, -0.3000000000000007, 0.1999999999999993
14762, -0.3000000000000007, 0.3000000000000007
14763, -0.3000000000000007, 0.3000000000000007
14764, -0.3000000000000007, 0.3000000000000007
14765, -0.3000000000000007, 0.3000000000000007
14766, -0.3000000000000007, 0.3999999999999986
14767, -0.3000000000000007, 0.3000000000000007
14768, -0.3000000000000007, 0.3000000000000007
14769, -0.3000000000000007, 0.3999999999999986
14770, -0.3000000000000007, 0.3999999999999986
14771, -0.3000000000000007, 0.3999999999999986
14772, -0.3000000000000007, 0.3000000000000007
14773, -0.3000000000000007, 0.3000000000000007
14774, -0.3000000000000007, 0.3000000000000007
14775, -0.3000000000000007, 0.3000000000000007
14776, -0.3000000000000007, 0.3000000000000007
14777, -0.3000000000000007, 0.3000000000000007
14778, -0.3000000000000007, 0.3000000000000007
14779, -0.3000000000000007, 0.1999999999999993
14780, -0.3000000000000007, 0.1999999999999993
14781, -0.3000000000000007, 0.3000000000000007
14782, -0.3000000000000007, 0.1999999999999993
14783, -0.3000000000000007, 0.1999999999999993
14784, -0.3000000000000007, 0.1999999999999993
14785, -0.3000000000000007, 0.10000000000000142
14786, -0.3000000000000007, 0.1999999999999993
14787, -0.3000000000000007, 0.1999999999999993
14788, -0.3000000000000007, 0.1999999999999993
14789, -0.3000000000000007, 0.10000000000000142
14790, -0.3000000000000007, 0.10000000000000142
14791, -0.3000000000000007, 0.10000000000000142
14792, -0.3000000000000007, 0.10000000000000142
14793, -0.3000000000000007, 0.10000000000000142
14794, -0.3000000000000007, 0.10000000000000142
14795, -0.3000000000000007, 0.10000000000000142
14796, -0.3000000000000007, 0.10000000000000142
14797, -0.3000000000000007, 0.10000000000000142
14798, -0.3000000000000007, 0.10000000000000142
14799, -0.3000000000000007, 0.0
14800, -0.3000000000000007, 0.0
14801, -0.3000000000000007, 0.0
14802, -0.3999999999999986, 0.0
14803, -0.3999999999999986, 0.0
14804, -0.3999999999999986, -0.10000000000000142
14805, -0.3999999999999986, -0.10000000000000142
14806, -0.3999999999999986, 0.0
14807, -0.3999999999999986, -0.10000000000000142
14808, -0.3999999999999986, -0.10000000000000142
14809, -0.3999999999999986, -0.1999999999999993
14810, -0.3999999999999986, -0.10000000000000142
14811, -0.3999999999999986, -0.10000000000000142
14812, -0.3999999999999986, -0.1999999999999993
14813, -0.3999999999999986, -0.1999999999999993
14814, -0.3999999999999986, -0.1999999999999993
14815, -0.3999999999999986, -0.1999999999999993
14816, -0.3999999999999986, -0.1999999999999993
14817, -0.3999999999999986, -0.3000000000000007
14818, -0.3999999999999986, -0.1999999999999993
14819, -0.3999999999999986, -0.3000000000000007
14820, -0.3999999999999986, -0.3000000000000007
14821, -0.3999999999999986, -0.3000000000000007
14822, -0.3999999999999986, -0.3000000000000007
14823, -0.3999999999999986, -0.3000000000000007
14824, -0.3999999999999986, -0.3000000000000007
14825, -0.3000000000000007, -0.3000000000000007
14826, -0.3000000000000007, -0.3999999999999986
14827, -0.3000000000000007, -0.3000000000000007
14828, -0.3000000000000007, -0.3000000000000007
14829, -0.3000000000000007, -0.3999999999999986
14830, -0.3000000000000007, -0.3999999999999986
14831, -0.3000000000000007, -0.3999999999999986
14832, -0.3000000000000007, -0.3000000000000007
14833, -0.3000000000000007, -0.3999999999999986
14834, -0.3000000000000007, -0.3999999999999986
14835, -0.3000000000000007, -0.3999999999999986
14836, -0.3000000000000007, -0.3000000000000007
14837, -0.3000000000000007, -0.3999999999999986
14838, -0.3000000000000007, -0.3000000000000007
14839, -0.3000000000000007, -0.3000000000000007
14840, -0.3000000000000007, -0.3000000000000007
14841, -0.3000000000000007, -0.3999999999999986
14842, -0.3000000000000007, -0.3000000000000007
14843, -0.3000000000000007, -0.3000000000000007
14844, -0.1999999999999993, -0.1999999999999993
14845, -0.1999999999999993, -0.3000000000000007
14846, -0.1999999999999993, -0.3000000000000007
14847, -0.10000000000000142, -0.1999999999999993
14848, -0.10000000000000142, -0.3000000000000007
14849, -0.10000000000000142, -0.1999999999999993
14850, -0.10000000000000142, -0.1999999999999993
14851, -0.10000000000000142, -0.3000000000000007
14852, -0.10000000000000142, -0.1999999999999993
14853, -0.10000000000000142, -0.10000000000000142
14854, -0.10000000000000142, -0.1999999999999993
14855, -0.10000000000000142, -0.10000000000000142
14856, -0.10000000000000142, -0.1999999999999993
14857, -0.10000000000000142, -0.1999999999999993
14858, -0.10000000000000142, -0.1999999999999993
14859, -0.10000000000000142, -0.10000000000000142
14860, 0.0, -0.1999999999999993
14861, 0.0, -0.10000000000000142
14862, 0.0, -0.10000000000000142
14863, 0.0, -0.1999999999999993
14864, 0.0, -0.1999999999999993
14865, 0.0, -0.1999999999999993
14866, 0.0, -0.10000000000000142
14867, 0.0, -0.1999999999999993
14868, 0.0, -0.1999999999999993
14869, 0.0, -0.1999999999999993
14870, 0.0, -0.1999999999999993
14871, 0.0, -0.1999999999999993
14872, 0.0, -0.3000000000000007
14873, 0.0, -0.3000000000000007
14874, -0.10000000000000142, -0.1999999999999993
14875, -0.10000000000000142, -0.1999999999999993
14876, -0.10000000000000142, -0.1999999999999993
14877, -0.10000000000000142, -0.3000000000000007
14878, -0.10000000000000142, -0.3000000000000007
14879, -0.10000000000000142, -0.3000000000000007
14880, -0.10000000000000142, -0.3999999999999986
14881, -0.10000000000000142, -0.3000000000000007
14882, -0.10000000000000142, -0.3000000000000007
14883, -0.10000000000000142, -0.3000000000000007
14884, -0.10000000000000142, -0.3000000000000007
14885, -0.10000000000000142, -0.3999999999999986
14886, -0.10000000000000142, -0.3999999999999986
14887, -0.10000000000000142, -0.3999999999999986
14888, -0.10000000000000142, -0.5
14889, -0.10000000000000142, -0.5
14890, -0.10000000000000142, -0.5
14891, -0.10000000000000142, -0.5
14892, -0.10000000000000142, -0.5
14893, -0.10000000000000142, -0.5
14894, -0.10000000000000142, -0.5
14895, -0.10000000000000142, -0.6000000000000014
14896, -0.10000000000000142, -0.5
14897, -0.10000000000000142, -0.6000000000000014
14898, -0.10000000000000142, -0.6000000000000014
14899, 0.0, -0.6000000000000014
14900, 0.0, -0.6000000000000014
14901, -0.10000000000000142, -0.5
14902, -0.10000000000000142, -0.6000000000000014
14903, -0.10000000000000142, -0.6000000000000014
14904, -0.10000000000000142, -0.6000000000000014
14905, -0.10000000000000142, -0.6999999999999993
14906, -0.10000000000000142, -0.6000000000000014
14907, -0.10000000000000142, -0.5
14908, -0.10000000000000142, -0.6000000000000014
14909, -0.10000000000000142, -0.6000000000000014
14910, -0.10000000000000142, -0.6000000000000014
14911, -0.10000000000000142, -0.6000000000000014
14912, -0.10000000000000142, -0.5
14913, -0.10000000000000142, -0.6000000000000014
14914, -0.10000000000000142, -0.5
14915, -0.10000000000000142, -0.5
14916, -0.10000000000000142, -0.5
14917, -0.10000000000000142, -0.6000000000000014
14918, -0.10000000000000142, -0.5
14919, -0.10000000000000142, -0.6000000000000014
14920, -0.10000000000000142, -0.5
14921, -0.10000000000000142, -0.3999999999999986
14922, -0.10000000000000142, -0.3999999999999986
14923, -0.10000000000000142, -0.3999999999999986
14924, -0.10000000000000142, -0.3000000000000007
14925, 0.0, -0.3999999999999986
14926, 0.0, -0.3000000000000007
14927, 0.0, -0.3999999999999986
14928, -0.10000000000000142, -0.3000000000000007
14929, -0.10000000000000142, -0.3000000000000007
14930, -0.10000000000000142, -0.3000000000000007
14931, -0.10000000000000142, -0.1999999999999993
14932, -0.10000000000000142, -0.3000000000000007
14933, -0.10000000000000142, -0.1999999999999993
14934, -0.10000000000000142, -0.1999999999999993
14935, -0.10000000000000142, -0.1999999999999993
14936, -0.10000000000000142, -0.3000000000000007
14937, -0.10000000000000142, -0.1999999999999993
14938, -0.10000000000000142, -0.1999999999999993
14939, -0.10000000000000142, -0.1999999999999993
14940, -0.10000000000000142, -0.1999999999999993
14941, -0.10000000000000142, -0.3000000000000007
14942, -0.10000000000000142, -0.3000000000000007
14943, -0.10000000000000142, -0.1999999999999993
14944, -0.10000000000000142, -0.3000000000000007
14945, -0.10000000000000142, -0.3000000000000007
14946, -0.10000000000000142, -0.3000000000000007
14947, -0.10000000000000142, -0.3000000000000007
14948, -0.10000000000000142, -0.3000000000000007
14949, -0.10000000000000142, -0.3000000000000007
14950, -0.10000000000000142, -0.3000000000000007
14951, -0.10000000000000142, -0.3999999999999986
14952, -0.10000000000000142, -0.3000000000000007
14953, -0.10000000000000142, -0.3000000000000007
14954, -0.10000000000000142, -0.5
14955, -0.10000000000000142, -0.3999999999999986
14956, -0.10000000000000142, -0.3999999999999986
14957, -0.10000000000000142, -0.3999999999999986
14958, -0.10000000000000142, -0.5
14959, -0.10000000000000142, -0.5
14960, -0.10000000000000142, -0.5
14961, -0.10000000000000142, -0.6000000000000014
14962, -0.10000000000000142, -0.6000000000000014
14963, -0.10000000000000142, -0.6000000000000014
14964, -0.10000000000000142, -0.6000000000000014
14965, -0.10000000000000142, -0.6999999999999993
14966, -0.10000000000000142, -0.6000000000000014
14967, -0.10000000000000142, -0.6999999999999993
14968, -0.10000000000000142, -0.6000000000000014
14969, -0.10000000000000142, -0.6999999999999993
14970, -0.10000000000000142, -0.6000000000000014
14971, -0.10000000000000142, -0.6999999999999993
14972, -0.10000000000000142, -0.6999999999999993
14973, -0.10000000000000142, -0.6999999999999993
14974, -0.10000000000000142, -0.6999999999999993
14975, -0.10000000000000142, -0.6999999999999993
14976, -0.10000000000000142, -0.6999999999999993
14977, -0.10000000000000142, -0.6000000000000014
14978, -0.10000000000000142, -0.6999999999999993
14979, 0.0, -0.6000000000000014
14980, 0.0, -0.6000000000000014
14981, 0.0, -0.5
14982, 0.0, -0.6000000000000014
14983, 0.0, -0.6000000000000014
14984, 0.0, -0.5
14985, 0.0, -0.5
14986, 0.0, -0.5
14987, 0.10000000000000142, -0.3999999999999986
14988, 0.10000000000000142, -0.3000000000000007
14989, 0.10000000000000142, -0.3000000000000007
14990, 0.10000000000000142, -0.3999999999999986
14991, 0.10000000000000142, -0.3000000000000007
14992, 0.10000000000000142, -0.3000000000000007
14993, 0.10000000000000142, -0.3000000000000007
14994, 0.10000000000000142, -0.1999999999999993
14995, 0.10000000000000142, -0.10000000000000142
14996, 0.10000000000000142, -0.10000000000000142
14997, 0.10000000000000142, 0.0
14998, 0.10000000000000142, 0.0
14999, 0.10000000000000142, 0.10000000000000142
15000, 0.10000000000000142, 0.10000000000000142
15001, 0.10000000000000142, 0.10000000000000142
