,Left_Z[N],Right_Z[N]
10000, -0.10000000000000142, -0.10000000000000142
10001, -0.10000000000000142, -0.10000000000000142
10002, -0.10000000000000142, -0.10000000000000142
10003, -0.10000000000000142, -0.10000000000000142
10004, -0.10000000000000142, -0.10000000000000142
10005, -0.10000000000000142, -0.10000000000000142
10006, -0.10000000000000142, -0.10000000000000142
10007, -0.10000000000000142, -0.10000000000000142
10008, -0.10000000000000142, -0.10000000000000142
10009, -0.10000000000000142, -0.10000000000000142
10010, -0.10000000000000142, -0.10000000000000142
10011, -0.10000000000000142, -0.10000000000000142
10012, -0.10000000000000142, -0.10000000000000142
10013, -0.10000000000000142, -0.10000000000000142
10014, -0.10000000000000142, -0.10000000000000142
10015, -0.10000000000000142, 0.0
10016, -0.10000000000000142, 0.0
10017, -0.10000000000000142, 0.0
10018, -0.10000000000000142, 0.0
10019, -0.10000000000000142, 0.0
10020, 0.0, 0.0
10021, 0.0, 0.0
10022, 0.0, 0.0
10023, 0.0, 0.0
10024, 0.0, 0.0
10025, 0.0, 0.0
10026, 0.10000000000000142, 0.0
10027, 0.10000000000000142, 0.0
10028, 0.0, 0.0
10029, 0.0, 0.0
10030, 0.0, 0.0
10031, 0.0, 0.0
10032, 0.0, 0.0
10033, 0.0, 0.0
10034, 0.0, 0.0
10035, 0.0, 0.0
10036, 0.0, 0.0
10037, 0.0, 0.0
10038, 0.0, 0.0
10039, 0.0, 0.0
10040, 0.0, 0.0
10041, 0.0, 0.0
10042, 0.0, 0.0
10043, 0.0, 0.0
10044, 0.0, 0.0
10045, 0.0, 0.0
10046, -0.10000000000000142, 0.0
10047, -0.10000000000000142, 0.0
10048, -0.10000000000000142, 0.0
10049, -0.10000000000000142, 0.0
10050, -0.10000000000000142, 0.0
10051, -0.10000000000000142, 0.0
10052, -0.10000000000000142, 0.0
10053, -0.10000000000000142, 0.0
10054, -0.10000000000000142, 0.0
10055, -0.10000000000000142, 0.0
10056, -0.10000000000000142, 0.0
10057, -0.10000000000000142, 0.0
10058, -0.10000000000000142, 0.0
10059, -0.10000000000000142, 0.0
10060, -0.10000000000000142, 0.0
10061, -0.10000000000000142, 0.0
10062, -0.10000000000000142, 0.0
10063, -0.10000000000000142, 0.0
10064, -0.10000000000000142, 0.0
10065, -0.10000000000000142, 0.0
10066, -0.10000000000000142, -0.10000000000000142
10067, 0.0, -0.10000000000000142
10068, 0.0, -0.10000000000000142
10069, 0.0, -0.10000000000000142
10070, 0.0, -0.10000000000000142
10071, 0.0, -0.10000000000000142
10072, 0.0, -0.10000000000000142
10073, 0.0, -0.10000000000000142
10074, 0.0, -0.10000000000000142
10075, 0.0, -0.10000000000000142
10076, 0.0, -0.10000000000000142
10077, -0.10000000000000142, -0.10000000000000142
10078, -0.10000000000000142, -0.10000000000000142
10079, -0.10000000000000142, -0.10000000000000142
10080, -0.10000000000000142, -0.10000000000000142
10081, -0.10000000000000142, -0.10000000000000142
10082, -0.10000000000000142, -0.10000000000000142
10083, -0.10000000000000142, -0.10000000000000142
10084, -0.10000000000000142, -0.10000000000000142
10085, -0.10000000000000142, -0.10000000000000142
10086, -0.10000000000000142, -0.10000000000000142
10087, -0.10000000000000142, -0.10000000000000142
10088, -0.10000000000000142, -0.10000000000000142
10089, -0.10000000000000142, -0.10000000000000142
10090, -0.10000000000000142, -0.10000000000000142
10091, -0.10000000000000142, -0.10000000000000142
10092, -0.10000000000000142, -0.10000000000000142
10093, -0.10000000000000142, -0.10000000000000142
10094, -0.10000000000000142, -0.10000000000000142
10095, -0.10000000000000142, -0.10000000000000142
10096, -0.10000000000000142, -0.10000000000000142
10097, -0.10000000000000142, -0.10000000000000142
10098, -0.10000000000000142, -0.10000000000000142
10099, 0.0, -0.10000000000000142
10100, 0.0, -0.10000000000000142
10101, 0.0, -0.10000000000000142
10102, 0.0, -0.10000000000000142
10103, 0.0, -0.10000000000000142
10104, 0.0, -0.10000000000000142
10105, 0.0, -0.10000000000000142
10106, 0.0, -0.10000000000000142
10107, 0.0, -0.10000000000000142
10108, 0.0, -0.10000000000000142
10109, 0.0, -0.10000000000000142
10110, 0.0, -0.10000000000000142
10111, 0.0, -0.10000000000000142
10112, 0.0, -0.1999999999999993
10113, 0.0, -0.1999999999999993
10114, 0.0, -0.1999999999999993
10115, 0.0, -0.1999999999999993
10116, 0.0, -0.1999999999999993
10117, 0.0, -0.1999999999999993
10118, 0.0, -0.1999999999999993
10119, 0.0, -0.1999999999999993
10120, 0.0, -0.10000000000000142
10121, 0.0, -0.10000000000000142
10122, 0.0, -0.10000000000000142
10123, 0.0, -0.10000000000000142
10124, 0.0, -0.10000000000000142
10125, 0.0, -0.10000000000000142
10126, 0.0, -0.10000000000000142
10127, 0.0, -0.10000000000000142
10128, 0.0, -0.10000000000000142
10129, 0.0, -0.10000000000000142
10130, 0.0, -0.10000000000000142
10131, 0.0, -0.10000000000000142
10132, 0.0, -0.10000000000000142
10133, 0.0, -0.10000000000000142
10134, 0.0, -0.10000000000000142
10135, 0.0, -0.10000000000000142
10136, 0.0, -0.10000000000000142
10137, 0.0, -0.10000000000000142
10138, 0.0, -0.10000000000000142
10139, 0.0, -0.10000000000000142
10140, 0.0, -0.10000000000000142
10141, 0.0, -0.10000000000000142
10142, 0.0, -0.10000000000000142
10143, 0.0, -0.10000000000000142
10144, 0.0, -0.10000000000000142
10145, 0.0, -0.1999999999999993
10146, 0.0, -0.1999999999999993
10147, 0.0, -0.1999999999999993
10148, 0.0, -0.1999999999999993
10149, 0.0, -0.1999999999999993
10150, 0.0, -0.10000000000000142
10151, 0.0, -0.10000000000000142
10152, 0.0, -0.10000000000000142
10153, 0.0, -0.10000000000000142
10154, 0.0, 0.0
10155, 0.0, 0.0
10156, 0.0, 0.0
10157, 0.0, 0.0
10158, 0.0, 0.0
10159, 0.0, 0.0
10160, 0.0, 0.0
10161, 0.0, 0.0
10162, 0.0, 0.0
10163, 0.0, 0.0
10164, 0.0, 0.0
10165, 0.0, 0.0
10166, 0.0, 0.0
10167, 0.0, 0.0
10168, 0.0, -0.10000000000000142
10169, 0.0, -0.10000000000000142
10170, 0.0, -0.10000000000000142
10171, 0.0, -0.10000000000000142
10172, 0.0, -0.10000000000000142
10173, 0.0, -0.10000000000000142
10174, 0.0, -0.10000000000000142
10175, 0.0, -0.10000000000000142
10176, 0.0, -0.10000000000000142
10177, 0.0, -0.10000000000000142
10178, 0.0, -0.10000000000000142
10179, 0.0, -0.10000000000000142
10180, 0.0, -0.10000000000000142
10181, 0.0, -0.1999999999999993
10182, 0.0, -0.10000000000000142
10183, 0.0, -0.10000000000000142
10184, 0.0, -0.10000000000000142
10185, 0.0, -0.10000000000000142
10186, 0.0, -0.10000000000000142
10187, 0.0, -0.10000000000000142
10188, 0.0, -0.1999999999999993
10189, 0.0, -0.1999999999999993
10190, 0.0, -0.1999999999999993
10191, 0.0, -0.1999999999999993
10192, 0.0, -0.1999999999999993
10193, 0.0, -0.1999999999999993
10194, 0.0, -0.1999999999999993
10195, 0.0, -0.1999999999999993
10196, 0.0, -0.1999999999999993
10197, 0.0, -0.1999999999999993
10198, 0.0, -0.1999999999999993
10199, 0.0, -0.1999999999999993
10200, 0.0, -0.1999999999999993
10201, 0.0, -0.1999999999999993
10202, 0.0, -0.1999999999999993
10203, 0.0, -0.1999999999999993
10204, 0.0, -0.1999999999999993
10205, 0.0, -0.1999999999999993
10206, 0.0, -0.1999999999999993
10207, 0.0, -0.10000000000000142
10208, 0.0, -0.10000000000000142
10209, 0.0, -0.10000000000000142
10210, 0.0, -0.1999999999999993
10211, 0.0, -0.1999999999999993
10212, 0.0, -0.1999999999999993
10213, 0.0, -0.10000000000000142
10214, 0.0, -0.10000000000000142
10215, 0.0, -0.10000000000000142
10216, 0.0, -0.10000000000000142
10217, 0.0, -0.10000000000000142
10218, 0.0, -0.10000000000000142
10219, 0.0, -0.10000000000000142
10220, 0.0, -0.10000000000000142
10221, 0.0, -0.10000000000000142
10222, 0.0, -0.10000000000000142
10223, 0.0, -0.10000000000000142
10224, 0.0, -0.10000000000000142
10225, 0.0, -0.10000000000000142
10226, 0.0, -0.10000000000000142
10227, 0.0, -0.10000000000000142
10228, 0.0, -0.10000000000000142
10229, 0.0, -0.10000000000000142
10230, 0.0, -0.10000000000000142
10231, 0.0, 0.0
10232, 0.0, -0.10000000000000142
10233, 0.0, -0.10000000000000142
10234, 0.0, -0.10000000000000142
10235, 0.0, -0.10000000000000142
10236, 0.0, -0.10000000000000142
10237, 0.0, -0.10000000000000142
10238, 0.0, -0.10000000000000142
10239, 0.0, -0.10000000000000142
10240, 0.0, -0.10000000000000142
10241, 0.0, -0.10000000000000142
10242, 0.0, -0.10000000000000142
10243, 0.0, -0.10000000000000142
10244, 0.0, -0.10000000000000142
10245, 0.0, 0.0
10246, 0.0, 0.0
10247, -0.10000000000000142, 0.0
10248, -0.10000000000000142, 0.0
10249, -0.10000000000000142, 0.0
10250, -0.10000000000000142, 0.0
10251, -0.10000000000000142, -0.10000000000000142
10252, -0.10000000000000142, -0.10000000000000142
10253, -0.10000000000000142, -0.10000000000000142
10254, -0.10000000000000142, -0.10000000000000142
10255, -0.10000000000000142, -0.10000000000000142
10256, -0.10000000000000142, -0.10000000000000142
10257, -0.10000000000000142, -0.10000000000000142
10258, -0.10000000000000142, -0.10000000000000142
10259, -0.10000000000000142, -0.10000000000000142
10260, -0.10000000000000142, -0.10000000000000142
10261, -0.10000000000000142, -0.10000000000000142
10262, -0.10000000000000142, -0.10000000000000142
10263, -0.10000000000000142, -0.10000000000000142
10264, -0.10000000000000142, -0.10000000000000142
10265, -0.10000000000000142, -0.1999999999999993
10266, -0.10000000000000142, -0.1999999999999993
10267, -0.10000000000000142, -0.1999999999999993
10268, -0.10000000000000142, -0.10000000000000142
10269, -0.10000000000000142, -0.10000000000000142
10270, -0.10000000000000142, 0.0
10271, -0.10000000000000142, 0.0
10272, -0.10000000000000142, 0.0
10273, -0.10000000000000142, 0.0
10274, -0.10000000000000142, 0.0
10275, -0.10000000000000142, 0.0
10276, -0.10000000000000142, 0.0
10277, -0.10000000000000142, 0.0
10278, -0.10000000000000142, 0.0
10279, -0.10000000000000142, 0.0
10280, -0.10000000000000142, 0.0
10281, -0.10000000000000142, 0.0
10282, -0.10000000000000142, 0.0
10283, -0.10000000000000142, 0.0
10284, -0.10000000000000142, 0.0
10285, -0.10000000000000142, 0.0
10286, -0.10000000000000142, 0.0
10287, -0.10000000000000142, 0.0
10288, -0.10000000000000142, 0.0
10289, -0.10000000000000142, 0.0
10290, -0.10000000000000142, 0.0
10291, -0.10000000000000142, 0.0
10292, -0.10000000000000142, 0.0
10293, -0.10000000000000142, 0.0
10294, -0.10000000000000142, 0.0
10295, -0.10000000000000142, 0.0
10296, -0.10000000000000142, 0.0
10297, -0.10000000000000142, 0.0
10298, -0.10000000000000142, -0.10000000000000142
10299, -0.10000000000000142, -0.10000000000000142
10300, -0.10000000000000142, -0.10000000000000142
10301, -0.10000000000000142, -0.10000000000000142
10302, -0.10000000000000142, -0.10000000000000142
10303, -0.10000000000000142, -0.10000000000000142
10304, -0.10000000000000142, -0.10000000000000142
10305, -0.10000000000000142, -0.10000000000000142
10306, -0.10000000000000142, -0.10000000000000142
10307, 0.0, -0.10000000000000142
10308, 0.0, -0.10000000000000142
10309, 0.0, -0.10000000000000142
10310, 0.0, -0.10000000000000142
10311, 0.0, -0.10000000000000142
10312, 0.0, -0.10000000000000142
10313, 0.0, -0.10000000000000142
10314, 0.0, -0.10000000000000142
10315, 0.0, -0.10000000000000142
10316, 0.0, -0.10000000000000142
10317, 0.0, -0.10000000000000142
10318, 0.0, 0.0
10319, 0.0, 0.0
10320, 0.0, 0.0
10321, 0.0, 0.0
10322, 0.0, 0.0
10323, 0.0, 0.0
10324, 0.0, 0.0
10325, 0.0, 0.0
10326, 0.0, 0.0
10327, 0.0, -0.10000000000000142
10328, 0.0, -0.10000000000000142
10329, 0.0, -0.10000000000000142
10330, 0.0, -0.10000000000000142
10331, 0.0, -0.10000000000000142
10332, 0.0, -0.10000000000000142
10333, 0.0, -0.10000000000000142
10334, 0.0, -0.10000000000000142
10335, 0.0, -0.10000000000000142
10336, 0.0, -0.10000000000000142
10337, 0.0, -0.10000000000000142
10338, 0.0, -0.10000000000000142
10339, 0.0, 0.0
10340, 0.0, 0.0
10341, 0.0, 0.0
10342, 0.0, 0.0
10343, 0.0, 0.0
10344, 0.0, 0.0
10345, 0.0, 0.0
10346, 0.0, 0.0
10347, 0.0, 0.0
10348, 0.0, 0.0
10349, 0.0, 0.0
10350, 0.0, 0.0
10351, 0.0, 0.0
10352, 0.0, 0.10000000000000142
10353, 0.0, 0.10000000000000142
10354, 0.0, 0.10000000000000142
10355, 0.0, 0.10000000000000142
10356, 0.0, 0.10000000000000142
10357, 0.0, 0.10000000000000142
10358, 0.0, 0.10000000000000142
10359, 0.0, 0.10000000000000142
10360, 0.0, 0.10000000000000142
10361, 0.0, 0.10000000000000142
10362, 0.0, 0.10000000000000142
10363, 0.0, 0.10000000000000142
10364, 0.0, 0.10000000000000142
10365, 0.0, 0.10000000000000142
10366, 0.0, 0.10000000000000142
10367, 0.0, 0.10000000000000142
10368, 0.0, 0.10000000000000142
10369, 0.0, 0.10000000000000142
10370, 0.0, 0.10000000000000142
10371, 0.0, 0.0
10372, 0.0, 0.0
10373, 0.0, 0.0
10374, 0.0, 0.0
10375, 0.0, 0.0
10376, 0.0, 0.0
10377, 0.0, 0.0
10378, 0.0, 0.0
10379, 0.0, 0.0
10380, 0.0, 0.0
10381, 0.0, 0.0
10382, 0.0, 0.0
10383, 0.0, 0.0
10384, 0.0, 0.0
10385, 0.0, 0.0
10386, 0.0, 0.0
10387, 0.0, 0.0
10388, 0.0, 0.0
10389, 0.0, 0.0
10390, 0.0, 0.0
10391, 0.0, 0.0
10392, 0.0, 0.0
10393, 0.0, 0.0
10394, 0.0, 0.0
10395, 0.0, 0.0
10396, 0.0, 0.0
10397, 0.0, 0.0
10398, 0.10000000000000142, 0.0
10399, 0.10000000000000142, 0.0
10400, 0.10000000000000142, 0.0
10401, 0.10000000000000142, 0.0
10402, 0.10000000000000142, 0.0
10403, 0.10000000000000142, 0.0
10404, 0.10000000000000142, 0.0
10405, 0.10000000000000142, 0.0
10406, 0.10000000000000142, 0.0
10407, 0.10000000000000142, 0.0
10408, 0.10000000000000142, -0.10000000000000142
10409, 0.10000000000000142, -0.10000000000000142
10410, 0.10000000000000142, -0.10000000000000142
10411, 0.10000000000000142, -0.10000000000000142
10412, 0.10000000000000142, -0.10000000000000142
10413, 0.10000000000000142, -0.10000000000000142
10414, 0.10000000000000142, -0.10000000000000142
10415, 0.10000000000000142, -0.10000000000000142
10416, 0.10000000000000142, -0.10000000000000142
10417, 0.10000000000000142, -0.10000000000000142
10418, 0.10000000000000142, -0.10000000000000142
10419, 0.10000000000000142, -0.10000000000000142
10420, 0.10000000000000142, -0.10000000000000142
10421, 0.10000000000000142, -0.10000000000000142
10422, 0.10000000000000142, -0.10000000000000142
10423, 0.10000000000000142, -0.10000000000000142
10424, 0.10000000000000142, -0.10000000000000142
10425, 0.10000000000000142, -0.10000000000000142
10426, 0.10000000000000142, -0.10000000000000142
10427, 0.10000000000000142, -0.10000000000000142
10428, 0.10000000000000142, -0.10000000000000142
10429, 0.10000000000000142, -0.10000000000000142
10430, 0.10000000000000142, -0.10000000000000142
10431, 0.10000000000000142, -0.10000000000000142
10432, 0.10000000000000142, -0.10000000000000142
10433, 0.10000000000000142, -0.10000000000000142
10434, 0.10000000000000142, -0.10000000000000142
10435, 0.10000000000000142, -0.10000000000000142
10436, 0.10000000000000142, -0.10000000000000142
10437, 0.10000000000000142, -0.10000000000000142
10438, 0.10000000000000142, -0.10000000000000142
10439, 0.10000000000000142, -0.10000000000000142
10440, 0.10000000000000142, -0.10000000000000142
10441, 0.10000000000000142, -0.10000000000000142
10442, 0.10000000000000142, -0.10000000000000142
10443, 0.10000000000000142, -0.10000000000000142
10444, 0.10000000000000142, -0.10000000000000142
10445, 0.10000000000000142, -0.10000000000000142
10446, 0.10000000000000142, -0.10000000000000142
10447, 0.10000000000000142, -0.10000000000000142
10448, 0.10000000000000142, -0.10000000000000142
10449, 0.10000000000000142, -0.10000000000000142
10450, 0.10000000000000142, -0.10000000000000142
10451, 0.10000000000000142, -0.10000000000000142
10452, 0.10000000000000142, -0.10000000000000142
10453, 0.10000000000000142, 0.0
10454, 0.10000000000000142, 0.0
10455, 0.10000000000000142, 0.0
10456, 0.10000000000000142, 0.0
10457, 0.10000000000000142, 0.0
10458, 0.10000000000000142, 0.0
10459, 0.10000000000000142, 0.0
10460, 0.10000000000000142, 0.0
10461, 0.10000000000000142, 0.0
10462, 0.10000000000000142, 0.0
10463, 0.10000000000000142, 0.0
10464, 0.10000000000000142, 0.0
10465, 0.10000000000000142, 0.0
10466, 0.10000000000000142, 0.0
10467, 0.10000000000000142, 0.0
10468, 0.10000000000000142, 0.0
10469, 0.10000000000000142, 0.0
10470, 0.10000000000000142, 0.0
10471, 0.10000000000000142, 0.0
10472, 0.0, 0.0
10473, 0.0, 0.0
10474, 0.0, 0.0
10475, 0.0, 0.0
10476, 0.0, 0.0
10477, 0.0, 0.0
10478, 0.0, 0.0
10479, 0.0, 0.0
10480, 0.0, 0.0
10481, -0.10000000000000142, 0.0
10482, -0.10000000000000142, 0.0
10483, -0.10000000000000142, 0.0
10484, -0.10000000000000142, 0.0
10485, -0.10000000000000142, 0.0
10486, -0.10000000000000142, 0.0
10487, -0.10000000000000142, -0.10000000000000142
10488, -0.10000000000000142, -0.10000000000000142
10489, -0.10000000000000142, -0.10000000000000142
10490, -0.10000000000000142, -0.10000000000000142
10491, -0.10000000000000142, -0.10000000000000142
10492, -0.10000000000000142, -0.10000000000000142
10493, -0.10000000000000142, -0.10000000000000142
10494, -0.10000000000000142, -0.10000000000000142
10495, -0.1999999999999993, -0.10000000000000142
10496, -0.1999999999999993, -0.10000000000000142
10497, -0.1999999999999993, -0.10000000000000142
10498, -0.1999999999999993, -0.10000000000000142
10499, -0.1999999999999993, -0.10000000000000142
10500, -0.1999999999999993, -0.10000000000000142
10501, -0.1999999999999993, -0.10000000000000142
10502, -0.1999999999999993, -0.10000000000000142
10503, -0.1999999999999993, -0.10000000000000142
10504, -0.1999999999999993, -0.10000000000000142
10505, -0.1999999999999993, -0.10000000000000142
10506, -0.1999999999999993, -0.10000000000000142
10507, -0.10000000000000142, -0.10000000000000142
10508, -0.10000000000000142, -0.10000000000000142
10509, -0.10000000000000142, -0.10000000000000142
10510, -0.10000000000000142, -0.10000000000000142
10511, -0.10000000000000142, -0.10000000000000142
10512, -0.10000000000000142, -0.10000000000000142
10513, -0.10000000000000142, 0.0
10514, -0.10000000000000142, 0.0
10515, -0.10000000000000142, 0.0
10516, -0.10000000000000142, 0.0
10517, -0.10000000000000142, 0.0
10518, -0.10000000000000142, 0.0
10519, -0.10000000000000142, 0.0
10520, 0.0, 0.0
10521, 0.0, 0.0
10522, 0.0, 0.0
10523, 0.0, 0.0
10524, 0.0, 0.0
10525, 0.0, 0.0
10526, 0.0, 0.0
10527, 0.0, 0.0
10528, 0.0, 0.0
10529, 0.0, 0.0
10530, 0.0, 0.0
10531, 0.0, 0.0
10532, 0.0, 0.0
10533, 0.0, 0.0
10534, 0.0, 0.0
10535, 0.0, 0.0
10536, 0.0, 0.0
10537, 0.0, 0.0
10538, 0.0, 0.0
10539, 0.0, 0.0
10540, 0.0, 0.0
10541, 0.0, 0.0
10542, 0.0, 0.0
10543, 0.0, 0.0
10544, 0.0, 0.0
10545, 0.0, 0.0
10546, 0.0, 0.0
10547, 0.0, 0.0
10548, 0.0, -0.10000000000000142
10549, 0.0, -0.10000000000000142
10550, 0.0, -0.10000000000000142
10551, 0.0, -0.10000000000000142
10552, 0.0, -0.10000000000000142
10553, 0.0, -0.10000000000000142
10554, 0.0, -0.10000000000000142
10555, 0.0, -0.10000000000000142
10556, 0.0, 0.0
10557, 0.0, 0.0
10558, 0.0, -0.10000000000000142
10559, 0.0, -0.10000000000000142
10560, 0.0, -0.10000000000000142
10561, 0.0, -0.10000000000000142
10562, 0.0, -0.10000000000000142
10563, 0.0, -0.10000000000000142
10564, 0.0, -0.10000000000000142
10565, 0.0, -0.10000000000000142
10566, 0.0, -0.10000000000000142
10567, 0.0, 0.0
10568, 0.0, 0.0
10569, 0.0, 0.0
10570, 0.0, 0.0
10571, 0.0, 0.0
10572, 0.0, 0.0
10573, 0.0, 0.0
10574, 0.0, 0.0
10575, 0.0, 0.0
10576, 0.0, 0.0
10577, 0.0, 0.0
10578, 0.0, 0.0
10579, 0.0, 0.0
10580, 0.0, 0.0
10581, 0.0, 0.0
10582, 0.0, 0.0
10583, 0.0, 0.0
10584, 0.0, 0.0
10585, 0.0, 0.0
10586, 0.0, 0.0
10587, 0.0, 0.0
10588, 0.0, 0.0
10589, 0.0, 0.0
10590, 0.0, 0.0
10591, 0.0, 0.0
10592, 0.0, 0.0
10593, 0.0, 0.0
10594, 0.0, 0.0
10595, 0.0, 0.0
10596, 0.0, 0.0
10597, 0.0, 0.0
10598, 0.0, 0.0
10599, 0.0, 0.0
10600, 0.0, 0.0
10601, 0.0, 0.0
10602, 0.0, 0.0
10603, 0.0, 0.0
10604, 0.0, 0.0
10605, 0.0, 0.0
10606, 0.0, 0.0
10607, 0.0, 0.0
10608, 0.0, 0.0
10609, 0.0, 0.0
10610, 0.0, 0.0
10611, 0.0, 0.0
10612, 0.0, 0.0
10613, 0.0, 0.0
10614, 0.0, 0.0
10615, 0.0, 0.0
10616, 0.0, 0.0
10617, 0.0, 0.0
10618, 0.0, 0.0
10619, 0.0, 0.0
10620, 0.0, 0.0
10621, 0.0, 0.0
10622, 0.0, 0.0
10623, 0.0, 0.0
10624, -0.10000000000000142, 0.0
10625, -0.10000000000000142, 0.0
10626, -0.10000000000000142, 0.0
10627, -0.10000000000000142, 0.0
10628, -0.10000000000000142, 0.0
10629, -0.10000000000000142, 0.0
10630, -0.10000000000000142, 0.0
10631, -0.10000000000000142, 0.0
10632, -0.10000000000000142, 0.0
10633, -0.10000000000000142, 0.0
10634, -0.10000000000000142, 0.0
10635, -0.10000000000000142, 0.0
10636, -0.10000000000000142, 0.0
10637, -0.10000000000000142, 0.0
10638, -0.10000000000000142, 0.0
10639, -0.10000000000000142, 0.0
10640, -0.10000000000000142, 0.0
10641, -0.10000000000000142, 0.0
10642, -0.10000000000000142, 0.0
10643, -0.10000000000000142, 0.10000000000000142
10644, -0.10000000000000142, 0.10000000000000142
10645, -0.10000000000000142, 0.10000000000000142
10646, -0.10000000000000142, 0.10000000000000142
10647, -0.10000000000000142, 0.10000000000000142
10648, -0.10000000000000142, 0.10000000000000142
10649, -0.10000000000000142, 0.10000000000000142
10650, -0.10000000000000142, 0.10000000000000142
10651, -0.10000000000000142, 0.10000000000000142
10652, -0.10000000000000142, 0.10000000000000142
10653, -0.10000000000000142, 0.10000000000000142
10654, -0.10000000000000142, 0.10000000000000142
10655, -0.10000000000000142, 0.10000000000000142
10656, -0.10000000000000142, 0.10000000000000142
10657, -0.10000000000000142, 0.10000000000000142
10658, -0.10000000000000142, 0.10000000000000142
10659, -0.10000000000000142, 0.10000000000000142
10660, -0.10000000000000142, 0.10000000000000142
10661, -0.10000000000000142, 0.10000000000000142
10662, -0.10000000000000142, 0.10000000000000142
10663, -0.10000000000000142, 0.10000000000000142
10664, -0.10000000000000142, 0.10000000000000142
10665, -0.10000000000000142, 0.10000000000000142
10666, -0.10000000000000142, 0.10000000000000142
10667, -0.10000000000000142, 0.10000000000000142
10668, -0.10000000000000142, 0.10000000000000142
10669, -0.10000000000000142, 0.10000000000000142
10670, -0.10000000000000142, 0.10000000000000142
10671, -0.10000000000000142, 0.10000000000000142
10672, -0.10000000000000142, 0.10000000000000142
10673, -0.10000000000000142, 0.10000000000000142
10674, -0.10000000000000142, 0.10000000000000142
10675, -0.10000000000000142, 0.10000000000000142
10676, -0.10000000000000142, 0.10000000000000142
10677, -0.10000000000000142, 0.10000000000000142
10678, -0.10000000000000142, 0.10000000000000142
10679, -0.10000000000000142, 0.0
10680, -0.10000000000000142, 0.0
10681, -0.10000000000000142, 0.0
10682, -0.10000000000000142, -0.10000000000000142
10683, 0.0, -0.10000000000000142
10684, 0.0, -0.10000000000000142
10685, 0.0, 0.0
10686, 0.0, 0.0
10687, 0.0, 0.0
10688, 0.0, 0.0
10689, 0.0, 0.0
10690, 0.0, 0.10000000000000142
10691, 0.0, 0.10000000000000142
10692, 0.0, 0.10000000000000142
10693, 0.0, 0.10000000000000142
10694, 0.0, 0.10000000000000142
10695, 0.0, 0.10000000000000142
10696, 0.0, 0.10000000000000142
10697, 0.0, 0.10000000000000142
10698, 0.0, 0.10000000000000142
10699, 0.0, 0.10000000000000142
10700, 0.0, 0.10000000000000142
10701, 0.0, 0.10000000000000142
10702, 0.0, 0.10000000000000142
10703, 0.0, 0.10000000000000142
10704, 0.0, 0.10000000000000142
10705, 0.0, 0.10000000000000142
10706, 0.10000000000000142, 0.0
10707, 0.10000000000000142, 0.0
10708, 0.10000000000000142, 0.0
10709, 0.10000000000000142, 0.0
10710, 0.10000000000000142, 0.0
10711, 0.10000000000000142, -0.10000000000000142
10712, 0.10000000000000142, -0.10000000000000142
10713, 0.10000000000000142, -0.10000000000000142
10714, 0.10000000000000142, -0.10000000000000142
10715, 0.10000000000000142, -0.10000000000000142
10716, 0.10000000000000142, -0.10000000000000142
10717, 0.10000000000000142, -0.10000000000000142
10718, 0.10000000000000142, -0.10000000000000142
10719, 0.10000000000000142, -0.10000000000000142
10720, 0.10000000000000142, -0.10000000000000142
10721, 0.10000000000000142, -0.10000000000000142
10722, 0.10000000000000142, -0.10000000000000142
10723, 0.10000000000000142, -0.10000000000000142
10724, 0.10000000000000142, -0.10000000000000142
10725, 0.10000000000000142, -0.10000000000000142
10726, 0.0, -0.10000000000000142
10727, 0.0, -0.10000000000000142
10728, 0.0, -0.10000000000000142
10729, 0.0, -0.10000000000000142
10730, 0.0, -0.10000000000000142
10731, 0.0, -0.10000000000000142
10732, 0.0, -0.10000000000000142
10733, 0.0, -0.1999999999999993
10734, 0.0, -0.1999999999999993
10735, 0.0, -0.1999999999999993
10736, 0.0, -0.10000000000000142
10737, 0.0, -0.10000000000000142
10738, 0.0, -0.10000000000000142
10739, 0.0, -0.10000000000000142
10740, 0.0, -0.10000000000000142
10741, 0.0, -0.10000000000000142
10742, 0.0, -0.10000000000000142
10743, 0.0, -0.10000000000000142
10744, 0.0, -0.10000000000000142
10745, 0.0, -0.10000000000000142
10746, 0.0, -0.10000000000000142
10747, 0.0, -0.10000000000000142
10748, 0.0, -0.1999999999999993
10749, 0.0, -0.1999999999999993
10750, 0.0, -0.10000000000000142
10751, 0.0, 0.0
10752, 0.0, 0.0
10753, 0.0, 0.0
10754, 0.0, 0.0
10755, 0.0, 0.0
10756, 0.0, 0.0
10757, 0.0, 0.0
10758, 0.0, 0.0
10759, 0.0, 0.0
10760, 0.0, 0.0
10761, 0.0, 0.0
10762, 0.0, 0.0
10763, 0.0, 0.0
10764, 0.0, 0.0
10765, 0.0, 0.0
10766, 0.0, 0.10000000000000142
10767, 0.0, 0.10000000000000142
10768, 0.0, 0.10000000000000142
10769, 0.0, 0.10000000000000142
10770, 0.0, 0.0
10771, 0.0, 0.0
10772, 0.0, 0.0
10773, 0.0, 0.0
10774, 0.0, 0.0
10775, 0.0, 0.0
10776, 0.0, 0.0
10777, 0.0, 0.0
10778, 0.0, 0.0
10779, 0.0, 0.0
10780, 0.0, 0.0
10781, 0.0, 0.0
10782, 0.0, 0.0
10783, -0.10000000000000142, 0.0
10784, -0.10000000000000142, 0.0
10785, -0.10000000000000142, 0.0
10786, -0.10000000000000142, 0.0
10787, -0.10000000000000142, 0.0
10788, -0.10000000000000142, 0.0
10789, -0.10000000000000142, 0.0
10790, -0.10000000000000142, 0.0
10791, -0.10000000000000142, 0.0
10792, -0.10000000000000142, -0.10000000000000142
10793, -0.10000000000000142, -0.10000000000000142
10794, -0.10000000000000142, -0.10000000000000142
10795, -0.10000000000000142, -0.10000000000000142
10796, -0.10000000000000142, -0.10000000000000142
10797, -0.10000000000000142, -0.10000000000000142
10798, -0.10000000000000142, -0.10000000000000142
10799, -0.10000000000000142, -0.10000000000000142
10800, -0.10000000000000142, -0.10000000000000142
10801, -0.10000000000000142, -0.10000000000000142
10802, -0.10000000000000142, -0.10000000000000142
10803, -0.10000000000000142, -0.10000000000000142
10804, -0.10000000000000142, -0.10000000000000142
10805, -0.10000000000000142, -0.10000000000000142
10806, -0.10000000000000142, -0.10000000000000142
10807, -0.10000000000000142, -0.10000000000000142
10808, -0.10000000000000142, -0.10000000000000142
10809, -0.10000000000000142, -0.10000000000000142
10810, -0.10000000000000142, -0.10000000000000142
10811, -0.10000000000000142, -0.10000000000000142
10812, -0.10000000000000142, -0.10000000000000142
10813, -0.10000000000000142, -0.10000000000000142
10814, -0.10000000000000142, -0.10000000000000142
10815, -0.10000000000000142, -0.10000000000000142
10816, -0.10000000000000142, -0.10000000000000142
10817, -0.10000000000000142, -0.10000000000000142
10818, -0.10000000000000142, -0.1999999999999993
10819, -0.10000000000000142, -0.1999999999999993
10820, -0.10000000000000142, -0.1999999999999993
10821, -0.10000000000000142, -0.1999999999999993
10822, -0.10000000000000142, -0.1999999999999993
10823, -0.10000000000000142, -0.1999999999999993
10824, -0.10000000000000142, -0.1999999999999993
10825, -0.10000000000000142, -0.1999999999999993
10826, -0.10000000000000142, -0.1999999999999993
10827, -0.10000000000000142, -0.1999999999999993
10828, -0.10000000000000142, -0.10000000000000142
10829, -0.10000000000000142, -0.10000000000000142
10830, -0.10000000000000142, -0.10000000000000142
10831, -0.10000000000000142, -0.10000000000000142
10832, -0.10000000000000142, -0.10000000000000142
10833, -0.10000000000000142, -0.10000000000000142
10834, -0.10000000000000142, -0.10000000000000142
10835, -0.10000000000000142, -0.10000000000000142
10836, -0.10000000000000142, -0.10000000000000142
10837, -0.10000000000000142, -0.10000000000000142
10838, -0.10000000000000142, -0.10000000000000142
10839, -0.10000000000000142, -0.10000000000000142
10840, -0.10000000000000142, -0.10000000000000142
10841, -0.10000000000000142, -0.10000000000000142
10842, -0.10000000000000142, -0.10000000000000142
10843, -0.10000000000000142, -0.10000000000000142
10844, -0.10000000000000142, -0.10000000000000142
10845, 0.0, -0.10000000000000142
10846, 0.0, -0.10000000000000142
10847, 0.0, -0.10000000000000142
10848, 0.0, -0.10000000000000142
10849, 0.0, -0.10000000000000142
10850, 0.0, -0.10000000000000142
10851, 0.0, -0.10000000000000142
10852, 0.0, -0.10000000000000142
10853, 0.0, -0.10000000000000142
10854, 0.0, -0.10000000000000142
10855, 0.0, -0.10000000000000142
10856, 0.0, -0.10000000000000142
10857, 0.0, -0.10000000000000142
10858, 0.0, -0.10000000000000142
10859, 0.0, -0.10000000000000142
10860, 0.0, -0.10000000000000142
10861, 0.0, -0.10000000000000142
10862, 0.0, -0.10000000000000142
10863, 0.0, -0.10000000000000142
10864, 0.0, -0.10000000000000142
10865, 0.0, -0.10000000000000142
10866, 0.0, -0.10000000000000142
10867, 0.0, -0.10000000000000142
10868, 0.0, -0.10000000000000142
10869, 0.0, -0.10000000000000142
10870, 0.0, -0.10000000000000142
10871, 0.0, -0.1999999999999993
10872, 0.0, -0.1999999999999993
10873, 0.0, -0.10000000000000142
10874, 0.0, -0.10000000000000142
10875, 0.0, -0.10000000000000142
10876, 0.0, -0.10000000000000142
10877, 0.0, -0.10000000000000142
10878, 0.0, -0.10000000000000142
10879, 0.0, -0.10000000000000142
10880, 0.0, -0.10000000000000142
10881, 0.0, -0.10000000000000142
10882, 0.0, -0.10000000000000142
10883, 0.0, -0.10000000000000142
10884, 0.0, -0.10000000000000142
10885, 0.0, -0.10000000000000142
10886, 0.0, -0.10000000000000142
10887, -0.10000000000000142, -0.10000000000000142
10888, -0.10000000000000142, -0.10000000000000142
10889, -0.10000000000000142, -0.10000000000000142
10890, -0.10000000000000142, 0.0
10891, -0.10000000000000142, 0.0
10892, -0.10000000000000142, 0.0
10893, -0.10000000000000142, 0.0
10894, -0.10000000000000142, 0.0
10895, -0.10000000000000142, 0.0
10896, -0.10000000000000142, -0.10000000000000142
10897, -0.10000000000000142, -0.10000000000000142
10898, -0.10000000000000142, -0.10000000000000142
10899, -0.10000000000000142, -0.10000000000000142
10900, -0.10000000000000142, -0.10000000000000142
10901, -0.10000000000000142, -0.10000000000000142
10902, -0.10000000000000142, -0.10000000000000142
10903, -0.10000000000000142, -0.10000000000000142
10904, -0.10000000000000142, -0.10000000000000142
10905, -0.10000000000000142, -0.10000000000000142
10906, -0.10000000000000142, -0.10000000000000142
10907, -0.10000000000000142, -0.10000000000000142
10908, -0.10000000000000142, -0.10000000000000142
10909, -0.10000000000000142, -0.10000000000000142
10910, -0.10000000000000142, -0.10000000000000142
10911, -0.10000000000000142, -0.10000000000000142
10912, -0.10000000000000142, -0.10000000000000142
10913, -0.10000000000000142, -0.10000000000000142
10914, -0.10000000000000142, -0.10000000000000142
10915, 0.0, -0.10000000000000142
10916, 0.0, 0.0
10917, 0.0, 0.0
10918, 0.0, 0.0
10919, 0.0, 0.0
10920, 0.0, 0.0
10921, 0.0, 0.0
10922, 0.0, 0.0
10923, 0.0, 0.0
10924, 0.0, 0.0
10925, 0.0, 0.0
10926, 0.0, 0.0
10927, 0.0, 0.0
10928, 0.0, 0.0
10929, 0.0, 0.0
10930, 0.0, 0.0
10931, 0.0, 0.0
10932, 0.0, 0.0
10933, 0.0, 0.0
10934, 0.0, 0.0
10935, 0.0, 0.0
10936, 0.0, 0.0
10937, 0.0, 0.0
10938, 0.0, 0.0
10939, 0.0, 0.0
10940, 0.0, 0.0
10941, 0.0, 0.0
10942, 0.0, 0.0
10943, 0.0, 0.0
10944, 0.0, 0.0
10945, 0.0, 0.0
10946, 0.0, 0.0
10947, 0.0, 0.0
10948, 0.0, 0.0
10949, 0.0, 0.0
10950, 0.0, 0.0
10951, 0.0, 0.0
10952, 0.0, 0.0
10953, 0.0, 0.0
10954, 0.0, 0.0
10955, 0.0, 0.0
10956, 0.0, 0.0
10957, 0.0, 0.0
10958, 0.0, 0.0
10959, 0.0, 0.0
10960, 0.0, 0.0
10961, 0.0, 0.0
10962, 0.0, 0.0
10963, 0.0, 0.0
10964, 0.0, 0.0
10965, 0.0, 0.0
10966, 0.0, 0.0
10967, 0.0, 0.0
10968, 0.0, 0.0
10969, 0.0, 0.0
10970, 0.0, 0.0
10971, 0.0, 0.0
10972, 0.0, 0.0
10973, 0.0, 0.0
10974, 0.0, 0.0
10975, 0.0, 0.0
10976, 0.0, 0.0
10977, 0.0, 0.0
10978, 0.0, 0.0
10979, 0.0, 0.0
10980, 0.0, 0.0
10981, 0.0, 0.0
10982, 0.0, 0.0
10983, 0.0, 0.0
10984, -0.10000000000000142, 0.0
10985, -0.10000000000000142, 0.0
10986, -0.10000000000000142, 0.0
10987, -0.10000000000000142, 0.0
10988, -0.10000000000000142, 0.0
10989, -0.10000000000000142, 0.0
10990, -0.10000000000000142, 0.0
10991, -0.10000000000000142, 0.0
10992, -0.10000000000000142, 0.0
10993, -0.10000000000000142, 0.0
10994, -0.10000000000000142, 0.0
10995, -0.10000000000000142, 0.0
10996, -0.10000000000000142, 0.0
10997, -0.10000000000000142, 0.0
10998, -0.10000000000000142, 0.0
10999, -0.10000000000000142, 0.0
11000, -0.10000000000000142, 0.0
11001, -0.10000000000000142, 0.0
11002, -0.10000000000000142, 0.0
11003, -0.10000000000000142, 0.0
11004, -0.10000000000000142, 0.0
11005, -0.10000000000000142, 0.0
11006, -0.10000000000000142, 0.0
11007, -0.10000000000000142, 0.0
11008, -0.10000000000000142, 0.0
11009, -0.10000000000000142, 0.0
11010, -0.10000000000000142, 0.0
11011, -0.10000000000000142, 0.0
11012, -0.10000000000000142, 0.0
11013, -0.10000000000000142, 0.0
11014, -0.10000000000000142, 0.0
11015, -0.10000000000000142, 0.0
11016, -0.10000000000000142, 0.0
11017, -0.10000000000000142, 0.0
11018, -0.10000000000000142, 0.0
11019, -0.10000000000000142, 0.0
11020, -0.10000000000000142, 0.0
11021, -0.10000000000000142, 0.0
11022, -0.10000000000000142, 0.0
11023, -0.10000000000000142, 0.0
11024, -0.10000000000000142, 0.0
11025, -0.10000000000000142, 0.0
11026, -0.10000000000000142, 0.0
11027, -0.10000000000000142, 0.0
11028, -0.10000000000000142, 0.0
11029, -0.10000000000000142, 0.0
11030, -0.10000000000000142, 0.0
11031, -0.10000000000000142, 0.0
11032, -0.10000000000000142, 0.0
11033, 0.0, 0.0
11034, 0.0, 0.0
11035, 0.0, 0.0
11036, 0.0, 0.0
11037, 0.0, 0.0
11038, 0.0, 0.0
11039, 0.0, 0.0
11040, 0.0, -0.10000000000000142
11041, 0.0, -0.10000000000000142
11042, 0.0, -0.10000000000000142
11043, 0.0, -0.10000000000000142
11044, 0.0, -0.10000000000000142
11045, 0.0, -0.10000000000000142
11046, 0.0, -0.10000000000000142
11047, 0.0, -0.10000000000000142
11048, 0.0, -0.10000000000000142
11049, 0.0, 0.0
11050, 0.0, 0.0
11051, 0.0, 0.0
11052, 0.0, 0.0
11053, 0.0, 0.0
11054, 0.0, 0.0
11055, 0.0, 0.0
11056, 0.0, 0.0
11057, 0.0, 0.0
11058, 0.0, 0.0
11059, 0.0, 0.0
11060, 0.0, 0.0
11061, 0.0, 0.0
11062, 0.0, 0.0
11063, 0.0, 0.0
11064, 0.0, 0.0
11065, 0.0, 0.0
11066, 0.0, 0.10000000000000142
11067, 0.0, 0.10000000000000142
11068, 0.0, 0.10000000000000142
11069, 0.0, 0.0
11070, 0.0, 0.0
11071, 0.0, 0.0
11072, 0.0, 0.0
11073, 0.0, 0.0
11074, 0.0, 0.0
11075, 0.0, 0.0
11076, 0.0, 0.0
11077, 0.0, 0.0
11078, 0.0, 0.0
11079, 0.0, 0.0
11080, 0.0, 0.0
11081, 0.0, 0.0
11082, 0.0, 0.0
11083, 0.0, 0.0
11084, 0.0, 0.0
11085, 0.0, 0.10000000000000142
11086, 0.0, 0.10000000000000142
11087, 0.0, 0.10000000000000142
11088, 0.0, 0.10000000000000142
11089, 0.0, 0.0
11090, 0.0, 0.0
11091, 0.0, 0.0
11092, 0.0, 0.0
11093, 0.0, 0.0
11094, 0.0, 0.0
11095, 0.0, 0.0
11096, 0.0, 0.0
11097, 0.0, 0.0
11098, 0.0, -0.10000000000000142
11099, 0.0, -0.10000000000000142
11100, 0.0, -0.10000000000000142
11101, 0.0, -0.10000000000000142
11102, 0.0, -0.10000000000000142
11103, 0.0, -0.10000000000000142
11104, 0.0, -0.10000000000000142
11105, 0.0, -0.10000000000000142
11106, 0.0, -0.10000000000000142
11107, 0.0, -0.10000000000000142
11108, -0.10000000000000142, -0.10000000000000142
11109, -0.10000000000000142, -0.10000000000000142
11110, -0.10000000000000142, -0.10000000000000142
11111, -0.10000000000000142, -0.10000000000000142
11112, -0.10000000000000142, -0.10000000000000142
11113, -0.10000000000000142, -0.10000000000000142
11114, -0.10000000000000142, -0.10000000000000142
11115, -0.10000000000000142, -0.10000000000000142
11116, -0.10000000000000142, -0.10000000000000142
11117, -0.10000000000000142, -0.10000000000000142
11118, -0.10000000000000142, -0.10000000000000142
11119, 0.0, -0.10000000000000142
11120, 0.0, -0.10000000000000142
11121, 0.0, -0.10000000000000142
11122, 0.10000000000000142, -0.10000000000000142
11123, 0.10000000000000142, -0.10000000000000142
11124, 0.10000000000000142, -0.10000000000000142
11125, 0.10000000000000142, -0.10000000000000142
11126, 0.10000000000000142, -0.10000000000000142
11127, 0.10000000000000142, -0.10000000000000142
11128, 0.10000000000000142, -0.10000000000000142
11129, 0.10000000000000142, -0.10000000000000142
11130, 0.10000000000000142, -0.10000000000000142
11131, 0.10000000000000142, -0.10000000000000142
11132, 0.10000000000000142, -0.10000000000000142
11133, 0.10000000000000142, -0.10000000000000142
11134, 0.10000000000000142, -0.10000000000000142
11135, 0.10000000000000142, -0.10000000000000142
11136, 0.10000000000000142, -0.10000000000000142
11137, 0.10000000000000142, -0.10000000000000142
11138, 0.10000000000000142, -0.10000000000000142
11139, 0.0, -0.10000000000000142
11140, 0.0, -0.10000000000000142
11141, 0.0, -0.10000000000000142
11142, 0.0, -0.10000000000000142
11143, 0.10000000000000142, -0.10000000000000142
11144, 0.10000000000000142, -0.10000000000000142
11145, 0.10000000000000142, -0.10000000000000142
11146, 0.10000000000000142, -0.10000000000000142
11147, 0.10000000000000142, -0.10000000000000142
11148, 0.10000000000000142, -0.10000000000000142
11149, 0.10000000000000142, -0.10000000000000142
11150, 0.10000000000000142, -0.10000000000000142
11151, 0.10000000000000142, 0.0
11152, 0.10000000000000142, 0.0
11153, 0.10000000000000142, 0.0
11154, 0.10000000000000142, -0.10000000000000142
11155, 0.10000000000000142, -0.10000000000000142
11156, 0.10000000000000142, -0.10000000000000142
11157, 0.10000000000000142, -0.10000000000000142
11158, 0.10000000000000142, -0.10000000000000142
11159, 0.10000000000000142, -0.10000000000000142
11160, 0.0, -0.10000000000000142
11161, 0.0, -0.10000000000000142
11162, 0.0, -0.1999999999999993
11163, 0.0, -0.1999999999999993
11164, 0.0, -0.1999999999999993
11165, 0.0, -0.1999999999999993
11166, 0.0, -0.1999999999999993
11167, 0.0, -0.1999999999999993
11168, 0.0, -0.1999999999999993
11169, 0.0, -0.1999999999999993
11170, 0.0, -0.10000000000000142
11171, 0.0, -0.10000000000000142
11172, 0.0, -0.10000000000000142
11173, 0.0, -0.10000000000000142
11174, 0.0, -0.10000000000000142
11175, 0.0, -0.10000000000000142
11176, 0.0, -0.10000000000000142
11177, 0.0, -0.10000000000000142
11178, 0.0, -0.10000000000000142
11179, 0.0, -0.10000000000000142
11180, 0.0, -0.10000000000000142
11181, 0.0, -0.10000000000000142
11182, 0.0, -0.10000000000000142
11183, 0.0, -0.10000000000000142
11184, 0.0, -0.10000000000000142
11185, 0.0, -0.10000000000000142
11186, 0.0, -0.10000000000000142
11187, 0.0, -0.10000000000000142
11188, 0.0, 0.0
11189, 0.0, 0.0
11190, 0.0, 0.0
11191, 0.0, 0.0
11192, 0.0, 0.0
11193, 0.0, 0.0
11194, 0.0, 0.0
11195, 0.0, 0.0
11196, 0.0, 0.0
11197, 0.0, 0.0
11198, 0.0, 0.0
11199, 0.0, 0.0
11200, 0.0, 0.0
11201, 0.0, 0.0
11202, 0.0, 0.0
11203, 0.0, 0.0
11204, 0.0, 0.0
11205, 0.0, 0.0
11206, 0.0, 0.0
11207, 0.0, 0.0
11208, 0.0, 0.0
11209, 0.0, 0.0
11210, 0.0, 0.0
11211, 0.0, 0.0
11212, 0.0, 0.0
11213, 0.0, 0.0
11214, 0.0, 0.0
11215, 0.0, 0.0
11216, 0.0, 0.0
11217, 0.0, 0.0
11218, 0.0, 0.0
11219, 0.0, 0.0
11220, 0.0, 0.0
11221, 0.0, 0.0
11222, 0.0, 0.0
11223, 0.0, 0.0
11224, 0.0, 0.0
11225, 0.0, 0.0
11226, 0.0, 0.0
11227, 0.0, 0.0
11228, 0.0, 0.0
11229, 0.0, 0.0
11230, 0.10000000000000142, 0.0
11231, 0.10000000000000142, 0.0
11232, 0.10000000000000142, 0.0
11233, 0.10000000000000142, 0.0
11234, 0.10000000000000142, 0.0
11235, 0.10000000000000142, 0.0
11236, 0.10000000000000142, 0.0
11237, 0.10000000000000142, 0.0
11238, 0.10000000000000142, 0.0
11239, 0.10000000000000142, 0.0
11240, 0.10000000000000142, 0.0
11241, 0.10000000000000142, 0.0
11242, 0.10000000000000142, 0.0
11243, 0.10000000000000142, 0.0
11244, 0.10000000000000142, 0.0
11245, 0.10000000000000142, 0.0
11246, 0.10000000000000142, 0.0
11247, 0.10000000000000142, 0.0
11248, 0.0, 0.0
11249, 0.0, 0.0
11250, 0.0, 0.0
11251, 0.0, 0.0
11252, 0.0, 0.0
11253, 0.0, 0.0
11254, 0.0, 0.0
11255, 0.0, 0.0
11256, 0.0, 0.0
11257, 0.0, 0.0
11258, 0.0, 0.0
11259, 0.0, 0.0
11260, 0.0, 0.0
11261, 0.0, 0.0
11262, 0.0, 0.0
11263, -0.10000000000000142, 0.0
11264, -0.10000000000000142, 0.0
11265, -0.10000000000000142, 0.0
11266, -0.10000000000000142, 0.0
11267, -0.10000000000000142, 0.0
11268, -0.10000000000000142, 0.0
11269, -0.10000000000000142, 0.0
11270, -0.10000000000000142, 0.0
11271, -0.10000000000000142, 0.0
11272, -0.10000000000000142, 0.0
11273, -0.10000000000000142, 0.0
11274, -0.10000000000000142, 0.0
11275, -0.10000000000000142, 0.0
11276, -0.10000000000000142, 0.0
11277, -0.10000000000000142, 0.0
11278, -0.10000000000000142, 0.0
11279, -0.10000000000000142, 0.0
11280, -0.10000000000000142, 0.0
11281, -0.10000000000000142, 0.0
11282, -0.10000000000000142, 0.0
11283, 0.0, 0.0
11284, 0.0, 0.0
11285, 0.0, 0.0
11286, 0.0, -0.10000000000000142
11287, 0.0, -0.10000000000000142
11288, 0.0, 0.0
11289, 0.0, 0.0
11290, 0.0, 0.0
11291, 0.0, 0.0
11292, 0.0, 0.0
11293, 0.0, 0.0
11294, 0.0, 0.0
11295, 0.0, 0.0
11296, 0.0, 0.0
11297, 0.0, 0.0
11298, 0.0, 0.0
11299, 0.0, 0.0
11300, 0.0, 0.0
11301, 0.0, 0.0
11302, 0.0, 0.0
11303, 0.0, 0.0
11304, 0.0, 0.0
11305, 0.0, 0.0
11306, 0.0, 0.0
11307, 0.0, 0.0
11308, 0.0, 0.0
11309, 0.0, 0.0
11310, 0.0, 0.0
11311, 0.0, 0.0
11312, 0.0, 0.0
11313, 0.0, 0.0
11314, -0.10000000000000142, 0.0
11315, -0.10000000000000142, 0.0
11316, -0.10000000000000142, 0.0
11317, -0.10000000000000142, 0.0
11318, -0.10000000000000142, 0.0
11319, -0.10000000000000142, 0.10000000000000142
11320, -0.10000000000000142, 0.10000000000000142
11321, -0.10000000000000142, 0.10000000000000142
11322, -0.10000000000000142, 0.10000000000000142
11323, -0.10000000000000142, 0.10000000000000142
11324, -0.10000000000000142, 0.10000000000000142
11325, -0.10000000000000142, 0.10000000000000142
11326, -0.10000000000000142, 0.10000000000000142
11327, -0.10000000000000142, 0.10000000000000142
11328, -0.10000000000000142, 0.10000000000000142
11329, 0.0, 0.10000000000000142
11330, 0.0, 0.10000000000000142
11331, 0.0, 0.10000000000000142
11332, 0.0, 0.10000000000000142
11333, 0.0, 0.10000000000000142
11334, 0.0, 0.10000000000000142
11335, 0.0, 0.10000000000000142
11336, 0.0, 0.10000000000000142
11337, 0.0, 0.10000000000000142
11338, 0.0, 0.10000000000000142
11339, 0.0, 0.10000000000000142
11340, 0.0, 0.10000000000000142
11341, 0.0, 0.10000000000000142
11342, 0.0, 0.10000000000000142
11343, 0.0, 0.10000000000000142
11344, 0.0, 0.10000000000000142
11345, 0.0, 0.10000000000000142
11346, 0.0, 0.10000000000000142
11347, 0.0, 0.10000000000000142
11348, 0.0, 0.10000000000000142
11349, -0.10000000000000142, 0.10000000000000142
11350, -0.10000000000000142, 0.10000000000000142
11351, -0.10000000000000142, 0.10000000000000142
11352, -0.10000000000000142, 0.10000000000000142
11353, -0.10000000000000142, 0.10000000000000142
11354, -0.10000000000000142, 0.10000000000000142
11355, 0.0, 0.0
11356, 0.0, 0.10000000000000142
11357, 0.0, 0.0
11358, 0.0, 0.0
11359, 0.0, 0.0
11360, 0.0, 0.0
11361, 0.0, 0.0
11362, 0.0, 0.0
11363, 0.0, 0.0
11364, 0.0, 0.0
11365, 0.0, 0.0
11366, 0.0, 0.0
11367, 0.0, -0.10000000000000142
11368, 0.0, -0.10000000000000142
11369, 0.0, -0.10000000000000142
11370, 0.0, -0.10000000000000142
11371, 0.0, -0.10000000000000142
11372, 0.0, -0.10000000000000142
11373, 0.0, -0.10000000000000142
11374, 0.0, -0.10000000000000142
11375, 0.0, -0.10000000000000142
11376, -0.10000000000000142, -0.10000000000000142
11377, -0.10000000000000142, -0.10000000000000142
11378, -0.10000000000000142, -0.10000000000000142
11379, -0.10000000000000142, -0.10000000000000142
11380, -0.10000000000000142, -0.10000000000000142
11381, -0.10000000000000142, -0.10000000000000142
11382, -0.10000000000000142, -0.10000000000000142
11383, -0.10000000000000142, -0.10000000000000142
11384, -0.10000000000000142, -0.10000000000000142
11385, -0.10000000000000142, -0.10000000000000142
11386, -0.10000000000000142, -0.10000000000000142
11387, -0.10000000000000142, -0.10000000000000142
11388, -0.10000000000000142, 0.0
11389, -0.10000000000000142, 0.0
11390, -0.10000000000000142, 0.0
11391, -0.10000000000000142, 0.0
11392, -0.10000000000000142, 0.0
11393, -0.10000000000000142, 0.0
11394, -0.10000000000000142, 0.0
11395, -0.10000000000000142, 0.0
11396, -0.10000000000000142, 0.0
11397, -0.10000000000000142, 0.0
11398, -0.10000000000000142, 0.0
11399, 0.0, 0.0
11400, 0.0, 0.0
11401, 0.0, 0.0
11402, 0.0, 0.0
11403, 0.0, 0.0
11404, 0.0, 0.0
11405, 0.0, 0.0
11406, 0.0, 0.0
11407, 0.0, 0.0
11408, 0.0, 0.0
11409, 0.0, 0.0
11410, 0.0, 0.0
11411, 0.0, 0.0
11412, 0.0, 0.0
11413, 0.0, 0.0
11414, 0.0, 0.0
11415, 0.0, 0.0
11416, 0.0, 0.0
11417, 0.0, 0.0
11418, 0.0, 0.0
11419, 0.0, 0.0
11420, 0.0, -0.10000000000000142
11421, 0.0, -0.10000000000000142
11422, 0.0, -0.10000000000000142
11423, 0.0, -0.10000000000000142
11424, 0.0, -0.10000000000000142
11425, 0.0, -0.10000000000000142
11426, 0.0, -0.10000000000000142
11427, 0.0, -0.10000000000000142
11428, 0.0, -0.10000000000000142
11429, 0.0, -0.10000000000000142
11430, 0.0, -0.10000000000000142
11431, 0.0, -0.10000000000000142
11432, 0.0, -0.10000000000000142
11433, 0.0, -0.10000000000000142
11434, 0.0, -0.10000000000000142
11435, 0.0, -0.10000000000000142
11436, 0.0, -0.10000000000000142
11437, 0.0, -0.10000000000000142
11438, 0.0, -0.10000000000000142
11439, 0.0, -0.10000000000000142
11440, 0.0, -0.10000000000000142
11441, 0.0, 0.0
11442, 0.0, 0.0
11443, 0.0, 0.0
11444, 0.0, 0.0
11445, 0.0, 0.0
11446, 0.0, 0.0
11447, 0.0, 0.0
11448, 0.0, 0.0
11449, 0.0, 0.0
11450, 0.0, 0.0
11451, 0.0, -0.10000000000000142
11452, 0.0, -0.10000000000000142
11453, 0.10000000000000142, 0.0
11454, 0.10000000000000142, 0.0
11455, 0.10000000000000142, 0.10000000000000142
11456, 0.10000000000000142, 0.10000000000000142
11457, 0.10000000000000142, 0.10000000000000142
11458, 0.10000000000000142, 0.10000000000000142
11459, 0.10000000000000142, 0.10000000000000142
11460, 0.10000000000000142, 0.10000000000000142
11461, 0.10000000000000142, 0.10000000000000142
11462, 0.0, 0.0
11463, 0.0, 0.0
11464, 0.0, 0.0
11465, 0.0, 0.0
11466, 0.0, 0.0
11467, 0.0, 0.0
11468, 0.0, 0.0
11469, 0.0, 0.0
11470, 0.0, -0.10000000000000142
11471, 0.0, -0.10000000000000142
11472, 0.0, -0.10000000000000142
11473, 0.0, -0.10000000000000142
11474, 0.0, -0.10000000000000142
11475, 0.0, -0.10000000000000142
11476, 0.0, -0.10000000000000142
11477, 0.0, -0.10000000000000142
11478, 0.0, -0.10000000000000142
11479, -0.10000000000000142, -0.10000000000000142
11480, -0.10000000000000142, -0.10000000000000142
11481, -0.10000000000000142, -0.10000000000000142
11482, -0.10000000000000142, 0.0
11483, -0.10000000000000142, 0.0
11484, -0.10000000000000142, 0.0
11485, -0.10000000000000142, 0.0
11486, -0.10000000000000142, 0.0
11487, -0.10000000000000142, 0.0
11488, -0.10000000000000142, 0.0
11489, -0.10000000000000142, 0.0
11490, -0.10000000000000142, 0.0
11491, -0.10000000000000142, 0.0
11492, 0.0, 0.0
11493, 0.0, 0.0
11494, 0.0, 0.0
11495, 0.0, 0.0
11496, 0.0, 0.0
11497, 0.0, 0.0
11498, 0.0, 0.10000000000000142
11499, 0.0, 0.10000000000000142
11500, 0.0, 0.10000000000000142
11501, 0.0, 0.10000000000000142
11502, 0.0, 0.10000000000000142
11503, 0.0, 0.10000000000000142
11504, 0.0, 0.10000000000000142
11505, 0.0, 0.10000000000000142
11506, 0.0, 0.10000000000000142
11507, 0.0, 0.10000000000000142
11508, 0.0, 0.10000000000000142
11509, 0.0, 0.10000000000000142
11510, 0.0, 0.10000000000000142
11511, 0.0, 0.10000000000000142
11512, 0.0, 0.10000000000000142
11513, 0.0, 0.0
11514, 0.0, 0.0
11515, 0.0, 0.0
11516, 0.0, 0.0
11517, 0.0, 0.0
11518, 0.0, 0.0
11519, 0.0, 0.0
11520, 0.0, 0.0
11521, -0.10000000000000142, 0.0
11522, -0.10000000000000142, 0.0
11523, -0.10000000000000142, 0.0
11524, -0.10000000000000142, 0.0
11525, -0.10000000000000142, 0.0
11526, -0.10000000000000142, 0.0
11527, -0.10000000000000142, 0.10000000000000142
11528, -0.10000000000000142, 0.10000000000000142
11529, -0.10000000000000142, 0.0
11530, -0.10000000000000142, 0.0
11531, -0.10000000000000142, 0.0
11532, -0.10000000000000142, 0.0
11533, -0.10000000000000142, 0.0
11534, -0.10000000000000142, 0.0
11535, -0.10000000000000142, 0.0
11536, -0.10000000000000142, 0.0
11537, -0.10000000000000142, 0.0
11538, -0.10000000000000142, 0.0
11539, -0.10000000000000142, 0.0
11540, -0.10000000000000142, 0.0
11541, -0.10000000000000142, 0.0
11542, -0.10000000000000142, 0.0
11543, -0.10000000000000142, 0.10000000000000142
11544, -0.10000000000000142, 0.10000000000000142
11545, -0.10000000000000142, 0.10000000000000142
11546, -0.10000000000000142, 0.10000000000000142
11547, -0.10000000000000142, 0.10000000000000142
11548, -0.10000000000000142, 0.10000000000000142
11549, -0.10000000000000142, 0.10000000000000142
11550, -0.10000000000000142, 0.10000000000000142
11551, -0.10000000000000142, 0.10000000000000142
11552, -0.10000000000000142, 0.10000000000000142
11553, -0.10000000000000142, 0.10000000000000142
11554, -0.10000000000000142, 0.10000000000000142
11555, -0.10000000000000142, 0.10000000000000142
11556, -0.10000000000000142, 0.10000000000000142
11557, -0.10000000000000142, 0.10000000000000142
11558, -0.10000000000000142, 0.0
11559, -0.10000000000000142, 0.0
11560, -0.10000000000000142, 0.0
11561, -0.10000000000000142, 0.0
11562, -0.10000000000000142, 0.0
11563, -0.10000000000000142, 0.0
11564, -0.10000000000000142, 0.0
11565, -0.10000000000000142, 0.0
11566, -0.10000000000000142, 0.0
11567, -0.10000000000000142, 0.0
11568, -0.10000000000000142, 0.0
11569, -0.10000000000000142, -0.10000000000000142
11570, -0.10000000000000142, -0.10000000000000142
11571, -0.10000000000000142, -0.10000000000000142
11572, -0.10000000000000142, -0.10000000000000142
11573, -0.10000000000000142, -0.10000000000000142
11574, -0.10000000000000142, -0.10000000000000142
11575, -0.10000000000000142, -0.10000000000000142
11576, -0.10000000000000142, -0.10000000000000142
11577, -0.10000000000000142, -0.10000000000000142
11578, -0.10000000000000142, -0.10000000000000142
11579, -0.10000000000000142, -0.10000000000000142
11580, -0.10000000000000142, -0.10000000000000142
11581, -0.10000000000000142, -0.10000000000000142
11582, -0.10000000000000142, -0.10000000000000142
11583, -0.10000000000000142, -0.10000000000000142
11584, -0.10000000000000142, -0.10000000000000142
11585, -0.10000000000000142, -0.10000000000000142
11586, -0.10000000000000142, -0.10000000000000142
11587, -0.10000000000000142, -0.10000000000000142
11588, -0.10000000000000142, -0.10000000000000142
11589, -0.10000000000000142, -0.10000000000000142
11590, -0.10000000000000142, -0.10000000000000142
11591, 0.0, -0.10000000000000142
11592, 0.0, -0.10000000000000142
11593, 0.0, -0.10000000000000142
11594, 0.0, 0.0
11595, 0.0, 0.0
11596, 0.0, -0.10000000000000142
11597, 0.0, -0.10000000000000142
11598, 0.0, -0.10000000000000142
11599, 0.0, -0.10000000000000142
11600, 0.0, -0.10000000000000142
11601, 0.0, -0.10000000000000142
11602, 0.0, -0.10000000000000142
11603, 0.0, -0.10000000000000142
11604, 0.0, -0.10000000000000142
11605, 0.0, -0.10000000000000142
11606, 0.0, -0.10000000000000142
11607, 0.0, -0.10000000000000142
11608, 0.0, -0.10000000000000142
11609, 0.0, -0.10000000000000142
11610, 0.0, -0.10000000000000142
11611, 0.0, -0.10000000000000142
11612, 0.0, 0.0
11613, 0.0, 0.0
11614, 0.0, 0.0
11615, 0.0, 0.0
11616, 0.0, 0.0
11617, 0.0, 0.0
11618, 0.0, 0.0
11619, 0.0, 0.0
11620, 0.0, 0.0
11621, 0.0, 0.0
11622, 0.0, 0.0
11623, 0.0, 0.0
11624, 0.0, 0.0
11625, 0.0, 0.0
11626, 0.0, 0.0
11627, -0.10000000000000142, 0.0
11628, -0.10000000000000142, 0.0
11629, -0.10000000000000142, 0.0
11630, -0.10000000000000142, 0.0
11631, -0.10000000000000142, 0.0
11632, 0.0, 0.0
11633, 0.0, 0.0
11634, 0.0, 0.0
11635, 0.0, 0.0
11636, 0.0, 0.0
11637, 0.0, 0.0
11638, 0.0, -0.10000000000000142
11639, 0.0, -0.10000000000000142
11640, 0.0, -0.10000000000000142
11641, 0.0, -0.10000000000000142
11642, 0.0, -0.10000000000000142
11643, 0.0, -0.10000000000000142
11644, 0.0, -0.10000000000000142
11645, 0.0, -0.10000000000000142
11646, 0.0, -0.10000000000000142
11647, 0.0, -0.10000000000000142
11648, 0.0, -0.10000000000000142
11649, 0.0, -0.10000000000000142
11650, 0.0, -0.10000000000000142
11651, 0.0, -0.10000000000000142
11652, 0.0, -0.10000000000000142
11653, 0.0, -0.10000000000000142
11654, 0.0, -0.10000000000000142
11655, 0.0, -0.10000000000000142
11656, 0.0, -0.10000000000000142
11657, 0.0, -0.10000000000000142
11658, 0.0, -0.10000000000000142
11659, 0.0, -0.10000000000000142
11660, 0.0, -0.10000000000000142
11661, 0.0, -0.10000000000000142
11662, 0.0, -0.10000000000000142
11663, 0.0, -0.10000000000000142
11664, 0.0, -0.10000000000000142
11665, 0.0, -0.10000000000000142
11666, 0.0, -0.10000000000000142
11667, 0.0, -0.10000000000000142
11668, 0.0, -0.10000000000000142
11669, 0.0, -0.10000000000000142
11670, 0.0, -0.1999999999999993
11671, 0.0, -0.1999999999999993
11672, 0.0, -0.1999999999999993
11673, 0.0, -0.1999999999999993
11674, 0.0, -0.1999999999999993
11675, 0.0, -0.1999999999999993
11676, 0.0, -0.1999999999999993
11677, 0.0, -0.1999999999999993
11678, 0.0, -0.1999999999999993
11679, 0.0, -0.1999999999999993
11680, 0.0, -0.1999999999999993
11681, 0.0, -0.1999999999999993
11682, -0.10000000000000142, -0.1999999999999993
11683, -0.10000000000000142, -0.1999999999999993
11684, -0.10000000000000142, -0.1999999999999993
11685, -0.10000000000000142, -0.1999999999999993
11686, -0.10000000000000142, -0.1999999999999993
11687, -0.10000000000000142, -0.1999999999999993
11688, -0.10000000000000142, -0.1999999999999993
11689, -0.10000000000000142, -0.1999999999999993
11690, -0.10000000000000142, -0.10000000000000142
11691, -0.10000000000000142, -0.10000000000000142
11692, -0.10000000000000142, -0.10000000000000142
11693, -0.10000000000000142, -0.10000000000000142
11694, 0.0, -0.10000000000000142
11695, 0.0, -0.10000000000000142
11696, 0.0, -0.10000000000000142
11697, 0.0, -0.10000000000000142
11698, 0.0, -0.10000000000000142
11699, 0.0, -0.10000000000000142
11700, 0.0, -0.10000000000000142
11701, -0.10000000000000142, -0.10000000000000142
11702, -0.10000000000000142, -0.10000000000000142
11703, -0.10000000000000142, 0.0
11704, -0.10000000000000142, 0.0
11705, -0.10000000000000142, 0.0
11706, -0.10000000000000142, 0.0
11707, -0.10000000000000142, 0.0
11708, -0.10000000000000142, 0.0
11709, -0.10000000000000142, 0.0
11710, -0.10000000000000142, 0.0
11711, -0.10000000000000142, 0.0
11712, -0.10000000000000142, 0.0
11713, 0.0, -0.10000000000000142
11714, 0.0, -0.10000000000000142
11715, 0.0, -0.10000000000000142
11716, 0.0, -0.10000000000000142
11717, 0.0, -0.10000000000000142
11718, 0.0, -0.10000000000000142
11719, 0.0, -0.10000000000000142
11720, 0.0, -0.10000000000000142
11721, 0.0, -0.10000000000000142
11722, 0.0, -0.10000000000000142
11723, 0.0, -0.10000000000000142
11724, 0.0, 0.0
11725, 0.0, 0.0
11726, 0.0, 0.0
11727, 0.0, 0.0
11728, 0.0, 0.0
11729, 0.0, 0.0
11730, 0.0, 0.0
11731, 0.0, 0.0
11732, 0.0, 0.0
11733, 0.0, -0.10000000000000142
11734, 0.0, -0.10000000000000142
11735, 0.0, -0.10000000000000142
11736, 0.0, -0.10000000000000142
11737, 0.0, -0.10000000000000142
11738, 0.0, -0.10000000000000142
11739, 0.0, -0.10000000000000142
11740, 0.0, -0.10000000000000142
11741, 0.0, -0.10000000000000142
11742, 0.0, -0.10000000000000142
11743, 0.0, -0.10000000000000142
11744, 0.0, -0.10000000000000142
11745, 0.0, -0.10000000000000142
11746, -0.10000000000000142, -0.10000000000000142
11747, -0.10000000000000142, -0.10000000000000142
11748, -0.10000000000000142, -0.10000000000000142
11749, -0.10000000000000142, -0.10000000000000142
11750, -0.10000000000000142, -0.10000000000000142
11751, -0.10000000000000142, -0.10000000000000142
11752, -0.10000000000000142, -0.10000000000000142
11753, -0.10000000000000142, 0.0
11754, -0.10000000000000142, 0.0
11755, -0.10000000000000142, 0.0
11756, -0.10000000000000142, 0.0
11757, -0.10000000000000142, 0.0
11758, -0.10000000000000142, 0.0
11759, -0.10000000000000142, 0.0
11760, -0.10000000000000142, 0.0
11761, -0.10000000000000142, 0.0
11762, 0.0, 0.0
11763, 0.0, 0.0
11764, 0.0, 0.0
11765, 0.0, 0.0
11766, 0.0, 0.0
11767, 0.0, 0.0
11768, 0.0, 0.0
11769, 0.0, 0.0
11770, 0.0, 0.0
11771, 0.0, 0.0
11772, 0.0, 0.0
11773, 0.0, 0.0
11774, 0.0, 0.0
11775, 0.0, 0.0
11776, 0.0, 0.0
11777, 0.0, 0.0
11778, 0.0, 0.0
11779, 0.0, 0.0
11780, 0.0, 0.0
11781, 0.0, 0.0
11782, 0.0, 0.0
11783, 0.0, 0.0
11784, 0.0, 0.0
11785, 0.0, 0.0
11786, 0.0, 0.0
11787, 0.0, 0.0
11788, 0.0, 0.0
11789, 0.0, 0.0
11790, 0.10000000000000142, 0.0
11791, 0.10000000000000142, 0.0
11792, 0.10000000000000142, 0.0
11793, 0.10000000000000142, 0.0
11794, 0.10000000000000142, 0.0
11795, 0.10000000000000142, 0.0
11796, 0.10000000000000142, 0.0
11797, 0.10000000000000142, 0.0
11798, 0.10000000000000142, 0.0
11799, 0.10000000000000142, 0.0
11800, 0.10000000000000142, -0.10000000000000142
11801, 0.10000000000000142, -0.10000000000000142
11802, 0.0, -0.10000000000000142
11803, 0.0, -0.10000000000000142
11804, 0.0, -0.10000000000000142
11805, 0.0, -0.10000000000000142
11806, 0.0, -0.10000000000000142
11807, 0.0, -0.10000000000000142
11808, 0.0, 0.0
11809, 0.0, 0.0
11810, 0.0, 0.0
11811, 0.0, 0.0
11812, 0.0, 0.0
11813, 0.0, 0.0
11814, 0.0, 0.0
11815, 0.0, 0.0
11816, 0.0, 0.0
11817, 0.0, 0.0
11818, 0.0, 0.0
11819, -0.10000000000000142, 0.0
11820, -0.10000000000000142, 0.0
11821, -0.10000000000000142, 0.0
11822, -0.10000000000000142, 0.0
11823, -0.10000000000000142, 0.0
11824, -0.10000000000000142, 0.0
11825, 0.0, 0.0
11826, 0.0, 0.0
11827, 0.0, 0.0
11828, 0.0, 0.0
11829, 0.0, 0.0
11830, 0.0, 0.0
11831, 0.0, 0.0
11832, 0.0, 0.0
11833, 0.0, 0.0
11834, 0.0, 0.0
11835, 0.0, 0.0
11836, 0.0, 0.0
11837, 0.0, 0.0
11838, 0.0, 0.0
11839, 0.0, 0.0
11840, 0.0, 0.0
11841, 0.0, 0.0
11842, 0.0, 0.0
11843, 0.0, 0.0
11844, 0.0, 0.0
11845, 0.0, 0.0
11846, 0.0, 0.0
11847, 0.0, 0.0
11848, 0.0, 0.0
11849, 0.0, 0.0
11850, 0.0, 0.0
11851, 0.0, 0.0
11852, 0.0, 0.0
11853, 0.0, 0.0
11854, 0.0, 0.0
11855, 0.0, 0.0
11856, 0.0, 0.0
11857, 0.0, 0.0
11858, 0.0, -0.10000000000000142
11859, 0.0, -0.10000000000000142
11860, 0.0, -0.10000000000000142
11861, 0.0, -0.10000000000000142
11862, 0.0, -0.10000000000000142
11863, 0.0, -0.1999999999999993
11864, 0.0, -0.1999999999999993
11865, 0.0, -0.1999999999999993
11866, 0.0, -0.1999999999999993
11867, 0.0, -0.1999999999999993
11868, 0.0, -0.1999999999999993
11869, 0.0, -0.1999999999999993
11870, 0.0, -0.1999999999999993
11871, 0.0, -0.1999999999999993
11872, 0.0, -0.1999999999999993
11873, 0.0, -0.1999999999999993
11874, 0.0, -0.1999999999999993
11875, 0.0, -0.1999999999999993
11876, 0.0, -0.1999999999999993
11877, 0.0, -0.1999999999999993
11878, 0.0, -0.1999999999999993
11879, 0.0, -0.1999999999999993
11880, 0.0, -0.1999999999999993
11881, 0.0, -0.1999999999999993
11882, 0.0, -0.1999999999999993
11883, 0.0, -0.1999999999999993
11884, 0.0, -0.1999999999999993
11885, 0.0, -0.1999999999999993
11886, 0.0, -0.10000000000000142
11887, 0.0, -0.10000000000000142
11888, 0.0, -0.10000000000000142
11889, 0.0, -0.10000000000000142
11890, 0.0, -0.10000000000000142
11891, 0.0, -0.10000000000000142
11892, 0.0, -0.10000000000000142
11893, 0.0, -0.10000000000000142
11894, 0.0, -0.10000000000000142
11895, 0.0, -0.10000000000000142
11896, 0.0, -0.10000000000000142
11897, 0.0, -0.10000000000000142
11898, 0.0, -0.10000000000000142
11899, 0.0, -0.10000000000000142
11900, 0.0, -0.10000000000000142
11901, 0.0, -0.10000000000000142
11902, 0.0, -0.10000000000000142
11903, 0.0, -0.10000000000000142
11904, 0.0, -0.10000000000000142
11905, 0.10000000000000142, -0.10000000000000142
11906, 0.10000000000000142, -0.10000000000000142
11907, 0.10000000000000142, -0.1999999999999993
11908, 0.10000000000000142, -0.1999999999999993
11909, 0.10000000000000142, -0.1999999999999993
11910, 0.10000000000000142, -0.1999999999999993
11911, 0.10000000000000142, -0.1999999999999993
11912, 0.10000000000000142, -0.1999999999999993
11913, 0.10000000000000142, -0.1999999999999993
11914, 0.10000000000000142, -0.1999999999999993
11915, 0.10000000000000142, -0.1999999999999993
11916, 0.0, -0.10000000000000142
11917, 0.0, -0.10000000000000142
11918, 0.0, -0.10000000000000142
11919, 0.0, -0.10000000000000142
11920, 0.0, -0.10000000000000142
11921, 0.0, -0.10000000000000142
11922, 0.0, -0.10000000000000142
11923, 0.0, -0.10000000000000142
11924, 0.0, -0.10000000000000142
11925, 0.0, -0.10000000000000142
11926, 0.0, -0.10000000000000142
11927, 0.0, -0.10000000000000142
11928, 0.0, -0.10000000000000142
11929, 0.0, -0.10000000000000142
11930, 0.0, -0.10000000000000142
11931, 0.0, -0.10000000000000142
11932, 0.0, -0.10000000000000142
11933, 0.0, -0.10000000000000142
11934, 0.0, -0.10000000000000142
11935, 0.0, -0.10000000000000142
11936, 0.0, -0.10000000000000142
11937, 0.0, -0.10000000000000142
11938, 0.0, -0.10000000000000142
11939, 0.0, -0.10000000000000142
11940, 0.0, -0.10000000000000142
11941, 0.0, -0.10000000000000142
11942, 0.0, -0.10000000000000142
11943, 0.0, -0.10000000000000142
11944, 0.0, -0.10000000000000142
11945, 0.0, -0.10000000000000142
11946, 0.0, -0.10000000000000142
11947, 0.0, -0.10000000000000142
11948, 0.0, -0.10000000000000142
11949, 0.0, -0.10000000000000142
11950, 0.0, -0.10000000000000142
11951, 0.0, -0.10000000000000142
11952, 0.0, -0.10000000000000142
11953, 0.0, -0.10000000000000142
11954, 0.0, -0.10000000000000142
11955, 0.0, -0.10000000000000142
11956, 0.0, -0.10000000000000142
11957, 0.0, -0.10000000000000142
11958, 0.0, -0.10000000000000142
11959, 0.0, -0.10000000000000142
11960, 0.0, -0.10000000000000142
11961, 0.0, -0.10000000000000142
11962, 0.0, -0.10000000000000142
11963, 0.0, -0.10000000000000142
11964, 0.0, -0.10000000000000142
11965, 0.0, -0.10000000000000142
11966, 0.0, -0.10000000000000142
11967, 0.0, -0.10000000000000142
11968, 0.0, -0.10000000000000142
11969, 0.10000000000000142, -0.10000000000000142
11970, 0.10000000000000142, -0.10000000000000142
11971, 0.10000000000000142, -0.10000000000000142
11972, 0.10000000000000142, -0.10000000000000142
11973, 0.10000000000000142, -0.10000000000000142
11974, 0.10000000000000142, -0.10000000000000142
11975, 0.10000000000000142, -0.10000000000000142
11976, 0.10000000000000142, -0.10000000000000142
11977, 0.10000000000000142, -0.10000000000000142
11978, 0.10000000000000142, -0.10000000000000142
11979, 0.10000000000000142, -0.10000000000000142
11980, 0.10000000000000142, -0.10000000000000142
11981, 0.10000000000000142, -0.10000000000000142
11982, 0.10000000000000142, -0.10000000000000142
11983, 0.10000000000000142, -0.10000000000000142
11984, 0.10000000000000142, -0.10000000000000142
11985, 0.10000000000000142, -0.10000000000000142
11986, 0.10000000000000142, -0.10000000000000142
11987, 0.10000000000000142, -0.10000000000000142
11988, 0.10000000000000142, -0.10000000000000142
11989, 0.10000000000000142, -0.10000000000000142
11990, 0.10000000000000142, -0.10000000000000142
11991, 0.10000000000000142, -0.10000000000000142
11992, 0.10000000000000142, -0.10000000000000142
11993, 0.10000000000000142, -0.10000000000000142
11994, 0.10000000000000142, -0.10000000000000142
11995, 0.10000000000000142, -0.10000000000000142
11996, 0.0, -0.10000000000000142
11997, 0.0, -0.10000000000000142
11998, 0.0, -0.10000000000000142
11999, -0.10000000000000142, 0.0
12000, -0.10000000000000142, 0.0
12001, -0.10000000000000142, 0.0
12002, -0.10000000000000142, 0.0
12003, -0.10000000000000142, -0.10000000000000142
12004, -0.10000000000000142, -0.10000000000000142
12005, -0.10000000000000142, -0.10000000000000142
12006, -0.10000000000000142, -0.10000000000000142
12007, 0.0, -0.10000000000000142
12008, 0.0, -0.10000000000000142
12009, 0.0, -0.10000000000000142
12010, 0.0, -0.10000000000000142
12011, 0.0, -0.10000000000000142
12012, 0.0, -0.10000000000000142
12013, 0.0, -0.10000000000000142
12014, 0.0, -0.10000000000000142
12015, 0.0, 0.0
12016, 0.0, 0.0
12017, 0.0, 0.0
12018, 0.0, 0.0
12019, 0.0, 0.0
12020, 0.0, 0.0
12021, 0.0, 0.0
12022, 0.0, 0.0
12023, 0.0, 0.0
12024, 0.0, 0.0
12025, 0.0, 0.0
12026, 0.0, 0.0
12027, 0.0, 0.0
12028, 0.0, 0.0
12029, 0.0, 0.0
12030, -0.10000000000000142, 0.0
12031, -0.10000000000000142, 0.0
12032, -0.10000000000000142, 0.0
12033, -0.10000000000000142, 0.0
12034, -0.10000000000000142, 0.0
12035, -0.10000000000000142, 0.0
12036, -0.10000000000000142, 0.0
12037, -0.10000000000000142, 0.0
12038, -0.10000000000000142, 0.0
12039, -0.10000000000000142, -0.10000000000000142
12040, -0.10000000000000142, -0.10000000000000142
12041, -0.10000000000000142, -0.10000000000000142
12042, -0.10000000000000142, -0.10000000000000142
12043, -0.10000000000000142, -0.10000000000000142
12044, -0.10000000000000142, -0.10000000000000142
12045, -0.10000000000000142, -0.10000000000000142
12046, -0.10000000000000142, -0.10000000000000142
12047, -0.10000000000000142, -0.10000000000000142
12048, -0.10000000000000142, -0.10000000000000142
12049, -0.10000000000000142, -0.10000000000000142
12050, -0.10000000000000142, -0.10000000000000142
12051, -0.10000000000000142, -0.10000000000000142
12052, -0.10000000000000142, -0.10000000000000142
12053, -0.10000000000000142, -0.10000000000000142
12054, -0.10000000000000142, -0.10000000000000142
12055, -0.10000000000000142, -0.10000000000000142
12056, 0.0, -0.10000000000000142
12057, 0.0, -0.10000000000000142
12058, 0.0, -0.10000000000000142
12059, 0.0, -0.10000000000000142
12060, 0.0, -0.10000000000000142
12061, 0.0, -0.10000000000000142
12062, 0.0, -0.10000000000000142
12063, 0.0, -0.10000000000000142
12064, -0.10000000000000142, -0.10000000000000142
12065, -0.10000000000000142, -0.10000000000000142
12066, -0.10000000000000142, -0.10000000000000142
12067, -0.10000000000000142, 0.0
12068, -0.10000000000000142, 0.0
12069, -0.10000000000000142, 0.0
12070, -0.10000000000000142, 0.0
12071, -0.10000000000000142, 0.0
12072, -0.10000000000000142, 0.0
12073, -0.10000000000000142, 0.0
12074, -0.10000000000000142, 0.0
12075, -0.10000000000000142, 0.0
12076, -0.10000000000000142, 0.0
12077, -0.10000000000000142, 0.0
12078, -0.10000000000000142, 0.0
12079, -0.10000000000000142, 0.0
12080, -0.10000000000000142, 0.0
12081, -0.10000000000000142, 0.0
12082, -0.10000000000000142, 0.0
12083, -0.10000000000000142, 0.0
12084, -0.10000000000000142, 0.0
12085, -0.10000000000000142, 0.0
12086, -0.10000000000000142, 0.0
12087, -0.10000000000000142, 0.0
12088, -0.10000000000000142, 0.0
12089, -0.10000000000000142, 0.10000000000000142
12090, -0.10000000000000142, 0.10000000000000142
12091, -0.10000000000000142, 0.10000000000000142
12092, -0.10000000000000142, 0.10000000000000142
12093, -0.10000000000000142, 0.10000000000000142
12094, -0.1999999999999993, 0.10000000000000142
12095, -0.1999999999999993, 0.0
12096, -0.1999999999999993, 0.0
12097, -0.1999999999999993, 0.0
12098, -0.1999999999999993, 0.0
12099, -0.1999999999999993, 0.0
12100, -0.1999999999999993, 0.0
12101, -0.1999999999999993, 0.0
12102, -0.10000000000000142, 0.0
12103, -0.10000000000000142, 0.0
12104, -0.10000000000000142, 0.0
12105, -0.10000000000000142, 0.0
12106, -0.10000000000000142, -0.10000000000000142
12107, -0.10000000000000142, -0.10000000000000142
12108, -0.10000000000000142, -0.10000000000000142
12109, -0.10000000000000142, 0.0
12110, -0.10000000000000142, 0.0
12111, -0.10000000000000142, 0.0
12112, 0.0, 0.0
12113, 0.0, 0.0
12114, 0.0, 0.0
12115, 0.0, 0.0
12116, 0.0, 0.0
12117, 0.0, 0.0
12118, 0.0, 0.0
12119, 0.0, 0.0
12120, 0.0, 0.0
12121, 0.0, 0.0
12122, 0.0, 0.0
12123, 0.0, 0.0
12124, 0.0, 0.0
12125, 0.0, 0.0
12126, 0.0, 0.0
12127, 0.0, 0.0
12128, 0.0, 0.0
12129, 0.0, 0.10000000000000142
12130, 0.0, 0.10000000000000142
12131, 0.0, 0.10000000000000142
12132, 0.0, 0.10000000000000142
12133, 0.0, 0.10000000000000142
12134, 0.0, 0.10000000000000142
12135, 0.0, 0.10000000000000142
12136, 0.0, 0.10000000000000142
12137, 0.0, 0.10000000000000142
12138, 0.0, 0.10000000000000142
12139, 0.0, 0.10000000000000142
12140, 0.0, 0.10000000000000142
12141, 0.0, 0.10000000000000142
12142, 0.0, 0.10000000000000142
12143, 0.0, 0.10000000000000142
12144, 0.0, 0.10000000000000142
12145, 0.0, 0.10000000000000142
12146, 0.0, 0.0
12147, 0.0, 0.0
12148, 0.0, 0.0
12149, 0.0, 0.0
12150, 0.0, 0.0
12151, 0.0, 0.0
12152, 0.0, 0.0
12153, 0.0, 0.0
12154, 0.10000000000000142, 0.0
12155, 0.10000000000000142, 0.0
12156, 0.0, 0.0
12157, 0.0, 0.0
12158, 0.0, 0.0
12159, 0.0, 0.0
12160, 0.0, 0.0
12161, 0.0, 0.0
12162, 0.0, 0.0
12163, 0.0, 0.0
12164, 0.0, 0.0
12165, 0.0, 0.0
12166, 0.0, 0.0
12167, 0.0, 0.0
12168, 0.0, 0.0
12169, 0.0, 0.0
12170, 0.0, 0.0
12171, 0.0, 0.0
12172, 0.0, 0.0
12173, 0.0, 0.0
12174, 0.0, 0.0
12175, 0.0, 0.0
12176, 0.0, 0.0
12177, 0.0, 0.0
12178, 0.0, 0.0
12179, 0.0, 0.0
12180, 0.0, 0.0
12181, 0.0, 0.0
12182, 0.0, 0.0
12183, -0.10000000000000142, 0.0
12184, -0.10000000000000142, 0.0
12185, -0.10000000000000142, 0.0
12186, -0.10000000000000142, 0.0
12187, -0.10000000000000142, 0.0
12188, -0.10000000000000142, 0.0
12189, -0.10000000000000142, 0.0
12190, -0.10000000000000142, 0.0
12191, -0.10000000000000142, 0.0
12192, -0.10000000000000142, 0.0
12193, -0.10000000000000142, 0.0
12194, -0.10000000000000142, 0.0
12195, -0.10000000000000142, -0.10000000000000142
12196, -0.10000000000000142, 0.0
12197, -0.10000000000000142, 0.0
12198, -0.10000000000000142, 0.0
12199, -0.10000000000000142, 0.0
12200, -0.10000000000000142, 0.0
12201, -0.10000000000000142, 0.0
12202, -0.10000000000000142, -0.10000000000000142
12203, -0.10000000000000142, -0.10000000000000142
12204, -0.10000000000000142, -0.10000000000000142
12205, -0.10000000000000142, -0.10000000000000142
12206, -0.10000000000000142, -0.10000000000000142
12207, -0.10000000000000142, -0.10000000000000142
12208, -0.10000000000000142, -0.10000000000000142
12209, -0.10000000000000142, -0.10000000000000142
12210, -0.10000000000000142, -0.10000000000000142
12211, -0.10000000000000142, -0.10000000000000142
12212, -0.10000000000000142, -0.10000000000000142
12213, -0.10000000000000142, -0.10000000000000142
12214, -0.10000000000000142, -0.10000000000000142
12215, -0.10000000000000142, -0.10000000000000142
12216, -0.10000000000000142, -0.10000000000000142
12217, -0.10000000000000142, -0.1999999999999993
12218, -0.10000000000000142, -0.1999999999999993
12219, -0.10000000000000142, -0.1999999999999993
12220, -0.10000000000000142, -0.1999999999999993
12221, -0.10000000000000142, -0.1999999999999993
12222, -0.10000000000000142, -0.1999999999999993
12223, -0.10000000000000142, -0.10000000000000142
12224, -0.10000000000000142, -0.10000000000000142
12225, -0.10000000000000142, -0.10000000000000142
12226, -0.10000000000000142, -0.10000000000000142
12227, -0.10000000000000142, -0.10000000000000142
12228, -0.10000000000000142, -0.10000000000000142
12229, -0.10000000000000142, -0.10000000000000142
12230, -0.10000000000000142, -0.10000000000000142
12231, -0.10000000000000142, -0.10000000000000142
12232, -0.10000000000000142, -0.10000000000000142
12233, -0.10000000000000142, -0.10000000000000142
12234, -0.10000000000000142, -0.10000000000000142
12235, -0.10000000000000142, -0.10000000000000142
12236, -0.10000000000000142, -0.10000000000000142
12237, -0.10000000000000142, -0.10000000000000142
12238, -0.10000000000000142, -0.10000000000000142
12239, -0.10000000000000142, -0.10000000000000142
12240, -0.10000000000000142, -0.10000000000000142
12241, -0.10000000000000142, -0.10000000000000142
12242, -0.10000000000000142, -0.10000000000000142
12243, -0.10000000000000142, -0.10000000000000142
12244, -0.10000000000000142, -0.10000000000000142
12245, -0.10000000000000142, -0.10000000000000142
12246, -0.10000000000000142, 0.0
12247, -0.10000000000000142, 0.0
12248, -0.10000000000000142, 0.0
12249, -0.10000000000000142, 0.0
12250, -0.10000000000000142, 0.0
12251, -0.10000000000000142, 0.0
12252, -0.10000000000000142, 0.0
12253, 0.0, 0.0
12254, 0.0, 0.0
12255, 0.0, 0.0
12256, 0.0, 0.0
12257, 0.0, 0.0
12258, 0.0, 0.0
12259, -0.10000000000000142, 0.0
12260, -0.10000000000000142, 0.0
12261, -0.10000000000000142, 0.0
12262, -0.10000000000000142, 0.0
12263, -0.10000000000000142, 0.10000000000000142
12264, -0.10000000000000142, 0.10000000000000142
12265, -0.10000000000000142, 0.10000000000000142
12266, -0.10000000000000142, 0.10000000000000142
12267, -0.10000000000000142, 0.10000000000000142
12268, -0.10000000000000142, 0.10000000000000142
12269, -0.10000000000000142, 0.10000000000000142
12270, -0.10000000000000142, 0.10000000000000142
12271, -0.10000000000000142, 0.10000000000000142
12272, -0.10000000000000142, 0.10000000000000142
12273, -0.10000000000000142, 0.10000000000000142
12274, -0.10000000000000142, 0.10000000000000142
12275, -0.10000000000000142, 0.10000000000000142
12276, -0.10000000000000142, 0.10000000000000142
12277, -0.10000000000000142, 0.0
12278, -0.10000000000000142, 0.10000000000000142
12279, -0.10000000000000142, 0.10000000000000142
12280, -0.10000000000000142, 0.10000000000000142
12281, -0.10000000000000142, 0.10000000000000142
12282, -0.10000000000000142, 0.10000000000000142
12283, -0.10000000000000142, 0.10000000000000142
12284, -0.10000000000000142, 0.10000000000000142
12285, -0.10000000000000142, 0.10000000000000142
12286, -0.10000000000000142, 0.0
12287, -0.10000000000000142, 0.0
12288, -0.10000000000000142, 0.0
12289, -0.10000000000000142, 0.0
12290, -0.10000000000000142, 0.0
12291, -0.10000000000000142, 0.0
12292, -0.10000000000000142, 0.0
12293, -0.10000000000000142, 0.0
12294, -0.10000000000000142, 0.0
12295, -0.10000000000000142, 0.0
12296, -0.10000000000000142, 0.0
12297, -0.10000000000000142, 0.0
12298, -0.10000000000000142, -0.10000000000000142
12299, -0.10000000000000142, -0.10000000000000142
12300, -0.10000000000000142, -0.10000000000000142
12301, -0.10000000000000142, -0.10000000000000142
12302, -0.10000000000000142, -0.10000000000000142
12303, -0.10000000000000142, -0.10000000000000142
12304, -0.10000000000000142, -0.10000000000000142
12305, -0.10000000000000142, -0.10000000000000142
12306, -0.10000000000000142, -0.10000000000000142
12307, -0.10000000000000142, -0.10000000000000142
12308, -0.10000000000000142, -0.1999999999999993
12309, -0.10000000000000142, -0.1999999999999993
12310, -0.10000000000000142, -0.1999999999999993
12311, -0.10000000000000142, -0.1999999999999993
12312, -0.10000000000000142, -0.1999999999999993
12313, -0.10000000000000142, -0.1999999999999993
12314, -0.10000000000000142, -0.1999999999999993
12315, -0.10000000000000142, -0.1999999999999993
12316, -0.10000000000000142, -0.1999999999999993
12317, -0.10000000000000142, -0.1999999999999993
12318, 0.0, -0.1999999999999993
12319, 0.0, -0.1999999999999993
12320, 0.0, -0.1999999999999993
12321, 0.0, -0.1999999999999993
12322, 0.0, -0.1999999999999993
12323, 0.0, -0.1999999999999993
12324, 0.0, -0.1999999999999993
12325, 0.0, -0.1999999999999993
12326, 0.0, -0.1999999999999993
12327, 0.0, -0.1999999999999993
12328, 0.0, -0.1999999999999993
12329, 0.0, -0.1999999999999993
12330, 0.0, -0.1999999999999993
12331, 0.0, -0.1999999999999993
12332, 0.0, -0.1999999999999993
12333, 0.0, -0.1999999999999993
12334, 0.0, -0.1999999999999993
12335, 0.0, -0.1999999999999993
12336, 0.0, -0.1999999999999993
12337, 0.0, -0.1999999999999993
12338, 0.0, -0.1999999999999993
12339, 0.0, -0.1999999999999993
12340, 0.0, -0.1999999999999993
12341, 0.0, -0.10000000000000142
12342, 0.0, -0.10000000000000142
12343, 0.0, -0.10000000000000142
12344, 0.0, -0.10000000000000142
12345, 0.0, -0.10000000000000142
12346, 0.0, -0.10000000000000142
12347, 0.0, -0.10000000000000142
12348, 0.0, -0.10000000000000142
12349, 0.0, -0.10000000000000142
12350, 0.0, -0.10000000000000142
12351, 0.0, -0.10000000000000142
12352, -0.10000000000000142, -0.10000000000000142
12353, -0.10000000000000142, -0.10000000000000142
12354, -0.10000000000000142, -0.10000000000000142
12355, -0.10000000000000142, -0.10000000000000142
12356, -0.10000000000000142, -0.10000000000000142
12357, -0.10000000000000142, -0.10000000000000142
12358, -0.10000000000000142, -0.10000000000000142
12359, -0.10000000000000142, -0.10000000000000142
12360, -0.10000000000000142, -0.10000000000000142
12361, -0.10000000000000142, -0.10000000000000142
12362, -0.10000000000000142, -0.10000000000000142
12363, -0.10000000000000142, -0.10000000000000142
12364, -0.10000000000000142, -0.10000000000000142
12365, -0.10000000000000142, -0.10000000000000142
12366, -0.10000000000000142, 0.0
12367, -0.10000000000000142, 0.0
12368, -0.10000000000000142, 0.0
12369, -0.10000000000000142, 0.0
12370, -0.10000000000000142, 0.0
12371, -0.10000000000000142, 0.0
12372, -0.10000000000000142, 0.0
12373, -0.10000000000000142, 0.0
12374, -0.10000000000000142, 0.0
12375, -0.10000000000000142, 0.0
12376, -0.10000000000000142, 0.0
12377, -0.10000000000000142, 0.0
12378, -0.10000000000000142, 0.0
12379, -0.10000000000000142, 0.0
12380, -0.10000000000000142, 0.0
12381, -0.10000000000000142, 0.0
12382, -0.10000000000000142, 0.0
12383, -0.10000000000000142, 0.0
12384, -0.10000000000000142, 0.0
12385, -0.10000000000000142, 0.0
12386, -0.10000000000000142, 0.0
12387, -0.10000000000000142, 0.0
12388, -0.10000000000000142, 0.10000000000000142
12389, -0.10000000000000142, 0.10000000000000142
12390, -0.10000000000000142, 0.10000000000000142
12391, -0.10000000000000142, 0.10000000000000142
12392, -0.10000000000000142, 0.10000000000000142
12393, -0.10000000000000142, 0.10000000000000142
12394, -0.10000000000000142, 0.10000000000000142
12395, -0.10000000000000142, 0.0
12396, -0.10000000000000142, 0.0
12397, -0.10000000000000142, 0.0
12398, -0.10000000000000142, 0.0
12399, -0.10000000000000142, 0.0
12400, -0.10000000000000142, 0.0
12401, -0.10000000000000142, 0.0
12402, -0.10000000000000142, 0.0
12403, -0.10000000000000142, 0.0
12404, -0.10000000000000142, 0.0
12405, -0.10000000000000142, 0.0
12406, -0.10000000000000142, 0.0
12407, -0.10000000000000142, 0.0
12408, -0.10000000000000142, 0.0
12409, -0.10000000000000142, 0.10000000000000142
12410, -0.10000000000000142, 0.10000000000000142
12411, -0.10000000000000142, 0.10000000000000142
12412, 0.0, 0.10000000000000142
12413, 0.0, 0.10000000000000142
12414, 0.0, 0.10000000000000142
12415, 0.0, 0.10000000000000142
12416, 0.0, 0.10000000000000142
12417, 0.0, 0.10000000000000142
12418, 0.0, 0.10000000000000142
12419, 0.0, 0.10000000000000142
12420, 0.0, 0.10000000000000142
12421, 0.0, 0.0
12422, 0.0, 0.0
12423, 0.0, 0.0
12424, 0.0, 0.10000000000000142
12425, 0.0, 0.10000000000000142
12426, -0.10000000000000142, 0.10000000000000142
12427, 0.0, 0.10000000000000142
12428, 0.0, 0.10000000000000142
12429, 0.0, 0.10000000000000142
12430, 0.0, 0.0
12431, 0.0, 0.0
12432, 0.0, 0.0
12433, 0.0, 0.0
12434, 0.0, 0.0
12435, 0.0, 0.0
12436, 0.0, 0.0
12437, 0.0, 0.0
12438, 0.0, 0.0
12439, 0.10000000000000142, 0.0
12440, 0.10000000000000142, 0.0
12441, 0.10000000000000142, 0.0
12442, 0.10000000000000142, 0.0
12443, 0.10000000000000142, 0.0
12444, 0.10000000000000142, 0.0
12445, 0.10000000000000142, 0.0
12446, 0.0, 0.0
12447, 0.0, 0.0
12448, 0.0, 0.0
12449, 0.0, 0.0
12450, 0.0, 0.0
12451, 0.0, 0.0
12452, 0.0, 0.0
12453, 0.0, 0.0
12454, 0.0, 0.0
12455, 0.0, 0.0
12456, 0.0, 0.0
12457, 0.0, 0.0
12458, 0.0, 0.0
12459, 0.0, 0.0
12460, 0.0, 0.0
12461, 0.0, 0.0
12462, 0.0, 0.0
12463, 0.0, 0.0
12464, 0.0, 0.0
12465, 0.0, 0.0
12466, 0.0, 0.0
12467, 0.0, 0.0
12468, 0.0, 0.0
12469, 0.0, 0.0
12470, 0.0, 0.0
12471, 0.10000000000000142, 0.0
12472, 0.10000000000000142, 0.0
12473, 0.10000000000000142, 0.0
12474, 0.10000000000000142, 0.0
12475, 0.10000000000000142, 0.0
12476, 0.10000000000000142, 0.0
12477, 0.10000000000000142, 0.0
12478, 0.10000000000000142, 0.0
12479, 0.10000000000000142, 0.0
12480, 0.10000000000000142, 0.0
12481, 0.10000000000000142, 0.0
12482, 0.10000000000000142, 0.0
12483, 0.0, 0.0
12484, 0.0, 0.0
12485, 0.0, 0.0
12486, 0.0, 0.10000000000000142
12487, 0.0, 0.10000000000000142
12488, 0.0, 0.10000000000000142
12489, 0.0, 0.10000000000000142
12490, 0.0, 0.10000000000000142
12491, 0.0, 0.10000000000000142
12492, 0.0, 0.10000000000000142
12493, 0.10000000000000142, 0.10000000000000142
12494, 0.10000000000000142, 0.10000000000000142
12495, 0.10000000000000142, 0.10000000000000142
12496, 0.10000000000000142, 0.10000000000000142
12497, 0.10000000000000142, 0.10000000000000142
12498, 0.10000000000000142, 0.10000000000000142
12499, 0.10000000000000142, 0.10000000000000142
12500, 0.10000000000000142, 0.10000000000000142
12501, 0.10000000000000142, 0.10000000000000142
12502, 0.10000000000000142, 0.10000000000000142
12503, 0.10000000000000142, 0.10000000000000142
12504, 0.10000000000000142, 0.10000000000000142
12505, 0.10000000000000142, 0.10000000000000142
12506, 0.10000000000000142, 0.10000000000000142
12507, 0.10000000000000142, 0.10000000000000142
12508, 0.10000000000000142, 0.10000000000000142
12509, 0.10000000000000142, 0.10000000000000142
12510, 0.10000000000000142, 0.10000000000000142
12511, 0.10000000000000142, 0.0
12512, 0.1999999999999993, 0.0
12513, 0.1999999999999993, 0.0
12514, 0.1999999999999993, 0.0
12515, 0.1999999999999993, 0.0
12516, 0.1999999999999993, 0.0
12517, 0.1999999999999993, 0.0
12518, 0.1999999999999993, 0.0
12519, 0.1999999999999993, 0.0
12520, 0.1999999999999993, 0.0
12521, 0.1999999999999993, 0.0
12522, 0.1999999999999993, 0.0
12523, 0.1999999999999993, 0.0
12524, 0.1999999999999993, 0.0
12525, 0.1999999999999993, 0.10000000000000142
12526, 0.1999999999999993, 0.0
12527, 0.10000000000000142, 0.0
12528, 0.10000000000000142, 0.0
12529, 0.10000000000000142, 0.0
12530, 0.10000000000000142, -0.10000000000000142
12531, 0.10000000000000142, -0.10000000000000142
12532, 0.10000000000000142, -0.10000000000000142
12533, 0.10000000000000142, -0.10000000000000142
12534, 0.10000000000000142, -0.10000000000000142
12535, 0.10000000000000142, -0.10000000000000142
12536, 0.0, -0.10000000000000142
12537, 0.0, -0.10000000000000142
12538, 0.0, -0.10000000000000142
12539, 0.0, -0.10000000000000142
12540, 0.0, -0.10000000000000142
12541, 0.0, -0.10000000000000142
12542, 0.0, -0.10000000000000142
12543, 0.0, -0.10000000000000142
12544, 0.0, -0.10000000000000142
12545, 0.0, -0.10000000000000142
12546, 0.0, -0.10000000000000142
12547, 0.0, -0.10000000000000142
12548, 0.0, -0.10000000000000142
12549, 0.0, -0.10000000000000142
12550, 0.0, -0.10000000000000142
12551, 0.0, -0.10000000000000142
12552, 0.0, -0.10000000000000142
12553, 0.10000000000000142, -0.10000000000000142
12554, 0.10000000000000142, -0.10000000000000142
12555, 0.10000000000000142, -0.10000000000000142
12556, 0.10000000000000142, -0.10000000000000142
12557, 0.10000000000000142, -0.10000000000000142
12558, 0.10000000000000142, -0.10000000000000142
12559, 0.10000000000000142, -0.10000000000000142
12560, 0.10000000000000142, -0.10000000000000142
12561, 0.10000000000000142, -0.10000000000000142
12562, 0.10000000000000142, -0.10000000000000142
12563, 0.10000000000000142, -0.10000000000000142
12564, 0.10000000000000142, -0.10000000000000142
12565, 0.10000000000000142, -0.10000000000000142
12566, 0.0, -0.10000000000000142
12567, 0.0, 0.0
12568, 0.0, 0.0
12569, 0.0, 0.0
12570, 0.0, 0.0
12571, 0.0, 0.0
12572, 0.0, 0.0
12573, 0.0, 0.0
12574, 0.0, 0.0
12575, 0.0, 0.0
12576, 0.0, 0.0
12577, 0.0, -0.10000000000000142
12578, 0.0, -0.10000000000000142
12579, 0.0, -0.10000000000000142
12580, 0.0, -0.10000000000000142
12581, 0.0, -0.10000000000000142
12582, 0.0, -0.10000000000000142
12583, 0.0, -0.10000000000000142
12584, 0.0, -0.10000000000000142
12585, 0.0, -0.10000000000000142
12586, 0.0, -0.10000000000000142
12587, 0.0, -0.10000000000000142
12588, 0.0, -0.10000000000000142
12589, 0.0, -0.10000000000000142
12590, 0.0, -0.10000000000000142
12591, 0.0, -0.10000000000000142
12592, 0.0, -0.10000000000000142
12593, 0.0, -0.10000000000000142
12594, 0.0, -0.10000000000000142
12595, 0.0, -0.10000000000000142
12596, 0.0, -0.10000000000000142
12597, 0.0, -0.10000000000000142
12598, 0.0, -0.10000000000000142
12599, 0.0, -0.10000000000000142
12600, 0.0, -0.10000000000000142
12601, 0.0, -0.10000000000000142
12602, 0.0, -0.10000000000000142
12603, 0.0, -0.10000000000000142
12604, 0.0, -0.10000000000000142
12605, 0.0, -0.10000000000000142
12606, 0.0, -0.10000000000000142
12607, 0.0, -0.10000000000000142
12608, 0.0, -0.10000000000000142
12609, 0.0, -0.10000000000000142
12610, 0.0, -0.10000000000000142
12611, 0.0, -0.10000000000000142
12612, 0.0, -0.10000000000000142
12613, 0.0, -0.10000000000000142
12614, 0.0, -0.10000000000000142
12615, 0.0, -0.10000000000000142
12616, 0.0, -0.10000000000000142
12617, 0.0, -0.10000000000000142
12618, 0.0, -0.10000000000000142
12619, 0.10000000000000142, -0.10000000000000142
12620, 0.10000000000000142, -0.10000000000000142
12621, 0.10000000000000142, -0.10000000000000142
12622, 0.10000000000000142, -0.10000000000000142
12623, 0.10000000000000142, -0.10000000000000142
12624, 0.10000000000000142, -0.10000000000000142
12625, 0.10000000000000142, -0.10000000000000142
12626, 0.10000000000000142, -0.10000000000000142
12627, 0.10000000000000142, -0.10000000000000142
12628, 0.10000000000000142, -0.10000000000000142
12629, 0.10000000000000142, -0.10000000000000142
12630, 0.10000000000000142, -0.10000000000000142
12631, 0.0, -0.10000000000000142
12632, 0.0, -0.10000000000000142
12633, 0.0, -0.10000000000000142
12634, 0.0, -0.10000000000000142
12635, 0.0, -0.10000000000000142
12636, 0.0, -0.10000000000000142
12637, 0.0, -0.10000000000000142
12638, 0.0, -0.10000000000000142
12639, 0.0, -0.10000000000000142
12640, 0.0, -0.10000000000000142
12641, 0.0, 0.0
12642, 0.0, 0.0
12643, 0.0, 0.0
12644, 0.0, 0.0
12645, 0.0, 0.0
12646, 0.0, 0.0
12647, 0.0, 0.0
12648, 0.0, 0.0
12649, 0.0, 0.0
12650, 0.0, 0.0
12651, 0.0, 0.0
12652, 0.0, 0.0
12653, 0.0, 0.0
12654, 0.0, 0.0
12655, 0.0, 0.0
12656, 0.0, 0.0
12657, 0.10000000000000142, 0.0
12658, 0.10000000000000142, 0.0
12659, 0.10000000000000142, 0.0
12660, 0.10000000000000142, 0.0
12661, 0.10000000000000142, 0.0
12662, 0.10000000000000142, 0.0
12663, 0.10000000000000142, 0.0
12664, 0.10000000000000142, 0.0
12665, 0.10000000000000142, 0.0
12666, 0.10000000000000142, 0.0
12667, 0.10000000000000142, 0.0
12668, 0.10000000000000142, 0.0
12669, 0.10000000000000142, 0.0
12670, 0.10000000000000142, 0.0
12671, 0.10000000000000142, 0.0
12672, 0.0, 0.0
12673, 0.0, 0.0
12674, 0.0, 0.0
12675, 0.0, 0.0
12676, 0.0, 0.0
12677, 0.0, 0.0
12678, -0.10000000000000142, 0.0
12679, -0.10000000000000142, 0.0
12680, 0.0, 0.0
12681, 0.0, 0.0
12682, 0.0, 0.0
12683, 0.0, 0.0
12684, 0.0, 0.0
12685, 0.0, 0.0
12686, 0.0, -0.10000000000000142
12687, 0.0, -0.10000000000000142
12688, 0.0, -0.10000000000000142
12689, 0.0, -0.10000000000000142
12690, 0.0, -0.10000000000000142
12691, 0.0, -0.10000000000000142
12692, 0.0, -0.10000000000000142
12693, 0.0, -0.10000000000000142
12694, 0.0, -0.10000000000000142
12695, -0.10000000000000142, -0.10000000000000142
12696, -0.10000000000000142, -0.10000000000000142
12697, -0.10000000000000142, -0.10000000000000142
12698, -0.10000000000000142, -0.10000000000000142
12699, -0.10000000000000142, -0.10000000000000142
12700, -0.10000000000000142, -0.10000000000000142
12701, -0.10000000000000142, -0.10000000000000142
12702, -0.10000000000000142, -0.10000000000000142
12703, -0.10000000000000142, -0.10000000000000142
12704, -0.10000000000000142, -0.10000000000000142
12705, -0.10000000000000142, -0.10000000000000142
12706, -0.10000000000000142, -0.10000000000000142
12707, -0.10000000000000142, 0.0
12708, -0.10000000000000142, 0.0
12709, -0.10000000000000142, 0.0
12710, -0.10000000000000142, 0.0
12711, -0.10000000000000142, 0.0
12712, -0.10000000000000142, 0.0
12713, -0.10000000000000142, 0.0
12714, -0.10000000000000142, 0.0
12715, -0.10000000000000142, 0.0
12716, -0.10000000000000142, 0.0
12717, -0.10000000000000142, 0.0
12718, -0.10000000000000142, 0.0
12719, -0.10000000000000142, 0.0
12720, -0.10000000000000142, 0.0
12721, -0.10000000000000142, 0.0
12722, -0.10000000000000142, 0.0
12723, -0.10000000000000142, 0.0
12724, -0.10000000000000142, 0.0
12725, -0.10000000000000142, 0.0
12726, -0.10000000000000142, 0.0
12727, -0.10000000000000142, 0.0
12728, -0.10000000000000142, 0.0
12729, 0.0, 0.0
12730, 0.0, 0.0
12731, 0.0, 0.0
12732, 0.0, 0.0
12733, 0.0, 0.0
12734, 0.0, 0.0
12735, 0.0, 0.0
12736, 0.0, 0.0
12737, 0.0, 0.0
12738, 0.0, 0.0
12739, 0.0, 0.10000000000000142
12740, 0.0, 0.10000000000000142
12741, 0.0, 0.10000000000000142
12742, 0.0, 0.10000000000000142
12743, 0.0, 0.10000000000000142
12744, 0.0, 0.10000000000000142
12745, 0.0, 0.10000000000000142
12746, 0.0, 0.10000000000000142
12747, 0.0, 0.10000000000000142
12748, 0.10000000000000142, 0.10000000000000142
12749, 0.10000000000000142, 0.0
12750, 0.10000000000000142, 0.0
12751, 0.10000000000000142, 0.0
12752, 0.10000000000000142, 0.0
12753, 0.10000000000000142, 0.0
12754, 0.10000000000000142, 0.0
12755, 0.10000000000000142, 0.0
12756, 0.10000000000000142, 0.0
12757, 0.10000000000000142, -0.10000000000000142
12758, 0.10000000000000142, -0.10000000000000142
12759, 0.10000000000000142, -0.10000000000000142
12760, 0.10000000000000142, -0.10000000000000142
12761, 0.10000000000000142, -0.10000000000000142
12762, 0.10000000000000142, -0.10000000000000142
12763, 0.10000000000000142, -0.10000000000000142
12764, 0.10000000000000142, -0.10000000000000142
12765, 0.10000000000000142, -0.10000000000000142
12766, 0.10000000000000142, -0.10000000000000142
12767, 0.10000000000000142, -0.10000000000000142
12768, 0.10000000000000142, -0.10000000000000142
12769, 0.10000000000000142, -0.10000000000000142
12770, 0.10000000000000142, -0.10000000000000142
12771, 0.10000000000000142, -0.10000000000000142
12772, 0.10000000000000142, -0.10000000000000142
12773, 0.10000000000000142, -0.10000000000000142
12774, 0.10000000000000142, -0.10000000000000142
12775, 0.10000000000000142, 0.0
12776, 0.10000000000000142, 0.0
12777, 0.10000000000000142, 0.0
12778, 0.10000000000000142, 0.0
12779, 0.10000000000000142, 0.0
12780, 0.10000000000000142, 0.0
12781, 0.10000000000000142, 0.0
12782, 0.10000000000000142, 0.0
12783, 0.10000000000000142, 0.0
12784, 0.10000000000000142, 0.0
12785, 0.0, 0.0
12786, 0.0, 0.0
12787, 0.0, 0.0
12788, 0.0, 0.0
12789, 0.0, 0.0
12790, 0.0, 0.0
12791, 0.0, 0.0
12792, 0.0, 0.0
12793, 0.0, 0.0
12794, 0.0, 0.0
12795, 0.0, 0.0
12796, 0.0, 0.0
12797, 0.0, 0.0
12798, 0.0, 0.0
12799, 0.0, 0.0
12800, 0.0, 0.0
12801, 0.0, 0.0
12802, 0.0, 0.0
12803, 0.0, 0.0
12804, 0.0, 0.0
12805, 0.0, 0.0
12806, 0.0, 0.0
12807, 0.0, 0.0
12808, 0.0, 0.0
12809, 0.0, 0.0
12810, 0.0, 0.0
12811, 0.0, 0.0
12812, 0.0, 0.0
12813, 0.10000000000000142, 0.0
12814, 0.10000000000000142, 0.0
12815, 0.10000000000000142, 0.0
12816, 0.10000000000000142, -0.10000000000000142
12817, 0.10000000000000142, -0.10000000000000142
12818, 0.10000000000000142, -0.10000000000000142
12819, 0.10000000000000142, -0.10000000000000142
12820, 0.10000000000000142, 0.0
12821, 0.10000000000000142, 0.0
12822, 0.10000000000000142, 0.0
12823, 0.10000000000000142, 0.0
12824, 0.10000000000000142, 0.0
12825, 0.10000000000000142, 0.0
12826, 0.10000000000000142, 0.0
12827, 0.10000000000000142, 0.0
12828, 0.10000000000000142, 0.0
12829, 0.10000000000000142, 0.0
12830, 0.10000000000000142, 0.0
12831, 0.10000000000000142, 0.0
12832, 0.10000000000000142, 0.0
12833, 0.10000000000000142, 0.0
12834, 0.10000000000000142, 0.0
12835, 0.10000000000000142, 0.0
12836, 0.10000000000000142, 0.0
12837, 0.10000000000000142, 0.0
12838, 0.10000000000000142, 0.0
12839, 0.10000000000000142, 0.0
12840, 0.10000000000000142, 0.0
12841, 0.10000000000000142, 0.0
12842, 0.10000000000000142, 0.0
12843, 0.0, 0.0
12844, 0.0, 0.0
12845, 0.0, 0.0
12846, 0.0, 0.0
12847, 0.0, 0.0
12848, 0.0, 0.0
12849, 0.0, 0.0
12850, 0.0, 0.0
12851, 0.0, 0.0
12852, 0.0, 0.0
12853, 0.0, 0.0
12854, 0.0, 0.0
12855, 0.0, 0.0
12856, 0.0, 0.0
12857, 0.0, 0.0
12858, 0.0, 0.0
12859, 0.0, -0.10000000000000142
12860, 0.0, -0.10000000000000142
12861, 0.0, -0.10000000000000142
12862, 0.0, -0.10000000000000142
12863, 0.0, 0.0
12864, 0.0, 0.0
12865, 0.0, 0.0
12866, 0.0, 0.0
12867, 0.0, 0.0
12868, 0.0, 0.0
12869, 0.0, 0.0
12870, 0.0, 0.0
12871, 0.0, 0.0
12872, 0.0, 0.0
12873, 0.0, 0.0
12874, 0.0, 0.0
12875, 0.0, 0.0
12876, 0.0, 0.0
12877, 0.0, 0.0
12878, 0.0, -0.10000000000000142
12879, 0.0, -0.10000000000000142
12880, 0.0, -0.10000000000000142
12881, 0.0, -0.10000000000000142
12882, 0.0, -0.10000000000000142
12883, 0.0, -0.10000000000000142
12884, 0.0, -0.10000000000000142
12885, 0.0, -0.10000000000000142
12886, 0.0, -0.10000000000000142
12887, 0.0, -0.10000000000000142
12888, 0.0, 0.0
12889, 0.0, 0.0
12890, 0.0, 0.0
12891, 0.0, 0.0
12892, 0.0, 0.0
12893, 0.0, 0.0
12894, 0.0, 0.0
12895, 0.0, 0.0
12896, 0.0, 0.0
12897, 0.0, 0.0
12898, 0.0, 0.0
12899, 0.0, 0.0
12900, 0.0, 0.0
12901, 0.0, 0.0
12902, 0.0, 0.0
12903, 0.0, 0.0
12904, 0.0, 0.0
12905, 0.0, 0.0
12906, 0.0, 0.0
12907, 0.0, 0.0
12908, 0.0, -0.10000000000000142
12909, 0.0, -0.10000000000000142
12910, 0.0, -0.10000000000000142
12911, 0.0, 0.0
12912, 0.0, 0.0
12913, 0.0, 0.0
12914, 0.0, 0.0
12915, -0.10000000000000142, 0.0
12916, -0.10000000000000142, 0.0
12917, -0.10000000000000142, 0.0
12918, -0.10000000000000142, 0.0
12919, -0.10000000000000142, 0.0
12920, -0.10000000000000142, 0.0
12921, -0.10000000000000142, 0.0
12922, -0.10000000000000142, 0.0
12923, -0.10000000000000142, 0.0
12924, -0.10000000000000142, 0.0
12925, -0.10000000000000142, 0.0
12926, -0.10000000000000142, 0.0
12927, -0.10000000000000142, 0.0
12928, -0.10000000000000142, 0.0
12929, -0.10000000000000142, 0.0
12930, -0.10000000000000142, 0.10000000000000142
12931, -0.10000000000000142, 0.10000000000000142
12932, -0.10000000000000142, 0.0
12933, -0.10000000000000142, 0.0
12934, -0.10000000000000142, 0.0
12935, -0.10000000000000142, 0.0
12936, -0.10000000000000142, 0.0
12937, -0.10000000000000142, 0.0
12938, -0.10000000000000142, 0.0
12939, -0.10000000000000142, 0.0
12940, -0.10000000000000142, 0.0
12941, -0.10000000000000142, 0.10000000000000142
12942, 0.0, 0.10000000000000142
12943, 0.0, 0.10000000000000142
12944, 0.0, 0.10000000000000142
12945, 0.0, 0.0
12946, 0.0, 0.0
12947, 0.0, 0.0
12948, 0.0, 0.0
12949, 0.0, 0.0
12950, 0.0, 0.0
12951, 0.0, -0.10000000000000142
12952, 0.0, -0.10000000000000142
12953, 0.0, -0.10000000000000142
12954, 0.0, -0.10000000000000142
12955, 0.0, -0.10000000000000142
12956, 0.0, -0.10000000000000142
12957, 0.0, -0.10000000000000142
12958, 0.0, -0.10000000000000142
12959, 0.0, -0.10000000000000142
12960, 0.0, -0.10000000000000142
12961, 0.0, -0.10000000000000142
12962, 0.0, -0.10000000000000142
12963, 0.0, -0.10000000000000142
12964, 0.0, -0.10000000000000142
12965, 0.0, -0.10000000000000142
12966, 0.0, -0.10000000000000142
12967, 0.0, -0.10000000000000142
12968, 0.0, 0.0
12969, 0.0, 0.0
12970, 0.0, 0.0
12971, 0.0, 0.0
12972, 0.0, 0.0
12973, 0.0, 0.0
12974, 0.0, 0.0
12975, 0.0, 0.0
12976, 0.0, 0.0
12977, 0.0, 0.0
12978, 0.0, 0.0
12979, 0.0, 0.0
12980, 0.0, 0.0
12981, 0.0, 0.0
12982, 0.0, 0.0
12983, 0.0, 0.0
12984, 0.0, 0.0
12985, 0.0, 0.0
12986, 0.0, 0.0
12987, 0.0, 0.0
12988, 0.0, 0.0
12989, 0.0, 0.0
12990, 0.0, 0.0
12991, 0.0, 0.0
12992, 0.0, 0.0
12993, 0.0, 0.0
12994, 0.0, 0.0
12995, 0.0, 0.0
12996, 0.0, 0.0
12997, 0.0, 0.0
12998, 0.0, 0.0
12999, 0.0, 0.0
13000, 0.0, 0.0
13001, 0.0, 0.0
13002, 0.0, 0.0
13003, 0.0, 0.0
13004, 0.0, 0.0
13005, 0.0, 0.0
13006, 0.0, 0.0
13007, 0.0, 0.0
13008, 0.0, 0.0
13009, 0.0, 0.0
13010, 0.0, 0.0
13011, 0.0, 0.0
13012, 0.0, 0.0
13013, 0.0, 0.0
13014, 0.0, 0.0
13015, -0.10000000000000142, 0.0
13016, -0.10000000000000142, -0.10000000000000142
13017, -0.10000000000000142, -0.10000000000000142
13018, -0.10000000000000142, -0.10000000000000142
13019, -0.10000000000000142, -0.10000000000000142
13020, -0.10000000000000142, -0.10000000000000142
13021, -0.10000000000000142, -0.10000000000000142
13022, -0.10000000000000142, -0.10000000000000142
13023, -0.10000000000000142, -0.10000000000000142
13024, -0.10000000000000142, -0.10000000000000142
13025, -0.10000000000000142, -0.10000000000000142
13026, -0.10000000000000142, -0.10000000000000142
13027, -0.10000000000000142, -0.10000000000000142
13028, -0.10000000000000142, -0.10000000000000142
13029, -0.10000000000000142, -0.10000000000000142
13030, -0.10000000000000142, -0.10000000000000142
13031, -0.10000000000000142, -0.10000000000000142
13032, -0.10000000000000142, -0.10000000000000142
13033, -0.10000000000000142, -0.10000000000000142
13034, -0.10000000000000142, -0.10000000000000142
13035, -0.10000000000000142, -0.10000000000000142
13036, -0.10000000000000142, -0.10000000000000142
13037, -0.10000000000000142, -0.10000000000000142
13038, -0.10000000000000142, -0.10000000000000142
13039, -0.10000000000000142, -0.10000000000000142
13040, -0.10000000000000142, -0.10000000000000142
13041, -0.10000000000000142, -0.10000000000000142
13042, -0.10000000000000142, -0.10000000000000142
13043, -0.10000000000000142, -0.10000000000000142
13044, -0.10000000000000142, -0.10000000000000142
13045, -0.10000000000000142, -0.10000000000000142
13046, -0.10000000000000142, -0.10000000000000142
13047, -0.10000000000000142, -0.10000000000000142
13048, -0.10000000000000142, -0.10000000000000142
13049, -0.10000000000000142, -0.1999999999999993
13050, -0.10000000000000142, -0.1999999999999993
13051, -0.10000000000000142, -0.1999999999999993
13052, -0.10000000000000142, -0.1999999999999993
13053, -0.10000000000000142, -0.1999999999999993
13054, -0.10000000000000142, -0.1999999999999993
13055, -0.10000000000000142, -0.1999999999999993
13056, -0.10000000000000142, -0.1999999999999993
13057, -0.10000000000000142, -0.10000000000000142
13058, -0.10000000000000142, -0.10000000000000142
13059, -0.10000000000000142, -0.10000000000000142
13060, -0.10000000000000142, -0.10000000000000142
13061, -0.10000000000000142, -0.10000000000000142
13062, -0.10000000000000142, -0.10000000000000142
13063, -0.10000000000000142, -0.10000000000000142
13064, -0.10000000000000142, -0.10000000000000142
13065, -0.10000000000000142, -0.10000000000000142
13066, -0.10000000000000142, 0.0
13067, -0.10000000000000142, 0.0
13068, -0.10000000000000142, 0.0
13069, -0.10000000000000142, 0.0
13070, -0.10000000000000142, 0.0
13071, -0.10000000000000142, 0.0
13072, -0.10000000000000142, 0.0
13073, -0.10000000000000142, 0.0
13074, -0.10000000000000142, 0.0
13075, -0.10000000000000142, 0.0
13076, -0.10000000000000142, 0.0
13077, -0.10000000000000142, 0.0
13078, -0.10000000000000142, 0.0
13079, -0.10000000000000142, 0.0
13080, -0.10000000000000142, 0.0
13081, -0.10000000000000142, 0.0
13082, -0.10000000000000142, 0.0
13083, -0.10000000000000142, 0.0
13084, -0.10000000000000142, 0.0
13085, -0.10000000000000142, 0.0
13086, -0.10000000000000142, -0.10000000000000142
13087, -0.10000000000000142, -0.10000000000000142
13088, -0.10000000000000142, -0.10000000000000142
13089, -0.10000000000000142, -0.10000000000000142
13090, -0.10000000000000142, -0.10000000000000142
13091, -0.10000000000000142, 0.0
13092, -0.10000000000000142, 0.0
13093, -0.10000000000000142, 0.0
13094, -0.10000000000000142, 0.0
13095, -0.10000000000000142, 0.0
13096, -0.10000000000000142, 0.0
13097, -0.10000000000000142, 0.0
13098, -0.10000000000000142, 0.0
13099, -0.10000000000000142, 0.0
13100, -0.10000000000000142, 0.0
13101, -0.10000000000000142, 0.0
13102, -0.10000000000000142, 0.0
13103, -0.10000000000000142, 0.0
13104, -0.10000000000000142, 0.0
13105, -0.10000000000000142, 0.0
13106, -0.10000000000000142, 0.0
13107, -0.10000000000000142, 0.0
13108, -0.10000000000000142, 0.0
13109, -0.10000000000000142, 0.0
13110, -0.10000000000000142, 0.0
13111, -0.10000000000000142, 0.0
13112, -0.10000000000000142, 0.0
13113, -0.10000000000000142, 0.0
13114, -0.10000000000000142, 0.0
13115, -0.10000000000000142, 0.0
13116, -0.10000000000000142, 0.0
13117, -0.10000000000000142, 0.0
13118, -0.10000000000000142, 0.0
13119, 0.0, 0.0
13120, -0.10000000000000142, 0.0
13121, -0.10000000000000142, 0.0
13122, -0.10000000000000142, 0.0
13123, -0.10000000000000142, 0.0
13124, -0.10000000000000142, 0.0
13125, -0.10000000000000142, 0.0
13126, -0.10000000000000142, 0.0
13127, -0.10000000000000142, 0.0
13128, -0.10000000000000142, 0.0
13129, -0.10000000000000142, 0.10000000000000142
13130, -0.10000000000000142, 0.10000000000000142
13131, -0.10000000000000142, 0.10000000000000142
13132, -0.10000000000000142, 0.10000000000000142
13133, -0.10000000000000142, 0.10000000000000142
13134, -0.10000000000000142, 0.10000000000000142
13135, -0.10000000000000142, 0.10000000000000142
13136, -0.10000000000000142, 0.10000000000000142
13137, -0.1999999999999993, 0.10000000000000142
13138, -0.1999999999999993, 0.10000000000000142
13139, -0.1999999999999993, 0.10000000000000142
13140, -0.1999999999999993, 0.0
13141, -0.1999999999999993, 0.0
13142, -0.1999999999999993, 0.0
13143, -0.10000000000000142, 0.0
13144, -0.10000000000000142, 0.0
13145, -0.10000000000000142, 0.0
13146, -0.10000000000000142, 0.0
13147, -0.10000000000000142, 0.0
13148, -0.10000000000000142, 0.0
13149, -0.10000000000000142, 0.0
13150, -0.10000000000000142, 0.0
13151, -0.10000000000000142, 0.0
13152, -0.10000000000000142, 0.0
13153, -0.10000000000000142, 0.0
13154, -0.10000000000000142, 0.0
13155, -0.10000000000000142, 0.0
13156, -0.10000000000000142, 0.0
13157, -0.10000000000000142, 0.0
13158, -0.10000000000000142, 0.0
13159, -0.10000000000000142, 0.0
13160, -0.10000000000000142, 0.0
13161, -0.10000000000000142, 0.0
13162, -0.10000000000000142, 0.0
13163, -0.10000000000000142, 0.0
13164, -0.10000000000000142, 0.0
13165, -0.10000000000000142, 0.0
13166, -0.10000000000000142, 0.0
13167, -0.10000000000000142, 0.0
13168, -0.10000000000000142, 0.0
13169, -0.10000000000000142, 0.0
13170, -0.10000000000000142, 0.0
13171, -0.10000000000000142, 0.0
13172, -0.10000000000000142, 0.0
13173, 0.0, 0.0
13174, 0.0, 0.0
13175, 0.0, 0.0
13176, -0.10000000000000142, 0.0
13177, -0.10000000000000142, 0.0
13178, -0.10000000000000142, 0.0
13179, -0.10000000000000142, 0.0
13180, -0.10000000000000142, 0.0
13181, -0.10000000000000142, -0.10000000000000142
13182, -0.10000000000000142, -0.10000000000000142
13183, -0.10000000000000142, -0.10000000000000142
13184, -0.10000000000000142, -0.10000000000000142
13185, -0.10000000000000142, -0.10000000000000142
13186, -0.10000000000000142, -0.10000000000000142
13187, -0.10000000000000142, -0.10000000000000142
13188, -0.1999999999999993, -0.10000000000000142
13189, -0.1999999999999993, -0.10000000000000142
13190, -0.1999999999999993, -0.10000000000000142
13191, -0.1999999999999993, -0.10000000000000142
13192, -0.1999999999999993, -0.10000000000000142
13193, -0.1999999999999993, -0.10000000000000142
13194, -0.1999999999999993, -0.10000000000000142
13195, -0.1999999999999993, -0.1999999999999993
13196, -0.1999999999999993, -0.1999999999999993
13197, -0.1999999999999993, -0.1999999999999993
13198, -0.1999999999999993, -0.1999999999999993
13199, -0.1999999999999993, -0.1999999999999993
13200, -0.1999999999999993, -0.1999999999999993
13201, -0.1999999999999993, -0.1999999999999993
13202, -0.1999999999999993, -0.1999999999999993
13203, -0.10000000000000142, -0.1999999999999993
13204, -0.10000000000000142, -0.1999999999999993
13205, -0.10000000000000142, -0.1999999999999993
13206, -0.10000000000000142, -0.1999999999999993
13207, -0.10000000000000142, -0.1999999999999993
13208, -0.10000000000000142, -0.1999999999999993
13209, -0.10000000000000142, -0.1999999999999993
13210, -0.10000000000000142, -0.1999999999999993
13211, -0.10000000000000142, -0.1999999999999993
13212, -0.10000000000000142, -0.1999999999999993
13213, -0.10000000000000142, -0.10000000000000142
13214, -0.10000000000000142, -0.10000000000000142
13215, -0.10000000000000142, -0.10000000000000142
13216, -0.10000000000000142, -0.10000000000000142
13217, -0.10000000000000142, -0.10000000000000142
13218, -0.10000000000000142, -0.10000000000000142
13219, -0.10000000000000142, -0.10000000000000142
13220, -0.10000000000000142, -0.10000000000000142
13221, -0.10000000000000142, -0.10000000000000142
13222, -0.10000000000000142, -0.10000000000000142
13223, -0.10000000000000142, -0.10000000000000142
13224, -0.10000000000000142, -0.10000000000000142
13225, -0.10000000000000142, -0.10000000000000142
13226, -0.10000000000000142, -0.10000000000000142
13227, -0.10000000000000142, -0.10000000000000142
13228, -0.10000000000000142, -0.10000000000000142
13229, -0.10000000000000142, -0.10000000000000142
13230, -0.10000000000000142, -0.10000000000000142
13231, -0.10000000000000142, -0.10000000000000142
13232, -0.10000000000000142, 0.0
13233, 0.0, 0.0
13234, 0.0, 0.0
13235, 0.0, 0.0
13236, 0.0, 0.0
13237, 0.0, 0.0
13238, 0.0, 0.0
13239, 0.0, 0.0
13240, 0.0, 0.0
13241, 0.0, 0.0
13242, 0.0, 0.0
13243, 0.0, 0.0
13244, 0.0, 0.0
13245, 0.0, 0.0
13246, 0.0, 0.0
13247, 0.0, 0.0
13248, 0.0, 0.0
13249, 0.10000000000000142, 0.0
13250, 0.10000000000000142, 0.0
13251, 0.10000000000000142, 0.0
13252, 0.10000000000000142, 0.0
13253, 0.10000000000000142, 0.0
13254, 0.10000000000000142, 0.0
13255, 0.10000000000000142, 0.0
13256, 0.10000000000000142, 0.0
13257, 0.10000000000000142, 0.0
13258, 0.10000000000000142, 0.0
13259, 0.10000000000000142, 0.0
13260, 0.10000000000000142, 0.0
13261, 0.10000000000000142, -0.10000000000000142
13262, 0.10000000000000142, -0.10000000000000142
13263, 0.10000000000000142, -0.10000000000000142
13264, 0.10000000000000142, -0.10000000000000142
13265, 0.10000000000000142, -0.10000000000000142
13266, 0.10000000000000142, -0.10000000000000142
13267, -0.10000000000000142, -0.10000000000000142
13268, -0.10000000000000142, -0.10000000000000142
13269, -0.10000000000000142, -0.10000000000000142
13270, -0.10000000000000142, -0.10000000000000142
13271, -0.10000000000000142, -0.10000000000000142
13272, -0.10000000000000142, -0.10000000000000142
13273, -0.10000000000000142, -0.10000000000000142
13274, -0.10000000000000142, -0.10000000000000142
13275, -0.10000000000000142, -0.10000000000000142
13276, -0.10000000000000142, -0.10000000000000142
13277, -0.10000000000000142, -0.10000000000000142
13278, -0.10000000000000142, -0.10000000000000142
13279, -0.10000000000000142, 0.0
13280, -0.10000000000000142, 0.0
13281, -0.10000000000000142, 0.0
13282, -0.10000000000000142, 0.0
13283, -0.10000000000000142, 0.0
13284, -0.10000000000000142, 0.0
13285, -0.10000000000000142, 0.0
13286, -0.10000000000000142, 0.0
13287, -0.10000000000000142, 0.0
13288, -0.10000000000000142, 0.0
13289, -0.10000000000000142, 0.0
13290, -0.10000000000000142, 0.0
13291, -0.10000000000000142, 0.0
13292, -0.10000000000000142, 0.0
13293, -0.10000000000000142, 0.0
13294, -0.10000000000000142, 0.0
13295, -0.1999999999999993, 0.0
13296, -0.1999999999999993, 0.0
13297, -0.1999999999999993, -0.10000000000000142
13298, -0.1999999999999993, -0.10000000000000142
13299, -0.1999999999999993, -0.10000000000000142
13300, -0.1999999999999993, -0.10000000000000142
13301, -0.1999999999999993, -0.10000000000000142
13302, -0.1999999999999993, 0.0
13303, -0.1999999999999993, 0.0
13304, -0.1999999999999993, 0.0
13305, -0.1999999999999993, 0.0
13306, -0.1999999999999993, 0.0
13307, -0.1999999999999993, 0.0
13308, -0.1999999999999993, 0.0
13309, -0.1999999999999993, 0.0
13310, -0.1999999999999993, 0.0
13311, -0.1999999999999993, 0.0
13312, -0.1999999999999993, 0.0
13313, -0.10000000000000142, 0.0
13314, -0.10000000000000142, 0.0
13315, -0.10000000000000142, 0.0
13316, -0.10000000000000142, 0.0
13317, -0.10000000000000142, 0.0
13318, -0.10000000000000142, 0.0
13319, 0.0, 0.0
13320, 0.0, 0.0
13321, 0.0, 0.0
13322, 0.0, 0.0
13323, 0.0, 0.0
13324, 0.0, 0.0
13325, 0.0, 0.0
13326, 0.0, 0.0
13327, 0.0, 0.0
13328, 0.0, 0.0
13329, 0.0, 0.0
13330, 0.0, 0.0
13331, 0.0, 0.0
13332, 0.0, 0.0
13333, 0.0, 0.0
13334, 0.0, 0.0
13335, 0.0, 0.0
13336, 0.0, 0.0
13337, 0.0, 0.0
13338, 0.0, 0.0
13339, 0.0, -0.10000000000000142
13340, 0.0, -0.10000000000000142
13341, 0.0, -0.10000000000000142
13342, 0.0, -0.10000000000000142
13343, 0.0, -0.10000000000000142
13344, 0.0, -0.10000000000000142
13345, 0.0, -0.10000000000000142
13346, 0.0, -0.10000000000000142
13347, 0.0, 0.0
13348, 0.0, 0.0
13349, 0.0, 0.0
13350, 0.0, 0.0
13351, 0.0, 0.0
13352, 0.0, 0.0
13353, 0.0, 0.0
13354, 0.0, 0.0
13355, 0.0, 0.0
13356, 0.0, 0.0
13357, 0.0, 0.0
13358, 0.0, 0.0
13359, 0.0, 0.0
13360, 0.0, 0.0
13361, 0.0, 0.0
13362, 0.0, 0.0
13363, 0.0, -0.10000000000000142
13364, 0.0, -0.10000000000000142
13365, 0.0, -0.10000000000000142
13366, 0.0, -0.10000000000000142
13367, 0.0, -0.10000000000000142
13368, 0.0, -0.10000000000000142
13369, 0.0, -0.10000000000000142
13370, 0.0, -0.10000000000000142
13371, 0.0, -0.10000000000000142
13372, 0.0, -0.10000000000000142
13373, -0.10000000000000142, -0.10000000000000142
13374, -0.10000000000000142, -0.10000000000000142
13375, -0.10000000000000142, -0.10000000000000142
13376, -0.10000000000000142, -0.10000000000000142
13377, -0.10000000000000142, -0.10000000000000142
13378, -0.10000000000000142, -0.10000000000000142
13379, -0.10000000000000142, -0.10000000000000142
13380, -0.10000000000000142, -0.10000000000000142
13381, -0.10000000000000142, -0.10000000000000142
13382, -0.10000000000000142, -0.10000000000000142
13383, -0.10000000000000142, -0.10000000000000142
13384, -0.10000000000000142, -0.10000000000000142
13385, -0.10000000000000142, -0.10000000000000142
13386, -0.10000000000000142, 0.0
13387, -0.10000000000000142, 0.0
13388, -0.10000000000000142, 0.0
13389, 0.0, 0.0
13390, 0.0, 0.0
13391, 0.0, 0.0
13392, 0.0, 0.0
13393, 0.0, 0.0
13394, 0.0, 0.0
13395, 0.0, 0.0
13396, 0.0, 0.0
13397, 0.0, 0.0
13398, 0.0, 0.0
13399, 0.0, 0.0
13400, 0.0, 0.0
13401, 0.0, 0.0
13402, 0.0, 0.0
13403, 0.0, 0.0
13404, 0.0, 0.0
13405, 0.0, 0.0
13406, 0.0, 0.0
13407, 0.0, 0.0
13408, 0.0, 0.0
13409, 0.0, 0.0
13410, 0.0, 0.0
13411, 0.0, 0.0
13412, 0.0, 0.0
13413, 0.0, 0.0
13414, 0.0, 0.0
13415, 0.0, 0.0
13416, 0.0, 0.0
13417, 0.0, 0.0
13418, 0.0, 0.0
13419, 0.0, 0.0
13420, 0.0, 0.0
13421, 0.0, 0.0
13422, 0.0, 0.0
13423, 0.0, 0.0
13424, 0.0, 0.0
13425, 0.0, 0.0
13426, 0.0, 0.0
13427, 0.0, 0.0
13428, 0.0, 0.0
13429, 0.0, 0.0
13430, 0.0, 0.0
13431, 0.0, 0.0
13432, 0.0, 0.0
13433, 0.0, 0.0
13434, 0.0, 0.0
13435, 0.0, 0.0
13436, 0.0, 0.0
13437, 0.0, 0.0
13438, 0.0, 0.0
13439, -0.10000000000000142, 0.0
13440, -0.10000000000000142, 0.0
13441, -0.10000000000000142, 0.0
13442, -0.10000000000000142, -0.10000000000000142
13443, -0.10000000000000142, -0.10000000000000142
13444, -0.10000000000000142, -0.10000000000000142
13445, -0.10000000000000142, -0.10000000000000142
13446, -0.10000000000000142, -0.10000000000000142
13447, -0.10000000000000142, -0.10000000000000142
13448, -0.10000000000000142, -0.10000000000000142
13449, -0.10000000000000142, -0.10000000000000142
13450, -0.10000000000000142, -0.10000000000000142
13451, -0.10000000000000142, -0.10000000000000142
13452, -0.10000000000000142, -0.10000000000000142
13453, -0.10000000000000142, -0.10000000000000142
13454, -0.10000000000000142, -0.10000000000000142
13455, -0.10000000000000142, -0.10000000000000142
13456, -0.10000000000000142, -0.10000000000000142
13457, -0.10000000000000142, -0.10000000000000142
13458, -0.10000000000000142, -0.10000000000000142
13459, -0.10000000000000142, -0.10000000000000142
13460, -0.10000000000000142, -0.10000000000000142
13461, 0.0, -0.10000000000000142
13462, 0.0, -0.10000000000000142
13463, 0.0, -0.10000000000000142
13464, 0.0, -0.10000000000000142
13465, 0.0, -0.10000000000000142
13466, 0.0, -0.10000000000000142
13467, 0.0, -0.10000000000000142
13468, 0.0, -0.10000000000000142
13469, 0.0, -0.10000000000000142
13470, -0.10000000000000142, -0.10000000000000142
13471, -0.10000000000000142, 0.0
13472, -0.10000000000000142, 0.0
13473, -0.10000000000000142, 0.0
13474, -0.10000000000000142, 0.0
13475, -0.10000000000000142, 0.0
13476, -0.10000000000000142, 0.0
13477, -0.10000000000000142, 0.0
13478, -0.10000000000000142, 0.0
13479, -0.10000000000000142, 0.10000000000000142
13480, -0.10000000000000142, 0.10000000000000142
13481, -0.10000000000000142, 0.10000000000000142
13482, -0.10000000000000142, 0.10000000000000142
13483, -0.10000000000000142, 0.10000000000000142
13484, -0.10000000000000142, 0.10000000000000142
13485, -0.10000000000000142, 0.10000000000000142
13486, -0.10000000000000142, 0.10000000000000142
13487, -0.10000000000000142, 0.10000000000000142
13488, -0.10000000000000142, 0.10000000000000142
13489, -0.10000000000000142, 0.10000000000000142
13490, -0.10000000000000142, 0.10000000000000142
13491, -0.10000000000000142, 0.10000000000000142
13492, -0.10000000000000142, 0.10000000000000142
13493, -0.10000000000000142, 0.10000000000000142
13494, -0.10000000000000142, 0.10000000000000142
13495, -0.10000000000000142, 0.10000000000000142
13496, -0.10000000000000142, 0.10000000000000142
13497, -0.10000000000000142, 0.10000000000000142
13498, -0.10000000000000142, 0.10000000000000142
13499, -0.10000000000000142, 0.10000000000000142
13500, -0.10000000000000142, 0.0
13501, -0.10000000000000142, -0.10000000000000142
13502, -0.10000000000000142, -0.10000000000000142
13503, -0.10000000000000142, -0.10000000000000142
13504, -0.10000000000000142, -0.10000000000000142
13505, -0.10000000000000142, -0.10000000000000142
13506, -0.10000000000000142, -0.10000000000000142
13507, -0.10000000000000142, -0.10000000000000142
13508, 0.0, -0.10000000000000142
13509, 0.0, -0.10000000000000142
13510, 0.0, -0.10000000000000142
13511, 0.0, -0.10000000000000142
13512, 0.0, -0.10000000000000142
13513, 0.0, -0.10000000000000142
13514, 0.0, -0.10000000000000142
13515, 0.0, -0.10000000000000142
13516, 0.0, -0.10000000000000142
13517, 0.0, 0.0
13518, 0.0, 0.0
13519, 0.0, 0.0
13520, 0.0, 0.0
13521, 0.0, 0.0
13522, 0.0, 0.0
13523, 0.0, 0.0
13524, 0.0, 0.0
13525, 0.0, 0.0
13526, 0.0, 0.0
13527, 0.0, 0.0
13528, 0.0, 0.0
13529, 0.0, 0.0
13530, 0.0, 0.0
13531, 0.0, 0.0
13532, 0.0, 0.0
13533, 0.0, 0.0
13534, 0.0, 0.0
13535, 0.0, 0.0
13536, 0.0, 0.0
13537, 0.0, 0.0
13538, 0.0, 0.0
13539, 0.0, 0.0
13540, 0.0, 0.0
13541, 0.0, 0.0
13542, 0.0, 0.0
13543, 0.0, 0.0
13544, 0.10000000000000142, 0.0
13545, 0.10000000000000142, 0.0
13546, 0.10000000000000142, 0.0
13547, 0.10000000000000142, 0.0
13548, 0.10000000000000142, 0.0
13549, 0.10000000000000142, 0.0
13550, 0.10000000000000142, 0.0
13551, 0.10000000000000142, 0.0
13552, 0.10000000000000142, 0.0
13553, 0.10000000000000142, 0.0
13554, 0.10000000000000142, 0.0
13555, 0.10000000000000142, 0.0
13556, 0.10000000000000142, 0.0
13557, 0.10000000000000142, 0.0
13558, 0.10000000000000142, 0.0
13559, 0.10000000000000142, 0.0
13560, 0.10000000000000142, 0.0
13561, 0.10000000000000142, 0.0
13562, 0.10000000000000142, 0.0
13563, 0.10000000000000142, 0.0
13564, 0.10000000000000142, 0.0
13565, 0.10000000000000142, 0.0
13566, 0.10000000000000142, 0.0
13567, 0.10000000000000142, 0.0
13568, 0.10000000000000142, 0.0
13569, 0.10000000000000142, 0.0
13570, 0.10000000000000142, 0.0
13571, 0.10000000000000142, 0.0
13572, 0.0, 0.0
13573, 0.0, 0.0
13574, 0.0, 0.0
13575, 0.0, 0.0
13576, 0.0, 0.0
13577, 0.0, 0.0
13578, 0.0, 0.0
13579, 0.0, 0.0
13580, 0.0, 0.0
13581, 0.0, 0.0
13582, 0.0, 0.0
13583, 0.0, 0.0
13584, 0.0, 0.0
13585, 0.0, 0.0
13586, 0.0, 0.0
13587, 0.0, -0.10000000000000142
13588, 0.0, -0.10000000000000142
13589, 0.0, -0.10000000000000142
13590, -0.10000000000000142, -0.10000000000000142
13591, -0.10000000000000142, -0.10000000000000142
13592, -0.10000000000000142, -0.10000000000000142
13593, -0.10000000000000142, -0.10000000000000142
13594, -0.10000000000000142, -0.10000000000000142
13595, -0.10000000000000142, -0.10000000000000142
13596, -0.10000000000000142, -0.10000000000000142
13597, -0.10000000000000142, -0.10000000000000142
13598, -0.10000000000000142, -0.10000000000000142
13599, -0.10000000000000142, -0.10000000000000142
13600, -0.10000000000000142, -0.10000000000000142
13601, -0.10000000000000142, -0.10000000000000142
13602, -0.10000000000000142, -0.10000000000000142
13603, -0.10000000000000142, -0.10000000000000142
13604, -0.10000000000000142, -0.10000000000000142
13605, -0.10000000000000142, -0.10000000000000142
13606, -0.10000000000000142, -0.10000000000000142
13607, -0.10000000000000142, -0.10000000000000142
13608, -0.10000000000000142, -0.10000000000000142
13609, -0.10000000000000142, -0.10000000000000142
13610, -0.10000000000000142, -0.10000000000000142
13611, -0.10000000000000142, -0.10000000000000142
13612, -0.10000000000000142, -0.10000000000000142
13613, -0.10000000000000142, -0.10000000000000142
13614, -0.10000000000000142, -0.10000000000000142
13615, -0.10000000000000142, -0.10000000000000142
13616, -0.10000000000000142, -0.10000000000000142
13617, -0.10000000000000142, -0.10000000000000142
13618, -0.10000000000000142, -0.10000000000000142
13619, -0.10000000000000142, -0.10000000000000142
13620, -0.10000000000000142, -0.10000000000000142
13621, -0.10000000000000142, -0.10000000000000142
13622, -0.10000000000000142, -0.10000000000000142
13623, -0.10000000000000142, 0.0
13624, -0.10000000000000142, 0.0
13625, -0.10000000000000142, 0.10000000000000142
13626, -0.10000000000000142, 0.10000000000000142
13627, -0.10000000000000142, 0.10000000000000142
13628, -0.10000000000000142, 0.10000000000000142
13629, -0.10000000000000142, 0.10000000000000142
13630, -0.10000000000000142, 0.10000000000000142
13631, -0.10000000000000142, 0.10000000000000142
13632, -0.10000000000000142, 0.10000000000000142
13633, -0.1999999999999993, 0.10000000000000142
13634, -0.1999999999999993, 0.10000000000000142
13635, -0.1999999999999993, 0.10000000000000142
13636, -0.1999999999999993, 0.10000000000000142
13637, -0.1999999999999993, 0.10000000000000142
13638, -0.1999999999999993, 0.10000000000000142
13639, -0.1999999999999993, 0.10000000000000142
13640, -0.1999999999999993, 0.0
13641, -0.1999999999999993, 0.0
13642, -0.1999999999999993, 0.0
13643, -0.1999999999999993, 0.0
13644, -0.1999999999999993, 0.0
13645, -0.1999999999999993, 0.0
13646, -0.1999999999999993, 0.0
13647, -0.1999999999999993, 0.0
13648, -0.10000000000000142, 0.0
13649, -0.10000000000000142, 0.0
13650, -0.10000000000000142, 0.0
13651, -0.10000000000000142, 0.0
13652, -0.10000000000000142, 0.0
13653, -0.10000000000000142, 0.0
13654, -0.10000000000000142, 0.0
13655, -0.10000000000000142, 0.0
13656, -0.10000000000000142, 0.0
13657, -0.10000000000000142, 0.0
13658, -0.10000000000000142, 0.0
13659, -0.10000000000000142, 0.0
13660, -0.10000000000000142, 0.0
13661, -0.10000000000000142, 0.0
13662, -0.10000000000000142, 0.0
13663, -0.10000000000000142, 0.0
13664, -0.10000000000000142, 0.0
13665, -0.10000000000000142, 0.0
13666, -0.10000000000000142, 0.0
13667, -0.10000000000000142, 0.0
13668, -0.10000000000000142, 0.0
13669, -0.10000000000000142, 0.0
13670, -0.10000000000000142, 0.0
13671, -0.10000000000000142, 0.0
13672, -0.10000000000000142, 0.0
13673, -0.10000000000000142, 0.0
13674, -0.10000000000000142, 0.0
13675, -0.10000000000000142, -0.10000000000000142
13676, -0.10000000000000142, -0.10000000000000142
13677, -0.10000000000000142, -0.10000000000000142
13678, -0.10000000000000142, -0.10000000000000142
13679, -0.10000000000000142, -0.10000000000000142
13680, -0.10000000000000142, -0.10000000000000142
13681, -0.10000000000000142, -0.10000000000000142
13682, -0.10000000000000142, -0.10000000000000142
13683, -0.10000000000000142, -0.10000000000000142
13684, -0.10000000000000142, -0.10000000000000142
13685, -0.10000000000000142, -0.10000000000000142
13686, -0.10000000000000142, -0.10000000000000142
13687, -0.10000000000000142, -0.10000000000000142
13688, -0.10000000000000142, -0.10000000000000142
13689, -0.10000000000000142, -0.10000000000000142
13690, -0.10000000000000142, -0.10000000000000142
13691, -0.10000000000000142, -0.10000000000000142
13692, -0.10000000000000142, -0.10000000000000142
13693, -0.10000000000000142, -0.10000000000000142
13694, -0.10000000000000142, -0.10000000000000142
13695, -0.10000000000000142, -0.10000000000000142
13696, -0.10000000000000142, -0.10000000000000142
13697, -0.10000000000000142, -0.10000000000000142
13698, -0.10000000000000142, -0.10000000000000142
13699, -0.10000000000000142, -0.10000000000000142
13700, -0.10000000000000142, -0.10000000000000142
13701, -0.10000000000000142, -0.10000000000000142
13702, -0.10000000000000142, -0.10000000000000142
13703, -0.10000000000000142, -0.10000000000000142
13704, -0.10000000000000142, -0.1999999999999993
13705, -0.10000000000000142, -0.1999999999999993
13706, -0.10000000000000142, -0.1999999999999993
13707, -0.10000000000000142, -0.1999999999999993
13708, -0.10000000000000142, -0.1999999999999993
13709, -0.10000000000000142, -0.1999999999999993
13710, -0.10000000000000142, -0.1999999999999993
13711, -0.10000000000000142, -0.1999999999999993
13712, -0.10000000000000142, -0.1999999999999993
13713, -0.10000000000000142, -0.1999999999999993
13714, -0.10000000000000142, -0.1999999999999993
13715, -0.10000000000000142, -0.1999999999999993
13716, -0.10000000000000142, -0.1999999999999993
13717, -0.10000000000000142, -0.1999999999999993
13718, -0.10000000000000142, -0.1999999999999993
13719, -0.10000000000000142, -0.1999999999999993
13720, 0.0, -0.10000000000000142
13721, 0.0, -0.10000000000000142
13722, 0.0, -0.10000000000000142
13723, 0.0, -0.10000000000000142
13724, 0.0, -0.10000000000000142
13725, 0.0, -0.10000000000000142
13726, 0.0, -0.10000000000000142
13727, 0.0, -0.10000000000000142
13728, 0.0, -0.10000000000000142
13729, 0.0, -0.10000000000000142
13730, 0.0, -0.10000000000000142
13731, 0.0, -0.10000000000000142
13732, 0.0, -0.10000000000000142
13733, 0.0, -0.10000000000000142
13734, 0.0, -0.10000000000000142
13735, 0.0, -0.10000000000000142
13736, 0.0, -0.10000000000000142
13737, 0.0, -0.10000000000000142
13738, 0.0, -0.10000000000000142
13739, 0.0, -0.10000000000000142
13740, 0.0, -0.10000000000000142
13741, 0.0, -0.10000000000000142
13742, 0.0, -0.10000000000000142
13743, 0.0, -0.10000000000000142
13744, 0.0, -0.10000000000000142
13745, 0.0, -0.10000000000000142
13746, 0.10000000000000142, -0.10000000000000142
13747, 0.10000000000000142, -0.10000000000000142
13748, 0.10000000000000142, -0.10000000000000142
13749, 0.0, -0.10000000000000142
13750, -0.10000000000000142, -0.1999999999999993
13751, -0.10000000000000142, -0.1999999999999993
13752, -0.10000000000000142, -0.1999999999999993
13753, -0.10000000000000142, -0.1999999999999993
13754, -0.10000000000000142, -0.1999999999999993
13755, -0.10000000000000142, -0.1999999999999993
13756, -0.10000000000000142, -0.1999999999999993
13757, -0.10000000000000142, -0.1999999999999993
13758, -0.10000000000000142, -0.1999999999999993
13759, -0.10000000000000142, -0.1999999999999993
13760, -0.10000000000000142, -0.1999999999999993
13761, -0.10000000000000142, -0.1999999999999993
13762, -0.10000000000000142, -0.1999999999999993
13763, -0.10000000000000142, -0.1999999999999993
13764, -0.10000000000000142, -0.1999999999999993
13765, -0.10000000000000142, -0.1999999999999993
13766, -0.10000000000000142, -0.1999999999999993
13767, -0.10000000000000142, -0.1999999999999993
13768, -0.10000000000000142, -0.1999999999999993
13769, -0.10000000000000142, -0.1999999999999993
13770, -0.10000000000000142, -0.1999999999999993
13771, -0.10000000000000142, -0.1999999999999993
13772, -0.10000000000000142, -0.1999999999999993
13773, -0.10000000000000142, -0.1999999999999993
13774, -0.10000000000000142, -0.1999999999999993
13775, -0.10000000000000142, -0.1999999999999993
13776, -0.10000000000000142, -0.1999999999999993
13777, -0.10000000000000142, -0.1999999999999993
13778, -0.10000000000000142, -0.1999999999999993
13779, -0.10000000000000142, -0.1999999999999993
13780, -0.10000000000000142, -0.1999999999999993
13781, -0.10000000000000142, -0.1999999999999993
13782, -0.10000000000000142, -0.1999999999999993
13783, -0.10000000000000142, -0.1999999999999993
13784, -0.10000000000000142, -0.1999999999999993
13785, -0.10000000000000142, -0.1999999999999993
13786, -0.10000000000000142, -0.1999999999999993
13787, -0.10000000000000142, -0.1999999999999993
13788, -0.10000000000000142, -0.10000000000000142
13789, -0.10000000000000142, -0.10000000000000142
13790, -0.10000000000000142, -0.10000000000000142
13791, -0.10000000000000142, -0.10000000000000142
13792, -0.10000000000000142, -0.10000000000000142
13793, -0.10000000000000142, -0.10000000000000142
13794, -0.10000000000000142, -0.10000000000000142
13795, -0.10000000000000142, -0.10000000000000142
13796, -0.10000000000000142, -0.10000000000000142
13797, -0.10000000000000142, -0.10000000000000142
13798, -0.10000000000000142, -0.10000000000000142
13799, -0.10000000000000142, -0.10000000000000142
13800, -0.10000000000000142, -0.10000000000000142
13801, -0.10000000000000142, -0.10000000000000142
13802, -0.10000000000000142, -0.10000000000000142
13803, -0.10000000000000142, -0.1999999999999993
13804, -0.10000000000000142, -0.1999999999999993
13805, 0.0, -0.1999999999999993
13806, 0.0, -0.10000000000000142
13807, 0.0, -0.10000000000000142
13808, 0.0, -0.10000000000000142
13809, 0.0, -0.10000000000000142
13810, 0.0, -0.10000000000000142
13811, 0.0, -0.10000000000000142
13812, 0.0, -0.10000000000000142
13813, 0.0, -0.10000000000000142
13814, 0.0, -0.10000000000000142
13815, 0.0, -0.10000000000000142
13816, 0.0, -0.10000000000000142
13817, 0.0, -0.10000000000000142
13818, 0.0, -0.10000000000000142
13819, 0.0, -0.1999999999999993
13820, 0.0, -0.1999999999999993
13821, 0.0, -0.1999999999999993
13822, 0.0, -0.1999999999999993
13823, 0.0, -0.1999999999999993
13824, 0.0, -0.1999999999999993
13825, 0.0, -0.10000000000000142
13826, 0.0, -0.10000000000000142
13827, 0.0, -0.10000000000000142
13828, 0.0, -0.10000000000000142
13829, 0.0, -0.10000000000000142
13830, 0.0, -0.10000000000000142
13831, 0.0, -0.10000000000000142
13832, 0.0, -0.10000000000000142
13833, 0.0, -0.10000000000000142
13834, 0.0, -0.10000000000000142
13835, 0.0, -0.10000000000000142
13836, 0.0, -0.10000000000000142
13837, 0.0, -0.10000000000000142
13838, 0.0, -0.10000000000000142
13839, 0.0, -0.10000000000000142
13840, 0.0, -0.10000000000000142
13841, 0.0, -0.10000000000000142
13842, 0.0, -0.10000000000000142
13843, 0.0, -0.10000000000000142
13844, 0.0, -0.10000000000000142
13845, 0.0, -0.10000000000000142
13846, 0.0, -0.10000000000000142
13847, 0.0, -0.10000000000000142
13848, 0.0, -0.10000000000000142
13849, 0.0, -0.10000000000000142
13850, 0.0, -0.10000000000000142
13851, 0.0, -0.10000000000000142
13852, 0.0, -0.10000000000000142
13853, 0.0, -0.10000000000000142
13854, 0.0, 0.0
13855, 0.0, 0.0
13856, 0.0, 0.0
13857, 0.0, 0.0
13858, 0.0, 0.0
13859, 0.0, 0.0
13860, 0.0, 0.0
13861, 0.0, 0.0
13862, 0.0, 0.0
13863, 0.0, 0.0
13864, 0.0, 0.0
13865, 0.0, 0.0
13866, 0.0, 0.0
13867, 0.0, 0.0
13868, 0.0, 0.0
13869, 0.0, 0.0
13870, -0.10000000000000142, 0.0
13871, -0.10000000000000142, 0.0
13872, 0.0, 0.0
13873, 0.0, 0.0
13874, 0.0, 0.0
13875, 0.0, 0.0
13876, 0.0, 0.0
13877, 0.0, 0.0
13878, 0.0, 0.0
13879, 0.0, 0.0
13880, 0.0, 0.0
13881, 0.0, 0.0
13882, 0.0, 0.10000000000000142
13883, 0.0, 0.0
13884, 0.0, 0.0
13885, 0.0, 0.0
13886, 0.0, 0.0
13887, 0.0, 0.0
13888, 0.0, 0.0
13889, 0.0, 0.0
13890, 0.0, 0.0
13891, 0.0, 0.0
13892, 0.0, 0.0
13893, 0.0, 0.0
13894, 0.0, 0.0
13895, 0.0, 0.0
13896, 0.0, 0.0
13897, 0.0, 0.0
13898, 0.0, 0.0
13899, 0.0, 0.0
13900, 0.0, 0.0
13901, 0.0, 0.0
13902, 0.0, 0.10000000000000142
13903, 0.0, 0.0
13904, 0.0, 0.0
13905, 0.0, 0.0
13906, 0.0, 0.0
13907, 0.0, 0.0
13908, 0.0, 0.0
13909, 0.0, 0.0
13910, 0.0, 0.0
13911, 0.0, 0.0
13912, 0.0, 0.0
13913, 0.0, -0.10000000000000142
13914, 0.0, 0.0
13915, 0.0, 0.0
13916, 0.0, 0.0
13917, 0.0, 0.0
13918, 0.0, 0.0
13919, 0.0, 0.0
13920, 0.0, 0.0
13921, 0.0, 0.0
13922, 0.0, 0.0
13923, 0.0, 0.0
13924, 0.0, 0.0
13925, 0.0, 0.0
13926, -0.10000000000000142, 0.0
13927, -0.10000000000000142, 0.0
13928, -0.10000000000000142, 0.0
13929, -0.10000000000000142, 0.0
13930, -0.10000000000000142, 0.0
13931, -0.10000000000000142, 0.0
13932, -0.10000000000000142, 0.0
13933, -0.10000000000000142, 0.0
13934, -0.10000000000000142, 0.0
13935, -0.10000000000000142, 0.0
13936, -0.10000000000000142, 0.0
13937, -0.10000000000000142, 0.0
13938, -0.10000000000000142, 0.0
13939, -0.10000000000000142, 0.0
13940, -0.10000000000000142, 0.0
13941, -0.10000000000000142, 0.0
13942, -0.10000000000000142, 0.0
13943, -0.10000000000000142, 0.0
13944, -0.10000000000000142, 0.0
13945, -0.10000000000000142, 0.0
13946, -0.10000000000000142, 0.0
13947, -0.10000000000000142, 0.0
13948, -0.10000000000000142, 0.0
13949, -0.10000000000000142, 0.0
13950, -0.10000000000000142, -0.10000000000000142
13951, -0.10000000000000142, -0.10000000000000142
13952, -0.10000000000000142, -0.10000000000000142
13953, -0.10000000000000142, -0.10000000000000142
13954, -0.10000000000000142, -0.10000000000000142
13955, -0.10000000000000142, -0.1999999999999993
13956, -0.10000000000000142, -0.1999999999999993
13957, -0.10000000000000142, -0.1999999999999993
13958, -0.10000000000000142, -0.1999999999999993
13959, -0.10000000000000142, -0.1999999999999993
13960, -0.10000000000000142, -0.10000000000000142
13961, -0.10000000000000142, -0.10000000000000142
13962, -0.10000000000000142, -0.10000000000000142
13963, -0.10000000000000142, -0.10000000000000142
13964, -0.10000000000000142, -0.10000000000000142
13965, -0.10000000000000142, -0.10000000000000142
13966, -0.10000000000000142, -0.10000000000000142
13967, -0.10000000000000142, -0.10000000000000142
13968, -0.10000000000000142, -0.10000000000000142
13969, -0.10000000000000142, -0.10000000000000142
13970, -0.10000000000000142, -0.10000000000000142
13971, -0.10000000000000142, -0.10000000000000142
13972, -0.10000000000000142, -0.10000000000000142
13973, -0.10000000000000142, -0.10000000000000142
13974, -0.10000000000000142, -0.10000000000000142
13975, -0.10000000000000142, -0.10000000000000142
13976, -0.10000000000000142, -0.10000000000000142
13977, -0.10000000000000142, -0.10000000000000142
13978, -0.10000000000000142, -0.10000000000000142
13979, -0.10000000000000142, -0.1999999999999993
13980, -0.10000000000000142, -0.10000000000000142
13981, -0.10000000000000142, -0.10000000000000142
13982, -0.10000000000000142, -0.10000000000000142
13983, -0.10000000000000142, -0.10000000000000142
13984, -0.10000000000000142, -0.10000000000000142
13985, -0.10000000000000142, -0.10000000000000142
13986, -0.10000000000000142, -0.10000000000000142
13987, -0.10000000000000142, -0.10000000000000142
13988, -0.10000000000000142, -0.10000000000000142
13989, -0.10000000000000142, -0.10000000000000142
13990, -0.10000000000000142, -0.10000000000000142
13991, -0.10000000000000142, 0.0
13992, -0.10000000000000142, 0.0
13993, -0.10000000000000142, 0.0
13994, -0.10000000000000142, 0.0
13995, -0.10000000000000142, 0.0
13996, -0.10000000000000142, 0.0
13997, -0.10000000000000142, 0.0
13998, -0.10000000000000142, 0.0
13999, -0.10000000000000142, 0.0
14000, -0.10000000000000142, 0.0
14001, -0.10000000000000142, 0.0
14002, -0.10000000000000142, 0.0
14003, -0.10000000000000142, 0.0
14004, -0.10000000000000142, -0.10000000000000142
14005, -0.10000000000000142, -0.10000000000000142
14006, -0.10000000000000142, -0.10000000000000142
14007, -0.10000000000000142, -0.10000000000000142
14008, -0.10000000000000142, -0.10000000000000142
14009, -0.10000000000000142, -0.10000000000000142
14010, -0.10000000000000142, -0.10000000000000142
14011, -0.10000000000000142, -0.10000000000000142
14012, -0.10000000000000142, -0.10000000000000142
14013, -0.10000000000000142, -0.10000000000000142
14014, -0.10000000000000142, -0.10000000000000142
14015, -0.10000000000000142, -0.10000000000000142
14016, -0.10000000000000142, 0.0
14017, -0.10000000000000142, 0.0
14018, -0.10000000000000142, 0.0
14019, -0.10000000000000142, 0.0
14020, -0.10000000000000142, 0.0
14021, -0.10000000000000142, 0.0
14022, -0.10000000000000142, 0.0
14023, -0.10000000000000142, 0.0
14024, -0.10000000000000142, 0.0
14025, 0.0, 0.0
14026, 0.0, 0.0
14027, 0.0, 0.0
14028, 0.0, 0.0
14029, 0.0, 0.0
14030, 0.0, 0.0
14031, 0.0, 0.0
14032, 0.0, 0.0
14033, 0.0, 0.0
14034, 0.0, 0.0
14035, 0.0, 0.0
14036, 0.0, 0.0
14037, 0.10000000000000142, 0.0
14038, 0.10000000000000142, 0.0
14039, 0.10000000000000142, 0.0
14040, 0.10000000000000142, 0.0
14041, 0.10000000000000142, 0.0
14042, 0.10000000000000142, 0.0
14043, 0.10000000000000142, 0.0
14044, 0.10000000000000142, 0.0
14045, 0.10000000000000142, 0.0
14046, 0.10000000000000142, 0.0
14047, 0.10000000000000142, 0.10000000000000142
14048, 0.10000000000000142, 0.10000000000000142
14049, 0.10000000000000142, 0.10000000000000142
14050, 0.10000000000000142, 0.10000000000000142
14051, 0.10000000000000142, 0.10000000000000142
14052, 0.10000000000000142, 0.10000000000000142
14053, 0.10000000000000142, 0.10000000000000142
14054, 0.10000000000000142, 0.10000000000000142
14055, 0.10000000000000142, 0.0
14056, 0.10000000000000142, 0.0
14057, 0.10000000000000142, 0.0
14058, 0.10000000000000142, 0.0
14059, 0.10000000000000142, 0.0
14060, 0.10000000000000142, 0.0
14061, 0.10000000000000142, 0.0
14062, 0.10000000000000142, 0.0
14063, 0.10000000000000142, 0.0
14064, 0.10000000000000142, 0.0
14065, 0.10000000000000142, -0.10000000000000142
14066, 0.0, -0.10000000000000142
14067, 0.0, -0.10000000000000142
14068, 0.0, -0.10000000000000142
14069, 0.0, -0.10000000000000142
14070, 0.0, -0.10000000000000142
14071, 0.0, -0.10000000000000142
14072, 0.0, -0.1999999999999993
14073, 0.0, -0.1999999999999993
14074, 0.0, -0.1999999999999993
14075, 0.0, -0.1999999999999993
14076, 0.0, -0.1999999999999993
14077, 0.0, -0.1999999999999993
14078, 0.0, -0.1999999999999993
14079, 0.0, -0.1999999999999993
14080, 0.0, -0.1999999999999993
14081, 0.0, -0.1999999999999993
14082, 0.0, -0.1999999999999993
14083, 0.0, -0.1999999999999993
14084, 0.0, -0.1999999999999993
14085, 0.0, -0.10000000000000142
14086, 0.0, -0.10000000000000142
14087, 0.0, -0.10000000000000142
14088, 0.0, -0.10000000000000142
14089, 0.0, -0.10000000000000142
14090, 0.0, -0.10000000000000142
14091, 0.0, -0.10000000000000142
14092, 0.0, -0.10000000000000142
14093, 0.0, -0.10000000000000142
14094, 0.0, -0.10000000000000142
14095, 0.0, -0.10000000000000142
14096, 0.0, -0.10000000000000142
14097, 0.0, -0.10000000000000142
14098, 0.0, -0.10000000000000142
14099, 0.0, -0.10000000000000142
14100, 0.0, -0.10000000000000142
14101, 0.0, -0.10000000000000142
14102, 0.0, -0.10000000000000142
14103, 0.0, -0.10000000000000142
14104, 0.0, -0.10000000000000142
14105, 0.0, -0.10000000000000142
14106, 0.0, -0.10000000000000142
14107, 0.0, -0.10000000000000142
14108, 0.0, -0.10000000000000142
14109, 0.0, -0.10000000000000142
14110, 0.0, -0.10000000000000142
14111, 0.0, -0.10000000000000142
14112, 0.0, -0.10000000000000142
14113, 0.0, -0.10000000000000142
14114, 0.0, -0.10000000000000142
14115, 0.0, -0.10000000000000142
14116, 0.0, -0.10000000000000142
14117, 0.0, -0.10000000000000142
14118, 0.0, -0.10000000000000142
14119, 0.0, -0.10000000000000142
14120, 0.0, -0.10000000000000142
14121, 0.0, -0.10000000000000142
14122, 0.0, -0.10000000000000142
14123, 0.10000000000000142, -0.10000000000000142
14124, 0.10000000000000142, -0.10000000000000142
14125, 0.10000000000000142, -0.10000000000000142
14126, 0.10000000000000142, -0.10000000000000142
14127, 0.10000000000000142, -0.10000000000000142
14128, 0.10000000000000142, -0.10000000000000142
14129, 0.10000000000000142, -0.10000000000000142
14130, 0.10000000000000142, -0.10000000000000142
14131, 0.10000000000000142, -0.10000000000000142
14132, 0.10000000000000142, -0.10000000000000142
14133, 0.10000000000000142, -0.10000000000000142
14134, 0.10000000000000142, -0.10000000000000142
14135, 0.10000000000000142, -0.10000000000000142
14136, 0.10000000000000142, -0.10000000000000142
14137, 0.10000000000000142, -0.10000000000000142
14138, 0.10000000000000142, -0.10000000000000142
14139, 0.10000000000000142, -0.10000000000000142
14140, 0.10000000000000142, -0.10000000000000142
14141, 0.10000000000000142, -0.10000000000000142
14142, 0.10000000000000142, -0.10000000000000142
14143, 0.10000000000000142, -0.10000000000000142
14144, 0.10000000000000142, -0.10000000000000142
14145, 0.10000000000000142, -0.10000000000000142
14146, 0.10000000000000142, -0.10000000000000142
14147, 0.10000000000000142, -0.10000000000000142
14148, 0.10000000000000142, -0.10000000000000142
14149, 0.10000000000000142, -0.10000000000000142
14150, 0.10000000000000142, -0.10000000000000142
14151, 0.10000000000000142, -0.10000000000000142
14152, 0.10000000000000142, -0.10000000000000142
14153, 0.10000000000000142, -0.10000000000000142
14154, 0.10000000000000142, -0.10000000000000142
14155, 0.0, -0.10000000000000142
14156, -0.10000000000000142, -0.10000000000000142
14157, -0.10000000000000142, -0.10000000000000142
14158, -0.10000000000000142, -0.10000000000000142
14159, -0.10000000000000142, -0.10000000000000142
14160, -0.10000000000000142, -0.10000000000000142
14161, 0.0, -0.10000000000000142
14162, 0.0, -0.10000000000000142
14163, 0.0, -0.10000000000000142
14164, 0.0, -0.10000000000000142
14165, 0.0, -0.10000000000000142
14166, 0.0, -0.10000000000000142
14167, 0.0, -0.10000000000000142
14168, 0.0, -0.10000000000000142
14169, 0.0, -0.10000000000000142
14170, 0.0, -0.10000000000000142
14171, 0.0, -0.10000000000000142
14172, 0.0, -0.10000000000000142
14173, 0.0, -0.10000000000000142
14174, 0.0, -0.10000000000000142
14175, 0.0, -0.10000000000000142
14176, 0.0, -0.10000000000000142
14177, 0.0, -0.10000000000000142
14178, 0.10000000000000142, -0.10000000000000142
14179, 0.10000000000000142, -0.10000000000000142
14180, 0.10000000000000142, -0.10000000000000142
14181, 0.10000000000000142, 0.0
14182, 0.10000000000000142, 0.0
14183, 0.10000000000000142, 0.0
14184, 0.10000000000000142, 0.0
14185, 0.10000000000000142, 0.0
14186, 0.0, 0.0
14187, 0.0, 0.0
14188, 0.0, 0.0
14189, 0.0, 0.0
14190, 0.0, 0.0
14191, 0.0, 0.0
14192, 0.0, 0.0
14193, 0.0, 0.0
14194, 0.0, 0.0
14195, 0.0, 0.0
14196, 0.0, 0.0
14197, 0.0, 0.0
14198, 0.0, 0.0
14199, 0.0, 0.0
14200, 0.0, 0.0
14201, 0.0, 0.0
14202, 0.0, 0.0
14203, 0.0, 0.0
14204, 0.0, 0.0
14205, 0.0, 0.0
14206, 0.0, 0.0
14207, 0.0, 0.0
14208, 0.0, 0.0
14209, 0.0, 0.0
14210, 0.0, 0.0
14211, 0.0, 0.0
14212, -0.10000000000000142, 0.0
14213, -0.10000000000000142, 0.0
14214, -0.10000000000000142, 0.0
14215, -0.10000000000000142, 0.0
14216, -0.10000000000000142, 0.0
14217, -0.10000000000000142, 0.0
14218, -0.10000000000000142, 0.0
14219, -0.10000000000000142, 0.0
14220, -0.10000000000000142, 0.0
14221, -0.10000000000000142, 0.0
14222, -0.10000000000000142, 0.0
14223, -0.10000000000000142, 0.0
14224, -0.10000000000000142, 0.0
14225, -0.10000000000000142, 0.0
14226, -0.10000000000000142, 0.0
14227, -0.10000000000000142, 0.0
14228, -0.10000000000000142, 0.0
14229, -0.10000000000000142, 0.0
14230, -0.10000000000000142, 0.0
14231, -0.10000000000000142, 0.0
14232, -0.10000000000000142, 0.0
14233, -0.10000000000000142, 0.0
14234, -0.10000000000000142, 0.0
14235, -0.10000000000000142, -0.10000000000000142
14236, -0.10000000000000142, -0.10000000000000142
14237, 0.0, -0.10000000000000142
14238, 0.0, -0.10000000000000142
14239, 0.0, -0.10000000000000142
14240, 0.0, -0.10000000000000142
14241, 0.0, -0.10000000000000142
14242, 0.0, -0.10000000000000142
14243, 0.0, -0.10000000000000142
14244, 0.0, -0.10000000000000142
14245, 0.0, -0.10000000000000142
14246, 0.0, -0.10000000000000142
14247, 0.0, -0.10000000000000142
14248, 0.0, -0.10000000000000142
14249, 0.0, -0.10000000000000142
14250, 0.0, -0.10000000000000142
14251, 0.0, -0.10000000000000142
14252, 0.0, -0.10000000000000142
14253, 0.0, -0.10000000000000142
14254, 0.0, -0.10000000000000142
14255, 0.0, -0.10000000000000142
14256, 0.0, -0.10000000000000142
14257, 0.0, -0.10000000000000142
14258, 0.0, -0.10000000000000142
14259, 0.0, -0.10000000000000142
14260, 0.0, -0.10000000000000142
14261, 0.10000000000000142, -0.10000000000000142
14262, 0.10000000000000142, -0.10000000000000142
14263, 0.10000000000000142, -0.10000000000000142
14264, 0.10000000000000142, -0.10000000000000142
14265, 0.10000000000000142, -0.10000000000000142
14266, 0.10000000000000142, -0.10000000000000142
14267, 0.10000000000000142, -0.10000000000000142
14268, 0.10000000000000142, -0.10000000000000142
14269, 0.10000000000000142, -0.10000000000000142
14270, 0.10000000000000142, -0.10000000000000142
14271, 0.10000000000000142, -0.10000000000000142
14272, 0.10000000000000142, -0.10000000000000142
14273, 0.10000000000000142, -0.10000000000000142
14274, 0.10000000000000142, -0.10000000000000142
14275, 0.10000000000000142, -0.10000000000000142
14276, 0.10000000000000142, -0.10000000000000142
14277, 0.10000000000000142, -0.10000000000000142
14278, 0.10000000000000142, -0.10000000000000142
14279, 0.0, -0.10000000000000142
14280, 0.0, -0.10000000000000142
14281, 0.0, -0.10000000000000142
14282, 0.0, -0.10000000000000142
14283, 0.0, -0.10000000000000142
14284, 0.0, -0.10000000000000142
14285, 0.0, -0.10000000000000142
14286, 0.0, -0.10000000000000142
14287, 0.0, -0.10000000000000142
14288, 0.0, -0.10000000000000142
14289, 0.0, -0.10000000000000142
14290, 0.0, -0.10000000000000142
14291, 0.0, -0.10000000000000142
14292, 0.0, -0.10000000000000142
14293, 0.0, -0.10000000000000142
14294, 0.0, -0.10000000000000142
14295, 0.0, -0.10000000000000142
14296, 0.0, -0.10000000000000142
14297, 0.0, -0.10000000000000142
14298, 0.0, -0.10000000000000142
14299, 0.0, -0.10000000000000142
14300, 0.0, -0.10000000000000142
14301, -0.10000000000000142, -0.10000000000000142
14302, -0.10000000000000142, -0.10000000000000142
14303, -0.10000000000000142, -0.10000000000000142
14304, -0.10000000000000142, -0.10000000000000142
14305, -0.10000000000000142, -0.10000000000000142
14306, -0.10000000000000142, -0.10000000000000142
14307, -0.10000000000000142, -0.10000000000000142
14308, -0.10000000000000142, -0.10000000000000142
14309, -0.10000000000000142, 0.0
14310, -0.10000000000000142, 0.0
14311, -0.10000000000000142, 0.0
14312, -0.10000000000000142, 0.0
14313, -0.10000000000000142, 0.0
14314, -0.10000000000000142, 0.0
14315, -0.10000000000000142, 0.0
14316, -0.10000000000000142, 0.0
14317, -0.10000000000000142, 0.0
14318, -0.10000000000000142, 0.0
14319, -0.10000000000000142, 0.0
14320, -0.10000000000000142, 0.0
14321, -0.10000000000000142, -0.10000000000000142
14322, -0.10000000000000142, -0.10000000000000142
14323, -0.10000000000000142, -0.10000000000000142
14324, -0.10000000000000142, -0.10000000000000142
14325, -0.10000000000000142, -0.10000000000000142
14326, -0.10000000000000142, -0.10000000000000142
14327, -0.10000000000000142, -0.10000000000000142
14328, -0.10000000000000142, -0.10000000000000142
14329, -0.10000000000000142, -0.10000000000000142
14330, -0.10000000000000142, -0.10000000000000142
14331, -0.10000000000000142, -0.1999999999999993
14332, -0.10000000000000142, -0.1999999999999993
14333, -0.10000000000000142, -0.1999999999999993
14334, -0.10000000000000142, -0.1999999999999993
14335, -0.10000000000000142, -0.1999999999999993
14336, -0.10000000000000142, -0.1999999999999993
14337, -0.10000000000000142, -0.1999999999999993
14338, -0.10000000000000142, -0.1999999999999993
14339, -0.10000000000000142, -0.1999999999999993
14340, -0.10000000000000142, -0.1999999999999993
14341, -0.10000000000000142, -0.1999999999999993
14342, -0.10000000000000142, -0.1999999999999993
14343, -0.10000000000000142, -0.10000000000000142
14344, -0.10000000000000142, -0.10000000000000142
14345, -0.10000000000000142, -0.10000000000000142
14346, -0.10000000000000142, -0.10000000000000142
14347, -0.10000000000000142, -0.10000000000000142
14348, -0.10000000000000142, -0.10000000000000142
14349, -0.10000000000000142, -0.10000000000000142
14350, -0.10000000000000142, -0.10000000000000142
14351, -0.10000000000000142, -0.10000000000000142
14352, -0.10000000000000142, -0.10000000000000142
14353, -0.10000000000000142, -0.10000000000000142
14354, -0.10000000000000142, -0.10000000000000142
14355, -0.10000000000000142, -0.10000000000000142
14356, -0.10000000000000142, -0.10000000000000142
14357, -0.10000000000000142, -0.10000000000000142
14358, -0.10000000000000142, -0.10000000000000142
14359, -0.10000000000000142, -0.10000000000000142
14360, -0.10000000000000142, -0.10000000000000142
14361, -0.10000000000000142, -0.10000000000000142
14362, -0.10000000000000142, -0.10000000000000142
14363, -0.10000000000000142, -0.10000000000000142
14364, -0.10000000000000142, -0.10000000000000142
14365, -0.10000000000000142, -0.10000000000000142
14366, -0.10000000000000142, -0.10000000000000142
14367, -0.10000000000000142, -0.10000000000000142
14368, -0.10000000000000142, -0.10000000000000142
14369, -0.10000000000000142, -0.10000000000000142
14370, -0.10000000000000142, -0.10000000000000142
14371, -0.10000000000000142, -0.10000000000000142
14372, -0.10000000000000142, -0.10000000000000142
14373, -0.10000000000000142, -0.10000000000000142
14374, -0.10000000000000142, -0.10000000000000142
14375, -0.10000000000000142, -0.10000000000000142
14376, -0.10000000000000142, 0.0
14377, -0.10000000000000142, 0.0
14378, -0.10000000000000142, 0.0
14379, -0.10000000000000142, 0.0
14380, -0.10000000000000142, 0.0
14381, -0.10000000000000142, 0.0
14382, -0.10000000000000142, 0.0
14383, -0.10000000000000142, 0.0
14384, -0.10000000000000142, 0.0
14385, -0.10000000000000142, 0.0
14386, -0.10000000000000142, -0.10000000000000142
14387, -0.10000000000000142, -0.10000000000000142
14388, -0.10000000000000142, -0.10000000000000142
14389, -0.10000000000000142, -0.10000000000000142
14390, -0.10000000000000142, -0.10000000000000142
14391, -0.10000000000000142, -0.10000000000000142
14392, -0.10000000000000142, -0.10000000000000142
14393, -0.10000000000000142, -0.10000000000000142
14394, -0.10000000000000142, -0.10000000000000142
14395, -0.10000000000000142, -0.10000000000000142
14396, -0.10000000000000142, -0.10000000000000142
14397, -0.10000000000000142, -0.10000000000000142
14398, -0.10000000000000142, -0.10000000000000142
14399, -0.10000000000000142, -0.10000000000000142
14400, -0.10000000000000142, -0.10000000000000142
14401, -0.1999999999999993, -0.10000000000000142
14402, -0.1999999999999993, -0.10000000000000142
14403, -0.1999999999999993, -0.10000000000000142
14404, -0.1999999999999993, -0.10000000000000142
14405, -0.1999999999999993, -0.10000000000000142
14406, -0.1999999999999993, -0.10000000000000142
14407, -0.1999999999999993, -0.10000000000000142
14408, -0.1999999999999993, -0.10000000000000142
14409, -0.1999999999999993, -0.10000000000000142
14410, -0.1999999999999993, -0.10000000000000142
14411, -0.1999999999999993, -0.10000000000000142
14412, -0.1999999999999993, -0.10000000000000142
14413, -0.1999999999999993, -0.10000000000000142
14414, -0.1999999999999993, -0.10000000000000142
14415, -0.1999999999999993, -0.10000000000000142
14416, -0.1999999999999993, -0.10000000000000142
14417, -0.1999999999999993, -0.10000000000000142
14418, -0.1999999999999993, -0.10000000000000142
14419, -0.1999999999999993, -0.10000000000000142
14420, -0.1999999999999993, -0.10000000000000142
14421, -0.10000000000000142, -0.10000000000000142
14422, -0.10000000000000142, -0.10000000000000142
14423, -0.10000000000000142, -0.10000000000000142
14424, -0.10000000000000142, -0.10000000000000142
14425, -0.10000000000000142, -0.10000000000000142
14426, -0.10000000000000142, -0.10000000000000142
14427, -0.10000000000000142, -0.1999999999999993
14428, -0.10000000000000142, -0.1999999999999993
14429, -0.10000000000000142, -0.1999999999999993
14430, -0.10000000000000142, -0.1999999999999993
14431, -0.10000000000000142, -0.1999999999999993
14432, -0.10000000000000142, -0.3000000000000007
14433, -0.10000000000000142, -0.3000000000000007
14434, -0.10000000000000142, -0.3000000000000007
14435, -0.10000000000000142, -0.3000000000000007
14436, -0.10000000000000142, -0.3000000000000007
14437, -0.10000000000000142, -0.3000000000000007
14438, -0.10000000000000142, -0.3000000000000007
14439, -0.10000000000000142, -0.3000000000000007
14440, -0.10000000000000142, -0.1999999999999993
14441, -0.10000000000000142, -0.1999999999999993
14442, -0.10000000000000142, -0.1999999999999993
14443, -0.10000000000000142, -0.1999999999999993
14444, -0.10000000000000142, -0.1999999999999993
14445, -0.10000000000000142, -0.1999999999999993
14446, 0.0, -0.10000000000000142
14447, 0.0, -0.10000000000000142
14448, 0.0, -0.10000000000000142
14449, 0.0, -0.10000000000000142
14450, 0.0, -0.10000000000000142
14451, 0.0, -0.10000000000000142
14452, 0.0, -0.10000000000000142
14453, 0.0, -0.10000000000000142
14454, 0.0, -0.10000000000000142
14455, 0.0, -0.10000000000000142
14456, 0.0, -0.10000000000000142
14457, 0.0, -0.10000000000000142
14458, 0.0, -0.10000000000000142
14459, 0.0, -0.10000000000000142
14460, 0.0, -0.10000000000000142
14461, 0.0, -0.10000000000000142
14462, 0.0, -0.10000000000000142
14463, 0.0, -0.10000000000000142
14464, 0.0, -0.10000000000000142
14465, 0.0, -0.10000000000000142
14466, 0.10000000000000142, -0.10000000000000142
14467, 0.10000000000000142, -0.10000000000000142
14468, 0.10000000000000142, -0.10000000000000142
14469, 0.10000000000000142, -0.10000000000000142
14470, 0.10000000000000142, -0.10000000000000142
14471, 0.10000000000000142, -0.10000000000000142
14472, 0.10000000000000142, -0.10000000000000142
14473, 0.10000000000000142, -0.10000000000000142
14474, 0.10000000000000142, 0.0
14475, 0.10000000000000142, 0.0
14476, 0.10000000000000142, 0.0
14477, 0.10000000000000142, 0.0
14478, 0.10000000000000142, 0.0
14479, 0.10000000000000142, 0.0
14480, 0.10000000000000142, 0.0
14481, 0.10000000000000142, 0.0
14482, 0.10000000000000142, 0.0
14483, 0.10000000000000142, 0.0
14484, 0.10000000000000142, 0.0
14485, 0.0, 0.0
14486, 0.0, 0.0
14487, 0.0, 0.0
14488, 0.0, 0.0
14489, 0.0, 0.0
14490, 0.0, 0.0
14491, 0.0, 0.0
14492, 0.0, 0.0
14493, 0.0, 0.0
14494, 0.0, 0.0
14495, 0.0, 0.0
14496, -0.10000000000000142, 0.0
14497, -0.10000000000000142, 0.0
14498, -0.10000000000000142, 0.0
14499, -0.10000000000000142, 0.0
14500, 0.0, 0.0
14501, 0.0, 0.0
14502, 0.0, 0.0
14503, 0.0, 0.0
14504, 0.0, 0.0
14505, 0.0, 0.0
14506, 0.0, 0.0
14507, 0.0, 0.0
14508, 0.0, 0.0
14509, 0.0, 0.0
14510, 0.0, 0.0
14511, 0.0, 0.0
14512, 0.0, 0.0
14513, 0.0, 0.0
14514, 0.0, 0.0
14515, 0.0, -0.10000000000000142
14516, 0.0, -0.10000000000000142
14517, 0.0, -0.10000000000000142
14518, 0.0, -0.10000000000000142
14519, 0.0, -0.10000000000000142
14520, 0.0, -0.10000000000000142
14521, 0.0, -0.10000000000000142
14522, 0.10000000000000142, -0.10000000000000142
14523, 0.10000000000000142, -0.10000000000000142
14524, 0.10000000000000142, -0.10000000000000142
14525, 0.10000000000000142, -0.10000000000000142
14526, 0.10000000000000142, 0.0
14527, 0.10000000000000142, 0.0
14528, 0.10000000000000142, 0.0
14529, 0.10000000000000142, 0.0
14530, 0.10000000000000142, 0.0
14531, 0.10000000000000142, 0.0
14532, 0.10000000000000142, 0.0
14533, 0.10000000000000142, 0.0
14534, 0.10000000000000142, 0.0
14535, 0.10000000000000142, 0.0
14536, 0.0, 0.0
14537, 0.0, 0.0
14538, 0.0, 0.0
14539, 0.0, 0.0
14540, -0.10000000000000142, 0.0
14541, -0.10000000000000142, 0.0
14542, -0.10000000000000142, 0.0
14543, -0.10000000000000142, 0.0
14544, -0.10000000000000142, 0.0
14545, -0.10000000000000142, 0.0
14546, -0.10000000000000142, 0.0
14547, -0.10000000000000142, 0.0
14548, -0.10000000000000142, 0.0
14549, -0.10000000000000142, -0.10000000000000142
14550, -0.10000000000000142, 0.0
14551, -0.10000000000000142, 0.0
14552, -0.10000000000000142, 0.0
14553, 0.0, 0.0
14554, 0.0, 0.0
14555, 0.0, 0.0
14556, 0.10000000000000142, 0.10000000000000142
14557, 0.10000000000000142, 0.10000000000000142
14558, 0.10000000000000142, 0.10000000000000142
14559, 0.10000000000000142, 0.10000000000000142
14560, 0.10000000000000142, 0.10000000000000142
14561, 0.10000000000000142, 0.10000000000000142
14562, 0.10000000000000142, 0.10000000000000142
14563, 0.10000000000000142, 0.10000000000000142
14564, 0.10000000000000142, 0.10000000000000142
14565, 0.10000000000000142, 0.10000000000000142
14566, 0.10000000000000142, 0.10000000000000142
14567, 0.10000000000000142, 0.10000000000000142
14568, 0.10000000000000142, 0.10000000000000142
14569, 0.10000000000000142, 0.10000000000000142
14570, 0.10000000000000142, 0.0
14571, 0.10000000000000142, 0.0
14572, 0.10000000000000142, 0.0
14573, 0.10000000000000142, 0.0
14574, 0.10000000000000142, 0.0
14575, 0.10000000000000142, 0.0
14576, 0.10000000000000142, 0.0
14577, 0.10000000000000142, -0.10000000000000142
14578, 0.10000000000000142, -0.10000000000000142
14579, 0.10000000000000142, -0.10000000000000142
14580, 0.10000000000000142, -0.10000000000000142
14581, 0.10000000000000142, -0.10000000000000142
14582, 0.10000000000000142, -0.10000000000000142
14583, 0.10000000000000142, -0.1999999999999993
14584, 0.10000000000000142, -0.1999999999999993
14585, 0.10000000000000142, -0.1999999999999993
14586, 0.10000000000000142, -0.1999999999999993
14587, 0.10000000000000142, -0.1999999999999993
14588, 0.10000000000000142, -0.1999999999999993
14589, 0.10000000000000142, -0.1999999999999993
14590, 0.10000000000000142, -0.1999999999999993
14591, 0.0, -0.1999999999999993
14592, 0.0, -0.1999999999999993
14593, -0.10000000000000142, -0.1999999999999993
14594, -0.10000000000000142, -0.1999999999999993
14595, -0.10000000000000142, -0.1999999999999993
14596, -0.10000000000000142, -0.1999999999999993
14597, -0.10000000000000142, -0.1999999999999993
14598, -0.10000000000000142, -0.1999999999999993
14599, -0.10000000000000142, -0.10000000000000142
14600, -0.10000000000000142, -0.10000000000000142
14601, -0.10000000000000142, -0.10000000000000142
14602, -0.10000000000000142, -0.10000000000000142
14603, -0.10000000000000142, -0.10000000000000142
14604, -0.10000000000000142, -0.10000000000000142
14605, -0.10000000000000142, -0.10000000000000142
14606, 0.0, -0.10000000000000142
14607, 0.0, -0.10000000000000142
14608, 0.0, -0.10000000000000142
14609, 0.0, -0.10000000000000142
14610, 0.0, -0.10000000000000142
14611, 0.0, -0.10000000000000142
14612, 0.0, -0.10000000000000142
14613, 0.0, -0.10000000000000142
14614, 0.10000000000000142, -0.10000000000000142
14615, 0.10000000000000142, -0.10000000000000142
14616, 0.10000000000000142, -0.10000000000000142
14617, 0.10000000000000142, -0.10000000000000142
14618, 0.10000000000000142, -0.10000000000000142
14619, 0.10000000000000142, -0.10000000000000142
14620, 0.10000000000000142, -0.10000000000000142
14621, 0.10000000000000142, -0.10000000000000142
14622, 0.10000000000000142, -0.10000000000000142
14623, 0.10000000000000142, -0.10000000000000142
14624, 0.10000000000000142, -0.10000000000000142
14625, 0.10000000000000142, -0.10000000000000142
14626, 0.10000000000000142, -0.10000000000000142
14627, 0.10000000000000142, -0.10000000000000142
14628, 0.0, -0.10000000000000142
14629, 0.0, -0.10000000000000142
14630, 0.0, -0.1999999999999993
14631, 0.0, -0.1999999999999993
14632, 0.0, -0.1999999999999993
14633, 0.0, -0.1999999999999993
14634, 0.0, -0.1999999999999993
14635, 0.0, -0.1999999999999993
14636, 0.0, -0.1999999999999993
14637, 0.0, -0.10000000000000142
14638, 0.0, -0.10000000000000142
14639, 0.0, -0.10000000000000142
14640, 0.0, -0.10000000000000142
14641, 0.0, -0.10000000000000142
14642, 0.0, -0.10000000000000142
14643, -0.10000000000000142, -0.10000000000000142
14644, -0.10000000000000142, -0.10000000000000142
14645, -0.10000000000000142, -0.10000000000000142
14646, -0.10000000000000142, -0.10000000000000142
14647, -0.10000000000000142, -0.10000000000000142
14648, -0.10000000000000142, -0.10000000000000142
14649, -0.10000000000000142, -0.10000000000000142
14650, -0.10000000000000142, -0.10000000000000142
14651, -0.10000000000000142, -0.10000000000000142
14652, -0.10000000000000142, -0.10000000000000142
14653, -0.10000000000000142, -0.10000000000000142
14654, -0.10000000000000142, 0.0
14655, -0.10000000000000142, 0.0
14656, -0.10000000000000142, 0.0
14657, -0.10000000000000142, -0.10000000000000142
14658, -0.10000000000000142, -0.10000000000000142
14659, 0.0, -0.10000000000000142
14660, 0.0, -0.10000000000000142
14661, 0.0, -0.10000000000000142
14662, 0.0, -0.10000000000000142
14663, 0.0, -0.10000000000000142
14664, 0.0, -0.10000000000000142
14665, 0.0, -0.10000000000000142
14666, 0.0, -0.10000000000000142
14667, 0.0, -0.10000000000000142
14668, 0.0, -0.10000000000000142
14669, 0.0, -0.10000000000000142
14670, 0.0, -0.10000000000000142
14671, 0.0, -0.10000000000000142
14672, 0.0, -0.10000000000000142
14673, 0.0, -0.10000000000000142
14674, 0.0, -0.10000000000000142
14675, 0.0, -0.10000000000000142
14676, 0.0, -0.10000000000000142
14677, 0.0, -0.1999999999999993
14678, 0.0, -0.1999999999999993
14679, 0.0, -0.1999999999999993
14680, 0.0, -0.1999999999999993
14681, 0.0, -0.1999999999999993
14682, 0.0, -0.1999999999999993
14683, 0.0, -0.10000000000000142
14684, 0.0, -0.10000000000000142
14685, 0.0, -0.10000000000000142
14686, 0.0, -0.10000000000000142
14687, 0.0, -0.10000000000000142
14688, 0.0, -0.10000000000000142
14689, 0.0, -0.10000000000000142
14690, 0.0, -0.10000000000000142
14691, 0.0, -0.10000000000000142
14692, 0.0, -0.10000000000000142
14693, 0.0, -0.10000000000000142
14694, 0.0, -0.10000000000000142
14695, 0.0, -0.10000000000000142
14696, 0.0, -0.10000000000000142
14697, 0.0, -0.10000000000000142
14698, 0.0, -0.10000000000000142
14699, 0.0, -0.10000000000000142
14700, 0.0, -0.10000000000000142
14701, 0.0, -0.10000000000000142
14702, 0.0, -0.10000000000000142
14703, 0.0, -0.10000000000000142
14704, 0.0, -0.10000000000000142
14705, 0.0, -0.10000000000000142
14706, 0.0, -0.1999999999999993
14707, 0.0, -0.1999999999999993
14708, 0.0, -0.1999999999999993
14709, 0.0, -0.1999999999999993
14710, 0.0, -0.10000000000000142
14711, 0.0, -0.10000000000000142
14712, 0.0, -0.10000000000000142
14713, 0.0, -0.10000000000000142
14714, 0.0, -0.10000000000000142
14715, 0.0, -0.10000000000000142
14716, 0.0, -0.10000000000000142
14717, 0.0, -0.10000000000000142
14718, 0.0, -0.10000000000000142
14719, 0.0, -0.10000000000000142
14720, 0.0, -0.10000000000000142
14721, 0.0, -0.10000000000000142
14722, 0.0, -0.10000000000000142
14723, 0.0, -0.10000000000000142
14724, 0.0, -0.10000000000000142
14725, 0.0, -0.10000000000000142
14726, 0.0, -0.10000000000000142
14727, 0.0, -0.10000000000000142
14728, 0.0, -0.10000000000000142
14729, -0.10000000000000142, -0.10000000000000142
14730, -0.10000000000000142, -0.10000000000000142
14731, -0.10000000000000142, -0.10000000000000142
14732, -0.10000000000000142, -0.10000000000000142
14733, -0.10000000000000142, -0.10000000000000142
14734, -0.10000000000000142, -0.10000000000000142
14735, -0.10000000000000142, -0.10000000000000142
14736, -0.10000000000000142, -0.10000000000000142
14737, -0.10000000000000142, -0.10000000000000142
14738, -0.10000000000000142, -0.10000000000000142
14739, -0.10000000000000142, -0.10000000000000142
14740, -0.10000000000000142, -0.10000000000000142
14741, -0.10000000000000142, -0.10000000000000142
14742, -0.10000000000000142, -0.10000000000000142
14743, -0.10000000000000142, -0.10000000000000142
14744, -0.10000000000000142, -0.10000000000000142
14745, -0.10000000000000142, -0.10000000000000142
14746, -0.10000000000000142, -0.10000000000000142
14747, -0.10000000000000142, -0.10000000000000142
14748, 0.0, -0.10000000000000142
14749, 0.0, -0.10000000000000142
14750, 0.0, -0.10000000000000142
14751, 0.0, -0.10000000000000142
14752, 0.0, -0.10000000000000142
14753, 0.0, -0.10000000000000142
14754, 0.0, -0.10000000000000142
14755, 0.0, -0.10000000000000142
14756, 0.0, -0.10000000000000142
14757, 0.0, -0.10000000000000142
14758, 0.0, -0.10000000000000142
14759, 0.0, -0.10000000000000142
14760, 0.0, -0.10000000000000142
14761, 0.0, 0.0
14762, 0.0, 0.0
14763, 0.0, 0.0
14764, 0.0, 0.0
14765, 0.0, 0.0
14766, 0.0, 0.0
14767, 0.0, 0.0
14768, 0.0, 0.0
14769, 0.0, 0.0
14770, 0.0, 0.0
14771, 0.0, 0.0
14772, 0.0, 0.0
14773, 0.0, 0.0
14774, 0.0, 0.0
14775, 0.0, 0.0
14776, 0.0, 0.0
14777, 0.0, -0.10000000000000142
14778, 0.0, -0.10000000000000142
14779, 0.0, -0.10000000000000142
14780, 0.0, -0.10000000000000142
14781, 0.0, -0.10000000000000142
14782, 0.0, -0.10000000000000142
14783, 0.0, -0.10000000000000142
14784, -0.10000000000000142, -0.10000000000000142
14785, -0.10000000000000142, -0.10000000000000142
14786, -0.10000000000000142, -0.10000000000000142
14787, -0.10000000000000142, -0.10000000000000142
14788, -0.10000000000000142, -0.10000000000000142
14789, -0.10000000000000142, -0.10000000000000142
14790, -0.10000000000000142, -0.10000000000000142
14791, -0.10000000000000142, -0.10000000000000142
14792, -0.10000000000000142, 0.0
14793, -0.10000000000000142, 0.0
14794, -0.10000000000000142, 0.0
14795, -0.10000000000000142, 0.0
14796, -0.10000000000000142, 0.0
14797, -0.10000000000000142, 0.0
14798, -0.10000000000000142, 0.0
14799, -0.10000000000000142, 0.0
14800, -0.10000000000000142, 0.0
14801, -0.10000000000000142, 0.0
14802, -0.10000000000000142, 0.0
14803, -0.10000000000000142, 0.0
14804, 0.0, 0.0
14805, 0.0, 0.0
14806, 0.0, 0.0
14807, 0.0, 0.0
14808, 0.0, 0.0
14809, 0.0, 0.0
14810, 0.0, 0.0
14811, 0.0, 0.0
14812, 0.0, 0.0
14813, 0.0, 0.0
14814, 0.0, 0.0
14815, 0.0, 0.0
14816, 0.0, -0.10000000000000142
14817, 0.0, -0.10000000000000142
14818, 0.0, -0.10000000000000142
14819, 0.0, -0.10000000000000142
14820, 0.0, -0.10000000000000142
14821, 0.0, -0.10000000000000142
14822, 0.0, -0.10000000000000142
14823, 0.0, -0.10000000000000142
14824, 0.0, -0.10000000000000142
14825, 0.0, -0.10000000000000142
14826, 0.0, -0.10000000000000142
14827, 0.0, -0.10000000000000142
14828, 0.0, -0.10000000000000142
14829, 0.0, -0.10000000000000142
14830, 0.0, -0.10000000000000142
14831, 0.0, -0.10000000000000142
14832, 0.0, -0.10000000000000142
14833, 0.0, -0.10000000000000142
14834, 0.0, -0.10000000000000142
14835, 0.0, -0.10000000000000142
14836, 0.0, -0.10000000000000142
14837, 0.0, -0.10000000000000142
14838, 0.0, -0.10000000000000142
14839, 0.0, -0.10000000000000142
14840, 0.0, -0.10000000000000142
14841, 0.0, -0.1999999999999993
14842, 0.0, -0.1999999999999993
14843, 0.0, -0.1999999999999993
14844, 0.0, -0.1999999999999993
14845, 0.0, -0.1999999999999993
14846, 0.0, -0.1999999999999993
14847, 0.0, -0.10000000000000142
14848, 0.0, -0.10000000000000142
14849, 0.0, -0.10000000000000142
14850, 0.0, -0.10000000000000142
14851, 0.0, 0.0
14852, 0.0, 0.0
14853, 0.0, 0.0
14854, 0.0, 0.0
14855, 0.0, 0.0
14856, 0.0, 0.0
14857, 0.0, 0.0
14858, 0.0, 0.0
14859, 0.0, 0.0
14860, 0.0, 0.0
14861, 0.0, 0.0
14862, 0.0, 0.0
14863, 0.0, 0.0
14864, 0.0, 0.0
14865, 0.0, 0.0
14866, 0.0, 0.0
14867, 0.0, 0.0
14868, 0.0, 0.0
14869, 0.0, -0.10000000000000142
14870, 0.0, -0.10000000000000142
14871, 0.0, -0.10000000000000142
14872, 0.0, -0.10000000000000142
14873, 0.0, -0.10000000000000142
14874, 0.0, -0.10000000000000142
14875, 0.0, -0.10000000000000142
14876, 0.0, -0.10000000000000142
14877, 0.0, -0.10000000000000142
14878, 0.0, -0.10000000000000142
14879, 0.0, -0.10000000000000142
14880, 0.0, 0.0
14881, 0.0, -0.10000000000000142
14882, 0.0, -0.10000000000000142
14883, 0.0, -0.10000000000000142
14884, 0.0, -0.10000000000000142
14885, 0.0, -0.10000000000000142
14886, 0.0, -0.10000000000000142
14887, 0.0, -0.10000000000000142
14888, 0.0, 0.0
14889, 0.0, 0.0
14890, 0.0, 0.0
14891, 0.0, 0.0
14892, 0.0, 0.0
14893, 0.0, 0.0
14894, 0.0, 0.0
14895, 0.0, 0.0
14896, 0.0, 0.0
14897, 0.0, 0.0
14898, 0.0, 0.0
14899, 0.0, 0.0
14900, 0.0, 0.0
14901, 0.0, 0.0
14902, 0.0, 0.0
14903, 0.0, 0.0
14904, 0.0, 0.0
14905, 0.0, 0.0
14906, 0.0, 0.0
14907, 0.0, 0.0
14908, 0.0, 0.0
14909, 0.0, 0.0
14910, -0.10000000000000142, 0.0
14911, -0.10000000000000142, 0.0
14912, -0.10000000000000142, 0.0
14913, -0.10000000000000142, -0.10000000000000142
14914, -0.10000000000000142, -0.10000000000000142
14915, -0.10000000000000142, -0.10000000000000142
14916, -0.10000000000000142, -0.10000000000000142
14917, -0.10000000000000142, -0.10000000000000142
14918, 0.0, -0.10000000000000142
14919, 0.0, -0.1999999999999993
14920, 0.0, -0.1999999999999993
14921, 0.0, 0.0
14922, 0.0, 0.0
14923, 0.0, 0.0
14924, 0.0, 0.0
14925, 0.0, 0.0
14926, 0.0, 0.0
14927, 0.0, 0.0
14928, 0.0, 0.0
14929, 0.0, 0.0
14930, 0.0, 0.0
14931, 0.0, 0.0
14932, 0.0, 0.0
14933, 0.0, 0.0
14934, 0.0, 0.0
14935, 0.0, 0.0
14936, 0.0, 0.0
14937, 0.0, 0.0
14938, 0.0, 0.0
14939, 0.0, 0.0
14940, 0.0, 0.0
14941, 0.0, 0.0
14942, 0.0, 0.0
14943, 0.0, 0.0
14944, 0.0, 0.0
14945, 0.0, 0.0
14946, 0.0, 0.0
14947, 0.0, 0.0
14948, 0.0, 0.0
14949, 0.0, 0.0
14950, 0.0, 0.0
14951, 0.0, 0.0
14952, 0.0, 0.0
14953, 0.0, 0.0
14954, 0.0, 0.0
14955, 0.0, 0.0
14956, 0.0, 0.0
14957, 0.0, 0.0
14958, 0.0, 0.0
14959, 0.0, 0.0
14960, 0.0, 0.0
14961, 0.0, 0.0
14962, 0.0, 0.0
14963, 0.0, 0.0
14964, 0.0, 0.0
14965, 0.0, 0.0
14966, 0.0, 0.0
14967, 0.0, 0.0
14968, 0.0, 0.0
14969, 0.0, 0.0
14970, 0.0, 0.0
14971, 0.0, 0.0
14972, 0.0, 0.0
14973, 0.0, 0.0
14974, 0.0, 0.0
14975, 0.0, 0.0
14976, 0.0, 0.0
14977, 0.0, 0.0
14978, 0.0, 0.0
14979, 0.0, 0.0
14980, 0.0, 0.10000000000000142
14981, 0.0, 0.10000000000000142
14982, 0.0, 0.10000000000000142
14983, 0.0, 0.10000000000000142
14984, 0.0, 0.10000000000000142
14985, 0.0, 0.10000000000000142
14986, 0.0, 0.10000000000000142
14987, 0.0, 0.10000000000000142
14988, 0.0, 0.10000000000000142
14989, 0.0, 0.10000000000000142
14990, 0.0, 0.10000000000000142
14991, 0.0, 0.10000000000000142
14992, 0.0, 0.10000000000000142
14993, 0.0, 0.10000000000000142
14994, 0.0, 0.10000000000000142
14995, 0.10000000000000142, 0.10000000000000142
14996, 0.10000000000000142, 0.10000000000000142
14997, 0.10000000000000142, 0.10000000000000142
14998, 0.0, 0.10000000000000142
14999, 0.0, 0.10000000000000142
15000, 0.0, 0.10000000000000142
15001, -0.10000000000000142, 0.10000000000000142
15002, -0.10000000000000142, 0.10000000000000142
15003, -0.10000000000000142, 0.0
15004, -0.10000000000000142, 0.0
15005, -0.10000000000000142, 0.0
15006, -0.10000000000000142, 0.0
15007, -0.10000000000000142, 0.0
15008, -0.10000000000000142, 0.0
15009, -0.10000000000000142, 0.0
15010, -0.10000000000000142, 0.0
15011, -0.10000000000000142, 0.0
15012, -0.10000000000000142, 0.0
15013, 0.0, 0.0
15014, 0.0, 0.0
15015, 0.0, 0.0
15016, 0.0, 0.0
15017, 0.0, 0.0
15018, 0.0, 0.0
15019, 0.0, 0.0
15020, 0.0, 0.0
15021, 0.0, 0.0
15022, -0.10000000000000142, 0.0
15023, -0.10000000000000142, 0.0
15024, -0.10000000000000142, 0.0
15025, -0.10000000000000142, 0.0
15026, -0.10000000000000142, 0.0
15027, -0.10000000000000142, 0.0
15028, 0.0, 0.0
15029, 0.0, 0.0
15030, 0.0, 0.0
15031, 0.0, 0.0
15032, 0.0, 0.0
15033, 0.0, -0.10000000000000142
15034, 0.0, -0.10000000000000142
15035, 0.0, -0.10000000000000142
15036, 0.0, -0.10000000000000142
15037, 0.0, -0.10000000000000142
15038, 0.0, -0.10000000000000142
15039, 0.0, -0.10000000000000142
15040, 0.0, -0.10000000000000142
15041, 0.0, -0.10000000000000142
15042, 0.0, -0.10000000000000142
15043, 0.0, -0.10000000000000142
15044, 0.0, -0.10000000000000142
15045, 0.0, -0.10000000000000142
15046, 0.0, -0.10000000000000142
15047, 0.0, -0.10000000000000142
15048, 0.0, -0.10000000000000142
15049, 0.0, -0.10000000000000142
15050, 0.0, -0.10000000000000142
15051, 0.0, -0.10000000000000142
15052, 0.0, -0.10000000000000142
15053, 0.0, -0.10000000000000142
15054, 0.0, -0.10000000000000142
15055, 0.0, -0.10000000000000142
15056, 0.0, -0.10000000000000142
15057, 0.0, 0.0
15058, -0.10000000000000142, 0.0
15059, -0.10000000000000142, 0.0
15060, -0.10000000000000142, 0.0
15061, -0.10000000000000142, 0.0
15062, -0.10000000000000142, 0.0
15063, -0.10000000000000142, 0.0
15064, -0.10000000000000142, 0.0
15065, -0.10000000000000142, 0.0
15066, -0.10000000000000142, 0.0
15067, -0.10000000000000142, 0.0
15068, -0.10000000000000142, 0.0
15069, -0.10000000000000142, 0.0
15070, -0.10000000000000142, 0.0
15071, -0.10000000000000142, 0.0
15072, -0.10000000000000142, 0.0
15073, -0.10000000000000142, 0.0
15074, -0.10000000000000142, 0.0
15075, -0.10000000000000142, 0.0
15076, -0.10000000000000142, 0.0
15077, -0.10000000000000142, 0.0
15078, -0.10000000000000142, 0.0
15079, -0.10000000000000142, 0.0
15080, -0.10000000000000142, 0.0
15081, -0.10000000000000142, 0.0
15082, -0.10000000000000142, 0.0
15083, -0.10000000000000142, 0.0
15084, -0.10000000000000142, 0.0
15085, -0.10000000000000142, 0.0
15086, -0.10000000000000142, 0.0
15087, -0.10000000000000142, 0.0
15088, -0.10000000000000142, 0.0
15089, -0.10000000000000142, 0.0
15090, -0.10000000000000142, 0.0
15091, -0.10000000000000142, 0.0
15092, -0.10000000000000142, 0.0
15093, -0.10000000000000142, 0.0
15094, -0.10000000000000142, 0.0
15095, -0.10000000000000142, 0.0
15096, -0.10000000000000142, 0.0
15097, -0.10000000000000142, 0.0
15098, -0.10000000000000142, 0.0
15099, -0.10000000000000142, 0.0
15100, -0.10000000000000142, 0.0
15101, -0.10000000000000142, 0.0
15102, -0.10000000000000142, 0.0
15103, -0.10000000000000142, 0.0
15104, -0.10000000000000142, 0.0
15105, -0.10000000000000142, 0.0
15106, -0.10000000000000142, 0.0
15107, -0.10000000000000142, 0.0
15108, -0.10000000000000142, 0.0
15109, -0.10000000000000142, 0.0
15110, -0.10000000000000142, 0.0
15111, -0.10000000000000142, 0.0
15112, 0.0, 0.0
15113, 0.0, 0.0
15114, 0.0, 0.0
15115, 0.0, 0.0
15116, 0.0, 0.0
15117, 0.0, 0.0
15118, 0.0, 0.0
15119, 0.0, 0.0
15120, 0.0, 0.0
15121, 0.0, 0.0
15122, 0.0, 0.0
15123, 0.0, 0.0
15124, 0.0, 0.0
15125, 0.0, 0.0
15126, 0.0, 0.0
15127, 0.0, 0.0
15128, -0.10000000000000142, 0.0
15129, -0.10000000000000142, 0.0
15130, -0.10000000000000142, 0.0
15131, -0.10000000000000142, 0.0
15132, -0.10000000000000142, 0.0
15133, -0.10000000000000142, 0.0
15134, -0.10000000000000142, 0.0
15135, -0.10000000000000142, 0.0
15136, -0.10000000000000142, 0.10000000000000142
15137, -0.10000000000000142, 0.10000000000000142
15138, -0.10000000000000142, 0.10000000000000142
15139, -0.10000000000000142, 0.10000000000000142
15140, -0.10000000000000142, 0.10000000000000142
15141, -0.10000000000000142, 0.10000000000000142
15142, -0.10000000000000142, 0.10000000000000142
15143, -0.10000000000000142, 0.10000000000000142
15144, -0.10000000000000142, 0.10000000000000142
15145, -0.10000000000000142, 0.10000000000000142
15146, -0.10000000000000142, 0.10000000000000142
15147, -0.10000000000000142, 0.10000000000000142
15148, -0.1999999999999993, 0.10000000000000142
15149, -0.1999999999999993, 0.10000000000000142
15150, -0.1999999999999993, 0.10000000000000142
15151, -0.1999999999999993, 0.10000000000000142
15152, -0.10000000000000142, 0.10000000000000142
15153, -0.10000000000000142, 0.0
15154, -0.10000000000000142, 0.0
15155, -0.10000000000000142, 0.0
15156, -0.10000000000000142, 0.0
15157, -0.10000000000000142, 0.0
15158, -0.10000000000000142, 0.0
15159, -0.10000000000000142, 0.0
15160, -0.10000000000000142, 0.0
15161, -0.10000000000000142, 0.0
15162, -0.10000000000000142, 0.0
15163, -0.10000000000000142, 0.0
15164, -0.10000000000000142, 0.0
15165, -0.10000000000000142, 0.0
15166, -0.10000000000000142, 0.0
15167, -0.10000000000000142, 0.0
15168, -0.10000000000000142, 0.0
15169, -0.10000000000000142, 0.0
15170, -0.10000000000000142, 0.0
15171, -0.10000000000000142, 0.0
15172, -0.10000000000000142, 0.0
15173, -0.10000000000000142, 0.0
15174, -0.10000000000000142, 0.0
15175, -0.10000000000000142, -0.10000000000000142
15176, -0.10000000000000142, -0.10000000000000142
15177, -0.10000000000000142, -0.10000000000000142
15178, -0.10000000000000142, -0.10000000000000142
15179, -0.10000000000000142, -0.10000000000000142
15180, -0.10000000000000142, -0.10000000000000142
15181, -0.10000000000000142, -0.10000000000000142
15182, -0.10000000000000142, -0.10000000000000142
15183, -0.10000000000000142, -0.10000000000000142
15184, -0.10000000000000142, -0.10000000000000142
15185, -0.10000000000000142, -0.10000000000000142
15186, -0.10000000000000142, -0.10000000000000142
15187, -0.10000000000000142, -0.10000000000000142
15188, -0.10000000000000142, -0.10000000000000142
15189, -0.10000000000000142, -0.10000000000000142
15190, -0.10000000000000142, -0.10000000000000142
15191, -0.10000000000000142, 0.0
15192, -0.10000000000000142, 0.0
15193, -0.10000000000000142, 0.0
15194, -0.10000000000000142, 0.0
15195, -0.10000000000000142, 0.0
15196, -0.10000000000000142, 0.0
15197, -0.10000000000000142, 0.0
15198, -0.10000000000000142, 0.0
15199, -0.10000000000000142, 0.0
15200, -0.10000000000000142, 0.0
15201, -0.10000000000000142, 0.0
15202, -0.10000000000000142, 0.0
15203, -0.10000000000000142, 0.0
15204, -0.10000000000000142, 0.0
15205, -0.10000000000000142, 0.0
15206, -0.10000000000000142, 0.0
15207, -0.10000000000000142, 0.0
15208, -0.10000000000000142, 0.0
15209, -0.10000000000000142, 0.0
15210, 0.0, -0.10000000000000142
15211, 0.0, -0.10000000000000142
15212, 0.0, -0.10000000000000142
15213, 0.0, -0.10000000000000142
15214, 0.0, -0.10000000000000142
15215, 0.0, -0.10000000000000142
15216, 0.0, -0.10000000000000142
15217, 0.0, -0.10000000000000142
15218, 0.0, -0.10000000000000142
15219, 0.0, -0.10000000000000142
15220, 0.0, -0.10000000000000142
15221, 0.0, -0.10000000000000142
15222, 0.10000000000000142, -0.10000000000000142
15223, 0.10000000000000142, -0.10000000000000142
15224, 0.10000000000000142, -0.10000000000000142
15225, 0.10000000000000142, -0.10000000000000142
15226, 0.10000000000000142, -0.10000000000000142
15227, 0.10000000000000142, -0.10000000000000142
15228, 0.10000000000000142, -0.10000000000000142
15229, 0.0, -0.10000000000000142
15230, 0.0, -0.10000000000000142
15231, 0.0, -0.10000000000000142
15232, 0.0, -0.10000000000000142
15233, 0.0, -0.10000000000000142
15234, 0.0, -0.10000000000000142
15235, 0.0, -0.10000000000000142
15236, 0.0, -0.10000000000000142
15237, 0.0, -0.10000000000000142
15238, 0.0, -0.10000000000000142
15239, 0.0, -0.10000000000000142
15240, 0.0, -0.10000000000000142
15241, -0.10000000000000142, -0.10000000000000142
15242, -0.10000000000000142, -0.10000000000000142
15243, -0.10000000000000142, -0.10000000000000142
15244, -0.10000000000000142, -0.10000000000000142
15245, -0.10000000000000142, 0.0
15246, -0.10000000000000142, 0.0
15247, -0.10000000000000142, 0.0
15248, -0.10000000000000142, 0.0
15249, -0.10000000000000142, 0.0
15250, -0.10000000000000142, 0.0
15251, -0.10000000000000142, 0.0
15252, -0.10000000000000142, 0.0
15253, -0.10000000000000142, 0.0
15254, -0.10000000000000142, 0.0
15255, -0.10000000000000142, 0.0
15256, -0.10000000000000142, 0.0
15257, -0.10000000000000142, 0.0
15258, -0.10000000000000142, 0.0
15259, -0.10000000000000142, 0.0
15260, -0.10000000000000142, 0.0
15261, -0.10000000000000142, 0.0
15262, -0.10000000000000142, 0.0
15263, -0.10000000000000142, 0.0
15264, -0.10000000000000142, 0.0
15265, -0.10000000000000142, 0.0
15266, -0.10000000000000142, 0.0
15267, -0.10000000000000142, 0.0
15268, -0.10000000000000142, 0.0
15269, -0.10000000000000142, 0.0
15270, -0.10000000000000142, 0.0
15271, -0.10000000000000142, 0.0
15272, -0.10000000000000142, 0.0
15273, -0.10000000000000142, 0.0
15274, -0.10000000000000142, 0.0
15275, -0.10000000000000142, 0.0
15276, -0.10000000000000142, 0.0
15277, -0.10000000000000142, 0.0
15278, -0.10000000000000142, 0.0
15279, -0.10000000000000142, 0.0
15280, -0.10000000000000142, 0.0
15281, -0.10000000000000142, 0.0
15282, -0.10000000000000142, 0.0
15283, -0.10000000000000142, 0.0
15284, -0.10000000000000142, 0.0
15285, 0.0, 0.0
15286, 0.0, 0.0
15287, 0.0, 0.0
15288, 0.0, -0.10000000000000142
15289, 0.0, -0.10000000000000142
15290, 0.0, -0.10000000000000142
15291, 0.0, -0.10000000000000142
15292, 0.0, -0.10000000000000142
15293, 0.0, -0.10000000000000142
15294, 0.0, -0.10000000000000142
15295, 0.0, -0.10000000000000142
15296, 0.0, -0.10000000000000142
15297, 0.0, 0.0
15298, 0.0, 0.0
15299, 0.0, -0.10000000000000142
15300, 0.0, -0.10000000000000142
15301, 0.0, -0.10000000000000142
15302, 0.0, -0.10000000000000142
15303, 0.0, -0.10000000000000142
15304, 0.0, -0.10000000000000142
15305, 0.0, -0.10000000000000142
15306, 0.0, -0.10000000000000142
15307, 0.0, -0.10000000000000142
15308, 0.0, -0.10000000000000142
15309, 0.0, -0.10000000000000142
15310, 0.0, 0.0
15311, 0.0, 0.0
15312, 0.0, 0.0
15313, 0.0, 0.0
15314, 0.0, 0.0
15315, 0.0, 0.0
15316, 0.0, 0.0
15317, 0.0, -0.10000000000000142
15318, 0.0, -0.10000000000000142
15319, 0.0, -0.10000000000000142
15320, 0.0, -0.10000000000000142
15321, 0.0, -0.10000000000000142
15322, -0.10000000000000142, -0.10000000000000142
15323, -0.10000000000000142, -0.10000000000000142
15324, -0.10000000000000142, -0.10000000000000142
15325, -0.10000000000000142, 0.0
15326, -0.10000000000000142, 0.0
15327, -0.10000000000000142, 0.0
15328, 0.0, 0.0
15329, 0.0, 0.0
15330, 0.0, 0.0
15331, 0.0, 0.0
15332, 0.0, 0.0
15333, 0.0, 0.0
15334, 0.0, 0.0
15335, 0.0, 0.0
15336, 0.0, 0.0
15337, 0.0, 0.0
15338, 0.0, 0.0
15339, 0.0, 0.0
15340, 0.0, 0.0
15341, -0.10000000000000142, 0.0
15342, -0.10000000000000142, 0.0
15343, -0.10000000000000142, -0.10000000000000142
15344, -0.10000000000000142, -0.10000000000000142
15345, -0.10000000000000142, -0.10000000000000142
15346, -0.10000000000000142, -0.1999999999999993
15347, -0.10000000000000142, -0.1999999999999993
15348, -0.10000000000000142, -0.1999999999999993
15349, -0.10000000000000142, -0.1999999999999993
15350, -0.10000000000000142, -0.1999999999999993
15351, -0.10000000000000142, -0.1999999999999993
15352, -0.10000000000000142, -0.1999999999999993
15353, -0.10000000000000142, -0.1999999999999993
15354, -0.10000000000000142, -0.1999999999999993
15355, -0.10000000000000142, -0.1999999999999993
15356, -0.10000000000000142, -0.1999999999999993
15357, -0.10000000000000142, -0.1999999999999993
15358, -0.10000000000000142, -0.1999999999999993
15359, -0.10000000000000142, -0.1999999999999993
15360, -0.10000000000000142, -0.1999999999999993
15361, -0.10000000000000142, -0.1999999999999993
15362, -0.10000000000000142, -0.1999999999999993
15363, -0.10000000000000142, -0.1999999999999993
15364, -0.10000000000000142, -0.1999999999999993
15365, -0.10000000000000142, -0.1999999999999993
15366, -0.10000000000000142, -0.1999999999999993
15367, -0.10000000000000142, -0.1999999999999993
15368, -0.10000000000000142, -0.1999999999999993
15369, -0.10000000000000142, -0.1999999999999993
15370, -0.10000000000000142, -0.1999999999999993
15371, -0.10000000000000142, -0.1999999999999993
15372, -0.10000000000000142, -0.1999999999999993
15373, -0.10000000000000142, -0.1999999999999993
15374, -0.10000000000000142, -0.1999999999999993
15375, -0.10000000000000142, -0.1999999999999993
15376, -0.10000000000000142, -0.1999999999999993
15377, -0.10000000000000142, -0.1999999999999993
15378, -0.10000000000000142, -0.1999999999999993
15379, -0.10000000000000142, -0.1999999999999993
15380, -0.10000000000000142, -0.1999999999999993
15381, -0.10000000000000142, -0.1999999999999993
15382, -0.10000000000000142, -0.1999999999999993
15383, -0.10000000000000142, -0.1999999999999993
15384, -0.10000000000000142, -0.3000000000000007
15385, -0.10000000000000142, -0.3000000000000007
15386, -0.10000000000000142, -0.3000000000000007
15387, -0.10000000000000142, -0.3000000000000007
15388, -0.10000000000000142, -0.3000000000000007
15389, -0.10000000000000142, -0.3000000000000007
15390, -0.10000000000000142, -0.3000000000000007
15391, -0.10000000000000142, -0.3000000000000007
15392, -0.10000000000000142, -0.1999999999999993
15393, -0.10000000000000142, -0.1999999999999993
15394, -0.10000000000000142, -0.1999999999999993
15395, -0.10000000000000142, -0.10000000000000142
15396, -0.10000000000000142, -0.10000000000000142
15397, -0.10000000000000142, -0.10000000000000142
15398, -0.10000000000000142, -0.10000000000000142
15399, -0.10000000000000142, -0.10000000000000142
15400, -0.10000000000000142, -0.10000000000000142
15401, -0.10000000000000142, -0.10000000000000142
15402, -0.10000000000000142, -0.10000000000000142
15403, -0.10000000000000142, 0.0
15404, -0.10000000000000142, 0.0
15405, -0.10000000000000142, 0.0
15406, -0.10000000000000142, 0.0
15407, -0.10000000000000142, 0.0
15408, -0.10000000000000142, 0.0
15409, -0.10000000000000142, 0.0
15410, -0.10000000000000142, 0.0
15411, -0.10000000000000142, 0.0
15412, -0.10000000000000142, 0.0
15413, -0.10000000000000142, 0.0
15414, -0.10000000000000142, 0.0
15415, -0.10000000000000142, 0.0
15416, -0.10000000000000142, 0.0
15417, -0.10000000000000142, 0.0
15418, 0.0, 0.0
15419, 0.0, 0.0
15420, 0.0, 0.0
15421, 0.0, 0.0
15422, 0.0, 0.0
15423, 0.0, 0.0
15424, 0.0, 0.0
15425, 0.0, 0.0
15426, 0.0, 0.0
15427, 0.0, 0.0
15428, 0.0, 0.0
15429, 0.0, -0.10000000000000142
15430, 0.10000000000000142, -0.10000000000000142
15431, 0.10000000000000142, -0.10000000000000142
15432, 0.10000000000000142, 0.0
15433, 0.10000000000000142, 0.0
15434, 0.10000000000000142, 0.0
15435, 0.0, 0.0
15436, 0.0, 0.0
15437, 0.0, 0.0
15438, 0.0, 0.0
15439, 0.0, 0.0
15440, 0.0, 0.10000000000000142
15441, 0.0, 0.0
15442, 0.0, 0.0
15443, 0.0, 0.0
15444, 0.0, 0.0
15445, 0.0, 0.0
15446, 0.0, 0.0
15447, 0.0, 0.0
15448, 0.0, 0.0
15449, 0.0, 0.0
15450, -0.10000000000000142, 0.0
15451, -0.10000000000000142, 0.0
15452, -0.10000000000000142, 0.0
15453, -0.10000000000000142, 0.0
15454, -0.10000000000000142, 0.0
15455, -0.10000000000000142, 0.0
15456, -0.10000000000000142, 0.0
15457, -0.10000000000000142, 0.0
15458, -0.10000000000000142, 0.0
15459, -0.10000000000000142, 0.0
15460, -0.10000000000000142, 0.0
15461, -0.10000000000000142, 0.0
15462, -0.10000000000000142, 0.0
15463, -0.10000000000000142, 0.0
15464, -0.10000000000000142, 0.0
15465, -0.10000000000000142, -0.10000000000000142
15466, -0.10000000000000142, 0.0
15467, -0.10000000000000142, 0.0
15468, -0.10000000000000142, 0.0
15469, -0.10000000000000142, 0.0
15470, -0.10000000000000142, 0.0
15471, -0.10000000000000142, 0.0
15472, -0.10000000000000142, 0.0
15473, -0.10000000000000142, 0.0
15474, -0.10000000000000142, 0.0
15475, -0.10000000000000142, 0.0
15476, -0.10000000000000142, 0.0
15477, -0.10000000000000142, 0.0
15478, -0.10000000000000142, -0.10000000000000142
15479, -0.10000000000000142, -0.10000000000000142
15480, -0.10000000000000142, -0.10000000000000142
15481, -0.10000000000000142, -0.10000000000000142
15482, 0.0, -0.10000000000000142
15483, 0.0, -0.10000000000000142
15484, 0.0, -0.10000000000000142
15485, 0.0, -0.10000000000000142
15486, 0.0, -0.10000000000000142
15487, 0.0, -0.10000000000000142
15488, 0.0, -0.10000000000000142
15489, 0.0, -0.10000000000000142
15490, -0.10000000000000142, -0.10000000000000142
15491, -0.10000000000000142, -0.10000000000000142
15492, -0.10000000000000142, 0.0
15493, -0.1999999999999993, 0.0
15494, -0.1999999999999993, 0.0
15495, -0.1999999999999993, 0.0
15496, -0.1999999999999993, 0.0
15497, -0.1999999999999993, 0.0
15498, -0.1999999999999993, 0.0
15499, -0.1999999999999993, 0.0
15500, -0.1999999999999993, 0.0
15501, -0.1999999999999993, 0.0
15502, -0.1999999999999993, 0.0
15503, -0.1999999999999993, 0.0
15504, -0.1999999999999993, 0.0
15505, -0.1999999999999993, -0.10000000000000142
15506, -0.1999999999999993, -0.10000000000000142
15507, -0.1999999999999993, -0.10000000000000142
15508, -0.1999999999999993, -0.10000000000000142
15509, -0.1999999999999993, -0.10000000000000142
15510, -0.1999999999999993, -0.10000000000000142
15511, -0.1999999999999993, -0.10000000000000142
15512, -0.10000000000000142, 0.0
15513, -0.10000000000000142, 0.0
15514, -0.10000000000000142, 0.0
15515, -0.10000000000000142, 0.0
15516, -0.10000000000000142, 0.0
15517, -0.10000000000000142, 0.0
15518, -0.10000000000000142, 0.0
15519, -0.10000000000000142, 0.0
15520, -0.10000000000000142, 0.0
15521, -0.10000000000000142, 0.0
15522, -0.10000000000000142, 0.0
15523, -0.10000000000000142, 0.0
15524, -0.10000000000000142, 0.0
15525, -0.10000000000000142, 0.0
15526, -0.10000000000000142, 0.0
15527, -0.10000000000000142, 0.0
15528, -0.10000000000000142, 0.0
15529, -0.10000000000000142, 0.0
15530, -0.10000000000000142, 0.0
15531, -0.10000000000000142, 0.0
15532, -0.10000000000000142, 0.0
15533, -0.10000000000000142, 0.0
15534, -0.10000000000000142, 0.0
15535, -0.10000000000000142, 0.0
15536, -0.10000000000000142, 0.0
15537, -0.10000000000000142, 0.0
15538, -0.10000000000000142, 0.0
15539, -0.10000000000000142, 0.0
15540, -0.10000000000000142, 0.0
15541, -0.10000000000000142, 0.0
15542, -0.10000000000000142, 0.0
15543, 0.0, 0.0
15544, 0.0, 0.0
15545, 0.0, 0.0
15546, 0.0, 0.0
15547, 0.0, 0.0
15548, 0.0, 0.0
15549, 0.0, 0.0
15550, 0.0, 0.0
15551, 0.0, 0.0
15552, 0.0, 0.0
15553, 0.0, 0.0
15554, 0.0, 0.0
15555, 0.0, 0.0
15556, 0.0, -0.10000000000000142
15557, 0.0, -0.10000000000000142
15558, -0.10000000000000142, -0.10000000000000142
15559, -0.10000000000000142, -0.10000000000000142
15560, -0.10000000000000142, -0.10000000000000142
15561, -0.10000000000000142, -0.10000000000000142
15562, -0.10000000000000142, -0.1999999999999993
15563, -0.10000000000000142, -0.1999999999999993
15564, -0.10000000000000142, -0.1999999999999993
15565, -0.10000000000000142, -0.10000000000000142
15566, -0.10000000000000142, -0.10000000000000142
15567, -0.10000000000000142, -0.10000000000000142
15568, -0.10000000000000142, -0.10000000000000142
15569, -0.10000000000000142, -0.10000000000000142
15570, -0.10000000000000142, -0.10000000000000142
15571, -0.10000000000000142, -0.10000000000000142
15572, -0.10000000000000142, -0.10000000000000142
15573, -0.10000000000000142, -0.10000000000000142
15574, -0.10000000000000142, -0.10000000000000142
15575, -0.10000000000000142, -0.10000000000000142
15576, -0.10000000000000142, -0.10000000000000142
15577, -0.10000000000000142, -0.10000000000000142
15578, -0.10000000000000142, -0.10000000000000142
15579, -0.10000000000000142, -0.10000000000000142
15580, -0.10000000000000142, -0.10000000000000142
15581, -0.10000000000000142, -0.10000000000000142
15582, -0.10000000000000142, -0.10000000000000142
15583, -0.10000000000000142, -0.10000000000000142
15584, -0.10000000000000142, -0.10000000000000142
15585, -0.10000000000000142, -0.10000000000000142
15586, -0.10000000000000142, -0.10000000000000142
15587, -0.10000000000000142, -0.10000000000000142
15588, 0.0, -0.10000000000000142
15589, 0.0, -0.10000000000000142
15590, 0.0, -0.10000000000000142
15591, 0.0, -0.10000000000000142
15592, 0.0, -0.10000000000000142
15593, 0.0, -0.10000000000000142
15594, 0.0, -0.10000000000000142
15595, 0.0, -0.10000000000000142
15596, 0.0, -0.10000000000000142
15597, 0.0, -0.10000000000000142
15598, 0.0, -0.10000000000000142
15599, 0.0, -0.10000000000000142
15600, 0.0, -0.10000000000000142
15601, 0.0, -0.10000000000000142
15602, 0.0, -0.10000000000000142
15603, 0.0, -0.10000000000000142
15604, 0.0, 0.0
15605, 0.0, 0.0
15606, 0.0, 0.0
15607, 0.0, 0.0
15608, 0.0, 0.0
15609, 0.0, 0.0
15610, 0.0, 0.0
15611, 0.0, 0.0
15612, 0.0, 0.0
15613, 0.0, 0.0
15614, 0.0, 0.0
15615, 0.0, 0.0
15616, 0.0, 0.0
15617, 0.0, -0.10000000000000142
15618, 0.0, -0.10000000000000142
15619, 0.0, -0.10000000000000142
15620, 0.0, -0.10000000000000142
15621, 0.0, -0.10000000000000142
15622, 0.0, -0.10000000000000142
15623, 0.0, -0.10000000000000142
15624, 0.0, -0.10000000000000142
15625, 0.0, -0.10000000000000142
15626, 0.0, -0.10000000000000142
15627, 0.0, -0.10000000000000142
15628, 0.0, -0.10000000000000142
15629, 0.0, -0.10000000000000142
15630, 0.0, -0.10000000000000142
15631, 0.0, -0.10000000000000142
15632, 0.0, -0.10000000000000142
15633, 0.0, -0.10000000000000142
15634, 0.0, -0.10000000000000142
15635, 0.0, -0.10000000000000142
15636, 0.0, 0.0
15637, 0.0, 0.0
15638, 0.0, 0.0
15639, 0.0, 0.0
15640, 0.0, 0.0
15641, 0.0, -0.10000000000000142
15642, 0.0, -0.10000000000000142
15643, 0.0, -0.10000000000000142
15644, 0.0, -0.10000000000000142
15645, 0.0, -0.10000000000000142
15646, 0.0, -0.10000000000000142
15647, 0.0, -0.10000000000000142
15648, 0.0, -0.10000000000000142
15649, 0.0, -0.10000000000000142
15650, 0.0, -0.10000000000000142
15651, 0.0, -0.10000000000000142
15652, 0.0, -0.10000000000000142
15653, 0.0, -0.10000000000000142
15654, 0.10000000000000142, -0.10000000000000142
15655, 0.10000000000000142, -0.10000000000000142
15656, 0.10000000000000142, -0.10000000000000142
15657, 0.10000000000000142, -0.10000000000000142
15658, 0.10000000000000142, -0.10000000000000142
15659, 0.0, -0.10000000000000142
15660, 0.0, -0.10000000000000142
15661, 0.0, -0.10000000000000142
15662, 0.0, -0.10000000000000142
15663, 0.0, -0.10000000000000142
15664, 0.0, -0.10000000000000142
15665, 0.0, -0.10000000000000142
15666, 0.0, -0.10000000000000142
15667, 0.0, -0.10000000000000142
15668, 0.0, -0.10000000000000142
15669, 0.0, -0.10000000000000142
15670, 0.10000000000000142, -0.10000000000000142
15671, 0.10000000000000142, -0.10000000000000142
15672, 0.10000000000000142, -0.10000000000000142
15673, 0.10000000000000142, -0.10000000000000142
15674, 0.10000000000000142, -0.10000000000000142
15675, 0.10000000000000142, -0.10000000000000142
15676, 0.10000000000000142, -0.10000000000000142
15677, 0.10000000000000142, -0.10000000000000142
15678, 0.10000000000000142, -0.10000000000000142
15679, 0.10000000000000142, -0.10000000000000142
15680, 0.10000000000000142, -0.10000000000000142
15681, 0.10000000000000142, -0.10000000000000142
15682, 0.10000000000000142, -0.10000000000000142
15683, 0.10000000000000142, -0.10000000000000142
15684, 0.10000000000000142, -0.10000000000000142
15685, 0.10000000000000142, -0.10000000000000142
15686, 0.10000000000000142, -0.10000000000000142
15687, 0.10000000000000142, -0.10000000000000142
15688, 0.0, -0.10000000000000142
15689, 0.0, -0.10000000000000142
15690, 0.0, -0.10000000000000142
15691, 0.0, -0.10000000000000142
15692, 0.0, -0.10000000000000142
15693, 0.0, -0.10000000000000142
15694, 0.0, -0.10000000000000142
15695, 0.0, -0.10000000000000142
15696, 0.0, -0.10000000000000142
15697, 0.0, -0.10000000000000142
15698, 0.0, -0.10000000000000142
15699, 0.0, -0.10000000000000142
15700, 0.0, -0.10000000000000142
15701, 0.0, -0.10000000000000142
15702, 0.0, -0.10000000000000142
15703, 0.0, -0.10000000000000142
15704, 0.0, -0.10000000000000142
15705, 0.0, -0.10000000000000142
15706, 0.0, -0.10000000000000142
15707, 0.0, -0.10000000000000142
15708, 0.0, -0.10000000000000142
15709, 0.0, -0.10000000000000142
15710, 0.0, -0.10000000000000142
15711, 0.0, -0.10000000000000142
15712, 0.0, -0.10000000000000142
15713, 0.0, -0.10000000000000142
15714, 0.0, -0.10000000000000142
15715, 0.0, -0.10000000000000142
15716, 0.0, -0.10000000000000142
15717, 0.0, -0.10000000000000142
15718, 0.0, 0.0
15719, 0.0, 0.0
15720, 0.0, 0.0
15721, 0.0, 0.0
15722, 0.0, 0.0
15723, 0.0, 0.0
15724, 0.0, 0.0
15725, 0.0, 0.0
15726, 0.0, 0.0
15727, 0.0, 0.0
15728, 0.0, 0.0
15729, 0.0, 0.0
15730, 0.0, 0.0
15731, 0.0, 0.0
15732, 0.0, 0.0
15733, 0.0, 0.0
15734, 0.0, 0.0
15735, 0.0, 0.0
15736, 0.0, 0.0
15737, 0.0, 0.0
15738, 0.0, 0.0
15739, 0.0, -0.10000000000000142
15740, 0.0, -0.10000000000000142
15741, 0.0, -0.10000000000000142
15742, 0.0, -0.10000000000000142
15743, -0.10000000000000142, -0.10000000000000142
15744, -0.10000000000000142, -0.10000000000000142
15745, -0.10000000000000142, -0.10000000000000142
15746, -0.10000000000000142, -0.10000000000000142
15747, -0.10000000000000142, -0.10000000000000142
15748, -0.10000000000000142, -0.10000000000000142
15749, -0.10000000000000142, -0.10000000000000142
15750, -0.10000000000000142, -0.10000000000000142
15751, -0.10000000000000142, -0.10000000000000142
15752, -0.10000000000000142, -0.10000000000000142
15753, -0.10000000000000142, -0.10000000000000142
15754, -0.10000000000000142, -0.10000000000000142
15755, -0.10000000000000142, -0.10000000000000142
15756, -0.10000000000000142, -0.10000000000000142
15757, -0.10000000000000142, -0.10000000000000142
15758, -0.10000000000000142, -0.10000000000000142
15759, -0.10000000000000142, -0.10000000000000142
15760, -0.10000000000000142, -0.10000000000000142
15761, 0.0, -0.10000000000000142
15762, 0.0, -0.10000000000000142
15763, 0.0, -0.10000000000000142
15764, 0.0, -0.10000000000000142
15765, 0.0, -0.10000000000000142
15766, 0.0, -0.10000000000000142
15767, 0.0, -0.10000000000000142
15768, 0.0, -0.10000000000000142
15769, 0.0, -0.10000000000000142
15770, 0.0, -0.10000000000000142
15771, 0.0, -0.10000000000000142
15772, 0.0, 0.0
15773, 0.0, 0.0
15774, 0.0, 0.0
15775, 0.0, 0.0
15776, 0.0, -0.10000000000000142
15777, 0.0, -0.10000000000000142
15778, 0.0, -0.10000000000000142
15779, 0.0, -0.10000000000000142
15780, 0.0, -0.10000000000000142
15781, 0.0, -0.10000000000000142
15782, 0.0, -0.10000000000000142
15783, 0.0, -0.10000000000000142
15784, 0.0, -0.10000000000000142
15785, 0.0, -0.10000000000000142
15786, 0.0, -0.10000000000000142
15787, 0.0, -0.10000000000000142
15788, 0.0, -0.10000000000000142
15789, 0.0, -0.10000000000000142
15790, 0.0, -0.10000000000000142
15791, 0.0, -0.10000000000000142
15792, 0.0, -0.10000000000000142
15793, 0.0, -0.10000000000000142
15794, 0.0, -0.10000000000000142
15795, 0.0, -0.10000000000000142
15796, 0.0, -0.10000000000000142
15797, 0.0, -0.10000000000000142
15798, 0.0, -0.10000000000000142
15799, 0.0, -0.10000000000000142
15800, 0.0, -0.10000000000000142
15801, 0.0, -0.10000000000000142
15802, 0.0, -0.10000000000000142
15803, 0.0, -0.10000000000000142
15804, -0.10000000000000142, -0.10000000000000142
15805, -0.10000000000000142, -0.10000000000000142
15806, -0.10000000000000142, -0.10000000000000142
15807, -0.10000000000000142, -0.10000000000000142
15808, -0.10000000000000142, -0.10000000000000142
15809, -0.10000000000000142, -0.10000000000000142
15810, -0.10000000000000142, -0.10000000000000142
15811, -0.10000000000000142, -0.10000000000000142
15812, -0.10000000000000142, -0.10000000000000142
15813, -0.10000000000000142, -0.1999999999999993
15814, -0.10000000000000142, -0.1999999999999993
15815, -0.10000000000000142, -0.1999999999999993
15816, -0.10000000000000142, -0.1999999999999993
15817, -0.10000000000000142, -0.1999999999999993
15818, -0.10000000000000142, -0.1999999999999993
15819, -0.10000000000000142, -0.1999999999999993
15820, -0.10000000000000142, -0.1999999999999993
15821, -0.10000000000000142, -0.1999999999999993
15822, -0.10000000000000142, -0.1999999999999993
15823, -0.10000000000000142, -0.1999999999999993
15824, -0.10000000000000142, -0.1999999999999993
15825, -0.10000000000000142, -0.1999999999999993
15826, -0.10000000000000142, -0.1999999999999993
15827, -0.10000000000000142, -0.1999999999999993
15828, -0.10000000000000142, -0.1999999999999993
15829, -0.10000000000000142, -0.1999999999999993
15830, -0.10000000000000142, -0.1999999999999993
15831, -0.10000000000000142, -0.1999999999999993
15832, -0.10000000000000142, -0.1999999999999993
15833, -0.10000000000000142, -0.1999999999999993
15834, -0.10000000000000142, -0.1999999999999993
15835, -0.10000000000000142, -0.1999999999999993
15836, 0.0, -0.1999999999999993
15837, 0.0, 0.0
15838, 0.0, 0.0
15839, 0.0, 0.0
15840, 0.0, 0.0
15841, 0.0, 0.0
15842, 0.0, 0.0
15843, 0.0, -0.10000000000000142
15844, 0.0, -0.10000000000000142
15845, 0.0, -0.10000000000000142
15846, 0.0, -0.10000000000000142
15847, 0.0, -0.10000000000000142
15848, 0.0, -0.10000000000000142
15849, 0.0, -0.10000000000000142
15850, 0.0, -0.10000000000000142
15851, 0.0, -0.10000000000000142
15852, 0.0, -0.10000000000000142
15853, 0.0, -0.10000000000000142
15854, 0.0, -0.10000000000000142
15855, 0.0, -0.10000000000000142
15856, 0.0, -0.10000000000000142
15857, 0.0, -0.10000000000000142
15858, 0.0, -0.10000000000000142
15859, 0.0, -0.10000000000000142
15860, 0.0, -0.10000000000000142
15861, 0.10000000000000142, -0.10000000000000142
15862, 0.10000000000000142, -0.10000000000000142
15863, 0.10000000000000142, -0.10000000000000142
15864, 0.10000000000000142, -0.10000000000000142
15865, 0.10000000000000142, -0.10000000000000142
15866, 0.10000000000000142, -0.10000000000000142
15867, 0.10000000000000142, -0.10000000000000142
15868, 0.10000000000000142, -0.10000000000000142
15869, 0.10000000000000142, 0.0
15870, 0.10000000000000142, 0.0
15871, 0.10000000000000142, 0.0
15872, 0.10000000000000142, 0.0
15873, 0.10000000000000142, 0.0
15874, 0.10000000000000142, 0.0
15875, 0.10000000000000142, 0.0
15876, 0.10000000000000142, 0.0
15877, 0.10000000000000142, 0.0
15878, 0.10000000000000142, 0.0
15879, 0.10000000000000142, 0.0
15880, 0.10000000000000142, 0.0
15881, 0.10000000000000142, 0.0
15882, 0.10000000000000142, 0.0
15883, 0.10000000000000142, 0.0
15884, 0.10000000000000142, 0.0
15885, 0.10000000000000142, 0.0
15886, 0.10000000000000142, 0.0
15887, 0.10000000000000142, 0.0
15888, 0.0, 0.0
15889, 0.0, -0.10000000000000142
15890, 0.0, -0.10000000000000142
15891, 0.0, -0.10000000000000142
15892, 0.0, -0.10000000000000142
15893, 0.0, -0.10000000000000142
15894, 0.0, -0.10000000000000142
15895, 0.0, -0.10000000000000142
15896, 0.0, -0.10000000000000142
15897, 0.0, -0.10000000000000142
15898, 0.0, -0.10000000000000142
15899, 0.0, -0.10000000000000142
15900, 0.0, -0.10000000000000142
15901, 0.0, -0.10000000000000142
15902, 0.0, -0.10000000000000142
15903, 0.0, -0.10000000000000142
15904, 0.0, -0.10000000000000142
15905, 0.0, -0.10000000000000142
15906, 0.0, -0.10000000000000142
15907, 0.0, -0.10000000000000142
15908, 0.0, -0.10000000000000142
15909, 0.0, -0.10000000000000142
15910, 0.0, -0.10000000000000142
15911, 0.0, -0.10000000000000142
15912, 0.0, -0.10000000000000142
15913, 0.0, -0.10000000000000142
15914, 0.0, -0.10000000000000142
15915, 0.0, -0.10000000000000142
15916, 0.0, -0.10000000000000142
15917, 0.0, -0.10000000000000142
15918, 0.0, -0.10000000000000142
15919, 0.0, -0.10000000000000142
15920, 0.0, -0.10000000000000142
15921, 0.0, -0.10000000000000142
15922, 0.0, -0.10000000000000142
15923, 0.0, -0.10000000000000142
15924, 0.0, -0.10000000000000142
15925, 0.0, -0.10000000000000142
15926, 0.0, -0.10000000000000142
15927, 0.0, -0.10000000000000142
15928, 0.0, -0.10000000000000142
15929, 0.0, -0.10000000000000142
15930, 0.0, -0.10000000000000142
15931, 0.0, -0.10000000000000142
15932, -0.10000000000000142, -0.10000000000000142
15933, -0.10000000000000142, -0.10000000000000142
15934, -0.10000000000000142, -0.10000000000000142
15935, -0.10000000000000142, -0.10000000000000142
15936, -0.10000000000000142, -0.10000000000000142
15937, -0.10000000000000142, -0.10000000000000142
15938, -0.10000000000000142, -0.10000000000000142
15939, -0.10000000000000142, -0.10000000000000142
15940, -0.10000000000000142, -0.10000000000000142
15941, -0.10000000000000142, -0.10000000000000142
15942, -0.10000000000000142, -0.10000000000000142
15943, -0.10000000000000142, -0.10000000000000142
15944, -0.10000000000000142, -0.10000000000000142
15945, -0.10000000000000142, -0.10000000000000142
15946, -0.10000000000000142, -0.10000000000000142
15947, -0.10000000000000142, -0.10000000000000142
15948, -0.10000000000000142, -0.10000000000000142
15949, -0.10000000000000142, -0.10000000000000142
15950, -0.10000000000000142, -0.10000000000000142
15951, -0.10000000000000142, -0.10000000000000142
15952, -0.10000000000000142, -0.10000000000000142
15953, -0.10000000000000142, -0.10000000000000142
15954, -0.10000000000000142, -0.10000000000000142
15955, -0.10000000000000142, -0.10000000000000142
15956, 0.0, -0.10000000000000142
15957, 0.0, -0.10000000000000142
15958, 0.0, -0.10000000000000142
15959, 0.0, -0.10000000000000142
15960, 0.0, -0.10000000000000142
15961, 0.0, -0.10000000000000142
15962, 0.0, -0.10000000000000142
15963, 0.0, -0.10000000000000142
15964, 0.0, -0.1999999999999993
15965, 0.0, -0.1999999999999993
15966, 0.0, -0.1999999999999993
15967, 0.0, -0.10000000000000142
15968, 0.0, -0.10000000000000142
15969, 0.0, -0.10000000000000142
15970, 0.0, -0.10000000000000142
15971, 0.0, -0.10000000000000142
15972, 0.0, -0.10000000000000142
15973, 0.0, -0.10000000000000142
15974, 0.0, -0.10000000000000142
15975, 0.0, -0.10000000000000142
15976, 0.0, -0.10000000000000142
15977, 0.0, -0.10000000000000142
15978, 0.0, -0.10000000000000142
15979, 0.0, -0.10000000000000142
15980, 0.0, -0.10000000000000142
15981, 0.0, -0.10000000000000142
15982, 0.0, -0.10000000000000142
15983, 0.0, -0.10000000000000142
15984, 0.0, -0.10000000000000142
15985, 0.0, -0.10000000000000142
15986, 0.0, -0.10000000000000142
15987, 0.0, 0.0
15988, 0.0, 0.0
15989, 0.0, 0.0
15990, 0.0, 0.0
15991, 0.0, 0.0
15992, 0.0, 0.0
15993, 0.0, -0.10000000000000142
15994, 0.0, -0.10000000000000142
15995, 0.0, -0.10000000000000142
15996, 0.0, -0.10000000000000142
15997, 0.0, -0.10000000000000142
15998, 0.0, -0.10000000000000142
15999, 0.0, -0.10000000000000142
16000, 0.0, -0.1999999999999993
16001, 0.0, -0.1999999999999993
16002, 0.0, -0.1999999999999993
16003, 0.0, -0.1999999999999993
16004, 0.0, -0.1999999999999993
16005, 0.0, -0.1999999999999993
16006, 0.0, -0.1999999999999993
16007, -0.10000000000000142, -0.10000000000000142
16008, -0.10000000000000142, -0.10000000000000142
16009, -0.10000000000000142, -0.10000000000000142
16010, -0.10000000000000142, -0.10000000000000142
16011, -0.10000000000000142, -0.10000000000000142
16012, -0.10000000000000142, -0.10000000000000142
16013, -0.10000000000000142, -0.10000000000000142
16014, -0.10000000000000142, -0.10000000000000142
16015, -0.10000000000000142, -0.10000000000000142
16016, -0.10000000000000142, -0.10000000000000142
16017, -0.10000000000000142, -0.10000000000000142
16018, -0.10000000000000142, -0.10000000000000142
16019, -0.10000000000000142, -0.10000000000000142
16020, -0.10000000000000142, -0.10000000000000142
16021, -0.10000000000000142, -0.10000000000000142
16022, -0.10000000000000142, -0.10000000000000142
16023, -0.10000000000000142, -0.10000000000000142
16024, -0.10000000000000142, -0.10000000000000142
16025, -0.10000000000000142, -0.10000000000000142
16026, -0.10000000000000142, -0.10000000000000142
16027, -0.10000000000000142, -0.10000000000000142
16028, -0.10000000000000142, -0.10000000000000142
16029, -0.10000000000000142, -0.10000000000000142
16030, -0.10000000000000142, -0.10000000000000142
16031, -0.10000000000000142, -0.10000000000000142
16032, -0.10000000000000142, -0.1999999999999993
16033, -0.10000000000000142, -0.1999999999999993
16034, -0.10000000000000142, -0.1999999999999993
16035, -0.10000000000000142, -0.1999999999999993
16036, -0.10000000000000142, -0.1999999999999993
16037, -0.10000000000000142, -0.1999999999999993
16038, -0.10000000000000142, -0.1999999999999993
16039, -0.10000000000000142, -0.1999999999999993
16040, -0.10000000000000142, -0.1999999999999993
16041, -0.10000000000000142, -0.1999999999999993
16042, -0.10000000000000142, 0.0
16043, -0.10000000000000142, 0.0
16044, -0.10000000000000142, 0.0
16045, 0.0, 0.0
16046, 0.0, 0.0
16047, 0.0, 0.0
16048, 0.0, 0.0
16049, 0.0, 0.0
16050, 0.0, 0.0
16051, 0.0, 0.0
16052, 0.0, 0.0
16053, 0.0, 0.0
16054, 0.0, 0.0
16055, 0.0, 0.0
16056, 0.0, -0.10000000000000142
16057, 0.0, -0.10000000000000142
16058, 0.0, -0.10000000000000142
16059, 0.0, -0.10000000000000142
16060, 0.0, -0.10000000000000142
16061, 0.0, -0.10000000000000142
16062, 0.0, -0.10000000000000142
16063, 0.0, -0.10000000000000142
16064, 0.0, -0.10000000000000142
16065, 0.0, -0.10000000000000142
16066, 0.0, -0.10000000000000142
16067, 0.0, -0.10000000000000142
16068, 0.0, -0.10000000000000142
16069, 0.0, -0.10000000000000142
16070, 0.0, -0.10000000000000142
16071, 0.0, -0.10000000000000142
16072, 0.0, -0.10000000000000142
16073, 0.0, -0.10000000000000142
16074, 0.0, -0.10000000000000142
16075, 0.0, -0.10000000000000142
16076, 0.0, -0.10000000000000142
16077, 0.0, -0.10000000000000142
16078, 0.0, -0.10000000000000142
16079, 0.0, -0.10000000000000142
16080, 0.0, -0.10000000000000142
16081, 0.0, -0.10000000000000142
16082, 0.0, -0.10000000000000142
16083, 0.0, -0.10000000000000142
16084, 0.0, -0.10000000000000142
16085, 0.0, -0.10000000000000142
16086, 0.0, -0.10000000000000142
16087, 0.0, -0.10000000000000142
16088, 0.0, -0.10000000000000142
16089, 0.0, -0.10000000000000142
16090, 0.0, -0.10000000000000142
16091, 0.0, -0.10000000000000142
16092, 0.0, -0.10000000000000142
16093, 0.0, -0.10000000000000142
16094, 0.0, -0.10000000000000142
16095, 0.0, 0.0
16096, 0.0, 0.0
16097, 0.0, 0.0
16098, 0.0, 0.0
16099, 0.0, 0.0
16100, 0.0, 0.0
16101, 0.0, 0.0
16102, 0.0, 0.0
16103, 0.0, 0.0
16104, 0.0, 0.0
16105, 0.0, 0.0
16106, 0.0, 0.0
16107, 0.10000000000000142, 0.0
16108, 0.10000000000000142, 0.0
16109, 0.10000000000000142, 0.0
16110, 0.10000000000000142, 0.0
16111, 0.10000000000000142, 0.0
16112, 0.10000000000000142, 0.0
16113, 0.10000000000000142, 0.0
16114, 0.10000000000000142, 0.0
16115, 0.10000000000000142, 0.0
16116, 0.10000000000000142, 0.0
16117, 0.10000000000000142, 0.0
16118, 0.10000000000000142, 0.0
16119, 0.0, 0.0
16120, 0.0, 0.0
16121, 0.0, 0.0
16122, 0.0, 0.0
16123, 0.0, 0.0
16124, 0.0, 0.0
16125, 0.0, 0.0
16126, 0.0, 0.0
16127, 0.0, 0.0
16128, 0.0, 0.0
16129, 0.0, 0.0
16130, 0.0, 0.0
16131, 0.0, 0.0
16132, 0.0, 0.0
16133, 0.0, 0.0
16134, 0.0, 0.0
16135, 0.0, 0.0
16136, 0.0, 0.0
16137, 0.0, 0.0
16138, -0.10000000000000142, -0.10000000000000142
16139, -0.10000000000000142, -0.10000000000000142
16140, -0.10000000000000142, -0.10000000000000142
16141, -0.10000000000000142, -0.10000000000000142
16142, -0.10000000000000142, -0.10000000000000142
16143, -0.10000000000000142, -0.10000000000000142
16144, -0.10000000000000142, -0.10000000000000142
16145, -0.10000000000000142, -0.10000000000000142
16146, -0.1999999999999993, -0.10000000000000142
16147, -0.1999999999999993, -0.10000000000000142
16148, -0.1999999999999993, -0.10000000000000142
16149, -0.10000000000000142, -0.10000000000000142
16150, -0.10000000000000142, -0.10000000000000142
16151, -0.10000000000000142, -0.10000000000000142
16152, -0.10000000000000142, -0.10000000000000142
16153, -0.10000000000000142, -0.10000000000000142
16154, -0.10000000000000142, -0.10000000000000142
16155, -0.10000000000000142, -0.10000000000000142
16156, -0.10000000000000142, -0.10000000000000142
16157, -0.10000000000000142, -0.10000000000000142
16158, -0.10000000000000142, -0.10000000000000142
16159, -0.10000000000000142, -0.10000000000000142
16160, -0.10000000000000142, -0.10000000000000142
16161, -0.10000000000000142, -0.10000000000000142
16162, -0.10000000000000142, -0.10000000000000142
16163, -0.10000000000000142, -0.10000000000000142
16164, -0.10000000000000142, -0.10000000000000142
16165, -0.10000000000000142, -0.10000000000000142
16166, -0.10000000000000142, -0.10000000000000142
16167, -0.10000000000000142, -0.10000000000000142
16168, -0.10000000000000142, -0.10000000000000142
16169, -0.10000000000000142, -0.10000000000000142
16170, -0.10000000000000142, -0.10000000000000142
16171, -0.10000000000000142, -0.10000000000000142
16172, -0.10000000000000142, -0.10000000000000142
16173, 0.0, -0.10000000000000142
16174, 0.0, -0.10000000000000142
16175, 0.0, -0.10000000000000142
16176, 0.0, -0.10000000000000142
16177, 0.0, -0.10000000000000142
16178, 0.0, -0.10000000000000142
16179, 0.0, -0.10000000000000142
16180, 0.0, -0.10000000000000142
16181, 0.0, -0.10000000000000142
16182, 0.0, -0.10000000000000142
16183, 0.0, -0.10000000000000142
16184, 0.0, -0.10000000000000142
16185, 0.0, -0.10000000000000142
16186, 0.0, -0.10000000000000142
16187, 0.0, -0.10000000000000142
16188, 0.0, 0.0
16189, 0.0, 0.0
16190, 0.0, -0.10000000000000142
16191, 0.0, -0.10000000000000142
16192, 0.0, -0.10000000000000142
16193, 0.0, -0.10000000000000142
16194, 0.0, -0.10000000000000142
16195, 0.0, -0.10000000000000142
16196, 0.0, -0.10000000000000142
16197, 0.0, -0.10000000000000142
16198, 0.0, -0.10000000000000142
16199, -0.10000000000000142, -0.1999999999999993
16200, -0.10000000000000142, -0.1999999999999993
16201, -0.10000000000000142, -0.1999999999999993
16202, -0.10000000000000142, -0.1999999999999993
16203, -0.10000000000000142, -0.1999999999999993
16204, -0.10000000000000142, -0.10000000000000142
16205, -0.10000000000000142, -0.10000000000000142
16206, -0.10000000000000142, -0.10000000000000142
16207, -0.10000000000000142, -0.10000000000000142
16208, -0.10000000000000142, -0.10000000000000142
16209, -0.10000000000000142, -0.10000000000000142
16210, -0.10000000000000142, -0.10000000000000142
16211, -0.10000000000000142, -0.10000000000000142
16212, -0.10000000000000142, -0.10000000000000142
16213, -0.10000000000000142, -0.10000000000000142
16214, -0.10000000000000142, -0.10000000000000142
16215, -0.10000000000000142, -0.10000000000000142
16216, -0.10000000000000142, -0.10000000000000142
16217, -0.10000000000000142, -0.10000000000000142
16218, -0.10000000000000142, -0.10000000000000142
16219, -0.10000000000000142, -0.10000000000000142
16220, -0.10000000000000142, -0.10000000000000142
16221, -0.10000000000000142, -0.10000000000000142
16222, -0.10000000000000142, -0.10000000000000142
16223, -0.10000000000000142, -0.10000000000000142
16224, -0.10000000000000142, -0.10000000000000142
16225, -0.10000000000000142, -0.10000000000000142
16226, -0.10000000000000142, -0.10000000000000142
16227, -0.10000000000000142, -0.10000000000000142
16228, -0.10000000000000142, -0.10000000000000142
16229, -0.10000000000000142, -0.10000000000000142
16230, -0.10000000000000142, -0.10000000000000142
16231, -0.10000000000000142, -0.10000000000000142
16232, 0.0, -0.10000000000000142
16233, 0.0, -0.10000000000000142
16234, 0.0, -0.10000000000000142
16235, 0.0, -0.1999999999999993
16236, 0.0, -0.1999999999999993
16237, 0.0, -0.1999999999999993
16238, 0.0, -0.1999999999999993
16239, 0.0, -0.1999999999999993
16240, -0.10000000000000142, -0.1999999999999993
16241, -0.10000000000000142, -0.1999999999999993
16242, -0.10000000000000142, -0.1999999999999993
16243, -0.10000000000000142, -0.1999999999999993
16244, -0.10000000000000142, -0.1999999999999993
16245, -0.10000000000000142, -0.1999999999999993
16246, -0.10000000000000142, -0.1999999999999993
16247, -0.10000000000000142, -0.1999999999999993
16248, -0.10000000000000142, -0.10000000000000142
16249, -0.10000000000000142, -0.10000000000000142
16250, -0.10000000000000142, -0.10000000000000142
16251, -0.10000000000000142, -0.10000000000000142
16252, -0.10000000000000142, -0.10000000000000142
16253, -0.10000000000000142, -0.10000000000000142
16254, -0.10000000000000142, -0.10000000000000142
16255, -0.10000000000000142, -0.10000000000000142
16256, -0.10000000000000142, -0.10000000000000142
16257, -0.10000000000000142, -0.10000000000000142
16258, -0.10000000000000142, -0.10000000000000142
16259, -0.10000000000000142, -0.10000000000000142
16260, 0.0, -0.10000000000000142
16261, 0.0, 0.0
16262, 0.0, 0.0
16263, 0.0, -0.10000000000000142
16264, 0.0, -0.10000000000000142
16265, 0.0, -0.10000000000000142
16266, 0.0, -0.10000000000000142
16267, 0.0, -0.10000000000000142
16268, 0.0, -0.10000000000000142
16269, 0.0, -0.10000000000000142
16270, 0.0, -0.10000000000000142
16271, 0.0, -0.10000000000000142
16272, 0.0, -0.10000000000000142
16273, 0.0, -0.10000000000000142
16274, 0.0, -0.10000000000000142
16275, 0.0, -0.10000000000000142
16276, 0.0, -0.10000000000000142
16277, 0.0, -0.10000000000000142
16278, 0.0, -0.10000000000000142
16279, 0.0, -0.10000000000000142
16280, -0.10000000000000142, -0.10000000000000142
16281, -0.10000000000000142, -0.10000000000000142
16282, -0.10000000000000142, -0.10000000000000142
16283, 0.0, -0.10000000000000142
16284, 0.0, -0.10000000000000142
16285, 0.0, -0.10000000000000142
16286, 0.0, -0.10000000000000142
16287, 0.0, -0.10000000000000142
16288, 0.0, -0.10000000000000142
16289, 0.0, -0.10000000000000142
16290, 0.0, -0.10000000000000142
16291, 0.0, -0.10000000000000142
16292, 0.0, -0.10000000000000142
16293, 0.0, -0.10000000000000142
16294, 0.0, -0.10000000000000142
16295, 0.0, -0.10000000000000142
16296, 0.0, -0.10000000000000142
16297, 0.0, -0.10000000000000142
16298, 0.0, -0.10000000000000142
16299, 0.0, -0.10000000000000142
16300, 0.0, 0.0
16301, 0.0, 0.0
16302, -0.10000000000000142, 0.0
16303, -0.10000000000000142, 0.0
16304, -0.10000000000000142, 0.0
16305, -0.10000000000000142, 0.0
16306, -0.10000000000000142, 0.0
16307, -0.10000000000000142, 0.0
16308, -0.10000000000000142, 0.0
16309, -0.10000000000000142, 0.0
16310, -0.10000000000000142, 0.0
16311, -0.10000000000000142, 0.0
16312, -0.10000000000000142, 0.0
16313, -0.10000000000000142, 0.0
16314, -0.10000000000000142, 0.0
16315, -0.10000000000000142, 0.0
16316, -0.10000000000000142, 0.0
16317, -0.10000000000000142, -0.10000000000000142
16318, -0.10000000000000142, -0.10000000000000142
16319, -0.10000000000000142, -0.10000000000000142
16320, -0.10000000000000142, -0.10000000000000142
16321, -0.10000000000000142, -0.10000000000000142
16322, -0.10000000000000142, -0.10000000000000142
16323, -0.10000000000000142, -0.10000000000000142
16324, -0.10000000000000142, 0.0
16325, -0.10000000000000142, 0.0
16326, -0.10000000000000142, 0.0
16327, -0.10000000000000142, 0.0
16328, -0.10000000000000142, 0.0
16329, -0.10000000000000142, 0.0
16330, -0.10000000000000142, 0.0
16331, -0.10000000000000142, 0.0
16332, 0.0, 0.0
16333, 0.0, 0.0
16334, 0.0, 0.0
16335, 0.0, -0.10000000000000142
16336, 0.0, -0.10000000000000142
16337, 0.0, -0.10000000000000142
16338, 0.0, -0.10000000000000142
16339, 0.0, -0.10000000000000142
16340, 0.0, -0.10000000000000142
16341, 0.0, -0.10000000000000142
16342, 0.0, -0.10000000000000142
16343, 0.0, 0.0
16344, 0.0, 0.0
16345, 0.0, -0.10000000000000142
16346, 0.0, -0.10000000000000142
16347, 0.0, -0.10000000000000142
16348, 0.0, -0.10000000000000142
16349, 0.0, -0.10000000000000142
16350, 0.0, -0.10000000000000142
16351, 0.0, -0.10000000000000142
16352, 0.0, -0.10000000000000142
16353, 0.0, -0.10000000000000142
16354, 0.0, -0.10000000000000142
16355, 0.0, -0.10000000000000142
16356, 0.0, -0.10000000000000142
16357, 0.0, -0.10000000000000142
16358, 0.0, -0.10000000000000142
16359, 0.0, -0.10000000000000142
16360, 0.10000000000000142, -0.10000000000000142
16361, 0.10000000000000142, -0.10000000000000142
16362, 0.10000000000000142, -0.10000000000000142
16363, 0.10000000000000142, -0.10000000000000142
16364, 0.10000000000000142, -0.1999999999999993
16365, 0.10000000000000142, -0.10000000000000142
16366, 0.10000000000000142, -0.10000000000000142
16367, 0.10000000000000142, -0.10000000000000142
16368, 0.10000000000000142, -0.10000000000000142
16369, 0.10000000000000142, -0.10000000000000142
16370, 0.10000000000000142, -0.10000000000000142
16371, 0.10000000000000142, -0.10000000000000142
16372, 0.10000000000000142, -0.10000000000000142
16373, 0.0, -0.10000000000000142
16374, 0.0, -0.10000000000000142
16375, 0.0, -0.10000000000000142
16376, 0.0, -0.10000000000000142
16377, 0.0, -0.10000000000000142
16378, 0.0, -0.10000000000000142
16379, 0.0, -0.10000000000000142
16380, 0.0, -0.10000000000000142
16381, 0.0, -0.10000000000000142
16382, 0.0, -0.10000000000000142
16383, 0.0, -0.10000000000000142
16384, 0.0, -0.10000000000000142
16385, 0.0, -0.10000000000000142
16386, 0.0, -0.10000000000000142
16387, 0.0, -0.10000000000000142
16388, 0.0, -0.10000000000000142
16389, 0.0, -0.10000000000000142
16390, 0.0, -0.10000000000000142
16391, 0.0, -0.10000000000000142
16392, 0.0, -0.10000000000000142
16393, 0.0, -0.10000000000000142
16394, 0.0, -0.10000000000000142
16395, 0.0, -0.10000000000000142
16396, 0.0, -0.10000000000000142
16397, 0.0, 0.0
16398, 0.0, 0.0
16399, 0.0, 0.0
16400, 0.0, 0.0
16401, 0.0, 0.0
16402, 0.0, 0.0
16403, 0.0, 0.0
16404, 0.0, 0.0
16405, 0.0, 0.0
16406, 0.0, 0.0
16407, 0.0, 0.0
16408, 0.0, 0.0
16409, 0.0, 0.0
16410, 0.0, 0.0
16411, 0.0, 0.0
16412, 0.0, 0.0
16413, 0.0, 0.0
16414, 0.0, 0.0
16415, 0.0, 0.0
16416, 0.0, 0.0
16417, 0.0, 0.0
16418, 0.0, -0.10000000000000142
16419, 0.0, -0.10000000000000142
16420, -0.10000000000000142, -0.10000000000000142
16421, -0.10000000000000142, -0.10000000000000142
16422, -0.10000000000000142, -0.10000000000000142
16423, -0.10000000000000142, -0.10000000000000142
16424, -0.10000000000000142, -0.10000000000000142
16425, -0.10000000000000142, -0.10000000000000142
16426, -0.10000000000000142, -0.10000000000000142
16427, -0.10000000000000142, -0.10000000000000142
16428, -0.10000000000000142, -0.10000000000000142
16429, -0.10000000000000142, -0.10000000000000142
16430, -0.10000000000000142, -0.10000000000000142
16431, -0.10000000000000142, -0.10000000000000142
16432, -0.10000000000000142, -0.10000000000000142
16433, -0.10000000000000142, -0.10000000000000142
16434, -0.10000000000000142, -0.10000000000000142
16435, -0.10000000000000142, -0.10000000000000142
16436, -0.10000000000000142, -0.10000000000000142
16437, 0.0, -0.10000000000000142
16438, 0.0, -0.10000000000000142
16439, 0.0, -0.10000000000000142
16440, 0.0, -0.10000000000000142
16441, 0.0, -0.10000000000000142
16442, 0.0, -0.1999999999999993
16443, 0.0, -0.1999999999999993
16444, 0.0, -0.1999999999999993
16445, 0.0, -0.1999999999999993
16446, 0.0, -0.1999999999999993
16447, 0.0, -0.1999999999999993
16448, 0.0, -0.1999999999999993
16449, 0.0, -0.1999999999999993
16450, 0.0, -0.1999999999999993
16451, 0.0, -0.1999999999999993
16452, 0.0, -0.1999999999999993
16453, 0.0, -0.1999999999999993
16454, 0.0, -0.1999999999999993
16455, 0.0, -0.1999999999999993
16456, 0.0, -0.1999999999999993
16457, 0.0, -0.1999999999999993
16458, 0.0, -0.1999999999999993
16459, 0.0, -0.1999999999999993
16460, 0.0, -0.1999999999999993
16461, 0.0, -0.1999999999999993
16462, 0.0, -0.1999999999999993
16463, 0.0, -0.1999999999999993
16464, 0.0, -0.1999999999999993
16465, 0.0, -0.1999999999999993
16466, 0.0, -0.1999999999999993
16467, 0.0, -0.1999999999999993
16468, 0.0, -0.1999999999999993
16469, 0.0, -0.1999999999999993
16470, 0.0, -0.1999999999999993
16471, 0.0, -0.1999999999999993
16472, 0.0, -0.1999999999999993
16473, 0.0, -0.1999999999999993
16474, 0.0, -0.1999999999999993
16475, 0.0, -0.1999999999999993
16476, 0.0, -0.1999999999999993
16477, 0.0, -0.10000000000000142
16478, 0.0, 0.0
16479, 0.0, 0.0
16480, 0.0, 0.0
16481, 0.0, 0.0
16482, 0.0, 0.0
16483, 0.0, 0.0
16484, 0.0, 0.0
16485, 0.0, 0.0
16486, 0.0, 0.0
16487, 0.0, 0.0
16488, 0.0, 0.0
16489, 0.0, 0.0
16490, 0.0, -0.10000000000000142
16491, 0.0, -0.10000000000000142
16492, 0.0, -0.10000000000000142
16493, 0.0, -0.10000000000000142
16494, 0.0, -0.10000000000000142
16495, 0.0, -0.1999999999999993
16496, 0.0, -0.1999999999999993
16497, 0.0, -0.1999999999999993
16498, 0.0, -0.1999999999999993
16499, 0.0, -0.1999999999999993
16500, 0.0, -0.1999999999999993
16501, 0.0, -0.1999999999999993
16502, 0.0, -0.1999999999999993
16503, 0.0, -0.1999999999999993
16504, 0.0, -0.1999999999999993
16505, 0.0, -0.1999999999999993
16506, 0.0, -0.1999999999999993
16507, 0.0, -0.1999999999999993
16508, 0.0, -0.1999999999999993
16509, 0.0, -0.1999999999999993
16510, 0.0, -0.1999999999999993
16511, 0.0, -0.1999999999999993
16512, -0.10000000000000142, -0.1999999999999993
16513, -0.10000000000000142, -0.1999999999999993
16514, -0.10000000000000142, -0.1999999999999993
16515, -0.10000000000000142, -0.1999999999999993
16516, -0.10000000000000142, -0.10000000000000142
16517, -0.10000000000000142, -0.10000000000000142
16518, -0.10000000000000142, -0.10000000000000142
16519, -0.10000000000000142, -0.10000000000000142
16520, -0.10000000000000142, -0.10000000000000142
16521, -0.10000000000000142, -0.10000000000000142
16522, -0.10000000000000142, -0.10000000000000142
16523, -0.10000000000000142, -0.10000000000000142
16524, -0.10000000000000142, -0.10000000000000142
16525, -0.10000000000000142, -0.10000000000000142
16526, -0.10000000000000142, 0.0
16527, -0.10000000000000142, 0.0
16528, -0.10000000000000142, 0.0
16529, -0.10000000000000142, 0.0
16530, -0.10000000000000142, 0.0
16531, -0.10000000000000142, 0.0
16532, -0.10000000000000142, 0.0
16533, -0.10000000000000142, 0.0
16534, -0.10000000000000142, 0.0
16535, -0.10000000000000142, 0.0
16536, -0.10000000000000142, 0.0
16537, -0.10000000000000142, 0.0
16538, -0.10000000000000142, 0.0
16539, -0.10000000000000142, 0.0
16540, -0.10000000000000142, 0.0
16541, -0.10000000000000142, 0.0
16542, -0.10000000000000142, 0.0
16543, -0.10000000000000142, 0.0
16544, -0.10000000000000142, 0.0
16545, -0.10000000000000142, 0.0
16546, -0.10000000000000142, 0.0
16547, -0.10000000000000142, 0.0
16548, -0.10000000000000142, 0.0
16549, -0.10000000000000142, 0.0
16550, -0.10000000000000142, 0.0
16551, -0.10000000000000142, 0.0
16552, -0.10000000000000142, 0.0
16553, -0.10000000000000142, 0.0
16554, -0.10000000000000142, 0.0
16555, -0.10000000000000142, 0.0
16556, -0.10000000000000142, 0.0
16557, -0.10000000000000142, 0.0
16558, -0.10000000000000142, 0.0
16559, 0.0, 0.0
16560, 0.0, 0.0
16561, 0.0, 0.0
16562, 0.0, 0.0
16563, 0.0, 0.0
16564, 0.0, 0.0
16565, 0.0, 0.0
16566, 0.0, 0.0
16567, 0.0, 0.0
16568, 0.0, 0.0
16569, 0.0, 0.0
16570, 0.0, 0.0
16571, 0.0, 0.0
16572, 0.0, 0.0
16573, 0.0, 0.0
16574, 0.0, 0.0
16575, 0.0, 0.0
16576, 0.0, 0.0
16577, 0.0, 0.0
16578, 0.0, 0.0
16579, 0.0, 0.0
16580, 0.0, 0.0
16581, 0.0, 0.0
16582, 0.0, 0.0
16583, 0.0, 0.0
16584, 0.0, 0.0
16585, 0.0, 0.0
16586, 0.0, 0.0
16587, 0.0, 0.0
16588, 0.0, 0.0
16589, 0.0, 0.0
16590, 0.0, 0.0
16591, 0.0, 0.0
16592, 0.0, 0.0
16593, 0.0, 0.0
16594, 0.0, 0.0
16595, 0.0, 0.0
16596, 0.0, 0.0
16597, 0.0, 0.0
16598, 0.0, 0.0
16599, 0.0, 0.0
16600, 0.0, 0.0
16601, 0.0, 0.0
16602, 0.0, 0.0
16603, 0.0, 0.0
16604, 0.0, 0.0
16605, 0.0, 0.0
16606, 0.0, 0.0
16607, 0.0, 0.0
16608, 0.0, 0.0
16609, 0.0, 0.0
16610, 0.0, 0.0
16611, 0.0, 0.10000000000000142
16612, 0.0, 0.10000000000000142
16613, 0.0, 0.10000000000000142
16614, 0.0, 0.10000000000000142
16615, 0.0, 0.10000000000000142
16616, 0.0, 0.10000000000000142
16617, 0.0, 0.10000000000000142
16618, 0.0, 0.10000000000000142
16619, 0.0, 0.10000000000000142
16620, 0.0, 0.10000000000000142
16621, 0.0, 0.0
16622, 0.0, 0.0
16623, 0.0, 0.0
16624, 0.0, 0.0
16625, 0.0, 0.0
16626, 0.0, 0.0
16627, 0.0, 0.0
16628, 0.0, 0.0
16629, 0.0, 0.0
16630, 0.0, 0.0
16631, 0.0, 0.0
16632, 0.0, 0.0
16633, 0.0, 0.0
16634, 0.0, 0.0
16635, 0.0, 0.0
16636, 0.0, 0.0
16637, 0.0, 0.0
16638, 0.0, -0.10000000000000142
16639, 0.0, -0.10000000000000142
16640, 0.0, -0.10000000000000142
16641, 0.0, -0.10000000000000142
16642, 0.0, -0.10000000000000142
16643, 0.0, -0.10000000000000142
16644, 0.0, -0.10000000000000142
16645, 0.0, -0.10000000000000142
16646, 0.0, -0.10000000000000142
16647, 0.0, -0.10000000000000142
16648, 0.0, -0.10000000000000142
16649, 0.0, -0.10000000000000142
16650, 0.0, -0.10000000000000142
16651, 0.0, -0.10000000000000142
16652, 0.0, -0.10000000000000142
16653, 0.0, -0.10000000000000142
16654, 0.0, -0.10000000000000142
16655, 0.0, -0.10000000000000142
16656, 0.0, -0.10000000000000142
16657, 0.0, -0.10000000000000142
16658, 0.0, -0.10000000000000142
16659, 0.0, 0.0
16660, 0.0, 0.0
16661, 0.0, 0.0
16662, 0.0, 0.0
16663, 0.0, -0.10000000000000142
16664, 0.0, -0.10000000000000142
16665, 0.0, -0.10000000000000142
16666, 0.0, -0.10000000000000142
16667, 0.0, -0.10000000000000142
16668, 0.0, -0.10000000000000142
16669, 0.0, -0.10000000000000142
16670, 0.0, -0.10000000000000142
16671, 0.0, -0.10000000000000142
16672, 0.0, -0.10000000000000142
16673, 0.0, 0.0
16674, 0.0, 0.0
16675, 0.0, 0.0
16676, 0.0, 0.0
16677, 0.0, 0.0
16678, 0.0, 0.0
16679, 0.0, 0.0
16680, 0.0, 0.0
16681, 0.0, 0.0
16682, 0.0, 0.0
16683, 0.0, 0.0
16684, 0.0, 0.0
16685, 0.0, 0.0
16686, -0.10000000000000142, 0.0
16687, -0.10000000000000142, 0.0
16688, -0.10000000000000142, 0.0
16689, -0.10000000000000142, 0.0
16690, -0.10000000000000142, 0.0
16691, -0.10000000000000142, 0.0
16692, -0.10000000000000142, 0.0
16693, -0.10000000000000142, 0.0
16694, -0.10000000000000142, -0.10000000000000142
16695, -0.10000000000000142, -0.10000000000000142
16696, -0.10000000000000142, -0.10000000000000142
16697, -0.10000000000000142, -0.10000000000000142
16698, -0.10000000000000142, -0.10000000000000142
16699, -0.10000000000000142, -0.10000000000000142
16700, -0.10000000000000142, -0.10000000000000142
16701, -0.10000000000000142, -0.10000000000000142
16702, -0.10000000000000142, -0.10000000000000142
16703, -0.10000000000000142, -0.10000000000000142
16704, -0.10000000000000142, -0.10000000000000142
16705, -0.10000000000000142, -0.10000000000000142
16706, -0.10000000000000142, -0.10000000000000142
16707, -0.10000000000000142, -0.10000000000000142
16708, -0.10000000000000142, -0.10000000000000142
16709, -0.10000000000000142, -0.10000000000000142
16710, -0.10000000000000142, -0.10000000000000142
16711, -0.10000000000000142, -0.10000000000000142
16712, -0.10000000000000142, -0.10000000000000142
16713, -0.10000000000000142, -0.10000000000000142
16714, -0.10000000000000142, -0.10000000000000142
16715, -0.10000000000000142, -0.10000000000000142
16716, -0.10000000000000142, -0.10000000000000142
16717, -0.10000000000000142, 0.0
16718, -0.10000000000000142, 0.0
16719, -0.10000000000000142, 0.0
16720, -0.10000000000000142, 0.0
16721, -0.10000000000000142, 0.0
16722, -0.10000000000000142, 0.0
16723, -0.10000000000000142, 0.0
16724, -0.10000000000000142, 0.0
16725, -0.10000000000000142, 0.0
16726, -0.10000000000000142, 0.0
16727, 0.0, 0.0
16728, 0.0, 0.0
16729, 0.0, 0.0
16730, 0.0, 0.0
16731, 0.0, 0.0
16732, 0.0, 0.0
16733, 0.0, 0.0
16734, 0.0, 0.0
16735, 0.0, 0.0
16736, 0.0, 0.0
16737, 0.0, 0.0
16738, 0.0, 0.0
16739, 0.0, 0.0
16740, 0.0, 0.0
16741, 0.0, 0.0
16742, 0.0, 0.0
16743, 0.0, 0.0
16744, 0.0, 0.0
16745, 0.0, 0.0
16746, 0.0, 0.0
16747, 0.0, 0.0
16748, 0.0, 0.0
16749, 0.0, 0.0
16750, 0.0, 0.0
16751, 0.0, 0.0
16752, 0.0, 0.0
16753, 0.0, 0.0
16754, 0.0, 0.0
16755, 0.0, 0.0
16756, 0.0, 0.0
16757, 0.0, 0.0
16758, 0.0, 0.0
16759, 0.0, 0.0
16760, 0.0, 0.0
16761, 0.0, 0.0
16762, 0.0, 0.0
16763, 0.0, 0.0
16764, 0.0, 0.0
16765, 0.0, 0.0
16766, 0.0, 0.0
16767, 0.0, 0.0
16768, 0.0, 0.0
16769, 0.0, 0.0
16770, 0.0, 0.0
16771, 0.0, 0.0
16772, 0.0, 0.0
16773, 0.0, 0.0
16774, 0.0, 0.0
16775, 0.0, 0.0
16776, 0.0, 0.0
16777, 0.0, 0.0
16778, 0.0, 0.0
16779, 0.0, 0.0
16780, 0.0, 0.0
16781, 0.0, 0.0
16782, 0.0, 0.0
16783, 0.0, 0.0
16784, 0.0, 0.0
16785, 0.0, 0.0
16786, 0.0, 0.0
16787, 0.0, 0.0
16788, 0.0, 0.0
16789, 0.0, 0.0
16790, 0.0, 0.0
16791, 0.0, 0.0
16792, 0.0, 0.0
16793, 0.0, 0.0
16794, 0.0, 0.0
16795, 0.0, 0.0
16796, 0.0, 0.10000000000000142
16797, 0.0, 0.10000000000000142
16798, 0.0, 0.10000000000000142
16799, 0.0, 0.10000000000000142
16800, 0.0, 0.10000000000000142
16801, 0.0, 0.10000000000000142
16802, 0.0, 0.10000000000000142
16803, 0.0, 0.10000000000000142
16804, 0.0, 0.10000000000000142
16805, 0.0, 0.10000000000000142
16806, 0.0, 0.10000000000000142
16807, 0.0, 0.10000000000000142
16808, 0.0, 0.10000000000000142
16809, 0.0, 0.10000000000000142
16810, 0.0, 0.10000000000000142
16811, 0.0, 0.0
16812, 0.0, 0.0
16813, 0.0, 0.0
16814, 0.0, 0.0
16815, 0.0, 0.0
16816, 0.0, 0.0
16817, 0.0, 0.0
16818, 0.0, 0.0
16819, 0.0, 0.0
16820, 0.0, 0.0
16821, 0.0, 0.0
16822, 0.0, 0.0
16823, 0.0, 0.0
16824, 0.0, 0.0
16825, 0.0, 0.0
16826, 0.0, 0.0
16827, 0.0, 0.0
16828, 0.0, 0.0
16829, 0.0, 0.0
16830, -0.10000000000000142, 0.0
16831, 0.0, 0.0
16832, 0.0, 0.0
16833, 0.0, 0.0
16834, 0.0, 0.0
16835, 0.0, 0.0
16836, 0.0, 0.0
16837, 0.0, 0.0
16838, 0.0, 0.0
16839, 0.0, 0.0
16840, 0.0, 0.0
16841, 0.10000000000000142, 0.0
16842, 0.10000000000000142, 0.0
16843, 0.10000000000000142, 0.0
16844, 0.10000000000000142, 0.0
16845, 0.10000000000000142, 0.0
16846, 0.10000000000000142, 0.0
16847, 0.10000000000000142, 0.0
16848, 0.10000000000000142, 0.0
16849, 0.10000000000000142, 0.0
16850, 0.10000000000000142, 0.0
16851, 0.10000000000000142, 0.0
16852, 0.10000000000000142, 0.0
16853, 0.10000000000000142, 0.0
16854, 0.10000000000000142, 0.0
16855, 0.10000000000000142, 0.0
16856, 0.10000000000000142, 0.0
16857, 0.10000000000000142, 0.0
16858, 0.10000000000000142, -0.10000000000000142
16859, 0.10000000000000142, -0.10000000000000142
16860, 0.10000000000000142, -0.10000000000000142
16861, 0.10000000000000142, -0.10000000000000142
16862, 0.10000000000000142, -0.10000000000000142
16863, 0.10000000000000142, -0.10000000000000142
16864, 0.10000000000000142, -0.10000000000000142
16865, 0.10000000000000142, -0.10000000000000142
16866, 0.10000000000000142, -0.10000000000000142
16867, 0.10000000000000142, -0.10000000000000142
16868, 0.10000000000000142, -0.10000000000000142
16869, 0.0, 0.0
16870, 0.0, 0.0
16871, 0.0, 0.0
16872, 0.0, 0.0
16873, 0.0, 0.0
16874, 0.0, 0.0
16875, 0.0, 0.0
16876, 0.0, 0.0
16877, 0.0, 0.0
16878, 0.0, 0.0
16879, 0.0, 0.0
16880, 0.0, 0.0
16881, 0.0, 0.0
16882, 0.0, 0.0
16883, 0.0, 0.0
16884, 0.0, 0.0
16885, 0.0, 0.0
16886, 0.0, 0.0
16887, 0.0, 0.0
16888, 0.0, 0.0
16889, 0.0, 0.0
16890, 0.0, 0.0
16891, 0.0, 0.0
16892, 0.0, 0.0
16893, 0.0, 0.0
16894, 0.0, 0.0
16895, 0.0, 0.0
16896, 0.0, 0.0
16897, 0.0, 0.0
16898, 0.0, 0.0
16899, 0.0, 0.0
16900, -0.10000000000000142, 0.0
16901, -0.10000000000000142, 0.0
16902, -0.10000000000000142, 0.0
16903, -0.10000000000000142, 0.0
16904, -0.10000000000000142, 0.0
16905, -0.10000000000000142, 0.0
16906, -0.10000000000000142, 0.0
16907, -0.10000000000000142, 0.0
16908, -0.10000000000000142, 0.0
16909, -0.10000000000000142, 0.0
16910, -0.10000000000000142, 0.0
16911, -0.10000000000000142, 0.0
16912, -0.10000000000000142, 0.0
16913, -0.10000000000000142, 0.0
16914, -0.10000000000000142, 0.0
16915, -0.10000000000000142, 0.0
16916, 0.0, 0.0
16917, 0.0, 0.0
16918, 0.0, 0.0
16919, 0.0, 0.0
16920, 0.0, 0.0
16921, 0.0, 0.0
16922, 0.0, 0.0
16923, 0.0, 0.0
16924, 0.0, -0.10000000000000142
16925, 0.0, -0.10000000000000142
16926, 0.0, -0.1999999999999993
16927, 0.0, -0.1999999999999993
16928, 0.0, -0.1999999999999993
16929, 0.0, -0.1999999999999993
16930, 0.0, -0.1999999999999993
16931, 0.0, -0.1999999999999993
16932, 0.0, -0.1999999999999993
16933, 0.0, -0.1999999999999993
16934, 0.0, -0.1999999999999993
16935, 0.0, -0.1999999999999993
16936, 0.10000000000000142, -0.1999999999999993
16937, 0.10000000000000142, -0.1999999999999993
16938, 0.10000000000000142, -0.1999999999999993
16939, 0.10000000000000142, -0.1999999999999993
16940, 0.10000000000000142, -0.1999999999999993
16941, 0.10000000000000142, -0.1999999999999993
16942, 0.10000000000000142, -0.1999999999999993
16943, 0.10000000000000142, -0.1999999999999993
16944, 0.10000000000000142, -0.1999999999999993
16945, 0.10000000000000142, -0.1999999999999993
16946, 0.10000000000000142, -0.1999999999999993
16947, 0.10000000000000142, -0.1999999999999993
16948, 0.10000000000000142, -0.10000000000000142
16949, 0.10000000000000142, -0.10000000000000142
16950, 0.10000000000000142, -0.10000000000000142
16951, 0.10000000000000142, -0.10000000000000142
16952, 0.10000000000000142, -0.10000000000000142
16953, 0.0, -0.10000000000000142
16954, 0.0, -0.10000000000000142
16955, 0.0, -0.10000000000000142
16956, 0.0, -0.10000000000000142
16957, 0.0, -0.10000000000000142
16958, 0.0, -0.10000000000000142
16959, 0.0, -0.10000000000000142
16960, 0.0, -0.10000000000000142
16961, 0.0, -0.10000000000000142
16962, 0.0, -0.10000000000000142
16963, 0.0, -0.10000000000000142
16964, 0.0, -0.10000000000000142
16965, 0.0, -0.10000000000000142
16966, 0.0, -0.10000000000000142
16967, 0.0, -0.10000000000000142
16968, 0.0, -0.10000000000000142
16969, 0.0, -0.10000000000000142
16970, -0.10000000000000142, -0.10000000000000142
16971, -0.10000000000000142, -0.10000000000000142
16972, -0.10000000000000142, -0.10000000000000142
16973, -0.10000000000000142, -0.10000000000000142
16974, -0.10000000000000142, -0.10000000000000142
16975, -0.10000000000000142, -0.1999999999999993
16976, -0.10000000000000142, -0.1999999999999993
16977, -0.10000000000000142, -0.1999999999999993
16978, -0.10000000000000142, -0.1999999999999993
16979, -0.10000000000000142, -0.1999999999999993
16980, -0.10000000000000142, -0.1999999999999993
16981, -0.10000000000000142, -0.10000000000000142
16982, -0.10000000000000142, -0.10000000000000142
16983, -0.10000000000000142, -0.10000000000000142
16984, -0.10000000000000142, -0.10000000000000142
16985, -0.10000000000000142, -0.10000000000000142
16986, -0.10000000000000142, -0.10000000000000142
16987, -0.10000000000000142, -0.10000000000000142
16988, -0.10000000000000142, -0.10000000000000142
16989, -0.10000000000000142, -0.10000000000000142
16990, -0.10000000000000142, -0.10000000000000142
16991, -0.10000000000000142, 0.0
16992, -0.10000000000000142, 0.0
16993, -0.10000000000000142, 0.0
16994, -0.10000000000000142, 0.0
16995, -0.10000000000000142, 0.0
16996, -0.10000000000000142, 0.0
16997, -0.10000000000000142, 0.0
16998, -0.10000000000000142, 0.0
16999, -0.10000000000000142, 0.0
17000, -0.10000000000000142, 0.0
17001, -0.10000000000000142, 0.0
17002, -0.10000000000000142, 0.0
17003, -0.10000000000000142, 0.0
17004, 0.0, 0.0
17005, 0.0, 0.0
17006, 0.0, 0.0
17007, 0.0, 0.0
17008, 0.0, 0.0
17009, 0.0, 0.0
17010, 0.0, 0.0
17011, 0.0, 0.0
17012, 0.0, 0.0
17013, 0.0, 0.0
17014, 0.0, 0.0
17015, 0.0, 0.0
17016, 0.0, 0.0
17017, 0.0, 0.0
17018, 0.0, 0.0
17019, 0.0, 0.0
17020, 0.0, 0.0
17021, 0.0, 0.0
17022, 0.0, 0.0
17023, 0.0, 0.0
17024, 0.0, 0.0
17025, 0.0, 0.0
17026, 0.0, 0.0
17027, 0.0, 0.0
17028, 0.0, 0.0
17029, 0.0, 0.0
17030, 0.0, 0.0
17031, 0.0, 0.0
17032, 0.0, 0.0
17033, 0.0, 0.0
17034, 0.0, 0.0
17035, 0.0, 0.0
17036, 0.0, 0.0
17037, 0.0, 0.0
17038, 0.0, 0.0
17039, 0.0, 0.0
17040, 0.0, 0.0
17041, 0.0, 0.0
17042, 0.0, 0.0
17043, 0.0, 0.0
17044, 0.0, 0.0
17045, 0.0, 0.0
17046, 0.0, 0.0
17047, 0.0, 0.0
17048, 0.0, 0.0
17049, 0.0, 0.0
17050, 0.0, 0.0
17051, 0.0, -0.10000000000000142
17052, 0.0, -0.10000000000000142
17053, 0.0, -0.10000000000000142
17054, 0.0, -0.10000000000000142
17055, -0.10000000000000142, -0.10000000000000142
17056, -0.10000000000000142, -0.10000000000000142
17057, -0.10000000000000142, -0.10000000000000142
17058, -0.10000000000000142, -0.10000000000000142
17059, -0.10000000000000142, -0.10000000000000142
17060, -0.10000000000000142, -0.10000000000000142
17061, -0.10000000000000142, -0.10000000000000142
17062, -0.10000000000000142, -0.10000000000000142
17063, -0.10000000000000142, -0.10000000000000142
17064, -0.10000000000000142, -0.10000000000000142
17065, -0.10000000000000142, -0.10000000000000142
17066, -0.10000000000000142, -0.10000000000000142
17067, -0.10000000000000142, -0.10000000000000142
17068, -0.10000000000000142, -0.10000000000000142
17069, -0.10000000000000142, -0.10000000000000142
17070, -0.10000000000000142, -0.10000000000000142
17071, -0.10000000000000142, -0.10000000000000142
17072, -0.10000000000000142, -0.10000000000000142
17073, -0.10000000000000142, -0.10000000000000142
17074, -0.10000000000000142, -0.10000000000000142
17075, -0.10000000000000142, 0.0
17076, -0.10000000000000142, 0.0
17077, -0.10000000000000142, 0.0
17078, -0.10000000000000142, 0.0
17079, -0.10000000000000142, 0.0
17080, -0.10000000000000142, 0.0
17081, -0.10000000000000142, 0.0
17082, -0.10000000000000142, 0.0
17083, -0.10000000000000142, 0.0
17084, -0.10000000000000142, 0.0
17085, -0.10000000000000142, 0.0
17086, -0.10000000000000142, 0.0
17087, -0.10000000000000142, 0.0
17088, -0.10000000000000142, 0.0
17089, -0.10000000000000142, 0.0
17090, -0.10000000000000142, 0.0
17091, -0.10000000000000142, 0.0
17092, -0.10000000000000142, 0.0
17093, -0.10000000000000142, 0.0
17094, -0.10000000000000142, 0.0
17095, -0.10000000000000142, 0.0
17096, -0.10000000000000142, 0.0
17097, -0.10000000000000142, 0.0
17098, -0.10000000000000142, 0.0
17099, -0.10000000000000142, 0.0
17100, -0.10000000000000142, 0.0
17101, -0.10000000000000142, 0.0
17102, -0.10000000000000142, 0.0
17103, -0.10000000000000142, -0.10000000000000142
17104, 0.0, -0.10000000000000142
17105, 0.0, -0.10000000000000142
17106, 0.0, 0.0
17107, 0.0, 0.0
17108, 0.0, 0.0
17109, 0.0, 0.0
17110, 0.0, 0.0
17111, 0.0, 0.0
17112, 0.0, 0.0
17113, 0.0, 0.0
17114, 0.0, 0.0
17115, 0.0, 0.0
17116, 0.0, 0.0
17117, 0.0, 0.0
17118, 0.0, 0.0
17119, 0.0, 0.0
17120, 0.0, 0.0
17121, 0.0, 0.0
17122, 0.0, 0.0
17123, 0.0, 0.0
17124, 0.0, 0.0
17125, 0.0, 0.0
17126, 0.0, 0.0
17127, 0.0, 0.0
17128, 0.0, 0.0
17129, 0.0, 0.0
17130, 0.0, 0.0
17131, 0.0, 0.0
17132, 0.0, 0.0
17133, 0.0, 0.0
17134, 0.0, 0.0
17135, 0.0, 0.0
17136, 0.0, 0.0
17137, 0.0, 0.0
17138, 0.0, 0.0
17139, 0.0, 0.0
17140, -0.10000000000000142, 0.0
17141, -0.10000000000000142, 0.0
17142, -0.10000000000000142, 0.0
17143, -0.10000000000000142, 0.0
17144, -0.10000000000000142, 0.0
17145, -0.10000000000000142, 0.0
17146, -0.10000000000000142, 0.0
17147, -0.10000000000000142, -0.10000000000000142
17148, -0.10000000000000142, -0.10000000000000142
17149, -0.10000000000000142, -0.10000000000000142
17150, -0.10000000000000142, -0.10000000000000142
17151, -0.10000000000000142, -0.10000000000000142
17152, -0.10000000000000142, -0.1999999999999993
17153, -0.10000000000000142, -0.1999999999999993
17154, -0.10000000000000142, -0.1999999999999993
17155, -0.10000000000000142, -0.1999999999999993
17156, -0.10000000000000142, -0.10000000000000142
17157, -0.10000000000000142, -0.10000000000000142
17158, -0.10000000000000142, -0.10000000000000142
17159, -0.10000000000000142, -0.10000000000000142
17160, -0.10000000000000142, -0.10000000000000142
17161, -0.10000000000000142, -0.10000000000000142
17162, 0.0, -0.10000000000000142
17163, 0.0, -0.10000000000000142
17164, 0.0, -0.10000000000000142
17165, 0.0, -0.10000000000000142
17166, 0.0, -0.10000000000000142
17167, 0.0, -0.10000000000000142
17168, 0.0, -0.10000000000000142
17169, 0.0, -0.10000000000000142
17170, 0.10000000000000142, -0.10000000000000142
17171, 0.10000000000000142, -0.10000000000000142
17172, 0.10000000000000142, -0.10000000000000142
17173, 0.10000000000000142, -0.10000000000000142
17174, 0.10000000000000142, -0.10000000000000142
17175, 0.10000000000000142, -0.10000000000000142
17176, 0.10000000000000142, -0.10000000000000142
17177, 0.10000000000000142, -0.10000000000000142
17178, 0.10000000000000142, -0.10000000000000142
17179, 0.10000000000000142, -0.10000000000000142
17180, 0.10000000000000142, -0.10000000000000142
17181, 0.10000000000000142, -0.10000000000000142
17182, 0.10000000000000142, -0.10000000000000142
17183, 0.10000000000000142, -0.10000000000000142
17184, 0.10000000000000142, -0.10000000000000142
17185, 0.10000000000000142, -0.10000000000000142
17186, 0.10000000000000142, -0.10000000000000142
17187, 0.10000000000000142, -0.10000000000000142
17188, 0.10000000000000142, 0.0
17189, 0.10000000000000142, 0.0
17190, 0.10000000000000142, 0.0
17191, 0.10000000000000142, 0.0
17192, 0.10000000000000142, 0.0
17193, 0.10000000000000142, 0.0
17194, 0.10000000000000142, 0.0
17195, 0.10000000000000142, 0.0
17196, 0.10000000000000142, 0.0
17197, 0.10000000000000142, 0.0
17198, 0.10000000000000142, 0.0
17199, 0.10000000000000142, 0.0
17200, 0.10000000000000142, 0.0
17201, 0.0, 0.0
17202, 0.0, 0.0
17203, 0.0, 0.0
17204, 0.0, 0.0
17205, 0.0, 0.0
17206, 0.0, 0.0
17207, 0.0, 0.0
17208, 0.0, 0.0
17209, -0.10000000000000142, 0.0
17210, -0.10000000000000142, 0.0
17211, -0.10000000000000142, 0.0
17212, -0.10000000000000142, -0.10000000000000142
17213, -0.10000000000000142, -0.10000000000000142
17214, -0.10000000000000142, -0.10000000000000142
17215, -0.10000000000000142, -0.10000000000000142
17216, -0.10000000000000142, -0.10000000000000142
17217, -0.10000000000000142, -0.10000000000000142
17218, -0.10000000000000142, -0.10000000000000142
17219, -0.10000000000000142, -0.10000000000000142
17220, -0.10000000000000142, -0.10000000000000142
17221, -0.10000000000000142, -0.10000000000000142
17222, -0.10000000000000142, -0.10000000000000142
17223, -0.10000000000000142, -0.10000000000000142
17224, -0.10000000000000142, -0.10000000000000142
17225, -0.10000000000000142, -0.10000000000000142
17226, -0.10000000000000142, -0.10000000000000142
17227, -0.10000000000000142, -0.10000000000000142
17228, -0.10000000000000142, -0.10000000000000142
17229, -0.10000000000000142, -0.10000000000000142
17230, -0.10000000000000142, 0.0
17231, -0.10000000000000142, 0.0
17232, -0.10000000000000142, 0.0
17233, -0.10000000000000142, 0.0
17234, -0.10000000000000142, 0.0
17235, -0.10000000000000142, 0.0
17236, -0.10000000000000142, 0.0
17237, -0.10000000000000142, 0.0
17238, -0.10000000000000142, 0.0
17239, -0.10000000000000142, 0.0
17240, -0.10000000000000142, 0.0
17241, -0.10000000000000142, 0.0
17242, -0.10000000000000142, 0.0
17243, -0.10000000000000142, 0.0
17244, -0.10000000000000142, 0.0
17245, -0.10000000000000142, 0.0
17246, -0.10000000000000142, 0.0
17247, -0.10000000000000142, 0.0
17248, -0.10000000000000142, 0.0
17249, -0.10000000000000142, 0.0
17250, -0.10000000000000142, 0.0
17251, -0.10000000000000142, 0.10000000000000142
17252, -0.10000000000000142, 0.10000000000000142
17253, -0.10000000000000142, 0.10000000000000142
17254, -0.10000000000000142, 0.10000000000000142
17255, -0.10000000000000142, 0.10000000000000142
17256, -0.10000000000000142, 0.10000000000000142
17257, -0.10000000000000142, 0.10000000000000142
17258, -0.10000000000000142, 0.10000000000000142
17259, -0.10000000000000142, 0.10000000000000142
17260, -0.10000000000000142, 0.10000000000000142
17261, -0.10000000000000142, 0.10000000000000142
17262, -0.10000000000000142, 0.10000000000000142
17263, -0.10000000000000142, 0.10000000000000142
17264, -0.10000000000000142, 0.10000000000000142
17265, -0.10000000000000142, 0.0
17266, -0.10000000000000142, 0.0
17267, -0.10000000000000142, 0.0
17268, -0.10000000000000142, 0.0
17269, -0.10000000000000142, 0.0
17270, -0.10000000000000142, 0.0
17271, -0.10000000000000142, 0.0
17272, -0.10000000000000142, 0.0
17273, -0.10000000000000142, 0.0
17274, -0.10000000000000142, 0.0
17275, -0.10000000000000142, 0.0
17276, -0.10000000000000142, 0.0
17277, -0.10000000000000142, 0.0
17278, 0.0, 0.0
17279, 0.0, 0.0
17280, 0.0, 0.0
17281, 0.0, 0.0
17282, 0.0, -0.10000000000000142
17283, 0.0, -0.10000000000000142
17284, 0.0, -0.10000000000000142
17285, 0.0, 0.0
17286, 0.0, 0.0
17287, 0.0, 0.0
17288, 0.0, 0.0
17289, 0.0, 0.0
17290, 0.0, 0.0
17291, 0.0, 0.0
17292, 0.0, 0.0
17293, 0.0, 0.0
17294, 0.0, 0.0
17295, 0.0, 0.0
17296, 0.0, 0.0
17297, 0.0, 0.0
17298, 0.0, 0.0
17299, 0.0, 0.0
17300, 0.0, 0.0
17301, 0.0, 0.0
17302, 0.0, 0.0
17303, 0.10000000000000142, 0.0
17304, 0.10000000000000142, 0.0
17305, 0.10000000000000142, 0.0
17306, 0.10000000000000142, 0.0
17307, 0.10000000000000142, 0.0
17308, 0.10000000000000142, 0.0
17309, 0.10000000000000142, 0.0
17310, 0.10000000000000142, 0.0
17311, 0.10000000000000142, 0.0
17312, 0.10000000000000142, 0.0
17313, 0.10000000000000142, 0.0
17314, 0.10000000000000142, 0.0
17315, 0.10000000000000142, 0.0
17316, 0.10000000000000142, 0.0
17317, 0.10000000000000142, 0.0
17318, 0.10000000000000142, 0.0
17319, 0.10000000000000142, 0.0
17320, 0.10000000000000142, 0.0
17321, 0.10000000000000142, 0.0
17322, 0.10000000000000142, 0.0
17323, 0.10000000000000142, -0.10000000000000142
17324, 0.10000000000000142, -0.10000000000000142
17325, 0.10000000000000142, -0.10000000000000142
17326, 0.10000000000000142, -0.10000000000000142
17327, 0.10000000000000142, -0.10000000000000142
17328, 0.10000000000000142, -0.10000000000000142
17329, 0.10000000000000142, -0.10000000000000142
17330, 0.10000000000000142, -0.10000000000000142
17331, 0.10000000000000142, -0.10000000000000142
17332, 0.10000000000000142, -0.10000000000000142
17333, 0.10000000000000142, -0.10000000000000142
17334, 0.10000000000000142, -0.10000000000000142
17335, 0.10000000000000142, -0.10000000000000142
17336, 0.10000000000000142, -0.10000000000000142
17337, 0.10000000000000142, -0.10000000000000142
17338, 0.0, -0.10000000000000142
17339, 0.0, -0.10000000000000142
17340, 0.0, -0.10000000000000142
17341, 0.0, -0.10000000000000142
17342, 0.0, -0.10000000000000142
17343, 0.0, -0.10000000000000142
17344, 0.0, -0.10000000000000142
17345, 0.0, -0.10000000000000142
17346, -0.10000000000000142, -0.10000000000000142
17347, -0.10000000000000142, -0.10000000000000142
17348, -0.10000000000000142, -0.10000000000000142
17349, -0.10000000000000142, -0.10000000000000142
17350, -0.10000000000000142, -0.10000000000000142
17351, -0.10000000000000142, -0.10000000000000142
17352, -0.10000000000000142, -0.10000000000000142
17353, -0.10000000000000142, -0.10000000000000142
17354, -0.10000000000000142, -0.10000000000000142
17355, -0.10000000000000142, -0.10000000000000142
17356, -0.10000000000000142, -0.10000000000000142
17357, -0.10000000000000142, -0.10000000000000142
17358, -0.10000000000000142, -0.10000000000000142
17359, -0.10000000000000142, -0.10000000000000142
17360, -0.10000000000000142, -0.10000000000000142
17361, -0.10000000000000142, -0.10000000000000142
17362, -0.10000000000000142, -0.10000000000000142
17363, -0.10000000000000142, -0.10000000000000142
17364, -0.10000000000000142, -0.10000000000000142
17365, -0.10000000000000142, -0.10000000000000142
17366, 0.0, -0.10000000000000142
17367, 0.0, -0.10000000000000142
17368, 0.0, -0.10000000000000142
17369, 0.0, -0.10000000000000142
17370, 0.0, -0.10000000000000142
17371, 0.0, -0.10000000000000142
17372, 0.0, -0.10000000000000142
17373, 0.0, -0.10000000000000142
17374, 0.0, -0.10000000000000142
17375, 0.0, -0.10000000000000142
17376, 0.0, -0.10000000000000142
17377, 0.0, -0.10000000000000142
17378, 0.0, -0.10000000000000142
17379, 0.0, -0.10000000000000142
17380, 0.0, -0.10000000000000142
17381, 0.0, -0.10000000000000142
17382, 0.0, -0.10000000000000142
17383, 0.0, -0.10000000000000142
17384, 0.0, -0.10000000000000142
17385, 0.0, -0.10000000000000142
17386, -0.10000000000000142, -0.10000000000000142
17387, -0.10000000000000142, -0.10000000000000142
17388, -0.10000000000000142, 0.0
17389, -0.10000000000000142, 0.0
17390, -0.10000000000000142, 0.0
17391, -0.10000000000000142, 0.0
17392, -0.10000000000000142, -0.10000000000000142
17393, -0.10000000000000142, -0.10000000000000142
17394, -0.10000000000000142, -0.10000000000000142
17395, -0.10000000000000142, -0.10000000000000142
17396, -0.10000000000000142, -0.10000000000000142
17397, -0.10000000000000142, -0.10000000000000142
17398, -0.10000000000000142, -0.1999999999999993
17399, -0.10000000000000142, -0.1999999999999993
17400, -0.10000000000000142, -0.1999999999999993
17401, -0.10000000000000142, -0.1999999999999993
17402, -0.10000000000000142, -0.1999999999999993
17403, -0.10000000000000142, -0.1999999999999993
17404, -0.10000000000000142, -0.1999999999999993
17405, -0.10000000000000142, -0.1999999999999993
17406, -0.10000000000000142, -0.1999999999999993
17407, -0.10000000000000142, -0.1999999999999993
17408, -0.10000000000000142, -0.1999999999999993
17409, -0.10000000000000142, -0.1999999999999993
17410, -0.10000000000000142, -0.1999999999999993
17411, 0.0, -0.1999999999999993
17412, 0.0, -0.1999999999999993
17413, 0.0, -0.1999999999999993
17414, 0.0, -0.1999999999999993
17415, 0.0, -0.1999999999999993
17416, 0.0, -0.10000000000000142
17417, 0.0, -0.10000000000000142
17418, 0.0, -0.10000000000000142
17419, 0.0, -0.10000000000000142
17420, 0.0, -0.10000000000000142
17421, 0.0, -0.10000000000000142
17422, 0.0, -0.10000000000000142
17423, 0.0, -0.10000000000000142
17424, 0.0, -0.10000000000000142
17425, 0.0, -0.10000000000000142
17426, 0.0, -0.10000000000000142
17427, 0.0, -0.10000000000000142
17428, 0.0, -0.10000000000000142
17429, 0.0, -0.10000000000000142
17430, 0.0, -0.10000000000000142
17431, 0.0, -0.10000000000000142
17432, 0.0, -0.10000000000000142
17433, 0.0, -0.10000000000000142
17434, 0.0, -0.10000000000000142
17435, 0.0, -0.10000000000000142
17436, 0.0, -0.10000000000000142
17437, 0.0, -0.10000000000000142
17438, 0.0, -0.10000000000000142
17439, 0.0, -0.10000000000000142
17440, 0.0, -0.10000000000000142
17441, 0.0, -0.10000000000000142
17442, 0.0, -0.10000000000000142
17443, 0.0, -0.10000000000000142
17444, 0.0, -0.10000000000000142
17445, 0.0, -0.1999999999999993
17446, 0.0, -0.1999999999999993
17447, 0.0, -0.1999999999999993
17448, 0.0, -0.10000000000000142
17449, 0.0, -0.10000000000000142
17450, 0.0, -0.10000000000000142
17451, 0.0, -0.10000000000000142
17452, 0.0, -0.10000000000000142
17453, 0.0, -0.10000000000000142
17454, 0.0, -0.10000000000000142
17455, 0.0, -0.10000000000000142
17456, 0.0, -0.10000000000000142
17457, 0.0, -0.10000000000000142
17458, -0.10000000000000142, -0.10000000000000142
17459, -0.10000000000000142, -0.10000000000000142
17460, -0.10000000000000142, -0.10000000000000142
17461, -0.10000000000000142, -0.10000000000000142
17462, -0.10000000000000142, -0.10000000000000142
17463, -0.10000000000000142, -0.10000000000000142
17464, -0.10000000000000142, -0.10000000000000142
17465, -0.10000000000000142, -0.10000000000000142
17466, -0.10000000000000142, -0.10000000000000142
17467, -0.10000000000000142, -0.10000000000000142
17468, -0.10000000000000142, -0.10000000000000142
17469, -0.10000000000000142, -0.10000000000000142
17470, -0.10000000000000142, -0.10000000000000142
17471, -0.10000000000000142, -0.10000000000000142
17472, 0.0, -0.10000000000000142
17473, 0.0, -0.10000000000000142
17474, 0.0, -0.10000000000000142
17475, 0.0, 0.0
17476, 0.0, -0.10000000000000142
17477, 0.0, -0.10000000000000142
17478, 0.0, -0.10000000000000142
17479, 0.0, -0.10000000000000142
17480, 0.0, -0.10000000000000142
17481, 0.0, -0.10000000000000142
17482, 0.0, -0.10000000000000142
17483, 0.0, -0.10000000000000142
17484, 0.0, -0.10000000000000142
17485, -0.10000000000000142, 0.0
17486, -0.10000000000000142, 0.0
17487, -0.10000000000000142, 0.0
17488, -0.10000000000000142, -0.10000000000000142
17489, -0.10000000000000142, -0.10000000000000142
17490, -0.10000000000000142, -0.10000000000000142
17491, -0.10000000000000142, -0.10000000000000142
17492, -0.10000000000000142, -0.10000000000000142
17493, -0.10000000000000142, -0.10000000000000142
17494, -0.10000000000000142, -0.10000000000000142
17495, -0.10000000000000142, -0.10000000000000142
17496, -0.10000000000000142, -0.10000000000000142
17497, -0.10000000000000142, -0.10000000000000142
17498, -0.10000000000000142, -0.10000000000000142
17499, 0.0, -0.10000000000000142
17500, 0.0, -0.10000000000000142
17501, 0.0, -0.10000000000000142
17502, 0.0, -0.10000000000000142
17503, 0.0, -0.10000000000000142
17504, 0.0, -0.10000000000000142
17505, 0.0, -0.10000000000000142
17506, 0.0, -0.10000000000000142
17507, 0.0, -0.10000000000000142
17508, 0.0, -0.10000000000000142
17509, 0.0, -0.10000000000000142
17510, 0.0, -0.10000000000000142
17511, 0.0, -0.10000000000000142
17512, 0.10000000000000142, -0.10000000000000142
17513, 0.10000000000000142, -0.10000000000000142
17514, 0.10000000000000142, -0.10000000000000142
17515, 0.10000000000000142, 0.0
17516, 0.10000000000000142, 0.0
17517, 0.10000000000000142, 0.0
17518, 0.10000000000000142, 0.0
17519, 0.10000000000000142, 0.0
17520, 0.10000000000000142, 0.0
17521, 0.10000000000000142, 0.0
17522, 0.10000000000000142, 0.0
17523, 0.10000000000000142, 0.0
17524, 0.10000000000000142, 0.0
17525, 0.10000000000000142, 0.0
17526, 0.10000000000000142, 0.0
17527, 0.10000000000000142, 0.0
17528, 0.10000000000000142, 0.0
17529, 0.0, 0.0
17530, 0.0, 0.0
17531, 0.0, 0.0
17532, 0.0, 0.0
17533, -0.10000000000000142, 0.0
17534, -0.10000000000000142, -0.10000000000000142
17535, -0.10000000000000142, -0.10000000000000142
17536, -0.10000000000000142, -0.10000000000000142
17537, -0.10000000000000142, -0.10000000000000142
17538, -0.10000000000000142, -0.10000000000000142
17539, -0.10000000000000142, -0.10000000000000142
17540, -0.10000000000000142, -0.10000000000000142
17541, -0.10000000000000142, -0.10000000000000142
17542, -0.10000000000000142, -0.10000000000000142
17543, -0.10000000000000142, -0.10000000000000142
17544, -0.10000000000000142, -0.10000000000000142
17545, -0.10000000000000142, -0.10000000000000142
17546, -0.10000000000000142, -0.10000000000000142
17547, -0.10000000000000142, -0.10000000000000142
17548, -0.10000000000000142, -0.10000000000000142
17549, -0.10000000000000142, -0.10000000000000142
17550, -0.10000000000000142, -0.10000000000000142
17551, -0.10000000000000142, -0.10000000000000142
17552, 0.0, -0.10000000000000142
17553, 0.0, -0.10000000000000142
17554, 0.0, -0.10000000000000142
17555, 0.0, -0.10000000000000142
17556, 0.0, -0.10000000000000142
17557, 0.0, -0.10000000000000142
17558, 0.0, -0.10000000000000142
17559, 0.0, -0.10000000000000142
17560, 0.0, -0.10000000000000142
17561, 0.0, -0.10000000000000142
17562, 0.0, -0.1999999999999993
17563, 0.0, -0.1999999999999993
17564, 0.0, -0.10000000000000142
17565, 0.0, -0.10000000000000142
17566, 0.0, -0.10000000000000142
17567, 0.0, -0.10000000000000142
17568, 0.0, -0.10000000000000142
17569, 0.0, -0.10000000000000142
17570, 0.0, -0.10000000000000142
17571, 0.0, -0.10000000000000142
17572, 0.0, -0.10000000000000142
17573, 0.0, -0.10000000000000142
17574, 0.0, -0.10000000000000142
17575, 0.0, -0.10000000000000142
17576, 0.0, -0.10000000000000142
17577, 0.0, -0.10000000000000142
17578, 0.0, -0.1999999999999993
17579, 0.0, -0.1999999999999993
17580, 0.0, -0.1999999999999993
17581, 0.0, -0.1999999999999993
17582, 0.0, -0.1999999999999993
17583, 0.0, -0.1999999999999993
17584, 0.0, -0.1999999999999993
17585, 0.0, -0.1999999999999993
17586, 0.0, -0.1999999999999993
17587, 0.0, -0.1999999999999993
17588, 0.0, -0.1999999999999993
17589, 0.0, -0.1999999999999993
17590, 0.0, -0.1999999999999993
17591, 0.0, -0.10000000000000142
17592, 0.0, -0.10000000000000142
17593, 0.0, -0.10000000000000142
17594, 0.0, -0.10000000000000142
17595, 0.0, -0.10000000000000142
17596, 0.0, -0.10000000000000142
17597, 0.0, -0.10000000000000142
17598, 0.0, -0.10000000000000142
17599, 0.0, -0.10000000000000142
17600, 0.0, -0.10000000000000142
17601, 0.0, -0.10000000000000142
17602, 0.0, -0.10000000000000142
17603, 0.0, -0.10000000000000142
17604, 0.0, -0.10000000000000142
17605, 0.0, -0.10000000000000142
17606, 0.0, -0.10000000000000142
17607, 0.0, -0.10000000000000142
17608, 0.0, -0.10000000000000142
17609, 0.0, -0.10000000000000142
17610, 0.0, -0.10000000000000142
17611, 0.0, -0.10000000000000142
17612, 0.0, -0.10000000000000142
17613, 0.0, -0.10000000000000142
17614, 0.0, -0.10000000000000142
17615, 0.0, -0.10000000000000142
17616, 0.0, -0.10000000000000142
17617, 0.0, -0.10000000000000142
17618, 0.0, -0.10000000000000142
17619, 0.0, -0.10000000000000142
17620, 0.0, -0.10000000000000142
17621, 0.0, -0.10000000000000142
17622, 0.0, 0.0
17623, 0.0, 0.0
17624, 0.0, 0.0
17625, 0.0, 0.0
17626, 0.0, 0.0
17627, 0.0, -0.10000000000000142
17628, 0.0, -0.10000000000000142
17629, 0.0, -0.10000000000000142
17630, 0.0, -0.10000000000000142
17631, 0.0, -0.10000000000000142
17632, 0.0, -0.10000000000000142
17633, 0.0, -0.10000000000000142
17634, 0.0, -0.10000000000000142
17635, 0.0, -0.10000000000000142
17636, 0.0, -0.10000000000000142
17637, 0.0, -0.10000000000000142
17638, 0.0, -0.10000000000000142
17639, 0.0, 0.0
17640, 0.0, 0.0
17641, 0.0, 0.0
17642, 0.0, 0.0
17643, 0.0, 0.0
17644, 0.0, 0.10000000000000142
17645, 0.0, 0.10000000000000142
17646, 0.0, 0.10000000000000142
17647, 0.0, 0.10000000000000142
17648, 0.0, 0.10000000000000142
17649, 0.0, 0.0
17650, 0.0, 0.0
17651, 0.0, 0.0
17652, 0.0, 0.0
17653, 0.0, 0.0
17654, 0.0, 0.0
17655, 0.0, 0.0
17656, 0.0, 0.0
17657, 0.0, 0.10000000000000142
17658, 0.0, 0.10000000000000142
17659, 0.0, 0.10000000000000142
17660, 0.0, 0.10000000000000142
17661, 0.0, 0.10000000000000142
17662, 0.0, 0.10000000000000142
17663, 0.0, 0.10000000000000142
17664, 0.0, 0.10000000000000142
17665, 0.0, 0.10000000000000142
17666, 0.0, 0.0
17667, 0.0, 0.0
17668, 0.0, 0.0
17669, 0.0, 0.0
17670, 0.0, 0.0
17671, 0.0, 0.0
17672, 0.0, 0.0
17673, 0.0, 0.0
17674, 0.0, 0.0
17675, 0.0, 0.0
17676, 0.0, 0.0
17677, 0.0, 0.0
17678, 0.0, 0.0
17679, 0.0, 0.0
17680, 0.0, 0.0
17681, 0.0, 0.0
17682, 0.0, -0.10000000000000142
17683, 0.0, -0.10000000000000142
17684, 0.0, -0.10000000000000142
17685, 0.0, -0.10000000000000142
17686, 0.0, -0.10000000000000142
17687, 0.0, -0.10000000000000142
17688, 0.0, -0.10000000000000142
17689, -0.10000000000000142, -0.10000000000000142
17690, -0.10000000000000142, -0.10000000000000142
17691, -0.10000000000000142, -0.10000000000000142
17692, -0.10000000000000142, -0.10000000000000142
17693, -0.10000000000000142, -0.10000000000000142
17694, -0.10000000000000142, -0.10000000000000142
17695, -0.10000000000000142, -0.10000000000000142
17696, -0.10000000000000142, -0.10000000000000142
17697, -0.10000000000000142, -0.10000000000000142
17698, -0.10000000000000142, -0.10000000000000142
17699, -0.10000000000000142, -0.10000000000000142
17700, -0.10000000000000142, -0.10000000000000142
17701, -0.10000000000000142, -0.10000000000000142
17702, -0.10000000000000142, -0.10000000000000142
17703, -0.10000000000000142, -0.10000000000000142
17704, -0.10000000000000142, -0.10000000000000142
17705, -0.10000000000000142, -0.10000000000000142
17706, -0.10000000000000142, -0.10000000000000142
17707, -0.10000000000000142, -0.10000000000000142
17708, -0.10000000000000142, -0.10000000000000142
17709, -0.10000000000000142, -0.10000000000000142
17710, -0.10000000000000142, -0.10000000000000142
17711, 0.0, -0.10000000000000142
17712, 0.0, -0.10000000000000142
17713, 0.0, -0.10000000000000142
17714, 0.0, -0.10000000000000142
17715, 0.0, -0.10000000000000142
17716, 0.0, -0.10000000000000142
17717, 0.0, -0.10000000000000142
17718, 0.0, -0.10000000000000142
17719, 0.0, -0.1999999999999993
17720, 0.0, -0.1999999999999993
17721, 0.0, -0.10000000000000142
17722, 0.0, -0.10000000000000142
17723, 0.0, -0.10000000000000142
17724, 0.0, -0.10000000000000142
17725, 0.0, -0.10000000000000142
17726, 0.0, -0.10000000000000142
17727, -0.10000000000000142, -0.10000000000000142
17728, -0.10000000000000142, -0.10000000000000142
17729, -0.10000000000000142, -0.10000000000000142
17730, -0.10000000000000142, -0.10000000000000142
17731, -0.10000000000000142, -0.10000000000000142
17732, -0.10000000000000142, 0.0
17733, -0.10000000000000142, 0.0
17734, -0.10000000000000142, -0.10000000000000142
17735, -0.10000000000000142, -0.10000000000000142
17736, -0.10000000000000142, -0.10000000000000142
17737, -0.10000000000000142, -0.10000000000000142
17738, -0.10000000000000142, -0.10000000000000142
17739, -0.10000000000000142, -0.10000000000000142
17740, -0.10000000000000142, -0.10000000000000142
17741, -0.10000000000000142, -0.10000000000000142
17742, -0.10000000000000142, -0.10000000000000142
17743, -0.10000000000000142, -0.10000000000000142
17744, -0.10000000000000142, -0.10000000000000142
17745, -0.10000000000000142, -0.10000000000000142
17746, -0.10000000000000142, -0.10000000000000142
17747, -0.10000000000000142, -0.10000000000000142
17748, -0.10000000000000142, -0.10000000000000142
17749, -0.10000000000000142, -0.1999999999999993
17750, -0.10000000000000142, -0.10000000000000142
17751, -0.10000000000000142, -0.10000000000000142
17752, -0.10000000000000142, -0.10000000000000142
17753, -0.10000000000000142, -0.10000000000000142
17754, -0.10000000000000142, -0.10000000000000142
17755, -0.10000000000000142, -0.10000000000000142
17756, -0.10000000000000142, -0.10000000000000142
17757, -0.10000000000000142, -0.10000000000000142
17758, -0.10000000000000142, -0.10000000000000142
17759, -0.10000000000000142, -0.10000000000000142
17760, 0.0, -0.10000000000000142
17761, 0.0, -0.10000000000000142
17762, 0.0, -0.10000000000000142
17763, 0.0, -0.10000000000000142
17764, 0.0, 0.0
17765, 0.0, 0.0
17766, 0.0, 0.0
17767, 0.0, 0.0
17768, 0.0, 0.0
17769, 0.0, 0.0
17770, 0.0, 0.0
17771, 0.0, 0.0
17772, 0.0, 0.0
17773, 0.0, 0.0
17774, 0.0, 0.0
17775, 0.0, 0.0
17776, 0.0, 0.0
17777, 0.0, 0.0
17778, 0.0, 0.0
17779, 0.0, 0.0
17780, 0.0, 0.0
17781, 0.0, 0.0
17782, 0.0, 0.0
17783, 0.0, 0.0
17784, 0.0, 0.0
17785, 0.0, 0.0
17786, 0.0, 0.0
17787, 0.0, 0.0
17788, 0.0, 0.0
17789, 0.0, 0.0
17790, 0.0, 0.0
17791, 0.0, 0.0
17792, 0.0, 0.0
17793, 0.0, 0.0
17794, 0.0, 0.0
17795, 0.0, 0.0
17796, 0.0, 0.0
17797, 0.0, 0.0
17798, 0.0, 0.0
17799, 0.0, 0.0
17800, 0.0, 0.0
17801, 0.0, 0.0
17802, 0.0, 0.0
17803, 0.0, 0.0
17804, 0.0, 0.0
17805, 0.0, 0.0
17806, 0.0, 0.0
17807, 0.0, 0.0
17808, 0.0, 0.0
17809, 0.0, 0.0
17810, 0.0, 0.0
17811, 0.0, 0.0
17812, 0.0, 0.0
17813, 0.0, 0.0
17814, 0.0, 0.0
17815, 0.0, 0.0
17816, 0.0, 0.0
17817, 0.0, 0.0
17818, 0.0, 0.0
17819, 0.0, 0.0
17820, 0.0, 0.0
17821, 0.0, 0.0
17822, 0.0, 0.0
17823, 0.0, 0.0
17824, 0.0, 0.0
17825, 0.0, 0.0
17826, 0.10000000000000142, 0.0
17827, 0.10000000000000142, 0.0
17828, 0.10000000000000142, 0.0
17829, 0.10000000000000142, 0.0
17830, 0.10000000000000142, 0.0
17831, 0.10000000000000142, 0.0
17832, 0.10000000000000142, 0.0
17833, 0.10000000000000142, 0.0
17834, 0.10000000000000142, 0.0
17835, 0.10000000000000142, 0.0
17836, 0.10000000000000142, 0.0
17837, 0.10000000000000142, 0.0
17838, 0.10000000000000142, 0.0
17839, 0.10000000000000142, 0.0
17840, 0.10000000000000142, 0.0
17841, 0.10000000000000142, 0.0
17842, 0.10000000000000142, 0.0
17843, 0.10000000000000142, 0.0
17844, 0.10000000000000142, 0.0
17845, 0.10000000000000142, 0.0
17846, 0.10000000000000142, 0.0
17847, 0.10000000000000142, 0.0
17848, 0.10000000000000142, 0.0
17849, 0.10000000000000142, -0.10000000000000142
17850, 0.10000000000000142, -0.10000000000000142
17851, 0.10000000000000142, -0.10000000000000142
17852, 0.10000000000000142, -0.10000000000000142
17853, 0.10000000000000142, -0.10000000000000142
17854, 0.10000000000000142, 0.0
17855, 0.10000000000000142, 0.0
17856, 0.0, 0.0
17857, 0.0, 0.0
17858, 0.0, 0.0
17859, 0.0, 0.0
17860, 0.0, 0.0
17861, 0.0, 0.0
17862, 0.0, 0.0
17863, 0.0, 0.0
17864, 0.0, 0.0
17865, 0.0, 0.0
17866, 0.0, 0.0
17867, 0.0, 0.0
17868, 0.0, 0.0
17869, 0.0, 0.0
17870, 0.0, 0.0
17871, 0.0, 0.0
17872, 0.0, 0.0
17873, 0.0, 0.0
17874, 0.0, 0.0
17875, 0.0, 0.0
17876, 0.0, 0.0
17877, 0.0, 0.0
17878, 0.0, 0.0
17879, 0.0, 0.0
17880, 0.0, 0.0
17881, 0.0, 0.0
17882, 0.0, 0.0
17883, 0.0, -0.10000000000000142
17884, 0.0, -0.10000000000000142
17885, 0.0, -0.10000000000000142
17886, 0.0, 0.0
17887, 0.0, 0.0
17888, -0.10000000000000142, 0.0
17889, -0.10000000000000142, 0.10000000000000142
17890, -0.10000000000000142, 0.10000000000000142
17891, -0.10000000000000142, 0.10000000000000142
17892, -0.10000000000000142, 0.10000000000000142
17893, -0.10000000000000142, 0.10000000000000142
17894, -0.10000000000000142, 0.10000000000000142
17895, -0.10000000000000142, 0.10000000000000142
17896, -0.10000000000000142, 0.10000000000000142
17897, -0.10000000000000142, 0.10000000000000142
17898, -0.10000000000000142, 0.10000000000000142
17899, -0.10000000000000142, 0.10000000000000142
17900, -0.10000000000000142, 0.10000000000000142
17901, -0.10000000000000142, 0.0
17902, -0.10000000000000142, 0.0
17903, -0.10000000000000142, 0.0
17904, -0.10000000000000142, 0.0
17905, -0.10000000000000142, 0.0
17906, -0.10000000000000142, 0.0
17907, -0.10000000000000142, 0.0
17908, -0.10000000000000142, 0.0
17909, -0.10000000000000142, 0.0
17910, -0.10000000000000142, 0.0
17911, 0.0, 0.0
17912, 0.0, 0.0
17913, 0.0, 0.0
17914, 0.0, 0.0
17915, 0.0, 0.0
17916, 0.0, 0.0
17917, 0.0, 0.0
17918, 0.0, 0.0
17919, 0.0, 0.0
17920, 0.0, 0.0
17921, 0.0, 0.0
17922, 0.0, 0.0
17923, 0.0, -0.10000000000000142
17924, 0.0, -0.10000000000000142
17925, 0.0, -0.10000000000000142
17926, 0.0, -0.10000000000000142
17927, 0.0, -0.10000000000000142
17928, 0.0, -0.10000000000000142
17929, 0.0, -0.10000000000000142
17930, 0.0, -0.10000000000000142
17931, 0.0, -0.10000000000000142
17932, 0.0, -0.10000000000000142
17933, 0.0, -0.10000000000000142
17934, 0.0, -0.10000000000000142
17935, 0.0, -0.10000000000000142
17936, 0.0, -0.10000000000000142
17937, 0.0, -0.10000000000000142
17938, 0.0, -0.10000000000000142
17939, 0.0, -0.10000000000000142
17940, 0.0, -0.10000000000000142
17941, 0.0, -0.10000000000000142
17942, 0.0, -0.10000000000000142
17943, 0.0, 0.0
17944, 0.0, 0.0
17945, 0.0, 0.0
17946, 0.0, 0.0
17947, 0.0, 0.0
17948, 0.0, 0.0
17949, 0.0, 0.0
17950, 0.0, 0.0
17951, 0.0, 0.0
17952, 0.0, 0.0
17953, 0.0, 0.0
17954, 0.0, 0.0
17955, 0.0, 0.0
17956, 0.0, 0.0
17957, 0.0, -0.10000000000000142
17958, 0.0, -0.10000000000000142
17959, 0.0, -0.10000000000000142
17960, 0.0, -0.10000000000000142
17961, 0.0, -0.10000000000000142
17962, 0.0, -0.10000000000000142
17963, 0.0, -0.10000000000000142
17964, 0.0, -0.10000000000000142
17965, 0.0, -0.10000000000000142
17966, 0.0, -0.10000000000000142
17967, 0.0, -0.10000000000000142
17968, 0.0, -0.10000000000000142
17969, 0.0, -0.10000000000000142
17970, 0.0, -0.10000000000000142
17971, 0.0, -0.10000000000000142
17972, 0.0, -0.10000000000000142
17973, 0.0, -0.10000000000000142
17974, 0.0, -0.10000000000000142
17975, 0.0, -0.10000000000000142
17976, 0.0, -0.10000000000000142
17977, 0.0, -0.10000000000000142
17978, 0.10000000000000142, -0.10000000000000142
17979, 0.10000000000000142, -0.10000000000000142
17980, 0.10000000000000142, -0.10000000000000142
17981, 0.10000000000000142, -0.10000000000000142
17982, 0.10000000000000142, -0.10000000000000142
17983, 0.10000000000000142, -0.10000000000000142
17984, 0.10000000000000142, 0.0
17985, 0.10000000000000142, 0.0
17986, 0.10000000000000142, 0.0
17987, 0.10000000000000142, 0.0
17988, 0.10000000000000142, 0.0
17989, 0.10000000000000142, 0.0
17990, 0.10000000000000142, 0.0
17991, 0.10000000000000142, 0.0
17992, 0.10000000000000142, 0.0
17993, 0.10000000000000142, 0.0
17994, 0.10000000000000142, 0.0
17995, 0.10000000000000142, 0.0
17996, 0.10000000000000142, 0.0
17997, 0.10000000000000142, 0.0
17998, 0.10000000000000142, 0.0
17999, 0.10000000000000142, -0.10000000000000142
18000, 0.10000000000000142, -0.10000000000000142
18001, 0.10000000000000142, -0.10000000000000142
18002, 0.10000000000000142, -0.10000000000000142
18003, 0.10000000000000142, -0.10000000000000142
18004, 0.10000000000000142, -0.10000000000000142
18005, 0.10000000000000142, -0.10000000000000142
18006, 0.10000000000000142, -0.10000000000000142
18007, 0.10000000000000142, -0.10000000000000142
18008, 0.10000000000000142, -0.10000000000000142
18009, 0.10000000000000142, -0.10000000000000142
18010, 0.10000000000000142, -0.10000000000000142
18011, 0.10000000000000142, -0.10000000000000142
18012, 0.10000000000000142, -0.10000000000000142
18013, 0.10000000000000142, -0.10000000000000142
18014, 0.10000000000000142, -0.10000000000000142
18015, 0.10000000000000142, -0.10000000000000142
18016, 0.10000000000000142, -0.10000000000000142
18017, 0.10000000000000142, -0.10000000000000142
18018, 0.0, -0.10000000000000142
18019, 0.0, -0.10000000000000142
18020, 0.0, -0.10000000000000142
18021, 0.0, -0.10000000000000142
18022, 0.0, -0.10000000000000142
18023, 0.0, -0.10000000000000142
18024, 0.0, -0.10000000000000142
18025, 0.0, -0.10000000000000142
18026, 0.0, -0.10000000000000142
18027, 0.0, -0.10000000000000142
18028, 0.0, -0.10000000000000142
18029, 0.0, -0.10000000000000142
18030, 0.0, -0.10000000000000142
18031, 0.0, -0.10000000000000142
18032, 0.0, -0.10000000000000142
18033, 0.0, -0.10000000000000142
18034, 0.0, 0.0
18035, 0.0, 0.0
18036, 0.0, 0.0
18037, 0.0, 0.0
18038, 0.0, 0.0
18039, 0.0, 0.0
18040, 0.0, 0.0
18041, 0.0, 0.0
18042, 0.0, 0.0
18043, 0.0, 0.0
18044, 0.0, 0.0
18045, 0.0, 0.0
18046, 0.0, 0.0
18047, 0.0, 0.0
18048, 0.0, 0.0
18049, 0.0, 0.0
18050, 0.0, 0.0
18051, 0.0, 0.0
18052, 0.0, 0.0
18053, 0.0, 0.0
18054, 0.0, 0.0
18055, 0.0, 0.10000000000000142
18056, 0.0, 0.10000000000000142
18057, 0.0, 0.1999999999999993
18058, 0.0, 0.1999999999999993
18059, 0.0, 0.1999999999999993
18060, 0.0, 0.1999999999999993
18061, 0.0, 0.1999999999999993
18062, 0.0, 0.1999999999999993
18063, 0.0, 0.1999999999999993
18064, 0.0, 0.1999999999999993
18065, 0.0, 0.1999999999999993
18066, 0.0, 0.10000000000000142
18067, 0.0, 0.10000000000000142
18068, 0.0, 0.10000000000000142
18069, 0.0, 0.10000000000000142
18070, 0.0, 0.10000000000000142
18071, 0.0, 0.10000000000000142
18072, 0.0, 0.10000000000000142
18073, 0.0, 0.10000000000000142
18074, 0.0, 0.10000000000000142
18075, 0.0, 0.0
18076, 0.0, 0.0
18077, 0.0, 0.0
18078, 0.0, 0.0
18079, 0.0, 0.0
18080, -0.10000000000000142, 0.0
18081, -0.10000000000000142, 0.0
18082, -0.10000000000000142, 0.0
18083, -0.10000000000000142, 0.0
18084, -0.10000000000000142, 0.0
18085, -0.10000000000000142, 0.0
18086, -0.10000000000000142, 0.0
18087, -0.10000000000000142, 0.0
18088, -0.10000000000000142, 0.0
18089, -0.10000000000000142, 0.0
18090, -0.10000000000000142, 0.0
18091, -0.10000000000000142, 0.0
18092, -0.10000000000000142, 0.0
18093, 0.0, 0.0
18094, 0.0, 0.0
18095, 0.0, 0.0
18096, 0.0, 0.0
18097, 0.0, 0.0
18098, 0.0, 0.0
18099, 0.0, 0.0
18100, 0.0, 0.0
18101, 0.0, 0.0
18102, 0.0, 0.0
18103, 0.0, 0.0
18104, 0.0, 0.0
18105, 0.0, 0.0
18106, 0.0, 0.0
18107, 0.0, 0.0
18108, 0.0, 0.0
18109, 0.0, 0.0
18110, 0.0, 0.0
18111, 0.0, 0.0
18112, 0.0, 0.0
18113, 0.0, 0.0
18114, 0.0, 0.0
18115, 0.0, 0.0
18116, 0.0, 0.0
18117, 0.0, 0.0
18118, 0.0, 0.0
18119, 0.0, 0.0
18120, 0.0, 0.0
18121, 0.0, 0.0
18122, 0.0, 0.0
18123, 0.0, 0.0
18124, 0.0, 0.0
18125, 0.0, 0.0
18126, 0.0, 0.0
18127, 0.0, 0.0
18128, 0.0, 0.0
18129, 0.0, -0.10000000000000142
18130, 0.0, -0.10000000000000142
18131, 0.0, -0.10000000000000142
18132, 0.0, -0.10000000000000142
18133, 0.0, -0.10000000000000142
18134, 0.0, -0.10000000000000142
18135, 0.0, -0.10000000000000142
18136, 0.0, -0.10000000000000142
18137, 0.0, -0.10000000000000142
18138, 0.0, -0.10000000000000142
18139, 0.0, -0.10000000000000142
18140, 0.0, -0.10000000000000142
18141, 0.0, -0.10000000000000142
18142, 0.0, -0.10000000000000142
18143, 0.0, -0.10000000000000142
18144, 0.0, -0.10000000000000142
18145, 0.0, -0.10000000000000142
18146, 0.0, -0.10000000000000142
18147, 0.0, -0.10000000000000142
18148, 0.0, -0.10000000000000142
18149, 0.0, -0.10000000000000142
18150, 0.0, -0.10000000000000142
18151, 0.0, -0.10000000000000142
18152, 0.0, -0.10000000000000142
18153, 0.0, -0.10000000000000142
18154, 0.0, -0.10000000000000142
18155, 0.0, -0.10000000000000142
18156, 0.0, -0.10000000000000142
18157, 0.0, -0.10000000000000142
18158, 0.0, -0.10000000000000142
18159, 0.0, -0.10000000000000142
18160, 0.0, -0.10000000000000142
18161, 0.0, -0.10000000000000142
18162, 0.0, -0.10000000000000142
18163, 0.0, -0.10000000000000142
18164, 0.0, -0.10000000000000142
18165, 0.0, 0.0
18166, 0.0, 0.0
18167, 0.0, 0.0
18168, 0.0, 0.0
18169, 0.0, 0.0
18170, 0.0, 0.0
18171, 0.0, 0.0
18172, 0.0, 0.10000000000000142
18173, 0.0, 0.1999999999999993
18174, 0.0, 0.1999999999999993
18175, 0.0, 0.1999999999999993
18176, 0.0, 0.1999999999999993
18177, 0.0, 0.1999999999999993
18178, 0.0, 0.1999999999999993
18179, 0.0, 0.1999999999999993
18180, 0.0, 0.10000000000000142
18181, 0.0, 0.10000000000000142
18182, 0.0, 0.10000000000000142
18183, 0.0, 0.10000000000000142
18184, 0.0, 0.10000000000000142
18185, 0.0, 0.10000000000000142
18186, 0.0, 0.10000000000000142
18187, 0.0, 0.10000000000000142
18188, 0.0, 0.10000000000000142
18189, 0.0, 0.0
18190, 0.0, 0.0
18191, 0.0, 0.0
18192, 0.0, 0.0
18193, 0.0, 0.0
18194, 0.0, 0.0
18195, 0.0, 0.0
18196, 0.0, -0.10000000000000142
18197, 0.0, -0.10000000000000142
18198, 0.0, -0.10000000000000142
18199, 0.0, -0.10000000000000142
18200, 0.0, -0.10000000000000142
18201, 0.0, -0.10000000000000142
18202, 0.0, -0.10000000000000142
18203, 0.0, -0.10000000000000142
18204, 0.0, -0.10000000000000142
18205, 0.0, -0.10000000000000142
18206, 0.0, -0.10000000000000142
18207, 0.0, -0.10000000000000142
18208, 0.0, -0.10000000000000142
18209, 0.0, -0.10000000000000142
18210, 0.0, -0.10000000000000142
18211, 0.0, -0.10000000000000142
18212, 0.0, -0.10000000000000142
18213, 0.0, -0.10000000000000142
18214, -0.10000000000000142, -0.10000000000000142
18215, -0.10000000000000142, -0.10000000000000142
18216, -0.10000000000000142, -0.10000000000000142
18217, -0.10000000000000142, -0.10000000000000142
18218, -0.10000000000000142, 0.0
18219, -0.10000000000000142, 0.0
18220, -0.10000000000000142, 0.0
18221, -0.10000000000000142, 0.0
18222, -0.10000000000000142, 0.0
18223, -0.10000000000000142, 0.0
18224, -0.10000000000000142, 0.0
18225, -0.10000000000000142, 0.0
18226, -0.10000000000000142, 0.0
18227, -0.10000000000000142, 0.0
18228, -0.10000000000000142, 0.0
18229, -0.10000000000000142, 0.0
18230, -0.10000000000000142, 0.0
18231, -0.10000000000000142, 0.0
18232, -0.10000000000000142, -0.10000000000000142
18233, -0.10000000000000142, -0.10000000000000142
18234, -0.10000000000000142, -0.10000000000000142
18235, -0.10000000000000142, -0.10000000000000142
18236, -0.10000000000000142, -0.10000000000000142
18237, -0.10000000000000142, -0.10000000000000142
18238, 0.0, -0.10000000000000142
18239, 0.0, -0.10000000000000142
18240, 0.0, -0.10000000000000142
18241, 0.0, -0.10000000000000142
18242, 0.0, -0.10000000000000142
18243, 0.0, -0.10000000000000142
18244, 0.0, -0.10000000000000142
18245, 0.0, -0.10000000000000142
18246, 0.0, -0.10000000000000142
18247, 0.0, -0.10000000000000142
18248, 0.0, -0.10000000000000142
18249, 0.0, 0.0
18250, 0.0, 0.0
18251, 0.0, 0.0
18252, 0.0, 0.0
18253, 0.0, 0.0
18254, 0.0, 0.0
18255, 0.0, 0.0
18256, 0.0, 0.0
18257, 0.0, 0.0
18258, 0.0, 0.0
18259, 0.0, 0.0
18260, 0.10000000000000142, 0.0
18261, 0.10000000000000142, 0.0
18262, 0.10000000000000142, 0.0
18263, 0.10000000000000142, 0.0
18264, 0.10000000000000142, 0.0
18265, 0.10000000000000142, 0.0
18266, 0.10000000000000142, 0.0
18267, 0.10000000000000142, 0.0
18268, 0.10000000000000142, 0.0
18269, 0.10000000000000142, 0.0
18270, 0.10000000000000142, 0.0
18271, 0.10000000000000142, 0.0
18272, 0.10000000000000142, 0.0
18273, 0.10000000000000142, 0.0
18274, 0.10000000000000142, 0.0
18275, 0.10000000000000142, 0.0
18276, 0.10000000000000142, 0.0
18277, 0.10000000000000142, 0.0
18278, 0.10000000000000142, -0.10000000000000142
18279, 0.10000000000000142, -0.10000000000000142
18280, 0.10000000000000142, -0.10000000000000142
18281, 0.10000000000000142, -0.10000000000000142
18282, 0.10000000000000142, -0.10000000000000142
18283, 0.10000000000000142, -0.10000000000000142
18284, 0.10000000000000142, -0.10000000000000142
18285, 0.10000000000000142, -0.10000000000000142
18286, 0.10000000000000142, -0.10000000000000142
18287, 0.10000000000000142, -0.10000000000000142
18288, 0.10000000000000142, -0.10000000000000142
18289, 0.10000000000000142, -0.10000000000000142
18290, 0.0, -0.10000000000000142
18291, 0.0, -0.10000000000000142
18292, 0.0, -0.10000000000000142
18293, 0.0, -0.10000000000000142
18294, 0.0, -0.10000000000000142
18295, 0.0, -0.10000000000000142
18296, 0.0, -0.10000000000000142
18297, 0.0, -0.10000000000000142
18298, 0.0, -0.10000000000000142
18299, 0.0, -0.10000000000000142
18300, 0.0, -0.10000000000000142
18301, 0.0, -0.10000000000000142
18302, 0.0, -0.10000000000000142
18303, 0.0, -0.10000000000000142
18304, 0.0, -0.10000000000000142
18305, 0.0, -0.10000000000000142
18306, 0.0, -0.10000000000000142
18307, 0.0, -0.10000000000000142
18308, 0.0, -0.10000000000000142
18309, 0.0, -0.10000000000000142
18310, 0.0, -0.10000000000000142
18311, 0.0, -0.10000000000000142
18312, 0.0, -0.10000000000000142
18313, 0.0, -0.10000000000000142
18314, 0.0, -0.10000000000000142
18315, 0.0, -0.10000000000000142
18316, 0.0, -0.10000000000000142
18317, 0.0, -0.1999999999999993
18318, 0.0, -0.1999999999999993
18319, 0.0, -0.1999999999999993
18320, 0.0, -0.1999999999999993
18321, 0.0, -0.1999999999999993
18322, 0.0, -0.1999999999999993
18323, 0.0, -0.10000000000000142
18324, 0.0, -0.10000000000000142
18325, 0.0, -0.10000000000000142
18326, 0.0, -0.10000000000000142
18327, 0.0, -0.10000000000000142
18328, 0.0, -0.10000000000000142
18329, 0.0, -0.10000000000000142
18330, 0.0, -0.10000000000000142
18331, 0.0, -0.10000000000000142
18332, 0.0, -0.10000000000000142
18333, 0.0, -0.10000000000000142
18334, 0.0, -0.10000000000000142
18335, -0.10000000000000142, -0.10000000000000142
18336, -0.10000000000000142, -0.10000000000000142
18337, -0.10000000000000142, -0.10000000000000142
18338, -0.10000000000000142, -0.10000000000000142
18339, -0.10000000000000142, -0.10000000000000142
18340, -0.10000000000000142, -0.10000000000000142
18341, -0.10000000000000142, 0.0
18342, -0.10000000000000142, 0.0
18343, -0.10000000000000142, 0.0
18344, -0.10000000000000142, 0.0
18345, -0.10000000000000142, 0.0
18346, -0.10000000000000142, 0.0
18347, -0.10000000000000142, 0.0
18348, -0.10000000000000142, 0.0
18349, -0.10000000000000142, 0.0
18350, -0.10000000000000142, 0.0
18351, -0.10000000000000142, 0.0
18352, 0.0, 0.0
18353, 0.0, 0.0
18354, 0.0, 0.0
18355, 0.0, 0.0
18356, 0.0, 0.0
18357, 0.0, 0.0
18358, 0.0, 0.0
18359, 0.0, 0.0
18360, 0.0, 0.0
18361, 0.0, 0.0
18362, 0.0, 0.0
18363, 0.0, 0.0
18364, 0.0, 0.0
18365, 0.0, 0.10000000000000142
18366, 0.0, 0.10000000000000142
18367, 0.0, 0.10000000000000142
18368, 0.0, 0.10000000000000142
18369, 0.0, 0.10000000000000142
18370, 0.0, 0.10000000000000142
18371, 0.0, 0.10000000000000142
18372, 0.0, 0.10000000000000142
18373, 0.0, 0.10000000000000142
18374, 0.0, 0.10000000000000142
18375, 0.0, 0.10000000000000142
18376, 0.0, 0.10000000000000142
18377, 0.0, 0.10000000000000142
18378, 0.0, 0.10000000000000142
18379, 0.0, 0.10000000000000142
18380, 0.0, 0.10000000000000142
18381, 0.0, 0.10000000000000142
18382, 0.0, 0.10000000000000142
18383, 0.0, 0.10000000000000142
18384, 0.0, 0.10000000000000142
18385, 0.0, 0.0
18386, 0.0, 0.0
18387, 0.0, 0.0
18388, 0.0, 0.0
18389, 0.0, 0.0
18390, 0.0, 0.0
18391, 0.0, 0.0
18392, 0.0, 0.0
18393, 0.0, 0.0
18394, 0.0, 0.0
18395, 0.0, 0.0
18396, 0.0, 0.0
18397, 0.0, 0.0
18398, 0.0, 0.0
18399, 0.0, 0.0
18400, 0.0, 0.0
18401, 0.0, 0.0
18402, 0.0, 0.0
18403, 0.0, 0.0
18404, 0.0, 0.0
18405, 0.0, 0.0
18406, 0.0, 0.0
18407, 0.0, 0.0
18408, 0.0, 0.0
18409, 0.0, 0.10000000000000142
18410, 0.0, 0.10000000000000142
18411, 0.0, 0.10000000000000142
18412, 0.0, 0.10000000000000142
18413, 0.0, 0.10000000000000142
18414, 0.0, 0.10000000000000142
18415, 0.0, 0.10000000000000142
18416, 0.0, 0.10000000000000142
18417, 0.0, 0.10000000000000142
18418, 0.0, 0.10000000000000142
18419, 0.0, 0.0
18420, 0.0, 0.0
18421, 0.0, 0.0
18422, 0.0, 0.0
18423, 0.0, 0.0
18424, 0.0, 0.0
18425, 0.0, 0.0
18426, 0.0, 0.0
18427, 0.0, 0.0
18428, 0.0, 0.0
18429, 0.0, 0.0
18430, 0.0, 0.0
18431, 0.0, -0.10000000000000142
18432, 0.0, -0.10000000000000142
18433, 0.0, -0.10000000000000142
18434, 0.0, -0.10000000000000142
18435, 0.0, -0.10000000000000142
18436, 0.0, 0.0
18437, 0.0, 0.0
18438, 0.0, 0.0
18439, 0.0, 0.0
18440, 0.0, 0.0
18441, 0.0, 0.0
18442, 0.0, 0.0
18443, 0.0, 0.0
18444, 0.0, 0.0
18445, 0.0, 0.0
18446, 0.0, 0.0
18447, 0.0, 0.0
18448, -0.10000000000000142, 0.0
18449, -0.10000000000000142, 0.0
18450, -0.10000000000000142, 0.0
18451, -0.10000000000000142, 0.0
18452, -0.10000000000000142, 0.0
18453, -0.10000000000000142, 0.0
18454, -0.10000000000000142, 0.0
18455, -0.10000000000000142, 0.0
18456, -0.10000000000000142, 0.0
18457, -0.10000000000000142, 0.0
18458, -0.10000000000000142, 0.0
18459, -0.10000000000000142, -0.10000000000000142
18460, -0.10000000000000142, -0.10000000000000142
18461, -0.10000000000000142, -0.10000000000000142
18462, -0.10000000000000142, -0.10000000000000142
18463, -0.10000000000000142, -0.10000000000000142
18464, -0.10000000000000142, -0.10000000000000142
18465, -0.10000000000000142, -0.10000000000000142
18466, -0.10000000000000142, -0.10000000000000142
18467, -0.10000000000000142, -0.10000000000000142
18468, -0.10000000000000142, -0.10000000000000142
18469, -0.10000000000000142, -0.10000000000000142
18470, -0.10000000000000142, -0.10000000000000142
18471, -0.10000000000000142, -0.10000000000000142
18472, 0.0, -0.10000000000000142
18473, 0.0, -0.10000000000000142
18474, 0.0, -0.10000000000000142
18475, 0.0, -0.10000000000000142
18476, 0.0, -0.10000000000000142
18477, 0.0, 0.0
18478, 0.0, 0.0
18479, 0.0, 0.0
18480, 0.0, 0.0
18481, 0.0, 0.0
18482, 0.0, 0.0
18483, 0.0, 0.0
18484, 0.0, 0.0
18485, 0.0, 0.0
18486, 0.0, 0.0
18487, 0.0, -0.10000000000000142
18488, 0.0, -0.10000000000000142
18489, 0.0, -0.10000000000000142
18490, 0.0, -0.10000000000000142
18491, 0.0, -0.10000000000000142
18492, 0.0, -0.10000000000000142
18493, 0.10000000000000142, -0.10000000000000142
18494, 0.10000000000000142, -0.10000000000000142
18495, 0.10000000000000142, -0.10000000000000142
18496, 0.10000000000000142, -0.10000000000000142
18497, 0.10000000000000142, -0.10000000000000142
18498, 0.10000000000000142, -0.10000000000000142
18499, 0.10000000000000142, -0.10000000000000142
18500, 0.10000000000000142, -0.10000000000000142
18501, 0.10000000000000142, -0.10000000000000142
18502, 0.10000000000000142, -0.10000000000000142
18503, 0.10000000000000142, -0.10000000000000142
18504, 0.10000000000000142, -0.10000000000000142
18505, 0.10000000000000142, -0.10000000000000142
18506, 0.10000000000000142, -0.10000000000000142
18507, 0.10000000000000142, -0.10000000000000142
18508, 0.10000000000000142, -0.10000000000000142
18509, 0.0, -0.10000000000000142
18510, 0.0, -0.10000000000000142
18511, 0.0, -0.10000000000000142
18512, 0.0, -0.10000000000000142
18513, 0.0, -0.10000000000000142
18514, 0.0, -0.10000000000000142
18515, 0.0, -0.10000000000000142
18516, 0.0, -0.10000000000000142
18517, 0.0, -0.10000000000000142
18518, 0.0, -0.10000000000000142
18519, 0.0, -0.10000000000000142
18520, 0.0, -0.10000000000000142
18521, 0.0, -0.10000000000000142
18522, 0.0, -0.10000000000000142
18523, 0.0, -0.10000000000000142
18524, 0.0, -0.10000000000000142
18525, 0.0, -0.10000000000000142
18526, 0.0, -0.10000000000000142
18527, 0.0, -0.10000000000000142
18528, 0.0, -0.10000000000000142
18529, 0.0, -0.10000000000000142
18530, 0.0, -0.10000000000000142
18531, 0.0, -0.10000000000000142
18532, 0.0, -0.10000000000000142
18533, 0.0, -0.10000000000000142
18534, 0.0, -0.10000000000000142
18535, 0.0, -0.10000000000000142
18536, 0.0, -0.10000000000000142
18537, 0.0, -0.10000000000000142
18538, 0.0, -0.10000000000000142
18539, 0.0, -0.10000000000000142
18540, 0.0, -0.10000000000000142
18541, 0.0, -0.10000000000000142
18542, 0.0, -0.10000000000000142
18543, 0.0, -0.10000000000000142
18544, 0.0, -0.10000000000000142
18545, 0.0, -0.10000000000000142
18546, 0.0, -0.10000000000000142
18547, 0.0, -0.10000000000000142
18548, 0.0, -0.10000000000000142
18549, 0.0, -0.10000000000000142
18550, 0.0, -0.10000000000000142
18551, 0.0, -0.10000000000000142
18552, 0.0, -0.10000000000000142
18553, 0.0, -0.10000000000000142
18554, 0.0, -0.10000000000000142
18555, 0.0, -0.10000000000000142
18556, 0.0, -0.10000000000000142
18557, -0.10000000000000142, -0.10000000000000142
18558, -0.10000000000000142, -0.10000000000000142
18559, -0.10000000000000142, -0.10000000000000142
18560, -0.10000000000000142, -0.10000000000000142
18561, -0.10000000000000142, -0.10000000000000142
18562, -0.10000000000000142, -0.10000000000000142
18563, -0.10000000000000142, -0.10000000000000142
18564, -0.10000000000000142, -0.10000000000000142
18565, -0.10000000000000142, -0.10000000000000142
18566, -0.10000000000000142, -0.10000000000000142
18567, -0.10000000000000142, -0.10000000000000142
18568, -0.10000000000000142, -0.10000000000000142
18569, -0.10000000000000142, -0.10000000000000142
18570, -0.10000000000000142, -0.10000000000000142
18571, -0.10000000000000142, -0.10000000000000142
18572, -0.10000000000000142, -0.10000000000000142
18573, -0.10000000000000142, 0.0
18574, -0.10000000000000142, 0.0
18575, -0.10000000000000142, 0.0
18576, -0.10000000000000142, 0.0
18577, -0.10000000000000142, 0.0
18578, -0.10000000000000142, 0.0
18579, -0.10000000000000142, -0.10000000000000142
18580, -0.10000000000000142, -0.10000000000000142
18581, -0.10000000000000142, -0.10000000000000142
18582, -0.10000000000000142, -0.10000000000000142
18583, -0.10000000000000142, -0.10000000000000142
18584, -0.10000000000000142, -0.10000000000000142
18585, -0.10000000000000142, -0.10000000000000142
18586, -0.10000000000000142, -0.10000000000000142
18587, -0.10000000000000142, -0.10000000000000142
18588, -0.10000000000000142, -0.10000000000000142
18589, -0.10000000000000142, -0.10000000000000142
18590, -0.10000000000000142, -0.10000000000000142
18591, -0.10000000000000142, -0.10000000000000142
18592, -0.10000000000000142, -0.10000000000000142
18593, -0.10000000000000142, -0.10000000000000142
18594, -0.10000000000000142, -0.10000000000000142
18595, 0.0, -0.10000000000000142
18596, 0.0, -0.10000000000000142
18597, 0.0, -0.10000000000000142
18598, 0.0, -0.10000000000000142
18599, 0.0, -0.10000000000000142
18600, 0.0, -0.10000000000000142
18601, 0.0, 0.0
18602, 0.0, 0.10000000000000142
18603, 0.0, 0.10000000000000142
18604, 0.0, 0.0
18605, 0.0, 0.0
18606, 0.0, 0.0
18607, 0.0, 0.0
18608, 0.0, 0.0
18609, 0.0, 0.0
18610, 0.0, 0.0
18611, 0.0, 0.0
18612, 0.0, 0.0
18613, 0.0, 0.0
18614, 0.10000000000000142, 0.0
18615, 0.10000000000000142, 0.0
18616, 0.10000000000000142, 0.0
18617, 0.10000000000000142, 0.0
18618, 0.10000000000000142, 0.0
18619, 0.10000000000000142, 0.0
18620, 0.10000000000000142, 0.0
18621, 0.10000000000000142, 0.0
18622, 0.10000000000000142, 0.0
18623, 0.10000000000000142, 0.0
18624, 0.10000000000000142, 0.0
18625, 0.10000000000000142, 0.0
18626, 0.10000000000000142, -0.10000000000000142
18627, 0.10000000000000142, -0.10000000000000142
18628, 0.10000000000000142, -0.10000000000000142
18629, 0.10000000000000142, -0.10000000000000142
18630, 0.0, -0.10000000000000142
18631, 0.0, -0.10000000000000142
18632, 0.0, -0.10000000000000142
18633, 0.0, -0.10000000000000142
18634, 0.0, -0.10000000000000142
18635, 0.0, -0.10000000000000142
18636, 0.0, -0.10000000000000142
18637, 0.0, -0.10000000000000142
18638, 0.0, -0.10000000000000142
18639, 0.0, -0.10000000000000142
18640, 0.0, -0.10000000000000142
18641, 0.0, -0.10000000000000142
18642, 0.0, -0.10000000000000142
18643, 0.0, -0.10000000000000142
18644, 0.0, -0.10000000000000142
18645, 0.0, -0.10000000000000142
18646, 0.0, -0.10000000000000142
18647, 0.0, -0.10000000000000142
18648, 0.0, -0.10000000000000142
18649, 0.0, -0.10000000000000142
18650, 0.0, -0.10000000000000142
18651, 0.0, -0.10000000000000142
18652, 0.0, -0.10000000000000142
18653, 0.0, -0.10000000000000142
18654, 0.0, -0.10000000000000142
18655, 0.0, -0.10000000000000142
18656, 0.0, -0.10000000000000142
18657, 0.0, 0.0
18658, 0.0, 0.0
18659, 0.0, 0.0
18660, 0.0, 0.0
18661, 0.0, 0.0
18662, 0.0, 0.0
18663, 0.0, 0.0
18664, 0.0, 0.0
18665, 0.0, 0.0
18666, 0.0, 0.0
18667, 0.0, 0.0
18668, 0.0, 0.0
18669, 0.0, 0.0
18670, 0.0, 0.0
18671, 0.0, -0.10000000000000142
18672, 0.0, -0.10000000000000142
18673, 0.0, -0.10000000000000142
18674, 0.0, -0.10000000000000142
18675, 0.0, -0.10000000000000142
18676, 0.0, -0.10000000000000142
18677, 0.0, -0.10000000000000142
18678, 0.0, -0.10000000000000142
18679, 0.0, -0.10000000000000142
18680, 0.0, -0.10000000000000142
18681, 0.0, -0.10000000000000142
18682, 0.0, -0.10000000000000142
18683, 0.0, -0.10000000000000142
18684, 0.0, -0.10000000000000142
18685, 0.0, -0.10000000000000142
18686, 0.0, -0.10000000000000142
18687, 0.0, -0.10000000000000142
18688, 0.0, -0.10000000000000142
18689, 0.0, -0.10000000000000142
18690, 0.0, -0.10000000000000142
18691, 0.0, -0.10000000000000142
18692, 0.0, -0.10000000000000142
18693, 0.0, -0.10000000000000142
18694, 0.0, -0.10000000000000142
18695, 0.0, -0.10000000000000142
18696, 0.0, -0.10000000000000142
18697, 0.0, -0.10000000000000142
18698, 0.0, -0.10000000000000142
18699, 0.0, -0.10000000000000142
18700, 0.0, -0.10000000000000142
18701, 0.0, -0.10000000000000142
18702, 0.0, -0.10000000000000142
18703, 0.0, -0.10000000000000142
18704, 0.0, -0.1999999999999993
18705, 0.0, -0.1999999999999993
18706, 0.0, -0.1999999999999993
18707, 0.0, -0.1999999999999993
18708, 0.0, -0.1999999999999993
18709, 0.0, -0.1999999999999993
18710, 0.0, -0.1999999999999993
18711, 0.0, -0.1999999999999993
18712, 0.0, -0.1999999999999993
18713, 0.0, -0.1999999999999993
18714, 0.0, -0.1999999999999993
18715, 0.0, -0.1999999999999993
18716, 0.0, -0.1999999999999993
18717, 0.0, -0.1999999999999993
18718, 0.0, -0.1999999999999993
18719, 0.0, -0.1999999999999993
18720, 0.0, -0.1999999999999993
18721, 0.0, -0.1999999999999993
18722, 0.0, -0.1999999999999993
18723, 0.0, -0.1999999999999993
18724, 0.0, -0.1999999999999993
18725, 0.0, -0.1999999999999993
18726, 0.0, -0.1999999999999993
18727, 0.0, -0.1999999999999993
18728, 0.0, -0.1999999999999993
18729, 0.0, -0.1999999999999993
18730, 0.0, -0.1999999999999993
18731, 0.0, -0.1999999999999993
18732, 0.0, -0.1999999999999993
18733, 0.0, -0.1999999999999993
18734, 0.0, -0.1999999999999993
18735, 0.0, -0.1999999999999993
18736, 0.0, -0.1999999999999993
18737, 0.0, -0.1999999999999993
18738, 0.0, -0.1999999999999993
18739, 0.0, -0.1999999999999993
18740, 0.0, -0.1999999999999993
18741, 0.0, -0.1999999999999993
18742, 0.0, -0.1999999999999993
18743, 0.0, -0.1999999999999993
18744, 0.0, -0.1999999999999993
18745, 0.0, -0.1999999999999993
18746, 0.0, -0.1999999999999993
18747, 0.0, -0.1999999999999993
18748, 0.0, -0.1999999999999993
18749, 0.0, -0.1999999999999993
18750, 0.0, -0.1999999999999993
18751, 0.0, -0.1999999999999993
18752, 0.0, -0.1999999999999993
18753, 0.0, -0.1999999999999993
18754, 0.0, -0.1999999999999993
18755, 0.0, -0.1999999999999993
18756, 0.0, -0.1999999999999993
18757, 0.0, -0.1999999999999993
18758, 0.0, -0.1999999999999993
18759, 0.0, -0.1999999999999993
18760, 0.0, -0.1999999999999993
18761, 0.10000000000000142, -0.1999999999999993
18762, 0.10000000000000142, -0.1999999999999993
18763, 0.10000000000000142, -0.10000000000000142
18764, 0.10000000000000142, -0.10000000000000142
18765, 0.10000000000000142, -0.10000000000000142
18766, 0.10000000000000142, -0.10000000000000142
18767, 0.10000000000000142, -0.10000000000000142
18768, 0.10000000000000142, -0.10000000000000142
18769, 0.10000000000000142, 0.0
18770, 0.0, 0.0
18771, 0.0, -0.10000000000000142
18772, 0.0, -0.10000000000000142
18773, 0.0, -0.10000000000000142
18774, 0.0, -0.10000000000000142
18775, 0.0, -0.10000000000000142
18776, 0.0, -0.10000000000000142
18777, 0.0, -0.10000000000000142
18778, 0.0, -0.10000000000000142
18779, 0.0, -0.10000000000000142
18780, 0.0, -0.10000000000000142
18781, 0.0, -0.10000000000000142
18782, 0.0, -0.10000000000000142
18783, 0.0, -0.10000000000000142
18784, 0.0, -0.10000000000000142
18785, 0.0, -0.10000000000000142
18786, 0.0, 0.0
18787, 0.0, 0.0
18788, 0.0, 0.0
18789, 0.0, 0.0
18790, 0.0, 0.0
18791, 0.0, 0.0
18792, 0.0, 0.0
18793, 0.0, 0.0
18794, 0.0, 0.0
18795, 0.0, 0.0
18796, 0.0, 0.0
18797, 0.0, 0.10000000000000142
18798, 0.0, 0.10000000000000142
18799, 0.0, 0.0
18800, 0.0, 0.0
18801, 0.0, 0.0
18802, 0.0, 0.0
18803, 0.0, 0.0
18804, 0.0, 0.0
18805, 0.0, 0.0
18806, 0.0, 0.0
18807, 0.0, 0.0
18808, 0.0, 0.0
18809, 0.0, 0.0
18810, 0.0, 0.0
18811, 0.0, 0.0
18812, 0.0, 0.0
18813, 0.0, 0.0
18814, 0.0, 0.0
18815, 0.0, 0.0
18816, 0.0, 0.0
18817, -0.10000000000000142, 0.0
18818, -0.10000000000000142, 0.0
18819, -0.10000000000000142, 0.0
18820, -0.10000000000000142, 0.0
18821, -0.10000000000000142, 0.0
18822, -0.10000000000000142, 0.0
18823, -0.10000000000000142, 0.0
18824, -0.10000000000000142, 0.0
18825, -0.10000000000000142, 0.0
18826, -0.10000000000000142, 0.0
18827, -0.10000000000000142, 0.0
18828, -0.10000000000000142, 0.0
18829, -0.10000000000000142, 0.0
18830, -0.10000000000000142, 0.0
18831, -0.10000000000000142, -0.10000000000000142
18832, -0.10000000000000142, -0.10000000000000142
18833, -0.10000000000000142, -0.10000000000000142
18834, -0.10000000000000142, -0.10000000000000142
18835, -0.10000000000000142, -0.10000000000000142
18836, -0.10000000000000142, -0.10000000000000142
18837, -0.10000000000000142, -0.10000000000000142
18838, -0.10000000000000142, -0.10000000000000142
18839, -0.10000000000000142, -0.10000000000000142
18840, -0.10000000000000142, -0.10000000000000142
18841, -0.10000000000000142, -0.10000000000000142
18842, -0.10000000000000142, -0.10000000000000142
18843, -0.10000000000000142, -0.10000000000000142
18844, -0.10000000000000142, -0.10000000000000142
18845, -0.10000000000000142, -0.10000000000000142
18846, -0.10000000000000142, -0.10000000000000142
18847, -0.10000000000000142, -0.10000000000000142
18848, -0.10000000000000142, -0.10000000000000142
18849, -0.10000000000000142, -0.10000000000000142
18850, -0.10000000000000142, -0.10000000000000142
18851, -0.10000000000000142, -0.10000000000000142
18852, -0.10000000000000142, -0.10000000000000142
18853, -0.10000000000000142, -0.10000000000000142
18854, 0.0, -0.10000000000000142
18855, 0.0, -0.10000000000000142
18856, 0.0, -0.10000000000000142
18857, 0.0, -0.10000000000000142
18858, 0.0, -0.10000000000000142
18859, 0.0, -0.10000000000000142
18860, 0.0, -0.10000000000000142
18861, 0.0, -0.10000000000000142
18862, 0.0, -0.1999999999999993
18863, 0.0, -0.10000000000000142
18864, 0.0, -0.10000000000000142
18865, 0.0, -0.10000000000000142
18866, 0.0, -0.10000000000000142
18867, 0.0, -0.10000000000000142
18868, 0.0, -0.10000000000000142
18869, 0.0, -0.10000000000000142
18870, 0.0, -0.10000000000000142
18871, 0.0, -0.10000000000000142
18872, 0.0, -0.10000000000000142
18873, 0.0, -0.10000000000000142
18874, 0.0, -0.10000000000000142
18875, 0.10000000000000142, -0.10000000000000142
18876, 0.10000000000000142, -0.10000000000000142
18877, 0.10000000000000142, -0.10000000000000142
18878, 0.10000000000000142, -0.10000000000000142
18879, 0.10000000000000142, -0.10000000000000142
18880, 0.10000000000000142, -0.10000000000000142
18881, 0.10000000000000142, -0.10000000000000142
18882, 0.10000000000000142, -0.10000000000000142
18883, 0.10000000000000142, -0.10000000000000142
18884, 0.10000000000000142, -0.10000000000000142
18885, 0.10000000000000142, -0.10000000000000142
18886, 0.0, -0.10000000000000142
18887, 0.0, -0.10000000000000142
18888, 0.0, -0.10000000000000142
18889, 0.0, -0.10000000000000142
18890, 0.0, -0.10000000000000142
18891, 0.0, -0.10000000000000142
18892, 0.0, -0.10000000000000142
18893, 0.0, -0.10000000000000142
18894, 0.0, -0.10000000000000142
18895, 0.0, -0.10000000000000142
18896, 0.0, -0.10000000000000142
18897, 0.0, -0.1999999999999993
18898, 0.0, -0.1999999999999993
18899, 0.0, -0.1999999999999993
18900, 0.0, -0.10000000000000142
18901, 0.0, -0.10000000000000142
18902, 0.0, -0.10000000000000142
18903, 0.0, -0.10000000000000142
18904, 0.0, -0.10000000000000142
18905, 0.0, -0.10000000000000142
18906, 0.0, -0.10000000000000142
18907, 0.0, -0.10000000000000142
18908, 0.0, -0.10000000000000142
18909, 0.0, -0.10000000000000142
18910, 0.0, -0.10000000000000142
18911, 0.0, -0.10000000000000142
18912, 0.0, -0.10000000000000142
18913, 0.0, -0.10000000000000142
18914, 0.0, -0.10000000000000142
18915, -0.10000000000000142, -0.10000000000000142
18916, -0.10000000000000142, -0.10000000000000142
18917, -0.10000000000000142, -0.10000000000000142
18918, -0.10000000000000142, -0.10000000000000142
18919, -0.10000000000000142, -0.10000000000000142
18920, -0.10000000000000142, -0.10000000000000142
18921, -0.10000000000000142, -0.10000000000000142
18922, -0.10000000000000142, -0.10000000000000142
18923, -0.10000000000000142, -0.10000000000000142
18924, -0.10000000000000142, -0.10000000000000142
18925, -0.10000000000000142, -0.10000000000000142
18926, -0.10000000000000142, -0.10000000000000142
18927, -0.10000000000000142, -0.10000000000000142
18928, -0.10000000000000142, -0.10000000000000142
18929, -0.10000000000000142, -0.10000000000000142
18930, -0.10000000000000142, -0.10000000000000142
18931, -0.10000000000000142, -0.10000000000000142
18932, -0.10000000000000142, -0.10000000000000142
18933, -0.10000000000000142, -0.10000000000000142
18934, -0.10000000000000142, -0.10000000000000142
18935, -0.10000000000000142, -0.10000000000000142
18936, -0.10000000000000142, -0.10000000000000142
18937, 0.0, -0.10000000000000142
18938, 0.0, -0.10000000000000142
18939, 0.0, -0.1999999999999993
18940, 0.0, -0.1999999999999993
18941, 0.0, -0.1999999999999993
18942, 0.0, -0.1999999999999993
18943, 0.0, -0.1999999999999993
18944, 0.0, -0.1999999999999993
18945, 0.0, -0.10000000000000142
18946, 0.0, -0.10000000000000142
18947, 0.0, -0.10000000000000142
18948, 0.0, -0.10000000000000142
18949, 0.0, -0.10000000000000142
18950, 0.0, -0.10000000000000142
18951, 0.0, -0.10000000000000142
18952, 0.0, -0.10000000000000142
18953, 0.0, -0.10000000000000142
18954, 0.0, -0.10000000000000142
18955, 0.0, -0.10000000000000142
18956, 0.0, -0.10000000000000142
18957, 0.0, -0.10000000000000142
18958, 0.0, -0.10000000000000142
18959, 0.0, -0.10000000000000142
18960, 0.0, -0.10000000000000142
18961, 0.0, -0.10000000000000142
18962, 0.0, -0.10000000000000142
18963, 0.0, -0.10000000000000142
18964, 0.0, -0.10000000000000142
18965, 0.0, -0.10000000000000142
18966, 0.0, -0.10000000000000142
18967, 0.0, -0.10000000000000142
18968, 0.0, -0.10000000000000142
18969, 0.0, -0.10000000000000142
18970, 0.0, -0.10000000000000142
18971, 0.0, -0.10000000000000142
18972, 0.0, -0.10000000000000142
18973, 0.0, 0.0
18974, 0.0, 0.0
18975, 0.0, -0.10000000000000142
18976, 0.0, -0.10000000000000142
18977, 0.0, -0.10000000000000142
18978, 0.0, -0.10000000000000142
18979, 0.0, -0.10000000000000142
18980, 0.0, -0.10000000000000142
18981, 0.0, 0.0
18982, 0.0, 0.0
18983, 0.0, 0.0
18984, 0.0, 0.0
18985, 0.0, 0.0
18986, 0.0, 0.0
18987, 0.0, 0.0
18988, 0.0, 0.0
18989, 0.0, 0.0
18990, 0.0, 0.0
18991, 0.0, -0.10000000000000142
18992, 0.0, -0.10000000000000142
18993, 0.0, 0.0
18994, 0.0, 0.0
18995, 0.0, 0.0
18996, 0.0, 0.0
18997, 0.0, 0.0
18998, 0.0, 0.0
18999, 0.0, 0.0
19000, 0.0, 0.0
19001, 0.0, 0.0
19002, 0.0, 0.0
19003, 0.0, 0.0
19004, 0.0, 0.0
19005, 0.0, 0.0
19006, 0.0, 0.0
19007, 0.0, 0.0
19008, 0.0, 0.0
19009, 0.0, 0.0
19010, 0.0, 0.0
19011, 0.0, 0.0
19012, 0.0, 0.0
19013, 0.0, 0.0
19014, 0.0, 0.0
19015, 0.0, 0.0
19016, 0.0, 0.0
19017, 0.0, 0.0
19018, 0.0, 0.0
19019, 0.0, 0.0
19020, -0.10000000000000142, 0.0
19021, -0.10000000000000142, 0.0
19022, -0.10000000000000142, 0.0
19023, -0.10000000000000142, 0.0
19024, -0.10000000000000142, 0.0
19025, -0.10000000000000142, 0.0
19026, -0.10000000000000142, 0.0
19027, -0.10000000000000142, 0.0
19028, -0.10000000000000142, 0.0
19029, -0.10000000000000142, 0.0
19030, -0.10000000000000142, -0.10000000000000142
19031, -0.10000000000000142, -0.10000000000000142
19032, -0.10000000000000142, -0.10000000000000142
19033, -0.10000000000000142, -0.10000000000000142
19034, -0.10000000000000142, -0.10000000000000142
19035, -0.10000000000000142, -0.10000000000000142
19036, -0.10000000000000142, -0.10000000000000142
19037, -0.10000000000000142, -0.10000000000000142
19038, -0.10000000000000142, -0.10000000000000142
19039, -0.10000000000000142, -0.10000000000000142
19040, -0.10000000000000142, -0.10000000000000142
19041, -0.10000000000000142, -0.10000000000000142
19042, -0.10000000000000142, -0.10000000000000142
19043, -0.10000000000000142, -0.10000000000000142
19044, -0.10000000000000142, -0.10000000000000142
19045, -0.10000000000000142, -0.10000000000000142
19046, -0.10000000000000142, -0.10000000000000142
19047, -0.10000000000000142, 0.0
19048, -0.10000000000000142, 0.0
19049, -0.10000000000000142, 0.0
19050, -0.10000000000000142, 0.0
19051, -0.10000000000000142, 0.0
19052, -0.10000000000000142, 0.0
19053, -0.10000000000000142, 0.0
19054, -0.10000000000000142, 0.0
19055, -0.10000000000000142, 0.0
19056, -0.10000000000000142, 0.0
19057, -0.10000000000000142, 0.0
19058, -0.10000000000000142, 0.0
19059, -0.10000000000000142, 0.0
19060, -0.10000000000000142, 0.0
19061, -0.10000000000000142, 0.0
19062, -0.10000000000000142, 0.0
19063, -0.10000000000000142, 0.0
19064, -0.10000000000000142, 0.0
19065, -0.10000000000000142, 0.0
19066, -0.10000000000000142, 0.0
19067, -0.10000000000000142, 0.0
19068, -0.10000000000000142, 0.0
19069, -0.10000000000000142, 0.0
19070, -0.10000000000000142, -0.10000000000000142
19071, -0.10000000000000142, -0.10000000000000142
19072, 0.0, -0.10000000000000142
19073, 0.0, -0.10000000000000142
19074, 0.0, 0.0
19075, 0.0, 0.0
19076, 0.0, 0.0
19077, 0.0, 0.0
19078, 0.0, 0.0
19079, 0.0, -0.10000000000000142
19080, 0.0, -0.10000000000000142
19081, 0.0, -0.10000000000000142
19082, 0.0, -0.10000000000000142
19083, 0.0, -0.10000000000000142
19084, 0.0, -0.10000000000000142
19085, 0.0, -0.1999999999999993
19086, 0.0, -0.10000000000000142
19087, 0.0, -0.10000000000000142
19088, 0.0, -0.10000000000000142
19089, 0.0, -0.10000000000000142
19090, 0.0, -0.10000000000000142
19091, 0.0, -0.10000000000000142
19092, 0.0, -0.10000000000000142
19093, 0.0, -0.10000000000000142
19094, 0.0, -0.10000000000000142
19095, 0.0, -0.10000000000000142
19096, 0.0, -0.10000000000000142
19097, 0.0, -0.10000000000000142
19098, 0.0, -0.10000000000000142
19099, 0.0, -0.10000000000000142
19100, 0.0, -0.10000000000000142
19101, -0.10000000000000142, -0.10000000000000142
19102, -0.10000000000000142, -0.10000000000000142
19103, -0.10000000000000142, -0.10000000000000142
19104, -0.10000000000000142, -0.10000000000000142
19105, -0.10000000000000142, -0.10000000000000142
19106, -0.10000000000000142, -0.10000000000000142
19107, -0.10000000000000142, -0.10000000000000142
19108, -0.10000000000000142, -0.10000000000000142
19109, -0.10000000000000142, -0.10000000000000142
19110, -0.10000000000000142, -0.10000000000000142
19111, -0.10000000000000142, -0.10000000000000142
19112, -0.10000000000000142, -0.1999999999999993
19113, -0.10000000000000142, -0.1999999999999993
19114, -0.1999999999999993, -0.1999999999999993
19115, -0.1999999999999993, -0.1999999999999993
19116, -0.1999999999999993, -0.10000000000000142
19117, -0.1999999999999993, -0.10000000000000142
19118, -0.1999999999999993, -0.10000000000000142
19119, -0.1999999999999993, -0.10000000000000142
19120, -0.1999999999999993, -0.10000000000000142
19121, -0.1999999999999993, 0.0
19122, -0.1999999999999993, 0.0
19123, -0.1999999999999993, 0.0
19124, -0.1999999999999993, 0.0
19125, -0.1999999999999993, 0.0
19126, -0.1999999999999993, 0.0
19127, -0.1999999999999993, 0.0
19128, -0.1999999999999993, 0.0
19129, -0.1999999999999993, 0.0
19130, -0.1999999999999993, 0.0
19131, -0.1999999999999993, 0.0
19132, -0.1999999999999993, 0.0
19133, -0.1999999999999993, 0.0
19134, -0.1999999999999993, 0.0
19135, -0.1999999999999993, 0.0
19136, -0.1999999999999993, 0.0
19137, -0.10000000000000142, 0.0
19138, 0.0, 0.0
19139, 0.0, 0.0
19140, 0.0, 0.0
19141, 0.0, 0.0
19142, 0.0, 0.0
19143, 0.0, 0.0
19144, 0.0, 0.0
19145, 0.0, 0.0
19146, 0.0, 0.0
19147, 0.10000000000000142, 0.0
19148, 0.10000000000000142, 0.0
19149, 0.10000000000000142, 0.0
19150, 0.10000000000000142, 0.0
19151, 0.10000000000000142, 0.0
19152, 0.10000000000000142, 0.0
19153, 0.0, 0.0
19154, 0.0, 0.0
19155, 0.0, 0.0
19156, 0.0, 0.0
19157, 0.0, 0.0
19158, 0.0, 0.0
19159, 0.0, 0.0
19160, 0.0, -0.10000000000000142
19161, 0.0, -0.10000000000000142
19162, 0.0, -0.10000000000000142
19163, 0.0, -0.10000000000000142
19164, 0.0, 0.0
19165, 0.0, 0.0
19166, 0.0, 0.0
19167, -0.10000000000000142, 0.0
19168, -0.10000000000000142, 0.0
19169, -0.10000000000000142, 0.0
19170, -0.10000000000000142, 0.0
19171, -0.10000000000000142, 0.0
19172, -0.10000000000000142, 0.0
19173, -0.10000000000000142, 0.0
19174, -0.10000000000000142, 0.0
19175, -0.10000000000000142, 0.0
19176, -0.10000000000000142, 0.0
19177, -0.10000000000000142, 0.0
19178, -0.10000000000000142, 0.0
19179, -0.10000000000000142, 0.0
19180, -0.10000000000000142, 0.0
19181, -0.10000000000000142, 0.0
19182, -0.10000000000000142, -0.10000000000000142
19183, -0.10000000000000142, 0.0
19184, -0.10000000000000142, 0.0
19185, -0.10000000000000142, 0.0
19186, -0.10000000000000142, 0.0
19187, -0.10000000000000142, 0.0
19188, -0.10000000000000142, 0.0
19189, -0.10000000000000142, 0.0
19190, -0.10000000000000142, 0.0
19191, 0.0, 0.0
19192, 0.0, 0.0
19193, 0.0, 0.0
19194, 0.0, 0.0
19195, 0.0, 0.0
19196, 0.0, -0.10000000000000142
19197, 0.0, -0.10000000000000142
19198, 0.0, -0.10000000000000142
19199, 0.0, -0.10000000000000142
19200, 0.0, -0.10000000000000142
19201, 0.0, -0.10000000000000142
19202, 0.0, -0.10000000000000142
19203, 0.0, -0.10000000000000142
19204, 0.0, -0.10000000000000142
19205, 0.0, -0.10000000000000142
19206, 0.0, -0.10000000000000142
19207, 0.0, -0.10000000000000142
19208, 0.0, -0.10000000000000142
19209, 0.0, -0.10000000000000142
19210, 0.0, -0.10000000000000142
19211, 0.0, -0.10000000000000142
19212, 0.0, -0.10000000000000142
19213, 0.0, -0.10000000000000142
19214, 0.0, -0.10000000000000142
19215, 0.0, -0.10000000000000142
19216, 0.0, -0.10000000000000142
19217, 0.0, -0.10000000000000142
19218, 0.0, -0.10000000000000142
19219, 0.0, -0.10000000000000142
19220, 0.0, -0.10000000000000142
19221, 0.0, -0.10000000000000142
19222, 0.0, -0.10000000000000142
19223, 0.0, -0.10000000000000142
19224, 0.0, -0.10000000000000142
19225, 0.0, -0.10000000000000142
19226, 0.0, -0.10000000000000142
19227, 0.0, -0.10000000000000142
19228, 0.0, -0.10000000000000142
19229, 0.0, -0.10000000000000142
19230, 0.0, -0.10000000000000142
19231, 0.0, -0.10000000000000142
19232, 0.0, -0.10000000000000142
19233, 0.0, -0.10000000000000142
19234, 0.0, -0.10000000000000142
19235, 0.0, -0.10000000000000142
19236, 0.0, -0.10000000000000142
19237, 0.0, -0.10000000000000142
19238, 0.0, -0.10000000000000142
19239, 0.0, -0.10000000000000142
19240, 0.0, -0.10000000000000142
19241, 0.0, -0.10000000000000142
19242, 0.0, -0.10000000000000142
19243, 0.0, -0.10000000000000142
19244, 0.0, -0.10000000000000142
19245, 0.0, -0.10000000000000142
19246, 0.0, -0.10000000000000142
19247, 0.10000000000000142, -0.10000000000000142
19248, 0.10000000000000142, -0.10000000000000142
19249, 0.10000000000000142, -0.10000000000000142
19250, 0.10000000000000142, -0.10000000000000142
19251, 0.10000000000000142, -0.10000000000000142
19252, 0.10000000000000142, -0.10000000000000142
19253, 0.10000000000000142, -0.10000000000000142
19254, 0.10000000000000142, -0.10000000000000142
19255, 0.10000000000000142, 0.0
19256, 0.10000000000000142, 0.0
19257, 0.10000000000000142, 0.0
19258, 0.10000000000000142, 0.0
19259, 0.10000000000000142, 0.0
19260, 0.10000000000000142, 0.0
19261, 0.10000000000000142, 0.0
19262, 0.10000000000000142, 0.0
19263, 0.10000000000000142, 0.0
19264, 0.10000000000000142, 0.0
19265, 0.10000000000000142, 0.0
19266, 0.10000000000000142, 0.0
19267, 0.10000000000000142, 0.0
19268, 0.10000000000000142, 0.0
19269, 0.10000000000000142, 0.0
19270, 0.10000000000000142, 0.0
19271, 0.10000000000000142, 0.0
19272, 0.10000000000000142, 0.0
19273, 0.10000000000000142, 0.0
19274, 0.10000000000000142, 0.0
19275, 0.10000000000000142, 0.0
19276, 0.10000000000000142, 0.0
19277, 0.10000000000000142, 0.0
19278, 0.0, 0.0
19279, 0.0, 0.0
19280, 0.0, 0.0
19281, 0.0, 0.0
19282, 0.0, 0.0
19283, 0.0, 0.0
19284, 0.0, 0.0
19285, 0.0, 0.0
19286, 0.0, -0.10000000000000142
19287, 0.0, -0.10000000000000142
19288, 0.0, -0.10000000000000142
19289, 0.0, -0.10000000000000142
19290, 0.0, -0.10000000000000142
19291, 0.0, -0.10000000000000142
19292, 0.0, -0.10000000000000142
19293, 0.0, -0.10000000000000142
19294, 0.0, -0.10000000000000142
19295, 0.0, -0.10000000000000142
19296, 0.0, -0.10000000000000142
19297, 0.0, -0.10000000000000142
19298, 0.0, -0.10000000000000142
19299, 0.0, -0.10000000000000142
19300, 0.0, -0.10000000000000142
19301, 0.0, -0.10000000000000142
19302, 0.0, -0.10000000000000142
19303, 0.0, -0.10000000000000142
19304, 0.0, -0.10000000000000142
19305, 0.0, -0.10000000000000142
19306, 0.0, -0.10000000000000142
19307, 0.0, -0.10000000000000142
19308, 0.0, -0.10000000000000142
19309, 0.0, -0.10000000000000142
19310, 0.0, -0.10000000000000142
19311, 0.0, -0.10000000000000142
19312, 0.0, -0.10000000000000142
19313, 0.0, -0.10000000000000142
19314, 0.0, -0.10000000000000142
19315, -0.10000000000000142, -0.10000000000000142
19316, -0.10000000000000142, -0.10000000000000142
19317, -0.10000000000000142, -0.10000000000000142
19318, -0.10000000000000142, -0.10000000000000142
19319, -0.10000000000000142, -0.10000000000000142
19320, -0.10000000000000142, 0.0
19321, -0.10000000000000142, 0.0
19322, -0.10000000000000142, 0.0
19323, -0.10000000000000142, 0.0
19324, -0.10000000000000142, 0.0
19325, -0.10000000000000142, 0.0
19326, -0.10000000000000142, 0.0
19327, -0.10000000000000142, 0.0
19328, -0.10000000000000142, 0.0
19329, -0.10000000000000142, 0.0
19330, -0.10000000000000142, 0.0
19331, -0.10000000000000142, 0.0
19332, -0.10000000000000142, 0.0
19333, -0.10000000000000142, 0.0
19334, -0.10000000000000142, 0.0
19335, -0.10000000000000142, 0.0
19336, -0.10000000000000142, 0.0
19337, -0.10000000000000142, 0.0
19338, -0.10000000000000142, 0.0
19339, -0.10000000000000142, 0.0
19340, -0.10000000000000142, 0.0
19341, -0.10000000000000142, 0.0
19342, -0.10000000000000142, 0.0
19343, -0.10000000000000142, 0.0
19344, -0.10000000000000142, 0.0
19345, -0.10000000000000142, 0.0
19346, -0.10000000000000142, 0.0
19347, -0.10000000000000142, 0.0
19348, -0.10000000000000142, 0.0
19349, -0.10000000000000142, 0.0
19350, -0.10000000000000142, 0.0
19351, -0.10000000000000142, 0.0
19352, -0.10000000000000142, 0.0
19353, -0.10000000000000142, 0.0
19354, -0.10000000000000142, 0.0
19355, -0.10000000000000142, 0.0
19356, -0.10000000000000142, 0.0
19357, -0.10000000000000142, 0.0
19358, 0.0, 0.0
19359, 0.0, 0.0
19360, 0.0, 0.0
19361, 0.0, 0.0
19362, 0.0, 0.0
19363, 0.0, 0.0
19364, 0.0, 0.0
19365, 0.0, 0.0
19366, 0.0, 0.0
19367, 0.0, 0.0
19368, 0.0, 0.0
19369, 0.0, 0.0
19370, 0.0, 0.0
19371, 0.0, 0.0
19372, 0.0, 0.10000000000000142
19373, 0.0, 0.10000000000000142
19374, 0.10000000000000142, 0.10000000000000142
19375, 0.10000000000000142, 0.10000000000000142
19376, 0.10000000000000142, 0.10000000000000142
19377, 0.10000000000000142, 0.10000000000000142
19378, 0.10000000000000142, 0.10000000000000142
19379, 0.10000000000000142, 0.0
19380, 0.10000000000000142, 0.0
19381, 0.10000000000000142, 0.0
19382, 0.10000000000000142, 0.0
19383, 0.10000000000000142, 0.0
19384, 0.10000000000000142, 0.0
19385, 0.10000000000000142, 0.0
19386, 0.10000000000000142, 0.0
19387, 0.10000000000000142, 0.0
19388, 0.10000000000000142, 0.0
19389, 0.10000000000000142, 0.0
19390, 0.10000000000000142, 0.0
19391, 0.10000000000000142, 0.0
19392, 0.10000000000000142, 0.0
19393, 0.10000000000000142, -0.10000000000000142
19394, 0.10000000000000142, -0.10000000000000142
19395, 0.10000000000000142, -0.10000000000000142
19396, 0.10000000000000142, -0.10000000000000142
19397, 0.0, -0.10000000000000142
19398, 0.0, -0.10000000000000142
19399, 0.0, -0.10000000000000142
19400, 0.10000000000000142, -0.10000000000000142
19401, 0.10000000000000142, -0.10000000000000142
19402, 0.10000000000000142, -0.10000000000000142
19403, 0.10000000000000142, -0.10000000000000142
19404, 0.10000000000000142, -0.10000000000000142
19405, 0.10000000000000142, -0.10000000000000142
19406, 0.10000000000000142, -0.10000000000000142
19407, 0.10000000000000142, -0.10000000000000142
19408, 0.10000000000000142, -0.10000000000000142
19409, 0.10000000000000142, -0.10000000000000142
19410, 0.10000000000000142, -0.10000000000000142
19411, 0.0, 0.0
19412, 0.0, 0.0
19413, 0.0, 0.0
19414, 0.0, 0.0
19415, 0.0, 0.0
19416, 0.0, 0.0
19417, 0.0, 0.0
19418, 0.0, 0.0
19419, 0.0, 0.0
19420, 0.0, 0.0
19421, 0.0, 0.0
19422, 0.0, 0.0
19423, 0.10000000000000142, 0.0
19424, 0.10000000000000142, 0.0
19425, 0.10000000000000142, 0.0
19426, 0.10000000000000142, 0.0
19427, 0.0, 0.0
19428, 0.0, 0.0
19429, 0.0, 0.0
19430, 0.0, 0.0
19431, 0.0, 0.0
19432, 0.0, 0.0
19433, 0.0, 0.0
19434, 0.0, 0.0
19435, 0.0, -0.10000000000000142
19436, 0.0, -0.10000000000000142
19437, 0.0, -0.10000000000000142
19438, 0.0, -0.10000000000000142
19439, 0.0, -0.10000000000000142
19440, 0.0, -0.10000000000000142
19441, 0.0, -0.10000000000000142
19442, 0.0, -0.10000000000000142
19443, 0.0, -0.10000000000000142
19444, 0.0, -0.10000000000000142
19445, 0.0, -0.10000000000000142
19446, 0.0, -0.10000000000000142
19447, 0.0, -0.10000000000000142
19448, 0.0, -0.10000000000000142
19449, 0.0, -0.10000000000000142
19450, 0.0, -0.10000000000000142
19451, 0.0, -0.10000000000000142
19452, 0.0, -0.10000000000000142
19453, 0.0, -0.10000000000000142
19454, 0.0, -0.10000000000000142
19455, 0.0, -0.10000000000000142
19456, 0.0, -0.10000000000000142
19457, 0.0, -0.1999999999999993
19458, 0.0, -0.1999999999999993
19459, 0.0, -0.1999999999999993
19460, 0.0, -0.1999999999999993
19461, 0.0, -0.1999999999999993
19462, 0.0, -0.1999999999999993
19463, 0.0, -0.1999999999999993
19464, 0.0, -0.1999999999999993
19465, 0.0, -0.1999999999999993
19466, 0.0, -0.1999999999999993
19467, 0.0, -0.1999999999999993
19468, 0.0, -0.1999999999999993
19469, 0.0, -0.1999999999999993
19470, 0.0, -0.1999999999999993
19471, 0.0, -0.10000000000000142
19472, 0.0, -0.10000000000000142
19473, 0.0, -0.10000000000000142
19474, 0.0, -0.10000000000000142
19475, 0.0, -0.10000000000000142
19476, 0.0, -0.10000000000000142
19477, 0.0, -0.10000000000000142
19478, 0.0, -0.10000000000000142
19479, 0.0, -0.10000000000000142
19480, 0.0, -0.1999999999999993
19481, 0.0, -0.1999999999999993
19482, 0.0, -0.1999999999999993
19483, -0.10000000000000142, -0.1999999999999993
19484, -0.10000000000000142, -0.10000000000000142
19485, -0.10000000000000142, -0.10000000000000142
19486, -0.10000000000000142, -0.10000000000000142
19487, -0.10000000000000142, -0.10000000000000142
19488, -0.10000000000000142, -0.10000000000000142
19489, -0.10000000000000142, -0.10000000000000142
19490, -0.10000000000000142, -0.10000000000000142
19491, -0.10000000000000142, -0.10000000000000142
19492, -0.10000000000000142, -0.10000000000000142
19493, -0.10000000000000142, -0.10000000000000142
19494, -0.10000000000000142, -0.10000000000000142
19495, -0.10000000000000142, -0.10000000000000142
19496, -0.10000000000000142, -0.10000000000000142
19497, -0.10000000000000142, -0.10000000000000142
19498, -0.10000000000000142, -0.10000000000000142
19499, -0.10000000000000142, -0.10000000000000142
19500, -0.10000000000000142, -0.10000000000000142
19501, -0.10000000000000142, -0.10000000000000142
19502, -0.10000000000000142, -0.10000000000000142
19503, -0.10000000000000142, -0.10000000000000142
19504, -0.10000000000000142, -0.10000000000000142
19505, -0.10000000000000142, -0.10000000000000142
19506, -0.10000000000000142, -0.10000000000000142
19507, -0.10000000000000142, -0.10000000000000142
19508, -0.10000000000000142, -0.10000000000000142
19509, -0.10000000000000142, -0.10000000000000142
19510, -0.10000000000000142, -0.10000000000000142
19511, -0.10000000000000142, -0.10000000000000142
19512, -0.10000000000000142, -0.10000000000000142
19513, -0.10000000000000142, -0.10000000000000142
19514, -0.10000000000000142, -0.10000000000000142
19515, -0.10000000000000142, -0.10000000000000142
19516, -0.10000000000000142, -0.10000000000000142
19517, -0.10000000000000142, -0.10000000000000142
19518, -0.10000000000000142, -0.10000000000000142
19519, -0.10000000000000142, -0.10000000000000142
19520, -0.10000000000000142, -0.10000000000000142
19521, -0.10000000000000142, -0.10000000000000142
19522, -0.10000000000000142, -0.10000000000000142
19523, -0.10000000000000142, -0.10000000000000142
19524, -0.10000000000000142, -0.10000000000000142
19525, -0.10000000000000142, -0.10000000000000142
19526, -0.10000000000000142, -0.10000000000000142
19527, -0.10000000000000142, -0.10000000000000142
19528, -0.10000000000000142, -0.10000000000000142
19529, -0.10000000000000142, -0.10000000000000142
19530, -0.1999999999999993, -0.10000000000000142
19531, -0.1999999999999993, -0.10000000000000142
19532, -0.1999999999999993, -0.10000000000000142
19533, -0.1999999999999993, 0.0
19534, -0.1999999999999993, 0.0
19535, -0.1999999999999993, 0.0
19536, -0.1999999999999993, 0.0
19537, -0.1999999999999993, 0.0
19538, -0.1999999999999993, 0.0
19539, -0.10000000000000142, 0.0
19540, 0.0, 0.0
19541, 0.0, 0.0
19542, 0.0, 0.0
19543, 0.0, 0.0
19544, 0.0, -0.10000000000000142
19545, 0.0, -0.10000000000000142
19546, 0.0, -0.10000000000000142
19547, 0.0, -0.10000000000000142
19548, 0.0, -0.10000000000000142
19549, 0.0, -0.10000000000000142
19550, 0.0, -0.10000000000000142
19551, 0.0, -0.10000000000000142
19552, 0.0, -0.10000000000000142
19553, 0.0, -0.10000000000000142
19554, 0.0, -0.10000000000000142
19555, 0.0, -0.10000000000000142
19556, 0.0, -0.10000000000000142
19557, 0.0, -0.10000000000000142
19558, 0.0, -0.10000000000000142
19559, 0.0, -0.10000000000000142
19560, 0.0, -0.10000000000000142
19561, 0.0, -0.10000000000000142
19562, 0.0, -0.10000000000000142
19563, 0.0, -0.10000000000000142
19564, 0.0, -0.10000000000000142
19565, 0.0, -0.10000000000000142
19566, 0.0, -0.10000000000000142
19567, 0.0, -0.10000000000000142
19568, 0.0, -0.10000000000000142
19569, 0.0, -0.10000000000000142
19570, 0.0, -0.10000000000000142
19571, 0.0, -0.10000000000000142
19572, 0.0, -0.10000000000000142
19573, 0.0, -0.10000000000000142
19574, 0.0, -0.10000000000000142
19575, 0.0, -0.10000000000000142
19576, 0.0, -0.10000000000000142
19577, 0.0, -0.10000000000000142
19578, 0.0, -0.10000000000000142
19579, 0.0, -0.10000000000000142
19580, 0.0, -0.10000000000000142
19581, 0.0, -0.10000000000000142
19582, 0.0, -0.10000000000000142
19583, 0.0, -0.10000000000000142
19584, 0.0, -0.10000000000000142
19585, 0.0, -0.10000000000000142
19586, 0.0, -0.10000000000000142
19587, 0.0, -0.10000000000000142
19588, 0.0, -0.10000000000000142
19589, 0.0, -0.10000000000000142
19590, 0.0, -0.10000000000000142
19591, 0.0, -0.10000000000000142
19592, 0.0, -0.10000000000000142
19593, 0.0, -0.10000000000000142
19594, 0.0, -0.10000000000000142
19595, 0.0, -0.10000000000000142
19596, 0.0, -0.10000000000000142
19597, 0.0, -0.10000000000000142
19598, 0.0, -0.10000000000000142
19599, 0.0, -0.10000000000000142
19600, 0.0, -0.10000000000000142
19601, 0.0, -0.10000000000000142
19602, 0.0, -0.10000000000000142
19603, 0.0, -0.10000000000000142
19604, 0.0, -0.10000000000000142
19605, 0.0, -0.10000000000000142
19606, 0.0, 0.0
19607, -0.10000000000000142, 0.0
19608, -0.10000000000000142, -0.10000000000000142
19609, -0.10000000000000142, -0.10000000000000142
19610, -0.10000000000000142, -0.10000000000000142
19611, -0.10000000000000142, -0.10000000000000142
19612, -0.10000000000000142, -0.10000000000000142
19613, -0.10000000000000142, -0.10000000000000142
19614, 0.0, -0.10000000000000142
19615, 0.0, -0.10000000000000142
19616, 0.0, -0.10000000000000142
19617, 0.0, -0.10000000000000142
19618, 0.0, -0.10000000000000142
19619, 0.0, -0.10000000000000142
19620, 0.0, -0.10000000000000142
19621, 0.0, -0.10000000000000142
19622, 0.0, -0.10000000000000142
19623, 0.0, -0.10000000000000142
19624, 0.0, -0.10000000000000142
19625, 0.0, -0.10000000000000142
19626, 0.0, -0.10000000000000142
19627, 0.0, -0.10000000000000142
19628, 0.0, -0.10000000000000142
19629, 0.0, -0.10000000000000142
19630, 0.0, -0.10000000000000142
19631, 0.0, -0.10000000000000142
19632, 0.0, -0.10000000000000142
19633, 0.0, -0.10000000000000142
19634, 0.0, -0.10000000000000142
19635, 0.0, -0.10000000000000142
19636, 0.0, -0.10000000000000142
19637, 0.0, -0.10000000000000142
19638, 0.0, -0.10000000000000142
19639, 0.0, 0.0
19640, 0.0, 0.0
19641, 0.0, -0.10000000000000142
19642, 0.0, -0.10000000000000142
19643, 0.0, -0.10000000000000142
19644, 0.0, -0.10000000000000142
19645, 0.0, -0.10000000000000142
19646, 0.0, -0.10000000000000142
19647, 0.0, -0.10000000000000142
19648, 0.0, 0.0
19649, 0.0, 0.0
19650, 0.0, 0.0
19651, 0.0, 0.0
19652, 0.0, 0.0
19653, -0.10000000000000142, 0.0
19654, -0.10000000000000142, 0.0
19655, -0.10000000000000142, 0.0
19656, -0.10000000000000142, 0.0
19657, -0.10000000000000142, 0.0
19658, -0.10000000000000142, -0.10000000000000142
19659, -0.10000000000000142, -0.10000000000000142
19660, -0.10000000000000142, -0.10000000000000142
19661, -0.10000000000000142, -0.10000000000000142
19662, -0.10000000000000142, -0.10000000000000142
19663, -0.10000000000000142, -0.10000000000000142
19664, -0.10000000000000142, -0.10000000000000142
19665, -0.10000000000000142, 0.0
19666, -0.10000000000000142, 0.0
19667, -0.10000000000000142, 0.0
19668, -0.10000000000000142, 0.0
19669, -0.10000000000000142, 0.10000000000000142
19670, -0.10000000000000142, 0.10000000000000142
19671, -0.10000000000000142, 0.10000000000000142
19672, -0.10000000000000142, 0.10000000000000142
19673, -0.10000000000000142, 0.10000000000000142
19674, -0.10000000000000142, 0.10000000000000142
19675, 0.0, 0.10000000000000142
19676, 0.0, 0.10000000000000142
19677, 0.0, 0.10000000000000142
19678, 0.0, 0.10000000000000142
19679, 0.0, 0.10000000000000142
19680, 0.0, 0.10000000000000142
19681, 0.0, 0.10000000000000142
19682, 0.0, 0.10000000000000142
19683, 0.0, 0.10000000000000142
19684, 0.0, 0.10000000000000142
19685, 0.0, 0.10000000000000142
19686, 0.0, 0.10000000000000142
19687, 0.0, 0.10000000000000142
19688, 0.0, 0.10000000000000142
19689, 0.0, 0.10000000000000142
19690, 0.0, 0.10000000000000142
19691, 0.0, 0.10000000000000142
19692, 0.0, 0.10000000000000142
19693, -0.10000000000000142, 0.10000000000000142
19694, -0.10000000000000142, 0.10000000000000142
19695, -0.10000000000000142, 0.10000000000000142
19696, -0.10000000000000142, 0.10000000000000142
19697, -0.10000000000000142, 0.10000000000000142
19698, -0.10000000000000142, 0.10000000000000142
19699, -0.10000000000000142, 0.10000000000000142
19700, -0.10000000000000142, 0.10000000000000142
19701, -0.10000000000000142, 0.10000000000000142
19702, -0.10000000000000142, 0.10000000000000142
19703, -0.10000000000000142, 0.10000000000000142
19704, -0.10000000000000142, 0.10000000000000142
19705, -0.10000000000000142, 0.10000000000000142
19706, -0.10000000000000142, 0.10000000000000142
19707, -0.10000000000000142, 0.10000000000000142
19708, -0.10000000000000142, 0.10000000000000142
19709, -0.10000000000000142, 0.10000000000000142
19710, -0.10000000000000142, 0.10000000000000142
19711, -0.10000000000000142, 0.10000000000000142
19712, -0.10000000000000142, 0.10000000000000142
19713, -0.10000000000000142, 0.10000000000000142
19714, -0.10000000000000142, 0.10000000000000142
19715, -0.10000000000000142, 0.10000000000000142
19716, -0.10000000000000142, 0.10000000000000142
19717, -0.10000000000000142, 0.10000000000000142
19718, -0.10000000000000142, 0.10000000000000142
19719, -0.10000000000000142, 0.10000000000000142
19720, -0.10000000000000142, 0.0
19721, -0.10000000000000142, 0.0
19722, -0.10000000000000142, 0.0
19723, -0.10000000000000142, 0.0
19724, -0.10000000000000142, 0.0
19725, -0.10000000000000142, 0.0
19726, -0.10000000000000142, 0.0
19727, -0.10000000000000142, -0.10000000000000142
19728, -0.10000000000000142, 0.0
19729, -0.10000000000000142, 0.0
19730, -0.10000000000000142, 0.0
19731, -0.10000000000000142, 0.0
19732, -0.10000000000000142, 0.0
19733, -0.10000000000000142, 0.0
19734, -0.10000000000000142, 0.0
19735, -0.10000000000000142, 0.0
19736, -0.10000000000000142, 0.0
19737, -0.10000000000000142, 0.0
19738, -0.10000000000000142, 0.0
19739, -0.10000000000000142, 0.0
19740, -0.10000000000000142, 0.0
19741, -0.10000000000000142, 0.0
19742, -0.10000000000000142, 0.0
19743, -0.10000000000000142, 0.0
19744, -0.10000000000000142, 0.0
19745, -0.10000000000000142, 0.0
19746, -0.10000000000000142, 0.0
19747, -0.10000000000000142, 0.0
19748, -0.10000000000000142, -0.10000000000000142
19749, -0.10000000000000142, -0.10000000000000142
19750, -0.10000000000000142, -0.10000000000000142
19751, -0.10000000000000142, -0.10000000000000142
19752, -0.10000000000000142, -0.10000000000000142
19753, -0.10000000000000142, -0.10000000000000142
19754, -0.10000000000000142, -0.10000000000000142
19755, -0.10000000000000142, -0.10000000000000142
19756, -0.10000000000000142, 0.0
19757, -0.10000000000000142, 0.0
19758, -0.10000000000000142, 0.0
19759, -0.10000000000000142, 0.0
19760, -0.10000000000000142, 0.0
19761, -0.10000000000000142, 0.0
19762, 0.0, 0.0
19763, 0.0, 0.0
19764, 0.0, 0.0
19765, 0.0, 0.0
19766, 0.0, 0.0
19767, 0.0, 0.0
19768, 0.0, 0.0
19769, 0.0, 0.0
19770, 0.0, 0.0
19771, 0.0, 0.0
19772, 0.0, 0.0
19773, 0.0, 0.0
19774, 0.0, 0.0
19775, 0.0, 0.0
19776, 0.0, 0.0
19777, 0.0, -0.10000000000000142
19778, 0.0, -0.10000000000000142
19779, 0.0, -0.10000000000000142
19780, 0.0, -0.10000000000000142
19781, 0.0, -0.10000000000000142
19782, 0.0, -0.10000000000000142
19783, 0.0, -0.10000000000000142
19784, 0.0, -0.10000000000000142
19785, 0.0, -0.10000000000000142
19786, 0.0, -0.10000000000000142
19787, 0.0, -0.10000000000000142
19788, 0.0, -0.10000000000000142
19789, 0.0, -0.10000000000000142
19790, 0.0, -0.10000000000000142
19791, 0.0, -0.10000000000000142
19792, 0.0, -0.10000000000000142
19793, 0.0, -0.10000000000000142
19794, 0.0, -0.10000000000000142
19795, 0.0, -0.10000000000000142
19796, 0.0, -0.10000000000000142
19797, 0.0, -0.10000000000000142
19798, 0.0, -0.10000000000000142
19799, 0.0, -0.10000000000000142
19800, 0.0, -0.10000000000000142
19801, 0.0, -0.10000000000000142
19802, 0.0, -0.10000000000000142
19803, 0.0, -0.10000000000000142
19804, 0.0, -0.10000000000000142
19805, 0.0, -0.10000000000000142
19806, 0.0, -0.10000000000000142
19807, 0.0, -0.10000000000000142
19808, 0.0, -0.10000000000000142
19809, 0.0, -0.10000000000000142
19810, 0.0, -0.10000000000000142
19811, 0.0, -0.10000000000000142
19812, 0.0, -0.10000000000000142
19813, 0.0, -0.10000000000000142
19814, 0.0, -0.10000000000000142
19815, 0.0, -0.10000000000000142
19816, 0.0, -0.10000000000000142
19817, 0.0, -0.10000000000000142
19818, 0.0, -0.10000000000000142
19819, 0.0, -0.10000000000000142
19820, 0.0, -0.10000000000000142
19821, 0.0, -0.10000000000000142
19822, 0.0, -0.10000000000000142
19823, 0.0, -0.10000000000000142
19824, 0.0, -0.10000000000000142
19825, 0.0, -0.10000000000000142
19826, 0.0, -0.10000000000000142
19827, 0.0, -0.10000000000000142
19828, 0.0, -0.10000000000000142
19829, 0.0, -0.10000000000000142
19830, 0.0, -0.10000000000000142
19831, 0.0, -0.10000000000000142
19832, 0.0, -0.10000000000000142
19833, 0.0, -0.10000000000000142
19834, 0.0, -0.10000000000000142
19835, 0.0, -0.10000000000000142
19836, 0.0, -0.10000000000000142
19837, 0.0, -0.10000000000000142
19838, 0.0, -0.10000000000000142
19839, 0.0, -0.10000000000000142
19840, 0.0, -0.10000000000000142
19841, 0.0, -0.10000000000000142
19842, 0.0, -0.10000000000000142
19843, 0.0, -0.10000000000000142
19844, 0.0, -0.10000000000000142
19845, 0.0, -0.10000000000000142
19846, 0.0, -0.10000000000000142
19847, 0.0, -0.10000000000000142
19848, 0.0, -0.10000000000000142
19849, 0.0, -0.10000000000000142
19850, 0.0, -0.10000000000000142
19851, 0.0, -0.10000000000000142
19852, 0.0, -0.10000000000000142
19853, 0.0, -0.10000000000000142
19854, 0.0, -0.10000000000000142
19855, 0.0, -0.10000000000000142
19856, 0.0, -0.10000000000000142
19857, 0.0, -0.10000000000000142
19858, 0.0, -0.10000000000000142
19859, 0.0, -0.10000000000000142
19860, 0.0, -0.10000000000000142
19861, 0.0, -0.10000000000000142
19862, 0.0, -0.10000000000000142
19863, 0.0, -0.10000000000000142
19864, 0.0, -0.10000000000000142
19865, 0.0, -0.10000000000000142
19866, 0.0, -0.10000000000000142
19867, 0.10000000000000142, -0.10000000000000142
19868, 0.10000000000000142, 0.10000000000000142
19869, 0.10000000000000142, 0.10000000000000142
19870, 0.10000000000000142, 0.10000000000000142
19871, 0.0, 0.10000000000000142
19872, 0.0, 0.10000000000000142
19873, 0.0, 0.10000000000000142
19874, 0.0, 0.0
19875, 0.0, 0.0
19876, 0.0, 0.0
19877, 0.0, 0.0
19878, 0.0, 0.0
19879, 0.0, 0.0
19880, 0.0, 0.0
19881, 0.0, 0.0
19882, 0.0, 0.0
19883, 0.0, 0.0
19884, 0.0, 0.0
19885, 0.0, 0.0
19886, 0.0, 0.0
19887, 0.0, 0.0
19888, 0.0, 0.0
19889, 0.0, 0.0
19890, 0.0, 0.0
19891, 0.0, 0.0
19892, 0.0, 0.0
19893, 0.0, 0.0
19894, 0.0, 0.0
19895, 0.0, 0.0
19896, 0.0, 0.0
19897, 0.0, 0.0
19898, 0.0, 0.0
19899, 0.0, 0.0
19900, 0.0, 0.10000000000000142
19901, 0.0, 0.10000000000000142
19902, 0.0, 0.10000000000000142
19903, 0.0, 0.10000000000000142
19904, 0.0, 0.10000000000000142
19905, 0.0, 0.0
19906, 0.0, 0.0
19907, 0.0, 0.0
19908, 0.0, 0.0
19909, 0.0, 0.0
19910, 0.0, 0.0
19911, 0.0, 0.0
19912, 0.0, 0.0
19913, 0.10000000000000142, 0.0
19914, 0.10000000000000142, 0.0
19915, 0.10000000000000142, 0.0
19916, 0.10000000000000142, 0.0
19917, 0.10000000000000142, 0.0
19918, 0.10000000000000142, 0.0
19919, 0.10000000000000142, 0.0
19920, 0.10000000000000142, 0.0
19921, 0.10000000000000142, 0.0
19922, 0.10000000000000142, 0.0
19923, 0.10000000000000142, 0.0
19924, 0.10000000000000142, 0.0
19925, 0.10000000000000142, 0.0
19926, 0.10000000000000142, 0.0
19927, 0.10000000000000142, 0.0
19928, 0.10000000000000142, 0.0
19929, 0.10000000000000142, -0.10000000000000142
19930, 0.10000000000000142, -0.10000000000000142
19931, 0.10000000000000142, -0.10000000000000142
19932, 0.10000000000000142, -0.10000000000000142
19933, 0.10000000000000142, -0.10000000000000142
19934, 0.10000000000000142, -0.10000000000000142
19935, 0.10000000000000142, -0.10000000000000142
19936, 0.10000000000000142, -0.10000000000000142
19937, 0.10000000000000142, -0.10000000000000142
19938, 0.10000000000000142, -0.10000000000000142
19939, 0.10000000000000142, -0.10000000000000142
19940, 0.10000000000000142, -0.10000000000000142
19941, 0.10000000000000142, -0.10000000000000142
19942, 0.10000000000000142, -0.10000000000000142
19943, 0.10000000000000142, -0.10000000000000142
19944, 0.0, -0.10000000000000142
19945, 0.0, -0.10000000000000142
19946, 0.0, 0.0
19947, 0.0, 0.0
19948, 0.0, 0.0
19949, 0.0, 0.0
19950, 0.0, 0.0
19951, 0.0, 0.0
19952, 0.0, 0.0
19953, 0.0, 0.0
19954, 0.0, 0.0
19955, 0.0, 0.0
19956, 0.0, 0.0
19957, 0.0, 0.0
19958, 0.0, 0.0
19959, 0.0, 0.0
19960, 0.0, 0.0
19961, 0.0, 0.0
19962, 0.0, 0.0
19963, 0.0, 0.0
19964, 0.0, 0.0
19965, 0.0, 0.0
19966, 0.0, 0.0
19967, 0.0, 0.0
19968, 0.0, 0.0
19969, 0.0, 0.0
19970, 0.0, 0.0
19971, 0.0, -0.10000000000000142
19972, 0.0, -0.10000000000000142
19973, 0.0, -0.10000000000000142
19974, 0.0, -0.10000000000000142
19975, 0.0, -0.10000000000000142
19976, 0.0, -0.10000000000000142
19977, 0.0, -0.10000000000000142
19978, 0.0, -0.10000000000000142
19979, 0.0, -0.10000000000000142
19980, 0.0, -0.10000000000000142
19981, 0.10000000000000142, -0.10000000000000142
19982, 0.10000000000000142, -0.10000000000000142
19983, 0.10000000000000142, -0.10000000000000142
19984, 0.10000000000000142, -0.10000000000000142
19985, 0.10000000000000142, -0.10000000000000142
19986, 0.10000000000000142, -0.10000000000000142
19987, 0.10000000000000142, -0.10000000000000142
19988, 0.10000000000000142, -0.10000000000000142
19989, 0.10000000000000142, -0.10000000000000142
19990, 0.10000000000000142, -0.10000000000000142
19991, 0.10000000000000142, -0.10000000000000142
19992, 0.10000000000000142, -0.10000000000000142
19993, 0.0, -0.10000000000000142
19994, 0.0, -0.10000000000000142
19995, 0.0, -0.10000000000000142
19996, 0.0, -0.10000000000000142
19997, 0.0, -0.10000000000000142
19998, 0.0, -0.10000000000000142
19999, 0.0, -0.10000000000000142
20000, 0.0, -0.10000000000000142
20001, 0.0, -0.10000000000000142
20002, 0.0, -0.10000000000000142
20003, -0.10000000000000142, -0.10000000000000142
20004, -0.10000000000000142, -0.10000000000000142
20005, -0.10000000000000142, -0.10000000000000142
20006, -0.10000000000000142, -0.10000000000000142
20007, -0.10000000000000142, -0.10000000000000142
20008, -0.10000000000000142, -0.10000000000000142
20009, -0.10000000000000142, -0.10000000000000142
20010, -0.10000000000000142, -0.10000000000000142
20011, -0.10000000000000142, -0.10000000000000142
20012, -0.10000000000000142, -0.10000000000000142
20013, -0.10000000000000142, -0.10000000000000142
20014, -0.10000000000000142, -0.10000000000000142
20015, -0.10000000000000142, -0.10000000000000142
20016, -0.10000000000000142, -0.10000000000000142
20017, -0.10000000000000142, -0.10000000000000142
20018, -0.10000000000000142, -0.10000000000000142
20019, -0.10000000000000142, -0.10000000000000142
20020, -0.10000000000000142, -0.10000000000000142
20021, -0.10000000000000142, -0.10000000000000142
20022, -0.10000000000000142, -0.10000000000000142
20023, -0.10000000000000142, -0.10000000000000142
20024, -0.10000000000000142, -0.10000000000000142
20025, -0.10000000000000142, -0.10000000000000142
20026, -0.10000000000000142, -0.10000000000000142
20027, -0.10000000000000142, -0.10000000000000142
20028, -0.10000000000000142, -0.10000000000000142
20029, -0.10000000000000142, -0.10000000000000142
20030, -0.10000000000000142, -0.10000000000000142
20031, -0.10000000000000142, -0.10000000000000142
20032, -0.10000000000000142, -0.10000000000000142
20033, -0.10000000000000142, -0.10000000000000142
20034, -0.10000000000000142, -0.10000000000000142
20035, -0.10000000000000142, 0.0
20036, -0.10000000000000142, 0.0
20037, -0.10000000000000142, 0.0
20038, -0.10000000000000142, 0.0
20039, -0.10000000000000142, 0.0
20040, -0.10000000000000142, 0.0
20041, -0.10000000000000142, 0.0
20042, -0.10000000000000142, 0.0
20043, -0.10000000000000142, 0.0
20044, -0.10000000000000142, 0.0
20045, -0.10000000000000142, 0.0
20046, -0.10000000000000142, 0.0
20047, -0.10000000000000142, 0.0
20048, -0.10000000000000142, 0.0
20049, -0.10000000000000142, 0.0
20050, -0.10000000000000142, 0.0
20051, -0.10000000000000142, 0.0
20052, -0.10000000000000142, 0.0
20053, -0.10000000000000142, 0.0
20054, 0.0, 0.0
20055, 0.0, 0.0
20056, 0.0, 0.0
20057, 0.0, 0.0
20058, 0.0, 0.0
20059, 0.0, 0.0
20060, 0.0, 0.0
20061, 0.0, 0.0
20062, 0.0, 0.0
20063, -0.10000000000000142, 0.0
20064, -0.10000000000000142, 0.0
20065, -0.10000000000000142, 0.0
20066, -0.10000000000000142, 0.0
20067, -0.10000000000000142, 0.0
20068, -0.10000000000000142, -0.10000000000000142
20069, -0.10000000000000142, -0.10000000000000142
20070, 0.0, -0.10000000000000142
20071, 0.0, -0.10000000000000142
20072, 0.0, -0.10000000000000142
20073, 0.0, -0.10000000000000142
20074, 0.0, -0.10000000000000142
20075, 0.0, -0.10000000000000142
20076, 0.0, -0.10000000000000142
20077, 0.0, -0.10000000000000142
20078, 0.0, -0.10000000000000142
20079, 0.0, -0.10000000000000142
20080, -0.10000000000000142, -0.10000000000000142
20081, -0.10000000000000142, -0.10000000000000142
20082, -0.10000000000000142, -0.10000000000000142
20083, -0.10000000000000142, -0.10000000000000142
20084, -0.10000000000000142, -0.10000000000000142
20085, -0.10000000000000142, -0.10000000000000142
20086, -0.10000000000000142, -0.10000000000000142
20087, -0.10000000000000142, -0.10000000000000142
20088, -0.10000000000000142, -0.10000000000000142
20089, -0.10000000000000142, -0.10000000000000142
20090, -0.10000000000000142, -0.10000000000000142
20091, -0.10000000000000142, -0.10000000000000142
20092, -0.10000000000000142, -0.10000000000000142
20093, -0.10000000000000142, -0.10000000000000142
20094, -0.10000000000000142, -0.10000000000000142
20095, -0.10000000000000142, -0.10000000000000142
20096, -0.10000000000000142, -0.10000000000000142
20097, -0.10000000000000142, -0.10000000000000142
20098, -0.10000000000000142, -0.10000000000000142
20099, -0.10000000000000142, -0.10000000000000142
20100, -0.10000000000000142, -0.10000000000000142
20101, -0.10000000000000142, -0.10000000000000142
20102, -0.10000000000000142, -0.10000000000000142
20103, -0.10000000000000142, -0.10000000000000142
20104, -0.10000000000000142, -0.10000000000000142
20105, -0.10000000000000142, -0.10000000000000142
20106, -0.10000000000000142, -0.1999999999999993
20107, -0.10000000000000142, -0.1999999999999993
20108, -0.10000000000000142, -0.1999999999999993
20109, -0.10000000000000142, -0.1999999999999993
20110, -0.10000000000000142, -0.1999999999999993
20111, -0.10000000000000142, -0.1999999999999993
20112, -0.10000000000000142, -0.1999999999999993
20113, -0.10000000000000142, -0.1999999999999993
20114, -0.10000000000000142, -0.1999999999999993
20115, -0.10000000000000142, -0.10000000000000142
20116, -0.10000000000000142, -0.10000000000000142
20117, -0.10000000000000142, -0.10000000000000142
20118, -0.10000000000000142, -0.10000000000000142
20119, -0.10000000000000142, -0.10000000000000142
20120, -0.10000000000000142, 0.0
20121, -0.10000000000000142, 0.0
20122, -0.10000000000000142, 0.0
20123, 0.0, 0.10000000000000142
20124, 0.0, 0.10000000000000142
20125, 0.0, 0.1999999999999993
20126, 0.0, 0.1999999999999993
20127, 0.0, 0.1999999999999993
20128, 0.0, 0.1999999999999993
20129, 0.0, 0.3000000000000007
20130, 0.0, 0.3000000000000007
20131, 0.0, 0.3999999999999986
20132, 0.0, 0.5
20133, 0.0, 0.6000000000000014
20134, 0.0, 0.5
20135, 0.0, 0.6000000000000014
20136, 0.0, 0.6999999999999993
20137, 0.0, 0.6000000000000014
20138, 0.0, 0.6999999999999993
20139, 0.0, 0.8999999999999986
20140, 0.0, 0.8999999999999986
20141, 0.0, 0.8999999999999986
20142, 0.0, 0.8999999999999986
20143, 0.0, 0.8999999999999986
20144, 0.0, 1.0
20145, 0.0, 1.0
20146, 0.0, 1.0
20147, 0.0, 1.0
20148, 0.0, 1.1000000000000014
20149, 0.0, 1.1000000000000014
20150, 0.0, 1.1000000000000014
20151, 0.0, 1.0
20152, -0.10000000000000142, 1.0
20153, -0.10000000000000142, 0.8999999999999986
20154, -0.10000000000000142, 1.0
20155, -0.10000000000000142, 1.0
20156, -0.10000000000000142, 0.8000000000000007
20157, -0.10000000000000142, 0.8000000000000007
20158, -0.10000000000000142, 0.8000000000000007
20159, -0.10000000000000142, 0.6999999999999993
20160, -0.10000000000000142, 0.8000000000000007
20161, -0.10000000000000142, 0.6999999999999993
20162, -0.10000000000000142, 0.6000000000000014
20163, -0.10000000000000142, 0.5
20164, -0.10000000000000142, 0.3999999999999986
20165, -0.10000000000000142, 0.3999999999999986
20166, -0.10000000000000142, 0.3000000000000007
20167, -0.10000000000000142, 0.3000000000000007
20168, -0.10000000000000142, 0.3000000000000007
20169, -0.10000000000000142, 0.1999999999999993
20170, -0.10000000000000142, 0.10000000000000142
20171, -0.10000000000000142, 0.10000000000000142
20172, -0.10000000000000142, 0.10000000000000142
20173, -0.10000000000000142, 0.10000000000000142
20174, -0.10000000000000142, 0.10000000000000142
20175, -0.10000000000000142, 0.10000000000000142
20176, -0.10000000000000142, 0.10000000000000142
20177, -0.10000000000000142, 0.10000000000000142
20178, -0.10000000000000142, 0.10000000000000142
20179, -0.10000000000000142, 0.10000000000000142
20180, -0.10000000000000142, 0.0
20181, 0.0, 0.1999999999999993
20182, 0.0, 0.10000000000000142
20183, 0.0, 0.10000000000000142
20184, 0.0, 0.1999999999999993
20185, 0.0, 0.1999999999999993
20186, 0.0, 0.1999999999999993
20187, 0.0, 0.3000000000000007
20188, 0.0, 0.3999999999999986
20189, 0.0, 0.3000000000000007
20190, 0.0, 0.3999999999999986
20191, 0.0, 0.3999999999999986
20192, 0.0, 0.3999999999999986
20193, 0.0, 0.5
20194, 0.0, 0.5
20195, 0.0, 0.5
20196, -0.10000000000000142, 0.5
20197, -0.10000000000000142, 0.5
20198, -0.10000000000000142, 0.5
20199, -0.10000000000000142, 0.5
20200, -0.10000000000000142, 0.5
20201, -0.10000000000000142, 0.5
20202, -0.10000000000000142, 0.5
20203, -0.10000000000000142, 0.6000000000000014
20204, -0.10000000000000142, 0.6000000000000014
20205, -0.10000000000000142, 0.6000000000000014
20206, -0.10000000000000142, 0.6000000000000014
20207, -0.10000000000000142, 0.5
20208, -0.10000000000000142, 0.5
20209, -0.10000000000000142, 0.5
20210, -0.10000000000000142, 0.5
20211, -0.10000000000000142, 0.5
20212, -0.10000000000000142, 0.3999999999999986
20213, -0.10000000000000142, 0.3999999999999986
20214, -0.10000000000000142, 0.3999999999999986
20215, -0.10000000000000142, 0.5
20216, -0.10000000000000142, 0.3000000000000007
20217, -0.10000000000000142, 0.3000000000000007
20218, -0.10000000000000142, 0.3999999999999986
20219, -0.10000000000000142, 0.3000000000000007
20220, -0.10000000000000142, 0.3000000000000007
20221, -0.10000000000000142, 0.3000000000000007
20222, -0.10000000000000142, 0.1999999999999993
20223, -0.10000000000000142, 0.1999999999999993
20224, -0.10000000000000142, 0.1999999999999993
20225, -0.10000000000000142, 0.3000000000000007
20226, -0.10000000000000142, 0.1999999999999993
20227, -0.10000000000000142, 0.1999999999999993
20228, -0.10000000000000142, 0.10000000000000142
20229, -0.10000000000000142, 0.10000000000000142
20230, -0.10000000000000142, 0.1999999999999993
20231, -0.10000000000000142, 0.1999999999999993
20232, -0.10000000000000142, 0.1999999999999993
20233, -0.10000000000000142, 0.1999999999999993
20234, -0.10000000000000142, 0.10000000000000142
20235, -0.10000000000000142, 0.10000000000000142
20236, -0.10000000000000142, 0.1999999999999993
20237, -0.10000000000000142, 0.1999999999999993
20238, -0.10000000000000142, 0.10000000000000142
20239, -0.10000000000000142, 0.3000000000000007
20240, -0.10000000000000142, 0.1999999999999993
20241, -0.10000000000000142, 0.3000000000000007
20242, -0.10000000000000142, 0.1999999999999993
20243, -0.10000000000000142, 0.3000000000000007
20244, -0.10000000000000142, 0.3999999999999986
20245, -0.10000000000000142, 0.3999999999999986
20246, -0.10000000000000142, 0.3000000000000007
20247, -0.10000000000000142, 0.5
20248, -0.10000000000000142, 0.5
20249, -0.10000000000000142, 0.5
20250, -0.10000000000000142, 0.5
20251, -0.10000000000000142, 0.5
20252, -0.10000000000000142, 0.5
20253, -0.10000000000000142, 0.5
20254, -0.10000000000000142, 0.6000000000000014
20255, -0.10000000000000142, 0.6000000000000014
20256, -0.10000000000000142, 0.5
20257, -0.10000000000000142, 0.5
20258, -0.10000000000000142, 0.6000000000000014
20259, -0.10000000000000142, 0.6000000000000014
20260, -0.10000000000000142, 0.6999999999999993
20261, -0.10000000000000142, 0.6000000000000014
20262, -0.10000000000000142, 0.6000000000000014
20263, -0.10000000000000142, 0.6999999999999993
20264, 0.0, 0.6999999999999993
20265, 0.0, 0.6999999999999993
20266, 0.0, 0.6999999999999993
20267, 0.0, 0.6000000000000014
20268, 0.0, 0.6000000000000014
20269, 0.0, 0.6999999999999993
20270, 0.0, 0.6000000000000014
20271, 0.0, 0.6000000000000014
20272, 0.0, 0.6000000000000014
20273, 0.0, 0.6999999999999993
20274, 0.0, 0.5
20275, 0.0, 0.6000000000000014
20276, 0.0, 0.5
20277, 0.0, 0.6000000000000014
20278, 0.0, 0.5
20279, 0.0, 0.5
20280, 0.0, 0.3999999999999986
20281, 0.0, 0.5
20282, 0.0, 0.3999999999999986
20283, 0.0, 0.3999999999999986
20284, 0.0, 0.3999999999999986
20285, 0.0, 0.3999999999999986
20286, 0.0, 0.3999999999999986
20287, 0.0, 0.3999999999999986
20288, 0.0, 0.3000000000000007
20289, 0.0, 0.3000000000000007
20290, 0.0, 0.3000000000000007
20291, 0.0, 0.3000000000000007
20292, 0.0, 0.3000000000000007
20293, 0.0, 0.3000000000000007
20294, 0.0, 0.3000000000000007
20295, 0.0, 0.3000000000000007
20296, 0.0, 0.3000000000000007
20297, 0.0, 0.1999999999999993
20298, 0.0, 0.3000000000000007
20299, 0.0, 0.1999999999999993
20300, 0.0, 0.3000000000000007
20301, 0.0, 0.1999999999999993
20302, 0.0, 0.1999999999999993
20303, 0.0, 0.1999999999999993
20304, 0.0, 0.1999999999999993
20305, 0.0, 0.1999999999999993
20306, 0.0, 0.1999999999999993
20307, 0.0, 0.1999999999999993
20308, 0.0, 0.3000000000000007
20309, 0.0, 0.1999999999999993
20310, 0.0, 0.3000000000000007
20311, 0.0, 0.3000000000000007
20312, 0.0, 0.1999999999999993
20313, 0.0, 0.3000000000000007
20314, 0.0, 0.10000000000000142
20315, 0.0, 0.1999999999999993
20316, 0.0, 0.10000000000000142
20317, 0.0, 0.1999999999999993
20318, 0.0, 0.1999999999999993
20319, 0.0, 0.1999999999999993
20320, 0.0, 0.1999999999999993
20321, 0.0, 0.3000000000000007
20322, 0.0, 0.1999999999999993
20323, 0.0, 0.1999999999999993
20324, 0.0, 0.3000000000000007
20325, 0.0, 0.3000000000000007
20326, 0.0, 0.1999999999999993
20327, 0.0, 0.3000000000000007
20328, 0.0, 0.3999999999999986
20329, 0.0, 0.1999999999999993
20330, 0.0, 0.3000000000000007
20331, 0.0, 0.3999999999999986
20332, 0.0, 0.3000000000000007
20333, 0.0, 0.3000000000000007
20334, 0.0, 0.3000000000000007
20335, 0.0, 0.3000000000000007
20336, 0.0, 0.3999999999999986
20337, 0.0, 0.3999999999999986
20338, 0.0, 0.3999999999999986
20339, 0.0, 0.3999999999999986
20340, 0.0, 0.3000000000000007
20341, 0.0, 0.3999999999999986
20342, 0.0, 0.3999999999999986
20343, 0.0, 0.3000000000000007
20344, 0.0, 0.3000000000000007
20345, 0.0, 0.3000000000000007
20346, 0.0, 0.3000000000000007
20347, 0.0, 0.3000000000000007
20348, 0.0, 0.1999999999999993
20349, 0.0, 0.1999999999999993
20350, 0.0, 0.1999999999999993
20351, 0.0, 0.10000000000000142
20352, 0.0, 0.10000000000000142
20353, 0.0, 0.0
20354, 0.0, -0.10000000000000142
20355, 0.0, -0.1999999999999993
20356, 0.0, -0.10000000000000142
20357, 0.0, -0.3000000000000007
20358, 0.0, -0.3999999999999986
20359, 0.0, -0.3999999999999986
20360, 0.0, -0.6000000000000014
20361, 0.0, -0.6999999999999993
20362, 0.0, -0.8000000000000007
20363, -0.1999999999999993, -0.8999999999999986
20364, -0.1999999999999993, -0.8999999999999986
20365, -0.1999999999999993, -1.0
20366, -0.1999999999999993, -1.1000000000000014
20367, -0.1999999999999993, -1.1999999999999993
20368, -0.1999999999999993, -1.3999999999999986
20369, -0.1999999999999993, -1.5
20370, -0.1999999999999993, -1.6000000000000014
20371, -0.1999999999999993, -1.8999999999999986
20372, -0.1999999999999993, -1.8999999999999986
20373, -0.1999999999999993, -2.1000000000000014
20374, -0.1999999999999993, -2.1999999999999993
20375, -0.1999999999999993, -2.1999999999999993
20376, -0.1999999999999993, -2.3999999999999986
20377, -0.1999999999999993, -2.6000000000000014
20378, -0.10000000000000142, -2.6000000000000014
20379, -0.10000000000000142, -2.8000000000000007
20380, -0.10000000000000142, -2.8000000000000007
20381, -0.10000000000000142, -3.0
20382, -0.10000000000000142, -3.1000000000000014
20383, -0.10000000000000142, -3.1999999999999993
20384, -0.10000000000000142, -3.3000000000000007
20385, -0.10000000000000142, -3.3000000000000007
20386, -0.10000000000000142, -3.5
20387, -0.10000000000000142, -3.5
20388, -0.10000000000000142, -3.6000000000000014
20389, -0.10000000000000142, -3.6000000000000014
20390, -0.10000000000000142, -3.6000000000000014
20391, -0.10000000000000142, -3.8000000000000007
20392, -0.10000000000000142, -3.6999999999999993
20393, -0.10000000000000142, -3.8000000000000007
20394, 0.0, -3.8000000000000007
20395, 0.0, -3.8000000000000007
20396, 0.0, -3.8999999999999986
20397, 0.0, -3.8999999999999986
20398, 0.0, -3.8999999999999986
20399, 0.0, -3.8000000000000007
20400, 0.0, -3.8000000000000007
20401, 0.0, -3.6999999999999993
20402, 0.0, -3.6999999999999993
20403, 0.0, -3.6999999999999993
20404, 0.0, -3.6999999999999993
20405, 0.0, -3.5
20406, -0.10000000000000142, -3.5
20407, -0.10000000000000142, -3.3999999999999986
20408, -0.10000000000000142, -3.3000000000000007
20409, -0.10000000000000142, -3.3000000000000007
20410, -0.10000000000000142, -3.1999999999999993
20411, -0.10000000000000142, -3.1999999999999993
20412, -0.10000000000000142, -3.0
20413, -0.10000000000000142, -2.8999999999999986
20414, -0.10000000000000142, -2.8000000000000007
20415, -0.10000000000000142, -2.6999999999999993
20416, -0.10000000000000142, -2.6000000000000014
20417, -0.10000000000000142, -2.3999999999999986
20418, -0.10000000000000142, -2.3999999999999986
20419, -0.10000000000000142, -2.3000000000000007
20420, -0.10000000000000142, -2.1999999999999993
20421, -0.10000000000000142, -2.1000000000000014
20422, -0.10000000000000142, -2.0
20423, -0.10000000000000142, -1.8000000000000007
20424, -0.10000000000000142, -1.8000000000000007
20425, -0.10000000000000142, -1.6000000000000014
20426, -0.10000000000000142, -1.5
20427, -0.10000000000000142, -1.3000000000000007
20428, -0.10000000000000142, -1.1999999999999993
20429, -0.10000000000000142, -1.1999999999999993
20430, -0.10000000000000142, -1.1000000000000014
20431, -0.10000000000000142, -1.0
20432, -0.10000000000000142, -0.8000000000000007
20433, -0.10000000000000142, -0.6999999999999993
20434, -0.10000000000000142, -0.6000000000000014
20435, -0.10000000000000142, -0.5
20436, -0.10000000000000142, -0.3999999999999986
20437, -0.10000000000000142, -0.3000000000000007
20438, 0.0, -0.1999999999999993
20439, 0.0, -0.10000000000000142
20440, 0.0, 0.0
20441, 0.0, 0.10000000000000142
20442, 0.0, 0.10000000000000142
20443, 0.0, 0.1999999999999993
20444, 0.0, 0.3000000000000007
20445, 0.0, 0.3999999999999986
20446, 0.0, 0.5
20447, 0.0, 0.5
20448, 0.0, 0.6999999999999993
20449, 0.0, 0.6999999999999993
20450, 0.0, 0.8000000000000007
20451, 0.0, 0.8000000000000007
20452, 0.0, 0.8999999999999986
20453, 0.0, 0.8000000000000007
20454, 0.0, 0.8999999999999986
20455, 0.0, 1.0
20456, 0.0, 0.8999999999999986
20457, 0.0, 0.8999999999999986
20458, 0.0, 0.8999999999999986
20459, 0.0, 1.0
20460, 0.0, 1.0
20461, 0.0, 0.8999999999999986
20462, 0.0, 1.0
20463, 0.0, 1.0
20464, 0.0, 0.8999999999999986
20465, 0.0, 0.8999999999999986
20466, 0.0, 0.8000000000000007
20467, 0.0, 0.8999999999999986
20468, 0.0, 0.8000000000000007
20469, 0.0, 0.8000000000000007
20470, 0.0, 0.6999999999999993
20471, 0.0, 0.6999999999999993
20472, 0.0, 0.6000000000000014
20473, 0.0, 0.5
20474, 0.0, 0.6000000000000014
20475, 0.0, 0.5
20476, 0.0, 0.3999999999999986
20477, 0.0, 0.3000000000000007
20478, 0.0, 0.3000000000000007
20479, 0.0, 0.3999999999999986
20480, 0.0, 0.3000000000000007
20481, 0.0, 0.10000000000000142
20482, 0.0, 0.1999999999999993
20483, 0.0, 0.10000000000000142
20484, 0.0, 0.10000000000000142
20485, 0.0, 0.0
20486, 0.0, 0.0
20487, 0.0, -0.10000000000000142
20488, 0.0, -0.10000000000000142
20489, 0.0, -0.1999999999999993
20490, 0.0, -0.3000000000000007
20491, 0.0, -0.3000000000000007
20492, 0.0, -0.3000000000000007
20493, 0.0, -0.3000000000000007
20494, 0.0, -0.3999999999999986
20495, 0.0, -0.3999999999999986
20496, 0.10000000000000142, -0.3999999999999986
20497, 0.10000000000000142, -0.3999999999999986
20498, 0.10000000000000142, -0.5
20499, 0.10000000000000142, -0.3999999999999986
20500, 0.10000000000000142, -0.5
20501, 0.10000000000000142, -0.5
20502, 0.10000000000000142, -0.5
20503, 0.10000000000000142, -0.5
20504, 0.10000000000000142, -0.5
20505, 0.10000000000000142, -0.5
20506, 0.10000000000000142, -0.5
20507, 0.10000000000000142, -0.6000000000000014
20508, 0.10000000000000142, -0.5
20509, 0.10000000000000142, -0.3999999999999986
20510, 0.10000000000000142, -0.5
20511, 0.10000000000000142, -0.3999999999999986
20512, 0.10000000000000142, -0.5
20513, 0.0, -0.5
20514, 0.0, -0.3999999999999986
20515, 0.0, -0.5
20516, 0.0, -0.5
20517, 0.0, -0.3999999999999986
20518, 0.0, -0.5
20519, 0.0, -0.3999999999999986
20520, 0.0, -0.3999999999999986
20521, -0.10000000000000142, -0.5
20522, -0.10000000000000142, -0.3999999999999986
20523, -0.10000000000000142, -0.3999999999999986
20524, -0.10000000000000142, -0.5
20525, 0.0, -0.3999999999999986
20526, 0.0, -0.3999999999999986
20527, 0.0, -0.3999999999999986
20528, 0.0, -0.5
20529, 0.0, -0.3999999999999986
20530, 0.0, -0.3999999999999986
20531, 0.0, -0.3999999999999986
20532, 0.0, -0.3999999999999986
20533, 0.0, -0.5
20534, 0.0, -0.3999999999999986
20535, 0.0, -0.3999999999999986
20536, 0.0, -0.3999999999999986
20537, 0.0, -0.3999999999999986
20538, 0.0, -0.3999999999999986
20539, 0.0, -0.3999999999999986
20540, 0.0, -0.3999999999999986
20541, 0.0, -0.3000000000000007
20542, 0.0, -0.3999999999999986
20543, 0.0, -0.3999999999999986
20544, 0.0, -0.3999999999999986
20545, 0.0, -0.3999999999999986
20546, 0.0, -0.3000000000000007
20547, 0.0, -0.3999999999999986
20548, 0.0, -0.3999999999999986
20549, 0.0, -0.3999999999999986
20550, 0.0, -0.3000000000000007
20551, 0.0, -0.3000000000000007
20552, 0.0, -0.3000000000000007
20553, 0.0, -0.1999999999999993
20554, 0.0, -0.3000000000000007
20555, 0.0, -0.1999999999999993
20556, 0.0, -0.1999999999999993
20557, 0.0, -0.10000000000000142
20558, 0.0, -0.10000000000000142
20559, 0.0, 0.0
20560, 0.0, 0.0
20561, 0.0, 0.0
20562, 0.0, -0.10000000000000142
20563, 0.0, 0.0
20564, 0.0, 0.10000000000000142
20565, 0.0, 0.10000000000000142
20566, 0.0, 0.1999999999999993
20567, 0.0, 0.1999999999999993
20568, 0.0, 0.3000000000000007
20569, 0.0, 0.1999999999999993
20570, 0.0, 0.3000000000000007
20571, 0.0, 0.3000000000000007
20572, 0.0, 0.3000000000000007
20573, 0.0, 0.3000000000000007
20574, 0.0, 0.3000000000000007
20575, 0.0, 0.3000000000000007
20576, 0.0, 0.5
20577, 0.0, 0.5
20578, 0.0, 0.6000000000000014
20579, 0.0, 0.5
20580, 0.0, 0.6000000000000014
20581, 0.0, 0.6000000000000014
20582, 0.0, 0.6999999999999993
20583, -0.10000000000000142, 0.6000000000000014
20584, -0.10000000000000142, 0.6999999999999993
20585, -0.10000000000000142, 0.6999999999999993
20586, -0.10000000000000142, 0.8000000000000007
20587, -0.10000000000000142, 0.6999999999999993
20588, -0.10000000000000142, 0.6999999999999993
20589, -0.10000000000000142, 0.8000000000000007
20590, -0.10000000000000142, 0.8999999999999986
20591, -0.10000000000000142, 0.8999999999999986
20592, -0.10000000000000142, 0.8999999999999986
20593, -0.10000000000000142, 1.0
20594, -0.10000000000000142, 1.0
20595, -0.10000000000000142, 0.8999999999999986
20596, -0.10000000000000142, 1.0
20597, -0.10000000000000142, 1.0
20598, -0.10000000000000142, 1.0
20599, -0.10000000000000142, 1.0
20600, -0.10000000000000142, 1.1000000000000014
20601, -0.10000000000000142, 1.1000000000000014
20602, 0.10000000000000142, 1.1000000000000014
20603, 0.10000000000000142, 1.1000000000000014
20604, 0.10000000000000142, 1.1000000000000014
20605, 0.10000000000000142, 1.1000000000000014
20606, 0.10000000000000142, 1.1000000000000014
20607, 0.10000000000000142, 1.1000000000000014
20608, 0.10000000000000142, 1.1000000000000014
20609, 0.10000000000000142, 1.1000000000000014
20610, 0.10000000000000142, 1.1000000000000014
20611, 0.10000000000000142, 1.1000000000000014
20612, 0.10000000000000142, 1.1000000000000014
20613, 0.10000000000000142, 1.1000000000000014
20614, 0.10000000000000142, 1.1000000000000014
20615, 0.10000000000000142, 1.1000000000000014
20616, 0.10000000000000142, 1.1000000000000014
20617, 0.10000000000000142, 1.1000000000000014
20618, 0.10000000000000142, 1.1000000000000014
20619, 0.10000000000000142, 1.1000000000000014
20620, 0.10000000000000142, 1.1000000000000014
20621, 0.10000000000000142, 1.1000000000000014
20622, 0.10000000000000142, 1.0
20623, 0.10000000000000142, 0.8999999999999986
20624, 0.10000000000000142, 0.8999999999999986
20625, 0.10000000000000142, 0.8999999999999986
20626, 0.10000000000000142, 0.8000000000000007
20627, 0.10000000000000142, 0.6999999999999993
20628, 0.10000000000000142, 0.6000000000000014
20629, 0.10000000000000142, 0.6999999999999993
20630, 0.10000000000000142, 0.6000000000000014
20631, 0.10000000000000142, 0.3999999999999986
20632, 0.0, 0.5
20633, 0.0, 0.5
20634, 0.0, 0.3999999999999986
20635, 0.0, 0.3000000000000007
20636, 0.0, 0.1999999999999993
20637, 0.0, 0.1999999999999993
20638, 0.0, 0.1999999999999993
20639, 0.0, 0.0
20640, 0.0, 0.0
20641, 0.0, 0.0
20642, 0.0, -0.10000000000000142
20643, 0.0, 0.0
20644, 0.0, -0.1999999999999993
20645, 0.0, -0.10000000000000142
20646, 0.0, -0.10000000000000142
20647, 0.0, -0.1999999999999993
20648, 0.0, -0.10000000000000142
20649, 0.0, -0.10000000000000142
20650, 0.0, -0.1999999999999993
20651, 0.0, -0.1999999999999993
20652, 0.0, -0.1999999999999993
20653, 0.0, -0.3000000000000007
20654, 0.0, -0.1999999999999993
20655, 0.0, -0.1999999999999993
20656, 0.0, -0.1999999999999993
20657, 0.0, -0.10000000000000142
20658, 0.0, -0.10000000000000142
20659, 0.0, -0.10000000000000142
20660, 0.0, -0.10000000000000142
20661, 0.0, 0.0
20662, 0.0, 0.0
20663, 0.0, 0.0
20664, 0.0, 0.1999999999999993
20665, 0.0, 0.1999999999999993
20666, 0.0, 0.1999999999999993
20667, 0.0, 0.1999999999999993
20668, 0.0, 0.1999999999999993
20669, 0.0, 0.1999999999999993
20670, 0.0, 0.3000000000000007
20671, 0.0, 0.3000000000000007
20672, 0.0, 0.3999999999999986
20673, 0.0, 0.3999999999999986
20674, 0.0, 0.6000000000000014
20675, 0.0, 0.6000000000000014
20676, 0.0, 0.6999999999999993
20677, 0.0, 0.6999999999999993
20678, 0.0, 0.8000000000000007
20679, 0.0, 0.8000000000000007
20680, 0.0, 0.8999999999999986
20681, 0.0, 1.0
20682, 0.0, 0.8999999999999986
20683, 0.0, 0.8999999999999986
20684, 0.0, 0.8999999999999986
20685, 0.0, 1.0
20686, 0.0, 1.1000000000000014
20687, 0.0, 1.1000000000000014
20688, 0.0, 0.8999999999999986
20689, 0.0, 1.0
20690, 0.0, 1.0
20691, 0.0, 1.1000000000000014
20692, 0.0, 1.0
20693, 0.0, 1.1000000000000014
20694, 0.0, 1.0
20695, 0.0, 1.0
20696, 0.0, 0.8999999999999986
20697, 0.0, 1.0
20698, 0.0, 1.0
20699, 0.0, 0.8999999999999986
20700, 0.0, 0.8000000000000007
20701, 0.0, 0.8000000000000007
20702, 0.0, 0.8000000000000007
20703, 0.0, 0.6999999999999993
20704, 0.0, 0.6000000000000014
20705, 0.0, 0.6000000000000014
20706, 0.0, 0.5
20707, 0.0, 0.5
20708, 0.0, 0.3000000000000007
20709, 0.0, 0.3999999999999986
20710, 0.0, 0.1999999999999993
20711, 0.0, 0.1999999999999993
20712, 0.0, 0.1999999999999993
20713, 0.0, 0.1999999999999993
20714, 0.0, 0.10000000000000142
20715, 0.0, 0.0
20716, 0.0, 0.0
20717, 0.0, 0.0
20718, 0.0, -0.10000000000000142
20719, 0.0, -0.1999999999999993
20720, 0.0, -0.1999999999999993
20721, 0.0, -0.1999999999999993
20722, 0.0, -0.3000000000000007
20723, 0.0, -0.3000000000000007
20724, 0.0, -0.3000000000000007
20725, 0.0, -0.3000000000000007
20726, 0.0, -0.3999999999999986
20727, 0.0, -0.5
20728, 0.0, -0.3999999999999986
20729, 0.0, -0.3999999999999986
20730, 0.0, -0.5
20731, 0.0, -0.5
20732, 0.0, -0.3999999999999986
20733, 0.0, -0.5
20734, 0.0, -0.3999999999999986
20735, 0.0, -0.5
20736, 0.10000000000000142, -0.5
20737, 0.10000000000000142, -0.5
20738, 0.10000000000000142, -0.5
20739, 0.10000000000000142, -0.5
20740, 0.10000000000000142, -0.6000000000000014
20741, 0.10000000000000142, -0.5
20742, 0.10000000000000142, -0.5
20743, 0.10000000000000142, -0.5
20744, 0.10000000000000142, -0.5
20745, 0.10000000000000142, -0.5
20746, 0.10000000000000142, -0.3999999999999986
20747, 0.10000000000000142, -0.3999999999999986
20748, 0.10000000000000142, -0.3999999999999986
20749, 0.10000000000000142, -0.5
20750, 0.10000000000000142, -0.3999999999999986
20751, 0.10000000000000142, -0.3999999999999986
20752, 0.10000000000000142, -0.3999999999999986
20753, 0.0, -0.5
20754, 0.0, -0.3999999999999986
20755, 0.0, -0.3999999999999986
20756, 0.0, -0.3999999999999986
20757, 0.0, -0.3999999999999986
20758, 0.0, -0.3999999999999986
20759, 0.0, -0.3999999999999986
20760, 0.0, -0.3999999999999986
20761, 0.0, -0.5
20762, 0.0, -0.5
20763, 0.0, -0.5
20764, 0.0, -0.5
20765, 0.0, -0.3999999999999986
20766, 0.0, -0.3999999999999986
20767, 0.0, -0.6000000000000014
20768, 0.0, -0.5
20769, 0.0, -0.5
20770, 0.0, -0.5
20771, 0.0, -0.5
20772, 0.0, -0.3999999999999986
20773, 0.0, -0.5
20774, 0.0, -0.5
20775, 0.0, -0.3999999999999986
20776, 0.0, -0.5
20777, 0.0, -0.5
20778, 0.0, -0.5
20779, 0.0, -0.5
20780, 0.0, -0.6000000000000014
20781, 0.0, -0.5
20782, 0.0, -0.5
20783, 0.0, -0.5
20784, 0.0, -0.5
20785, 0.0, -0.5
20786, 0.0, -0.5
20787, 0.0, -0.5
20788, 0.0, -0.5
20789, 0.0, -0.5
20790, 0.0, -0.5
20791, 0.0, -0.3999999999999986
20792, 0.0, -0.3999999999999986
20793, 0.0, -0.3999999999999986
20794, 0.0, -0.3999999999999986
20795, 0.0, -0.3999999999999986
20796, 0.0, -0.3999999999999986
20797, 0.0, -0.5
20798, 0.0, -0.3999999999999986
20799, 0.0, -0.3999999999999986
20800, 0.0, -0.5
20801, 0.0, -0.5
20802, 0.0, -0.3999999999999986
20803, 0.0, -0.5
20804, 0.0, -0.5
20805, 0.0, -0.5
20806, 0.0, -0.6000000000000014
20807, 0.0, -0.6000000000000014
20808, 0.0, -0.5
20809, 0.0, -0.5
20810, 0.0, -0.5
20811, 0.0, -0.5
20812, 0.0, -0.5
20813, 0.0, -0.6000000000000014
20814, 0.0, -0.6000000000000014
20815, 0.0, -0.5
20816, 0.0, -0.5
20817, 0.0, -0.3999999999999986
20818, 0.0, -0.5
20819, 0.0, -0.3999999999999986
20820, 0.0, -0.3999999999999986
20821, 0.0, -0.3000000000000007
20822, 0.0, -0.3000000000000007
20823, 0.0, -0.3000000000000007
20824, 0.0, -0.3000000000000007
20825, 0.0, -0.3000000000000007
20826, 0.0, -0.1999999999999993
20827, 0.0, -0.1999999999999993
20828, 0.0, -0.10000000000000142
20829, 0.0, -0.10000000000000142
20830, 0.0, -0.10000000000000142
20831, 0.0, -0.10000000000000142
20832, 0.0, 0.0
20833, 0.0, 0.0
20834, 0.0, 0.0
20835, 0.0, 0.0
20836, 0.0, 0.0
20837, 0.0, 0.0
20838, 0.0, 0.0
20839, 0.0, 0.0
20840, 0.0, 0.0
20841, 0.0, 0.10000000000000142
20842, 0.0, 0.10000000000000142
20843, 0.0, 0.10000000000000142
20844, 0.0, 0.10000000000000142
20845, 0.0, 0.10000000000000142
20846, 0.0, 0.0
20847, 0.0, 0.0
20848, 0.0, 0.0
20849, 0.0, 0.0
20850, 0.0, 0.0
20851, 0.0, 0.0
20852, 0.0, 0.10000000000000142
20853, 0.0, 0.10000000000000142
20854, 0.0, 0.10000000000000142
20855, 0.0, 0.10000000000000142
20856, 0.0, 0.1999999999999993
20857, 0.0, 0.1999999999999993
20858, 0.0, 0.3000000000000007
20859, 0.0, 0.3000000000000007
20860, 0.0, 0.3000000000000007
20861, 0.0, 0.3000000000000007
20862, 0.0, 0.3000000000000007
20863, 0.0, 0.3999999999999986
20864, 0.0, 0.5
20865, 0.0, 0.6000000000000014
20866, 0.0, 0.6000000000000014
20867, 0.0, 0.6999999999999993
20868, 0.0, 0.8000000000000007
20869, 0.0, 0.8000000000000007
20870, 0.0, 0.8000000000000007
20871, 0.0, 0.8999999999999986
20872, 0.0, 1.0
20873, 0.0, 1.1000000000000014
20874, 0.0, 1.1000000000000014
20875, 0.0, 1.1999999999999993
20876, 0.0, 1.1999999999999993
20877, 0.0, 1.1999999999999993
20878, 0.0, 1.1999999999999993
20879, 0.0, 1.1999999999999993
20880, 0.0, 1.3000000000000007
20881, 0.0, 1.3000000000000007
20882, 0.0, 1.3000000000000007
20883, 0.0, 1.1999999999999993
20884, 0.0, 1.3999999999999986
20885, 0.0, 1.3000000000000007
20886, 0.0, 1.3000000000000007
20887, 0.0, 1.3999999999999986
20888, 0.0, 1.3000000000000007
20889, 0.0, 1.3000000000000007
20890, 0.0, 1.3000000000000007
20891, 0.0, 1.3000000000000007
20892, 0.0, 1.1999999999999993
20893, 0.0, 1.3000000000000007
20894, 0.0, 1.3000000000000007
20895, 0.0, 1.1999999999999993
20896, 0.0, 1.1000000000000014
20897, -0.10000000000000142, 1.1999999999999993
20898, -0.10000000000000142, 1.1000000000000014
20899, -0.10000000000000142, 1.1000000000000014
20900, -0.10000000000000142, 1.1000000000000014
20901, -0.10000000000000142, 1.0
20902, -0.10000000000000142, 1.0
20903, -0.10000000000000142, 1.0
20904, -0.10000000000000142, 1.0
20905, -0.10000000000000142, 0.8999999999999986
20906, -0.10000000000000142, 0.8000000000000007
20907, -0.10000000000000142, 0.8000000000000007
20908, -0.10000000000000142, 0.8000000000000007
20909, -0.10000000000000142, 0.6999999999999993
20910, -0.10000000000000142, 0.6000000000000014
20911, -0.10000000000000142, 0.6999999999999993
20912, -0.10000000000000142, 0.6999999999999993
20913, -0.10000000000000142, 0.5
20914, -0.10000000000000142, 0.6000000000000014
20915, -0.10000000000000142, 0.6000000000000014
20916, -0.10000000000000142, 0.5
20917, 0.0, 0.3999999999999986
20918, 0.0, 0.3999999999999986
20919, 0.0, 0.3999999999999986
20920, 0.0, 0.3999999999999986
20921, 0.0, 0.3000000000000007
20922, 0.0, 0.3000000000000007
20923, 0.0, 0.1999999999999993
20924, -0.10000000000000142, 0.1999999999999993
20925, -0.10000000000000142, 0.10000000000000142
20926, -0.10000000000000142, 0.10000000000000142
20927, -0.10000000000000142, 0.10000000000000142
20928, -0.10000000000000142, 0.0
20929, 0.0, 0.10000000000000142
20930, 0.0, 0.0
20931, 0.0, -0.10000000000000142
20932, 0.0, -0.10000000000000142
20933, 0.0, -0.1999999999999993
20934, 0.0, -0.1999999999999993
20935, 0.0, -0.1999999999999993
20936, 0.0, -0.3000000000000007
20937, 0.0, -0.3999999999999986
20938, -0.10000000000000142, -0.3000000000000007
20939, -0.10000000000000142, -0.3999999999999986
20940, -0.10000000000000142, -0.3999999999999986
20941, -0.10000000000000142, -0.3999999999999986
20942, -0.10000000000000142, -0.5
20943, -0.10000000000000142, -0.5
20944, -0.10000000000000142, -0.5
20945, -0.10000000000000142, -0.5
20946, -0.10000000000000142, -0.5
20947, -0.10000000000000142, -0.5
20948, -0.10000000000000142, -0.5
20949, -0.10000000000000142, -0.6000000000000014
20950, -0.10000000000000142, -0.3999999999999986
20951, -0.10000000000000142, -0.5
20952, -0.10000000000000142, -0.3999999999999986
20953, -0.10000000000000142, -0.5
20954, -0.10000000000000142, -0.3999999999999986
20955, -0.10000000000000142, -0.3999999999999986
20956, -0.10000000000000142, -0.3999999999999986
20957, -0.10000000000000142, -0.3999999999999986
20958, -0.10000000000000142, -0.3999999999999986
20959, -0.10000000000000142, -0.3000000000000007
20960, -0.10000000000000142, -0.3000000000000007
20961, -0.10000000000000142, -0.3000000000000007
20962, -0.10000000000000142, -0.3000000000000007
20963, -0.10000000000000142, -0.3000000000000007
20964, -0.10000000000000142, -0.1999999999999993
20965, -0.10000000000000142, -0.10000000000000142
20966, -0.10000000000000142, -0.1999999999999993
20967, -0.10000000000000142, -0.10000000000000142
20968, -0.10000000000000142, -0.10000000000000142
20969, -0.10000000000000142, -0.10000000000000142
20970, 0.0, 0.0
20971, 0.0, 0.0
20972, 0.0, -0.10000000000000142
20973, 0.0, 0.0
20974, -0.10000000000000142, 0.10000000000000142
20975, -0.10000000000000142, 0.0
20976, -0.10000000000000142, 0.10000000000000142
20977, -0.10000000000000142, 0.10000000000000142
20978, -0.10000000000000142, 0.10000000000000142
20979, 0.0, 0.10000000000000142
20980, 0.0, 0.1999999999999993
20981, 0.0, 0.3000000000000007
20982, 0.0, 0.3000000000000007
20983, 0.0, 0.1999999999999993
20984, 0.0, 0.3000000000000007
20985, 0.0, 0.3000000000000007
20986, 0.0, 0.1999999999999993
20987, 0.0, 0.3000000000000007
20988, 0.0, 0.1999999999999993
20989, 0.0, 0.3000000000000007
20990, 0.0, 0.3999999999999986
20991, 0.0, 0.3999999999999986
20992, 0.0, 0.3999999999999986
20993, 0.0, 0.5
20994, 0.0, 0.5
20995, 0.0, 0.6000000000000014
20996, 0.0, 0.6000000000000014
20997, 0.0, 0.6999999999999993
20998, 0.0, 0.6999999999999993
20999, 0.0, 0.8000000000000007
21000, 0.0, 0.8000000000000007
21001, 0.0, 0.8000000000000007
21002, 0.0, 0.8000000000000007
21003, 0.0, 0.8999999999999986
21004, 0.0, 0.8999999999999986
21005, 0.10000000000000142, 0.8999999999999986
21006, 0.10000000000000142, 0.8999999999999986
21007, 0.10000000000000142, 1.0
21008, 0.10000000000000142, 1.1000000000000014
21009, 0.10000000000000142, 1.1999999999999993
21010, 0.10000000000000142, 1.1999999999999993
21011, 0.10000000000000142, 1.3000000000000007
21012, 0.0, 1.3000000000000007
21013, 0.0, 1.3000000000000007
21014, 0.0, 1.3000000000000007
21015, 0.0, 1.1999999999999993
21016, 0.0, 1.3000000000000007
21017, 0.0, 1.3000000000000007
21018, 0.0, 1.3000000000000007
21019, 0.0, 1.3999999999999986
21020, 0.0, 1.3999999999999986
21021, 0.0, 1.3999999999999986
21022, 0.0, 1.5
21023, 0.0, 1.5
21024, 0.0, 1.5
21025, 0.0, 1.5
21026, 0.0, 1.5
21027, 0.0, 1.5
21028, 0.0, 1.5
21029, 0.0, 1.5
21030, 0.0, 1.5
21031, 0.0, 1.3999999999999986
21032, 0.0, 1.3999999999999986
21033, 0.0, 1.3999999999999986
21034, 0.0, 1.3999999999999986
21035, 0.0, 1.3999999999999986
21036, 0.0, 1.3999999999999986
21037, 0.0, 1.3000000000000007
21038, 0.0, 1.3999999999999986
21039, 0.0, 1.3999999999999986
21040, 0.0, 1.3999999999999986
21041, 0.0, 1.3999999999999986
21042, 0.0, 1.3999999999999986
21043, 0.0, 1.3999999999999986
21044, 0.0, 1.3999999999999986
21045, 0.0, 1.3000000000000007
21046, 0.0, 1.3000000000000007
21047, 0.0, 1.1999999999999993
21048, 0.0, 1.1999999999999993
21049, 0.0, 1.1999999999999993
21050, 0.0, 1.1999999999999993
21051, 0.0, 1.1999999999999993
21052, 0.0, 1.1999999999999993
21053, 0.0, 1.1000000000000014
21054, 0.0, 1.1000000000000014
21055, 0.0, 1.1000000000000014
21056, 0.0, 1.1000000000000014
21057, 0.0, 1.0
21058, 0.0, 1.0
21059, 0.0, 1.0
21060, 0.0, 0.8999999999999986
21061, 0.10000000000000142, 1.0
21062, 0.10000000000000142, 0.8999999999999986
21063, 0.10000000000000142, 1.0
21064, 0.10000000000000142, 0.8999999999999986
21065, 0.10000000000000142, 0.8000000000000007
21066, 0.10000000000000142, 0.8999999999999986
21067, 0.10000000000000142, 0.8999999999999986
21068, 0.10000000000000142, 0.8000000000000007
21069, 0.10000000000000142, 0.8000000000000007
21070, 0.10000000000000142, 0.8000000000000007
21071, 0.10000000000000142, 0.8999999999999986
21072, 0.10000000000000142, 0.8000000000000007
21073, 0.10000000000000142, 0.8000000000000007
21074, 0.10000000000000142, 0.8000000000000007
21075, 0.10000000000000142, 0.8000000000000007
21076, 0.10000000000000142, 0.6999999999999993
21077, 0.1999999999999993, 0.6999999999999993
21078, 0.1999999999999993, 0.6999999999999993
21079, 0.1999999999999993, 0.8000000000000007
21080, 0.1999999999999993, 0.6999999999999993
21081, 0.1999999999999993, 0.6999999999999993
21082, 0.1999999999999993, 0.6999999999999993
21083, 0.1999999999999993, 0.6999999999999993
21084, 0.1999999999999993, 0.6999999999999993
21085, 0.1999999999999993, 0.6999999999999993
21086, 0.10000000000000142, 0.6000000000000014
21087, 0.10000000000000142, 0.6000000000000014
21088, 0.10000000000000142, 0.6000000000000014
21089, 0.10000000000000142, 0.5
21090, 0.10000000000000142, 0.5
21091, 0.10000000000000142, 0.6000000000000014
21092, 0.10000000000000142, 0.6000000000000014
21093, 0.10000000000000142, 0.6000000000000014
21094, 0.10000000000000142, 0.5
21095, 0.10000000000000142, 0.3999999999999986
21096, 0.10000000000000142, 0.5
21097, 0.10000000000000142, 0.5
21098, 0.10000000000000142, 0.3999999999999986
21099, 0.10000000000000142, 0.3999999999999986
21100, 0.10000000000000142, 0.5
21101, 0.10000000000000142, 0.3999999999999986
21102, 0.10000000000000142, 0.3999999999999986
21103, 0.10000000000000142, 0.5
21104, 0.10000000000000142, 0.3000000000000007
21105, 0.0, 0.3000000000000007
21106, 0.0, 0.3999999999999986
21107, -0.10000000000000142, 0.3000000000000007
21108, -0.10000000000000142, 0.3000000000000007
21109, -0.10000000000000142, 0.3000000000000007
21110, -0.10000000000000142, 0.3000000000000007
21111, -0.10000000000000142, 0.1999999999999993
21112, -0.10000000000000142, 0.3000000000000007
21113, -0.10000000000000142, 0.1999999999999993
21114, -0.10000000000000142, 0.3000000000000007
21115, -0.10000000000000142, 0.1999999999999993
21116, -0.10000000000000142, 0.3000000000000007
21117, -0.10000000000000142, 0.10000000000000142
21118, -0.10000000000000142, 0.10000000000000142
21119, -0.10000000000000142, 0.10000000000000142
21120, -0.10000000000000142, 0.10000000000000142
21121, -0.10000000000000142, 0.10000000000000142
21122, -0.10000000000000142, 0.0
21123, -0.10000000000000142, -0.10000000000000142
21124, 0.0, 0.0
21125, 0.0, -0.1999999999999993
21126, 0.0, -0.1999999999999993
21127, 0.0, -0.1999999999999993
21128, 0.0, -0.3999999999999986
21129, 0.0, -0.3999999999999986
21130, 0.0, -0.3999999999999986
21131, 0.0, -0.5
21132, 0.0, -0.6999999999999993
21133, 0.0, -0.6999999999999993
21134, 0.0, -0.8999999999999986
21135, -0.10000000000000142, -0.8999999999999986
21136, -0.10000000000000142, -1.1000000000000014
21137, 0.0, -1.3000000000000007
21138, 0.0, -1.3999999999999986
21139, 0.0, -1.5
21140, 0.0, -1.6999999999999993
21141, 0.0, -1.8999999999999986
21142, 0.0, -2.1000000000000014
21143, 0.0, -2.1999999999999993
21144, 0.0, -2.3999999999999986
21145, 0.0, -2.6000000000000014
21146, 0.0, -2.8999999999999986
21147, 0.0, -3.0
21148, 0.0, -3.1999999999999993
21149, 0.0, -3.3999999999999986
21150, 0.0, -3.6999999999999993
21151, 0.0, -3.8999999999999986
21152, 0.0, -4.0
21153, 0.0, -4.199999999999999
21154, 0.0, -4.5
21155, 0.0, -4.699999999999999
21156, -0.10000000000000142, -4.800000000000001
21157, -0.10000000000000142, -5.0
21158, -0.10000000000000142, -5.199999999999999
21159, -0.10000000000000142, -5.399999999999999
21160, -0.10000000000000142, -5.399999999999999
21161, -0.10000000000000142, -5.600000000000001
21162, -0.10000000000000142, -5.800000000000001
21163, -0.10000000000000142, -5.800000000000001
21164, -0.10000000000000142, -5.899999999999999
21165, -0.10000000000000142, -6.0
21166, -0.10000000000000142, -6.0
21167, -0.10000000000000142, -6.100000000000001
21168, -0.10000000000000142, -6.199999999999999
21169, -0.10000000000000142, -6.100000000000001
21170, -0.10000000000000142, -6.100000000000001
21171, -0.10000000000000142, -6.100000000000001
21172, -0.10000000000000142, -6.0
21173, -0.10000000000000142, -5.899999999999999
21174, -0.10000000000000142, -5.899999999999999
21175, -0.10000000000000142, -5.800000000000001
21176, -0.10000000000000142, -5.699999999999999
21177, -0.10000000000000142, -5.5
21178, -0.10000000000000142, -5.399999999999999
21179, -0.10000000000000142, -5.300000000000001
21180, -0.10000000000000142, -5.199999999999999
21181, -0.10000000000000142, -5.0
21182, -0.10000000000000142, -4.899999999999999
21183, -0.10000000000000142, -4.600000000000001
21184, -0.10000000000000142, -4.5
21185, -0.10000000000000142, -4.199999999999999
21186, -0.10000000000000142, -4.100000000000001
21187, -0.10000000000000142, -3.8000000000000007
21188, -0.10000000000000142, -3.6000000000000014
21189, 0.0, -3.5
21190, 0.0, -3.1999999999999993
21191, 0.0, -2.8999999999999986
21192, 0.0, -2.8000000000000007
21193, 0.0, -2.6000000000000014
21194, 0.0, -2.3999999999999986
21195, 0.0, -2.3000000000000007
21196, 0.0, -2.1000000000000014
21197, 0.0, -1.8999999999999986
21198, 0.0, -1.6000000000000014
21199, 0.0, -1.5
21200, 0.0, -1.3999999999999986
21201, 0.0, -1.1999999999999993
21202, 0.0, -1.0
21203, 0.0, -0.8999999999999986
21204, 0.0, -0.8000000000000007
21205, 0.0, -0.6999999999999993
21206, 0.0, -0.6000000000000014
21207, 0.0, -0.3999999999999986
21208, 0.0, -0.3000000000000007
21209, 0.0, -0.1999999999999993
21210, 0.0, -0.10000000000000142
21211, 0.0, 0.0
21212, 0.0, 0.10000000000000142
21213, 0.0, 0.10000000000000142
21214, 0.0, 0.1999999999999993
21215, 0.0, 0.3000000000000007
21216, 0.0, 0.3999999999999986
21217, 0.0, 0.3999999999999986
21218, 0.0, 0.3999999999999986
21219, 0.0, 0.5
21220, 0.0, 0.6000000000000014
21221, 0.0, 0.5
21222, 0.0, 0.6000000000000014
21223, 0.0, 0.6999999999999993
21224, 0.0, 0.6000000000000014
21225, 0.0, 0.6000000000000014
21226, 0.0, 0.6999999999999993
21227, 0.0, 0.6999999999999993
21228, 0.0, 0.6999999999999993
21229, 0.0, 0.6999999999999993
21230, 0.0, 0.8000000000000007
21231, 0.0, 0.8000000000000007
21232, 0.0, 0.8000000000000007
21233, 0.0, 0.8999999999999986
21234, 0.0, 0.8000000000000007
21235, 0.0, 0.8999999999999986
21236, 0.0, 0.8999999999999986
21237, 0.0, 0.8999999999999986
21238, 0.0, 1.0
21239, 0.0, 0.8999999999999986
21240, 0.0, 1.0
21241, 0.0, 1.1000000000000014
21242, 0.0, 1.1000000000000014
21243, 0.0, 1.1000000000000014
21244, 0.0, 1.1999999999999993
21245, 0.0, 1.1000000000000014
21246, 0.0, 1.1999999999999993
21247, 0.0, 1.3000000000000007
21248, 0.0, 1.3000000000000007
21249, 0.0, 1.3000000000000007
21250, 0.0, 1.3000000000000007
21251, 0.0, 1.3999999999999986
21252, 0.0, 1.3999999999999986
21253, 0.0, 1.5
21254, 0.0, 1.5
21255, 0.0, 1.5
21256, 0.0, 1.5
21257, 0.0, 1.5
21258, 0.0, 1.6000000000000014
21259, 0.0, 1.6000000000000014
21260, 0.0, 1.6999999999999993
21261, 0.0, 1.6999999999999993
21262, 0.0, 1.6999999999999993
21263, 0.0, 1.8000000000000007
21264, 0.0, 1.6999999999999993
21265, 0.0, 1.6999999999999993
21266, 0.0, 1.6999999999999993
21267, 0.0, 1.6999999999999993
21268, 0.0, 1.8000000000000007
21269, 0.0, 1.6999999999999993
21270, 0.0, 1.6999999999999993
21271, 0.0, 1.6999999999999993
21272, 0.0, 1.6999999999999993
21273, 0.0, 1.6999999999999993
21274, 0.0, 1.6999999999999993
21275, 0.0, 1.6000000000000014
21276, 0.0, 1.5
21277, 0.0, 1.5
21278, 0.0, 1.5
21279, 0.0, 1.3999999999999986
21280, 0.0, 1.3000000000000007
21281, 0.0, 1.3000000000000007
21282, 0.0, 1.1999999999999993
21283, 0.0, 1.1999999999999993
21284, 0.0, 1.1000000000000014
21285, 0.0, 1.1999999999999993
21286, 0.0, 1.0
21287, 0.0, 1.0
21288, 0.0, 0.8999999999999986
21289, 0.0, 0.8000000000000007
21290, 0.0, 0.8000000000000007
21291, 0.0, 0.6999999999999993
21292, 0.0, 0.6000000000000014
21293, 0.0, 0.3999999999999986
21294, 0.0, 0.3999999999999986
21295, 0.0, 0.3999999999999986
21296, 0.0, 0.1999999999999993
21297, 0.0, 0.3000000000000007
21298, 0.0, 0.1999999999999993
21299, 0.0, 0.1999999999999993
21300, 0.0, 0.10000000000000142
21301, 0.0, 0.0
21302, 0.0, -0.10000000000000142
21303, 0.0, -0.10000000000000142
21304, 0.0, -0.1999999999999993
21305, 0.0, -0.1999999999999993
21306, 0.0, -0.3000000000000007
21307, 0.0, -0.3000000000000007
21308, 0.0, -0.3999999999999986
21309, 0.0, -0.5
21310, 0.0, -0.3999999999999986
21311, 0.0, -0.3999999999999986
21312, 0.0, -0.5
21313, 0.0, -0.5
21314, 0.0, -0.5
21315, 0.0, -0.3999999999999986
21316, 0.0, -0.3999999999999986
21317, 0.0, -0.5
21318, 0.0, -0.3999999999999986
21319, 0.0, -0.5
21320, 0.0, -0.3999999999999986
21321, 0.0, -0.3999999999999986
21322, 0.0, -0.3999999999999986
21323, 0.0, -0.3999999999999986
21324, 0.0, -0.3000000000000007
21325, 0.10000000000000142, -0.3000000000000007
21326, 0.10000000000000142, -0.3000000000000007
21327, 0.10000000000000142, -0.1999999999999993
21328, 0.10000000000000142, -0.1999999999999993
21329, 0.10000000000000142, -0.1999999999999993
21330, 0.10000000000000142, -0.1999999999999993
21331, 0.10000000000000142, -0.1999999999999993
21332, 0.10000000000000142, -0.10000000000000142
21333, 0.10000000000000142, 0.10000000000000142
21334, 0.10000000000000142, 0.0
21335, 0.10000000000000142, 0.10000000000000142
21336, 0.10000000000000142, 0.1999999999999993
21337, 0.10000000000000142, 0.1999999999999993
21338, 0.10000000000000142, 0.1999999999999993
21339, 0.10000000000000142, 0.3000000000000007
21340, 0.10000000000000142, 0.3999999999999986
21341, 0.10000000000000142, 0.3999999999999986
21342, 0.10000000000000142, 0.5
21343, 0.10000000000000142, 0.6000000000000014
21344, 0.10000000000000142, 0.6000000000000014
21345, 0.10000000000000142, 0.6000000000000014
21346, 0.10000000000000142, 0.6000000000000014
21347, 0.10000000000000142, 0.6999999999999993
21348, 0.10000000000000142, 0.6999999999999993
21349, 0.10000000000000142, 0.8000000000000007
21350, 0.10000000000000142, 0.8000000000000007
21351, 0.10000000000000142, 0.8999999999999986
21352, 0.10000000000000142, 1.0
21353, 0.10000000000000142, 1.0
21354, 0.10000000000000142, 1.1000000000000014
21355, 0.10000000000000142, 1.1000000000000014
21356, 0.10000000000000142, 1.1000000000000014
21357, 0.0, 1.1999999999999993
21358, 0.0, 1.1000000000000014
21359, 0.0, 1.1000000000000014
21360, 0.0, 1.1999999999999993
21361, 0.0, 1.1000000000000014
21362, 0.0, 1.1999999999999993
21363, 0.0, 1.1999999999999993
21364, 0.0, 1.1999999999999993
21365, 0.0, 1.1000000000000014
21366, 0.0, 1.1999999999999993
21367, 0.0, 1.1999999999999993
21368, 0.0, 1.1000000000000014
21369, 0.0, 1.1999999999999993
21370, 0.0, 1.1000000000000014
21371, 0.0, 1.1000000000000014
21372, 0.0, 1.0
21373, 0.0, 1.0
21374, 0.0, 0.8999999999999986
21375, 0.0, 0.8999999999999986
21376, 0.0, 0.8999999999999986
21377, 0.0, 0.8000000000000007
21378, 0.0, 1.0
21379, 0.0, 0.8999999999999986
21380, 0.0, 0.8000000000000007
21381, 0.0, 0.8000000000000007
21382, 0.0, 0.6999999999999993
21383, 0.0, 0.6999999999999993
21384, 0.0, 0.6000000000000014
21385, 0.0, 0.5
21386, 0.0, 0.5
21387, 0.0, 0.3999999999999986
21388, 0.0, 0.3000000000000007
21389, 0.0, 0.3000000000000007
21390, 0.0, 0.1999999999999993
21391, 0.0, 0.10000000000000142
21392, 0.0, 0.0
21393, 0.0, 0.0
21394, 0.0, -0.1999999999999993
21395, -0.10000000000000142, -0.1999999999999993
21396, -0.10000000000000142, -0.1999999999999993
21397, -0.10000000000000142, -0.3000000000000007
21398, -0.10000000000000142, -0.5
21399, -0.10000000000000142, -0.6000000000000014
21400, -0.10000000000000142, -0.6999999999999993
21401, -0.10000000000000142, -0.8000000000000007
21402, -0.10000000000000142, -0.8999999999999986
21403, -0.10000000000000142, -1.0
21404, -0.10000000000000142, -1.0
21405, -0.10000000000000142, -1.1000000000000014
21406, -0.10000000000000142, -1.3000000000000007
21407, -0.10000000000000142, -1.3999999999999986
21408, -0.10000000000000142, -1.3999999999999986
21409, -0.10000000000000142, -1.6000000000000014
21410, -0.10000000000000142, -1.6999999999999993
21411, -0.10000000000000142, -1.6999999999999993
21412, -0.10000000000000142, -1.8999999999999986
21413, -0.10000000000000142, -1.8999999999999986
21414, -0.10000000000000142, -2.0
21415, -0.10000000000000142, -2.0
21416, -0.10000000000000142, -2.0
21417, -0.10000000000000142, -2.1000000000000014
21418, -0.10000000000000142, -2.1000000000000014
21419, -0.10000000000000142, -2.1999999999999993
21420, 0.0, -2.1000000000000014
21421, 0.0, -2.3000000000000007
21422, 0.0, -2.3000000000000007
21423, 0.0, -2.1999999999999993
21424, 0.0, -2.1999999999999993
21425, 0.0, -2.1999999999999993
21426, 0.0, -2.1999999999999993
21427, 0.0, -2.3000000000000007
21428, 0.0, -2.1999999999999993
21429, 0.0, -2.1999999999999993
21430, 0.0, -2.1999999999999993
21431, 0.0, -2.1000000000000014
21432, 0.0, -2.1000000000000014
21433, 0.0, -2.0
21434, 0.0, -1.8999999999999986
21435, 0.0, -2.0
21436, 0.0, -1.8999999999999986
21437, 0.0, -1.6999999999999993
21438, 0.0, -1.6999999999999993
21439, 0.0, -1.6000000000000014
21440, 0.0, -1.6000000000000014
21441, 0.0, -1.6000000000000014
21442, 0.0, -1.6000000000000014
21443, 0.0, -1.5
21444, 0.0, -1.3999999999999986
21445, 0.0, -1.3000000000000007
21446, 0.0, -1.3000000000000007
21447, 0.0, -1.3000000000000007
21448, 0.0, -1.1999999999999993
21449, 0.0, -1.1000000000000014
21450, 0.0, -1.1999999999999993
21451, 0.0, -1.1999999999999993
21452, 0.0, -1.1999999999999993
21453, 0.0, -1.1000000000000014
21454, 0.0, -1.1999999999999993
21455, 0.0, -1.3000000000000007
21456, -0.10000000000000142, -1.1000000000000014
21457, -0.10000000000000142, -1.1999999999999993
21458, -0.10000000000000142, -1.1999999999999993
21459, -0.10000000000000142, -1.1999999999999993
21460, -0.10000000000000142, -1.3000000000000007
21461, -0.10000000000000142, -1.3000000000000007
21462, -0.10000000000000142, -1.3000000000000007
21463, -0.10000000000000142, -1.1999999999999993
21464, -0.10000000000000142, -1.3000000000000007
21465, -0.10000000000000142, -1.3000000000000007
21466, -0.10000000000000142, -1.3000000000000007
21467, -0.10000000000000142, -1.3999999999999986
21468, -0.10000000000000142, -1.3999999999999986
21469, -0.10000000000000142, -1.3999999999999986
21470, -0.10000000000000142, -1.5
21471, -0.10000000000000142, -1.5
21472, -0.10000000000000142, -1.6000000000000014
21473, -0.10000000000000142, -1.5
21474, -0.10000000000000142, -1.6000000000000014
21475, -0.10000000000000142, -1.6000000000000014
21476, -0.10000000000000142, -1.5
21477, -0.10000000000000142, -1.5
21478, -0.10000000000000142, -1.5
21479, -0.10000000000000142, -1.3999999999999986
21480, -0.10000000000000142, -1.5
21481, -0.10000000000000142, -1.5
21482, -0.10000000000000142, -1.3999999999999986
21483, 0.0, -1.3999999999999986
21484, 0.0, -1.3999999999999986
21485, 0.0, -1.3000000000000007
21486, 0.0, -1.3999999999999986
21487, 0.0, -1.3000000000000007
21488, 0.0, -1.1999999999999993
21489, 0.0, -1.1000000000000014
21490, 0.0, -1.0
21491, 0.0, -1.0
21492, 0.0, -1.0
21493, 0.0, -0.8999999999999986
21494, 0.0, -0.8000000000000007
21495, 0.0, -0.6000000000000014
21496, 0.0, -0.6000000000000014
21497, 0.0, -0.5
21498, 0.0, -0.5
21499, 0.0, -0.3999999999999986
21500, 0.0, -0.3000000000000007
21501, 0.0, -0.1999999999999993
21502, 0.0, -0.1999999999999993
21503, 0.0, 0.0
21504, 0.0, 0.10000000000000142
21505, 0.0, 0.1999999999999993
21506, 0.0, 0.1999999999999993
21507, 0.0, 0.3000000000000007
21508, 0.0, 0.3000000000000007
21509, 0.0, 0.3999999999999986
21510, 0.0, 0.3999999999999986
21511, 0.0, 0.3999999999999986
21512, 0.0, 0.5
21513, 0.0, 0.6000000000000014
21514, 0.0, 0.6999999999999993
21515, 0.0, 0.8000000000000007
21516, 0.0, 0.8000000000000007
21517, 0.0, 0.8999999999999986
21518, 0.0, 0.8999999999999986
21519, 0.0, 1.0
21520, 0.0, 1.1000000000000014
21521, 0.0, 1.0
21522, 0.0, 1.1000000000000014
21523, 0.0, 1.1999999999999993
21524, 0.0, 1.1000000000000014
21525, 0.0, 1.3000000000000007
21526, 0.0, 1.3000000000000007
21527, 0.0, 1.3000000000000007
21528, 0.0, 1.3000000000000007
21529, 0.0, 1.3000000000000007
21530, 0.10000000000000142, 1.3000000000000007
21531, 0.10000000000000142, 1.3999999999999986
21532, 0.10000000000000142, 1.3000000000000007
21533, 0.10000000000000142, 1.3999999999999986
21534, 0.10000000000000142, 1.3999999999999986
21535, 0.10000000000000142, 1.3999999999999986
21536, 0.10000000000000142, 1.3000000000000007
21537, 0.10000000000000142, 1.3999999999999986
21538, 0.10000000000000142, 1.3999999999999986
21539, 0.10000000000000142, 1.3000000000000007
21540, 0.10000000000000142, 1.3999999999999986
21541, 0.10000000000000142, 1.3999999999999986
21542, 0.10000000000000142, 1.5
21543, 0.10000000000000142, 1.3999999999999986
21544, 0.10000000000000142, 1.3999999999999986
21545, 0.10000000000000142, 1.3999999999999986
21546, 0.10000000000000142, 1.3999999999999986
21547, 0.10000000000000142, 1.5
21548, 0.0, 1.3999999999999986
21549, 0.0, 1.3999999999999986
21550, 0.0, 1.3999999999999986
21551, 0.0, 1.3999999999999986
21552, 0.0, 1.3000000000000007
21553, 0.0, 1.3999999999999986
21554, 0.0, 1.3000000000000007
21555, 0.0, 1.3999999999999986
21556, 0.0, 1.3000000000000007
21557, 0.0, 1.3000000000000007
21558, 0.0, 1.3000000000000007
21559, 0.0, 1.3000000000000007
21560, 0.0, 1.1999999999999993
21561, 0.0, 1.1999999999999993
21562, 0.0, 1.1999999999999993
21563, 0.0, 1.1000000000000014
21564, 0.0, 1.1999999999999993
21565, 0.0, 1.1000000000000014
21566, 0.0, 1.1000000000000014
21567, 0.0, 1.0
21568, 0.0, 0.8999999999999986
21569, 0.0, 1.0
21570, 0.0, 0.8999999999999986
21571, 0.0, 0.8999999999999986
21572, 0.0, 0.8000000000000007
21573, 0.0, 0.6999999999999993
21574, 0.0, 0.8000000000000007
21575, 0.0, 0.6999999999999993
21576, 0.0, 0.6999999999999993
21577, 0.0, 0.6999999999999993
21578, 0.0, 0.6999999999999993
21579, 0.0, 0.6999999999999993
21580, 0.0, 0.6000000000000014
21581, 0.0, 0.5
21582, 0.0, 0.5
21583, 0.0, 0.5
21584, -0.10000000000000142, 0.3999999999999986
21585, -0.10000000000000142, 0.3999999999999986
21586, -0.10000000000000142, 0.3000000000000007
21587, -0.10000000000000142, 0.3000000000000007
21588, -0.10000000000000142, 0.1999999999999993
21589, -0.10000000000000142, 0.3000000000000007
21590, -0.10000000000000142, 0.10000000000000142
21591, -0.10000000000000142, 0.1999999999999993
21592, -0.10000000000000142, 0.10000000000000142
21593, -0.10000000000000142, 0.0
21594, -0.10000000000000142, 0.0
21595, -0.10000000000000142, 0.0
21596, -0.10000000000000142, -0.1999999999999993
21597, -0.10000000000000142, -0.10000000000000142
21598, -0.10000000000000142, -0.10000000000000142
21599, -0.10000000000000142, -0.1999999999999993
21600, 0.0, -0.1999999999999993
21601, 0.0, -0.3000000000000007
21602, 0.0, -0.3000000000000007
21603, 0.0, -0.3000000000000007
21604, 0.0, -0.3999999999999986
21605, 0.0, -0.3999999999999986
21606, 0.0, -0.3999999999999986
21607, 0.0, -0.3999999999999986
21608, 0.0, -0.5
21609, 0.0, -0.5
21610, 0.0, -0.5
21611, 0.0, -0.5
21612, 0.0, -0.5
21613, 0.0, -0.5
21614, 0.0, -0.5
21615, 0.0, -0.6000000000000014
21616, 0.0, -0.5
21617, 0.0, -0.5
21618, -0.10000000000000142, -0.5
21619, -0.10000000000000142, -0.6000000000000014
21620, -0.10000000000000142, -0.6000000000000014
21621, -0.10000000000000142, -0.6000000000000014
21622, -0.10000000000000142, -0.6999999999999993
21623, -0.10000000000000142, -0.6999999999999993
21624, -0.10000000000000142, -0.6999999999999993
21625, -0.10000000000000142, -0.6999999999999993
21626, -0.10000000000000142, -0.6000000000000014
21627, -0.10000000000000142, -0.6000000000000014
21628, -0.10000000000000142, -0.8000000000000007
21629, -0.10000000000000142, -0.6999999999999993
21630, -0.10000000000000142, -0.6999999999999993
21631, -0.10000000000000142, -0.6000000000000014
21632, -0.10000000000000142, -0.6999999999999993
21633, -0.10000000000000142, -0.6000000000000014
21634, -0.10000000000000142, -0.6999999999999993
21635, -0.10000000000000142, -0.6999999999999993
21636, -0.10000000000000142, -0.6999999999999993
21637, -0.10000000000000142, -0.6000000000000014
21638, -0.10000000000000142, -0.6000000000000014
21639, -0.10000000000000142, -0.6000000000000014
21640, -0.10000000000000142, -0.6000000000000014
21641, -0.10000000000000142, -0.6000000000000014
21642, -0.10000000000000142, -0.6000000000000014
21643, -0.10000000000000142, -0.6000000000000014
21644, -0.10000000000000142, -0.6000000000000014
21645, -0.10000000000000142, -0.6000000000000014
21646, -0.10000000000000142, -0.6000000000000014
21647, -0.10000000000000142, -0.6000000000000014
21648, -0.10000000000000142, -0.6000000000000014
21649, -0.10000000000000142, -0.5
21650, -0.10000000000000142, -0.6000000000000014
21651, -0.10000000000000142, -0.6000000000000014
21652, -0.10000000000000142, -0.5
21653, -0.10000000000000142, -0.5
21654, -0.10000000000000142, -0.3999999999999986
21655, -0.10000000000000142, -0.3999999999999986
21656, -0.10000000000000142, -0.3999999999999986
21657, -0.10000000000000142, -0.3999999999999986
21658, -0.10000000000000142, -0.3999999999999986
21659, -0.10000000000000142, -0.3000000000000007
21660, -0.10000000000000142, -0.3000000000000007
21661, -0.10000000000000142, -0.10000000000000142
21662, -0.10000000000000142, -0.10000000000000142
21663, -0.10000000000000142, -0.1999999999999993
21664, -0.10000000000000142, -0.10000000000000142
21665, -0.10000000000000142, -0.10000000000000142
21666, -0.10000000000000142, 0.0
21667, -0.10000000000000142, 0.0
21668, -0.10000000000000142, 0.0
21669, -0.10000000000000142, 0.0
21670, -0.10000000000000142, 0.10000000000000142
21671, -0.10000000000000142, 0.0
21672, -0.10000000000000142, 0.10000000000000142
21673, -0.10000000000000142, 0.10000000000000142
21674, -0.10000000000000142, 0.1999999999999993
21675, -0.10000000000000142, 0.10000000000000142
21676, -0.10000000000000142, 0.10000000000000142
21677, -0.10000000000000142, 0.1999999999999993
21678, -0.10000000000000142, 0.10000000000000142
21679, -0.10000000000000142, 0.1999999999999993
21680, -0.10000000000000142, 0.3000000000000007
21681, -0.10000000000000142, 0.1999999999999993
21682, -0.10000000000000142, 0.1999999999999993
21683, -0.10000000000000142, 0.1999999999999993
21684, -0.10000000000000142, 0.1999999999999993
21685, -0.10000000000000142, 0.3000000000000007
21686, -0.10000000000000142, 0.3000000000000007
21687, -0.10000000000000142, 0.3000000000000007
21688, -0.10000000000000142, 0.1999999999999993
21689, -0.10000000000000142, 0.3000000000000007
21690, -0.10000000000000142, 0.1999999999999993
21691, -0.10000000000000142, 0.3000000000000007
21692, -0.10000000000000142, 0.3000000000000007
21693, -0.10000000000000142, 0.3999999999999986
21694, -0.10000000000000142, 0.3000000000000007
21695, -0.10000000000000142, 0.3999999999999986
21696, -0.10000000000000142, 0.3999999999999986
21697, -0.10000000000000142, 0.3000000000000007
21698, -0.10000000000000142, 0.3999999999999986
21699, -0.10000000000000142, 0.3999999999999986
21700, -0.10000000000000142, 0.3999999999999986
21701, -0.10000000000000142, 0.3999999999999986
21702, -0.10000000000000142, 0.3999999999999986
21703, -0.10000000000000142, 0.3999999999999986
21704, -0.10000000000000142, 0.3000000000000007
21705, -0.10000000000000142, 0.3999999999999986
21706, -0.10000000000000142, 0.5
21707, -0.10000000000000142, 0.5
21708, -0.10000000000000142, 0.3999999999999986
21709, -0.10000000000000142, 0.5
21710, -0.10000000000000142, 0.5
21711, 0.0, 0.5
21712, 0.0, 0.5
21713, 0.0, 0.5
21714, 0.0, 0.5
21715, 0.0, 0.6000000000000014
21716, 0.0, 0.5
21717, 0.0, 0.5
21718, 0.0, 0.6000000000000014
21719, 0.0, 0.5
21720, 0.0, 0.6000000000000014
21721, 0.0, 0.6000000000000014
21722, 0.0, 0.5
21723, 0.0, 0.6000000000000014
21724, 0.0, 0.6000000000000014
21725, 0.0, 0.5
21726, 0.0, 0.6000000000000014
21727, 0.0, 0.5
21728, 0.0, 0.5
21729, 0.0, 0.5
21730, 0.0, 0.5
21731, 0.0, 0.5
21732, 0.0, 0.3999999999999986
21733, 0.0, 0.5
21734, 0.0, 0.3999999999999986
21735, 0.0, 0.3999999999999986
21736, 0.10000000000000142, 0.3000000000000007
21737, 0.10000000000000142, 0.3000000000000007
21738, 0.10000000000000142, 0.3000000000000007
21739, 0.10000000000000142, 0.3000000000000007
21740, 0.10000000000000142, 0.3000000000000007
21741, 0.10000000000000142, 0.3000000000000007
21742, 0.10000000000000142, 0.1999999999999993
21743, 0.10000000000000142, 0.1999999999999993
21744, 0.10000000000000142, 0.10000000000000142
21745, 0.10000000000000142, 0.10000000000000142
21746, 0.10000000000000142, 0.0
21747, 0.10000000000000142, 0.0
21748, 0.10000000000000142, 0.0
21749, 0.10000000000000142, 0.0
21750, 0.10000000000000142, 0.0
21751, 0.0, -0.10000000000000142
21752, 0.0, 0.0
21753, 0.0, -0.10000000000000142
21754, 0.0, -0.10000000000000142
21755, 0.0, -0.1999999999999993
21756, 0.0, -0.1999999999999993
21757, 0.0, -0.1999999999999993
21758, 0.0, -0.3000000000000007
21759, 0.0, -0.1999999999999993
21760, 0.0, -0.1999999999999993
21761, 0.0, -0.3000000000000007
21762, 0.0, -0.3000000000000007
21763, 0.0, -0.3000000000000007
21764, 0.0, -0.3000000000000007
21765, 0.0, -0.3000000000000007
21766, 0.0, -0.3000000000000007
21767, 0.0, -0.3000000000000007
21768, 0.0, -0.3000000000000007
21769, -0.10000000000000142, -0.3000000000000007
21770, -0.10000000000000142, -0.3999999999999986
21771, -0.10000000000000142, -0.3000000000000007
21772, -0.10000000000000142, -0.3999999999999986
21773, -0.10000000000000142, -0.5
21774, -0.10000000000000142, -0.3999999999999986
21775, -0.10000000000000142, -0.3999999999999986
21776, -0.10000000000000142, -0.3999999999999986
21777, -0.10000000000000142, -0.3999999999999986
21778, 0.0, -0.5
21779, 0.0, -0.3999999999999986
21780, 0.0, -0.3999999999999986
21781, 0.0, -0.5
21782, 0.0, -0.3999999999999986
21783, 0.0, -0.5
21784, 0.0, -0.5
21785, 0.0, -0.5
21786, 0.0, -0.5
21787, 0.0, -0.5
21788, 0.0, -0.5
21789, 0.0, -0.6000000000000014
21790, 0.0, -0.5
21791, 0.0, -0.5
21792, 0.0, -0.5
21793, 0.0, -0.5
21794, 0.0, -0.5
21795, 0.0, -0.3999999999999986
21796, 0.0, -0.5
21797, 0.0, -0.6000000000000014
21798, 0.0, -0.5
21799, 0.0, -0.5
21800, 0.0, -0.5
21801, 0.0, -0.5
21802, 0.0, -0.3999999999999986
21803, 0.0, -0.5
21804, 0.0, -0.3999999999999986
21805, 0.0, -0.3999999999999986
21806, 0.0, -0.3000000000000007
21807, 0.0, -0.3999999999999986
21808, 0.0, -0.3000000000000007
21809, -0.10000000000000142, -0.3000000000000007
21810, -0.10000000000000142, -0.3000000000000007
21811, -0.10000000000000142, -0.3000000000000007
21812, -0.10000000000000142, -0.3000000000000007
21813, -0.10000000000000142, -0.3000000000000007
21814, -0.10000000000000142, -0.1999999999999993
21815, -0.10000000000000142, -0.3000000000000007
21816, -0.10000000000000142, -0.1999999999999993
21817, -0.10000000000000142, -0.1999999999999993
21818, -0.10000000000000142, -0.1999999999999993
21819, -0.10000000000000142, -0.1999999999999993
21820, -0.10000000000000142, -0.1999999999999993
21821, -0.10000000000000142, -0.1999999999999993
21822, -0.10000000000000142, -0.10000000000000142
21823, -0.10000000000000142, -0.1999999999999993
21824, -0.10000000000000142, -0.10000000000000142
21825, -0.10000000000000142, 0.10000000000000142
21826, -0.10000000000000142, 0.0
21827, -0.10000000000000142, 0.0
21828, -0.10000000000000142, 0.0
21829, -0.10000000000000142, 0.0
21830, -0.10000000000000142, 0.10000000000000142
21831, -0.10000000000000142, 0.0
21832, -0.10000000000000142, 0.10000000000000142
21833, -0.10000000000000142, 0.1999999999999993
21834, -0.10000000000000142, 0.1999999999999993
21835, -0.10000000000000142, 0.1999999999999993
21836, -0.10000000000000142, 0.1999999999999993
21837, -0.10000000000000142, 0.1999999999999993
21838, -0.10000000000000142, 0.1999999999999993
21839, -0.10000000000000142, 0.1999999999999993
21840, -0.10000000000000142, 0.3000000000000007
21841, -0.10000000000000142, 0.1999999999999993
21842, -0.10000000000000142, 0.3000000000000007
21843, -0.10000000000000142, 0.3999999999999986
21844, -0.10000000000000142, 0.3999999999999986
21845, -0.10000000000000142, 0.3000000000000007
21846, -0.10000000000000142, 0.3999999999999986
21847, -0.10000000000000142, 0.3999999999999986
21848, -0.10000000000000142, 0.3999999999999986
21849, -0.10000000000000142, 0.3999999999999986
21850, -0.10000000000000142, 0.3999999999999986
21851, -0.10000000000000142, 0.3999999999999986
21852, -0.10000000000000142, 0.3999999999999986
21853, -0.10000000000000142, 0.3999999999999986
21854, -0.10000000000000142, 0.6000000000000014
21855, -0.10000000000000142, 0.6000000000000014
21856, -0.10000000000000142, 0.5
21857, -0.10000000000000142, 0.5
21858, -0.10000000000000142, 0.5
21859, -0.10000000000000142, 0.6000000000000014
21860, -0.10000000000000142, 0.6000000000000014
21861, -0.10000000000000142, 0.6000000000000014
21862, -0.10000000000000142, 0.6000000000000014
21863, -0.10000000000000142, 0.5
21864, -0.10000000000000142, 0.6000000000000014
21865, -0.10000000000000142, 0.6000000000000014
21866, -0.10000000000000142, 0.6000000000000014
21867, -0.10000000000000142, 0.6000000000000014
21868, -0.10000000000000142, 0.5
21869, -0.10000000000000142, 0.3999999999999986
21870, -0.10000000000000142, 0.5
21871, -0.10000000000000142, 0.5
21872, -0.10000000000000142, 0.5
21873, -0.10000000000000142, 0.5
21874, -0.10000000000000142, 0.5
21875, -0.10000000000000142, 0.3999999999999986
21876, -0.10000000000000142, 0.5
21877, -0.10000000000000142, 0.5
21878, -0.10000000000000142, 0.5
21879, -0.10000000000000142, 0.5
21880, -0.10000000000000142, 0.3999999999999986
21881, -0.10000000000000142, 0.3999999999999986
21882, -0.10000000000000142, 0.3000000000000007
21883, -0.10000000000000142, 0.3000000000000007
21884, -0.10000000000000142, 0.3000000000000007
21885, -0.10000000000000142, 0.3999999999999986
21886, -0.10000000000000142, 0.3999999999999986
21887, -0.10000000000000142, 0.3999999999999986
21888, -0.10000000000000142, 0.3000000000000007
21889, -0.10000000000000142, 0.3000000000000007
21890, -0.10000000000000142, 0.1999999999999993
21891, -0.10000000000000142, 0.1999999999999993
21892, -0.10000000000000142, 0.1999999999999993
21893, -0.10000000000000142, 0.1999999999999993
21894, -0.10000000000000142, 0.1999999999999993
21895, -0.10000000000000142, 0.10000000000000142
21896, -0.10000000000000142, 0.10000000000000142
21897, -0.10000000000000142, 0.1999999999999993
21898, -0.10000000000000142, 0.1999999999999993
21899, -0.10000000000000142, 0.10000000000000142
21900, -0.10000000000000142, 0.10000000000000142
21901, -0.10000000000000142, 0.0
21902, -0.10000000000000142, 0.0
21903, -0.10000000000000142, 0.0
21904, -0.10000000000000142, 0.0
21905, -0.10000000000000142, 0.0
21906, -0.10000000000000142, 0.0
21907, -0.10000000000000142, -0.10000000000000142
21908, -0.10000000000000142, -0.10000000000000142
21909, -0.10000000000000142, -0.10000000000000142
21910, -0.10000000000000142, -0.10000000000000142
21911, -0.10000000000000142, -0.10000000000000142
21912, -0.10000000000000142, -0.10000000000000142
21913, -0.10000000000000142, -0.1999999999999993
21914, -0.10000000000000142, -0.10000000000000142
21915, 0.0, -0.10000000000000142
21916, 0.0, -0.10000000000000142
21917, 0.10000000000000142, -0.1999999999999993
21918, 0.10000000000000142, -0.1999999999999993
21919, 0.10000000000000142, -0.10000000000000142
21920, 0.10000000000000142, -0.1999999999999993
21921, 0.10000000000000142, -0.3000000000000007
21922, 0.10000000000000142, -0.3000000000000007
21923, 0.10000000000000142, -0.1999999999999993
21924, 0.10000000000000142, -0.3000000000000007
21925, 0.10000000000000142, -0.3000000000000007
21926, 0.10000000000000142, -0.1999999999999993
21927, 0.10000000000000142, -0.3000000000000007
21928, 0.10000000000000142, -0.3000000000000007
21929, 0.10000000000000142, -0.3000000000000007
21930, 0.10000000000000142, -0.3000000000000007
21931, 0.10000000000000142, -0.3000000000000007
21932, 0.10000000000000142, -0.3000000000000007
21933, 0.10000000000000142, -0.3000000000000007
21934, 0.10000000000000142, -0.3000000000000007
21935, 0.10000000000000142, -0.3999999999999986
21936, 0.10000000000000142, -0.3000000000000007
21937, 0.10000000000000142, -0.3999999999999986
21938, 0.10000000000000142, -0.3000000000000007
21939, 0.10000000000000142, -0.3000000000000007
21940, 0.10000000000000142, -0.1999999999999993
21941, 0.10000000000000142, -0.3000000000000007
21942, 0.10000000000000142, -0.1999999999999993
21943, 0.10000000000000142, -0.3000000000000007
21944, 0.10000000000000142, -0.1999999999999993
21945, 0.10000000000000142, -0.1999999999999993
21946, 0.10000000000000142, -0.3000000000000007
21947, 0.10000000000000142, -0.1999999999999993
21948, 0.10000000000000142, -0.1999999999999993
21949, 0.10000000000000142, -0.1999999999999993
21950, 0.10000000000000142, -0.1999999999999993
21951, 0.10000000000000142, -0.10000000000000142
21952, 0.10000000000000142, -0.1999999999999993
21953, 0.10000000000000142, -0.10000000000000142
21954, 0.0, -0.10000000000000142
21955, 0.0, -0.10000000000000142
21956, 0.0, -0.10000000000000142
21957, 0.0, -0.10000000000000142
21958, 0.0, -0.10000000000000142
21959, 0.0, 0.0
21960, 0.0, -0.10000000000000142
21961, 0.0, 0.0
21962, 0.0, -0.10000000000000142
21963, 0.0, 0.0
21964, 0.0, 0.0
21965, -0.10000000000000142, -0.10000000000000142
21966, -0.10000000000000142, -0.10000000000000142
21967, -0.10000000000000142, -0.10000000000000142
21968, -0.10000000000000142, 0.0
21969, -0.10000000000000142, -0.10000000000000142
21970, -0.10000000000000142, -0.10000000000000142
21971, -0.10000000000000142, 0.0
21972, -0.10000000000000142, -0.10000000000000142
21973, -0.10000000000000142, -0.1999999999999993
21974, -0.10000000000000142, 0.0
21975, -0.10000000000000142, -0.10000000000000142
21976, -0.10000000000000142, -0.10000000000000142
21977, -0.10000000000000142, -0.1999999999999993
21978, -0.10000000000000142, -0.1999999999999993
21979, -0.10000000000000142, -0.1999999999999993
21980, -0.10000000000000142, -0.3000000000000007
21981, -0.10000000000000142, -0.10000000000000142
21982, -0.10000000000000142, -0.1999999999999993
21983, -0.10000000000000142, -0.3000000000000007
21984, -0.10000000000000142, -0.3000000000000007
21985, -0.10000000000000142, -0.3000000000000007
21986, -0.10000000000000142, -0.3000000000000007
21987, -0.10000000000000142, -0.3000000000000007
21988, -0.10000000000000142, -0.1999999999999993
21989, -0.10000000000000142, -0.3000000000000007
21990, -0.10000000000000142, -0.3000000000000007
21991, -0.10000000000000142, -0.3000000000000007
21992, -0.10000000000000142, -0.3000000000000007
21993, -0.10000000000000142, -0.3999999999999986
21994, -0.10000000000000142, -0.3999999999999986
21995, -0.10000000000000142, -0.3999999999999986
21996, -0.10000000000000142, -0.5
21997, -0.10000000000000142, -0.3999999999999986
21998, -0.10000000000000142, -0.3999999999999986
21999, -0.10000000000000142, -0.3999999999999986
22000, -0.10000000000000142, -0.5
22001, -0.10000000000000142, -0.5
22002, -0.10000000000000142, -0.5
22003, -0.10000000000000142, -0.5
22004, 0.0, -0.3999999999999986
22005, 0.0, -0.5
22006, 0.0, -0.5
22007, 0.0, -0.6000000000000014
22008, 0.0, -0.5
22009, 0.0, -0.3999999999999986
22010, 0.0, -0.5
22011, 0.0, -0.3999999999999986
22012, 0.0, -0.5
22013, 0.0, -0.3999999999999986
22014, 0.0, -0.3999999999999986
22015, 0.0, -0.3999999999999986
22016, 0.0, -0.3000000000000007
22017, 0.0, -0.3999999999999986
22018, 0.0, -0.3000000000000007
22019, 0.0, -0.3000000000000007
22020, 0.0, -0.3000000000000007
22021, 0.0, -0.3000000000000007
22022, -0.10000000000000142, -0.1999999999999993
22023, -0.10000000000000142, -0.1999999999999993
22024, -0.10000000000000142, -0.10000000000000142
22025, -0.10000000000000142, -0.1999999999999993
22026, -0.10000000000000142, -0.10000000000000142
22027, -0.10000000000000142, -0.10000000000000142
22028, -0.10000000000000142, 0.0
22029, -0.10000000000000142, 0.0
22030, -0.10000000000000142, 0.0
22031, -0.10000000000000142, 0.0
22032, -0.10000000000000142, 0.0
22033, -0.10000000000000142, 0.10000000000000142
22034, -0.10000000000000142, 0.1999999999999993
22035, -0.10000000000000142, 0.10000000000000142
22036, -0.10000000000000142, 0.10000000000000142
22037, -0.10000000000000142, 0.1999999999999993
22038, -0.10000000000000142, 0.1999999999999993
22039, -0.10000000000000142, 0.3000000000000007
22040, -0.10000000000000142, 0.3000000000000007
22041, -0.10000000000000142, 0.3999999999999986
22042, -0.10000000000000142, 0.3999999999999986
22043, -0.10000000000000142, 0.5
22044, -0.10000000000000142, 0.3000000000000007
22045, -0.10000000000000142, 0.3999999999999986
22046, -0.10000000000000142, 0.3999999999999986
22047, -0.10000000000000142, 0.3999999999999986
22048, -0.10000000000000142, 0.5
22049, -0.10000000000000142, 0.3999999999999986
22050, -0.10000000000000142, 0.5
22051, -0.10000000000000142, 0.5
22052, -0.10000000000000142, 0.5
22053, -0.10000000000000142, 0.3999999999999986
22054, -0.10000000000000142, 0.5
22055, -0.10000000000000142, 0.5
22056, -0.10000000000000142, 0.5
22057, -0.10000000000000142, 0.3999999999999986
22058, -0.10000000000000142, 0.3999999999999986
22059, -0.10000000000000142, 0.3000000000000007
22060, -0.10000000000000142, 0.3000000000000007
22061, -0.10000000000000142, 0.3000000000000007
22062, -0.10000000000000142, 0.3000000000000007
22063, -0.10000000000000142, 0.3000000000000007
22064, -0.10000000000000142, 0.3000000000000007
22065, -0.10000000000000142, 0.1999999999999993
22066, -0.10000000000000142, 0.1999999999999993
22067, -0.10000000000000142, 0.1999999999999993
22068, -0.10000000000000142, 0.1999999999999993
22069, -0.10000000000000142, 0.10000000000000142
22070, -0.10000000000000142, 0.10000000000000142
22071, 0.0, 0.10000000000000142
22072, 0.0, 0.0
22073, 0.0, 0.0
22074, 0.0, 0.0
22075, 0.0, -0.10000000000000142
22076, 0.0, -0.10000000000000142
22077, 0.0, -0.1999999999999993
22078, 0.0, -0.3000000000000007
22079, 0.0, -0.3000000000000007
22080, 0.0, -0.3000000000000007
22081, 0.0, -0.3000000000000007
22082, 0.0, -0.5
22083, 0.0, -0.3999999999999986
22084, 0.0, -0.5
22085, 0.0, -0.5
22086, 0.10000000000000142, -0.6000000000000014
22087, 0.10000000000000142, -0.5
22088, 0.10000000000000142, -0.6999999999999993
22089, 0.10000000000000142, -0.6000000000000014
22090, 0.10000000000000142, -0.6999999999999993
22091, 0.10000000000000142, -0.6999999999999993
22092, 0.10000000000000142, -0.8000000000000007
22093, 0.10000000000000142, -0.8000000000000007
22094, 0.10000000000000142, -0.8000000000000007
22095, 0.10000000000000142, -0.8999999999999986
22096, 0.10000000000000142, -0.8000000000000007
22097, 0.10000000000000142, -0.8999999999999986
22098, 0.10000000000000142, -1.0
22099, 0.10000000000000142, -0.8999999999999986
22100, 0.10000000000000142, -1.0
22101, 0.10000000000000142, -1.0
22102, 0.10000000000000142, -1.0
22103, 0.10000000000000142, -0.8999999999999986
22104, 0.10000000000000142, -1.0
22105, 0.10000000000000142, -0.8999999999999986
22106, 0.10000000000000142, -1.0
22107, 0.0, -1.0
22108, 0.0, -0.8999999999999986
22109, 0.0, -0.8999999999999986
22110, 0.0, -0.8999999999999986
22111, 0.0, -0.8999999999999986
22112, 0.0, -0.8999999999999986
22113, -0.10000000000000142, -0.8999999999999986
22114, -0.10000000000000142, -0.8999999999999986
22115, -0.10000000000000142, -0.8999999999999986
22116, -0.10000000000000142, -0.8000000000000007
22117, -0.10000000000000142, -0.8000000000000007
22118, -0.10000000000000142, -0.6999999999999993
22119, -0.10000000000000142, -0.6000000000000014
22120, -0.10000000000000142, -0.6000000000000014
22121, -0.10000000000000142, -0.6000000000000014
22122, -0.10000000000000142, -0.5
22123, -0.10000000000000142, -0.5
22124, -0.10000000000000142, -0.5
22125, -0.10000000000000142, -0.3999999999999986
22126, -0.10000000000000142, -0.3999999999999986
22127, -0.10000000000000142, -0.5
22128, -0.10000000000000142, -0.3000000000000007
22129, -0.10000000000000142, -0.3000000000000007
22130, -0.10000000000000142, -0.3999999999999986
22131, -0.10000000000000142, -0.3000000000000007
22132, -0.10000000000000142, -0.3000000000000007
22133, -0.10000000000000142, -0.1999999999999993
22134, -0.10000000000000142, -0.1999999999999993
22135, -0.10000000000000142, -0.1999999999999993
22136, -0.10000000000000142, -0.10000000000000142
22137, -0.10000000000000142, -0.10000000000000142
22138, -0.10000000000000142, -0.10000000000000142
22139, -0.10000000000000142, -0.10000000000000142
22140, -0.10000000000000142, -0.10000000000000142
22141, -0.10000000000000142, -0.10000000000000142
22142, -0.10000000000000142, -0.1999999999999993
22143, -0.10000000000000142, -0.10000000000000142
22144, -0.10000000000000142, -0.10000000000000142
22145, -0.10000000000000142, -0.10000000000000142
22146, -0.10000000000000142, -0.10000000000000142
22147, -0.10000000000000142, -0.1999999999999993
22148, -0.10000000000000142, -0.10000000000000142
22149, -0.10000000000000142, -0.1999999999999993
22150, -0.10000000000000142, -0.3000000000000007
22151, 0.0, -0.3000000000000007
22152, 0.0, -0.3000000000000007
22153, 0.0, -0.1999999999999993
22154, 0.0, -0.3000000000000007
22155, 0.0, -0.3000000000000007
22156, 0.0, -0.3000000000000007
22157, 0.10000000000000142, -0.3000000000000007
22158, 0.10000000000000142, -0.3999999999999986
22159, 0.10000000000000142, -0.3999999999999986
22160, 0.10000000000000142, -0.3999999999999986
22161, 0.10000000000000142, -0.3999999999999986
22162, 0.10000000000000142, -0.3999999999999986
22163, 0.10000000000000142, -0.3999999999999986
22164, 0.10000000000000142, -0.5
22165, 0.10000000000000142, -0.3999999999999986
22166, 0.10000000000000142, -0.5
22167, 0.10000000000000142, -0.5
22168, 0.10000000000000142, -0.5
22169, 0.10000000000000142, -0.5
22170, 0.10000000000000142, -0.5
22171, 0.10000000000000142, -0.5
22172, 0.10000000000000142, -0.5
22173, 0.10000000000000142, -0.5
22174, 0.10000000000000142, -0.5
22175, 0.10000000000000142, -0.3999999999999986
22176, 0.10000000000000142, -0.3999999999999986
22177, 0.10000000000000142, -0.3999999999999986
22178, 0.10000000000000142, -0.3999999999999986
22179, 0.10000000000000142, -0.5
22180, 0.10000000000000142, -0.5
22181, 0.10000000000000142, -0.3999999999999986
22182, 0.10000000000000142, -0.3000000000000007
22183, 0.10000000000000142, -0.3000000000000007
22184, 0.10000000000000142, -0.3000000000000007
22185, 0.10000000000000142, -0.3000000000000007
22186, 0.10000000000000142, -0.3000000000000007
22187, 0.10000000000000142, -0.3000000000000007
22188, 0.10000000000000142, -0.1999999999999993
22189, 0.10000000000000142, -0.10000000000000142
22190, 0.10000000000000142, -0.10000000000000142
22191, 0.10000000000000142, -0.10000000000000142
22192, 0.10000000000000142, -0.10000000000000142
22193, 0.10000000000000142, -0.1999999999999993
22194, 0.10000000000000142, -0.10000000000000142
22195, 0.10000000000000142, -0.10000000000000142
22196, 0.10000000000000142, -0.10000000000000142
22197, 0.0, 0.0
22198, 0.0, 0.10000000000000142
22199, -0.10000000000000142, 0.0
22200, -0.10000000000000142, 0.0
22201, -0.10000000000000142, 0.10000000000000142
22202, -0.10000000000000142, 0.10000000000000142
22203, -0.10000000000000142, 0.0
22204, -0.10000000000000142, 0.0
22205, -0.10000000000000142, 0.0
22206, -0.10000000000000142, 0.0
22207, -0.10000000000000142, 0.0
22208, -0.10000000000000142, 0.0
22209, -0.1999999999999993, 0.0
22210, -0.1999999999999993, 0.0
22211, -0.1999999999999993, 0.0
22212, -0.1999999999999993, 0.10000000000000142
22213, -0.1999999999999993, 0.0
22214, -0.1999999999999993, 0.10000000000000142
22215, -0.1999999999999993, 0.10000000000000142
22216, -0.1999999999999993, 0.10000000000000142
22217, -0.1999999999999993, 0.0
22218, -0.1999999999999993, 0.0
22219, -0.1999999999999993, 0.0
22220, -0.1999999999999993, 0.0
22221, -0.1999999999999993, 0.0
22222, -0.1999999999999993, 0.0
22223, -0.1999999999999993, 0.0
22224, -0.1999999999999993, 0.0
22225, -0.10000000000000142, 0.0
22226, -0.10000000000000142, 0.0
22227, -0.10000000000000142, 0.0
22228, -0.10000000000000142, 0.0
22229, -0.10000000000000142, 0.0
22230, -0.10000000000000142, -0.10000000000000142
22231, -0.10000000000000142, 0.0
22232, -0.10000000000000142, 0.0
22233, -0.10000000000000142, 0.0
22234, -0.10000000000000142, 0.0
22235, -0.10000000000000142, 0.0
22236, -0.10000000000000142, 0.0
22237, -0.10000000000000142, 0.0
22238, -0.10000000000000142, 0.0
22239, -0.10000000000000142, 0.0
22240, -0.10000000000000142, 0.0
22241, 0.0, 0.0
22242, 0.0, 0.0
22243, 0.0, 0.0
22244, 0.0, 0.0
22245, 0.0, 0.0
22246, 0.0, 0.0
22247, 0.0, 0.0
22248, 0.0, 0.0
22249, 0.0, 0.0
22250, 0.0, 0.0
22251, 0.0, 0.0
22252, 0.0, 0.0
22253, 0.0, 0.10000000000000142
22254, 0.0, 0.0
22255, 0.0, 0.0
22256, 0.0, 0.0
22257, 0.0, 0.0
22258, 0.0, 0.10000000000000142
22259, 0.0, 0.10000000000000142
22260, 0.0, 0.0
22261, 0.0, 0.0
22262, 0.0, 0.10000000000000142
22263, 0.0, 0.10000000000000142
22264, 0.0, 0.10000000000000142
22265, 0.0, 0.10000000000000142
22266, 0.0, 0.10000000000000142
22267, 0.0, 0.10000000000000142
22268, 0.0, 0.10000000000000142
22269, 0.0, 0.0
22270, 0.0, 0.0
22271, 0.0, 0.10000000000000142
22272, 0.0, 0.0
22273, 0.0, 0.10000000000000142
22274, 0.0, 0.10000000000000142
22275, 0.0, 0.0
22276, 0.0, 0.10000000000000142
22277, 0.0, 0.0
22278, 0.0, 0.0
22279, 0.0, 0.10000000000000142
22280, 0.0, 0.0
22281, 0.0, 0.10000000000000142
22282, 0.0, 0.10000000000000142
22283, 0.10000000000000142, 0.10000000000000142
22284, 0.10000000000000142, 0.10000000000000142
22285, 0.10000000000000142, 0.0
22286, 0.10000000000000142, 0.0
22287, 0.10000000000000142, 0.0
22288, 0.10000000000000142, 0.0
22289, 0.10000000000000142, 0.10000000000000142
22290, 0.10000000000000142, 0.0
22291, 0.10000000000000142, 0.10000000000000142
22292, 0.10000000000000142, 0.0
22293, 0.10000000000000142, 0.0
22294, 0.10000000000000142, 0.0
22295, 0.10000000000000142, 0.0
22296, 0.10000000000000142, 0.0
22297, 0.10000000000000142, 0.0
22298, 0.10000000000000142, -0.10000000000000142
22299, 0.10000000000000142, 0.0
22300, 0.10000000000000142, 0.0
22301, 0.10000000000000142, -0.10000000000000142
22302, 0.10000000000000142, -0.10000000000000142
22303, 0.0, 0.0
22304, 0.0, 0.0
22305, 0.0, -0.10000000000000142
22306, 0.0, 0.0
22307, 0.0, 0.0
22308, 0.0, 0.0
22309, 0.0, 0.0
22310, 0.0, 0.10000000000000142
22311, 0.0, -0.10000000000000142
22312, 0.0, 0.0
22313, 0.0, -0.10000000000000142
22314, 0.0, 0.0
22315, 0.0, 0.0
22316, 0.0, 0.0
22317, 0.0, 0.10000000000000142
22318, 0.0, 0.0
22319, 0.0, 0.10000000000000142
22320, 0.0, 0.0
22321, 0.0, 0.10000000000000142
22322, 0.0, 0.0
22323, 0.0, 0.10000000000000142
22324, 0.0, 0.10000000000000142
22325, 0.0, 0.10000000000000142
22326, 0.0, 0.10000000000000142
22327, 0.0, 0.10000000000000142
22328, 0.0, 0.10000000000000142
22329, 0.0, 0.1999999999999993
22330, 0.0, 0.10000000000000142
22331, 0.0, 0.1999999999999993
22332, 0.0, 0.10000000000000142
22333, 0.0, 0.1999999999999993
22334, 0.0, 0.1999999999999993
22335, -0.10000000000000142, 0.10000000000000142
22336, -0.10000000000000142, 0.1999999999999993
22337, -0.10000000000000142, 0.10000000000000142
22338, -0.10000000000000142, 0.1999999999999993
22339, -0.10000000000000142, 0.1999999999999993
22340, -0.10000000000000142, 0.1999999999999993
22341, -0.10000000000000142, 0.1999999999999993
22342, -0.10000000000000142, 0.3000000000000007
22343, -0.10000000000000142, 0.1999999999999993
22344, -0.10000000000000142, 0.1999999999999993
22345, -0.10000000000000142, 0.1999999999999993
22346, -0.10000000000000142, 0.1999999999999993
22347, -0.10000000000000142, 0.3000000000000007
22348, -0.10000000000000142, 0.1999999999999993
22349, -0.10000000000000142, 0.10000000000000142
22350, -0.10000000000000142, 0.1999999999999993
22351, -0.10000000000000142, 0.10000000000000142
22352, -0.10000000000000142, 0.1999999999999993
22353, -0.10000000000000142, 0.1999999999999993
22354, -0.10000000000000142, 0.10000000000000142
22355, -0.10000000000000142, 0.1999999999999993
22356, -0.10000000000000142, 0.1999999999999993
22357, -0.10000000000000142, 0.1999999999999993
22358, -0.10000000000000142, 0.10000000000000142
22359, -0.10000000000000142, 0.10000000000000142
22360, -0.10000000000000142, 0.10000000000000142
22361, -0.10000000000000142, 0.10000000000000142
22362, 0.0, 0.10000000000000142
22363, 0.0, 0.10000000000000142
22364, 0.0, 0.0
22365, 0.0, 0.0
22366, 0.0, 0.10000000000000142
22367, 0.0, 0.10000000000000142
22368, 0.0, 0.10000000000000142
22369, 0.0, 0.0
22370, 0.0, 0.10000000000000142
22371, 0.0, 0.0
22372, 0.0, 0.0
22373, 0.0, 0.0
22374, 0.0, 0.0
22375, 0.0, 0.0
22376, 0.0, -0.10000000000000142
22377, 0.0, -0.10000000000000142
22378, 0.0, -0.10000000000000142
22379, 0.0, -0.1999999999999993
22380, -0.10000000000000142, -0.10000000000000142
22381, -0.10000000000000142, -0.10000000000000142
22382, -0.10000000000000142, -0.10000000000000142
22383, -0.10000000000000142, -0.10000000000000142
22384, -0.10000000000000142, -0.1999999999999993
22385, -0.10000000000000142, -0.1999999999999993
22386, -0.10000000000000142, -0.1999999999999993
22387, -0.10000000000000142, -0.1999999999999993
22388, -0.10000000000000142, -0.1999999999999993
22389, -0.10000000000000142, -0.1999999999999993
22390, -0.10000000000000142, -0.3999999999999986
22391, -0.10000000000000142, -0.3999999999999986
22392, -0.10000000000000142, -0.3999999999999986
22393, -0.10000000000000142, -0.3999999999999986
22394, -0.10000000000000142, -0.3999999999999986
22395, -0.10000000000000142, -0.5
22396, -0.10000000000000142, -0.3999999999999986
22397, -0.10000000000000142, -0.3999999999999986
22398, -0.10000000000000142, -0.5
22399, -0.10000000000000142, -0.5
22400, 0.0, -0.5
22401, 0.0, -0.5
22402, 0.0, -0.5
22403, 0.0, -0.5
22404, 0.0, -0.5
22405, 0.0, -0.3999999999999986
22406, 0.0, -0.5
22407, 0.0, -0.3999999999999986
22408, 0.0, -0.5
22409, 0.0, -0.3999999999999986
22410, 0.0, -0.3999999999999986
22411, 0.0, -0.3999999999999986
22412, 0.10000000000000142, -0.3999999999999986
22413, 0.10000000000000142, -0.5
22414, 0.10000000000000142, -0.3999999999999986
22415, 0.10000000000000142, -0.3999999999999986
22416, 0.10000000000000142, -0.3000000000000007
22417, 0.10000000000000142, -0.3999999999999986
22418, 0.10000000000000142, -0.3000000000000007
22419, 0.10000000000000142, -0.3000000000000007
22420, 0.10000000000000142, -0.3000000000000007
22421, 0.10000000000000142, -0.3000000000000007
22422, 0.10000000000000142, -0.1999999999999993
22423, 0.10000000000000142, -0.1999999999999993
22424, 0.10000000000000142, -0.1999999999999993
22425, 0.10000000000000142, -0.1999999999999993
22426, 0.10000000000000142, -0.1999999999999993
22427, 0.10000000000000142, -0.10000000000000142
22428, 0.10000000000000142, -0.10000000000000142
22429, 0.10000000000000142, -0.10000000000000142
22430, 0.10000000000000142, -0.10000000000000142
22431, 0.10000000000000142, -0.10000000000000142
22432, 0.10000000000000142, -0.10000000000000142
22433, 0.10000000000000142, 0.0
22434, 0.0, -0.10000000000000142
22435, 0.0, 0.0
22436, 0.0, 0.0
22437, 0.0, 0.0
22438, 0.0, 0.10000000000000142
22439, 0.0, -0.10000000000000142
22440, 0.0, 0.0
22441, 0.0, 0.0
22442, 0.0, 0.10000000000000142
22443, 0.0, 0.0
22444, 0.0, 0.10000000000000142
22445, 0.0, 0.10000000000000142
22446, -0.10000000000000142, 0.0
22447, -0.10000000000000142, 0.0
22448, -0.10000000000000142, 0.0
22449, -0.10000000000000142, 0.0
22450, -0.10000000000000142, -0.10000000000000142
22451, -0.10000000000000142, 0.0
22452, -0.10000000000000142, -0.1999999999999993
22453, -0.10000000000000142, -0.1999999999999993
22454, -0.10000000000000142, -0.1999999999999993
22455, -0.10000000000000142, -0.3000000000000007
22456, -0.10000000000000142, -0.3000000000000007
22457, -0.10000000000000142, -0.3999999999999986
22458, -0.10000000000000142, -0.3000000000000007
22459, -0.10000000000000142, -0.3999999999999986
22460, -0.10000000000000142, -0.3999999999999986
22461, -0.10000000000000142, -0.5
22462, -0.10000000000000142, -0.3999999999999986
22463, -0.10000000000000142, -0.5
22464, -0.10000000000000142, -0.5
22465, -0.10000000000000142, -0.5
22466, -0.10000000000000142, -0.6000000000000014
22467, -0.10000000000000142, -0.5
22468, -0.10000000000000142, -0.6000000000000014
22469, -0.10000000000000142, -0.6000000000000014
22470, -0.10000000000000142, -0.6000000000000014
22471, -0.10000000000000142, -0.6000000000000014
22472, -0.10000000000000142, -0.6999999999999993
22473, -0.10000000000000142, -0.6000000000000014
22474, -0.10000000000000142, -0.6999999999999993
22475, -0.10000000000000142, -0.6000000000000014
22476, -0.10000000000000142, -0.6999999999999993
22477, -0.10000000000000142, -0.6999999999999993
22478, 0.0, -0.6000000000000014
22479, 0.0, -0.6999999999999993
22480, 0.0, -0.6000000000000014
22481, 0.0, -0.5
22482, 0.0, -0.6000000000000014
22483, 0.0, -0.5
22484, 0.0, -0.5
22485, 0.0, -0.3999999999999986
22486, 0.0, -0.5
22487, 0.0, -0.5
22488, 0.0, -0.3999999999999986
22489, -0.10000000000000142, -0.3999999999999986
22490, -0.10000000000000142, -0.3000000000000007
22491, -0.10000000000000142, -0.3000000000000007
22492, -0.10000000000000142, -0.3000000000000007
22493, -0.10000000000000142, -0.1999999999999993
22494, -0.10000000000000142, -0.1999999999999993
22495, -0.10000000000000142, -0.10000000000000142
22496, -0.10000000000000142, -0.10000000000000142
22497, -0.10000000000000142, -0.10000000000000142
22498, 0.0, 0.0
22499, 0.0, 0.0
22500, 0.0, 0.0
22501, 0.0, 0.10000000000000142
22502, 0.0, 0.10000000000000142
22503, 0.0, 0.1999999999999993
22504, 0.0, 0.10000000000000142
22505, 0.0, 0.10000000000000142
22506, 0.0, 0.1999999999999993
22507, 0.0, 0.1999999999999993
22508, 0.0, 0.10000000000000142
22509, 0.0, 0.3000000000000007
22510, 0.0, 0.3000000000000007
22511, 0.0, 0.1999999999999993
22512, 0.0, 0.3000000000000007
22513, 0.0, 0.1999999999999993
22514, 0.0, 0.1999999999999993
22515, 0.0, 0.10000000000000142
22516, 0.0, 0.3000000000000007
22517, 0.0, 0.1999999999999993
22518, 0.0, 0.1999999999999993
22519, 0.0, 0.1999999999999993
22520, 0.0, 0.1999999999999993
22521, 0.10000000000000142, 0.1999999999999993
22522, 0.10000000000000142, 0.10000000000000142
22523, 0.10000000000000142, 0.1999999999999993
22524, 0.10000000000000142, 0.10000000000000142
22525, 0.10000000000000142, 0.0
22526, 0.10000000000000142, 0.10000000000000142
22527, 0.10000000000000142, 0.10000000000000142
22528, 0.10000000000000142, 0.0
22529, 0.10000000000000142, 0.0
22530, 0.10000000000000142, 0.0
22531, 0.10000000000000142, -0.10000000000000142
22532, 0.10000000000000142, -0.1999999999999993
22533, 0.10000000000000142, 0.0
22534, 0.10000000000000142, -0.10000000000000142
22535, 0.10000000000000142, -0.1999999999999993
22536, 0.10000000000000142, -0.10000000000000142
22537, 0.10000000000000142, -0.1999999999999993
22538, 0.10000000000000142, -0.3000000000000007
22539, 0.10000000000000142, -0.1999999999999993
22540, 0.10000000000000142, -0.3000000000000007
22541, 0.10000000000000142, -0.3999999999999986
22542, 0.10000000000000142, -0.3000000000000007
22543, 0.10000000000000142, -0.3999999999999986
22544, 0.10000000000000142, -0.3999999999999986
22545, 0.10000000000000142, -0.5
22546, 0.10000000000000142, -0.3999999999999986
22547, 0.10000000000000142, -0.5
22548, 0.10000000000000142, -0.5
22549, 0.10000000000000142, -0.3999999999999986
22550, 0.10000000000000142, -0.5
22551, 0.10000000000000142, -0.5
22552, 0.10000000000000142, -0.5
22553, 0.0, -0.5
22554, 0.0, -0.5
22555, 0.0, -0.5
22556, 0.0, -0.5
22557, 0.0, -0.5
22558, 0.0, -0.5
22559, 0.0, -0.5
22560, 0.0, -0.3999999999999986
22561, 0.0, -0.3999999999999986
22562, 0.0, -0.5
22563, 0.0, -0.3999999999999986
22564, 0.0, -0.3999999999999986
22565, 0.0, -0.3999999999999986
22566, 0.0, -0.3000000000000007
22567, 0.0, -0.3000000000000007
22568, 0.0, -0.3000000000000007
22569, 0.0, -0.1999999999999993
22570, 0.0, -0.1999999999999993
22571, 0.0, -0.3000000000000007
22572, 0.0, -0.10000000000000142
22573, 0.0, -0.10000000000000142
22574, 0.0, -0.10000000000000142
22575, 0.0, -0.1999999999999993
22576, 0.0, -0.10000000000000142
22577, 0.0, -0.10000000000000142
22578, 0.0, 0.0
22579, 0.0, 0.0
22580, 0.0, 0.0
22581, 0.0, 0.0
22582, 0.0, 0.0
22583, 0.0, 0.0
22584, 0.0, 0.0
22585, 0.0, 0.0
22586, 0.0, 0.0
22587, 0.0, 0.0
22588, 0.0, 0.10000000000000142
22589, 0.10000000000000142, 0.0
22590, 0.10000000000000142, 0.0
22591, 0.10000000000000142, 0.0
22592, 0.10000000000000142, 0.0
22593, 0.10000000000000142, 0.0
22594, 0.10000000000000142, 0.0
22595, 0.10000000000000142, 0.0
22596, 0.10000000000000142, 0.0
22597, 0.10000000000000142, 0.0
22598, 0.10000000000000142, 0.0
22599, 0.10000000000000142, 0.0
22600, 0.10000000000000142, 0.0
22601, 0.10000000000000142, 0.0
22602, 0.10000000000000142, 0.0
22603, 0.10000000000000142, 0.0
22604, 0.10000000000000142, 0.0
22605, 0.10000000000000142, 0.0
22606, 0.10000000000000142, 0.0
22607, 0.10000000000000142, 0.0
22608, 0.10000000000000142, 0.0
22609, 0.10000000000000142, 0.0
22610, 0.10000000000000142, 0.0
22611, 0.10000000000000142, 0.0
22612, 0.10000000000000142, 0.0
22613, 0.10000000000000142, 0.0
22614, 0.10000000000000142, 0.0
22615, 0.10000000000000142, 0.0
22616, 0.10000000000000142, 0.0
22617, 0.10000000000000142, 0.0
22618, 0.10000000000000142, 0.0
22619, 0.10000000000000142, 0.0
22620, 0.0, 0.0
22621, 0.0, 0.0
22622, 0.0, 0.10000000000000142
22623, 0.0, 0.0
22624, 0.0, 0.0
22625, 0.0, 0.10000000000000142
22626, 0.0, 0.10000000000000142
22627, 0.0, 0.10000000000000142
22628, 0.0, 0.10000000000000142
22629, 0.0, 0.10000000000000142
22630, 0.0, 0.10000000000000142
22631, 0.10000000000000142, 0.10000000000000142
22632, 0.10000000000000142, 0.1999999999999993
22633, 0.10000000000000142, 0.1999999999999993
22634, 0.10000000000000142, 0.1999999999999993
22635, 0.10000000000000142, 0.1999999999999993
22636, 0.10000000000000142, 0.1999999999999993
22637, 0.10000000000000142, 0.3000000000000007
22638, 0.10000000000000142, 0.1999999999999993
22639, 0.10000000000000142, 0.1999999999999993
22640, 0.10000000000000142, 0.1999999999999993
22641, 0.0, 0.1999999999999993
22642, 0.0, 0.1999999999999993
22643, 0.0, 0.1999999999999993
22644, 0.0, 0.1999999999999993
22645, 0.0, 0.1999999999999993
22646, 0.0, 0.1999999999999993
22647, 0.0, 0.3000000000000007
22648, 0.0, 0.3000000000000007
22649, 0.0, 0.3000000000000007
22650, 0.0, 0.3000000000000007
22651, -0.10000000000000142, 0.1999999999999993
22652, -0.10000000000000142, 0.1999999999999993
22653, -0.10000000000000142, 0.10000000000000142
22654, -0.10000000000000142, 0.10000000000000142
22655, -0.10000000000000142, 0.10000000000000142
22656, -0.10000000000000142, 0.10000000000000142
22657, -0.10000000000000142, 0.1999999999999993
22658, -0.10000000000000142, 0.1999999999999993
22659, -0.10000000000000142, 0.1999999999999993
22660, -0.10000000000000142, 0.1999999999999993
22661, -0.10000000000000142, 0.1999999999999993
22662, -0.10000000000000142, 0.1999999999999993
22663, -0.10000000000000142, 0.1999999999999993
22664, -0.10000000000000142, 0.1999999999999993
22665, -0.10000000000000142, 0.1999999999999993
22666, -0.10000000000000142, 0.1999999999999993
22667, -0.10000000000000142, 0.10000000000000142
22668, -0.10000000000000142, 0.10000000000000142
22669, -0.10000000000000142, 0.10000000000000142
22670, -0.10000000000000142, 0.10000000000000142
22671, -0.10000000000000142, 0.10000000000000142
22672, -0.10000000000000142, 0.10000000000000142
22673, -0.10000000000000142, 0.10000000000000142
22674, -0.10000000000000142, 0.0
22675, -0.10000000000000142, 0.0
22676, -0.10000000000000142, 0.0
22677, -0.10000000000000142, 0.0
22678, -0.10000000000000142, 0.0
22679, -0.10000000000000142, 0.0
22680, -0.10000000000000142, 0.0
22681, -0.10000000000000142, 0.0
22682, -0.10000000000000142, 0.0
22683, -0.10000000000000142, 0.0
22684, -0.10000000000000142, -0.10000000000000142
22685, -0.10000000000000142, -0.10000000000000142
22686, -0.10000000000000142, 0.0
22687, -0.10000000000000142, 0.10000000000000142
22688, -0.10000000000000142, 0.10000000000000142
22689, -0.10000000000000142, 0.10000000000000142
22690, -0.10000000000000142, 0.10000000000000142
22691, -0.10000000000000142, 0.10000000000000142
22692, -0.10000000000000142, 0.10000000000000142
22693, -0.10000000000000142, 0.10000000000000142
22694, -0.10000000000000142, 0.0
22695, -0.10000000000000142, 0.0
22696, -0.10000000000000142, 0.0
22697, -0.10000000000000142, 0.0
22698, -0.10000000000000142, 0.0
22699, -0.10000000000000142, 0.0
22700, -0.10000000000000142, 0.10000000000000142
22701, -0.10000000000000142, 0.0
22702, -0.10000000000000142, 0.0
22703, -0.10000000000000142, 0.0
22704, -0.10000000000000142, 0.0
22705, -0.10000000000000142, 0.0
22706, 0.0, 0.10000000000000142
22707, 0.0, 0.10000000000000142
22708, 0.0, 0.10000000000000142
22709, 0.0, 0.0
22710, 0.0, 0.0
22711, 0.0, 0.10000000000000142
22712, 0.0, 0.10000000000000142
22713, 0.0, 0.10000000000000142
22714, 0.0, 0.10000000000000142
22715, 0.0, 0.10000000000000142
22716, 0.0, 0.0
22717, 0.0, 0.10000000000000142
22718, 0.0, 0.10000000000000142
22719, 0.0, 0.10000000000000142
22720, 0.0, 0.10000000000000142
22721, 0.0, 0.10000000000000142
22722, 0.0, 0.10000000000000142
22723, 0.0, 0.10000000000000142
22724, 0.0, 0.10000000000000142
22725, 0.0, 0.10000000000000142
22726, 0.0, 0.10000000000000142
22727, 0.0, 0.10000000000000142
22728, 0.0, 0.10000000000000142
22729, 0.0, 0.10000000000000142
22730, 0.0, 0.10000000000000142
22731, 0.0, 0.10000000000000142
22732, 0.0, 0.10000000000000142
22733, 0.0, 0.10000000000000142
22734, 0.0, 0.10000000000000142
22735, -0.10000000000000142, 0.1999999999999993
22736, -0.10000000000000142, 0.10000000000000142
22737, -0.10000000000000142, 0.10000000000000142
22738, -0.10000000000000142, 0.10000000000000142
22739, -0.10000000000000142, 0.10000000000000142
22740, -0.10000000000000142, 0.10000000000000142
22741, -0.10000000000000142, 0.10000000000000142
22742, -0.10000000000000142, 0.1999999999999993
22743, -0.10000000000000142, 0.10000000000000142
22744, -0.10000000000000142, 0.10000000000000142
22745, -0.10000000000000142, 0.10000000000000142
22746, -0.10000000000000142, 0.0
22747, -0.10000000000000142, 0.0
22748, -0.10000000000000142, 0.1999999999999993
22749, -0.10000000000000142, 0.1999999999999993
22750, -0.10000000000000142, 0.10000000000000142
22751, -0.10000000000000142, 0.10000000000000142
22752, 0.0, 0.10000000000000142
22753, 0.0, 0.10000000000000142
22754, 0.0, 0.10000000000000142
22755, 0.0, 0.10000000000000142
22756, 0.0, 0.10000000000000142
22757, 0.0, 0.0
22758, 0.0, 0.10000000000000142
22759, 0.0, 0.1999999999999993
22760, 0.0, 0.10000000000000142
22761, 0.0, 0.10000000000000142
22762, 0.0, 0.1999999999999993
22763, 0.0, 0.10000000000000142
22764, 0.0, 0.10000000000000142
22765, 0.0, 0.10000000000000142
22766, 0.0, 0.1999999999999993
22767, -0.10000000000000142, 0.10000000000000142
22768, -0.10000000000000142, 0.10000000000000142
22769, -0.10000000000000142, 0.10000000000000142
22770, -0.10000000000000142, 0.10000000000000142
22771, -0.10000000000000142, 0.10000000000000142
22772, -0.10000000000000142, 0.10000000000000142
22773, -0.10000000000000142, 0.10000000000000142
22774, -0.10000000000000142, 0.10000000000000142
22775, -0.10000000000000142, 0.0
22776, -0.10000000000000142, -0.10000000000000142
22777, -0.10000000000000142, 0.0
22778, -0.10000000000000142, 0.0
22779, -0.10000000000000142, -0.10000000000000142
22780, -0.10000000000000142, 0.0
22781, -0.10000000000000142, -0.10000000000000142
22782, -0.10000000000000142, 0.0
22783, -0.10000000000000142, 0.0
22784, -0.10000000000000142, -0.10000000000000142
22785, -0.10000000000000142, 0.0
22786, -0.10000000000000142, 0.0
22787, -0.10000000000000142, 0.0
22788, -0.10000000000000142, 0.0
22789, -0.10000000000000142, -0.10000000000000142
22790, -0.10000000000000142, -0.10000000000000142
22791, -0.10000000000000142, -0.1999999999999993
22792, -0.10000000000000142, -0.10000000000000142
22793, -0.10000000000000142, -0.10000000000000142
22794, -0.10000000000000142, -0.10000000000000142
22795, -0.10000000000000142, -0.10000000000000142
22796, -0.10000000000000142, -0.10000000000000142
22797, -0.10000000000000142, -0.10000000000000142
22798, -0.10000000000000142, -0.10000000000000142
22799, -0.10000000000000142, -0.10000000000000142
22800, -0.10000000000000142, -0.10000000000000142
22801, -0.10000000000000142, -0.10000000000000142
22802, -0.10000000000000142, -0.10000000000000142
22803, -0.10000000000000142, -0.10000000000000142
22804, -0.10000000000000142, -0.10000000000000142
22805, -0.10000000000000142, -0.10000000000000142
22806, -0.10000000000000142, -0.10000000000000142
22807, -0.10000000000000142, -0.10000000000000142
22808, -0.10000000000000142, -0.10000000000000142
22809, -0.10000000000000142, -0.1999999999999993
22810, -0.10000000000000142, -0.10000000000000142
22811, -0.10000000000000142, -0.1999999999999993
22812, -0.10000000000000142, -0.10000000000000142
22813, -0.10000000000000142, -0.10000000000000142
22814, -0.10000000000000142, -0.10000000000000142
22815, -0.10000000000000142, -0.10000000000000142
22816, -0.10000000000000142, -0.1999999999999993
22817, -0.10000000000000142, -0.10000000000000142
22818, -0.10000000000000142, -0.1999999999999993
22819, -0.10000000000000142, -0.10000000000000142
22820, -0.10000000000000142, -0.10000000000000142
22821, -0.10000000000000142, -0.10000000000000142
22822, -0.10000000000000142, 0.0
22823, -0.10000000000000142, -0.10000000000000142
22824, -0.10000000000000142, -0.10000000000000142
22825, -0.10000000000000142, -0.10000000000000142
22826, -0.10000000000000142, -0.10000000000000142
22827, -0.10000000000000142, -0.1999999999999993
22828, 0.0, -0.10000000000000142
22829, 0.0, -0.10000000000000142
22830, 0.0, -0.10000000000000142
22831, 0.0, 0.0
22832, 0.0, -0.10000000000000142
22833, 0.0, 0.0
22834, 0.0, -0.10000000000000142
22835, 0.0, -0.10000000000000142
22836, 0.0, -0.10000000000000142
22837, 0.0, -0.10000000000000142
22838, 0.0, -0.10000000000000142
22839, 0.0, -0.1999999999999993
22840, 0.0, -0.10000000000000142
22841, 0.0, -0.10000000000000142
22842, 0.0, -0.10000000000000142
22843, 0.0, -0.10000000000000142
22844, 0.0, -0.10000000000000142
22845, 0.0, -0.10000000000000142
22846, 0.0, -0.10000000000000142
22847, 0.0, -0.1999999999999993
22848, -0.10000000000000142, -0.10000000000000142
22849, -0.10000000000000142, -0.10000000000000142
22850, -0.10000000000000142, -0.1999999999999993
22851, -0.10000000000000142, -0.1999999999999993
22852, -0.10000000000000142, -0.1999999999999993
22853, -0.10000000000000142, -0.1999999999999993
22854, -0.10000000000000142, -0.1999999999999993
22855, -0.10000000000000142, -0.1999999999999993
22856, -0.10000000000000142, -0.1999999999999993
22857, -0.10000000000000142, -0.3000000000000007
22858, -0.10000000000000142, -0.3000000000000007
22859, -0.10000000000000142, -0.3999999999999986
22860, -0.10000000000000142, -0.3999999999999986
22861, -0.10000000000000142, -0.3999999999999986
22862, -0.10000000000000142, -0.3999999999999986
22863, -0.10000000000000142, -0.3999999999999986
22864, 0.0, -0.3999999999999986
22865, 0.0, -0.3999999999999986
22866, 0.0, -0.3999999999999986
22867, 0.0, -0.3999999999999986
22868, 0.0, -0.3999999999999986
22869, 0.0, -0.3999999999999986
22870, 0.0, -0.3000000000000007
22871, 0.0, -0.3000000000000007
22872, 0.0, -0.3000000000000007
22873, 0.0, -0.3000000000000007
22874, -0.10000000000000142, -0.3999999999999986
22875, -0.10000000000000142, -0.3999999999999986
22876, -0.10000000000000142, -0.3000000000000007
22877, -0.10000000000000142, -0.3000000000000007
22878, -0.10000000000000142, -0.3000000000000007
22879, -0.10000000000000142, -0.3000000000000007
22880, -0.10000000000000142, -0.3000000000000007
22881, -0.10000000000000142, -0.3000000000000007
22882, -0.10000000000000142, -0.3000000000000007
22883, -0.10000000000000142, -0.3000000000000007
22884, -0.10000000000000142, -0.3000000000000007
22885, -0.10000000000000142, -0.3000000000000007
22886, -0.10000000000000142, -0.3000000000000007
22887, -0.10000000000000142, -0.3000000000000007
22888, -0.10000000000000142, -0.1999999999999993
22889, 0.0, -0.1999999999999993
22890, 0.0, -0.1999999999999993
22891, 0.0, -0.1999999999999993
22892, 0.0, -0.10000000000000142
22893, 0.0, -0.1999999999999993
22894, 0.0, -0.1999999999999993
22895, 0.0, -0.1999999999999993
22896, 0.0, -0.10000000000000142
22897, 0.0, -0.1999999999999993
22898, 0.0, -0.1999999999999993
22899, 0.0, -0.10000000000000142
22900, 0.0, -0.1999999999999993
22901, 0.0, -0.10000000000000142
22902, 0.0, -0.1999999999999993
22903, 0.0, -0.10000000000000142
22904, 0.0, -0.10000000000000142
22905, 0.0, -0.10000000000000142
22906, 0.0, -0.10000000000000142
22907, 0.0, -0.10000000000000142
22908, 0.0, 0.0
22909, 0.0, -0.10000000000000142
22910, 0.0, 0.0
22911, 0.0, -0.10000000000000142
22912, 0.0, 0.0
22913, 0.0, 0.0
22914, 0.0, 0.0
22915, 0.0, 0.0
22916, 0.0, 0.0
22917, 0.0, 0.0
22918, 0.0, 0.10000000000000142
22919, 0.0, 0.10000000000000142
22920, 0.0, 0.10000000000000142
22921, 0.0, 0.10000000000000142
22922, 0.0, 0.0
22923, 0.0, 0.10000000000000142
22924, 0.0, 0.10000000000000142
22925, 0.0, 0.10000000000000142
22926, 0.0, 0.10000000000000142
22927, 0.0, 0.0
22928, 0.0, 0.10000000000000142
22929, 0.10000000000000142, 0.0
22930, 0.10000000000000142, 0.10000000000000142
22931, 0.10000000000000142, 0.0
22932, 0.10000000000000142, 0.0
22933, 0.10000000000000142, 0.10000000000000142
22934, 0.10000000000000142, 0.10000000000000142
22935, 0.10000000000000142, 0.0
22936, 0.10000000000000142, -0.10000000000000142
22937, 0.10000000000000142, 0.10000000000000142
22938, 0.10000000000000142, 0.0
22939, 0.10000000000000142, 0.0
22940, 0.10000000000000142, -0.10000000000000142
22941, 0.10000000000000142, 0.0
22942, 0.10000000000000142, 0.0
22943, 0.10000000000000142, -0.10000000000000142
22944, 0.10000000000000142, 0.0
22945, 0.0, -0.10000000000000142
22946, 0.0, -0.10000000000000142
22947, 0.0, -0.10000000000000142
22948, 0.0, -0.10000000000000142
22949, 0.0, -0.10000000000000142
22950, 0.0, -0.1999999999999993
22951, 0.0, -0.10000000000000142
22952, 0.0, -0.10000000000000142
22953, 0.0, -0.1999999999999993
22954, 0.0, -0.1999999999999993
22955, -0.10000000000000142, -0.1999999999999993
22956, -0.10000000000000142, -0.1999999999999993
22957, -0.10000000000000142, -0.1999999999999993
22958, -0.10000000000000142, -0.3000000000000007
22959, -0.10000000000000142, -0.3000000000000007
22960, -0.10000000000000142, -0.3000000000000007
22961, -0.10000000000000142, -0.3000000000000007
22962, -0.10000000000000142, -0.3999999999999986
22963, -0.10000000000000142, -0.3000000000000007
22964, -0.10000000000000142, -0.3999999999999986
22965, -0.10000000000000142, -0.3000000000000007
22966, -0.10000000000000142, -0.3999999999999986
22967, -0.10000000000000142, -0.3000000000000007
22968, -0.10000000000000142, -0.3999999999999986
22969, -0.10000000000000142, -0.3000000000000007
22970, -0.10000000000000142, -0.3999999999999986
22971, -0.10000000000000142, -0.3000000000000007
22972, -0.10000000000000142, -0.3000000000000007
22973, -0.10000000000000142, -0.3999999999999986
22974, -0.10000000000000142, -0.3000000000000007
22975, -0.10000000000000142, -0.3000000000000007
22976, -0.10000000000000142, -0.3000000000000007
22977, -0.10000000000000142, -0.1999999999999993
22978, -0.10000000000000142, -0.3999999999999986
22979, 0.0, -0.3000000000000007
22980, 0.0, -0.1999999999999993
22981, 0.0, -0.3000000000000007
22982, 0.0, -0.1999999999999993
22983, 0.0, -0.1999999999999993
22984, 0.0, -0.10000000000000142
22985, 0.0, -0.1999999999999993
22986, 0.0, -0.1999999999999993
22987, 0.0, -0.1999999999999993
22988, 0.0, -0.10000000000000142
22989, 0.0, -0.1999999999999993
22990, 0.0, -0.1999999999999993
22991, 0.0, -0.10000000000000142
22992, 0.0, -0.10000000000000142
22993, 0.0, 0.0
22994, 0.0, -0.10000000000000142
22995, 0.0, -0.10000000000000142
22996, 0.0, -0.10000000000000142
22997, 0.0, -0.10000000000000142
22998, 0.0, 0.0
22999, 0.0, 0.0
23000, 0.0, 0.10000000000000142
23001, 0.0, 0.0
23002, 0.0, 0.0
23003, 0.0, 0.10000000000000142
23004, 0.0, 0.10000000000000142
23005, 0.0, 0.10000000000000142
23006, 0.0, 0.10000000000000142
23007, 0.0, 0.10000000000000142
23008, 0.0, 0.10000000000000142
23009, 0.0, 0.10000000000000142
23010, 0.0, 0.10000000000000142
23011, 0.0, 0.10000000000000142
23012, 0.0, 0.10000000000000142
23013, 0.0, 0.0
23014, 0.0, 0.10000000000000142
23015, 0.0, 0.1999999999999993
23016, 0.10000000000000142, 0.10000000000000142
23017, 0.10000000000000142, 0.10000000000000142
23018, 0.10000000000000142, 0.10000000000000142
23019, 0.10000000000000142, 0.10000000000000142
23020, 0.10000000000000142, 0.1999999999999993
23021, 0.10000000000000142, 0.10000000000000142
23022, 0.10000000000000142, 0.10000000000000142
23023, 0.10000000000000142, 0.10000000000000142
23024, 0.10000000000000142, 0.10000000000000142
23025, 0.10000000000000142, 0.10000000000000142
23026, 0.10000000000000142, 0.10000000000000142
23027, 0.10000000000000142, 0.10000000000000142
23028, 0.10000000000000142, 0.10000000000000142
23029, 0.10000000000000142, 0.10000000000000142
23030, 0.10000000000000142, 0.10000000000000142
23031, 0.0, 0.10000000000000142
23032, 0.0, 0.10000000000000142
23033, 0.0, 0.10000000000000142
23034, 0.0, 0.0
23035, 0.0, 0.0
23036, 0.0, 0.0
23037, 0.0, 0.0
23038, 0.0, 0.0
23039, 0.0, 0.0
23040, 0.0, 0.0
23041, 0.0, -0.10000000000000142
23042, 0.0, 0.0
23043, 0.0, -0.10000000000000142
23044, 0.0, 0.0
23045, 0.0, -0.10000000000000142
23046, 0.0, -0.10000000000000142
23047, 0.0, -0.10000000000000142
23048, 0.0, -0.10000000000000142
23049, 0.0, -0.10000000000000142
23050, 0.0, -0.10000000000000142
23051, 0.0, -0.10000000000000142
23052, 0.10000000000000142, -0.10000000000000142
23053, 0.10000000000000142, -0.10000000000000142
23054, 0.10000000000000142, -0.10000000000000142
23055, 0.10000000000000142, -0.1999999999999993
23056, 0.0, -0.1999999999999993
23057, 0.0, -0.10000000000000142
23058, 0.0, -0.10000000000000142
23059, 0.0, -0.1999999999999993
23060, 0.0, -0.1999999999999993
23061, 0.0, -0.10000000000000142
23062, 0.0, -0.10000000000000142
23063, 0.0, 0.0
23064, 0.0, -0.10000000000000142
23065, 0.0, -0.10000000000000142
23066, 0.0, -0.10000000000000142
23067, 0.0, 0.0
23068, 0.0, 0.0
23069, 0.0, -0.10000000000000142
23070, 0.0, -0.10000000000000142
23071, 0.0, -0.10000000000000142
23072, 0.0, -0.10000000000000142
23073, 0.0, 0.0
23074, 0.0, 0.0
23075, 0.0, -0.10000000000000142
23076, 0.0, -0.10000000000000142
23077, 0.0, -0.10000000000000142
23078, 0.0, 0.0
23079, 0.0, 0.0
23080, 0.0, 0.0
23081, 0.0, 0.0
23082, 0.0, -0.10000000000000142
23083, 0.0, 0.0
23084, 0.0, 0.0
23085, 0.0, -0.10000000000000142
23086, 0.0, 0.0
23087, 0.0, 0.0
23088, 0.0, -0.10000000000000142
23089, 0.0, -0.10000000000000142
23090, 0.0, -0.10000000000000142
23091, 0.0, -0.10000000000000142
23092, 0.0, -0.10000000000000142
23093, 0.0, -0.10000000000000142
23094, 0.0, -0.10000000000000142
23095, 0.0, 0.0
23096, 0.0, -0.10000000000000142
23097, 0.0, -0.10000000000000142
23098, 0.0, -0.10000000000000142
23099, 0.0, -0.10000000000000142
23100, 0.0, -0.10000000000000142
23101, 0.0, -0.10000000000000142
23102, 0.0, -0.10000000000000142
23103, 0.0, -0.10000000000000142
23104, 0.0, -0.10000000000000142
23105, 0.0, -0.10000000000000142
23106, 0.0, -0.10000000000000142
23107, 0.0, -0.1999999999999993
23108, 0.0, 0.0
23109, 0.0, 0.0
23110, 0.0, 0.0
23111, -0.10000000000000142, 0.0
23112, -0.10000000000000142, -0.10000000000000142
23113, -0.10000000000000142, 0.0
23114, -0.10000000000000142, -0.10000000000000142
23115, -0.10000000000000142, 0.0
23116, -0.10000000000000142, -0.10000000000000142
23117, -0.10000000000000142, -0.10000000000000142
23118, -0.10000000000000142, 0.0
23119, -0.10000000000000142, -0.10000000000000142
23120, -0.10000000000000142, -0.10000000000000142
23121, -0.10000000000000142, -0.10000000000000142
23122, -0.10000000000000142, 0.0
23123, -0.10000000000000142, -0.10000000000000142
23124, -0.10000000000000142, -0.10000000000000142
23125, -0.10000000000000142, -0.10000000000000142
23126, -0.10000000000000142, -0.10000000000000142
23127, -0.10000000000000142, 0.0
23128, -0.10000000000000142, -0.10000000000000142
23129, -0.10000000000000142, -0.10000000000000142
23130, -0.10000000000000142, 0.0
23131, -0.10000000000000142, -0.10000000000000142
23132, 0.0, 0.0
23133, 0.0, -0.10000000000000142
23134, 0.0, -0.10000000000000142
23135, 0.0, 0.0
23136, 0.0, -0.10000000000000142
23137, 0.0, -0.10000000000000142
23138, 0.0, 0.0
23139, 0.0, -0.10000000000000142
23140, 0.0, -0.10000000000000142
23141, 0.0, -0.10000000000000142
23142, 0.0, -0.10000000000000142
23143, 0.0, -0.10000000000000142
23144, 0.0, -0.10000000000000142
23145, 0.0, -0.10000000000000142
23146, 0.0, 0.0
23147, 0.0, -0.10000000000000142
23148, 0.0, 0.0
23149, 0.0, -0.10000000000000142
23150, 0.0, 0.0
23151, 0.0, 0.0
23152, 0.0, 0.0
23153, 0.0, 0.0
23154, 0.0, -0.10000000000000142
23155, 0.0, 0.0
23156, 0.0, -0.10000000000000142
23157, 0.0, 0.0
23158, 0.0, -0.10000000000000142
23159, 0.0, 0.0
23160, 0.0, 0.0
23161, 0.0, 0.0
23162, 0.0, 0.0
23163, 0.0, 0.0
23164, 0.0, 0.0
23165, 0.0, 0.0
23166, 0.0, 0.0
23167, 0.0, 0.0
23168, 0.0, 0.0
23169, 0.0, 0.0
23170, 0.0, 0.0
23171, 0.0, 0.0
23172, 0.0, -0.10000000000000142
23173, 0.0, 0.0
23174, 0.0, -0.10000000000000142
23175, 0.0, 0.0
23176, 0.0, 0.10000000000000142
23177, 0.0, 0.0
23178, 0.0, 0.0
23179, 0.0, 0.0
23180, 0.0, 0.0
23181, 0.0, -0.10000000000000142
23182, 0.0, 0.0
23183, 0.0, 0.0
23184, 0.0, 0.0
23185, 0.0, -0.10000000000000142
23186, 0.0, -0.10000000000000142
23187, 0.0, -0.10000000000000142
23188, 0.0, -0.10000000000000142
23189, 0.10000000000000142, -0.10000000000000142
23190, 0.10000000000000142, -0.10000000000000142
23191, 0.10000000000000142, -0.10000000000000142
23192, 0.10000000000000142, -0.10000000000000142
23193, 0.10000000000000142, -0.10000000000000142
23194, 0.10000000000000142, -0.1999999999999993
23195, 0.10000000000000142, -0.1999999999999993
23196, 0.10000000000000142, -0.1999999999999993
23197, 0.10000000000000142, -0.10000000000000142
23198, 0.10000000000000142, -0.1999999999999993
23199, 0.10000000000000142, -0.10000000000000142
23200, 0.10000000000000142, -0.1999999999999993
23201, 0.10000000000000142, -0.1999999999999993
23202, 0.10000000000000142, -0.1999999999999993
23203, 0.10000000000000142, -0.3000000000000007
23204, 0.10000000000000142, -0.1999999999999993
23205, 0.10000000000000142, -0.1999999999999993
23206, 0.10000000000000142, -0.1999999999999993
23207, 0.10000000000000142, -0.3000000000000007
23208, 0.10000000000000142, -0.3000000000000007
23209, 0.10000000000000142, -0.1999999999999993
23210, 0.0, -0.3000000000000007
23211, 0.0, -0.3000000000000007
23212, -0.10000000000000142, -0.3999999999999986
23213, -0.10000000000000142, -0.3000000000000007
23214, -0.10000000000000142, -0.3000000000000007
23215, -0.10000000000000142, -0.3999999999999986
23216, -0.10000000000000142, -0.3999999999999986
23217, -0.10000000000000142, -0.3999999999999986
23218, -0.10000000000000142, -0.5
23219, -0.10000000000000142, -0.5
23220, -0.10000000000000142, -0.3999999999999986
23221, -0.10000000000000142, -0.3999999999999986
23222, -0.10000000000000142, -0.3999999999999986
23223, -0.10000000000000142, -0.3999999999999986
23224, -0.10000000000000142, -0.3999999999999986
23225, -0.10000000000000142, -0.3000000000000007
23226, -0.10000000000000142, -0.5
23227, -0.10000000000000142, -0.3999999999999986
23228, -0.10000000000000142, -0.3999999999999986
23229, -0.10000000000000142, -0.3999999999999986
23230, -0.10000000000000142, -0.3000000000000007
23231, -0.10000000000000142, -0.3999999999999986
23232, -0.10000000000000142, -0.3000000000000007
23233, -0.10000000000000142, -0.3999999999999986
23234, -0.10000000000000142, -0.3000000000000007
23235, -0.10000000000000142, -0.3000000000000007
23236, -0.10000000000000142, -0.1999999999999993
23237, -0.10000000000000142, -0.3000000000000007
23238, -0.10000000000000142, -0.3000000000000007
23239, -0.10000000000000142, -0.1999999999999993
23240, -0.10000000000000142, -0.1999999999999993
23241, -0.10000000000000142, -0.10000000000000142
23242, -0.10000000000000142, -0.1999999999999993
23243, -0.10000000000000142, -0.1999999999999993
23244, -0.10000000000000142, -0.1999999999999993
23245, -0.10000000000000142, -0.10000000000000142
23246, 0.0, -0.10000000000000142
23247, 0.0, -0.10000000000000142
23248, 0.0, -0.10000000000000142
23249, 0.0, 0.0
23250, 0.0, 0.0
23251, 0.0, 0.0
23252, 0.0, 0.0
23253, 0.0, 0.10000000000000142
23254, 0.0, 0.10000000000000142
23255, 0.0, 0.10000000000000142
23256, 0.10000000000000142, 0.10000000000000142
23257, 0.10000000000000142, 0.10000000000000142
23258, 0.10000000000000142, 0.1999999999999993
23259, 0.10000000000000142, 0.10000000000000142
23260, 0.10000000000000142, 0.1999999999999993
23261, 0.10000000000000142, 0.10000000000000142
23262, 0.10000000000000142, 0.1999999999999993
23263, 0.10000000000000142, 0.10000000000000142
23264, 0.10000000000000142, 0.10000000000000142
23265, 0.0, 0.10000000000000142
23266, 0.0, 0.0
23267, 0.0, 0.10000000000000142
23268, 0.0, 0.0
23269, 0.0, 0.0
23270, 0.0, 0.0
23271, 0.0, 0.0
23272, 0.0, 0.0
23273, 0.0, 0.10000000000000142
23274, 0.0, 0.0
23275, 0.0, 0.0
23276, 0.0, 0.0
23277, 0.0, 0.0
23278, 0.0, 0.0
23279, 0.0, 0.0
23280, 0.0, 0.0
23281, 0.0, -0.10000000000000142
23282, 0.0, 0.0
23283, 0.0, -0.10000000000000142
23284, 0.0, 0.0
23285, 0.0, 0.0
23286, 0.0, 0.0
23287, 0.0, -0.10000000000000142
23288, 0.0, 0.0
23289, 0.0, -0.10000000000000142
23290, 0.0, -0.10000000000000142
23291, 0.0, -0.10000000000000142
23292, 0.0, -0.10000000000000142
23293, 0.0, -0.10000000000000142
23294, 0.0, -0.10000000000000142
23295, 0.0, -0.1999999999999993
23296, 0.0, -0.10000000000000142
23297, 0.0, -0.1999999999999993
23298, 0.0, -0.10000000000000142
23299, 0.0, -0.1999999999999993
23300, 0.0, -0.10000000000000142
23301, 0.0, -0.10000000000000142
23302, 0.0, -0.10000000000000142
23303, 0.0, -0.10000000000000142
23304, 0.0, -0.10000000000000142
23305, 0.0, -0.10000000000000142
23306, 0.0, -0.10000000000000142
23307, 0.0, -0.10000000000000142
23308, 0.0, -0.10000000000000142
23309, 0.0, -0.10000000000000142
23310, 0.0, 0.0
23311, 0.0, -0.10000000000000142
23312, 0.0, 0.0
23313, 0.0, -0.10000000000000142
23314, 0.0, 0.0
23315, 0.0, -0.10000000000000142
23316, 0.0, 0.0
23317, 0.0, -0.10000000000000142
23318, 0.0, 0.0
23319, 0.0, 0.0
23320, 0.0, 0.0
23321, 0.0, 0.0
23322, 0.0, -0.10000000000000142
23323, 0.0, 0.0
23324, 0.0, -0.10000000000000142
23325, 0.0, 0.0
23326, 0.0, -0.10000000000000142
23327, 0.0, 0.0
23328, 0.0, 0.0
23329, 0.0, 0.0
23330, 0.0, 0.10000000000000142
23331, 0.0, 0.0
23332, 0.0, 0.10000000000000142
23333, 0.0, 0.0
23334, 0.0, 0.10000000000000142
23335, 0.0, 0.0
23336, 0.0, 0.0
23337, 0.0, 0.0
23338, 0.0, 0.10000000000000142
23339, 0.0, 0.0
23340, 0.0, 0.10000000000000142
23341, 0.0, 0.0
23342, 0.0, 0.0
23343, 0.0, 0.0
23344, 0.0, 0.10000000000000142
23345, 0.0, 0.0
23346, 0.0, 0.0
23347, 0.0, 0.0
23348, -0.10000000000000142, 0.0
23349, -0.10000000000000142, 0.0
23350, -0.10000000000000142, 0.0
23351, -0.10000000000000142, 0.0
23352, -0.10000000000000142, 0.0
23353, -0.10000000000000142, 0.0
23354, -0.10000000000000142, 0.0
23355, -0.10000000000000142, 0.0
23356, -0.10000000000000142, 0.0
23357, -0.10000000000000142, -0.10000000000000142
23358, -0.10000000000000142, 0.0
23359, -0.10000000000000142, -0.10000000000000142
23360, -0.10000000000000142, -0.10000000000000142
23361, -0.10000000000000142, 0.0
23362, -0.10000000000000142, 0.0
23363, -0.10000000000000142, -0.10000000000000142
23364, -0.10000000000000142, -0.10000000000000142
23365, -0.10000000000000142, 0.0
23366, -0.10000000000000142, 0.0
23367, -0.10000000000000142, -0.10000000000000142
23368, -0.10000000000000142, -0.10000000000000142
23369, -0.1999999999999993, -0.10000000000000142
23370, -0.1999999999999993, -0.10000000000000142
23371, -0.1999999999999993, -0.10000000000000142
23372, -0.1999999999999993, -0.10000000000000142
23373, -0.1999999999999993, -0.10000000000000142
23374, -0.1999999999999993, 0.0
23375, -0.1999999999999993, 0.0
23376, -0.1999999999999993, -0.10000000000000142
23377, -0.1999999999999993, -0.10000000000000142
23378, -0.1999999999999993, -0.1999999999999993
23379, -0.1999999999999993, -0.10000000000000142
23380, -0.1999999999999993, -0.10000000000000142
23381, -0.1999999999999993, -0.10000000000000142
23382, -0.1999999999999993, -0.10000000000000142
23383, -0.10000000000000142, -0.10000000000000142
23384, -0.10000000000000142, 0.0
23385, -0.10000000000000142, 0.0
23386, -0.10000000000000142, -0.10000000000000142
23387, -0.10000000000000142, -0.10000000000000142
23388, -0.10000000000000142, -0.10000000000000142
23389, -0.10000000000000142, 0.0
23390, -0.10000000000000142, 0.0
23391, -0.10000000000000142, 0.0
23392, -0.10000000000000142, 0.0
23393, -0.10000000000000142, 0.0
23394, -0.10000000000000142, 0.0
23395, -0.10000000000000142, 0.0
23396, -0.10000000000000142, 0.0
23397, -0.10000000000000142, 0.0
23398, -0.10000000000000142, 0.0
23399, -0.10000000000000142, 0.0
23400, -0.10000000000000142, 0.0
23401, -0.10000000000000142, 0.0
23402, -0.10000000000000142, 0.10000000000000142
23403, -0.10000000000000142, 0.0
23404, -0.10000000000000142, 0.0
23405, -0.10000000000000142, 0.0
23406, -0.10000000000000142, 0.0
23407, -0.10000000000000142, 0.0
23408, -0.10000000000000142, 0.0
23409, -0.10000000000000142, 0.10000000000000142
23410, -0.10000000000000142, 0.10000000000000142
23411, -0.10000000000000142, 0.10000000000000142
23412, -0.10000000000000142, 0.0
23413, -0.10000000000000142, 0.0
23414, -0.10000000000000142, 0.0
23415, -0.10000000000000142, 0.0
23416, -0.10000000000000142, 0.0
23417, -0.10000000000000142, 0.0
23418, -0.10000000000000142, 0.10000000000000142
23419, -0.10000000000000142, 0.10000000000000142
23420, -0.10000000000000142, 0.10000000000000142
23421, -0.10000000000000142, 0.0
23422, -0.10000000000000142, 0.0
23423, -0.10000000000000142, 0.0
23424, -0.10000000000000142, 0.0
23425, -0.10000000000000142, 0.0
23426, -0.10000000000000142, 0.10000000000000142
23427, -0.10000000000000142, 0.10000000000000142
23428, -0.10000000000000142, 0.10000000000000142
23429, -0.10000000000000142, 0.10000000000000142
23430, -0.10000000000000142, 0.0
23431, -0.10000000000000142, 0.0
23432, -0.10000000000000142, 0.0
23433, -0.10000000000000142, 0.10000000000000142
23434, -0.10000000000000142, 0.10000000000000142
23435, -0.10000000000000142, 0.10000000000000142
23436, -0.10000000000000142, 0.10000000000000142
23437, -0.10000000000000142, 0.0
23438, -0.10000000000000142, 0.0
23439, -0.10000000000000142, 0.10000000000000142
23440, -0.10000000000000142, 0.10000000000000142
23441, -0.10000000000000142, 0.10000000000000142
23442, -0.10000000000000142, 0.10000000000000142
23443, -0.10000000000000142, 0.10000000000000142
23444, -0.10000000000000142, 0.10000000000000142
23445, -0.10000000000000142, 0.0
23446, -0.10000000000000142, 0.0
23447, -0.10000000000000142, 0.0
23448, -0.10000000000000142, 0.0
23449, -0.10000000000000142, 0.0
23450, -0.10000000000000142, 0.0
23451, -0.10000000000000142, 0.10000000000000142
23452, -0.10000000000000142, 0.0
23453, -0.10000000000000142, 0.0
23454, -0.10000000000000142, 0.0
23455, -0.10000000000000142, 0.0
23456, -0.10000000000000142, 0.10000000000000142
23457, -0.10000000000000142, 0.10000000000000142
23458, -0.10000000000000142, 0.0
23459, -0.10000000000000142, 0.0
23460, -0.10000000000000142, 0.0
23461, -0.10000000000000142, 0.0
23462, -0.10000000000000142, 0.0
23463, -0.10000000000000142, 0.0
23464, -0.10000000000000142, 0.10000000000000142
23465, -0.10000000000000142, 0.10000000000000142
23466, -0.10000000000000142, 0.0
23467, -0.10000000000000142, 0.0
23468, -0.10000000000000142, 0.0
23469, -0.10000000000000142, 0.0
23470, -0.10000000000000142, 0.0
23471, -0.10000000000000142, 0.0
23472, -0.10000000000000142, 0.0
23473, -0.10000000000000142, 0.0
23474, -0.10000000000000142, 0.0
23475, -0.10000000000000142, 0.0
23476, -0.10000000000000142, 0.0
23477, -0.10000000000000142, 0.0
23478, -0.10000000000000142, 0.0
23479, -0.10000000000000142, 0.0
23480, -0.10000000000000142, 0.0
23481, -0.10000000000000142, 0.0
23482, -0.10000000000000142, 0.0
23483, -0.10000000000000142, 0.0
23484, -0.10000000000000142, 0.0
23485, -0.10000000000000142, 0.0
23486, -0.10000000000000142, 0.0
23487, -0.10000000000000142, 0.10000000000000142
23488, -0.10000000000000142, 0.0
23489, -0.10000000000000142, 0.0
23490, -0.10000000000000142, 0.0
23491, -0.10000000000000142, 0.10000000000000142
23492, -0.10000000000000142, 0.0
23493, -0.10000000000000142, 0.0
23494, -0.10000000000000142, 0.10000000000000142
23495, -0.10000000000000142, 0.10000000000000142
23496, -0.10000000000000142, 0.0
23497, -0.10000000000000142, 0.0
23498, -0.10000000000000142, 0.10000000000000142
23499, -0.10000000000000142, 0.10000000000000142
23500, -0.1999999999999993, 0.0
23501, -0.1999999999999993, 0.0
23502, -0.1999999999999993, 0.10000000000000142
23503, -0.1999999999999993, 0.0
23504, -0.1999999999999993, 0.0
23505, -0.1999999999999993, 0.10000000000000142
23506, -0.1999999999999993, 0.0
23507, -0.1999999999999993, 0.0
23508, -0.1999999999999993, 0.0
23509, -0.1999999999999993, 0.0
23510, -0.1999999999999993, 0.0
23511, -0.1999999999999993, 0.0
23512, -0.1999999999999993, 0.0
23513, -0.1999999999999993, 0.0
23514, -0.1999999999999993, 0.10000000000000142
23515, -0.1999999999999993, 0.10000000000000142
23516, -0.1999999999999993, 0.10000000000000142
23517, -0.1999999999999993, 0.0
23518, -0.1999999999999993, 0.10000000000000142
23519, -0.1999999999999993, 0.0
23520, -0.1999999999999993, 0.10000000000000142
23521, -0.1999999999999993, 0.10000000000000142
23522, -0.1999999999999993, 0.0
23523, -0.1999999999999993, 0.10000000000000142
23524, -0.1999999999999993, 0.0
23525, -0.1999999999999993, 0.10000000000000142
23526, -0.1999999999999993, 0.0
23527, -0.1999999999999993, 0.0
23528, -0.1999999999999993, 0.0
23529, -0.1999999999999993, 0.0
23530, -0.1999999999999993, 0.0
23531, -0.1999999999999993, 0.0
23532, -0.1999999999999993, 0.0
23533, -0.1999999999999993, 0.0
23534, -0.1999999999999993, 0.0
23535, -0.1999999999999993, 0.0
23536, -0.1999999999999993, 0.0
23537, -0.1999999999999993, 0.0
23538, -0.1999999999999993, 0.0
23539, -0.1999999999999993, -0.10000000000000142
23540, -0.1999999999999993, -0.10000000000000142
23541, -0.10000000000000142, -0.10000000000000142
23542, -0.10000000000000142, -0.10000000000000142
23543, -0.10000000000000142, -0.10000000000000142
23544, -0.10000000000000142, -0.10000000000000142
23545, -0.10000000000000142, -0.10000000000000142
23546, -0.1999999999999993, -0.10000000000000142
23547, -0.1999999999999993, -0.10000000000000142
23548, -0.1999999999999993, -0.1999999999999993
23549, -0.1999999999999993, -0.10000000000000142
23550, -0.1999999999999993, -0.1999999999999993
23551, -0.1999999999999993, -0.10000000000000142
23552, -0.1999999999999993, -0.10000000000000142
23553, -0.1999999999999993, -0.1999999999999993
23554, -0.1999999999999993, -0.10000000000000142
23555, -0.1999999999999993, -0.1999999999999993
23556, -0.1999999999999993, -0.1999999999999993
23557, -0.10000000000000142, -0.1999999999999993
23558, -0.10000000000000142, -0.1999999999999993
23559, -0.10000000000000142, -0.1999999999999993
23560, -0.10000000000000142, -0.1999999999999993
23561, -0.10000000000000142, -0.1999999999999993
23562, -0.10000000000000142, -0.1999999999999993
23563, -0.10000000000000142, -0.1999999999999993
23564, -0.10000000000000142, -0.1999999999999993
23565, -0.10000000000000142, -0.1999999999999993
23566, -0.10000000000000142, -0.1999999999999993
23567, -0.10000000000000142, -0.1999999999999993
23568, -0.10000000000000142, -0.1999999999999993
23569, -0.10000000000000142, -0.1999999999999993
23570, -0.10000000000000142, -0.3000000000000007
23571, -0.10000000000000142, -0.1999999999999993
23572, -0.10000000000000142, -0.1999999999999993
23573, -0.10000000000000142, -0.1999999999999993
23574, -0.10000000000000142, -0.10000000000000142
23575, -0.10000000000000142, -0.3000000000000007
23576, -0.10000000000000142, -0.3000000000000007
23577, -0.10000000000000142, -0.1999999999999993
23578, -0.10000000000000142, -0.1999999999999993
23579, -0.10000000000000142, -0.1999999999999993
23580, -0.10000000000000142, -0.10000000000000142
23581, -0.10000000000000142, -0.10000000000000142
23582, -0.10000000000000142, -0.10000000000000142
23583, -0.10000000000000142, -0.1999999999999993
23584, -0.1999999999999993, -0.1999999999999993
23585, -0.1999999999999993, -0.10000000000000142
23586, -0.1999999999999993, -0.10000000000000142
23587, -0.1999999999999993, -0.10000000000000142
23588, -0.1999999999999993, -0.10000000000000142
23589, -0.1999999999999993, -0.1999999999999993
23590, -0.1999999999999993, -0.10000000000000142
23591, -0.1999999999999993, -0.10000000000000142
23592, -0.1999999999999993, -0.10000000000000142
23593, -0.1999999999999993, 0.0
23594, -0.1999999999999993, -0.10000000000000142
23595, -0.1999999999999993, -0.10000000000000142
23596, -0.1999999999999993, -0.10000000000000142
23597, -0.1999999999999993, -0.10000000000000142
23598, -0.1999999999999993, 0.0
23599, -0.1999999999999993, -0.10000000000000142
23600, -0.1999999999999993, 0.0
23601, -0.1999999999999993, 0.0
23602, -0.1999999999999993, -0.10000000000000142
23603, -0.10000000000000142, 0.0
23604, -0.10000000000000142, -0.10000000000000142
23605, -0.10000000000000142, 0.0
23606, -0.10000000000000142, 0.0
23607, -0.10000000000000142, 0.0
23608, -0.10000000000000142, 0.0
23609, -0.10000000000000142, 0.0
23610, -0.10000000000000142, 0.0
23611, -0.10000000000000142, -0.10000000000000142
23612, -0.10000000000000142, -0.10000000000000142
23613, -0.10000000000000142, 0.0
23614, -0.10000000000000142, 0.0
23615, -0.10000000000000142, 0.0
23616, -0.10000000000000142, 0.0
23617, -0.10000000000000142, 0.10000000000000142
23618, -0.10000000000000142, 0.0
23619, -0.10000000000000142, 0.0
23620, -0.10000000000000142, -0.10000000000000142
23621, -0.10000000000000142, -0.10000000000000142
23622, -0.10000000000000142, 0.0
23623, -0.10000000000000142, -0.10000000000000142
23624, -0.10000000000000142, 0.0
23625, -0.10000000000000142, -0.10000000000000142
23626, -0.10000000000000142, 0.0
23627, -0.10000000000000142, 0.10000000000000142
23628, -0.10000000000000142, -0.10000000000000142
23629, -0.10000000000000142, 0.0
23630, -0.10000000000000142, -0.10000000000000142
23631, -0.10000000000000142, 0.0
23632, -0.10000000000000142, -0.10000000000000142
23633, -0.10000000000000142, 0.0
23634, -0.10000000000000142, 0.0
23635, -0.10000000000000142, -0.10000000000000142
23636, -0.10000000000000142, -0.10000000000000142
23637, -0.10000000000000142, -0.10000000000000142
23638, -0.10000000000000142, -0.10000000000000142
23639, -0.10000000000000142, -0.10000000000000142
23640, -0.10000000000000142, -0.10000000000000142
23641, 0.0, -0.10000000000000142
23642, 0.0, -0.10000000000000142
23643, 0.0, -0.10000000000000142
23644, 0.0, -0.10000000000000142
23645, 0.0, -0.10000000000000142
23646, 0.0, -0.1999999999999993
23647, 0.0, -0.1999999999999993
23648, 0.0, -0.1999999999999993
23649, 0.0, -0.1999999999999993
23650, 0.0, -0.1999999999999993
23651, 0.0, -0.1999999999999993
23652, 0.0, -0.3000000000000007
23653, 0.0, -0.1999999999999993
23654, 0.0, -0.1999999999999993
23655, 0.0, -0.1999999999999993
23656, 0.0, -0.3000000000000007
23657, 0.0, -0.1999999999999993
23658, 0.0, -0.1999999999999993
23659, 0.0, -0.3000000000000007
23660, 0.0, -0.3000000000000007
23661, 0.0, -0.1999999999999993
23662, 0.0, -0.3000000000000007
23663, 0.0, -0.3000000000000007
23664, 0.0, -0.3000000000000007
23665, 0.0, -0.1999999999999993
23666, 0.0, -0.3000000000000007
23667, 0.0, -0.3000000000000007
23668, 0.0, -0.1999999999999993
23669, 0.0, -0.3000000000000007
23670, -0.10000000000000142, -0.3000000000000007
23671, -0.10000000000000142, -0.1999999999999993
23672, -0.10000000000000142, -0.3000000000000007
23673, -0.10000000000000142, -0.1999999999999993
23674, -0.10000000000000142, -0.3000000000000007
23675, -0.10000000000000142, -0.1999999999999993
23676, -0.10000000000000142, -0.3000000000000007
23677, -0.10000000000000142, -0.1999999999999993
23678, -0.10000000000000142, -0.1999999999999993
23679, -0.10000000000000142, -0.1999999999999993
23680, -0.10000000000000142, -0.1999999999999993
23681, -0.10000000000000142, -0.1999999999999993
23682, -0.10000000000000142, -0.1999999999999993
23683, -0.10000000000000142, -0.1999999999999993
23684, -0.10000000000000142, -0.1999999999999993
23685, -0.10000000000000142, -0.1999999999999993
23686, -0.10000000000000142, -0.1999999999999993
23687, -0.10000000000000142, -0.1999999999999993
23688, -0.10000000000000142, -0.10000000000000142
23689, -0.10000000000000142, -0.10000000000000142
23690, -0.10000000000000142, -0.3000000000000007
23691, -0.10000000000000142, -0.1999999999999993
23692, -0.10000000000000142, -0.1999999999999993
23693, -0.10000000000000142, -0.10000000000000142
23694, -0.10000000000000142, -0.10000000000000142
23695, -0.10000000000000142, -0.10000000000000142
23696, 0.0, -0.10000000000000142
23697, 0.0, -0.10000000000000142
23698, 0.0, -0.10000000000000142
23699, 0.0, -0.1999999999999993
23700, 0.0, -0.10000000000000142
23701, 0.0, -0.10000000000000142
23702, 0.0, -0.10000000000000142
23703, 0.0, -0.10000000000000142
23704, 0.0, -0.10000000000000142
23705, 0.0, 0.0
23706, 0.0, 0.0
23707, 0.0, -0.1999999999999993
23708, 0.0, -0.10000000000000142
23709, 0.0, -0.10000000000000142
23710, 0.0, -0.10000000000000142
23711, 0.0, 0.0
23712, 0.0, -0.10000000000000142
23713, 0.0, -0.10000000000000142
23714, 0.0, 0.0
23715, 0.0, 0.0
23716, 0.0, 0.0
23717, 0.0, -0.1999999999999993
23718, 0.0, -0.10000000000000142
23719, 0.0, -0.10000000000000142
23720, 0.0, -0.10000000000000142
23721, 0.0, 0.0
23722, 0.0, 0.0
23723, 0.0, -0.10000000000000142
23724, 0.0, -0.10000000000000142
23725, 0.0, -0.10000000000000142
23726, 0.0, 0.0
23727, 0.0, 0.0
23728, 0.0, -0.10000000000000142
23729, 0.0, -0.10000000000000142
23730, 0.0, -0.10000000000000142
23731, 0.0, -0.10000000000000142
23732, 0.0, -0.10000000000000142
23733, 0.0, -0.10000000000000142
23734, 0.0, -0.10000000000000142
23735, 0.0, -0.10000000000000142
23736, 0.0, 0.0
23737, 0.0, 0.0
23738, 0.0, -0.10000000000000142
23739, 0.0, -0.10000000000000142
23740, 0.0, -0.10000000000000142
23741, 0.0, -0.10000000000000142
23742, 0.0, -0.10000000000000142
23743, 0.0, -0.10000000000000142
23744, 0.0, -0.10000000000000142
23745, 0.0, -0.10000000000000142
23746, 0.0, 0.0
23747, 0.0, -0.10000000000000142
23748, 0.0, -0.10000000000000142
23749, 0.0, -0.10000000000000142
23750, 0.0, -0.10000000000000142
23751, 0.0, -0.10000000000000142
23752, -0.10000000000000142, -0.10000000000000142
23753, -0.10000000000000142, -0.10000000000000142
23754, -0.10000000000000142, -0.10000000000000142
23755, -0.10000000000000142, -0.10000000000000142
23756, -0.10000000000000142, -0.10000000000000142
23757, -0.10000000000000142, -0.10000000000000142
23758, -0.10000000000000142, -0.10000000000000142
23759, -0.10000000000000142, -0.10000000000000142
23760, -0.10000000000000142, -0.1999999999999993
23761, -0.10000000000000142, -0.10000000000000142
23762, -0.10000000000000142, -0.10000000000000142
23763, -0.10000000000000142, -0.10000000000000142
23764, -0.10000000000000142, -0.10000000000000142
23765, -0.10000000000000142, -0.10000000000000142
23766, -0.10000000000000142, 0.0
23767, -0.10000000000000142, -0.10000000000000142
23768, -0.10000000000000142, -0.10000000000000142
23769, -0.10000000000000142, -0.10000000000000142
23770, -0.10000000000000142, -0.1999999999999993
23771, -0.10000000000000142, -0.1999999999999993
23772, -0.10000000000000142, 0.0
23773, -0.10000000000000142, -0.10000000000000142
23774, -0.10000000000000142, -0.10000000000000142
23775, -0.10000000000000142, -0.10000000000000142
23776, -0.10000000000000142, -0.10000000000000142
23777, -0.10000000000000142, 0.0
23778, -0.10000000000000142, -0.10000000000000142
23779, -0.10000000000000142, -0.10000000000000142
23780, -0.10000000000000142, -0.1999999999999993
23781, -0.10000000000000142, 0.0
23782, -0.10000000000000142, 0.0
23783, -0.10000000000000142, -0.10000000000000142
23784, -0.10000000000000142, -0.10000000000000142
23785, -0.10000000000000142, 0.0
23786, -0.10000000000000142, 0.0
23787, -0.10000000000000142, -0.10000000000000142
23788, -0.10000000000000142, 0.0
23789, -0.10000000000000142, -0.10000000000000142
23790, -0.10000000000000142, 0.0
23791, -0.10000000000000142, -0.10000000000000142
23792, -0.10000000000000142, 0.0
23793, -0.10000000000000142, -0.10000000000000142
23794, -0.10000000000000142, 0.0
23795, -0.10000000000000142, 0.0
23796, -0.10000000000000142, 0.0
23797, -0.10000000000000142, -0.10000000000000142
23798, -0.10000000000000142, 0.10000000000000142
23799, -0.10000000000000142, 0.0
23800, -0.10000000000000142, 0.0
23801, -0.10000000000000142, 0.0
23802, -0.10000000000000142, 0.10000000000000142
23803, -0.10000000000000142, 0.0
23804, -0.10000000000000142, 0.0
23805, -0.10000000000000142, 0.0
23806, -0.10000000000000142, -0.10000000000000142
23807, -0.10000000000000142, 0.10000000000000142
23808, -0.10000000000000142, 0.0
23809, -0.10000000000000142, -0.10000000000000142
23810, -0.10000000000000142, 0.0
23811, -0.10000000000000142, -0.10000000000000142
23812, -0.10000000000000142, 0.0
23813, -0.10000000000000142, 0.0
23814, -0.10000000000000142, -0.10000000000000142
23815, -0.10000000000000142, -0.10000000000000142
23816, -0.10000000000000142, 0.0
23817, -0.10000000000000142, -0.10000000000000142
23818, -0.10000000000000142, -0.10000000000000142
23819, -0.10000000000000142, -0.10000000000000142
23820, -0.10000000000000142, -0.10000000000000142
23821, -0.10000000000000142, 0.0
23822, -0.10000000000000142, -0.10000000000000142
23823, -0.10000000000000142, -0.10000000000000142
23824, -0.10000000000000142, -0.10000000000000142
23825, -0.10000000000000142, -0.10000000000000142
23826, -0.10000000000000142, 0.0
23827, -0.10000000000000142, -0.10000000000000142
23828, -0.10000000000000142, -0.10000000000000142
23829, -0.10000000000000142, -0.10000000000000142
23830, -0.10000000000000142, -0.10000000000000142
23831, -0.10000000000000142, -0.1999999999999993
23832, -0.10000000000000142, -0.10000000000000142
23833, -0.10000000000000142, -0.10000000000000142
23834, -0.10000000000000142, -0.10000000000000142
23835, -0.10000000000000142, -0.10000000000000142
23836, -0.10000000000000142, -0.10000000000000142
23837, -0.10000000000000142, -0.10000000000000142
23838, -0.10000000000000142, -0.10000000000000142
23839, -0.10000000000000142, 0.0
23840, -0.10000000000000142, -0.10000000000000142
23841, -0.10000000000000142, 0.0
23842, -0.10000000000000142, 0.0
23843, -0.10000000000000142, -0.10000000000000142
23844, -0.10000000000000142, 0.0
23845, -0.10000000000000142, -0.10000000000000142
23846, -0.10000000000000142, 0.10000000000000142
23847, 0.0, 0.0
23848, 0.0, 0.0
23849, 0.0, 0.10000000000000142
23850, 0.0, 0.0
23851, 0.0, 0.0
23852, 0.0, 0.10000000000000142
23853, 0.0, 0.0
23854, 0.0, 0.0
23855, 0.0, 0.0
23856, 0.0, 0.0
23857, 0.0, 0.0
23858, 0.0, 0.0
23859, 0.0, 0.0
23860, 0.0, 0.10000000000000142
23861, 0.0, 0.0
23862, 0.0, 0.0
23863, 0.0, 0.0
23864, 0.0, 0.0
23865, 0.0, 0.0
23866, 0.0, 0.0
23867, 0.0, -0.10000000000000142
23868, 0.0, -0.10000000000000142
23869, 0.0, -0.10000000000000142
23870, 0.0, -0.1999999999999993
23871, 0.0, -0.10000000000000142
23872, 0.0, -0.10000000000000142
23873, 0.0, -0.1999999999999993
23874, 0.0, -0.1999999999999993
23875, 0.0, -0.1999999999999993
23876, 0.0, -0.3000000000000007
23877, 0.0, -0.3000000000000007
23878, 0.0, -0.1999999999999993
23879, 0.0, -0.3000000000000007
23880, 0.0, -0.1999999999999993
23881, 0.0, -0.3000000000000007
23882, 0.0, -0.3999999999999986
23883, 0.0, -0.3000000000000007
23884, -0.10000000000000142, -0.3000000000000007
23885, -0.10000000000000142, -0.3000000000000007
23886, -0.10000000000000142, -0.3000000000000007
23887, -0.10000000000000142, -0.3999999999999986
23888, -0.10000000000000142, -0.3000000000000007
23889, -0.10000000000000142, -0.3000000000000007
23890, -0.10000000000000142, -0.3000000000000007
23891, -0.10000000000000142, -0.3999999999999986
23892, -0.10000000000000142, -0.1999999999999993
23893, -0.10000000000000142, -0.3000000000000007
23894, -0.10000000000000142, -0.3000000000000007
23895, -0.10000000000000142, -0.3999999999999986
23896, -0.10000000000000142, -0.3000000000000007
23897, -0.10000000000000142, -0.3000000000000007
23898, -0.10000000000000142, -0.3999999999999986
23899, -0.10000000000000142, -0.1999999999999993
23900, -0.10000000000000142, -0.3000000000000007
23901, -0.10000000000000142, -0.3000000000000007
23902, -0.10000000000000142, -0.1999999999999993
23903, -0.10000000000000142, -0.1999999999999993
23904, -0.10000000000000142, -0.3000000000000007
23905, -0.10000000000000142, -0.10000000000000142
23906, 0.0, -0.1999999999999993
23907, 0.0, -0.1999999999999993
23908, 0.0, -0.10000000000000142
23909, 0.0, -0.10000000000000142
23910, 0.0, -0.1999999999999993
23911, 0.0, -0.10000000000000142
23912, 0.0, -0.10000000000000142
23913, 0.0, -0.10000000000000142
23914, 0.0, -0.10000000000000142
23915, 0.0, -0.10000000000000142
23916, 0.0, -0.10000000000000142
23917, 0.0, -0.10000000000000142
23918, 0.0, -0.10000000000000142
23919, 0.0, -0.10000000000000142
23920, 0.0, 0.0
23921, 0.0, -0.10000000000000142
23922, 0.0, 0.0
23923, 0.0, -0.10000000000000142
23924, 0.0, 0.0
23925, 0.0, -0.10000000000000142
23926, 0.0, 0.0
23927, 0.0, 0.0
23928, 0.0, 0.0
23929, 0.0, 0.0
23930, 0.0, 0.0
23931, 0.0, 0.0
23932, 0.0, 0.0
23933, 0.0, 0.0
23934, 0.0, 0.0
23935, 0.0, 0.0
23936, 0.0, -0.10000000000000142
23937, 0.0, -0.10000000000000142
23938, 0.0, -0.10000000000000142
23939, 0.0, -0.10000000000000142
23940, 0.0, -0.10000000000000142
23941, 0.0, -0.10000000000000142
23942, -0.10000000000000142, -0.1999999999999993
23943, -0.10000000000000142, -0.10000000000000142
23944, -0.10000000000000142, -0.1999999999999993
23945, -0.10000000000000142, -0.10000000000000142
23946, -0.10000000000000142, -0.10000000000000142
23947, -0.10000000000000142, -0.1999999999999993
23948, -0.10000000000000142, -0.10000000000000142
23949, -0.10000000000000142, -0.1999999999999993
23950, -0.10000000000000142, -0.10000000000000142
23951, -0.10000000000000142, -0.1999999999999993
23952, -0.10000000000000142, -0.1999999999999993
23953, 0.0, -0.1999999999999993
23954, 0.0, -0.1999999999999993
23955, 0.0, -0.1999999999999993
23956, 0.0, -0.1999999999999993
23957, 0.0, -0.1999999999999993
23958, 0.0, -0.1999999999999993
23959, 0.0, -0.1999999999999993
23960, 0.0, -0.1999999999999993
23961, 0.0, -0.1999999999999993
23962, 0.0, -0.1999999999999993
23963, 0.0, -0.1999999999999993
23964, 0.0, -0.1999999999999993
23965, 0.0, -0.1999999999999993
23966, 0.0, -0.3000000000000007
23967, 0.0, -0.1999999999999993
23968, 0.0, -0.1999999999999993
23969, 0.0, -0.3000000000000007
23970, 0.0, -0.1999999999999993
23971, 0.0, -0.1999999999999993
23972, 0.0, -0.1999999999999993
23973, 0.0, -0.1999999999999993
23974, 0.0, -0.1999999999999993
23975, 0.0, -0.1999999999999993
23976, 0.0, -0.1999999999999993
23977, 0.0, -0.1999999999999993
23978, 0.0, -0.1999999999999993
23979, 0.0, -0.1999999999999993
23980, 0.0, -0.1999999999999993
23981, 0.0, -0.1999999999999993
23982, 0.0, -0.1999999999999993
23983, 0.0, -0.1999999999999993
23984, 0.0, -0.1999999999999993
23985, 0.0, -0.10000000000000142
23986, 0.0, -0.10000000000000142
23987, 0.0, -0.10000000000000142
23988, 0.0, -0.10000000000000142
23989, 0.0, -0.10000000000000142
23990, 0.0, -0.10000000000000142
23991, 0.0, -0.10000000000000142
23992, -0.10000000000000142, -0.10000000000000142
23993, -0.10000000000000142, -0.10000000000000142
23994, -0.10000000000000142, -0.10000000000000142
23995, -0.10000000000000142, -0.10000000000000142
23996, -0.10000000000000142, -0.10000000000000142
23997, -0.10000000000000142, -0.10000000000000142
23998, -0.10000000000000142, -0.10000000000000142
23999, -0.10000000000000142, -0.10000000000000142
24000, -0.10000000000000142, -0.10000000000000142
24001, -0.10000000000000142, -0.10000000000000142
24002, -0.10000000000000142, -0.10000000000000142
24003, -0.10000000000000142, -0.10000000000000142
24004, -0.10000000000000142, -0.10000000000000142
24005, -0.10000000000000142, -0.1999999999999993
24006, -0.10000000000000142, -0.10000000000000142
24007, -0.10000000000000142, -0.10000000000000142
24008, -0.10000000000000142, -0.10000000000000142
24009, -0.10000000000000142, -0.10000000000000142
24010, -0.10000000000000142, -0.10000000000000142
24011, -0.10000000000000142, -0.10000000000000142
24012, -0.10000000000000142, -0.10000000000000142
24013, 0.0, -0.10000000000000142
24014, 0.0, -0.10000000000000142
24015, 0.0, -0.10000000000000142
24016, 0.0, -0.10000000000000142
24017, 0.0, -0.10000000000000142
24018, 0.0, 0.0
24019, 0.0, -0.10000000000000142
24020, 0.0, -0.10000000000000142
24021, 0.0, -0.10000000000000142
24022, 0.0, -0.10000000000000142
24023, 0.0, -0.10000000000000142
24024, 0.0, -0.10000000000000142
24025, 0.0, -0.10000000000000142
24026, 0.0, -0.10000000000000142
24027, 0.0, -0.10000000000000142
24028, 0.0, -0.10000000000000142
24029, 0.10000000000000142, -0.10000000000000142
24030, 0.10000000000000142, -0.10000000000000142
24031, 0.10000000000000142, 0.0
24032, 0.10000000000000142, -0.10000000000000142
24033, 0.10000000000000142, -0.10000000000000142
24034, 0.10000000000000142, -0.10000000000000142
24035, 0.10000000000000142, -0.10000000000000142
24036, 0.10000000000000142, -0.10000000000000142
24037, 0.10000000000000142, -0.10000000000000142
24038, 0.10000000000000142, -0.10000000000000142
24039, 0.10000000000000142, -0.10000000000000142
24040, 0.10000000000000142, -0.10000000000000142
24041, 0.10000000000000142, -0.10000000000000142
24042, 0.10000000000000142, -0.10000000000000142
24043, 0.10000000000000142, -0.10000000000000142
24044, 0.10000000000000142, -0.10000000000000142
24045, 0.10000000000000142, -0.10000000000000142
24046, 0.10000000000000142, -0.10000000000000142
24047, 0.10000000000000142, 0.0
24048, 0.10000000000000142, 0.0
24049, 0.10000000000000142, 0.0
24050, 0.0, 0.0
24051, 0.0, -0.10000000000000142
24052, 0.0, -0.10000000000000142
24053, 0.0, -0.10000000000000142
24054, 0.0, -0.10000000000000142
24055, 0.0, -0.10000000000000142
24056, 0.0, -0.10000000000000142
24057, 0.0, -0.10000000000000142
24058, 0.0, -0.10000000000000142
24059, 0.0, -0.10000000000000142
24060, 0.0, -0.10000000000000142
24061, 0.0, -0.10000000000000142
24062, 0.0, -0.10000000000000142
24063, 0.0, -0.10000000000000142
24064, 0.0, -0.10000000000000142
24065, 0.0, -0.10000000000000142
24066, 0.0, -0.10000000000000142
24067, 0.0, -0.10000000000000142
24068, 0.0, -0.10000000000000142
24069, 0.0, -0.10000000000000142
24070, 0.0, -0.10000000000000142
24071, 0.0, -0.10000000000000142
24072, 0.0, 0.0
24073, 0.0, 0.0
24074, 0.0, 0.0
24075, 0.0, -0.10000000000000142
24076, 0.0, -0.10000000000000142
24077, 0.0, -0.10000000000000142
24078, 0.0, -0.10000000000000142
24079, 0.0, -0.10000000000000142
24080, 0.0, -0.10000000000000142
24081, 0.0, -0.1999999999999993
24082, 0.0, -0.10000000000000142
24083, 0.0, 0.0
24084, 0.0, 0.0
24085, 0.0, -0.10000000000000142
24086, -0.10000000000000142, -0.10000000000000142
24087, -0.10000000000000142, -0.10000000000000142
24088, -0.10000000000000142, -0.10000000000000142
24089, -0.10000000000000142, -0.1999999999999993
24090, -0.10000000000000142, -0.10000000000000142
24091, -0.10000000000000142, 0.0
24092, -0.10000000000000142, 0.0
24093, -0.10000000000000142, -0.10000000000000142
24094, -0.10000000000000142, -0.10000000000000142
24095, -0.10000000000000142, -0.10000000000000142
24096, -0.10000000000000142, -0.10000000000000142
24097, -0.10000000000000142, -0.10000000000000142
24098, -0.10000000000000142, -0.10000000000000142
24099, -0.10000000000000142, -0.10000000000000142
24100, -0.10000000000000142, -0.10000000000000142
24101, -0.10000000000000142, 0.0
24102, -0.10000000000000142, 0.0
24103, -0.10000000000000142, -0.10000000000000142
24104, -0.10000000000000142, 0.0
24105, -0.10000000000000142, 0.0
24106, -0.10000000000000142, -0.10000000000000142
24107, -0.10000000000000142, -0.10000000000000142
24108, -0.10000000000000142, 0.0
24109, -0.10000000000000142, 0.0
24110, -0.10000000000000142, -0.10000000000000142
24111, -0.10000000000000142, 0.0
24112, -0.10000000000000142, 0.0
24113, -0.10000000000000142, -0.10000000000000142
24114, -0.10000000000000142, 0.0
24115, -0.10000000000000142, 0.0
24116, -0.10000000000000142, -0.10000000000000142
24117, -0.10000000000000142, 0.0
24118, -0.10000000000000142, 0.0
24119, -0.10000000000000142, 0.0
24120, -0.10000000000000142, 0.0
24121, -0.10000000000000142, -0.10000000000000142
24122, -0.10000000000000142, 0.0
24123, -0.10000000000000142, -0.10000000000000142
24124, -0.10000000000000142, -0.10000000000000142
24125, -0.10000000000000142, 0.0
24126, -0.10000000000000142, -0.10000000000000142
24127, 0.0, 0.0
24128, 0.0, 0.0
24129, 0.0, -0.1999999999999993
24130, 0.0, -0.10000000000000142
24131, 0.0, -0.10000000000000142
24132, 0.0, -0.10000000000000142
24133, 0.0, -0.10000000000000142
24134, 0.0, 0.0
24135, 0.0, -0.10000000000000142
24136, 0.0, -0.1999999999999993
24137, 0.0, -0.10000000000000142
24138, 0.0, -0.1999999999999993
24139, 0.0, -0.10000000000000142
24140, 0.0, -0.10000000000000142
24141, 0.0, -0.10000000000000142
24142, 0.0, -0.10000000000000142
24143, 0.0, -0.3000000000000007
24144, 0.0, -0.1999999999999993
24145, 0.0, -0.1999999999999993
24146, 0.0, -0.1999999999999993
24147, 0.0, -0.1999999999999993
24148, 0.0, -0.10000000000000142
24149, 0.0, -0.1999999999999993
24150, 0.0, -0.1999999999999993
24151, 0.0, -0.1999999999999993
24152, 0.0, -0.3000000000000007
24153, 0.0, -0.1999999999999993
24154, 0.0, -0.1999999999999993
24155, -0.10000000000000142, -0.1999999999999993
24156, -0.10000000000000142, -0.1999999999999993
24157, -0.10000000000000142, -0.10000000000000142
24158, -0.10000000000000142, -0.1999999999999993
24159, -0.10000000000000142, -0.10000000000000142
24160, -0.10000000000000142, -0.10000000000000142
24161, -0.10000000000000142, -0.3000000000000007
24162, -0.10000000000000142, -0.1999999999999993
24163, -0.10000000000000142, -0.1999999999999993
24164, -0.10000000000000142, -0.1999999999999993
24165, -0.10000000000000142, -0.1999999999999993
24166, -0.10000000000000142, -0.10000000000000142
24167, -0.10000000000000142, -0.1999999999999993
24168, -0.10000000000000142, -0.10000000000000142
24169, -0.10000000000000142, -0.10000000000000142
24170, -0.10000000000000142, -0.10000000000000142
24171, -0.10000000000000142, -0.1999999999999993
24172, -0.10000000000000142, -0.1999999999999993
24173, -0.10000000000000142, -0.10000000000000142
24174, -0.10000000000000142, -0.1999999999999993
24175, -0.10000000000000142, -0.10000000000000142
24176, -0.10000000000000142, -0.10000000000000142
24177, -0.10000000000000142, -0.10000000000000142
24178, -0.10000000000000142, -0.10000000000000142
24179, -0.10000000000000142, 0.0
24180, -0.10000000000000142, -0.10000000000000142
24181, -0.10000000000000142, -0.1999999999999993
24182, -0.10000000000000142, -0.10000000000000142
24183, -0.10000000000000142, -0.10000000000000142
24184, -0.10000000000000142, -0.10000000000000142
24185, -0.10000000000000142, -0.10000000000000142
24186, -0.10000000000000142, 0.0
24187, -0.10000000000000142, -0.10000000000000142
24188, -0.10000000000000142, 0.0
24189, -0.10000000000000142, -0.10000000000000142
24190, -0.10000000000000142, -0.10000000000000142
24191, -0.10000000000000142, -0.10000000000000142
24192, -0.10000000000000142, 0.0
24193, -0.10000000000000142, -0.10000000000000142
24194, -0.10000000000000142, -0.10000000000000142
24195, -0.10000000000000142, -0.10000000000000142
24196, -0.10000000000000142, -0.10000000000000142
24197, 0.0, 0.0
24198, 0.0, -0.10000000000000142
24199, 0.0, 0.0
24200, 0.0, 0.0
24201, 0.0, -0.10000000000000142
24202, 0.0, -0.10000000000000142
24203, 0.0, 0.0
24204, 0.0, -0.10000000000000142
24205, 0.0, 0.0
24206, 0.0, -0.10000000000000142
24207, 0.0, 0.0
24208, 0.0, 0.0
24209, 0.0, -0.10000000000000142
24210, 0.0, 0.0
24211, 0.0, -0.10000000000000142
24212, 0.0, -0.10000000000000142
24213, 0.0, -0.10000000000000142
24214, 0.0, 0.0
24215, 0.0, -0.10000000000000142
24216, 0.0, 0.0
24217, 0.0, 0.0
24218, 0.0, -0.10000000000000142
24219, 0.0, -0.10000000000000142
24220, 0.0, 0.0
24221, 0.0, -0.10000000000000142
24222, 0.0, -0.10000000000000142
24223, 0.10000000000000142, 0.0
24224, 0.10000000000000142, -0.1999999999999993
24225, 0.10000000000000142, -0.10000000000000142
24226, 0.10000000000000142, -0.10000000000000142
24227, 0.10000000000000142, -0.10000000000000142
24228, 0.10000000000000142, -0.10000000000000142
24229, 0.10000000000000142, 0.0
24230, 0.10000000000000142, -0.1999999999999993
24231, 0.10000000000000142, -0.10000000000000142
24232, 0.10000000000000142, -0.10000000000000142
24233, 0.10000000000000142, -0.10000000000000142
24234, 0.10000000000000142, -0.10000000000000142
24235, 0.10000000000000142, -0.10000000000000142
24236, 0.10000000000000142, -0.10000000000000142
24237, 0.10000000000000142, -0.1999999999999993
24238, 0.10000000000000142, -0.10000000000000142
24239, 0.10000000000000142, -0.10000000000000142
24240, 0.10000000000000142, -0.1999999999999993
24241, 0.10000000000000142, -0.1999999999999993
24242, 0.10000000000000142, -0.10000000000000142
24243, 0.10000000000000142, -0.10000000000000142
24244, 0.10000000000000142, -0.10000000000000142
24245, 0.10000000000000142, -0.10000000000000142
24246, 0.10000000000000142, -0.1999999999999993
24247, 0.10000000000000142, -0.10000000000000142
24248, 0.10000000000000142, -0.10000000000000142
24249, 0.10000000000000142, -0.10000000000000142
24250, 0.10000000000000142, -0.10000000000000142
24251, 0.10000000000000142, -0.10000000000000142
24252, 0.10000000000000142, -0.10000000000000142
24253, 0.10000000000000142, -0.10000000000000142
24254, 0.10000000000000142, -0.10000000000000142
24255, 0.10000000000000142, -0.10000000000000142
24256, 0.10000000000000142, -0.10000000000000142
24257, 0.10000000000000142, -0.10000000000000142
24258, 0.10000000000000142, -0.10000000000000142
24259, 0.10000000000000142, 0.0
24260, 0.10000000000000142, -0.10000000000000142
24261, 0.10000000000000142, -0.10000000000000142
24262, 0.10000000000000142, -0.10000000000000142
24263, 0.10000000000000142, -0.10000000000000142
24264, 0.10000000000000142, 0.0
24265, 0.10000000000000142, 0.0
24266, 0.10000000000000142, -0.10000000000000142
24267, 0.10000000000000142, -0.10000000000000142
24268, 0.0, -0.10000000000000142
24269, 0.0, -0.10000000000000142
24270, 0.0, 0.0
24271, 0.0, 0.0
24272, 0.0, -0.10000000000000142
24273, 0.0, -0.10000000000000142
24274, 0.0, -0.10000000000000142
24275, 0.0, -0.10000000000000142
24276, 0.0, 0.0
24277, 0.0, 0.0
24278, 0.0, 0.0
24279, 0.0, 0.0
24280, 0.0, -0.10000000000000142
24281, 0.0, -0.10000000000000142
24282, 0.0, 0.0
24283, 0.0, 0.0
24284, 0.0, 0.0
24285, 0.0, 0.0
24286, -0.10000000000000142, 0.0
24287, -0.10000000000000142, 0.0
24288, -0.10000000000000142, 0.0
24289, -0.10000000000000142, 0.0
24290, -0.10000000000000142, 0.0
24291, -0.10000000000000142, -0.10000000000000142
24292, -0.10000000000000142, -0.10000000000000142
24293, -0.10000000000000142, -0.10000000000000142
24294, -0.10000000000000142, -0.10000000000000142
24295, -0.10000000000000142, -0.10000000000000142
24296, -0.10000000000000142, -0.10000000000000142
24297, -0.10000000000000142, -0.10000000000000142
24298, -0.10000000000000142, 0.0
24299, -0.10000000000000142, 0.0
24300, -0.10000000000000142, 0.0
24301, -0.10000000000000142, 0.0
24302, -0.10000000000000142, 0.0
24303, -0.10000000000000142, 0.0
24304, -0.10000000000000142, 0.0
24305, -0.10000000000000142, 0.0
24306, -0.10000000000000142, 0.0
24307, -0.10000000000000142, 0.0
24308, -0.10000000000000142, 0.0
24309, -0.10000000000000142, 0.0
24310, -0.10000000000000142, 0.0
24311, -0.10000000000000142, 0.0
24312, -0.10000000000000142, 0.0
24313, -0.10000000000000142, 0.0
24314, 0.0, 0.0
24315, 0.0, -0.10000000000000142
24316, 0.0, -0.10000000000000142
24317, 0.0, 0.0
24318, 0.0, 0.10000000000000142
24319, 0.0, 0.10000000000000142
24320, 0.0, 0.10000000000000142
24321, 0.0, 0.10000000000000142
24322, 0.0, 0.0
24323, 0.0, 0.0
24324, 0.0, 0.0
24325, 0.0, 0.0
24326, 0.0, 0.10000000000000142
24327, 0.0, 0.10000000000000142
24328, 0.0, 0.10000000000000142
24329, 0.0, 0.10000000000000142
24330, -0.10000000000000142, 0.0
24331, -0.10000000000000142, 0.0
24332, -0.10000000000000142, 0.0
24333, -0.10000000000000142, 0.0
24334, -0.10000000000000142, 0.0
24335, -0.10000000000000142, 0.0
24336, -0.10000000000000142, 0.0
24337, 0.0, 0.0
24338, 0.0, 0.0
24339, 0.0, 0.0
24340, 0.0, 0.0
24341, 0.0, 0.0
24342, 0.0, 0.0
24343, 0.0, 0.0
24344, 0.0, 0.0
24345, 0.0, 0.0
24346, 0.0, 0.0
24347, 0.0, 0.0
24348, 0.0, -0.10000000000000142
24349, 0.0, 0.0
24350, 0.0, 0.0
24351, 0.0, 0.0
24352, 0.0, 0.0
24353, 0.0, 0.0
24354, 0.0, 0.0
24355, 0.0, -0.10000000000000142
24356, 0.0, -0.10000000000000142
24357, 0.0, -0.10000000000000142
24358, 0.0, 0.0
24359, 0.0, 0.0
24360, 0.0, 0.0
24361, 0.0, -0.10000000000000142
24362, 0.0, -0.10000000000000142
24363, 0.0, -0.10000000000000142
24364, 0.0, 0.0
24365, 0.0, 0.0
24366, 0.0, 0.0
24367, 0.0, 0.0
24368, 0.0, 0.0
24369, 0.0, -0.10000000000000142
24370, 0.0, -0.10000000000000142
24371, 0.0, 0.0
24372, 0.0, -0.10000000000000142
24373, 0.0, -0.10000000000000142
24374, 0.0, 0.0
24375, 0.0, -0.10000000000000142
24376, 0.0, -0.10000000000000142
24377, 0.0, 0.0
24378, 0.0, -0.10000000000000142
24379, 0.0, -0.10000000000000142
24380, 0.0, -0.10000000000000142
24381, 0.0, 0.0
24382, 0.0, 0.0
24383, 0.0, 0.0
24384, 0.0, 0.0
24385, 0.0, 0.0
24386, 0.0, 0.0
24387, 0.0, -0.10000000000000142
24388, 0.0, -0.10000000000000142
24389, 0.0, 0.0
24390, 0.0, 0.0
24391, 0.0, 0.0
24392, 0.0, 0.0
24393, 0.0, -0.10000000000000142
24394, 0.0, -0.10000000000000142
24395, 0.0, 0.0
24396, 0.0, 0.0
24397, 0.0, 0.0
24398, 0.0, 0.0
24399, 0.0, -0.10000000000000142
24400, 0.0, -0.10000000000000142
24401, 0.0, 0.0
24402, 0.10000000000000142, 0.0
24403, 0.10000000000000142, 0.0
24404, 0.10000000000000142, 0.0
24405, 0.10000000000000142, -0.10000000000000142
24406, 0.10000000000000142, -0.10000000000000142
24407, 0.10000000000000142, -0.10000000000000142
24408, 0.10000000000000142, -0.10000000000000142
24409, 0.10000000000000142, 0.0
24410, 0.10000000000000142, -0.10000000000000142
24411, 0.10000000000000142, -0.10000000000000142
24412, 0.10000000000000142, -0.10000000000000142
24413, 0.10000000000000142, -0.10000000000000142
24414, 0.10000000000000142, -0.10000000000000142
24415, 0.10000000000000142, -0.10000000000000142
24416, 0.10000000000000142, -0.10000000000000142
24417, 0.10000000000000142, -0.10000000000000142
24418, 0.10000000000000142, -0.10000000000000142
24419, 0.10000000000000142, -0.10000000000000142
24420, 0.10000000000000142, -0.10000000000000142
24421, 0.10000000000000142, -0.10000000000000142
24422, 0.0, -0.10000000000000142
24423, 0.0, 0.0
24424, 0.0, -0.10000000000000142
24425, 0.0, -0.10000000000000142
24426, 0.0, -0.10000000000000142
24427, 0.0, -0.10000000000000142
24428, 0.0, 0.0
24429, 0.0, -0.10000000000000142
24430, 0.0, -0.10000000000000142
24431, 0.0, -0.10000000000000142
24432, 0.0, 0.0
24433, 0.0, 0.0
24434, 0.0, -0.10000000000000142
24435, 0.0, -0.10000000000000142
24436, 0.0, -0.10000000000000142
24437, 0.0, 0.0
24438, 0.0, 0.0
24439, 0.10000000000000142, -0.10000000000000142
24440, 0.10000000000000142, -0.10000000000000142
24441, 0.10000000000000142, -0.10000000000000142
24442, 0.10000000000000142, 0.0
24443, 0.10000000000000142, 0.0
24444, 0.10000000000000142, -0.10000000000000142
24445, 0.10000000000000142, -0.10000000000000142
24446, 0.10000000000000142, -0.10000000000000142
24447, 0.10000000000000142, 0.0
24448, 0.10000000000000142, 0.0
24449, 0.10000000000000142, -0.10000000000000142
24450, 0.10000000000000142, -0.10000000000000142
24451, 0.10000000000000142, -0.10000000000000142
24452, 0.10000000000000142, 0.0
24453, 0.10000000000000142, 0.0
24454, 0.0, -0.10000000000000142
24455, 0.0, -0.10000000000000142
24456, 0.0, -0.10000000000000142
24457, 0.0, -0.10000000000000142
24458, 0.0, 0.0
24459, 0.0, -0.10000000000000142
24460, -0.10000000000000142, 0.0
24461, -0.10000000000000142, -0.10000000000000142
24462, -0.10000000000000142, -0.10000000000000142
24463, -0.10000000000000142, -0.10000000000000142
24464, -0.10000000000000142, -0.10000000000000142
24465, -0.10000000000000142, 0.0
24466, -0.10000000000000142, -0.10000000000000142
24467, -0.10000000000000142, -0.10000000000000142
24468, -0.10000000000000142, -0.1999999999999993
24469, -0.10000000000000142, 0.0
24470, -0.10000000000000142, 0.0
24471, -0.10000000000000142, -0.10000000000000142
24472, -0.10000000000000142, -0.10000000000000142
24473, -0.10000000000000142, -0.1999999999999993
24474, -0.10000000000000142, -0.10000000000000142
24475, -0.10000000000000142, 0.0
24476, -0.10000000000000142, -0.10000000000000142
24477, -0.10000000000000142, -0.10000000000000142
24478, -0.10000000000000142, -0.10000000000000142
24479, -0.10000000000000142, -0.1999999999999993
24480, -0.10000000000000142, 0.0
24481, -0.10000000000000142, 0.0
24482, 0.0, -0.10000000000000142
24483, 0.0, -0.10000000000000142
24484, 0.0, -0.10000000000000142
24485, 0.0, -0.1999999999999993
24486, 0.0, -0.1999999999999993
24487, 0.0, -0.10000000000000142
24488, 0.0, -0.10000000000000142
24489, 0.0, -0.1999999999999993
24490, 0.10000000000000142, -0.10000000000000142
24491, 0.10000000000000142, -0.10000000000000142
24492, 0.10000000000000142, -0.1999999999999993
24493, 0.10000000000000142, -0.10000000000000142
24494, 0.10000000000000142, -0.10000000000000142
24495, 0.10000000000000142, -0.10000000000000142
24496, 0.10000000000000142, -0.1999999999999993
24497, 0.10000000000000142, -0.1999999999999993
24498, 0.10000000000000142, -0.1999999999999993
24499, 0.0, -0.10000000000000142
24500, 0.0, -0.1999999999999993
24501, 0.0, -0.1999999999999993
24502, 0.0, -0.1999999999999993
24503, 0.0, -0.1999999999999993
24504, 0.0, -0.3000000000000007
24505, 0.0, -0.1999999999999993
24506, 0.0, -0.1999999999999993
24507, 0.0, -0.1999999999999993
24508, 0.0, -0.1999999999999993
24509, 0.0, -0.3000000000000007
24510, 0.0, -0.1999999999999993
24511, 0.0, -0.10000000000000142
24512, 0.0, -0.10000000000000142
24513, 0.0, -0.1999999999999993
24514, 0.0, -0.1999999999999993
24515, 0.0, -0.1999999999999993
24516, 0.0, -0.1999999999999993
24517, 0.0, -0.10000000000000142
24518, 0.0, -0.1999999999999993
24519, 0.0, -0.10000000000000142
24520, 0.0, -0.10000000000000142
24521, 0.0, -0.10000000000000142
24522, 0.0, -0.10000000000000142
24523, 0.0, -0.10000000000000142
24524, 0.0, -0.10000000000000142
24525, 0.0, -0.10000000000000142
24526, 0.0, -0.10000000000000142
24527, 0.0, -0.1999999999999993
24528, 0.0, -0.10000000000000142
24529, 0.0, -0.10000000000000142
24530, 0.0, 0.0
24531, 0.0, 0.0
24532, 0.0, -0.10000000000000142
24533, 0.0, -0.10000000000000142
24534, 0.0, -0.10000000000000142
24535, 0.0, -0.10000000000000142
24536, 0.0, -0.1999999999999993
24537, 0.0, 0.0
24538, 0.0, 0.0
24539, 0.0, 0.0
24540, 0.0, -0.10000000000000142
24541, 0.0, -0.10000000000000142
24542, 0.0, -0.10000000000000142
24543, 0.0, -0.10000000000000142
24544, 0.0, -0.10000000000000142
24545, 0.0, -0.1999999999999993
24546, 0.0, 0.0
24547, 0.0, 0.0
24548, 0.0, 0.0
24549, 0.0, 0.0
24550, 0.0, -0.10000000000000142
24551, 0.0, -0.10000000000000142
24552, 0.0, -0.10000000000000142
24553, 0.0, -0.10000000000000142
24554, 0.0, -0.10000000000000142
24555, 0.0, -0.1999999999999993
24556, 0.0, -0.10000000000000142
24557, 0.0, 0.0
24558, 0.0, 0.0
24559, 0.0, 0.0
24560, 0.0, 0.0
24561, 0.0, -0.10000000000000142
24562, 0.0, -0.10000000000000142
24563, 0.0, -0.10000000000000142
24564, 0.0, -0.10000000000000142
24565, 0.0, -0.10000000000000142
24566, 0.0, 0.0
24567, 0.0, 0.0
24568, 0.0, 0.0
24569, 0.0, -0.10000000000000142
24570, 0.0, -0.10000000000000142
24571, 0.0, -0.10000000000000142
24572, 0.0, -0.10000000000000142
24573, 0.0, -0.10000000000000142
24574, 0.0, -0.10000000000000142
24575, 0.0, -0.1999999999999993
24576, 0.0, -0.1999999999999993
24577, 0.0, -0.1999999999999993
24578, 0.0, -0.1999999999999993
24579, 0.0, -0.10000000000000142
24580, 0.10000000000000142, -0.10000000000000142
24581, 0.1999999999999993, -0.10000000000000142
24582, 0.1999999999999993, -0.10000000000000142
24583, 0.1999999999999993, -0.10000000000000142
24584, 0.10000000000000142, -0.10000000000000142
24585, 0.10000000000000142, -0.10000000000000142
24586, 0.10000000000000142, -0.10000000000000142
24587, 0.10000000000000142, -0.10000000000000142
24588, 0.10000000000000142, -0.10000000000000142
24589, 0.10000000000000142, -0.10000000000000142
24590, 0.10000000000000142, -0.10000000000000142
24591, 0.10000000000000142, -0.10000000000000142
24592, 0.10000000000000142, -0.1999999999999993
24593, 0.10000000000000142, -0.1999999999999993
24594, 0.10000000000000142, -0.1999999999999993
24595, 0.10000000000000142, -0.1999999999999993
24596, 0.10000000000000142, -0.1999999999999993
24597, 0.10000000000000142, -0.1999999999999993
24598, 0.10000000000000142, -0.1999999999999993
24599, 0.10000000000000142, -0.10000000000000142
24600, 0.10000000000000142, -0.10000000000000142
24601, 0.10000000000000142, -0.10000000000000142
24602, 0.10000000000000142, -0.10000000000000142
24603, 0.10000000000000142, -0.1999999999999993
24604, 0.10000000000000142, -0.1999999999999993
24605, 0.10000000000000142, -0.1999999999999993
24606, 0.10000000000000142, -0.1999999999999993
24607, 0.0, -0.1999999999999993
24608, 0.0, -0.1999999999999993
24609, 0.0, -0.10000000000000142
24610, 0.0, -0.10000000000000142
24611, 0.0, -0.1999999999999993
24612, 0.0, -0.1999999999999993
24613, -0.10000000000000142, -0.10000000000000142
24614, -0.10000000000000142, -0.10000000000000142
24615, -0.10000000000000142, -0.10000000000000142
24616, -0.10000000000000142, -0.10000000000000142
24617, -0.10000000000000142, -0.10000000000000142
24618, -0.10000000000000142, -0.10000000000000142
24619, -0.10000000000000142, -0.10000000000000142
24620, -0.10000000000000142, -0.10000000000000142
24621, -0.10000000000000142, -0.10000000000000142
24622, -0.10000000000000142, -0.1999999999999993
24623, -0.10000000000000142, -0.1999999999999993
24624, -0.10000000000000142, -0.1999999999999993
24625, -0.10000000000000142, -0.1999999999999993
24626, -0.10000000000000142, -0.1999999999999993
24627, -0.10000000000000142, -0.1999999999999993
24628, -0.10000000000000142, -0.1999999999999993
24629, -0.10000000000000142, -0.1999999999999993
24630, -0.10000000000000142, -0.1999999999999993
24631, -0.10000000000000142, -0.1999999999999993
24632, -0.10000000000000142, -0.10000000000000142
24633, -0.10000000000000142, -0.10000000000000142
24634, -0.10000000000000142, -0.1999999999999993
24635, -0.10000000000000142, -0.1999999999999993
24636, -0.10000000000000142, -0.1999999999999993
24637, -0.10000000000000142, -0.1999999999999993
24638, -0.10000000000000142, -0.10000000000000142
24639, -0.1999999999999993, -0.10000000000000142
24640, -0.1999999999999993, -0.10000000000000142
24641, -0.1999999999999993, -0.10000000000000142
24642, -0.1999999999999993, -0.1999999999999993
24643, -0.1999999999999993, -0.1999999999999993
24644, -0.1999999999999993, -0.10000000000000142
24645, -0.1999999999999993, -0.10000000000000142
24646, -0.1999999999999993, -0.10000000000000142
24647, -0.1999999999999993, -0.10000000000000142
24648, -0.1999999999999993, -0.10000000000000142
24649, -0.1999999999999993, 0.0
24650, -0.1999999999999993, 0.0
24651, -0.1999999999999993, 0.0
24652, -0.1999999999999993, -0.10000000000000142
24653, -0.1999999999999993, -0.1999999999999993
24654, -0.1999999999999993, -0.10000000000000142
24655, -0.1999999999999993, -0.10000000000000142
24656, -0.1999999999999993, -0.10000000000000142
24657, -0.1999999999999993, -0.10000000000000142
24658, -0.1999999999999993, -0.10000000000000142
24659, -0.1999999999999993, 0.0
24660, -0.1999999999999993, -0.10000000000000142
24661, -0.1999999999999993, -0.10000000000000142
24662, -0.10000000000000142, -0.10000000000000142
24663, -0.10000000000000142, 0.0
24664, -0.10000000000000142, 0.0
24665, -0.10000000000000142, 0.0
24666, -0.10000000000000142, -0.10000000000000142
24667, -0.10000000000000142, 0.0
24668, -0.10000000000000142, 0.0
24669, -0.10000000000000142, -0.10000000000000142
24670, -0.10000000000000142, -0.10000000000000142
24671, -0.10000000000000142, 0.0
24672, -0.10000000000000142, 0.0
24673, -0.10000000000000142, -0.10000000000000142
24674, -0.10000000000000142, -0.10000000000000142
24675, -0.10000000000000142, 0.0
24676, -0.10000000000000142, 0.0
24677, -0.10000000000000142, 0.0
24678, -0.10000000000000142, 0.10000000000000142
24679, -0.10000000000000142, 0.0
24680, -0.10000000000000142, -0.10000000000000142
24681, -0.10000000000000142, -0.10000000000000142
24682, -0.10000000000000142, 0.0
24683, -0.10000000000000142, 0.0
24684, -0.10000000000000142, 0.0
24685, -0.10000000000000142, 0.10000000000000142
24686, -0.10000000000000142, 0.0
24687, -0.10000000000000142, 0.0
24688, -0.10000000000000142, 0.10000000000000142
24689, -0.10000000000000142, 0.0
24690, -0.10000000000000142, 0.0
24691, -0.10000000000000142, -0.10000000000000142
24692, -0.10000000000000142, 0.0
24693, -0.10000000000000142, 0.0
24694, -0.10000000000000142, 0.0
24695, -0.10000000000000142, 0.10000000000000142
24696, 0.0, 0.0
24697, 0.0, 0.0
24698, 0.0, 0.0
24699, 0.0, 0.10000000000000142
24700, 0.0, 0.10000000000000142
24701, 0.0, 0.0
24702, 0.0, 0.10000000000000142
24703, -0.10000000000000142, 0.0
24704, -0.10000000000000142, 0.0
24705, -0.10000000000000142, -0.10000000000000142
24706, -0.10000000000000142, 0.0
24707, -0.10000000000000142, 0.0
24708, -0.10000000000000142, 0.0
24709, -0.10000000000000142, -0.10000000000000142
24710, -0.10000000000000142, 0.0
24711, -0.10000000000000142, 0.0
24712, -0.10000000000000142, 0.0
24713, -0.10000000000000142, 0.0
24714, -0.10000000000000142, 0.0
24715, -0.1999999999999993, 0.0
24716, -0.1999999999999993, 0.0
24717, -0.1999999999999993, 0.0
24718, -0.1999999999999993, 0.0
24719, -0.1999999999999993, 0.0
24720, -0.10000000000000142, 0.0
24721, -0.10000000000000142, 0.0
24722, -0.10000000000000142, 0.0
24723, -0.10000000000000142, 0.0
24724, -0.10000000000000142, 0.0
24725, -0.10000000000000142, 0.0
24726, -0.10000000000000142, 0.10000000000000142
24727, -0.10000000000000142, 0.0
24728, -0.10000000000000142, 0.0
24729, -0.10000000000000142, 0.0
24730, -0.10000000000000142, 0.10000000000000142
24731, -0.10000000000000142, 0.0
24732, -0.10000000000000142, -0.10000000000000142
24733, -0.10000000000000142, -0.10000000000000142
24734, -0.10000000000000142, -0.10000000000000142
24735, -0.10000000000000142, 0.0
24736, -0.10000000000000142, -0.10000000000000142
24737, -0.10000000000000142, -0.10000000000000142
24738, -0.10000000000000142, -0.10000000000000142
24739, -0.10000000000000142, 0.0
24740, -0.10000000000000142, 0.0
24741, -0.10000000000000142, -0.10000000000000142
24742, -0.10000000000000142, -0.10000000000000142
24743, -0.10000000000000142, 0.0
24744, -0.10000000000000142, 0.0
24745, 0.0, 0.0
24746, 0.0, -0.10000000000000142
24747, 0.0, 0.0
24748, 0.0, 0.0
24749, 0.0, -0.10000000000000142
24750, 0.0, -0.1999999999999993
24751, 0.0, -0.1999999999999993
24752, 0.0, -0.10000000000000142
24753, -0.10000000000000142, -0.10000000000000142
24754, -0.10000000000000142, -0.1999999999999993
24755, -0.10000000000000142, -0.1999999999999993
24756, -0.10000000000000142, -0.10000000000000142
24757, -0.10000000000000142, -0.1999999999999993
24758, -0.10000000000000142, -0.1999999999999993
24759, -0.10000000000000142, -0.10000000000000142
24760, -0.10000000000000142, -0.10000000000000142
24761, -0.10000000000000142, -0.1999999999999993
24762, -0.10000000000000142, -0.1999999999999993
24763, -0.10000000000000142, -0.10000000000000142
24764, -0.10000000000000142, -0.1999999999999993
24765, -0.10000000000000142, -0.10000000000000142
24766, -0.10000000000000142, -0.10000000000000142
24767, -0.10000000000000142, 0.0
24768, -0.10000000000000142, -0.10000000000000142
24769, -0.10000000000000142, -0.10000000000000142
24770, -0.10000000000000142, -0.10000000000000142
24771, -0.10000000000000142, -0.10000000000000142
24772, -0.10000000000000142, -0.10000000000000142
24773, -0.10000000000000142, -0.10000000000000142
24774, -0.10000000000000142, -0.10000000000000142
24775, -0.10000000000000142, -0.10000000000000142
24776, -0.10000000000000142, -0.10000000000000142
24777, -0.10000000000000142, -0.10000000000000142
24778, -0.10000000000000142, -0.10000000000000142
24779, -0.10000000000000142, 0.0
24780, -0.10000000000000142, 0.0
24781, -0.10000000000000142, 0.0
24782, -0.10000000000000142, 0.0
24783, -0.10000000000000142, 0.0
24784, -0.10000000000000142, 0.0
24785, -0.10000000000000142, 0.0
24786, 0.0, 0.0
24787, 0.0, 0.0
24788, 0.0, 0.0
24789, 0.0, 0.0
24790, 0.0, 0.0
24791, 0.0, 0.10000000000000142
24792, 0.0, 0.0
24793, 0.0, 0.0
24794, 0.0, 0.0
24795, 0.0, 0.0
24796, 0.0, 0.0
24797, 0.0, 0.0
24798, 0.0, 0.0
24799, 0.0, 0.10000000000000142
24800, 0.0, 0.0
24801, 0.0, -0.10000000000000142
24802, 0.0, -0.10000000000000142
24803, 0.0, -0.10000000000000142
24804, 0.0, -0.10000000000000142
24805, 0.0, -0.10000000000000142
24806, 0.0, -0.10000000000000142
24807, 0.0, 0.0
24808, 0.0, -0.10000000000000142
24809, 0.0, -0.10000000000000142
24810, 0.0, -0.10000000000000142
24811, 0.0, -0.10000000000000142
24812, 0.0, -0.10000000000000142
24813, 0.0, -0.10000000000000142
24814, 0.0, -0.10000000000000142
24815, 0.0, -0.10000000000000142
24816, 0.0, -0.10000000000000142
24817, 0.0, -0.10000000000000142
24818, 0.0, -0.10000000000000142
24819, 0.0, -0.10000000000000142
24820, 0.0, -0.10000000000000142
24821, 0.0, -0.10000000000000142
24822, 0.0, -0.10000000000000142
24823, 0.0, -0.10000000000000142
24824, 0.0, -0.10000000000000142
24825, 0.0, -0.10000000000000142
24826, 0.0, -0.10000000000000142
24827, 0.0, -0.10000000000000142
24828, 0.0, -0.10000000000000142
24829, 0.0, -0.10000000000000142
24830, 0.0, -0.10000000000000142
24831, 0.0, -0.10000000000000142
24832, 0.0, -0.10000000000000142
24833, 0.10000000000000142, -0.10000000000000142
24834, 0.10000000000000142, 0.0
24835, 0.0, 0.0
24836, 0.0, 0.0
24837, 0.0, 0.0
24838, 0.0, 0.0
24839, 0.0, 0.0
24840, -0.10000000000000142, 0.0
24841, -0.10000000000000142, 0.0
24842, -0.10000000000000142, 0.0
24843, -0.10000000000000142, -0.10000000000000142
24844, -0.10000000000000142, -0.10000000000000142
24845, -0.10000000000000142, -0.10000000000000142
24846, -0.10000000000000142, -0.10000000000000142
24847, -0.10000000000000142, -0.10000000000000142
24848, -0.10000000000000142, -0.10000000000000142
24849, -0.10000000000000142, 0.0
24850, -0.10000000000000142, 0.0
24851, -0.10000000000000142, 0.0
24852, -0.10000000000000142, 0.0
24853, -0.10000000000000142, 0.0
24854, -0.10000000000000142, 0.0
24855, -0.10000000000000142, -0.10000000000000142
24856, -0.10000000000000142, -0.10000000000000142
24857, -0.10000000000000142, -0.10000000000000142
24858, -0.10000000000000142, -0.10000000000000142
24859, -0.10000000000000142, -0.10000000000000142
24860, -0.10000000000000142, -0.10000000000000142
24861, -0.10000000000000142, 0.0
24862, -0.10000000000000142, 0.0
24863, -0.10000000000000142, 0.0
24864, -0.10000000000000142, -0.10000000000000142
24865, -0.10000000000000142, -0.10000000000000142
24866, -0.10000000000000142, -0.10000000000000142
24867, -0.10000000000000142, -0.10000000000000142
24868, -0.10000000000000142, -0.10000000000000142
24869, -0.10000000000000142, 0.0
24870, -0.10000000000000142, 0.0
24871, -0.10000000000000142, 0.0
24872, -0.1999999999999993, 0.0
24873, -0.1999999999999993, -0.10000000000000142
24874, -0.1999999999999993, -0.10000000000000142
24875, -0.1999999999999993, -0.10000000000000142
24876, -0.1999999999999993, 0.0
24877, -0.1999999999999993, 0.0
24878, -0.1999999999999993, 0.0
24879, -0.1999999999999993, 0.0
24880, -0.1999999999999993, 0.0
24881, -0.1999999999999993, -0.10000000000000142
24882, -0.1999999999999993, -0.10000000000000142
24883, -0.1999999999999993, 0.0
24884, 0.0, 0.0
24885, 0.0, 0.0
24886, 0.0, 0.0
24887, 0.0, 0.0
24888, 0.0, 0.0
24889, 0.0, 0.0
24890, 0.0, 0.0
24891, 0.0, -0.10000000000000142
24892, 0.0, -0.10000000000000142
24893, 0.0, -0.10000000000000142
24894, 0.0, 0.0
24895, 0.0, -0.10000000000000142
24896, 0.0, -0.10000000000000142
24897, 0.0, -0.10000000000000142
24898, 0.0, -0.10000000000000142
24899, 0.0, 0.0
24900, 0.0, 0.0
24901, 0.0, -0.10000000000000142
24902, 0.0, -0.10000000000000142
24903, 0.0, -0.10000000000000142
24904, 0.0, 0.0
24905, 0.0, 0.0
24906, 0.0, -0.10000000000000142
24907, 0.0, -0.10000000000000142
24908, 0.0, -0.10000000000000142
24909, 0.0, 0.0
24910, 0.0, 0.0
24911, 0.0, -0.10000000000000142
24912, 0.0, -0.10000000000000142
24913, 0.0, 0.0
24914, 0.0, 0.0
24915, 0.0, -0.10000000000000142
24916, 0.0, -0.10000000000000142
24917, 0.0, -0.10000000000000142
24918, 0.0, 0.0
24919, 0.0, 0.0
24920, 0.0, 0.0
24921, 0.0, 0.0
24922, 0.0, 0.0
24923, 0.0, -0.10000000000000142
24924, 0.0, 0.0
24925, 0.0, 0.0
24926, 0.0, 0.0
24927, 0.0, -0.10000000000000142
24928, 0.0, -0.10000000000000142
24929, 0.0, -0.10000000000000142
24930, 0.0, -0.10000000000000142
24931, 0.0, 0.0
24932, 0.0, 0.0
24933, 0.0, 0.0
24934, 0.0, 0.0
24935, 0.0, 0.0
24936, 0.0, -0.10000000000000142
24937, 0.0, 0.0
24938, 0.0, 0.0
24939, 0.0, 0.0
24940, 0.0, -0.10000000000000142
24941, 0.0, -0.10000000000000142
24942, 0.0, 0.0
24943, 0.0, 0.0
24944, 0.0, 0.0
24945, 0.0, 0.0
24946, 0.0, 0.0
24947, 0.0, 0.0
24948, -0.10000000000000142, 0.0
24949, -0.10000000000000142, -0.10000000000000142
24950, -0.10000000000000142, 0.0
24951, -0.10000000000000142, 0.0
24952, -0.10000000000000142, 0.0
24953, -0.10000000000000142, 0.0
24954, -0.10000000000000142, -0.10000000000000142
24955, -0.10000000000000142, -0.10000000000000142
24956, -0.10000000000000142, 0.0
24957, -0.10000000000000142, 0.0
24958, -0.10000000000000142, -0.10000000000000142
24959, -0.10000000000000142, -0.10000000000000142
24960, -0.10000000000000142, -0.10000000000000142
24961, -0.10000000000000142, 0.0
24962, -0.10000000000000142, 0.0
24963, -0.10000000000000142, -0.10000000000000142
24964, -0.10000000000000142, 0.0
24965, -0.10000000000000142, 0.0
24966, -0.10000000000000142, 0.0
24967, -0.10000000000000142, -0.10000000000000142
24968, -0.10000000000000142, -0.10000000000000142
24969, -0.10000000000000142, -0.10000000000000142
24970, -0.10000000000000142, -0.10000000000000142
24971, -0.10000000000000142, -0.1999999999999993
24972, -0.10000000000000142, -0.10000000000000142
24973, -0.10000000000000142, -0.10000000000000142
24974, -0.10000000000000142, -0.10000000000000142
24975, -0.10000000000000142, -0.10000000000000142
24976, -0.10000000000000142, -0.1999999999999993
24977, -0.10000000000000142, -0.1999999999999993
24978, -0.10000000000000142, -0.1999999999999993
24979, -0.10000000000000142, -0.10000000000000142
24980, -0.10000000000000142, -0.10000000000000142
24981, -0.10000000000000142, -0.1999999999999993
24982, -0.10000000000000142, -0.1999999999999993
24983, -0.10000000000000142, -0.1999999999999993
24984, -0.10000000000000142, -0.1999999999999993
24985, -0.10000000000000142, -0.1999999999999993
24986, -0.10000000000000142, -0.10000000000000142
24987, -0.10000000000000142, -0.10000000000000142
24988, -0.1999999999999993, -0.10000000000000142
24989, -0.1999999999999993, -0.10000000000000142
24990, -0.1999999999999993, -0.1999999999999993
24991, -0.1999999999999993, -0.1999999999999993
24992, -0.1999999999999993, -0.1999999999999993
24993, -0.1999999999999993, -0.1999999999999993
24994, -0.1999999999999993, -0.1999999999999993
24995, -0.1999999999999993, -0.1999999999999993
24996, -0.1999999999999993, -0.1999999999999993
24997, -0.1999999999999993, -0.1999999999999993
24998, -0.1999999999999993, -0.1999999999999993
24999, -0.1999999999999993, -0.1999999999999993
25000, -0.1999999999999993, -0.1999999999999993
25001, -0.1999999999999993, -0.1999999999999993
