,Left_Z[N],Right_Z[N]
1, 10.5, -23.6
2, 10.5, -23.6
3, 10.5, -23.6
4, 10.5, -23.6
5, 10.5, -23.6
6, 10.5, -23.5
7, 10.5, -23.5
8, 10.6, -23.5
9, 10.6, -23.5
10, 10.6, -23.5
11, 10.6, -23.5
12, 10.6, -23.5
13, 10.6, -23.5
14, 10.6, -23.5
15, 10.6, -23.5
16, 10.6, -23.5
17, 10.6, -23.5
18, 10.6, -23.5
19, 10.6, -23.5
20, 10.7, -23.6
21, 10.7, -23.6
22, 10.7, -23.6
23, 10.7, -23.6
24, 10.7, -23.6
25, 10.7, -23.6
26, 10.7, -23.5
27, 10.7, -23.5
28, 10.7, -23.5
29, 10.7, -23.5
30, 10.7, -23.5
31, 10.7, -23.5
32, 10.7, -23.5
33, 10.6, -23.5
34, 10.6, -23.5
35, 10.6, -23.5
36, 10.6, -23.6
37, 10.6, -23.6
38, 10.6, -23.6
39, 10.6, -23.6
40, 10.6, -23.6
41, 10.5, -23.6
42, 10.5, -23.6
43, 10.5, -23.6
44, 10.5, -23.6
45, 10.5, -23.6
46, 10.5, -23.6
47, 10.5, -23.6
48, 10.5, -23.6
49, 10.5, -23.6
50, 10.5, -23.6
51, 10.5, -23.6
52, 10.5, -23.7
53, 10.5, -23.7
54, 10.5, -23.7
55, 10.5, -23.7
56, 10.5, -23.7
57, 10.5, -23.7
58, 10.5, -23.7
59, 10.5, -23.7
60, 10.5, -23.7
61, 10.5, -23.7
62, 10.5, -23.7
63, 10.5, -23.7
64, 10.5, -23.7
65, 10.5, -23.7
66, 10.5, -23.7
67, 10.5, -23.7
68, 10.5, -23.7
69, 10.5, -23.7
70, 10.5, -23.7
71, 10.5, -23.7
72, 10.5, -23.6
73, 10.5, -23.6
74, 10.5, -23.6
75, 10.5, -23.6
76, 10.5, -23.6
77, 10.5, -23.6
78, 10.6, -23.6
79, 10.6, -23.6
80, 10.6, -23.6
81, 10.6, -23.6
82, 10.6, -23.6
83, 10.6, -23.6
84, 10.6, -23.6
85, 10.6, -23.6
86, 10.6, -23.6
87, 10.6, -23.6
88, 10.6, -23.6
89, 10.6, -23.6
90, 10.6, -23.6
91, 10.6, -23.6
92, 10.6, -23.6
93, 10.6, -23.6
94, 10.6, -23.6
95, 10.6, -23.6
96, 10.6, -23.6
97, 10.6, -23.6
98, 10.6, -23.6
99, 10.6, -23.6
100, 10.6, -23.6
101, 10.6, -23.6
102, 10.6, -23.6
103, 10.6, -23.6
104, 10.5, -23.6
105, 10.5, -23.5
106, 10.5, -23.5
107, 10.5, -23.5
108, 10.5, -23.5
109, 10.5, -23.5
110, 10.5, -23.5
111, 10.5, -23.5
112, 10.5, -23.6
113, 10.5, -23.6
114, 10.5, -23.6
115, 10.5, -23.6
116, 10.5, -23.6
117, 10.5, -23.6
118, 10.5, -23.6
119, 10.5, -23.6
120, 10.5, -23.6
121, 10.5, -23.6
122, 10.5, -23.5
123, 10.5, -23.5
124, 10.5, -23.5
125, 10.5, -23.5
126, 10.5, -23.5
127, 10.5, -23.5
128, 10.5, -23.5
129, 10.5, -23.5
130, 10.5, -23.5
131, 10.5, -23.5
132, 10.5, -23.5
133, 10.5, -23.5
134, 10.5, -23.5
135, 10.5, -23.5
136, 10.5, -23.5
137, 10.5, -23.5
138, 10.5, -23.5
139, 10.5, -23.5
140, 10.5, -23.5
141, 10.5, -23.5
142, 10.5, -23.5
143, 10.6, -23.5
144, 10.7, -23.5
145, 10.7, -23.6
146, 10.7, -23.5
147, 10.7, -23.5
148, 10.7, -23.5
149, 10.7, -23.5
150, 10.7, -23.5
151, 10.7, -23.5
152, 10.7, -23.5
153, 10.7, -23.5
154, 10.7, -23.5
155, 10.6, -23.5
156, 10.6, -23.5
157, 10.5, -23.5
158, 10.5, -23.5
159, 10.5, -23.5
160, 10.5, -23.5
161, 10.5, -23.6
162, 10.5, -23.6
163, 10.5, -23.6
164, 10.5, -23.6
165, 10.5, -23.6
166, 10.5, -23.6
167, 10.5, -23.6
168, 10.5, -23.6
169, 10.5, -23.6
170, 10.5, -23.5
171, 10.5, -23.5
172, 10.5, -23.5
173, 10.5, -23.5
174, 10.5, -23.5
175, 10.5, -23.5
176, 10.5, -23.5
177, 10.6, -23.5
178, 10.6, -23.5
179, 10.6, -23.5
180, 10.6, -23.5
181, 10.6, -23.5
182, 10.6, -23.5
183, 10.6, -23.5
184, 10.6, -23.5
185, 10.6, -23.5
186, 10.6, -23.6
187, 10.6, -23.6
188, 10.6, -23.6
189, 10.6, -23.6
190, 10.6, -23.6
191, 10.6, -23.6
192, 10.6, -23.6
193, 10.6, -23.6
194, 10.6, -23.6
195, 10.6, -23.6
196, 10.6, -23.6
197, 10.6, -23.6
198, 10.6, -23.6
199, 10.6, -23.6
200, 10.6, -23.6
201, 10.6, -23.6
202, 10.6, -23.6
203, 10.6, -23.6
204, 10.6, -23.6
205, 10.6, -23.6
206, 10.6, -23.6
207, 10.6, -23.6
208, 10.6, -23.6
209, 10.6, -23.6
210, 10.6, -23.6
211, 10.6, -23.6
212, 10.6, -23.6
213, 10.6, -23.6
214, 10.6, -23.6
215, 10.6, -23.6
216, 10.5, -23.6
217, 10.5, -23.6
218, 10.5, -23.6
219, 10.5, -23.6
220, 10.5, -23.6
221, 10.5, -23.6
222, 10.5, -23.6
223, 10.5, -23.6
224, 10.5, -23.6
225, 10.5, -23.6
226, 10.5, -23.6
227, 10.5, -23.6
228, 10.5, -23.6
229, 10.5, -23.6
230, 10.5, -23.6
231, 10.6, -23.6
232, 10.6, -23.6
233, 10.6, -23.6
234, 10.6, -23.6
235, 10.6, -23.6
236, 10.6, -23.6
237, 10.6, -23.6
238, 10.6, -23.6
239, 10.6, -23.6
240, 10.6, -23.6
241, 10.6, -23.6
242, 10.6, -23.6
243, 10.6, -23.6
244, 10.6, -23.6
245, 10.6, -23.6
246, 10.6, -23.6
247, 10.6, -23.6
248, 10.6, -23.6
249, 10.6, -23.6
250, 10.6, -23.6
251, 10.6, -23.6
252, 10.6, -23.6
253, 10.6, -23.6
254, 10.6, -23.6
255, 10.6, -23.6
256, 10.6, -23.7
257, 10.6, -23.6
258, 10.6, -23.6
259, 10.6, -23.6
260, 10.6, -23.7
261, 10.6, -23.7
262, 10.6, -23.7
263, 10.6, -23.7
264, 10.6, -23.7
265, 10.6, -23.7
266, 10.6, -23.7
267, 10.6, -23.7
268, 10.6, -23.7
269, 10.6, -23.7
270, 10.6, -23.7
271, 10.6, -23.7
272, 10.6, -23.7
273, 10.6, -23.7
274, 10.6, -23.7
275, 10.6, -23.7
276, 10.6, -23.7
277, 10.6, -23.7
278, 10.6, -23.7
279, 10.6, -23.7
280, 10.6, -23.7
281, 10.6, -23.7
282, 10.6, -23.7
283, 10.6, -23.7
284, 10.6, -23.7
285, 10.7, -23.7
286, 10.7, -23.7
287, 10.7, -23.7
288, 10.7, -23.7
289, 10.7, -23.7
290, 10.7, -23.7
291, 10.7, -23.7
292, 10.7, -23.7
293, 10.7, -23.7
294, 10.7, -23.7
295, 10.7, -23.7
296, 10.7, -23.7
297, 10.7, -23.7
298, 10.7, -23.7
299, 10.7, -23.7
300, 10.7, -23.7
301, 10.7, -23.7
302, 10.7, -23.7
303, 10.7, -23.6
304, 10.7, -23.6
305, 10.7, -23.6
306, 10.7, -23.6
307, 10.7, -23.6
308, 10.7, -23.6
309, 10.7, -23.6
310, 10.6, -23.6
311, 10.6, -23.6
312, 10.6, -23.6
313, 10.6, -23.6
314, 10.6, -23.6
315, 10.6, -23.6
316, 10.6, -23.6
317, 10.6, -23.6
318, 10.6, -23.6
319, 10.6, -23.6
320, 10.6, -23.6
321, 10.6, -23.5
322, 10.6, -23.5
323, 10.6, -23.5
324, 10.6, -23.5
325, 10.6, -23.5
326, 10.6, -23.5
327, 10.6, -23.5
328, 10.6, -23.5
329, 10.6, -23.5
330, 10.6, -23.5
331, 10.6, -23.6
332, 10.6, -23.6
333, 10.6, -23.6
334, 10.6, -23.6
335, 10.6, -23.6
336, 10.6, -23.6
337, 10.7, -23.6
338, 10.6, -23.6
339, 10.6, -23.7
340, 10.6, -23.7
341, 10.6, -23.7
342, 10.6, -23.7
343, 10.6, -23.7
344, 10.6, -23.7
345, 10.6, -23.7
346, 10.6, -23.6
347, 10.6, -23.6
348, 10.6, -23.6
349, 10.6, -23.6
350, 10.6, -23.6
351, 10.6, -23.6
352, 10.6, -23.6
353, 10.6, -23.6
354, 10.6, -23.6
355, 10.6, -23.5
356, 10.6, -23.5
357, 10.6, -23.5
358, 10.6, -23.5
359, 10.5, -23.5
360, 10.5, -23.5
361, 10.5, -23.5
362, 10.5, -23.6
363, 10.5, -23.6
364, 10.5, -23.6
365, 10.5, -23.6
366, 10.5, -23.6
367, 10.5, -23.6
368, 10.5, -23.6
369, 10.5, -23.5
370, 10.6, -23.5
371, 10.6, -23.5
372, 10.6, -23.5
373, 10.6, -23.5
374, 10.6, -23.5
375, 10.6, -23.5
376, 10.6, -23.5
377, 10.6, -23.5
378, 10.5, -23.5
379, 10.5, -23.5
380, 10.5, -23.5
381, 10.5, -23.6
382, 10.5, -23.6
383, 10.5, -23.6
384, 10.5, -23.6
385, 10.5, -23.6
386, 10.5, -23.6
387, 10.5, -23.6
388, 10.5, -23.6
389, 10.5, -23.6
390, 10.5, -23.6
391, 10.5, -23.6
392, 10.5, -23.6
393, 10.5, -23.6
394, 10.5, -23.6
395, 10.5, -23.6
396, 10.5, -23.6
397, 10.5, -23.6
398, 10.5, -23.6
399, 10.5, -23.6
400, 10.5, -23.6
401, 10.5, -23.6
402, 10.6, -23.6
403, 10.6, -23.6
404, 10.6, -23.6
405, 10.6, -23.6
406, 10.6, -23.6
407, 10.6, -23.7
408, 10.6, -23.7
409, 10.6, -23.7
410, 10.6, -23.7
411, 10.6, -23.7
412, 10.6, -23.7
413, 10.6, -23.6
414, 10.6, -23.6
415, 10.6, -23.6
416, 10.6, -23.6
417, 10.6, -23.6
418, 10.6, -23.6
419, 10.6, -23.6
420, 10.6, -23.6
421, 10.6, -23.6
422, 10.6, -23.6
423, 10.6, -23.6
424, 10.6, -23.5
425, 10.7, -23.5
426, 10.7, -23.5
427, 10.7, -23.5
428, 10.7, -23.5
429, 10.7, -23.5
430, 10.7, -23.5
431, 10.7, -23.5
432, 10.7, -23.5
433, 10.7, -23.5
434, 10.7, -23.5
435, 10.7, -23.6
436, 10.7, -23.6
437, 10.7, -23.6
438, 10.7, -23.6
439, 10.7, -23.6
440, 10.7, -23.6
441, 10.7, -23.6
442, 10.7, -23.6
443, 10.7, -23.6
444, 10.7, -23.6
445, 10.7, -23.6
446, 10.7, -23.6
447, 10.7, -23.6
448, 10.7, -23.6
449, 10.7, -23.6
450, 10.7, -23.6
451, 10.7, -23.6
452, 10.7, -23.6
453, 10.7, -23.6
454, 10.7, -23.6
455, 10.7, -23.6
456, 10.7, -23.5
457, 10.7, -23.5
458, 10.7, -23.5
459, 10.7, -23.5
460, 10.7, -23.5
461, 10.7, -23.5
462, 10.7, -23.5
463, 10.7, -23.5
464, 10.7, -23.5
465, 10.7, -23.5
466, 10.6, -23.5
467, 10.6, -23.5
468, 10.6, -23.5
469, 10.6, -23.6
470, 10.6, -23.6
471, 10.6, -23.6
472, 10.6, -23.6
473, 10.6, -23.6
474, 10.6, -23.6
475, 10.6, -23.6
476, 10.6, -23.6
477, 10.5, -23.5
478, 10.5, -23.5
479, 10.5, -23.5
480, 10.5, -23.5
481, 10.5, -23.5
482, 10.5, -23.5
483, 10.5, -23.5
484, 10.5, -23.5
485, 10.5, -23.5
486, 10.5, -23.5
487, 10.5, -23.6
488, 10.6, -23.6
489, 10.6, -23.6
490, 10.6, -23.6
491, 10.6, -23.6
492, 10.6, -23.5
493, 10.6, -23.5
494, 10.6, -23.5
495, 10.6, -23.5
496, 10.6, -23.5
497, 10.5, -23.5
498, 10.5, -23.5
499, 10.5, -23.6
500, 10.5, -23.6
501, 10.5, -23.6
502, 10.5, -23.6
503, 10.5, -23.6
504, 10.5, -23.6
505, 10.5, -23.6
506, 10.5, -23.6
507, 10.5, -23.6
508, 10.5, -23.6
509, 10.5, -23.6
510, 10.5, -23.6
511, 10.5, -23.6
512, 10.5, -23.6
513, 10.5, -23.6
514, 10.5, -23.6
515, 10.5, -23.6
516, 10.5, -23.6
517, 10.5, -23.6
518, 10.5, -23.6
519, 10.5, -23.6
520, 10.5, -23.6
521, 10.5, -23.6
522, 10.5, -23.6
523, 10.5, -23.6
524, 10.5, -23.6
525, 10.5, -23.6
526, 10.5, -23.6
527, 10.5, -23.5
528, 10.5, -23.5
529, 10.5, -23.5
530, 10.5, -23.5
531, 10.5, -23.5
532, 10.5, -23.5
533, 10.5, -23.5
534, 10.5, -23.5
535, 10.5, -23.5
536, 10.5, -23.5
537, 10.5, -23.5
538, 10.5, -23.5
539, 10.5, -23.6
540, 10.5, -23.6
541, 10.5, -23.6
542, 10.5, -23.5
543, 10.5, -23.5
544, 10.5, -23.6
545, 10.5, -23.6
546, 10.5, -23.6
547, 10.5, -23.6
548, 10.5, -23.6
549, 10.5, -23.6
550, 10.6, -23.6
551, 10.6, -23.6
552, 10.6, -23.6
553, 10.6, -23.6
554, 10.6, -23.6
555, 10.6, -23.6
556, 10.7, -23.6
557, 10.7, -23.6
558, 10.7, -23.6
559, 10.7, -23.6
560, 10.7, -23.6
561, 10.7, -23.6
562, 10.7, -23.6
563, 10.7, -23.6
564, 10.7, -23.7
565, 10.7, -23.7
566, 10.7, -23.7
567, 10.7, -23.7
568, 10.7, -23.7
569, 10.8, -23.7
570, 10.8, -23.7
571, 10.8, -23.7
572, 10.8, -23.7
573, 10.8, -23.7
574, 10.8, -23.7
575, 10.7, -23.7
576, 10.7, -23.7
577, 10.7, -23.7
578, 10.7, -23.7
579, 10.7, -23.7
580, 10.7, -23.7
581, 10.7, -23.7
582, 10.7, -23.7
583, 10.7, -23.7
584, 10.7, -23.7
585, 10.7, -23.7
586, 10.7, -23.7
587, 10.7, -23.7
588, 10.7, -23.7
589, 10.7, -23.7
590, 10.7, -23.7
591, 10.7, -23.7
592, 10.7, -23.7
593, 10.7, -23.7
594, 10.7, -23.6
595, 10.7, -23.6
596, 10.7, -23.6
597, 10.7, -23.6
598, 10.7, -23.6
599, 10.7, -23.6
600, 10.7, -23.6
601, 10.7, -23.6
602, 10.7, -23.6
603, 10.7, -23.6
604, 10.7, -23.6
605, 10.7, -23.6
606, 10.7, -23.6
607, 10.7, -23.6
608, 10.7, -23.6
609, 10.7, -23.6
610, 10.7, -23.6
611, 10.7, -23.6
612, 10.7, -23.6
613, 10.7, -23.6
614, 10.7, -23.6
615, 10.7, -23.6
616, 10.7, -23.6
617, 10.7, -23.6
618, 10.7, -23.6
619, 10.7, -23.6
620, 10.7, -23.6
621, 10.7, -23.6
622, 10.7, -23.6
623, 10.7, -23.4
624, 10.7, -23.4
625, 10.7, -23.4
626, 10.7, -23.4
627, 10.7, -23.5
628, 10.7, -23.5
629, 10.7, -23.5
630, 10.7, -23.5
631, 10.6, -23.5
632, 10.6, -23.5
633, 10.6, -23.5
634, 10.6, -23.5
635, 10.6, -23.5
636, 10.6, -23.5
637, 10.6, -23.5
638, 10.6, -23.5
639, 10.6, -23.5
640, 10.6, -23.5
641, 10.6, -23.5
642, 10.6, -23.5
643, 10.6, -23.5
644, 10.6, -23.5
645, 10.6, -23.5
646, 10.6, -23.5
647, 10.6, -23.5
648, 10.6, -23.5
649, 10.6, -23.6
650, 10.6, -23.6
651, 10.6, -23.6
652, 10.6, -23.6
653, 10.6, -23.6
654, 10.6, -23.6
655, 10.6, -23.6
656, 10.6, -23.6
657, 10.6, -23.6
658, 10.6, -23.6
659, 10.6, -23.6
660, 10.6, -23.6
661, 10.6, -23.6
662, 10.6, -23.6
663, 10.6, -23.6
664, 10.6, -23.6
665, 10.6, -23.6
666, 10.6, -23.6
667, 10.6, -23.6
668, 10.6, -23.6
669, 10.6, -23.6
670, 10.6, -23.6
671, 10.6, -23.5
672, 10.6, -23.5
673, 10.6, -23.5
674, 10.6, -23.5
675, 10.6, -23.5
676, 10.6, -23.6
677, 10.6, -23.6
678, 10.6, -23.6
679, 10.6, -23.6
680, 10.6, -23.6
681, 10.6, -23.6
682, 10.6, -23.6
683, 10.6, -23.6
684, 10.6, -23.6
685, 10.6, -23.5
686, 10.6, -23.5
687, 10.6, -23.5
688, 10.6, -23.5
689, 10.6, -23.5
690, 10.6, -23.5
691, 10.6, -23.5
692, 10.6, -23.5
693, 10.6, -23.6
694, 10.6, -23.6
695, 10.6, -23.6
696, 10.6, -23.6
697, 10.6, -23.6
698, 10.6, -23.6
699, 10.6, -23.6
700, 10.6, -23.6
701, 10.6, -23.6
702, 10.6, -23.6
703, 10.6, -23.6
704, 10.6, -23.6
705, 10.5, -23.6
706, 10.5, -23.6
707, 10.5, -23.6
708, 10.5, -23.6
709, 10.5, -23.5
710, 10.5, -23.6
711, 10.5, -23.6
712, 10.5, -23.6
713, 10.5, -23.6
714, 10.5, -23.6
715, 10.5, -23.6
716, 10.5, -23.6
717, 10.5, -23.6
718, 10.5, -23.6
719, 10.5, -23.6
720, 10.5, -23.6
721, 10.5, -23.6
722, 10.5, -23.6
723, 10.6, -23.6
724, 10.6, -23.6
725, 10.6, -23.6
726, 10.6, -23.6
727, 10.6, -23.6
728, 10.6, -23.6
729, 10.6, -23.5
730, 10.7, -23.5
731, 10.7, -23.5
732, 10.7, -23.5
733, 10.7, -23.5
734, 10.7, -23.5
735, 10.7, -23.5
736, 10.7, -23.5
737, 10.7, -23.5
738, 10.7, -23.5
739, 10.7, -23.5
740, 10.7, -23.5
741, 10.7, -23.5
742, 10.7, -23.5
743, 10.7, -23.5
744, 10.7, -23.5
745, 10.7, -23.5
746, 10.7, -23.5
747, 10.7, -23.5
748, 10.7, -23.5
749, 10.7, -23.5
750, 10.7, -23.5
751, 10.7, -23.5
752, 10.7, -23.5
753, 10.7, -23.5
754, 10.7, -23.5
755, 10.7, -23.5
756, 10.7, -23.5
757, 10.7, -23.5
758, 10.6, -23.5
759, 10.6, -23.5
760, 10.6, -23.5
761, 10.6, -23.5
762, 10.6, -23.5
763, 10.6, -23.4
764, 10.6, -23.4
765, 10.6, -23.4
766, 10.6, -23.4
767, 10.6, -23.4
768, 10.6, -23.4
769, 10.6, -23.4
770, 10.6, -23.4
771, 10.6, -23.4
772, 10.6, -23.4
773, 10.6, -23.4
774, 10.6, -23.4
775, 10.6, -23.4
776, 10.6, -23.4
777, 10.6, -23.4
778, 10.6, -23.4
779, 10.6, -23.5
780, 10.6, -23.5
781, 10.6, -23.5
782, 10.6, -23.5
783, 10.6, -23.5
784, 10.6, -23.5
785, 10.6, -23.5
786, 10.6, -23.4
787, 10.6, -23.4
788, 10.6, -23.4
789, 10.6, -23.4
790, 10.6, -23.4
791, 10.6, -23.5
792, 10.6, -23.5
793, 10.6, -23.5
794, 10.6, -23.5
795, 10.6, -23.5
796, 10.6, -23.5
797, 10.6, -23.5
798, 10.6, -23.5
799, 10.6, -23.5
800, 10.6, -23.5
801, 10.6, -23.5
802, 10.6, -23.5
803, 10.6, -23.5
804, 10.6, -23.5
805, 10.6, -23.5
806, 10.5, -23.5
807, 10.5, -23.5
808, 10.5, -23.5
809, 10.5, -23.5
810, 10.6, -23.5
811, 10.6, -23.5
812, 10.6, -23.5
813, 10.6, -23.5
814, 10.6, -23.5
815, 10.6, -23.5
816, 10.6, -23.5
817, 10.6, -23.5
818, 10.6, -23.5
819, 10.6, -23.5
820, 10.6, -23.5
821, 10.6, -23.5
822, 10.6, -23.5
823, 10.6, -23.5
824, 10.6, -23.5
825, 10.6, -23.5
826, 10.6, -23.5
827, 10.6, -23.5
828, 10.6, -23.5
829, 10.5, -23.5
830, 10.5, -23.5
831, 10.5, -23.5
832, 10.5, -23.5
833, 10.5, -23.6
834, 10.5, -23.6
835, 10.5, -23.6
836, 10.5, -23.6
837, 10.5, -23.6
838, 10.5, -23.6
839, 10.5, -23.6
840, 10.5, -23.6
841, 10.5, -23.6
842, 10.5, -23.6
843, 10.5, -23.6
844, 10.5, -23.6
845, 10.5, -23.6
846, 10.5, -23.7
847, 10.5, -23.7
848, 10.5, -23.7
849, 10.5, -23.7
850, 10.5, -23.7
851, 10.5, -23.7
852, 10.5, -23.7
853, 10.5, -23.7
854, 10.5, -23.7
855, 10.5, -23.7
856, 10.5, -23.7
857, 10.5, -23.7
858, 10.5, -23.7
859, 10.5, -23.7
860, 10.5, -23.7
861, 10.5, -23.6
862, 10.5, -23.6
863, 10.5, -23.6
864, 10.5, -23.6
865, 10.5, -23.6
866, 10.5, -23.6
867, 10.5, -23.6
868, 10.5, -23.6
869, 10.5, -23.6
870, 10.5, -23.6
871, 10.5, -23.6
872, 10.5, -23.6
873, 10.5, -23.6
874, 10.5, -23.5
875, 10.5, -23.5
876, 10.5, -23.5
877, 10.4, -23.5
878, 10.4, -23.5
879, 10.5, -23.5
880, 10.5, -23.5
881, 10.5, -23.5
882, 10.5, -23.5
883, 10.5, -23.5
884, 10.6, -23.5
885, 10.6, -23.5
886, 10.6, -23.5
887, 10.6, -23.5
888, 10.6, -23.5
889, 10.6, -23.5
890, 10.6, -23.5
891, 10.6, -23.5
892, 10.6, -23.5
893, 10.6, -23.5
894, 10.6, -23.6
895, 10.6, -23.6
896, 10.6, -23.6
897, 10.6, -23.6
898, 10.6, -23.6
899, 10.6, -23.6
900, 10.6, -23.6
901, 10.6, -23.6
902, 10.6, -23.6
903, 10.6, -23.6
904, 10.6, -23.6
905, 10.6, -23.6
906, 10.5, -23.6
907, 10.5, -23.6
908, 10.5, -23.6
909, 10.5, -23.5
910, 10.5, -23.6
911, 10.5, -23.6
912, 10.5, -23.6
913, 10.5, -23.6
914, 10.5, -23.6
915, 10.5, -23.6
916, 10.5, -23.6
917, 10.5, -23.6
918, 10.5, -23.6
919, 10.5, -23.6
920, 10.5, -23.5
921, 10.5, -23.6
922, 10.5, -23.6
923, 10.5, -23.6
924, 10.5, -23.6
925, 10.5, -23.6
926, 10.5, -23.6
927, 10.5, -23.6
928, 10.5, -23.6
929, 10.5, -23.6
930, 10.5, -23.5
931, 10.5, -23.5
932, 10.5, -23.5
933, 10.5, -23.5
934, 10.5, -23.5
935, 10.5, -23.5
936, 10.5, -23.5
937, 10.5, -23.5
938, 10.5, -23.5
939, 10.5, -23.5
940, 10.5, -23.5
941, 10.5, -23.5
942, 10.5, -23.5
943, 10.5, -23.5
944, 10.5, -23.5
945, 10.5, -23.5
946, 10.5, -23.5
947, 10.5, -23.5
948, 10.5, -23.6
949, 10.5, -23.6
950, 10.5, -23.6
951, 10.6, -23.6
952, 10.6, -23.6
953, 10.6, -23.6
954, 10.6, -23.6
955, 10.6, -23.6
956, 10.6, -23.6
957, 10.6, -23.6
958, 10.6, -23.6
959, 10.6, -23.6
960, 10.6, -23.6
961, 10.6, -23.6
962, 10.6, -23.6
963, 10.6, -23.6
964, 10.6, -23.6
965, 10.6, -23.6
966, 10.6, -23.6
967, 10.6, -23.6
968, 10.6, -23.6
969, 10.6, -23.6
970, 10.6, -23.6
971, 10.6, -23.6
972, 10.6, -23.6
973, 10.6, -23.6
974, 10.6, -23.6
975, 10.6, -23.6
976, 10.6, -23.6
977, 10.6, -23.6
978, 10.6, -23.6
979, 10.6, -23.6
980, 10.6, -23.6
981, 10.6, -23.6
982, 10.6, -23.6
983, 10.6, -23.6
984, 10.6, -23.6
985, 10.6, -23.6
986, 10.6, -23.6
987, 10.6, -23.6
988, 10.6, -23.6
989, 10.6, -23.6
990, 10.6, -23.6
991, 10.6, -23.6
992, 10.6, -23.6
993, 10.6, -23.6
994, 10.6, -23.6
995, 10.6, -23.6
996, 10.6, -23.6
997, 10.6, -23.6
998, 10.6, -23.6
999, 10.5, -23.6
1000, 10.5, -23.6
1001, 10.5, -23.6
1002, 10.5, -23.6
1003, 10.5, -23.6
1004, 10.5, -23.6
1005, 10.5, -23.6
1006, 10.5, -23.6
1007, 10.5, -23.6
1008, 10.5, -23.6
1009, 10.5, -23.6
1010, 10.5, -23.6
1011, 10.5, -23.6
1012, 10.5, -23.6
1013, 10.5, -23.6
1014, 10.5, -23.6
1015, 10.5, -23.6
1016, 10.5, -23.6
1017, 10.5, -23.6
1018, 10.5, -23.6
1019, 10.5, -23.6
1020, 10.5, -23.6
1021, 10.5, -23.6
1022, 10.5, -23.6
1023, 10.5, -23.6
1024, 10.5, -23.6
1025, 10.5, -23.6
1026, 10.5, -23.6
1027, 10.5, -23.6
1028, 10.5, -23.6
1029, 10.5, -23.6
1030, 10.5, -23.6
1031, 10.5, -23.6
1032, 10.5, -23.6
1033, 10.5, -23.6
1034, 10.5, -23.6
1035, 10.5, -23.7
1036, 10.5, -23.6
1037, 10.5, -23.6
1038, 10.5, -23.6
1039, 10.5, -23.7
1040, 10.5, -23.7
1041, 10.5, -23.7
1042, 10.5, -23.7
1043, 10.5, -23.7
1044, 10.5, -23.7
1045, 10.5, -23.7
1046, 10.5, -23.7
1047, 10.5, -23.6
1048, 10.6, -23.6
1049, 10.6, -23.6
1050, 10.6, -23.6
1051, 10.6, -23.6
1052, 10.6, -23.6
1053, 10.6, -23.6
1054, 10.6, -23.6
1055, 10.6, -23.6
1056, 10.6, -23.6
1057, 10.6, -23.6
1058, 10.6, -23.6
1059, 10.6, -23.5
1060, 10.6, -23.5
1061, 10.6, -23.5
1062, 10.6, -23.5
1063, 10.7, -23.5
1064, 10.7, -23.5
1065, 10.7, -23.5
1066, 10.7, -23.5
1067, 10.7, -23.5
1068, 10.7, -23.5
1069, 10.7, -23.5
1070, 10.7, -23.5
1071, 10.7, -23.5
1072, 10.7, -23.5
1073, 10.7, -23.5
1074, 10.7, -23.5
1075, 10.7, -23.5
1076, 10.7, -23.5
1077, 10.7, -23.5
1078, 10.7, -23.6
1079, 10.7, -23.6
1080, 10.7, -23.6
1081, 10.7, -23.6
1082, 10.7, -23.6
1083, 10.7, -23.6
1084, 10.6, -23.6
1085, 10.6, -23.6
1086, 10.6, -23.6
1087, 10.6, -23.6
1088, 10.6, -23.6
1089, 10.6, -23.6
1090, 10.6, -23.6
1091, 10.6, -23.6
1092, 10.6, -23.6
1093, 10.6, -23.6
1094, 10.6, -23.6
1095, 10.6, -23.6
1096, 10.6, -23.6
1097, 10.6, -23.6
1098, 10.6, -23.6
1099, 10.6, -23.6
1100, 10.6, -23.7
1101, 10.6, -23.7
1102, 10.6, -23.7
1103, 10.6, -23.7
1104, 10.6, -23.7
1105, 10.6, -23.7
1106, 10.6, -23.7
1107, 10.6, -23.7
1108, 10.6, -23.7
1109, 10.6, -23.6
1110, 10.6, -23.6
1111, 10.6, -23.6
1112, 10.6, -23.6
1113, 10.6, -23.6
1114, 10.6, -23.6
1115, 10.6, -23.6
1116, 10.6, -23.6
1117, 10.6, -23.6
1118, 10.6, -23.6
1119, 10.6, -23.6
1120, 10.6, -23.6
1121, 10.6, -23.6
1122, 10.6, -23.6
1123, 10.6, -23.6
1124, 10.6, -23.6
1125, 10.6, -23.6
1126, 10.6, -23.6
1127, 10.6, -23.6
1128, 10.6, -23.6
1129, 10.6, -23.6
1130, 10.6, -23.6
1131, 10.6, -23.6
1132, 10.6, -23.6
1133, 10.6, -23.6
1134, 10.6, -23.6
1135, 10.6, -23.6
1136, 10.6, -23.6
1137, 10.6, -23.6
1138, 10.6, -23.6
1139, 10.6, -23.6
1140, 10.6, -23.6
1141, 10.6, -23.6
1142, 10.6, -23.6
1143, 10.6, -23.6
1144, 10.6, -23.6
1145, 10.6, -23.6
1146, 10.6, -23.6
1147, 10.6, -23.6
1148, 10.6, -23.7
1149, 10.6, -23.7
1150, 10.6, -23.7
1151, 10.6, -23.7
1152, 10.6, -23.7
1153, 10.6, -23.7
1154, 10.6, -23.7
1155, 10.6, -23.7
1156, 10.6, -23.7
1157, 10.5, -23.7
1158, 10.5, -23.6
1159, 10.5, -23.6
1160, 10.5, -23.5
1161, 10.5, -23.5
1162, 10.5, -23.5
1163, 10.5, -23.5
1164, 10.5, -23.5
1165, 10.5, -23.5
1166, 10.5, -23.5
1167, 10.5, -23.5
1168, 10.5, -23.6
1169, 10.5, -23.6
1170, 10.5, -23.6
1171, 10.5, -23.6
1172, 10.5, -23.6
1173, 10.5, -23.6
1174, 10.5, -23.6
1175, 10.5, -23.6
1176, 10.5, -23.6
1177, 10.5, -23.6
1178, 10.5, -23.6
1179, 10.5, -23.6
1180, 10.5, -23.6
1181, 10.5, -23.6
1182, 10.5, -23.6
1183, 10.5, -23.6
1184, 10.5, -23.5
1185, 10.5, -23.5
1186, 10.5, -23.5
1187, 10.5, -23.5
1188, 10.5, -23.5
1189, 10.5, -23.4
1190, 10.5, -23.4
1191, 10.5, -23.4
1192, 10.5, -23.4
1193, 10.5, -23.4
1194, 10.5, -23.4
1195, 10.6, -23.4
1196, 10.6, -23.4
1197, 10.7, -23.4
1198, 10.7, -23.4
1199, 10.7, -23.4
1200, 10.7, -23.4
1201, 10.7, -23.4
1202, 10.7, -23.4
1203, 10.7, -23.4
1204, 10.7, -23.4
1205, 10.7, -23.4
1206, 10.7, -23.4
1207, 10.7, -23.4
1208, 10.7, -23.4
1209, 10.7, -23.4
1210, 10.7, -23.4
1211, 10.7, -23.4
1212, 10.7, -23.4
1213, 10.7, -23.4
1214, 10.7, -23.4
1215, 10.7, -23.4
1216, 10.7, -23.5
1217, 10.7, -23.5
1218, 10.7, -23.5
1219, 10.7, -23.5
1220, 10.7, -23.5
1221, 10.7, -23.5
1222, 10.7, -23.5
1223, 10.7, -23.5
1224, 10.7, -23.5
1225, 10.7, -23.5
1226, 10.7, -23.5
1227, 10.7, -23.5
1228, 10.7, -23.5
1229, 10.7, -23.5
1230, 10.7, -23.5
1231, 10.7, -23.4
1232, 10.7, -23.4
1233, 10.7, -23.4
1234, 10.7, -23.4
1235, 10.7, -23.4
1236, 10.7, -23.4
1237, 10.7, -23.4
1238, 10.7, -23.4
1239, 10.7, -23.4
1240, 10.7, -23.4
1241, 10.7, -23.4
1242, 10.7, -23.5
1243, 10.7, -23.5
1244, 10.7, -23.5
1245, 10.7, -23.5
1246, 10.7, -23.5
1247, 10.7, -23.5
1248, 10.7, -23.5
1249, 10.7, -23.5
1250, 10.7, -23.5
1251, 10.7, -23.6
1252, 10.7, -23.6
1253, 10.7, -23.6
1254, 10.7, -23.6
1255, 10.7, -23.6
1256, 10.7, -23.6
1257, 10.7, -23.6
1258, 10.7, -23.6
1259, 10.7, -23.6
1260, 10.7, -23.6
1261, 10.7, -23.6
1262, 10.7, -23.6
1263, 10.7, -23.6
1264, 10.7, -23.6
1265, 10.7, -23.6
1266, 10.7, -23.6
1267, 10.7, -23.6
1268, 10.7, -23.6
1269, 10.7, -23.6
1270, 10.7, -23.6
1271, 10.6, -23.6
1272, 10.6, -23.6
1273, 10.6, -23.6
1274, 10.6, -23.6
1275, 10.6, -23.6
1276, 10.6, -23.6
1277, 10.6, -23.6
1278, 10.6, -23.6
1279, 10.6, -23.6
1280, 10.6, -23.6
1281, 10.6, -23.6
1282, 10.6, -23.6
1283, 10.6, -23.6
1284, 10.5, -23.6
1285, 10.5, -23.6
1286, 10.5, -23.6
1287, 10.5, -23.6
1288, 10.5, -23.6
1289, 10.5, -23.6
1290, 10.6, -23.6
1291, 10.6, -23.6
1292, 10.6, -23.6
1293, 10.6, -23.6
1294, 10.6, -23.6
1295, 10.6, -23.6
1296, 10.6, -23.6
1297, 10.6, -23.6
1298, 10.6, -23.6
1299, 10.6, -23.6
1300, 10.6, -23.6
1301, 10.6, -23.6
1302, 10.6, -23.6
1303, 10.6, -23.6
1304, 10.6, -23.6
1305, 10.6, -23.6
1306, 10.6, -23.6
1307, 10.6, -23.6
1308, 10.6, -23.6
1309, 10.6, -23.6
1310, 10.6, -23.6
1311, 10.6, -23.6
1312, 10.6, -23.6
1313, 10.6, -23.6
1314, 10.6, -23.6
1315, 10.6, -23.6
1316, 10.6, -23.6
1317, 10.6, -23.6
1318, 10.6, -23.6
1319, 10.6, -23.6
1320, 10.6, -23.6
1321, 10.6, -23.6
1322, 10.6, -23.6
1323, 10.6, -23.6
1324, 10.6, -23.6
1325, 10.6, -23.6
1326, 10.6, -23.6
1327, 10.6, -23.6
1328, 10.6, -23.6
1329, 10.6, -23.6
1330, 10.6, -23.6
1331, 10.6, -23.6
1332, 10.6, -23.6
1333, 10.6, -23.6
1334, 10.6, -23.6
1335, 10.6, -23.6
1336, 10.6, -23.6
1337, 10.6, -23.6
1338, 10.6, -23.5
1339, 10.6, -23.5
1340, 10.6, -23.5
1341, 10.6, -23.5
1342, 10.6, -23.5
1343, 10.6, -23.5
1344, 10.6, -23.5
1345, 10.5, -23.5
1346, 10.5, -23.5
1347, 10.5, -23.6
1348, 10.5, -23.6
1349, 10.5, -23.6
1350, 10.5, -23.6
1351, 10.5, -23.6
1352, 10.5, -23.6
1353, 10.5, -23.6
1354, 10.5, -23.6
1355, 10.5, -23.6
1356, 10.5, -23.6
1357, 10.5, -23.6
1358, 10.5, -23.6
1359, 10.5, -23.6
1360, 10.5, -23.6
1361, 10.5, -23.6
1362, 10.5, -23.6
1363, 10.5, -23.7
1364, 10.5, -23.7
1365, 10.5, -23.7
1366, 10.5, -23.7
1367, 10.5, -23.7
1368, 10.5, -23.7
1369, 10.5, -23.7
1370, 10.5, -23.7
1371, 10.5, -23.7
1372, 10.5, -23.7
1373, 10.6, -23.7
1374, 10.6, -23.7
1375, 10.6, -23.7
1376, 10.6, -23.7
1377, 10.6, -23.7
1378, 10.6, -23.7
1379, 10.6, -23.7
1380, 10.6, -23.7
1381, 10.6, -23.7
1382, 10.6, -23.7
1383, 10.6, -23.7
1384, 10.6, -23.7
1385, 10.6, -23.7
1386, 10.6, -23.7
1387, 10.6, -23.7
1388, 10.6, -23.7
1389, 10.6, -23.7
1390, 10.6, -23.7
1391, 10.6, -23.7
1392, 10.6, -23.7
1393, 10.6, -23.7
1394, 10.6, -23.7
1395, 10.6, -23.7
1396, 10.6, -23.7
1397, 10.6, -23.7
1398, 10.6, -23.7
1399, 10.6, -23.7
1400, 10.6, -23.7
1401, 10.6, -23.7
1402, 10.6, -23.7
1403, 10.6, -23.7
1404, 10.6, -23.7
1405, 10.6, -23.7
1406, 10.6, -23.7
1407, 10.6, -23.7
1408, 10.6, -23.7
1409, 10.5, -23.6
1410, 10.5, -23.6
1411, 10.5, -23.6
1412, 10.5, -23.6
1413, 10.5, -23.6
1414, 10.5, -23.6
1415, 10.5, -23.6
1416, 10.5, -23.6
1417, 10.5, -23.6
1418, 10.5, -23.6
1419, 10.5, -23.6
1420, 10.5, -23.6
1421, 10.5, -23.6
1422, 10.6, -23.6
1423, 10.6, -23.6
1424, 10.6, -23.6
1425, 10.6, -23.6
1426, 10.6, -23.6
1427, 10.6, -23.6
1428, 10.7, -23.6
1429, 10.7, -23.6
1430, 10.7, -23.6
1431, 10.7, -23.6
1432, 10.7, -23.7
1433, 10.7, -23.7
1434, 10.7, -23.6
1435, 10.7, -23.6
1436, 10.7, -23.6
1437, 10.7, -23.6
1438, 10.7, -23.6
1439, 10.7, -23.6
1440, 10.7, -23.6
1441, 10.7, -23.6
1442, 10.7, -23.6
1443, 10.7, -23.6
1444, 10.7, -23.6
1445, 10.7, -23.6
1446, 10.7, -23.6
1447, 10.7, -23.6
1448, 10.7, -23.6
1449, 10.7, -23.6
1450, 10.7, -23.6
1451, 10.7, -23.5
1452, 10.7, -23.5
1453, 10.7, -23.5
1454, 10.7, -23.5
1455, 10.7, -23.5
1456, 10.7, -23.5
1457, 10.7, -23.6
1458, 10.7, -23.6
1459, 10.7, -23.6
1460, 10.7, -23.6
1461, 10.7, -23.6
1462, 10.7, -23.6
1463, 10.7, -23.6
1464, 10.6, -23.6
1465, 10.6, -23.5
1466, 10.6, -23.5
1467, 10.6, -23.5
1468, 10.6, -23.5
1469, 10.6, -23.5
1470, 10.6, -23.5
1471, 10.6, -23.5
1472, 10.6, -23.5
1473, 10.6, -23.5
1474, 10.6, -23.5
1475, 10.6, -23.5
1476, 10.5, -23.5
1477, 10.5, -23.5
1478, 10.5, -23.5
1479, 10.5, -23.5
1480, 10.5, -23.5
1481, 10.5, -23.4
1482, 10.5, -23.4
1483, 10.5, -23.4
1484, 10.5, -23.4
1485, 10.5, -23.4
1486, 10.5, -23.5
1487, 10.5, -23.5
1488, 10.5, -23.5
1489, 10.5, -23.5
1490, 10.5, -23.5
1491, 10.5, -23.5
1492, 10.5, -23.4
1493, 10.5, -23.4
1494, 10.5, -23.4
1495, 10.5, -23.4
1496, 10.5, -23.4
1497, 10.5, -23.4
1498, 10.5, -23.5
1499, 10.5, -23.5
1500, 10.5, -23.5
1501, 10.5, -23.5
1502, 10.5, -23.5
1503, 10.5, -23.5
1504, 10.5, -23.5
1505, 10.5, -23.5
1506, 10.5, -23.5
1507, 10.5, -23.5
1508, 10.5, -23.5
1509, 10.5, -23.5
1510, 10.5, -23.5
1511, 10.5, -23.5
1512, 10.5, -23.5
1513, 10.5, -23.5
1514, 10.6, -23.5
1515, 10.6, -23.5
1516, 10.6, -23.5
1517, 10.6, -23.5
1518, 10.6, -23.5
1519, 10.6, -23.5
1520, 10.6, -23.5
1521, 10.6, -23.5
1522, 10.6, -23.5
1523, 10.6, -23.5
1524, 10.6, -23.5
1525, 10.6, -23.5
1526, 10.6, -23.5
1527, 10.6, -23.5
1528, 10.6, -23.5
1529, 10.6, -23.5
1530, 10.6, -23.5
1531, 10.6, -23.5
1532, 10.6, -23.5
1533, 10.6, -23.5
1534, 10.6, -23.5
1535, 10.6, -23.5
1536, 10.6, -23.5
1537, 10.6, -23.5
1538, 10.6, -23.5
1539, 10.6, -23.5
1540, 10.6, -23.5
1541, 10.6, -23.5
1542, 10.6, -23.5
1543, 10.6, -23.5
1544, 10.6, -23.5
1545, 10.6, -23.5
1546, 10.6, -23.5
1547, 10.6, -23.6
1548, 10.6, -23.6
1549, 10.6, -23.6
1550, 10.6, -23.6
1551, 10.6, -23.6
1552, 10.6, -23.6
1553, 10.6, -23.6
1554, 10.6, -23.6
1555, 10.6, -23.6
1556, 10.6, -23.6
1557, 10.6, -23.6
1558, 10.6, -23.6
1559, 10.6, -23.6
1560, 10.6, -23.6
1561, 10.6, -23.6
1562, 10.6, -23.6
1563, 10.6, -23.6
1564, 10.6, -23.6
1565, 10.6, -23.6
1566, 10.5, -23.6
1567, 10.5, -23.6
1568, 10.5, -23.6
1569, 10.5, -23.6
1570, 10.5, -23.6
1571, 10.5, -23.6
1572, 10.5, -23.6
1573, 10.5, -23.6
1574, 10.5, -23.6
1575, 10.5, -23.6
1576, 10.5, -23.6
1577, 10.5, -23.6
1578, 10.5, -23.6
1579, 10.5, -23.6
1580, 10.5, -23.6
1581, 10.5, -23.6
1582, 10.5, -23.6
1583, 10.5, -23.6
1584, 10.5, -23.6
1585, 10.5, -23.6
1586, 10.5, -23.6
1587, 10.5, -23.7
1588, 10.5, -23.7
1589, 10.5, -23.7
1590, 10.5, -23.7
1591, 10.5, -23.7
1592, 10.5, -23.7
1593, 10.5, -23.6
1594, 10.5, -23.6
1595, 10.5, -23.6
1596, 10.5, -23.6
1597, 10.5, -23.6
1598, 10.5, -23.6
1599, 10.6, -23.6
1600, 10.6, -23.6
1601, 10.6, -23.6
1602, 10.6, -23.6
1603, 10.6, -23.6
1604, 10.6, -23.6
1605, 10.6, -23.6
1606, 10.6, -23.6
1607, 10.6, -23.6
1608, 10.6, -23.6
1609, 10.6, -23.6
1610, 10.6, -23.6
1611, 10.6, -23.6
1612, 10.6, -23.5
1613, 10.6, -23.5
1614, 10.6, -23.5
1615, 10.6, -23.5
1616, 10.6, -23.5
1617, 10.6, -23.5
1618, 10.6, -23.5
1619, 10.6, -23.5
1620, 10.6, -23.5
1621, 10.6, -23.5
1622, 10.6, -23.6
1623, 10.6, -23.6
1624, 10.6, -23.6
1625, 10.5, -23.6
1626, 10.5, -23.6
1627, 10.6, -23.6
1628, 10.6, -23.6
1629, 10.6, -23.6
1630, 10.6, -23.6
1631, 10.6, -23.6
1632, 10.6, -23.6
1633, 10.6, -23.6
1634, 10.6, -23.6
1635, 10.6, -23.6
1636, 10.6, -23.6
1637, 10.7, -23.6
1638, 10.7, -23.6
1639, 10.7, -23.6
1640, 10.7, -23.6
1641, 10.7, -23.6
1642, 10.7, -23.6
1643, 10.7, -23.6
1644, 10.7, -23.6
1645, 10.7, -23.6
1646, 10.7, -23.6
1647, 10.7, -23.7
1648, 10.7, -23.7
1649, 10.7, -23.7
1650, 10.7, -23.7
1651, 10.7, -23.7
1652, 10.7, -23.7
1653, 10.7, -23.7
1654, 10.7, -23.7
1655, 10.7, -23.7
1656, 10.7, -23.7
1657, 10.6, -23.7
1658, 10.6, -23.7
1659, 10.6, -23.6
1660, 10.6, -23.6
1661, 10.6, -23.6
1662, 10.6, -23.6
1663, 10.6, -23.6
1664, 10.6, -23.6
1665, 10.6, -23.6
1666, 10.6, -23.6
1667, 10.6, -23.6
1668, 10.6, -23.7
1669, 10.6, -23.7
1670, 10.6, -23.7
1671, 10.6, -23.7
1672, 10.6, -23.7
1673, 10.6, -23.7
1674, 10.6, -23.7
1675, 10.6, -23.6
1676, 10.6, -23.6
1677, 10.6, -23.6
1678, 10.6, -23.6
1679, 10.6, -23.6
1680, 10.6, -23.6
1681, 10.6, -23.6
1682, 10.6, -23.6
1683, 10.6, -23.6
1684, 10.6, -23.6
1685, 10.6, -23.6
1686, 10.6, -23.6
1687, 10.6, -23.6
1688, 10.6, -23.6
1689, 10.6, -23.6
1690, 10.6, -23.6
1691, 10.6, -23.6
1692, 10.6, -23.6
1693, 10.6, -23.6
1694, 10.6, -23.6
1695, 10.6, -23.6
1696, 10.6, -23.6
1697, 10.6, -23.6
1698, 10.6, -23.6
1699, 10.6, -23.6
1700, 10.6, -23.6
1701, 10.6, -23.6
1702, 10.6, -23.6
1703, 10.6, -23.6
1704, 10.6, -23.6
1705, 10.6, -23.6
1706, 10.6, -23.6
1707, 10.6, -23.6
1708, 10.6, -23.6
1709, 10.6, -23.6
1710, 10.6, -23.7
1711, 10.6, -23.7
1712, 10.6, -23.7
1713, 10.6, -23.7
1714, 10.6, -23.7
1715, 10.6, -23.6
1716, 10.6, -23.6
1717, 10.6, -23.6
1718, 10.6, -23.6
1719, 10.6, -23.6
1720, 10.6, -23.6
1721, 10.6, -23.6
1722, 10.6, -23.6
1723, 10.6, -23.6
1724, 10.6, -23.6
1725, 10.7, -23.6
1726, 10.7, -23.6
1727, 10.7, -23.6
1728, 10.7, -23.6
1729, 10.7, -23.6
1730, 10.7, -23.6
1731, 10.7, -23.6
1732, 10.7, -23.6
1733, 10.7, -23.6
1734, 10.7, -23.6
1735, 10.7, -23.6
1736, 10.7, -23.6
1737, 10.7, -23.6
1738, 10.7, -23.6
1739, 10.7, -23.6
1740, 10.7, -23.6
1741, 10.7, -23.6
1742, 10.7, -23.6
1743, 10.7, -23.6
1744, 10.7, -23.6
1745, 10.7, -23.6
1746, 10.7, -23.6
1747, 10.7, -23.6
1748, 10.7, -23.6
1749, 10.7, -23.6
1750, 10.7, -23.6
1751, 10.7, -23.5
1752, 10.7, -23.5
1753, 10.7, -23.5
1754, 10.7, -23.5
1755, 10.7, -23.5
1756, 10.7, -23.5
1757, 10.7, -23.6
1758, 10.6, -23.6
1759, 10.6, -23.6
1760, 10.6, -23.6
1761, 10.6, -23.6
1762, 10.6, -23.6
1763, 10.6, -23.6
1764, 10.6, -23.6
1765, 10.6, -23.6
1766, 10.6, -23.6
1767, 10.6, -23.6
1768, 10.6, -23.6
1769, 10.6, -23.6
1770, 10.6, -23.6
1771, 10.6, -23.6
1772, 10.6, -23.6
1773, 10.6, -23.6
1774, 10.6, -23.6
1775, 10.6, -23.6
1776, 10.6, -23.6
1777, 10.6, -23.6
1778, 10.6, -23.7
1779, 10.6, -23.7
1780, 10.6, -23.6
1781, 10.6, -23.6
1782, 10.6, -23.6
1783, 10.6, -23.6
1784, 10.6, -23.7
1785, 10.6, -23.7
1786, 10.5, -23.6
1787, 10.5, -23.6
1788, 10.5, -23.6
1789, 10.5, -23.6
1790, 10.5, -23.6
1791, 10.5, -23.6
1792, 10.5, -23.6
1793, 10.5, -23.6
1794, 10.5, -23.6
1795, 10.5, -23.5
1796, 10.5, -23.5
1797, 10.5, -23.5
1798, 10.5, -23.5
1799, 10.5, -23.6
1800, 10.5, -23.6
1801, 10.5, -23.6
1802, 10.5, -23.6
1803, 10.5, -23.6
1804, 10.5, -23.6
1805, 10.5, -23.6
1806, 10.5, -23.6
1807, 10.5, -23.6
1808, 10.4, -23.6
1809, 10.4, -23.6
1810, 10.4, -23.6
1811, 10.4, -23.6
1812, 10.4, -23.6
1813, 10.5, -23.6
1814, 10.5, -23.6
1815, 10.5, -23.6
1816, 10.5, -23.6
1817, 10.5, -23.6
1818, 10.5, -23.6
1819, 10.5, -23.6
1820, 10.5, -23.6
1821, 10.5, -23.6
1822, 10.6, -23.6
1823, 10.6, -23.6
1824, 10.6, -23.6
1825, 10.6, -23.6
1826, 10.6, -23.6
1827, 10.6, -23.5
1828, 10.6, -23.5
1829, 10.6, -23.5
1830, 10.6, -23.5
1831, 10.6, -23.5
1832, 10.6, -23.5
1833, 10.6, -23.5
1834, 10.6, -23.5
1835, 10.6, -23.5
1836, 10.6, -23.5
1837, 10.6, -23.5
1838, 10.6, -23.5
1839, 10.6, -23.5
1840, 10.6, -23.5
1841, 10.6, -23.5
1842, 10.6, -23.5
1843, 10.6, -23.5
1844, 10.6, -23.5
1845, 10.6, -23.5
1846, 10.6, -23.5
1847, 10.6, -23.5
1848, 10.6, -23.5
1849, 10.6, -23.5
1850, 10.6, -23.5
1851, 10.5, -23.5
1852, 10.5, -23.5
1853, 10.5, -23.5
1854, 10.5, -23.5
1855, 10.5, -23.5
1856, 10.5, -23.5
1857, 10.5, -23.5
1858, 10.5, -23.5
1859, 10.5, -23.5
1860, 10.5, -23.5
1861, 10.5, -23.5
1862, 10.5, -23.5
1863, 10.6, -23.5
1864, 10.6, -23.5
1865, 10.6, -23.5
1866, 10.6, -23.5
1867, 10.6, -23.4
1868, 10.6, -23.4
1869, 10.6, -23.4
1870, 10.6, -23.4
1871, 10.6, -23.4
1872, 10.6, -23.4
1873, 10.6, -23.5
1874, 10.6, -23.5
1875, 10.6, -23.5
1876, 10.6, -23.5
1877, 10.6, -23.5
1878, 10.6, -23.5
1879, 10.6, -23.5
1880, 10.6, -23.5
1881, 10.6, -23.5
1882, 10.6, -23.5
1883, 10.6, -23.5
1884, 10.6, -23.5
1885, 10.6, -23.5
1886, 10.6, -23.5
1887, 10.6, -23.5
1888, 10.6, -23.5
1889, 10.6, -23.5
1890, 10.6, -23.5
1891, 10.6, -23.5
1892, 10.6, -23.5
1893, 10.6, -23.6
1894, 10.6, -23.6
1895, 10.6, -23.6
1896, 10.6, -23.6
1897, 10.6, -23.6
1898, 10.6, -23.6
1899, 10.6, -23.6
1900, 10.6, -23.6
1901, 10.6, -23.6
1902, 10.6, -23.6
1903, 10.6, -23.6
1904, 10.6, -23.6
1905, 10.6, -23.6
1906, 10.6, -23.6
1907, 10.6, -23.6
1908, 10.6, -23.6
1909, 10.6, -23.6
1910, 10.6, -23.6
1911, 10.6, -23.6
1912, 10.6, -23.6
1913, 10.6, -23.6
1914, 10.6, -23.6
1915, 10.6, -23.6
1916, 10.6, -23.6
1917, 10.6, -23.6
1918, 10.6, -23.6
1919, 10.6, -23.6
1920, 10.6, -23.6
1921, 10.6, -23.6
1922, 10.6, -23.6
1923, 10.6, -23.6
1924, 10.6, -23.6
1925, 10.6, -23.5
1926, 10.6, -23.5
1927, 10.6, -23.5
1928, 10.6, -23.5
1929, 10.6, -23.5
1930, 10.6, -23.5
1931, 10.6, -23.5
1932, 10.6, -23.5
1933, 10.6, -23.6
1934, 10.6, -23.6
1935, 10.6, -23.6
1936, 10.6, -23.6
1937, 10.6, -23.6
1938, 10.6, -23.6
1939, 10.6, -23.6
1940, 10.5, -23.6
1941, 10.5, -23.5
1942, 10.5, -23.5
1943, 10.5, -23.5
1944, 10.5, -23.5
1945, 10.5, -23.5
1946, 10.5, -23.5
1947, 10.5, -23.5
1948, 10.5, -23.5
1949, 10.5, -23.5
1950, 10.5, -23.6
1951, 10.5, -23.6
1952, 10.5, -23.6
1953, 10.5, -23.6
1954, 10.5, -23.6
1955, 10.5, -23.6
1956, 10.5, -23.6
1957, 10.6, -23.6
1958, 10.6, -23.6
1959, 10.6, -23.6
1960, 10.6, -23.5
1961, 10.5, -23.5
1962, 10.5, -23.5
1963, 10.5, -23.5
1964, 10.5, -23.5
1965, 10.5, -23.5
1966, 10.5, -23.5
1967, 10.5, -23.5
1968, 10.6, -23.5
1969, 10.6, -23.5
1970, 10.6, -23.5
1971, 10.7, -23.5
1972, 10.7, -23.5
1973, 10.7, -23.5
1974, 10.7, -23.5
1975, 10.7, -23.6
1976, 10.7, -23.6
1977, 10.7, -23.6
1978, 10.7, -23.6
1979, 10.7, -23.6
1980, 10.7, -23.6
1981, 10.7, -23.6
1982, 10.7, -23.6
1983, 10.7, -23.6
1984, 10.7, -23.6
1985, 10.7, -23.6
1986, 10.7, -23.6
1987, 10.7, -23.6
1988, 10.7, -23.6
1989, 10.7, -23.6
1990, 10.7, -23.6
1991, 10.7, -23.6
1992, 10.7, -23.6
1993, 10.7, -23.6
1994, 10.6, -23.6
1995, 10.6, -23.6
1996, 10.6, -23.6
1997, 10.6, -23.6
1998, 10.6, -23.6
1999, 10.6, -23.6
2000, 10.6, -23.6
2001, 10.6, -23.6
2002, 10.6, -23.6
2003, 10.6, -23.6
2004, 10.6, -23.6
2005, 10.6, -23.6
2006, 10.6, -23.6
2007, 10.6, -23.6
2008, 10.6, -23.6
2009, 10.6, -23.6
2010, 10.6, -23.6
2011, 10.6, -23.6
2012, 10.6, -23.6
2013, 10.6, -23.6
2014, 10.6, -23.6
2015, 10.5, -23.6
2016, 10.5, -23.6
2017, 10.5, -23.6
2018, 10.5, -23.6
2019, 10.5, -23.6
2020, 10.5, -23.6
2021, 10.5, -23.6
2022, 10.5, -23.6
2023, 10.5, -23.6
2024, 10.5, -23.6
2025, 10.5, -23.6
2026, 10.5, -23.6
2027, 10.5, -23.6
2028, 10.5, -23.6
2029, 10.5, -23.6
2030, 10.5, -23.6
2031, 10.5, -23.6
2032, 10.5, -23.6
2033, 10.5, -23.6
2034, 10.5, -23.6
2035, 10.5, -23.6
2036, 10.5, -23.6
2037, 10.5, -23.6
2038, 10.5, -23.6
2039, 10.5, -23.6
2040, 10.5, -23.6
2041, 10.5, -23.6
2042, 10.5, -23.6
2043, 10.5, -23.6
2044, 10.5, -23.6
2045, 10.5, -23.6
2046, 10.5, -23.6
2047, 10.5, -23.6
2048, 10.6, -23.6
2049, 10.6, -23.6
2050, 10.6, -23.6
2051, 10.6, -23.6
2052, 10.6, -23.6
2053, 10.6, -23.6
2054, 10.6, -23.6
2055, 10.6, -23.6
2056, 10.6, -23.6
2057, 10.6, -23.6
2058, 10.6, -23.6
2059, 10.6, -23.6
2060, 10.6, -23.6
2061, 10.6, -23.6
2062, 10.6, -23.6
2063, 10.6, -23.6
2064, 10.6, -23.6
2065, 10.6, -23.6
2066, 10.6, -23.6
2067, 10.6, -23.6
2068, 10.6, -23.6
2069, 10.6, -23.6
2070, 10.6, -23.7
2071, 10.6, -23.7
2072, 10.6, -23.7
2073, 10.6, -23.7
2074, 10.6, -23.7
2075, 10.6, -23.6
2076, 10.6, -23.6
2077, 10.7, -23.6
2078, 10.7, -23.6
2079, 10.7, -23.6
2080, 10.6, -23.6
2081, 10.6, -23.6
2082, 10.6, -23.6
2083, 10.6, -23.6
2084, 10.6, -23.6
2085, 10.6, -23.6
2086, 10.6, -23.6
2087, 10.6, -23.5
2088, 10.6, -23.5
2089, 10.6, -23.5
2090, 10.6, -23.5
2091, 10.6, -23.5
2092, 10.6, -23.5
2093, 10.6, -23.6
2094, 10.6, -23.6
2095, 10.6, -23.6
2096, 10.6, -23.6
2097, 10.6, -23.6
2098, 10.5, -23.6
2099, 10.5, -23.6
2100, 10.5, -23.6
2101, 10.5, -23.6
2102, 10.5, -23.6
2103, 10.5, -23.6
2104, 10.5, -23.6
2105, 10.5, -23.6
2106, 10.5, -23.6
2107, 10.5, -23.6
2108, 10.5, -23.6
2109, 10.5, -23.6
2110, 10.5, -23.6
2111, 10.5, -23.6
2112, 10.5, -23.6
2113, 10.5, -23.6
2114, 10.5, -23.6
2115, 10.5, -23.6
2116, 10.5, -23.6
2117, 10.5, -23.6
2118, 10.5, -23.6
2119, 10.5, -23.6
2120, 10.5, -23.6
2121, 10.5, -23.6
2122, 10.5, -23.6
2123, 10.5, -23.6
2124, 10.5, -23.6
2125, 10.5, -23.6
2126, 10.5, -23.6
2127, 10.5, -23.6
2128, 10.5, -23.6
2129, 10.5, -23.6
2130, 10.5, -23.6
2131, 10.5, -23.6
2132, 10.5, -23.6
2133, 10.5, -23.6
2134, 10.5, -23.6
2135, 10.5, -23.6
2136, 10.5, -23.6
2137, 10.5, -23.6
2138, 10.5, -23.6
2139, 10.5, -23.6
2140, 10.5, -23.6
2141, 10.5, -23.5
2142, 10.5, -23.5
2143, 10.5, -23.5
2144, 10.5, -23.5
2145, 10.5, -23.5
2146, 10.5, -23.5
2147, 10.5, -23.5
2148, 10.5, -23.5
2149, 10.5, -23.5
2150, 10.5, -23.5
2151, 10.5, -23.5
2152, 10.5, -23.5
2153, 10.5, -23.5
2154, 10.5, -23.5
2155, 10.5, -23.5
2156, 10.5, -23.5
2157, 10.5, -23.5
2158, 10.5, -23.5
2159, 10.5, -23.6
2160, 10.5, -23.6
2161, 10.5, -23.6
2162, 10.5, -23.6
2163, 10.5, -23.7
2164, 10.5, -23.7
2165, 10.5, -23.7
2166, 10.5, -23.7
2167, 10.5, -23.7
2168, 10.5, -23.7
2169, 10.5, -23.7
2170, 10.5, -23.7
2171, 10.5, -23.7
2172, 10.5, -23.6
2173, 10.5, -23.6
2174, 10.5, -23.6
2175, 10.5, -23.6
2176, 10.5, -23.6
2177, 10.5, -23.6
2178, 10.5, -23.6
2179, 10.5, -23.6
2180, 10.5, -23.6
2181, 10.5, -23.6
2182, 10.6, -23.6
2183, 10.6, -23.6
2184, 10.6, -23.6
2185, 10.6, -23.6
2186, 10.6, -23.6
2187, 10.6, -23.6
2188, 10.6, -23.6
2189, 10.6, -23.6
2190, 10.6, -23.5
2191, 10.6, -23.5
2192, 10.6, -23.5
2193, 10.6, -23.5
2194, 10.6, -23.5
2195, 10.6, -23.5
2196, 10.6, -23.5
2197, 10.5, -23.5
2198, 10.5, -23.5
2199, 10.5, -23.5
2200, 10.5, -23.5
2201, 10.5, -23.5
2202, 10.5, -23.5
2203, 10.5, -23.4
2204, 10.5, -23.4
2205, 10.5, -23.4
2206, 10.5, -23.4
2207, 10.5, -23.4
2208, 10.5, -23.4
2209, 10.5, -23.4
2210, 10.5, -23.4
2211, 10.5, -23.4
2212, 10.5, -23.4
2213, 10.5, -23.4
2214, 10.5, -23.4
2215, 10.5, -23.4
2216, 10.5, -23.4
2217, 10.6, -23.4
2218, 10.6, -23.4
2219, 10.6, -23.4
2220, 10.6, -23.4
2221, 10.6, -23.4
2222, 10.6, -23.4
2223, 10.6, -23.4
2224, 10.6, -23.4
2225, 10.6, -23.4
2226, 10.6, -23.5
2227, 10.6, -23.5
2228, 10.6, -23.6
2229, 10.6, -23.6
2230, 10.6, -23.6
2231, 10.6, -23.6
2232, 10.6, -23.6
2233, 10.6, -23.5
2234, 10.6, -23.5
2235, 10.6, -23.5
2236, 10.6, -23.5
2237, 10.6, -23.5
2238, 10.6, -23.5
2239, 10.6, -23.5
2240, 10.6, -23.5
2241, 10.6, -23.5
2242, 10.6, -23.5
2243, 10.6, -23.5
2244, 10.6, -23.5
2245, 10.6, -23.5
2246, 10.6, -23.5
2247, 10.6, -23.5
2248, 10.6, -23.5
2249, 10.6, -23.6
2250, 10.6, -23.6
2251, 10.6, -23.6
2252, 10.6, -23.6
2253, 10.6, -23.6
2254, 10.6, -23.6
2255, 10.6, -23.6
2256, 10.6, -23.6
2257, 10.6, -23.6
2258, 10.6, -23.6
2259, 10.7, -23.6
2260, 10.7, -23.6
2261, 10.7, -23.6
2262, 10.7, -23.6
2263, 10.7, -23.6
2264, 10.7, -23.6
2265, 10.7, -23.6
2266, 10.7, -23.5
2267, 10.7, -23.5
2268, 10.7, -23.5
2269, 10.7, -23.5
2270, 10.7, -23.5
2271, 10.7, -23.5
2272, 10.7, -23.6
2273, 10.7, -23.6
2274, 10.8, -23.6
2275, 10.8, -23.6
2276, 10.8, -23.6
2277, 10.8, -23.6
2278, 10.6, -23.6
2279, 10.6, -23.6
2280, 10.6, -23.5
2281, 10.6, -23.5
2282, 10.6, -23.5
2283, 10.6, -23.5
2284, 10.6, -23.5
2285, 10.6, -23.5
2286, 10.6, -23.5
2287, 10.6, -23.5
2288, 10.6, -23.5
2289, 10.6, -23.5
2290, 10.6, -23.5
2291, 10.6, -23.5
2292, 10.6, -23.5
2293, 10.6, -23.5
2294, 10.6, -23.5
2295, 10.6, -23.5
2296, 10.6, -23.5
2297, 10.6, -23.5
2298, 10.6, -23.5
2299, 10.6, -23.5
2300, 10.6, -23.5
2301, 10.6, -23.5
2302, 10.6, -23.5
2303, 10.6, -23.5
2304, 10.6, -23.5
2305, 10.7, -23.5
2306, 10.7, -23.5
2307, 10.7, -23.5
2308, 10.7, -23.5
2309, 10.7, -23.5
2310, 10.7, -23.5
2311, 10.7, -23.5
2312, 10.7, -23.5
2313, 10.7, -23.5
2314, 10.7, -23.5
2315, 10.7, -23.5
2316, 10.7, -23.5
2317, 10.7, -23.5
2318, 10.7, -23.5
2319, 10.7, -23.5
2320, 10.7, -23.5
2321, 10.7, -23.5
2322, 10.7, -23.5
2323, 10.7, -23.6
2324, 10.7, -23.6
2325, 10.7, -23.6
2326, 10.7, -23.6
2327, 10.7, -23.6
2328, 10.7, -23.6
2329, 10.7, -23.6
2330, 10.7, -23.6
2331, 10.7, -23.6
2332, 10.7, -23.6
2333, 10.7, -23.6
2334, 10.7, -23.6
2335, 10.7, -23.6
2336, 10.7, -23.6
2337, 10.7, -23.6
2338, 10.7, -23.6
2339, 10.7, -23.6
2340, 10.7, -23.6
2341, 10.7, -23.6
2342, 10.7, -23.6
2343, 10.7, -23.6
2344, 10.7, -23.6
2345, 10.7, -23.6
2346, 10.7, -23.6
2347, 10.7, -23.6
2348, 10.7, -23.6
2349, 10.7, -23.6
2350, 10.7, -23.6
2351, 10.7, -23.6
2352, 10.7, -23.6
2353, 10.7, -23.5
2354, 10.7, -23.5
2355, 10.7, -23.5
2356, 10.6, -23.5
2357, 10.6, -23.5
2358, 10.5, -23.5
2359, 10.5, -23.5
2360, 10.5, -23.5
2361, 10.5, -23.5
2362, 10.5, -23.5
2363, 10.5, -23.5
2364, 10.5, -23.5
2365, 10.5, -23.5
2366, 10.5, -23.5
2367, 10.5, -23.5
2368, 10.5, -23.5
2369, 10.5, -23.5
2370, 10.5, -23.5
2371, 10.5, -23.5
2372, 10.5, -23.5
2373, 10.5, -23.6
2374, 10.5, -23.6
2375, 10.5, -23.6
2376, 10.5, -23.6
2377, 10.5, -23.6
2378, 10.5, -23.6
2379, 10.5, -23.6
2380, 10.5, -23.6
2381, 10.5, -23.6
2382, 10.5, -23.6
2383, 10.5, -23.6
2384, 10.5, -23.6
2385, 10.5, -23.6
2386, 10.5, -23.6
2387, 10.5, -23.6
2388, 10.5, -23.6
2389, 10.5, -23.6
2390, 10.5, -23.6
2391, 10.5, -23.6
2392, 10.5, -23.6
2393, 10.5, -23.6
2394, 10.5, -23.6
2395, 10.5, -23.6
2396, 10.5, -23.6
2397, 10.5, -23.6
2398, 10.5, -23.6
2399, 10.5, -23.6
2400, 10.5, -23.6
2401, 10.5, -23.6
2402, 10.5, -23.6
2403, 10.5, -23.6
2404, 10.5, -23.6
2405, 10.5, -23.6
2406, 10.5, -23.6
2407, 10.5, -23.6
2408, 10.5, -23.6
2409, 10.5, -23.6
2410, 10.5, -23.6
2411, 10.5, -23.6
2412, 10.5, -23.6
2413, 10.5, -23.6
2414, 10.5, -23.6
2415, 10.5, -23.6
2416, 10.5, -23.6
2417, 10.5, -23.6
2418, 10.5, -23.6
2419, 10.5, -23.6
2420, 10.5, -23.6
2421, 10.5, -23.6
2422, 10.5, -23.6
2423, 10.5, -23.6
2424, 10.5, -23.6
2425, 10.5, -23.6
2426, 10.5, -23.6
2427, 10.5, -23.6
2428, 10.5, -23.6
2429, 10.5, -23.6
2430, 10.5, -23.6
2431, 10.5, -23.6
2432, 10.5, -23.6
2433, 10.5, -23.6
2434, 10.5, -23.6
2435, 10.5, -23.6
2436, 10.5, -23.6
2437, 10.5, -23.6
2438, 10.5, -23.6
2439, 10.5, -23.6
2440, 10.6, -23.6
2441, 10.6, -23.6
2442, 10.6, -23.6
2443, 10.6, -23.6
2444, 10.6, -23.6
2445, 10.6, -23.5
2446, 10.6, -23.5
2447, 10.6, -23.6
2448, 10.6, -23.6
2449, 10.6, -23.6
2450, 10.6, -23.6
2451, 10.6, -23.6
2452, 10.6, -23.6
2453, 10.6, -23.6
2454, 10.6, -23.6
2455, 10.6, -23.6
2456, 10.6, -23.6
2457, 10.6, -23.6
2458, 10.6, -23.6
2459, 10.6, -23.6
2460, 10.6, -23.6
2461, 10.6, -23.6
2462, 10.6, -23.6
2463, 10.6, -23.6
2464, 10.6, -23.6
2465, 10.6, -23.6
2466, 10.6, -23.6
2467, 10.6, -23.6
2468, 10.6, -23.6
2469, 10.6, -23.6
2470, 10.6, -23.6
2471, 10.6, -23.6
2472, 10.6, -23.5
2473, 10.6, -23.5
2474, 10.6, -23.5
2475, 10.6, -23.5
2476, 10.6, -23.5
2477, 10.6, -23.5
2478, 10.6, -23.6
2479, 10.6, -23.6
2480, 10.6, -23.6
2481, 10.6, -23.6
2482, 10.6, -23.6
2483, 10.6, -23.6
2484, 10.6, -23.6
2485, 10.6, -23.6
2486, 10.6, -23.6
2487, 10.6, -23.6
2488, 10.6, -23.6
2489, 10.6, -23.6
2490, 10.6, -23.6
2491, 10.6, -23.6
2492, 10.6, -23.6
2493, 10.6, -23.6
2494, 10.6, -23.6
2495, 10.6, -23.6
2496, 10.6, -23.6
2497, 10.6, -23.6
2498, 10.6, -23.6
2499, 10.6, -23.6
2500, 10.6, -23.6
2501, 10.6, -23.6
2502, 10.6, -23.6
2503, 10.6, -23.6
2504, 10.6, -23.6
2505, 10.6, -23.6
2506, 10.6, -23.6
2507, 10.6, -23.6
2508, 10.6, -23.6
2509, 10.6, -23.6
2510, 10.6, -23.6
2511, 10.6, -23.6
2512, 10.6, -23.6
2513, 10.6, -23.6
2514, 10.6, -23.6
2515, 10.6, -23.6
2516, 10.6, -23.6
2517, 10.7, -23.6
2518, 10.7, -23.6
2519, 10.7, -23.6
2520, 10.7, -23.6
2521, 10.7, -23.5
2522, 10.7, -23.5
2523, 10.7, -23.5
2524, 10.7, -23.5
2525, 10.7, -23.5
2526, 10.7, -23.5
2527, 10.7, -23.5
2528, 10.7, -23.5
2529, 10.7, -23.5
2530, 10.7, -23.5
2531, 10.7, -23.5
2532, 10.7, -23.5
2533, 10.7, -23.5
2534, 10.7, -23.5
2535, 10.7, -23.5
2536, 10.7, -23.5
2537, 10.7, -23.6
2538, 10.7, -23.6
2539, 10.7, -23.6
2540, 10.7, -23.6
2541, 10.7, -23.6
2542, 10.7, -23.6
2543, 10.7, -23.6
2544, 10.7, -23.6
2545, 10.7, -23.6
2546, 10.7, -23.6
2547, 10.7, -23.6
2548, 10.7, -23.6
2549, 10.7, -23.6
2550, 10.7, -23.6
2551, 10.7, -23.6
2552, 10.7, -23.6
2553, 10.7, -23.6
2554, 10.7, -23.6
2555, 10.7, -23.6
2556, 10.7, -23.6
2557, 10.7, -23.6
2558, 10.7, -23.6
2559, 10.7, -23.6
2560, 10.7, -23.6
2561, 10.7, -23.5
2562, 10.6, -23.5
2563, 10.5, -23.6
2564, 10.5, -23.6
2565, 10.5, -23.6
2566, 10.5, -23.6
2567, 10.5, -23.6
2568, 10.5, -23.6
2569, 10.5, -23.5
2570, 10.5, -23.5
2571, 10.6, -23.5
2572, 10.6, -23.5
2573, 10.6, -23.5
2574, 10.6, -23.5
2575, 10.6, -23.5
2576, 10.6, -23.5
2577, 10.6, -23.5
2578, 10.6, -23.5
2579, 10.6, -23.5
2580, 10.6, -23.5
2581, 10.6, -23.5
2582, 10.5, -23.5
2583, 10.5, -23.5
2584, 10.5, -23.5
2585, 10.5, -23.5
2586, 10.5, -23.5
2587, 10.5, -23.5
2588, 10.5, -23.5
2589, 10.5, -23.5
2590, 10.5, -23.5
2591, 10.5, -23.5
2592, 10.5, -23.5
2593, 10.5, -23.5
2594, 10.5, -23.5
2595, 10.5, -23.5
2596, 10.5, -23.5
2597, 10.5, -23.5
2598, 10.6, -23.5
2599, 10.6, -23.5
2600, 10.6, -23.5
2601, 10.6, -23.5
2602, 10.6, -23.6
2603, 10.6, -23.6
2604, 10.6, -23.6
2605, 10.6, -23.6
2606, 10.6, -23.6
2607, 10.6, -23.6
2608, 10.6, -23.6
2609, 10.6, -23.6
2610, 10.6, -23.6
2611, 10.6, -23.6
2612, 10.6, -23.6
2613, 10.6, -23.6
2614, 10.6, -23.6
2615, 10.6, -23.6
2616, 10.6, -23.6
2617, 10.6, -23.6
2618, 10.6, -23.7
2619, 10.6, -23.7
2620, 10.6, -23.7
2621, 10.6, -23.7
2622, 10.6, -23.7
2623, 10.6, -23.7
2624, 10.6, -23.7
2625, 10.5, -23.7
2626, 10.5, -23.7
2627, 10.5, -23.7
2628, 10.5, -23.7
2629, 10.5, -23.7
2630, 10.5, -23.7
2631, 10.5, -23.7
2632, 10.5, -23.7
2633, 10.5, -23.7
2634, 10.5, -23.7
2635, 10.5, -23.7
2636, 10.5, -23.7
2637, 10.5, -23.7
2638, 10.5, -23.7
2639, 10.5, -23.7
2640, 10.5, -23.7
2641, 10.5, -23.7
2642, 10.5, -23.7
2643, 10.5, -23.7
2644, 10.5, -23.7
2645, 10.5, -23.7
2646, 10.5, -23.7
2647, 10.5, -23.7
2648, 10.6, -23.7
2649, 10.6, -23.7
2650, 10.6, -23.7
2651, 10.6, -23.7
2652, 10.6, -23.7
2653, 10.6, -23.6
2654, 10.6, -23.6
2655, 10.6, -23.6
2656, 10.6, -23.6
2657, 10.6, -23.6
2658, 10.6, -23.6
2659, 10.6, -23.6
2660, 10.6, -23.6
2661, 10.6, -23.6
2662, 10.6, -23.6
2663, 10.6, -23.6
2664, 10.6, -23.6
2665, 10.6, -23.6
2666, 10.6, -23.6
2667, 10.6, -23.6
2668, 10.6, -23.6
2669, 10.6, -23.6
2670, 10.6, -23.6
2671, 10.6, -23.6
2672, 10.6, -23.6
2673, 10.6, -23.6
2674, 10.6, -23.6
2675, 10.6, -23.6
2676, 10.6, -23.6
2677, 10.6, -23.6
2678, 10.6, -23.5
2679, 10.6, -23.5
2680, 10.5, -23.5
2681, 10.5, -23.5
2682, 10.5, -23.5
2683, 10.5, -23.5
2684, 10.5, -23.5
2685, 10.5, -23.5
2686, 10.5, -23.5
2687, 10.5, -23.5
2688, 10.5, -23.6
2689, 10.5, -23.6
2690, 10.5, -23.6
2691, 10.5, -23.6
2692, 10.5, -23.6
2693, 10.5, -23.6
2694, 10.5, -23.6
2695, 10.6, -23.6
2696, 10.6, -23.6
2697, 10.6, -23.6
2698, 10.6, -23.6
2699, 10.6, -23.6
2700, 10.6, -23.6
2701, 10.6, -23.6
2702, 10.6, -23.6
2703, 10.6, -23.6
2704, 10.6, -23.6
2705, 10.6, -23.6
2706, 10.6, -23.6
2707, 10.6, -23.6
2708, 10.7, -23.6
2709, 10.7, -23.6
2710, 10.7, -23.6
2711, 10.6, -23.6
2712, 10.6, -23.6
2713, 10.6, -23.6
2714, 10.6, -23.6
2715, 10.6, -23.6
2716, 10.6, -23.6
2717, 10.6, -23.6
2718, 10.6, -23.6
2719, 10.6, -23.6
2720, 10.6, -23.6
2721, 10.6, -23.6
2722, 10.6, -23.6
2723, 10.6, -23.6
2724, 10.6, -23.6
2725, 10.6, -23.6
2726, 10.6, -23.6
2727, 10.6, -23.6
2728, 10.6, -23.6
2729, 10.6, -23.6
2730, 10.6, -23.6
2731, 10.6, -23.6
2732, 10.6, -23.6
2733, 10.6, -23.6
2734, 10.7, -23.6
2735, 10.7, -23.5
2736, 10.7, -23.5
2737, 10.7, -23.5
2738, 10.7, -23.5
2739, 10.7, -23.5
2740, 10.7, -23.5
2741, 10.7, -23.5
2742, 10.7, -23.5
2743, 10.6, -23.5
2744, 10.6, -23.5
2745, 10.6, -23.5
2746, 10.6, -23.5
2747, 10.6, -23.5
2748, 10.6, -23.5
2749, 10.6, -23.5
2750, 10.6, -23.5
2751, 10.6, -23.5
2752, 10.6, -23.5
2753, 10.6, -23.5
2754, 10.6, -23.5
2755, 10.7, -23.5
2756, 10.7, -23.5
2757, 10.7, -23.5
2758, 10.7, -23.5
2759, 10.7, -23.5
2760, 10.7, -23.5
2761, 10.7, -23.5
2762, 10.7, -23.5
2763, 10.7, -23.5
2764, 10.7, -23.5
2765, 10.7, -23.5
2766, 10.7, -23.5
2767, 10.7, -23.5
2768, 10.7, -23.5
2769, 10.7, -23.5
2770, 10.7, -23.5
2771, 10.7, -23.5
2772, 10.7, -23.5
2773, 10.7, -23.5
2774, 10.7, -23.5
2775, 10.7, -23.6
2776, 10.7, -23.6
2777, 10.7, -23.6
2778, 10.7, -23.6
2779, 10.7, -23.6
2780, 10.7, -23.6
2781, 10.7, -23.6
2782, 10.7, -23.6
2783, 10.7, -23.6
2784, 10.7, -23.6
2785, 10.7, -23.6
2786, 10.7, -23.6
2787, 10.7, -23.6
2788, 10.7, -23.6
2789, 10.7, -23.6
2790, 10.7, -23.6
2791, 10.7, -23.6
2792, 10.7, -23.6
2793, 10.7, -23.6
2794, 10.7, -23.6
2795, 10.7, -23.6
2796, 10.7, -23.6
2797, 10.7, -23.6
2798, 10.7, -23.6
2799, 10.7, -23.6
2800, 10.7, -23.6
2801, 10.7, -23.6
2802, 10.7, -23.6
2803, 10.7, -23.6
2804, 10.7, -23.6
2805, 10.7, -23.6
2806, 10.7, -23.6
2807, 10.7, -23.6
2808, 10.7, -23.6
2809, 10.7, -23.6
2810, 10.7, -23.6
2811, 10.7, -23.6
2812, 10.7, -23.6
2813, 10.7, -23.6
2814, 10.7, -23.6
2815, 10.7, -23.6
2816, 10.7, -23.6
2817, 10.7, -23.6
2818, 10.7, -23.6
2819, 10.7, -23.6
2820, 10.7, -23.6
2821, 10.7, -23.6
2822, 10.7, -23.6
2823, 10.7, -23.6
2824, 10.7, -23.6
2825, 10.7, -23.6
2826, 10.7, -23.6
2827, 10.7, -23.6
2828, 10.7, -23.6
2829, 10.7, -23.6
2830, 10.7, -23.6
2831, 10.7, -23.6
2832, 10.6, -23.6
2833, 10.6, -23.6
2834, 10.6, -23.6
2835, 10.6, -23.6
2836, 10.6, -23.6
2837, 10.6, -23.6
2838, 10.6, -23.6
2839, 10.6, -23.6
2840, 10.6, -23.6
2841, 10.6, -23.6
2842, 10.6, -23.6
2843, 10.6, -23.6
2844, 10.6, -23.6
2845, 10.6, -23.6
2846, 10.6, -23.6
2847, 10.6, -23.6
2848, 10.6, -23.6
2849, 10.6, -23.6
2850, 10.6, -23.6
2851, 10.6, -23.6
2852, 10.6, -23.6
2853, 10.6, -23.6
2854, 10.6, -23.6
2855, 10.6, -23.6
2856, 10.6, -23.6
2857, 10.6, -23.6
2858, 10.6, -23.6
2859, 10.5, -23.6
2860, 10.5, -23.6
2861, 10.5, -23.6
2862, 10.5, -23.6
2863, 10.5, -23.6
2864, 10.5, -23.6
2865, 10.5, -23.5
2866, 10.5, -23.5
2867, 10.5, -23.5
2868, 10.5, -23.5
2869, 10.5, -23.5
2870, 10.5, -23.6
2871, 10.5, -23.6
2872, 10.5, -23.6
2873, 10.5, -23.6
2874, 10.6, -23.6
2875, 10.6, -23.6
2876, 10.6, -23.6
2877, 10.6, -23.6
2878, 10.6, -23.6
2879, 10.6, -23.6
2880, 10.6, -23.6
2881, 10.6, -23.6
2882, 10.6, -23.6
2883, 10.6, -23.6
2884, 10.6, -23.6
2885, 10.6, -23.6
2886, 10.6, -23.6
2887, 10.6, -23.6
2888, 10.6, -23.5
2889, 10.6, -23.5
2890, 10.6, -23.5
2891, 10.6, -23.5
2892, 10.6, -23.5
2893, 10.6, -23.5
2894, 10.6, -23.5
2895, 10.6, -23.5
2896, 10.6, -23.5
2897, 10.6, -23.5
2898, 10.6, -23.5
2899, 10.6, -23.5
2900, 10.6, -23.5
2901, 10.6, -23.5
2902, 10.6, -23.5
2903, 10.6, -23.5
2904, 10.6, -23.5
2905, 10.6, -23.5
2906, 10.6, -23.5
2907, 10.6, -23.5
2908, 10.6, -23.5
2909, 10.6, -23.5
2910, 10.6, -23.5
2911, 10.6, -23.5
2912, 10.6, -23.5
2913, 10.6, -23.5
2914, 10.6, -23.6
2915, 10.6, -23.6
2916, 10.6, -23.6
2917, 10.6, -23.6
2918, 10.5, -23.6
2919, 10.5, -23.6
2920, 10.5, -23.6
2921, 10.5, -23.6
2922, 10.5, -23.6
2923, 10.5, -23.6
2924, 10.5, -23.6
2925, 10.5, -23.6
2926, 10.4, -23.6
2927, 10.4, -23.6
2928, 10.4, -23.6
2929, 10.4, -23.6
2930, 10.4, -23.6
2931, 10.4, -23.6
2932, 10.4, -23.6
2933, 10.4, -23.6
2934, 10.4, -23.5
2935, 10.4, -23.5
2936, 10.4, -23.5
2937, 10.4, -23.5
2938, 10.4, -23.5
2939, 10.4, -23.5
2940, 10.4, -23.5
2941, 10.5, -23.5
2942, 10.5, -23.5
2943, 10.5, -23.5
2944, 10.5, -23.5
2945, 10.5, -23.5
2946, 10.5, -23.5
2947, 10.5, -23.5
2948, 10.6, -23.5
2949, 10.6, -23.5
2950, 10.6, -23.5
2951, 10.6, -23.5
2952, 10.6, -23.5
2953, 10.6, -23.5
2954, 10.6, -23.5
2955, 10.6, -23.5
2956, 10.6, -23.5
2957, 10.6, -23.5
2958, 10.6, -23.5
2959, 10.6, -23.5
2960, 10.6, -23.5
2961, 10.6, -23.5
2962, 10.6, -23.5
2963, 10.6, -23.5
2964, 10.6, -23.5
2965, 10.6, -23.5
2966, 10.6, -23.5
2967, 10.6, -23.5
2968, 10.6, -23.5
2969, 10.6, -23.5
2970, 10.6, -23.5
2971, 10.6, -23.5
2972, 10.6, -23.5
2973, 10.6, -23.5
2974, 10.6, -23.5
2975, 10.6, -23.5
2976, 10.6, -23.5
2977, 10.6, -23.6
2978, 10.6, -23.6
2979, 10.6, -23.6
2980, 10.6, -23.6
2981, 10.6, -23.6
2982, 10.6, -23.6
2983, 10.6, -23.6
2984, 10.6, -23.6
2985, 10.6, -23.6
2986, 10.6, -23.6
2987, 10.6, -23.6
2988, 10.6, -23.6
2989, 10.6, -23.6
2990, 10.6, -23.6
2991, 10.6, -23.6
2992, 10.6, -23.6
2993, 10.6, -23.6
2994, 10.6, -23.6
2995, 10.6, -23.6
2996, 10.6, -23.6
2997, 10.6, -23.6
2998, 10.6, -23.6
2999, 10.6, -23.6
3000, 10.6, -23.6
3001, 10.6, -23.6
3002, 10.6, -23.7
3003, 10.6, -23.7
3004, 10.6, -23.7
3005, 10.6, -23.7
3006, 10.6, -23.7
3007, 10.6, -23.7
3008, 10.6, -23.7
3009, 10.6, -23.7
3010, 10.6, -23.7
3011, 10.6, -23.7
3012, 10.6, -23.7
3013, 10.6, -23.7
3014, 10.6, -23.7
3015, 10.6, -23.7
3016, 10.7, -23.7
3017, 10.7, -23.6
3018, 10.7, -23.7
3019, 10.7, -23.7
3020, 10.7, -23.7
3021, 10.7, -23.7
3022, 10.7, -23.7
3023, 10.7, -23.7
3024, 10.7, -23.7
3025, 10.7, -23.7
3026, 10.7, -23.7
3027, 10.7, -23.7
3028, 10.7, -23.7
3029, 10.7, -23.7
3030, 10.7, -23.7
3031, 10.7, -23.7
3032, 10.7, -23.7
3033, 10.7, -23.7
3034, 10.7, -23.7
3035, 10.7, -23.7
3036, 10.7, -23.7
3037, 10.7, -23.7
3038, 10.7, -23.7
3039, 10.7, -23.6
3040, 10.7, -23.6
3041, 10.7, -23.5
3042, 10.7, -23.5
3043, 10.7, -23.5
3044, 10.7, -23.5
3045, 10.7, -23.5
3046, 10.7, -23.5
3047, 10.7, -23.5
3048, 10.6, -23.5
3049, 10.6, -23.5
3050, 10.6, -23.5
3051, 10.6, -23.5
3052, 10.6, -23.5
3053, 10.6, -23.5
3054, 10.6, -23.5
3055, 10.6, -23.5
3056, 10.6, -23.5
3057, 10.6, -23.5
3058, 10.6, -23.5
3059, 10.6, -23.5
3060, 10.6, -23.5
3061, 10.6, -23.5
3062, 10.6, -23.5
3063, 10.6, -23.5
3064, 10.6, -23.5
3065, 10.6, -23.5
3066, 10.6, -23.5
3067, 10.6, -23.5
3068, 10.6, -23.6
3069, 10.6, -23.6
3070, 10.6, -23.6
3071, 10.6, -23.6
3072, 10.6, -23.6
3073, 10.6, -23.6
3074, 10.6, -23.6
3075, 10.6, -23.6
3076, 10.6, -23.6
3077, 10.6, -23.6
3078, 10.6, -23.6
3079, 10.6, -23.6
3080, 10.6, -23.6
3081, 10.6, -23.6
3082, 10.6, -23.6
3083, 10.6, -23.6
3084, 10.6, -23.6
3085, 10.6, -23.6
3086, 10.6, -23.6
3087, 10.6, -23.6
3088, 10.5, -23.6
3089, 10.5, -23.6
3090, 10.5, -23.6
3091, 10.5, -23.6
3092, 10.5, -23.6
3093, 10.5, -23.6
3094, 10.5, -23.6
3095, 10.5, -23.6
3096, 10.5, -23.6
3097, 10.5, -23.6
3098, 10.5, -23.6
3099, 10.5, -23.5
3100, 10.5, -23.6
3101, 10.5, -23.6
3102, 10.5, -23.6
3103, 10.5, -23.6
3104, 10.5, -23.6
3105, 10.5, -23.6
3106, 10.5, -23.6
3107, 10.5, -23.6
3108, 10.5, -23.6
3109, 10.5, -23.6
3110, 10.5, -23.6
3111, 10.5, -23.6
3112, 10.5, -23.6
3113, 10.5, -23.6
3114, 10.5, -23.6
3115, 10.5, -23.6
3116, 10.5, -23.6
3117, 10.5, -23.6
3118, 10.5, -23.6
3119, 10.5, -23.6
3120, 10.5, -23.6
3121, 10.5, -23.6
3122, 10.5, -23.6
3123, 10.5, -23.6
3124, 10.5, -23.6
3125, 10.5, -23.6
3126, 10.5, -23.6
3127, 10.5, -23.6
3128, 10.5, -23.6
3129, 10.5, -23.5
3130, 10.5, -23.5
3131, 10.5, -23.5
3132, 10.5, -23.5
3133, 10.5, -23.5
3134, 10.5, -23.5
3135, 10.5, -23.5
3136, 10.5, -23.5
3137, 10.5, -23.5
3138, 10.5, -23.6
3139, 10.5, -23.6
3140, 10.5, -23.6
3141, 10.5, -23.6
3142, 10.5, -23.6
3143, 10.5, -23.6
3144, 10.5, -23.6
3145, 10.5, -23.6
3146, 10.5, -23.6
3147, 10.5, -23.6
3148, 10.5, -23.6
3149, 10.5, -23.6
3150, 10.5, -23.6
3151, 10.5, -23.6
3152, 10.5, -23.6
3153, 10.5, -23.6
3154, 10.5, -23.6
3155, 10.5, -23.6
3156, 10.5, -23.6
3157, 10.5, -23.6
3158, 10.5, -23.6
3159, 10.5, -23.6
3160, 10.5, -23.6
3161, 10.5, -23.6
3162, 10.5, -23.5
3163, 10.5, -23.5
3164, 10.5, -23.5
3165, 10.5, -23.5
3166, 10.5, -23.5
3167, 10.5, -23.5
3168, 10.5, -23.5
3169, 10.5, -23.5
3170, 10.5, -23.5
3171, 10.5, -23.5
3172, 10.5, -23.5
3173, 10.6, -23.5
3174, 10.6, -23.5
3175, 10.6, -23.5
3176, 10.6, -23.5
3177, 10.6, -23.5
3178, 10.6, -23.5
3179, 10.6, -23.5
3180, 10.6, -23.5
3181, 10.6, -23.5
3182, 10.6, -23.5
3183, 10.6, -23.5
3184, 10.6, -23.5
3185, 10.6, -23.5
3186, 10.6, -23.5
3187, 10.6, -23.5
3188, 10.6, -23.6
3189, 10.6, -23.6
3190, 10.6, -23.6
3191, 10.6, -23.6
3192, 10.6, -23.6
3193, 10.6, -23.6
3194, 10.6, -23.6
3195, 10.6, -23.6
3196, 10.6, -23.6
3197, 10.6, -23.6
3198, 10.6, -23.6
3199, 10.7, -23.6
3200, 10.7, -23.6
3201, 10.7, -23.6
3202, 10.7, -23.6
3203, 10.7, -23.6
3204, 10.7, -23.6
3205, 10.7, -23.6
3206, 10.7, -23.6
3207, 10.7, -23.6
3208, 10.7, -23.6
3209, 10.7, -23.6
3210, 10.7, -23.6
3211, 10.7, -23.6
3212, 10.7, -23.6
3213, 10.6, -23.6
3214, 10.6, -23.6
3215, 10.5, -23.6
3216, 10.5, -23.6
3217, 10.5, -23.6
3218, 10.5, -23.6
3219, 10.5, -23.6
3220, 10.5, -23.6
3221, 10.5, -23.6
3222, 10.5, -23.6
3223, 10.5, -23.6
3224, 10.5, -23.6
3225, 10.5, -23.6
3226, 10.5, -23.6
3227, 10.5, -23.6
3228, 10.5, -23.6
3229, 10.5, -23.6
3230, 10.5, -23.6
3231, 10.5, -23.6
3232, 10.5, -23.6
3233, 10.5, -23.6
3234, 10.5, -23.6
3235, 10.5, -23.6
3236, 10.5, -23.6
3237, 10.5, -23.6
3238, 10.5, -23.6
3239, 10.5, -23.6
3240, 10.5, -23.6
3241, 10.5, -23.6
3242, 10.5, -23.6
3243, 10.5, -23.6
3244, 10.5, -23.6
3245, 10.5, -23.6
3246, 10.5, -23.6
3247, 10.5, -23.6
3248, 10.5, -23.6
3249, 10.5, -23.6
3250, 10.5, -23.5
3251, 10.5, -23.5
3252, 10.5, -23.5
3253, 10.5, -23.5
3254, 10.5, -23.5
3255, 10.5, -23.5
3256, 10.5, -23.5
3257, 10.5, -23.5
3258, 10.5, -23.5
3259, 10.5, -23.5
3260, 10.5, -23.5
3261, 10.5, -23.5
3262, 10.5, -23.5
3263, 10.5, -23.5
3264, 10.5, -23.5
3265, 10.5, -23.5
3266, 10.5, -23.5
3267, 10.5, -23.5
3268, 10.6, -23.6
3269, 10.6, -23.7
3270, 10.6, -23.6
3271, 10.6, -23.6
3272, 10.6, -23.6
3273, 10.6, -23.6
3274, 10.6, -23.6
3275, 10.6, -23.6
3276, 10.6, -23.6
3277, 10.6, -23.6
3278, 10.6, -23.6
3279, 10.6, -23.6
3280, 10.6, -23.6
3281, 10.6, -23.6
3282, 10.6, -23.6
3283, 10.6, -23.6
3284, 10.6, -23.6
3285, 10.6, -23.6
3286, 10.6, -23.6
3287, 10.6, -23.5
3288, 10.6, -23.5
3289, 10.6, -23.5
3290, 10.6, -23.5
3291, 10.6, -23.5
3292, 10.6, -23.5
3293, 10.5, -23.5
3294, 10.5, -23.5
3295, 10.5, -23.5
3296, 10.5, -23.5
3297, 10.5, -23.5
3298, 10.5, -23.5
3299, 10.5, -23.5
3300, 10.5, -23.5
3301, 10.5, -23.5
3302, 10.5, -23.5
3303, 10.5, -23.5
3304, 10.5, -23.5
3305, 10.5, -23.5
3306, 10.5, -23.5
3307, 10.5, -23.5
3308, 10.5, -23.6
3309, 10.5, -23.6
3310, 10.5, -23.6
3311, 10.5, -23.6
3312, 10.5, -23.6
3313, 10.5, -23.6
3314, 10.5, -23.6
3315, 10.5, -23.6
3316, 10.5, -23.6
3317, 10.5, -23.6
3318, 10.5, -23.6
3319, 10.5, -23.6
3320, 10.5, -23.7
3321, 10.6, -23.7
3322, 10.6, -23.7
3323, 10.6, -23.7
3324, 10.6, -23.7
3325, 10.6, -23.7
3326, 10.6, -23.7
3327, 10.6, -23.7
3328, 10.6, -23.7
3329, 10.6, -23.7
3330, 10.6, -23.7
3331, 10.6, -23.7
3332, 10.6, -23.7
3333, 10.6, -23.7
3334, 10.6, -23.7
3335, 10.6, -23.7
3336, 10.6, -23.6
3337, 10.6, -23.6
3338, 10.6, -23.6
3339, 10.6, -23.6
3340, 10.6, -23.6
3341, 10.6, -23.6
3342, 10.6, -23.6
3343, 10.6, -23.5
3344, 10.6, -23.5
3345, 10.6, -23.5
3346, 10.6, -23.5
3347, 10.6, -23.5
3348, 10.6, -23.5
3349, 10.6, -23.5
3350, 10.6, -23.5
3351, 10.6, -23.5
3352, 10.6, -23.5
3353, 10.6, -23.6
3354, 10.5, -23.6
3355, 10.5, -23.6
3356, 10.5, -23.6
3357, 10.5, -23.6
3358, 10.5, -23.6
3359, 10.5, -23.6
3360, 0.0, -23.6
3361, 0.0, -23.6
3362, 0.0, -23.6
3363, 0.0, -23.6
3364, 0.0, -23.6
3365, 0.0, 0.10000000000000142
3366, 0.0, 0.10000000000000142
3367, 0.0, 0.10000000000000142
3368, 0.0, 0.0
3369, 0.0, 0.0
3370, 0.0, 0.0
3371, 0.0, 0.0
3372, 0.0, 0.0
3373, 0.0, 0.0
3374, 0.0, 0.0
3375, 0.0, 0.0
3376, 0.0, 0.0
3377, 0.0, 0.0
3378, 0.0, 0.0
3379, 0.0, 0.0
3380, 0.0, 0.0
3381, 0.0, 0.0
3382, 0.0, 0.0
3383, 0.0, 0.0
3384, 0.0, 0.0
3385, 0.0, 0.0
3386, 0.0, 0.0
3387, 0.0, 0.0
3388, 0.0, 0.0
3389, 0.09999999999999964, 0.0
3390, 0.09999999999999964, 0.0
3391, 0.09999999999999964, 0.0
3392, 0.09999999999999964, 0.0
3393, 0.09999999999999964, 0.0
3394, 0.09999999999999964, 0.0
3395, 0.1999999999999993, 0.0
3396, 0.1999999999999993, 0.0
3397, 0.1999999999999993, 0.0
3398, 0.1999999999999993, 0.0
3399, 0.1999999999999993, 0.0
3400, 0.1999999999999993, -0.09999999999999787
3401, 0.1999999999999993, -0.09999999999999787
3402, 0.1999999999999993, -0.09999999999999787
3403, 0.1999999999999993, -0.09999999999999787
3404, 0.1999999999999993, -0.09999999999999787
3405, 0.1999999999999993, -0.09999999999999787
3406, 0.1999999999999993, -0.09999999999999787
3407, 0.1999999999999993, -0.09999999999999787
3408, 0.1999999999999993, -0.09999999999999787
3409, 0.1999999999999993, -0.09999999999999787
3410, 0.1999999999999993, -0.09999999999999787
3411, 0.09999999999999964, -0.09999999999999787
3412, 0.09999999999999964, -0.09999999999999787
3413, 0.0, -0.09999999999999787
3414, 0.0, -0.09999999999999787
3415, 0.0, -0.09999999999999787
3416, 0.0, -0.09999999999999787
3417, 0.0, 0.0
3418, 0.0, 0.0
3419, 0.0, 0.0
3420, 0.0, 0.0
3421, 0.0, 0.0
3422, 0.0, 0.0
3423, 0.0, 0.0
3424, 0.0, 0.0
3425, 0.0, 0.0
3426, 0.0, 0.0
3427, 0.0, 0.0
3428, 0.0, 0.0
3429, 0.0, -0.09999999999999787
3430, 0.0, -0.09999999999999787
3431, 0.0, -0.09999999999999787
3432, 0.0, -0.09999999999999787
3433, 0.0, -0.09999999999999787
3434, 0.0, -0.09999999999999787
3435, 0.0, -0.09999999999999787
3436, 0.0, -0.09999999999999787
3437, 0.0, 0.0
3438, 0.0, 0.0
3439, 0.0, 0.0
3440, 0.0, 0.0
3441, 0.0, 0.0
3442, 0.0, 0.0
3443, 0.0, 0.0
3444, 0.0, 0.0
3445, 0.0, 0.0
3446, 0.0, 0.0
3447, 0.0, 0.0
3448, 0.0, 0.0
3449, 0.0, 0.0
3450, 0.0, 0.0
3451, 0.0, 0.0
3452, 0.0, 0.0
3453, 0.0, 0.0
3454, 0.0, 0.0
3455, 0.0, 0.0
3456, 0.0, 0.0
3457, 0.0, 0.0
3458, 0.0, 0.0
3459, 0.0, 0.0
3460, 0.0, 0.0
3461, 0.0, 0.0
3462, 0.0, 0.0
3463, 0.09999999999999964, 0.0
3464, 0.09999999999999964, 0.0
3465, 0.09999999999999964, 0.0
3466, 0.09999999999999964, 0.0
3467, 0.09999999999999964, 0.0
3468, 0.09999999999999964, 0.0
3469, 0.09999999999999964, 0.0
3470, 0.09999999999999964, 0.0
3471, 0.09999999999999964, 0.0
3472, 0.09999999999999964, 0.0
3473, 0.09999999999999964, 0.0
3474, 0.09999999999999964, 0.0
3475, 0.09999999999999964, 0.0
3476, 0.09999999999999964, 0.0
3477, 0.09999999999999964, 0.0
3478, 0.09999999999999964, 0.0
3479, 0.09999999999999964, 0.0
3480, 0.09999999999999964, 0.0
3481, 0.09999999999999964, 0.0
3482, 0.09999999999999964, 0.0
3483, 0.09999999999999964, 0.0
3484, 0.09999999999999964, 0.0
3485, 0.09999999999999964, 0.0
3486, 0.09999999999999964, 0.0
3487, 0.09999999999999964, 0.0
3488, 0.09999999999999964, 0.0
3489, 0.09999999999999964, 0.0
3490, 0.09999999999999964, 0.0
3491, 0.09999999999999964, 0.0
3492, 0.09999999999999964, 0.0
3493, 0.09999999999999964, 0.0
3494, 0.09999999999999964, 0.0
3495, 0.09999999999999964, 0.0
3496, 0.09999999999999964, 0.0
3497, 0.09999999999999964, 0.0
3498, 0.09999999999999964, 0.0
3499, 0.09999999999999964, 0.0
3500, 0.09999999999999964, -0.09999999999999787
3501, 0.09999999999999964, -0.09999999999999787
3502, 0.09999999999999964, -0.09999999999999787
3503, 0.09999999999999964, -0.09999999999999787
3504, 0.09999999999999964, -0.09999999999999787
3505, 0.09999999999999964, -0.09999999999999787
3506, 0.09999999999999964, -0.09999999999999787
3507, 0.09999999999999964, -0.09999999999999787
3508, 0.09999999999999964, -0.09999999999999787
3509, 0.09999999999999964, -0.09999999999999787
3510, 0.09999999999999964, -0.09999999999999787
3511, 0.09999999999999964, -0.09999999999999787
3512, 0.09999999999999964, -0.09999999999999787
3513, 0.09999999999999964, -0.09999999999999787
3514, 0.09999999999999964, -0.09999999999999787
3515, 0.09999999999999964, -0.09999999999999787
3516, 0.09999999999999964, -0.09999999999999787
3517, 0.09999999999999964, -0.09999999999999787
3518, 0.09999999999999964, -0.09999999999999787
3519, 0.09999999999999964, 0.0
3520, 0.09999999999999964, 0.0
3521, 0.09999999999999964, 0.0
3522, 0.09999999999999964, 0.0
3523, 0.09999999999999964, 0.0
3524, 0.09999999999999964, 0.0
3525, 0.09999999999999964, 0.0
3526, 0.09999999999999964, 0.0
3527, 0.09999999999999964, 0.0
3528, 0.09999999999999964, 0.0
3529, 0.09999999999999964, 0.0
3530, 0.09999999999999964, 0.0
3531, 0.09999999999999964, 0.0
3532, 0.09999999999999964, 0.0
3533, 0.09999999999999964, 0.0
3534, 0.09999999999999964, 0.0
3535, 0.09999999999999964, 0.0
3536, 0.09999999999999964, 0.0
3537, 0.09999999999999964, 0.0
3538, 0.09999999999999964, 0.0
3539, 0.09999999999999964, 0.0
3540, 0.09999999999999964, 0.0
3541, 0.09999999999999964, 0.0
3542, 0.09999999999999964, 0.0
3543, 0.09999999999999964, 0.0
3544, 0.09999999999999964, 0.0
3545, 0.09999999999999964, 0.0
3546, 0.09999999999999964, 0.0
3547, 0.09999999999999964, 0.0
3548, 0.09999999999999964, 0.0
3549, 0.09999999999999964, 0.0
3550, 0.09999999999999964, 0.0
3551, 0.09999999999999964, 0.0
3552, 0.1999999999999993, 0.0
3553, 0.1999999999999993, 0.0
3554, 0.1999999999999993, 0.0
3555, 0.09999999999999964, 0.0
3556, 0.1999999999999993, 0.0
3557, 0.1999999999999993, 0.0
3558, 0.1999999999999993, 0.0
3559, 0.1999999999999993, 0.0
3560, 0.1999999999999993, 0.10000000000000142
3561, 0.1999999999999993, 0.10000000000000142
3562, 0.1999999999999993, 0.10000000000000142
3563, 0.1999999999999993, 0.10000000000000142
3564, 0.1999999999999993, 0.10000000000000142
3565, 0.1999999999999993, 0.10000000000000142
3566, 0.1999999999999993, 0.10000000000000142
3567, 0.1999999999999993, 0.0
3568, 0.1999999999999993, 0.0
3569, 0.09999999999999964, 0.0
3570, 0.09999999999999964, 0.0
3571, 0.09999999999999964, 0.0
3572, 0.09999999999999964, 0.0
3573, 0.09999999999999964, 0.0
3574, 0.09999999999999964, 0.0
3575, 0.09999999999999964, 0.0
3576, 0.09999999999999964, 0.0
3577, 0.09999999999999964, 0.0
3578, 0.09999999999999964, 0.0
3579, 0.09999999999999964, 0.0
3580, 0.09999999999999964, 0.0
3581, 0.09999999999999964, 0.0
3582, 0.09999999999999964, 0.0
3583, 0.09999999999999964, 0.0
3584, 0.09999999999999964, 0.0
3585, 0.09999999999999964, 0.0
3586, 0.09999999999999964, 0.0
3587, 0.0, 0.0
3588, 0.0, 0.0
3589, 0.0, 0.0
3590, 0.0, 0.0
3591, 0.0, 0.0
3592, 0.0, 0.0
3593, 0.0, 0.0
3594, 0.0, 0.0
3595, 0.0, 0.0
3596, 0.0, 0.0
3597, 0.0, 0.0
3598, 0.0, 0.0
3599, 0.0, 0.0
3600, 0.0, 0.0
3601, 0.0, 0.0
3602, 0.0, 0.0
3603, 0.0, 0.0
3604, 0.0, 0.0
3605, 0.0, 0.0
3606, 0.0, 0.0
3607, 0.0, 0.0
3608, 0.0, 0.0
3609, 0.0, 0.0
3610, 0.0, 0.0
3611, 0.0, 0.0
3612, 0.0, 0.0
3613, 0.0, 0.0
3614, 0.0, 0.0
3615, 0.0, 0.0
3616, 0.0, 0.0
3617, 0.0, 0.0
3618, 0.0, 0.0
3619, 0.0, 0.0
3620, 0.0, 0.0
3621, 0.0, 0.0
3622, 0.0, 0.0
3623, 0.0, 0.0
3624, 0.0, 0.0
3625, 0.09999999999999964, 0.0
3626, 0.09999999999999964, 0.0
3627, 0.09999999999999964, 0.0
3628, 0.09999999999999964, 0.0
3629, 0.09999999999999964, 0.0
3630, 0.09999999999999964, 0.0
3631, 0.09999999999999964, 0.0
3632, 0.09999999999999964, 0.0
3633, 0.09999999999999964, 0.0
3634, 0.09999999999999964, 0.0
3635, 0.09999999999999964, 0.0
3636, 0.09999999999999964, 0.0
3637, 0.1999999999999993, 0.0
3638, 0.1999999999999993, 0.0
3639, 0.1999999999999993, 0.0
3640, 0.1999999999999993, 0.0
3641, 0.09999999999999964, 0.0
3642, 0.09999999999999964, 0.0
3643, 0.09999999999999964, 0.0
3644, 0.09999999999999964, 0.0
3645, 0.09999999999999964, 0.0
3646, 0.09999999999999964, 0.0
3647, 0.09999999999999964, 0.0
3648, 0.09999999999999964, 0.0
3649, 0.0, 0.0
3650, 0.0, 0.0
3651, 0.0, 0.0
3652, 0.09999999999999964, 0.0
3653, 0.09999999999999964, 0.0
3654, 0.09999999999999964, 0.0
3655, 0.09999999999999964, 0.0
3656, 0.09999999999999964, 0.0
3657, 0.09999999999999964, 0.0
3658, 0.09999999999999964, 0.0
3659, 0.09999999999999964, 0.0
3660, 0.09999999999999964, 0.0
3661, 0.09999999999999964, 0.0
3662, 0.09999999999999964, 0.0
3663, 0.09999999999999964, 0.0
3664, 0.0, 0.0
3665, 0.0, 0.0
3666, 0.0, 0.0
3667, 0.0, 0.0
3668, 0.0, 0.0
3669, 0.0, 0.0
3670, 0.0, 0.0
3671, 0.0, 0.0
3672, 0.0, 0.0
3673, 0.0, 0.0
3674, 0.0, 0.0
3675, 0.0, 0.0
3676, 0.0, 0.0
3677, 0.0, 0.0
3678, 0.0, 0.0
3679, 0.0, 0.0
3680, 0.0, 0.0
3681, 0.0, 0.0
3682, 0.0, 0.0
3683, 0.0, 0.0
3684, 0.0, 0.0
3685, 0.0, 0.0
3686, 0.0, 0.0
3687, 0.0, 0.0
3688, 0.0, 0.0
3689, 0.0, -0.09999999999999787
3690, 0.0, -0.09999999999999787
3691, 0.0, 0.0
3692, 0.0, 0.0
3693, 0.0, 0.0
3694, 0.0, 0.0
3695, 0.0, 0.0
3696, 0.09999999999999964, 0.0
3697, 0.09999999999999964, 0.0
3698, 0.09999999999999964, 0.0
3699, 0.09999999999999964, 0.0
3700, 0.09999999999999964, 0.0
3701, 0.09999999999999964, 0.0
3702, 0.09999999999999964, 0.10000000000000142
3703, 0.09999999999999964, 0.10000000000000142
3704, 0.09999999999999964, 0.10000000000000142
3705, 0.09999999999999964, 0.10000000000000142
3706, 0.09999999999999964, 0.10000000000000142
3707, 0.09999999999999964, 0.10000000000000142
3708, 0.09999999999999964, 0.10000000000000142
3709, 0.09999999999999964, 0.10000000000000142
3710, 0.09999999999999964, 0.10000000000000142
3711, 0.09999999999999964, 0.10000000000000142
3712, 0.09999999999999964, 0.10000000000000142
3713, 0.09999999999999964, 0.10000000000000142
3714, 0.09999999999999964, 0.10000000000000142
3715, 0.09999999999999964, 0.10000000000000142
3716, 0.09999999999999964, 0.10000000000000142
3717, 0.09999999999999964, 0.10000000000000142
3718, 0.09999999999999964, 0.10000000000000142
3719, 0.09999999999999964, 0.10000000000000142
3720, 0.09999999999999964, 0.10000000000000142
3721, 0.09999999999999964, 0.10000000000000142
3722, 0.09999999999999964, 0.10000000000000142
3723, 0.09999999999999964, 0.10000000000000142
3724, 0.09999999999999964, 0.10000000000000142
3725, 0.09999999999999964, 0.10000000000000142
3726, 0.09999999999999964, 0.10000000000000142
3727, 0.09999999999999964, 0.0
3728, 0.09999999999999964, 0.0
3729, 0.09999999999999964, 0.0
3730, 0.09999999999999964, 0.0
3731, 0.09999999999999964, 0.0
3732, 0.09999999999999964, 0.0
3733, 0.09999999999999964, 0.0
3734, 0.09999999999999964, 0.0
3735, 0.09999999999999964, 0.0
3736, 0.09999999999999964, 0.0
3737, 0.09999999999999964, 0.0
3738, 0.1999999999999993, 0.0
3739, 0.1999999999999993, 0.0
3740, 0.1999999999999993, 0.0
3741, 0.1999999999999993, 0.0
3742, 0.1999999999999993, -0.09999999999999787
3743, 0.1999999999999993, 0.0
3744, 0.1999999999999993, 0.0
3745, 0.1999999999999993, 0.0
3746, 0.1999999999999993, 0.0
3747, 0.1999999999999993, 0.0
3748, 0.1999999999999993, 0.0
3749, 0.1999999999999993, 0.0
3750, 0.1999999999999993, 0.0
3751, 0.1999999999999993, 0.0
3752, 0.1999999999999993, 0.0
3753, 0.1999999999999993, 0.0
3754, 0.1999999999999993, 0.0
3755, 0.1999999999999993, 0.0
3756, 0.1999999999999993, 0.0
3757, 0.1999999999999993, 0.0
3758, 0.1999999999999993, 0.0
3759, 0.1999999999999993, 0.0
3760, 0.1999999999999993, 0.0
3761, 0.1999999999999993, 0.0
3762, 0.09999999999999964, 0.0
3763, 0.09999999999999964, 0.0
3764, 0.09999999999999964, 0.0
3765, 0.09999999999999964, 0.0
3766, 0.0, 0.0
3767, 0.0, 0.0
3768, 0.0, 0.0
3769, 0.0, 0.0
3770, 0.0, 0.0
3771, 0.0, 0.0
3772, 0.0, 0.0
3773, 0.0, 0.0
3774, 0.0, 0.0
3775, 0.0, 0.10000000000000142
3776, 0.0, 0.10000000000000142
3777, 0.0, 0.10000000000000142
3778, 0.0, 0.10000000000000142
3779, 0.0, 0.10000000000000142
3780, 0.0, 0.10000000000000142
3781, 0.0, 0.10000000000000142
3782, 0.0, 0.10000000000000142
3783, 0.0, 0.10000000000000142
3784, 0.0, 0.20000000000000284
3785, 0.0, 0.20000000000000284
3786, 0.0, 0.20000000000000284
3787, 0.0, 0.20000000000000284
3788, 0.0, 0.20000000000000284
3789, 0.0, 0.20000000000000284
3790, 0.0, 0.10000000000000142
3791, 0.0, 0.10000000000000142
3792, 0.0, 0.10000000000000142
3793, 0.0, 0.10000000000000142
3794, 0.0, 0.10000000000000142
3795, 0.0, 0.10000000000000142
3796, 0.0, 0.10000000000000142
3797, 0.0, 0.0
3798, 0.0, 0.0
3799, 0.0, 0.0
3800, 0.0, 0.0
3801, 0.0, 0.0
3802, 0.0, 0.0
3803, 0.0, 0.0
3804, 0.0, 0.0
3805, 0.0, 0.0
3806, 0.0, 0.0
3807, 0.0, 0.0
3808, 0.0, 0.0
3809, 0.0, 0.0
3810, 0.0, 0.0
3811, 0.0, 0.0
3812, 0.0, 0.0
3813, 0.0, 0.0
3814, 0.0, 0.0
3815, 0.0, 0.0
3816, 0.0, 0.0
3817, 0.0, 0.0
3818, 0.0, 0.0
3819, 0.0, 0.0
3820, 0.0, 0.0
3821, 0.0, 0.0
3822, 0.0, 0.0
3823, 0.0, 0.0
3824, 0.0, 0.0
3825, 0.0, -0.09999999999999787
3826, 0.0, -0.09999999999999787
3827, 0.0, -0.09999999999999787
3828, 0.0, -0.09999999999999787
3829, 0.09999999999999964, -0.09999999999999787
3830, 0.09999999999999964, -0.09999999999999787
3831, 0.09999999999999964, 0.0
3832, 0.09999999999999964, 0.0
3833, 0.09999999999999964, 0.0
3834, 0.09999999999999964, 0.0
3835, 0.09999999999999964, 0.0
3836, 0.09999999999999964, 0.0
3837, 0.09999999999999964, 0.0
3838, 0.09999999999999964, 0.0
3839, 0.09999999999999964, 0.0
3840, 0.09999999999999964, 0.0
3841, 0.09999999999999964, 0.0
3842, 0.09999999999999964, 0.0
3843, 0.09999999999999964, 0.0
3844, 0.09999999999999964, 0.10000000000000142
3845, 0.09999999999999964, 0.10000000000000142
3846, 0.09999999999999964, 0.10000000000000142
3847, 0.09999999999999964, 0.10000000000000142
3848, 0.09999999999999964, 0.10000000000000142
3849, 0.09999999999999964, 0.10000000000000142
3850, 0.09999999999999964, 0.10000000000000142
3851, 0.09999999999999964, 0.10000000000000142
3852, 0.09999999999999964, 0.10000000000000142
3853, 0.09999999999999964, 0.10000000000000142
3854, 0.09999999999999964, 0.10000000000000142
3855, 0.0, 0.0
3856, 0.0, 0.0
3857, 0.0, 0.0
3858, 0.0, 0.0
3859, 0.0, 0.0
3860, 0.0, 0.0
3861, 0.0, 0.0
3862, 0.0, 0.0
3863, 0.0, 0.0
3864, 0.0, 0.0
3865, 0.0, 0.0
3866, 0.0, 0.0
3867, 0.0, 0.0
3868, 0.0, 0.0
3869, 0.0, 0.0
3870, 0.0, 0.0
3871, 0.0, 0.0
3872, 0.0, 0.0
3873, 0.0, 0.0
3874, 0.0, 0.0
3875, 0.0, 0.0
3876, 0.0, 0.0
3877, 0.0, 0.0
3878, 0.0, 0.0
3879, 0.0, 0.0
3880, 0.0, 0.0
3881, 0.0, 0.0
3882, 0.0, 0.0
3883, 0.0, 0.0
3884, 0.0, 0.0
3885, 0.0, -0.09999999999999787
3886, 0.0, -0.09999999999999787
3887, 0.0, 0.0
3888, 0.0, 0.0
3889, 0.0, 0.0
3890, 0.0, 0.0
3891, 0.0, 0.0
3892, 0.0, 0.0
3893, 0.0, 0.0
3894, 0.0, 0.0
3895, 0.0, 0.0
3896, 0.0, 0.0
3897, 0.0, 0.0
3898, 0.0, 0.0
3899, 0.0, 0.0
3900, 0.0, 0.0
3901, 0.0, 0.0
3902, 0.0, 0.0
3903, 0.0, 0.0
3904, 0.0, 0.0
3905, 0.0, 0.0
3906, 0.0, 0.0
3907, 0.0, 0.0
3908, 0.0, 0.0
3909, 0.0, 0.0
3910, 0.0, 0.0
3911, 0.0, 0.0
3912, 0.0, 0.0
3913, 0.0, 0.0
3914, 0.0, 0.0
3915, 0.0, 0.0
3916, 0.0, 0.0
3917, 0.0, 0.0
3918, 0.0, 0.0
3919, 0.0, 0.0
3920, 0.0, 0.0
3921, 0.0, 0.0
3922, 0.0, 0.0
3923, 0.0, 0.0
3924, 0.0, 0.0
3925, 0.0, 0.0
3926, 0.0, 0.0
3927, 0.0, 0.10000000000000142
3928, 0.0, 0.10000000000000142
3929, 0.0, 0.10000000000000142
3930, 0.0, 0.10000000000000142
3931, 0.0, 0.10000000000000142
3932, 0.0, 0.10000000000000142
3933, 0.0, 0.10000000000000142
3934, 0.0, 0.10000000000000142
3935, 0.0, 0.10000000000000142
3936, 0.09999999999999964, 0.10000000000000142
3937, 0.09999999999999964, 0.10000000000000142
3938, 0.09999999999999964, 0.10000000000000142
3939, 0.09999999999999964, 0.10000000000000142
3940, 0.09999999999999964, 0.10000000000000142
3941, 0.09999999999999964, 0.10000000000000142
3942, 0.09999999999999964, 0.10000000000000142
3943, 0.09999999999999964, 0.10000000000000142
3944, 0.09999999999999964, 0.10000000000000142
3945, 0.09999999999999964, 0.0
3946, 0.09999999999999964, 0.0
3947, 0.09999999999999964, 0.0
3948, 0.09999999999999964, 0.0
3949, 0.1999999999999993, 0.0
3950, 0.1999999999999993, 0.0
3951, 0.1999999999999993, 0.0
3952, 0.1999999999999993, 0.0
3953, 0.1999999999999993, 0.0
3954, 0.1999999999999993, 0.0
3955, 0.1999999999999993, 0.0
3956, 0.1999999999999993, 0.10000000000000142
3957, 0.1999999999999993, 0.10000000000000142
3958, 0.1999999999999993, 0.10000000000000142
3959, 0.1999999999999993, 0.10000000000000142
3960, 0.09999999999999964, 0.0
3961, 0.09999999999999964, 0.0
3962, 0.09999999999999964, 0.0
3963, 0.09999999999999964, 0.0
3964, 0.09999999999999964, 0.0
3965, 0.09999999999999964, 0.0
3966, 0.09999999999999964, 0.0
3967, 0.09999999999999964, 0.0
3968, 0.09999999999999964, 0.0
3969, 0.09999999999999964, 0.0
3970, 0.0, 0.0
3971, 0.0, 0.0
3972, 0.0, 0.0
3973, 0.0, 0.0
3974, 0.0, 0.0
3975, 0.0, 0.0
3976, 0.0, 0.0
3977, 0.0, 0.0
3978, 0.0, 0.0
3979, 0.0, 0.0
3980, 0.0, 0.0
3981, 0.0, 0.0
3982, 0.0, 0.0
3983, 0.0, 0.0
3984, 0.0, 0.0
3985, 0.0, 0.0
3986, 0.0, 0.0
3987, 0.0, 0.0
3988, 0.0, 0.0
3989, 0.0, 0.0
3990, 0.0, 0.0
3991, 0.0, 0.0
3992, 0.0, 0.0
3993, 0.0, 0.0
3994, 0.0, 0.0
3995, 0.09999999999999964, 0.0
3996, 0.09999999999999964, 0.0
3997, 0.09999999999999964, 0.0
3998, 0.09999999999999964, 0.0
3999, 0.09999999999999964, 0.0
4000, 0.09999999999999964, 0.0
4001, 0.09999999999999964, 0.0
4002, 0.09999999999999964, 0.0
4003, 0.09999999999999964, 0.0
4004, 0.09999999999999964, 0.0
4005, 0.09999999999999964, 0.0
4006, 0.09999999999999964, -0.09999999999999787
4007, 0.09999999999999964, -0.09999999999999787
4008, 0.09999999999999964, -0.09999999999999787
4009, 0.09999999999999964, 0.0
4010, 0.09999999999999964, 0.0
4011, 0.09999999999999964, 0.0
4012, 0.09999999999999964, 0.0
4013, 0.09999999999999964, 0.0
4014, 0.09999999999999964, 0.0
4015, 0.09999999999999964, 0.0
4016, 0.09999999999999964, 0.0
4017, 0.09999999999999964, 0.0
4018, 0.09999999999999964, 0.0
4019, 0.09999999999999964, 0.0
4020, 0.09999999999999964, 0.0
4021, 0.09999999999999964, 0.0
4022, 0.09999999999999964, 0.0
4023, 0.09999999999999964, 0.0
4024, 0.09999999999999964, 0.0
4025, 0.09999999999999964, 0.0
4026, 0.09999999999999964, 0.0
4027, 0.09999999999999964, 0.0
4028, 0.09999999999999964, 0.0
4029, 0.09999999999999964, 0.0
4030, 0.09999999999999964, 0.0
4031, 0.09999999999999964, 0.0
4032, 0.09999999999999964, 0.0
4033, 0.09999999999999964, 0.0
4034, 0.09999999999999964, 0.0
4035, 0.09999999999999964, 0.0
4036, 0.09999999999999964, 0.0
4037, 0.09999999999999964, 0.0
4038, 0.09999999999999964, 0.0
4039, 0.09999999999999964, 0.0
4040, 0.09999999999999964, 0.0
4041, 0.1999999999999993, 0.0
4042, 0.1999999999999993, 0.0
4043, 0.1999999999999993, 0.0
4044, 0.1999999999999993, 0.0
4045, 0.1999999999999993, 0.0
4046, 0.1999999999999993, 0.0
4047, 0.1999999999999993, 0.0
4048, 0.1999999999999993, 0.0
4049, 0.1999999999999993, 0.0
4050, 0.1999999999999993, 0.0
4051, 0.1999999999999993, 0.0
4052, 0.1999999999999993, 0.0
4053, 0.1999999999999993, 0.0
4054, 0.09999999999999964, 0.0
4055, 0.09999999999999964, 0.10000000000000142
4056, 0.0, 0.10000000000000142
4057, 0.0, 0.10000000000000142
4058, 0.0, 0.0
4059, 0.0, 0.0
4060, 0.0, 0.0
4061, 0.0, 0.0
4062, 0.0, 0.0
4063, 0.0, 0.0
4064, 0.0, 0.0
4065, 0.0, 0.0
4066, 0.0, 0.0
4067, 0.0, 0.0
4068, 0.0, -0.09999999999999787
4069, 0.0, -0.09999999999999787
4070, 0.0, -0.09999999999999787
4071, 0.0, -0.09999999999999787
4072, 0.0, -0.09999999999999787
4073, 0.0, -0.09999999999999787
4074, 0.0, -0.09999999999999787
4075, 0.0, -0.09999999999999787
4076, 0.0, -0.09999999999999787
4077, 0.0, -0.09999999999999787
4078, 0.0, -0.09999999999999787
4079, 0.0, -0.09999999999999787
4080, 0.0, -0.09999999999999787
4081, 0.0, 0.0
4082, 0.09999999999999964, 0.0
4083, 0.09999999999999964, 0.0
4084, 0.09999999999999964, 0.0
4085, 0.09999999999999964, 0.0
4086, 0.09999999999999964, 0.0
4087, 0.09999999999999964, 0.0
4088, 0.09999999999999964, 0.0
4089, 0.09999999999999964, 0.0
4090, 0.09999999999999964, 0.0
4091, 0.09999999999999964, 0.0
4092, 0.09999999999999964, 0.0
4093, 0.09999999999999964, 0.0
4094, 0.09999999999999964, 0.0
4095, 0.09999999999999964, 0.0
4096, 0.09999999999999964, 0.0
4097, 0.1999999999999993, 0.0
4098, 0.1999999999999993, 0.0
4099, 0.1999999999999993, 0.0
4100, 0.1999999999999993, 0.10000000000000142
4101, 0.1999999999999993, 0.10000000000000142
4102, 0.1999999999999993, 0.10000000000000142
4103, 0.1999999999999993, 0.10000000000000142
4104, 0.1999999999999993, 0.10000000000000142
4105, 0.1999999999999993, 0.10000000000000142
4106, 0.1999999999999993, 0.10000000000000142
4107, 0.1999999999999993, 0.10000000000000142
4108, 0.1999999999999993, 0.10000000000000142
4109, 0.1999999999999993, 0.10000000000000142
4110, 0.1999999999999993, 0.10000000000000142
4111, 0.1999999999999993, 0.10000000000000142
4112, 0.1999999999999993, 0.10000000000000142
4113, 0.1999999999999993, 0.0
4114, 0.1999999999999993, 0.0
4115, 0.1999999999999993, 0.0
4116, 0.1999999999999993, 0.0
4117, 0.1999999999999993, 0.10000000000000142
4118, 0.09999999999999964, 0.10000000000000142
4119, 0.09999999999999964, 0.10000000000000142
4120, 0.09999999999999964, 0.10000000000000142
4121, 0.09999999999999964, 0.10000000000000142
4122, 0.09999999999999964, 0.10000000000000142
4123, 0.09999999999999964, 0.10000000000000142
4124, 0.09999999999999964, 0.10000000000000142
4125, 0.09999999999999964, 0.10000000000000142
4126, 0.09999999999999964, 0.10000000000000142
4127, 0.09999999999999964, 0.10000000000000142
4128, 0.09999999999999964, 0.10000000000000142
4129, 0.09999999999999964, 0.10000000000000142
4130, 0.09999999999999964, 0.10000000000000142
4131, 0.09999999999999964, 0.10000000000000142
4132, 0.09999999999999964, 0.10000000000000142
4133, 0.09999999999999964, 0.10000000000000142
4134, 0.09999999999999964, 0.10000000000000142
4135, 0.09999999999999964, 0.10000000000000142
4136, 0.09999999999999964, 0.10000000000000142
4137, 0.09999999999999964, 0.10000000000000142
4138, 0.09999999999999964, 0.0
4139, 0.09999999999999964, 0.0
4140, 0.09999999999999964, 0.0
4141, 0.09999999999999964, 0.0
4142, 0.09999999999999964, 0.0
4143, 0.09999999999999964, 0.0
4144, 0.09999999999999964, 0.10000000000000142
4145, 0.09999999999999964, 0.10000000000000142
4146, 0.09999999999999964, 0.10000000000000142
4147, 0.09999999999999964, 0.10000000000000142
4148, 0.09999999999999964, 0.10000000000000142
4149, 0.09999999999999964, 0.10000000000000142
4150, 0.09999999999999964, 0.10000000000000142
4151, 0.09999999999999964, 0.10000000000000142
4152, 0.09999999999999964, 0.10000000000000142
4153, 0.09999999999999964, 0.10000000000000142
4154, 0.09999999999999964, 0.10000000000000142
4155, 0.09999999999999964, 0.10000000000000142
4156, 0.09999999999999964, 0.10000000000000142
4157, 0.09999999999999964, 0.10000000000000142
4158, 0.09999999999999964, 0.10000000000000142
4159, 0.09999999999999964, 0.10000000000000142
4160, 0.09999999999999964, 0.10000000000000142
4161, 0.09999999999999964, 0.20000000000000284
4162, 0.09999999999999964, 0.20000000000000284
4163, 0.09999999999999964, 0.20000000000000284
4164, 0.09999999999999964, 0.20000000000000284
4165, 0.09999999999999964, 0.20000000000000284
4166, 0.09999999999999964, 0.20000000000000284
4167, 0.09999999999999964, 0.20000000000000284
4168, 0.09999999999999964, 0.20000000000000284
4169, 0.09999999999999964, 0.20000000000000284
4170, 0.09999999999999964, 0.20000000000000284
4171, 0.09999999999999964, 0.20000000000000284
4172, 0.09999999999999964, 0.20000000000000284
4173, 0.09999999999999964, 0.20000000000000284
4174, 0.09999999999999964, 0.20000000000000284
4175, 0.09999999999999964, 0.20000000000000284
4176, 0.09999999999999964, 0.20000000000000284
4177, 0.09999999999999964, 0.20000000000000284
4178, 0.09999999999999964, 0.20000000000000284
4179, 0.09999999999999964, 0.20000000000000284
4180, 0.09999999999999964, 0.20000000000000284
4181, 0.09999999999999964, 0.20000000000000284
4182, 0.09999999999999964, 0.10000000000000142
4183, 0.09999999999999964, 0.10000000000000142
4184, 0.09999999999999964, 0.10000000000000142
4185, 0.09999999999999964, 0.10000000000000142
4186, 0.09999999999999964, 0.10000000000000142
4187, 0.09999999999999964, 0.10000000000000142
4188, 0.09999999999999964, 0.10000000000000142
4189, 0.09999999999999964, 0.10000000000000142
4190, 0.09999999999999964, 0.10000000000000142
4191, 0.09999999999999964, 0.0
4192, 0.09999999999999964, 0.0
4193, 0.09999999999999964, 0.0
4194, 0.09999999999999964, 0.0
4195, 0.09999999999999964, 0.0
4196, 0.09999999999999964, 0.0
4197, 0.09999999999999964, 0.0
4198, 0.09999999999999964, 0.0
4199, 0.09999999999999964, 0.0
4200, 0.09999999999999964, 0.0
4201, 0.09999999999999964, 0.0
4202, 0.09999999999999964, 0.0
4203, 0.09999999999999964, 0.0
4204, 0.09999999999999964, 0.0
4205, 0.09999999999999964, 0.0
4206, 0.09999999999999964, 0.0
4207, 0.09999999999999964, 0.0
4208, 0.0, 0.0
4209, 0.0, 0.0
4210, 0.0, 0.0
4211, 0.0, 0.0
4212, 0.0, 0.0
4213, 0.0, 0.0
4214, 0.0, 0.0
4215, 0.0, 0.0
4216, 0.0, 0.0
4217, 0.0, 0.0
4218, 0.0, 0.0
4219, 0.0, 0.0
4220, 0.0, 0.0
4221, 0.0, 0.0
4222, 0.0, 0.0
4223, 0.0, 0.0
4224, 0.0, 0.0
4225, 0.0, 0.0
4226, 0.0, 0.0
4227, 0.0, 0.0
4228, 0.0, 0.0
4229, 0.09999999999999964, 0.0
4230, 0.09999999999999964, 0.0
4231, 0.09999999999999964, 0.0
4232, 0.09999999999999964, 0.0
4233, 0.09999999999999964, 0.0
4234, 0.09999999999999964, 0.0
4235, 0.09999999999999964, 0.0
4236, 0.09999999999999964, 0.0
4237, 0.09999999999999964, 0.0
4238, 0.09999999999999964, 0.0
4239, 0.09999999999999964, 0.0
4240, 0.09999999999999964, 0.0
4241, 0.09999999999999964, 0.0
4242, 0.09999999999999964, 0.0
4243, 0.09999999999999964, 0.0
4244, 0.09999999999999964, 0.0
4245, 0.09999999999999964, 0.0
4246, 0.09999999999999964, 0.0
4247, 0.09999999999999964, 0.0
4248, 0.09999999999999964, 0.10000000000000142
4249, 0.09999999999999964, 0.10000000000000142
4250, 0.09999999999999964, 0.10000000000000142
4251, 0.09999999999999964, 0.10000000000000142
4252, 0.09999999999999964, 0.10000000000000142
4253, 0.09999999999999964, 0.10000000000000142
4254, 0.09999999999999964, 0.10000000000000142
4255, 0.09999999999999964, 0.10000000000000142
4256, 0.09999999999999964, 0.10000000000000142
4257, 0.09999999999999964, 0.10000000000000142
4258, 0.09999999999999964, 0.10000000000000142
4259, 0.09999999999999964, 0.10000000000000142
4260, 0.09999999999999964, 0.10000000000000142
4261, 0.09999999999999964, 0.10000000000000142
4262, 0.09999999999999964, 0.10000000000000142
4263, 0.09999999999999964, 0.10000000000000142
4264, 0.09999999999999964, 0.20000000000000284
4265, 0.1999999999999993, 0.20000000000000284
4266, 0.1999999999999993, 0.20000000000000284
4267, 0.1999999999999993, 0.20000000000000284
4268, 0.1999999999999993, 0.20000000000000284
4269, 0.1999999999999993, 0.20000000000000284
4270, 0.1999999999999993, 0.20000000000000284
4271, 0.1999999999999993, 0.20000000000000284
4272, 0.1999999999999993, 0.20000000000000284
4273, 0.1999999999999993, 0.10000000000000142
4274, 0.09999999999999964, 0.10000000000000142
4275, 0.09999999999999964, 0.10000000000000142
4276, 0.0, 0.20000000000000284
4277, 0.0, 0.20000000000000284
4278, 0.0, 0.20000000000000284
4279, 0.0, 0.20000000000000284
4280, 0.0, 0.20000000000000284
4281, 0.0, 0.20000000000000284
4282, 0.0, 0.20000000000000284
4283, 0.0, 0.20000000000000284
4284, 0.0, 0.20000000000000284
4285, 0.0, 0.20000000000000284
4286, 0.0, 0.20000000000000284
4287, 0.0, 0.20000000000000284
4288, 0.0, 0.20000000000000284
4289, 0.0, 0.20000000000000284
4290, 0.0, 0.10000000000000142
4291, 0.0, 0.10000000000000142
4292, 0.0, 0.10000000000000142
4293, 0.0, 0.10000000000000142
4294, 0.0, 0.10000000000000142
4295, 0.0, 0.10000000000000142
4296, 0.0, 0.10000000000000142
4297, 0.0, 0.10000000000000142
4298, 0.0, 0.10000000000000142
4299, 0.0, 0.10000000000000142
4300, 0.0, 0.10000000000000142
4301, 0.0, 0.10000000000000142
4302, 0.0, 0.10000000000000142
4303, 0.0, 0.10000000000000142
4304, 0.0, 0.0
4305, 0.0, 0.0
4306, 0.0, 0.0
4307, 0.0, 0.0
4308, 0.0, 0.0
4309, 0.0, 0.0
4310, 0.0, 0.10000000000000142
4311, 0.0, 0.10000000000000142
4312, 0.0, 0.10000000000000142
4313, 0.0, 0.10000000000000142
4314, 0.0, 0.10000000000000142
4315, 0.09999999999999964, 0.10000000000000142
4316, 0.09999999999999964, 0.10000000000000142
4317, 0.09999999999999964, 0.10000000000000142
4318, 0.09999999999999964, 0.10000000000000142
4319, 0.09999999999999964, 0.10000000000000142
4320, 0.09999999999999964, 0.10000000000000142
4321, 0.09999999999999964, 0.0
4322, 0.09999999999999964, 0.0
4323, 0.09999999999999964, 0.0
4324, 0.09999999999999964, 0.0
4325, 0.09999999999999964, 0.0
4326, 0.09999999999999964, 0.0
4327, 0.09999999999999964, 0.0
4328, 0.09999999999999964, 0.0
4329, 0.09999999999999964, 0.0
4330, 0.09999999999999964, 0.0
4331, 0.09999999999999964, 0.0
4332, 0.09999999999999964, 0.0
4333, 0.09999999999999964, 0.0
4334, 0.09999999999999964, 0.0
4335, 0.09999999999999964, 0.0
4336, 0.09999999999999964, 0.0
4337, 0.09999999999999964, 0.0
4338, 0.09999999999999964, 0.0
4339, 0.09999999999999964, 0.0
4340, 0.09999999999999964, 0.0
4341, 0.09999999999999964, 0.0
4342, 0.09999999999999964, 0.0
4343, 0.09999999999999964, 0.0
4344, 0.09999999999999964, 0.0
4345, 0.09999999999999964, 0.0
4346, 0.09999999999999964, 0.0
4347, 0.09999999999999964, 0.0
4348, 0.09999999999999964, 0.0
4349, 0.09999999999999964, 0.0
4350, 0.09999999999999964, 0.0
4351, 0.09999999999999964, 0.0
4352, 0.09999999999999964, 0.0
4353, 0.09999999999999964, 0.0
4354, 0.09999999999999964, 0.0
4355, 0.09999999999999964, 0.0
4356, 0.09999999999999964, 0.0
4357, 0.09999999999999964, 0.0
4358, 0.09999999999999964, 0.0
4359, 0.09999999999999964, 0.0
4360, 0.09999999999999964, 0.0
4361, 0.09999999999999964, 0.0
4362, 0.09999999999999964, 0.0
4363, 0.09999999999999964, 0.0
4364, 0.09999999999999964, 0.0
4365, 0.09999999999999964, 0.0
4366, 0.09999999999999964, 0.0
4367, 0.09999999999999964, 0.0
4368, 0.09999999999999964, 0.0
4369, 0.09999999999999964, 0.0
4370, 0.09999999999999964, 0.0
4371, 0.09999999999999964, 0.0
4372, 0.09999999999999964, 0.0
4373, 0.09999999999999964, 0.0
4374, 0.09999999999999964, 0.0
4375, 0.09999999999999964, 0.0
4376, 0.09999999999999964, 0.0
4377, 0.09999999999999964, 0.0
4378, 0.09999999999999964, 0.0
4379, 0.09999999999999964, 0.0
4380, 0.0, 0.0
4381, 0.0, 0.0
4382, 0.0, 0.0
4383, 0.0, 0.0
4384, 0.0, 0.0
4385, 0.0, 0.0
4386, 0.0, 0.0
4387, 0.0, 0.0
4388, 0.0, 0.0
4389, 0.0, 0.0
4390, 0.0, 0.0
4391, 0.0, 0.0
4392, 0.0, 0.0
4393, 0.0, 0.0
4394, 0.0, 0.0
4395, 0.0, 0.0
4396, 0.0, 0.0
4397, 0.0, 0.0
4398, 0.0, 0.0
4399, 0.0, 0.0
4400, 0.0, 0.10000000000000142
4401, 0.0, 0.10000000000000142
4402, 0.0, 0.10000000000000142
4403, 0.0, 0.10000000000000142
4404, 0.0, 0.10000000000000142
4405, 0.0, 0.10000000000000142
4406, 0.0, 0.10000000000000142
4407, 0.0, 0.10000000000000142
4408, 0.0, 0.10000000000000142
4409, 0.0, 0.10000000000000142
4410, 0.0, 0.10000000000000142
4411, 0.0, 0.10000000000000142
4412, 0.0, 0.10000000000000142
4413, 0.0, 0.10000000000000142
4414, 0.0, 0.10000000000000142
4415, 0.0, 0.10000000000000142
4416, 0.0, 0.10000000000000142
4417, 0.0, 0.10000000000000142
4418, 0.0, 0.10000000000000142
4419, 0.0, 0.10000000000000142
4420, 0.0, 0.0
4421, 0.0, 0.0
4422, 0.0, 0.0
4423, 0.0, 0.0
4424, 0.0, 0.0
4425, 0.0, 0.0
4426, 0.0, 0.0
4427, 0.0, 0.0
4428, 0.0, 0.0
4429, 0.0, 0.0
4430, 0.0, 0.0
4431, 0.0, 0.0
4432, 0.0, 0.0
4433, 0.0, 0.0
4434, 0.0, 0.0
4435, 0.0, 0.0
4436, 0.0, 0.0
4437, 0.0, 0.0
4438, 0.0, 0.0
4439, 0.0, 0.0
4440, 0.0, 0.0
4441, 0.0, 0.0
4442, 0.0, 0.10000000000000142
4443, 0.0, 0.10000000000000142
4444, 0.0, 0.10000000000000142
4445, 0.0, 0.10000000000000142
4446, 0.0, 0.10000000000000142
4447, 0.0, 0.10000000000000142
4448, 0.0, 0.10000000000000142
4449, 0.0, 0.10000000000000142
4450, 0.0, 0.10000000000000142
4451, 0.0, 0.10000000000000142
4452, 0.0, 0.10000000000000142
4453, 0.0, 0.0
4454, 0.0, 0.0
4455, 0.0, 0.0
4456, 0.0, 0.0
4457, 0.0, 0.0
4458, 0.0, 0.0
4459, 0.0, 0.0
4460, 0.0, 0.0
4461, 0.09999999999999964, 0.0
4462, 0.09999999999999964, 0.0
4463, 0.09999999999999964, 0.0
4464, 0.09999999999999964, 0.0
4465, 0.09999999999999964, 0.0
4466, 0.09999999999999964, 0.0
4467, 0.09999999999999964, 0.0
4468, 0.09999999999999964, 0.0
4469, 0.09999999999999964, 0.0
4470, 0.09999999999999964, 0.0
4471, 0.09999999999999964, 0.0
4472, 0.09999999999999964, 0.0
4473, 0.09999999999999964, 0.0
4474, 0.09999999999999964, 0.0
4475, 0.09999999999999964, 0.0
4476, 0.09999999999999964, 0.0
4477, 0.09999999999999964, 0.0
4478, 0.09999999999999964, 0.0
4479, 0.09999999999999964, 0.0
4480, 0.09999999999999964, 0.0
4481, 0.09999999999999964, 0.0
4482, 0.09999999999999964, 0.0
4483, 0.09999999999999964, 0.0
4484, 0.09999999999999964, 0.0
4485, 0.09999999999999964, 0.0
4486, 0.09999999999999964, 0.0
4487, 0.09999999999999964, 0.0
4488, 0.09999999999999964, 0.0
4489, 0.09999999999999964, 0.0
4490, 0.09999999999999964, 0.0
4491, 0.09999999999999964, 0.0
4492, 0.09999999999999964, 0.0
4493, 0.09999999999999964, 0.0
4494, 0.09999999999999964, 0.0
4495, 0.09999999999999964, 0.10000000000000142
4496, 0.09999999999999964, 0.10000000000000142
4497, 0.09999999999999964, 0.10000000000000142
4498, 0.09999999999999964, 0.10000000000000142
4499, 0.09999999999999964, 0.10000000000000142
4500, 0.09999999999999964, 0.10000000000000142
4501, 0.09999999999999964, 0.10000000000000142
4502, 0.09999999999999964, 0.10000000000000142
4503, 0.09999999999999964, 0.10000000000000142
4504, 0.09999999999999964, 0.10000000000000142
4505, 0.09999999999999964, 0.0
4506, 0.09999999999999964, 0.0
4507, 0.09999999999999964, 0.0
4508, 0.09999999999999964, 0.0
4509, 0.09999999999999964, 0.0
4510, 0.09999999999999964, 0.0
4511, 0.1999999999999993, 0.0
4512, 0.1999999999999993, 0.0
4513, 0.1999999999999993, 0.0
4514, 0.1999999999999993, 0.0
4515, 0.1999999999999993, 0.0
4516, 0.1999999999999993, 0.0
4517, 0.1999999999999993, 0.0
4518, 0.1999999999999993, 0.0
4519, 0.1999999999999993, 0.0
4520, 0.1999999999999993, 0.0
4521, 0.1999999999999993, 0.0
4522, 0.1999999999999993, 0.0
4523, 0.1999999999999993, 0.0
4524, 0.1999999999999993, 0.0
4525, 0.1999999999999993, 0.0
4526, 0.1999999999999993, 0.0
4527, 0.09999999999999964, 0.0
4528, 0.09999999999999964, 0.0
4529, 0.09999999999999964, 0.0
4530, 0.09999999999999964, 0.0
4531, 0.09999999999999964, 0.0
4532, 0.09999999999999964, 0.0
4533, 0.09999999999999964, 0.0
4534, 0.09999999999999964, 0.0
4535, 0.09999999999999964, 0.0
4536, 0.0, 0.0
4537, 0.0, 0.0
4538, 0.0, 0.0
4539, 0.0, 0.0
4540, 0.0, 0.0
4541, 0.0, 0.0
4542, 0.0, 0.0
4543, 0.0, 0.0
4544, 0.0, 0.10000000000000142
4545, 0.0, 0.10000000000000142
4546, 0.0, 0.20000000000000284
4547, 0.0, 0.20000000000000284
4548, 0.0, 0.20000000000000284
4549, 0.0, 0.20000000000000284
4550, 0.0, 0.20000000000000284
4551, 0.0, 0.10000000000000142
4552, 0.0, 0.10000000000000142
4553, 0.0, 0.10000000000000142
4554, 0.0, 0.10000000000000142
4555, 0.0, 0.10000000000000142
4556, 0.09999999999999964, 0.10000000000000142
4557, 0.09999999999999964, 0.10000000000000142
4558, 0.09999999999999964, 0.10000000000000142
4559, 0.09999999999999964, 0.10000000000000142
4560, 0.09999999999999964, 0.10000000000000142
4561, 0.09999999999999964, 0.10000000000000142
4562, 0.09999999999999964, 0.10000000000000142
4563, 0.09999999999999964, 0.10000000000000142
4564, 0.09999999999999964, 0.10000000000000142
4565, 0.09999999999999964, 0.10000000000000142
4566, 0.09999999999999964, 0.10000000000000142
4567, 0.09999999999999964, 0.10000000000000142
4568, 0.09999999999999964, 0.10000000000000142
4569, 0.09999999999999964, 0.10000000000000142
4570, 0.09999999999999964, 0.10000000000000142
4571, 0.09999999999999964, 0.10000000000000142
4572, 0.09999999999999964, 0.10000000000000142
4573, 0.09999999999999964, 0.10000000000000142
4574, 0.09999999999999964, 0.10000000000000142
4575, 0.09999999999999964, 0.10000000000000142
4576, 0.09999999999999964, 0.10000000000000142
4577, 0.09999999999999964, 0.10000000000000142
4578, 0.09999999999999964, 0.10000000000000142
4579, 0.1999999999999993, 0.10000000000000142
4580, 0.1999999999999993, 0.10000000000000142
4581, 0.1999999999999993, 0.10000000000000142
4582, 0.1999999999999993, 0.10000000000000142
4583, 0.09999999999999964, 0.10000000000000142
4584, 0.09999999999999964, 0.10000000000000142
4585, 0.09999999999999964, 0.0
4586, 0.09999999999999964, 0.0
4587, 0.09999999999999964, 0.0
4588, 0.09999999999999964, 0.0
4589, 0.09999999999999964, 0.0
4590, 0.09999999999999964, 0.0
4591, 0.09999999999999964, 0.0
4592, 0.09999999999999964, 0.0
4593, 0.09999999999999964, 0.0
4594, 0.09999999999999964, 0.0
4595, 0.09999999999999964, 0.0
4596, 0.09999999999999964, 0.10000000000000142
4597, 0.09999999999999964, 0.10000000000000142
4598, 0.09999999999999964, 0.10000000000000142
4599, 0.09999999999999964, 0.10000000000000142
4600, 0.09999999999999964, 0.10000000000000142
4601, 0.09999999999999964, 0.10000000000000142
4602, 0.09999999999999964, 0.10000000000000142
4603, 0.09999999999999964, 0.10000000000000142
4604, 0.09999999999999964, 0.10000000000000142
4605, 0.09999999999999964, 0.10000000000000142
4606, 0.09999999999999964, 0.10000000000000142
4607, 0.09999999999999964, 0.10000000000000142
4608, 0.09999999999999964, 0.10000000000000142
4609, 0.09999999999999964, 0.10000000000000142
4610, 0.09999999999999964, 0.10000000000000142
4611, 0.09999999999999964, 0.10000000000000142
4612, 0.09999999999999964, 0.10000000000000142
4613, 0.09999999999999964, 0.10000000000000142
4614, 0.09999999999999964, 0.10000000000000142
4615, 0.09999999999999964, 0.10000000000000142
4616, 0.09999999999999964, 0.10000000000000142
4617, 0.09999999999999964, 0.10000000000000142
4618, 0.09999999999999964, 0.10000000000000142
4619, 0.09999999999999964, 0.10000000000000142
4620, 0.09999999999999964, 0.10000000000000142
4621, 0.09999999999999964, 0.0
4622, 0.09999999999999964, 0.0
4623, 0.09999999999999964, 0.0
4624, 0.09999999999999964, 0.0
4625, 0.09999999999999964, 0.0
4626, 0.0, 0.0
4627, 0.0, 0.0
4628, 0.0, 0.0
4629, 0.0, 0.0
4630, 0.0, 0.0
4631, 0.0, 0.0
4632, 0.0, 0.0
4633, 0.0, 0.0
4634, 0.0, 0.0
4635, 0.0, 0.0
4636, 0.09999999999999964, 0.0
4637, 0.09999999999999964, 0.0
4638, 0.09999999999999964, -0.09999999999999787
4639, 0.09999999999999964, -0.09999999999999787
4640, 0.09999999999999964, -0.09999999999999787
4641, 0.09999999999999964, -0.09999999999999787
4642, 0.09999999999999964, -0.09999999999999787
4643, 0.09999999999999964, -0.09999999999999787
4644, 0.09999999999999964, -0.09999999999999787
4645, 0.09999999999999964, -0.09999999999999787
4646, 0.09999999999999964, -0.09999999999999787
4647, 0.09999999999999964, -0.09999999999999787
4648, 0.09999999999999964, -0.09999999999999787
4649, 0.09999999999999964, -0.09999999999999787
4650, 0.09999999999999964, -0.09999999999999787
4651, 0.09999999999999964, -0.09999999999999787
4652, 0.09999999999999964, -0.09999999999999787
4653, 0.09999999999999964, -0.09999999999999787
4654, 0.09999999999999964, -0.09999999999999787
4655, 0.09999999999999964, -0.09999999999999787
4656, 0.09999999999999964, -0.09999999999999787
4657, 0.09999999999999964, -0.09999999999999787
4658, 0.09999999999999964, -0.09999999999999787
4659, 0.09999999999999964, -0.09999999999999787
4660, 0.09999999999999964, -0.09999999999999787
4661, 0.09999999999999964, -0.09999999999999787
4662, 0.09999999999999964, -0.09999999999999787
4663, 0.09999999999999964, -0.09999999999999787
4664, 0.09999999999999964, -0.09999999999999787
4665, 0.09999999999999964, 0.0
4666, 0.09999999999999964, 0.0
4667, 0.09999999999999964, 0.0
4668, 0.09999999999999964, 0.0
4669, 0.09999999999999964, 0.0
4670, 0.09999999999999964, 0.0
4671, 0.09999999999999964, 0.0
4672, 0.09999999999999964, 0.0
4673, 0.09999999999999964, 0.0
4674, 0.09999999999999964, 0.0
4675, 0.09999999999999964, 0.0
4676, 0.09999999999999964, 0.0
4677, 0.09999999999999964, 0.0
4678, 0.09999999999999964, 0.0
4679, 0.09999999999999964, 0.0
4680, 0.09999999999999964, 0.0
4681, 0.09999999999999964, 0.0
4682, 0.09999999999999964, 0.0
4683, 0.09999999999999964, 0.0
4684, 0.09999999999999964, 0.0
4685, 0.09999999999999964, 0.0
4686, 0.09999999999999964, -0.09999999999999787
4687, 0.09999999999999964, -0.09999999999999787
4688, 0.09999999999999964, -0.09999999999999787
4689, 0.09999999999999964, -0.09999999999999787
4690, 0.09999999999999964, 0.0
4691, 0.09999999999999964, 0.0
4692, 0.09999999999999964, 0.0
4693, 0.09999999999999964, 0.0
4694, 0.09999999999999964, 0.0
4695, 0.09999999999999964, 0.0
4696, 0.09999999999999964, 0.0
4697, 0.09999999999999964, 0.0
4698, 0.09999999999999964, 0.0
4699, 0.09999999999999964, 0.0
4700, 0.09999999999999964, 0.0
4701, 0.09999999999999964, 0.0
4702, 0.09999999999999964, 0.0
4703, 0.09999999999999964, 0.0
4704, 0.0, 0.0
4705, 0.0, 0.0
4706, 0.0, 0.0
4707, 0.0, 0.0
4708, 0.0, -0.09999999999999787
4709, 0.0, -0.09999999999999787
4710, 0.0, -0.09999999999999787
4711, 0.0, -0.09999999999999787
4712, 0.0, 0.0
4713, 0.0, 0.0
4714, 0.09999999999999964, 0.0
4715, 0.09999999999999964, 0.0
4716, 0.09999999999999964, 0.10000000000000142
4717, 0.09999999999999964, 0.10000000000000142
4718, 0.09999999999999964, 0.10000000000000142
4719, 0.09999999999999964, 0.10000000000000142
4720, 0.09999999999999964, 0.10000000000000142
4721, 0.09999999999999964, 0.10000000000000142
4722, 0.1999999999999993, 0.10000000000000142
4723, 0.09999999999999964, 0.10000000000000142
4724, 0.09999999999999964, 0.0
4725, 0.09999999999999964, 0.0
4726, 0.09999999999999964, 0.0
4727, 0.09999999999999964, 0.0
4728, 0.09999999999999964, 0.0
4729, 0.09999999999999964, 0.0
4730, 0.09999999999999964, 0.0
4731, 0.09999999999999964, 0.0
4732, 0.09999999999999964, 0.0
4733, 0.09999999999999964, 0.0
4734, 0.09999999999999964, 0.10000000000000142
4735, 0.09999999999999964, 0.10000000000000142
4736, 0.09999999999999964, 0.10000000000000142
4737, 0.09999999999999964, 0.10000000000000142
4738, 0.09999999999999964, 0.10000000000000142
4739, 0.09999999999999964, 0.10000000000000142
4740, 0.09999999999999964, 0.10000000000000142
4741, 0.09999999999999964, 0.10000000000000142
4742, 0.09999999999999964, 0.10000000000000142
4743, 0.09999999999999964, 0.10000000000000142
4744, 0.09999999999999964, 0.10000000000000142
4745, 0.09999999999999964, 0.10000000000000142
4746, 0.09999999999999964, 0.10000000000000142
4747, 0.09999999999999964, 0.10000000000000142
4748, 0.0, 0.10000000000000142
4749, 0.0, 0.10000000000000142
4750, 0.0, 0.10000000000000142
4751, 0.0, 0.10000000000000142
4752, 0.0, 0.10000000000000142
4753, 0.0, 0.10000000000000142
4754, 0.0, 0.10000000000000142
4755, 0.0, 0.10000000000000142
4756, 0.0, 0.10000000000000142
4757, 0.0, 0.10000000000000142
4758, 0.0, 0.10000000000000142
4759, 0.0, 0.10000000000000142
4760, 0.0, 0.10000000000000142
4761, 0.0, 0.0
4762, 0.0, 0.0
4763, 0.0, 0.0
4764, 0.0, 0.0
4765, 0.0, 0.0
4766, 0.0, 0.0
4767, 0.0, 0.0
4768, 0.0, 0.0
4769, 0.0, 0.0
4770, 0.0, 0.0
4771, 0.0, 0.0
4772, 0.0, 0.0
4773, 0.0, 0.0
4774, 0.0, 0.0
4775, 0.0, 0.0
4776, 0.0, 0.0
4777, 0.0, 0.0
4778, 0.0, 0.0
4779, 0.0, 0.0
4780, 0.0, 0.0
4781, 0.0, 0.0
4782, 0.0, 0.0
4783, 0.0, 0.0
4784, 0.0, 0.0
4785, 0.0, 0.0
4786, 0.0, 0.0
4787, 0.0, 0.0
4788, 0.0, 0.0
4789, 0.0, 0.0
4790, 0.0, 0.0
4791, 0.0, 0.0
4792, 0.0, 0.0
4793, 0.0, 0.0
4794, 0.0, 0.0
4795, 0.0, 0.0
4796, 0.0, 0.0
4797, 0.0, 0.0
4798, 0.0, 0.0
4799, 0.0, 0.0
4800, 0.0, 0.0
4801, 0.0, 0.0
4802, 0.0, 0.0
4803, 0.0, 0.0
4804, 0.0, 0.0
4805, 0.0, 0.0
4806, 0.0, 0.0
4807, 0.0, 0.0
4808, 0.0, 0.0
4809, 0.0, 0.0
4810, 0.0, 0.0
4811, 0.0, 0.0
4812, 0.0, 0.0
4813, 0.0, -0.09999999999999787
4814, 0.0, -0.09999999999999787
4815, 0.0, -0.09999999999999787
4816, 0.0, -0.09999999999999787
4817, 0.0, -0.09999999999999787
4818, 0.0, -0.09999999999999787
4819, 0.0, -0.09999999999999787
4820, 0.0, -0.09999999999999787
4821, 0.0, -0.09999999999999787
4822, 0.0, 0.0
4823, 0.0, 0.0
4824, 0.0, 0.0
4825, 0.0, 0.0
4826, 0.0, 0.0
4827, 0.0, 0.0
4828, 0.0, 0.0
4829, 0.0, 0.0
4830, 0.0, 0.0
4831, 0.0, 0.0
4832, 0.0, 0.0
4833, 0.0, 0.0
4834, 0.0, 0.0
4835, 0.0, -0.09999999999999787
4836, 0.0, -0.09999999999999787
4837, 0.0, -0.09999999999999787
4838, 0.0, -0.09999999999999787
4839, 0.0, -0.09999999999999787
4840, 0.0, -0.09999999999999787
4841, 0.0, -0.09999999999999787
4842, 0.0, -0.09999999999999787
4843, 0.0, -0.09999999999999787
4844, 0.0, -0.09999999999999787
4845, 0.0, -0.09999999999999787
4846, 0.0, -0.09999999999999787
4847, 0.0, -0.09999999999999787
4848, 0.0, 0.0
4849, 0.0, 0.0
4850, 0.0, 0.0
4851, 0.0, 0.0
4852, 0.0, 0.0
4853, 0.0, 0.10000000000000142
4854, 0.0, 0.10000000000000142
4855, 0.0, 0.10000000000000142
4856, 0.0, 0.0
4857, 0.0, 0.0
4858, 0.09999999999999964, 0.0
4859, 0.09999999999999964, 0.0
4860, 0.09999999999999964, 0.0
4861, 0.09999999999999964, 0.0
4862, 0.09999999999999964, 0.0
4863, 0.09999999999999964, 0.0
4864, 0.09999999999999964, 0.0
4865, 0.09999999999999964, 0.0
4866, 0.09999999999999964, 0.10000000000000142
4867, 0.09999999999999964, 0.10000000000000142
4868, 0.09999999999999964, 0.10000000000000142
4869, 0.09999999999999964, 0.10000000000000142
4870, 0.09999999999999964, 0.10000000000000142
4871, 0.09999999999999964, 0.10000000000000142
4872, 0.09999999999999964, 0.10000000000000142
4873, 0.09999999999999964, 0.10000000000000142
4874, 0.09999999999999964, 0.10000000000000142
4875, 0.09999999999999964, 0.10000000000000142
4876, 0.09999999999999964, 0.10000000000000142
4877, 0.09999999999999964, 0.10000000000000142
4878, 0.09999999999999964, 0.10000000000000142
4879, 0.09999999999999964, 0.10000000000000142
4880, 0.09999999999999964, 0.10000000000000142
4881, 0.09999999999999964, 0.10000000000000142
4882, 0.09999999999999964, 0.10000000000000142
4883, 0.09999999999999964, 0.0
4884, 0.09999999999999964, 0.0
4885, 0.09999999999999964, 0.0
4886, 0.09999999999999964, 0.0
4887, 0.09999999999999964, 0.0
4888, 0.09999999999999964, 0.0
4889, 0.1999999999999993, 0.0
4890, 0.1999999999999993, 0.0
4891, 0.1999999999999993, 0.0
4892, 0.1999999999999993, 0.10000000000000142
4893, 0.1999999999999993, 0.10000000000000142
4894, 0.1999999999999993, 0.10000000000000142
4895, 0.1999999999999993, 0.10000000000000142
4896, 0.1999999999999993, 0.10000000000000142
4897, 0.1999999999999993, 0.10000000000000142
4898, 0.1999999999999993, 0.10000000000000142
4899, 0.1999999999999993, 0.20000000000000284
4900, 0.1999999999999993, 0.20000000000000284
4901, 0.1999999999999993, 0.20000000000000284
4902, 0.1999999999999993, 0.20000000000000284
4903, 0.1999999999999993, 0.20000000000000284
4904, 0.1999999999999993, 0.20000000000000284
4905, 0.1999999999999993, 0.20000000000000284
4906, 0.1999999999999993, 0.10000000000000142
4907, 0.1999999999999993, 0.10000000000000142
4908, 0.1999999999999993, 0.10000000000000142
4909, 0.1999999999999993, 0.10000000000000142
4910, 0.1999999999999993, 0.10000000000000142
4911, 0.1999999999999993, 0.10000000000000142
4912, 0.1999999999999993, 0.10000000000000142
4913, 0.1999999999999993, 0.10000000000000142
4914, 0.1999999999999993, 0.10000000000000142
4915, 0.1999999999999993, 0.10000000000000142
4916, 0.1999999999999993, 0.10000000000000142
4917, 0.1999999999999993, 0.10000000000000142
4918, 0.1999999999999993, 0.10000000000000142
4919, 0.1999999999999993, 0.10000000000000142
4920, 0.1999999999999993, 0.10000000000000142
4921, 0.1999999999999993, 0.10000000000000142
4922, 0.1999999999999993, 0.10000000000000142
4923, 0.1999999999999993, 0.10000000000000142
4924, 0.1999999999999993, 0.10000000000000142
4925, 0.1999999999999993, 0.10000000000000142
4926, 0.1999999999999993, 0.10000000000000142
4927, 0.1999999999999993, 0.10000000000000142
4928, 0.1999999999999993, 0.10000000000000142
4929, 0.1999999999999993, 0.10000000000000142
4930, 0.1999999999999993, 0.10000000000000142
4931, 0.1999999999999993, 0.10000000000000142
4932, 0.1999999999999993, 0.10000000000000142
4933, 0.1999999999999993, 0.10000000000000142
4934, 0.1999999999999993, 0.10000000000000142
4935, 0.1999999999999993, 0.10000000000000142
4936, 0.1999999999999993, 0.10000000000000142
4937, 0.1999999999999993, 0.10000000000000142
4938, 0.1999999999999993, 0.10000000000000142
4939, 0.1999999999999993, 0.10000000000000142
4940, 0.1999999999999993, 0.10000000000000142
4941, 0.1999999999999993, 0.10000000000000142
4942, 0.1999999999999993, 0.10000000000000142
4943, 0.1999999999999993, 0.10000000000000142
4944, 0.1999999999999993, 0.10000000000000142
4945, 0.1999999999999993, 0.10000000000000142
4946, 0.1999999999999993, 0.10000000000000142
4947, 0.1999999999999993, 0.10000000000000142
4948, 0.1999999999999993, 0.10000000000000142
4949, 0.1999999999999993, 0.10000000000000142
4950, 0.1999999999999993, 0.10000000000000142
4951, 0.1999999999999993, 0.10000000000000142
4952, 0.1999999999999993, 0.10000000000000142
4953, 0.1999999999999993, 0.10000000000000142
4954, 0.1999999999999993, 0.10000000000000142
4955, 0.09999999999999964, 0.10000000000000142
4956, 0.09999999999999964, 0.10000000000000142
4957, 0.09999999999999964, 0.10000000000000142
4958, 0.09999999999999964, 0.10000000000000142
4959, 0.09999999999999964, 0.10000000000000142
4960, 0.09999999999999964, 0.10000000000000142
4961, 0.09999999999999964, 0.10000000000000142
4962, 0.1999999999999993, 0.10000000000000142
4963, 0.1999999999999993, 0.10000000000000142
4964, 0.1999999999999993, 0.10000000000000142
4965, 0.1999999999999993, 0.10000000000000142
4966, 0.1999999999999993, 0.10000000000000142
4967, 0.09999999999999964, 0.10000000000000142
4968, 0.09999999999999964, 0.10000000000000142
4969, 0.09999999999999964, 0.10000000000000142
4970, 0.09999999999999964, 0.10000000000000142
4971, 0.09999999999999964, 0.10000000000000142
4972, 0.09999999999999964, 0.10000000000000142
4973, 0.09999999999999964, 0.10000000000000142
4974, 0.09999999999999964, 0.10000000000000142
4975, 0.09999999999999964, 0.10000000000000142
4976, 0.09999999999999964, 0.10000000000000142
4977, 0.09999999999999964, 0.10000000000000142
4978, 0.09999999999999964, 0.10000000000000142
4979, 0.09999999999999964, 0.10000000000000142
4980, 0.09999999999999964, 0.10000000000000142
4981, 0.09999999999999964, 0.10000000000000142
4982, 0.09999999999999964, 0.10000000000000142
4983, 0.09999999999999964, 0.10000000000000142
4984, 0.09999999999999964, 0.10000000000000142
4985, 0.09999999999999964, 0.10000000000000142
4986, 0.09999999999999964, 0.10000000000000142
4987, 0.09999999999999964, 0.10000000000000142
4988, 0.09999999999999964, 0.10000000000000142
4989, 0.09999999999999964, 0.10000000000000142
4990, 0.09999999999999964, 0.10000000000000142
4991, 0.09999999999999964, 0.10000000000000142
4992, 0.09999999999999964, 0.10000000000000142
4993, 0.09999999999999964, 0.10000000000000142
4994, 0.09999999999999964, 0.10000000000000142
4995, 0.09999999999999964, 0.10000000000000142
4996, 0.0, 0.0
4997, 0.0, 0.0
4998, 0.0, 0.0
4999, 0.0, 0.0
5000, 0.0, 0.0
5001, 0.0, 0.0
5002, 0.0, 0.0
5003, 0.0, 0.0
5004, 0.0, 0.0
5005, 0.0, 0.0
5006, 0.0, 0.0
5007, 0.0, 0.0
5008, 0.0, 0.0
5009, 0.0, 0.0
5010, 0.0, 0.0
5011, 0.0, 0.0
5012, 0.0, 0.0
5013, 0.0, 0.0
5014, 0.0, 0.0
5015, 0.0, 0.0
5016, 0.0, 0.0
5017, 0.0, 0.0
5018, 0.0, 0.0
5019, 0.0, 0.0
5020, 0.0, 0.0
5021, 0.0, 0.0
5022, 0.0, 0.0
5023, 0.0, 0.0
5024, 0.0, 0.0
5025, 0.0, 0.0
5026, 0.0, 0.0
5027, 0.0, 0.0
5028, 0.0, 0.0
5029, 0.0, 0.10000000000000142
5030, 0.0, 0.10000000000000142
5031, 0.0, 0.10000000000000142
5032, 0.0, 0.10000000000000142
5033, 0.0, 0.10000000000000142
5034, 0.0, 0.10000000000000142
5035, 0.0, 0.10000000000000142
5036, 0.0, 0.10000000000000142
5037, 0.09999999999999964, 0.10000000000000142
5038, 0.09999999999999964, 0.10000000000000142
5039, 0.09999999999999964, 0.10000000000000142
5040, 0.09999999999999964, 0.10000000000000142
5041, 0.09999999999999964, 0.10000000000000142
5042, 0.09999999999999964, 0.10000000000000142
5043, 0.09999999999999964, 0.0
5044, 0.09999999999999964, 0.0
5045, 0.09999999999999964, 0.0
5046, 0.09999999999999964, 0.0
5047, 0.09999999999999964, 0.0
5048, 0.09999999999999964, 0.0
5049, 0.09999999999999964, 0.0
5050, 0.09999999999999964, 0.0
5051, 0.09999999999999964, 0.0
5052, 0.09999999999999964, 0.0
5053, 0.09999999999999964, 0.0
5054, 0.09999999999999964, 0.0
5055, 0.09999999999999964, 0.0
5056, 0.09999999999999964, 0.0
5057, 0.09999999999999964, 0.10000000000000142
5058, 0.09999999999999964, 0.10000000000000142
5059, 0.09999999999999964, 0.10000000000000142
5060, 0.09999999999999964, 0.10000000000000142
5061, 0.09999999999999964, 0.10000000000000142
5062, 0.09999999999999964, 0.10000000000000142
5063, 0.09999999999999964, 0.10000000000000142
5064, 0.09999999999999964, 0.10000000000000142
5065, 0.09999999999999964, 0.10000000000000142
5066, 0.09999999999999964, 0.10000000000000142
5067, 0.09999999999999964, 0.10000000000000142
5068, 0.09999999999999964, 0.10000000000000142
5069, 0.09999999999999964, 0.10000000000000142
5070, 0.09999999999999964, 0.10000000000000142
5071, 0.09999999999999964, 0.20000000000000284
5072, 0.09999999999999964, 0.20000000000000284
5073, 0.09999999999999964, 0.20000000000000284
5074, 0.09999999999999964, 0.10000000000000142
5075, 0.0, 0.10000000000000142
5076, 0.0, 0.10000000000000142
5077, 0.0, 0.10000000000000142
5078, 0.0, 0.10000000000000142
5079, 0.0, 0.10000000000000142
5080, 0.0, 0.10000000000000142
5081, 0.0, 0.10000000000000142
5082, 0.0, 0.10000000000000142
5083, 0.09999999999999964, 0.10000000000000142
5084, 0.09999999999999964, 0.10000000000000142
5085, 0.09999999999999964, 0.10000000000000142
5086, 0.09999999999999964, 0.20000000000000284
5087, 0.09999999999999964, 0.20000000000000284
5088, 0.09999999999999964, 0.20000000000000284
5089, 0.09999999999999964, 0.10000000000000142
5090, 0.09999999999999964, 0.10000000000000142
5091, 0.09999999999999964, 0.10000000000000142
5092, 0.09999999999999964, 0.10000000000000142
5093, 0.09999999999999964, 0.10000000000000142
5094, 0.09999999999999964, 0.10000000000000142
5095, 0.09999999999999964, 0.10000000000000142
5096, 0.09999999999999964, 0.10000000000000142
5097, 0.09999999999999964, 0.10000000000000142
5098, 0.09999999999999964, 0.10000000000000142
5099, 0.09999999999999964, 0.10000000000000142
5100, 0.09999999999999964, 0.10000000000000142
5101, 0.09999999999999964, 0.0
5102, 0.09999999999999964, 0.0
5103, 0.09999999999999964, 0.0
5104, 0.09999999999999964, 0.10000000000000142
5105, 0.09999999999999964, 0.10000000000000142
5106, 0.09999999999999964, 0.10000000000000142
5107, 0.09999999999999964, 0.10000000000000142
5108, 0.09999999999999964, 0.10000000000000142
5109, 0.09999999999999964, 0.10000000000000142
5110, 0.09999999999999964, 0.10000000000000142
5111, 0.09999999999999964, 0.10000000000000142
5112, 0.09999999999999964, 0.10000000000000142
5113, 0.09999999999999964, 0.10000000000000142
5114, 0.09999999999999964, 0.0
5115, 0.09999999999999964, 0.0
5116, 0.09999999999999964, 0.0
5117, 0.09999999999999964, 0.0
5118, 0.09999999999999964, 0.0
5119, 0.09999999999999964, 0.0
5120, 0.09999999999999964, 0.0
5121, 0.09999999999999964, 0.0
5122, 0.09999999999999964, 0.0
5123, 0.09999999999999964, 0.0
5124, 0.09999999999999964, 0.0
5125, 0.09999999999999964, 0.0
5126, 0.09999999999999964, -0.09999999999999787
5127, 0.09999999999999964, -0.09999999999999787
5128, 0.09999999999999964, -0.09999999999999787
5129, 0.09999999999999964, -0.09999999999999787
5130, 0.09999999999999964, -0.09999999999999787
5131, 0.09999999999999964, -0.09999999999999787
5132, 0.09999999999999964, 0.0
5133, 0.09999999999999964, 0.0
5134, 0.09999999999999964, 0.0
5135, 0.09999999999999964, 0.0
5136, 0.09999999999999964, 0.0
5137, 0.09999999999999964, 0.0
5138, 0.09999999999999964, 0.0
5139, 0.09999999999999964, 0.0
5140, 0.09999999999999964, 0.0
5141, 0.09999999999999964, 0.0
5142, 0.09999999999999964, 0.0
5143, 0.09999999999999964, 0.0
5144, 0.0, 0.0
5145, 0.0, 0.0
5146, 0.0, 0.0
5147, 0.0, 0.0
5148, 0.0, 0.10000000000000142
5149, 0.0, 0.10000000000000142
5150, 0.0, 0.10000000000000142
5151, 0.0, 0.10000000000000142
5152, 0.0, 0.10000000000000142
5153, 0.0, 0.10000000000000142
5154, 0.0, 0.10000000000000142
5155, 0.0, 0.20000000000000284
5156, 0.0, 0.10000000000000142
5157, 0.0, 0.10000000000000142
5158, 0.0, 0.10000000000000142
5159, 0.0, 0.10000000000000142
5160, 0.0, 0.10000000000000142
5161, 0.0, 0.10000000000000142
5162, 0.0, 0.10000000000000142
5163, 0.0, 0.10000000000000142
5164, 0.0, 0.10000000000000142
5165, 0.0, 0.10000000000000142
5166, 0.0, 0.10000000000000142
5167, 0.0, 0.10000000000000142
5168, 0.0, 0.10000000000000142
5169, 0.0, 0.10000000000000142
5170, 0.0, 0.0
5171, 0.0, 0.0
5172, 0.0, 0.0
5173, 0.0, 0.0
5174, 0.0, 0.0
5175, 0.0, 0.0
5176, 0.0, 0.0
5177, 0.0, 0.0
5178, 0.0, 0.0
5179, 0.0, 0.0
5180, 0.0, 0.0
5181, 0.0, 0.0
5182, 0.0, 0.0
5183, 0.0, 0.0
5184, 0.0, 0.0
5185, 0.0, 0.0
5186, 0.0, 0.0
5187, 0.0, 0.0
5188, 0.0, 0.0
5189, 0.0, 0.0
5190, 0.09999999999999964, 0.0
5191, 0.09999999999999964, 0.0
5192, 0.09999999999999964, 0.0
5193, 0.09999999999999964, 0.0
5194, 0.09999999999999964, 0.0
5195, 0.09999999999999964, 0.0
5196, 0.09999999999999964, 0.0
5197, 0.09999999999999964, 0.0
5198, 0.09999999999999964, 0.10000000000000142
5199, 0.09999999999999964, 0.10000000000000142
5200, 0.09999999999999964, 0.10000000000000142
5201, 0.09999999999999964, 0.10000000000000142
5202, 0.09999999999999964, 0.10000000000000142
5203, 0.09999999999999964, 0.10000000000000142
5204, 0.09999999999999964, 0.10000000000000142
5205, 0.09999999999999964, 0.10000000000000142
5206, 0.09999999999999964, 0.10000000000000142
5207, 0.09999999999999964, 0.10000000000000142
5208, 0.09999999999999964, 0.0
5209, 0.1999999999999993, 0.0
5210, 0.1999999999999993, 0.0
5211, 0.1999999999999993, 0.0
5212, 0.1999999999999993, 0.0
5213, 0.1999999999999993, 0.0
5214, 0.1999999999999993, 0.0
5215, 0.1999999999999993, 0.0
5216, 0.1999999999999993, 0.0
5217, 0.1999999999999993, 0.0
5218, 0.1999999999999993, 0.0
5219, 0.1999999999999993, 0.0
5220, 0.1999999999999993, 0.0
5221, 0.1999999999999993, 0.0
5222, 0.1999999999999993, 0.0
5223, 0.1999999999999993, 0.0
5224, 0.1999999999999993, 0.0
5225, 0.1999999999999993, 0.0
5226, 0.1999999999999993, 0.0
5227, 0.1999999999999993, 0.0
5228, 0.1999999999999993, 0.0
5229, 0.1999999999999993, 0.0
5230, 0.1999999999999993, 0.0
5231, 0.1999999999999993, 0.0
5232, 0.1999999999999993, 0.0
5233, 0.1999999999999993, 0.0
5234, 0.1999999999999993, 0.0
5235, 0.1999999999999993, -0.09999999999999787
5236, 0.1999999999999993, -0.09999999999999787
5237, 0.1999999999999993, 0.0
5238, 0.1999999999999993, 0.0
5239, 0.1999999999999993, 0.0
5240, 0.1999999999999993, 0.0
5241, 0.1999999999999993, 0.0
5242, 0.1999999999999993, 0.0
5243, 0.1999999999999993, 0.0
5244, 0.1999999999999993, 0.0
5245, 0.1999999999999993, 0.0
5246, 0.1999999999999993, 0.0
5247, 0.1999999999999993, 0.0
5248, 0.1999999999999993, 0.0
5249, 0.1999999999999993, 0.10000000000000142
5250, 0.1999999999999993, 0.10000000000000142
5251, 0.1999999999999993, 0.10000000000000142
5252, 0.1999999999999993, 0.0
5253, 0.1999999999999993, 0.0
5254, 0.1999999999999993, 0.0
5255, 0.1999999999999993, 0.0
5256, 0.1999999999999993, 0.0
5257, 0.1999999999999993, 0.0
5258, 0.1999999999999993, 0.0
5259, 0.1999999999999993, 0.0
5260, 0.1999999999999993, 0.0
5261, 0.1999999999999993, 0.0
5262, 0.1999999999999993, 0.0
5263, 0.1999999999999993, 0.0
5264, 0.1999999999999993, 0.0
5265, 0.09999999999999964, 0.0
5266, 0.09999999999999964, 0.0
5267, 0.09999999999999964, 0.0
5268, 0.09999999999999964, 0.0
5269, 0.09999999999999964, 0.0
5270, 0.09999999999999964, 0.0
5271, 0.09999999999999964, 0.0
5272, 0.09999999999999964, 0.10000000000000142
5273, 0.09999999999999964, 0.10000000000000142
5274, 0.09999999999999964, 0.10000000000000142
5275, 0.09999999999999964, 0.10000000000000142
5276, 0.09999999999999964, 0.10000000000000142
5277, 0.09999999999999964, 0.10000000000000142
5278, 0.09999999999999964, 0.10000000000000142
5279, 0.09999999999999964, 0.10000000000000142
5280, 0.09999999999999964, 0.10000000000000142
5281, 0.09999999999999964, 0.10000000000000142
5282, 0.09999999999999964, 0.10000000000000142
5283, 0.09999999999999964, 0.10000000000000142
5284, 0.09999999999999964, 0.10000000000000142
5285, 0.09999999999999964, 0.10000000000000142
5286, 0.09999999999999964, 0.0
5287, 0.09999999999999964, 0.0
5288, 0.09999999999999964, 0.0
5289, 0.09999999999999964, 0.0
5290, 0.09999999999999964, 0.0
5291, 0.09999999999999964, 0.0
5292, 0.09999999999999964, 0.0
5293, 0.09999999999999964, 0.0
5294, 0.09999999999999964, 0.0
5295, 0.09999999999999964, 0.0
5296, 0.09999999999999964, 0.0
5297, 0.09999999999999964, 0.0
5298, 0.09999999999999964, 0.10000000000000142
5299, 0.09999999999999964, 0.10000000000000142
5300, 0.09999999999999964, 0.10000000000000142
5301, 0.09999999999999964, 0.10000000000000142
5302, 0.09999999999999964, 0.10000000000000142
5303, 0.09999999999999964, 0.10000000000000142
5304, 0.09999999999999964, 0.10000000000000142
5305, 0.09999999999999964, 0.10000000000000142
5306, 0.09999999999999964, 0.10000000000000142
5307, 0.09999999999999964, 0.10000000000000142
5308, 0.09999999999999964, 0.10000000000000142
5309, 0.09999999999999964, 0.10000000000000142
5310, 0.09999999999999964, 0.0
5311, 0.09999999999999964, 0.0
5312, 0.09999999999999964, 0.0
5313, 0.09999999999999964, 0.0
5314, 0.09999999999999964, 0.10000000000000142
5315, 0.09999999999999964, 0.10000000000000142
5316, 0.09999999999999964, 0.10000000000000142
5317, 0.09999999999999964, 0.10000000000000142
5318, 0.09999999999999964, 0.10000000000000142
5319, 0.09999999999999964, 0.10000000000000142
5320, 0.09999999999999964, 0.10000000000000142
5321, 0.09999999999999964, 0.10000000000000142
5322, 0.09999999999999964, 0.10000000000000142
5323, 0.09999999999999964, 0.10000000000000142
5324, 0.09999999999999964, 0.10000000000000142
5325, 0.09999999999999964, 0.10000000000000142
5326, 0.09999999999999964, 0.10000000000000142
5327, 0.09999999999999964, 0.10000000000000142
5328, 0.09999999999999964, 0.10000000000000142
5329, 0.09999999999999964, 0.10000000000000142
5330, 0.09999999999999964, 0.10000000000000142
5331, 0.09999999999999964, 0.20000000000000284
5332, 0.09999999999999964, 0.20000000000000284
5333, 0.09999999999999964, 0.20000000000000284
5334, 0.09999999999999964, 0.20000000000000284
5335, 0.09999999999999964, 0.10000000000000142
5336, 0.09999999999999964, 0.10000000000000142
5337, 0.09999999999999964, 0.10000000000000142
5338, 0.0, 0.10000000000000142
5339, 0.0, 0.10000000000000142
5340, 0.0, 0.10000000000000142
5341, 0.0, 0.10000000000000142
5342, 0.0, 0.10000000000000142
5343, 0.0, 0.10000000000000142
5344, 0.0, 0.10000000000000142
5345, 0.0, 0.10000000000000142
5346, 0.0, 0.10000000000000142
5347, 0.0, 0.0
5348, 0.0, 0.0
5349, 0.0, 0.0
5350, 0.0, 0.0
5351, 0.0, 0.0
5352, 0.0, 0.0
5353, 0.0, 0.0
5354, 0.0, -0.09999999999999787
5355, 0.0, -0.09999999999999787
5356, 0.0, -0.09999999999999787
5357, 0.0, -0.09999999999999787
5358, 0.0, -0.09999999999999787
5359, 0.0, 0.0
5360, 0.0, 0.0
5361, 0.0, 0.0
5362, 0.0, 0.0
5363, 0.0, 0.0
5364, 0.0, 0.0
5365, 0.0, 0.0
5366, 0.0, 0.0
5367, 0.0, 0.0
5368, 0.0, 0.0
5369, 0.0, 0.10000000000000142
5370, 0.0, 0.10000000000000142
5371, 0.09999999999999964, 0.10000000000000142
5372, 0.09999999999999964, 0.10000000000000142
5373, 0.09999999999999964, 0.10000000000000142
5374, 0.09999999999999964, 0.0
5375, 0.09999999999999964, 0.0
5376, 0.1999999999999993, 0.0
5377, 0.1999999999999993, 0.0
5378, 0.1999999999999993, 0.0
5379, 0.1999999999999993, 0.0
5380, 0.1999999999999993, 0.0
5381, 0.1999999999999993, 0.0
5382, 0.1999999999999993, 0.0
5383, 0.1999999999999993, 0.0
5384, 0.1999999999999993, 0.10000000000000142
5385, 0.1999999999999993, 0.10000000000000142
5386, 0.1999999999999993, 0.10000000000000142
5387, 0.1999999999999993, 0.10000000000000142
5388, 0.1999999999999993, 0.10000000000000142
5389, 0.1999999999999993, 0.10000000000000142
5390, 0.1999999999999993, 0.10000000000000142
5391, 0.1999999999999993, 0.10000000000000142
5392, 0.1999999999999993, 0.10000000000000142
5393, 0.1999999999999993, 0.10000000000000142
5394, 0.1999999999999993, 0.10000000000000142
5395, 0.1999999999999993, 0.10000000000000142
5396, 0.1999999999999993, 0.10000000000000142
5397, 0.1999999999999993, 0.10000000000000142
5398, 0.09999999999999964, 0.10000000000000142
5399, 0.09999999999999964, 0.10000000000000142
5400, 0.09999999999999964, 0.10000000000000142
5401, 0.09999999999999964, 0.0
5402, 0.09999999999999964, 0.0
5403, 0.09999999999999964, 0.0
5404, 0.09999999999999964, -0.09999999999999787
5405, 0.09999999999999964, -0.09999999999999787
5406, 0.09999999999999964, -0.09999999999999787
5407, 0.09999999999999964, 0.0
5408, 0.09999999999999964, 0.0
5409, 0.09999999999999964, 0.0
5410, 0.09999999999999964, 0.0
5411, 0.09999999999999964, 0.0
5412, 0.09999999999999964, 0.0
5413, 0.09999999999999964, 0.0
5414, 0.09999999999999964, 0.0
5415, 0.09999999999999964, 0.0
5416, 0.09999999999999964, 0.0
5417, 0.09999999999999964, 0.0
5418, 0.09999999999999964, 0.0
5419, 0.09999999999999964, 0.0
5420, 0.09999999999999964, 0.0
5421, 0.09999999999999964, 0.0
5422, 0.09999999999999964, 0.0
5423, 0.09999999999999964, -0.09999999999999787
5424, 0.09999999999999964, -0.09999999999999787
5425, 0.09999999999999964, -0.09999999999999787
5426, 0.09999999999999964, -0.09999999999999787
5427, 0.09999999999999964, -0.09999999999999787
5428, 0.09999999999999964, -0.09999999999999787
5429, 0.09999999999999964, -0.09999999999999787
5430, 0.09999999999999964, -0.09999999999999787
5431, 0.09999999999999964, 0.0
5432, 0.09999999999999964, 0.0
5433, 0.09999999999999964, 0.0
5434, 0.09999999999999964, 0.0
5435, 0.09999999999999964, 0.0
5436, 0.09999999999999964, 0.0
5437, 0.09999999999999964, 0.0
5438, 0.09999999999999964, 0.0
5439, 0.09999999999999964, 0.0
5440, 0.09999999999999964, 0.0
5441, 0.09999999999999964, 0.0
5442, 0.09999999999999964, 0.0
5443, 0.09999999999999964, 0.0
5444, 0.09999999999999964, 0.0
5445, 0.09999999999999964, 0.0
5446, 0.09999999999999964, 0.0
5447, 0.09999999999999964, 0.0
5448, 0.09999999999999964, 0.0
5449, 0.09999999999999964, 0.0
5450, 0.09999999999999964, 0.0
5451, 0.09999999999999964, 0.0
5452, 0.09999999999999964, 0.0
5453, 0.09999999999999964, 0.0
5454, 0.09999999999999964, 0.0
5455, 0.09999999999999964, 0.0
5456, 0.09999999999999964, 0.0
5457, 0.09999999999999964, 0.0
5458, 0.09999999999999964, 0.0
5459, 0.09999999999999964, 0.0
5460, 0.09999999999999964, 0.0
5461, 0.09999999999999964, 0.0
5462, 0.09999999999999964, 0.0
5463, 0.09999999999999964, 0.0
5464, 0.09999999999999964, 0.0
5465, 0.09999999999999964, 0.0
5466, 0.09999999999999964, 0.0
5467, 0.09999999999999964, 0.0
5468, 0.09999999999999964, 0.0
5469, 0.0, 0.0
5470, 0.0, 0.0
5471, 0.0, 0.0
5472, 0.0, 0.0
5473, 0.0, 0.0
5474, 0.0, 0.0
5475, 0.0, 0.0
5476, 0.0, 0.0
5477, 0.0, 0.0
5478, 0.0, 0.0
5479, 0.0, 0.10000000000000142
5480, 0.0, 0.10000000000000142
5481, 0.0, 0.10000000000000142
5482, 0.0, 0.10000000000000142
5483, 0.0, 0.10000000000000142
5484, 0.0, 0.0
5485, 0.0, 0.0
5486, 0.0, 0.0
5487, 0.0, 0.0
5488, 0.0, 0.0
5489, 0.0, 0.0
5490, 0.0, 0.0
5491, 0.0, 0.0
5492, 0.0, 0.0
5493, 0.0, 0.0
5494, 0.0, 0.0
5495, 0.0, 0.0
5496, 0.0, 0.0
5497, 0.0, 0.0
5498, 0.0, 0.0
5499, 0.0, 0.0
5500, 0.09999999999999964, 0.0
5501, 0.09999999999999964, 0.0
5502, 0.09999999999999964, 0.0
5503, 0.09999999999999964, 0.0
5504, 0.09999999999999964, 0.0
5505, 0.0, 0.0
5506, 0.0, 0.0
5507, 0.0, 0.0
5508, 0.0, 0.0
5509, 0.0, 0.0
5510, 0.0, 0.0
5511, 0.0, 0.0
5512, 0.0, 0.10000000000000142
5513, 0.0, 0.10000000000000142
5514, 0.0, 0.10000000000000142
5515, 0.0, 0.10000000000000142
5516, 0.0, 0.10000000000000142
5517, 0.0, 0.10000000000000142
5518, 0.0, 0.10000000000000142
5519, 0.0, 0.10000000000000142
5520, 0.0, 0.10000000000000142
5521, 0.0, 0.10000000000000142
5522, 0.0, 0.10000000000000142
5523, 0.0, 0.10000000000000142
5524, 0.0, 0.10000000000000142
5525, 0.0, 0.10000000000000142
5526, 0.0, 0.10000000000000142
5527, 0.0, 0.10000000000000142
5528, 0.0, 0.0
5529, 0.0, 0.0
5530, 0.0, 0.0
5531, 0.0, 0.0
5532, 0.0, 0.0
5533, 0.0, 0.0
5534, 0.0, 0.0
5535, 0.0, 0.0
5536, 0.0, 0.0
5537, 0.0, 0.0
5538, 0.0, 0.0
5539, 0.0, 0.0
5540, 0.0, 0.0
5541, 0.0, 0.0
5542, 0.0, 0.0
5543, 0.0, 0.0
5544, 0.0, 0.0
5545, 0.09999999999999964, 0.0
5546, 0.09999999999999964, 0.0
5547, 0.09999999999999964, 0.0
5548, 0.09999999999999964, 0.0
5549, 0.09999999999999964, 0.0
5550, 0.09999999999999964, 0.0
5551, 0.09999999999999964, 0.0
5552, 0.09999999999999964, 0.0
5553, 0.09999999999999964, 0.0
5554, 0.09999999999999964, 0.0
5555, 0.09999999999999964, 0.0
5556, 0.09999999999999964, 0.0
5557, 0.1999999999999993, 0.0
5558, 0.1999999999999993, 0.0
5559, 0.1999999999999993, 0.0
5560, 0.1999999999999993, 0.0
5561, 0.1999999999999993, 0.0
5562, 0.1999999999999993, 0.0
5563, 0.1999999999999993, 0.0
5564, 0.1999999999999993, 0.0
5565, 0.1999999999999993, 0.0
5566, 0.1999999999999993, 0.0
5567, 0.1999999999999993, 0.0
5568, 0.1999999999999993, 0.0
5569, 0.1999999999999993, 0.0
5570, 0.1999999999999993, 0.0
5571, 0.1999999999999993, 0.0
5572, 0.1999999999999993, 0.0
5573, 0.1999999999999993, 0.0
5574, 0.1999999999999993, 0.0
5575, 0.1999999999999993, 0.0
5576, 0.1999999999999993, 0.0
5577, 0.1999999999999993, 0.0
5578, 0.1999999999999993, 0.0
5579, 0.1999999999999993, 0.0
5580, 0.1999999999999993, 0.0
5581, 0.1999999999999993, 0.0
5582, 0.1999999999999993, 0.0
5583, 0.1999999999999993, 0.0
5584, 0.1999999999999993, 0.0
5585, 0.1999999999999993, 0.0
5586, 0.09999999999999964, 0.0
5587, 0.09999999999999964, 0.0
5588, 0.09999999999999964, 0.0
5589, 0.09999999999999964, 0.10000000000000142
5590, 0.09999999999999964, 0.10000000000000142
5591, 0.09999999999999964, 0.10000000000000142
5592, 0.09999999999999964, 0.10000000000000142
5593, 0.09999999999999964, 0.10000000000000142
5594, 0.09999999999999964, 0.10000000000000142
5595, 0.09999999999999964, 0.0
5596, 0.09999999999999964, 0.0
5597, 0.09999999999999964, 0.0
5598, 0.09999999999999964, 0.0
5599, 0.0, 0.0
5600, 0.0, 0.0
5601, 0.0, -0.09999999999999787
5602, 0.0, -0.09999999999999787
5603, 0.0, 0.10000000000000142
5604, 0.0, 0.10000000000000142
5605, 0.0, 0.10000000000000142
5606, 0.0, 0.10000000000000142
5607, 0.0, 0.10000000000000142
5608, 0.0, 0.10000000000000142
5609, 0.0, 0.10000000000000142
5610, 0.0, 0.10000000000000142
5611, 0.0, 0.10000000000000142
5612, 0.0, 0.10000000000000142
5613, 0.0, 0.10000000000000142
5614, 0.0, 0.10000000000000142
5615, 0.0, 0.10000000000000142
5616, 0.0, 0.10000000000000142
5617, 0.0, 0.10000000000000142
5618, 0.0, 0.10000000000000142
5619, 0.0, 0.10000000000000142
5620, 0.0, 0.10000000000000142
5621, 0.0, 0.10000000000000142
5622, 0.0, 0.0
5623, 0.0, 0.0
5624, 0.0, 0.0
5625, 0.0, 0.0
5626, 0.0, 0.0
5627, 0.0, 0.10000000000000142
5628, 0.0, 0.10000000000000142
5629, 0.0, 0.10000000000000142
5630, 0.0, 0.10000000000000142
5631, 0.0, 0.10000000000000142
5632, 0.0, 0.10000000000000142
5633, 0.0, 0.10000000000000142
5634, 0.0, 0.10000000000000142
5635, 0.0, 0.10000000000000142
5636, 0.0, 0.10000000000000142
5637, 0.0, 0.10000000000000142
5638, 0.0, 0.10000000000000142
5639, 0.0, 0.10000000000000142
5640, 0.0, 0.10000000000000142
5641, 0.0, 0.10000000000000142
5642, 0.0, 0.10000000000000142
5643, 0.0, 0.10000000000000142
5644, 0.0, 0.10000000000000142
5645, 0.0, 0.10000000000000142
5646, 0.0, 0.10000000000000142
5647, 0.0, 0.10000000000000142
5648, 0.0, 0.10000000000000142
5649, 0.0, 0.10000000000000142
5650, 0.0, 0.10000000000000142
5651, 0.0, 0.10000000000000142
5652, 0.0, 0.10000000000000142
5653, 0.0, 0.10000000000000142
5654, 0.0, 0.10000000000000142
5655, 0.0, 0.10000000000000142
5656, 0.0, 0.10000000000000142
5657, 0.0, 0.10000000000000142
5658, 0.0, 0.0
5659, 0.0, 0.0
5660, 0.0, 0.0
5661, 0.0, 0.0
5662, 0.0, 0.0
5663, 0.0, 0.0
5664, 0.0, 0.0
5665, 0.0, 0.0
5666, 0.0, 0.0
5667, 0.0, 0.0
5668, 0.0, 0.0
5669, 0.0, 0.0
5670, 0.0, 0.0
5671, 0.0, 0.0
5672, 0.0, 0.0
5673, 0.0, 0.0
5674, 0.0, 0.0
5675, 0.0, 0.0
5676, 0.0, 0.0
5677, 0.0, 0.0
5678, 0.0, 0.0
5679, 0.0, 0.0
5680, 0.0, 0.0
5681, 0.09999999999999964, 0.0
5682, 0.09999999999999964, 0.0
5683, 0.09999999999999964, 0.0
5684, 0.09999999999999964, 0.0
5685, 0.09999999999999964, 0.0
5686, 0.09999999999999964, 0.0
5687, 0.09999999999999964, 0.0
5688, 0.09999999999999964, 0.0
5689, 0.09999999999999964, 0.0
5690, 0.09999999999999964, 0.0
5691, 0.09999999999999964, 0.0
5692, 0.09999999999999964, 0.0
5693, 0.09999999999999964, 0.0
5694, 0.09999999999999964, 0.0
5695, 0.09999999999999964, 0.0
5696, 0.09999999999999964, 0.0
5697, 0.09999999999999964, 0.0
5698, 0.09999999999999964, 0.0
5699, 0.09999999999999964, 0.0
5700, 0.09999999999999964, 0.0
5701, 0.09999999999999964, 0.0
5702, 0.09999999999999964, 0.0
5703, 0.09999999999999964, 0.0
5704, 0.09999999999999964, 0.0
5705, 0.09999999999999964, 0.0
5706, 0.09999999999999964, 0.0
5707, 0.09999999999999964, 0.0
5708, 0.09999999999999964, 0.0
5709, 0.09999999999999964, 0.0
5710, 0.09999999999999964, 0.0
5711, 0.09999999999999964, 0.0
5712, 0.09999999999999964, 0.0
5713, 0.09999999999999964, 0.0
5714, 0.09999999999999964, 0.0
5715, 0.09999999999999964, 0.0
5716, 0.09999999999999964, 0.0
5717, 0.09999999999999964, 0.0
5718, 0.09999999999999964, 0.0
5719, 0.09999999999999964, 0.0
5720, 0.09999999999999964, 0.0
5721, 0.09999999999999964, 0.0
5722, 0.09999999999999964, 0.0
5723, 0.09999999999999964, 0.0
5724, 0.09999999999999964, 0.0
5725, 0.09999999999999964, 0.0
5726, 0.09999999999999964, 0.0
5727, 0.09999999999999964, 0.0
5728, 0.09999999999999964, 0.0
5729, 0.09999999999999964, 0.0
5730, 0.09999999999999964, 0.0
5731, 0.09999999999999964, 0.0
5732, 0.09999999999999964, 0.0
5733, 0.09999999999999964, 0.0
5734, 0.09999999999999964, 0.0
5735, 0.09999999999999964, 0.0
5736, 0.09999999999999964, 0.0
5737, 0.09999999999999964, 0.0
5738, 0.09999999999999964, 0.0
5739, 0.09999999999999964, 0.0
5740, 0.09999999999999964, 0.0
5741, 0.09999999999999964, 0.0
5742, 0.09999999999999964, 0.0
5743, 0.09999999999999964, 0.0
5744, 0.09999999999999964, 0.0
5745, 0.09999999999999964, 0.0
5746, 0.09999999999999964, 0.0
5747, 0.09999999999999964, 0.0
5748, 0.09999999999999964, 0.0
5749, 0.09999999999999964, 0.0
5750, 0.09999999999999964, 0.0
5751, 0.09999999999999964, 0.0
5752, 0.09999999999999964, 0.0
5753, 0.09999999999999964, 0.0
5754, 0.09999999999999964, 0.0
5755, 0.09999999999999964, 0.0
5756, 0.09999999999999964, 0.0
5757, 0.09999999999999964, 0.0
5758, 0.09999999999999964, 0.0
5759, 0.09999999999999964, 0.0
5760, 0.09999999999999964, 0.0
5761, 0.09999999999999964, 0.0
5762, 0.09999999999999964, 0.0
5763, 0.09999999999999964, 0.0
5764, 0.09999999999999964, 0.0
5765, 0.09999999999999964, 0.0
5766, 0.09999999999999964, 0.0
5767, 0.0, 0.0
5768, 0.0, 0.0
5769, 0.0, 0.0
5770, 0.0, 0.0
5771, 0.0, 0.0
5772, 0.0, 0.0
5773, 0.0, 0.0
5774, 0.0, 0.0
5775, 0.0, 0.0
5776, 0.0, 0.0
5777, 0.0, 0.0
5778, 0.0, 0.0
5779, 0.0, 0.0
5780, 0.0, 0.0
5781, 0.0, 0.0
5782, 0.0, 0.0
5783, 0.0, 0.0
5784, 0.0, 0.0
5785, 0.0, 0.0
5786, 0.0, 0.0
5787, 0.0, 0.0
5788, 0.0, 0.0
5789, 0.0, 0.0
5790, 0.0, 0.0
5791, 0.0, 0.0
5792, 0.0, 0.10000000000000142
5793, 0.0, 0.10000000000000142
5794, 0.0, 0.10000000000000142
5795, 0.0, 0.10000000000000142
5796, 0.0, 0.10000000000000142
5797, 0.0, 0.10000000000000142
5798, 0.0, 0.10000000000000142
5799, 0.0, 0.10000000000000142
5800, 0.0, 0.10000000000000142
5801, 0.0, 0.10000000000000142
5802, 0.0, 0.10000000000000142
5803, 0.0, 0.10000000000000142
5804, 0.0, 0.10000000000000142
5805, 0.0, 0.20000000000000284
5806, 0.0, 0.20000000000000284
5807, 0.0, 0.20000000000000284
5808, 0.0, 0.20000000000000284
5809, 0.0, 0.20000000000000284
5810, 0.0, 0.20000000000000284
5811, 0.0, 0.20000000000000284
5812, 0.0, 0.20000000000000284
5813, 0.0, 0.10000000000000142
5814, 0.0, 0.10000000000000142
5815, 0.0, 0.10000000000000142
5816, 0.0, 0.10000000000000142
5817, 0.0, 0.10000000000000142
5818, 0.0, 0.10000000000000142
5819, 0.0, 0.10000000000000142
5820, 0.0, 0.10000000000000142
5821, 0.0, 0.10000000000000142
5822, 0.0, 0.10000000000000142
5823, 0.0, 0.10000000000000142
5824, 0.0, 0.10000000000000142
5825, 0.0, 0.10000000000000142
5826, 0.0, 0.0
5827, 0.0, 0.0
5828, 0.0, 0.0
5829, 0.0, 0.0
5830, 0.09999999999999964, 0.0
5831, 0.09999999999999964, 0.0
5832, 0.09999999999999964, 0.0
5833, 0.09999999999999964, 0.0
5834, 0.09999999999999964, 0.0
5835, 0.09999999999999964, 0.0
5836, 0.09999999999999964, 0.0
5837, 0.09999999999999964, 0.0
5838, 0.09999999999999964, 0.0
5839, 0.09999999999999964, 0.0
5840, 0.09999999999999964, 0.0
5841, 0.09999999999999964, 0.0
5842, 0.09999999999999964, 0.0
5843, 0.09999999999999964, 0.0
5844, 0.1999999999999993, 0.0
5845, 0.1999999999999993, 0.0
5846, 0.1999999999999993, 0.0
5847, 0.1999999999999993, 0.0
5848, 0.1999999999999993, 0.0
5849, 0.1999999999999993, 0.0
5850, 0.1999999999999993, 0.0
5851, 0.1999999999999993, 0.0
5852, 0.1999999999999993, 0.0
5853, 0.1999999999999993, 0.0
5854, 0.1999999999999993, 0.0
5855, 0.1999999999999993, 0.0
5856, 0.1999999999999993, 0.0
5857, 0.1999999999999993, 0.0
5858, 0.1999999999999993, 0.0
5859, 0.1999999999999993, 0.0
5860, 0.1999999999999993, 0.0
5861, 0.1999999999999993, 0.10000000000000142
5862, 0.1999999999999993, 0.10000000000000142
5863, 0.1999999999999993, 0.10000000000000142
5864, 0.1999999999999993, 0.10000000000000142
5865, 0.1999999999999993, 0.10000000000000142
5866, 0.1999999999999993, 0.10000000000000142
5867, 0.1999999999999993, 0.10000000000000142
5868, 0.1999999999999993, 0.10000000000000142
5869, 0.1999999999999993, 0.10000000000000142
5870, 0.09999999999999964, 0.10000000000000142
5871, 0.09999999999999964, 0.10000000000000142
5872, 0.09999999999999964, 0.10000000000000142
5873, 0.09999999999999964, 0.10000000000000142
5874, 0.09999999999999964, 0.10000000000000142
5875, 0.09999999999999964, 0.10000000000000142
5876, 0.09999999999999964, 0.10000000000000142
5877, 0.09999999999999964, 0.10000000000000142
5878, 0.09999999999999964, 0.10000000000000142
5879, 0.09999999999999964, 0.0
5880, 0.09999999999999964, 0.0
5881, 0.09999999999999964, 0.0
5882, 0.09999999999999964, 0.0
5883, 0.09999999999999964, 0.0
5884, 0.09999999999999964, 0.0
5885, 0.09999999999999964, 0.0
5886, 0.09999999999999964, 0.0
5887, 0.09999999999999964, 0.0
5888, 0.09999999999999964, 0.0
5889, 0.09999999999999964, 0.0
5890, 0.09999999999999964, 0.0
5891, 0.09999999999999964, 0.0
5892, 0.09999999999999964, 0.0
5893, 0.09999999999999964, 0.0
5894, 0.09999999999999964, 0.0
5895, 0.09999999999999964, 0.0
5896, 0.09999999999999964, 0.0
5897, 0.09999999999999964, 0.0
5898, 0.09999999999999964, 0.0
5899, 0.09999999999999964, 0.0
5900, 0.09999999999999964, 0.0
5901, 0.09999999999999964, 0.0
5902, 0.09999999999999964, 0.0
5903, 0.09999999999999964, 0.0
5904, 0.09999999999999964, 0.0
5905, 0.09999999999999964, 0.0
5906, 0.1999999999999993, 0.0
5907, 0.1999999999999993, 0.0
5908, 0.1999999999999993, 0.0
5909, 0.1999999999999993, 0.0
5910, 0.1999999999999993, 0.0
5911, 0.1999999999999993, 0.0
5912, 0.1999999999999993, 0.0
5913, 0.1999999999999993, 0.0
5914, 0.1999999999999993, 0.0
5915, 0.1999999999999993, 0.0
5916, 0.1999999999999993, 0.0
5917, 0.1999999999999993, 0.0
5918, 0.1999999999999993, 0.0
5919, 0.1999999999999993, 0.0
5920, 0.1999999999999993, 0.0
5921, 0.1999999999999993, 0.0
5922, 0.1999999999999993, 0.0
5923, 0.1999999999999993, 0.0
5924, 0.1999999999999993, 0.0
5925, 0.1999999999999993, 0.0
5926, 0.1999999999999993, 0.0
5927, 0.1999999999999993, 0.0
5928, 0.09999999999999964, 0.0
5929, 0.09999999999999964, 0.0
5930, 0.09999999999999964, 0.0
5931, 0.09999999999999964, 0.0
5932, 0.09999999999999964, 0.0
5933, 0.09999999999999964, 0.0
5934, 0.09999999999999964, 0.0
5935, 0.09999999999999964, 0.0
5936, 0.09999999999999964, 0.0
5937, 0.09999999999999964, 0.0
5938, 0.09999999999999964, 0.0
5939, 0.09999999999999964, 0.0
5940, 0.09999999999999964, 0.0
5941, 0.09999999999999964, 0.0
5942, 0.09999999999999964, 0.0
5943, 0.09999999999999964, 0.0
5944, 0.09999999999999964, -0.09999999999999787
5945, 0.09999999999999964, -0.09999999999999787
5946, 0.09999999999999964, -0.09999999999999787
5947, 0.09999999999999964, -0.09999999999999787
5948, 0.09999999999999964, -0.09999999999999787
5949, 0.09999999999999964, -0.09999999999999787
5950, 0.09999999999999964, -0.09999999999999787
5951, 0.09999999999999964, -0.09999999999999787
5952, 0.09999999999999964, -0.09999999999999787
5953, 0.09999999999999964, 0.0
5954, 0.09999999999999964, 0.0
5955, 0.09999999999999964, 0.0
5956, 0.09999999999999964, 0.0
5957, 0.09999999999999964, 0.0
5958, 0.09999999999999964, 0.0
5959, 0.09999999999999964, 0.0
5960, 0.09999999999999964, 0.0
5961, 0.09999999999999964, 0.0
5962, 0.09999999999999964, 0.0
5963, 0.09999999999999964, 0.0
5964, 0.09999999999999964, 0.0
5965, 0.09999999999999964, 0.0
5966, 0.09999999999999964, 0.0
5967, 0.09999999999999964, 0.0
5968, 0.09999999999999964, 0.0
5969, 0.09999999999999964, 0.0
5970, 0.09999999999999964, 0.0
5971, 0.09999999999999964, 0.0
5972, 0.09999999999999964, 0.0
5973, 0.09999999999999964, 0.0
5974, 0.09999999999999964, 0.0
5975, 0.09999999999999964, 0.0
5976, 0.09999999999999964, 0.0
5977, 0.09999999999999964, 0.0
5978, 0.09999999999999964, 0.0
5979, 0.09999999999999964, 0.0
5980, 0.09999999999999964, 0.0
5981, 0.09999999999999964, 0.0
5982, 0.09999999999999964, 0.0
5983, 0.09999999999999964, 0.0
5984, 0.09999999999999964, 0.0
5985, 0.09999999999999964, 0.0
5986, 0.09999999999999964, 0.0
5987, 0.09999999999999964, 0.0
5988, 0.0, 0.0
5989, 0.0, 0.0
5990, 0.0, 0.0
5991, 0.0, 0.0
5992, 0.0, 0.0
5993, 0.0, 0.0
5994, 0.0, 0.0
5995, 0.0, 0.10000000000000142
5996, 0.0, 0.0
5997, 0.0, 0.0
5998, 0.0, 0.0
5999, 0.0, 0.0
6000, 0.0, 0.0
6001, 0.0, 0.0
6002, 0.0, 0.0
6003, 0.0, 0.0
6004, 0.0, 0.0
6005, 0.0, 0.0
6006, 0.0, 0.0
6007, 0.0, 0.0
6008, 0.0, 0.0
6009, 0.0, 0.0
6010, 0.0, 0.0
6011, 0.0, 0.0
6012, 0.0, 0.0
6013, 0.0, 0.0
6014, 0.0, 0.0
6015, 0.0, 0.10000000000000142
6016, 0.09999999999999964, 0.10000000000000142
6017, 0.09999999999999964, 0.10000000000000142
6018, 0.09999999999999964, 0.10000000000000142
6019, 0.09999999999999964, 0.0
6020, 0.09999999999999964, 0.0
6021, 0.09999999999999964, 0.0
6022, 0.09999999999999964, 0.0
6023, 0.09999999999999964, 0.0
6024, 0.09999999999999964, 0.0
6025, 0.1999999999999993, 0.0
6026, 0.1999999999999993, 0.0
6027, 0.1999999999999993, 0.0
6028, 0.1999999999999993, 0.0
6029, 0.1999999999999993, 0.0
6030, 0.1999999999999993, 0.0
6031, 0.1999999999999993, 0.0
6032, 0.1999999999999993, 0.0
6033, 0.1999999999999993, 0.0
6034, 0.1999999999999993, 0.0
6035, 0.1999999999999993, 0.0
6036, 0.1999999999999993, 0.0
6037, 0.1999999999999993, 0.0
6038, 0.1999999999999993, 0.0
6039, 0.1999999999999993, 0.0
6040, 0.1999999999999993, 0.0
6041, 0.1999999999999993, 0.0
6042, 0.1999999999999993, 0.0
6043, 0.1999999999999993, 0.0
6044, 0.1999999999999993, 0.0
6045, 0.09999999999999964, 0.0
6046, 0.09999999999999964, 0.0
6047, 0.09999999999999964, 0.0
6048, 0.09999999999999964, 0.0
6049, 0.09999999999999964, 0.0
6050, 0.09999999999999964, 0.0
6051, 0.09999999999999964, 0.0
6052, 0.09999999999999964, 0.0
6053, 0.09999999999999964, 0.0
6054, 0.09999999999999964, 0.0
6055, 0.09999999999999964, 0.0
6056, 0.09999999999999964, 0.0
6057, 0.09999999999999964, 0.0
6058, 0.09999999999999964, 0.0
6059, 0.09999999999999964, 0.0
6060, 0.09999999999999964, 0.0
6061, 0.09999999999999964, 0.0
6062, 0.09999999999999964, 0.0
6063, 0.09999999999999964, 0.0
6064, 0.09999999999999964, 0.0
6065, 0.09999999999999964, -0.09999999999999787
6066, 0.09999999999999964, -0.09999999999999787
6067, 0.09999999999999964, -0.09999999999999787
6068, 0.09999999999999964, -0.09999999999999787
6069, 0.09999999999999964, -0.09999999999999787
6070, 0.09999999999999964, -0.09999999999999787
6071, 0.09999999999999964, -0.09999999999999787
6072, 0.09999999999999964, -0.09999999999999787
6073, 0.09999999999999964, -0.09999999999999787
6074, 0.09999999999999964, 0.0
6075, 0.09999999999999964, 0.0
6076, 0.09999999999999964, 0.0
6077, 0.09999999999999964, 0.0
6078, 0.09999999999999964, 0.0
6079, 0.09999999999999964, 0.0
6080, 0.09999999999999964, -0.09999999999999787
6081, 0.09999999999999964, -0.09999999999999787
6082, 0.09999999999999964, -0.09999999999999787
6083, 0.09999999999999964, -0.09999999999999787
6084, 0.09999999999999964, -0.09999999999999787
6085, 0.09999999999999964, -0.09999999999999787
6086, 0.09999999999999964, -0.09999999999999787
6087, 0.09999999999999964, -0.09999999999999787
6088, 0.09999999999999964, -0.09999999999999787
6089, 0.09999999999999964, -0.09999999999999787
6090, 0.09999999999999964, -0.09999999999999787
6091, 0.09999999999999964, -0.09999999999999787
6092, 0.09999999999999964, -0.09999999999999787
6093, 0.09999999999999964, 0.0
6094, 0.09999999999999964, 0.0
6095, 0.09999999999999964, 0.0
6096, 0.09999999999999964, 0.0
6097, 0.09999999999999964, 0.0
6098, 0.09999999999999964, 0.0
6099, 0.09999999999999964, 0.0
6100, 0.09999999999999964, 0.0
6101, 0.09999999999999964, 0.0
6102, 0.09999999999999964, 0.0
6103, 0.09999999999999964, 0.0
6104, 0.09999999999999964, 0.0
6105, 0.09999999999999964, 0.0
6106, 0.09999999999999964, 0.0
6107, 0.09999999999999964, 0.0
6108, 0.09999999999999964, 0.0
6109, 0.09999999999999964, 0.0
6110, 0.09999999999999964, 0.0
6111, 0.09999999999999964, 0.0
6112, 0.09999999999999964, 0.0
6113, 0.09999999999999964, 0.0
6114, 0.09999999999999964, 0.0
6115, 0.1999999999999993, 0.0
6116, 0.1999999999999993, 0.0
6117, 0.1999999999999993, 0.0
6118, 0.09999999999999964, 0.0
6119, 0.09999999999999964, 0.0
6120, 0.09999999999999964, 0.0
6121, 0.09999999999999964, 0.0
6122, 0.09999999999999964, 0.0
6123, 0.09999999999999964, 0.0
6124, 0.09999999999999964, 0.0
6125, 0.09999999999999964, 0.0
6126, 0.09999999999999964, 0.0
6127, 0.09999999999999964, 0.0
6128, 0.09999999999999964, 0.0
6129, 0.0, 0.0
6130, 0.0, 0.0
6131, 0.0, 0.0
6132, 0.0, 0.0
6133, 0.0, 0.0
6134, 0.0, 0.0
6135, 0.0, 0.0
6136, 0.0, 0.0
6137, 0.0, 0.0
6138, 0.0, 0.0
6139, 0.0, 0.0
6140, 0.0, 0.0
6141, 0.0, 0.0
6142, 0.0, 0.0
6143, 0.0, 0.0
6144, 0.0, 0.0
6145, 0.0, 0.0
6146, 0.0, 0.0
6147, 0.0, 0.0
6148, 0.0, 0.0
6149, 0.0, 0.0
6150, 0.0, 0.0
6151, 0.0, 0.0
6152, 0.0, 0.0
6153, 0.0, 0.0
6154, 0.0, 0.0
6155, 0.0, 0.0
6156, 0.0, 0.0
6157, 0.0, 0.0
6158, 0.0, 0.10000000000000142
6159, 0.0, 0.10000000000000142
6160, 0.0, 0.10000000000000142
6161, 0.0, 0.10000000000000142
6162, 0.0, 0.10000000000000142
6163, 0.09999999999999964, 0.10000000000000142
6164, 0.09999999999999964, 0.10000000000000142
6165, 0.09999999999999964, 0.10000000000000142
6166, 0.09999999999999964, 0.10000000000000142
6167, 0.09999999999999964, 0.10000000000000142
6168, 0.09999999999999964, 0.10000000000000142
6169, 0.09999999999999964, 0.0
6170, 0.09999999999999964, 0.0
6171, 0.09999999999999964, 0.0
6172, 0.09999999999999964, 0.0
6173, 0.09999999999999964, 0.0
6174, 0.09999999999999964, 0.0
6175, 0.09999999999999964, 0.10000000000000142
6176, 0.09999999999999964, 0.10000000000000142
6177, 0.09999999999999964, 0.10000000000000142
6178, 0.09999999999999964, 0.10000000000000142
6179, 0.09999999999999964, 0.10000000000000142
6180, 0.09999999999999964, 0.10000000000000142
6181, 0.1999999999999993, 0.10000000000000142
6182, 0.1999999999999993, 0.10000000000000142
6183, 0.1999999999999993, 0.10000000000000142
6184, 0.09999999999999964, 0.10000000000000142
6185, 0.09999999999999964, 0.10000000000000142
6186, 0.09999999999999964, 0.10000000000000142
6187, 0.09999999999999964, 0.10000000000000142
6188, 0.09999999999999964, 0.10000000000000142
6189, 0.09999999999999964, 0.10000000000000142
6190, 0.09999999999999964, 0.10000000000000142
6191, 0.09999999999999964, 0.10000000000000142
6192, 0.09999999999999964, 0.10000000000000142
6193, 0.09999999999999964, 0.10000000000000142
6194, 0.09999999999999964, 0.10000000000000142
6195, 0.09999999999999964, 0.10000000000000142
6196, 0.09999999999999964, 0.10000000000000142
6197, 0.09999999999999964, 0.10000000000000142
6198, 0.09999999999999964, 0.10000000000000142
6199, 0.09999999999999964, 0.10000000000000142
6200, 0.09999999999999964, 0.10000000000000142
6201, 0.09999999999999964, 0.10000000000000142
6202, 0.0, 0.10000000000000142
6203, 0.0, 0.10000000000000142
6204, 0.0, 0.10000000000000142
6205, 0.0, 0.10000000000000142
6206, 0.0, 0.10000000000000142
6207, 0.0, 0.10000000000000142
6208, 0.0, 0.10000000000000142
6209, 0.0, 0.10000000000000142
6210, 0.0, 0.10000000000000142
6211, 0.0, 0.10000000000000142
6212, 0.0, 0.10000000000000142
6213, 0.0, 0.10000000000000142
6214, 0.0, 0.10000000000000142
6215, 0.0, 0.10000000000000142
6216, 0.0, 0.10000000000000142
6217, 0.0, 0.10000000000000142
6218, 0.0, 0.10000000000000142
6219, 0.0, 0.10000000000000142
6220, 0.0, 0.10000000000000142
6221, 0.0, 0.0
6222, 0.0, 0.0
6223, 0.0, 0.0
6224, 0.0, 0.0
6225, 0.0, 0.0
6226, 0.0, 0.0
6227, 0.0, 0.0
6228, 0.0, 0.0
6229, 0.0, 0.0
6230, 0.0, 0.0
6231, 0.0, 0.0
6232, 0.0, 0.0
6233, 0.0, 0.0
6234, 0.0, 0.0
6235, 0.0, 0.0
6236, 0.0, 0.0
6237, 0.0, 0.0
6238, 0.0, 0.0
6239, 0.0, 0.0
6240, 0.0, 0.0
6241, 0.0, 0.0
6242, 0.0, 0.0
6243, 0.0, 0.0
6244, 0.0, 0.0
6245, 0.09999999999999964, 0.0
6246, 0.09999999999999964, 0.0
6247, 0.09999999999999964, 0.0
6248, 0.09999999999999964, 0.0
6249, 0.09999999999999964, 0.0
6250, 0.09999999999999964, 0.0
6251, 0.09999999999999964, 0.0
6252, 0.09999999999999964, 0.0
6253, 0.09999999999999964, 0.0
6254, 0.09999999999999964, 0.0
6255, 0.1999999999999993, 0.0
6256, 0.1999999999999993, 0.0
6257, 0.1999999999999993, 0.0
6258, 0.1999999999999993, 0.0
6259, 0.1999999999999993, 0.0
6260, 0.1999999999999993, 0.0
6261, 0.1999999999999993, -0.09999999999999787
6262, 0.1999999999999993, -0.09999999999999787
6263, 0.1999999999999993, -0.09999999999999787
6264, 0.1999999999999993, 0.0
6265, 0.1999999999999993, 0.0
6266, 0.1999999999999993, 0.0
6267, 0.09999999999999964, 0.0
6268, 0.09999999999999964, 0.0
6269, 0.09999999999999964, 0.0
6270, 0.09999999999999964, 0.0
6271, 0.09999999999999964, 0.0
6272, 0.09999999999999964, 0.0
6273, 0.09999999999999964, 0.0
6274, 0.09999999999999964, 0.0
6275, 0.09999999999999964, 0.0
6276, 0.09999999999999964, 0.0
6277, 0.09999999999999964, 0.0
6278, 0.09999999999999964, 0.0
6279, 0.09999999999999964, 0.0
6280, 0.09999999999999964, 0.0
6281, 0.09999999999999964, 0.0
6282, 0.09999999999999964, 0.0
6283, 0.09999999999999964, 0.0
6284, 0.09999999999999964, 0.0
6285, 0.09999999999999964, 0.0
6286, 0.09999999999999964, 0.0
6287, 0.09999999999999964, -0.09999999999999787
6288, 0.09999999999999964, -0.09999999999999787
6289, 0.0, -0.09999999999999787
6290, 0.0, -0.09999999999999787
6291, 0.0, 0.0
6292, 0.0, 0.0
6293, 0.0, 0.0
6294, 0.0, 0.0
6295, 0.0, 0.0
6296, 0.0, 0.0
6297, 0.0, 0.0
6298, 0.0, 0.0
6299, 0.0, 0.0
6300, 0.0, 0.0
6301, 0.0, 0.0
6302, 0.0, 0.0
6303, 0.0, 0.0
6304, 0.0, 0.0
6305, 0.0, 0.0
6306, 0.0, 0.0
6307, 0.0, 0.0
6308, 0.0, 0.0
6309, 0.0, 0.0
6310, 0.0, 0.0
6311, 0.0, 0.0
6312, 0.0, 0.0
6313, 0.0, 0.0
6314, 0.0, 0.0
6315, 0.0, 0.0
6316, 0.0, 0.0
6317, 0.0, 0.0
6318, 0.0, 0.0
6319, 0.0, 0.0
6320, 0.0, 0.0
6321, 0.09999999999999964, 0.0
6322, 0.09999999999999964, 0.0
6323, 0.09999999999999964, 0.0
6324, 0.09999999999999964, 0.0
6325, 0.09999999999999964, 0.0
6326, 0.09999999999999964, 0.10000000000000142
6327, 0.09999999999999964, 0.10000000000000142
6328, 0.09999999999999964, 0.10000000000000142
6329, 0.09999999999999964, 0.10000000000000142
6330, 0.09999999999999964, 0.10000000000000142
6331, 0.09999999999999964, 0.10000000000000142
6332, 0.09999999999999964, 0.10000000000000142
6333, 0.09999999999999964, 0.10000000000000142
6334, 0.09999999999999964, 0.0
6335, 0.09999999999999964, 0.0
6336, 0.09999999999999964, 0.0
6337, 0.09999999999999964, 0.0
6338, 0.09999999999999964, 0.10000000000000142
6339, 0.09999999999999964, 0.10000000000000142
6340, 0.09999999999999964, 0.10000000000000142
6341, 0.09999999999999964, 0.10000000000000142
6342, 0.09999999999999964, 0.10000000000000142
6343, 0.09999999999999964, 0.10000000000000142
6344, 0.09999999999999964, 0.10000000000000142
6345, 0.09999999999999964, 0.10000000000000142
6346, 0.09999999999999964, 0.10000000000000142
6347, 0.09999999999999964, 0.10000000000000142
6348, 0.09999999999999964, 0.10000000000000142
6349, 0.09999999999999964, 0.10000000000000142
6350, 0.09999999999999964, 0.10000000000000142
6351, 0.09999999999999964, 0.10000000000000142
6352, 0.0, 0.10000000000000142
6353, 0.0, 0.10000000000000142
6354, 0.0, 0.10000000000000142
6355, 0.0, 0.10000000000000142
6356, 0.0, 0.10000000000000142
6357, 0.0, 0.10000000000000142
6358, 0.0, 0.0
6359, 0.0, 0.0
6360, 0.0, 0.10000000000000142
6361, 0.0, 0.10000000000000142
6362, 0.09999999999999964, 0.0
6363, 0.09999999999999964, 0.0
6364, 0.09999999999999964, 0.0
6365, 0.09999999999999964, 0.0
6366, 0.09999999999999964, 0.0
6367, 0.09999999999999964, 0.0
6368, 0.09999999999999964, 0.0
6369, 0.09999999999999964, 0.0
6370, 0.09999999999999964, 0.0
6371, 0.09999999999999964, 0.0
6372, 0.09999999999999964, 0.0
6373, 0.09999999999999964, 0.0
6374, 0.09999999999999964, 0.0
6375, 0.09999999999999964, 0.0
6376, 0.09999999999999964, 0.0
6377, 0.09999999999999964, 0.0
6378, 0.09999999999999964, 0.0
6379, 0.09999999999999964, 0.0
6380, 0.09999999999999964, 0.0
6381, 0.09999999999999964, 0.0
6382, 0.09999999999999964, 0.0
6383, 0.09999999999999964, 0.0
6384, 0.09999999999999964, 0.0
6385, 0.09999999999999964, 0.0
6386, 0.09999999999999964, 0.0
6387, 0.09999999999999964, 0.0
6388, 0.09999999999999964, 0.0
6389, 0.09999999999999964, 0.0
6390, 0.09999999999999964, 0.0
6391, 0.09999999999999964, 0.0
6392, 0.09999999999999964, 0.0
6393, 0.09999999999999964, 0.0
6394, 0.0, 0.0
6395, 0.0, 0.0
6396, 0.0, 0.0
6397, 0.0, 0.10000000000000142
6398, 0.0, 0.10000000000000142
6399, 0.0, 0.10000000000000142
6400, 0.0, 0.10000000000000142
6401, 0.0, 0.10000000000000142
6402, 0.0, 0.10000000000000142
6403, 0.0, 0.10000000000000142
6404, 0.0, 0.10000000000000142
6405, 0.0, 0.0
6406, 0.0, 0.0
6407, 0.0, 0.0
6408, 0.0, 0.10000000000000142
6409, 0.0, 0.10000000000000142
6410, 0.0, 0.10000000000000142
6411, 0.0, 0.10000000000000142
6412, 0.0, 0.10000000000000142
6413, 0.0, 0.10000000000000142
6414, 0.0, 0.10000000000000142
6415, 0.0, 0.10000000000000142
6416, 0.0, 0.10000000000000142
6417, 0.0, 0.10000000000000142
6418, 0.0, 0.10000000000000142
6419, 0.09999999999999964, 0.0
6420, 0.09999999999999964, 0.0
6421, 0.09999999999999964, -0.09999999999999787
6422, 0.09999999999999964, -0.09999999999999787
6423, 0.09999999999999964, -0.09999999999999787
6424, 0.09999999999999964, -0.09999999999999787
6425, 0.09999999999999964, -0.09999999999999787
6426, 0.09999999999999964, -0.09999999999999787
6427, 0.09999999999999964, -0.09999999999999787
6428, 0.09999999999999964, -0.09999999999999787
6429, 0.09999999999999964, -0.09999999999999787
6430, 0.09999999999999964, -0.09999999999999787
6431, 0.09999999999999964, -0.09999999999999787
6432, 0.09999999999999964, -0.09999999999999787
6433, 0.09999999999999964, -0.09999999999999787
6434, 0.09999999999999964, -0.09999999999999787
6435, 0.09999999999999964, 0.0
6436, 0.09999999999999964, 0.0
6437, 0.09999999999999964, 0.0
6438, 0.09999999999999964, 0.0
6439, 0.09999999999999964, 0.0
6440, 0.09999999999999964, 0.0
6441, 0.09999999999999964, 0.0
6442, 0.09999999999999964, -0.09999999999999787
6443, 0.09999999999999964, -0.09999999999999787
6444, 0.09999999999999964, -0.09999999999999787
6445, 0.09999999999999964, -0.09999999999999787
6446, 0.0, -0.09999999999999787
6447, 0.0, -0.09999999999999787
6448, 0.0, -0.09999999999999787
6449, 0.0, -0.09999999999999787
6450, 0.0, -0.09999999999999787
6451, 0.0, -0.09999999999999787
6452, 0.0, -0.09999999999999787
6453, 0.0, -0.09999999999999787
6454, 0.0, -0.09999999999999787
6455, 0.0, -0.09999999999999787
6456, 0.0, -0.09999999999999787
6457, 0.0, -0.09999999999999787
6458, 0.0, -0.09999999999999787
6459, 0.0, -0.09999999999999787
6460, 0.0, -0.09999999999999787
6461, 0.0, 0.0
6462, 0.0, 0.0
6463, 0.09999999999999964, 0.0
6464, 0.09999999999999964, 0.0
6465, 0.09999999999999964, 0.0
6466, 0.09999999999999964, 0.0
6467, 0.09999999999999964, 0.0
6468, 0.09999999999999964, 0.0
6469, 0.09999999999999964, 0.0
6470, 0.09999999999999964, 0.0
6471, 0.09999999999999964, 0.0
6472, 0.09999999999999964, -0.09999999999999787
6473, 0.09999999999999964, -0.09999999999999787
6474, 0.09999999999999964, -0.09999999999999787
6475, 0.09999999999999964, -0.09999999999999787
6476, 0.0, -0.09999999999999787
6477, 0.0, -0.09999999999999787
6478, 0.0, -0.09999999999999787
6479, 0.0, -0.09999999999999787
6480, 0.0, -0.09999999999999787
6481, 0.0, -0.09999999999999787
6482, 0.0, -0.09999999999999787
6483, 0.0, -0.09999999999999787
6484, 0.0, -0.09999999999999787
6485, 0.0, -0.09999999999999787
6486, 0.0, -0.09999999999999787
6487, 0.0, -0.09999999999999787
6488, 0.0, -0.09999999999999787
6489, 0.0, -0.09999999999999787
6490, 0.0, 0.0
6491, 0.0, 0.0
6492, 0.0, 0.0
6493, 0.0, 0.0
6494, 0.0, 0.0
6495, 0.0, 0.0
6496, 0.0, 0.0
6497, 0.09999999999999964, 0.0
6498, 0.09999999999999964, 0.0
6499, 0.09999999999999964, -0.09999999999999787
6500, 0.09999999999999964, -0.09999999999999787
6501, 0.09999999999999964, -0.09999999999999787
6502, 0.09999999999999964, -0.09999999999999787
6503, 0.09999999999999964, -0.09999999999999787
6504, 0.09999999999999964, -0.09999999999999787
6505, 0.09999999999999964, -0.09999999999999787
6506, 0.09999999999999964, -0.09999999999999787
6507, 0.09999999999999964, -0.09999999999999787
6508, 0.09999999999999964, -0.09999999999999787
6509, 0.09999999999999964, -0.09999999999999787
6510, 0.09999999999999964, -0.09999999999999787
6511, 0.09999999999999964, -0.09999999999999787
6512, 0.09999999999999964, 0.0
6513, 0.09999999999999964, 0.0
6514, 0.09999999999999964, 0.0
6515, 0.09999999999999964, 0.0
6516, 0.09999999999999964, 0.0
6517, 0.09999999999999964, 0.0
6518, 0.09999999999999964, 0.0
6519, 0.09999999999999964, 0.0
6520, 0.09999999999999964, 0.0
6521, 0.09999999999999964, 0.0
6522, 0.09999999999999964, 0.0
6523, 0.09999999999999964, 0.0
6524, 0.09999999999999964, 0.0
6525, 0.09999999999999964, 0.0
6526, 0.09999999999999964, 0.0
6527, 0.09999999999999964, 0.0
6528, 0.09999999999999964, 0.0
6529, 0.09999999999999964, 0.0
6530, 0.09999999999999964, 0.0
6531, 0.09999999999999964, -0.09999999999999787
6532, 0.09999999999999964, -0.09999999999999787
6533, 0.09999999999999964, -0.09999999999999787
6534, 0.09999999999999964, -0.09999999999999787
6535, 0.09999999999999964, -0.09999999999999787
6536, 0.09999999999999964, -0.09999999999999787
6537, 0.09999999999999964, -0.09999999999999787
6538, 0.09999999999999964, -0.09999999999999787
6539, 0.09999999999999964, -0.09999999999999787
6540, 0.09999999999999964, -0.09999999999999787
6541, 0.09999999999999964, 0.0
6542, 0.09999999999999964, 0.0
6543, 0.09999999999999964, 0.0
6544, 0.09999999999999964, 0.0
6545, 0.09999999999999964, 0.0
6546, 0.09999999999999964, 0.0
6547, 0.09999999999999964, 0.0
6548, 0.09999999999999964, 0.0
6549, 0.09999999999999964, 0.0
6550, 0.09999999999999964, 0.0
6551, 0.09999999999999964, 0.0
6552, 0.09999999999999964, 0.0
6553, 0.1999999999999993, 0.0
6554, 0.1999999999999993, 0.0
6555, 0.1999999999999993, 0.0
6556, 0.1999999999999993, 0.0
6557, 0.1999999999999993, 0.0
6558, 0.1999999999999993, 0.0
6559, 0.1999999999999993, 0.0
6560, 0.1999999999999993, 0.0
6561, 0.1999999999999993, 0.0
6562, 0.1999999999999993, 0.0
6563, 0.1999999999999993, 0.0
6564, 0.1999999999999993, 0.0
6565, 0.1999999999999993, 0.0
6566, 0.1999999999999993, 0.0
6567, 0.09999999999999964, 0.0
6568, 0.09999999999999964, 0.0
6569, 0.09999999999999964, 0.0
6570, 0.09999999999999964, 0.0
6571, 0.09999999999999964, 0.0
6572, 0.09999999999999964, 0.0
6573, 0.09999999999999964, 0.0
6574, 0.09999999999999964, 0.0
6575, 0.09999999999999964, 0.0
6576, 0.09999999999999964, 0.10000000000000142
6577, 0.09999999999999964, 0.10000000000000142
6578, 0.09999999999999964, 0.10000000000000142
6579, 0.09999999999999964, 0.10000000000000142
6580, 0.09999999999999964, 0.10000000000000142
6581, 0.09999999999999964, 0.10000000000000142
6582, 0.09999999999999964, 0.10000000000000142
6583, 0.09999999999999964, 0.10000000000000142
6584, 0.09999999999999964, 0.10000000000000142
6585, 0.09999999999999964, 0.10000000000000142
6586, 0.09999999999999964, 0.10000000000000142
6587, 0.09999999999999964, 0.10000000000000142
6588, 0.09999999999999964, 0.10000000000000142
6589, 0.09999999999999964, 0.10000000000000142
6590, 0.09999999999999964, 0.10000000000000142
6591, 0.09999999999999964, 0.10000000000000142
6592, 0.09999999999999964, 0.10000000000000142
6593, 0.09999999999999964, 0.10000000000000142
6594, 0.09999999999999964, 0.10000000000000142
6595, 0.09999999999999964, 0.10000000000000142
6596, 0.09999999999999964, 0.10000000000000142
6597, 0.09999999999999964, 0.10000000000000142
6598, 0.09999999999999964, 0.10000000000000142
6599, 0.09999999999999964, 0.10000000000000142
6600, 0.09999999999999964, 0.10000000000000142
6601, 0.09999999999999964, 0.10000000000000142
6602, 0.09999999999999964, 0.10000000000000142
6603, 0.09999999999999964, 0.10000000000000142
6604, 0.09999999999999964, 0.10000000000000142
6605, 0.09999999999999964, 0.10000000000000142
6606, 0.09999999999999964, 0.10000000000000142
6607, 0.09999999999999964, 0.10000000000000142
6608, 0.09999999999999964, 0.10000000000000142
6609, 0.0, 0.10000000000000142
6610, 0.0, 0.10000000000000142
6611, 0.0, 0.10000000000000142
6612, 0.0, 0.10000000000000142
6613, 0.0, 0.10000000000000142
6614, 0.0, 0.10000000000000142
6615, -0.09999999999999964, 0.10000000000000142
6616, -0.09999999999999964, 0.10000000000000142
6617, -0.09999999999999964, 0.10000000000000142
6618, -0.09999999999999964, 0.10000000000000142
6619, -0.09999999999999964, 0.10000000000000142
6620, -0.09999999999999964, 0.10000000000000142
6621, -0.09999999999999964, 0.10000000000000142
6622, -0.09999999999999964, 0.10000000000000142
6623, -0.09999999999999964, 0.10000000000000142
6624, -0.09999999999999964, 0.10000000000000142
6625, -0.09999999999999964, 0.10000000000000142
6626, 0.0, 0.10000000000000142
6627, 0.0, 0.10000000000000142
6628, 0.0, 0.10000000000000142
6629, 0.0, 0.10000000000000142
6630, 0.0, 0.10000000000000142
6631, 0.0, 0.10000000000000142
6632, 0.0, 0.10000000000000142
6633, 0.0, 0.10000000000000142
6634, 0.0, 0.10000000000000142
6635, 0.0, 0.10000000000000142
6636, 0.0, 0.10000000000000142
6637, 0.0, 0.10000000000000142
6638, 0.0, 0.10000000000000142
6639, 0.0, 0.10000000000000142
6640, 0.0, 0.10000000000000142
6641, 0.0, 0.20000000000000284
6642, 0.0, 0.20000000000000284
6643, 0.0, 0.20000000000000284
6644, 0.0, 0.10000000000000142
6645, 0.0, 0.10000000000000142
6646, 0.0, 0.10000000000000142
6647, 0.0, 0.0
6648, 0.0, 0.0
6649, 0.0, 0.0
6650, 0.0, 0.0
6651, 0.0, 0.0
6652, 0.0, 0.0
6653, 0.09999999999999964, 0.0
6654, 0.09999999999999964, 0.0
6655, 0.09999999999999964, 0.0
6656, 0.09999999999999964, 0.0
6657, 0.09999999999999964, 0.0
6658, 0.09999999999999964, 0.0
6659, 0.09999999999999964, 0.0
6660, 0.09999999999999964, 0.10000000000000142
6661, 0.0, 0.10000000000000142
6662, 0.0, 0.10000000000000142
6663, 0.0, 0.10000000000000142
6664, 0.0, 0.10000000000000142
6665, 0.0, 0.10000000000000142
6666, 0.0, 0.10000000000000142
6667, 0.0, 0.10000000000000142
6668, 0.0, 0.10000000000000142
6669, 0.0, 0.10000000000000142
6670, 0.0, 0.0
6671, 0.0, 0.0
6672, 0.0, 0.0
6673, 0.0, 0.0
6674, 0.09999999999999964, 0.0
6675, 0.09999999999999964, 0.0
6676, 0.09999999999999964, 0.0
6677, 0.09999999999999964, 0.0
6678, 0.09999999999999964, 0.0
6679, 0.09999999999999964, 0.0
6680, 0.09999999999999964, 0.0
6681, 0.09999999999999964, 0.0
6682, 0.09999999999999964, 0.0
6683, 0.09999999999999964, 0.0
6684, 0.09999999999999964, 0.0
6685, 0.09999999999999964, 0.0
6686, 0.09999999999999964, 0.0
6687, 0.0, 0.0
6688, 0.0, 0.0
6689, 0.0, 0.0
6690, 0.0, 0.0
6691, 0.0, 0.0
6692, 0.0, 0.0
6693, 0.0, 0.0
6694, 0.0, 0.10000000000000142
6695, 0.0, 0.10000000000000142
6696, 0.0, 0.10000000000000142
6697, 0.0, 0.0
6698, 0.0, 0.0
6699, 0.0, 0.0
6700, 0.0, 0.0
6701, 0.0, 0.0
6702, 0.0, 0.0
6703, 0.0, 0.0
6704, 0.0, 0.0
6705, 0.0, 0.0
6706, 0.09999999999999964, 0.0
6707, 0.09999999999999964, 0.0
6708, 0.09999999999999964, 0.0
6709, 0.09999999999999964, 0.0
6710, 0.09999999999999964, 0.0
6711, 0.09999999999999964, 0.0
6712, 0.09999999999999964, 0.0
6713, 0.09999999999999964, 0.0
6714, 0.09999999999999964, 0.0
6715, 0.09999999999999964, 0.0
6716, 0.09999999999999964, 0.0
6717, 0.09999999999999964, 0.0
6718, 0.09999999999999964, 0.0
6719, 0.09999999999999964, 0.0
6720, 0.09999999999999964, 0.0
6721, 0.09999999999999964, 0.10000000000000142
6722, 0.09999999999999964, 0.10000000000000142
6723, 0.09999999999999964, 0.0
6724, 0.09999999999999964, 0.0
6725, 0.09999999999999964, 0.0
6726, 0.09999999999999964, 0.0
6727, 0.09999999999999964, 0.0
6728, 0.09999999999999964, 0.0
6729, 0.09999999999999964, 0.0
6730, 0.09999999999999964, 0.0
6731, 0.09999999999999964, 0.0
6732, 0.09999999999999964, 0.0
6733, 0.1999999999999993, 0.0
6734, 0.1999999999999993, 0.0
6735, 0.1999999999999993, 0.0
6736, 0.1999999999999993, 0.0
6737, 0.1999999999999993, 0.0
6738, 0.1999999999999993, 0.0
6739, 0.1999999999999993, 0.0
6740, 0.1999999999999993, 0.0
6741, 0.1999999999999993, 0.0
6742, 0.1999999999999993, 0.0
6743, 0.1999999999999993, 0.0
6744, 0.1999999999999993, 0.0
6745, 0.1999999999999993, 0.0
6746, 0.1999999999999993, 0.0
6747, 0.1999999999999993, 0.0
6748, 0.1999999999999993, 0.0
6749, 0.1999999999999993, 0.0
6750, 0.09999999999999964, 0.0
6751, 0.09999999999999964, 0.0
6752, 0.09999999999999964, 0.0
6753, 0.09999999999999964, 0.0
6754, 0.09999999999999964, 0.0
6755, 0.09999999999999964, 0.0
6756, 0.09999999999999964, 0.0
6757, 0.09999999999999964, 0.0
6758, 0.09999999999999964, 0.0
6759, 0.09999999999999964, 0.0
6760, 0.09999999999999964, 0.0
6761, 0.09999999999999964, 0.0
6762, 0.09999999999999964, 0.0
6763, 0.09999999999999964, 0.0
6764, 0.09999999999999964, 0.0
6765, 0.09999999999999964, 0.0
6766, 0.09999999999999964, 0.0
6767, 0.09999999999999964, 0.0
6768, 0.09999999999999964, 0.0
6769, 0.09999999999999964, 0.0
6770, 0.09999999999999964, 0.0
6771, 0.09999999999999964, 0.0
6772, 0.09999999999999964, -0.09999999999999787
6773, 0.09999999999999964, -0.09999999999999787
6774, 0.09999999999999964, -0.09999999999999787
6775, 0.1999999999999993, -0.09999999999999787
6776, 0.1999999999999993, -0.09999999999999787
6777, 0.1999999999999993, -0.09999999999999787
6778, 0.1999999999999993, -0.09999999999999787
6779, 0.09999999999999964, 0.0
6780, 0.09999999999999964, 0.0
6781, 0.09999999999999964, 0.0
6782, 0.09999999999999964, 0.0
6783, 0.09999999999999964, 0.0
6784, 0.09999999999999964, 0.0
6785, 0.09999999999999964, 0.0
6786, 0.09999999999999964, 0.0
6787, 0.09999999999999964, 0.0
6788, 0.09999999999999964, 0.0
6789, 0.09999999999999964, 0.0
6790, 0.0, 0.0
6791, 0.0, -0.09999999999999787
6792, 0.0, -0.09999999999999787
6793, 0.0, -0.09999999999999787
6794, 0.0, -0.09999999999999787
6795, 0.0, -0.09999999999999787
6796, 0.0, -0.09999999999999787
6797, 0.0, -0.09999999999999787
6798, 0.0, -0.09999999999999787
6799, 0.0, -0.09999999999999787
6800, 0.0, -0.09999999999999787
6801, 0.09999999999999964, 0.0
6802, 0.09999999999999964, 0.0
6803, 0.09999999999999964, 0.0
6804, 0.09999999999999964, 0.0
6805, 0.09999999999999964, 0.0
6806, 0.09999999999999964, -0.09999999999999787
6807, 0.09999999999999964, -0.09999999999999787
6808, 0.09999999999999964, -0.09999999999999787
6809, 0.09999999999999964, -0.09999999999999787
6810, 0.09999999999999964, -0.09999999999999787
6811, 0.09999999999999964, 0.0
6812, 0.09999999999999964, 0.0
6813, 0.09999999999999964, 0.0
6814, 0.09999999999999964, 0.0
6815, 0.09999999999999964, 0.0
6816, 0.09999999999999964, 0.0
6817, 0.09999999999999964, 0.0
6818, 0.09999999999999964, 0.0
6819, 0.09999999999999964, 0.0
6820, 0.1999999999999993, 0.0
6821, 0.1999999999999993, 0.0
6822, 0.1999999999999993, 0.0
6823, 0.1999999999999993, 0.0
6824, 0.1999999999999993, 0.0
6825, 0.1999999999999993, 0.0
6826, 0.09999999999999964, 0.0
6827, 0.09999999999999964, 0.0
6828, 0.09999999999999964, 0.0
6829, 0.09999999999999964, 0.0
6830, 0.09999999999999964, 0.0
6831, 0.09999999999999964, 0.0
6832, 0.09999999999999964, 0.0
6833, 0.09999999999999964, 0.0
6834, 0.09999999999999964, 0.0
6835, 0.09999999999999964, 0.0
6836, 0.09999999999999964, 0.0
6837, 0.09999999999999964, 0.0
6838, 0.09999999999999964, 0.0
6839, 0.09999999999999964, 0.0
6840, 0.09999999999999964, 0.0
6841, 0.09999999999999964, 0.0
6842, 0.09999999999999964, 0.0
6843, 0.09999999999999964, 0.0
6844, 0.09999999999999964, 0.0
6845, 0.09999999999999964, 0.0
6846, 0.09999999999999964, 0.0
6847, 0.09999999999999964, 0.0
6848, 0.09999999999999964, 0.0
6849, 0.09999999999999964, 0.0
6850, 0.09999999999999964, 0.0
6851, 0.09999999999999964, 0.0
6852, 0.09999999999999964, 0.0
6853, 0.09999999999999964, 0.0
6854, 0.09999999999999964, 0.0
6855, 0.0, 0.0
6856, 0.0, 0.0
6857, 0.0, 0.0
6858, 0.0, 0.0
6859, 0.0, 0.0
6860, 0.0, 0.0
6861, 0.0, 0.0
6862, 0.0, 0.0
6863, 0.0, 0.0
6864, 0.0, 0.0
6865, 0.0, 0.0
6866, 0.0, 0.0
6867, 0.0, 0.0
6868, 0.0, 0.0
6869, 0.0, 0.0
6870, 0.0, 0.0
6871, 0.0, 0.0
6872, 0.0, 0.0
6873, 0.0, 0.0
6874, 0.0, 0.0
6875, 0.0, 0.0
6876, 0.0, 0.0
6877, 0.0, 0.0
6878, 0.0, 0.0
6879, 0.0, 0.0
6880, 0.0, 0.0
6881, 0.0, 0.0
6882, 0.0, 0.0
6883, 0.0, 0.10000000000000142
6884, 0.0, 0.10000000000000142
6885, 0.0, 0.20000000000000284
6886, 0.0, 0.20000000000000284
6887, 0.0, 0.20000000000000284
6888, 0.0, 0.20000000000000284
6889, 0.0, 0.20000000000000284
6890, 0.0, 0.20000000000000284
6891, 0.0, 0.20000000000000284
6892, 0.09999999999999964, 0.20000000000000284
6893, 0.09999999999999964, 0.20000000000000284
6894, 0.09999999999999964, 0.20000000000000284
6895, 0.09999999999999964, 0.20000000000000284
6896, 0.09999999999999964, 0.20000000000000284
6897, 0.09999999999999964, 0.20000000000000284
6898, 0.09999999999999964, 0.20000000000000284
6899, 0.09999999999999964, 0.10000000000000142
6900, 0.09999999999999964, 0.10000000000000142
6901, 0.09999999999999964, 0.10000000000000142
6902, 0.09999999999999964, 0.10000000000000142
6903, 0.09999999999999964, 0.10000000000000142
6904, 0.09999999999999964, 0.10000000000000142
6905, 0.09999999999999964, 0.10000000000000142
6906, 0.09999999999999964, 0.10000000000000142
6907, 0.09999999999999964, 0.10000000000000142
6908, 0.09999999999999964, 0.10000000000000142
6909, 0.09999999999999964, 0.10000000000000142
6910, 0.09999999999999964, 0.10000000000000142
6911, 0.09999999999999964, 0.10000000000000142
6912, 0.09999999999999964, 0.10000000000000142
6913, 0.09999999999999964, 0.10000000000000142
6914, 0.09999999999999964, 0.10000000000000142
6915, 0.09999999999999964, 0.10000000000000142
6916, 0.09999999999999964, 0.10000000000000142
6917, 0.09999999999999964, 0.10000000000000142
6918, 0.09999999999999964, 0.10000000000000142
6919, 0.09999999999999964, 0.10000000000000142
6920, 0.09999999999999964, 0.10000000000000142
6921, 0.09999999999999964, 0.10000000000000142
6922, 0.09999999999999964, 0.10000000000000142
6923, 0.09999999999999964, 0.10000000000000142
6924, 0.09999999999999964, 0.10000000000000142
6925, 0.09999999999999964, 0.10000000000000142
6926, 0.09999999999999964, 0.10000000000000142
6927, 0.09999999999999964, 0.10000000000000142
6928, 0.09999999999999964, 0.10000000000000142
6929, 0.09999999999999964, 0.10000000000000142
6930, 0.09999999999999964, 0.10000000000000142
6931, 0.09999999999999964, 0.10000000000000142
6932, 0.09999999999999964, 0.10000000000000142
6933, 0.09999999999999964, 0.10000000000000142
6934, 0.09999999999999964, 0.10000000000000142
6935, 0.09999999999999964, 0.10000000000000142
6936, 0.09999999999999964, 0.10000000000000142
6937, 0.09999999999999964, 0.10000000000000142
6938, 0.09999999999999964, 0.10000000000000142
6939, 0.09999999999999964, 0.10000000000000142
6940, 0.09999999999999964, 0.10000000000000142
6941, 0.09999999999999964, 0.10000000000000142
6942, 0.09999999999999964, 0.10000000000000142
6943, 0.09999999999999964, 0.10000000000000142
6944, 0.1999999999999993, 0.10000000000000142
6945, 0.1999999999999993, 0.10000000000000142
6946, 0.1999999999999993, 0.10000000000000142
6947, 0.1999999999999993, 0.10000000000000142
6948, 0.1999999999999993, 0.10000000000000142
6949, 0.1999999999999993, 0.10000000000000142
6950, 0.1999999999999993, 0.10000000000000142
6951, 0.1999999999999993, 0.10000000000000142
6952, 0.1999999999999993, 0.10000000000000142
6953, 0.1999999999999993, 0.10000000000000142
6954, 0.09999999999999964, 0.10000000000000142
6955, 0.09999999999999964, 0.10000000000000142
6956, 0.09999999999999964, 0.0
6957, 0.09999999999999964, 0.0
6958, 0.09999999999999964, 0.0
6959, 0.09999999999999964, 0.0
6960, 0.09999999999999964, 0.0
6961, 0.09999999999999964, -0.09999999999999787
6962, 0.09999999999999964, -0.09999999999999787
6963, 0.09999999999999964, -0.09999999999999787
6964, 0.09999999999999964, -0.09999999999999787
6965, 0.09999999999999964, -0.09999999999999787
6966, 0.09999999999999964, -0.09999999999999787
6967, 0.09999999999999964, -0.09999999999999787
6968, 0.09999999999999964, -0.09999999999999787
6969, 0.09999999999999964, -0.09999999999999787
6970, 0.09999999999999964, -0.09999999999999787
6971, 0.09999999999999964, -0.09999999999999787
6972, 0.09999999999999964, 0.0
6973, 0.09999999999999964, 0.0
6974, 0.09999999999999964, 0.0
6975, 0.09999999999999964, 0.0
6976, 0.09999999999999964, 0.0
6977, 0.09999999999999964, 0.0
6978, 0.09999999999999964, 0.0
6979, 0.09999999999999964, 0.0
6980, 0.09999999999999964, 0.0
6981, 0.09999999999999964, 0.0
6982, 0.09999999999999964, 0.0
6983, 0.09999999999999964, 0.0
6984, 0.09999999999999964, 0.0
6985, 0.0, 0.10000000000000142
6986, 0.0, 0.10000000000000142
6987, 0.0, 0.0
6988, 0.0, 0.0
6989, 0.0, 0.0
6990, 0.0, 0.0
6991, 0.0, 0.0
6992, 0.0, 0.0
6993, 0.0, 0.0
6994, 0.0, 0.0
6995, 0.0, 0.0
6996, 0.0, 0.10000000000000142
6997, 0.0, 0.10000000000000142
6998, 0.0, 0.10000000000000142
6999, 0.0, 0.10000000000000142
7000, 0.0, 0.10000000000000142
7001, 0.0, 0.10000000000000142
7002, 0.0, 0.10000000000000142
7003, 0.09999999999999964, 0.10000000000000142
7004, 0.09999999999999964, 0.10000000000000142
7005, 0.09999999999999964, 0.10000000000000142
7006, 0.09999999999999964, 0.10000000000000142
7007, 0.09999999999999964, 0.10000000000000142
7008, 0.09999999999999964, 0.10000000000000142
7009, 0.09999999999999964, 0.10000000000000142
7010, 0.09999999999999964, 0.10000000000000142
7011, 0.09999999999999964, 0.20000000000000284
7012, 0.09999999999999964, 0.20000000000000284
7013, 0.09999999999999964, 0.20000000000000284
7014, 0.09999999999999964, 0.20000000000000284
7015, 0.09999999999999964, 0.20000000000000284
7016, 0.09999999999999964, 0.10000000000000142
7017, 0.09999999999999964, 0.10000000000000142
7018, 0.09999999999999964, 0.10000000000000142
7019, 0.09999999999999964, 0.10000000000000142
7020, 0.09999999999999964, 0.10000000000000142
7021, 0.09999999999999964, 0.10000000000000142
7022, 0.09999999999999964, 0.10000000000000142
7023, 0.0, 0.10000000000000142
7024, 0.0, 0.10000000000000142
7025, 0.0, 0.10000000000000142
7026, 0.0, 0.10000000000000142
7027, 0.0, 0.10000000000000142
7028, 0.0, 0.10000000000000142
7029, 0.0, 0.10000000000000142
7030, 0.0, 0.10000000000000142
7031, 0.0, 0.0
7032, 0.0, 0.0
7033, 0.0, 0.0
7034, 0.0, 0.0
7035, 0.0, 0.0
7036, 0.0, 0.0
7037, 0.0, 0.0
7038, 0.0, 0.0
7039, 0.0, 0.0
7040, 0.0, -0.09999999999999787
7041, 0.0, 0.0
7042, 0.0, 0.0
7043, 0.0, 0.0
7044, 0.0, 0.0
7045, 0.0, 0.0
7046, 0.0, 0.0
7047, 0.0, 0.0
7048, 0.0, 0.0
7049, 0.0, 0.0
7050, 0.0, 0.0
7051, 0.0, 0.0
7052, 0.0, 0.0
7053, 0.0, 0.0
7054, 0.0, 0.0
7055, 0.0, 0.0
7056, 0.0, 0.0
7057, 0.0, 0.10000000000000142
7058, 0.0, 0.10000000000000142
7059, 0.0, 0.10000000000000142
7060, 0.0, 0.10000000000000142
7061, 0.0, 0.10000000000000142
7062, 0.0, 0.10000000000000142
7063, 0.0, 0.10000000000000142
7064, 0.0, 0.10000000000000142
7065, 0.0, 0.10000000000000142
7066, 0.0, 0.10000000000000142
7067, 0.0, 0.10000000000000142
7068, 0.09999999999999964, 0.10000000000000142
7069, 0.09999999999999964, 0.10000000000000142
7070, 0.09999999999999964, 0.10000000000000142
7071, 0.09999999999999964, 0.10000000000000142
7072, 0.09999999999999964, 0.10000000000000142
7073, 0.09999999999999964, 0.10000000000000142
7074, 0.09999999999999964, 0.10000000000000142
7075, 0.09999999999999964, 0.10000000000000142
7076, 0.09999999999999964, 0.10000000000000142
7077, 0.09999999999999964, 0.10000000000000142
7078, 0.09999999999999964, 0.10000000000000142
7079, 0.09999999999999964, 0.10000000000000142
7080, 0.09999999999999964, 0.10000000000000142
7081, 0.09999999999999964, 0.10000000000000142
7082, 0.09999999999999964, 0.10000000000000142
7083, 0.09999999999999964, 0.10000000000000142
7084, 0.09999999999999964, 0.10000000000000142
7085, 0.09999999999999964, 0.10000000000000142
7086, 0.09999999999999964, 0.10000000000000142
7087, 0.09999999999999964, 0.10000000000000142
7088, 0.09999999999999964, 0.10000000000000142
7089, 0.09999999999999964, 0.10000000000000142
7090, 0.09999999999999964, 0.10000000000000142
7091, 0.09999999999999964, 0.10000000000000142
7092, 0.09999999999999964, 0.10000000000000142
7093, 0.09999999999999964, 0.10000000000000142
7094, 0.09999999999999964, 0.10000000000000142
7095, 0.09999999999999964, 0.10000000000000142
7096, 0.09999999999999964, 0.10000000000000142
7097, 0.09999999999999964, 0.10000000000000142
7098, 0.09999999999999964, 0.10000000000000142
7099, 0.09999999999999964, 0.10000000000000142
7100, 0.09999999999999964, 0.10000000000000142
7101, 0.09999999999999964, 0.10000000000000142
7102, 0.09999999999999964, 0.10000000000000142
7103, 0.09999999999999964, 0.10000000000000142
7104, 0.09999999999999964, 0.10000000000000142
7105, 0.09999999999999964, 0.10000000000000142
7106, 0.0, 0.10000000000000142
7107, 0.0, 0.10000000000000142
7108, 0.0, 0.10000000000000142
7109, 0.0, 0.10000000000000142
7110, 0.0, 0.10000000000000142
7111, 0.0, 0.10000000000000142
7112, 0.0, 0.10000000000000142
7113, 0.0, 0.0
7114, 0.09999999999999964, 0.0
7115, 0.09999999999999964, 0.0
7116, 0.09999999999999964, 0.0
7117, 0.09999999999999964, 0.0
7118, 0.09999999999999964, 0.0
7119, 0.09999999999999964, 0.0
7120, 0.09999999999999964, 0.0
7121, 0.09999999999999964, 0.0
7122, 0.09999999999999964, 0.0
7123, 0.09999999999999964, 0.0
7124, 0.09999999999999964, 0.0
7125, 0.09999999999999964, 0.0
7126, 0.09999999999999964, 0.0
7127, 0.09999999999999964, 0.0
7128, 0.09999999999999964, 0.0
7129, 0.09999999999999964, 0.10000000000000142
7130, 0.09999999999999964, 0.10000000000000142
7131, 0.09999999999999964, 0.10000000000000142
7132, 0.09999999999999964, 0.10000000000000142
7133, 0.09999999999999964, 0.10000000000000142
7134, 0.09999999999999964, 0.0
7135, 0.09999999999999964, 0.0
7136, 0.09999999999999964, 0.0
7137, 0.09999999999999964, 0.0
7138, 0.09999999999999964, 0.10000000000000142
7139, 0.09999999999999964, 0.10000000000000142
7140, 0.09999999999999964, 0.10000000000000142
7141, 0.09999999999999964, 0.10000000000000142
7142, 0.09999999999999964, 0.10000000000000142
7143, 0.09999999999999964, 0.10000000000000142
7144, 0.09999999999999964, 0.10000000000000142
7145, 0.09999999999999964, 0.10000000000000142
7146, 0.09999999999999964, 0.10000000000000142
7147, 0.09999999999999964, 0.10000000000000142
7148, 0.09999999999999964, 0.10000000000000142
7149, 0.09999999999999964, 0.10000000000000142
7150, 0.0, 0.10000000000000142
7151, 0.0, 0.10000000000000142
7152, 0.0, 0.10000000000000142
7153, 0.0, 0.10000000000000142
7154, 0.0, 0.10000000000000142
7155, 0.0, 0.10000000000000142
7156, 0.09999999999999964, 0.10000000000000142
7157, 0.09999999999999964, 0.10000000000000142
7158, 0.09999999999999964, 0.10000000000000142
7159, 0.09999999999999964, 0.10000000000000142
7160, 0.09999999999999964, 0.10000000000000142
7161, 0.09999999999999964, 0.10000000000000142
7162, 0.09999999999999964, 0.10000000000000142
7163, 0.09999999999999964, 0.10000000000000142
7164, 0.09999999999999964, 0.10000000000000142
7165, 0.09999999999999964, 0.10000000000000142
7166, 0.09999999999999964, 0.10000000000000142
7167, 0.09999999999999964, 0.10000000000000142
7168, 0.09999999999999964, 0.10000000000000142
7169, 0.09999999999999964, 0.10000000000000142
7170, 0.09999999999999964, 0.10000000000000142
7171, 0.09999999999999964, 0.10000000000000142
7172, 0.09999999999999964, 0.10000000000000142
7173, 0.09999999999999964, 0.10000000000000142
7174, 0.09999999999999964, 0.10000000000000142
7175, 0.09999999999999964, 0.10000000000000142
7176, 0.09999999999999964, 0.10000000000000142
7177, 0.09999999999999964, 0.10000000000000142
7178, 0.09999999999999964, 0.10000000000000142
7179, 0.09999999999999964, 0.10000000000000142
7180, 0.09999999999999964, 0.10000000000000142
7181, 0.09999999999999964, 0.10000000000000142
7182, 0.09999999999999964, 0.10000000000000142
7183, 0.09999999999999964, 0.10000000000000142
7184, 0.09999999999999964, 0.10000000000000142
7185, 0.09999999999999964, 0.10000000000000142
7186, 0.09999999999999964, 0.10000000000000142
7187, 0.09999999999999964, 0.10000000000000142
7188, 0.09999999999999964, 0.10000000000000142
7189, 0.09999999999999964, 0.10000000000000142
7190, 0.09999999999999964, 0.10000000000000142
7191, 0.09999999999999964, 0.10000000000000142
7192, 0.09999999999999964, 0.0
7193, 0.09999999999999964, 0.0
7194, 0.09999999999999964, 0.0
7195, 0.09999999999999964, 0.0
7196, 0.09999999999999964, 0.0
7197, 0.09999999999999964, 0.0
7198, 0.09999999999999964, 0.0
7199, 0.09999999999999964, 0.0
7200, 0.09999999999999964, 0.0
7201, 0.09999999999999964, 0.0
7202, 0.09999999999999964, 0.0
7203, 0.09999999999999964, 0.0
7204, 0.09999999999999964, 0.0
7205, 0.09999999999999964, 0.0
7206, 0.09999999999999964, 0.0
7207, 0.09999999999999964, 0.0
7208, 0.09999999999999964, 0.0
7209, 0.1999999999999993, 0.0
7210, 0.1999999999999993, 0.0
7211, 0.1999999999999993, 0.0
7212, 0.1999999999999993, 0.0
7213, 0.1999999999999993, 0.0
7214, 0.1999999999999993, 0.0
7215, 0.09999999999999964, 0.0
7216, 0.09999999999999964, 0.0
7217, 0.09999999999999964, 0.0
7218, 0.09999999999999964, 0.0
7219, 0.09999999999999964, 0.0
7220, 0.09999999999999964, 0.0
7221, 0.09999999999999964, 0.0
7222, 0.09999999999999964, 0.0
7223, 0.09999999999999964, 0.0
7224, 0.09999999999999964, 0.0
7225, 0.09999999999999964, 0.0
7226, 0.09999999999999964, 0.0
7227, 0.09999999999999964, 0.0
7228, 0.09999999999999964, 0.0
7229, 0.09999999999999964, 0.0
7230, 0.09999999999999964, 0.0
7231, 0.09999999999999964, 0.0
7232, 0.09999999999999964, 0.0
7233, 0.09999999999999964, 0.0
7234, 0.09999999999999964, 0.0
7235, 0.09999999999999964, 0.0
7236, 0.09999999999999964, 0.0
7237, 0.09999999999999964, 0.0
7238, 0.09999999999999964, 0.0
7239, 0.09999999999999964, 0.0
7240, 0.09999999999999964, 0.0
7241, 0.09999999999999964, 0.0
7242, 0.09999999999999964, 0.0
7243, 0.09999999999999964, 0.0
7244, 0.09999999999999964, 0.0
7245, 0.09999999999999964, 0.0
7246, 0.09999999999999964, 0.0
7247, 0.09999999999999964, 0.0
7248, 0.09999999999999964, 0.0
7249, 0.09999999999999964, 0.0
7250, 0.09999999999999964, 0.0
7251, 0.09999999999999964, 0.0
7252, 0.09999999999999964, 0.0
7253, 0.09999999999999964, 0.0
7254, 0.09999999999999964, 0.0
7255, 0.09999999999999964, 0.0
7256, 0.09999999999999964, 0.0
7257, 0.09999999999999964, 0.0
7258, 0.09999999999999964, 0.0
7259, 0.09999999999999964, 0.0
7260, 0.09999999999999964, 0.0
7261, 0.09999999999999964, 0.0
7262, 0.09999999999999964, 0.0
7263, 0.09999999999999964, 0.0
7264, 0.09999999999999964, 0.0
7265, 0.09999999999999964, 0.0
7266, 0.09999999999999964, 0.0
7267, 0.09999999999999964, 0.0
7268, 0.09999999999999964, 0.0
7269, 0.09999999999999964, 0.0
7270, 0.09999999999999964, 0.0
7271, 0.09999999999999964, 0.0
7272, 0.09999999999999964, 0.0
7273, 0.1999999999999993, 0.0
7274, 0.1999999999999993, 0.0
7275, 0.1999999999999993, 0.0
7276, 0.1999999999999993, 0.0
7277, 0.1999999999999993, 0.0
7278, 0.1999999999999993, 0.0
7279, 0.1999999999999993, 0.0
7280, 0.1999999999999993, 0.0
7281, 0.1999999999999993, 0.0
7282, 0.1999999999999993, -0.09999999999999787
7283, 0.1999999999999993, -0.09999999999999787
7284, 0.1999999999999993, -0.09999999999999787
7285, 0.1999999999999993, -0.09999999999999787
7286, 0.1999999999999993, -0.09999999999999787
7287, 0.1999999999999993, -0.09999999999999787
7288, 0.1999999999999993, -0.09999999999999787
7289, 0.1999999999999993, -0.09999999999999787
7290, 0.1999999999999993, -0.09999999999999787
7291, 0.1999999999999993, -0.09999999999999787
7292, 0.1999999999999993, -0.09999999999999787
7293, 0.1999999999999993, -0.09999999999999787
7294, 0.1999999999999993, -0.09999999999999787
7295, 0.1999999999999993, 0.0
7296, 0.1999999999999993, 0.0
7297, 0.1999999999999993, 0.0
7298, 0.1999999999999993, 0.0
7299, 0.1999999999999993, 0.0
7300, 0.1999999999999993, 0.0
7301, 0.1999999999999993, 0.0
7302, 0.09999999999999964, 0.0
7303, 0.09999999999999964, 0.0
7304, 0.09999999999999964, 0.0
7305, 0.09999999999999964, 0.0
7306, 0.09999999999999964, 0.0
7307, 0.09999999999999964, 0.0
7308, 0.09999999999999964, 0.0
7309, 0.09999999999999964, 0.0
7310, 0.09999999999999964, 0.10000000000000142
7311, 0.09999999999999964, 0.10000000000000142
7312, 0.09999999999999964, 0.10000000000000142
7313, 0.09999999999999964, 0.10000000000000142
7314, 0.09999999999999964, 0.10000000000000142
7315, 0.09999999999999964, 0.10000000000000142
7316, 0.09999999999999964, 0.10000000000000142
7317, 0.09999999999999964, 0.10000000000000142
7318, 0.09999999999999964, 0.10000000000000142
7319, 0.09999999999999964, 0.10000000000000142
7320, 0.09999999999999964, 0.10000000000000142
7321, 0.09999999999999964, 0.0
7322, 0.09999999999999964, 0.0
7323, 0.09999999999999964, 0.0
7324, 0.09999999999999964, 0.0
7325, 0.09999999999999964, 0.0
7326, 0.09999999999999964, 0.0
7327, 0.09999999999999964, 0.0
7328, 0.09999999999999964, 0.0
7329, 0.09999999999999964, 0.0
7330, 0.0, 0.0
7331, 0.0, 0.0
7332, 0.0, 0.0
7333, 0.0, 0.0
7334, 0.0, 0.0
7335, 0.0, 0.0
7336, 0.0, 0.0
7337, 0.0, 0.0
7338, 0.0, 0.0
7339, 0.0, 0.0
7340, 0.0, 0.0
7341, 0.0, 0.0
7342, 0.0, 0.0
7343, 0.0, 0.0
7344, 0.0, 0.0
7345, 0.0, -0.09999999999999787
7346, 0.0, -0.09999999999999787
7347, 0.0, -0.09999999999999787
7348, 0.0, -0.09999999999999787
7349, 0.0, -0.09999999999999787
7350, 0.0, -0.09999999999999787
7351, 0.0, -0.09999999999999787
7352, 0.0, -0.09999999999999787
7353, 0.0, -0.09999999999999787
7354, 0.0, -0.09999999999999787
7355, 0.0, -0.09999999999999787
7356, 0.0, -0.09999999999999787
7357, 0.0, 0.0
7358, 0.0, 0.0
7359, 0.0, 0.0
7360, 0.0, 0.0
7361, 0.0, 0.0
7362, 0.0, 0.0
7363, 0.0, 0.0
7364, 0.09999999999999964, 0.0
7365, 0.09999999999999964, 0.0
7366, 0.09999999999999964, 0.0
7367, 0.09999999999999964, 0.0
7368, 0.1999999999999993, 0.0
7369, 0.1999999999999993, 0.0
7370, 0.1999999999999993, -0.09999999999999787
7371, 0.09999999999999964, -0.09999999999999787
7372, 0.09999999999999964, -0.09999999999999787
7373, 0.09999999999999964, -0.09999999999999787
7374, 0.09999999999999964, -0.09999999999999787
7375, 0.09999999999999964, 0.0
7376, 0.09999999999999964, 0.0
7377, 0.09999999999999964, 0.0
7378, 0.09999999999999964, 0.0
7379, 0.09999999999999964, 0.0
7380, 0.09999999999999964, 0.0
7381, 0.09999999999999964, 0.0
7382, 0.09999999999999964, 0.0
7383, 0.09999999999999964, 0.0
7384, 0.09999999999999964, 0.0
7385, 0.09999999999999964, 0.0
7386, 0.09999999999999964, 0.0
7387, 0.09999999999999964, 0.0
7388, 0.09999999999999964, 0.0
7389, 0.09999999999999964, 0.0
7390, 0.09999999999999964, 0.0
7391, 0.09999999999999964, 0.0
7392, 0.09999999999999964, 0.0
7393, 0.09999999999999964, 0.0
7394, 0.09999999999999964, 0.0
7395, 0.09999999999999964, 0.0
7396, 0.09999999999999964, 0.0
7397, 0.09999999999999964, 0.0
7398, 0.09999999999999964, 0.0
7399, 0.09999999999999964, 0.0
7400, 0.09999999999999964, 0.0
7401, 0.09999999999999964, 0.0
7402, 0.09999999999999964, 0.0
7403, 0.09999999999999964, 0.0
7404, 0.09999999999999964, 0.0
7405, 0.09999999999999964, 0.0
7406, 0.09999999999999964, 0.0
7407, 0.09999999999999964, 0.0
7408, 0.09999999999999964, 0.0
7409, 0.09999999999999964, 0.0
7410, 0.09999999999999964, -0.09999999999999787
7411, 0.09999999999999964, -0.09999999999999787
7412, 0.09999999999999964, 0.0
7413, 0.09999999999999964, 0.0
7414, 0.09999999999999964, 0.0
7415, 0.09999999999999964, 0.0
7416, 0.09999999999999964, 0.0
7417, 0.09999999999999964, 0.0
7418, 0.09999999999999964, 0.0
7419, 0.09999999999999964, 0.0
7420, 0.09999999999999964, 0.0
7421, 0.09999999999999964, 0.0
7422, 0.09999999999999964, 0.0
7423, 0.09999999999999964, 0.0
7424, 0.09999999999999964, 0.0
7425, 0.09999999999999964, 0.0
7426, 0.09999999999999964, 0.0
7427, 0.09999999999999964, 0.0
7428, 0.09999999999999964, 0.0
7429, 0.09999999999999964, 0.10000000000000142
7430, 0.09999999999999964, 0.10000000000000142
7431, 0.09999999999999964, 0.10000000000000142
7432, 0.09999999999999964, 0.10000000000000142
7433, 0.09999999999999964, 0.10000000000000142
7434, 0.09999999999999964, 0.0
7435, 0.09999999999999964, 0.0
7436, 0.09999999999999964, 0.0
7437, 0.09999999999999964, 0.0
7438, 0.09999999999999964, 0.0
7439, 0.09999999999999964, 0.0
7440, 0.09999999999999964, 0.0
7441, 0.09999999999999964, 0.0
7442, 0.09999999999999964, 0.0
7443, 0.09999999999999964, 0.0
7444, 0.09999999999999964, 0.0
7445, 0.09999999999999964, 0.0
7446, 0.09999999999999964, 0.0
7447, 0.09999999999999964, 0.0
7448, 0.09999999999999964, 0.0
7449, 0.09999999999999964, 0.0
7450, 0.09999999999999964, 0.0
7451, 0.09999999999999964, 0.0
7452, 0.09999999999999964, 0.0
7453, 0.09999999999999964, 0.0
7454, 0.09999999999999964, 0.0
7455, 0.09999999999999964, 0.0
7456, 0.09999999999999964, 0.0
7457, 0.09999999999999964, 0.0
7458, 0.09999999999999964, 0.0
7459, 0.09999999999999964, 0.0
7460, 0.09999999999999964, 0.0
7461, 0.09999999999999964, 0.0
7462, 0.09999999999999964, 0.0
7463, 0.09999999999999964, 0.0
7464, 0.09999999999999964, 0.0
7465, 0.09999999999999964, 0.0
7466, 0.09999999999999964, 0.10000000000000142
7467, 0.09999999999999964, 0.10000000000000142
7468, 0.09999999999999964, 0.10000000000000142
7469, 0.09999999999999964, 0.10000000000000142
7470, 0.09999999999999964, 0.10000000000000142
7471, 0.09999999999999964, 0.10000000000000142
7472, 0.0, 0.10000000000000142
7473, -0.09999999999999964, 0.10000000000000142
7474, -0.09999999999999964, 0.10000000000000142
7475, -0.09999999999999964, 0.10000000000000142
7476, -0.09999999999999964, 0.10000000000000142
7477, -0.09999999999999964, 0.10000000000000142
7478, -0.09999999999999964, 0.10000000000000142
7479, -0.09999999999999964, 0.10000000000000142
7480, -0.09999999999999964, 0.10000000000000142
7481, -0.09999999999999964, 0.10000000000000142
7482, -0.09999999999999964, 0.10000000000000142
7483, -0.09999999999999964, 0.10000000000000142
7484, 0.0, 0.10000000000000142
7485, 0.0, 0.10000000000000142
7486, 0.0, 0.10000000000000142
7487, 0.0, 0.10000000000000142
7488, 0.0, 0.10000000000000142
7489, 0.0, 0.10000000000000142
7490, 0.0, 0.10000000000000142
7491, 0.0, 0.10000000000000142
7492, 0.0, 0.10000000000000142
7493, 0.0, 0.10000000000000142
7494, 0.0, 0.20000000000000284
7495, 0.0, 0.20000000000000284
7496, 0.0, 0.20000000000000284
7497, 0.0, 0.20000000000000284
7498, 0.0, 0.20000000000000284
7499, 0.0, 0.20000000000000284
7500, 0.0, 0.20000000000000284
7501, 0.0, 0.20000000000000284
7502, 0.0, 0.20000000000000284
7503, 0.0, 0.20000000000000284
7504, 0.0, 0.20000000000000284
7505, 0.0, 0.20000000000000284
7506, 0.0, 0.20000000000000284
7507, 0.0, 0.20000000000000284
7508, 0.0, 0.20000000000000284
7509, 0.0, 0.20000000000000284
7510, 0.0, 0.20000000000000284
7511, 0.0, 0.10000000000000142
7512, 0.0, 0.10000000000000142
7513, 0.0, 0.10000000000000142
7514, 0.0, 0.10000000000000142
7515, 0.0, 0.10000000000000142
7516, 0.0, 0.10000000000000142
7517, 0.0, 0.10000000000000142
7518, 0.0, 0.10000000000000142
7519, 0.0, 0.10000000000000142
7520, 0.0, 0.10000000000000142
7521, 0.0, 0.10000000000000142
7522, 0.0, 0.10000000000000142
7523, 0.0, 0.10000000000000142
7524, 0.0, 0.10000000000000142
7525, 0.0, 0.10000000000000142
7526, 0.0, 0.10000000000000142
7527, 0.0, 0.10000000000000142
7528, 0.0, 0.10000000000000142
7529, 0.0, 0.10000000000000142
7530, 0.0, 0.10000000000000142
7531, 0.0, 0.10000000000000142
7532, 0.0, 0.10000000000000142
7533, 0.0, 0.0
7534, 0.0, -0.09999999999999787
7535, 0.0, 0.0
7536, 0.0, 0.0
7537, 0.0, 0.0
7538, 0.0, 0.0
7539, 0.0, 0.0
7540, 0.0, 0.0
7541, 0.0, 0.0
7542, 0.0, 0.0
7543, 0.0, 0.0
7544, 0.0, 0.0
7545, 0.0, 0.0
7546, 0.0, 0.0
7547, 0.0, 0.0
7548, 0.0, -0.09999999999999787
7549, 0.0, -0.09999999999999787
7550, 0.0, -0.09999999999999787
7551, 0.0, -0.09999999999999787
7552, 0.0, -0.09999999999999787
7553, 0.0, -0.09999999999999787
7554, 0.0, -0.09999999999999787
7555, 0.0, -0.09999999999999787
7556, 0.0, -0.09999999999999787
7557, 0.0, -0.09999999999999787
7558, 0.0, -0.09999999999999787
7559, 0.0, -0.09999999999999787
7560, 0.0, -0.09999999999999787
7561, 0.0, -0.09999999999999787
7562, 0.0, -0.09999999999999787
7563, 0.0, -0.09999999999999787
7564, 0.0, -0.09999999999999787
7565, 0.0, -0.09999999999999787
7566, 0.0, -0.09999999999999787
7567, 0.0, -0.09999999999999787
7568, 0.0, -0.09999999999999787
7569, 0.0, -0.09999999999999787
7570, 0.0, -0.09999999999999787
7571, 0.0, -0.09999999999999787
7572, 0.0, 0.0
7573, 0.0, 0.0
7574, 0.0, 0.0
7575, 0.0, 0.0
7576, 0.0, 0.0
7577, 0.0, 0.0
7578, 0.0, 0.0
7579, 0.0, 0.0
7580, 0.0, 0.0
7581, 0.0, 0.0
7582, 0.0, 0.0
7583, 0.0, 0.0
7584, 0.0, 0.0
7585, 0.0, 0.10000000000000142
7586, 0.0, 0.10000000000000142
7587, 0.0, 0.10000000000000142
7588, 0.0, 0.10000000000000142
7589, 0.0, 0.10000000000000142
7590, 0.0, 0.10000000000000142
7591, 0.0, 0.10000000000000142
7592, 0.0, 0.10000000000000142
7593, 0.0, 0.10000000000000142
7594, 0.0, 0.10000000000000142
7595, 0.0, 0.10000000000000142
7596, 0.0, 0.10000000000000142
7597, 0.0, 0.10000000000000142
7598, 0.0, 0.10000000000000142
7599, 0.0, 0.10000000000000142
7600, 0.0, 0.10000000000000142
7601, 0.0, 0.10000000000000142
7602, 0.0, 0.10000000000000142
7603, 0.0, 0.10000000000000142
7604, 0.0, 0.10000000000000142
7605, 0.0, 0.0
7606, 0.0, 0.0
7607, 0.0, 0.0
7608, 0.0, 0.0
7609, 0.0, 0.0
7610, 0.0, 0.0
7611, 0.0, 0.0
7612, 0.0, 0.0
7613, 0.0, 0.0
7614, 0.0, 0.0
7615, 0.0, 0.0
7616, 0.09999999999999964, 0.0
7617, 0.09999999999999964, 0.0
7618, 0.09999999999999964, 0.0
7619, 0.09999999999999964, 0.0
7620, 0.09999999999999964, 0.0
7621, 0.09999999999999964, 0.0
7622, 0.09999999999999964, 0.0
7623, 0.09999999999999964, 0.0
7624, 0.09999999999999964, 0.0
7625, 0.09999999999999964, 0.0
7626, 0.09999999999999964, 0.0
7627, 0.09999999999999964, 0.0
7628, 0.09999999999999964, 0.0
7629, 0.09999999999999964, 0.0
7630, 0.09999999999999964, 0.0
7631, 0.09999999999999964, 0.0
7632, 0.09999999999999964, 0.0
7633, 0.09999999999999964, 0.0
7634, 0.09999999999999964, 0.0
7635, 0.09999999999999964, 0.0
7636, 0.09999999999999964, 0.0
7637, 0.09999999999999964, 0.0
7638, 0.09999999999999964, 0.0
7639, 0.09999999999999964, 0.0
7640, 0.09999999999999964, 0.0
7641, 0.09999999999999964, 0.0
7642, 0.09999999999999964, 0.0
7643, 0.09999999999999964, 0.0
7644, 0.09999999999999964, 0.0
7645, 0.09999999999999964, 0.0
7646, 0.09999999999999964, 0.0
7647, 0.1999999999999993, 0.0
7648, 0.1999999999999993, 0.0
7649, 0.1999999999999993, 0.0
7650, 0.1999999999999993, 0.10000000000000142
7651, 0.1999999999999993, 0.10000000000000142
7652, 0.1999999999999993, 0.10000000000000142
7653, 0.1999999999999993, 0.10000000000000142
7654, 0.1999999999999993, 0.10000000000000142
7655, 0.1999999999999993, 0.10000000000000142
7656, 0.1999999999999993, 0.10000000000000142
7657, 0.1999999999999993, 0.10000000000000142
7658, 0.1999999999999993, 0.10000000000000142
7659, 0.1999999999999993, 0.10000000000000142
7660, 0.1999999999999993, 0.10000000000000142
7661, 0.1999999999999993, 0.10000000000000142
7662, 0.1999999999999993, 0.0
7663, 0.1999999999999993, 0.0
7664, 0.1999999999999993, 0.0
7665, 0.1999999999999993, 0.10000000000000142
7666, 0.1999999999999993, 0.10000000000000142
7667, 0.1999999999999993, 0.10000000000000142
7668, 0.3000000000000007, 0.10000000000000142
7669, 0.3000000000000007, 0.10000000000000142
7670, 0.1999999999999993, 0.10000000000000142
7671, 0.1999999999999993, 0.10000000000000142
7672, 0.1999999999999993, 0.10000000000000142
7673, 0.1999999999999993, 0.10000000000000142
7674, 0.1999999999999993, 0.10000000000000142
7675, 0.1999999999999993, 0.10000000000000142
7676, 0.1999999999999993, 0.10000000000000142
7677, 0.1999999999999993, 0.10000000000000142
7678, 0.1999999999999993, 0.10000000000000142
7679, 0.1999999999999993, 0.10000000000000142
7680, 0.1999999999999993, 0.10000000000000142
7681, 0.1999999999999993, 0.10000000000000142
7682, 0.1999999999999993, 0.10000000000000142
7683, 0.1999999999999993, 0.10000000000000142
7684, 0.09999999999999964, 0.10000000000000142
7685, 0.09999999999999964, 0.10000000000000142
7686, 0.09999999999999964, 0.10000000000000142
7687, 0.09999999999999964, 0.0
7688, 0.09999999999999964, 0.0
7689, 0.09999999999999964, 0.0
7690, 0.09999999999999964, 0.0
7691, 0.09999999999999964, 0.0
7692, 0.09999999999999964, 0.0
7693, 0.09999999999999964, 0.0
7694, 0.09999999999999964, 0.0
7695, 0.09999999999999964, 0.0
7696, 0.09999999999999964, 0.0
7697, 0.09999999999999964, 0.0
7698, 0.09999999999999964, 0.0
7699, 0.09999999999999964, 0.0
7700, 0.09999999999999964, 0.0
7701, 0.09999999999999964, 0.0
7702, 0.09999999999999964, 0.0
7703, 0.09999999999999964, 0.0
7704, 0.09999999999999964, 0.0
7705, 0.09999999999999964, 0.0
7706, 0.09999999999999964, 0.0
7707, 0.09999999999999964, 0.0
7708, 0.09999999999999964, 0.0
7709, 0.09999999999999964, 0.0
7710, 0.09999999999999964, -0.09999999999999787
7711, 0.09999999999999964, -0.09999999999999787
7712, 0.09999999999999964, -0.09999999999999787
7713, 0.09999999999999964, -0.09999999999999787
7714, 0.09999999999999964, -0.09999999999999787
7715, 0.09999999999999964, -0.09999999999999787
7716, 0.09999999999999964, -0.09999999999999787
7717, 0.09999999999999964, -0.09999999999999787
7718, 0.09999999999999964, -0.09999999999999787
7719, 0.09999999999999964, -0.09999999999999787
7720, 0.09999999999999964, -0.09999999999999787
7721, 0.09999999999999964, -0.09999999999999787
7722, 0.09999999999999964, -0.09999999999999787
7723, 0.09999999999999964, -0.09999999999999787
7724, 0.09999999999999964, -0.09999999999999787
7725, 0.09999999999999964, -0.09999999999999787
7726, 0.09999999999999964, 0.0
7727, 0.09999999999999964, 0.0
7728, 0.09999999999999964, 0.0
7729, 0.0, 0.0
7730, 0.0, 0.0
7731, 0.0, 0.0
7732, 0.0, 0.0
7733, 0.0, 0.0
7734, 0.0, 0.0
7735, 0.0, 0.10000000000000142
7736, 0.0, 0.10000000000000142
7737, 0.0, 0.10000000000000142
7738, 0.0, 0.10000000000000142
7739, 0.0, 0.0
7740, 0.0, 0.0
7741, 0.0, 0.0
7742, 0.0, 0.0
7743, 0.0, 0.0
7744, 0.0, 0.0
7745, 0.0, 0.0
7746, 0.09999999999999964, 0.0
7747, 0.09999999999999964, 0.0
7748, 0.09999999999999964, 0.0
7749, 0.09999999999999964, 0.0
7750, 0.09999999999999964, 0.0
7751, 0.09999999999999964, 0.0
7752, 0.09999999999999964, 0.0
7753, 0.09999999999999964, 0.0
7754, 0.09999999999999964, 0.0
7755, 0.09999999999999964, 0.0
7756, 0.09999999999999964, 0.10000000000000142
7757, 0.09999999999999964, 0.0
7758, 0.09999999999999964, 0.0
7759, 0.09999999999999964, 0.0
7760, 0.09999999999999964, 0.0
7761, 0.09999999999999964, 0.0
7762, 0.09999999999999964, 0.0
7763, 0.09999999999999964, 0.0
7764, 0.09999999999999964, 0.0
7765, 0.09999999999999964, 0.0
7766, 0.09999999999999964, 0.0
7767, 0.09999999999999964, 0.0
7768, 0.09999999999999964, 0.0
7769, 0.0, 0.0
7770, 0.0, 0.0
7771, 0.0, -0.09999999999999787
7772, 0.0, -0.09999999999999787
7773, 0.0, -0.09999999999999787
7774, 0.0, -0.09999999999999787
7775, 0.0, -0.09999999999999787
7776, 0.0, -0.09999999999999787
7777, 0.0, -0.09999999999999787
7778, 0.0, -0.09999999999999787
7779, 0.0, -0.09999999999999787
7780, 0.0, -0.09999999999999787
7781, 0.0, 0.0
7782, 0.0, 0.0
7783, 0.0, 0.0
7784, 0.0, 0.0
7785, 0.0, 0.0
7786, 0.0, 0.0
7787, 0.0, 0.0
7788, 0.0, 0.0
7789, 0.0, 0.10000000000000142
7790, 0.0, 0.10000000000000142
7791, 0.0, 0.10000000000000142
7792, 0.0, 0.10000000000000142
7793, 0.0, 0.10000000000000142
7794, 0.0, 0.10000000000000142
7795, 0.0, 0.10000000000000142
7796, 0.0, 0.10000000000000142
7797, 0.0, 0.10000000000000142
7798, 0.0, 0.10000000000000142
7799, 0.0, 0.10000000000000142
7800, 0.0, 0.10000000000000142
7801, 0.0, 0.10000000000000142
7802, 0.0, 0.10000000000000142
7803, 0.0, 0.10000000000000142
7804, 0.0, 0.10000000000000142
7805, 0.0, 0.10000000000000142
7806, 0.0, 0.10000000000000142
7807, 0.0, 0.10000000000000142
7808, 0.0, 0.10000000000000142
7809, 0.0, 0.10000000000000142
7810, 0.0, 0.10000000000000142
7811, 0.0, 0.10000000000000142
7812, 0.09999999999999964, 0.10000000000000142
7813, 0.09999999999999964, 0.10000000000000142
7814, 0.09999999999999964, 0.10000000000000142
7815, 0.0, 0.10000000000000142
7816, 0.0, 0.10000000000000142
7817, 0.0, 0.10000000000000142
7818, 0.0, 0.10000000000000142
7819, 0.0, 0.0
7820, 0.0, 0.0
7821, 0.0, 0.0
7822, -0.09999999999999964, 0.0
7823, -0.09999999999999964, 0.0
7824, -0.09999999999999964, 0.0
7825, -0.09999999999999964, 0.0
7826, -0.09999999999999964, 0.0
7827, -0.09999999999999964, 0.0
7828, -0.09999999999999964, 0.0
7829, -0.09999999999999964, 0.0
7830, -0.09999999999999964, 0.0
7831, -0.09999999999999964, 0.0
7832, -0.09999999999999964, 0.0
7833, -0.09999999999999964, 0.0
7834, -0.09999999999999964, 0.0
7835, -0.09999999999999964, 0.0
7836, -0.09999999999999964, 0.0
7837, -0.09999999999999964, 0.0
7838, -0.09999999999999964, 0.0
7839, 0.0, 0.0
7840, 0.0, 0.0
7841, 0.0, 0.0
7842, 0.0, 0.0
7843, 0.0, 0.0
7844, 0.0, 0.0
7845, 0.0, 0.0
7846, 0.0, 0.0
7847, 0.0, 0.0
7848, 0.0, 0.0
7849, 0.0, 0.0
7850, 0.0, 0.0
7851, 0.0, 0.0
7852, 0.0, 0.0
7853, 0.0, 0.0
7854, 0.0, 0.0
7855, 0.0, 0.0
7856, 0.0, 0.10000000000000142
7857, 0.0, 0.10000000000000142
7858, 0.0, 0.10000000000000142
7859, 0.0, 0.10000000000000142
7860, 0.0, 0.10000000000000142
7861, 0.0, 0.10000000000000142
7862, 0.0, 0.10000000000000142
7863, 0.0, 0.10000000000000142
7864, 0.0, 0.10000000000000142
7865, 0.0, 0.10000000000000142
7866, 0.0, 0.10000000000000142
7867, 0.0, 0.10000000000000142
7868, 0.0, 0.10000000000000142
7869, 0.0, 0.10000000000000142
7870, 0.0, 0.10000000000000142
7871, 0.0, 0.10000000000000142
7872, 0.0, 0.10000000000000142
7873, 0.0, 0.0
7874, 0.0, 0.0
7875, 0.0, 0.0
7876, 0.0, 0.0
7877, 0.0, 0.0
7878, 0.0, 0.0
7879, 0.0, 0.0
7880, 0.0, 0.0
7881, 0.0, 0.0
7882, 0.0, 0.0
7883, 0.0, 0.0
7884, 0.0, 0.0
7885, 0.0, 0.0
7886, 0.0, 0.0
7887, 0.09999999999999964, 0.0
7888, 0.09999999999999964, 0.0
7889, 0.09999999999999964, 0.0
7890, 0.09999999999999964, 0.0
7891, 0.09999999999999964, 0.0
7892, 0.09999999999999964, 0.0
7893, 0.09999999999999964, 0.0
7894, 0.09999999999999964, 0.0
7895, 0.09999999999999964, 0.0
7896, 0.09999999999999964, 0.0
7897, 0.09999999999999964, 0.0
7898, 0.09999999999999964, 0.0
7899, 0.09999999999999964, 0.0
7900, 0.09999999999999964, 0.0
7901, 0.09999999999999964, 0.0
7902, 0.09999999999999964, 0.0
7903, 0.09999999999999964, 0.0
7904, 0.09999999999999964, -0.09999999999999787
7905, 0.09999999999999964, 0.0
7906, 0.09999999999999964, 0.0
7907, 0.09999999999999964, 0.0
7908, 0.09999999999999964, 0.0
7909, 0.09999999999999964, 0.0
7910, 0.09999999999999964, 0.0
7911, 0.09999999999999964, 0.10000000000000142
7912, 0.1999999999999993, 0.10000000000000142
7913, 0.1999999999999993, 0.10000000000000142
7914, 0.1999999999999993, 0.10000000000000142
7915, 0.1999999999999993, 0.10000000000000142
7916, 0.1999999999999993, 0.10000000000000142
7917, 0.1999999999999993, 0.10000000000000142
7918, 0.1999999999999993, 0.10000000000000142
7919, 0.1999999999999993, 0.10000000000000142
7920, 0.1999999999999993, 0.10000000000000142
7921, 0.1999999999999993, 0.10000000000000142
7922, 0.1999999999999993, 0.10000000000000142
7923, 0.1999999999999993, 0.10000000000000142
7924, 0.1999999999999993, 0.10000000000000142
7925, 0.1999999999999993, 0.10000000000000142
7926, 0.1999999999999993, 0.10000000000000142
7927, 0.1999999999999993, 0.10000000000000142
7928, 0.1999999999999993, 0.10000000000000142
7929, 0.1999999999999993, 0.10000000000000142
7930, 0.1999999999999993, 0.10000000000000142
7931, 0.09999999999999964, 0.10000000000000142
7932, 0.09999999999999964, 0.10000000000000142
7933, 0.09999999999999964, 0.10000000000000142
7934, 0.09999999999999964, 0.10000000000000142
7935, 0.09999999999999964, 0.10000000000000142
7936, 0.09999999999999964, 0.10000000000000142
7937, 0.09999999999999964, 0.10000000000000142
7938, 0.09999999999999964, 0.10000000000000142
7939, 0.09999999999999964, 0.10000000000000142
7940, 0.09999999999999964, 0.10000000000000142
7941, 0.09999999999999964, 0.0
7942, 0.09999999999999964, 0.0
7943, 0.09999999999999964, 0.10000000000000142
7944, 0.09999999999999964, 0.10000000000000142
7945, 0.09999999999999964, 0.10000000000000142
7946, 0.09999999999999964, 0.10000000000000142
7947, 0.09999999999999964, 0.10000000000000142
7948, 0.09999999999999964, 0.10000000000000142
7949, 0.09999999999999964, 0.10000000000000142
7950, 0.09999999999999964, 0.10000000000000142
7951, 0.09999999999999964, 0.10000000000000142
7952, 0.09999999999999964, 0.10000000000000142
7953, 0.09999999999999964, 0.10000000000000142
7954, 0.09999999999999964, 0.10000000000000142
7955, 0.09999999999999964, 0.10000000000000142
7956, 0.09999999999999964, 0.10000000000000142
7957, 0.09999999999999964, 0.10000000000000142
7958, 0.09999999999999964, 0.20000000000000284
7959, 0.09999999999999964, 0.20000000000000284
7960, 0.09999999999999964, 0.20000000000000284
7961, 0.0, 0.20000000000000284
7962, 0.0, 0.20000000000000284
7963, 0.0, 0.10000000000000142
7964, 0.0, 0.0
7965, 0.0, 0.0
7966, 0.0, 0.0
7967, 0.0, 0.0
7968, 0.0, 0.0
7969, 0.0, 0.0
7970, 0.0, 0.0
7971, 0.0, 0.0
7972, 0.0, 0.0
7973, 0.0, 0.0
7974, 0.0, 0.0
7975, 0.0, 0.10000000000000142
7976, 0.0, 0.10000000000000142
7977, 0.0, 0.10000000000000142
7978, 0.0, 0.10000000000000142
7979, 0.0, 0.10000000000000142
7980, 0.0, 0.10000000000000142
7981, 0.09999999999999964, 0.10000000000000142
7982, 0.09999999999999964, 0.10000000000000142
7983, 0.09999999999999964, 0.0
7984, 0.09999999999999964, 0.0
7985, 0.09999999999999964, 0.0
7986, 0.09999999999999964, 0.0
7987, 0.09999999999999964, 0.0
7988, 0.09999999999999964, 0.0
7989, 0.09999999999999964, 0.0
7990, 0.09999999999999964, 0.0
7991, 0.09999999999999964, 0.0
7992, 0.09999999999999964, 0.0
7993, 0.09999999999999964, 0.0
7994, 0.09999999999999964, 0.0
7995, 0.09999999999999964, 0.0
7996, 0.09999999999999964, 0.10000000000000142
7997, 0.09999999999999964, 0.10000000000000142
7998, 0.09999999999999964, 0.10000000000000142
7999, 0.09999999999999964, 0.10000000000000142
8000, 0.09999999999999964, 0.10000000000000142
8001, 0.09999999999999964, 0.10000000000000142
8002, 0.09999999999999964, 0.10000000000000142
8003, 0.09999999999999964, 0.10000000000000142
8004, 0.09999999999999964, 0.10000000000000142
8005, 0.09999999999999964, 0.10000000000000142
8006, 0.09999999999999964, 0.10000000000000142
8007, 0.09999999999999964, 0.10000000000000142
8008, 0.09999999999999964, 0.10000000000000142
8009, 0.09999999999999964, 0.10000000000000142
8010, 0.09999999999999964, 0.10000000000000142
8011, 0.09999999999999964, 0.10000000000000142
8012, 0.09999999999999964, 0.10000000000000142
8013, 0.09999999999999964, 0.10000000000000142
8014, 0.09999999999999964, 0.10000000000000142
8015, 0.09999999999999964, 0.10000000000000142
8016, 0.09999999999999964, 0.10000000000000142
8017, 0.09999999999999964, 0.10000000000000142
8018, 0.09999999999999964, 0.0
8019, 0.09999999999999964, 0.0
8020, 0.09999999999999964, 0.0
8021, 0.09999999999999964, 0.0
8022, 0.09999999999999964, 0.10000000000000142
8023, 0.09999999999999964, 0.10000000000000142
8024, 0.09999999999999964, 0.10000000000000142
8025, 0.09999999999999964, 0.10000000000000142
8026, 0.09999999999999964, 0.10000000000000142
8027, 0.09999999999999964, 0.10000000000000142
8028, 0.09999999999999964, 0.10000000000000142
8029, 0.09999999999999964, 0.10000000000000142
8030, 0.09999999999999964, 0.10000000000000142
8031, 0.09999999999999964, 0.10000000000000142
8032, 0.09999999999999964, 0.10000000000000142
8033, 0.09999999999999964, 0.10000000000000142
8034, 0.09999999999999964, 0.10000000000000142
8035, 0.09999999999999964, 0.10000000000000142
8036, 0.09999999999999964, 0.10000000000000142
8037, 0.09999999999999964, 0.10000000000000142
8038, 0.09999999999999964, 0.10000000000000142
8039, 0.09999999999999964, 0.10000000000000142
8040, 0.09999999999999964, 0.10000000000000142
8041, 0.09999999999999964, 0.10000000000000142
8042, 0.09999999999999964, 0.10000000000000142
8043, 0.09999999999999964, 0.0
8044, 0.09999999999999964, 0.0
8045, 0.09999999999999964, 0.0
8046, 0.09999999999999964, 0.0
8047, 0.09999999999999964, 0.0
8048, 0.09999999999999964, 0.0
8049, 0.09999999999999964, 0.0
8050, 0.09999999999999964, 0.0
8051, 0.09999999999999964, 0.0
8052, 0.09999999999999964, 0.0
8053, 0.09999999999999964, 0.0
8054, 0.09999999999999964, 0.0
8055, 0.09999999999999964, 0.0
8056, 0.09999999999999964, 0.0
8057, 0.09999999999999964, 0.0
8058, 0.09999999999999964, 0.0
8059, 0.0, 0.0
8060, 0.0, 0.0
8061, 0.0, 0.0
8062, 0.0, 0.0
8063, 0.0, 0.10000000000000142
8064, 0.0, 0.0
8065, 0.0, 0.0
8066, 0.0, 0.0
8067, 0.0, 0.0
8068, 0.0, 0.0
8069, 0.0, 0.0
8070, 0.0, 0.0
8071, 0.0, 0.0
8072, 0.0, 0.0
8073, 0.0, 0.0
8074, 0.0, 0.0
8075, 0.0, 0.0
8076, 0.09999999999999964, 0.0
8077, 0.09999999999999964, 0.0
8078, 0.09999999999999964, 0.0
8079, 0.09999999999999964, 0.0
8080, 0.09999999999999964, 0.0
8081, 0.09999999999999964, 0.0
8082, 0.09999999999999964, 0.0
8083, 0.09999999999999964, 0.0
8084, 0.09999999999999964, 0.0
8085, 0.09999999999999964, 0.0
8086, 0.09999999999999964, 0.0
8087, 0.09999999999999964, 0.0
8088, 0.09999999999999964, 0.0
8089, 0.09999999999999964, 0.0
8090, 0.09999999999999964, 0.0
8091, 0.09999999999999964, 0.0
8092, 0.09999999999999964, 0.0
8093, 0.09999999999999964, 0.0
8094, 0.09999999999999964, 0.0
8095, 0.09999999999999964, 0.0
8096, 0.09999999999999964, 0.0
8097, 0.09999999999999964, 0.0
8098, 0.09999999999999964, 0.0
8099, 0.09999999999999964, 0.0
8100, 0.09999999999999964, -0.09999999999999787
8101, 0.09999999999999964, -0.09999999999999787
8102, 0.09999999999999964, -0.09999999999999787
8103, 0.09999999999999964, -0.09999999999999787
8104, 0.09999999999999964, -0.09999999999999787
8105, 0.09999999999999964, 0.0
8106, 0.09999999999999964, 0.0
8107, 0.09999999999999964, 0.0
8108, 0.09999999999999964, 0.10000000000000142
8109, 0.09999999999999964, 0.0
8110, 0.09999999999999964, 0.0
8111, 0.09999999999999964, 0.0
8112, 0.09999999999999964, 0.0
8113, 0.09999999999999964, 0.0
8114, 0.09999999999999964, -0.09999999999999787
8115, 0.09999999999999964, -0.09999999999999787
8116, 0.09999999999999964, -0.09999999999999787
8117, 0.09999999999999964, -0.09999999999999787
8118, 0.09999999999999964, -0.09999999999999787
8119, 0.09999999999999964, -0.09999999999999787
8120, 0.09999999999999964, -0.09999999999999787
8121, 0.09999999999999964, -0.09999999999999787
8122, 0.09999999999999964, -0.09999999999999787
8123, 0.09999999999999964, -0.09999999999999787
8124, 0.09999999999999964, -0.09999999999999787
8125, 0.09999999999999964, -0.09999999999999787
8126, 0.09999999999999964, -0.09999999999999787
8127, 0.09999999999999964, -0.09999999999999787
8128, 0.09999999999999964, 0.0
8129, 0.09999999999999964, 0.0
8130, 0.09999999999999964, 0.0
8131, 0.09999999999999964, 0.0
8132, 0.09999999999999964, 0.0
8133, 0.09999999999999964, 0.0
8134, 0.09999999999999964, 0.0
8135, 0.09999999999999964, 0.0
8136, 0.09999999999999964, 0.0
8137, 0.09999999999999964, 0.0
8138, 0.09999999999999964, -0.09999999999999787
8139, 0.09999999999999964, -0.09999999999999787
8140, 0.09999999999999964, -0.09999999999999787
8141, 0.09999999999999964, -0.09999999999999787
8142, 0.09999999999999964, -0.09999999999999787
8143, 0.09999999999999964, -0.09999999999999787
8144, 0.09999999999999964, -0.09999999999999787
8145, 0.09999999999999964, 0.0
8146, 0.09999999999999964, 0.0
8147, 0.09999999999999964, 0.0
8148, 0.09999999999999964, 0.0
8149, 0.09999999999999964, 0.0
8150, 0.09999999999999964, 0.0
8151, 0.09999999999999964, 0.0
8152, 0.09999999999999964, 0.0
8153, 0.09999999999999964, 0.0
8154, 0.09999999999999964, 0.0
8155, 0.09999999999999964, 0.0
8156, 0.09999999999999964, 0.0
8157, 0.09999999999999964, 0.0
8158, 0.09999999999999964, 0.0
8159, 0.09999999999999964, 0.0
8160, 0.09999999999999964, 0.0
8161, 0.09999999999999964, 0.0
8162, 0.09999999999999964, 0.0
8163, 0.09999999999999964, 0.0
8164, 0.09999999999999964, 0.0
8165, 0.09999999999999964, 0.0
8166, 0.09999999999999964, 0.0
8167, 0.0, 0.0
8168, 0.0, 0.0
8169, 0.0, 0.0
8170, 0.0, 0.0
8171, 0.0, 0.10000000000000142
8172, 0.0, 0.10000000000000142
8173, 0.0, 0.10000000000000142
8174, 0.0, 0.10000000000000142
8175, 0.0, 0.10000000000000142
8176, 0.0, 0.10000000000000142
8177, 0.0, 0.10000000000000142
8178, 0.0, 0.10000000000000142
8179, 0.0, 0.10000000000000142
8180, 0.09999999999999964, 0.10000000000000142
8181, 0.09999999999999964, 0.10000000000000142
8182, 0.09999999999999964, 0.10000000000000142
8183, 0.09999999999999964, 0.10000000000000142
8184, 0.09999999999999964, 0.10000000000000142
8185, 0.09999999999999964, 0.10000000000000142
8186, 0.09999999999999964, 0.10000000000000142
8187, 0.09999999999999964, 0.10000000000000142
8188, 0.09999999999999964, 0.10000000000000142
8189, 0.09999999999999964, 0.10000000000000142
8190, 0.09999999999999964, 0.10000000000000142
8191, 0.09999999999999964, 0.10000000000000142
8192, 0.09999999999999964, 0.10000000000000142
8193, 0.1999999999999993, 0.10000000000000142
8194, 0.1999999999999993, 0.10000000000000142
8195, 0.1999999999999993, 0.10000000000000142
8196, 0.1999999999999993, 0.20000000000000284
8197, 0.09999999999999964, 0.20000000000000284
8198, 0.09999999999999964, 0.20000000000000284
8199, 0.09999999999999964, 0.20000000000000284
8200, 0.09999999999999964, 0.20000000000000284
8201, 0.09999999999999964, 0.20000000000000284
8202, 0.09999999999999964, 0.20000000000000284
8203, 0.09999999999999964, 0.20000000000000284
8204, 0.09999999999999964, 0.20000000000000284
8205, 0.09999999999999964, 0.3000000000000007
8206, 0.09999999999999964, 0.20000000000000284
8207, 0.09999999999999964, 0.20000000000000284
8208, 0.09999999999999964, 0.20000000000000284
8209, 0.09999999999999964, 0.20000000000000284
8210, 0.09999999999999964, 0.20000000000000284
8211, 0.09999999999999964, 0.20000000000000284
8212, 0.09999999999999964, 0.20000000000000284
8213, 0.09999999999999964, 0.20000000000000284
8214, 0.09999999999999964, 0.20000000000000284
8215, 0.09999999999999964, 0.20000000000000284
8216, 0.09999999999999964, 0.20000000000000284
8217, 0.09999999999999964, 0.20000000000000284
8218, 0.09999999999999964, 0.20000000000000284
8219, 0.09999999999999964, 0.20000000000000284
8220, 0.09999999999999964, 0.20000000000000284
8221, 0.09999999999999964, 0.20000000000000284
8222, 0.0, 0.20000000000000284
8223, 0.0, 0.20000000000000284
8224, 0.0, 0.10000000000000142
8225, 0.0, 0.10000000000000142
8226, 0.0, 0.10000000000000142
8227, 0.0, 0.10000000000000142
8228, 0.0, 0.10000000000000142
8229, 0.0, 0.10000000000000142
8230, 0.0, 0.10000000000000142
8231, 0.0, 0.10000000000000142
8232, 0.0, 0.10000000000000142
8233, 0.0, 0.10000000000000142
8234, 0.0, 0.10000000000000142
8235, 0.0, 0.10000000000000142
8236, 0.0, 0.0
8237, 0.0, 0.0
8238, 0.0, 0.0
8239, 0.0, 0.0
8240, 0.0, 0.0
8241, 0.0, 0.0
8242, 0.0, 0.0
8243, 0.0, 0.0
8244, 0.0, 0.0
8245, 0.0, 0.0
8246, 0.0, 0.0
8247, 0.0, 0.0
8248, 0.0, 0.0
8249, 0.0, 0.0
8250, 0.0, 0.0
8251, 0.0, 0.0
8252, 0.0, 0.0
8253, 0.0, 0.0
8254, 0.0, 0.0
8255, 0.0, 0.0
8256, 0.0, 0.0
8257, 0.0, 0.0
8258, 0.0, 0.0
8259, 0.0, 0.0
8260, 0.0, 0.0
8261, 0.0, 0.0
8262, 0.0, 0.0
8263, 0.0, 0.0
8264, 0.0, 0.0
8265, 0.0, 0.0
8266, 0.0, 0.0
8267, 0.0, 0.0
8268, 0.0, 0.0
8269, 0.0, 0.0
8270, 0.0, 0.0
8271, 0.0, 0.10000000000000142
8272, 0.0, 0.10000000000000142
8273, 0.0, 0.10000000000000142
8274, 0.0, 0.10000000000000142
8275, 0.0, 0.10000000000000142
8276, 0.0, 0.10000000000000142
8277, 0.0, 0.10000000000000142
8278, 0.09999999999999964, 0.10000000000000142
8279, 0.09999999999999964, 0.10000000000000142
8280, 0.09999999999999964, 0.10000000000000142
8281, 0.09999999999999964, 0.10000000000000142
8282, 0.09999999999999964, 0.10000000000000142
8283, 0.09999999999999964, 0.10000000000000142
8284, 0.09999999999999964, 0.10000000000000142
8285, 0.09999999999999964, 0.10000000000000142
8286, 0.09999999999999964, 0.10000000000000142
8287, 0.09999999999999964, 0.10000000000000142
8288, 0.09999999999999964, 0.10000000000000142
8289, 0.09999999999999964, 0.10000000000000142
8290, 0.09999999999999964, 0.10000000000000142
8291, 0.09999999999999964, 0.10000000000000142
8292, 0.09999999999999964, 0.10000000000000142
8293, 0.09999999999999964, 0.10000000000000142
8294, 0.09999999999999964, 0.0
8295, 0.09999999999999964, 0.0
8296, 0.09999999999999964, 0.0
8297, 0.09999999999999964, 0.0
8298, 0.09999999999999964, 0.0
8299, 0.09999999999999964, 0.0
8300, 0.09999999999999964, 0.10000000000000142
8301, 0.09999999999999964, 0.10000000000000142
8302, 0.09999999999999964, 0.10000000000000142
8303, 0.09999999999999964, 0.10000000000000142
8304, 0.09999999999999964, 0.10000000000000142
8305, 0.09999999999999964, 0.10000000000000142
8306, 0.09999999999999964, 0.10000000000000142
8307, 0.09999999999999964, 0.10000000000000142
8308, 0.09999999999999964, 0.10000000000000142
8309, 0.09999999999999964, 0.10000000000000142
8310, 0.09999999999999964, 0.10000000000000142
8311, 0.09999999999999964, 0.10000000000000142
8312, 0.09999999999999964, 0.10000000000000142
8313, 0.09999999999999964, 0.10000000000000142
8314, 0.09999999999999964, 0.10000000000000142
8315, 0.09999999999999964, 0.10000000000000142
8316, 0.09999999999999964, 0.10000000000000142
8317, 0.09999999999999964, 0.10000000000000142
8318, 0.09999999999999964, 0.10000000000000142
8319, 0.09999999999999964, 0.10000000000000142
8320, 0.09999999999999964, 0.10000000000000142
8321, 0.09999999999999964, 0.10000000000000142
8322, 0.09999999999999964, 0.10000000000000142
8323, 0.09999999999999964, 0.10000000000000142
8324, 0.1999999999999993, 0.10000000000000142
8325, 0.1999999999999993, 0.10000000000000142
8326, 0.1999999999999993, 0.10000000000000142
8327, 0.1999999999999993, 0.10000000000000142
8328, 0.1999999999999993, 0.10000000000000142
8329, 0.1999999999999993, 0.10000000000000142
8330, 0.1999999999999993, 0.10000000000000142
8331, 0.1999999999999993, 0.10000000000000142
8332, 0.1999999999999993, 0.10000000000000142
8333, 0.1999999999999993, 0.10000000000000142
8334, 0.1999999999999993, 0.20000000000000284
8335, 0.1999999999999993, 0.20000000000000284
8336, 0.1999999999999993, 0.10000000000000142
8337, 0.1999999999999993, 0.10000000000000142
8338, 0.1999999999999993, 0.10000000000000142
8339, 0.1999999999999993, 0.0
8340, 0.1999999999999993, 0.0
8341, 0.1999999999999993, 0.0
8342, 0.1999999999999993, 0.0
8343, 0.1999999999999993, 0.0
8344, 0.1999999999999993, 0.0
8345, 0.1999999999999993, 0.0
8346, 0.1999999999999993, 0.0
8347, 0.1999999999999993, 0.0
8348, 0.1999999999999993, 0.0
8349, 0.1999999999999993, 0.0
8350, 0.1999999999999993, 0.0
8351, 0.1999999999999993, 0.10000000000000142
8352, 0.1999999999999993, 0.10000000000000142
8353, 0.1999999999999993, 0.10000000000000142
8354, 0.1999999999999993, 0.10000000000000142
8355, 0.1999999999999993, 0.10000000000000142
8356, 0.1999999999999993, 0.10000000000000142
8357, 0.09999999999999964, 0.10000000000000142
8358, 0.09999999999999964, 0.10000000000000142
8359, 0.09999999999999964, 0.10000000000000142
8360, 0.1999999999999993, 0.10000000000000142
8361, 0.1999999999999993, 0.10000000000000142
8362, 0.1999999999999993, 0.10000000000000142
8363, 0.1999999999999993, 0.10000000000000142
8364, 0.1999999999999993, 0.10000000000000142
8365, 0.1999999999999993, 0.10000000000000142
8366, 0.1999999999999993, 0.10000000000000142
8367, 0.1999999999999993, 0.10000000000000142
8368, 0.1999999999999993, 0.0
8369, 0.1999999999999993, 0.0
8370, 0.1999999999999993, -0.09999999999999787
8371, 0.1999999999999993, -0.09999999999999787
8372, 0.1999999999999993, -0.09999999999999787
8373, 0.1999999999999993, -0.09999999999999787
8374, 0.1999999999999993, -0.09999999999999787
8375, 0.1999999999999993, -0.09999999999999787
8376, 0.1999999999999993, 0.0
8377, 0.1999999999999993, 0.0
8378, 0.1999999999999993, 0.0
8379, 0.1999999999999993, 0.0
8380, 0.1999999999999993, 0.0
8381, 0.1999999999999993, 0.0
8382, 0.1999999999999993, 0.0
8383, 0.1999999999999993, 0.0
8384, 0.1999999999999993, 0.0
8385, 0.1999999999999993, 0.0
8386, 0.1999999999999993, 0.0
8387, 0.1999999999999993, 0.0
8388, 0.1999999999999993, 0.0
8389, 0.1999999999999993, 0.0
8390, 0.1999999999999993, 0.0
8391, 0.1999999999999993, 0.0
8392, 0.1999999999999993, 0.0
8393, 0.1999999999999993, 0.0
8394, 0.1999999999999993, 0.0
8395, 0.1999999999999993, 0.0
8396, 0.1999999999999993, 0.0
8397, 0.09999999999999964, 0.0
8398, 0.09999999999999964, 0.0
8399, 0.09999999999999964, 0.0
8400, 0.09999999999999964, 0.0
8401, 0.09999999999999964, 0.0
8402, 0.09999999999999964, 0.0
8403, 0.09999999999999964, 0.0
8404, 0.09999999999999964, 0.0
8405, 0.09999999999999964, 0.0
8406, 0.09999999999999964, 0.0
8407, 0.09999999999999964, 0.0
8408, 0.09999999999999964, 0.10000000000000142
8409, 0.09999999999999964, 0.10000000000000142
8410, 0.09999999999999964, 0.10000000000000142
8411, 0.1999999999999993, 0.10000000000000142
8412, 0.1999999999999993, 0.10000000000000142
8413, 0.1999999999999993, 0.10000000000000142
8414, 0.09999999999999964, 0.10000000000000142
8415, 0.09999999999999964, 0.10000000000000142
8416, 0.09999999999999964, 0.10000000000000142
8417, 0.09999999999999964, 0.10000000000000142
8418, 0.09999999999999964, 0.10000000000000142
8419, 0.09999999999999964, 0.10000000000000142
8420, 0.09999999999999964, 0.10000000000000142
8421, 0.09999999999999964, 0.10000000000000142
8422, 0.1999999999999993, 0.10000000000000142
8423, 0.1999999999999993, 0.0
8424, 0.1999999999999993, 0.0
8425, 0.1999999999999993, 0.0
8426, 0.1999999999999993, 0.0
8427, 0.1999999999999993, 0.0
8428, 0.1999999999999993, 0.0
8429, 0.1999999999999993, 0.0
8430, 0.1999999999999993, 0.0
8431, 0.1999999999999993, 0.0
8432, 0.1999999999999993, 0.0
8433, 0.1999999999999993, 0.0
8434, 0.1999999999999993, 0.0
8435, 0.1999999999999993, 0.0
8436, 0.1999999999999993, -0.09999999999999787
8437, 0.1999999999999993, -0.09999999999999787
8438, 0.1999999999999993, -0.09999999999999787
8439, 0.1999999999999993, -0.09999999999999787
8440, 0.1999999999999993, -0.09999999999999787
8441, 0.1999999999999993, -0.09999999999999787
8442, 0.1999999999999993, -0.09999999999999787
8443, 0.1999999999999993, -0.09999999999999787
8444, 0.1999999999999993, -0.09999999999999787
8445, 0.1999999999999993, -0.09999999999999787
8446, 0.1999999999999993, -0.09999999999999787
8447, 0.1999999999999993, -0.09999999999999787
8448, 0.1999999999999993, -0.09999999999999787
8449, 0.1999999999999993, -0.09999999999999787
8450, 0.1999999999999993, -0.09999999999999787
8451, 0.1999999999999993, -0.09999999999999787
8452, 0.1999999999999993, 0.0
8453, 0.1999999999999993, 0.0
8454, 0.1999999999999993, 0.0
8455, 0.1999999999999993, 0.0
8456, 0.1999999999999993, -0.09999999999999787
8457, 0.1999999999999993, -0.09999999999999787
8458, 0.1999999999999993, -0.09999999999999787
8459, 0.1999999999999993, -0.09999999999999787
8460, 0.1999999999999993, -0.09999999999999787
8461, 0.1999999999999993, -0.09999999999999787
8462, 0.1999999999999993, -0.09999999999999787
8463, 0.1999999999999993, -0.09999999999999787
8464, 0.1999999999999993, -0.09999999999999787
8465, 0.1999999999999993, -0.09999999999999787
8466, 0.1999999999999993, 0.0
8467, 0.1999999999999993, 0.0
8468, 0.09999999999999964, 0.0
8469, 0.09999999999999964, 0.0
8470, 0.09999999999999964, 0.0
8471, 0.09999999999999964, 0.0
8472, 0.09999999999999964, 0.0
8473, 0.09999999999999964, 0.0
8474, 0.09999999999999964, 0.0
8475, 0.09999999999999964, 0.0
8476, 0.09999999999999964, 0.0
8477, 0.09999999999999964, 0.0
8478, 0.09999999999999964, 0.10000000000000142
8479, 0.1999999999999993, 0.10000000000000142
8480, 0.1999999999999993, 0.10000000000000142
8481, 0.1999999999999993, 0.10000000000000142
8482, 0.1999999999999993, 0.10000000000000142
8483, 0.1999999999999993, 0.0
8484, 0.1999999999999993, 0.0
8485, 0.1999999999999993, 0.0
8486, 0.1999999999999993, 0.0
8487, 0.1999999999999993, 0.0
8488, 0.1999999999999993, 0.0
8489, 0.1999999999999993, 0.0
8490, 0.1999999999999993, 0.0
8491, 0.1999999999999993, 0.0
8492, 0.1999999999999993, 0.0
8493, 0.1999999999999993, 0.0
8494, 0.09999999999999964, 0.0
8495, 0.09999999999999964, 0.0
8496, 0.09999999999999964, 0.0
8497, 0.09999999999999964, 0.0
8498, 0.09999999999999964, 0.0
8499, 0.09999999999999964, 0.0
8500, 0.09999999999999964, 0.0
8501, 0.09999999999999964, 0.0
8502, 0.09999999999999964, 0.0
8503, 0.09999999999999964, 0.0
8504, 0.09999999999999964, 0.0
8505, 0.09999999999999964, 0.0
8506, 0.09999999999999964, 0.0
8507, 0.09999999999999964, 0.0
8508, 0.09999999999999964, 0.0
8509, 0.09999999999999964, 0.0
8510, 0.09999999999999964, 0.0
8511, 0.09999999999999964, 0.0
8512, 0.09999999999999964, 0.0
8513, 0.09999999999999964, 0.0
8514, 0.09999999999999964, 0.0
8515, 0.09999999999999964, 0.0
8516, 0.09999999999999964, 0.0
8517, 0.09999999999999964, 0.0
8518, 0.09999999999999964, 0.0
8519, 0.09999999999999964, 0.0
8520, 0.09999999999999964, 0.0
8521, 0.09999999999999964, 0.0
8522, 0.09999999999999964, 0.0
8523, 0.09999999999999964, 0.0
8524, 0.09999999999999964, 0.0
8525, 0.09999999999999964, 0.0
8526, 0.09999999999999964, 0.0
8527, 0.09999999999999964, 0.0
8528, 0.09999999999999964, 0.0
8529, 0.09999999999999964, 0.0
8530, 0.09999999999999964, 0.0
8531, 0.09999999999999964, 0.10000000000000142
8532, 0.09999999999999964, 0.10000000000000142
8533, 0.09999999999999964, 0.10000000000000142
8534, 0.09999999999999964, 0.10000000000000142
8535, 0.09999999999999964, 0.10000000000000142
8536, 0.09999999999999964, 0.10000000000000142
8537, 0.09999999999999964, 0.10000000000000142
8538, 0.09999999999999964, 0.10000000000000142
8539, 0.09999999999999964, 0.10000000000000142
8540, 0.09999999999999964, 0.10000000000000142
8541, 0.09999999999999964, 0.10000000000000142
8542, 0.09999999999999964, 0.10000000000000142
8543, 0.09999999999999964, 0.10000000000000142
8544, 0.09999999999999964, 0.10000000000000142
8545, 0.09999999999999964, 0.10000000000000142
8546, 0.09999999999999964, 0.10000000000000142
8547, 0.09999999999999964, 0.10000000000000142
8548, 0.09999999999999964, 0.10000000000000142
8549, 0.09999999999999964, 0.0
8550, 0.09999999999999964, 0.0
8551, 0.09999999999999964, 0.10000000000000142
8552, 0.09999999999999964, 0.10000000000000142
8553, 0.09999999999999964, 0.10000000000000142
8554, 0.09999999999999964, 0.10000000000000142
8555, 0.09999999999999964, 0.10000000000000142
8556, 0.09999999999999964, 0.10000000000000142
8557, 0.09999999999999964, 0.10000000000000142
8558, 0.09999999999999964, 0.10000000000000142
8559, 0.09999999999999964, 0.10000000000000142
8560, 0.09999999999999964, 0.10000000000000142
8561, 0.09999999999999964, 0.10000000000000142
8562, 0.09999999999999964, 0.10000000000000142
8563, 0.09999999999999964, 0.10000000000000142
8564, 0.09999999999999964, 0.0
8565, 0.09999999999999964, 0.0
8566, 0.09999999999999964, 0.10000000000000142
8567, 0.09999999999999964, 0.10000000000000142
8568, 0.09999999999999964, 0.10000000000000142
8569, 0.09999999999999964, 0.10000000000000142
8570, 0.09999999999999964, 0.10000000000000142
8571, 0.09999999999999964, 0.10000000000000142
8572, 0.09999999999999964, 0.20000000000000284
8573, 0.09999999999999964, 0.20000000000000284
8574, 0.09999999999999964, 0.20000000000000284
8575, 0.09999999999999964, 0.20000000000000284
8576, 0.09999999999999964, 0.20000000000000284
8577, 0.09999999999999964, 0.20000000000000284
8578, 0.1999999999999993, 0.20000000000000284
8579, 0.1999999999999993, 0.20000000000000284
8580, 0.1999999999999993, 0.10000000000000142
8581, 0.1999999999999993, 0.10000000000000142
8582, 0.1999999999999993, 0.10000000000000142
8583, 0.1999999999999993, 0.10000000000000142
8584, 0.1999999999999993, 0.10000000000000142
8585, 0.1999999999999993, 0.10000000000000142
8586, 0.09999999999999964, 0.10000000000000142
8587, 0.09999999999999964, 0.10000000000000142
8588, 0.09999999999999964, 0.10000000000000142
8589, 0.09999999999999964, 0.10000000000000142
8590, 0.09999999999999964, 0.10000000000000142
8591, 0.09999999999999964, 0.0
8592, 0.09999999999999964, 0.0
8593, 0.0, 0.0
8594, 0.0, 0.0
8595, 0.0, 0.0
8596, 0.0, 0.0
8597, 0.0, 0.0
8598, 0.0, 0.0
8599, 0.0, 0.0
8600, 0.0, 0.0
8601, 0.0, 0.0
8602, 0.0, 0.0
8603, 0.0, 0.0
8604, 0.0, 0.0
8605, 0.0, 0.0
8606, 0.0, 0.0
8607, 0.0, 0.0
8608, 0.0, 0.10000000000000142
8609, 0.0, 0.10000000000000142
8610, 0.0, 0.10000000000000142
8611, 0.0, 0.10000000000000142
8612, 0.0, 0.0
8613, 0.0, 0.0
8614, 0.0, 0.0
8615, 0.0, 0.0
8616, 0.0, 0.0
8617, 0.0, 0.0
8618, 0.0, 0.0
8619, 0.0, 0.0
8620, 0.0, 0.0
8621, 0.0, 0.0
8622, 0.0, 0.0
8623, 0.0, 0.0
8624, 0.0, 0.0
8625, 0.0, 0.0
8626, 0.09999999999999964, 0.0
8627, 0.09999999999999964, 0.0
8628, 0.09999999999999964, 0.0
8629, 0.09999999999999964, 0.0
8630, 0.09999999999999964, 0.0
8631, 0.09999999999999964, -0.09999999999999787
8632, 0.09999999999999964, -0.09999999999999787
8633, 0.09999999999999964, -0.09999999999999787
8634, 0.09999999999999964, -0.09999999999999787
8635, 0.09999999999999964, -0.09999999999999787
8636, 0.09999999999999964, -0.09999999999999787
8637, 0.09999999999999964, -0.09999999999999787
8638, 0.09999999999999964, -0.09999999999999787
8639, 0.09999999999999964, -0.09999999999999787
8640, 0.09999999999999964, -0.09999999999999787
8641, 0.09999999999999964, -0.09999999999999787
8642, 0.09999999999999964, -0.09999999999999787
8643, 0.09999999999999964, -0.09999999999999787
8644, 0.09999999999999964, -0.09999999999999787
8645, 0.09999999999999964, -0.09999999999999787
8646, 0.09999999999999964, -0.09999999999999787
8647, 0.09999999999999964, -0.09999999999999787
8648, 0.09999999999999964, -0.09999999999999787
8649, 0.09999999999999964, -0.09999999999999787
8650, 0.09999999999999964, -0.09999999999999787
8651, 0.09999999999999964, -0.09999999999999787
8652, 0.09999999999999964, 0.0
8653, 0.09999999999999964, 0.0
8654, 0.09999999999999964, 0.0
8655, 0.09999999999999964, 0.0
8656, 0.09999999999999964, 0.0
8657, 0.09999999999999964, 0.0
8658, 0.09999999999999964, 0.0
8659, 0.09999999999999964, 0.0
8660, 0.09999999999999964, 0.0
8661, 0.09999999999999964, 0.0
8662, 0.09999999999999964, 0.0
8663, 0.09999999999999964, 0.0
8664, 0.09999999999999964, 0.0
8665, 0.09999999999999964, 0.10000000000000142
8666, 0.09999999999999964, 0.10000000000000142
8667, 0.09999999999999964, 0.10000000000000142
8668, 0.09999999999999964, 0.10000000000000142
8669, 0.09999999999999964, 0.10000000000000142
8670, 0.09999999999999964, 0.10000000000000142
8671, 0.09999999999999964, 0.10000000000000142
8672, 0.09999999999999964, 0.10000000000000142
8673, 0.09999999999999964, 0.10000000000000142
8674, 0.09999999999999964, 0.10000000000000142
8675, 0.09999999999999964, 0.10000000000000142
8676, 0.09999999999999964, 0.10000000000000142
8677, 0.09999999999999964, 0.10000000000000142
8678, 0.09999999999999964, 0.10000000000000142
8679, 0.09999999999999964, 0.20000000000000284
8680, 0.09999999999999964, 0.20000000000000284
8681, 0.09999999999999964, 0.10000000000000142
8682, 0.09999999999999964, 0.10000000000000142
8683, 0.09999999999999964, 0.10000000000000142
8684, 0.09999999999999964, 0.10000000000000142
8685, 0.09999999999999964, 0.10000000000000142
8686, 0.09999999999999964, 0.10000000000000142
8687, 0.09999999999999964, 0.10000000000000142
8688, 0.09999999999999964, 0.10000000000000142
8689, 0.09999999999999964, 0.10000000000000142
8690, 0.09999999999999964, 0.20000000000000284
8691, 0.09999999999999964, 0.20000000000000284
8692, 0.09999999999999964, 0.20000000000000284
8693, 0.09999999999999964, 0.20000000000000284
8694, 0.1999999999999993, 0.20000000000000284
8695, 0.1999999999999993, 0.20000000000000284
8696, 0.1999999999999993, 0.10000000000000142
8697, 0.1999999999999993, 0.10000000000000142
8698, 0.1999999999999993, 0.10000000000000142
8699, 0.1999999999999993, 0.10000000000000142
8700, 0.1999999999999993, 0.10000000000000142
8701, 0.1999999999999993, 0.10000000000000142
8702, 0.1999999999999993, 0.10000000000000142
8703, 0.1999999999999993, 0.10000000000000142
8704, 0.1999999999999993, 0.10000000000000142
8705, 0.1999999999999993, 0.10000000000000142
8706, 0.1999999999999993, 0.10000000000000142
8707, 0.1999999999999993, 0.10000000000000142
8708, 0.1999999999999993, 0.10000000000000142
8709, 0.1999999999999993, 0.10000000000000142
8710, 0.1999999999999993, 0.10000000000000142
8711, 0.1999999999999993, 0.10000000000000142
8712, 0.1999999999999993, 0.0
8713, 0.1999999999999993, 0.0
8714, 0.1999999999999993, 0.0
8715, 0.1999999999999993, 0.0
8716, 0.1999999999999993, 0.0
8717, 0.1999999999999993, 0.0
8718, 0.1999999999999993, 0.0
8719, 0.1999999999999993, 0.0
8720, 0.1999999999999993, 0.0
8721, 0.1999999999999993, 0.0
8722, 0.1999999999999993, 0.0
8723, 0.1999999999999993, 0.0
8724, 0.1999999999999993, 0.0
8725, 0.1999999999999993, 0.0
8726, 0.1999999999999993, 0.0
8727, 0.1999999999999993, -0.09999999999999787
8728, 0.1999999999999993, -0.09999999999999787
8729, 0.1999999999999993, -0.09999999999999787
8730, 0.1999999999999993, -0.09999999999999787
8731, 0.1999999999999993, -0.09999999999999787
8732, 0.1999999999999993, -0.09999999999999787
8733, 0.1999999999999993, -0.09999999999999787
8734, 0.1999999999999993, -0.09999999999999787
8735, 0.1999999999999993, -0.09999999999999787
8736, 0.1999999999999993, -0.09999999999999787
8737, 0.1999999999999993, -0.09999999999999787
8738, 0.1999999999999993, 0.0
8739, 0.09999999999999964, 0.0
8740, 0.09999999999999964, 0.0
8741, 0.09999999999999964, 0.0
8742, 0.09999999999999964, 0.0
8743, 0.09999999999999964, 0.0
8744, 0.09999999999999964, 0.0
8745, 0.09999999999999964, 0.0
8746, 0.09999999999999964, 0.0
8747, 0.0, 0.0
8748, 0.0, 0.0
8749, 0.0, 0.0
8750, 0.0, 0.10000000000000142
8751, 0.0, 0.10000000000000142
8752, 0.0, 0.0
8753, 0.0, 0.0
8754, 0.0, 0.0
8755, 0.0, 0.0
8756, 0.0, 0.0
8757, 0.0, 0.0
8758, 0.0, 0.0
8759, 0.0, 0.0
8760, 0.0, 0.0
8761, 0.0, 0.0
8762, 0.0, 0.0
8763, 0.0, 0.0
8764, 0.0, 0.0
8765, 0.0, 0.0
8766, 0.0, 0.10000000000000142
8767, 0.0, 0.10000000000000142
8768, 0.0, 0.10000000000000142
8769, 0.0, 0.10000000000000142
8770, 0.0, 0.10000000000000142
8771, 0.0, 0.10000000000000142
8772, 0.0, 0.10000000000000142
8773, 0.0, 0.10000000000000142
8774, 0.0, 0.10000000000000142
8775, 0.0, 0.10000000000000142
8776, 0.0, 0.10000000000000142
8777, 0.0, 0.10000000000000142
8778, 0.0, 0.10000000000000142
8779, 0.0, 0.10000000000000142
8780, 0.0, 0.10000000000000142
8781, 0.0, 0.10000000000000142
8782, 0.0, 0.10000000000000142
8783, 0.0, 0.10000000000000142
8784, 0.0, 0.0
8785, 0.09999999999999964, 0.0
8786, 0.09999999999999964, 0.0
8787, 0.09999999999999964, 0.0
8788, 0.09999999999999964, 0.0
8789, 0.09999999999999964, 0.0
8790, 0.09999999999999964, 0.0
8791, 0.09999999999999964, 0.0
8792, 0.09999999999999964, 0.0
8793, 0.09999999999999964, 0.0
8794, 0.09999999999999964, 0.0
8795, 0.09999999999999964, 0.0
8796, 0.09999999999999964, 0.0
8797, 0.09999999999999964, 0.0
8798, 0.09999999999999964, 0.0
8799, 0.09999999999999964, 0.0
8800, 0.09999999999999964, 0.0
8801, 0.09999999999999964, 0.0
8802, 0.09999999999999964, 0.0
8803, 0.09999999999999964, 0.0
8804, 0.09999999999999964, 0.0
8805, 0.09999999999999964, 0.0
8806, 0.09999999999999964, 0.0
8807, 0.09999999999999964, 0.0
8808, 0.09999999999999964, 0.0
8809, 0.09999999999999964, 0.0
8810, 0.09999999999999964, 0.0
8811, 0.09999999999999964, 0.0
8812, 0.09999999999999964, 0.0
8813, 0.09999999999999964, 0.0
8814, 0.09999999999999964, 0.0
8815, 0.09999999999999964, 0.0
8816, 0.09999999999999964, 0.0
8817, 0.09999999999999964, 0.0
8818, 0.09999999999999964, 0.0
8819, 0.09999999999999964, 0.0
8820, 0.09999999999999964, 0.0
8821, 0.09999999999999964, 0.0
8822, 0.09999999999999964, 0.10000000000000142
8823, 0.09999999999999964, 0.10000000000000142
8824, 0.09999999999999964, 0.10000000000000142
8825, 0.09999999999999964, 0.10000000000000142
8826, 0.09999999999999964, 0.10000000000000142
8827, 0.09999999999999964, 0.10000000000000142
8828, 0.09999999999999964, 0.10000000000000142
8829, 0.09999999999999964, 0.10000000000000142
8830, 0.09999999999999964, 0.0
8831, 0.09999999999999964, 0.0
8832, 0.09999999999999964, 0.0
8833, 0.09999999999999964, 0.0
8834, 0.09999999999999964, 0.0
8835, 0.09999999999999964, 0.0
8836, 0.09999999999999964, 0.0
8837, 0.09999999999999964, 0.0
8838, 0.09999999999999964, 0.10000000000000142
8839, 0.09999999999999964, 0.10000000000000142
8840, 0.1999999999999993, 0.10000000000000142
8841, 0.1999999999999993, 0.0
8842, 0.1999999999999993, 0.0
8843, 0.1999999999999993, 0.0
8844, 0.1999999999999993, 0.0
8845, 0.1999999999999993, 0.0
8846, 0.1999999999999993, 0.0
8847, 0.1999999999999993, 0.0
8848, 0.1999999999999993, 0.0
8849, 0.1999999999999993, 0.0
8850, 0.1999999999999993, 0.0
8851, 0.1999999999999993, 0.0
8852, 0.1999999999999993, 0.0
8853, 0.1999999999999993, 0.0
8854, 0.1999999999999993, 0.0
8855, 0.1999999999999993, 0.0
8856, 0.1999999999999993, 0.0
8857, 0.1999999999999993, 0.0
8858, 0.1999999999999993, 0.0
8859, 0.09999999999999964, 0.0
8860, 0.09999999999999964, 0.0
8861, 0.09999999999999964, 0.0
8862, 0.09999999999999964, 0.0
8863, 0.09999999999999964, 0.0
8864, 0.09999999999999964, 0.0
8865, 0.09999999999999964, 0.0
8866, 0.09999999999999964, -0.09999999999999787
8867, 0.09999999999999964, -0.09999999999999787
8868, 0.09999999999999964, -0.09999999999999787
8869, 0.09999999999999964, -0.09999999999999787
8870, 0.09999999999999964, -0.09999999999999787
8871, 0.09999999999999964, -0.09999999999999787
8872, 0.09999999999999964, -0.09999999999999787
8873, 0.09999999999999964, -0.09999999999999787
8874, 0.09999999999999964, -0.09999999999999787
8875, 0.09999999999999964, -0.09999999999999787
8876, 0.09999999999999964, -0.09999999999999787
8877, 0.09999999999999964, -0.09999999999999787
8878, 0.09999999999999964, -0.09999999999999787
8879, 0.09999999999999964, 0.0
8880, 0.09999999999999964, 0.0
8881, 0.09999999999999964, 0.0
8882, 0.09999999999999964, 0.0
8883, 0.09999999999999964, 0.0
8884, 0.09999999999999964, 0.0
8885, 0.09999999999999964, 0.0
8886, 0.09999999999999964, 0.0
8887, 0.09999999999999964, 0.0
8888, 0.09999999999999964, 0.0
8889, 0.09999999999999964, 0.0
8890, 0.09999999999999964, 0.0
8891, 0.09999999999999964, 0.0
8892, 0.09999999999999964, 0.0
8893, 0.09999999999999964, 0.0
8894, 0.09999999999999964, 0.0
8895, 0.09999999999999964, 0.0
8896, 0.09999999999999964, 0.0
8897, 0.09999999999999964, 0.0
8898, 0.09999999999999964, 0.0
8899, 0.09999999999999964, 0.0
8900, 0.09999999999999964, 0.0
8901, 0.09999999999999964, 0.0
8902, 0.09999999999999964, 0.0
8903, 0.09999999999999964, 0.0
8904, 0.09999999999999964, 0.0
8905, 0.0, 0.0
8906, 0.0, 0.0
8907, 0.0, 0.0
8908, 0.0, 0.0
8909, 0.0, 0.0
8910, 0.0, 0.0
8911, 0.0, 0.0
8912, 0.0, 0.0
8913, 0.0, 0.0
8914, 0.0, 0.0
8915, 0.0, 0.0
8916, 0.0, 0.0
8917, 0.0, 0.0
8918, 0.0, 0.0
8919, 0.0, 0.0
8920, 0.0, 0.0
8921, 0.0, 0.0
8922, 0.0, 0.0
8923, 0.0, 0.0
8924, 0.0, 0.0
8925, 0.0, 0.0
8926, 0.0, 0.0
8927, 0.0, 0.0
8928, 0.0, 0.0
8929, 0.0, 0.0
8930, 0.0, 0.0
8931, 0.09999999999999964, 0.0
8932, 0.09999999999999964, 0.0
8933, 0.09999999999999964, 0.10000000000000142
8934, 0.09999999999999964, 0.10000000000000142
8935, 0.09999999999999964, 0.10000000000000142
8936, 0.09999999999999964, 0.0
8937, 0.09999999999999964, 0.0
8938, 0.09999999999999964, 0.0
8939, 0.09999999999999964, 0.0
8940, 0.09999999999999964, 0.0
8941, 0.09999999999999964, 0.0
8942, 0.0, 0.0
8943, 0.0, 0.0
8944, 0.0, -0.09999999999999787
8945, 0.0, -0.09999999999999787
8946, 0.09999999999999964, -0.09999999999999787
8947, 0.09999999999999964, -0.09999999999999787
8948, 0.09999999999999964, -0.09999999999999787
8949, 0.09999999999999964, -0.09999999999999787
8950, 0.09999999999999964, -0.09999999999999787
8951, 0.09999999999999964, -0.09999999999999787
8952, 0.09999999999999964, -0.09999999999999787
8953, 0.09999999999999964, -0.09999999999999787
8954, 0.09999999999999964, -0.09999999999999787
8955, 0.09999999999999964, -0.09999999999999787
8956, 0.09999999999999964, -0.09999999999999787
8957, 0.09999999999999964, -0.09999999999999787
8958, 0.09999999999999964, 0.0
8959, 0.09999999999999964, 0.0
8960, 0.1999999999999993, 0.0
8961, 0.1999999999999993, 0.0
8962, 0.1999999999999993, 0.0
8963, 0.1999999999999993, 0.0
8964, 0.1999999999999993, 0.0
8965, 0.1999999999999993, 0.0
8966, 0.1999999999999993, 0.0
8967, 0.1999999999999993, -0.09999999999999787
8968, 0.1999999999999993, -0.09999999999999787
8969, 0.1999999999999993, -0.09999999999999787
8970, 0.1999999999999993, -0.09999999999999787
8971, 0.1999999999999993, -0.09999999999999787
8972, 0.1999999999999993, -0.09999999999999787
8973, 0.1999999999999993, -0.09999999999999787
8974, 0.1999999999999993, -0.09999999999999787
8975, 0.1999999999999993, -0.09999999999999787
8976, 0.1999999999999993, -0.09999999999999787
8977, 0.1999999999999993, -0.09999999999999787
8978, 0.1999999999999993, -0.09999999999999787
8979, 0.1999999999999993, -0.09999999999999787
8980, 0.1999999999999993, -0.09999999999999787
8981, 0.1999999999999993, 0.0
8982, 0.1999999999999993, 0.0
8983, 0.1999999999999993, 0.0
8984, 0.1999999999999993, 0.0
8985, 0.1999999999999993, 0.0
8986, 0.1999999999999993, 0.0
8987, 0.1999999999999993, 0.0
8988, 0.1999999999999993, 0.0
8989, 0.1999999999999993, 0.0
8990, 0.1999999999999993, 0.0
8991, 0.1999999999999993, 0.0
8992, 0.1999999999999993, 0.0
8993, 0.1999999999999993, 0.0
8994, 0.1999999999999993, 0.0
8995, 0.1999999999999993, 0.0
8996, 0.1999999999999993, 0.0
8997, 0.1999999999999993, 0.0
8998, 0.1999999999999993, 0.0
8999, 0.1999999999999993, 0.0
9000, 0.1999999999999993, 0.0
9001, 0.1999999999999993, 0.0
9002, 0.1999999999999993, 0.0
9003, 0.1999999999999993, 0.0
9004, 0.1999999999999993, 0.0
9005, 0.1999999999999993, 0.0
9006, 0.1999999999999993, 0.0
9007, 0.1999999999999993, 0.0
9008, 0.09999999999999964, 0.0
9009, 0.09999999999999964, 0.0
9010, 0.09999999999999964, 0.0
9011, 0.09999999999999964, 0.0
9012, 0.09999999999999964, 0.0
9013, 0.09999999999999964, 0.0
9014, 0.09999999999999964, 0.10000000000000142
9015, 0.09999999999999964, 0.10000000000000142
9016, 0.09999999999999964, 0.10000000000000142
9017, 0.09999999999999964, 0.10000000000000142
9018, 0.09999999999999964, 0.10000000000000142
9019, 0.09999999999999964, 0.10000000000000142
9020, 0.09999999999999964, 0.0
9021, 0.09999999999999964, 0.0
9022, 0.09999999999999964, 0.0
9023, 0.09999999999999964, 0.0
9024, 0.09999999999999964, 0.0
9025, 0.09999999999999964, 0.0
9026, 0.09999999999999964, 0.0
9027, 0.09999999999999964, 0.0
9028, 0.09999999999999964, 0.0
9029, 0.09999999999999964, 0.10000000000000142
9030, 0.09999999999999964, 0.10000000000000142
9031, 0.09999999999999964, 0.10000000000000142
9032, 0.0, 0.10000000000000142
9033, 0.0, 0.10000000000000142
9034, 0.0, 0.10000000000000142
9035, 0.0, 0.10000000000000142
9036, 0.0, 0.10000000000000142
9037, 0.0, 0.10000000000000142
9038, 0.0, 0.10000000000000142
9039, 0.0, 0.10000000000000142
9040, 0.0, 0.10000000000000142
9041, 0.0, 0.10000000000000142
9042, 0.0, 0.10000000000000142
9043, 0.0, 0.10000000000000142
9044, 0.0, 0.10000000000000142
9045, 0.0, 0.10000000000000142
9046, 0.0, 0.10000000000000142
9047, 0.0, 0.10000000000000142
9048, 0.0, 0.10000000000000142
9049, 0.0, 0.10000000000000142
9050, 0.0, 0.10000000000000142
9051, 0.0, 0.10000000000000142
9052, 0.0, 0.10000000000000142
9053, 0.0, 0.10000000000000142
9054, 0.0, 0.10000000000000142
9055, 0.0, 0.10000000000000142
9056, 0.0, 0.10000000000000142
9057, 0.0, 0.10000000000000142
9058, 0.0, 0.10000000000000142
9059, 0.0, 0.10000000000000142
9060, 0.0, 0.10000000000000142
9061, 0.0, 0.0
9062, 0.0, 0.0
9063, 0.0, 0.0
9064, 0.0, 0.0
9065, 0.0, 0.0
9066, 0.0, 0.0
9067, 0.0, -0.09999999999999787
9068, 0.0, -0.09999999999999787
9069, 0.0, -0.09999999999999787
9070, 0.0, -0.09999999999999787
9071, 0.0, 0.0
9072, 0.0, 0.0
9073, 0.0, 0.0
9074, 0.0, 0.0
9075, 0.0, 0.0
9076, 0.0, 0.0
9077, 0.0, 0.10000000000000142
9078, 0.0, 0.10000000000000142
9079, 0.0, 0.10000000000000142
9080, 0.0, 0.10000000000000142
9081, 0.0, 0.10000000000000142
9082, 0.0, 0.10000000000000142
9083, 0.0, 0.10000000000000142
9084, 0.0, 0.10000000000000142
9085, 0.0, 0.10000000000000142
9086, 0.0, 0.10000000000000142
9087, 0.0, 0.10000000000000142
9088, 0.0, 0.10000000000000142
9089, 0.0, 0.10000000000000142
9090, 0.0, 0.10000000000000142
9091, 0.0, 0.10000000000000142
9092, 0.09999999999999964, 0.10000000000000142
9093, 0.09999999999999964, 0.10000000000000142
9094, 0.09999999999999964, 0.10000000000000142
9095, 0.09999999999999964, 0.10000000000000142
9096, 0.09999999999999964, 0.10000000000000142
9097, 0.09999999999999964, 0.10000000000000142
9098, 0.09999999999999964, 0.10000000000000142
9099, 0.09999999999999964, 0.10000000000000142
9100, 0.09999999999999964, 0.10000000000000142
9101, 0.09999999999999964, 0.10000000000000142
9102, 0.09999999999999964, 0.10000000000000142
9103, 0.09999999999999964, 0.10000000000000142
9104, 0.09999999999999964, 0.10000000000000142
9105, 0.09999999999999964, 0.10000000000000142
9106, 0.09999999999999964, 0.10000000000000142
9107, 0.09999999999999964, 0.10000000000000142
9108, 0.09999999999999964, 0.10000000000000142
9109, 0.09999999999999964, 0.10000000000000142
9110, 0.09999999999999964, 0.10000000000000142
9111, 0.09999999999999964, 0.0
9112, 0.09999999999999964, 0.0
9113, 0.09999999999999964, 0.0
9114, 0.09999999999999964, 0.0
9115, 0.09999999999999964, 0.10000000000000142
9116, 0.09999999999999964, 0.10000000000000142
9117, 0.09999999999999964, 0.10000000000000142
9118, 0.09999999999999964, 0.10000000000000142
9119, 0.09999999999999964, 0.10000000000000142
9120, 0.09999999999999964, 0.10000000000000142
9121, 0.09999999999999964, 0.10000000000000142
9122, 0.09999999999999964, 0.10000000000000142
9123, 0.09999999999999964, 0.10000000000000142
9124, 0.09999999999999964, 0.10000000000000142
9125, 0.09999999999999964, 0.10000000000000142
9126, 0.09999999999999964, 0.0
9127, 0.09999999999999964, 0.0
9128, 0.09999999999999964, 0.0
9129, 0.09999999999999964, 0.0
9130, 0.09999999999999964, 0.0
9131, 0.09999999999999964, 0.0
9132, 0.09999999999999964, 0.0
9133, 0.09999999999999964, 0.0
9134, 0.09999999999999964, 0.0
9135, 0.09999999999999964, 0.0
9136, 0.09999999999999964, 0.0
9137, 0.09999999999999964, 0.10000000000000142
9138, 0.09999999999999964, 0.10000000000000142
9139, 0.09999999999999964, 0.10000000000000142
9140, 0.09999999999999964, 0.10000000000000142
9141, 0.09999999999999964, 0.10000000000000142
9142, 0.0, 0.10000000000000142
9143, 0.0, 0.10000000000000142
9144, 0.0, 0.10000000000000142
9145, 0.0, 0.10000000000000142
9146, 0.0, 0.10000000000000142
9147, 0.0, 0.10000000000000142
9148, 0.0, 0.0
9149, 0.0, 0.0
9150, 0.0, 0.0
9151, 0.0, 0.0
9152, 0.0, 0.0
9153, 0.0, 0.0
9154, 0.0, 0.0
9155, 0.0, 0.0
9156, 0.0, 0.0
9157, 0.0, 0.0
9158, 0.0, 0.0
9159, 0.0, 0.0
9160, 0.0, 0.0
9161, 0.0, 0.0
9162, 0.0, 0.0
9163, 0.0, 0.0
9164, 0.0, 0.0
9165, 0.0, 0.0
9166, 0.0, 0.0
9167, 0.0, 0.0
9168, 0.0, 0.0
9169, 0.0, 0.0
9170, 0.0, 0.0
9171, 0.0, 0.0
9172, 0.0, 0.0
9173, 0.0, 0.0
9174, 0.0, 0.0
9175, 0.0, 0.0
9176, 0.0, 0.0
9177, 0.0, 0.0
9178, 0.0, 0.0
9179, 0.0, 0.0
9180, 0.0, 0.0
9181, 0.0, 0.0
9182, 0.0, 0.0
9183, 0.0, 0.0
9184, 0.0, 0.0
9185, 0.0, 0.0
9186, 0.0, 0.0
9187, 0.0, 0.0
9188, 0.0, 0.0
9189, 0.0, 0.0
9190, 0.0, 0.0
9191, 0.0, 0.0
9192, 0.0, 0.0
9193, 0.0, 0.0
9194, 0.0, 0.0
9195, 0.0, 0.0
9196, 0.0, 0.0
9197, 0.0, 0.0
9198, 0.0, 0.0
9199, 0.0, 0.0
9200, 0.0, 0.0
9201, 0.0, 0.0
9202, 0.0, 0.0
9203, 0.0, 0.0
9204, 0.0, 0.0
9205, 0.0, 0.0
9206, 0.0, -0.09999999999999787
9207, 0.0, -0.09999999999999787
9208, 0.0, -0.09999999999999787
9209, 0.0, 0.0
9210, 0.0, 0.0
9211, 0.09999999999999964, 0.0
9212, 0.09999999999999964, 0.0
9213, 0.09999999999999964, 0.0
9214, 0.09999999999999964, 0.0
9215, 0.1999999999999993, 0.0
9216, 0.1999999999999993, 0.0
9217, 0.1999999999999993, 0.0
9218, 0.1999999999999993, 0.0
9219, 0.1999999999999993, 0.0
9220, 0.1999999999999993, 0.0
9221, 0.1999999999999993, 0.0
9222, 0.1999999999999993, 0.0
9223, 0.1999999999999993, 0.10000000000000142
9224, 0.1999999999999993, 0.0
9225, 0.1999999999999993, 0.0
9226, 0.1999999999999993, 0.0
9227, 0.1999999999999993, 0.0
9228, 0.1999999999999993, 0.0
9229, 0.1999999999999993, 0.0
9230, 0.1999999999999993, 0.0
9231, 0.1999999999999993, 0.0
9232, 0.1999999999999993, 0.0
9233, 0.09999999999999964, 0.0
9234, 0.09999999999999964, 0.0
9235, 0.09999999999999964, 0.0
9236, 0.09999999999999964, 0.0
9237, 0.09999999999999964, 0.0
9238, 0.09999999999999964, 0.0
9239, 0.09999999999999964, -0.09999999999999787
9240, 0.09999999999999964, -0.09999999999999787
9241, 0.09999999999999964, -0.09999999999999787
9242, 0.09999999999999964, -0.09999999999999787
9243, 0.09999999999999964, 0.0
9244, 0.09999999999999964, 0.0
9245, 0.09999999999999964, 0.0
9246, 0.09999999999999964, 0.0
9247, 0.09999999999999964, 0.0
9248, 0.09999999999999964, 0.0
9249, 0.09999999999999964, 0.0
9250, 0.09999999999999964, 0.0
9251, 0.09999999999999964, 0.0
9252, 0.09999999999999964, -0.09999999999999787
9253, 0.09999999999999964, -0.09999999999999787
9254, 0.09999999999999964, -0.09999999999999787
9255, 0.09999999999999964, -0.09999999999999787
9256, 0.09999999999999964, -0.09999999999999787
9257, 0.09999999999999964, -0.09999999999999787
9258, 0.09999999999999964, -0.09999999999999787
9259, 0.09999999999999964, -0.09999999999999787
9260, 0.09999999999999964, -0.09999999999999787
9261, 0.09999999999999964, -0.09999999999999787
9262, 0.09999999999999964, -0.09999999999999787
9263, 0.09999999999999964, -0.09999999999999787
9264, 0.09999999999999964, -0.09999999999999787
9265, 0.09999999999999964, -0.09999999999999787
9266, 0.09999999999999964, 0.0
9267, 0.09999999999999964, 0.0
9268, 0.09999999999999964, 0.0
9269, 0.09999999999999964, 0.0
9270, 0.09999999999999964, 0.0
9271, 0.09999999999999964, 0.0
9272, 0.09999999999999964, 0.0
9273, 0.09999999999999964, 0.0
9274, 0.09999999999999964, 0.0
9275, 0.09999999999999964, 0.0
9276, 0.09999999999999964, 0.10000000000000142
9277, 0.09999999999999964, 0.10000000000000142
9278, 0.09999999999999964, 0.0
9279, 0.09999999999999964, 0.0
9280, 0.09999999999999964, 0.0
9281, 0.09999999999999964, 0.0
9282, 0.09999999999999964, 0.0
9283, 0.09999999999999964, 0.0
9284, 0.1999999999999993, 0.0
9285, 0.09999999999999964, 0.0
9286, 0.09999999999999964, 0.0
9287, 0.09999999999999964, 0.0
9288, 0.09999999999999964, 0.10000000000000142
9289, 0.09999999999999964, 0.10000000000000142
9290, 0.0, 0.10000000000000142
9291, 0.0, 0.10000000000000142
9292, 0.0, 0.10000000000000142
9293, 0.0, 0.10000000000000142
9294, 0.0, 0.10000000000000142
9295, 0.0, 0.10000000000000142
9296, 0.0, 0.10000000000000142
9297, 0.0, 0.10000000000000142
9298, 0.0, 0.10000000000000142
9299, 0.0, 0.10000000000000142
9300, 0.0, 0.10000000000000142
9301, 0.0, 0.10000000000000142
9302, 0.0, 0.10000000000000142
9303, 0.0, 0.10000000000000142
9304, 0.0, 0.10000000000000142
9305, 0.0, 0.10000000000000142
9306, 0.0, 0.10000000000000142
9307, 0.0, 0.10000000000000142
9308, 0.0, 0.10000000000000142
9309, 0.0, 0.10000000000000142
9310, 0.0, 0.10000000000000142
9311, 0.0, 0.10000000000000142
9312, 0.0, 0.10000000000000142
9313, 0.09999999999999964, 0.10000000000000142
9314, 0.09999999999999964, 0.10000000000000142
9315, 0.09999999999999964, 0.10000000000000142
9316, 0.09999999999999964, 0.10000000000000142
9317, 0.09999999999999964, 0.10000000000000142
9318, 0.09999999999999964, 0.10000000000000142
9319, 0.09999999999999964, 0.10000000000000142
9320, 0.09999999999999964, 0.10000000000000142
9321, 0.09999999999999964, 0.10000000000000142
9322, 0.09999999999999964, 0.10000000000000142
9323, 0.09999999999999964, 0.10000000000000142
9324, 0.09999999999999964, 0.10000000000000142
9325, 0.09999999999999964, 0.10000000000000142
9326, 0.09999999999999964, 0.10000000000000142
9327, 0.09999999999999964, 0.10000000000000142
9328, 0.09999999999999964, 0.20000000000000284
9329, 0.09999999999999964, 0.10000000000000142
9330, 0.09999999999999964, 0.10000000000000142
9331, 0.09999999999999964, 0.10000000000000142
9332, 0.09999999999999964, 0.10000000000000142
9333, 0.09999999999999964, 0.10000000000000142
9334, 0.09999999999999964, 0.10000000000000142
9335, 0.09999999999999964, 0.10000000000000142
9336, 0.09999999999999964, 0.10000000000000142
9337, 0.09999999999999964, 0.10000000000000142
9338, 0.09999999999999964, 0.10000000000000142
9339, 0.09999999999999964, 0.10000000000000142
9340, 0.09999999999999964, 0.10000000000000142
9341, 0.09999999999999964, 0.10000000000000142
9342, 0.09999999999999964, 0.10000000000000142
9343, 0.09999999999999964, 0.10000000000000142
9344, 0.09999999999999964, 0.10000000000000142
9345, 0.09999999999999964, 0.10000000000000142
9346, 0.09999999999999964, 0.10000000000000142
9347, 0.09999999999999964, 0.10000000000000142
9348, 0.09999999999999964, 0.10000000000000142
9349, 0.09999999999999964, 0.10000000000000142
9350, 0.09999999999999964, 0.0
9351, 0.09999999999999964, 0.0
9352, 0.09999999999999964, 0.0
9353, 0.09999999999999964, 0.0
9354, 0.09999999999999964, 0.0
9355, 0.09999999999999964, 0.0
9356, 0.0, 0.10000000000000142
9357, 0.0, 0.10000000000000142
9358, 0.0, 0.10000000000000142
9359, 0.0, 0.10000000000000142
9360, 0.0, 0.10000000000000142
9361, 0.0, 0.10000000000000142
9362, 0.0, 0.10000000000000142
9363, 0.0, 0.10000000000000142
9364, 0.0, 0.10000000000000142
9365, 0.0, 0.10000000000000142
9366, 0.0, 0.10000000000000142
9367, 0.0, 0.10000000000000142
9368, 0.09999999999999964, 0.10000000000000142
9369, 0.09999999999999964, 0.10000000000000142
9370, 0.09999999999999964, 0.10000000000000142
9371, 0.09999999999999964, 0.10000000000000142
9372, 0.09999999999999964, 0.10000000000000142
9373, 0.09999999999999964, 0.10000000000000142
9374, 0.09999999999999964, 0.10000000000000142
9375, 0.09999999999999964, 0.10000000000000142
9376, 0.09999999999999964, 0.10000000000000142
9377, 0.09999999999999964, 0.10000000000000142
9378, 0.09999999999999964, 0.10000000000000142
9379, 0.09999999999999964, 0.10000000000000142
9380, 0.09999999999999964, 0.10000000000000142
9381, 0.09999999999999964, 0.10000000000000142
9382, 0.09999999999999964, 0.10000000000000142
9383, 0.09999999999999964, 0.10000000000000142
9384, 0.09999999999999964, 0.10000000000000142
9385, 0.09999999999999964, 0.10000000000000142
9386, 0.09999999999999964, 0.10000000000000142
9387, 0.09999999999999964, 0.10000000000000142
9388, 0.09999999999999964, 0.10000000000000142
9389, 0.09999999999999964, 0.10000000000000142
9390, 0.09999999999999964, 0.10000000000000142
9391, 0.09999999999999964, 0.10000000000000142
9392, 0.09999999999999964, 0.10000000000000142
9393, 0.09999999999999964, 0.10000000000000142
9394, 0.09999999999999964, 0.10000000000000142
9395, 0.09999999999999964, 0.10000000000000142
9396, 0.09999999999999964, 0.10000000000000142
9397, 0.09999999999999964, 0.10000000000000142
9398, 0.09999999999999964, 0.10000000000000142
9399, 0.09999999999999964, 0.10000000000000142
9400, 0.09999999999999964, 0.10000000000000142
9401, 0.09999999999999964, 0.10000000000000142
9402, 0.09999999999999964, 0.10000000000000142
9403, 0.09999999999999964, 0.10000000000000142
9404, 0.09999999999999964, 0.10000000000000142
9405, 0.09999999999999964, 0.10000000000000142
9406, 0.09999999999999964, 0.10000000000000142
9407, 0.09999999999999964, 0.10000000000000142
9408, 0.09999999999999964, 0.10000000000000142
9409, 0.09999999999999964, 0.10000000000000142
9410, 0.09999999999999964, 0.10000000000000142
9411, 0.09999999999999964, 0.10000000000000142
9412, 0.09999999999999964, 0.10000000000000142
9413, 0.0, 0.10000000000000142
9414, 0.0, 0.10000000000000142
9415, 0.0, 0.10000000000000142
9416, 0.0, 0.10000000000000142
9417, 0.0, 0.10000000000000142
9418, 0.0, 0.0
9419, 0.0, 0.0
9420, 0.0, 0.0
9421, 0.0, 0.0
9422, 0.0, 0.0
9423, 0.0, 0.0
9424, 0.0, 0.0
9425, 0.0, 0.0
9426, 0.0, 0.0
9427, 0.0, 0.0
9428, 0.09999999999999964, 0.0
9429, 0.09999999999999964, 0.0
9430, 0.09999999999999964, 0.0
9431, 0.09999999999999964, 0.0
9432, 0.09999999999999964, 0.0
9433, 0.09999999999999964, 0.0
9434, 0.09999999999999964, 0.0
9435, 0.09999999999999964, 0.0
9436, 0.09999999999999964, 0.0
9437, 0.1999999999999993, 0.10000000000000142
9438, 0.09999999999999964, 0.10000000000000142
9439, 0.09999999999999964, 0.10000000000000142
9440, 0.09999999999999964, 0.10000000000000142
9441, 0.09999999999999964, 0.10000000000000142
9442, 0.09999999999999964, 0.10000000000000142
9443, 0.09999999999999964, 0.10000000000000142
9444, 0.09999999999999964, 0.10000000000000142
9445, 0.09999999999999964, 0.10000000000000142
9446, 0.0, 0.10000000000000142
9447, 0.0, 0.10000000000000142
9448, 0.0, 0.10000000000000142
9449, 0.0, 0.0
9450, 0.0, 0.0
9451, 0.0, 0.0
9452, 0.0, 0.0
9453, 0.0, 0.0
9454, 0.0, 0.0
9455, 0.0, 0.0
9456, 0.0, 0.10000000000000142
9457, 0.0, 0.10000000000000142
9458, 0.0, 0.10000000000000142
9459, 0.0, 0.10000000000000142
9460, 0.0, 0.10000000000000142
9461, 0.0, 0.10000000000000142
9462, 0.0, 0.10000000000000142
9463, 0.0, 0.10000000000000142
9464, 0.0, 0.10000000000000142
9465, 0.0, 0.10000000000000142
9466, 0.0, 0.10000000000000142
9467, 0.0, 0.10000000000000142
9468, 0.0, 0.10000000000000142
9469, 0.0, 0.10000000000000142
9470, 0.0, 0.10000000000000142
9471, 0.0, 0.10000000000000142
9472, 0.0, 0.10000000000000142
9473, 0.0, 0.10000000000000142
9474, 0.0, 0.10000000000000142
9475, 0.0, 0.10000000000000142
9476, 0.0, 0.10000000000000142
9477, 0.0, 0.10000000000000142
9478, 0.0, 0.10000000000000142
9479, 0.0, 0.10000000000000142
9480, 0.0, 0.10000000000000142
9481, 0.0, 0.10000000000000142
9482, 0.0, 0.10000000000000142
9483, 0.0, 0.10000000000000142
9484, 0.0, 0.10000000000000142
9485, 0.0, 0.10000000000000142
9486, 0.0, 0.10000000000000142
9487, 0.0, 0.10000000000000142
9488, 0.0, 0.10000000000000142
9489, 0.0, 0.10000000000000142
9490, 0.09999999999999964, 0.10000000000000142
9491, 0.09999999999999964, 0.10000000000000142
9492, 0.09999999999999964, 0.10000000000000142
9493, 0.09999999999999964, 0.10000000000000142
9494, 0.09999999999999964, 0.10000000000000142
9495, 0.09999999999999964, 0.10000000000000142
9496, 0.09999999999999964, 0.10000000000000142
9497, 0.09999999999999964, 0.10000000000000142
9498, 0.09999999999999964, 0.10000000000000142
9499, 0.09999999999999964, 0.10000000000000142
9500, 0.1999999999999993, 0.10000000000000142
9501, 0.1999999999999993, 0.10000000000000142
9502, 0.09999999999999964, 0.10000000000000142
9503, 0.09999999999999964, 0.10000000000000142
9504, 0.09999999999999964, 0.10000000000000142
9505, 0.09999999999999964, 0.10000000000000142
9506, 0.09999999999999964, 0.10000000000000142
9507, 0.09999999999999964, 0.10000000000000142
9508, 0.09999999999999964, 0.10000000000000142
9509, 0.09999999999999964, 0.20000000000000284
9510, 0.09999999999999964, 0.20000000000000284
9511, 0.09999999999999964, 0.20000000000000284
9512, 0.09999999999999964, 0.20000000000000284
9513, 0.09999999999999964, 0.20000000000000284
9514, 0.09999999999999964, 0.20000000000000284
9515, 0.09999999999999964, 0.20000000000000284
9516, 0.09999999999999964, 0.10000000000000142
9517, 0.09999999999999964, 0.10000000000000142
9518, 0.09999999999999964, 0.10000000000000142
9519, 0.09999999999999964, 0.10000000000000142
9520, 0.09999999999999964, 0.10000000000000142
9521, 0.09999999999999964, 0.10000000000000142
9522, 0.09999999999999964, 0.10000000000000142
9523, 0.09999999999999964, 0.10000000000000142
9524, 0.09999999999999964, 0.10000000000000142
9525, 0.09999999999999964, 0.10000000000000142
9526, 0.09999999999999964, 0.10000000000000142
9527, 0.09999999999999964, 0.10000000000000142
9528, 0.09999999999999964, 0.10000000000000142
9529, 0.09999999999999964, 0.10000000000000142
9530, 0.09999999999999964, 0.10000000000000142
9531, 0.09999999999999964, 0.10000000000000142
9532, 0.09999999999999964, 0.10000000000000142
9533, 0.09999999999999964, 0.10000000000000142
9534, 0.09999999999999964, 0.0
9535, 0.09999999999999964, 0.0
9536, 0.09999999999999964, 0.0
9537, 0.09999999999999964, 0.0
9538, 0.09999999999999964, 0.0
9539, 0.09999999999999964, 0.0
9540, 0.09999999999999964, 0.0
9541, 0.09999999999999964, 0.0
9542, 0.09999999999999964, 0.0
9543, 0.09999999999999964, 0.0
9544, 0.09999999999999964, 0.0
9545, 0.1999999999999993, 0.0
9546, 0.1999999999999993, 0.0
9547, 0.1999999999999993, 0.0
9548, 0.1999999999999993, 0.0
9549, 0.1999999999999993, 0.0
9550, 0.1999999999999993, 0.0
9551, 0.1999999999999993, 0.0
9552, 0.1999999999999993, 0.0
9553, 0.1999999999999993, 0.0
9554, 0.1999999999999993, 0.0
9555, 0.1999999999999993, 0.0
9556, 0.1999999999999993, 0.0
9557, 0.1999999999999993, 0.0
9558, 0.1999999999999993, 0.0
9559, 0.1999999999999993, 0.0
9560, 0.1999999999999993, 0.0
9561, 0.09999999999999964, 0.0
9562, 0.09999999999999964, 0.0
9563, 0.09999999999999964, 0.0
9564, 0.09999999999999964, 0.0
9565, 0.09999999999999964, 0.0
9566, 0.09999999999999964, 0.0
9567, 0.09999999999999964, 0.0
9568, 0.09999999999999964, 0.0
9569, 0.09999999999999964, 0.0
9570, 0.09999999999999964, 0.0
9571, 0.09999999999999964, 0.0
9572, 0.09999999999999964, 0.0
9573, 0.09999999999999964, 0.0
9574, 0.09999999999999964, 0.0
9575, 0.09999999999999964, 0.0
9576, 0.09999999999999964, 0.0
9577, 0.09999999999999964, 0.0
9578, 0.09999999999999964, 0.0
9579, 0.09999999999999964, 0.0
9580, 0.09999999999999964, 0.0
9581, 0.09999999999999964, 0.0
9582, 0.09999999999999964, 0.0
9583, 0.09999999999999964, 0.0
9584, 0.09999999999999964, 0.0
9585, 0.09999999999999964, 0.0
9586, 0.09999999999999964, 0.0
9587, 0.09999999999999964, 0.0
9588, 0.09999999999999964, 0.0
9589, 0.09999999999999964, 0.0
9590, 0.09999999999999964, 0.0
9591, 0.09999999999999964, 0.0
9592, 0.0, 0.0
9593, 0.0, 0.0
9594, 0.0, 0.0
9595, 0.0, 0.0
9596, 0.0, 0.0
9597, 0.0, 0.0
9598, 0.0, 0.0
9599, 0.0, 0.0
9600, 0.0, 0.0
9601, 0.0, 0.0
9602, 0.0, 0.0
9603, 0.0, 0.0
9604, 0.0, 0.0
9605, 0.0, 0.0
9606, 0.0, 0.0
9607, 0.0, -0.09999999999999787
9608, 0.0, -0.09999999999999787
9609, 0.0, -0.09999999999999787
9610, 0.0, -0.09999999999999787
9611, 0.0, -0.09999999999999787
9612, 0.0, -0.09999999999999787
9613, 0.0, -0.09999999999999787
9614, 0.0, -0.09999999999999787
9615, 0.0, 0.0
9616, 0.0, 0.0
9617, 0.0, 0.0
9618, 0.0, 0.0
9619, 0.0, 0.0
9620, 0.0, 0.0
9621, 0.0, 0.0
9622, 0.0, 0.0
9623, 0.0, 0.0
9624, 0.0, 0.0
9625, 0.0, 0.0
9626, 0.0, 0.0
9627, 0.0, 0.0
9628, 0.0, 0.0
9629, 0.0, 0.0
9630, 0.0, 0.0
9631, 0.0, 0.0
9632, 0.0, 0.0
9633, 0.0, 0.0
9634, 0.0, 0.0
9635, 0.0, 0.0
9636, 0.09999999999999964, 0.0
9637, 0.09999999999999964, 0.0
9638, 0.09999999999999964, 0.0
9639, 0.09999999999999964, 0.0
9640, 0.09999999999999964, 0.0
9641, 0.09999999999999964, 0.0
9642, 0.09999999999999964, 0.0
9643, 0.09999999999999964, 0.0
9644, 0.09999999999999964, 0.0
9645, 0.09999999999999964, 0.0
9646, 0.09999999999999964, 0.0
9647, 0.09999999999999964, 0.10000000000000142
9648, 0.1999999999999993, 0.10000000000000142
9649, 0.1999999999999993, 0.10000000000000142
9650, 0.1999999999999993, 0.10000000000000142
9651, 0.1999999999999993, 0.10000000000000142
9652, 0.1999999999999993, 0.10000000000000142
9653, 0.1999999999999993, 0.10000000000000142
9654, 0.1999999999999993, 0.10000000000000142
9655, 0.1999999999999993, 0.10000000000000142
9656, 0.1999999999999993, 0.10000000000000142
9657, 0.1999999999999993, 0.10000000000000142
9658, 0.1999999999999993, 0.10000000000000142
9659, 0.1999999999999993, 0.10000000000000142
9660, 0.1999999999999993, 0.10000000000000142
9661, 0.09999999999999964, 0.10000000000000142
9662, 0.09999999999999964, 0.10000000000000142
9663, 0.09999999999999964, 0.10000000000000142
9664, 0.09999999999999964, 0.10000000000000142
9665, 0.09999999999999964, 0.10000000000000142
9666, 0.09999999999999964, 0.10000000000000142
9667, 0.09999999999999964, 0.10000000000000142
9668, 0.09999999999999964, 0.10000000000000142
9669, 0.09999999999999964, 0.10000000000000142
9670, 0.09999999999999964, 0.10000000000000142
9671, 0.09999999999999964, 0.10000000000000142
9672, 0.09999999999999964, 0.10000000000000142
9673, 0.09999999999999964, 0.10000000000000142
9674, 0.09999999999999964, 0.10000000000000142
9675, 0.09999999999999964, 0.10000000000000142
9676, 0.09999999999999964, 0.10000000000000142
9677, 0.09999999999999964, 0.10000000000000142
9678, 0.09999999999999964, 0.10000000000000142
9679, 0.09999999999999964, 0.10000000000000142
9680, 0.09999999999999964, 0.10000000000000142
9681, 0.09999999999999964, 0.20000000000000284
9682, 0.09999999999999964, 0.20000000000000284
9683, 0.09999999999999964, 0.20000000000000284
9684, 0.09999999999999964, 0.20000000000000284
9685, 0.09999999999999964, 0.20000000000000284
9686, 0.09999999999999964, 0.20000000000000284
9687, 0.09999999999999964, 0.20000000000000284
9688, 0.09999999999999964, 0.20000000000000284
9689, 0.09999999999999964, 0.20000000000000284
9690, 0.09999999999999964, 0.20000000000000284
9691, 0.09999999999999964, 0.20000000000000284
9692, 0.09999999999999964, 0.20000000000000284
9693, 0.09999999999999964, 0.20000000000000284
9694, 0.09999999999999964, 0.20000000000000284
9695, 0.09999999999999964, 0.20000000000000284
9696, 0.09999999999999964, 0.20000000000000284
9697, 0.09999999999999964, 0.20000000000000284
9698, 0.09999999999999964, 0.20000000000000284
9699, 0.09999999999999964, 0.10000000000000142
9700, 0.09999999999999964, 0.10000000000000142
9701, 0.09999999999999964, 0.10000000000000142
9702, 0.0, 0.10000000000000142
9703, 0.0, 0.10000000000000142
9704, -0.09999999999999964, 0.10000000000000142
9705, 0.0, 0.10000000000000142
9706, 0.0, 0.10000000000000142
9707, 0.0, 0.10000000000000142
9708, 0.0, 0.10000000000000142
9709, 0.0, 0.10000000000000142
9710, 0.0, 0.10000000000000142
9711, 0.0, 0.10000000000000142
9712, 0.0, 0.10000000000000142
9713, 0.0, 0.10000000000000142
9714, 0.0, 0.10000000000000142
9715, 0.09999999999999964, 0.10000000000000142
9716, 0.09999999999999964, 0.10000000000000142
9717, 0.09999999999999964, 0.10000000000000142
9718, 0.09999999999999964, 0.10000000000000142
9719, 0.09999999999999964, 0.10000000000000142
9720, 0.09999999999999964, 0.10000000000000142
9721, 0.09999999999999964, 0.0
9722, 0.09999999999999964, 0.0
9723, 0.09999999999999964, 0.0
9724, 0.09999999999999964, 0.0
9725, 0.09999999999999964, 0.0
9726, 0.09999999999999964, 0.0
9727, 0.09999999999999964, 0.0
9728, 0.09999999999999964, 0.0
9729, 0.09999999999999964, 0.0
9730, 0.09999999999999964, 0.0
9731, 0.0, 0.0
9732, 0.0, 0.0
9733, 0.0, 0.10000000000000142
9734, 0.0, 0.10000000000000142
9735, 0.0, 0.10000000000000142
9736, 0.0, 0.10000000000000142
9737, 0.0, 0.10000000000000142
9738, 0.0, 0.10000000000000142
9739, 0.0, 0.10000000000000142
9740, 0.0, 0.0
9741, 0.0, 0.0
9742, 0.0, 0.0
9743, 0.0, 0.0
9744, 0.0, 0.0
9745, 0.0, 0.0
9746, 0.0, 0.0
9747, 0.0, 0.0
9748, 0.0, 0.0
9749, 0.0, 0.0
9750, 0.0, 0.0
9751, 0.0, 0.0
9752, 0.0, 0.0
9753, 0.0, 0.0
9754, 0.0, 0.0
9755, 0.0, 0.0
9756, 0.0, 0.0
9757, 0.0, 0.0
9758, 0.0, 0.10000000000000142
9759, 0.0, 0.10000000000000142
9760, 0.0, 0.10000000000000142
9761, 0.0, 0.10000000000000142
9762, 0.0, 0.10000000000000142
9763, 0.0, 0.10000000000000142
9764, 0.0, 0.10000000000000142
9765, 0.0, 0.10000000000000142
9766, 0.0, 0.10000000000000142
9767, 0.0, 0.10000000000000142
9768, 0.0, 0.10000000000000142
9769, 0.0, 0.10000000000000142
9770, 0.09999999999999964, 0.10000000000000142
9771, 0.09999999999999964, 0.10000000000000142
9772, 0.09999999999999964, 0.0
9773, 0.09999999999999964, 0.0
9774, 0.09999999999999964, 0.0
9775, 0.09999999999999964, 0.0
9776, 0.09999999999999964, 0.0
9777, 0.09999999999999964, 0.0
9778, 0.09999999999999964, 0.0
9779, 0.09999999999999964, 0.0
9780, 0.09999999999999964, 0.0
9781, 0.09999999999999964, 0.0
9782, 0.09999999999999964, 0.0
9783, 0.09999999999999964, 0.0
9784, 0.09999999999999964, 0.0
9785, 0.09999999999999964, 0.0
9786, 0.09999999999999964, 0.0
9787, 0.09999999999999964, 0.0
9788, 0.09999999999999964, 0.0
9789, 0.09999999999999964, 0.0
9790, 0.09999999999999964, 0.0
9791, 0.09999999999999964, 0.0
9792, 0.09999999999999964, 0.0
9793, 0.09999999999999964, 0.0
9794, 0.09999999999999964, 0.0
9795, 0.09999999999999964, 0.0
9796, 0.09999999999999964, 0.0
9797, 0.09999999999999964, 0.0
9798, 0.0, 0.0
9799, 0.09999999999999964, 0.0
9800, 0.09999999999999964, 0.0
9801, 0.09999999999999964, 0.0
9802, 0.09999999999999964, 0.0
9803, 0.09999999999999964, 0.0
9804, 0.09999999999999964, 0.0
9805, 0.09999999999999964, 0.0
9806, 0.1999999999999993, 0.0
9807, 0.1999999999999993, 0.0
9808, 0.1999999999999993, 0.0
9809, 0.1999999999999993, 0.0
9810, 0.1999999999999993, 0.0
9811, 0.1999999999999993, 0.0
9812, 0.1999999999999993, 0.0
9813, 0.1999999999999993, 0.0
9814, 0.1999999999999993, 0.0
9815, 0.1999999999999993, 0.0
9816, 0.1999999999999993, 0.0
9817, 0.1999999999999993, 0.0
9818, 0.1999999999999993, 0.0
9819, 0.1999999999999993, 0.0
9820, 0.1999999999999993, 0.0
9821, 0.09999999999999964, 0.0
9822, 0.09999999999999964, 0.0
9823, 0.09999999999999964, 0.0
9824, 0.09999999999999964, 0.0
9825, 0.0, 0.0
9826, 0.0, 0.0
9827, 0.0, 0.0
9828, 0.0, 0.0
9829, 0.0, 0.0
9830, 0.0, 0.0
9831, 0.0, 0.0
9832, 0.0, 0.0
9833, 0.0, 0.0
9834, 0.0, 0.0
9835, 0.0, 0.0
9836, 0.0, 0.0
9837, 0.0, 0.0
9838, 0.0, 0.0
9839, 0.0, 0.0
9840, 0.0, 0.0
9841, 0.0, 0.0
9842, 0.0, 0.0
9843, 0.0, 0.0
9844, 0.0, 0.0
9845, 0.0, 0.0
9846, 0.0, 0.0
9847, 0.0, 0.0
9848, 0.0, 0.0
9849, 0.0, 0.0
9850, 0.0, 0.0
9851, 0.0, 0.0
9852, 0.0, 0.0
9853, 0.0, 0.0
9854, 0.0, 0.0
9855, 0.0, 0.0
9856, 0.0, 0.0
9857, 0.0, 0.0
9858, 0.0, 0.0
9859, 0.0, 0.0
9860, 0.0, 0.0
9861, 0.0, 0.10000000000000142
9862, 0.0, 0.10000000000000142
9863, 0.0, 0.10000000000000142
9864, 0.0, 0.10000000000000142
9865, 0.0, 0.10000000000000142
9866, 0.0, 0.10000000000000142
9867, 0.0, 0.10000000000000142
9868, 0.0, 0.10000000000000142
9869, 0.0, 0.10000000000000142
9870, 0.0, 0.10000000000000142
9871, 0.0, 0.10000000000000142
9872, 0.0, 0.10000000000000142
9873, 0.0, 0.10000000000000142
9874, 0.0, 0.10000000000000142
9875, 0.0, 0.10000000000000142
9876, 0.0, 0.10000000000000142
9877, 0.0, 0.10000000000000142
9878, 0.0, 0.10000000000000142
9879, 0.0, 0.10000000000000142
9880, 0.0, 0.10000000000000142
9881, 0.0, 0.10000000000000142
9882, 0.0, 0.10000000000000142
9883, 0.0, 0.10000000000000142
9884, 0.0, 0.0
9885, 0.0, 0.0
9886, 0.0, 0.0
9887, 0.0, 0.0
9888, 0.0, 0.0
9889, 0.0, 0.0
9890, 0.0, 0.0
9891, 0.0, 0.0
9892, 0.0, 0.0
9893, 0.0, 0.0
9894, 0.0, 0.0
9895, 0.0, 0.0
9896, 0.0, 0.0
9897, 0.0, 0.0
9898, 0.0, 0.0
9899, 0.0, 0.0
9900, 0.0, 0.0
9901, 0.0, 0.0
9902, 0.0, 0.0
9903, 0.0, 0.0
9904, 0.09999999999999964, 0.0
9905, 0.09999999999999964, 0.0
9906, 0.09999999999999964, 0.0
9907, 0.09999999999999964, 0.0
9908, 0.09999999999999964, 0.0
9909, 0.09999999999999964, 0.0
9910, 0.09999999999999964, 0.0
9911, 0.09999999999999964, 0.0
9912, 0.09999999999999964, 0.0
9913, 0.09999999999999964, 0.10000000000000142
9914, 0.09999999999999964, 0.10000000000000142
9915, 0.09999999999999964, 0.10000000000000142
9916, 0.09999999999999964, 0.10000000000000142
9917, 0.09999999999999964, 0.10000000000000142
9918, 0.09999999999999964, 0.10000000000000142
9919, 0.09999999999999964, 0.10000000000000142
9920, 0.09999999999999964, 0.10000000000000142
9921, 0.09999999999999964, 0.10000000000000142
9922, 0.09999999999999964, 0.10000000000000142
9923, 0.09999999999999964, 0.10000000000000142
9924, 0.09999999999999964, 0.10000000000000142
9925, 0.1999999999999993, 0.10000000000000142
9926, 0.1999999999999993, 0.0
9927, 0.1999999999999993, 0.0
9928, 0.1999999999999993, 0.0
9929, 0.1999999999999993, 0.0
9930, 0.1999999999999993, 0.0
9931, 0.1999999999999993, 0.0
9932, 0.1999999999999993, 0.0
9933, 0.1999999999999993, 0.0
9934, 0.1999999999999993, 0.0
9935, 0.1999999999999993, 0.0
9936, 0.1999999999999993, 0.0
9937, 0.1999999999999993, 0.0
9938, 0.1999999999999993, 0.0
9939, 0.1999999999999993, 0.0
9940, 0.1999999999999993, 0.0
9941, 0.1999999999999993, 0.10000000000000142
9942, 0.1999999999999993, 0.10000000000000142
9943, 0.1999999999999993, 0.10000000000000142
9944, 0.09999999999999964, 0.10000000000000142
9945, 0.09999999999999964, 0.10000000000000142
9946, 0.09999999999999964, 0.10000000000000142
9947, 0.09999999999999964, 0.10000000000000142
9948, 0.09999999999999964, 0.10000000000000142
9949, 0.09999999999999964, 0.10000000000000142
9950, 0.09999999999999964, 0.10000000000000142
9951, 0.1999999999999993, 0.10000000000000142
9952, 0.1999999999999993, 0.10000000000000142
9953, 0.1999999999999993, 0.10000000000000142
9954, 0.1999999999999993, 0.10000000000000142
9955, 0.1999999999999993, 0.10000000000000142
9956, 0.1999999999999993, 0.10000000000000142
9957, 0.1999999999999993, 0.10000000000000142
9958, 0.1999999999999993, 0.10000000000000142
9959, 0.1999999999999993, 0.10000000000000142
9960, 0.1999999999999993, 0.10000000000000142
9961, 0.1999999999999993, 0.10000000000000142
9962, 0.1999999999999993, 0.10000000000000142
9963, 0.09999999999999964, 0.0
9964, 0.09999999999999964, 0.0
9965, 0.09999999999999964, 0.0
9966, 0.09999999999999964, 0.0
9967, 0.09999999999999964, 0.0
9968, 0.09999999999999964, 0.0
9969, 0.09999999999999964, 0.0
9970, 0.09999999999999964, 0.0
9971, 0.09999999999999964, 0.0
9972, 0.09999999999999964, 0.0
9973, 0.09999999999999964, 0.0
9974, 0.09999999999999964, 0.0
9975, 0.09999999999999964, 0.0
9976, 0.09999999999999964, 0.0
9977, 0.09999999999999964, 0.0
9978, 0.09999999999999964, 0.0
9979, 0.09999999999999964, 0.0
9980, 0.09999999999999964, 0.0
9981, 0.09999999999999964, 0.0
9982, 0.09999999999999964, 0.0
9983, 0.09999999999999964, 0.0
9984, 0.09999999999999964, 0.0
9985, 0.09999999999999964, 0.0
9986, 0.09999999999999964, 0.0
9987, 0.09999999999999964, 0.0
9988, 0.09999999999999964, 0.0
9989, 0.09999999999999964, 0.0
9990, 0.09999999999999964, 0.0
9991, 0.09999999999999964, 0.0
9992, 0.09999999999999964, 0.0
9993, 0.09999999999999964, 0.0
9994, 0.09999999999999964, 0.0
9995, 0.09999999999999964, 0.0
9996, 0.09999999999999964, 0.10000000000000142
9997, 0.09999999999999964, 0.0
9998, 0.09999999999999964, 0.0
9999, 0.09999999999999964, 0.0
10000, 0.09999999999999964, 0.10000000000000142
10001, 0.09999999999999964, 0.10000000000000142
10002, 0.09999999999999964, 0.0
10003, 0.09999999999999964, 0.0
10004, 0.09999999999999964, 0.10000000000000142
10005, 0.09999999999999964, 0.10000000000000142
10006, 0.09999999999999964, 0.10000000000000142
10007, 0.09999999999999964, 0.20000000000000284
10008, 0.09999999999999964, 0.10000000000000142
10009, 0.09999999999999964, 0.20000000000000284
10010, 0.09999999999999964, 0.10000000000000142
10011, 0.09999999999999964, 0.20000000000000284
10012, 0.09999999999999964, 0.20000000000000284
10013, 0.09999999999999964, 0.3000000000000007
10014, 0.09999999999999964, 0.3000000000000007
10015, 0.09999999999999964, 0.40000000000000213
10016, 0.09999999999999964, 0.40000000000000213
10017, 0.09999999999999964, 0.40000000000000213
10018, 0.09999999999999964, 0.40000000000000213
10019, 0.09999999999999964, 0.40000000000000213
10020, 0.09999999999999964, 0.5
10021, 0.09999999999999964, 0.5
10022, 0.1999999999999993, 0.5
10023, 0.1999999999999993, 0.6000000000000014
10024, 0.1999999999999993, 0.6000000000000014
10025, 0.1999999999999993, 0.6000000000000014
10026, 0.1999999999999993, 0.7000000000000028
10027, 0.1999999999999993, 0.7000000000000028
10028, 0.1999999999999993, 0.7000000000000028
10029, 0.1999999999999993, 0.8000000000000007
10030, 0.1999999999999993, 0.8000000000000007
10031, 0.09999999999999964, 0.8000000000000007
10032, 0.09999999999999964, 0.9000000000000021
10033, 0.09999999999999964, 0.9000000000000021
10034, 0.09999999999999964, 0.9000000000000021
10035, 0.09999999999999964, 0.8000000000000007
10036, 0.09999999999999964, 0.9000000000000021
10037, 0.09999999999999964, 0.9000000000000021
10038, 0.09999999999999964, 1.0
10039, 0.09999999999999964, 1.0
10040, 0.09999999999999964, 0.9000000000000021
10041, 0.09999999999999964, 0.9000000000000021
10042, 0.09999999999999964, 0.9000000000000021
10043, 0.09999999999999964, 0.9000000000000021
10044, 0.09999999999999964, 0.9000000000000021
10045, 0.09999999999999964, 0.9000000000000021
10046, 0.09999999999999964, 0.9000000000000021
10047, 0.09999999999999964, 0.8000000000000007
10048, 0.09999999999999964, 0.8000000000000007
10049, 0.09999999999999964, 0.6000000000000014
10050, 0.09999999999999964, 0.7000000000000028
10051, 0.09999999999999964, 0.6000000000000014
10052, 0.09999999999999964, 0.5
10053, 0.0, 0.5
10054, 0.0, 0.5
10055, 0.0, 0.3000000000000007
10056, 0.0, 0.3000000000000007
10057, 0.0, 0.3000000000000007
10058, 0.0, 0.40000000000000213
10059, 0.0, 0.20000000000000284
10060, 0.0, 0.20000000000000284
10061, 0.0, 0.10000000000000142
10062, 0.0, 0.10000000000000142
10063, 0.0, 0.0
10064, 0.0, 0.0
10065, 0.0, 0.0
10066, 0.0, 0.0
10067, 0.0, -0.09999999999999787
10068, 0.0, -0.09999999999999787
10069, 0.0, 0.0
10070, 0.0, -0.09999999999999787
10071, 0.0, 0.0
10072, 0.0, -0.09999999999999787
10073, 0.0, 0.0
10074, 0.0, 0.0
10075, 0.0, 0.0
10076, 0.0, 0.0
10077, 0.0, 0.0
10078, 0.0, 0.10000000000000142
10079, 0.0, 0.10000000000000142
10080, 0.0, 0.10000000000000142
10081, 0.09999999999999964, 0.20000000000000284
10082, 0.09999999999999964, 0.20000000000000284
10083, 0.09999999999999964, 0.3000000000000007
10084, 0.09999999999999964, 0.3000000000000007
10085, 0.09999999999999964, 0.5
10086, 0.09999999999999964, 0.5
10087, 0.09999999999999964, 0.5
10088, 0.09999999999999964, 0.6000000000000014
10089, 0.09999999999999964, 0.6000000000000014
10090, 0.09999999999999964, 0.6000000000000014
10091, 0.09999999999999964, 0.7000000000000028
10092, 0.09999999999999964, 0.7000000000000028
10093, 0.1999999999999993, 0.8000000000000007
10094, 0.1999999999999993, 0.8000000000000007
10095, 0.1999999999999993, 0.7000000000000028
10096, 0.1999999999999993, 0.8000000000000007
10097, 0.1999999999999993, 0.8000000000000007
10098, 0.1999999999999993, 0.8000000000000007
10099, 0.1999999999999993, 0.9000000000000021
10100, 0.1999999999999993, 0.9000000000000021
10101, 0.1999999999999993, 0.9000000000000021
10102, 0.1999999999999993, 0.9000000000000021
10103, 0.1999999999999993, 0.8000000000000007
10104, 0.1999999999999993, 0.9000000000000021
10105, 0.1999999999999993, 0.8000000000000007
10106, 0.09999999999999964, 0.8000000000000007
10107, 0.09999999999999964, 0.8000000000000007
10108, 0.09999999999999964, 0.8000000000000007
10109, 0.09999999999999964, 0.8000000000000007
10110, 0.09999999999999964, 0.8000000000000007
10111, 0.09999999999999964, 0.8000000000000007
10112, 0.09999999999999964, 0.8000000000000007
10113, 0.09999999999999964, 0.8000000000000007
10114, 0.09999999999999964, 0.8000000000000007
10115, 0.09999999999999964, 0.8000000000000007
10116, 0.09999999999999964, 0.8000000000000007
10117, 0.09999999999999964, 0.7000000000000028
10118, 0.09999999999999964, 0.7000000000000028
10119, 0.09999999999999964, 0.7000000000000028
10120, 0.09999999999999964, 0.7000000000000028
10121, 0.09999999999999964, 0.7000000000000028
10122, 0.09999999999999964, 0.7000000000000028
10123, 0.09999999999999964, 0.6000000000000014
10124, 0.09999999999999964, 0.7000000000000028
10125, 0.09999999999999964, 0.6000000000000014
10126, 0.09999999999999964, 0.6000000000000014
10127, 0.09999999999999964, 0.7000000000000028
10128, 0.09999999999999964, 0.7000000000000028
10129, 0.09999999999999964, 0.7000000000000028
10130, 0.09999999999999964, 0.6000000000000014
10131, 0.09999999999999964, 0.7000000000000028
10132, 0.09999999999999964, 0.7000000000000028
10133, 0.09999999999999964, 0.7000000000000028
10134, 0.09999999999999964, 0.7000000000000028
10135, 0.09999999999999964, 0.7000000000000028
10136, 0.09999999999999964, 0.7000000000000028
10137, 0.09999999999999964, 0.8000000000000007
10138, 0.09999999999999964, 0.7000000000000028
10139, 0.09999999999999964, 0.8000000000000007
10140, 0.09999999999999964, 0.8000000000000007
10141, 0.09999999999999964, 0.8000000000000007
10142, 0.09999999999999964, 0.8000000000000007
10143, 0.09999999999999964, 0.8000000000000007
10144, 0.09999999999999964, 0.8000000000000007
10145, 0.09999999999999964, 0.8000000000000007
10146, 0.09999999999999964, 0.8000000000000007
10147, 0.09999999999999964, 0.8000000000000007
10148, 0.09999999999999964, 0.7000000000000028
10149, 0.09999999999999964, 0.7000000000000028
10150, 0.09999999999999964, 0.7000000000000028
10151, 0.09999999999999964, 0.7000000000000028
10152, 0.09999999999999964, 0.7000000000000028
10153, 0.09999999999999964, 0.7000000000000028
10154, 0.09999999999999964, 0.7000000000000028
10155, 0.09999999999999964, 0.8000000000000007
10156, 0.09999999999999964, 0.7000000000000028
10157, 0.09999999999999964, 0.7000000000000028
10158, 0.09999999999999964, 0.7000000000000028
10159, 0.09999999999999964, 0.7000000000000028
10160, 0.09999999999999964, 0.6000000000000014
10161, 0.09999999999999964, 0.6000000000000014
10162, 0.09999999999999964, 0.6000000000000014
10163, 0.09999999999999964, 0.6000000000000014
10164, 0.09999999999999964, 0.5
10165, 0.0, 0.5
10166, 0.0, 0.5
10167, 0.0, 0.5
10168, 0.0, 0.5
10169, 0.0, 0.40000000000000213
10170, 0.0, 0.40000000000000213
10171, 0.0, 0.5
10172, 0.0, 0.5
10173, 0.0, 0.40000000000000213
10174, 0.0, 0.40000000000000213
10175, 0.0, 0.5
10176, 0.0, 0.5
10177, 0.0, 0.40000000000000213
10178, 0.0, 0.5
10179, 0.09999999999999964, 0.5
10180, 0.09999999999999964, 0.6000000000000014
10181, 0.09999999999999964, 0.6000000000000014
10182, 0.09999999999999964, 0.6000000000000014
10183, 0.09999999999999964, 0.6000000000000014
10184, 0.09999999999999964, 0.6000000000000014
10185, 0.09999999999999964, 0.7000000000000028
10186, 0.09999999999999964, 0.6000000000000014
10187, 0.09999999999999964, 0.7000000000000028
10188, 0.09999999999999964, 0.7000000000000028
10189, 0.0, 0.7000000000000028
10190, 0.0, 0.7000000000000028
10191, 0.0, 0.7000000000000028
10192, 0.0, 0.7000000000000028
10193, 0.0, 0.8000000000000007
10194, 0.0, 0.9000000000000021
10195, 0.0, 0.8000000000000007
10196, 0.0, 0.8000000000000007
10197, 0.0, 0.7000000000000028
10198, 0.0, 0.8000000000000007
10199, 0.0, 0.8000000000000007
10200, 0.0, 0.8000000000000007
10201, 0.0, 0.8000000000000007
10202, 0.0, 0.7000000000000028
10203, 0.0, 0.8000000000000007
10204, 0.0, 0.8000000000000007
10205, 0.0, 0.8000000000000007
10206, 0.0, 0.7000000000000028
10207, 0.0, 0.8000000000000007
10208, 0.0, 0.7000000000000028
10209, 0.0, 0.6000000000000014
10210, 0.0, 0.7000000000000028
10211, 0.0, 0.6000000000000014
10212, 0.0, 0.6000000000000014
10213, 0.0, 0.6000000000000014
10214, 0.0, 0.5
10215, 0.0, 0.40000000000000213
10216, 0.0, 0.40000000000000213
10217, 0.0, 0.40000000000000213
10218, 0.0, 0.40000000000000213
10219, 0.0, 0.40000000000000213
10220, 0.0, 0.3000000000000007
10221, 0.0, 0.3000000000000007
10222, 0.0, 0.3000000000000007
10223, 0.0, 0.3000000000000007
10224, 0.0, 0.20000000000000284
10225, 0.0, 0.20000000000000284
10226, 0.0, 0.20000000000000284
10227, 0.0, 0.20000000000000284
10228, 0.0, 0.10000000000000142
10229, 0.0, 0.10000000000000142
10230, 0.0, 0.0
10231, 0.0, -0.09999999999999787
10232, 0.0, -0.09999999999999787
10233, 0.0, -0.09999999999999787
10234, 0.0, -0.1999999999999993
10235, 0.0, -0.29999999999999716
10236, 0.0, -0.3999999999999986
10237, 0.09999999999999964, -0.5
10238, 0.09999999999999964, -0.5999999999999979
10239, 0.0, -0.6999999999999993
10240, 0.0, -0.6999999999999993
10241, 0.0, -0.7999999999999972
10242, 0.0, -0.8999999999999986
10243, 0.0, -0.8999999999999986
10244, 0.0, -1.0
10245, 0.0, -1.0999999999999979
10246, 0.0, -1.1999999999999993
10247, 0.0, -1.2999999999999972
10248, 0.0, -1.3999999999999986
10249, 0.0, -1.5999999999999979
10250, 0.0, -1.6999999999999993
10251, 0.0, -1.8999999999999986
10252, 0.0, -2.099999999999998
10253, 0.0, -2.099999999999998
10254, 0.0, -2.1999999999999993
10255, 0.0, -2.1999999999999993
10256, 0.0, -2.3999999999999986
10257, 0.0, -2.5
10258, 0.0, -2.6999999999999993
10259, 0.0, -2.6999999999999993
10260, 0.0, -2.8999999999999986
10261, 0.0, -3.0
10262, 0.0, -3.299999999999997
10263, 0.0, -3.299999999999997
10264, 0.0, -3.3999999999999986
10265, 0.0, -3.5
10266, 0.0, -3.599999999999998
10267, 0.0, -3.599999999999998
10268, 0.09999999999999964, -3.6999999999999993
10269, 0.09999999999999964, -3.6999999999999993
10270, 0.09999999999999964, -3.799999999999997
10271, 0.09999999999999964, -3.8999999999999986
10272, 0.09999999999999964, -3.8999999999999986
10273, 0.09999999999999964, -3.8999999999999986
10274, 0.09999999999999964, -3.8999999999999986
10275, 0.09999999999999964, -4.0
10276, 0.09999999999999964, -3.8999999999999986
10277, 0.09999999999999964, -3.8999999999999986
10278, 0.09999999999999964, -3.8999999999999986
10279, 0.09999999999999964, -3.8999999999999986
10280, 0.09999999999999964, -3.8999999999999986
10281, 0.09999999999999964, -3.799999999999997
10282, 0.09999999999999964, -3.799999999999997
10283, 0.09999999999999964, -3.6999999999999993
10284, 0.09999999999999964, -3.599999999999998
10285, 0.09999999999999964, -3.5
10286, 0.09999999999999964, -3.3999999999999986
10287, 0.09999999999999964, -3.299999999999997
10288, 0.09999999999999964, -3.099999999999998
10289, 0.09999999999999964, -3.0
10290, 0.09999999999999964, -3.0
10291, 0.09999999999999964, -2.799999999999997
10292, 0.09999999999999964, -2.6999999999999993
10293, 0.09999999999999964, -2.599999999999998
10294, 0.09999999999999964, -2.299999999999997
10295, 0.09999999999999964, -2.1999999999999993
10296, 0.1999999999999993, -2.0
10297, 0.1999999999999993, -2.0
10298, 0.1999999999999993, -1.7999999999999972
10299, 0.1999999999999993, -1.5999999999999979
10300, 0.1999999999999993, -1.5
10301, 0.1999999999999993, -1.1999999999999993
10302, 0.09999999999999964, -1.0999999999999979
10303, 0.09999999999999964, -0.8999999999999986
10304, 0.09999999999999964, -0.8999999999999986
10305, 0.09999999999999964, -0.5999999999999979
10306, 0.09999999999999964, -0.5
10307, 0.09999999999999964, -0.29999999999999716
10308, 0.09999999999999964, -0.1999999999999993
10309, 0.09999999999999964, 0.0
10310, 0.09999999999999964, 0.0
10311, 0.0, 0.20000000000000284
10312, 0.0, 0.3000000000000007
10313, 0.0, 0.40000000000000213
10314, 0.0, 0.6000000000000014
10315, 0.0, 0.6000000000000014
10316, 0.0, 0.7000000000000028
10317, 0.0, 0.9000000000000021
10318, 0.0, 0.9000000000000021
10319, 0.0, 1.0
10320, 0.0, 1.1000000000000014
10321, 0.0, 1.2000000000000028
10322, 0.0, 1.3000000000000007
10323, 0.0, 1.3000000000000007
10324, 0.0, 1.4000000000000021
10325, 0.0, 1.4000000000000021
10326, 0.0, 1.4000000000000021
10327, 0.0, 1.4000000000000021
10328, 0.0, 1.4000000000000021
10329, 0.0, 1.5
10330, 0.0, 1.5
10331, 0.0, 1.5
10332, 0.0, 1.5
10333, 0.09999999999999964, 1.4000000000000021
10334, 0.09999999999999964, 1.4000000000000021
10335, 0.09999999999999964, 1.5
10336, 0.09999999999999964, 1.4000000000000021
10337, 0.09999999999999964, 1.4000000000000021
10338, 0.09999999999999964, 1.4000000000000021
10339, 0.09999999999999964, 1.4000000000000021
10340, 0.09999999999999964, 1.2000000000000028
10341, 0.09999999999999964, 1.2000000000000028
10342, 0.09999999999999964, 1.1000000000000014
10343, 0.09999999999999964, 1.1000000000000014
10344, 0.09999999999999964, 1.0
10345, 0.09999999999999964, 1.0
10346, 0.09999999999999964, 0.8000000000000007
10347, 0.09999999999999964, 0.8000000000000007
10348, 0.09999999999999964, 0.7000000000000028
10349, 0.09999999999999964, 0.7000000000000028
10350, 0.09999999999999964, 0.6000000000000014
10351, 0.09999999999999964, 0.5
10352, 0.09999999999999964, 0.5
10353, 0.09999999999999964, 0.40000000000000213
10354, 0.09999999999999964, 0.3000000000000007
10355, 0.09999999999999964, 0.40000000000000213
10356, 0.09999999999999964, 0.3000000000000007
10357, 0.09999999999999964, 0.20000000000000284
10358, 0.09999999999999964, 0.10000000000000142
10359, 0.09999999999999964, 0.0
10360, 0.09999999999999964, 0.0
10361, 0.09999999999999964, 0.0
10362, 0.09999999999999964, -0.1999999999999993
10363, 0.09999999999999964, -0.1999999999999993
10364, 0.09999999999999964, -0.1999999999999993
10365, 0.09999999999999964, -0.29999999999999716
10366, 0.09999999999999964, -0.3999999999999986
10367, 0.09999999999999964, -0.3999999999999986
10368, 0.09999999999999964, -0.3999999999999986
10369, 0.09999999999999964, -0.5
10370, 0.09999999999999964, -0.5999999999999979
10371, 0.09999999999999964, -0.5999999999999979
10372, 0.09999999999999964, -0.5999999999999979
10373, 0.09999999999999964, -0.5999999999999979
10374, 0.09999999999999964, -0.5999999999999979
10375, 0.09999999999999964, -0.5999999999999979
10376, 0.09999999999999964, -0.6999999999999993
10377, 0.09999999999999964, -0.6999999999999993
10378, 0.09999999999999964, -0.6999999999999993
10379, 0.09999999999999964, -0.6999999999999993
10380, 0.09999999999999964, -0.6999999999999993
10381, 0.09999999999999964, -0.6999999999999993
10382, 0.09999999999999964, -0.6999999999999993
10383, 0.09999999999999964, -0.6999999999999993
10384, 0.09999999999999964, -0.6999999999999993
10385, 0.09999999999999964, -0.6999999999999993
10386, 0.09999999999999964, -0.6999999999999993
10387, 0.09999999999999964, -0.5999999999999979
10388, 0.09999999999999964, -0.5999999999999979
10389, 0.09999999999999964, -0.5999999999999979
10390, 0.09999999999999964, -0.6999999999999993
10391, 0.09999999999999964, -0.5999999999999979
10392, 0.09999999999999964, -0.5999999999999979
10393, 0.09999999999999964, -0.5
10394, 0.09999999999999964, -0.5
10395, 0.09999999999999964, -0.5
10396, 0.09999999999999964, -0.3999999999999986
10397, 0.09999999999999964, -0.3999999999999986
10398, 0.09999999999999964, -0.29999999999999716
10399, 0.09999999999999964, -0.29999999999999716
10400, 0.09999999999999964, -0.1999999999999993
10401, 0.09999999999999964, -0.1999999999999993
10402, 0.09999999999999964, -0.1999999999999993
10403, 0.09999999999999964, -0.1999999999999993
10404, 0.09999999999999964, -0.09999999999999787
10405, 0.09999999999999964, 0.0
10406, 0.09999999999999964, 0.10000000000000142
10407, 0.09999999999999964, 0.10000000000000142
10408, 0.09999999999999964, 0.10000000000000142
10409, 0.09999999999999964, 0.20000000000000284
10410, 0.09999999999999964, 0.3000000000000007
10411, 0.09999999999999964, 0.20000000000000284
10412, 0.09999999999999964, 0.3000000000000007
10413, 0.09999999999999964, 0.3000000000000007
10414, 0.09999999999999964, 0.40000000000000213
10415, 0.09999999999999964, 0.3000000000000007
10416, 0.09999999999999964, 0.3000000000000007
10417, 0.09999999999999964, 0.40000000000000213
10418, 0.09999999999999964, 0.40000000000000213
10419, 0.09999999999999964, 0.40000000000000213
10420, 0.09999999999999964, 0.40000000000000213
10421, 0.09999999999999964, 0.40000000000000213
10422, 0.09999999999999964, 0.5
10423, 0.09999999999999964, 0.5
10424, 0.09999999999999964, 0.40000000000000213
10425, 0.09999999999999964, 0.40000000000000213
10426, 0.09999999999999964, 0.5
10427, 0.09999999999999964, 0.40000000000000213
10428, 0.09999999999999964, 0.5
10429, 0.09999999999999964, 0.40000000000000213
10430, 0.09999999999999964, 0.40000000000000213
10431, 0.09999999999999964, 0.5
10432, 0.09999999999999964, 0.40000000000000213
10433, 0.09999999999999964, 0.5
10434, 0.09999999999999964, 0.3000000000000007
10435, 0.09999999999999964, 0.3000000000000007
10436, 0.09999999999999964, 0.40000000000000213
10437, 0.09999999999999964, 0.3000000000000007
10438, 0.09999999999999964, 0.40000000000000213
10439, 0.09999999999999964, 0.3000000000000007
10440, 0.1999999999999993, 0.3000000000000007
10441, 0.1999999999999993, 0.3000000000000007
10442, 0.1999999999999993, 0.40000000000000213
10443, 0.1999999999999993, 0.3000000000000007
10444, 0.1999999999999993, 0.3000000000000007
10445, 0.1999999999999993, 0.3000000000000007
10446, 0.1999999999999993, 0.3000000000000007
10447, 0.1999999999999993, 0.3000000000000007
10448, 0.1999999999999993, 0.3000000000000007
10449, 0.09999999999999964, 0.3000000000000007
10450, 0.09999999999999964, 0.3000000000000007
10451, 0.09999999999999964, 0.3000000000000007
10452, 0.09999999999999964, 0.20000000000000284
10453, 0.09999999999999964, 0.3000000000000007
10454, 0.09999999999999964, 0.3000000000000007
10455, 0.09999999999999964, 0.20000000000000284
10456, 0.09999999999999964, 0.20000000000000284
10457, 0.09999999999999964, 0.3000000000000007
10458, 0.09999999999999964, 0.3000000000000007
10459, 0.09999999999999964, 0.3000000000000007
10460, 0.09999999999999964, 0.3000000000000007
10461, 0.09999999999999964, 0.3000000000000007
10462, 0.1999999999999993, 0.3000000000000007
10463, 0.1999999999999993, 0.3000000000000007
10464, 0.1999999999999993, 0.3000000000000007
10465, 0.1999999999999993, 0.3000000000000007
10466, 0.1999999999999993, 0.3000000000000007
10467, 0.09999999999999964, 0.3000000000000007
10468, 0.09999999999999964, 0.3000000000000007
10469, 0.09999999999999964, 0.3000000000000007
10470, 0.09999999999999964, 0.40000000000000213
10471, 0.09999999999999964, 0.40000000000000213
10472, 0.09999999999999964, 0.40000000000000213
10473, 0.09999999999999964, 0.40000000000000213
10474, 0.09999999999999964, 0.40000000000000213
10475, 0.09999999999999964, 0.40000000000000213
10476, 0.09999999999999964, 0.40000000000000213
10477, 0.09999999999999964, 0.40000000000000213
10478, 0.09999999999999964, 0.40000000000000213
10479, 0.09999999999999964, 0.40000000000000213
10480, 0.09999999999999964, 0.40000000000000213
10481, 0.09999999999999964, 0.40000000000000213
10482, 0.09999999999999964, 0.40000000000000213
10483, 0.09999999999999964, 0.40000000000000213
10484, 0.09999999999999964, 0.40000000000000213
10485, 0.09999999999999964, 0.5
10486, 0.09999999999999964, 0.5
10487, 0.09999999999999964, 0.5
10488, 0.09999999999999964, 0.5
10489, 0.09999999999999964, 0.5
10490, 0.09999999999999964, 0.6000000000000014
10491, 0.09999999999999964, 0.6000000000000014
10492, 0.09999999999999964, 0.6000000000000014
10493, 0.09999999999999964, 0.6000000000000014
10494, 0.09999999999999964, 0.6000000000000014
10495, 0.09999999999999964, 0.6000000000000014
10496, 0.09999999999999964, 0.6000000000000014
10497, 0.09999999999999964, 0.7000000000000028
10498, 0.09999999999999964, 0.6000000000000014
10499, 0.09999999999999964, 0.7000000000000028
10500, 0.09999999999999964, 0.7000000000000028
10501, 0.09999999999999964, 0.7000000000000028
10502, 0.09999999999999964, 0.7000000000000028
10503, 0.09999999999999964, 0.6000000000000014
10504, 0.09999999999999964, 0.6000000000000014
10505, 0.09999999999999964, 0.7000000000000028
10506, 0.09999999999999964, 0.6000000000000014
10507, 0.09999999999999964, 0.6000000000000014
10508, 0.09999999999999964, 0.6000000000000014
10509, 0.09999999999999964, 0.6000000000000014
10510, 0.09999999999999964, 0.5
10511, 0.09999999999999964, 0.40000000000000213
10512, 0.09999999999999964, 0.5
10513, 0.09999999999999964, 0.40000000000000213
10514, 0.09999999999999964, 0.40000000000000213
10515, 0.09999999999999964, 0.3000000000000007
10516, 0.09999999999999964, 0.3000000000000007
10517, 0.09999999999999964, 0.20000000000000284
10518, 0.09999999999999964, 0.3000000000000007
10519, 0.09999999999999964, 0.20000000000000284
10520, 0.09999999999999964, 0.3000000000000007
10521, 0.09999999999999964, 0.20000000000000284
10522, 0.09999999999999964, 0.20000000000000284
10523, 0.09999999999999964, 0.10000000000000142
10524, 0.09999999999999964, 0.10000000000000142
10525, 0.09999999999999964, 0.20000000000000284
10526, 0.09999999999999964, 0.10000000000000142
10527, 0.09999999999999964, 0.10000000000000142
10528, 0.09999999999999964, 0.10000000000000142
10529, 0.09999999999999964, 0.0
10530, 0.09999999999999964, 0.10000000000000142
10531, 0.09999999999999964, 0.10000000000000142
10532, 0.09999999999999964, 0.10000000000000142
10533, 0.09999999999999964, 0.10000000000000142
10534, 0.09999999999999964, 0.20000000000000284
10535, 0.09999999999999964, 0.20000000000000284
10536, 0.09999999999999964, 0.20000000000000284
10537, 0.09999999999999964, 0.20000000000000284
10538, 0.09999999999999964, 0.20000000000000284
10539, 0.09999999999999964, 0.20000000000000284
10540, 0.09999999999999964, 0.3000000000000007
10541, 0.09999999999999964, 0.40000000000000213
10542, 0.09999999999999964, 0.40000000000000213
10543, 0.09999999999999964, 0.40000000000000213
10544, 0.09999999999999964, 0.40000000000000213
10545, 0.09999999999999964, 0.40000000000000213
10546, 0.09999999999999964, 0.40000000000000213
10547, 0.09999999999999964, 0.40000000000000213
10548, 0.09999999999999964, 0.40000000000000213
10549, 0.09999999999999964, 0.5
10550, 0.09999999999999964, 0.5
10551, 0.09999999999999964, 0.5
10552, 0.09999999999999964, 0.6000000000000014
10553, 0.09999999999999964, 0.6000000000000014
10554, 0.09999999999999964, 0.6000000000000014
10555, 0.09999999999999964, 0.7000000000000028
10556, 0.09999999999999964, 0.7000000000000028
10557, 0.09999999999999964, 0.7000000000000028
10558, 0.09999999999999964, 0.7000000000000028
10559, 0.09999999999999964, 0.7000000000000028
10560, 0.09999999999999964, 0.8000000000000007
10561, 0.09999999999999964, 0.8000000000000007
10562, 0.09999999999999964, 0.8000000000000007
10563, 0.09999999999999964, 0.8000000000000007
10564, 0.09999999999999964, 0.8000000000000007
10565, 0.09999999999999964, 0.8000000000000007
10566, 0.09999999999999964, 0.8000000000000007
10567, 0.09999999999999964, 0.8000000000000007
10568, 0.09999999999999964, 0.8000000000000007
10569, 0.09999999999999964, 0.8000000000000007
10570, 0.09999999999999964, 0.7000000000000028
10571, 0.09999999999999964, 0.8000000000000007
10572, 0.09999999999999964, 0.9000000000000021
10573, 0.09999999999999964, 0.9000000000000021
10574, 0.09999999999999964, 0.8000000000000007
10575, 0.09999999999999964, 0.8000000000000007
10576, 0.09999999999999964, 0.7000000000000028
10577, 0.09999999999999964, 0.9000000000000021
10578, 0.09999999999999964, 0.9000000000000021
10579, 0.09999999999999964, 0.8000000000000007
10580, 0.09999999999999964, 0.8000000000000007
10581, 0.09999999999999964, 0.8000000000000007
10582, 0.09999999999999964, 0.8000000000000007
10583, 0.09999999999999964, 0.7000000000000028
10584, 0.09999999999999964, 0.9000000000000021
10585, 0.09999999999999964, 0.8000000000000007
10586, 0.09999999999999964, 0.8000000000000007
10587, 0.09999999999999964, 0.8000000000000007
10588, 0.09999999999999964, 0.8000000000000007
10589, 0.09999999999999964, 0.8000000000000007
10590, 0.09999999999999964, 0.7000000000000028
10591, 0.09999999999999964, 0.7000000000000028
10592, 0.09999999999999964, 0.7000000000000028
10593, 0.09999999999999964, 0.6000000000000014
10594, 0.09999999999999964, 0.6000000000000014
10595, 0.09999999999999964, 0.5
10596, 0.09999999999999964, 0.6000000000000014
10597, 0.09999999999999964, 0.5
10598, 0.09999999999999964, 0.5
10599, 0.09999999999999964, 0.40000000000000213
10600, 0.09999999999999964, 0.5
10601, 0.09999999999999964, 0.3000000000000007
10602, 0.09999999999999964, 0.40000000000000213
10603, 0.09999999999999964, 0.3000000000000007
10604, 0.09999999999999964, 0.20000000000000284
10605, 0.09999999999999964, 0.10000000000000142
10606, 0.09999999999999964, 0.10000000000000142
10607, 0.09999999999999964, 0.10000000000000142
10608, 0.09999999999999964, 0.0
10609, 0.09999999999999964, 0.0
10610, 0.09999999999999964, 0.0
10611, 0.09999999999999964, 0.0
10612, 0.09999999999999964, -0.1999999999999993
10613, 0.09999999999999964, -0.29999999999999716
10614, 0.09999999999999964, -0.1999999999999993
10615, 0.09999999999999964, -0.29999999999999716
10616, 0.09999999999999964, -0.29999999999999716
10617, 0.09999999999999964, -0.29999999999999716
10618, 0.09999999999999964, -0.3999999999999986
10619, 0.09999999999999964, -0.3999999999999986
10620, 0.09999999999999964, -0.5
10621, 0.09999999999999964, -0.5
10622, 0.09999999999999964, -0.5999999999999979
10623, 0.09999999999999964, -0.5
10624, 0.09999999999999964, -0.5999999999999979
10625, 0.09999999999999964, -0.5
10626, 0.09999999999999964, -0.5
10627, 0.09999999999999964, -0.5999999999999979
10628, 0.09999999999999964, -0.5
10629, 0.09999999999999964, -0.5999999999999979
10630, 0.09999999999999964, -0.5
10631, 0.09999999999999964, -0.5999999999999979
10632, 0.09999999999999964, -0.5999999999999979
10633, 0.09999999999999964, -0.5999999999999979
10634, 0.09999999999999964, -0.5999999999999979
10635, 0.09999999999999964, -0.6999999999999993
10636, 0.09999999999999964, -0.5999999999999979
10637, 0.09999999999999964, -0.6999999999999993
10638, 0.1999999999999993, -0.6999999999999993
10639, 0.1999999999999993, -0.5999999999999979
10640, 0.1999999999999993, -0.5999999999999979
10641, 0.1999999999999993, -0.6999999999999993
10642, 0.1999999999999993, -0.5999999999999979
10643, 0.1999999999999993, -0.6999999999999993
10644, 0.1999999999999993, -0.5999999999999979
10645, 0.1999999999999993, -0.6999999999999993
10646, 0.1999999999999993, -0.6999999999999993
10647, 0.1999999999999993, -0.5999999999999979
10648, 0.1999999999999993, -0.6999999999999993
10649, 0.1999999999999993, -0.5999999999999979
10650, 0.1999999999999993, -0.6999999999999993
10651, 0.1999999999999993, -0.6999999999999993
10652, 0.1999999999999993, -0.6999999999999993
10653, 0.1999999999999993, -0.5999999999999979
10654, 0.1999999999999993, -0.5999999999999979
10655, 0.1999999999999993, -0.5999999999999979
10656, 0.1999999999999993, -0.5999999999999979
10657, 0.1999999999999993, -0.5
10658, 0.1999999999999993, -0.5
10659, 0.09999999999999964, -0.5999999999999979
10660, 0.09999999999999964, -0.5
10661, 0.1999999999999993, -0.3999999999999986
10662, 0.1999999999999993, -0.3999999999999986
10663, 0.1999999999999993, -0.3999999999999986
10664, 0.1999999999999993, -0.3999999999999986
10665, 0.1999999999999993, -0.29999999999999716
10666, 0.1999999999999993, -0.1999999999999993
10667, 0.1999999999999993, -0.1999999999999993
10668, 0.1999999999999993, -0.1999999999999993
10669, 0.1999999999999993, -0.1999999999999993
10670, 0.1999999999999993, -0.1999999999999993
10671, 0.09999999999999964, -0.09999999999999787
10672, 0.09999999999999964, -0.09999999999999787
10673, 0.09999999999999964, 0.0
10674, 0.09999999999999964, 0.0
10675, 0.09999999999999964, 0.0
10676, 0.09999999999999964, 0.10000000000000142
10677, 0.09999999999999964, 0.0
10678, 0.09999999999999964, 0.0
10679, 0.09999999999999964, 0.10000000000000142
10680, 0.09999999999999964, 0.0
10681, 0.09999999999999964, 0.0
10682, 0.09999999999999964, 0.0
10683, 0.09999999999999964, 0.0
10684, 0.09999999999999964, 0.0
10685, 0.09999999999999964, 0.10000000000000142
10686, 0.09999999999999964, 0.10000000000000142
10687, 0.09999999999999964, 0.0
10688, 0.09999999999999964, -0.09999999999999787
10689, 0.09999999999999964, -0.09999999999999787
10690, 0.09999999999999964, 0.0
10691, 0.09999999999999964, 0.0
10692, 0.09999999999999964, 0.0
10693, 0.09999999999999964, 0.0
10694, 0.09999999999999964, 0.10000000000000142
10695, 0.09999999999999964, 0.10000000000000142
10696, 0.09999999999999964, 0.0
10697, 0.09999999999999964, 0.10000000000000142
10698, 0.09999999999999964, 0.10000000000000142
10699, 0.09999999999999964, 0.0
10700, 0.09999999999999964, 0.0
10701, 0.09999999999999964, 0.10000000000000142
10702, 0.09999999999999964, 0.0
10703, 0.09999999999999964, 0.10000000000000142
10704, 0.09999999999999964, 0.10000000000000142
10705, 0.09999999999999964, 0.10000000000000142
10706, 0.09999999999999964, 0.20000000000000284
10707, 0.09999999999999964, 0.10000000000000142
10708, 0.09999999999999964, 0.20000000000000284
10709, 0.09999999999999964, 0.20000000000000284
10710, 0.09999999999999964, 0.20000000000000284
10711, 0.09999999999999964, 0.3000000000000007
10712, 0.09999999999999964, 0.3000000000000007
10713, 0.09999999999999964, 0.3000000000000007
10714, 0.09999999999999964, 0.40000000000000213
10715, 0.09999999999999964, 0.40000000000000213
10716, 0.09999999999999964, 0.40000000000000213
10717, 0.09999999999999964, 0.5
10718, 0.09999999999999964, 0.5
10719, 0.09999999999999964, 0.5
10720, 0.09999999999999964, 0.5
10721, 0.09999999999999964, 0.6000000000000014
10722, 0.0, 0.6000000000000014
10723, 0.0, 0.6000000000000014
10724, 0.0, 0.7000000000000028
10725, 0.0, 0.7000000000000028
10726, 0.0, 0.7000000000000028
10727, 0.0, 0.7000000000000028
10728, 0.0, 0.7000000000000028
10729, 0.0, 0.7000000000000028
10730, 0.0, 0.7000000000000028
10731, 0.0, 0.7000000000000028
10732, 0.0, 0.7000000000000028
10733, 0.0, 0.7000000000000028
10734, 0.0, 0.7000000000000028
10735, 0.0, 0.8000000000000007
10736, 0.0, 0.7000000000000028
10737, 0.0, 0.8000000000000007
10738, 0.0, 0.9000000000000021
10739, 0.09999999999999964, 0.8000000000000007
10740, 0.09999999999999964, 0.9000000000000021
10741, 0.09999999999999964, 1.1000000000000014
10742, 0.09999999999999964, 1.0
10743, 0.09999999999999964, 1.1000000000000014
10744, 0.09999999999999964, 1.0
10745, 0.09999999999999964, 1.1000000000000014
10746, 0.09999999999999964, 1.2000000000000028
10747, 0.09999999999999964, 1.2000000000000028
10748, 0.09999999999999964, 1.3000000000000007
10749, 0.09999999999999964, 1.3000000000000007
10750, 0.09999999999999964, 1.3000000000000007
10751, 0.09999999999999964, 1.4000000000000021
10752, 0.09999999999999964, 1.4000000000000021
10753, 0.09999999999999964, 1.4000000000000021
10754, 0.09999999999999964, 1.5
10755, 0.09999999999999964, 1.4000000000000021
10756, 0.09999999999999964, 1.4000000000000021
10757, 0.09999999999999964, 1.4000000000000021
10758, 0.09999999999999964, 1.4000000000000021
10759, 0.09999999999999964, 1.5
10760, 0.09999999999999964, 1.4000000000000021
10761, 0.09999999999999964, 1.5
10762, 0.09999999999999964, 1.4000000000000021
10763, 0.09999999999999964, 1.4000000000000021
10764, 0.09999999999999964, 1.5
10765, 0.09999999999999964, 1.5
10766, 0.09999999999999964, 1.4000000000000021
10767, 0.09999999999999964, 1.4000000000000021
10768, 0.09999999999999964, 1.4000000000000021
10769, 0.09999999999999964, 1.4000000000000021
10770, 0.09999999999999964, 1.3000000000000007
10771, 0.09999999999999964, 1.4000000000000021
10772, 0.09999999999999964, 1.4000000000000021
10773, 0.09999999999999964, 1.4000000000000021
10774, 0.09999999999999964, 1.4000000000000021
10775, 0.09999999999999964, 1.3000000000000007
10776, 0.09999999999999964, 1.3000000000000007
10777, 0.09999999999999964, 1.2000000000000028
10778, 0.09999999999999964, 1.1000000000000014
10779, 0.09999999999999964, 1.1000000000000014
10780, 0.09999999999999964, 1.2000000000000028
10781, 0.09999999999999964, 1.2000000000000028
10782, 0.09999999999999964, 1.2000000000000028
10783, 0.09999999999999964, 1.1000000000000014
10784, 0.09999999999999964, 1.1000000000000014
10785, 0.0, 1.1000000000000014
10786, 0.0, 1.1000000000000014
10787, 0.0, 1.1000000000000014
10788, 0.0, 1.1000000000000014
10789, 0.0, 1.1000000000000014
10790, 0.0, 0.9000000000000021
10791, 0.0, 1.0
10792, 0.0, 0.9000000000000021
10793, 0.0, 1.0
10794, 0.0, 0.9000000000000021
10795, 0.0, 1.0
10796, 0.09999999999999964, 1.0
10797, 0.09999999999999964, 0.8000000000000007
10798, 0.09999999999999964, 0.9000000000000021
10799, 0.09999999999999964, 0.9000000000000021
10800, 0.09999999999999964, 0.8000000000000007
10801, 0.09999999999999964, 0.8000000000000007
10802, 0.09999999999999964, 0.8000000000000007
10803, 0.09999999999999964, 0.8000000000000007
10804, 0.09999999999999964, 0.7000000000000028
10805, 0.09999999999999964, 0.7000000000000028
10806, 0.09999999999999964, 0.6000000000000014
10807, 0.09999999999999964, 0.7000000000000028
10808, 0.09999999999999964, 0.7000000000000028
10809, 0.09999999999999964, 0.6000000000000014
10810, 0.09999999999999964, 0.5
10811, 0.09999999999999964, 0.40000000000000213
10812, 0.09999999999999964, 0.5
10813, 0.09999999999999964, 0.40000000000000213
10814, 0.09999999999999964, 0.3000000000000007
10815, 0.09999999999999964, 0.40000000000000213
10816, 0.09999999999999964, 0.3000000000000007
10817, 0.09999999999999964, 0.40000000000000213
10818, 0.09999999999999964, 0.20000000000000284
10819, 0.09999999999999964, 0.3000000000000007
10820, 0.09999999999999964, 0.20000000000000284
10821, 0.09999999999999964, 0.3000000000000007
10822, 0.09999999999999964, 0.20000000000000284
10823, 0.09999999999999964, 0.10000000000000142
10824, 0.09999999999999964, 0.10000000000000142
10825, 0.09999999999999964, 0.10000000000000142
10826, 0.09999999999999964, 0.0
10827, 0.09999999999999964, 0.0
10828, 0.09999999999999964, 0.0
10829, 0.09999999999999964, 0.0
10830, 0.09999999999999964, 0.0
10831, 0.09999999999999964, -0.09999999999999787
10832, 0.09999999999999964, -0.09999999999999787
10833, 0.09999999999999964, -0.1999999999999993
10834, 0.09999999999999964, 0.0
10835, 0.09999999999999964, -0.09999999999999787
10836, 0.1999999999999993, -0.1999999999999993
10837, 0.1999999999999993, -0.1999999999999993
10838, 0.1999999999999993, -0.1999999999999993
10839, 0.1999999999999993, -0.1999999999999993
10840, 0.1999999999999993, -0.1999999999999993
10841, 0.09999999999999964, -0.1999999999999993
10842, 0.09999999999999964, -0.1999999999999993
10843, 0.09999999999999964, -0.09999999999999787
10844, 0.09999999999999964, -0.1999999999999993
10845, 0.09999999999999964, -0.1999999999999993
10846, 0.09999999999999964, -0.1999999999999993
10847, 0.09999999999999964, -0.1999999999999993
10848, 0.09999999999999964, -0.09999999999999787
10849, 0.09999999999999964, -0.09999999999999787
10850, 0.09999999999999964, -0.09999999999999787
10851, 0.09999999999999964, -0.09999999999999787
10852, 0.09999999999999964, -0.09999999999999787
10853, 0.09999999999999964, -0.09999999999999787
10854, 0.09999999999999964, -0.09999999999999787
10855, 0.09999999999999964, 0.0
10856, 0.09999999999999964, 0.0
10857, 0.09999999999999964, -0.09999999999999787
10858, 0.09999999999999964, 0.0
10859, 0.09999999999999964, 0.0
10860, 0.09999999999999964, 0.0
10861, 0.09999999999999964, 0.10000000000000142
10862, 0.09999999999999964, 0.0
10863, 0.09999999999999964, 0.10000000000000142
10864, 0.09999999999999964, 0.20000000000000284
10865, 0.09999999999999964, 0.20000000000000284
10866, 0.09999999999999964, 0.3000000000000007
10867, 0.09999999999999964, 0.3000000000000007
10868, 0.09999999999999964, 0.40000000000000213
10869, 0.09999999999999964, 0.40000000000000213
10870, 0.09999999999999964, 0.40000000000000213
10871, 0.09999999999999964, 0.5
10872, 0.09999999999999964, 0.5
10873, 0.09999999999999964, 0.6000000000000014
10874, 0.09999999999999964, 0.5
10875, 0.09999999999999964, 0.6000000000000014
10876, 0.09999999999999964, 0.7000000000000028
10877, 0.09999999999999964, 0.8000000000000007
10878, 0.09999999999999964, 0.7000000000000028
10879, 0.09999999999999964, 0.8000000000000007
10880, 0.09999999999999964, 0.8000000000000007
10881, 0.09999999999999964, 0.8000000000000007
10882, 0.09999999999999964, 0.8000000000000007
10883, 0.09999999999999964, 0.8000000000000007
10884, 0.09999999999999964, 0.8000000000000007
10885, 0.09999999999999964, 0.9000000000000021
10886, 0.09999999999999964, 0.9000000000000021
10887, 0.09999999999999964, 0.9000000000000021
10888, 0.09999999999999964, 0.9000000000000021
10889, 0.09999999999999964, 1.0
10890, 0.09999999999999964, 1.0
10891, 0.0, 1.0
10892, 0.0, 0.9000000000000021
10893, 0.09999999999999964, 0.9000000000000021
10894, 0.09999999999999964, 1.0
10895, 0.09999999999999964, 1.0
10896, 0.09999999999999964, 1.0
10897, 0.09999999999999964, 1.0
10898, 0.09999999999999964, 0.9000000000000021
10899, 0.09999999999999964, 0.9000000000000021
10900, 0.09999999999999964, 1.0
10901, 0.09999999999999964, 1.0
10902, 0.09999999999999964, 0.9000000000000021
10903, 0.09999999999999964, 0.9000000000000021
10904, 0.09999999999999964, 0.9000000000000021
10905, 0.09999999999999964, 0.9000000000000021
10906, 0.09999999999999964, 0.8000000000000007
10907, 0.09999999999999964, 0.9000000000000021
10908, 0.09999999999999964, 0.9000000000000021
10909, 0.09999999999999964, 0.8000000000000007
10910, 0.09999999999999964, 0.8000000000000007
10911, 0.09999999999999964, 0.8000000000000007
10912, 0.09999999999999964, 0.8000000000000007
10913, 0.09999999999999964, 0.8000000000000007
10914, 0.09999999999999964, 0.8000000000000007
10915, 0.09999999999999964, 0.7000000000000028
10916, 0.09999999999999964, 0.8000000000000007
10917, 0.09999999999999964, 0.7000000000000028
10918, 0.09999999999999964, 0.7000000000000028
10919, 0.09999999999999964, 0.7000000000000028
10920, 0.09999999999999964, 0.8000000000000007
10921, 0.09999999999999964, 0.7000000000000028
10922, 0.09999999999999964, 0.7000000000000028
10923, 0.09999999999999964, 0.7000000000000028
10924, 0.09999999999999964, 0.7000000000000028
10925, 0.09999999999999964, 0.7000000000000028
10926, 0.09999999999999964, 0.7000000000000028
10927, 0.09999999999999964, 0.7000000000000028
10928, 0.09999999999999964, 0.7000000000000028
10929, 0.09999999999999964, 0.7000000000000028
10930, 0.09999999999999964, 0.7000000000000028
10931, 0.09999999999999964, 0.7000000000000028
10932, 0.09999999999999964, 0.7000000000000028
10933, 0.09999999999999964, 0.7000000000000028
10934, 0.09999999999999964, 0.7000000000000028
10935, 0.09999999999999964, 0.7000000000000028
10936, 0.09999999999999964, 0.6000000000000014
10937, 0.09999999999999964, 0.6000000000000014
10938, 0.09999999999999964, 0.5
10939, 0.09999999999999964, 0.5
10940, 0.09999999999999964, 0.5
10941, 0.09999999999999964, 0.3000000000000007
10942, 0.09999999999999964, 0.40000000000000213
10943, 0.09999999999999964, 0.20000000000000284
10944, 0.09999999999999964, 0.20000000000000284
10945, 0.09999999999999964, 0.10000000000000142
10946, 0.09999999999999964, 0.0
10947, 0.09999999999999964, -0.09999999999999787
10948, 0.09999999999999964, -0.09999999999999787
10949, 0.09999999999999964, -0.1999999999999993
10950, 0.09999999999999964, -0.29999999999999716
10951, 0.09999999999999964, -0.3999999999999986
10952, 0.09999999999999964, -0.3999999999999986
10953, 0.09999999999999964, -0.5999999999999979
10954, 0.09999999999999964, -0.5999999999999979
10955, 0.09999999999999964, -0.6999999999999993
10956, 0.09999999999999964, -0.7999999999999972
10957, 0.09999999999999964, -1.0
10958, 0.09999999999999964, -1.0999999999999979
10959, 0.09999999999999964, -1.0999999999999979
10960, 0.09999999999999964, -1.2999999999999972
10961, 0.09999999999999964, -1.1999999999999993
10962, 0.09999999999999964, -1.3999999999999986
10963, 0.09999999999999964, -1.3999999999999986
10964, 0.09999999999999964, -1.5
10965, 0.09999999999999964, -1.5999999999999979
10966, 0.09999999999999964, -1.5999999999999979
10967, 0.09999999999999964, -1.6999999999999993
10968, 0.09999999999999964, -1.7999999999999972
10969, 0.09999999999999964, -1.6999999999999993
10970, 0.09999999999999964, -1.7999999999999972
10971, 0.09999999999999964, -1.8999999999999986
10972, 0.09999999999999964, -1.8999999999999986
10973, 0.09999999999999964, -1.8999999999999986
10974, 0.09999999999999964, -1.8999999999999986
10975, 0.09999999999999964, -1.7999999999999972
10976, 0.09999999999999964, -1.7999999999999972
10977, 0.09999999999999964, -1.7999999999999972
10978, 0.09999999999999964, -1.7999999999999972
10979, 0.09999999999999964, -1.6999999999999993
10980, 0.09999999999999964, -1.6999999999999993
10981, 0.09999999999999964, -1.6999999999999993
10982, 0.09999999999999964, -1.6999999999999993
10983, 0.09999999999999964, -1.5999999999999979
10984, 0.09999999999999964, -1.6999999999999993
10985, 0.0, -1.5999999999999979
10986, 0.0, -1.5
10987, 0.0, -1.5
10988, 0.0, -1.5
10989, 0.0, -1.3999999999999986
10990, 0.0, -1.3999999999999986
10991, 0.0, -1.2999999999999972
10992, 0.0, -1.2999999999999972
10993, 0.0, -1.1999999999999993
10994, 0.0, -1.0999999999999979
10995, 0.0, -1.0999999999999979
10996, 0.0, -1.0999999999999979
10997, 0.0, -1.0999999999999979
10998, 0.0, -1.0
10999, 0.0, -0.8999999999999986
11000, 0.0, -0.8999999999999986
11001, 0.0, -0.7999999999999972
11002, 0.0, -0.7999999999999972
11003, 0.0, -0.6999999999999993
11004, 0.0, -0.5999999999999979
11005, 0.0, -0.5999999999999979
11006, 0.0, -0.5
11007, 0.0, -0.5999999999999979
11008, 0.0, -0.5
11009, 0.0, -0.5
11010, 0.0, -0.29999999999999716
11011, 0.0, -0.3999999999999986
11012, 0.0, -0.3999999999999986
11013, 0.0, -0.29999999999999716
11014, 0.0, -0.29999999999999716
11015, 0.0, -0.1999999999999993
11016, 0.0, -0.29999999999999716
11017, 0.0, -0.29999999999999716
11018, 0.0, -0.09999999999999787
11019, 0.0, -0.1999999999999993
11020, 0.0, -0.09999999999999787
11021, 0.0, -0.09999999999999787
11022, 0.0, -0.1999999999999993
11023, 0.0, -0.1999999999999993
11024, 0.0, -0.1999999999999993
11025, 0.09999999999999964, -0.09999999999999787
11026, 0.09999999999999964, -0.1999999999999993
11027, 0.09999999999999964, -0.1999999999999993
11028, 0.09999999999999964, -0.29999999999999716
11029, 0.09999999999999964, -0.1999999999999993
11030, 0.09999999999999964, -0.1999999999999993
11031, 0.09999999999999964, -0.29999999999999716
11032, 0.09999999999999964, -0.29999999999999716
11033, 0.09999999999999964, -0.29999999999999716
11034, 0.09999999999999964, -0.3999999999999986
11035, 0.09999999999999964, -0.5
11036, 0.09999999999999964, -0.5999999999999979
11037, 0.09999999999999964, -0.5999999999999979
11038, 0.09999999999999964, -0.7999999999999972
11039, 0.09999999999999964, -0.6999999999999993
11040, 0.09999999999999964, -0.6999999999999993
11041, 0.09999999999999964, -0.8999999999999986
11042, 0.09999999999999964, -1.0
11043, 0.09999999999999964, -1.0999999999999979
11044, 0.09999999999999964, -1.0999999999999979
11045, 0.09999999999999964, -1.2999999999999972
11046, 0.09999999999999964, -1.2999999999999972
11047, 0.09999999999999964, -1.5
11048, 0.09999999999999964, -1.5
11049, 0.09999999999999964, -1.5999999999999979
11050, 0.09999999999999964, -1.6999999999999993
11051, 0.09999999999999964, -1.7999999999999972
11052, 0.09999999999999964, -1.8999999999999986
11053, 0.09999999999999964, -2.0
11054, 0.09999999999999964, -2.099999999999998
11055, 0.0, -2.1999999999999993
11056, 0.0, -2.1999999999999993
11057, 0.0, -2.299999999999997
11058, 0.0, -2.3999999999999986
11059, 0.0, -2.5
11060, 0.0, -2.599999999999998
11061, 0.0, -2.5
11062, 0.0, -2.599999999999998
11063, 0.0, -2.6999999999999993
11064, 0.0, -2.799999999999997
11065, 0.0, -2.599999999999998
11066, 0.0, -2.6999999999999993
11067, 0.0, -2.6999999999999993
11068, 0.0, -2.6999999999999993
11069, 0.0, -2.6999999999999993
11070, 0.0, -2.6999999999999993
11071, 0.0, -2.6999999999999993
11072, 0.0, -2.599999999999998
11073, 0.0, -2.599999999999998
11074, 0.0, -2.5
11075, 0.0, -2.3999999999999986
11076, 0.0, -2.299999999999997
11077, 0.0, -2.299999999999997
11078, 0.0, -2.099999999999998
11079, 0.0, -2.099999999999998
11080, 0.0, -2.099999999999998
11081, 0.0, -1.8999999999999986
11082, 0.0, -1.7999999999999972
11083, 0.0, -1.5999999999999979
11084, 0.0, -1.3999999999999986
11085, 0.0, -1.2999999999999972
11086, 0.0, -1.1999999999999993
11087, 0.0, -1.0999999999999979
11088, 0.0, -0.8999999999999986
11089, 0.0, -0.7999999999999972
11090, 0.0, -0.5999999999999979
11091, 0.0, -0.5
11092, 0.0, -0.29999999999999716
11093, 0.0, -0.1999999999999993
11094, 0.0, -0.09999999999999787
11095, 0.0, 0.10000000000000142
11096, 0.0, 0.3000000000000007
11097, 0.0, 0.5
11098, 0.0, 0.5
11099, 0.09999999999999964, 0.7000000000000028
11100, 0.09999999999999964, 0.9000000000000021
11101, 0.09999999999999964, 1.0
11102, 0.09999999999999964, 1.2000000000000028
11103, 0.09999999999999964, 1.3000000000000007
11104, 0.09999999999999964, 1.4000000000000021
11105, 0.09999999999999964, 1.5
11106, 0.09999999999999964, 1.7000000000000028
11107, 0.09999999999999964, 1.8000000000000007
11108, 0.09999999999999964, 1.9000000000000021
11109, 0.1999999999999993, 2.0
11110, 0.1999999999999993, 2.1000000000000014
11111, 0.1999999999999993, 2.200000000000003
11112, 0.1999999999999993, 2.3000000000000007
11113, 0.1999999999999993, 2.3000000000000007
11114, 0.1999999999999993, 2.400000000000002
11115, 0.1999999999999993, 2.400000000000002
11116, 0.1999999999999993, 2.6000000000000014
11117, 0.1999999999999993, 2.6000000000000014
11118, 0.1999999999999993, 2.700000000000003
11119, 0.1999999999999993, 2.700000000000003
11120, 0.1999999999999993, 2.700000000000003
11121, 0.1999999999999993, 2.700000000000003
11122, 0.1999999999999993, 2.8000000000000007
11123, 0.1999999999999993, 2.8000000000000007
11124, 0.1999999999999993, 2.8000000000000007
11125, 0.1999999999999993, 2.900000000000002
11126, 0.1999999999999993, 2.900000000000002
11127, 0.1999999999999993, 2.700000000000003
11128, 0.1999999999999993, 2.700000000000003
11129, 0.1999999999999993, 2.8000000000000007
11130, 0.09999999999999964, 2.700000000000003
11131, 0.09999999999999964, 2.6000000000000014
11132, 0.0, 2.700000000000003
11133, 0.0, 2.5
11134, 0.0, 2.5
11135, 0.0, 2.400000000000002
11136, 0.0, 2.3000000000000007
11137, 0.0, 2.3000000000000007
11138, 0.0, 2.200000000000003
11139, 0.0, 2.1000000000000014
11140, 0.0, 2.0
11141, 0.0, 2.0
11142, 0.0, 1.9000000000000021
11143, 0.0, 1.8000000000000007
11144, 0.0, 1.6000000000000014
11145, 0.0, 1.5
11146, 0.0, 1.4000000000000021
11147, 0.0, 1.4000000000000021
11148, 0.0, 1.3000000000000007
11149, 0.0, 1.1000000000000014
11150, 0.0, 1.0
11151, 0.0, 0.9000000000000021
11152, 0.0, 0.8000000000000007
11153, 0.0, 0.6000000000000014
11154, 0.0, 0.40000000000000213
11155, 0.0, 0.40000000000000213
11156, 0.0, 0.3000000000000007
11157, 0.0, 0.10000000000000142
11158, 0.0, 0.0
11159, 0.0, -0.09999999999999787
11160, 0.0, -0.29999999999999716
11161, 0.0, -0.3999999999999986
11162, 0.0, -0.5
11163, 0.0, -0.5
11164, 0.0, -0.5999999999999979
11165, 0.0, -0.7999999999999972
11166, 0.0, -0.7999999999999972
11167, -0.09999999999999964, -1.0
11168, -0.09999999999999964, -1.0999999999999979
11169, -0.09999999999999964, -1.0999999999999979
11170, -0.09999999999999964, -1.2999999999999972
11171, -0.09999999999999964, -1.3999999999999986
11172, -0.09999999999999964, -1.3999999999999986
11173, -0.09999999999999964, -1.3999999999999986
11174, -0.09999999999999964, -1.3999999999999986
11175, -0.1999999999999993, -1.3999999999999986
11176, -0.1999999999999993, -1.5
11177, -0.1999999999999993, -1.5999999999999979
11178, -0.1999999999999993, -1.5999999999999979
11179, -0.09999999999999964, -1.5999999999999979
11180, -0.09999999999999964, -1.5999999999999979
11181, -0.09999999999999964, -1.5
11182, -0.1999999999999993, -1.5
11183, -0.3000000000000007, -1.5
11184, -0.3000000000000007, -1.5
11185, -0.3000000000000007, -1.5
11186, -0.3000000000000007, -1.5
11187, -0.3000000000000007, -1.3999999999999986
11188, -0.40000000000000036, -1.3999999999999986
11189, -0.40000000000000036, -1.2999999999999972
11190, -0.40000000000000036, -1.2999999999999972
11191, -0.40000000000000036, -1.0999999999999979
11192, -0.5, -1.0
11193, -0.5, -1.0
11194, -0.5, -0.7999999999999972
11195, -0.5, -0.7999999999999972
11196, -0.40000000000000036, -0.6999999999999993
11197, -0.5, -0.5999999999999979
11198, -0.5, -0.3999999999999986
11199, -0.5, -0.3999999999999986
11200, -0.5, -0.1999999999999993
11201, -0.5, -0.09999999999999787
11202, -0.5999999999999996, 0.10000000000000142
11203, -0.6999999999999993, 0.10000000000000142
11204, -0.6999999999999993, 0.3000000000000007
11205, -0.6999999999999993, 0.40000000000000213
11206, -0.6999999999999993, 0.40000000000000213
11207, -0.6999999999999993, 0.6000000000000014
11208, -0.8000000000000007, 0.7000000000000028
11209, -0.8000000000000007, 0.7000000000000028
11210, -0.8000000000000007, 0.8000000000000007
11211, -0.8000000000000007, 0.9000000000000021
11212, -0.8000000000000007, 1.0
11213, -0.8000000000000007, 1.1000000000000014
11214, -0.8000000000000007, 1.2000000000000028
11215, -0.6999999999999993, 1.3000000000000007
11216, -0.6999999999999993, 1.4000000000000021
11217, -0.6999999999999993, 1.5
11218, -0.6999999999999993, 1.6000000000000014
11219, -0.6999999999999993, 1.7000000000000028
11220, -0.6999999999999993, 1.7000000000000028
11221, -0.6999999999999993, 1.7000000000000028
11222, -0.6999999999999993, 1.6000000000000014
11223, -0.6999999999999993, 1.7000000000000028
11224, -0.6999999999999993, 1.7000000000000028
11225, -0.6999999999999993, 1.7000000000000028
11226, -0.6999999999999993, 1.8000000000000007
11227, -0.8000000000000007, 1.7000000000000028
11228, -0.8000000000000007, 1.7000000000000028
11229, -0.8000000000000007, 1.7000000000000028
11230, -0.8000000000000007, 1.7000000000000028
11231, -0.8000000000000007, 1.6000000000000014
11232, -0.8000000000000007, 1.6000000000000014
11233, -0.8000000000000007, 1.5
11234, -0.8000000000000007, 1.5
11235, -0.8000000000000007, 1.4000000000000021
11236, -0.8000000000000007, 1.4000000000000021
11237, -0.8000000000000007, 1.3000000000000007
11238, -0.8000000000000007, 1.1000000000000014
11239, -0.8000000000000007, 1.1000000000000014
11240, -0.8000000000000007, 1.0
11241, -0.8000000000000007, 0.9000000000000021
11242, -0.8000000000000007, 0.7000000000000028
11243, -0.8000000000000007, 0.6000000000000014
11244, -0.8000000000000007, 0.5
11245, -0.8000000000000007, 0.40000000000000213
11246, -0.8000000000000007, 0.40000000000000213
11247, -0.8000000000000007, 0.20000000000000284
11248, -0.8000000000000007, 0.10000000000000142
11249, -0.8000000000000007, 0.0
11250, -0.8000000000000007, -0.09999999999999787
11251, -0.8000000000000007, -0.1999999999999993
11252, -0.8000000000000007, -0.3999999999999986
11253, -0.8000000000000007, -0.5
11254, -0.8000000000000007, -0.5999999999999979
11255, -0.8000000000000007, -0.5999999999999979
11256, -0.8000000000000007, -0.7999999999999972
11257, -0.8000000000000007, -0.7999999999999972
11258, -0.6999999999999993, -0.7999999999999972
11259, -0.6999999999999993, -0.8999999999999986
11260, -0.6999999999999993, -0.8999999999999986
11261, -0.6999999999999993, -0.8999999999999986
11262, -0.6999999999999993, -1.0
11263, -0.6999999999999993, -1.0
11264, -0.6999999999999993, -1.0
11265, -0.6999999999999993, -1.0999999999999979
11266, -0.5999999999999996, -1.0999999999999979
11267, -0.5999999999999996, -1.0999999999999979
11268, -0.5999999999999996, -1.0999999999999979
11269, -0.5999999999999996, -1.0999999999999979
11270, -0.5999999999999996, -1.0
11271, -0.5999999999999996, -0.8999999999999986
11272, -0.5999999999999996, -0.8999999999999986
11273, -0.5999999999999996, -0.7999999999999972
11274, -0.5999999999999996, -0.7999999999999972
11275, -0.5999999999999996, -0.6999999999999993
11276, -0.5999999999999996, -0.5999999999999979
11277, -0.5999999999999996, -0.5
11278, -0.5, -0.5
11279, -0.5, -0.3999999999999986
11280, -0.5, -0.3999999999999986
11281, -0.5, -0.29999999999999716
11282, -0.5, -0.1999999999999993
11283, -0.5, -0.09999999999999787
11284, -0.5, 0.0
11285, -0.5, 0.0
11286, -0.40000000000000036, 0.0
11287, -0.40000000000000036, 0.10000000000000142
11288, -0.40000000000000036, 0.10000000000000142
11289, -0.40000000000000036, 0.3000000000000007
11290, -0.40000000000000036, 0.3000000000000007
11291, -0.40000000000000036, 0.3000000000000007
11292, -0.3000000000000007, 0.3000000000000007
11293, -0.1999999999999993, 0.3000000000000007
11294, -0.1999999999999993, 0.3000000000000007
11295, -0.3000000000000007, 0.40000000000000213
11296, -0.3000000000000007, 0.3000000000000007
11297, -0.3000000000000007, 0.40000000000000213
11298, -0.3000000000000007, 0.5
11299, -0.1999999999999993, 0.40000000000000213
11300, -0.1999999999999993, 0.5
11301, -0.1999999999999993, 0.40000000000000213
11302, -0.1999999999999993, 0.40000000000000213
11303, -0.1999999999999993, 0.5
11304, -0.1999999999999993, 0.5
11305, -0.1999999999999993, 0.40000000000000213
11306, -0.1999999999999993, 0.40000000000000213
11307, -0.1999999999999993, 0.40000000000000213
11308, -0.09999999999999964, 0.40000000000000213
11309, 0.0, 0.40000000000000213
11310, 0.0, 0.40000000000000213
11311, 0.0, 0.5
11312, 0.0, 0.40000000000000213
11313, 0.0, 0.40000000000000213
11314, 0.0, 0.5
11315, 0.0, 0.40000000000000213
11316, 0.0, 0.40000000000000213
11317, 0.0, 0.40000000000000213
11318, 0.0, 0.40000000000000213
11319, 0.0, 0.3000000000000007
11320, 0.0, 0.40000000000000213
11321, 0.0, 0.40000000000000213
11322, 0.0, 0.40000000000000213
11323, 0.0, 0.40000000000000213
11324, 0.0, 0.3000000000000007
11325, 0.09999999999999964, 0.3000000000000007
11326, 0.09999999999999964, 0.3000000000000007
11327, 0.09999999999999964, 0.40000000000000213
11328, 0.09999999999999964, 0.40000000000000213
11329, 0.09999999999999964, 0.3000000000000007
11330, 0.09999999999999964, 0.3000000000000007
11331, 0.09999999999999964, 0.3000000000000007
11332, 0.09999999999999964, 0.20000000000000284
11333, 0.09999999999999964, 0.20000000000000284
11334, 0.09999999999999964, 0.20000000000000284
11335, 0.09999999999999964, 0.3000000000000007
11336, 0.09999999999999964, 0.3000000000000007
11337, 0.09999999999999964, 0.3000000000000007
11338, 0.09999999999999964, 0.20000000000000284
11339, 0.09999999999999964, 0.20000000000000284
11340, 0.09999999999999964, 0.20000000000000284
11341, 0.09999999999999964, 0.20000000000000284
11342, 0.0, 0.10000000000000142
11343, 0.0, 0.20000000000000284
11344, 0.0, 0.10000000000000142
11345, 0.0, 0.20000000000000284
11346, 0.0, 0.0
11347, 0.0, 0.0
11348, 0.0, 0.0
11349, 0.0, 0.0
11350, 0.0, 0.0
11351, 0.0, 0.0
11352, 0.0, 0.0
11353, 0.0, 0.10000000000000142
11354, 0.0, 0.0
11355, 0.0, -0.09999999999999787
11356, 0.0, 0.0
11357, 0.0, -0.09999999999999787
11358, 0.0, 0.0
11359, 0.0, 0.0
11360, 0.0, 0.0
11361, 0.0, -0.09999999999999787
11362, 0.0, -0.09999999999999787
11363, 0.0, 0.0
11364, 0.0, 0.0
11365, 0.0, 0.0
11366, 0.0, 0.0
11367, 0.0, -0.09999999999999787
11368, 0.0, -0.09999999999999787
11369, 0.0, 0.0
11370, 0.0, 0.0
11371, 0.0, -0.09999999999999787
11372, 0.0, -0.09999999999999787
11373, 0.0, 0.0
11374, 0.0, 0.0
11375, 0.0, -0.09999999999999787
11376, 0.0, 0.0
11377, 0.0, 0.0
11378, 0.0, 0.0
11379, 0.0, 0.0
11380, 0.0, 0.0
11381, 0.0, 0.0
11382, 0.0, 0.0
11383, 0.0, 0.10000000000000142
11384, 0.0, 0.10000000000000142
11385, 0.0, 0.10000000000000142
11386, 0.0, 0.10000000000000142
11387, 0.0, 0.10000000000000142
11388, 0.0, 0.10000000000000142
11389, 0.0, 0.10000000000000142
11390, 0.09999999999999964, 0.20000000000000284
11391, 0.09999999999999964, 0.20000000000000284
11392, 0.09999999999999964, 0.20000000000000284
11393, 0.09999999999999964, 0.20000000000000284
11394, 0.09999999999999964, 0.20000000000000284
11395, 0.09999999999999964, 0.20000000000000284
11396, 0.09999999999999964, 0.20000000000000284
11397, 0.09999999999999964, 0.3000000000000007
11398, 0.09999999999999964, 0.3000000000000007
11399, 0.09999999999999964, 0.3000000000000007
11400, 0.09999999999999964, 0.3000000000000007
11401, 0.09999999999999964, 0.3000000000000007
11402, 0.09999999999999964, 0.3000000000000007
11403, 0.09999999999999964, 0.3000000000000007
11404, 0.09999999999999964, 0.3000000000000007
11405, 0.09999999999999964, 0.3000000000000007
11406, 0.09999999999999964, 0.20000000000000284
11407, 0.09999999999999964, 0.3000000000000007
11408, 0.09999999999999964, 0.3000000000000007
11409, 0.09999999999999964, 0.3000000000000007
11410, 0.09999999999999964, 0.20000000000000284
11411, 0.09999999999999964, 0.3000000000000007
11412, 0.09999999999999964, 0.3000000000000007
11413, 0.09999999999999964, 0.3000000000000007
11414, 0.09999999999999964, 0.3000000000000007
11415, 0.09999999999999964, 0.3000000000000007
11416, 0.09999999999999964, 0.3000000000000007
11417, 0.09999999999999964, 0.3000000000000007
11418, 0.09999999999999964, 0.3000000000000007
11419, 0.09999999999999964, 0.20000000000000284
11420, 0.09999999999999964, 0.20000000000000284
11421, 0.09999999999999964, 0.20000000000000284
11422, 0.09999999999999964, 0.20000000000000284
11423, 0.09999999999999964, 0.20000000000000284
11424, 0.09999999999999964, 0.20000000000000284
11425, 0.09999999999999964, 0.3000000000000007
11426, 0.09999999999999964, 0.10000000000000142
11427, 0.0, 0.10000000000000142
11428, 0.0, 0.20000000000000284
11429, 0.0, 0.20000000000000284
11430, 0.0, 0.20000000000000284
11431, 0.0, 0.10000000000000142
11432, 0.0, 0.10000000000000142
11433, 0.0, 0.20000000000000284
11434, 0.0, 0.10000000000000142
11435, 0.0, 0.10000000000000142
11436, -0.09999999999999964, 0.10000000000000142
11437, -0.09999999999999964, 0.20000000000000284
11438, -0.09999999999999964, 0.10000000000000142
11439, -0.09999999999999964, 0.10000000000000142
11440, -0.09999999999999964, 0.10000000000000142
11441, -0.09999999999999964, 0.10000000000000142
11442, -0.09999999999999964, 0.20000000000000284
11443, -0.09999999999999964, 0.10000000000000142
11444, -0.09999999999999964, 0.10000000000000142
11445, -0.09999999999999964, 0.10000000000000142
11446, -0.09999999999999964, 0.10000000000000142
11447, -0.09999999999999964, 0.20000000000000284
11448, -0.09999999999999964, 0.10000000000000142
11449, -0.09999999999999964, 0.10000000000000142
11450, -0.09999999999999964, 0.20000000000000284
11451, 0.0, 0.0
11452, 0.0, 0.10000000000000142
11453, 0.0, 0.20000000000000284
11454, 0.0, 0.10000000000000142
11455, 0.0, 0.10000000000000142
11456, 0.0, 0.10000000000000142
11457, 0.0, 0.20000000000000284
11458, 0.0, 0.10000000000000142
11459, 0.0, 0.10000000000000142
11460, 0.0, 0.10000000000000142
11461, 0.0, 0.10000000000000142
11462, 0.0, 0.10000000000000142
11463, 0.0, 0.20000000000000284
11464, 0.0, 0.10000000000000142
11465, 0.0, 0.10000000000000142
11466, -0.09999999999999964, 0.10000000000000142
11467, -0.09999999999999964, 0.10000000000000142
11468, -0.09999999999999964, 0.10000000000000142
11469, -0.09999999999999964, 0.10000000000000142
11470, -0.09999999999999964, 0.10000000000000142
11471, -0.09999999999999964, 0.10000000000000142
11472, -0.09999999999999964, 0.0
11473, -0.09999999999999964, 0.0
11474, -0.09999999999999964, 0.10000000000000142
11475, -0.1999999999999993, 0.10000000000000142
11476, -0.1999999999999993, 0.0
11477, -0.09999999999999964, 0.0
11478, -0.09999999999999964, 0.10000000000000142
11479, -0.09999999999999964, 0.10000000000000142
11480, -0.09999999999999964, 0.0
11481, -0.09999999999999964, 0.0
11482, -0.09999999999999964, 0.10000000000000142
11483, -0.09999999999999964, 0.10000000000000142
11484, -0.09999999999999964, 0.10000000000000142
11485, -0.09999999999999964, 0.10000000000000142
11486, -0.1999999999999993, 0.0
11487, -0.1999999999999993, 0.10000000000000142
11488, -0.1999999999999993, 0.0
11489, -0.1999999999999993, 0.0
11490, -0.1999999999999993, 0.10000000000000142
11491, -0.1999999999999993, 0.10000000000000142
11492, -0.1999999999999993, 0.10000000000000142
11493, -0.3000000000000007, 0.10000000000000142
11494, -0.1999999999999993, 0.10000000000000142
11495, -0.1999999999999993, 0.10000000000000142
11496, -0.1999999999999993, 0.10000000000000142
11497, -0.1999999999999993, 0.0
11498, -0.1999999999999993, 0.10000000000000142
11499, -0.3000000000000007, 0.10000000000000142
11500, -0.3000000000000007, 0.10000000000000142
11501, -0.3000000000000007, 0.0
11502, -0.3000000000000007, 0.0
11503, -0.3000000000000007, 0.10000000000000142
11504, -0.3000000000000007, 0.10000000000000142
11505, -0.40000000000000036, 0.10000000000000142
11506, -0.40000000000000036, 0.10000000000000142
11507, -0.40000000000000036, 0.0
11508, -0.3000000000000007, 0.10000000000000142
11509, -0.3000000000000007, 0.10000000000000142
11510, -0.40000000000000036, 0.10000000000000142
11511, -0.40000000000000036, 0.20000000000000284
11512, -0.40000000000000036, 0.3000000000000007
11513, -0.40000000000000036, 0.20000000000000284
11514, -0.40000000000000036, 0.20000000000000284
11515, -0.40000000000000036, 0.20000000000000284
11516, -0.5, 0.3000000000000007
11517, -0.5, 0.3000000000000007
11518, -0.5, 0.3000000000000007
11519, -0.5, 0.20000000000000284
11520, -0.5, 0.3000000000000007
11521, -0.5999999999999996, 0.3000000000000007
11522, -0.5999999999999996, 0.3000000000000007
11523, -0.5999999999999996, 0.40000000000000213
11524, -0.5999999999999996, 0.40000000000000213
11525, -0.5999999999999996, 0.3000000000000007
11526, -0.5999999999999996, 0.40000000000000213
11527, -0.5999999999999996, 0.40000000000000213
11528, -0.5999999999999996, 0.40000000000000213
11529, -0.5999999999999996, 0.5
11530, -0.5999999999999996, 0.5
11531, -0.5999999999999996, 0.5
11532, -0.5999999999999996, 0.40000000000000213
11533, -0.6999999999999993, 0.40000000000000213
11534, -0.6999999999999993, 0.5
11535, -0.5999999999999996, 0.5
11536, -0.5999999999999996, 0.5
11537, -0.6999999999999993, 0.5
11538, -0.6999999999999993, 0.5
11539, -0.6999999999999993, 0.6000000000000014
11540, -0.8000000000000007, 0.5
11541, -0.8000000000000007, 0.5
11542, -0.8000000000000007, 0.5
11543, -0.8000000000000007, 0.6000000000000014
11544, -0.8000000000000007, 0.6000000000000014
11545, -0.8000000000000007, 0.40000000000000213
11546, -0.8000000000000007, 0.5
11547, -0.8000000000000007, 0.5
11548, -0.9000000000000004, 0.6000000000000014
11549, -0.9000000000000004, 0.6000000000000014
11550, -0.9000000000000004, 0.5
11551, -0.9000000000000004, 0.5
11552, -0.9000000000000004, 0.6000000000000014
11553, -0.9000000000000004, 0.6000000000000014
11554, -0.9000000000000004, 0.6000000000000014
11555, -0.9000000000000004, 0.5
11556, -0.9000000000000004, 0.5
11557, -1.0, 0.6000000000000014
11558, -1.0, 0.5
11559, -1.0, 0.5
11560, -1.0, 0.5
11561, -1.0, 0.6000000000000014
11562, -1.0, 0.6000000000000014
11563, -1.0, 0.5
11564, -1.0, 0.5
11565, -1.0, 0.6000000000000014
11566, -1.0, 0.5
11567, -1.0, 0.6000000000000014
11568, -1.0999999999999996, 0.5
11569, -1.0999999999999996, 0.6000000000000014
11570, -1.0999999999999996, 0.5
11571, -1.0999999999999996, 0.6000000000000014
11572, -1.0999999999999996, 0.6000000000000014
11573, -1.0999999999999996, 0.6000000000000014
11574, -1.0999999999999996, 0.7000000000000028
11575, -1.0999999999999996, 0.7000000000000028
11576, -1.0999999999999996, 0.6000000000000014
11577, -1.0, 0.7000000000000028
11578, -1.0, 0.7000000000000028
11579, -1.0, 0.7000000000000028
11580, -1.0, 0.7000000000000028
11581, -1.0, 0.7000000000000028
11582, -1.0, 0.7000000000000028
11583, -1.0, 0.7000000000000028
11584, -1.0999999999999996, 0.8000000000000007
11585, -1.0999999999999996, 0.7000000000000028
11586, -1.0999999999999996, 0.8000000000000007
11587, -1.0999999999999996, 0.7000000000000028
11588, -1.0999999999999996, 0.8000000000000007
11589, -1.0999999999999996, 0.8000000000000007
11590, -1.0999999999999996, 0.9000000000000021
11591, -1.0999999999999996, 0.9000000000000021
11592, -1.0999999999999996, 0.9000000000000021
11593, -1.0999999999999996, 1.0
11594, -1.0999999999999996, 0.9000000000000021
11595, -1.0999999999999996, 1.0
11596, -1.0999999999999996, 1.0
11597, -1.0999999999999996, 0.9000000000000021
11598, -1.0999999999999996, 1.1000000000000014
11599, -1.0999999999999996, 1.0
11600, -1.0999999999999996, 1.1000000000000014
11601, -1.0999999999999996, 1.1000000000000014
11602, -1.0999999999999996, 1.1000000000000014
11603, -1.0999999999999996, 1.1000000000000014
11604, -1.0999999999999996, 1.2000000000000028
11605, -1.0999999999999996, 1.2000000000000028
11606, -1.0999999999999996, 1.2000000000000028
11607, -1.0, 1.2000000000000028
11608, -1.0, 1.2000000000000028
11609, -1.0, 1.2000000000000028
11610, -1.0, 1.2000000000000028
11611, -1.0, 1.3000000000000007
11612, -1.0999999999999996, 1.3000000000000007
11613, -1.0999999999999996, 1.3000000000000007
11614, -1.0999999999999996, 1.2000000000000028
11615, -1.0999999999999996, 1.3000000000000007
11616, -1.0999999999999996, 1.3000000000000007
11617, -1.0999999999999996, 1.3000000000000007
11618, -1.0999999999999996, 1.3000000000000007
11619, -1.0999999999999996, 1.3000000000000007
11620, -1.0999999999999996, 1.3000000000000007
11621, -1.0999999999999996, 1.3000000000000007
11622, -1.0999999999999996, 1.3000000000000007
11623, -1.0999999999999996, 1.3000000000000007
11624, -1.1999999999999993, 1.4000000000000021
11625, -1.1999999999999993, 1.3000000000000007
11626, -1.1999999999999993, 1.3000000000000007
11627, -1.0999999999999996, 1.3000000000000007
11628, -1.0999999999999996, 1.3000000000000007
11629, -1.0999999999999996, 1.2000000000000028
11630, -1.0999999999999996, 1.2000000000000028
11631, -1.0999999999999996, 1.2000000000000028
11632, -1.0999999999999996, 1.3000000000000007
11633, -1.0999999999999996, 1.2000000000000028
11634, -1.0999999999999996, 1.2000000000000028
11635, -1.0999999999999996, 1.1000000000000014
11636, -1.0999999999999996, 1.1000000000000014
11637, -1.0999999999999996, 1.1000000000000014
11638, -1.0999999999999996, 1.2000000000000028
11639, -1.0999999999999996, 1.1000000000000014
11640, -1.0999999999999996, 1.1000000000000014
11641, -1.1999999999999993, 1.1000000000000014
11642, -1.0999999999999996, 1.1000000000000014
11643, -1.0999999999999996, 1.1000000000000014
11644, -1.0999999999999996, 1.1000000000000014
11645, -1.0999999999999996, 1.1000000000000014
11646, -1.0999999999999996, 1.0
11647, -1.0999999999999996, 1.1000000000000014
11648, -1.0999999999999996, 1.1000000000000014
11649, -1.0999999999999996, 1.0
11650, -1.0999999999999996, 1.0
11651, -1.0, 1.0
11652, -1.0, 1.0
11653, -1.0, 0.9000000000000021
11654, -1.0, 1.0
11655, -1.0, 0.9000000000000021
11656, -1.0, 1.0
11657, -1.0, 0.9000000000000021
11658, -1.0, 0.9000000000000021
11659, -0.9000000000000004, 0.9000000000000021
11660, -0.9000000000000004, 0.9000000000000021
11661, -0.9000000000000004, 0.9000000000000021
11662, -0.9000000000000004, 0.9000000000000021
11663, -0.9000000000000004, 1.0
11664, -0.9000000000000004, 0.9000000000000021
11665, -0.9000000000000004, 0.9000000000000021
11666, -0.8000000000000007, 0.9000000000000021
11667, -0.8000000000000007, 0.8000000000000007
11668, -0.8000000000000007, 0.9000000000000021
11669, -0.8000000000000007, 0.8000000000000007
11670, -0.8000000000000007, 0.8000000000000007
11671, -0.8000000000000007, 1.0
11672, -0.8000000000000007, 0.9000000000000021
11673, -0.6999999999999993, 0.9000000000000021
11674, -0.6999999999999993, 0.9000000000000021
11675, -0.6999999999999993, 0.9000000000000021
11676, -0.6999999999999993, 0.8000000000000007
11677, -0.8000000000000007, 0.8000000000000007
11678, -0.8000000000000007, 0.9000000000000021
11679, -0.6999999999999993, 0.9000000000000021
11680, -0.6999999999999993, 0.8000000000000007
11681, -0.6999999999999993, 0.9000000000000021
11682, -0.6999999999999993, 0.8000000000000007
11683, -0.6999999999999993, 0.8000000000000007
11684, -0.6999999999999993, 0.7000000000000028
11685, -0.5999999999999996, 0.9000000000000021
11686, -0.5999999999999996, 0.9000000000000021
11687, -0.5999999999999996, 0.8000000000000007
11688, -0.5999999999999996, 0.8000000000000007
11689, -0.6999999999999993, 0.7000000000000028
11690, -0.6999999999999993, 0.9000000000000021
11691, -0.5999999999999996, 0.8000000000000007
11692, -0.5999999999999996, 0.8000000000000007
11693, -0.5999999999999996, 0.7000000000000028
11694, -0.5999999999999996, 0.7000000000000028
11695, -0.5999999999999996, 0.7000000000000028
11696, -0.5999999999999996, 0.8000000000000007
11697, -0.5999999999999996, 0.7000000000000028
11698, -0.5999999999999996, 0.7000000000000028
11699, -0.5999999999999996, 0.7000000000000028
11700, -0.5999999999999996, 0.7000000000000028
11701, -0.5, 0.6000000000000014
11702, -0.5, 0.7000000000000028
11703, -0.40000000000000036, 0.7000000000000028
11704, -0.40000000000000036, 0.7000000000000028
11705, -0.40000000000000036, 0.6000000000000014
11706, -0.40000000000000036, 0.6000000000000014
11707, -0.40000000000000036, 0.6000000000000014
11708, -0.40000000000000036, 0.5
11709, -0.40000000000000036, 0.6000000000000014
11710, -0.3000000000000007, 0.5
11711, -0.3000000000000007, 0.5
11712, -0.40000000000000036, 0.5
11713, -0.40000000000000036, 0.5
11714, -0.40000000000000036, 0.5
11715, -0.40000000000000036, 0.5
11716, -0.40000000000000036, 0.5
11717, -0.3000000000000007, 0.40000000000000213
11718, -0.3000000000000007, 0.5
11719, -0.3000000000000007, 0.40000000000000213
11720, -0.3000000000000007, 0.3000000000000007
11721, -0.3000000000000007, 0.40000000000000213
11722, -0.3000000000000007, 0.3000000000000007
11723, -0.1999999999999993, 0.3000000000000007
11724, -0.1999999999999993, 0.3000000000000007
11725, -0.1999999999999993, 0.3000000000000007
11726, -0.1999999999999993, 0.3000000000000007
11727, -0.1999999999999993, 0.3000000000000007
11728, -0.1999999999999993, 0.3000000000000007
11729, -0.1999999999999993, 0.20000000000000284
11730, -0.1999999999999993, 0.3000000000000007
11731, -0.1999999999999993, 0.20000000000000284
11732, -0.1999999999999993, 0.3000000000000007
11733, -0.1999999999999993, 0.3000000000000007
11734, -0.1999999999999993, 0.20000000000000284
11735, -0.1999999999999993, 0.20000000000000284
11736, -0.1999999999999993, 0.20000000000000284
11737, -0.1999999999999993, 0.20000000000000284
11738, -0.1999999999999993, 0.20000000000000284
11739, -0.1999999999999993, 0.20000000000000284
11740, -0.1999999999999993, 0.20000000000000284
11741, -0.1999999999999993, 0.20000000000000284
11742, -0.1999999999999993, 0.20000000000000284
11743, -0.1999999999999993, 0.10000000000000142
11744, -0.1999999999999993, 0.20000000000000284
11745, -0.1999999999999993, 0.20000000000000284
11746, -0.09999999999999964, 0.20000000000000284
11747, -0.09999999999999964, 0.10000000000000142
11748, -0.09999999999999964, 0.20000000000000284
11749, -0.09999999999999964, 0.20000000000000284
11750, -0.09999999999999964, 0.20000000000000284
11751, -0.09999999999999964, 0.10000000000000142
11752, -0.09999999999999964, 0.10000000000000142
11753, 0.0, 0.10000000000000142
11754, 0.0, 0.20000000000000284
11755, 0.0, 0.10000000000000142
11756, 0.0, 0.10000000000000142
11757, 0.0, 0.10000000000000142
11758, 0.0, 0.20000000000000284
11759, 0.0, 0.10000000000000142
11760, 0.0, 0.20000000000000284
11761, 0.0, 0.10000000000000142
11762, 0.0, 0.10000000000000142
11763, 0.0, 0.10000000000000142
11764, 0.0, 0.10000000000000142
11765, 0.0, 0.20000000000000284
11766, 0.0, 0.10000000000000142
11767, 0.0, 0.20000000000000284
11768, 0.0, 0.10000000000000142
11769, 0.0, 0.10000000000000142
11770, 0.09999999999999964, 0.10000000000000142
11771, 0.09999999999999964, 0.10000000000000142
11772, 0.0, 0.20000000000000284
11773, 0.0, 0.20000000000000284
11774, 0.0, 0.20000000000000284
11775, 0.0, 0.20000000000000284
11776, 0.0, 0.20000000000000284
11777, 0.0, 0.3000000000000007
11778, 0.0, 0.20000000000000284
11779, 0.0, 0.20000000000000284
11780, 0.0, 0.3000000000000007
11781, 0.0, 0.20000000000000284
11782, 0.0, 0.20000000000000284
11783, 0.0, 0.3000000000000007
11784, 0.0, 0.3000000000000007
11785, 0.0, 0.20000000000000284
11786, 0.0, 0.20000000000000284
11787, 0.0, 0.3000000000000007
11788, 0.0, 0.3000000000000007
11789, 0.0, 0.20000000000000284
11790, 0.0, 0.20000000000000284
11791, 0.0, 0.20000000000000284
11792, 0.0, 0.20000000000000284
11793, 0.0, 0.3000000000000007
11794, 0.0, 0.20000000000000284
11795, 0.0, 0.20000000000000284
11796, 0.0, 0.20000000000000284
11797, 0.0, 0.3000000000000007
11798, 0.0, 0.3000000000000007
11799, 0.0, 0.3000000000000007
11800, 0.0, 0.20000000000000284
11801, 0.0, 0.20000000000000284
11802, 0.0, 0.20000000000000284
11803, 0.0, 0.20000000000000284
11804, 0.0, 0.20000000000000284
11805, 0.0, 0.3000000000000007
11806, 0.0, 0.20000000000000284
11807, 0.0, 0.20000000000000284
11808, 0.0, 0.20000000000000284
11809, 0.0, 0.20000000000000284
11810, 0.0, 0.3000000000000007
11811, 0.0, 0.3000000000000007
11812, -0.09999999999999964, 0.20000000000000284
11813, -0.09999999999999964, 0.20000000000000284
11814, -0.09999999999999964, 0.20000000000000284
11815, -0.09999999999999964, 0.3000000000000007
11816, -0.09999999999999964, 0.20000000000000284
11817, -0.09999999999999964, 0.20000000000000284
11818, -0.09999999999999964, 0.20000000000000284
11819, -0.09999999999999964, 0.20000000000000284
11820, -0.09999999999999964, 0.20000000000000284
11821, -0.09999999999999964, 0.10000000000000142
11822, -0.09999999999999964, 0.20000000000000284
11823, -0.09999999999999964, 0.20000000000000284
11824, -0.09999999999999964, 0.10000000000000142
11825, -0.09999999999999964, 0.20000000000000284
11826, -0.09999999999999964, 0.20000000000000284
11827, -0.09999999999999964, 0.20000000000000284
11828, -0.09999999999999964, 0.10000000000000142
11829, -0.1999999999999993, 0.20000000000000284
11830, -0.1999999999999993, 0.20000000000000284
11831, -0.1999999999999993, 0.10000000000000142
11832, -0.1999999999999993, 0.20000000000000284
11833, -0.1999999999999993, 0.10000000000000142
11834, -0.1999999999999993, 0.10000000000000142
11835, -0.1999999999999993, 0.20000000000000284
11836, -0.1999999999999993, 0.10000000000000142
11837, -0.1999999999999993, 0.10000000000000142
11838, -0.1999999999999993, 0.10000000000000142
11839, -0.1999999999999993, 0.10000000000000142
11840, -0.1999999999999993, 0.20000000000000284
11841, -0.1999999999999993, 0.10000000000000142
11842, -0.3000000000000007, 0.20000000000000284
11843, -0.3000000000000007, 0.10000000000000142
11844, -0.3000000000000007, 0.20000000000000284
11845, -0.3000000000000007, 0.10000000000000142
11846, -0.3000000000000007, 0.20000000000000284
11847, -0.3000000000000007, 0.20000000000000284
11848, -0.3000000000000007, 0.20000000000000284
11849, -0.3000000000000007, 0.20000000000000284
11850, -0.3000000000000007, 0.20000000000000284
11851, -0.3000000000000007, 0.20000000000000284
11852, -0.3000000000000007, 0.20000000000000284
11853, -0.3000000000000007, 0.3000000000000007
11854, -0.40000000000000036, 0.3000000000000007
11855, -0.40000000000000036, 0.3000000000000007
11856, -0.40000000000000036, 0.20000000000000284
11857, -0.40000000000000036, 0.20000000000000284
11858, -0.40000000000000036, 0.20000000000000284
11859, -0.40000000000000036, 0.3000000000000007
11860, -0.40000000000000036, 0.20000000000000284
11861, -0.40000000000000036, 0.3000000000000007
11862, -0.3000000000000007, 0.3000000000000007
11863, -0.3000000000000007, 0.3000000000000007
11864, -0.3000000000000007, 0.20000000000000284
11865, -0.3000000000000007, 0.3000000000000007
11866, -0.3000000000000007, 0.20000000000000284
11867, -0.3000000000000007, 0.3000000000000007
11868, -0.40000000000000036, 0.3000000000000007
11869, -0.40000000000000036, 0.3000000000000007
11870, -0.40000000000000036, 0.3000000000000007
11871, -0.40000000000000036, 0.3000000000000007
11872, -0.40000000000000036, 0.3000000000000007
11873, -0.40000000000000036, 0.3000000000000007
11874, -0.40000000000000036, 0.40000000000000213
11875, -0.40000000000000036, 0.3000000000000007
11876, -0.40000000000000036, 0.3000000000000007
11877, -0.40000000000000036, 0.3000000000000007
11878, -0.40000000000000036, 0.3000000000000007
11879, -0.40000000000000036, 0.3000000000000007
11880, -0.40000000000000036, 0.40000000000000213
11881, -0.40000000000000036, 0.40000000000000213
11882, -0.5, 0.3000000000000007
11883, -0.5, 0.3000000000000007
11884, -0.5, 0.40000000000000213
11885, -0.5, 0.40000000000000213
11886, -0.5, 0.40000000000000213
11887, -0.5, 0.3000000000000007
11888, -0.5, 0.40000000000000213
11889, -0.5, 0.40000000000000213
11890, -0.5, 0.40000000000000213
11891, -0.5, 0.40000000000000213
11892, -0.5, 0.40000000000000213
11893, -0.5, 0.40000000000000213
11894, -0.5999999999999996, 0.40000000000000213
11895, -0.5999999999999996, 0.40000000000000213
11896, -0.5999999999999996, 0.5
11897, -0.5999999999999996, 0.40000000000000213
11898, -0.5999999999999996, 0.40000000000000213
11899, -0.5999999999999996, 0.40000000000000213
11900, -0.5999999999999996, 0.5
11901, -0.5999999999999996, 0.40000000000000213
11902, -0.5999999999999996, 0.40000000000000213
11903, -0.5999999999999996, 0.40000000000000213
11904, -0.5999999999999996, 0.5
11905, -0.5999999999999996, 0.40000000000000213
11906, -0.5999999999999996, 0.5
11907, -0.5999999999999996, 0.5
11908, -0.5999999999999996, 0.40000000000000213
11909, -0.5999999999999996, 0.5
11910, -0.5999999999999996, 0.5
11911, -0.5999999999999996, 0.5
11912, -0.5999999999999996, 0.5
11913, -0.5999999999999996, 0.5
11914, -0.5999999999999996, 0.40000000000000213
11915, -0.5999999999999996, 0.5
11916, -0.5999999999999996, 0.5
11917, -0.5999999999999996, 0.5
11918, -0.5999999999999996, 0.6000000000000014
11919, -0.5999999999999996, 0.6000000000000014
11920, -0.5999999999999996, 0.5
11921, -0.5999999999999996, 0.5
11922, -0.5999999999999996, 0.5
11923, -0.5999999999999996, 0.6000000000000014
11924, -0.5999999999999996, 0.6000000000000014
11925, -0.5999999999999996, 0.6000000000000014
11926, -0.5999999999999996, 0.6000000000000014
11927, -0.5999999999999996, 0.5
11928, -0.5999999999999996, 0.6000000000000014
11929, -0.5999999999999996, 0.6000000000000014
11930, -0.5999999999999996, 0.6000000000000014
11931, -0.5999999999999996, 0.7000000000000028
11932, -0.5999999999999996, 0.6000000000000014
11933, -0.5999999999999996, 0.7000000000000028
11934, -0.5999999999999996, 0.6000000000000014
11935, -0.5999999999999996, 0.6000000000000014
11936, -0.5999999999999996, 0.6000000000000014
11937, -0.5999999999999996, 0.7000000000000028
11938, -0.5999999999999996, 0.7000000000000028
11939, -0.5999999999999996, 0.7000000000000028
11940, -0.5999999999999996, 0.7000000000000028
11941, -0.5999999999999996, 0.7000000000000028
11942, -0.5999999999999996, 0.6000000000000014
11943, -0.5999999999999996, 0.7000000000000028
11944, -0.5999999999999996, 0.7000000000000028
11945, -0.5999999999999996, 0.7000000000000028
11946, -0.5999999999999996, 0.7000000000000028
11947, -0.5999999999999996, 0.7000000000000028
11948, -0.5999999999999996, 0.7000000000000028
11949, -0.5999999999999996, 0.7000000000000028
11950, -0.5999999999999996, 0.7000000000000028
11951, -0.5999999999999996, 0.6000000000000014
11952, -0.5999999999999996, 0.7000000000000028
11953, -0.5999999999999996, 0.7000000000000028
11954, -0.5999999999999996, 0.7000000000000028
11955, -0.5999999999999996, 0.7000000000000028
11956, -0.5999999999999996, 0.7000000000000028
11957, -0.5999999999999996, 0.7000000000000028
11958, -0.5999999999999996, 0.7000000000000028
11959, -0.5999999999999996, 0.7000000000000028
11960, -0.5999999999999996, 0.7000000000000028
11961, -0.5999999999999996, 0.8000000000000007
11962, -0.5999999999999996, 0.8000000000000007
11963, -0.5999999999999996, 0.7000000000000028
11964, -0.5999999999999996, 0.7000000000000028
11965, -0.5999999999999996, 0.7000000000000028
11966, -0.5999999999999996, 0.7000000000000028
11967, -0.5999999999999996, 0.7000000000000028
11968, -0.5999999999999996, 0.7000000000000028
11969, -0.5999999999999996, 0.7000000000000028
11970, -0.5999999999999996, 0.7000000000000028
11971, -0.5999999999999996, 0.7000000000000028
11972, -0.5999999999999996, 0.7000000000000028
11973, -0.5999999999999996, 0.7000000000000028
11974, -0.5999999999999996, 0.7000000000000028
11975, -0.5999999999999996, 0.7000000000000028
11976, -0.5999999999999996, 0.7000000000000028
11977, -0.5999999999999996, 0.7000000000000028
11978, -0.5999999999999996, 0.7000000000000028
11979, -0.5999999999999996, 0.7000000000000028
11980, -0.5999999999999996, 0.7000000000000028
11981, -0.5999999999999996, 0.7000000000000028
11982, -0.5999999999999996, 0.7000000000000028
11983, -0.5999999999999996, 0.6000000000000014
11984, -0.5999999999999996, 0.6000000000000014
11985, -0.5, 0.7000000000000028
11986, -0.5, 0.7000000000000028
11987, -0.5, 0.7000000000000028
11988, -0.5, 0.7000000000000028
11989, -0.5, 0.7000000000000028
11990, -0.5, 0.7000000000000028
11991, -0.5, 0.7000000000000028
11992, -0.5, 0.7000000000000028
11993, -0.5, 0.6000000000000014
11994, -0.5, 0.6000000000000014
11995, -0.5, 0.6000000000000014
11996, -0.5, 0.6000000000000014
11997, -0.5, 0.7000000000000028
11998, -0.5, 0.7000000000000028
11999, -0.5, 0.6000000000000014
12000, -0.5, 0.6000000000000014
12001, -0.5, 0.6000000000000014
12002, -0.5, 0.6000000000000014
12003, -0.40000000000000036, 0.6000000000000014
12004, -0.40000000000000036, 0.5
12005, -0.40000000000000036, 0.6000000000000014
12006, -0.40000000000000036, 0.5
12007, -0.40000000000000036, 0.6000000000000014
12008, -0.40000000000000036, 0.5
12009, -0.40000000000000036, 0.6000000000000014
12010, -0.40000000000000036, 0.5
12011, -0.5, 0.5
12012, -0.5, 0.40000000000000213
12013, -0.5, 0.5
12014, -0.5, 0.5
12015, -0.5, 0.5
12016, -0.5, 0.40000000000000213
12017, -0.5, 0.5
12018, -0.5, 0.40000000000000213
12019, -0.5, 0.40000000000000213
12020, -0.5, 0.40000000000000213
12021, -0.5, 0.5
12022, -0.40000000000000036, 0.40000000000000213
12023, -0.40000000000000036, 0.40000000000000213
12024, -0.40000000000000036, 0.40000000000000213
12025, -0.40000000000000036, 0.40000000000000213
12026, -0.40000000000000036, 0.3000000000000007
12027, -0.40000000000000036, 0.5
12028, -0.40000000000000036, 0.40000000000000213
12029, -0.40000000000000036, 0.40000000000000213
12030, -0.40000000000000036, 0.40000000000000213
12031, -0.40000000000000036, 0.40000000000000213
12032, -0.40000000000000036, 0.3000000000000007
12033, -0.40000000000000036, 0.3000000000000007
12034, -0.40000000000000036, 0.40000000000000213
12035, -0.40000000000000036, 0.40000000000000213
12036, -0.40000000000000036, 0.3000000000000007
12037, -0.3000000000000007, 0.40000000000000213
12038, -0.3000000000000007, 0.3000000000000007
12039, -0.3000000000000007, 0.20000000000000284
12040, -0.3000000000000007, 0.3000000000000007
12041, -0.3000000000000007, 0.3000000000000007
12042, -0.3000000000000007, 0.40000000000000213
12043, -0.3000000000000007, 0.3000000000000007
12044, -0.3000000000000007, 0.3000000000000007
12045, -0.3000000000000007, 0.3000000000000007
12046, -0.3000000000000007, 0.3000000000000007
12047, -0.3000000000000007, 0.20000000000000284
12048, -0.3000000000000007, 0.3000000000000007
12049, -0.3000000000000007, 0.3000000000000007
12050, -0.3000000000000007, 0.3000000000000007
12051, -0.3000000000000007, 0.3000000000000007
12052, -0.1999999999999993, 0.20000000000000284
12053, -0.1999999999999993, 0.3000000000000007
12054, -0.1999999999999993, 0.20000000000000284
12055, -0.1999999999999993, 0.20000000000000284
12056, -0.1999999999999993, 0.20000000000000284
12057, -0.3000000000000007, 0.20000000000000284
12058, -0.3000000000000007, 0.3000000000000007
12059, -0.3000000000000007, 0.3000000000000007
12060, -0.3000000000000007, 0.20000000000000284
12061, -0.3000000000000007, 0.3000000000000007
12062, -0.3000000000000007, 0.20000000000000284
12063, -0.3000000000000007, 0.3000000000000007
12064, -0.3000000000000007, 0.20000000000000284
12065, -0.3000000000000007, 0.20000000000000284
12066, -0.3000000000000007, 0.20000000000000284
12067, -0.3000000000000007, 0.20000000000000284
12068, -0.3000000000000007, 0.3000000000000007
12069, -0.3000000000000007, 0.3000000000000007
12070, -0.1999999999999993, 0.20000000000000284
12071, -0.1999999999999993, 0.3000000000000007
12072, -0.1999999999999993, 0.3000000000000007
12073, -0.1999999999999993, 0.20000000000000284
12074, -0.1999999999999993, 0.3000000000000007
12075, -0.1999999999999993, 0.20000000000000284
12076, -0.1999999999999993, 0.20000000000000284
12077, -0.1999999999999993, 0.20000000000000284
12078, -0.1999999999999993, 0.20000000000000284
12079, -0.1999999999999993, 0.20000000000000284
12080, -0.1999999999999993, 0.20000000000000284
12081, -0.1999999999999993, 0.20000000000000284
12082, -0.1999999999999993, 0.20000000000000284
12083, -0.1999999999999993, 0.20000000000000284
12084, -0.1999999999999993, 0.20000000000000284
12085, -0.1999999999999993, 0.10000000000000142
12086, -0.1999999999999993, 0.20000000000000284
12087, -0.1999999999999993, 0.20000000000000284
12088, -0.1999999999999993, 0.10000000000000142
12089, -0.1999999999999993, 0.20000000000000284
12090, -0.1999999999999993, 0.20000000000000284
12091, -0.1999999999999993, 0.20000000000000284
12092, -0.1999999999999993, 0.10000000000000142
12093, -0.1999999999999993, 0.20000000000000284
12094, -0.1999999999999993, 0.20000000000000284
12095, -0.1999999999999993, 0.10000000000000142
12096, -0.1999999999999993, 0.20000000000000284
12097, -0.1999999999999993, 0.20000000000000284
12098, -0.1999999999999993, 0.20000000000000284
12099, -0.1999999999999993, 0.20000000000000284
12100, -0.1999999999999993, 0.20000000000000284
12101, -0.1999999999999993, 0.20000000000000284
12102, -0.1999999999999993, 0.20000000000000284
12103, -0.1999999999999993, 0.20000000000000284
12104, -0.1999999999999993, 0.20000000000000284
12105, -0.1999999999999993, 0.20000000000000284
12106, -0.1999999999999993, 0.3000000000000007
12107, -0.1999999999999993, 0.3000000000000007
12108, -0.1999999999999993, 0.20000000000000284
12109, -0.1999999999999993, 0.20000000000000284
12110, -0.1999999999999993, 0.3000000000000007
12111, -0.1999999999999993, 0.3000000000000007
12112, -0.3000000000000007, 0.3000000000000007
12113, -0.3000000000000007, 0.20000000000000284
12114, -0.3000000000000007, 0.10000000000000142
12115, -0.3000000000000007, 0.20000000000000284
12116, -0.3000000000000007, 0.20000000000000284
12117, -0.3000000000000007, 0.20000000000000284
12118, -0.3000000000000007, 0.20000000000000284
12119, -0.3000000000000007, 0.20000000000000284
12120, -0.3000000000000007, 0.3000000000000007
12121, -0.3000000000000007, 0.3000000000000007
12122, -0.3000000000000007, 0.3000000000000007
12123, -0.3000000000000007, 0.3000000000000007
12124, -0.3000000000000007, 0.3000000000000007
12125, -0.3000000000000007, 0.20000000000000284
12126, -0.1999999999999993, 0.3000000000000007
12127, -0.1999999999999993, 0.3000000000000007
12128, -0.1999999999999993, 0.3000000000000007
12129, -0.1999999999999993, 0.3000000000000007
12130, -0.1999999999999993, 0.3000000000000007
12131, -0.1999999999999993, 0.3000000000000007
12132, -0.1999999999999993, 0.20000000000000284
12133, -0.1999999999999993, 0.3000000000000007
12134, -0.1999999999999993, 0.3000000000000007
12135, -0.1999999999999993, 0.3000000000000007
12136, -0.1999999999999993, 0.3000000000000007
12137, -0.3000000000000007, 0.3000000000000007
12138, -0.3000000000000007, 0.3000000000000007
12139, -0.3000000000000007, 0.20000000000000284
12140, -0.3000000000000007, 0.20000000000000284
12141, -0.3000000000000007, 0.20000000000000284
12142, -0.3000000000000007, 0.20000000000000284
12143, -0.3000000000000007, 0.20000000000000284
12144, -0.3000000000000007, 0.20000000000000284
12145, -0.3000000000000007, 0.3000000000000007
12146, -0.3000000000000007, 0.3000000000000007
12147, -0.3000000000000007, 0.3000000000000007
12148, -0.3000000000000007, 0.3000000000000007
12149, -0.3000000000000007, 0.3000000000000007
12150, -0.3000000000000007, 0.3000000000000007
12151, -0.1999999999999993, 0.3000000000000007
12152, -0.1999999999999993, 0.3000000000000007
12153, -0.1999999999999993, 0.3000000000000007
12154, -0.1999999999999993, 0.3000000000000007
12155, -0.1999999999999993, 0.3000000000000007
12156, -0.1999999999999993, 0.3000000000000007
12157, -0.1999999999999993, 0.3000000000000007
12158, -0.1999999999999993, 0.3000000000000007
12159, -0.3000000000000007, 0.3000000000000007
12160, -0.3000000000000007, 0.3000000000000007
12161, -0.3000000000000007, 0.20000000000000284
12162, -0.3000000000000007, 0.20000000000000284
12163, -0.3000000000000007, 0.3000000000000007
12164, -0.3000000000000007, 0.20000000000000284
12165, -0.3000000000000007, 0.3000000000000007
12166, -0.3000000000000007, 0.3000000000000007
12167, -0.3000000000000007, 0.3000000000000007
12168, -0.3000000000000007, 0.3000000000000007
12169, -0.3000000000000007, 0.3000000000000007
12170, -0.3000000000000007, 0.3000000000000007
12171, -0.3000000000000007, 0.40000000000000213
12172, -0.3000000000000007, 0.3000000000000007
12173, -0.3000000000000007, 0.20000000000000284
12174, -0.3000000000000007, 0.3000000000000007
12175, -0.3000000000000007, 0.3000000000000007
12176, -0.40000000000000036, 0.3000000000000007
12177, -0.40000000000000036, 0.3000000000000007
12178, -0.5, 0.3000000000000007
12179, -0.5, 0.40000000000000213
12180, -0.5, 0.3000000000000007
12181, -0.5, 0.3000000000000007
12182, -0.5, 0.3000000000000007
12183, -0.5, 0.3000000000000007
12184, -0.5, 0.40000000000000213
12185, -0.5, 0.3000000000000007
12186, -0.5, 0.40000000000000213
12187, -0.5, 0.40000000000000213
12188, -0.5, 0.3000000000000007
12189, -0.5, 0.40000000000000213
12190, -0.5, 0.3000000000000007
12191, -0.5, 0.40000000000000213
12192, -0.5, 0.40000000000000213
12193, -0.5, 0.40000000000000213
12194, -0.5, 0.5
12195, -0.5, 0.3000000000000007
12196, -0.5, 0.40000000000000213
12197, -0.5, 0.40000000000000213
12198, -0.5, 0.40000000000000213
12199, -0.5, 0.5
12200, -0.5, 0.40000000000000213
12201, -0.5, 0.40000000000000213
12202, -0.5, 0.40000000000000213
12203, -0.5, 0.40000000000000213
12204, -0.5, 0.5
12205, -0.5, 0.40000000000000213
12206, -0.5, 0.5
12207, -0.5, 0.40000000000000213
12208, -0.5, 0.40000000000000213
12209, -0.5, 0.5
12210, -0.5, 0.40000000000000213
12211, -0.5, 0.40000000000000213
12212, -0.5, 0.40000000000000213
12213, -0.5, 0.40000000000000213
12214, -0.5, 0.5
12215, -0.5, 0.5
12216, -0.5999999999999996, 0.40000000000000213
12217, -0.5999999999999996, 0.5
12218, -0.5999999999999996, 0.40000000000000213
12219, -0.5999999999999996, 0.40000000000000213
12220, -0.5999999999999996, 0.5
12221, -0.5999999999999996, 0.5
12222, -0.5999999999999996, 0.40000000000000213
12223, -0.5999999999999996, 0.40000000000000213
12224, -0.5999999999999996, 0.40000000000000213
12225, -0.5999999999999996, 0.40000000000000213
12226, -0.5999999999999996, 0.5
12227, -0.5999999999999996, 0.5
12228, -0.5999999999999996, 0.40000000000000213
12229, -0.5999999999999996, 0.5
12230, -0.5999999999999996, 0.40000000000000213
12231, -0.5999999999999996, 0.40000000000000213
12232, -0.5999999999999996, 0.40000000000000213
12233, -0.5999999999999996, 0.5
12234, -0.5999999999999996, 0.5
12235, -0.5999999999999996, 0.5
12236, -0.5999999999999996, 0.5
12237, -0.5999999999999996, 0.40000000000000213
12238, -0.5999999999999996, 0.40000000000000213
12239, -0.5999999999999996, 0.40000000000000213
12240, -0.5999999999999996, 0.5
12241, -0.5999999999999996, 0.5
12242, -0.5999999999999996, 0.5
12243, -0.5999999999999996, 0.5
12244, -0.5999999999999996, 0.5
12245, -0.5999999999999996, 0.6000000000000014
12246, -0.5999999999999996, 0.40000000000000213
12247, -0.5999999999999996, 0.40000000000000213
12248, -0.5999999999999996, 0.40000000000000213
12249, -0.5999999999999996, 0.40000000000000213
12250, -0.5999999999999996, 0.5
12251, -0.5999999999999996, 0.5
12252, -0.5999999999999996, 0.5
12253, -0.5999999999999996, 0.5
12254, -0.5999999999999996, 0.5
12255, -0.5999999999999996, 0.40000000000000213
12256, -0.5999999999999996, 0.40000000000000213
12257, -0.5999999999999996, 0.40000000000000213
12258, -0.5999999999999996, 0.40000000000000213
12259, -0.5999999999999996, 0.40000000000000213
12260, -0.5999999999999996, 0.40000000000000213
12261, -0.5999999999999996, 0.5
12262, -0.5999999999999996, 0.5
12263, -0.5999999999999996, 0.5
12264, -0.5999999999999996, 0.40000000000000213
12265, -0.5999999999999996, 0.40000000000000213
12266, -0.5999999999999996, 0.40000000000000213
12267, -0.5999999999999996, 0.40000000000000213
12268, -0.5999999999999996, 0.40000000000000213
12269, -0.5999999999999996, 0.40000000000000213
12270, -0.5999999999999996, 0.40000000000000213
12271, -0.5999999999999996, 0.40000000000000213
12272, -0.5999999999999996, 0.5
12273, -0.5999999999999996, 0.40000000000000213
12274, -0.5999999999999996, 0.40000000000000213
12275, -0.5999999999999996, 0.40000000000000213
12276, -0.5999999999999996, 0.40000000000000213
12277, -0.5999999999999996, 0.40000000000000213
12278, -0.5999999999999996, 0.40000000000000213
12279, -0.5999999999999996, 0.40000000000000213
12280, -0.5, 0.40000000000000213
12281, -0.5, 0.40000000000000213
12282, -0.5, 0.40000000000000213
12283, -0.5, 0.40000000000000213
12284, -0.5, 0.40000000000000213
12285, -0.5, 0.40000000000000213
12286, -0.5, 0.40000000000000213
12287, -0.5, 0.40000000000000213
12288, -0.5, 0.40000000000000213
12289, -0.5, 0.40000000000000213
12290, -0.5, 0.40000000000000213
12291, -0.5, 0.40000000000000213
12292, -0.5, 0.40000000000000213
12293, -0.5, 0.40000000000000213
12294, -0.5, 0.40000000000000213
12295, -0.5, 0.40000000000000213
12296, -0.5, 0.5
12297, -0.5, 0.5
12298, -0.5, 0.5
12299, -0.5, 0.40000000000000213
12300, -0.5, 0.40000000000000213
12301, -0.5, 0.5
12302, -0.5, 0.5
12303, -0.5, 0.40000000000000213
12304, -0.5, 0.40000000000000213
12305, -0.5, 0.40000000000000213
12306, -0.5, 0.5
12307, -0.5, 0.5
12308, -0.5, 0.40000000000000213
12309, -0.5, 0.40000000000000213
12310, -0.5, 0.5
12311, -0.5, 0.5
12312, -0.5, 0.40000000000000213
12313, -0.5, 0.40000000000000213
12314, -0.5, 0.40000000000000213
12315, -0.5, 0.5
12316, -0.5, 0.40000000000000213
12317, -0.40000000000000036, 0.40000000000000213
12318, -0.40000000000000036, 0.40000000000000213
12319, -0.40000000000000036, 0.40000000000000213
12320, -0.40000000000000036, 0.40000000000000213
12321, -0.40000000000000036, 0.40000000000000213
12322, -0.40000000000000036, 0.5
12323, -0.40000000000000036, 0.40000000000000213
12324, -0.40000000000000036, 0.5
12325, -0.40000000000000036, 0.5
12326, -0.40000000000000036, 0.5
12327, -0.40000000000000036, 0.40000000000000213
12328, -0.40000000000000036, 0.5
12329, -0.40000000000000036, 0.5
12330, -0.40000000000000036, 0.40000000000000213
12331, -0.40000000000000036, 0.40000000000000213
12332, -0.3000000000000007, 0.40000000000000213
12333, -0.3000000000000007, 0.5
12334, -0.3000000000000007, 0.40000000000000213
12335, -0.3000000000000007, 0.40000000000000213
12336, -0.3000000000000007, 0.40000000000000213
12337, -0.3000000000000007, 0.40000000000000213
12338, -0.3000000000000007, 0.40000000000000213
12339, -0.3000000000000007, 0.40000000000000213
12340, -0.3000000000000007, 0.40000000000000213
12341, -0.3000000000000007, 0.40000000000000213
12342, -0.3000000000000007, 0.40000000000000213
12343, -0.3000000000000007, 0.40000000000000213
12344, -0.3000000000000007, 0.40000000000000213
12345, -0.3000000000000007, 0.40000000000000213
12346, -0.3000000000000007, 0.40000000000000213
12347, -0.3000000000000007, 0.40000000000000213
12348, -0.3000000000000007, 0.40000000000000213
12349, -0.3000000000000007, 0.3000000000000007
12350, -0.1999999999999993, 0.3000000000000007
12351, -0.1999999999999993, 0.40000000000000213
12352, -0.1999999999999993, 0.40000000000000213
12353, -0.1999999999999993, 0.3000000000000007
12354, -0.1999999999999993, 0.3000000000000007
12355, -0.1999999999999993, 0.40000000000000213
12356, -0.1999999999999993, 0.40000000000000213
12357, -0.1999999999999993, 0.3000000000000007
12358, -0.1999999999999993, 0.3000000000000007
12359, -0.1999999999999993, 0.3000000000000007
12360, -0.1999999999999993, 0.3000000000000007
12361, -0.1999999999999993, 0.3000000000000007
12362, -0.1999999999999993, 0.3000000000000007
12363, -0.1999999999999993, 0.3000000000000007
12364, -0.1999999999999993, 0.3000000000000007
12365, -0.1999999999999993, 0.3000000000000007
12366, -0.1999999999999993, 0.3000000000000007
12367, -0.1999999999999993, 0.3000000000000007
12368, -0.1999999999999993, 0.20000000000000284
12369, -0.1999999999999993, 0.3000000000000007
12370, -0.1999999999999993, 0.3000000000000007
12371, -0.1999999999999993, 0.3000000000000007
12372, -0.1999999999999993, 0.20000000000000284
12373, -0.1999999999999993, 0.20000000000000284
12374, -0.1999999999999993, 0.3000000000000007
12375, -0.1999999999999993, 0.3000000000000007
12376, -0.1999999999999993, 0.20000000000000284
12377, -0.1999999999999993, 0.20000000000000284
12378, -0.1999999999999993, 0.20000000000000284
12379, -0.1999999999999993, 0.3000000000000007
12380, -0.1999999999999993, 0.3000000000000007
12381, -0.1999999999999993, 0.3000000000000007
12382, -0.1999999999999993, 0.3000000000000007
12383, -0.1999999999999993, 0.3000000000000007
12384, -0.1999999999999993, 0.3000000000000007
12385, -0.1999999999999993, 0.40000000000000213
12386, -0.1999999999999993, 0.3000000000000007
12387, -0.1999999999999993, 0.3000000000000007
12388, -0.1999999999999993, 0.3000000000000007
12389, -0.1999999999999993, 0.3000000000000007
12390, -0.1999999999999993, 0.3000000000000007
12391, -0.1999999999999993, 0.40000000000000213
12392, -0.1999999999999993, 0.40000000000000213
12393, -0.1999999999999993, 0.3000000000000007
12394, -0.1999999999999993, 0.3000000000000007
12395, -0.1999999999999993, 0.3000000000000007
12396, -0.1999999999999993, 0.20000000000000284
12397, -0.1999999999999993, 0.20000000000000284
12398, -0.1999999999999993, 0.3000000000000007
12399, -0.1999999999999993, 0.3000000000000007
12400, -0.1999999999999993, 0.3000000000000007
12401, -0.1999999999999993, 0.3000000000000007
12402, -0.1999999999999993, 0.3000000000000007
12403, -0.1999999999999993, 0.3000000000000007
12404, -0.1999999999999993, 0.3000000000000007
12405, -0.1999999999999993, 0.3000000000000007
12406, -0.1999999999999993, 0.3000000000000007
12407, -0.1999999999999993, 0.3000000000000007
12408, -0.1999999999999993, 0.40000000000000213
12409, -0.1999999999999993, 0.40000000000000213
12410, -0.1999999999999993, 0.40000000000000213
12411, -0.1999999999999993, 0.3000000000000007
12412, -0.1999999999999993, 0.3000000000000007
12413, -0.1999999999999993, 0.3000000000000007
12414, -0.1999999999999993, 0.3000000000000007
12415, -0.3000000000000007, 0.3000000000000007
12416, -0.3000000000000007, 0.3000000000000007
12417, -0.3000000000000007, 0.3000000000000007
12418, -0.3000000000000007, 0.3000000000000007
12419, -0.3000000000000007, 0.3000000000000007
12420, -0.3000000000000007, 0.20000000000000284
12421, -0.3000000000000007, 0.20000000000000284
12422, -0.3000000000000007, 0.3000000000000007
12423, -0.3000000000000007, 0.3000000000000007
12424, -0.3000000000000007, 0.3000000000000007
12425, -0.3000000000000007, 0.3000000000000007
12426, -0.3000000000000007, 0.3000000000000007
12427, -0.3000000000000007, 0.3000000000000007
12428, -0.3000000000000007, 0.20000000000000284
12429, -0.3000000000000007, 0.20000000000000284
12430, -0.3000000000000007, 0.20000000000000284
12431, -0.3000000000000007, 0.3000000000000007
12432, -0.3000000000000007, 0.3000000000000007
12433, -0.3000000000000007, 0.3000000000000007
12434, -0.3000000000000007, 0.3000000000000007
12435, -0.3000000000000007, 0.3000000000000007
12436, -0.3000000000000007, 0.3000000000000007
12437, -0.3000000000000007, 0.20000000000000284
12438, -0.3000000000000007, 0.3000000000000007
12439, -0.3000000000000007, 0.3000000000000007
12440, -0.3000000000000007, 0.3000000000000007
12441, -0.3000000000000007, 0.3000000000000007
12442, -0.3000000000000007, 0.20000000000000284
12443, -0.3000000000000007, 0.20000000000000284
12444, -0.3000000000000007, 0.3000000000000007
12445, -0.3000000000000007, 0.3000000000000007
12446, -0.3000000000000007, 0.20000000000000284
12447, -0.3000000000000007, 0.20000000000000284
12448, -0.3000000000000007, 0.20000000000000284
12449, -0.3000000000000007, 0.20000000000000284
12450, -0.3000000000000007, 0.3000000000000007
12451, -0.3000000000000007, 0.3000000000000007
12452, -0.3000000000000007, 0.3000000000000007
12453, -0.3000000000000007, 0.3000000000000007
12454, -0.3000000000000007, 0.3000000000000007
12455, -0.3000000000000007, 0.3000000000000007
12456, -0.3000000000000007, 0.20000000000000284
12457, -0.3000000000000007, 0.20000000000000284
12458, -0.3000000000000007, 0.20000000000000284
12459, -0.3000000000000007, 0.20000000000000284
12460, -0.3000000000000007, 0.3000000000000007
12461, -0.3000000000000007, 0.3000000000000007
12462, -0.3000000000000007, 0.3000000000000007
12463, -0.3000000000000007, 0.3000000000000007
12464, -0.3000000000000007, 0.40000000000000213
12465, -0.3000000000000007, 0.3000000000000007
12466, -0.3000000000000007, 0.3000000000000007
12467, -0.3000000000000007, 0.20000000000000284
12468, -0.3000000000000007, 0.20000000000000284
12469, -0.3000000000000007, 0.3000000000000007
12470, -0.3000000000000007, 0.3000000000000007
12471, -0.3000000000000007, 0.3000000000000007
12472, -0.3000000000000007, 0.3000000000000007
12473, -0.3000000000000007, 0.3000000000000007
12474, -0.3000000000000007, 0.3000000000000007
12475, -0.3000000000000007, 0.3000000000000007
12476, -0.3000000000000007, 0.20000000000000284
12477, -0.3000000000000007, 0.3000000000000007
12478, -0.3000000000000007, 0.3000000000000007
12479, -0.3000000000000007, 0.3000000000000007
12480, -0.3000000000000007, 0.3000000000000007
12481, -0.1999999999999993, 0.40000000000000213
12482, -0.1999999999999993, 0.3000000000000007
12483, -0.1999999999999993, 0.3000000000000007
12484, -0.1999999999999993, 0.3000000000000007
12485, -0.1999999999999993, 0.40000000000000213
12486, -0.1999999999999993, 0.40000000000000213
12487, -0.1999999999999993, 0.40000000000000213
12488, -0.1999999999999993, 0.3000000000000007
12489, -0.1999999999999993, 0.3000000000000007
12490, -0.1999999999999993, 0.3000000000000007
12491, -0.1999999999999993, 0.3000000000000007
12492, -0.3000000000000007, 0.3000000000000007
12493, -0.3000000000000007, 0.3000000000000007
12494, -0.3000000000000007, 0.40000000000000213
12495, -0.3000000000000007, 0.40000000000000213
12496, -0.3000000000000007, 0.3000000000000007
12497, -0.3000000000000007, 0.3000000000000007
12498, -0.3000000000000007, 0.3000000000000007
12499, -0.3000000000000007, 0.40000000000000213
12500, -0.3000000000000007, 0.40000000000000213
12501, -0.3000000000000007, 0.40000000000000213
12502, -0.3000000000000007, 0.40000000000000213
12503, -0.3000000000000007, 0.3000000000000007
12504, -0.3000000000000007, 0.40000000000000213
12505, -0.3000000000000007, 0.40000000000000213
12506, -0.3000000000000007, 0.40000000000000213
12507, -0.3000000000000007, 0.40000000000000213
12508, -0.3000000000000007, 0.40000000000000213
12509, -0.3000000000000007, 0.3000000000000007
12510, -0.3000000000000007, 0.40000000000000213
12511, -0.3000000000000007, 0.40000000000000213
12512, -0.3000000000000007, 0.5
12513, -0.3000000000000007, 0.5
12514, -0.3000000000000007, 0.5
12515, -0.3000000000000007, 0.40000000000000213
12516, -0.3000000000000007, 0.40000000000000213
12517, -0.3000000000000007, 0.5
12518, -0.3000000000000007, 0.5
12519, -0.3000000000000007, 0.5
12520, -0.3000000000000007, 0.5
12521, -0.3000000000000007, 0.5
12522, -0.3000000000000007, 0.40000000000000213
12523, -0.3000000000000007, 0.40000000000000213
12524, -0.3000000000000007, 0.40000000000000213
12525, -0.3000000000000007, 0.5
12526, -0.40000000000000036, 0.5
12527, -0.40000000000000036, 0.5
12528, -0.40000000000000036, 0.5
12529, -0.40000000000000036, 0.5
12530, -0.40000000000000036, 0.5
12531, -0.40000000000000036, 0.40000000000000213
12532, -0.40000000000000036, 0.40000000000000213
12533, -0.40000000000000036, 0.40000000000000213
12534, -0.40000000000000036, 0.40000000000000213
12535, -0.40000000000000036, 0.40000000000000213
12536, -0.40000000000000036, 0.40000000000000213
12537, -0.5, 0.40000000000000213
12538, -0.5, 0.40000000000000213
12539, -0.5, 0.40000000000000213
12540, -0.5, 0.40000000000000213
12541, -0.5, 0.3000000000000007
12542, -0.5, 0.3000000000000007
12543, -0.5, 0.40000000000000213
12544, -0.5, 0.40000000000000213
12545, -0.5, 0.40000000000000213
12546, -0.5, 0.40000000000000213
12547, -0.5, 0.40000000000000213
12548, -0.5, 0.40000000000000213
12549, -0.5, 0.40000000000000213
12550, -0.5, 0.3000000000000007
12551, -0.5, 0.40000000000000213
12552, -0.5, 0.40000000000000213
12553, -0.5, 0.40000000000000213
12554, -0.5, 0.40000000000000213
12555, -0.5, 0.40000000000000213
12556, -0.5, 0.40000000000000213
12557, -0.5, 0.40000000000000213
12558, -0.5, 0.40000000000000213
12559, -0.5, 0.40000000000000213
12560, -0.5, 0.40000000000000213
12561, -0.5, 0.40000000000000213
12562, -0.5, 0.3000000000000007
12563, -0.5, 0.3000000000000007
12564, -0.5, 0.3000000000000007
12565, -0.5, 0.3000000000000007
12566, -0.5, 0.3000000000000007
12567, -0.5, 0.3000000000000007
12568, -0.5, 0.3000000000000007
12569, -0.5, 0.3000000000000007
12570, -0.5, 0.3000000000000007
12571, -0.5, 0.40000000000000213
12572, -0.5, 0.40000000000000213
12573, -0.5, 0.3000000000000007
12574, -0.5, 0.3000000000000007
12575, -0.5, 0.3000000000000007
12576, -0.5, 0.3000000000000007
12577, -0.5, 0.3000000000000007
12578, -0.5, 0.3000000000000007
12579, -0.5, 0.3000000000000007
12580, -0.5, 0.3000000000000007
12581, -0.5, 0.3000000000000007
12582, -0.5, 0.3000000000000007
12583, -0.5, 0.40000000000000213
12584, -0.5, 0.3000000000000007
12585, -0.5, 0.3000000000000007
12586, -0.5, 0.3000000000000007
12587, -0.40000000000000036, 0.3000000000000007
12588, -0.40000000000000036, 0.3000000000000007
12589, -0.40000000000000036, 0.3000000000000007
12590, -0.40000000000000036, 0.3000000000000007
12591, -0.40000000000000036, 0.3000000000000007
12592, -0.40000000000000036, 0.3000000000000007
12593, -0.40000000000000036, 0.3000000000000007
12594, -0.40000000000000036, 0.3000000000000007
12595, -0.40000000000000036, 0.3000000000000007
12596, -0.40000000000000036, 0.3000000000000007
12597, -0.40000000000000036, 0.3000000000000007
12598, -0.40000000000000036, 0.3000000000000007
12599, -0.40000000000000036, 0.3000000000000007
12600, -0.3000000000000007, 0.3000000000000007
12601, -0.3000000000000007, 0.3000000000000007
12602, -0.3000000000000007, 0.40000000000000213
12603, -0.3000000000000007, 0.3000000000000007
12604, -0.3000000000000007, 0.3000000000000007
12605, -0.3000000000000007, 0.3000000000000007
12606, -0.3000000000000007, 0.3000000000000007
12607, -0.3000000000000007, 0.40000000000000213
12608, -0.3000000000000007, 0.40000000000000213
12609, -0.3000000000000007, 0.3000000000000007
12610, -0.3000000000000007, 0.3000000000000007
12611, -0.3000000000000007, 0.40000000000000213
12612, -0.3000000000000007, 0.40000000000000213
12613, -0.3000000000000007, 0.40000000000000213
12614, -0.3000000000000007, 0.40000000000000213
12615, -0.3000000000000007, 0.3000000000000007
12616, -0.3000000000000007, 0.3000000000000007
12617, -0.3000000000000007, 0.40000000000000213
12618, -0.3000000000000007, 0.40000000000000213
12619, -0.3000000000000007, 0.40000000000000213
12620, -0.3000000000000007, 0.40000000000000213
12621, -0.3000000000000007, 0.40000000000000213
12622, -0.3000000000000007, 0.3000000000000007
12623, -0.3000000000000007, 0.40000000000000213
12624, -0.3000000000000007, 0.40000000000000213
12625, -0.3000000000000007, 0.40000000000000213
12626, -0.3000000000000007, 0.40000000000000213
12627, -0.3000000000000007, 0.40000000000000213
12628, -0.3000000000000007, 0.3000000000000007
12629, -0.3000000000000007, 0.3000000000000007
12630, -0.3000000000000007, 0.3000000000000007
12631, -0.3000000000000007, 0.3000000000000007
12632, -0.3000000000000007, 0.40000000000000213
12633, -0.3000000000000007, 0.40000000000000213
12634, -0.3000000000000007, 0.40000000000000213
12635, -0.3000000000000007, 0.3000000000000007
12636, -0.3000000000000007, 0.3000000000000007
12637, -0.3000000000000007, 0.3000000000000007
12638, -0.3000000000000007, 0.3000000000000007
12639, -0.3000000000000007, 0.3000000000000007
12640, -0.3000000000000007, 0.3000000000000007
12641, -0.3000000000000007, 0.3000000000000007
12642, -0.3000000000000007, 0.3000000000000007
12643, -0.3000000000000007, 0.3000000000000007
12644, -0.3000000000000007, 0.3000000000000007
12645, -0.3000000000000007, 0.3000000000000007
12646, -0.3000000000000007, 0.3000000000000007
12647, -0.3000000000000007, 0.3000000000000007
12648, -0.1999999999999993, 0.3000000000000007
12649, -0.1999999999999993, 0.3000000000000007
12650, -0.3000000000000007, 0.3000000000000007
12651, -0.3000000000000007, 0.3000000000000007
12652, -0.3000000000000007, 0.3000000000000007
12653, -0.3000000000000007, 0.3000000000000007
12654, -0.3000000000000007, 0.3000000000000007
12655, -0.3000000000000007, 0.3000000000000007
12656, -0.3000000000000007, 0.3000000000000007
12657, -0.3000000000000007, 0.3000000000000007
12658, -0.3000000000000007, 0.3000000000000007
12659, -0.3000000000000007, 0.3000000000000007
12660, -0.3000000000000007, 0.3000000000000007
12661, -0.3000000000000007, 0.3000000000000007
12662, -0.3000000000000007, 0.3000000000000007
12663, -0.3000000000000007, 0.3000000000000007
12664, -0.3000000000000007, 0.3000000000000007
12665, -0.3000000000000007, 0.3000000000000007
12666, -0.3000000000000007, 0.20000000000000284
12667, -0.3000000000000007, 0.20000000000000284
12668, -0.3000000000000007, 0.20000000000000284
12669, -0.3000000000000007, 0.20000000000000284
12670, -0.3000000000000007, 0.20000000000000284
12671, -0.3000000000000007, 0.20000000000000284
12672, -0.3000000000000007, 0.20000000000000284
12673, -0.3000000000000007, 0.20000000000000284
12674, -0.3000000000000007, 0.20000000000000284
12675, -0.3000000000000007, 0.20000000000000284
12676, -0.3000000000000007, 0.20000000000000284
12677, -0.3000000000000007, 0.20000000000000284
12678, -0.3000000000000007, 0.20000000000000284
12679, -0.3000000000000007, 0.20000000000000284
12680, -0.3000000000000007, 0.20000000000000284
12681, -0.3000000000000007, 0.20000000000000284
12682, -0.3000000000000007, 0.20000000000000284
12683, -0.3000000000000007, 0.20000000000000284
12684, -0.3000000000000007, 0.20000000000000284
12685, -0.40000000000000036, 0.20000000000000284
12686, -0.40000000000000036, 0.20000000000000284
12687, -0.40000000000000036, 0.20000000000000284
12688, -0.40000000000000036, 0.20000000000000284
12689, -0.40000000000000036, 0.20000000000000284
12690, -0.40000000000000036, 0.3000000000000007
12691, -0.40000000000000036, 0.3000000000000007
12692, -0.40000000000000036, 0.20000000000000284
12693, -0.40000000000000036, 0.20000000000000284
12694, -0.40000000000000036, 0.3000000000000007
12695, -0.40000000000000036, 0.3000000000000007
12696, -0.40000000000000036, 0.3000000000000007
12697, -0.40000000000000036, 0.3000000000000007
12698, -0.40000000000000036, 0.3000000000000007
12699, -0.40000000000000036, 0.3000000000000007
12700, -0.40000000000000036, 0.3000000000000007
12701, -0.40000000000000036, 0.3000000000000007
12702, -0.40000000000000036, 0.3000000000000007
12703, -0.40000000000000036, 0.20000000000000284
12704, -0.40000000000000036, 0.20000000000000284
12705, -0.40000000000000036, 0.3000000000000007
12706, -0.40000000000000036, 0.3000000000000007
12707, -0.40000000000000036, 0.3000000000000007
12708, -0.40000000000000036, 0.3000000000000007
12709, -0.40000000000000036, 0.3000000000000007
12710, -0.40000000000000036, 0.3000000000000007
12711, -0.40000000000000036, 0.20000000000000284
12712, -0.40000000000000036, 0.20000000000000284
12713, -0.40000000000000036, 0.3000000000000007
12714, -0.40000000000000036, 0.3000000000000007
12715, -0.40000000000000036, 0.3000000000000007
12716, -0.40000000000000036, 0.3000000000000007
12717, -0.40000000000000036, 0.3000000000000007
12718, -0.40000000000000036, 0.3000000000000007
12719, -0.40000000000000036, 0.3000000000000007
12720, -0.40000000000000036, 0.40000000000000213
12721, -0.40000000000000036, 0.40000000000000213
12722, -0.40000000000000036, 0.40000000000000213
12723, -0.5, 0.40000000000000213
12724, -0.5, 0.3000000000000007
12725, -0.5, 0.3000000000000007
12726, -0.5, 0.40000000000000213
12727, -0.5, 0.40000000000000213
12728, -0.5, 0.40000000000000213
12729, -0.5, 0.3000000000000007
12730, -0.5, 0.3000000000000007
12731, -0.5, 0.3000000000000007
12732, -0.5, 0.40000000000000213
12733, -0.5, 0.40000000000000213
12734, -0.5, 0.3000000000000007
12735, -0.5, 0.3000000000000007
12736, -0.5, 0.3000000000000007
12737, -0.40000000000000036, 0.3000000000000007
12738, -0.40000000000000036, 0.40000000000000213
12739, -0.40000000000000036, 0.40000000000000213
12740, -0.40000000000000036, 0.3000000000000007
12741, -0.40000000000000036, 0.3000000000000007
12742, -0.40000000000000036, 0.3000000000000007
12743, -0.40000000000000036, 0.40000000000000213
12744, -0.40000000000000036, 0.5
12745, -0.40000000000000036, 0.40000000000000213
12746, -0.40000000000000036, 0.40000000000000213
12747, -0.40000000000000036, 0.40000000000000213
12748, -0.40000000000000036, 0.40000000000000213
12749, -0.40000000000000036, 0.40000000000000213
12750, -0.40000000000000036, 0.40000000000000213
12751, -0.40000000000000036, 0.40000000000000213
12752, -0.40000000000000036, 0.40000000000000213
12753, -0.40000000000000036, 0.40000000000000213
12754, -0.40000000000000036, 0.40000000000000213
12755, -0.40000000000000036, 0.40000000000000213
12756, -0.40000000000000036, 0.40000000000000213
12757, -0.40000000000000036, 0.3000000000000007
12758, -0.40000000000000036, 0.3000000000000007
12759, -0.40000000000000036, 0.3000000000000007
12760, -0.40000000000000036, 0.40000000000000213
12761, -0.40000000000000036, 0.40000000000000213
12762, -0.40000000000000036, 0.40000000000000213
12763, -0.40000000000000036, 0.40000000000000213
12764, -0.40000000000000036, 0.3000000000000007
12765, -0.40000000000000036, 0.3000000000000007
12766, -0.40000000000000036, 0.3000000000000007
12767, -0.40000000000000036, 0.3000000000000007
12768, -0.40000000000000036, 0.3000000000000007
12769, -0.40000000000000036, 0.3000000000000007
12770, -0.40000000000000036, 0.40000000000000213
12771, -0.40000000000000036, 0.40000000000000213
12772, -0.40000000000000036, 0.40000000000000213
12773, -0.40000000000000036, 0.40000000000000213
12774, -0.40000000000000036, 0.40000000000000213
12775, -0.40000000000000036, 0.40000000000000213
12776, -0.40000000000000036, 0.40000000000000213
12777, -0.40000000000000036, 0.40000000000000213
12778, -0.40000000000000036, 0.40000000000000213
12779, -0.40000000000000036, 0.3000000000000007
12780, -0.40000000000000036, 0.3000000000000007
12781, -0.40000000000000036, 0.3000000000000007
12782, -0.40000000000000036, 0.3000000000000007
12783, -0.40000000000000036, 0.40000000000000213
12784, -0.40000000000000036, 0.40000000000000213
12785, -0.40000000000000036, 0.40000000000000213
12786, -0.40000000000000036, 0.40000000000000213
12787, -0.40000000000000036, 0.40000000000000213
12788, -0.40000000000000036, 0.3000000000000007
12789, -0.40000000000000036, 0.3000000000000007
12790, -0.40000000000000036, 0.3000000000000007
12791, -0.40000000000000036, 0.3000000000000007
12792, -0.40000000000000036, 0.3000000000000007
12793, -0.40000000000000036, 0.40000000000000213
12794, -0.5, 0.40000000000000213
12795, -0.40000000000000036, 0.40000000000000213
12796, -0.40000000000000036, 0.40000000000000213
12797, -0.40000000000000036, 0.40000000000000213
12798, -0.40000000000000036, 0.40000000000000213
12799, -0.40000000000000036, 0.40000000000000213
12800, -0.40000000000000036, 0.40000000000000213
12801, -0.40000000000000036, 0.40000000000000213
12802, -0.40000000000000036, 0.3000000000000007
12803, -0.40000000000000036, 0.40000000000000213
12804, -0.40000000000000036, 0.40000000000000213
12805, -0.40000000000000036, 0.40000000000000213
12806, -0.40000000000000036, 0.40000000000000213
12807, -0.40000000000000036, 0.40000000000000213
12808, -0.40000000000000036, 0.40000000000000213
12809, -0.40000000000000036, 0.40000000000000213
12810, -0.40000000000000036, 0.40000000000000213
12811, -0.40000000000000036, 0.40000000000000213
12812, -0.40000000000000036, 0.3000000000000007
12813, -0.40000000000000036, 0.3000000000000007
12814, -0.40000000000000036, 0.3000000000000007
12815, -0.40000000000000036, 0.3000000000000007
12816, -0.40000000000000036, 0.3000000000000007
12817, -0.1999999999999993, 0.3000000000000007
12818, -0.1999999999999993, 0.40000000000000213
12819, -0.1999999999999993, 0.40000000000000213
12820, -0.1999999999999993, 0.40000000000000213
12821, -0.1999999999999993, 0.40000000000000213
12822, -0.1999999999999993, 0.40000000000000213
12823, -0.1999999999999993, 0.40000000000000213
12824, -0.1999999999999993, 0.40000000000000213
12825, -0.1999999999999993, 0.40000000000000213
12826, -0.1999999999999993, 0.3000000000000007
12827, -0.1999999999999993, 0.3000000000000007
12828, -0.1999999999999993, 0.3000000000000007
12829, -0.1999999999999993, 0.3000000000000007
12830, -0.1999999999999993, 0.3000000000000007
12831, -0.1999999999999993, 0.3000000000000007
12832, -0.1999999999999993, 0.3000000000000007
12833, -0.1999999999999993, 0.3000000000000007
12834, -0.1999999999999993, 0.3000000000000007
12835, -0.1999999999999993, 0.40000000000000213
12836, -0.3000000000000007, 0.40000000000000213
12837, -0.3000000000000007, 0.40000000000000213
12838, -0.3000000000000007, 0.40000000000000213
12839, -0.3000000000000007, 0.3000000000000007
12840, -0.3000000000000007, 0.3000000000000007
12841, -0.3000000000000007, 0.3000000000000007
12842, -0.3000000000000007, 0.3000000000000007
12843, -0.3000000000000007, 0.3000000000000007
12844, -0.3000000000000007, 0.3000000000000007
12845, -0.3000000000000007, 0.40000000000000213
12846, -0.3000000000000007, 0.40000000000000213
12847, -0.3000000000000007, 0.40000000000000213
12848, -0.40000000000000036, 0.40000000000000213
12849, -0.3000000000000007, 0.40000000000000213
12850, -0.3000000000000007, 0.40000000000000213
12851, -0.3000000000000007, 0.40000000000000213
12852, -0.3000000000000007, 0.40000000000000213
12853, -0.3000000000000007, 0.3000000000000007
12854, -0.3000000000000007, 0.3000000000000007
12855, -0.3000000000000007, 0.40000000000000213
12856, -0.3000000000000007, 0.40000000000000213
12857, -0.3000000000000007, 0.40000000000000213
12858, -0.3000000000000007, 0.40000000000000213
12859, -0.3000000000000007, 0.40000000000000213
12860, -0.3000000000000007, 0.40000000000000213
12861, -0.3000000000000007, 0.40000000000000213
12862, -0.1999999999999993, 0.40000000000000213
12863, -0.1999999999999993, 0.40000000000000213
12864, -0.1999999999999993, 0.3000000000000007
12865, -0.1999999999999993, 0.40000000000000213
12866, -0.1999999999999993, 0.40000000000000213
12867, -0.1999999999999993, 0.40000000000000213
12868, -0.1999999999999993, 0.40000000000000213
12869, -0.1999999999999993, 0.40000000000000213
12870, -0.09999999999999964, 0.40000000000000213
12871, -0.09999999999999964, 0.40000000000000213
12872, -0.09999999999999964, 0.3000000000000007
12873, -0.09999999999999964, 0.3000000000000007
12874, -0.09999999999999964, 0.3000000000000007
12875, -0.09999999999999964, 0.3000000000000007
12876, -0.09999999999999964, 0.3000000000000007
12877, -0.09999999999999964, 0.3000000000000007
12878, -0.09999999999999964, 0.3000000000000007
12879, -0.09999999999999964, 0.3000000000000007
12880, -0.09999999999999964, 0.3000000000000007
12881, -0.09999999999999964, 0.3000000000000007
12882, -0.09999999999999964, 0.3000000000000007
12883, -0.09999999999999964, 0.40000000000000213
12884, -0.09999999999999964, 0.40000000000000213
12885, -0.09999999999999964, 0.3000000000000007
12886, -0.09999999999999964, 0.3000000000000007
12887, -0.09999999999999964, 0.3000000000000007
12888, -0.09999999999999964, 0.3000000000000007
12889, -0.09999999999999964, 0.3000000000000007
12890, -0.09999999999999964, 0.20000000000000284
12891, -0.09999999999999964, 0.20000000000000284
12892, -0.09999999999999964, 0.20000000000000284
12893, -0.09999999999999964, 0.20000000000000284
12894, -0.09999999999999964, 0.20000000000000284
12895, -0.09999999999999964, 0.20000000000000284
12896, -0.09999999999999964, 0.20000000000000284
12897, -0.09999999999999964, 0.10000000000000142
12898, -0.09999999999999964, 0.10000000000000142
12899, -0.09999999999999964, 0.10000000000000142
12900, -0.09999999999999964, 0.10000000000000142
12901, 0.0, 0.20000000000000284
12902, 0.0, 0.20000000000000284
12903, 0.0, 0.20000000000000284
12904, 0.0, 0.10000000000000142
12905, 0.0, 0.10000000000000142
12906, 0.0, 0.10000000000000142
12907, 0.0, 0.10000000000000142
12908, 0.0, 0.10000000000000142
12909, 0.0, 0.10000000000000142
12910, 0.0, 0.10000000000000142
12911, 0.0, 0.10000000000000142
12912, 0.0, 0.10000000000000142
12913, 0.0, 0.10000000000000142
12914, 0.0, 0.10000000000000142
12915, -0.09999999999999964, 0.10000000000000142
12916, -0.09999999999999964, 0.20000000000000284
12917, -0.09999999999999964, 0.20000000000000284
12918, -0.09999999999999964, 0.20000000000000284
12919, -0.1999999999999993, 0.20000000000000284
12920, -0.1999999999999993, 0.20000000000000284
12921, -0.1999999999999993, 0.20000000000000284
12922, -0.1999999999999993, 0.10000000000000142
12923, -0.1999999999999993, 0.10000000000000142
12924, -0.1999999999999993, 0.10000000000000142
12925, -0.1999999999999993, 0.10000000000000142
12926, -0.1999999999999993, 0.10000000000000142
12927, -0.1999999999999993, 0.10000000000000142
12928, -0.1999999999999993, 0.10000000000000142
12929, -0.1999999999999993, 0.10000000000000142
12930, -0.1999999999999993, 0.10000000000000142
12931, -0.1999999999999993, 0.10000000000000142
12932, -0.1999999999999993, 0.10000000000000142
12933, -0.1999999999999993, 0.0
12934, -0.1999999999999993, 0.0
12935, -0.09999999999999964, 0.0
12936, -0.09999999999999964, 0.10000000000000142
12937, -0.1999999999999993, 0.10000000000000142
12938, -0.1999999999999993, 0.10000000000000142
12939, -0.1999999999999993, 0.10000000000000142
12940, -0.1999999999999993, 0.10000000000000142
12941, -0.1999999999999993, 0.10000000000000142
12942, -0.1999999999999993, 0.10000000000000142
12943, -0.1999999999999993, 0.10000000000000142
12944, -0.1999999999999993, 0.10000000000000142
12945, -0.1999999999999993, 0.20000000000000284
12946, -0.1999999999999993, 0.20000000000000284
12947, -0.1999999999999993, 0.20000000000000284
12948, -0.1999999999999993, 0.20000000000000284
12949, -0.1999999999999993, 0.20000000000000284
12950, -0.1999999999999993, 0.10000000000000142
12951, -0.1999999999999993, 0.20000000000000284
12952, -0.1999999999999993, 0.20000000000000284
12953, -0.1999999999999993, 0.20000000000000284
12954, -0.1999999999999993, 0.20000000000000284
12955, -0.1999999999999993, 0.20000000000000284
12956, -0.1999999999999993, 0.3000000000000007
12957, -0.1999999999999993, 0.20000000000000284
12958, -0.1999999999999993, 0.20000000000000284
12959, -0.09999999999999964, 0.20000000000000284
12960, -0.09999999999999964, 0.20000000000000284
12961, -0.09999999999999964, 0.20000000000000284
12962, -0.09999999999999964, 0.3000000000000007
12963, -0.09999999999999964, 0.3000000000000007
12964, -0.09999999999999964, 0.20000000000000284
12965, -0.09999999999999964, 0.20000000000000284
12966, -0.09999999999999964, 0.20000000000000284
12967, -0.09999999999999964, 0.3000000000000007
12968, -0.09999999999999964, 0.3000000000000007
12969, -0.09999999999999964, 0.20000000000000284
12970, -0.09999999999999964, 0.20000000000000284
12971, -0.09999999999999964, 0.20000000000000284
12972, -0.09999999999999964, 0.3000000000000007
12973, -0.09999999999999964, 0.3000000000000007
12974, -0.09999999999999964, 0.3000000000000007
12975, -0.09999999999999964, 0.20000000000000284
12976, -0.09999999999999964, 0.20000000000000284
12977, -0.09999999999999964, 0.3000000000000007
12978, -0.09999999999999964, 0.3000000000000007
12979, -0.09999999999999964, 0.3000000000000007
12980, -0.09999999999999964, 0.20000000000000284
12981, -0.09999999999999964, 0.20000000000000284
12982, -0.09999999999999964, 0.20000000000000284
12983, -0.1999999999999993, 0.3000000000000007
12984, -0.1999999999999993, 0.3000000000000007
12985, -0.1999999999999993, 0.3000000000000007
12986, -0.1999999999999993, 0.20000000000000284
12987, -0.1999999999999993, 0.20000000000000284
12988, -0.1999999999999993, 0.20000000000000284
12989, -0.1999999999999993, 0.3000000000000007
12990, -0.1999999999999993, 0.3000000000000007
12991, -0.1999999999999993, 0.3000000000000007
12992, -0.1999999999999993, 0.40000000000000213
12993, -0.1999999999999993, 0.3000000000000007
12994, -0.1999999999999993, 0.3000000000000007
12995, -0.1999999999999993, 0.3000000000000007
12996, -0.1999999999999993, 0.3000000000000007
12997, -0.1999999999999993, 0.40000000000000213
12998, -0.1999999999999993, 0.40000000000000213
12999, -0.1999999999999993, 0.40000000000000213
13000, -0.1999999999999993, 0.3000000000000007
13001, -0.1999999999999993, 0.3000000000000007
13002, -0.1999999999999993, 0.3000000000000007
13003, -0.1999999999999993, 0.3000000000000007
13004, -0.3000000000000007, 0.3000000000000007
13005, -0.3000000000000007, 0.3000000000000007
13006, -0.3000000000000007, 0.3000000000000007
13007, -0.3000000000000007, 0.3000000000000007
13008, -0.3000000000000007, 0.3000000000000007
13009, -0.3000000000000007, 0.3000000000000007
13010, -0.3000000000000007, 0.3000000000000007
13011, -0.3000000000000007, 0.3000000000000007
13012, -0.3000000000000007, 0.3000000000000007
13013, -0.3000000000000007, 0.3000000000000007
13014, -0.3000000000000007, 0.3000000000000007
13015, -0.3000000000000007, 0.3000000000000007
13016, -0.3000000000000007, 0.3000000000000007
13017, -0.3000000000000007, 0.3000000000000007
13018, -0.3000000000000007, 0.3000000000000007
13019, -0.3000000000000007, 0.3000000000000007
13020, -0.1999999999999993, 0.3000000000000007
13021, -0.1999999999999993, 0.3000000000000007
13022, -0.1999999999999993, 0.3000000000000007
13023, -0.1999999999999993, 0.3000000000000007
13024, -0.1999999999999993, 0.3000000000000007
13025, -0.1999999999999993, 0.3000000000000007
13026, -0.1999999999999993, 0.3000000000000007
13027, -0.1999999999999993, 0.3000000000000007
13028, -0.1999999999999993, 0.3000000000000007
13029, -0.1999999999999993, 0.3000000000000007
13030, -0.1999999999999993, 0.3000000000000007
13031, -0.1999999999999993, 0.3000000000000007
13032, -0.1999999999999993, 0.3000000000000007
13033, -0.1999999999999993, 0.3000000000000007
13034, -0.3000000000000007, 0.3000000000000007
13035, -0.3000000000000007, 0.3000000000000007
13036, -0.3000000000000007, 0.3000000000000007
13037, -0.3000000000000007, 0.40000000000000213
13038, -0.3000000000000007, 0.3000000000000007
13039, -0.3000000000000007, 0.3000000000000007
13040, -0.3000000000000007, 0.3000000000000007
13041, -0.3000000000000007, 0.3000000000000007
13042, -0.3000000000000007, 0.3000000000000007
13043, -0.3000000000000007, 0.3000000000000007
13044, -0.3000000000000007, 0.3000000000000007
13045, -0.3000000000000007, 0.3000000000000007
13046, -0.3000000000000007, 0.3000000000000007
13047, -0.3000000000000007, 0.40000000000000213
13048, -0.3000000000000007, 0.40000000000000213
13049, -0.3000000000000007, 0.40000000000000213
13050, -0.40000000000000036, 0.3000000000000007
13051, -0.40000000000000036, 0.3000000000000007
13052, -0.40000000000000036, 0.3000000000000007
13053, -0.40000000000000036, 0.3000000000000007
13054, -0.40000000000000036, 0.3000000000000007
13055, -0.40000000000000036, 0.3000000000000007
13056, -0.40000000000000036, 0.40000000000000213
13057, -0.40000000000000036, 0.40000000000000213
13058, -0.40000000000000036, 0.40000000000000213
13059, -0.40000000000000036, 0.40000000000000213
13060, -0.40000000000000036, 0.40000000000000213
13061, -0.40000000000000036, 0.3000000000000007
13062, -0.40000000000000036, 0.3000000000000007
13063, -0.40000000000000036, 0.3000000000000007
13064, -0.40000000000000036, 0.3000000000000007
13065, -0.40000000000000036, 0.3000000000000007
13066, -0.40000000000000036, 0.3000000000000007
13067, -0.40000000000000036, 0.3000000000000007
13068, -0.40000000000000036, 0.3000000000000007
13069, -0.40000000000000036, 0.3000000000000007
13070, -0.40000000000000036, 0.3000000000000007
13071, -0.40000000000000036, 0.3000000000000007
13072, -0.40000000000000036, 0.3000000000000007
13073, -0.40000000000000036, 0.3000000000000007
13074, -0.40000000000000036, 0.3000000000000007
13075, -0.40000000000000036, 0.3000000000000007
13076, -0.40000000000000036, 0.3000000000000007
13077, -0.40000000000000036, 0.3000000000000007
13078, -0.40000000000000036, 0.3000000000000007
13079, -0.40000000000000036, 0.3000000000000007
13080, -0.40000000000000036, 0.3000000000000007
13081, -0.40000000000000036, 0.3000000000000007
13082, -0.40000000000000036, 0.3000000000000007
13083, -0.40000000000000036, 0.3000000000000007
13084, -0.40000000000000036, 0.3000000000000007
13085, -0.40000000000000036, 0.3000000000000007
13086, -0.40000000000000036, 0.3000000000000007
13087, -0.40000000000000036, 0.3000000000000007
13088, -0.40000000000000036, 0.3000000000000007
13089, -0.3000000000000007, 0.3000000000000007
13090, -0.3000000000000007, 0.3000000000000007
13091, -0.3000000000000007, 0.3000000000000007
13092, -0.3000000000000007, 0.3000000000000007
13093, -0.3000000000000007, 0.3000000000000007
13094, -0.3000000000000007, 0.3000000000000007
13095, -0.3000000000000007, 0.3000000000000007
13096, -0.3000000000000007, 0.3000000000000007
13097, -0.3000000000000007, 0.3000000000000007
13098, -0.3000000000000007, 0.3000000000000007
13099, -0.3000000000000007, 0.3000000000000007
13100, -0.3000000000000007, 0.3000000000000007
13101, -0.3000000000000007, 0.3000000000000007
13102, -0.3000000000000007, 0.20000000000000284
13103, -0.3000000000000007, 0.3000000000000007
13104, -0.3000000000000007, 0.3000000000000007
13105, -0.3000000000000007, 0.3000000000000007
13106, -0.3000000000000007, 0.3000000000000007
13107, -0.3000000000000007, 0.3000000000000007
13108, -0.3000000000000007, 0.3000000000000007
13109, -0.3000000000000007, 0.20000000000000284
13110, -0.3000000000000007, 0.20000000000000284
13111, -0.3000000000000007, 0.20000000000000284
13112, -0.3000000000000007, 0.3000000000000007
13113, -0.3000000000000007, 0.3000000000000007
13114, -0.3000000000000007, 0.3000000000000007
13115, -0.3000000000000007, 0.3000000000000007
13116, -0.3000000000000007, 0.20000000000000284
13117, -0.3000000000000007, 0.20000000000000284
13118, -0.1999999999999993, 0.20000000000000284
13119, -0.1999999999999993, 0.20000000000000284
13120, -0.1999999999999993, 0.20000000000000284
13121, -0.1999999999999993, 0.20000000000000284
13122, -0.1999999999999993, 0.20000000000000284
13123, -0.1999999999999993, 0.20000000000000284
13124, -0.1999999999999993, 0.3000000000000007
13125, -0.1999999999999993, 0.20000000000000284
13126, -0.1999999999999993, 0.20000000000000284
13127, -0.1999999999999993, 0.20000000000000284
13128, -0.1999999999999993, 0.20000000000000284
13129, -0.1999999999999993, 0.20000000000000284
13130, -0.1999999999999993, 0.20000000000000284
13131, -0.1999999999999993, 0.20000000000000284
13132, -0.1999999999999993, 0.3000000000000007
13133, -0.1999999999999993, 0.3000000000000007
13134, -0.1999999999999993, 0.3000000000000007
13135, -0.1999999999999993, 0.20000000000000284
13136, -0.1999999999999993, 0.20000000000000284
13137, -0.1999999999999993, 0.20000000000000284
13138, -0.1999999999999993, 0.20000000000000284
13139, -0.1999999999999993, 0.20000000000000284
13140, -0.1999999999999993, 0.20000000000000284
13141, -0.1999999999999993, 0.20000000000000284
13142, -0.1999999999999993, 0.20000000000000284
13143, -0.1999999999999993, 0.20000000000000284
13144, -0.1999999999999993, 0.20000000000000284
13145, -0.1999999999999993, 0.20000000000000284
13146, -0.1999999999999993, 0.20000000000000284
13147, -0.1999999999999993, 0.20000000000000284
13148, -0.1999999999999993, 0.20000000000000284
13149, -0.1999999999999993, 0.20000000000000284
13150, -0.1999999999999993, 0.20000000000000284
13151, -0.09999999999999964, 0.3000000000000007
13152, -0.09999999999999964, 0.3000000000000007
13153, -0.09999999999999964, 0.3000000000000007
13154, -0.09999999999999964, 0.3000000000000007
13155, -0.09999999999999964, 0.3000000000000007
13156, -0.09999999999999964, 0.3000000000000007
13157, -0.09999999999999964, 0.20000000000000284
13158, 0.0, 0.20000000000000284
13159, 0.0, 0.20000000000000284
13160, 0.0, 0.20000000000000284
13161, 0.0, 0.20000000000000284
13162, 0.0, 0.20000000000000284
13163, 0.0, 0.20000000000000284
13164, 0.0, 0.20000000000000284
13165, 0.0, 0.20000000000000284
13166, 0.0, 0.20000000000000284
13167, 0.0, 0.20000000000000284
13168, 0.0, 0.20000000000000284
13169, 0.0, 0.20000000000000284
13170, 0.0, 0.20000000000000284
13171, 0.0, 0.20000000000000284
13172, 0.0, 0.20000000000000284
13173, 0.0, 0.20000000000000284
13174, 0.0, 0.20000000000000284
13175, 0.0, 0.20000000000000284
13176, -0.09999999999999964, 0.20000000000000284
13177, -0.09999999999999964, 0.20000000000000284
13178, -0.09999999999999964, 0.20000000000000284
13179, -0.09999999999999964, 0.10000000000000142
13180, -0.09999999999999964, 0.10000000000000142
13181, -0.09999999999999964, 0.10000000000000142
13182, -0.09999999999999964, 0.10000000000000142
13183, -0.09999999999999964, 0.10000000000000142
13184, -0.09999999999999964, 0.20000000000000284
13185, -0.09999999999999964, 0.20000000000000284
13186, -0.09999999999999964, 0.20000000000000284
13187, -0.09999999999999964, 0.20000000000000284
13188, -0.09999999999999964, 0.20000000000000284
13189, -0.09999999999999964, 0.10000000000000142
13190, -0.09999999999999964, 0.10000000000000142
13191, -0.09999999999999964, 0.10000000000000142
13192, -0.09999999999999964, 0.10000000000000142
13193, -0.09999999999999964, 0.10000000000000142
13194, -0.09999999999999964, 0.10000000000000142
13195, -0.09999999999999964, 0.10000000000000142
13196, -0.09999999999999964, 0.10000000000000142
13197, -0.09999999999999964, 0.10000000000000142
13198, -0.09999999999999964, 0.10000000000000142
13199, -0.09999999999999964, 0.10000000000000142
13200, -0.09999999999999964, 0.10000000000000142
13201, -0.09999999999999964, 0.20000000000000284
13202, -0.09999999999999964, 0.20000000000000284
13203, -0.09999999999999964, 0.20000000000000284
13204, -0.09999999999999964, 0.20000000000000284
13205, -0.09999999999999964, 0.20000000000000284
13206, -0.09999999999999964, 0.20000000000000284
13207, -0.09999999999999964, 0.20000000000000284
13208, -0.09999999999999964, 0.10000000000000142
13209, -0.1999999999999993, 0.10000000000000142
13210, -0.1999999999999993, 0.10000000000000142
13211, -0.1999999999999993, 0.10000000000000142
13212, -0.1999999999999993, 0.10000000000000142
13213, -0.1999999999999993, 0.10000000000000142
13214, -0.1999999999999993, 0.20000000000000284
13215, -0.1999999999999993, 0.20000000000000284
13216, -0.1999999999999993, 0.20000000000000284
13217, -0.1999999999999993, 0.20000000000000284
13218, -0.1999999999999993, 0.20000000000000284
13219, -0.1999999999999993, 0.20000000000000284
13220, -0.1999999999999993, 0.10000000000000142
13221, -0.1999999999999993, 0.10000000000000142
13222, -0.1999999999999993, 0.20000000000000284
13223, -0.1999999999999993, 0.20000000000000284
13224, -0.1999999999999993, 0.20000000000000284
13225, -0.1999999999999993, 0.20000000000000284
13226, -0.1999999999999993, 0.20000000000000284
13227, -0.1999999999999993, 0.20000000000000284
13228, -0.1999999999999993, 0.20000000000000284
13229, -0.1999999999999993, 0.20000000000000284
13230, -0.1999999999999993, 0.20000000000000284
13231, -0.1999999999999993, 0.20000000000000284
13232, -0.1999999999999993, 0.10000000000000142
13233, -0.1999999999999993, 0.10000000000000142
13234, -0.1999999999999993, 0.20000000000000284
13235, -0.1999999999999993, 0.20000000000000284
13236, -0.1999999999999993, 0.20000000000000284
13237, -0.1999999999999993, 0.20000000000000284
13238, -0.1999999999999993, 0.20000000000000284
13239, -0.1999999999999993, 0.20000000000000284
13240, -0.1999999999999993, 0.20000000000000284
13241, -0.1999999999999993, 0.20000000000000284
13242, -0.1999999999999993, 0.20000000000000284
13243, -0.1999999999999993, 0.20000000000000284
13244, -0.1999999999999993, 0.20000000000000284
13245, -0.1999999999999993, 0.20000000000000284
13246, -0.1999999999999993, 0.20000000000000284
13247, -0.1999999999999993, 0.20000000000000284
13248, -0.1999999999999993, 0.20000000000000284
13249, -0.1999999999999993, 0.20000000000000284
13250, -0.1999999999999993, 0.20000000000000284
13251, -0.1999999999999993, 0.20000000000000284
13252, -0.1999999999999993, 0.20000000000000284
13253, -0.09999999999999964, 0.20000000000000284
13254, -0.09999999999999964, 0.20000000000000284
13255, -0.09999999999999964, 0.20000000000000284
13256, -0.09999999999999964, 0.20000000000000284
13257, -0.09999999999999964, 0.20000000000000284
13258, -0.09999999999999964, 0.20000000000000284
13259, -0.09999999999999964, 0.20000000000000284
13260, -0.09999999999999964, 0.20000000000000284
13261, -0.09999999999999964, 0.20000000000000284
13262, -0.09999999999999964, 0.20000000000000284
13263, -0.09999999999999964, 0.20000000000000284
13264, -0.09999999999999964, 0.20000000000000284
13265, -0.09999999999999964, 0.20000000000000284
13266, -0.09999999999999964, 0.20000000000000284
13267, -0.09999999999999964, 0.20000000000000284
13268, -0.09999999999999964, 0.20000000000000284
13269, -0.1999999999999993, 0.20000000000000284
13270, -0.1999999999999993, 0.20000000000000284
13271, -0.1999999999999993, 0.20000000000000284
13272, -0.1999999999999993, 0.20000000000000284
13273, -0.1999999999999993, 0.20000000000000284
13274, -0.1999999999999993, 0.20000000000000284
13275, -0.1999999999999993, 0.20000000000000284
13276, -0.1999999999999993, 0.20000000000000284
13277, -0.1999999999999993, 0.20000000000000284
13278, -0.1999999999999993, 0.20000000000000284
13279, -0.1999999999999993, 0.20000000000000284
13280, -0.1999999999999993, 0.20000000000000284
13281, -0.1999999999999993, 0.20000000000000284
13282, -0.1999999999999993, 0.20000000000000284
13283, -0.1999999999999993, 0.20000000000000284
13284, -0.1999999999999993, 0.20000000000000284
13285, -0.1999999999999993, 0.20000000000000284
13286, -0.1999999999999993, 0.20000000000000284
13287, -0.1999999999999993, 0.20000000000000284
13288, -0.1999999999999993, 0.20000000000000284
13289, -0.1999999999999993, 0.20000000000000284
13290, -0.1999999999999993, 0.20000000000000284
13291, -0.1999999999999993, 0.20000000000000284
13292, -0.1999999999999993, 0.20000000000000284
13293, -0.1999999999999993, 0.3000000000000007
13294, -0.1999999999999993, 0.3000000000000007
13295, -0.1999999999999993, 0.3000000000000007
13296, -0.1999999999999993, 0.3000000000000007
13297, -0.1999999999999993, 0.3000000000000007
13298, -0.1999999999999993, 0.3000000000000007
13299, -0.1999999999999993, 0.3000000000000007
13300, -0.1999999999999993, 0.3000000000000007
13301, -0.1999999999999993, 0.3000000000000007
13302, -0.1999999999999993, 0.3000000000000007
13303, -0.1999999999999993, 0.3000000000000007
13304, -0.1999999999999993, 0.20000000000000284
13305, -0.1999999999999993, 0.20000000000000284
13306, -0.1999999999999993, 0.3000000000000007
13307, -0.1999999999999993, 0.3000000000000007
13308, -0.1999999999999993, 0.3000000000000007
13309, -0.1999999999999993, 0.3000000000000007
13310, -0.1999999999999993, 0.3000000000000007
13311, -0.1999999999999993, 0.3000000000000007
13312, -0.1999999999999993, 0.3000000000000007
13313, -0.1999999999999993, 0.3000000000000007
13314, -0.1999999999999993, 0.3000000000000007
13315, -0.1999999999999993, 0.3000000000000007
13316, -0.1999999999999993, 0.3000000000000007
13317, -0.1999999999999993, 0.20000000000000284
13318, -0.1999999999999993, 0.20000000000000284
13319, -0.1999999999999993, 0.20000000000000284
13320, -0.1999999999999993, 0.20000000000000284
13321, -0.1999999999999993, 0.3000000000000007
13322, -0.1999999999999993, 0.20000000000000284
13323, -0.1999999999999993, 0.20000000000000284
13324, -0.1999999999999993, 0.20000000000000284
13325, -0.1999999999999993, 0.20000000000000284
13326, -0.1999999999999993, 0.20000000000000284
13327, -0.1999999999999993, 0.20000000000000284
13328, -0.1999999999999993, 0.20000000000000284
13329, -0.1999999999999993, 0.20000000000000284
13330, -0.1999999999999993, 0.20000000000000284
13331, -0.1999999999999993, 0.20000000000000284
13332, -0.1999999999999993, 0.20000000000000284
13333, -0.1999999999999993, 0.20000000000000284
13334, -0.1999999999999993, 0.3000000000000007
13335, -0.1999999999999993, 0.3000000000000007
13336, -0.1999999999999993, 0.3000000000000007
13337, -0.1999999999999993, 0.20000000000000284
13338, -0.1999999999999993, 0.20000000000000284
13339, -0.1999999999999993, 0.20000000000000284
13340, -0.1999999999999993, 0.20000000000000284
13341, -0.1999999999999993, 0.20000000000000284
13342, -0.1999999999999993, 0.20000000000000284
13343, -0.1999999999999993, 0.20000000000000284
13344, -0.1999999999999993, 0.20000000000000284
13345, -0.1999999999999993, 0.20000000000000284
13346, -0.1999999999999993, 0.20000000000000284
13347, -0.1999999999999993, 0.20000000000000284
13348, -0.1999999999999993, 0.20000000000000284
13349, -0.1999999999999993, 0.20000000000000284
13350, -0.1999999999999993, 0.20000000000000284
13351, -0.1999999999999993, 0.20000000000000284
13352, -0.1999999999999993, 0.20000000000000284
13353, -0.1999999999999993, 0.20000000000000284
13354, -0.1999999999999993, 0.20000000000000284
13355, -0.1999999999999993, 0.20000000000000284
13356, -0.1999999999999993, 0.20000000000000284
13357, -0.1999999999999993, 0.10000000000000142
13358, -0.1999999999999993, 0.20000000000000284
13359, -0.1999999999999993, 0.20000000000000284
13360, -0.1999999999999993, 0.20000000000000284
13361, -0.1999999999999993, 0.10000000000000142
13362, -0.1999999999999993, 0.10000000000000142
13363, -0.1999999999999993, 0.10000000000000142
13364, -0.1999999999999993, 0.10000000000000142
13365, -0.1999999999999993, 0.10000000000000142
13366, -0.1999999999999993, 0.10000000000000142
13367, -0.1999999999999993, 0.10000000000000142
13368, -0.1999999999999993, 0.10000000000000142
13369, -0.1999999999999993, 0.10000000000000142
13370, -0.1999999999999993, 0.10000000000000142
13371, -0.1999999999999993, 0.10000000000000142
13372, -0.1999999999999993, 0.10000000000000142
13373, -0.09999999999999964, 0.10000000000000142
13374, -0.09999999999999964, 0.10000000000000142
13375, -0.09999999999999964, 0.10000000000000142
13376, -0.09999999999999964, 0.10000000000000142
13377, -0.09999999999999964, 0.10000000000000142
13378, -0.09999999999999964, 0.10000000000000142
13379, -0.09999999999999964, 0.10000000000000142
13380, 0.0, 0.10000000000000142
13381, 0.0, 0.10000000000000142
13382, 0.0, 0.10000000000000142
13383, 0.0, 0.10000000000000142
13384, 0.0, 0.10000000000000142
13385, 0.0, 0.10000000000000142
13386, 0.0, 0.10000000000000142
13387, 0.0, 0.10000000000000142
13388, 0.0, 0.10000000000000142
13389, 0.0, 0.10000000000000142
13390, 0.0, 0.10000000000000142
13391, 0.0, 0.10000000000000142
13392, 0.0, 0.10000000000000142
13393, 0.0, 0.10000000000000142
13394, 0.0, 0.10000000000000142
13395, 0.0, 0.10000000000000142
13396, 0.0, 0.10000000000000142
13397, 0.0, 0.10000000000000142
13398, 0.0, 0.10000000000000142
13399, 0.0, 0.10000000000000142
13400, 0.0, 0.10000000000000142
13401, 0.0, 0.20000000000000284
13402, 0.0, 0.20000000000000284
13403, 0.0, 0.20000000000000284
13404, 0.0, 0.20000000000000284
13405, 0.0, 0.20000000000000284
13406, 0.0, 0.20000000000000284
13407, 0.0, 0.20000000000000284
13408, 0.0, 0.20000000000000284
13409, 0.0, 0.20000000000000284
13410, -0.1999999999999993, 0.20000000000000284
13411, -0.1999999999999993, 0.20000000000000284
13412, -0.1999999999999993, 0.20000000000000284
13413, -0.1999999999999993, 0.20000000000000284
13414, -0.1999999999999993, 0.20000000000000284
13415, -0.1999999999999993, 0.20000000000000284
13416, -0.1999999999999993, 0.20000000000000284
13417, -0.1999999999999993, 0.20000000000000284
13418, -0.1999999999999993, 0.20000000000000284
13419, -0.1999999999999993, 0.20000000000000284
13420, -0.1999999999999993, 0.20000000000000284
13421, -0.1999999999999993, 0.20000000000000284
13422, -0.1999999999999993, 0.20000000000000284
13423, -0.1999999999999993, 0.20000000000000284
13424, -0.1999999999999993, 0.20000000000000284
13425, -0.1999999999999993, 0.3000000000000007
13426, -0.1999999999999993, 0.3000000000000007
13427, -0.1999999999999993, 0.3000000000000007
13428, -0.1999999999999993, 0.3000000000000007
13429, -0.1999999999999993, 0.3000000000000007
13430, -0.1999999999999993, 0.3000000000000007
13431, -0.1999999999999993, 0.3000000000000007
13432, -0.1999999999999993, 0.3000000000000007
13433, -0.1999999999999993, 0.3000000000000007
13434, -0.1999999999999993, 0.3000000000000007
13435, -0.1999999999999993, 0.3000000000000007
13436, -0.1999999999999993, 0.40000000000000213
13437, -0.1999999999999993, 0.40000000000000213
13438, -0.1999999999999993, 0.40000000000000213
13439, -0.1999999999999993, 0.40000000000000213
13440, -0.1999999999999993, 0.40000000000000213
13441, -0.1999999999999993, 0.40000000000000213
13442, -0.1999999999999993, 0.40000000000000213
13443, -0.1999999999999993, 0.40000000000000213
13444, -0.1999999999999993, 0.20000000000000284
13445, -0.1999999999999993, 0.20000000000000284
13446, -0.1999999999999993, 0.20000000000000284
13447, -0.1999999999999993, 0.20000000000000284
13448, -0.1999999999999993, 0.3000000000000007
13449, -0.1999999999999993, 0.3000000000000007
13450, -0.1999999999999993, 0.3000000000000007
13451, -0.1999999999999993, 0.3000000000000007
13452, -0.1999999999999993, 0.3000000000000007
13453, -0.1999999999999993, 0.3000000000000007
13454, -0.1999999999999993, 0.3000000000000007
13455, -0.1999999999999993, 0.3000000000000007
13456, -0.1999999999999993, 0.3000000000000007
13457, -0.1999999999999993, 0.3000000000000007
13458, -0.1999999999999993, 0.3000000000000007
13459, -0.1999999999999993, 0.3000000000000007
13460, -0.1999999999999993, 0.3000000000000007
13461, -0.1999999999999993, 0.3000000000000007
13462, -0.3000000000000007, 0.3000000000000007
13463, -0.3000000000000007, 0.20000000000000284
13464, -0.3000000000000007, 0.20000000000000284
13465, -0.3000000000000007, 0.20000000000000284
13466, -0.3000000000000007, 0.3000000000000007
13467, -0.3000000000000007, 0.3000000000000007
13468, -0.3000000000000007, 0.3000000000000007
13469, -0.3000000000000007, 0.3000000000000007
13470, -0.3000000000000007, 0.3000000000000007
13471, -0.3000000000000007, 0.3000000000000007
13472, -0.3000000000000007, 0.3000000000000007
13473, -0.3000000000000007, 0.3000000000000007
13474, -0.3000000000000007, 0.3000000000000007
13475, -0.3000000000000007, 0.20000000000000284
13476, -0.3000000000000007, 0.20000000000000284
13477, -0.3000000000000007, 0.20000000000000284
13478, -0.1999999999999993, 0.3000000000000007
13479, -0.1999999999999993, 0.3000000000000007
13480, -0.3000000000000007, 0.3000000000000007
13481, -0.3000000000000007, 0.3000000000000007
13482, -0.1999999999999993, 0.3000000000000007
13483, -0.1999999999999993, 0.3000000000000007
13484, -0.1999999999999993, 0.3000000000000007
13485, -0.1999999999999993, 0.3000000000000007
13486, -0.1999999999999993, 0.3000000000000007
13487, -0.1999999999999993, 0.3000000000000007
13488, -0.1999999999999993, 0.3000000000000007
13489, -0.1999999999999993, 0.3000000000000007
13490, -0.1999999999999993, 0.3000000000000007
13491, -0.1999999999999993, 0.3000000000000007
13492, -0.1999999999999993, 0.3000000000000007
13493, -0.1999999999999993, 0.3000000000000007
13494, -0.1999999999999993, 0.3000000000000007
13495, -0.1999999999999993, 0.3000000000000007
13496, -0.1999999999999993, 0.3000000000000007
13497, -0.1999999999999993, 0.3000000000000007
13498, -0.1999999999999993, 0.3000000000000007
13499, -0.1999999999999993, 0.3000000000000007
13500, -0.1999999999999993, 0.3000000000000007
13501, -0.1999999999999993, 0.3000000000000007
13502, -0.1999999999999993, 0.3000000000000007
13503, -0.1999999999999993, 0.3000000000000007
13504, -0.1999999999999993, 0.3000000000000007
13505, -0.1999999999999993, 0.3000000000000007
13506, -0.1999999999999993, 0.3000000000000007
13507, -0.3000000000000007, 0.40000000000000213
13508, -0.3000000000000007, 0.3000000000000007
13509, -0.1999999999999993, 0.3000000000000007
13510, -0.1999999999999993, 0.3000000000000007
13511, -0.1999999999999993, 0.40000000000000213
13512, -0.1999999999999993, 0.3000000000000007
13513, -0.1999999999999993, 0.3000000000000007
13514, -0.1999999999999993, 0.3000000000000007
13515, -0.1999999999999993, 0.40000000000000213
13516, -0.1999999999999993, 0.40000000000000213
13517, -0.1999999999999993, 0.3000000000000007
13518, -0.1999999999999993, 0.3000000000000007
13519, -0.1999999999999993, 0.40000000000000213
13520, -0.1999999999999993, 0.40000000000000213
13521, -0.1999999999999993, 0.40000000000000213
13522, -0.1999999999999993, 0.3000000000000007
13523, -0.1999999999999993, 0.40000000000000213
13524, -0.1999999999999993, 0.40000000000000213
13525, -0.1999999999999993, 0.40000000000000213
13526, -0.1999999999999993, 0.40000000000000213
13527, -0.1999999999999993, 0.40000000000000213
13528, -0.1999999999999993, 0.40000000000000213
13529, -0.1999999999999993, 0.40000000000000213
13530, -0.1999999999999993, 0.40000000000000213
13531, -0.1999999999999993, 0.40000000000000213
13532, -0.1999999999999993, 0.5
13533, -0.1999999999999993, 0.40000000000000213
13534, -0.1999999999999993, 0.3000000000000007
13535, -0.1999999999999993, 0.3000000000000007
13536, -0.1999999999999993, 0.3000000000000007
13537, -0.1999999999999993, 0.3000000000000007
13538, -0.1999999999999993, 0.40000000000000213
13539, -0.1999999999999993, 0.40000000000000213
13540, -0.1999999999999993, 0.40000000000000213
13541, -0.1999999999999993, 0.40000000000000213
13542, -0.1999999999999993, 0.3000000000000007
13543, -0.1999999999999993, 0.3000000000000007
13544, -0.1999999999999993, 0.40000000000000213
13545, -0.1999999999999993, 0.40000000000000213
13546, -0.1999999999999993, 0.40000000000000213
13547, -0.1999999999999993, 0.40000000000000213
13548, -0.1999999999999993, 0.40000000000000213
13549, -0.1999999999999993, 0.40000000000000213
13550, -0.1999999999999993, 0.40000000000000213
13551, -0.1999999999999993, 0.5
13552, -0.1999999999999993, 0.5
13553, -0.1999999999999993, 0.5
13554, -0.1999999999999993, 0.40000000000000213
13555, -0.1999999999999993, 0.40000000000000213
13556, -0.1999999999999993, 0.40000000000000213
13557, -0.1999999999999993, 0.40000000000000213
13558, -0.1999999999999993, 0.40000000000000213
13559, -0.1999999999999993, 0.40000000000000213
13560, -0.1999999999999993, 0.40000000000000213
13561, -0.1999999999999993, 0.5
13562, -0.1999999999999993, 0.5
13563, -0.1999999999999993, 0.5
13564, -0.1999999999999993, 0.5
13565, -0.1999999999999993, 0.5
13566, -0.1999999999999993, 0.5
13567, -0.3000000000000007, 0.5
13568, -0.3000000000000007, 0.5
13569, -0.40000000000000036, 0.40000000000000213
13570, -0.40000000000000036, 0.40000000000000213
13571, -0.40000000000000036, 0.40000000000000213
13572, -0.40000000000000036, 0.40000000000000213
13573, -0.40000000000000036, 0.40000000000000213
13574, -0.40000000000000036, 0.40000000000000213
13575, -0.40000000000000036, 0.40000000000000213
13576, -0.40000000000000036, 0.40000000000000213
13577, -0.40000000000000036, 0.3000000000000007
13578, -0.40000000000000036, 0.3000000000000007
13579, -0.40000000000000036, 0.3000000000000007
13580, -0.40000000000000036, 0.3000000000000007
13581, -0.40000000000000036, 0.3000000000000007
13582, -0.40000000000000036, 0.40000000000000213
13583, -0.40000000000000036, 0.3000000000000007
13584, -0.40000000000000036, 0.3000000000000007
13585, -0.40000000000000036, 0.3000000000000007
13586, -0.40000000000000036, 0.3000000000000007
13587, -0.40000000000000036, 0.3000000000000007
13588, -0.40000000000000036, 0.20000000000000284
13589, -0.40000000000000036, 0.20000000000000284
13590, -0.40000000000000036, 0.20000000000000284
13591, -0.40000000000000036, 0.3000000000000007
13592, -0.40000000000000036, 0.40000000000000213
13593, -0.40000000000000036, 0.40000000000000213
13594, -0.5, 0.3000000000000007
13595, -0.5, 0.3000000000000007
13596, -0.5, 0.3000000000000007
13597, -0.5, 0.3000000000000007
13598, -0.5, 0.3000000000000007
13599, -0.5, 0.3000000000000007
13600, -0.5, 0.3000000000000007
13601, -0.5, 0.3000000000000007
13602, -0.5, 0.3000000000000007
13603, -0.5, 0.3000000000000007
13604, -0.5, 0.3000000000000007
13605, -0.5, 0.3000000000000007
13606, -0.5, 0.3000000000000007
13607, -0.5, 0.3000000000000007
13608, -0.5, 0.3000000000000007
13609, -0.5, 0.3000000000000007
13610, -0.5, 0.40000000000000213
13611, -0.5, 0.3000000000000007
13612, -0.40000000000000036, 0.3000000000000007
13613, -0.40000000000000036, 0.3000000000000007
13614, -0.40000000000000036, 0.40000000000000213
13615, -0.5, 0.40000000000000213
13616, -0.5, 0.40000000000000213
13617, -0.5, 0.40000000000000213
13618, -0.5, 0.3000000000000007
13619, -0.5, 0.40000000000000213
13620, -0.5, 0.40000000000000213
13621, -0.5, 0.40000000000000213
13622, -0.5, 0.5
13623, -0.5, 0.5
13624, -0.5, 0.40000000000000213
13625, -0.5, 0.40000000000000213
13626, -0.5, 0.5
13627, -0.5, 0.5
13628, -0.5, 0.5
13629, -0.5, 0.5
13630, -0.5, 0.5
13631, -0.5, 0.40000000000000213
13632, -0.5, 0.40000000000000213
13633, -0.5, 0.40000000000000213
13634, -0.5, 0.5
13635, -0.5, 0.5
13636, -0.5, 0.40000000000000213
13637, -0.5, 0.40000000000000213
13638, -0.5, 0.40000000000000213
13639, -0.5, 0.5
13640, -0.5, 0.5
13641, -0.5, 0.5
13642, -0.5, 0.3000000000000007
13643, -0.5, 0.40000000000000213
13644, -0.5, 0.40000000000000213
13645, -0.5, 0.40000000000000213
13646, -0.5, 0.40000000000000213
13647, -0.5, 0.40000000000000213
13648, -0.5, 0.40000000000000213
13649, -0.5, 0.40000000000000213
13650, -0.5, 0.3000000000000007
13651, -0.5, 0.3000000000000007
13652, -0.5, 0.40000000000000213
13653, -0.5, 0.40000000000000213
13654, -0.5, 0.40000000000000213
13655, -0.5, 0.5
13656, -0.5, 0.40000000000000213
13657, -0.5, 0.3000000000000007
13658, -0.5, 0.3000000000000007
13659, -0.5, 0.40000000000000213
13660, -0.5, 0.40000000000000213
13661, -0.5, 0.40000000000000213
13662, -0.5, 0.40000000000000213
13663, -0.5, 0.5
13664, -0.5, 0.40000000000000213
13665, -0.5, 0.40000000000000213
13666, -0.5, 0.5
13667, -0.5, 0.40000000000000213
13668, -0.5, 0.40000000000000213
13669, -0.5, 0.5
13670, -0.5, 0.40000000000000213
13671, -0.5, 0.40000000000000213
13672, -0.5, 0.40000000000000213
13673, -0.5, 0.5
13674, -0.5, 0.5
13675, -0.5, 0.5
13676, -0.5, 0.5
13677, -0.5, 0.5
13678, -0.5, 0.5
13679, -0.5, 0.5
13680, -0.5, 0.6000000000000014
13681, -0.5, 0.5
13682, -0.5, 0.40000000000000213
13683, -0.5, 0.5
13684, -0.5, 0.5
13685, -0.5, 0.5
13686, -0.5, 0.5
13687, -0.5, 0.5
13688, -0.5, 0.5
13689, -0.5, 0.5
13690, -0.5, 0.6000000000000014
13691, -0.5, 0.5
13692, -0.5, 0.5
13693, -0.5, 0.6000000000000014
13694, -0.5, 0.6000000000000014
13695, -0.5, 0.6000000000000014
13696, -0.5, 0.6000000000000014
13697, -0.5, 0.6000000000000014
13698, -0.5, 0.6000000000000014
13699, -0.5, 0.6000000000000014
13700, -0.5, 0.7000000000000028
13701, -0.5, 0.6000000000000014
13702, -0.5, 0.6000000000000014
13703, -0.5, 0.5
13704, -0.5, 0.6000000000000014
13705, -0.5, 0.6000000000000014
13706, -0.5, 0.5
13707, -0.5, 0.5
13708, -0.5, 0.6000000000000014
13709, -0.5, 0.6000000000000014
13710, -0.5, 0.6000000000000014
13711, -0.5, 0.6000000000000014
13712, -0.5, 0.6000000000000014
13713, -0.5, 0.7000000000000028
13714, -0.5999999999999996, 0.7000000000000028
13715, -0.5999999999999996, 0.7000000000000028
13716, -0.5999999999999996, 0.7000000000000028
13717, -0.5999999999999996, 0.6000000000000014
13718, -0.5999999999999996, 0.6000000000000014
13719, -0.5999999999999996, 0.7000000000000028
13720, -0.5999999999999996, 0.7000000000000028
13721, -0.5999999999999996, 0.7000000000000028
13722, -0.5999999999999996, 0.6000000000000014
13723, -0.5999999999999996, 0.6000000000000014
13724, -0.5999999999999996, 0.6000000000000014
13725, -0.6999999999999993, 0.6000000000000014
13726, -0.8000000000000007, 0.6000000000000014
13727, -0.8000000000000007, 0.6000000000000014
13728, -0.8000000000000007, 0.6000000000000014
13729, -0.6999999999999993, 0.6000000000000014
13730, -0.6999999999999993, 0.6000000000000014
13731, -0.6999999999999993, 0.6000000000000014
13732, -0.6999999999999993, 0.6000000000000014
13733, -0.6999999999999993, 0.6000000000000014
13734, -0.6999999999999993, 0.6000000000000014
13735, -0.6999999999999993, 0.6000000000000014
13736, -0.6999999999999993, 0.6000000000000014
13737, -0.6999999999999993, 0.6000000000000014
13738, -0.6999999999999993, 0.5
13739, -0.6999999999999993, 0.6000000000000014
13740, -0.6999999999999993, 0.6000000000000014
13741, -0.6999999999999993, 0.6000000000000014
13742, -0.6999999999999993, 0.5
13743, -0.6999999999999993, 0.6000000000000014
13744, -0.6999999999999993, 0.6000000000000014
13745, -0.6999999999999993, 0.7000000000000028
13746, -0.6999999999999993, 0.6000000000000014
13747, -0.6999999999999993, 0.6000000000000014
13748, -0.6999999999999993, 0.6000000000000014
13749, -0.8000000000000007, 0.5
13750, -0.8000000000000007, 0.6000000000000014
13751, -0.8000000000000007, 0.7000000000000028
13752, -0.8000000000000007, 0.7000000000000028
13753, -0.8000000000000007, 0.6000000000000014
13754, -0.8000000000000007, 0.6000000000000014
13755, -0.6999999999999993, 0.6000000000000014
13756, -0.6999999999999993, 0.7000000000000028
13757, -0.6999999999999993, 0.6000000000000014
13758, -0.6999999999999993, 0.7000000000000028
13759, -0.6999999999999993, 0.7000000000000028
13760, -0.6999999999999993, 0.7000000000000028
13761, -0.6999999999999993, 0.7000000000000028
13762, -0.6999999999999993, 0.7000000000000028
13763, -0.6999999999999993, 0.7000000000000028
13764, -0.6999999999999993, 0.7000000000000028
13765, -0.6999999999999993, 0.6000000000000014
13766, -0.6999999999999993, 0.6000000000000014
13767, -0.6999999999999993, 0.8000000000000007
13768, -0.6999999999999993, 0.8000000000000007
13769, -0.6999999999999993, 0.7000000000000028
13770, -0.6999999999999993, 0.7000000000000028
13771, -0.8000000000000007, 0.7000000000000028
13772, -0.8000000000000007, 0.7000000000000028
13773, -0.8000000000000007, 0.8000000000000007
13774, -0.8000000000000007, 0.7000000000000028
13775, -0.8000000000000007, 0.7000000000000028
13776, -0.8000000000000007, 0.7000000000000028
13777, -0.8000000000000007, 0.7000000000000028
13778, -0.8000000000000007, 0.6000000000000014
13779, -0.8000000000000007, 0.7000000000000028
13780, -0.8000000000000007, 0.7000000000000028
13781, -0.8000000000000007, 0.7000000000000028
13782, -0.8000000000000007, 0.8000000000000007
13783, -0.9000000000000004, 0.7000000000000028
13784, -0.9000000000000004, 0.7000000000000028
13785, -0.9000000000000004, 0.8000000000000007
13786, -0.9000000000000004, 0.8000000000000007
13787, -0.9000000000000004, 0.8000000000000007
13788, -0.9000000000000004, 0.8000000000000007
13789, -0.9000000000000004, 0.7000000000000028
13790, -0.9000000000000004, 0.7000000000000028
13791, -0.9000000000000004, 0.7000000000000028
13792, -0.9000000000000004, 0.8000000000000007
13793, -0.9000000000000004, 0.8000000000000007
13794, -0.9000000000000004, 0.8000000000000007
13795, -1.0, 0.7000000000000028
13796, -1.0, 0.7000000000000028
13797, -1.0, 0.7000000000000028
13798, -1.0, 0.7000000000000028
13799, -1.0, 0.8000000000000007
13800, -0.9000000000000004, 0.8000000000000007
13801, -0.9000000000000004, 0.8000000000000007
13802, -0.9000000000000004, 0.8000000000000007
13803, -0.9000000000000004, 0.7000000000000028
13804, -0.9000000000000004, 0.7000000000000028
13805, -0.9000000000000004, 0.7000000000000028
13806, -0.9000000000000004, 0.8000000000000007
13807, -0.9000000000000004, 0.8000000000000007
13808, -1.0, 0.8000000000000007
13809, -1.0, 0.8000000000000007
13810, -1.0, 0.8000000000000007
13811, -1.0, 0.8000000000000007
13812, -1.0, 0.8000000000000007
13813, -1.0, 0.8000000000000007
13814, -1.0, 0.8000000000000007
13815, -1.0999999999999996, 0.8000000000000007
13816, -1.0999999999999996, 0.8000000000000007
13817, -1.0999999999999996, 0.9000000000000021
13818, -1.0999999999999996, 0.9000000000000021
13819, -1.0999999999999996, 0.9000000000000021
13820, -1.0999999999999996, 0.9000000000000021
13821, -1.0999999999999996, 0.9000000000000021
13822, -1.0999999999999996, 0.9000000000000021
13823, -1.0999999999999996, 0.9000000000000021
13824, -1.0999999999999996, 0.9000000000000021
13825, -1.0999999999999996, 0.9000000000000021
13826, -1.0999999999999996, 1.0
13827, -1.0999999999999996, 1.0
13828, -1.0999999999999996, 1.0
13829, -1.0999999999999996, 1.0
13830, -1.0999999999999996, 1.1000000000000014
13831, -1.0999999999999996, 1.1000000000000014
13832, -1.0999999999999996, 1.0
13833, -1.0999999999999996, 1.0
13834, -1.0999999999999996, 1.1000000000000014
13835, -1.0999999999999996, 1.0
13836, -1.0999999999999996, 1.0
13837, -1.0999999999999996, 1.0
13838, -1.0999999999999996, 1.0
13839, -1.0999999999999996, 1.1000000000000014
13840, -1.0999999999999996, 1.1000000000000014
13841, -1.0999999999999996, 1.0
13842, -1.0999999999999996, 1.0
13843, -1.0999999999999996, 1.0
13844, -1.0999999999999996, 1.0
13845, -1.0999999999999996, 1.1000000000000014
13846, -1.0999999999999996, 1.1000000000000014
13847, -1.0999999999999996, 1.1000000000000014
13848, -1.0999999999999996, 1.0
13849, -1.0999999999999996, 1.0
13850, -1.0999999999999996, 1.0
13851, -1.0999999999999996, 1.0
13852, -1.0, 0.9000000000000021
13853, -1.0, 1.0
13854, -1.0, 1.0
13855, -1.0, 1.0
13856, -1.0, 1.0
13857, -1.0, 1.0
13858, -1.0, 1.0
13859, -1.0, 1.0
13860, -1.0, 1.0
13861, -1.0, 1.0
13862, -1.0, 0.9000000000000021
13863, -1.0, 0.9000000000000021
13864, -1.0, 0.9000000000000021
13865, -1.0, 0.9000000000000021
13866, -1.0, 0.9000000000000021
13867, -1.0, 1.0
13868, -1.0, 1.0
13869, -1.0, 1.0
13870, -1.0, 1.0
13871, -1.0, 1.0
13872, -1.0, 1.0
13873, -1.0, 1.0
13874, -1.0, 1.0
13875, -1.0, 1.1000000000000014
13876, -1.0, 1.1000000000000014
13877, -1.0, 1.1000000000000014
13878, -1.0, 1.1000000000000014
13879, -1.0, 1.1000000000000014
13880, -1.0, 1.1000000000000014
13881, -1.0, 1.1000000000000014
13882, -1.0, 1.1000000000000014
13883, -1.0, 1.1000000000000014
13884, -1.0, 1.1000000000000014
13885, -1.0, 1.1000000000000014
13886, -1.0, 1.1000000000000014
13887, -1.0, 1.1000000000000014
13888, -1.0, 1.1000000000000014
13889, -1.0, 1.0
13890, -1.0, 1.0
13891, -1.0, 1.0
13892, -1.0, 1.0
13893, -1.0, 1.1000000000000014
13894, -1.0, 1.2000000000000028
13895, -1.0, 1.2000000000000028
13896, -1.0, 1.2000000000000028
13897, -1.0, 1.1000000000000014
13898, -1.0, 1.1000000000000014
13899, -0.9000000000000004, 1.1000000000000014
13900, -0.9000000000000004, 1.1000000000000014
13901, -0.9000000000000004, 1.1000000000000014
13902, -0.9000000000000004, 1.1000000000000014
13903, -0.9000000000000004, 1.0
13904, -0.9000000000000004, 1.0
13905, -0.9000000000000004, 1.1000000000000014
13906, -0.9000000000000004, 1.1000000000000014
13907, -0.9000000000000004, 1.0
13908, -0.9000000000000004, 1.0
13909, -0.9000000000000004, 1.0
13910, -0.9000000000000004, 1.0
13911, -0.9000000000000004, 1.0
13912, -0.9000000000000004, 0.9000000000000021
13913, -0.9000000000000004, 1.0
13914, -0.9000000000000004, 1.0
13915, -0.9000000000000004, 1.1000000000000014
13916, -0.9000000000000004, 1.0
13917, -0.9000000000000004, 1.0
13918, -0.9000000000000004, 1.0
13919, -0.9000000000000004, 1.0
13920, -0.9000000000000004, 0.9000000000000021
13921, -0.9000000000000004, 0.9000000000000021
13922, -0.9000000000000004, 0.9000000000000021
13923, -0.9000000000000004, 1.0
13924, -0.9000000000000004, 0.9000000000000021
13925, -0.9000000000000004, 1.0
13926, -0.9000000000000004, 1.0
13927, -0.9000000000000004, 1.0
13928, -0.8000000000000007, 0.9000000000000021
13929, -0.8000000000000007, 0.9000000000000021
13930, -0.8000000000000007, 1.0
13931, -0.8000000000000007, 1.0
13932, -0.8000000000000007, 0.9000000000000021
13933, -0.8000000000000007, 0.9000000000000021
13934, -0.8000000000000007, 0.9000000000000021
13935, -0.8000000000000007, 1.0
13936, -0.8000000000000007, 0.9000000000000021
13937, -0.8000000000000007, 1.0
13938, -0.8000000000000007, 1.0
13939, -0.8000000000000007, 1.0
13940, -0.8000000000000007, 0.9000000000000021
13941, -0.8000000000000007, 0.9000000000000021
13942, -0.8000000000000007, 0.9000000000000021
13943, -0.8000000000000007, 1.0
13944, -0.8000000000000007, 1.0
13945, -0.8000000000000007, 1.0
13946, -0.8000000000000007, 1.0
13947, -0.8000000000000007, 1.0
13948, -0.8000000000000007, 1.0
13949, -0.6999999999999993, 0.9000000000000021
13950, -0.6999999999999993, 1.0
13951, -0.6999999999999993, 1.0
13952, -0.6999999999999993, 1.0
13953, -0.6999999999999993, 1.0
13954, -0.6999999999999993, 1.0
13955, -0.6999999999999993, 0.9000000000000021
13956, -0.6999999999999993, 1.0
13957, -0.6999999999999993, 1.0
13958, -0.6999999999999993, 1.0
13959, -0.6999999999999993, 1.0
13960, -0.6999999999999993, 1.0
13961, -0.6999999999999993, 0.9000000000000021
13962, -0.6999999999999993, 1.0
13963, -0.6999999999999993, 1.0
13964, -0.6999999999999993, 0.9000000000000021
13965, -0.6999999999999993, 0.9000000000000021
13966, -0.6999999999999993, 0.9000000000000021
13967, -0.6999999999999993, 0.9000000000000021
13968, -0.6999999999999993, 1.0
13969, -0.6999999999999993, 1.0
13970, -0.6999999999999993, 0.9000000000000021
13971, -0.6999999999999993, 0.9000000000000021
13972, -0.6999999999999993, 0.9000000000000021
13973, -0.8000000000000007, 0.9000000000000021
13974, -0.6999999999999993, 0.9000000000000021
13975, -0.6999999999999993, 0.9000000000000021
13976, -0.6999999999999993, 0.9000000000000021
13977, -0.6999999999999993, 0.9000000000000021
13978, -0.6999999999999993, 0.9000000000000021
13979, -0.6999999999999993, 0.9000000000000021
13980, -0.6999999999999993, 1.0
13981, -0.6999999999999993, 1.0
13982, -0.6999999999999993, 0.8000000000000007
13983, -0.8000000000000007, 0.8000000000000007
13984, -0.8000000000000007, 0.8000000000000007
13985, -0.8000000000000007, 0.8000000000000007
13986, -0.8000000000000007, 0.9000000000000021
13987, -0.8000000000000007, 0.9000000000000021
13988, -0.8000000000000007, 0.9000000000000021
13989, -0.8000000000000007, 0.9000000000000021
13990, -0.8000000000000007, 0.9000000000000021
13991, -0.8000000000000007, 0.9000000000000021
13992, -0.6999999999999993, 0.9000000000000021
13993, -0.6999999999999993, 0.9000000000000021
13994, -0.6999999999999993, 0.8000000000000007
13995, -0.6999999999999993, 0.8000000000000007
13996, -0.6999999999999993, 0.8000000000000007
13997, -0.6999999999999993, 0.8000000000000007
13998, -0.6999999999999993, 0.9000000000000021
13999, -0.6999999999999993, 0.9000000000000021
14000, -0.6999999999999993, 0.9000000000000021
14001, -0.6999999999999993, 0.9000000000000021
14002, -0.6999999999999993, 0.8000000000000007
14003, -0.5999999999999996, 0.8000000000000007
14004, -0.5999999999999996, 0.8000000000000007
14005, -0.5999999999999996, 0.8000000000000007
14006, -0.5999999999999996, 0.8000000000000007
14007, -0.5999999999999996, 0.8000000000000007
14008, -0.5999999999999996, 0.8000000000000007
14009, -0.5999999999999996, 0.8000000000000007
14010, -0.5999999999999996, 0.8000000000000007
14011, -0.5999999999999996, 0.8000000000000007
14012, -0.5999999999999996, 0.8000000000000007
14013, -0.5999999999999996, 0.8000000000000007
14014, -0.5999999999999996, 0.8000000000000007
14015, -0.5999999999999996, 0.8000000000000007
14016, -0.5999999999999996, 0.8000000000000007
14017, -0.5999999999999996, 0.8000000000000007
14018, -0.5999999999999996, 0.8000000000000007
14019, -0.5999999999999996, 0.8000000000000007
14020, -0.5999999999999996, 0.8000000000000007
14021, -0.5999999999999996, 0.8000000000000007
14022, -0.5999999999999996, 0.8000000000000007
14023, -0.5999999999999996, 0.7000000000000028
14024, -0.5999999999999996, 0.8000000000000007
14025, -0.5999999999999996, 0.8000000000000007
14026, -0.5999999999999996, 0.8000000000000007
14027, -0.5999999999999996, 0.7000000000000028
14028, -0.5999999999999996, 0.7000000000000028
14029, -0.5999999999999996, 0.7000000000000028
14030, -0.5999999999999996, 0.7000000000000028
14031, -0.5999999999999996, 0.8000000000000007
14032, -0.5999999999999996, 0.7000000000000028
14033, -0.5999999999999996, 0.7000000000000028
14034, -0.5999999999999996, 0.7000000000000028
14035, -0.5999999999999996, 0.7000000000000028
14036, -0.5999999999999996, 0.6000000000000014
14037, -0.5999999999999996, 0.6000000000000014
14038, -0.5999999999999996, 0.6000000000000014
14039, -0.5999999999999996, 0.7000000000000028
14040, -0.5999999999999996, 0.6000000000000014
14041, -0.5999999999999996, 0.7000000000000028
14042, -0.5999999999999996, 0.7000000000000028
14043, -0.5999999999999996, 0.7000000000000028
14044, -0.5999999999999996, 0.6000000000000014
14045, -0.5999999999999996, 0.6000000000000014
14046, -0.5999999999999996, 0.6000000000000014
14047, -0.5999999999999996, 0.5
14048, -0.5999999999999996, 0.6000000000000014
14049, -0.5999999999999996, 0.7000000000000028
14050, -0.5999999999999996, 0.7000000000000028
14051, -0.5999999999999996, 0.6000000000000014
14052, -0.5999999999999996, 0.6000000000000014
14053, -0.5999999999999996, 0.7000000000000028
14054, -0.5999999999999996, 0.7000000000000028
14055, -0.5999999999999996, 0.6000000000000014
14056, -0.5999999999999996, 0.6000000000000014
14057, -0.5, 0.7000000000000028
14058, -0.5, 0.6000000000000014
14059, -0.5, 0.6000000000000014
14060, -0.5, 0.6000000000000014
14061, -0.5, 0.7000000000000028
14062, -0.5, 0.7000000000000028
14063, -0.5, 0.7000000000000028
14064, -0.5, 0.7000000000000028
14065, -0.5, 0.7000000000000028
14066, -0.5, 0.7000000000000028
14067, -0.5, 0.7000000000000028
14068, -0.5, 0.7000000000000028
14069, -0.5, 0.7000000000000028
14070, -0.5, 0.7000000000000028
14071, -0.5, 0.7000000000000028
14072, -0.5, 0.8000000000000007
14073, -0.5, 0.8000000000000007
14074, -0.5, 0.7000000000000028
14075, -0.5, 0.7000000000000028
14076, -0.5, 0.8000000000000007
14077, -0.5, 0.7000000000000028
14078, -0.5, 0.7000000000000028
14079, -0.5, 0.7000000000000028
14080, -0.5, 0.7000000000000028
14081, -0.5, 0.8000000000000007
14082, -0.5, 0.8000000000000007
14083, -0.5, 0.8000000000000007
14084, -0.5, 0.8000000000000007
14085, -0.5, 0.8000000000000007
14086, -0.5, 0.8000000000000007
14087, -0.5, 0.7000000000000028
14088, -0.5, 0.7000000000000028
14089, -0.5, 0.8000000000000007
14090, -0.5, 0.8000000000000007
14091, -0.5, 0.7000000000000028
14092, -0.5, 0.7000000000000028
14093, -0.5, 0.7000000000000028
14094, -0.5, 0.7000000000000028
14095, -0.5, 0.7000000000000028
14096, -0.5, 0.8000000000000007
14097, -0.5, 0.8000000000000007
14098, -0.5, 0.8000000000000007
14099, -0.5, 0.8000000000000007
14100, -0.5, 0.8000000000000007
14101, -0.5, 0.7000000000000028
14102, -0.5, 0.8000000000000007
14103, -0.5, 0.8000000000000007
14104, -0.5, 0.8000000000000007
14105, -0.5, 0.8000000000000007
14106, -0.5999999999999996, 0.8000000000000007
14107, -0.5999999999999996, 0.7000000000000028
14108, -0.5999999999999996, 0.7000000000000028
14109, -0.5999999999999996, 0.7000000000000028
14110, -0.5999999999999996, 0.8000000000000007
14111, -0.5999999999999996, 0.8000000000000007
14112, -0.5999999999999996, 0.8000000000000007
14113, -0.5999999999999996, 0.8000000000000007
14114, -0.5999999999999996, 0.8000000000000007
14115, -0.5999999999999996, 0.8000000000000007
14116, -0.5999999999999996, 0.8000000000000007
14117, -0.5999999999999996, 0.7000000000000028
14118, -0.5999999999999996, 0.7000000000000028
14119, -0.5999999999999996, 0.7000000000000028
14120, -0.5999999999999996, 0.7000000000000028
14121, -0.5999999999999996, 0.7000000000000028
14122, -0.5999999999999996, 0.7000000000000028
14123, -0.5999999999999996, 0.7000000000000028
14124, -0.5999999999999996, 0.7000000000000028
14125, -0.5999999999999996, 0.7000000000000028
14126, -0.5999999999999996, 0.7000000000000028
14127, -0.5999999999999996, 0.8000000000000007
14128, -0.5999999999999996, 0.9000000000000021
14129, -0.5999999999999996, 0.9000000000000021
14130, -0.5999999999999996, 0.9000000000000021
14131, -0.6999999999999993, 0.9000000000000021
14132, -0.6999999999999993, 0.9000000000000021
14133, -0.6999999999999993, 0.8000000000000007
14134, -0.6999999999999993, 0.8000000000000007
14135, -0.6999999999999993, 0.7000000000000028
14136, -0.6999999999999993, 0.7000000000000028
14137, -0.6999999999999993, 0.7000000000000028
14138, -0.6999999999999993, 0.7000000000000028
14139, -0.6999999999999993, 0.8000000000000007
14140, -0.6999999999999993, 0.8000000000000007
14141, -0.6999999999999993, 0.8000000000000007
14142, -0.6999999999999993, 0.8000000000000007
14143, -0.6999999999999993, 0.8000000000000007
14144, -0.6999999999999993, 0.8000000000000007
14145, -0.6999999999999993, 0.8000000000000007
14146, -0.6999999999999993, 0.8000000000000007
14147, -0.6999999999999993, 0.8000000000000007
14148, -0.6999999999999993, 0.8000000000000007
14149, -0.6999999999999993, 0.7000000000000028
14150, -0.6999999999999993, 0.7000000000000028
14151, -0.6999999999999993, 0.7000000000000028
14152, -0.6999999999999993, 0.8000000000000007
14153, -0.6999999999999993, 0.8000000000000007
14154, -0.6999999999999993, 0.8000000000000007
14155, -0.6999999999999993, 0.7000000000000028
14156, -0.5999999999999996, 0.7000000000000028
14157, -0.5999999999999996, 0.7000000000000028
14158, -0.5999999999999996, 0.8000000000000007
14159, -0.5999999999999996, 0.8000000000000007
14160, -0.5999999999999996, 0.7000000000000028
14161, -0.5999999999999996, 0.7000000000000028
14162, -0.5999999999999996, 0.7000000000000028
14163, -0.5999999999999996, 0.8000000000000007
14164, -0.5999999999999996, 0.7000000000000028
14165, -0.5999999999999996, 0.7000000000000028
14166, -0.5999999999999996, 0.7000000000000028
14167, -0.5999999999999996, 0.7000000000000028
14168, -0.5999999999999996, 0.7000000000000028
14169, -0.5999999999999996, 0.7000000000000028
14170, -0.5999999999999996, 0.7000000000000028
14171, -0.5999999999999996, 0.6000000000000014
14172, -0.5999999999999996, 0.7000000000000028
14173, -0.5999999999999996, 0.7000000000000028
14174, -0.5999999999999996, 0.7000000000000028
14175, -0.5999999999999996, 0.6000000000000014
14176, -0.5999999999999996, 0.6000000000000014
14177, -0.5999999999999996, 0.7000000000000028
14178, -0.5999999999999996, 0.6000000000000014
14179, -0.5999999999999996, 0.6000000000000014
14180, -0.5999999999999996, 0.6000000000000014
14181, -0.5999999999999996, 0.6000000000000014
14182, -0.5999999999999996, 0.6000000000000014
14183, -0.5999999999999996, 0.6000000000000014
14184, -0.5999999999999996, 0.6000000000000014
14185, -0.5999999999999996, 0.6000000000000014
14186, -0.5999999999999996, 0.6000000000000014
14187, -0.5999999999999996, 0.6000000000000014
14188, -0.5999999999999996, 0.5
14189, -0.5999999999999996, 0.6000000000000014
14190, -0.5999999999999996, 0.6000000000000014
14191, -0.5999999999999996, 0.6000000000000014
14192, -0.5999999999999996, 0.5
14193, -0.5999999999999996, 0.5
14194, -0.5999999999999996, 0.6000000000000014
14195, -0.5999999999999996, 0.6000000000000014
14196, -0.5999999999999996, 0.6000000000000014
14197, -0.5999999999999996, 0.5
14198, -0.5999999999999996, 0.6000000000000014
14199, -0.5999999999999996, 0.6000000000000014
14200, -0.5999999999999996, 0.6000000000000014
14201, -0.5999999999999996, 0.6000000000000014
14202, -0.5999999999999996, 0.6000000000000014
14203, -0.5999999999999996, 0.6000000000000014
14204, -0.5999999999999996, 0.6000000000000014
14205, -0.5999999999999996, 0.6000000000000014
14206, -0.5999999999999996, 0.7000000000000028
14207, -0.5999999999999996, 0.7000000000000028
14208, -0.5999999999999996, 0.7000000000000028
14209, -0.5999999999999996, 0.7000000000000028
14210, -0.5999999999999996, 0.6000000000000014
14211, -0.5999999999999996, 0.7000000000000028
14212, -0.5999999999999996, 0.7000000000000028
14213, -0.5999999999999996, 0.7000000000000028
14214, -0.5999999999999996, 0.7000000000000028
14215, -0.5999999999999996, 0.7000000000000028
14216, -0.5999999999999996, 0.7000000000000028
14217, -0.5999999999999996, 0.8000000000000007
14218, -0.5999999999999996, 0.8000000000000007
14219, -0.5999999999999996, 0.7000000000000028
14220, -0.5999999999999996, 0.7000000000000028
14221, -0.5999999999999996, 0.6000000000000014
14222, -0.5999999999999996, 0.6000000000000014
14223, -0.5999999999999996, 0.7000000000000028
14224, -0.5999999999999996, 0.7000000000000028
14225, -0.5999999999999996, 0.7000000000000028
14226, -0.5999999999999996, 0.7000000000000028
14227, -0.5999999999999996, 0.7000000000000028
14228, -0.5999999999999996, 0.7000000000000028
14229, -0.5999999999999996, 0.6000000000000014
14230, -0.5999999999999996, 0.7000000000000028
14231, -0.5999999999999996, 0.7000000000000028
14232, -0.5999999999999996, 0.7000000000000028
14233, -0.5999999999999996, 0.7000000000000028
14234, -0.5999999999999996, 0.7000000000000028
14235, -0.5999999999999996, 0.7000000000000028
14236, -0.5999999999999996, 0.7000000000000028
14237, -0.5999999999999996, 0.8000000000000007
14238, -0.5999999999999996, 0.8000000000000007
14239, -0.5999999999999996, 0.8000000000000007
14240, -0.5999999999999996, 0.8000000000000007
14241, -0.5999999999999996, 0.6000000000000014
14242, -0.5999999999999996, 0.6000000000000014
14243, -0.5999999999999996, 0.6000000000000014
14244, -0.5999999999999996, 0.6000000000000014
14245, -0.5999999999999996, 0.7000000000000028
14246, -0.5999999999999996, 0.7000000000000028
14247, -0.5999999999999996, 0.7000000000000028
14248, -0.5999999999999996, 0.7000000000000028
14249, -0.5999999999999996, 0.7000000000000028
14250, -0.5999999999999996, 0.7000000000000028
14251, -0.5999999999999996, 0.7000000000000028
14252, -0.5999999999999996, 0.7000000000000028
14253, -0.5999999999999996, 0.6000000000000014
14254, -0.5999999999999996, 0.7000000000000028
14255, -0.5999999999999996, 0.7000000000000028
14256, -0.5999999999999996, 0.8000000000000007
14257, -0.5999999999999996, 0.8000000000000007
14258, -0.5999999999999996, 0.8000000000000007
14259, -0.5999999999999996, 0.8000000000000007
14260, -0.5999999999999996, 0.8000000000000007
14261, -0.5999999999999996, 0.7000000000000028
14262, -0.5999999999999996, 0.7000000000000028
14263, -0.5999999999999996, 0.7000000000000028
14264, -0.6999999999999993, 0.7000000000000028
14265, -0.6999999999999993, 0.7000000000000028
14266, -0.6999999999999993, 0.7000000000000028
14267, -0.6999999999999993, 0.8000000000000007
14268, -0.6999999999999993, 0.7000000000000028
14269, -0.6999999999999993, 0.7000000000000028
14270, -0.6999999999999993, 0.7000000000000028
14271, -0.6999999999999993, 0.7000000000000028
14272, -0.6999999999999993, 0.7000000000000028
14273, -0.6999999999999993, 0.7000000000000028
14274, -0.6999999999999993, 0.6000000000000014
14275, -0.6999999999999993, 0.6000000000000014
14276, -0.6999999999999993, 0.7000000000000028
14277, -0.6999999999999993, 0.7000000000000028
14278, -0.6999999999999993, 0.7000000000000028
14279, -0.6999999999999993, 0.7000000000000028
14280, -0.6999999999999993, 0.7000000000000028
14281, -0.6999999999999993, 0.7000000000000028
14282, -0.6999999999999993, 0.7000000000000028
14283, -0.6999999999999993, 0.8000000000000007
14284, -0.6999999999999993, 0.8000000000000007
14285, -0.6999999999999993, 0.7000000000000028
14286, -0.6999999999999993, 0.7000000000000028
14287, -0.6999999999999993, 0.7000000000000028
14288, -0.6999999999999993, 0.7000000000000028
14289, -0.6999999999999993, 0.7000000000000028
14290, -0.6999999999999993, 0.8000000000000007
14291, -0.6999999999999993, 0.7000000000000028
14292, -0.6999999999999993, 0.7000000000000028
14293, -0.6999999999999993, 0.7000000000000028
14294, -0.6999999999999993, 0.7000000000000028
14295, -0.8000000000000007, 0.7000000000000028
14296, -0.8000000000000007, 0.8000000000000007
14297, -0.8000000000000007, 0.8000000000000007
14298, -0.8000000000000007, 0.8000000000000007
14299, -0.8000000000000007, 0.7000000000000028
14300, -0.8000000000000007, 0.7000000000000028
14301, -0.8000000000000007, 0.8000000000000007
14302, -0.8000000000000007, 0.7000000000000028
14303, -0.8000000000000007, 0.7000000000000028
14304, -0.8000000000000007, 0.7000000000000028
14305, -0.8000000000000007, 0.7000000000000028
14306, -0.8000000000000007, 0.8000000000000007
14307, -0.8000000000000007, 0.8000000000000007
14308, -0.8000000000000007, 0.8000000000000007
14309, -0.8000000000000007, 0.7000000000000028
14310, -0.8000000000000007, 0.7000000000000028
14311, -0.8000000000000007, 0.8000000000000007
14312, -0.8000000000000007, 0.7000000000000028
14313, -0.8000000000000007, 0.7000000000000028
14314, -0.8000000000000007, 0.7000000000000028
14315, -0.8000000000000007, 0.7000000000000028
14316, -0.8000000000000007, 0.8000000000000007
14317, -0.8000000000000007, 0.8000000000000007
14318, -0.8000000000000007, 0.8000000000000007
14319, -0.8000000000000007, 0.8000000000000007
14320, -0.8000000000000007, 0.7000000000000028
14321, -0.8000000000000007, 0.7000000000000028
14322, -0.8000000000000007, 0.7000000000000028
14323, -0.8000000000000007, 0.7000000000000028
14324, -0.8000000000000007, 0.7000000000000028
14325, -0.8000000000000007, 0.8000000000000007
14326, -0.8000000000000007, 0.8000000000000007
14327, -0.8000000000000007, 0.8000000000000007
14328, -0.8000000000000007, 0.8000000000000007
14329, -0.8000000000000007, 0.8000000000000007
14330, -0.8000000000000007, 0.9000000000000021
14331, -0.8000000000000007, 0.9000000000000021
14332, -0.8000000000000007, 0.9000000000000021
14333, -0.8000000000000007, 0.8000000000000007
14334, -0.8000000000000007, 0.8000000000000007
14335, -0.8000000000000007, 0.7000000000000028
14336, -0.8000000000000007, 0.8000000000000007
14337, -0.8000000000000007, 0.8000000000000007
14338, -0.8000000000000007, 0.8000000000000007
14339, -0.8000000000000007, 0.8000000000000007
14340, -0.8000000000000007, 0.8000000000000007
14341, -0.8000000000000007, 0.9000000000000021
14342, -0.9000000000000004, 0.9000000000000021
14343, -0.9000000000000004, 0.9000000000000021
14344, -0.9000000000000004, 0.9000000000000021
14345, -0.9000000000000004, 0.9000000000000021
14346, -0.9000000000000004, 0.9000000000000021
14347, -0.9000000000000004, 0.9000000000000021
14348, -0.9000000000000004, 1.0
14349, -0.9000000000000004, 1.0
14350, -0.9000000000000004, 1.0
14351, -0.9000000000000004, 1.0
14352, -0.9000000000000004, 1.0
14353, -0.9000000000000004, 1.0
14354, -0.9000000000000004, 1.0
14355, -0.9000000000000004, 1.0
14356, -1.0, 1.0
14357, -1.0, 0.9000000000000021
14358, -1.0, 1.0
14359, -1.0, 1.0
14360, -1.0, 1.0
14361, -1.0, 1.0
14362, -1.0, 1.0
14363, -1.0, 1.0
14364, -1.0, 1.0
14365, -1.0, 1.0
14366, -1.0, 1.0
14367, -1.0, 1.0
14368, -1.0, 1.0
14369, -1.0, 1.0
14370, -1.0, 1.0
14371, -1.0, 1.0
14372, -1.0, 1.0
14373, -1.0, 1.0
14374, -1.0, 0.9000000000000021
14375, -1.0, 0.9000000000000021
14376, -1.0, 0.9000000000000021
14377, -1.0, 0.9000000000000021
14378, -1.0, 0.9000000000000021
14379, -1.0, 0.9000000000000021
14380, -1.0, 0.9000000000000021
14381, -1.0, 0.9000000000000021
14382, -0.9000000000000004, 0.9000000000000021
14383, -0.9000000000000004, 0.9000000000000021
14384, -0.9000000000000004, 0.9000000000000021
14385, -0.9000000000000004, 0.9000000000000021
14386, -0.9000000000000004, 0.9000000000000021
14387, -0.9000000000000004, 0.9000000000000021
14388, -0.9000000000000004, 0.9000000000000021
14389, -0.9000000000000004, 0.9000000000000021
14390, -0.9000000000000004, 0.9000000000000021
14391, -0.9000000000000004, 0.9000000000000021
14392, -0.9000000000000004, 0.9000000000000021
14393, -0.9000000000000004, 0.9000000000000021
14394, -0.9000000000000004, 0.8000000000000007
14395, -0.9000000000000004, 0.8000000000000007
14396, -0.9000000000000004, 0.8000000000000007
14397, -0.9000000000000004, 0.8000000000000007
14398, -0.9000000000000004, 0.8000000000000007
14399, -0.9000000000000004, 0.8000000000000007
14400, -0.8000000000000007, 0.8000000000000007
14401, -0.8000000000000007, 0.8000000000000007
14402, -0.8000000000000007, 0.8000000000000007
14403, -0.8000000000000007, 0.8000000000000007
14404, -0.6999999999999993, 0.8000000000000007
14405, -0.6999999999999993, 0.8000000000000007
14406, -0.6999999999999993, 0.8000000000000007
14407, -0.6999999999999993, 0.9000000000000021
14408, -0.6999999999999993, 0.9000000000000021
14409, -0.6999999999999993, 0.9000000000000021
14410, -0.6999999999999993, 0.9000000000000021
14411, -0.6999999999999993, 0.9000000000000021
14412, -0.6999999999999993, 0.9000000000000021
14413, -0.6999999999999993, 0.8000000000000007
14414, -0.6999999999999993, 0.8000000000000007
14415, -0.6999999999999993, 0.8000000000000007
14416, -0.6999999999999993, 0.8000000000000007
14417, -0.6999999999999993, 0.8000000000000007
14418, -0.8000000000000007, 0.7000000000000028
14419, -0.8000000000000007, 0.7000000000000028
14420, -0.8000000000000007, 0.9000000000000021
14421, -0.8000000000000007, 0.9000000000000021
14422, -0.8000000000000007, 0.9000000000000021
14423, -0.8000000000000007, 0.8000000000000007
14424, -0.8000000000000007, 0.8000000000000007
14425, -0.8000000000000007, 0.8000000000000007
14426, -0.8000000000000007, 0.8000000000000007
14427, -0.8000000000000007, 0.8000000000000007
14428, -0.8000000000000007, 0.7000000000000028
14429, -0.8000000000000007, 0.7000000000000028
14430, -0.8000000000000007, 0.8000000000000007
14431, -0.8000000000000007, 0.8000000000000007
14432, -0.8000000000000007, 0.8000000000000007
14433, -0.8000000000000007, 0.8000000000000007
14434, -0.8000000000000007, 0.7000000000000028
14435, -0.8000000000000007, 0.7000000000000028
14436, -0.8000000000000007, 0.8000000000000007
14437, -0.8000000000000007, 0.8000000000000007
14438, -0.8000000000000007, 0.8000000000000007
14439, -0.8000000000000007, 0.8000000000000007
14440, -0.8000000000000007, 0.8000000000000007
14441, -0.8000000000000007, 0.8000000000000007
14442, -0.6999999999999993, 0.8000000000000007
14443, -0.6999999999999993, 0.8000000000000007
14444, -0.6999999999999993, 0.8000000000000007
14445, -0.6999999999999993, 0.8000000000000007
14446, -0.6999999999999993, 0.8000000000000007
14447, -0.6999999999999993, 0.7000000000000028
14448, -0.6999999999999993, 0.7000000000000028
14449, -0.6999999999999993, 0.7000000000000028
14450, -0.6999999999999993, 0.8000000000000007
14451, -0.6999999999999993, 0.8000000000000007
14452, -0.6999999999999993, 0.8000000000000007
14453, -0.6999999999999993, 0.8000000000000007
14454, -0.6999999999999993, 0.8000000000000007
14455, -0.5999999999999996, 0.7000000000000028
14456, -0.5999999999999996, 0.7000000000000028
14457, -0.5999999999999996, 0.8000000000000007
14458, -0.5999999999999996, 0.8000000000000007
14459, -0.5999999999999996, 0.9000000000000021
14460, -0.5999999999999996, 0.9000000000000021
14461, -0.5999999999999996, 0.9000000000000021
14462, -0.5999999999999996, 0.9000000000000021
14463, -0.5999999999999996, 0.9000000000000021
14464, -0.5999999999999996, 0.8000000000000007
14465, -0.5999999999999996, 0.8000000000000007
14466, -0.5999999999999996, 0.8000000000000007
14467, -0.5999999999999996, 0.8000000000000007
14468, -0.5999999999999996, 0.9000000000000021
14469, -0.5999999999999996, 0.9000000000000021
14470, -0.5999999999999996, 0.9000000000000021
14471, -0.5999999999999996, 0.9000000000000021
14472, -0.5999999999999996, 0.9000000000000021
14473, -0.5999999999999996, 0.9000000000000021
14474, -0.5999999999999996, 0.9000000000000021
14475, -0.5999999999999996, 0.8000000000000007
14476, -0.5999999999999996, 0.8000000000000007
14477, -0.5999999999999996, 0.8000000000000007
14478, -0.5999999999999996, 0.8000000000000007
14479, -0.5999999999999996, 0.8000000000000007
14480, -0.5999999999999996, 0.8000000000000007
14481, -0.5999999999999996, 0.8000000000000007
14482, -0.5999999999999996, 0.8000000000000007
14483, -0.5999999999999996, 0.8000000000000007
14484, -0.5999999999999996, 0.8000000000000007
14485, -0.5999999999999996, 0.9000000000000021
14486, -0.5999999999999996, 0.9000000000000021
14487, -0.5999999999999996, 0.9000000000000021
14488, -0.5999999999999996, 0.9000000000000021
14489, -0.5999999999999996, 0.9000000000000021
14490, -0.5999999999999996, 0.9000000000000021
14491, -0.5999999999999996, 0.9000000000000021
14492, -0.5999999999999996, 0.9000000000000021
14493, -0.5999999999999996, 0.8000000000000007
14494, -0.5999999999999996, 0.8000000000000007
14495, -0.5999999999999996, 0.8000000000000007
14496, -0.5999999999999996, 0.8000000000000007
14497, -0.5999999999999996, 0.8000000000000007
14498, -0.5999999999999996, 0.8000000000000007
14499, -0.5999999999999996, 0.8000000000000007
14500, -0.5999999999999996, 0.8000000000000007
14501, -0.5999999999999996, 0.8000000000000007
14502, -0.5999999999999996, 0.8000000000000007
14503, -0.5999999999999996, 0.8000000000000007
14504, -0.5999999999999996, 0.8000000000000007
14505, -0.5999999999999996, 0.8000000000000007
14506, -0.5999999999999996, 0.8000000000000007
14507, -0.5999999999999996, 0.8000000000000007
14508, -0.5999999999999996, 0.8000000000000007
14509, -0.5999999999999996, 0.8000000000000007
14510, -0.5999999999999996, 0.8000000000000007
14511, -0.5999999999999996, 0.8000000000000007
14512, -0.5999999999999996, 0.7000000000000028
14513, -0.5999999999999996, 0.7000000000000028
14514, -0.5999999999999996, 0.8000000000000007
14515, -0.5999999999999996, 0.8000000000000007
14516, -0.5999999999999996, 0.8000000000000007
14517, -0.5999999999999996, 0.8000000000000007
14518, -0.5999999999999996, 0.8000000000000007
14519, -0.5999999999999996, 0.8000000000000007
14520, -0.5999999999999996, 0.8000000000000007
14521, -0.5999999999999996, 0.7000000000000028
14522, -0.5999999999999996, 0.7000000000000028
14523, -0.6999999999999993, 0.7000000000000028
14524, -0.6999999999999993, 0.7000000000000028
14525, -0.6999999999999993, 0.7000000000000028
14526, -0.6999999999999993, 0.7000000000000028
14527, -0.6999999999999993, 0.7000000000000028
14528, -0.6999999999999993, 0.7000000000000028
14529, -0.6999999999999993, 0.7000000000000028
14530, -0.6999999999999993, 0.7000000000000028
14531, -0.6999999999999993, 0.7000000000000028
14532, -0.6999999999999993, 0.7000000000000028
14533, -0.6999999999999993, 0.6000000000000014
14534, -0.6999999999999993, 0.7000000000000028
14535, -0.6999999999999993, 0.7000000000000028
14536, -0.6999999999999993, 0.7000000000000028
14537, -0.6999999999999993, 0.8000000000000007
14538, -0.6999999999999993, 0.8000000000000007
14539, -0.6999999999999993, 0.7000000000000028
14540, -0.6999999999999993, 0.7000000000000028
14541, -0.6999999999999993, 0.7000000000000028
14542, -0.6999999999999993, 0.7000000000000028
14543, -0.6999999999999993, 0.7000000000000028
14544, -0.6999999999999993, 0.7000000000000028
14545, -0.6999999999999993, 0.7000000000000028
14546, -0.6999999999999993, 0.7000000000000028
14547, -0.6999999999999993, 0.7000000000000028
14548, -0.6999999999999993, 0.7000000000000028
14549, -0.6999999999999993, 0.7000000000000028
14550, -0.6999999999999993, 0.7000000000000028
14551, -0.6999999999999993, 0.8000000000000007
14552, -0.6999999999999993, 0.8000000000000007
14553, -0.6999999999999993, 0.7000000000000028
14554, -0.6999999999999993, 0.7000000000000028
14555, -0.6999999999999993, 0.7000000000000028
14556, -0.6999999999999993, 0.7000000000000028
14557, -0.6999999999999993, 0.8000000000000007
14558, -0.6999999999999993, 0.8000000000000007
14559, -0.6999999999999993, 0.8000000000000007
14560, -0.6999999999999993, 0.8000000000000007
14561, -0.6999999999999993, 0.8000000000000007
14562, -0.6999999999999993, 0.8000000000000007
14563, -0.6999999999999993, 0.8000000000000007
14564, -0.6999999999999993, 0.8000000000000007
14565, -0.6999999999999993, 0.8000000000000007
14566, -0.6999999999999993, 0.8000000000000007
14567, -0.6999999999999993, 0.8000000000000007
14568, -0.6999999999999993, 0.8000000000000007
14569, -0.6999999999999993, 0.9000000000000021
14570, -0.6999999999999993, 0.9000000000000021
14571, -0.6999999999999993, 0.9000000000000021
14572, -0.6999999999999993, 0.9000000000000021
14573, -0.6999999999999993, 0.8000000000000007
14574, -0.6999999999999993, 0.9000000000000021
14575, -0.6999999999999993, 0.8000000000000007
14576, -0.6999999999999993, 0.8000000000000007
14577, -0.6999999999999993, 0.8000000000000007
14578, -0.6999999999999993, 0.8000000000000007
14579, -0.6999999999999993, 0.8000000000000007
14580, -0.6999999999999993, 0.8000000000000007
14581, -0.6999999999999993, 0.8000000000000007
14582, -0.6999999999999993, 0.8000000000000007
14583, -0.6999999999999993, 0.8000000000000007
14584, -0.6999999999999993, 0.8000000000000007
14585, -0.6999999999999993, 0.8000000000000007
14586, -0.6999999999999993, 0.8000000000000007
14587, -0.6999999999999993, 0.8000000000000007
14588, -0.6999999999999993, 0.7000000000000028
14589, -0.6999999999999993, 0.8000000000000007
14590, -0.6999999999999993, 0.8000000000000007
14591, -0.6999999999999993, 0.8000000000000007
14592, -0.6999999999999993, 0.8000000000000007
14593, -0.6999999999999993, 0.8000000000000007
14594, -0.6999999999999993, 0.8000000000000007
14595, -0.6999999999999993, 0.8000000000000007
14596, -0.6999999999999993, 0.7000000000000028
14597, -0.6999999999999993, 0.7000000000000028
14598, -0.6999999999999993, 0.7000000000000028
14599, -0.6999999999999993, 0.7000000000000028
14600, -0.6999999999999993, 0.7000000000000028
14601, -0.6999999999999993, 0.7000000000000028
14602, -0.6999999999999993, 0.7000000000000028
14603, -0.6999999999999993, 0.7000000000000028
14604, -0.6999999999999993, 0.7000000000000028
14605, -0.6999999999999993, 0.8000000000000007
14606, -0.6999999999999993, 0.8000000000000007
14607, -0.6999999999999993, 0.8000000000000007
14608, -0.6999999999999993, 0.8000000000000007
14609, -0.6999999999999993, 0.8000000000000007
14610, -0.6999999999999993, 0.8000000000000007
14611, -0.6999999999999993, 0.7000000000000028
14612, -0.6999999999999993, 0.7000000000000028
14613, -0.6999999999999993, 0.7000000000000028
14614, -0.6999999999999993, 0.7000000000000028
14615, -0.6999999999999993, 0.7000000000000028
14616, -0.6999999999999993, 0.7000000000000028
14617, -0.6999999999999993, 0.7000000000000028
14618, -0.6999999999999993, 0.7000000000000028
14619, -0.6999999999999993, 0.7000000000000028
14620, -0.6999999999999993, 0.7000000000000028
14621, -0.6999999999999993, 0.7000000000000028
14622, -0.6999999999999993, 0.7000000000000028
14623, -0.6999999999999993, 0.7000000000000028
14624, -0.6999999999999993, 0.7000000000000028
14625, -0.6999999999999993, 0.7000000000000028
14626, -0.6999999999999993, 0.8000000000000007
14627, -0.6999999999999993, 0.8000000000000007
14628, -0.6999999999999993, 0.8000000000000007
14629, -0.6999999999999993, 0.8000000000000007
14630, -0.6999999999999993, 0.7000000000000028
14631, -0.6999999999999993, 0.7000000000000028
14632, -0.6999999999999993, 0.7000000000000028
14633, -0.6999999999999993, 0.7000000000000028
14634, -0.6999999999999993, 0.7000000000000028
14635, -0.6999999999999993, 0.8000000000000007
14636, -0.6999999999999993, 0.8000000000000007
14637, -0.6999999999999993, 0.8000000000000007
14638, -0.6999999999999993, 0.8000000000000007
14639, -0.6999999999999993, 0.8000000000000007
14640, -0.6999999999999993, 0.8000000000000007
14641, -0.6999999999999993, 0.7000000000000028
14642, -0.6999999999999993, 0.7000000000000028
14643, -0.6999999999999993, 0.7000000000000028
14644, -0.6999999999999993, 0.8000000000000007
14645, -0.6999999999999993, 0.8000000000000007
14646, -0.6999999999999993, 0.8000000000000007
14647, -0.6999999999999993, 0.8000000000000007
14648, -0.6999999999999993, 0.7000000000000028
14649, -0.6999999999999993, 0.7000000000000028
14650, -0.6999999999999993, 0.7000000000000028
14651, -0.6999999999999993, 0.7000000000000028
14652, -0.6999999999999993, 0.7000000000000028
14653, -0.6999999999999993, 0.8000000000000007
14654, -0.6999999999999993, 0.8000000000000007
14655, -0.6999999999999993, 0.7000000000000028
14656, -0.6999999999999993, 0.7000000000000028
14657, -0.8000000000000007, 0.7000000000000028
14658, -0.8000000000000007, 0.7000000000000028
14659, -0.8000000000000007, 0.7000000000000028
14660, -0.8000000000000007, 0.7000000000000028
14661, -0.8000000000000007, 0.7000000000000028
14662, -0.8000000000000007, 0.6000000000000014
14663, -0.8000000000000007, 0.5
14664, -0.8000000000000007, 0.6000000000000014
14665, -0.8000000000000007, 0.6000000000000014
14666, -0.8000000000000007, 0.6000000000000014
14667, -0.8000000000000007, 0.6000000000000014
14668, -0.8000000000000007, 0.6000000000000014
14669, -0.8000000000000007, 0.5
14670, -0.8000000000000007, 0.5
14671, -0.8000000000000007, 0.5
14672, -0.8000000000000007, 0.5
14673, -0.8000000000000007, 0.6000000000000014
14674, -0.8000000000000007, 0.6000000000000014
14675, -0.8000000000000007, 0.6000000000000014
14676, -0.8000000000000007, 0.6000000000000014
14677, -0.8000000000000007, 0.6000000000000014
14678, -0.8000000000000007, 0.5
14679, -0.8000000000000007, 0.5
14680, -0.8000000000000007, 0.5
14681, -0.8000000000000007, 0.6000000000000014
14682, -0.8000000000000007, 0.6000000000000014
14683, -0.8000000000000007, 0.6000000000000014
14684, -0.8000000000000007, 0.6000000000000014
14685, -0.8000000000000007, 0.6000000000000014
14686, -0.8000000000000007, 0.6000000000000014
14687, -0.8000000000000007, 0.6000000000000014
14688, -0.8000000000000007, 0.7000000000000028
14689, -0.8000000000000007, 0.7000000000000028
14690, -0.8000000000000007, 0.7000000000000028
14691, -0.8000000000000007, 0.7000000000000028
14692, -0.8000000000000007, 0.6000000000000014
14693, -0.8000000000000007, 0.6000000000000014
14694, -0.8000000000000007, 0.6000000000000014
14695, -0.8000000000000007, 0.7000000000000028
14696, -0.8000000000000007, 0.7000000000000028
14697, -0.8000000000000007, 0.7000000000000028
14698, -0.6999999999999993, 0.7000000000000028
14699, -0.6999999999999993, 0.7000000000000028
14700, -0.6999999999999993, 0.7000000000000028
14701, -0.6999999999999993, 0.7000000000000028
14702, -0.6999999999999993, 0.8000000000000007
14703, -0.6999999999999993, 0.8000000000000007
14704, -0.6999999999999993, 0.8000000000000007
14705, -0.6999999999999993, 0.8000000000000007
14706, -0.6999999999999993, 0.8000000000000007
14707, -0.6999999999999993, 0.8000000000000007
14708, -0.6999999999999993, 0.8000000000000007
14709, -0.6999999999999993, 0.8000000000000007
14710, -0.6999999999999993, 0.8000000000000007
14711, -0.6999999999999993, 0.9000000000000021
14712, -0.6999999999999993, 0.8000000000000007
14713, -0.6999999999999993, 0.7000000000000028
14714, -0.6999999999999993, 0.7000000000000028
14715, -0.6999999999999993, 0.7000000000000028
14716, -0.6999999999999993, 0.7000000000000028
14717, -0.6999999999999993, 0.7000000000000028
14718, -0.6999999999999993, 0.7000000000000028
14719, -0.6999999999999993, 0.7000000000000028
14720, -0.6999999999999993, 0.7000000000000028
14721, -0.6999999999999993, 0.7000000000000028
14722, -0.8000000000000007, 0.7000000000000028
14723, -0.8000000000000007, 0.7000000000000028
14724, -0.8000000000000007, 0.7000000000000028
14725, -0.8000000000000007, 0.7000000000000028
14726, -0.8000000000000007, 0.7000000000000028
14727, -0.8000000000000007, 0.7000000000000028
14728, -0.6999999999999993, 0.7000000000000028
14729, -0.6999999999999993, 0.7000000000000028
14730, -0.6999999999999993, 0.7000000000000028
14731, -0.6999999999999993, 0.7000000000000028
14732, -0.6999999999999993, 0.7000000000000028
14733, -0.6999999999999993, 0.7000000000000028
14734, -0.6999999999999993, 0.7000000000000028
14735, -0.6999999999999993, 0.7000000000000028
14736, -0.6999999999999993, 0.7000000000000028
14737, -0.6999999999999993, 0.7000000000000028
14738, -0.6999999999999993, 0.7000000000000028
14739, -0.6999999999999993, 0.7000000000000028
14740, -0.6999999999999993, 0.7000000000000028
14741, -0.6999999999999993, 0.6000000000000014
14742, -0.6999999999999993, 0.6000000000000014
14743, -0.6999999999999993, 0.6000000000000014
14744, -0.6999999999999993, 0.6000000000000014
14745, -0.6999999999999993, 0.6000000000000014
14746, -0.6999999999999993, 0.6000000000000014
14747, -0.6999999999999993, 0.7000000000000028
14748, -0.6999999999999993, 0.7000000000000028
14749, -0.6999999999999993, 0.7000000000000028
14750, -0.6999999999999993, 0.7000000000000028
14751, -0.6999999999999993, 0.7000000000000028
14752, -0.6999999999999993, 0.7000000000000028
14753, -0.6999999999999993, 0.7000000000000028
14754, -0.6999999999999993, 0.7000000000000028
14755, -0.6999999999999993, 0.7000000000000028
14756, -0.6999999999999993, 0.7000000000000028
14757, -0.6999999999999993, 0.6000000000000014
14758, -0.6999999999999993, 0.7000000000000028
14759, -0.6999999999999993, 0.7000000000000028
14760, -0.6999999999999993, 0.7000000000000028
14761, -0.6999999999999993, 0.7000000000000028
14762, -0.6999999999999993, 0.7000000000000028
14763, -0.6999999999999993, 0.7000000000000028
14764, -0.6999999999999993, 0.7000000000000028
14765, -0.6999999999999993, 0.7000000000000028
14766, -0.6999999999999993, 0.7000000000000028
14767, -0.6999999999999993, 0.7000000000000028
14768, -0.6999999999999993, 0.7000000000000028
14769, -0.6999999999999993, 0.7000000000000028
14770, -0.6999999999999993, 0.7000000000000028
14771, -0.6999999999999993, 0.8000000000000007
14772, -0.6999999999999993, 0.8000000000000007
14773, -0.6999999999999993, 0.7000000000000028
14774, -0.6999999999999993, 0.7000000000000028
14775, -0.6999999999999993, 0.7000000000000028
14776, -0.6999999999999993, 0.7000000000000028
14777, -0.6999999999999993, 0.7000000000000028
14778, -0.6999999999999993, 0.7000000000000028
14779, -0.6999999999999993, 0.7000000000000028
14780, -0.6999999999999993, 0.7000000000000028
14781, -0.6999999999999993, 0.8000000000000007
14782, -0.6999999999999993, 0.8000000000000007
14783, -0.6999999999999993, 0.8000000000000007
14784, -0.6999999999999993, 0.8000000000000007
14785, -0.6999999999999993, 0.8000000000000007
14786, -0.6999999999999993, 0.8000000000000007
14787, -0.6999999999999993, 0.8000000000000007
14788, -0.6999999999999993, 0.8000000000000007
14789, -0.6999999999999993, 0.8000000000000007
14790, -0.6999999999999993, 0.8000000000000007
14791, -0.6999999999999993, 0.8000000000000007
14792, -0.6999999999999993, 0.8000000000000007
14793, -0.6999999999999993, 0.7000000000000028
14794, -0.6999999999999993, 0.7000000000000028
14795, -0.6999999999999993, 0.7000000000000028
14796, -0.6999999999999993, 0.7000000000000028
14797, -0.6999999999999993, 0.8000000000000007
14798, -0.6999999999999993, 0.8000000000000007
14799, -0.6999999999999993, 0.8000000000000007
14800, -0.6999999999999993, 0.8000000000000007
14801, -0.6999999999999993, 0.8000000000000007
14802, -0.6999999999999993, 0.8000000000000007
14803, -0.6999999999999993, 0.7000000000000028
14804, -0.6999999999999993, 0.7000000000000028
14805, -0.6999999999999993, 0.7000000000000028
14806, -0.6999999999999993, 0.7000000000000028
14807, -0.6999999999999993, 0.8000000000000007
14808, -0.6999999999999993, 0.8000000000000007
14809, -0.6999999999999993, 0.8000000000000007
14810, -0.6999999999999993, 0.8000000000000007
14811, -0.6999999999999993, 0.7000000000000028
14812, -0.6999999999999993, 0.7000000000000028
14813, -0.6999999999999993, 0.7000000000000028
14814, -0.6999999999999993, 0.7000000000000028
14815, -0.8000000000000007, 0.8000000000000007
14816, -0.8000000000000007, 0.8000000000000007
14817, -0.8000000000000007, 0.8000000000000007
14818, -0.8000000000000007, 0.8000000000000007
14819, -0.8000000000000007, 0.8000000000000007
14820, -0.8000000000000007, 0.8000000000000007
14821, -0.8000000000000007, 0.7000000000000028
14822, -0.8000000000000007, 0.7000000000000028
14823, -0.8000000000000007, 0.7000000000000028
14824, -0.8000000000000007, 0.8000000000000007
14825, -0.8000000000000007, 0.8000000000000007
14826, -0.8000000000000007, 0.8000000000000007
14827, -0.8000000000000007, 0.8000000000000007
14828, -0.8000000000000007, 0.8000000000000007
14829, -0.6999999999999993, 0.8000000000000007
14830, -0.6999999999999993, 0.8000000000000007
14831, -0.6999999999999993, 0.8000000000000007
14832, -0.6999999999999993, 0.8000000000000007
14833, -0.6999999999999993, 0.8000000000000007
14834, -0.6999999999999993, 0.8000000000000007
14835, -0.6999999999999993, 0.9000000000000021
14836, -0.6999999999999993, 0.9000000000000021
14837, -0.6999999999999993, 0.8000000000000007
14838, -0.6999999999999993, 0.8000000000000007
14839, -0.6999999999999993, 0.8000000000000007
14840, -0.6999999999999993, 0.8000000000000007
14841, -0.6999999999999993, 0.8000000000000007
14842, -0.6999999999999993, 0.8000000000000007
14843, -0.6999999999999993, 0.8000000000000007
14844, -0.6999999999999993, 0.8000000000000007
14845, -0.6999999999999993, 0.8000000000000007
14846, -0.6999999999999993, 0.8000000000000007
14847, -0.8000000000000007, 0.8000000000000007
14848, -0.8000000000000007, 0.9000000000000021
14849, -0.8000000000000007, 0.9000000000000021
14850, -0.8000000000000007, 0.9000000000000021
14851, -0.8000000000000007, 0.9000000000000021
14852, -0.8000000000000007, 0.9000000000000021
14853, -0.8000000000000007, 0.9000000000000021
14854, -0.8000000000000007, 0.9000000000000021
14855, -0.8000000000000007, 0.9000000000000021
14856, -0.8000000000000007, 0.9000000000000021
14857, -0.8000000000000007, 0.9000000000000021
14858, -0.8000000000000007, 0.8000000000000007
14859, -0.8000000000000007, 0.8000000000000007
14860, -0.8000000000000007, 0.8000000000000007
14861, -0.8000000000000007, 0.8000000000000007
14862, -0.8000000000000007, 0.8000000000000007
14863, -0.8000000000000007, 0.8000000000000007
14864, -0.8000000000000007, 0.8000000000000007
14865, -0.8000000000000007, 0.8000000000000007
14866, -0.8000000000000007, 0.8000000000000007
14867, -0.6999999999999993, 0.8000000000000007
14868, -0.6999999999999993, 0.8000000000000007
14869, -0.6999999999999993, 0.8000000000000007
14870, -0.6999999999999993, 0.8000000000000007
14871, -0.6999999999999993, 0.8000000000000007
14872, -0.8000000000000007, 0.8000000000000007
14873, -0.8000000000000007, 0.8000000000000007
14874, -0.8000000000000007, 0.8000000000000007
14875, -0.8000000000000007, 0.8000000000000007
14876, -0.8000000000000007, 0.8000000000000007
14877, -0.8000000000000007, 0.8000000000000007
14878, -0.8000000000000007, 0.8000000000000007
14879, -0.8000000000000007, 0.8000000000000007
14880, -0.8000000000000007, 0.8000000000000007
14881, -0.8000000000000007, 0.8000000000000007
14882, -0.8000000000000007, 0.7000000000000028
14883, -0.8000000000000007, 0.7000000000000028
14884, -0.8000000000000007, 0.8000000000000007
14885, -0.8000000000000007, 0.8000000000000007
14886, -0.8000000000000007, 0.8000000000000007
14887, -0.8000000000000007, 0.8000000000000007
14888, -0.8000000000000007, 0.8000000000000007
14889, -0.8000000000000007, 0.7000000000000028
14890, -0.8000000000000007, 0.7000000000000028
14891, -0.8000000000000007, 0.7000000000000028
14892, -0.8000000000000007, 0.7000000000000028
14893, -0.8000000000000007, 0.7000000000000028
14894, -0.8000000000000007, 0.7000000000000028
14895, -0.8000000000000007, 0.7000000000000028
14896, -0.8000000000000007, 0.6000000000000014
14897, -0.8000000000000007, 0.6000000000000014
14898, -0.8000000000000007, 0.7000000000000028
14899, -0.8000000000000007, 0.7000000000000028
14900, -0.8000000000000007, 0.7000000000000028
14901, -0.8000000000000007, 0.7000000000000028
14902, -0.8000000000000007, 0.7000000000000028
14903, -0.8000000000000007, 0.7000000000000028
14904, -0.6999999999999993, 0.6000000000000014
14905, -0.6999999999999993, 0.6000000000000014
14906, -0.6999999999999993, 0.6000000000000014
14907, -0.6999999999999993, 0.6000000000000014
14908, -0.6999999999999993, 0.7000000000000028
14909, -0.6999999999999993, 0.7000000000000028
14910, -0.6999999999999993, 0.7000000000000028
14911, -0.6999999999999993, 0.7000000000000028
14912, -0.6999999999999993, 0.7000000000000028
14913, -0.5999999999999996, 0.7000000000000028
14914, -0.5999999999999996, 0.7000000000000028
14915, -0.5999999999999996, 0.7000000000000028
14916, -0.5999999999999996, 0.6000000000000014
14917, -0.5999999999999996, 0.6000000000000014
14918, -0.5999999999999996, 0.7000000000000028
14919, -0.5999999999999996, 0.7000000000000028
14920, -0.5999999999999996, 0.7000000000000028
14921, -0.5999999999999996, 0.7000000000000028
14922, -0.5999999999999996, 0.7000000000000028
14923, -0.5999999999999996, 0.7000000000000028
14924, -0.5999999999999996, 0.7000000000000028
14925, -0.5999999999999996, 0.7000000000000028
14926, -0.5999999999999996, 0.7000000000000028
14927, -0.5999999999999996, 0.7000000000000028
14928, -0.5999999999999996, 0.6000000000000014
14929, -0.5999999999999996, 0.7000000000000028
14930, -0.5999999999999996, 0.7000000000000028
14931, -0.5999999999999996, 0.7000000000000028
14932, -0.5999999999999996, 0.7000000000000028
14933, -0.5999999999999996, 0.7000000000000028
14934, -0.5999999999999996, 0.7000000000000028
14935, -0.5999999999999996, 0.7000000000000028
14936, -0.5999999999999996, 0.7000000000000028
14937, -0.5999999999999996, 0.6000000000000014
14938, -0.5999999999999996, 0.6000000000000014
14939, -0.5999999999999996, 0.6000000000000014
14940, -0.5999999999999996, 0.6000000000000014
14941, -0.5999999999999996, 0.6000000000000014
14942, -0.5999999999999996, 0.6000000000000014
14943, -0.5999999999999996, 0.6000000000000014
14944, -0.5999999999999996, 0.6000000000000014
14945, -0.5999999999999996, 0.6000000000000014
14946, -0.5999999999999996, 0.7000000000000028
14947, -0.5999999999999996, 0.7000000000000028
14948, -0.5999999999999996, 0.7000000000000028
14949, -0.5999999999999996, 0.7000000000000028
14950, -0.5999999999999996, 0.7000000000000028
14951, -0.5999999999999996, 0.7000000000000028
14952, -0.5999999999999996, 0.7000000000000028
14953, -0.5999999999999996, 0.7000000000000028
14954, -0.5999999999999996, 0.6000000000000014
14955, -0.5999999999999996, 0.6000000000000014
14956, -0.5999999999999996, 0.6000000000000014
14957, -0.5999999999999996, 0.6000000000000014
14958, -0.5999999999999996, 0.6000000000000014
14959, -0.6999999999999993, 0.7000000000000028
14960, -0.6999999999999993, 0.7000000000000028
14961, -0.6999999999999993, 0.7000000000000028
14962, -0.5999999999999996, 0.8000000000000007
14963, -0.5999999999999996, 0.8000000000000007
14964, -0.5999999999999996, 0.8000000000000007
14965, -0.5999999999999996, 0.8000000000000007
14966, -0.5999999999999996, 0.8000000000000007
14967, -0.5999999999999996, 0.8000000000000007
14968, -0.5999999999999996, 0.8000000000000007
14969, -0.5999999999999996, 0.8000000000000007
14970, -0.5999999999999996, 0.8000000000000007
14971, -0.5999999999999996, 0.8000000000000007
14972, -0.5999999999999996, 0.8000000000000007
14973, -0.5999999999999996, 0.7000000000000028
14974, -0.5999999999999996, 0.7000000000000028
14975, -0.5999999999999996, 0.7000000000000028
14976, -0.5999999999999996, 0.7000000000000028
14977, -0.5999999999999996, 0.7000000000000028
14978, -0.5999999999999996, 0.7000000000000028
14979, -0.5999999999999996, 0.7000000000000028
14980, -0.5999999999999996, 0.7000000000000028
14981, -0.5999999999999996, 0.7000000000000028
14982, -0.5999999999999996, 0.7000000000000028
14983, -0.5999999999999996, 0.7000000000000028
14984, -0.5999999999999996, 0.7000000000000028
14985, -0.5999999999999996, 0.6000000000000014
14986, -0.5999999999999996, 0.6000000000000014
14987, -0.5999999999999996, 0.6000000000000014
14988, -0.5999999999999996, 0.6000000000000014
14989, -0.5999999999999996, 0.6000000000000014
14990, -0.5999999999999996, 0.6000000000000014
14991, -0.5999999999999996, 0.6000000000000014
14992, -0.5999999999999996, 0.6000000000000014
14993, -0.6999999999999993, 0.6000000000000014
14994, -0.6999999999999993, 0.7000000000000028
14995, -0.6999999999999993, 0.7000000000000028
14996, -0.6999999999999993, 0.6000000000000014
14997, -0.6999999999999993, 0.6000000000000014
14998, -0.6999999999999993, 0.6000000000000014
14999, -0.6999999999999993, 0.6000000000000014
15000, -0.6999999999999993, 0.6000000000000014
15001, -0.6999999999999993, 0.6000000000000014
