,Left_Z[N],Right_Z[N]
1, 10.2, -23.2
2, 10.2, -23.6
3, 10.2, -23.6
4, 10.2, -23.6
5, 10.2, -23.6
6, 10.2, -23.6
7, 10.2, -23.6
8, 10.1, -23.6
9, 10.1, -23.6
10, 10.0, -23.6
11, 10.0, -23.6
12, 10.0, -23.6
13, 10.0, -23.6
14, 10.0, -23.6
15, 10.0, -23.6
16, 10.0, -23.6
17, 10.0, -23.6
18, 10.0, -23.6
19, 10.0, -23.6
20, 10.1, -23.6
21, 10.1, -23.6
22, 10.1, -23.6
23, 10.1, -23.6
24, 10.2, -23.6
25, 10.2, -23.6
26, 10.2, -23.6
27, 10.2, -23.6
28, 10.2, -23.6
29, 10.2, -23.6
30, 10.2, -23.6
31, 10.2, -23.8
32, 10.2, -23.8
33, 10.2, -23.8
34, 10.2, -23.8
35, 10.2, -23.8
36, 10.2, -23.8
37, 10.2, -23.8
38, 10.2, -23.8
39, 10.2, -23.8
40, 10.2, -23.8
41, 10.2, -23.8
42, 10.2, -23.8
43, 10.2, -23.8
44, 10.2, -23.8
45, 10.2, -23.8
46, 10.2, -23.8
47, 10.2, -23.8
48, 10.2, -23.8
49, 10.2, -23.8
50, 10.2, -23.8
51, 10.2, -23.8
52, 10.2, -23.8
53, 10.2, -23.7
54, 10.2, -23.7
55, 10.2, -23.7
56, 10.2, -23.7
57, 10.2, -23.7
58, 10.2, -23.7
59, 10.2, -23.7
60, 10.2, -23.7
61, 10.2, -23.7
62, 10.2, -23.7
63, 10.2, -23.7
64, 10.2, -23.7
65, 10.2, -23.7
66, 10.2, -23.7
67, 10.2, -23.7
68, 10.2, -23.7
69, 10.2, -23.7
70, 10.2, -23.7
71, 10.2, -23.7
72, 10.2, -23.7
73, 10.2, -23.8
74, 10.2, -23.8
75, 10.2, -23.8
76, 10.2, -23.8
77, 10.2, -23.8
78, 10.2, -23.8
79, 10.2, -23.8
80, 10.2, -23.7
81, 10.2, -23.7
82, 10.2, -23.7
83, 10.2, -23.7
84, 10.2, -23.7
85, 10.2, -23.7
86, 10.2, -23.7
87, 10.2, -23.7
88, 10.2, -23.7
89, 10.2, -23.7
90, 10.2, -23.7
91, 10.2, -23.7
92, 10.2, -23.7
93, 10.2, -23.7
94, 10.2, -23.7
95, 10.2, -23.7
96, 10.2, -23.7
97, 10.2, -23.7
98, 10.2, -23.7
99, 10.2, -23.7
100, 10.2, -23.7
101, 10.2, -23.7
102, 10.2, -23.7
103, 10.2, -23.7
104, 10.2, -23.7
105, 10.2, -23.7
106, 10.2, -23.7
107, 10.2, -23.7
108, 10.2, -23.6
109, 10.2, -23.6
110, 10.2, -23.6
111, 10.2, -23.6
112, 10.2, -23.6
113, 10.2, -23.6
114, 10.2, -23.6
115, 10.2, -23.6
116, 10.2, -23.7
117, 10.2, -23.7
118, 10.2, -23.7
119, 10.2, -23.7
120, 10.2, -23.7
121, 10.2, -23.7
122, 10.2, -23.7
123, 10.2, -23.7
124, 10.2, -23.7
125, 10.2, -23.7
126, 10.2, -23.7
127, 10.2, -23.7
128, 10.2, -23.7
129, 10.2, -23.7
130, 10.2, -23.7
131, 10.2, -23.7
132, 10.2, -23.7
133, 10.2, -23.7
134, 10.2, -23.7
135, 10.2, -23.7
136, 10.2, -23.7
137, 10.2, -23.7
138, 10.2, -23.7
139, 10.2, -23.7
140, 10.2, -23.7
141, 10.2, -23.7
142, 10.2, -23.7
143, 10.2, -23.7
144, 10.2, -23.7
145, 10.2, -23.7
146, 10.2, -23.8
147, 10.2, -23.8
148, 10.2, -23.8
149, 10.2, -23.8
150, 10.2, -23.8
151, 10.2, -23.8
152, 10.2, -23.8
153, 10.3, -23.8
154, 10.3, -23.8
155, 10.3, -23.8
156, 10.3, -23.8
157, 10.3, -23.8
158, 10.3, -23.8
159, 10.3, -23.8
160, 10.3, -23.8
161, 10.3, -23.7
162, 10.3, -23.7
163, 10.3, -23.7
164, 10.3, -23.7
165, 10.3, -23.7
166, 10.3, -23.7
167, 10.2, -23.7
168, 10.2, -23.7
169, 10.2, -23.7
170, 10.2, -23.7
171, 10.2, -23.7
172, 10.2, -23.7
173, 10.2, -23.7
174, 10.2, -23.7
175, 10.3, -23.7
176, 10.2, -23.7
177, 10.2, -23.8
178, 10.2, -23.8
179, 10.2, -23.8
180, 10.2, -23.7
181, 10.2, -23.7
182, 10.2, -23.6
183, 10.2, -23.6
184, 10.2, -23.6
185, 10.2, -23.6
186, 10.2, -23.6
187, 10.2, -23.6
188, 10.2, -23.6
189, 10.2, -23.6
190, 10.2, -23.6
191, 10.2, -23.6
192, 10.2, -23.6
193, 10.2, -23.6
194, 10.2, -23.6
195, 10.2, -23.6
196, 10.2, -23.6
197, 10.2, -23.6
198, 10.2, -23.6
199, 10.2, -23.6
200, 10.2, -23.7
201, 10.2, -23.7
202, 10.2, -23.7
203, 10.2, -23.7
204, 10.2, -23.7
205, 10.2, -23.7
206, 10.2, -23.7
207, 10.2, -23.7
208, 10.2, -23.7
209, 10.2, -23.7
210, 10.2, -23.7
211, 10.2, -23.7
212, 10.2, -23.7
213, 10.2, -23.7
214, 10.2, -23.7
215, 10.2, -23.7
216, 10.2, -23.7
217, 10.2, -23.7
218, 10.2, -23.7
219, 10.2, -23.7
220, 10.2, -23.7
221, 10.2, -23.8
222, 10.2, -23.8
223, 10.2, -23.8
224, 10.2, -23.8
225, 10.2, -23.8
226, 10.2, -23.8
227, 10.2, -23.8
228, 10.2, -23.8
229, 10.2, -23.8
230, 10.2, -23.8
231, 10.2, -23.8
232, 10.2, -23.8
233, 10.2, -23.8
234, 10.2, -23.8
235, 10.1, -23.8
236, 10.1, -23.8
237, 10.1, -23.8
238, 10.1, -23.8
239, 10.1, -23.8
240, 10.1, -23.8
241, 10.1, -23.8
242, 10.1, -23.8
243, 10.1, -23.8
244, 10.2, -23.8
245, 10.2, -23.8
246, 10.2, -23.8
247, 10.2, -23.8
248, 10.2, -23.8
249, 10.2, -23.8
250, 10.2, -23.8
251, 10.2, -23.8
252, 10.2, -23.8
253, 10.2, -23.8
254, 10.2, -23.8
255, 10.2, -23.8
256, 10.2, -23.8
257, 10.2, -23.8
258, 10.2, -23.8
259, 10.2, -23.8
260, 10.2, -23.8
261, 10.2, -23.8
262, 10.2, -23.8
263, 10.2, -23.8
264, 10.2, -23.8
265, 10.2, -23.8
266, 10.2, -23.8
267, 10.2, -23.8
268, 10.2, -23.8
269, 10.2, -23.8
270, 10.2, -23.8
271, 10.2, -23.8
272, 10.2, -23.8
273, 10.2, -23.7
274, 10.2, -23.7
275, 10.2, -23.7
276, 10.2, -23.7
277, 10.2, -23.7
278, 10.2, -23.7
279, 10.2, -23.7
280, 10.2, -23.7
281, 10.2, -23.7
282, 10.2, -23.7
283, 10.2, -23.7
284, 10.2, -23.7
285, 10.2, -23.7
286, 10.2, -23.7
287, 10.2, -23.7
288, 10.2, -23.7
289, 10.2, -23.7
290, 10.2, -23.7
291, 10.2, -23.7
292, 10.2, -23.7
293, 10.2, -23.7
294, 10.2, -23.7
295, 10.2, -23.7
296, 10.2, -23.7
297, 10.2, -23.7
298, 10.2, -23.7
299, 10.2, -23.7
300, 10.2, -23.7
301, 10.2, -23.7
302, 10.2, -23.7
303, 10.2, -23.7
304, 10.2, -23.7
305, 10.2, -23.7
306, 10.2, -23.7
307, 10.2, -23.7
308, 10.2, -23.7
309, 10.2, -23.7
310, 10.2, -23.7
311, 10.2, -23.7
312, 10.2, -23.7
313, 10.2, -23.7
314, 10.2, -23.7
315, 10.2, -23.7
316, 10.2, -23.6
317, 10.2, -23.6
318, 10.2, -23.6
319, 10.2, -23.6
320, 10.3, -23.6
321, 10.3, -23.7
322, 10.3, -23.7
323, 10.3, -23.7
324, 10.3, -23.7
325, 10.3, -23.7
326, 10.3, -23.7
327, 10.2, -23.7
328, 10.2, -23.7
329, 10.2, -23.7
330, 10.2, -23.7
331, 10.2, -23.8
332, 10.2, -23.8
333, 10.2, -23.8
334, 10.2, -23.8
335, 10.2, -23.8
336, 10.2, -23.8
337, 10.2, -23.7
338, 10.2, -23.7
339, 10.2, -23.7
340, 10.2, -23.7
341, 10.2, -23.7
342, 10.2, -23.7
343, 10.2, -23.7
344, 10.2, -23.7
345, 10.2, -23.7
346, 10.2, -23.7
347, 10.2, -23.6
348, 10.2, -23.6
349, 10.2, -23.7
350, 10.2, -23.7
351, 10.2, -23.7
352, 10.2, -23.7
353, 10.2, -23.7
354, 10.2, -23.7
355, 10.2, -23.7
356, 10.2, -23.7
357, 10.2, -23.7
358, 10.2, -23.7
359, 10.2, -23.7
360, 10.2, -23.8
361, 10.2, -23.8
362, 10.2, -23.8
363, 10.2, -23.8
364, 10.2, -23.8
365, 10.2, -23.8
366, 10.2, -23.8
367, 10.2, -23.8
368, 10.2, -23.8
369, 10.2, -23.8
370, 10.2, -23.8
371, 10.2, -23.8
372, 10.2, -23.7
373, 10.2, -23.7
374, 10.2, -23.7
375, 10.2, -23.7
376, 10.2, -23.7
377, 10.2, -23.7
378, 10.2, -23.7
379, 10.2, -23.7
380, 10.2, -23.7
381, 10.2, -23.7
382, 10.2, -23.7
383, 10.2, -23.7
384, 10.2, -23.7
385, 10.2, -23.7
386, 10.2, -23.7
387, 10.2, -23.7
388, 10.2, -23.7
389, 10.2, -23.7
390, 10.2, -23.7
391, 10.2, -23.7
392, 10.2, -23.7
393, 10.2, -23.7
394, 10.2, -23.7
395, 10.2, -23.7
396, 10.2, -23.7
397, 10.2, -23.8
398, 10.2, -23.8
399, 10.2, -23.8
400, 10.2, -23.8
401, 10.2, -23.7
402, 10.2, -23.7
403, 10.2, -23.7
404, 10.2, -23.7
405, 10.2, -23.7
406, 10.2, -23.7
407, 10.2, -23.7
408, 10.2, -23.7
409, 10.1, -23.6
410, 10.1, -23.7
411, 10.1, -23.7
412, 10.1, -23.7
413, 10.1, -23.7
414, 10.1, -23.7
415, 10.1, -23.7
416, 10.1, -23.7
417, 10.1, -23.7
418, 10.1, -23.7
419, 10.1, -23.7
420, 10.1, -23.7
421, 10.1, -23.7
422, 10.1, -23.7
423, 10.1, -23.7
424, 10.2, -23.7
425, 10.2, -23.7
426, 10.2, -23.7
427, 10.2, -23.7
428, 10.2, -23.7
429, 10.2, -23.7
430, 10.2, -23.7
431, 10.2, -23.7
432, 10.2, -23.7
433, 10.2, -23.7
434, 10.2, -23.8
435, 10.2, -23.7
436, 10.2, -23.7
437, 10.2, -23.7
438, 10.2, -23.7
439, 10.2, -23.7
440, 10.2, -23.7
441, 10.2, -23.7
442, 10.2, -23.7
443, 10.2, -23.7
444, 10.2, -23.7
445, 10.2, -23.7
446, 10.2, -23.7
447, 10.3, -23.7
448, 10.3, -23.7
449, 10.3, -23.7
450, 10.3, -23.7
451, 10.3, -23.7
452, 10.3, -23.7
453, 10.3, -23.7
454, 10.3, -23.7
455, 10.3, -23.7
456, 10.3, -23.7
457, 10.3, -23.6
458, 10.3, -23.6
459, 10.3, -23.6
460, 10.3, -23.7
461, 10.3, -23.7
462, 10.3, -23.7
463, 10.2, -23.7
464, 10.2, -23.7
465, 10.2, -23.7
466, 10.2, -23.7
467, 10.2, -23.7
468, 10.2, -23.7
469, 10.2, -23.7
470, 10.2, -23.7
471, 10.2, -23.7
472, 10.2, -23.7
473, 10.2, -23.7
474, 10.2, -23.7
475, 10.2, -23.7
476, 10.2, -23.7
477, 10.2, -23.7
478, 10.2, -23.7
479, 10.2, -23.7
480, 10.2, -23.7
481, 10.2, -23.7
482, 10.2, -23.7
483, 10.2, -23.7
484, 10.2, -23.7
485, 10.2, -23.7
486, 10.2, -23.7
487, 10.2, -23.7
488, 10.2, -23.7
489, 10.2, -23.7
490, 10.2, -23.7
491, 10.2, -23.7
492, 10.2, -23.7
493, 10.2, -23.6
494, 10.2, -23.7
495, 10.2, -23.7
496, 10.2, -23.7
497, 10.2, -23.7
498, 10.2, -23.7
499, 10.2, -23.7
500, 10.2, -23.7
501, 10.2, -23.6
502, 10.2, -23.6
503, 10.2, -23.6
504, 10.2, -23.6
505, 10.2, -23.6
506, 10.2, -23.6
507, 10.2, -23.6
508, 10.2, -23.6
509, 10.2, -23.6
510, 10.2, -23.6
511, 10.2, -23.7
512, 10.2, -23.7
513, 10.2, -23.7
514, 10.2, -23.7
515, 10.2, -23.7
516, 10.2, -23.7
517, 10.2, -23.7
518, 10.2, -23.7
519, 10.2, -23.7
520, 10.2, -23.7
521, 10.2, -23.7
522, 10.2, -23.7
523, 10.2, -23.7
524, 10.2, -23.7
525, 10.2, -23.7
526, 10.2, -23.7
527, 10.2, -23.7
528, 10.2, -23.7
529, 10.2, -23.7
530, 10.2, -23.7
531, 10.2, -23.7
532, 10.2, -23.7
533, 10.2, -23.7
534, 10.2, -23.7
535, 10.2, -23.7
536, 10.2, -23.7
537, 10.2, -23.7
538, 10.2, -23.7
539, 10.2, -23.7
540, 10.2, -23.7
541, 10.2, -23.7
542, 10.2, -23.7
543, 10.2, -23.7
544, 10.2, -23.7
545, 10.2, -23.7
546, 10.2, -23.7
547, 10.2, -23.7
548, 10.2, -23.7
549, 10.2, -23.8
550, 10.2, -23.8
551, 10.2, -23.8
552, 10.2, -23.8
553, 10.2, -23.8
554, 10.2, -23.8
555, 10.2, -23.8
556, 10.2, -23.8
557, 10.3, -23.8
558, 10.3, -23.8
559, 10.3, -23.8
560, 10.3, -23.8
561, 10.3, -23.8
562, 10.3, -23.8
563, 10.3, -23.8
564, 10.3, -23.8
565, 10.3, -23.8
566, 10.3, -23.8
567, 10.3, -23.8
568, 10.3, -23.8
569, 10.3, -23.8
570, 10.3, -23.8
571, 10.3, -23.8
572, 10.3, -23.8
573, 10.3, -23.8
574, 10.3, -23.8
575, 10.3, -23.8
576, 10.3, -23.8
577, 10.3, -23.8
578, 10.3, -23.8
579, 10.2, -23.8
580, 10.2, -23.8
581, 10.2, -23.8
582, 10.2, -23.8
583, 10.2, -23.8
584, 10.2, -23.8
585, 10.2, -23.8
586, 10.2, -23.8
587, 10.2, -23.7
588, 10.2, -23.7
589, 10.2, -23.7
590, 10.2, -23.8
591, 10.2, -23.8
592, 10.2, -23.8
593, 10.2, -23.8
594, 10.2, -23.8
595, 10.2, -23.8
596, 10.2, -23.8
597, 10.2, -23.8
598, 10.2, -23.8
599, 10.2, -23.8
600, 10.2, -23.7
601, 10.2, -23.7
602, 10.2, -23.8
603, 10.2, -23.8
604, 10.2, -23.8
605, 10.2, -23.8
606, 10.2, -23.8
607, 10.2, -23.8
608, 10.2, -23.8
609, 10.2, -23.8
610, 10.2, -23.8
611, 10.2, -23.8
612, 10.2, -23.8
613, 10.2, -23.8
614, 10.2, -23.8
615, 10.2, -23.8
616, 10.2, -23.8
617, 10.2, -23.8
618, 10.2, -23.8
619, 10.2, -23.8
620, 10.2, -23.8
621, 10.2, -23.8
622, 10.2, -23.8
623, 10.2, -23.8
624, 10.2, -23.8
625, 10.2, -23.8
626, 10.2, -23.8
627, 10.2, -23.7
628, 10.2, -23.7
629, 10.2, -23.7
630, 10.2, -23.7
631, 10.2, -23.7
632, 10.2, -23.7
633, 10.2, -23.7
634, 10.2, -23.7
635, 10.2, -23.7
636, 10.1, -23.7
637, 10.1, -23.7
638, 10.1, -23.7
639, 10.1, -23.7
640, 10.1, -23.7
641, 10.1, -23.7
642, 10.1, -23.6
643, 10.1, -23.6
644, 10.1, -23.6
645, 10.1, -23.6
646, 10.1, -23.6
647, 10.1, -23.6
648, 10.1, -23.6
649, 10.1, -23.6
650, 10.1, -23.6
651, 10.2, -23.6
652, 10.2, -23.7
653, 10.2, -23.7
654, 10.2, -23.7
655, 10.2, -23.7
656, 10.2, -23.7
657, 10.2, -23.7
658, 10.2, -23.7
659, 10.2, -23.7
660, 10.2, -23.7
661, 10.2, -23.7
662, 10.2, -23.7
663, 10.2, -23.7
664, 10.2, -23.7
665, 10.2, -23.7
666, 10.2, -23.7
667, 10.2, -23.7
668, 10.2, -23.7
669, 10.2, -23.7
670, 10.2, -23.7
671, 10.2, -23.6
672, 10.2, -23.6
673, 10.2, -23.6
674, 10.2, -23.6
675, 10.2, -23.6
676, 10.2, -23.6
677, 10.2, -23.6
678, 10.2, -23.6
679, 10.2, -23.6
680, 10.2, -23.6
681, 10.2, -23.6
682, 10.2, -23.6
683, 10.2, -23.6
684, 10.2, -23.6
685, 10.2, -23.6
686, 10.2, -23.6
687, 10.2, -23.6
688, 10.2, -23.6
689, 10.2, -23.6
690, 10.2, -23.6
691, 10.2, -23.6
692, 10.2, -23.6
693, 10.2, -23.6
694, 10.2, -23.6
695, 10.2, -23.6
696, 10.2, -23.6
697, 10.2, -23.6
698, 10.2, -23.6
699, 10.2, -23.7
700, 10.2, -23.7
701, 10.2, -23.7
702, 10.2, -23.7
703, 10.2, -23.7
704, 10.2, -23.7
705, 10.2, -23.7
706, 10.2, -23.7
707, 10.2, -23.7
708, 10.2, -23.7
709, 10.2, -23.7
710, 10.2, -23.7
711, 10.2, -23.7
712, 10.2, -23.7
713, 10.2, -23.7
714, 10.2, -23.7
715, 10.2, -23.7
716, 10.2, -23.7
717, 10.2, -23.7
718, 10.2, -23.7
719, 10.2, -23.7
720, 10.2, -23.7
721, 10.2, -23.7
722, 10.2, -23.7
723, 10.2, -23.7
724, 10.2, -23.7
725, 10.2, -23.7
726, 10.2, -23.7
727, 10.2, -23.7
728, 10.2, -23.7
729, 10.2, -23.7
730, 10.2, -23.7
731, 10.2, -23.7
732, 10.2, -23.7
733, 10.2, -23.7
734, 10.2, -23.7
735, 10.2, -23.7
736, 10.2, -23.7
737, 10.2, -23.7
738, 10.2, -23.7
739, 10.2, -23.7
740, 10.2, -23.7
741, 10.2, -23.7
742, 10.2, -23.7
743, 10.2, -23.7
744, 10.2, -23.7
745, 10.2, -23.7
746, 10.2, -23.7
747, 10.2, -23.7
748, 10.2, -23.7
749, 10.2, -23.7
750, 10.2, -23.7
751, 10.2, -23.7
752, 10.2, -23.7
753, 10.2, -23.7
754, 10.2, -23.7
755, 10.2, -23.7
756, 10.2, -23.7
757, 10.2, -23.7
758, 10.2, -23.7
759, 10.2, -23.7
760, 10.2, -23.7
761, 10.2, -23.7
762, 10.2, -23.7
763, 10.2, -23.7
764, 10.2, -23.7
765, 10.2, -23.7
766, 10.2, -23.7
767, 10.2, -23.7
768, 10.2, -23.7
769, 10.2, -23.7
770, 10.2, -23.7
771, 10.2, -23.7
772, 10.2, -23.7
773, 10.2, -23.7
774, 10.2, -23.7
775, 10.2, -23.7
776, 10.2, -23.7
777, 10.2, -23.7
778, 10.2, -23.7
779, 10.2, -23.7
780, 10.2, -23.7
781, 10.2, -23.7
782, 10.2, -23.7
783, 10.2, -23.7
784, 10.2, -23.7
785, 10.2, -23.7
786, 10.2, -23.7
787, 10.2, -23.7
788, 10.2, -23.7
789, 10.2, -23.7
790, 10.2, -23.7
791, 10.2, -23.7
792, 10.2, -23.7
793, 10.2, -23.7
794, 10.2, -23.7
795, 10.2, -23.7
796, 10.2, -23.7
797, 10.2, -23.7
798, 10.2, -23.7
799, 10.2, -23.7
800, 10.2, -23.7
801, 10.2, -23.7
802, 10.2, -23.7
803, 10.2, -23.7
804, 10.2, -23.7
805, 10.2, -23.7
806, 10.2, -23.7
807, 10.2, -23.7
808, 10.2, -23.7
809, 10.2, -23.7
810, 10.2, -23.7
811, 10.2, -23.7
812, 10.2, -23.7
813, 10.2, -23.7
814, 10.2, -23.7
815, 10.2, -23.7
816, 10.2, -23.7
817, 10.2, -23.7
818, 10.2, -23.7
819, 10.2, -23.7
820, 10.2, -23.7
821, 10.2, -23.7
822, 10.2, -23.7
823, 10.2, -23.7
824, 10.2, -23.7
825, 10.2, -23.7
826, 10.2, -23.7
827, 10.2, -23.7
828, 10.2, -23.6
829, 10.2, -23.6
830, 10.2, -23.6
831, 10.2, -23.6
832, 10.2, -23.6
833, 10.2, -23.6
834, 10.2, -23.6
835, 10.2, -23.6
836, 10.2, -23.6
837, 10.2, -23.7
838, 10.2, -23.7
839, 10.2, -23.7
840, 10.2, -23.7
841, 10.2, -23.7
842, 10.2, -23.7
843, 10.2, -23.7
844, 10.2, -23.7
845, 10.2, -23.7
846, 10.2, -23.6
847, 10.2, -23.6
848, 10.2, -23.6
849, 10.2, -23.6
850, 10.2, -23.6
851, 10.2, -23.7
852, 10.2, -23.7
853, 10.2, -23.7
854, 10.2, -23.7
855, 10.2, -23.7
856, 10.2, -23.7
857, 10.2, -23.7
858, 10.2, -23.7
859, 10.2, -23.7
860, 10.2, -23.7
861, 10.2, -23.7
862, 10.2, -23.7
863, 10.2, -23.7
864, 10.2, -23.7
865, 10.2, -23.7
866, 10.2, -23.7
867, 10.2, -23.7
868, 10.2, -23.7
869, 10.2, -23.7
870, 10.2, -23.7
871, 10.2, -23.7
872, 10.2, -23.7
873, 10.2, -23.7
874, 10.2, -23.6
875, 10.2, -23.6
876, 10.2, -23.6
877, 10.2, -23.6
878, 10.2, -23.6
879, 10.2, -23.6
880, 10.2, -23.6
881, 10.2, -23.6
882, 10.2, -23.6
883, 10.2, -23.6
884, 10.2, -23.6
885, 10.2, -23.5
886, 10.2, -23.5
887, 10.2, -23.5
888, 10.2, -23.6
889, 10.2, -23.6
890, 10.2, -23.6
891, 10.2, -23.6
892, 10.2, -23.6
893, 10.2, -23.6
894, 10.2, -23.6
895, 10.2, -23.6
896, 10.2, -23.6
897, 10.2, -23.6
898, 10.2, -23.6
899, 10.3, -23.6
900, 10.3, -23.6
901, 10.3, -23.6
902, 10.3, -23.6
903, 10.3, -23.6
904, 10.3, -23.6
905, 10.3, -23.6
906, 10.3, -23.6
907, 10.3, -23.6
908, 10.3, -23.6
909, 10.3, -23.6
910, 10.3, -23.6
911, 10.3, -23.6
912, 10.3, -23.6
913, 10.3, -23.6
914, 10.3, -23.6
915, 10.3, -23.6
916, 10.3, -23.6
917, 10.3, -23.6
918, 10.3, -23.6
919, 10.3, -23.6
920, 10.3, -23.6
921, 10.3, -23.6
922, 10.3, -23.6
923, 10.3, -23.6
924, 10.3, -23.6
925, 10.3, -23.6
926, 10.3, -23.6
927, 10.3, -23.6
928, 10.3, -23.7
929, 10.3, -23.7
930, 10.3, -23.7
931, 10.3, -23.7
932, 10.3, -23.7
933, 10.3, -23.7
934, 10.3, -23.7
935, 10.3, -23.7
936, 10.3, -23.7
937, 10.3, -23.7
938, 10.3, -23.7
939, 10.3, -23.7
940, 10.3, -23.7
941, 10.3, -23.7
942, 10.3, -23.7
943, 10.3, -23.7
944, 10.3, -23.7
945, 10.3, -23.7
946, 10.3, -23.7
947, 10.3, -23.7
948, 10.3, -23.7
949, 10.2, -23.7
950, 10.2, -23.7
951, 10.2, -23.7
952, 10.2, -23.7
953, 10.2, -23.7
954, 10.2, -23.7
955, 10.2, -23.7
956, 10.2, -23.7
957, 10.2, -23.7
958, 10.2, -23.7
959, 10.2, -23.7
960, 10.2, -23.7
961, 10.2, -23.7
962, 10.2, -23.7
963, 10.2, -23.7
964, 10.2, -23.7
965, 10.2, -23.7
966, 10.2, -23.7
967, 10.2, -23.7
968, 10.2, -23.7
969, 10.2, -23.7
970, 10.2, -23.7
971, 10.2, -23.7
972, 10.2, -23.7
973, 10.2, -23.7
974, 10.2, -23.7
975, 10.2, -23.7
976, 10.2, -23.7
977, 10.2, -23.7
978, 10.2, -23.7
979, 10.2, -23.7
980, 10.2, -23.7
981, 10.2, -23.7
982, 10.2, -23.7
983, 10.2, -23.7
984, 10.2, -23.7
985, 10.2, -23.7
986, 10.2, -23.7
987, 10.2, -23.7
988, 10.2, -23.7
989, 10.2, -23.7
990, 10.2, -23.7
991, 10.2, -23.7
992, 10.2, -23.7
993, 10.2, -23.7
994, 10.2, -23.7
995, 10.2, -23.7
996, 10.2, -23.7
997, 10.2, -23.8
998, 10.2, -23.8
999, 10.2, -23.8
1000, 10.2, -23.8
1001, 10.2, -23.8
1002, 10.2, -23.8
1003, 10.2, -23.8
1004, 10.2, -23.8
1005, 10.2, -23.8
1006, 10.2, -23.8
1007, 10.2, -23.8
1008, 10.2, -23.8
1009, 10.2, -23.7
1010, 10.2, -23.7
1011, 10.2, -23.7
1012, 10.2, -23.7
1013, 10.2, -23.7
1014, 10.2, -23.7
1015, 10.2, -23.7
1016, 10.2, -23.7
1017, 10.2, -23.7
1018, 10.2, -23.7
1019, 10.2, -23.7
1020, 10.2, -23.7
1021, 10.2, -23.7
1022, 10.2, -23.7
1023, 10.2, -23.7
1024, 10.2, -23.7
1025, 10.2, -23.7
1026, 10.2, -23.7
1027, 10.2, -23.7
1028, 10.2, -23.7
1029, 10.2, -23.7
1030, 10.2, -23.7
1031, 10.2, -23.7
1032, 10.2, -23.7
1033, 10.2, -23.7
1034, 10.2, -23.7
1035, 10.2, -23.7
1036, 10.2, -23.7
1037, 10.2, -23.6
1038, 10.2, -23.6
1039, 10.2, -23.6
1040, 10.2, -23.6
1041, 10.2, -23.6
1042, 10.2, -23.6
1043, 10.2, -23.6
1044, 10.2, -23.6
1045, 10.2, -23.7
1046, 10.2, -23.7
1047, 10.2, -23.7
1048, 10.2, -23.6
1049, 10.2, -23.6
1050, 10.2, -23.6
1051, 10.2, -23.6
1052, 10.2, -23.6
1053, 10.2, -23.6
1054, 10.2, -23.6
1055, 10.2, -23.6
1056, 10.2, -23.6
1057, 10.2, -23.6
1058, 10.2, -23.6
1059, 10.2, -23.6
1060, 10.2, -23.6
1061, 10.2, -23.6
1062, 10.2, -23.6
1063, 10.2, -23.6
1064, 10.2, -23.6
1065, 10.2, -23.6
1066, 10.2, -23.6
1067, 10.2, -23.6
1068, 10.2, -23.6
1069, 10.2, -23.6
1070, 10.2, -23.6
1071, 10.2, -23.6
1072, 10.2, -23.6
1073, 10.1, -23.6
1074, 10.1, -23.6
1075, 10.1, -23.6
1076, 10.1, -23.6
1077, 10.1, -23.6
1078, 10.1, -23.6
1079, 10.1, -23.6
1080, 10.1, -23.6
1081, 10.1, -23.6
1082, 10.1, -23.7
1083, 10.1, -23.7
1084, 10.1, -23.7
1085, 10.1, -23.7
1086, 10.1, -23.8
1087, 10.1, -23.8
1088, 10.1, -23.8
1089, 10.1, -23.8
1090, 10.1, -23.8
1091, 10.1, -23.8
1092, 10.1, -23.8
1093, 10.1, -23.8
1094, 10.1, -23.8
1095, 10.1, -23.8
1096, 10.2, -23.8
1097, 10.2, -23.8
1098, 10.2, -23.8
1099, 10.2, -23.8
1100, 10.2, -23.8
1101, 10.2, -23.8
1102, 10.2, -23.8
1103, 10.2, -23.8
1104, 10.2, -23.8
1105, 10.2, -23.8
1106, 10.2, -23.8
1107, 10.2, -23.8
1108, 10.2, -23.8
1109, 10.2, -23.8
1110, 10.2, -23.8
1111, 10.2, -23.8
1112, 10.2, -23.8
1113, 10.2, -23.8
1114, 10.2, -23.8
1115, 10.2, -23.8
1116, 10.2, -23.8
1117, 10.2, -23.8
1118, 10.2, -23.8
1119, 10.2, -23.8
1120, 10.2, -23.8
1121, 10.2, -23.8
1122, 10.2, -23.8
1123, 10.2, -23.7
1124, 10.2, -23.7
1125, 10.2, -23.7
1126, 10.2, -23.7
1127, 10.2, -23.7
1128, 10.2, -23.7
1129, 10.2, -23.7
1130, 10.2, -23.7
1131, 10.2, -23.7
1132, 10.2, -23.7
1133, 10.2, -23.7
1134, 10.2, -23.7
1135, 10.2, -23.7
1136, 10.2, -23.8
1137, 10.2, -23.8
1138, 10.2, -23.8
1139, 10.2, -23.8
1140, 10.2, -23.8
1141, 10.2, -23.8
1142, 10.2, -23.8
1143, 10.2, -23.7
1144, 10.2, -23.7
1145, 10.2, -23.7
1146, 10.2, -23.7
1147, 10.2, -23.8
1148, 10.2, -23.8
1149, 10.2, -23.8
1150, 10.2, -23.8
1151, 10.2, -23.8
1152, 10.2, -23.8
1153, 10.2, -23.8
1154, 10.2, -23.8
1155, 10.2, -23.8
1156, 10.2, -23.8
1157, 10.2, -23.8
1158, 10.2, -23.8
1159, 10.2, -23.8
1160, 10.2, -23.8
1161, 10.2, -23.8
1162, 10.2, -23.7
1163, 10.2, -23.7
1164, 10.2, -23.7
1165, 10.2, -23.7
1166, 10.2, -23.7
1167, 10.2, -23.7
1168, 10.2, -23.7
1169, 10.2, -23.7
1170, 10.2, -23.7
1171, 10.2, -23.7
1172, 10.2, -23.7
1173, 10.2, -23.7
1174, 10.2, -23.7
1175, 10.2, -23.7
1176, 10.2, -23.7
1177, 10.2, -23.7
1178, 10.2, -23.7
1179, 10.2, -23.7
1180, 10.2, -23.7
1181, 10.2, -23.7
1182, 10.2, -23.7
1183, 10.2, -23.7
1184, 10.2, -23.7
1185, 10.2, -23.7
1186, 10.2, -23.7
1187, 10.2, -23.7
1188, 10.2, -23.7
1189, 10.2, -23.7
1190, 10.2, -23.7
1191, 10.2, -23.7
1192, 10.2, -23.7
1193, 10.2, -23.7
1194, 10.2, -23.7
1195, 10.2, -23.7
1196, 10.2, -23.7
1197, 10.2, -23.7
1198, 10.2, -23.7
1199, 10.2, -23.7
1200, 10.2, -23.7
1201, 10.2, -23.7
1202, 10.2, -23.7
1203, 10.2, -23.7
1204, 10.2, -23.7
1205, 10.2, -23.7
1206, 10.2, -23.7
1207, 10.2, -23.7
1208, 10.2, -23.7
1209, 10.2, -23.7
1210, 10.2, -23.7
1211, 10.2, -23.7
1212, 10.2, -23.7
1213, 10.2, -23.7
1214, 10.2, -23.7
1215, 10.2, -23.7
1216, 10.2, -23.7
1217, 10.2, -23.6
1218, 10.2, -23.6
1219, 10.2, -23.7
1220, 10.2, -23.7
1221, 10.2, -23.7
1222, 10.2, -23.7
1223, 10.2, -23.7
1224, 10.2, -23.7
1225, 10.2, -23.7
1226, 10.2, -23.7
1227, 10.3, -23.7
1228, 10.3, -23.7
1229, 10.3, -23.7
1230, 10.3, -23.7
1231, 10.3, -23.7
1232, 10.3, -23.7
1233, 10.3, -23.7
1234, 10.3, -23.7
1235, 10.3, -23.7
1236, 10.3, -23.7
1237, 10.3, -23.7
1238, 10.2, -23.7
1239, 10.2, -23.7
1240, 10.2, -23.7
1241, 10.2, -23.8
1242, 10.2, -23.8
1243, 10.2, -23.8
1244, 10.2, -23.8
1245, 10.2, -23.8
1246, 10.2, -23.8
1247, 10.2, -23.8
1248, 10.2, -23.8
1249, 10.2, -23.8
1250, 10.2, -23.8
1251, 10.2, -23.8
1252, 10.2, -23.8
1253, 10.2, -23.9
1254, 10.2, -23.9
1255, 10.2, -23.9
1256, 10.2, -23.9
1257, 10.2, -23.9
1258, 10.2, -23.8
1259, 10.2, -23.8
1260, 10.2, -23.8
1261, 10.2, -23.8
1262, 10.2, -23.8
1263, 10.2, -23.8
1264, 10.2, -23.8
1265, 10.2, -23.8
1266, 10.2, -23.8
1267, 10.2, -23.7
1268, 10.2, -23.7
1269, 10.2, -23.7
1270, 10.2, -23.7
1271, 10.2, -23.7
1272, 10.2, -23.7
1273, 10.2, -23.7
1274, 10.2, -23.7
1275, 10.2, -23.6
1276, 10.2, -23.6
1277, 10.2, -23.6
1278, 10.2, -23.6
1279, 10.2, -23.7
1280, 10.2, -23.7
1281, 10.2, -23.7
1282, 10.2, -23.7
1283, 10.2, -23.7
1284, 10.2, -23.7
1285, 10.2, -23.7
1286, 10.2, -23.7
1287, 10.2, -23.7
1288, 10.2, -23.7
1289, 10.2, -23.7
1290, 10.2, -23.7
1291, 10.2, -23.7
1292, 10.2, -23.7
1293, 10.2, -23.8
1294, 10.2, -23.7
1295, 10.2, -23.7
1296, 10.2, -23.7
1297, 10.2, -23.7
1298, 10.2, -23.7
1299, 10.2, -23.7
1300, 10.2, -23.7
1301, 10.2, -23.7
1302, 10.2, -23.7
1303, 10.2, -23.7
1304, 10.2, -23.7
1305, 10.2, -23.7
1306, 10.2, -23.7
1307, 10.2, -23.7
1308, 10.2, -23.7
1309, 10.2, -23.6
1310, 10.2, -23.7
1311, 10.2, -23.7
1312, 10.2, -23.7
1313, 10.2, -23.7
1314, 10.2, -23.7
1315, 10.2, -23.7
1316, 10.2, -23.7
1317, 10.2, -23.7
1318, 10.3, -23.7
1319, 10.3, -23.7
1320, 10.3, -23.7
1321, 10.3, -23.7
1322, 10.3, -23.7
1323, 10.3, -23.7
1324, 10.3, -23.7
1325, 10.3, -23.7
1326, 10.3, -23.7
1327, 10.3, -23.7
1328, 10.3, -23.7
1329, 10.3, -23.7
1330, 10.3, -23.7
1331, 10.2, -23.7
1332, 10.2, -23.7
1333, 10.2, -23.7
1334, 10.2, -23.7
1335, 10.2, -23.7
1336, 10.2, -23.7
1337, 10.2, -23.7
1338, 10.2, -23.7
1339, 10.2, -23.7
1340, 10.2, -23.7
1341, 10.2, -23.7
1342, 10.2, -23.7
1343, 10.2, -23.7
1344, 10.2, -23.7
1345, 10.2, -23.7
1346, 10.2, -23.7
1347, 10.2, -23.7
1348, 10.2, -23.7
1349, 10.2, -23.7
1350, 10.2, -23.7
1351, 10.2, -23.6
1352, 10.2, -23.6
1353, 10.2, -23.6
1354, 10.2, -23.6
1355, 10.2, -23.6
1356, 10.2, -23.6
1357, 10.2, -23.6
1358, 10.2, -23.6
1359, 10.2, -23.6
1360, 10.2, -23.6
1361, 10.2, -23.6
1362, 10.2, -23.6
1363, 10.2, -23.6
1364, 10.2, -23.6
1365, 10.2, -23.6
1366, 10.2, -23.6
1367, 10.2, -23.6
1368, 10.2, -23.6
1369, 10.2, -23.6
1370, 10.2, -23.6
1371, 10.2, -23.6
1372, 10.2, -23.6
1373, 10.2, -23.6
1374, 10.3, -23.6
1375, 10.3, -23.6
1376, 10.3, -23.6
1377, 10.3, -23.6
1378, 10.3, -23.6
1379, 10.3, -23.6
1380, 10.3, -23.6
1381, 10.3, -23.6
1382, 10.3, -23.6
1383, 10.3, -23.6
1384, 10.3, -23.6
1385, 10.3, -23.6
1386, 10.3, -23.6
1387, 10.3, -23.6
1388, 10.3, -23.6
1389, 10.3, -23.6
1390, 10.3, -23.6
1391, 10.3, -23.6
1392, 10.3, -23.6
1393, 10.3, -23.6
1394, 10.3, -23.6
1395, 10.3, -23.6
1396, 10.3, -23.6
1397, 10.2, -23.6
1398, 10.2, -23.6
1399, 10.2, -23.6
1400, 10.2, -23.6
1401, 10.2, -23.7
1402, 10.2, -23.7
1403, 10.2, -23.7
1404, 10.2, -23.7
1405, 10.2, -23.7
1406, 10.2, -23.7
1407, 10.2, -23.7
1408, 10.2, -23.7
1409, 10.2, -23.7
1410, 10.2, -23.7
1411, 10.2, -23.7
1412, 10.2, -23.7
1413, 10.2, -23.7
1414, 10.2, -23.7
1415, 10.2, -23.7
1416, 10.2, -23.6
1417, 10.2, -23.6
1418, 10.2, -23.6
1419, 10.2, -23.6
1420, 10.2, -23.6
1421, 10.2, -23.6
1422, 10.2, -23.6
1423, 10.2, -23.6
1424, 10.2, -23.6
1425, 10.2, -23.6
1426, 10.2, -23.7
1427, 10.2, -23.7
1428, 10.2, -23.7
1429, 10.2, -23.7
1430, 10.2, -23.7
1431, 10.2, -23.7
1432, 10.2, -23.7
1433, 10.2, -23.7
1434, 10.2, -23.7
1435, 10.2, -23.7
1436, 10.2, -23.7
1437, 10.2, -23.7
1438, 10.2, -23.7
1439, 10.2, -23.7
1440, 10.2, -23.7
1441, 10.2, -23.7
1442, 10.2, -23.7
1443, 10.2, -23.7
1444, 10.2, -23.7
1445, 10.2, -23.7
1446, 10.2, -23.7
1447, 10.2, -23.7
1448, 10.2, -23.7
1449, 10.2, -23.7
1450, 10.2, -23.7
1451, 10.2, -23.7
1452, 10.2, -23.7
1453, 10.2, -23.7
1454, 10.2, -23.7
1455, 10.2, -23.6
1456, 10.2, -23.6
1457, 10.2, -23.6
1458, 10.2, -23.7
1459, 10.2, -23.7
1460, 10.2, -23.7
1461, 10.2, -23.7
1462, 10.2, -23.7
1463, 10.2, -23.7
1464, 10.2, -23.7
1465, 10.2, -23.7
1466, 10.2, -23.7
1467, 10.2, -23.7
1468, 10.2, -23.7
1469, 10.2, -23.7
1470, 10.2, -23.7
1471, 10.2, -23.7
1472, 10.2, -23.7
1473, 10.2, -23.7
1474, 10.2, -23.7
1475, 10.2, -23.7
1476, 10.2, -23.7
1477, 10.2, -23.7
1478, 10.2, -23.7
1479, 10.2, -23.7
1480, 10.2, -23.7
1481, 10.2, -23.7
1482, 10.2, -23.7
1483, 10.2, -23.7
1484, 10.2, -23.7
1485, 10.2, -23.7
1486, 10.2, -23.7
1487, 10.2, -23.7
1488, 10.2, -23.7
1489, 10.2, -23.7
1490, 10.2, -23.7
1491, 10.2, -23.7
1492, 10.2, -23.7
1493, 10.2, -23.7
1494, 10.2, -23.7
1495, 10.2, -23.7
1496, 10.2, -23.7
1497, 10.2, -23.7
1498, 10.2, -23.7
1499, 10.2, -23.6
1500, 10.2, -23.6
1501, 10.2, -23.6
1502, 10.2, -23.7
1503, 10.2, -23.7
1504, 10.2, -23.7
1505, 10.2, -23.7
1506, 10.2, -23.7
1507, 10.2, -23.7
1508, 10.2, -23.7
1509, 10.2, -23.7
1510, 10.2, -23.6
1511, 10.2, -23.6
1512, 10.2, -23.6
1513, 10.2, -23.6
1514, 10.2, -23.6
1515, 10.2, -23.6
1516, 10.2, -23.6
1517, 10.2, -23.6
1518, 10.2, -23.6
1519, 10.2, -23.6
1520, 10.2, -23.6
1521, 10.2, -23.6
1522, 10.2, -23.6
1523, 10.2, -23.6
1524, 10.2, -23.6
1525, 10.2, -23.6
1526, 10.2, -23.6
1527, 10.2, -23.6
1528, 10.2, -23.6
1529, 10.2, -23.6
1530, 10.2, -23.6
1531, 10.2, -23.6
1532, 10.2, -23.6
1533, 10.2, -23.6
1534, 10.2, -23.6
1535, 10.2, -23.6
1536, 10.2, -23.6
1537, 10.2, -23.6
1538, 10.2, -23.6
1539, 10.2, -23.6
1540, 10.2, -23.6
1541, 10.2, -23.6
1542, 10.2, -23.6
1543, 10.2, -23.6
1544, 10.2, -23.6
1545, 10.2, -23.6
1546, 10.2, -23.6
1547, 10.2, -23.6
1548, 10.2, -23.6
1549, 10.2, -23.6
1550, 10.2, -23.6
1551, 10.3, -23.7
1552, 10.3, -23.7
1553, 10.3, -23.7
1554, 10.3, -23.6
1555, 10.3, -23.6
1556, 10.3, -23.6
1557, 10.3, -23.6
1558, 10.3, -23.6
1559, 10.3, -23.6
1560, 10.3, -23.6
1561, 10.3, -23.6
1562, 10.3, -23.6
1563, 10.3, -23.6
1564, 10.3, -23.6
1565, 10.3, -23.7
1566, 10.3, -23.7
1567, 10.3, -23.7
1568, 10.3, -23.7
1569, 10.3, -23.7
1570, 10.3, -23.7
1571, 10.3, -23.7
1572, 10.3, -23.7
1573, 10.3, -23.7
1574, 10.3, -23.7
1575, 10.3, -23.8
1576, 10.3, -23.8
1577, 10.3, -23.8
1578, 10.2, -23.8
1579, 10.2, -23.8
1580, 10.2, -23.8
1581, 10.2, -23.8
1582, 10.2, -23.8
1583, 10.2, -23.8
1584, 10.2, -23.8
1585, 10.2, -23.8
1586, 10.2, -23.8
1587, 10.2, -23.8
1588, 10.2, -23.8
1589, 10.2, -23.8
1590, 10.2, -23.8
1591, 10.2, -23.8
1592, 10.2, -23.8
1593, 10.2, -23.8
1594, 10.2, -23.8
1595, 10.2, -23.8
1596, 10.2, -23.8
1597, 10.2, -23.8
1598, 10.2, -23.8
1599, 10.2, -23.8
1600, 10.2, -23.8
1601, 10.2, -23.8
1602, 10.2, -23.7
1603, 10.2, -23.7
1604, 10.2, -23.7
1605, 10.2, -23.7
1606, 10.2, -23.7
1607, 10.2, -23.7
1608, 10.2, -23.7
1609, 10.2, -23.7
1610, 10.2, -23.7
1611, 10.2, -23.7
1612, 10.2, -23.7
1613, 10.2, -23.7
1614, 10.2, -23.7
1615, 10.2, -23.7
1616, 10.2, -23.7
1617, 10.2, -23.7
1618, 10.2, -23.7
1619, 10.2, -23.7
1620, 10.2, -23.7
1621, 10.2, -23.7
1622, 10.2, -23.7
1623, 10.2, -23.7
1624, 10.2, -23.7
1625, 10.2, -23.7
1626, 10.2, -23.7
1627, 10.2, -23.7
1628, 10.2, -23.7
1629, 10.2, -23.7
1630, 10.2, -23.7
1631, 10.2, -23.7
1632, 10.2, -23.7
1633, 10.2, -23.7
1634, 10.2, -23.7
1635, 10.2, -23.7
1636, 10.2, -23.7
1637, 10.2, -23.7
1638, 10.2, -23.7
1639, 10.2, -23.7
1640, 10.2, -23.7
1641, 10.2, -23.7
1642, 10.2, -23.7
1643, 10.2, -23.7
1644, 10.2, -23.7
1645, 10.2, -23.7
1646, 10.2, -23.7
1647, 10.2, -23.7
1648, 10.2, -23.6
1649, 10.2, -23.6
1650, 10.2, -23.6
1651, 10.2, -23.6
1652, 10.2, -23.6
1653, 10.3, -23.6
1654, 10.3, -23.6
1655, 10.3, -23.6
1656, 10.3, -23.6
1657, 10.3, -23.6
1658, 10.3, -23.6
1659, 10.3, -23.6
1660, 10.3, -23.6
1661, 10.3, -23.6
1662, 10.3, -23.6
1663, 10.3, -23.6
1664, 10.3, -23.6
1665, 10.3, -23.6
1666, 10.3, -23.6
1667, 10.3, -23.6
1668, 10.3, -23.6
1669, 10.3, -23.6
1670, 10.3, -23.6
1671, 10.3, -23.6
1672, 10.3, -23.6
1673, 10.3, -23.6
1674, 10.3, -23.6
1675, 10.3, -23.7
1676, 10.3, -23.7
1677, 10.3, -23.7
1678, 10.3, -23.7
1679, 10.3, -23.7
1680, 10.3, -23.7
1681, 10.3, -23.7
1682, 10.3, -23.7
1683, 10.3, -23.7
1684, 10.3, -23.7
1685, 10.3, -23.7
1686, 10.3, -23.7
1687, 10.3, -23.7
1688, 10.3, -23.7
1689, 10.3, -23.7
1690, 10.3, -23.7
1691, 10.3, -23.7
1692, 10.3, -23.7
1693, 10.3, -23.7
1694, 10.3, -23.7
1695, 10.3, -23.7
1696, 10.3, -23.7
1697, 10.3, -23.7
1698, 10.3, -23.7
1699, 10.3, -23.7
1700, 10.3, -23.7
1701, 10.3, -23.7
1702, 10.3, -23.7
1703, 10.3, -23.6
1704, 10.3, -23.6
1705, 10.3, -23.6
1706, 10.2, -23.6
1707, 10.2, -23.7
1708, 10.2, -23.7
1709, 10.2, -23.7
1710, 10.2, -23.7
1711, 10.2, -23.7
1712, 10.2, -23.7
1713, 10.2, -23.7
1714, 10.2, -23.7
1715, 10.2, -23.7
1716, 10.2, -23.7
1717, 10.2, -23.7
1718, 10.2, -23.7
1719, 10.2, -23.8
1720, 10.2, -23.8
1721, 10.2, -23.8
1722, 10.2, -23.8
1723, 10.2, -23.8
1724, 10.2, -23.8
1725, 10.2, -23.8
1726, 10.2, -23.8
1727, 10.2, -23.8
1728, 10.2, -23.8
1729, 10.2, -23.8
1730, 10.2, -23.8
1731, 10.2, -23.8
1732, 10.2, -23.8
1733, 10.2, -23.8
1734, 10.2, -23.8
1735, 10.2, -23.8
1736, 10.2, -23.8
1737, 10.2, -23.8
1738, 10.2, -23.8
1739, 10.2, -23.8
1740, 10.2, -23.8
1741, 10.2, -23.8
1742, 10.1, -23.8
1743, 10.1, -23.8
1744, 10.1, -23.8
1745, 10.1, -23.8
1746, 10.1, -23.8
1747, 10.1, -23.8
1748, 10.2, -23.8
1749, 10.2, -23.8
1750, 10.2, -23.8
1751, 10.2, -23.8
1752, 10.2, -23.8
1753, 10.2, -23.8
1754, 10.2, -23.8
1755, 10.2, -23.7
1756, 10.2, -23.7
1757, 10.2, -23.7
1758, 10.2, -23.7
1759, 10.2, -23.7
1760, 10.2, -23.7
1761, 10.2, -23.7
1762, 10.2, -23.7
1763, 10.2, -23.7
1764, 10.2, -23.7
1765, 10.2, -23.7
1766, 10.2, -23.8
1767, 10.2, -23.8
1768, 10.2, -23.8
1769, 10.2, -23.8
1770, 10.2, -23.7
1771, 10.2, -23.7
1772, 10.2, -23.7
1773, 10.2, -23.7
1774, 10.2, -23.7
1775, 10.2, -23.7
1776, 10.2, -23.7
1777, 10.2, -23.7
1778, 10.2, -23.7
1779, 10.2, -23.7
1780, 10.2, -23.7
1781, 10.2, -23.7
1782, 10.2, -23.7
1783, 10.2, -23.7
1784, 10.2, -23.7
1785, 10.2, -23.7
1786, 10.2, -23.7
1787, 10.2, -23.7
1788, 10.2, -23.7
1789, 10.2, -23.7
1790, 10.2, -23.7
1791, 10.2, -23.7
1792, 10.2, -23.7
1793, 10.2, -23.7
1794, 10.2, -23.7
1795, 10.2, -23.6
1796, 10.2, -23.6
1797, 10.2, -23.6
1798, 10.2, -23.6
1799, 10.2, -23.6
1800, 10.2, -23.6
1801, 10.2, -23.6
1802, 10.2, -23.6
1803, 10.2, -23.6
1804, 10.2, -23.6
1805, 10.2, -23.6
1806, 10.2, -23.6
1807, 10.2, -23.6
1808, 10.2, -23.6
1809, 10.2, -23.6
1810, 10.2, -23.6
1811, 10.2, -23.6
1812, 10.2, -23.6
1813, 10.2, -23.6
1814, 10.2, -23.6
1815, 10.2, -23.6
1816, 10.2, -23.6
1817, 10.2, -23.6
1818, 10.2, -23.7
1819, 10.2, -23.7
1820, 10.2, -23.7
1821, 10.2, -23.7
1822, 10.2, -23.7
1823, 10.2, -23.8
1824, 10.2, -23.8
1825, 10.2, -23.8
1826, 10.2, -23.8
1827, 10.2, -23.8
1828, 10.2, -23.8
1829, 10.2, -23.8
1830, 10.2, -23.8
1831, 10.2, -23.8
1832, 10.2, -23.8
1833, 10.2, -23.8
1834, 10.2, -23.8
1835, 10.2, -23.8
1836, 10.2, -23.8
1837, 10.2, -23.8
1838, 10.2, -23.8
1839, 10.2, -23.8
1840, 10.2, -23.8
1841, 10.2, -23.8
1842, 10.2, -23.8
1843, 10.2, -23.8
1844, 10.2, -23.8
1845, 10.2, -23.8
1846, 10.2, -23.8
1847, 10.2, -23.8
1848, 10.2, -23.7
1849, 10.2, -23.7
1850, 10.2, -23.7
1851, 10.2, -23.7
1852, 10.2, -23.7
1853, 10.2, -23.7
1854, 10.2, -23.7
1855, 10.2, -23.8
1856, 10.2, -23.8
1857, 10.2, -23.8
1858, 10.2, -23.8
1859, 10.2, -23.8
1860, 10.2, -23.8
1861, 10.2, -23.8
1862, 10.2, -23.8
1863, 10.2, -23.8
1864, 10.2, -23.8
1865, 10.2, -23.8
1866, 10.2, -23.8
1867, 10.2, -23.8
1868, 10.2, -23.8
1869, 10.2, -23.8
1870, 10.2, -23.8
1871, 10.2, -23.8
1872, 10.2, -23.8
1873, 10.2, -23.8
1874, 10.2, -23.7
1875, 10.2, -23.7
1876, 10.2, -23.7
1877, 10.2, -23.7
1878, 10.2, -23.7
1879, 10.2, -23.7
1880, 10.2, -23.7
1881, 10.2, -23.7
1882, 10.2, -23.7
1883, 10.2, -23.7
1884, 10.2, -23.7
1885, 10.2, -23.8
1886, 10.2, -23.8
1887, 10.2, -23.8
1888, 10.2, -23.8
1889, 10.2, -23.8
1890, 10.2, -23.8
1891, 10.2, -23.8
1892, 10.2, -23.7
1893, 10.2, -23.7
1894, 10.2, -23.7
1895, 10.2, -23.7
1896, 10.2, -23.7
1897, 10.2, -23.7
1898, 10.2, -23.7
1899, 10.2, -23.7
1900, 10.2, -23.6
1901, 10.2, -23.6
1902, 10.2, -23.6
1903, 10.2, -23.6
1904, 10.2, -23.6
1905, 10.2, -23.6
1906, 10.2, -23.6
1907, 10.2, -23.7
1908, 10.2, -23.7
1909, 10.2, -23.7
1910, 10.2, -23.7
1911, 10.2, -23.7
1912, 10.3, -23.7
1913, 10.3, -23.7
1914, 10.3, -23.7
1915, 10.3, -23.7
1916, 10.3, -23.7
1917, 10.3, -23.7
1918, 10.3, -23.7
1919, 10.3, -23.7
1920, 10.3, -23.7
1921, 10.3, -23.7
1922, 10.3, -23.7
1923, 10.3, -23.7
1924, 10.3, -23.7
1925, 10.3, -23.7
1926, 10.3, -23.7
1927, 10.3, -23.7
1928, 10.3, -23.7
1929, 10.3, -23.7
1930, 10.2, -23.7
1931, 10.2, -23.7
1932, 10.2, -23.7
1933, 10.2, -23.7
1934, 10.2, -23.7
1935, 10.2, -23.7
1936, 10.2, -23.7
1937, 10.2, -23.7
1938, 10.2, -23.7
1939, 10.2, -23.7
1940, 10.2, -23.7
1941, 10.1, -23.7
1942, 10.1, -23.7
1943, 10.1, -23.7
1944, 10.1, -23.7
1945, 10.1, -23.7
1946, 10.1, -23.7
1947, 10.1, -23.7
1948, 10.1, -23.7
1949, 10.1, -23.7
1950, 10.1, -23.7
1951, 10.1, -23.7
1952, 10.1, -23.7
1953, 10.1, -23.8
1954, 10.1, -23.8
1955, 10.1, -23.7
1956, 10.1, -23.7
1957, 10.1, -23.7
1958, 10.1, -23.7
1959, 10.1, -23.7
1960, 10.1, -23.7
1961, 10.1, -23.7
1962, 10.1, -23.7
1963, 10.1, -23.7
1964, 10.1, -23.7
1965, 10.1, -23.7
1966, 10.1, -23.7
1967, 10.1, -23.7
1968, 10.1, -23.7
1969, 10.1, -23.7
1970, 10.2, -23.7
1971, 10.2, -23.7
1972, 10.2, -23.7
1973, 10.2, -23.7
1974, 10.2, -23.7
1975, 10.2, -23.7
1976, 10.2, -23.7
1977, 10.2, -23.7
1978, 10.2, -23.7
1979, 10.2, -23.7
1980, 10.2, -23.7
1981, 10.2, -23.7
1982, 10.2, -23.7
1983, 10.2, -23.7
1984, 10.2, -23.7
1985, 10.2, -23.7
1986, 10.2, -23.7
1987, 10.2, -23.7
1988, 10.2, -23.7
1989, 10.2, -23.7
1990, 10.2, -23.7
1991, 10.2, -23.7
1992, 10.2, -23.7
1993, 10.2, -23.6
1994, 10.2, -23.6
1995, 10.2, -23.6
1996, 10.2, -23.6
1997, 10.2, -23.6
1998, 10.2, -23.6
1999, 10.2, -23.6
2000, 10.2, -23.6
2001, 10.2, -23.6
2002, 10.2, -23.6
2003, 10.2, -23.6
2004, 10.2, -23.6
2005, 10.2, -23.6
2006, 10.2, -23.7
2007, 10.2, -23.7
2008, 10.2, -23.7
2009, 10.2, -23.7
2010, 10.2, -23.8
2011, 10.2, -23.8
2012, 10.2, -23.8
2013, 10.2, -23.8
2014, 10.2, -23.8
2015, 10.2, -23.8
2016, 10.2, -23.8
2017, 10.2, -23.8
2018, 10.2, -23.8
2019, 10.2, -23.8
2020, 10.2, -23.8
2021, 10.2, -23.8
2022, 10.2, -23.8
2023, 10.2, -23.8
2024, 10.2, -23.8
2025, 10.2, -23.8
2026, 10.2, -23.8
2027, 10.3, -23.8
2028, 10.3, -23.8
2029, 10.3, -23.8
2030, 10.3, -23.8
2031, 10.3, -23.8
2032, 10.2, -23.8
2033, 10.2, -23.8
2034, 10.2, -23.8
2035, 10.2, -23.8
2036, 10.2, -23.8
2037, 10.2, -23.8
2038, 10.2, -23.8
2039, 10.2, -23.8
2040, 10.2, -23.8
2041, 10.2, -23.8
2042, 10.2, -23.8
2043, 10.2, -23.8
2044, 10.2, -23.8
2045, 10.2, -23.8
2046, 10.2, -23.8
2047, 10.2, -23.8
2048, 10.2, -23.8
2049, 10.2, -23.8
2050, 10.2, -23.8
2051, 10.2, -23.8
2052, 10.2, -23.8
2053, 10.2, -23.8
2054, 10.2, -23.8
2055, 10.2, -23.8
2056, 10.2, -23.8
2057, 10.2, -23.8
2058, 10.2, -23.8
2059, 10.2, -23.8
2060, 10.2, -23.8
2061, 10.2, -23.8
2062, 10.2, -23.8
2063, 10.2, -23.8
2064, 10.2, -23.8
2065, 10.2, -23.8
2066, 10.2, -23.8
2067, 10.2, -23.8
2068, 10.2, -23.8
2069, 10.2, -23.8
2070, 10.2, -23.8
2071, 10.2, -23.8
2072, 10.2, -23.8
2073, 10.2, -23.8
2074, 10.2, -23.8
2075, 10.2, -23.8
2076, 10.2, -23.8
2077, 10.2, -23.8
2078, 10.2, -23.8
2079, 10.2, -23.8
2080, 10.2, -23.8
2081, 10.2, -23.8
2082, 10.2, -23.8
2083, 10.2, -23.8
2084, 10.2, -23.8
2085, 10.2, -23.8
2086, 10.2, -23.8
2087, 10.2, -23.8
2088, 10.2, -23.8
2089, 10.2, -23.8
2090, 10.2, -23.8
2091, 10.2, -23.8
2092, 10.2, -23.8
2093, 10.2, -23.8
2094, 10.2, -23.8
2095, 10.2, -23.7
2096, 10.2, -23.7
2097, 10.2, -23.7
2098, 10.2, -23.7
2099, 10.2, -23.7
2100, 10.2, -23.7
2101, 10.2, -23.7
2102, 10.2, -23.7
2103, 10.2, -23.7
2104, 10.2, -23.7
2105, 10.2, -23.7
2106, 10.2, -23.7
2107, 10.2, -23.7
2108, 10.2, -23.7
2109, 10.2, -23.7
2110, 10.2, -23.7
2111, 10.2, -23.7
2112, 10.2, -23.7
2113, 10.2, -23.7
2114, 10.2, -23.6
2115, 10.2, -23.6
2116, 10.2, -23.6
2117, 10.2, -23.6
2118, 10.2, -23.6
2119, 10.2, -23.6
2120, 10.2, -23.6
2121, 10.2, -23.6
2122, 10.2, -23.6
2123, 10.2, -23.6
2124, 10.2, -23.6
2125, 10.2, -23.6
2126, 10.2, -23.6
2127, 10.2, -23.6
2128, 10.2, -23.6
2129, 10.2, -23.6
2130, 10.2, -23.6
2131, 10.2, -23.6
2132, 10.2, -23.6
2133, 10.2, -23.6
2134, 10.2, -23.6
2135, 10.2, -23.6
2136, 10.2, -23.6
2137, 10.2, -23.6
2138, 10.2, -23.6
2139, 10.2, -23.6
2140, 10.2, -23.6
2141, 10.2, -23.6
2142, 10.2, -23.6
2143, 10.2, -23.6
2144, 10.2, -23.6
2145, 10.2, -23.6
2146, 10.2, -23.6
2147, 10.2, -23.6
2148, 10.2, -23.6
2149, 10.2, -23.6
2150, 10.2, -23.6
2151, 10.2, -23.6
2152, 10.2, -23.6
2153, 10.2, -23.6
2154, 10.2, -23.6
2155, 10.2, -23.6
2156, 10.2, -23.6
2157, 10.2, -23.6
2158, 10.2, -23.6
2159, 10.2, -23.6
2160, 10.2, -23.6
2161, 10.2, -23.6
2162, 10.2, -23.6
2163, 10.2, -23.6
2164, 10.2, -23.6
2165, 10.2, -23.6
2166, 10.2, -23.6
2167, 10.2, -23.6
2168, 10.2, -23.6
2169, 10.2, -23.6
2170, 10.2, -23.6
2171, 10.2, -23.6
2172, 10.2, -23.6
2173, 10.2, -23.7
2174, 10.2, -23.7
2175, 10.2, -23.7
2176, 10.2, -23.7
2177, 10.2, -23.7
2178, 10.2, -23.7
2179, 10.2, -23.7
2180, 10.2, -23.7
2181, 10.2, -23.7
2182, 10.2, -23.7
2183, 10.2, -23.7
2184, 10.2, -23.7
2185, 10.2, -23.7
2186, 10.2, -23.7
2187, 10.2, -23.7
2188, 10.2, -23.7
2189, 10.2, -23.7
2190, 10.2, -23.7
2191, 10.2, -23.7
2192, 10.2, -23.7
2193, 10.2, -23.7
2194, 10.2, -23.7
2195, 10.2, -23.7
2196, 10.2, -23.7
2197, 10.2, -23.7
2198, 10.2, -23.7
2199, 10.2, -23.7
2200, 10.2, -23.7
2201, 10.2, -23.7
2202, 10.2, -23.7
2203, 10.2, -23.7
2204, 10.2, -23.7
2205, 10.2, -23.7
2206, 10.2, -23.7
2207, 10.2, -23.7
2208, 10.2, -23.7
2209, 10.2, -23.7
2210, 10.2, -23.7
2211, 10.2, -23.7
2212, 10.2, -23.7
2213, 10.2, -23.7
2214, 10.2, -23.7
2215, 10.2, -23.7
2216, 10.2, -23.7
2217, 10.2, -23.7
2218, 10.2, -23.7
2219, 10.2, -23.7
2220, 10.2, -23.7
2221, 10.2, -23.7
2222, 10.2, -23.7
2223, 10.2, -23.7
2224, 10.2, -23.7
2225, 10.2, -23.7
2226, 10.2, -23.7
2227, 10.2, -23.7
2228, 10.2, -23.7
2229, 10.2, -23.7
2230, 10.2, -23.7
2231, 10.2, -23.7
2232, 10.2, -23.7
2233, 10.2, -23.7
2234, 10.2, -23.7
2235, 10.2, -23.7
2236, 10.2, -23.6
2237, 10.2, -23.6
2238, 10.2, -23.6
2239, 10.2, -23.6
2240, 10.2, -23.6
2241, 10.2, -23.6
2242, 10.2, -23.6
2243, 10.2, -23.6
2244, 10.2, -23.6
2245, 10.2, -23.6
2246, 10.2, -23.6
2247, 10.2, -23.5
2248, 10.2, -23.5
2249, 10.2, -23.5
2250, 10.2, -23.5
2251, 10.2, -23.5
2252, 10.2, -23.5
2253, 10.2, -23.5
2254, 10.2, -23.6
2255, 10.2, -23.6
2256, 10.2, -23.6
2257, 10.2, -23.6
2258, 10.2, -23.6
2259, 10.2, -23.6
2260, 10.2, -23.6
2261, 10.2, -23.6
2262, 10.2, -23.6
2263, 10.2, -23.6
2264, 10.2, -23.6
2265, 10.2, -23.6
2266, 10.2, -23.6
2267, 10.2, -23.6
2268, 10.2, -23.6
2269, 10.2, -23.6
2270, 10.2, -23.6
2271, 10.2, -23.6
2272, 10.2, -23.6
2273, 10.2, -23.6
2274, 10.2, -23.6
2275, 10.2, -23.6
2276, 10.2, -23.6
2277, 10.2, -23.6
2278, 10.2, -23.6
2279, 10.2, -23.6
2280, 10.2, -23.6
2281, 10.2, -23.6
2282, 10.2, -23.6
2283, 10.2, -23.6
2284, 10.2, -23.6
2285, 10.2, -23.6
2286, 10.2, -23.6
2287, 10.2, -23.6
2288, 10.2, -23.6
2289, 10.2, -23.6
2290, 10.2, -23.6
2291, 10.2, -23.6
2292, 10.2, -23.6
2293, 10.2, -23.6
2294, 10.2, -23.6
2295, 10.2, -23.6
2296, 10.2, -23.6
2297, 10.2, -23.6
2298, 10.2, -23.7
2299, 10.2, -23.7
2300, 10.2, -23.7
2301, 10.2, -23.7
2302, 10.2, -23.7
2303, 10.2, -23.7
2304, 10.2, -23.7
2305, 10.2, -23.8
2306, 10.2, -23.8
2307, 10.2, -23.8
2308, 10.2, -23.8
2309, 10.2, -23.8
2310, 10.2, -23.8
2311, 10.2, -23.8
2312, 10.2, -23.8
2313, 10.2, -23.8
2314, 10.2, -23.8
2315, 10.2, -23.7
2316, 10.2, -23.7
2317, 10.2, -23.7
2318, 10.2, -23.7
2319, 10.2, -23.7
2320, 10.2, -23.7
2321, 10.2, -23.7
2322, 10.2, -23.7
2323, 10.2, -23.7
2324, 10.2, -23.7
2325, 10.2, -23.7
2326, 10.2, -23.7
2327, 10.3, -23.7
2328, 10.3, -23.7
2329, 10.3, -23.7
2330, 10.3, -23.7
2331, 10.3, -23.7
2332, 10.3, -23.7
2333, 10.3, -23.7
2334, 10.3, -23.7
2335, 10.3, -23.7
2336, 10.3, -23.7
2337, 10.3, -23.7
2338, 10.3, -23.7
2339, 10.3, -23.7
2340, 10.3, -23.7
2341, 10.3, -23.8
2342, 10.3, -23.8
2343, 10.3, -23.8
2344, 10.3, -23.8
2345, 10.3, -23.7
2346, 10.3, -23.7
2347, 10.3, -23.7
2348, 10.3, -23.7
2349, 10.3, -23.7
2350, 10.3, -23.7
2351, 10.3, -23.7
2352, 10.3, -23.7
2353, 10.3, -23.7
2354, 10.3, -23.7
2355, 10.3, -23.7
2356, 10.3, -23.7
2357, 10.3, -23.7
2358, 10.3, -23.7
2359, 10.3, -23.6
2360, 10.3, -23.6
2361, 10.2, -23.6
2362, 10.2, -23.6
2363, 10.2, -23.6
2364, 10.3, -23.6
2365, 10.3, -23.6
2366, 10.3, -23.6
2367, 10.3, -23.6
2368, 10.3, -23.6
2369, 10.3, -23.6
2370, 10.3, -23.6
2371, 10.3, -23.6
2372, 10.3, -23.6
2373, 10.3, -23.6
2374, 10.3, -23.6
2375, 10.3, -23.6
2376, 10.3, -23.6
2377, 10.3, -23.6
2378, 10.3, -23.6
2379, 10.3, -23.6
2380, 10.3, -23.6
2381, 10.3, -23.6
2382, 10.3, -23.6
2383, 10.3, -23.6
2384, 10.3, -23.7
2385, 10.3, -23.7
2386, 10.3, -23.7
2387, 10.3, -23.7
2388, 10.3, -23.7
2389, 10.3, -23.7
2390, 10.3, -23.7
2391, 10.3, -23.7
2392, 10.3, -23.7
2393, 10.3, -23.7
2394, 10.3, -23.7
2395, 10.3, -23.7
2396, 10.3, -23.7
2397, 10.3, -23.7
2398, 10.3, -23.7
2399, 10.3, -23.7
2400, 10.3, -23.7
2401, 10.3, -23.7
2402, 10.3, -23.7
2403, 10.3, -23.7
2404, 10.3, -23.7
2405, 10.3, -23.7
2406, 10.3, -23.8
2407, 10.3, -23.8
2408, 10.3, -23.8
2409, 10.3, -23.8
2410, 10.3, -23.8
2411, 10.3, -23.8
2412, 10.3, -23.8
2413, 10.3, -23.8
2414, 10.3, -23.8
2415, 10.3, -23.8
2416, 10.3, -23.8
2417, 10.3, -23.8
2418, 10.3, -23.8
2419, 10.3, -23.8
2420, 10.3, -23.8
2421, 10.3, -23.8
2422, 10.3, -23.8
2423, 10.2, -23.8
2424, 10.2, -23.8
2425, 10.2, -23.8
2426, 10.2, -23.8
2427, 10.2, -23.8
2428, 10.2, -23.8
2429, 10.2, -23.8
2430, 10.2, -23.8
2431, 10.2, -23.8
2432, 10.2, -23.8
2433, 10.2, -23.8
2434, 10.2, -23.8
2435, 10.2, -23.8
2436, 10.2, -23.8
2437, 10.2, -23.8
2438, 10.2, -23.8
2439, 10.2, -23.8
2440, 10.2, -23.8
2441, 10.2, -23.8
2442, 10.2, -23.8
2443, 10.2, -23.8
2444, 10.2, -23.8
2445, 10.2, -23.8
2446, 10.2, -23.8
2447, 10.2, -23.8
2448, 10.2, -23.8
2449, 10.2, -23.8
2450, 10.2, -23.7
2451, 10.2, -23.7
2452, 10.2, -23.7
2453, 10.2, -23.7
2454, 10.2, -23.7
2455, 10.2, -23.7
2456, 10.2, -23.7
2457, 10.2, -23.7
2458, 10.2, -23.6
2459, 10.2, -23.6
2460, 10.2, -23.6
2461, 10.2, -23.6
2462, 10.2, -23.6
2463, 10.2, -23.6
2464, 10.2, -23.6
2465, 10.2, -23.6
2466, 10.2, -23.6
2467, 10.2, -23.6
2468, 10.3, -23.6
2469, 10.3, -23.6
2470, 10.3, -23.6
2471, 10.3, -23.6
2472, 10.3, -23.6
2473, 10.3, -23.6
2474, 10.3, -23.6
2475, 10.3, -23.6
2476, 10.3, -23.6
2477, 10.3, -23.6
2478, 10.3, -23.6
2479, 10.3, -23.6
2480, 10.3, -23.6
2481, 10.3, -23.6
2482, 10.4, -23.6
2483, 10.4, -23.6
2484, 10.4, -23.6
2485, 10.4, -23.6
2486, 10.4, -23.6
2487, 10.4, -23.6
2488, 10.4, -23.6
2489, 10.4, -23.6
2490, 10.4, -23.6
2491, 10.4, -23.6
2492, 10.3, -23.6
2493, 10.3, -23.6
2494, 10.3, -23.6
2495, 10.3, -23.6
2496, 10.3, -23.6
2497, 10.3, -23.7
2498, 10.3, -23.7
2499, 10.3, -23.7
2500, 10.3, -23.7
2501, 10.3, -23.7
2502, 10.3, -23.7
2503, 10.3, -23.7
2504, 10.3, -23.7
2505, 10.3, -23.7
2506, 10.3, -23.7
2507, 10.3, -23.7
2508, 10.3, -23.7
2509, 10.3, -23.6
2510, 10.3, -23.6
2511, 10.3, -23.6
2512, 10.3, -23.6
2513, 10.3, -23.6
2514, 10.3, -23.6
2515, 10.3, -23.6
2516, 10.3, -23.6
2517, 10.3, -23.6
2518, 10.3, -23.6
2519, 10.3, -23.6
2520, 10.3, -23.6
2521, 10.3, -23.6
2522, 10.3, -23.6
2523, 10.3, -23.6
2524, 10.3, -23.6
2525, 10.3, -23.6
2526, 10.3, -23.7
2527, 10.3, -23.7
2528, 10.3, -23.7
2529, 10.2, -23.7
2530, 10.2, -23.7
2531, 10.2, -23.7
2532, 10.2, -23.7
2533, 10.2, -23.7
2534, 10.2, -23.7
2535, 10.2, -23.7
2536, 10.2, -23.7
2537, 10.2, -23.7
2538, 10.2, -23.7
2539, 10.2, -23.7
2540, 10.2, -23.7
2541, 10.2, -23.7
2542, 10.2, -23.7
2543, 10.2, -23.7
2544, 10.2, -23.7
2545, 10.2, -23.7
2546, 10.2, -23.7
2547, 10.2, -23.7
2548, 10.2, -23.7
2549, 10.2, -23.7
2550, 10.2, -23.7
2551, 10.2, -23.7
2552, 10.2, -23.7
2553, 10.2, -23.7
2554, 10.2, -23.7
2555, 10.2, -23.7
2556, 10.2, -23.7
2557, 10.2, -23.8
2558, 10.2, -23.8
2559, 10.2, -23.8
2560, 10.2, -23.8
2561, 10.2, -23.8
2562, 10.2, -23.8
2563, 10.2, -23.8
2564, 10.2, -23.8
2565, 10.2, -23.8
2566, 10.2, -23.8
2567, 10.2, -23.8
2568, 10.2, -23.8
2569, 10.2, -23.8
2570, 10.2, -23.8
2571, 10.2, -23.8
2572, 10.2, -23.8
2573, 10.2, -23.8
2574, 10.2, -23.7
2575, 10.2, -23.7
2576, 10.2, -23.7
2577, 10.2, -23.7
2578, 10.2, -23.7
2579, 10.2, -23.7
2580, 10.2, -23.7
2581, 10.2, -23.7
2582, 10.2, -23.7
2583, 10.2, -23.7
2584, 10.2, -23.7
2585, 10.2, -23.7
2586, 10.2, -23.7
2587, 10.2, -23.7
2588, 10.2, -23.7
2589, 10.2, -23.7
2590, 10.2, -23.7
2591, 10.2, -23.7
2592, 10.2, -23.7
2593, 10.2, -23.7
2594, 10.2, -23.7
2595, 10.2, -23.7
2596, 10.2, -23.7
2597, 10.2, -23.7
2598, 10.2, -23.7
2599, 10.2, -23.7
2600, 10.2, -23.7
2601, 10.2, -23.7
2602, 10.2, -23.7
2603, 10.2, -23.7
2604, 10.2, -23.7
2605, 10.2, -23.7
2606, 10.2, -23.7
2607, 10.2, -23.7
2608, 10.2, -23.7
2609, 10.2, -23.7
2610, 10.3, -23.7
2611, 10.3, -23.7
2612, 10.3, -23.7
2613, 10.3, -23.7
2614, 10.4, -23.7
2615, 10.4, -23.7
2616, 10.4, -23.8
2617, 10.4, -23.8
2618, 10.4, -23.8
2619, 10.4, -23.8
2620, 10.4, -23.8
2621, 10.4, -23.8
2622, 10.4, -23.8
2623, 10.4, -23.8
2624, 10.4, -23.8
2625, 10.4, -23.8
2626, 10.4, -23.8
2627, 10.4, -23.8
2628, 10.4, -23.8
2629, 10.4, -23.8
2630, 10.4, -23.8
2631, 10.4, -23.8
2632, 10.4, -23.8
2633, 10.4, -23.8
2634, 10.4, -23.8
2635, 10.4, -23.8
2636, 10.4, -23.8
2637, 10.4, -23.8
2638, 10.4, -23.8
2639, 10.4, -23.8
2640, 10.3, -23.8
2641, 10.3, -23.8
2642, 10.3, -23.8
2643, 10.2, -23.8
2644, 10.2, -23.7
2645, 10.2, -23.7
2646, 10.2, -23.7
2647, 10.2, -23.7
2648, 10.2, -23.7
2649, 10.2, -23.7
2650, 10.2, -23.7
2651, 10.2, -23.7
2652, 10.2, -23.7
2653, 10.2, -23.7
2654, 10.2, -23.7
2655, 10.2, -23.7
2656, 10.2, -23.7
2657, 10.2, -23.7
2658, 10.2, -23.7
2659, 10.2, -23.7
2660, 10.2, -23.7
2661, 10.2, -23.7
2662, 10.2, -23.7
2663, 10.2, -23.7
2664, 10.2, -23.7
2665, 10.2, -23.7
2666, 10.2, -23.7
2667, 10.2, -23.7
2668, 10.2, -23.7
2669, 10.2, -23.7
2670, 10.2, -23.7
2671, 10.2, -23.7
2672, 10.2, -23.7
2673, 10.2, -23.7
2674, 10.2, -23.7
2675, 10.2, -23.7
2676, 10.2, -23.7
2677, 10.2, -23.7
2678, 10.2, -23.7
2679, 10.2, -23.7
2680, 10.2, -23.7
2681, 10.2, -23.7
2682, 10.2, -23.7
2683, 10.2, -23.7
2684, 10.2, -23.7
2685, 10.2, -23.7
2686, 10.2, -23.7
2687, 10.2, -23.6
2688, 10.2, -23.6
2689, 10.2, -23.6
2690, 10.2, -23.6
2691, 10.2, -23.6
2692, 10.2, -23.6
2693, 10.2, -23.6
2694, 10.2, -23.6
2695, 10.2, -23.6
2696, 10.2, -23.6
2697, 10.2, -23.6
2698, 10.2, -23.6
2699, 10.2, -23.6
2700, 10.2, -23.6
2701, 10.2, -23.6
2702, 10.2, -23.6
2703, 10.2, -23.6
2704, 10.2, -23.6
2705, 10.2, -23.6
2706, 10.2, -23.6
2707, 10.2, -23.6
2708, 10.2, -23.6
2709, 10.2, -23.6
2710, 10.2, -23.6
2711, 10.2, -23.6
2712, 10.2, -23.6
2713, 10.2, -23.6
2714, 10.2, -23.6
2715, 10.2, -23.6
2716, 10.2, -23.7
2717, 10.2, -23.8
2718, 10.2, -23.8
2719, 10.2, -23.8
2720, 10.2, -23.8
2721, 10.2, -23.8
2722, 10.2, -23.8
2723, 10.2, -23.8
2724, 10.2, -23.8
2725, 10.2, -23.8
2726, 10.2, -23.8
2727, 10.2, -23.8
2728, 10.2, -23.8
2729, 10.2, -23.8
2730, 10.2, -23.8
2731, 10.2, -23.8
2732, 10.2, -23.8
2733, 10.2, -23.8
2734, 10.2, -23.8
2735, 10.2, -23.8
2736, 10.2, -23.8
2737, 10.2, -23.8
2738, 10.2, -23.8
2739, 10.2, -23.8
2740, 10.2, -23.8
2741, 10.2, -23.8
2742, 10.2, -23.8
2743, 10.2, -23.8
2744, 10.2, -23.8
2745, 10.2, -23.8
2746, 10.2, -23.8
2747, 10.2, -23.8
2748, 10.2, -23.8
2749, 10.2, -23.8
2750, 10.2, -23.8
2751, 10.2, -23.8
2752, 10.2, -23.8
2753, 10.2, -23.8
2754, 10.2, -23.8
2755, 10.2, -23.8
2756, 10.2, -23.8
2757, 10.2, -23.8
2758, 10.2, -23.8
2759, 10.2, -23.8
2760, 10.2, -23.8
2761, 10.2, -23.8
2762, 10.2, -23.8
2763, 10.2, -23.8
2764, 10.2, -23.8
2765, 10.2, -23.8
2766, 10.2, -23.8
2767, 10.2, -23.8
2768, 10.2, -23.8
2769, 10.2, -23.8
2770, 10.2, -23.8
2771, 10.2, -23.8
2772, 10.2, -23.8
2773, 10.2, -23.8
2774, 10.2, -23.8
2775, 10.2, -23.8
2776, 10.2, -23.8
2777, 10.2, -23.8
2778, 10.2, -23.8
2779, 10.2, -23.8
2780, 10.2, -23.8
2781, 10.2, -23.8
2782, 10.2, -23.8
2783, 10.2, -23.8
2784, 10.2, -23.8
2785, 10.2, -23.8
2786, 10.2, -23.8
2787, 10.2, -23.8
2788, 10.2, -23.8
2789, 10.2, -23.8
2790, 10.2, -23.8
2791, 10.2, -23.8
2792, 10.2, -23.8
2793, 10.2, -23.8
2794, 10.2, -23.8
2795, 10.2, -23.8
2796, 10.2, -23.8
2797, 10.2, -23.8
2798, 10.2, -23.8
2799, 10.2, -23.8
2800, 10.2, -23.7
2801, 10.2, -23.6
2802, 10.2, -23.6
2803, 10.2, -23.6
2804, 10.2, -23.6
2805, 10.2, -23.6
2806, 10.2, -23.6
2807, 10.2, -23.6
2808, 10.2, -23.6
2809, 10.2, -23.6
2810, 10.2, -23.6
2811, 10.2, -23.6
2812, 10.2, -23.6
2813, 10.2, -23.6
2814, 10.2, -23.6
2815, 10.2, -23.6
2816, 10.2, -23.6
2817, 10.2, -23.6
2818, 10.2, -23.6
2819, 10.2, -23.6
2820, 10.2, -23.6
2821, 10.2, -23.6
2822, 10.2, -23.6
2823, 10.2, -23.6
2824, 10.2, -23.6
2825, 10.2, -23.7
2826, 10.2, -23.7
2827, 10.2, -23.7
2828, 10.2, -23.7
2829, 10.2, -23.7
2830, 10.2, -23.7
2831, 10.2, -23.7
2832, 10.2, -23.7
2833, 10.2, -23.7
2834, 10.2, -23.7
2835, 10.2, -23.7
2836, 10.2, -23.7
2837, 10.2, -23.7
2838, 10.2, -23.7
2839, 10.2, -23.7
2840, 10.2, -23.7
2841, 10.2, -23.7
2842, 10.2, -23.7
2843, 10.2, -23.7
2844, 10.2, -23.7
2845, 10.2, -23.7
2846, 10.2, -23.6
2847, 10.2, -23.6
2848, 10.2, -23.6
2849, 10.2, -23.6
2850, 10.2, -23.7
2851, 10.2, -23.7
2852, 10.2, -23.7
2853, 10.2, -23.7
2854, 10.2, -23.7
2855, 10.2, -23.7
2856, 10.2, -23.7
2857, 10.3, -23.7
2858, 10.3, -23.7
2859, 10.3, -23.7
2860, 10.3, -23.7
2861, 10.3, -23.7
2862, 10.3, -23.7
2863, 10.3, -23.7
2864, 10.3, -23.7
2865, 10.3, -23.7
2866, 10.3, -23.7
2867, 10.3, -23.6
2868, 10.3, -23.6
2869, 10.3, -23.6
2870, 10.3, -23.6
2871, 10.3, -23.6
2872, 10.3, -23.7
2873, 10.3, -23.7
2874, 10.3, -23.7
2875, 10.3, -23.7
2876, 10.3, -23.7
2877, 10.3, -23.7
2878, 10.3, -23.7
2879, 10.3, -23.6
2880, 10.3, -23.6
2881, 10.3, -23.6
2882, 10.3, -23.6
2883, 10.3, -23.6
2884, 10.3, -23.6
2885, 10.3, -23.6
2886, 10.3, -23.6
2887, 10.3, -23.6
2888, 10.3, -23.6
2889, 10.3, -23.6
2890, 10.3, -23.6
2891, 10.3, -23.6
2892, 10.3, -23.6
2893, 10.3, -23.6
2894, 10.3, -23.6
2895, 10.3, -23.6
2896, 10.3, -23.6
2897, 10.3, -23.6
2898, 10.3, -23.6
2899, 10.3, -23.6
2900, 10.3, -23.6
2901, 10.3, -23.6
2902, 10.3, -23.6
2903, 10.3, -23.6
2904, 10.3, -23.6
2905, 10.3, -23.6
2906, 10.3, -23.6
2907, 10.3, -23.7
2908, 10.3, -23.7
2909, 10.3, -23.7
2910, 10.3, -23.7
2911, 10.3, -23.7
2912, 10.3, -23.7
2913, 10.3, -23.7
2914, 10.3, -23.7
2915, 10.3, -23.7
2916, 10.3, -23.7
2917, 10.3, -23.7
2918, 10.3, -23.7
2919, 10.3, -23.7
2920, 10.3, -23.7
2921, 10.3, -23.7
2922, 10.3, -23.7
2923, 10.3, -23.7
2924, 10.4, -23.7
2925, 10.4, -23.7
2926, 10.4, -23.7
2927, 10.4, -23.7
2928, 10.4, -23.7
2929, 10.4, -23.7
2930, 10.4, -23.7
2931, 10.4, -23.7
2932, 10.4, -23.7
2933, 10.4, -23.7
2934, 10.4, -23.8
2935, 10.4, -23.8
2936, 10.3, -23.8
2937, 10.3, -23.8
2938, 10.3, -23.8
2939, 10.3, -23.8
2940, 10.3, -23.8
2941, 10.3, -23.8
2942, 10.3, -23.8
2943, 10.3, -23.8
2944, 10.3, -23.8
2945, 10.3, -23.8
2946, 10.3, -23.8
2947, 10.3, -23.8
2948, 10.3, -23.8
2949, 10.4, -23.8
2950, 10.4, -23.8
2951, 10.4, -23.8
2952, 10.4, -23.8
2953, 10.4, -23.8
2954, 10.4, -23.8
2955, 10.4, -23.8
2956, 10.4, -23.8
2957, 10.4, -23.8
2958, 10.4, -23.8
2959, 10.4, -23.8
2960, 10.4, -23.8
2961, 10.4, -23.8
2962, 10.3, -23.8
2963, 10.3, -23.8
2964, 10.3, -23.8
2965, 10.3, -23.8
2966, 10.3, -23.8
2967, 10.2, -23.8
2968, 10.2, -23.8
2969, 10.2, -23.7
2970, 10.2, -23.7
2971, 10.2, -23.7
2972, 10.2, -23.7
2973, 10.2, -23.7
2974, 10.2, -23.7
2975, 10.2, -23.7
2976, 10.2, -23.7
2977, 10.2, -23.7
2978, 10.2, -23.7
2979, 10.2, -23.8
2980, 10.2, -23.8
2981, 10.2, -23.8
2982, 10.2, -23.8
2983, 10.2, -23.8
2984, 10.2, -23.8
2985, 10.2, -23.8
2986, 10.2, -23.8
2987, 10.2, -23.8
2988, 10.2, -23.8
2989, 10.2, -23.8
2990, 10.2, -23.8
2991, 10.2, -23.8
2992, 10.2, -23.7
2993, 10.2, -23.7
2994, 10.2, -23.7
2995, 10.2, -23.7
2996, 10.2, -23.7
2997, 10.2, -23.7
2998, 10.2, -23.7
2999, 10.2, -23.7
3000, 10.2, -23.7
3001, 10.2, -23.7
3002, 10.2, -23.7
3003, 10.2, -23.7
3004, 10.2, -23.7
3005, 10.2, -23.7
3006, 10.2, -23.7
3007, 10.2, -23.7
3008, 10.3, -23.7
3009, 10.3, -23.7
3010, 10.3, -23.7
3011, 10.3, -23.7
3012, 10.3, -23.7
3013, 10.3, -23.7
3014, 10.3, -23.7
3015, 10.3, -23.7
3016, 10.3, -23.7
3017, 10.3, -23.7
3018, 10.3, -23.7
3019, 10.3, -23.7
3020, 10.3, -23.7
3021, 10.3, -23.7
3022, 10.3, -23.7
3023, 10.3, -23.7
3024, 10.3, -23.7
3025, 10.3, -23.7
3026, 10.3, -23.7
3027, 10.3, -23.7
3028, 10.3, -23.7
3029, 10.3, -23.7
3030, 10.3, -23.7
3031, 10.3, -23.7
3032, 10.3, -23.7
3033, 10.3, -23.7
3034, 10.3, -23.7
3035, 10.3, -23.7
3036, 10.3, -23.7
3037, 10.3, -23.7
3038, 10.3, -23.7
3039, 10.3, -23.7
3040, 10.3, -23.7
3041, 10.3, -23.7
3042, 10.3, -23.7
3043, 10.3, -23.7
3044, 10.3, -23.7
3045, 10.3, -23.7
3046, 10.3, -23.7
3047, 10.3, -23.7
3048, 10.3, -23.7
3049, 10.3, -23.7
3050, 10.3, -23.7
3051, 10.3, -23.7
3052, 10.3, -23.7
3053, 10.3, -23.7
3054, 10.3, -23.7
3055, 10.3, -23.7
3056, 10.3, -23.7
3057, 10.3, -23.7
3058, 10.3, -23.7
3059, 10.3, -23.8
3060, 10.3, -23.8
3061, 10.3, -23.8
3062, 10.3, -23.8
3063, 10.3, -23.8
3064, 10.3, -23.8
3065, 10.3, -23.8
3066, 10.3, -23.8
3067, 10.3, -23.8
3068, 10.3, -23.8
3069, 10.2, -23.8
3070, 10.2, -23.8
3071, 10.2, -23.8
3072, 10.2, -23.7
3073, 10.2, -23.6
3074, 10.2, -23.6
3075, 10.2, -23.6
3076, 10.2, -23.6
3077, 10.2, -23.6
3078, 10.2, -23.6
3079, 10.2, -23.6
3080, 10.2, -23.6
3081, 10.2, -23.6
3082, 10.2, -23.6
3083, 10.2, -23.6
3084, 10.2, -23.6
3085, 10.2, -23.6
3086, 10.2, -23.6
3087, 10.2, -23.6
3088, 10.2, -23.6
3089, 10.2, -23.6
3090, 10.2, -23.6
3091, 10.2, -23.6
3092, 10.2, -23.6
3093, 10.2, -23.6
3094, 10.2, -23.6
3095, 10.2, -23.6
3096, 10.2, -23.6
3097, 10.2, -23.6
3098, 10.2, -23.6
3099, 10.2, -23.6
3100, 10.2, -23.6
3101, 10.2, -23.6
3102, 10.2, -23.7
3103, 10.2, -23.7
3104, 10.2, -23.7
3105, 10.2, -23.7
3106, 10.2, -23.7
3107, 10.2, -23.7
3108, 10.2, -23.7
3109, 10.2, -23.7
3110, 10.2, -23.7
3111, 10.2, -23.7
3112, 10.2, -23.7
3113, 10.2, -23.7
3114, 10.2, -23.7
3115, 10.2, -23.7
3116, 10.2, -23.7
3117, 10.2, -23.7
3118, 10.2, -23.7
3119, 10.2, -23.7
3120, 10.2, -23.7
3121, 10.2, -23.7
3122, 10.2, -23.7
3123, 10.2, -23.7
3124, 10.2, -23.7
3125, 10.2, -23.7
3126, 10.2, -23.7
3127, 10.2, -23.7
3128, 10.2, -23.7
3129, 10.2, -23.7
3130, 10.2, -23.7
3131, 10.2, -23.7
3132, 10.2, -23.7
3133, 0.0, -23.7
3134, 0.0, -23.7
3135, 0.0, -23.7
3136, 0.0, 0.0
3137, 0.0, -0.10000000000000142
3138, 0.0, -0.10000000000000142
3139, 0.0, -0.10000000000000142
3140, 0.10000000000000142, -0.10000000000000142
3141, 0.10000000000000142, -0.10000000000000142
3142, 0.10000000000000142, -0.10000000000000142
3143, 0.10000000000000142, -0.10000000000000142
3144, 0.10000000000000142, -0.10000000000000142
3145, 0.10000000000000142, -0.10000000000000142
3146, 0.10000000000000142, -0.10000000000000142
3147, 0.10000000000000142, -0.10000000000000142
3148, 0.10000000000000142, -0.10000000000000142
3149, 0.10000000000000142, -0.10000000000000142
3150, 0.10000000000000142, -0.10000000000000142
3151, 0.10000000000000142, -0.10000000000000142
3152, 0.10000000000000142, -0.10000000000000142
3153, 0.10000000000000142, -0.10000000000000142
3154, 0.10000000000000142, -0.10000000000000142
3155, 0.10000000000000142, -0.10000000000000142
3156, 0.10000000000000142, -0.10000000000000142
3157, 0.10000000000000142, -0.10000000000000142
3158, 0.10000000000000142, -0.10000000000000142
3159, 0.20000000000000107, -0.10000000000000142
3160, 0.20000000000000107, -0.10000000000000142
3161, 0.20000000000000107, -0.10000000000000142
3162, 0.10000000000000142, -0.10000000000000142
3163, 0.10000000000000142, 0.0
3164, 0.10000000000000142, 0.0
3165, 0.10000000000000142, 0.0
3166, 0.10000000000000142, -0.10000000000000142
3167, 0.10000000000000142, -0.10000000000000142
3168, 0.10000000000000142, -0.10000000000000142
3169, 0.10000000000000142, -0.10000000000000142
3170, 0.10000000000000142, -0.10000000000000142
3171, 0.10000000000000142, 0.0
3172, 0.10000000000000142, 0.0
3173, 0.10000000000000142, 0.0
3174, 0.10000000000000142, 0.0
3175, 0.10000000000000142, 0.0
3176, 0.10000000000000142, 0.0
3177, 0.10000000000000142, 0.0
3178, 0.10000000000000142, 0.0
3179, 0.10000000000000142, 0.0
3180, 0.10000000000000142, 0.0
3181, 0.10000000000000142, 0.0
3182, 0.10000000000000142, 0.0
3183, 0.10000000000000142, 0.09999999999999787
3184, 0.10000000000000142, 0.09999999999999787
3185, 0.10000000000000142, 0.09999999999999787
3186, 0.10000000000000142, 0.09999999999999787
3187, 0.10000000000000142, 0.09999999999999787
3188, 0.10000000000000142, 0.09999999999999787
3189, 0.10000000000000142, 0.09999999999999787
3190, 0.10000000000000142, 0.09999999999999787
3191, 0.10000000000000142, 0.09999999999999787
3192, 0.10000000000000142, 0.09999999999999787
3193, 0.10000000000000142, 0.09999999999999787
3194, 0.10000000000000142, 0.09999999999999787
3195, 0.10000000000000142, 0.09999999999999787
3196, 0.10000000000000142, 0.09999999999999787
3197, 0.10000000000000142, 0.09999999999999787
3198, 0.10000000000000142, 0.09999999999999787
3199, 0.10000000000000142, 0.09999999999999787
3200, 0.10000000000000142, 0.09999999999999787
3201, 0.10000000000000142, 0.09999999999999787
3202, 0.10000000000000142, 0.09999999999999787
3203, 0.10000000000000142, 0.09999999999999787
3204, 0.10000000000000142, 0.09999999999999787
3205, 0.10000000000000142, 0.09999999999999787
3206, 0.10000000000000142, 0.09999999999999787
3207, 0.10000000000000142, 0.09999999999999787
3208, 0.10000000000000142, 0.09999999999999787
3209, 0.10000000000000142, 0.09999999999999787
3210, 0.10000000000000142, 0.09999999999999787
3211, 0.10000000000000142, 0.0
3212, 0.10000000000000142, 0.0
3213, 0.10000000000000142, 0.0
3214, 0.0, 0.0
3215, 0.0, 0.0
3216, 0.0, 0.0
3217, 0.0, 0.0
3218, 0.0, 0.0
3219, 0.0, 0.0
3220, 0.0, 0.0
3221, 0.0, 0.0
3222, 0.0, 0.0
3223, 0.0, -0.10000000000000142
3224, 0.0, -0.10000000000000142
3225, 0.0, -0.10000000000000142
3226, 0.0, -0.10000000000000142
3227, 0.0, -0.10000000000000142
3228, 0.0, -0.10000000000000142
3229, 0.0, -0.10000000000000142
3230, 0.0, -0.10000000000000142
3231, 0.0, -0.10000000000000142
3232, 0.0, -0.10000000000000142
3233, 0.0, -0.10000000000000142
3234, 0.0, -0.10000000000000142
3235, 0.0, -0.10000000000000142
3236, 0.0, -0.10000000000000142
3237, 0.0, -0.10000000000000142
3238, 0.0, -0.10000000000000142
3239, 0.0, -0.10000000000000142
3240, 0.0, -0.10000000000000142
3241, 0.0, -0.10000000000000142
3242, 0.0, -0.10000000000000142
3243, 0.0, -0.10000000000000142
3244, 0.0, -0.10000000000000142
3245, 0.0, -0.10000000000000142
3246, 0.0, -0.10000000000000142
3247, 0.0, -0.10000000000000142
3248, 0.0, -0.10000000000000142
3249, 0.0, -0.10000000000000142
3250, 0.0, -0.10000000000000142
3251, 0.0, -0.10000000000000142
3252, 0.0, -0.10000000000000142
3253, 0.0, -0.10000000000000142
3254, 0.0, -0.10000000000000142
3255, 0.0, -0.10000000000000142
3256, 0.0, -0.10000000000000142
3257, 0.0, -0.10000000000000142
3258, 0.0, -0.10000000000000142
3259, 0.0, -0.10000000000000142
3260, 0.0, -0.10000000000000142
3261, 0.0, -0.10000000000000142
3262, 0.0, 0.0
3263, 0.0, 0.0
3264, 0.0, 0.0
3265, 0.0, 0.0
3266, 0.0, 0.0
3267, 0.0, 0.0
3268, 0.0, 0.0
3269, 0.0, 0.0
3270, 0.0, 0.0
3271, 0.0, 0.0
3272, 0.0, 0.0
3273, 0.0, 0.0
3274, 0.0, 0.0
3275, 0.0, 0.0
3276, 0.0, 0.0
3277, 0.0, 0.0
3278, 0.0, 0.0
3279, 0.0, 0.0
3280, 0.0, 0.0
3281, 0.0, 0.0
3282, 0.0, 0.0
3283, 0.0, 0.0
3284, 0.0, 0.0
3285, 0.0, 0.0
3286, 0.0, 0.0
3287, 0.0, 0.0
3288, 0.0, 0.09999999999999787
3289, 0.0, 0.09999999999999787
3290, 0.0, 0.09999999999999787
3291, 0.0, 0.09999999999999787
3292, 0.0, 0.09999999999999787
3293, 0.0, 0.09999999999999787
3294, 0.0, 0.09999999999999787
3295, 0.0, 0.09999999999999787
3296, 0.0, 0.09999999999999787
3297, 0.0, 0.0
3298, 0.0, 0.0
3299, 0.0, 0.0
3300, 0.0, 0.0
3301, 0.0, 0.0
3302, 0.0, 0.0
3303, 0.0, 0.0
3304, 0.0, 0.0
3305, 0.0, 0.0
3306, 0.0, 0.0
3307, 0.0, 0.0
3308, 0.0, 0.0
3309, 0.0, 0.0
3310, 0.0, 0.0
3311, 0.0, 0.0
3312, 0.0, 0.0
3313, 0.0, 0.0
3314, 0.0, 0.0
3315, 0.0, 0.0
3316, 0.0, 0.0
3317, 0.0, 0.0
3318, 0.0, 0.0
3319, 0.0, 0.0
3320, 0.0, 0.0
3321, 0.0, 0.0
3322, 0.0, 0.0
3323, 0.0, 0.0
3324, 0.0, -0.10000000000000142
3325, 0.0, -0.10000000000000142
3326, 0.0, 0.0
3327, 0.0, 0.0
3328, 0.0, 0.0
3329, 0.0, 0.0
3330, 0.0, 0.0
3331, 0.0, 0.0
3332, 0.0, 0.0
3333, 0.0, 0.0
3334, 0.0, 0.0
3335, 0.0, 0.0
3336, 0.0, 0.0
3337, 0.0, 0.0
3338, 0.0, 0.0
3339, 0.0, 0.0
3340, 0.0, 0.0
3341, 0.0, 0.0
3342, 0.0, 0.0
3343, 0.0, 0.0
3344, 0.0, 0.0
3345, 0.0, 0.0
3346, 0.0, 0.0
3347, 0.0, 0.0
3348, 0.0, 0.0
3349, 0.0, 0.0
3350, 0.0, 0.0
3351, 0.0, 0.0
3352, 0.0, 0.0
3353, 0.0, -0.10000000000000142
3354, 0.0, -0.10000000000000142
3355, 0.0, -0.10000000000000142
3356, 0.0, -0.10000000000000142
3357, 0.0, -0.10000000000000142
3358, 0.0, -0.10000000000000142
3359, 0.0, -0.10000000000000142
3360, 0.0, -0.10000000000000142
3361, 0.0, -0.10000000000000142
3362, 0.0, -0.10000000000000142
3363, 0.0, -0.10000000000000142
3364, 0.0, 0.0
3365, 0.0, 0.0
3366, 0.0, 0.09999999999999787
3367, 0.0, 0.09999999999999787
3368, 0.0, 0.09999999999999787
3369, 0.0, 0.09999999999999787
3370, 0.0, 0.09999999999999787
3371, 0.0, 0.09999999999999787
3372, 0.0, 0.09999999999999787
3373, 0.0, 0.09999999999999787
3374, 0.0, 0.09999999999999787
3375, 0.0, 0.09999999999999787
3376, 0.0, 0.09999999999999787
3377, 0.0, 0.09999999999999787
3378, 0.0, 0.09999999999999787
3379, 0.0, 0.09999999999999787
3380, 0.0, 0.09999999999999787
3381, 0.0, 0.09999999999999787
3382, 0.0, 0.09999999999999787
3383, 0.0, 0.09999999999999787
3384, 0.0, 0.09999999999999787
3385, 0.0, 0.09999999999999787
3386, 0.0, 0.09999999999999787
3387, 0.0, 0.09999999999999787
3388, -0.09999999999999964, 0.09999999999999787
3389, -0.09999999999999964, 0.09999999999999787
3390, -0.09999999999999964, 0.09999999999999787
3391, -0.09999999999999964, 0.09999999999999787
3392, -0.09999999999999964, 0.09999999999999787
3393, -0.09999999999999964, 0.09999999999999787
3394, -0.09999999999999964, 0.0
3395, 0.0, 0.0
3396, 0.0, 0.0
3397, 0.0, -0.10000000000000142
3398, 0.0, -0.10000000000000142
3399, 0.0, -0.10000000000000142
3400, 0.0, -0.10000000000000142
3401, 0.0, -0.10000000000000142
3402, 0.0, -0.10000000000000142
3403, 0.0, 0.0
3404, 0.0, 0.0
3405, 0.0, 0.0
3406, 0.0, 0.0
3407, 0.0, 0.0
3408, 0.0, 0.0
3409, 0.0, 0.0
3410, 0.0, 0.0
3411, 0.0, 0.0
3412, 0.0, 0.0
3413, 0.0, 0.09999999999999787
3414, 0.0, 0.09999999999999787
3415, 0.0, 0.09999999999999787
3416, 0.0, 0.09999999999999787
3417, 0.0, 0.09999999999999787
3418, 0.0, 0.09999999999999787
3419, 0.0, 0.09999999999999787
3420, 0.0, 0.09999999999999787
3421, 0.0, 0.09999999999999787
3422, 0.0, 0.09999999999999787
3423, 0.0, 0.09999999999999787
3424, 0.0, 0.09999999999999787
3425, 0.0, 0.09999999999999787
3426, 0.10000000000000142, 0.0
3427, 0.10000000000000142, 0.0
3428, 0.10000000000000142, 0.0
3429, 0.10000000000000142, 0.0
3430, 0.10000000000000142, 0.0
3431, 0.10000000000000142, 0.0
3432, 0.10000000000000142, 0.0
3433, 0.10000000000000142, 0.0
3434, 0.10000000000000142, 0.0
3435, 0.10000000000000142, 0.0
3436, 0.10000000000000142, 0.0
3437, 0.10000000000000142, 0.0
3438, 0.10000000000000142, 0.0
3439, 0.10000000000000142, 0.0
3440, 0.10000000000000142, 0.0
3441, 0.10000000000000142, 0.0
3442, 0.10000000000000142, 0.0
3443, 0.10000000000000142, 0.0
3444, 0.10000000000000142, 0.0
3445, 0.10000000000000142, 0.09999999999999787
3446, 0.10000000000000142, 0.09999999999999787
3447, 0.10000000000000142, 0.09999999999999787
3448, 0.10000000000000142, 0.0
3449, 0.10000000000000142, 0.0
3450, 0.10000000000000142, 0.0
3451, 0.10000000000000142, 0.0
3452, 0.10000000000000142, 0.0
3453, 0.10000000000000142, 0.0
3454, 0.10000000000000142, 0.0
3455, 0.10000000000000142, 0.0
3456, 0.10000000000000142, 0.0
3457, 0.10000000000000142, 0.0
3458, 0.10000000000000142, 0.0
3459, 0.10000000000000142, 0.0
3460, 0.10000000000000142, 0.0
3461, 0.10000000000000142, 0.0
3462, 0.10000000000000142, 0.0
3463, 0.10000000000000142, 0.09999999999999787
3464, 0.10000000000000142, 0.0
3465, 0.10000000000000142, 0.0
3466, 0.10000000000000142, 0.0
3467, 0.10000000000000142, 0.0
3468, 0.10000000000000142, 0.0
3469, 0.10000000000000142, 0.0
3470, 0.10000000000000142, 0.0
3471, 0.10000000000000142, 0.0
3472, 0.10000000000000142, 0.0
3473, 0.10000000000000142, 0.0
3474, 0.10000000000000142, 0.0
3475, 0.10000000000000142, 0.0
3476, 0.10000000000000142, 0.0
3477, 0.10000000000000142, 0.0
3478, 0.10000000000000142, 0.0
3479, 0.10000000000000142, 0.0
3480, 0.10000000000000142, 0.0
3481, 0.10000000000000142, 0.0
3482, 0.10000000000000142, 0.0
3483, 0.10000000000000142, 0.0
3484, 0.10000000000000142, 0.0
3485, 0.10000000000000142, 0.0
3486, 0.0, 0.0
3487, 0.0, 0.0
3488, 0.0, 0.0
3489, 0.0, 0.0
3490, 0.0, 0.0
3491, 0.0, 0.0
3492, 0.0, 0.0
3493, 0.0, 0.0
3494, 0.0, 0.0
3495, 0.0, 0.09999999999999787
3496, 0.0, 0.09999999999999787
3497, 0.0, 0.0
3498, 0.0, 0.0
3499, 0.0, 0.0
3500, 0.0, 0.0
3501, 0.0, 0.0
3502, 0.0, 0.0
3503, 0.0, 0.0
3504, 0.0, 0.0
3505, 0.0, 0.0
3506, 0.0, 0.0
3507, 0.0, 0.0
3508, 0.0, 0.0
3509, 0.0, 0.0
3510, 0.0, 0.0
3511, 0.0, -0.10000000000000142
3512, 0.0, -0.10000000000000142
3513, 0.0, -0.10000000000000142
3514, 0.0, -0.10000000000000142
3515, 0.0, -0.10000000000000142
3516, 0.0, -0.10000000000000142
3517, 0.0, -0.10000000000000142
3518, 0.0, -0.10000000000000142
3519, 0.0, -0.10000000000000142
3520, 0.0, -0.10000000000000142
3521, 0.0, -0.10000000000000142
3522, 0.0, -0.10000000000000142
3523, 0.0, -0.10000000000000142
3524, 0.0, -0.10000000000000142
3525, 0.0, -0.10000000000000142
3526, 0.0, -0.10000000000000142
3527, 0.0, -0.10000000000000142
3528, 0.0, -0.10000000000000142
3529, 0.0, -0.10000000000000142
3530, 0.0, -0.10000000000000142
3531, 0.0, -0.10000000000000142
3532, 0.0, -0.10000000000000142
3533, 0.0, -0.10000000000000142
3534, 0.0, -0.10000000000000142
3535, 0.0, 0.0
3536, 0.0, 0.0
3537, 0.0, 0.0
3538, 0.0, 0.0
3539, 0.0, -0.10000000000000142
3540, 0.0, -0.10000000000000142
3541, 0.0, -0.10000000000000142
3542, 0.0, -0.10000000000000142
3543, 0.0, -0.10000000000000142
3544, 0.0, -0.10000000000000142
3545, 0.0, -0.10000000000000142
3546, 0.0, 0.0
3547, 0.0, 0.0
3548, 0.0, 0.0
3549, 0.0, 0.0
3550, 0.0, 0.0
3551, 0.0, 0.0
3552, 0.0, -0.10000000000000142
3553, 0.0, -0.10000000000000142
3554, 0.0, -0.10000000000000142
3555, 0.0, -0.10000000000000142
3556, 0.0, -0.10000000000000142
3557, 0.0, 0.0
3558, 0.0, 0.0
3559, 0.0, 0.0
3560, 0.0, 0.0
3561, 0.0, 0.0
3562, 0.0, 0.0
3563, 0.0, 0.0
3564, 0.0, 0.0
3565, 0.0, 0.0
3566, 0.0, 0.0
3567, 0.0, 0.0
3568, 0.0, 0.0
3569, 0.0, 0.0
3570, 0.0, 0.0
3571, 0.0, 0.0
3572, 0.0, 0.0
3573, 0.0, 0.0
3574, 0.0, 0.0
3575, 0.0, 0.0
3576, 0.0, 0.0
3577, 0.0, 0.0
3578, 0.0, 0.0
3579, 0.0, 0.0
3580, 0.0, 0.09999999999999787
3581, 0.0, 0.09999999999999787
3582, 0.0, 0.09999999999999787
3583, 0.0, 0.09999999999999787
3584, 0.0, 0.09999999999999787
3585, 0.0, 0.09999999999999787
3586, 0.0, 0.09999999999999787
3587, 0.0, 0.09999999999999787
3588, 0.0, 0.09999999999999787
3589, 0.0, 0.09999999999999787
3590, 0.0, 0.0
3591, 0.0, 0.0
3592, 0.0, 0.0
3593, 0.0, 0.0
3594, 0.0, 0.0
3595, 0.0, 0.0
3596, 0.0, 0.0
3597, 0.0, 0.0
3598, 0.0, 0.0
3599, 0.0, 0.0
3600, 0.0, 0.0
3601, 0.0, 0.0
3602, 0.0, 0.0
3603, 0.0, 0.0
3604, 0.0, 0.0
3605, 0.0, 0.0
3606, 0.0, 0.0
3607, 0.0, 0.0
3608, 0.0, 0.0
3609, 0.0, 0.0
3610, 0.0, 0.0
3611, 0.0, 0.0
3612, 0.0, 0.0
3613, 0.0, 0.0
3614, 0.0, 0.0
3615, 0.0, 0.0
3616, 0.0, 0.0
3617, 0.0, 0.0
3618, 0.0, 0.0
3619, 0.0, 0.0
3620, 0.0, 0.0
3621, 0.0, 0.0
3622, 0.0, 0.0
3623, 0.0, 0.0
3624, 0.0, 0.0
3625, 0.0, 0.0
3626, 0.0, 0.0
3627, 0.0, 0.0
3628, 0.0, 0.0
3629, 0.0, 0.0
3630, 0.0, 0.0
3631, 0.0, 0.0
3632, 0.0, -0.10000000000000142
3633, 0.0, -0.10000000000000142
3634, 0.0, -0.10000000000000142
3635, 0.0, -0.10000000000000142
3636, 0.0, -0.10000000000000142
3637, 0.0, -0.10000000000000142
3638, 0.0, -0.10000000000000142
3639, 0.0, -0.10000000000000142
3640, 0.0, -0.10000000000000142
3641, 0.0, -0.10000000000000142
3642, 0.0, -0.10000000000000142
3643, 0.0, 0.0
3644, 0.0, 0.0
3645, 0.0, 0.0
3646, 0.0, 0.0
3647, 0.0, 0.0
3648, 0.0, 0.0
3649, 0.0, 0.0
3650, 0.0, 0.0
3651, 0.0, 0.0
3652, 0.0, 0.0
3653, 0.0, 0.0
3654, 0.0, 0.0
3655, 0.0, 0.0
3656, 0.0, 0.0
3657, 0.0, 0.0
3658, 0.0, 0.0
3659, 0.0, 0.0
3660, 0.0, 0.0
3661, 0.0, 0.0
3662, 0.0, 0.0
3663, 0.0, 0.0
3664, 0.0, 0.0
3665, 0.0, 0.0
3666, 0.0, 0.0
3667, 0.0, 0.0
3668, 0.0, 0.0
3669, 0.0, 0.09999999999999787
3670, 0.0, 0.09999999999999787
3671, 0.0, 0.09999999999999787
3672, 0.0, 0.09999999999999787
3673, 0.0, 0.09999999999999787
3674, 0.0, 0.09999999999999787
3675, 0.0, 0.09999999999999787
3676, 0.0, 0.0
3677, 0.0, 0.0
3678, 0.0, 0.0
3679, 0.0, 0.0
3680, 0.0, 0.0
3681, 0.0, 0.0
3682, 0.0, 0.0
3683, 0.0, 0.0
3684, 0.0, 0.0
3685, 0.0, 0.0
3686, 0.0, 0.0
3687, 0.0, 0.0
3688, 0.0, 0.0
3689, 0.0, 0.0
3690, 0.0, 0.0
3691, 0.0, 0.0
3692, 0.0, 0.0
3693, 0.0, 0.0
3694, 0.0, 0.0
3695, 0.0, 0.0
3696, 0.0, 0.0
3697, 0.0, 0.0
3698, 0.0, 0.0
3699, 0.0, 0.0
3700, 0.0, 0.0
3701, 0.0, 0.0
3702, 0.0, -0.10000000000000142
3703, 0.0, -0.10000000000000142
3704, 0.0, -0.10000000000000142
3705, 0.0, -0.10000000000000142
3706, 0.10000000000000142, -0.10000000000000142
3707, 0.10000000000000142, -0.10000000000000142
3708, 0.10000000000000142, -0.10000000000000142
3709, 0.10000000000000142, 0.0
3710, 0.10000000000000142, 0.0
3711, 0.10000000000000142, 0.0
3712, 0.10000000000000142, 0.0
3713, 0.10000000000000142, 0.0
3714, 0.10000000000000142, 0.0
3715, 0.10000000000000142, 0.0
3716, 0.10000000000000142, 0.0
3717, 0.20000000000000107, 0.0
3718, 0.20000000000000107, 0.0
3719, 0.20000000000000107, 0.0
3720, 0.20000000000000107, 0.0
3721, 0.20000000000000107, 0.0
3722, 0.20000000000000107, 0.0
3723, 0.20000000000000107, 0.0
3724, 0.20000000000000107, 0.0
3725, 0.20000000000000107, 0.0
3726, 0.20000000000000107, 0.0
3727, 0.20000000000000107, 0.0
3728, 0.20000000000000107, 0.0
3729, 0.20000000000000107, -0.10000000000000142
3730, 0.20000000000000107, -0.10000000000000142
3731, 0.20000000000000107, -0.10000000000000142
3732, 0.20000000000000107, 0.0
3733, 0.20000000000000107, 0.0
3734, 0.20000000000000107, 0.0
3735, 0.20000000000000107, 0.0
3736, 0.20000000000000107, 0.0
3737, 0.20000000000000107, 0.0
3738, 0.20000000000000107, 0.0
3739, 0.20000000000000107, 0.0
3740, 0.20000000000000107, 0.0
3741, 0.10000000000000142, 0.0
3742, 0.10000000000000142, 0.0
3743, 0.10000000000000142, 0.0
3744, 0.10000000000000142, 0.0
3745, 0.10000000000000142, 0.0
3746, 0.10000000000000142, 0.0
3747, 0.10000000000000142, 0.0
3748, 0.10000000000000142, 0.0
3749, 0.0, 0.0
3750, 0.0, 0.0
3751, 0.0, 0.0
3752, 0.0, 0.0
3753, 0.0, 0.0
3754, 0.0, 0.0
3755, 0.0, 0.0
3756, 0.0, 0.0
3757, 0.0, 0.0
3758, 0.0, 0.0
3759, 0.0, 0.0
3760, 0.0, 0.0
3761, 0.0, 0.0
3762, 0.0, 0.0
3763, 0.0, 0.0
3764, 0.0, 0.0
3765, 0.0, 0.0
3766, 0.0, 0.0
3767, 0.0, 0.0
3768, 0.0, 0.0
3769, 0.0, 0.0
3770, 0.0, 0.0
3771, 0.0, -0.10000000000000142
3772, 0.0, -0.10000000000000142
3773, 0.0, -0.10000000000000142
3774, 0.0, -0.10000000000000142
3775, 0.0, -0.10000000000000142
3776, 0.0, -0.10000000000000142
3777, 0.0, -0.10000000000000142
3778, 0.0, -0.10000000000000142
3779, 0.0, -0.10000000000000142
3780, 0.0, -0.10000000000000142
3781, 0.0, -0.10000000000000142
3782, 0.0, -0.10000000000000142
3783, 0.0, -0.10000000000000142
3784, 0.0, -0.10000000000000142
3785, 0.0, -0.10000000000000142
3786, 0.0, -0.10000000000000142
3787, 0.0, -0.10000000000000142
3788, 0.0, -0.10000000000000142
3789, 0.0, -0.10000000000000142
3790, 0.0, -0.10000000000000142
3791, 0.0, -0.10000000000000142
3792, 0.0, -0.10000000000000142
3793, 0.0, -0.10000000000000142
3794, 0.0, -0.10000000000000142
3795, 0.0, -0.10000000000000142
3796, 0.0, -0.10000000000000142
3797, 0.0, -0.10000000000000142
3798, 0.0, -0.10000000000000142
3799, 0.0, -0.10000000000000142
3800, 0.0, -0.10000000000000142
3801, 0.0, -0.10000000000000142
3802, 0.0, -0.10000000000000142
3803, 0.0, -0.10000000000000142
3804, 0.0, -0.10000000000000142
3805, 0.0, -0.10000000000000142
3806, 0.0, 0.0
3807, 0.0, 0.0
3808, 0.0, 0.0
3809, 0.0, 0.0
3810, 0.0, 0.0
3811, 0.0, 0.0
3812, 0.0, 0.0
3813, 0.0, 0.0
3814, 0.0, 0.0
3815, 0.0, 0.0
3816, 0.0, 0.0
3817, 0.0, 0.0
3818, 0.0, 0.0
3819, 0.0, 0.0
3820, 0.0, 0.0
3821, 0.0, 0.0
3822, 0.0, 0.0
3823, 0.0, -0.10000000000000142
3824, 0.0, -0.10000000000000142
3825, 0.0, -0.10000000000000142
3826, 0.0, 0.0
3827, 0.0, 0.0
3828, 0.0, 0.0
3829, 0.0, 0.0
3830, 0.0, 0.0
3831, 0.0, 0.0
3832, 0.0, 0.0
3833, 0.0, 0.0
3834, 0.0, 0.0
3835, 0.0, 0.0
3836, 0.0, 0.0
3837, 0.0, 0.0
3838, 0.0, 0.0
3839, 0.0, 0.0
3840, 0.0, 0.0
3841, 0.0, 0.0
3842, 0.0, 0.0
3843, 0.0, 0.0
3844, 0.0, 0.0
3845, 0.0, 0.0
3846, 0.0, 0.0
3847, 0.0, 0.0
3848, 0.0, 0.0
3849, 0.0, 0.0
3850, 0.0, 0.0
3851, 0.0, 0.0
3852, 0.0, 0.0
3853, 0.0, 0.0
3854, 0.0, 0.0
3855, 0.0, 0.0
3856, 0.0, 0.0
3857, 0.0, 0.0
3858, 0.0, 0.0
3859, 0.0, 0.0
3860, 0.0, 0.0
3861, 0.0, 0.0
3862, 0.0, 0.0
3863, 0.0, 0.0
3864, 0.0, -0.10000000000000142
3865, 0.0, 0.0
3866, 0.0, 0.0
3867, 0.0, 0.0
3868, 0.0, 0.0
3869, 0.0, 0.0
3870, 0.0, 0.0
3871, 0.0, 0.0
3872, 0.0, 0.0
3873, 0.0, 0.0
3874, 0.0, 0.0
3875, 0.0, 0.0
3876, -0.09999999999999964, 0.0
3877, -0.09999999999999964, 0.0
3878, -0.09999999999999964, 0.0
3879, -0.09999999999999964, 0.0
3880, -0.09999999999999964, 0.0
3881, -0.09999999999999964, 0.0
3882, 0.0, 0.0
3883, 0.0, 0.0
3884, 0.0, 0.0
3885, 0.0, 0.0
3886, 0.0, 0.0
3887, 0.0, 0.0
3888, 0.0, 0.0
3889, 0.0, 0.0
3890, 0.0, 0.0
3891, 0.0, 0.0
3892, 0.0, 0.0
3893, 0.0, 0.0
3894, 0.0, 0.09999999999999787
3895, 0.0, 0.09999999999999787
3896, 0.0, 0.09999999999999787
3897, 0.0, 0.09999999999999787
3898, 0.0, 0.09999999999999787
3899, 0.0, 0.0
3900, 0.0, 0.0
3901, 0.0, 0.0
3902, 0.0, 0.0
3903, 0.0, 0.0
3904, 0.0, 0.0
3905, 0.0, 0.0
3906, 0.0, 0.0
3907, 0.0, 0.0
3908, 0.0, 0.0
3909, 0.0, 0.0
3910, 0.0, 0.0
3911, 0.0, 0.0
3912, 0.0, 0.0
3913, 0.0, 0.0
3914, 0.0, 0.0
3915, 0.0, 0.09999999999999787
3916, 0.0, 0.09999999999999787
3917, 0.0, 0.09999999999999787
3918, 0.0, 0.09999999999999787
3919, 0.0, 0.09999999999999787
3920, 0.0, 0.09999999999999787
3921, 0.0, 0.09999999999999787
3922, 0.0, 0.09999999999999787
3923, 0.0, 0.09999999999999787
3924, 0.0, 0.09999999999999787
3925, 0.0, 0.09999999999999787
3926, 0.0, 0.0
3927, 0.0, 0.0
3928, 0.0, 0.0
3929, 0.0, 0.0
3930, 0.0, 0.0
3931, 0.0, 0.0
3932, 0.0, 0.0
3933, 0.0, 0.0
3934, 0.0, 0.0
3935, 0.0, 0.0
3936, 0.0, 0.0
3937, 0.0, 0.0
3938, 0.0, 0.0
3939, 0.0, 0.0
3940, 0.0, 0.0
3941, 0.10000000000000142, 0.0
3942, 0.10000000000000142, 0.0
3943, 0.10000000000000142, 0.0
3944, 0.10000000000000142, 0.0
3945, 0.10000000000000142, -0.10000000000000142
3946, 0.10000000000000142, -0.10000000000000142
3947, 0.10000000000000142, -0.10000000000000142
3948, 0.10000000000000142, -0.10000000000000142
3949, 0.10000000000000142, -0.10000000000000142
3950, 0.10000000000000142, -0.10000000000000142
3951, 0.10000000000000142, -0.10000000000000142
3952, 0.10000000000000142, -0.10000000000000142
3953, 0.10000000000000142, -0.10000000000000142
3954, 0.10000000000000142, -0.10000000000000142
3955, 0.10000000000000142, 0.0
3956, 0.10000000000000142, 0.0
3957, 0.10000000000000142, 0.0
3958, 0.10000000000000142, 0.0
3959, 0.10000000000000142, 0.0
3960, 0.10000000000000142, 0.0
3961, 0.10000000000000142, 0.0
3962, 0.10000000000000142, 0.0
3963, 0.10000000000000142, 0.0
3964, 0.10000000000000142, 0.0
3965, 0.10000000000000142, 0.0
3966, 0.10000000000000142, 0.0
3967, 0.10000000000000142, 0.0
3968, 0.10000000000000142, 0.0
3969, 0.10000000000000142, 0.0
3970, 0.10000000000000142, 0.0
3971, 0.10000000000000142, 0.0
3972, 0.10000000000000142, 0.0
3973, 0.10000000000000142, 0.0
3974, 0.10000000000000142, 0.0
3975, 0.10000000000000142, 0.0
3976, 0.10000000000000142, 0.0
3977, 0.10000000000000142, 0.0
3978, 0.10000000000000142, 0.0
3979, 0.10000000000000142, 0.0
3980, 0.10000000000000142, -0.10000000000000142
3981, 0.10000000000000142, -0.10000000000000142
3982, 0.10000000000000142, -0.10000000000000142
3983, 0.10000000000000142, -0.10000000000000142
3984, 0.10000000000000142, -0.10000000000000142
3985, 0.10000000000000142, 0.0
3986, 0.10000000000000142, 0.0
3987, 0.10000000000000142, 0.0
3988, 0.10000000000000142, 0.0
3989, 0.10000000000000142, 0.0
3990, 0.10000000000000142, 0.0
3991, 0.10000000000000142, 0.0
3992, 0.10000000000000142, 0.0
3993, 0.10000000000000142, 0.0
3994, 0.10000000000000142, 0.0
3995, 0.10000000000000142, 0.0
3996, 0.10000000000000142, -0.10000000000000142
3997, 0.10000000000000142, -0.10000000000000142
3998, 0.10000000000000142, -0.10000000000000142
3999, 0.10000000000000142, -0.10000000000000142
4000, 0.10000000000000142, -0.10000000000000142
4001, 0.10000000000000142, -0.10000000000000142
4002, 0.10000000000000142, -0.10000000000000142
4003, 0.10000000000000142, -0.10000000000000142
4004, 0.10000000000000142, -0.10000000000000142
4005, 0.10000000000000142, -0.10000000000000142
4006, 0.10000000000000142, -0.10000000000000142
4007, 0.10000000000000142, 0.0
4008, 0.10000000000000142, 0.0
4009, 0.10000000000000142, 0.0
4010, 0.0, 0.0
4011, 0.0, 0.0
4012, 0.0, 0.0
4013, 0.0, 0.0
4014, 0.0, 0.0
4015, 0.0, 0.0
4016, 0.0, 0.0
4017, 0.0, 0.0
4018, 0.0, 0.0
4019, 0.0, 0.0
4020, 0.0, 0.0
4021, 0.0, 0.0
4022, 0.0, 0.0
4023, 0.0, 0.0
4024, 0.0, 0.0
4025, 0.0, 0.0
4026, 0.0, 0.0
4027, 0.0, 0.0
4028, 0.0, 0.0
4029, 0.0, 0.0
4030, 0.0, 0.0
4031, 0.0, 0.0
4032, 0.0, 0.0
4033, 0.0, 0.0
4034, 0.0, 0.0
4035, 0.0, 0.0
4036, 0.0, 0.0
4037, 0.0, 0.0
4038, 0.0, 0.0
4039, 0.0, 0.0
4040, 0.0, 0.0
4041, 0.0, 0.0
4042, 0.0, 0.0
4043, 0.0, 0.0
4044, 0.0, 0.0
4045, 0.0, 0.0
4046, 0.0, 0.0
4047, 0.0, 0.0
4048, 0.0, 0.0
4049, 0.0, 0.0
4050, 0.0, 0.0
4051, 0.0, 0.0
4052, 0.0, 0.0
4053, 0.0, 0.0
4054, 0.0, 0.0
4055, 0.0, 0.0
4056, 0.0, 0.0
4057, 0.0, 0.0
4058, 0.0, 0.0
4059, 0.0, 0.0
4060, 0.0, 0.0
4061, 0.0, 0.0
4062, 0.0, 0.0
4063, 0.0, 0.0
4064, 0.0, 0.0
4065, 0.0, 0.0
4066, 0.0, 0.0
4067, 0.0, 0.0
4068, 0.0, 0.0
4069, 0.0, 0.0
4070, 0.0, 0.0
4071, 0.0, 0.0
4072, 0.0, 0.0
4073, 0.0, 0.0
4074, 0.0, 0.0
4075, 0.0, 0.0
4076, 0.0, 0.0
4077, 0.0, 0.0
4078, 0.0, 0.0
4079, 0.0, 0.0
4080, 0.0, 0.0
4081, 0.0, 0.0
4082, 0.0, 0.0
4083, 0.0, 0.0
4084, 0.0, 0.09999999999999787
4085, 0.0, 0.09999999999999787
4086, 0.0, 0.09999999999999787
4087, 0.0, 0.09999999999999787
4088, 0.0, 0.09999999999999787
4089, 0.0, 0.09999999999999787
4090, 0.0, 0.09999999999999787
4091, 0.0, 0.09999999999999787
4092, 0.0, 0.09999999999999787
4093, 0.0, 0.09999999999999787
4094, 0.0, 0.09999999999999787
4095, 0.0, 0.09999999999999787
4096, 0.0, 0.09999999999999787
4097, 0.0, 0.09999999999999787
4098, 0.0, 0.09999999999999787
4099, 0.0, 0.09999999999999787
4100, 0.0, 0.0
4101, 0.0, 0.0
4102, 0.0, 0.0
4103, 0.0, 0.0
4104, 0.0, 0.0
4105, 0.0, 0.0
4106, 0.0, 0.0
4107, 0.0, 0.0
4108, 0.0, 0.0
4109, 0.0, -0.10000000000000142
4110, 0.0, -0.10000000000000142
4111, 0.0, -0.10000000000000142
4112, 0.0, -0.10000000000000142
4113, 0.0, -0.10000000000000142
4114, 0.0, -0.10000000000000142
4115, 0.0, -0.10000000000000142
4116, 0.0, 0.0
4117, 0.0, 0.0
4118, 0.0, 0.0
4119, 0.0, 0.0
4120, 0.0, 0.0
4121, 0.0, 0.0
4122, 0.0, 0.0
4123, 0.0, 0.0
4124, 0.0, 0.0
4125, 0.0, 0.0
4126, 0.0, 0.0
4127, 0.0, 0.0
4128, 0.0, 0.0
4129, 0.0, 0.0
4130, 0.0, 0.0
4131, 0.0, 0.0
4132, 0.0, 0.0
4133, 0.0, 0.0
4134, -0.09999999999999964, -0.10000000000000142
4135, -0.09999999999999964, -0.10000000000000142
4136, -0.09999999999999964, -0.10000000000000142
4137, -0.09999999999999964, -0.10000000000000142
4138, -0.09999999999999964, -0.10000000000000142
4139, -0.09999999999999964, -0.10000000000000142
4140, -0.09999999999999964, 0.0
4141, -0.09999999999999964, 0.0
4142, -0.09999999999999964, 0.0
4143, -0.09999999999999964, 0.0
4144, -0.09999999999999964, 0.0
4145, -0.09999999999999964, 0.0
4146, -0.09999999999999964, 0.0
4147, -0.09999999999999964, 0.0
4148, -0.09999999999999964, 0.0
4149, -0.09999999999999964, 0.0
4150, -0.09999999999999964, 0.0
4151, 0.0, 0.0
4152, 0.0, 0.0
4153, 0.0, 0.0
4154, 0.0, 0.0
4155, 0.0, 0.0
4156, 0.0, 0.0
4157, 0.0, 0.0
4158, 0.0, 0.0
4159, 0.0, 0.0
4160, 0.0, 0.0
4161, 0.0, 0.0
4162, 0.0, 0.0
4163, 0.0, 0.0
4164, 0.0, 0.0
4165, 0.0, 0.0
4166, 0.0, 0.0
4167, 0.0, 0.0
4168, 0.0, 0.0
4169, 0.0, 0.0
4170, 0.0, 0.0
4171, 0.0, 0.0
4172, 0.0, 0.0
4173, 0.0, -0.10000000000000142
4174, 0.0, -0.10000000000000142
4175, 0.0, -0.10000000000000142
4176, 0.0, -0.10000000000000142
4177, 0.0, -0.10000000000000142
4178, 0.0, -0.10000000000000142
4179, 0.0, -0.10000000000000142
4180, 0.0, -0.10000000000000142
4181, 0.0, -0.10000000000000142
4182, 0.0, -0.10000000000000142
4183, 0.0, -0.10000000000000142
4184, 0.0, -0.10000000000000142
4185, 0.0, -0.10000000000000142
4186, 0.0, -0.10000000000000142
4187, 0.0, -0.10000000000000142
4188, 0.0, -0.10000000000000142
4189, 0.0, -0.10000000000000142
4190, 0.0, -0.10000000000000142
4191, 0.10000000000000142, -0.10000000000000142
4192, 0.10000000000000142, -0.10000000000000142
4193, 0.10000000000000142, -0.10000000000000142
4194, 0.10000000000000142, 0.0
4195, 0.10000000000000142, 0.0
4196, 0.10000000000000142, 0.0
4197, 0.10000000000000142, 0.0
4198, 0.10000000000000142, 0.0
4199, 0.10000000000000142, 0.0
4200, 0.10000000000000142, 0.0
4201, 0.10000000000000142, 0.0
4202, 0.10000000000000142, 0.0
4203, 0.10000000000000142, -0.10000000000000142
4204, 0.10000000000000142, -0.10000000000000142
4205, 0.10000000000000142, -0.10000000000000142
4206, 0.10000000000000142, -0.10000000000000142
4207, 0.0, -0.10000000000000142
4208, 0.0, -0.10000000000000142
4209, 0.0, -0.10000000000000142
4210, 0.0, 0.0
4211, 0.0, 0.0
4212, 0.0, 0.0
4213, 0.0, 0.0
4214, 0.0, 0.0
4215, 0.0, 0.0
4216, 0.0, 0.0
4217, 0.0, 0.0
4218, 0.0, 0.0
4219, 0.0, 0.0
4220, 0.0, 0.0
4221, 0.0, 0.0
4222, 0.0, 0.0
4223, 0.0, 0.0
4224, 0.0, 0.0
4225, 0.0, 0.0
4226, 0.0, 0.0
4227, 0.0, 0.0
4228, 0.0, 0.0
4229, 0.0, 0.0
4230, 0.0, 0.0
4231, 0.0, 0.0
4232, 0.0, 0.0
4233, 0.0, 0.0
4234, 0.0, 0.0
4235, 0.0, 0.0
4236, 0.0, 0.0
4237, 0.0, 0.0
4238, 0.0, 0.0
4239, 0.0, 0.0
4240, 0.0, 0.0
4241, 0.0, 0.0
4242, 0.0, 0.0
4243, 0.0, 0.0
4244, 0.0, 0.0
4245, 0.0, 0.0
4246, 0.0, 0.0
4247, 0.0, 0.0
4248, 0.0, 0.0
4249, 0.0, 0.0
4250, 0.0, 0.0
4251, 0.0, 0.0
4252, 0.0, 0.0
4253, 0.0, 0.0
4254, 0.0, 0.0
4255, 0.0, 0.0
4256, 0.0, 0.0
4257, 0.0, 0.0
4258, 0.0, 0.0
4259, 0.10000000000000142, 0.0
4260, 0.10000000000000142, 0.0
4261, 0.10000000000000142, 0.0
4262, 0.10000000000000142, 0.0
4263, 0.10000000000000142, 0.0
4264, 0.10000000000000142, 0.0
4265, 0.10000000000000142, 0.0
4266, 0.10000000000000142, 0.0
4267, 0.10000000000000142, 0.0
4268, 0.10000000000000142, 0.0
4269, 0.10000000000000142, 0.0
4270, 0.10000000000000142, 0.0
4271, 0.20000000000000107, 0.0
4272, 0.20000000000000107, 0.0
4273, 0.20000000000000107, 0.0
4274, 0.20000000000000107, 0.0
4275, 0.20000000000000107, 0.0
4276, 0.20000000000000107, 0.0
4277, 0.20000000000000107, 0.0
4278, 0.20000000000000107, 0.0
4279, 0.20000000000000107, 0.0
4280, 0.20000000000000107, 0.0
4281, 0.20000000000000107, 0.0
4282, 0.20000000000000107, 0.0
4283, 0.10000000000000142, 0.0
4284, 0.0, 0.0
4285, 0.0, 0.0
4286, 0.0, 0.0
4287, 0.0, 0.0
4288, 0.0, 0.0
4289, 0.0, 0.0
4290, 0.0, 0.0
4291, 0.0, 0.0
4292, 0.0, 0.0
4293, 0.0, 0.0
4294, 0.0, 0.09999999999999787
4295, 0.0, 0.09999999999999787
4296, -0.09999999999999964, 0.09999999999999787
4297, -0.09999999999999964, 0.09999999999999787
4298, -0.09999999999999964, 0.09999999999999787
4299, 0.0, 0.09999999999999787
4300, 0.0, 0.09999999999999787
4301, 0.0, 0.09999999999999787
4302, 0.0, 0.09999999999999787
4303, 0.0, 0.09999999999999787
4304, 0.0, 0.09999999999999787
4305, 0.0, 0.09999999999999787
4306, 0.0, 0.09999999999999787
4307, 0.0, 0.09999999999999787
4308, 0.0, 0.0
4309, 0.0, 0.0
4310, 0.0, 0.0
4311, 0.0, 0.0
4312, 0.0, 0.0
4313, 0.0, 0.0
4314, 0.0, 0.0
4315, 0.0, 0.0
4316, 0.0, 0.0
4317, 0.0, 0.0
4318, 0.0, 0.0
4319, 0.0, 0.0
4320, 0.0, 0.0
4321, 0.0, 0.0
4322, 0.0, 0.0
4323, 0.0, 0.0
4324, 0.0, 0.0
4325, 0.0, 0.0
4326, 0.0, 0.0
4327, 0.0, 0.0
4328, 0.0, 0.0
4329, 0.0, -0.10000000000000142
4330, 0.0, -0.10000000000000142
4331, 0.0, -0.10000000000000142
4332, 0.0, -0.10000000000000142
4333, 0.0, -0.10000000000000142
4334, 0.0, -0.10000000000000142
4335, 0.0, -0.10000000000000142
4336, 0.0, -0.10000000000000142
4337, 0.0, -0.10000000000000142
4338, 0.0, -0.10000000000000142
4339, 0.0, -0.10000000000000142
4340, 0.0, -0.10000000000000142
4341, 0.0, -0.10000000000000142
4342, 0.0, -0.10000000000000142
4343, 0.0, -0.10000000000000142
4344, 0.0, -0.10000000000000142
4345, 0.0, -0.10000000000000142
4346, 0.0, -0.10000000000000142
4347, 0.0, -0.10000000000000142
4348, 0.0, -0.1999999999999993
4349, 0.0, -0.1999999999999993
4350, 0.0, -0.1999999999999993
4351, 0.0, -0.10000000000000142
4352, 0.0, -0.10000000000000142
4353, 0.0, -0.10000000000000142
4354, 0.0, -0.10000000000000142
4355, 0.0, -0.10000000000000142
4356, 0.0, -0.10000000000000142
4357, 0.0, -0.10000000000000142
4358, 0.0, -0.10000000000000142
4359, 0.0, -0.10000000000000142
4360, 0.0, -0.10000000000000142
4361, 0.0, -0.10000000000000142
4362, 0.0, -0.10000000000000142
4363, 0.0, -0.10000000000000142
4364, 0.0, -0.10000000000000142
4365, 0.0, -0.10000000000000142
4366, 0.0, -0.10000000000000142
4367, 0.0, -0.10000000000000142
4368, 0.0, -0.10000000000000142
4369, 0.0, -0.10000000000000142
4370, 0.0, -0.10000000000000142
4371, 0.0, -0.10000000000000142
4372, 0.0, -0.10000000000000142
4373, 0.0, -0.10000000000000142
4374, 0.0, -0.10000000000000142
4375, 0.0, -0.10000000000000142
4376, 0.0, -0.10000000000000142
4377, 0.0, -0.1999999999999993
4378, 0.0, -0.1999999999999993
4379, 0.0, -0.1999999999999993
4380, 0.0, -0.1999999999999993
4381, 0.0, -0.1999999999999993
4382, 0.0, -0.1999999999999993
4383, 0.0, -0.1999999999999993
4384, 0.0, -0.1999999999999993
4385, 0.0, -0.1999999999999993
4386, 0.0, -0.1999999999999993
4387, 0.0, -0.1999999999999993
4388, 0.0, -0.1999999999999993
4389, 0.0, -0.1999999999999993
4390, 0.0, -0.1999999999999993
4391, 0.10000000000000142, -0.1999999999999993
4392, 0.10000000000000142, -0.1999999999999993
4393, 0.10000000000000142, -0.1999999999999993
4394, 0.10000000000000142, -0.1999999999999993
4395, 0.10000000000000142, -0.1999999999999993
4396, 0.10000000000000142, -0.1999999999999993
4397, 0.10000000000000142, -0.1999999999999993
4398, 0.10000000000000142, -0.1999999999999993
4399, 0.10000000000000142, -0.10000000000000142
4400, 0.10000000000000142, -0.10000000000000142
4401, 0.10000000000000142, -0.10000000000000142
4402, 0.10000000000000142, -0.10000000000000142
4403, 0.10000000000000142, -0.10000000000000142
4404, 0.10000000000000142, -0.10000000000000142
4405, 0.10000000000000142, -0.10000000000000142
4406, 0.10000000000000142, -0.10000000000000142
4407, 0.10000000000000142, -0.10000000000000142
4408, 0.10000000000000142, -0.10000000000000142
4409, 0.10000000000000142, -0.10000000000000142
4410, 0.10000000000000142, -0.10000000000000142
4411, 0.10000000000000142, -0.10000000000000142
4412, 0.10000000000000142, -0.10000000000000142
4413, 0.0, -0.10000000000000142
4414, 0.0, -0.10000000000000142
4415, 0.0, 0.0
4416, 0.0, 0.09999999999999787
4417, 0.0, 0.09999999999999787
4418, 0.0, 0.09999999999999787
4419, 0.0, 0.09999999999999787
4420, 0.0, 0.09999999999999787
4421, 0.0, 0.09999999999999787
4422, 0.0, 0.09999999999999787
4423, 0.0, 0.09999999999999787
4424, 0.0, 0.09999999999999787
4425, 0.0, 0.09999999999999787
4426, 0.0, 0.09999999999999787
4427, 0.0, 0.09999999999999787
4428, 0.0, 0.09999999999999787
4429, 0.0, 0.09999999999999787
4430, 0.0, 0.09999999999999787
4431, 0.0, 0.0
4432, 0.0, 0.09999999999999787
4433, 0.0, 0.09999999999999787
4434, 0.0, 0.09999999999999787
4435, 0.0, 0.09999999999999787
4436, 0.0, 0.09999999999999787
4437, 0.0, 0.09999999999999787
4438, 0.0, 0.09999999999999787
4439, 0.0, 0.09999999999999787
4440, 0.0, 0.09999999999999787
4441, 0.0, 0.09999999999999787
4442, 0.0, 0.09999999999999787
4443, 0.0, 0.09999999999999787
4444, 0.0, 0.09999999999999787
4445, 0.0, 0.09999999999999787
4446, 0.0, 0.09999999999999787
4447, 0.0, 0.09999999999999787
4448, 0.0, 0.09999999999999787
4449, 0.0, 0.09999999999999787
4450, 0.0, 0.09999999999999787
4451, 0.0, 0.09999999999999787
4452, 0.0, 0.09999999999999787
4453, 0.0, 0.09999999999999787
4454, 0.0, 0.09999999999999787
4455, 0.0, 0.09999999999999787
4456, 0.0, 0.09999999999999787
4457, 0.0, 0.09999999999999787
4458, 0.0, 0.09999999999999787
4459, 0.0, 0.09999999999999787
4460, 0.0, 0.09999999999999787
4461, 0.0, 0.09999999999999787
4462, 0.0, 0.09999999999999787
4463, 0.0, 0.09999999999999787
4464, 0.0, 0.09999999999999787
4465, 0.0, 0.09999999999999787
4466, 0.0, 0.09999999999999787
4467, 0.0, 0.09999999999999787
4468, 0.0, 0.09999999999999787
4469, 0.10000000000000142, 0.09999999999999787
4470, 0.10000000000000142, 0.0
4471, 0.10000000000000142, 0.0
4472, 0.10000000000000142, 0.0
4473, 0.10000000000000142, 0.0
4474, 0.10000000000000142, 0.0
4475, 0.10000000000000142, 0.0
4476, 0.20000000000000107, 0.0
4477, 0.20000000000000107, 0.0
4478, 0.20000000000000107, 0.0
4479, 0.20000000000000107, 0.0
4480, 0.20000000000000107, 0.0
4481, 0.20000000000000107, 0.0
4482, 0.20000000000000107, 0.0
4483, 0.20000000000000107, 0.0
4484, 0.20000000000000107, 0.0
4485, 0.20000000000000107, 0.0
4486, 0.20000000000000107, 0.0
4487, 0.20000000000000107, 0.0
4488, 0.20000000000000107, 0.0
4489, 0.20000000000000107, 0.0
4490, 0.20000000000000107, -0.10000000000000142
4491, 0.20000000000000107, -0.10000000000000142
4492, 0.20000000000000107, -0.10000000000000142
4493, 0.20000000000000107, -0.10000000000000142
4494, 0.20000000000000107, -0.10000000000000142
4495, 0.20000000000000107, -0.10000000000000142
4496, 0.20000000000000107, -0.10000000000000142
4497, 0.20000000000000107, -0.10000000000000142
4498, 0.20000000000000107, -0.10000000000000142
4499, 0.20000000000000107, -0.10000000000000142
4500, 0.20000000000000107, -0.10000000000000142
4501, 0.20000000000000107, -0.10000000000000142
4502, 0.20000000000000107, -0.10000000000000142
4503, 0.20000000000000107, -0.10000000000000142
4504, 0.20000000000000107, -0.10000000000000142
4505, 0.20000000000000107, -0.10000000000000142
4506, 0.20000000000000107, -0.10000000000000142
4507, 0.20000000000000107, -0.10000000000000142
4508, 0.20000000000000107, -0.10000000000000142
4509, 0.20000000000000107, -0.10000000000000142
4510, 0.10000000000000142, -0.10000000000000142
4511, 0.10000000000000142, -0.10000000000000142
4512, 0.10000000000000142, -0.10000000000000142
4513, 0.10000000000000142, -0.10000000000000142
4514, 0.10000000000000142, -0.10000000000000142
4515, 0.10000000000000142, -0.10000000000000142
4516, 0.10000000000000142, -0.10000000000000142
4517, 0.10000000000000142, -0.10000000000000142
4518, 0.10000000000000142, -0.10000000000000142
4519, 0.10000000000000142, -0.10000000000000142
4520, 0.10000000000000142, -0.10000000000000142
4521, 0.10000000000000142, -0.10000000000000142
4522, 0.10000000000000142, -0.10000000000000142
4523, 0.10000000000000142, -0.10000000000000142
4524, 0.10000000000000142, -0.10000000000000142
4525, 0.10000000000000142, -0.10000000000000142
4526, 0.10000000000000142, -0.10000000000000142
4527, 0.10000000000000142, -0.10000000000000142
4528, 0.10000000000000142, -0.10000000000000142
4529, 0.10000000000000142, -0.10000000000000142
4530, 0.10000000000000142, -0.10000000000000142
4531, 0.10000000000000142, -0.10000000000000142
4532, 0.10000000000000142, -0.10000000000000142
4533, 0.10000000000000142, -0.10000000000000142
4534, 0.10000000000000142, 0.0
4535, 0.10000000000000142, 0.0
4536, 0.10000000000000142, 0.0
4537, 0.10000000000000142, 0.0
4538, 0.10000000000000142, 0.0
4539, 0.10000000000000142, 0.0
4540, 0.10000000000000142, 0.0
4541, 0.10000000000000142, 0.0
4542, 0.10000000000000142, 0.0
4543, 0.10000000000000142, 0.0
4544, 0.10000000000000142, 0.0
4545, 0.10000000000000142, 0.0
4546, 0.0, 0.0
4547, 0.0, 0.0
4548, 0.0, 0.0
4549, 0.0, 0.0
4550, 0.0, 0.0
4551, -0.09999999999999964, 0.0
4552, -0.09999999999999964, 0.0
4553, -0.09999999999999964, 0.0
4554, -0.09999999999999964, 0.0
4555, -0.09999999999999964, 0.09999999999999787
4556, -0.09999999999999964, 0.09999999999999787
4557, -0.09999999999999964, 0.09999999999999787
4558, -0.09999999999999964, 0.09999999999999787
4559, -0.09999999999999964, 0.09999999999999787
4560, -0.09999999999999964, 0.0
4561, -0.09999999999999964, 0.0
4562, -0.09999999999999964, 0.0
4563, -0.09999999999999964, 0.0
4564, -0.09999999999999964, 0.0
4565, -0.09999999999999964, 0.0
4566, -0.09999999999999964, 0.0
4567, -0.09999999999999964, 0.0
4568, -0.09999999999999964, 0.0
4569, -0.09999999999999964, 0.0
4570, -0.09999999999999964, 0.0
4571, -0.09999999999999964, 0.0
4572, -0.09999999999999964, 0.0
4573, -0.09999999999999964, 0.0
4574, -0.09999999999999964, 0.0
4575, -0.09999999999999964, -0.10000000000000142
4576, -0.09999999999999964, -0.10000000000000142
4577, 0.0, -0.10000000000000142
4578, 0.0, -0.10000000000000142
4579, 0.0, -0.10000000000000142
4580, 0.0, -0.10000000000000142
4581, 0.0, -0.10000000000000142
4582, 0.0, -0.10000000000000142
4583, 0.0, -0.10000000000000142
4584, 0.0, -0.10000000000000142
4585, 0.0, -0.10000000000000142
4586, 0.0, -0.10000000000000142
4587, 0.0, -0.10000000000000142
4588, 0.0, -0.10000000000000142
4589, 0.0, -0.10000000000000142
4590, 0.0, -0.10000000000000142
4591, 0.0, -0.10000000000000142
4592, 0.0, -0.10000000000000142
4593, 0.0, -0.10000000000000142
4594, 0.0, -0.10000000000000142
4595, 0.0, -0.10000000000000142
4596, 0.0, -0.10000000000000142
4597, 0.0, -0.10000000000000142
4598, 0.0, -0.10000000000000142
4599, 0.0, -0.10000000000000142
4600, 0.0, 0.0
4601, 0.0, 0.0
4602, 0.0, 0.0
4603, 0.0, 0.0
4604, 0.0, 0.0
4605, 0.0, 0.0
4606, 0.0, 0.0
4607, 0.0, 0.0
4608, 0.0, 0.0
4609, 0.0, 0.0
4610, 0.0, 0.0
4611, 0.0, 0.0
4612, 0.0, 0.0
4613, 0.0, 0.0
4614, 0.0, 0.0
4615, 0.0, 0.0
4616, 0.0, 0.0
4617, 0.10000000000000142, 0.0
4618, 0.10000000000000142, 0.0
4619, 0.10000000000000142, 0.0
4620, 0.10000000000000142, 0.0
4621, 0.10000000000000142, 0.0
4622, 0.10000000000000142, 0.0
4623, 0.10000000000000142, 0.0
4624, 0.10000000000000142, 0.0
4625, 0.10000000000000142, 0.0
4626, 0.10000000000000142, 0.0
4627, 0.10000000000000142, 0.0
4628, 0.10000000000000142, 0.0
4629, 0.10000000000000142, 0.0
4630, 0.10000000000000142, 0.0
4631, 0.10000000000000142, 0.0
4632, 0.10000000000000142, 0.0
4633, 0.10000000000000142, 0.0
4634, 0.10000000000000142, 0.0
4635, 0.10000000000000142, 0.0
4636, 0.10000000000000142, 0.0
4637, 0.0, 0.0
4638, 0.0, 0.0
4639, 0.0, 0.0
4640, 0.0, 0.0
4641, 0.0, 0.0
4642, 0.0, 0.0
4643, 0.0, 0.0
4644, 0.0, 0.0
4645, 0.0, 0.0
4646, 0.0, 0.0
4647, 0.0, 0.0
4648, 0.0, 0.0
4649, 0.0, 0.0
4650, 0.0, 0.0
4651, 0.0, 0.0
4652, 0.0, 0.0
4653, 0.0, 0.0
4654, 0.0, 0.0
4655, 0.0, 0.0
4656, 0.0, 0.0
4657, 0.0, 0.0
4658, 0.0, 0.0
4659, 0.0, 0.0
4660, 0.0, 0.0
4661, 0.0, 0.0
4662, 0.0, 0.0
4663, 0.0, 0.0
4664, 0.0, 0.0
4665, 0.0, 0.0
4666, 0.0, 0.0
4667, 0.0, 0.0
4668, 0.0, 0.0
4669, 0.0, 0.0
4670, 0.0, 0.0
4671, 0.0, 0.0
4672, 0.0, 0.0
4673, 0.0, 0.0
4674, 0.0, 0.0
4675, 0.0, 0.0
4676, 0.0, 0.0
4677, 0.0, 0.0
4678, 0.0, 0.0
4679, 0.0, -0.10000000000000142
4680, 0.0, -0.10000000000000142
4681, 0.0, 0.0
4682, 0.0, 0.0
4683, 0.0, 0.0
4684, 0.0, 0.0
4685, 0.0, -0.10000000000000142
4686, 0.0, -0.10000000000000142
4687, 0.0, -0.10000000000000142
4688, 0.0, -0.10000000000000142
4689, 0.0, -0.10000000000000142
4690, 0.0, -0.10000000000000142
4691, 0.0, -0.10000000000000142
4692, 0.0, -0.10000000000000142
4693, 0.0, -0.10000000000000142
4694, 0.0, 0.0
4695, 0.0, 0.0
4696, 0.0, 0.0
4697, 0.0, 0.0
4698, 0.0, 0.0
4699, 0.0, 0.0
4700, 0.0, 0.0
4701, 0.0, 0.0
4702, 0.10000000000000142, 0.0
4703, 0.10000000000000142, 0.0
4704, 0.10000000000000142, 0.0
4705, 0.10000000000000142, 0.0
4706, 0.10000000000000142, 0.0
4707, 0.10000000000000142, 0.0
4708, 0.10000000000000142, 0.0
4709, 0.10000000000000142, 0.0
4710, 0.10000000000000142, 0.0
4711, 0.10000000000000142, 0.0
4712, 0.10000000000000142, 0.0
4713, 0.10000000000000142, 0.0
4714, 0.10000000000000142, 0.0
4715, 0.10000000000000142, 0.0
4716, 0.10000000000000142, 0.0
4717, 0.10000000000000142, 0.0
4718, 0.10000000000000142, 0.0
4719, 0.10000000000000142, 0.0
4720, 0.10000000000000142, 0.0
4721, 0.10000000000000142, 0.0
4722, 0.10000000000000142, 0.0
4723, 0.10000000000000142, 0.0
4724, 0.10000000000000142, 0.0
4725, 0.10000000000000142, 0.0
4726, 0.10000000000000142, 0.0
4727, 0.10000000000000142, 0.0
4728, 0.10000000000000142, 0.0
4729, 0.10000000000000142, 0.0
4730, 0.10000000000000142, 0.0
4731, 0.10000000000000142, 0.0
4732, 0.10000000000000142, 0.0
4733, 0.10000000000000142, 0.0
4734, 0.10000000000000142, 0.0
4735, 0.10000000000000142, 0.0
4736, 0.10000000000000142, 0.0
4737, 0.10000000000000142, 0.0
4738, 0.10000000000000142, 0.0
4739, 0.10000000000000142, 0.0
4740, 0.10000000000000142, 0.0
4741, 0.10000000000000142, 0.0
4742, 0.10000000000000142, 0.0
4743, 0.10000000000000142, 0.0
4744, 0.0, 0.0
4745, 0.0, 0.0
4746, 0.0, 0.0
4747, 0.0, 0.0
4748, 0.0, 0.09999999999999787
4749, 0.0, 0.09999999999999787
4750, 0.0, 0.09999999999999787
4751, 0.0, 0.09999999999999787
4752, 0.0, 0.09999999999999787
4753, 0.0, 0.0
4754, 0.0, 0.0
4755, 0.0, 0.0
4756, 0.0, 0.0
4757, 0.0, 0.0
4758, 0.0, 0.0
4759, 0.0, 0.0
4760, 0.0, 0.0
4761, 0.0, 0.0
4762, 0.0, 0.0
4763, 0.0, 0.09999999999999787
4764, 0.0, 0.09999999999999787
4765, 0.0, 0.0
4766, 0.0, 0.0
4767, 0.0, -0.10000000000000142
4768, 0.0, -0.10000000000000142
4769, 0.0, -0.10000000000000142
4770, 0.0, -0.10000000000000142
4771, 0.0, -0.10000000000000142
4772, 0.0, -0.10000000000000142
4773, 0.0, -0.10000000000000142
4774, 0.0, -0.10000000000000142
4775, 0.0, -0.10000000000000142
4776, 0.0, -0.10000000000000142
4777, 0.0, 0.0
4778, 0.0, 0.0
4779, 0.0, 0.0
4780, 0.0, 0.0
4781, 0.0, 0.0
4782, 0.0, 0.0
4783, 0.0, 0.0
4784, 0.0, 0.0
4785, 0.0, 0.0
4786, 0.0, 0.0
4787, 0.0, 0.0
4788, 0.0, 0.0
4789, 0.0, 0.0
4790, 0.0, 0.0
4791, 0.0, 0.0
4792, 0.0, 0.0
4793, 0.0, 0.0
4794, 0.0, 0.0
4795, 0.0, 0.0
4796, 0.0, 0.0
4797, 0.0, 0.0
4798, 0.0, 0.0
4799, 0.0, 0.0
4800, 0.0, 0.0
4801, 0.0, 0.0
4802, 0.0, 0.0
4803, 0.0, 0.0
4804, 0.0, 0.0
4805, 0.0, 0.0
4806, 0.0, 0.0
4807, 0.0, 0.0
4808, 0.0, 0.0
4809, 0.0, 0.0
4810, 0.0, -0.10000000000000142
4811, 0.0, -0.10000000000000142
4812, 0.0, -0.10000000000000142
4813, 0.0, -0.10000000000000142
4814, 0.0, -0.10000000000000142
4815, 0.0, -0.10000000000000142
4816, 0.0, -0.10000000000000142
4817, 0.0, -0.10000000000000142
4818, 0.0, -0.10000000000000142
4819, 0.10000000000000142, -0.10000000000000142
4820, 0.10000000000000142, -0.10000000000000142
4821, 0.10000000000000142, -0.10000000000000142
4822, 0.10000000000000142, -0.10000000000000142
4823, 0.10000000000000142, -0.10000000000000142
4824, 0.10000000000000142, -0.10000000000000142
4825, 0.10000000000000142, -0.10000000000000142
4826, 0.10000000000000142, -0.10000000000000142
4827, 0.10000000000000142, -0.10000000000000142
4828, 0.10000000000000142, -0.10000000000000142
4829, 0.10000000000000142, -0.10000000000000142
4830, 0.10000000000000142, -0.10000000000000142
4831, 0.10000000000000142, -0.10000000000000142
4832, 0.10000000000000142, -0.10000000000000142
4833, 0.10000000000000142, -0.10000000000000142
4834, 0.10000000000000142, -0.10000000000000142
4835, 0.10000000000000142, -0.10000000000000142
4836, 0.10000000000000142, -0.10000000000000142
4837, 0.10000000000000142, -0.10000000000000142
4838, 0.10000000000000142, -0.10000000000000142
4839, 0.10000000000000142, -0.10000000000000142
4840, 0.10000000000000142, -0.10000000000000142
4841, 0.10000000000000142, -0.10000000000000142
4842, 0.10000000000000142, 0.0
4843, 0.10000000000000142, 0.0
4844, 0.10000000000000142, 0.0
4845, 0.10000000000000142, 0.0
4846, 0.10000000000000142, 0.0
4847, 0.10000000000000142, 0.09999999999999787
4848, 0.10000000000000142, 0.09999999999999787
4849, 0.10000000000000142, 0.09999999999999787
4850, 0.10000000000000142, 0.09999999999999787
4851, 0.10000000000000142, 0.09999999999999787
4852, 0.10000000000000142, 0.09999999999999787
4853, 0.10000000000000142, 0.09999999999999787
4854, 0.0, 0.09999999999999787
4855, 0.0, 0.09999999999999787
4856, 0.0, 0.09999999999999787
4857, 0.0, 0.09999999999999787
4858, 0.0, 0.09999999999999787
4859, 0.0, 0.09999999999999787
4860, 0.0, 0.09999999999999787
4861, 0.0, 0.09999999999999787
4862, 0.0, 0.09999999999999787
4863, 0.0, 0.1999999999999993
4864, 0.0, 0.1999999999999993
4865, 0.0, 0.1999999999999993
4866, 0.0, 0.1999999999999993
4867, 0.0, 0.1999999999999993
4868, 0.0, 0.1999999999999993
4869, 0.0, 0.1999999999999993
4870, 0.0, 0.1999999999999993
4871, 0.0, 0.3000000000000007
4872, 0.0, 0.3000000000000007
4873, 0.0, 0.3000000000000007
4874, 0.0, 0.3000000000000007
4875, 0.0, 0.3000000000000007
4876, 0.0, 0.3000000000000007
4877, 0.0, 0.1999999999999993
4878, 0.0, 0.1999999999999993
4879, 0.0, 0.1999999999999993
4880, 0.0, 0.1999999999999993
4881, 0.0, 0.1999999999999993
4882, 0.0, 0.1999999999999993
4883, 0.0, 0.1999999999999993
4884, 0.0, 0.1999999999999993
4885, 0.0, 0.1999999999999993
4886, 0.0, 0.1999999999999993
4887, 0.0, 0.1999999999999993
4888, 0.0, 0.1999999999999993
4889, 0.0, 0.1999999999999993
4890, 0.0, 0.1999999999999993
4891, 0.0, 0.09999999999999787
4892, 0.0, 0.09999999999999787
4893, 0.0, 0.09999999999999787
4894, 0.0, 0.09999999999999787
4895, 0.0, 0.09999999999999787
4896, 0.0, 0.09999999999999787
4897, 0.0, 0.09999999999999787
4898, 0.0, 0.09999999999999787
4899, 0.0, 0.09999999999999787
4900, 0.0, 0.09999999999999787
4901, -0.09999999999999964, 0.09999999999999787
4902, -0.09999999999999964, 0.0
4903, -0.09999999999999964, 0.0
4904, -0.09999999999999964, 0.0
4905, -0.09999999999999964, 0.0
4906, -0.09999999999999964, 0.0
4907, -0.09999999999999964, 0.0
4908, -0.09999999999999964, 0.0
4909, -0.09999999999999964, 0.0
4910, -0.09999999999999964, 0.0
4911, -0.09999999999999964, 0.0
4912, -0.09999999999999964, 0.0
4913, -0.09999999999999964, 0.0
4914, -0.09999999999999964, 0.0
4915, -0.09999999999999964, 0.0
4916, -0.09999999999999964, 0.0
4917, -0.09999999999999964, 0.0
4918, -0.09999999999999964, 0.0
4919, -0.09999999999999964, 0.0
4920, -0.09999999999999964, 0.0
4921, -0.09999999999999964, 0.09999999999999787
4922, -0.09999999999999964, 0.09999999999999787
4923, -0.09999999999999964, 0.09999999999999787
4924, -0.09999999999999964, 0.09999999999999787
4925, -0.09999999999999964, 0.0
4926, -0.09999999999999964, 0.0
4927, -0.09999999999999964, 0.0
4928, -0.09999999999999964, 0.0
4929, -0.09999999999999964, 0.0
4930, -0.09999999999999964, 0.0
4931, -0.09999999999999964, 0.0
4932, -0.09999999999999964, 0.0
4933, -0.09999999999999964, 0.0
4934, -0.09999999999999964, 0.0
4935, -0.09999999999999964, 0.0
4936, -0.09999999999999964, 0.0
4937, -0.09999999999999964, 0.0
4938, -0.09999999999999964, 0.0
4939, -0.09999999999999964, 0.0
4940, -0.09999999999999964, 0.0
4941, -0.09999999999999964, 0.0
4942, -0.09999999999999964, 0.0
4943, -0.09999999999999964, 0.0
4944, -0.09999999999999964, 0.0
4945, -0.09999999999999964, 0.0
4946, -0.09999999999999964, 0.0
4947, -0.09999999999999964, 0.0
4948, -0.09999999999999964, 0.0
4949, -0.09999999999999964, 0.0
4950, -0.1999999999999993, 0.09999999999999787
4951, -0.09999999999999964, 0.09999999999999787
4952, -0.09999999999999964, 0.09999999999999787
4953, -0.09999999999999964, 0.09999999999999787
4954, -0.09999999999999964, 0.09999999999999787
4955, -0.09999999999999964, 0.09999999999999787
4956, -0.09999999999999964, 0.09999999999999787
4957, -0.09999999999999964, 0.09999999999999787
4958, -0.09999999999999964, 0.09999999999999787
4959, -0.09999999999999964, 0.09999999999999787
4960, -0.09999999999999964, 0.09999999999999787
4961, -0.09999999999999964, 0.09999999999999787
4962, -0.09999999999999964, 0.09999999999999787
4963, -0.09999999999999964, 0.09999999999999787
4964, -0.09999999999999964, 0.09999999999999787
4965, -0.09999999999999964, 0.09999999999999787
4966, -0.09999999999999964, 0.09999999999999787
4967, -0.09999999999999964, 0.09999999999999787
4968, -0.09999999999999964, 0.0
4969, -0.09999999999999964, 0.0
4970, -0.09999999999999964, 0.0
4971, -0.09999999999999964, 0.0
4972, 0.0, 0.09999999999999787
4973, 0.0, 0.09999999999999787
4974, 0.0, 0.09999999999999787
4975, 0.0, 0.09999999999999787
4976, 0.0, 0.09999999999999787
4977, 0.0, 0.09999999999999787
4978, 0.0, 0.09999999999999787
4979, 0.0, 0.09999999999999787
4980, 0.0, 0.09999999999999787
4981, 0.10000000000000142, 0.09999999999999787
4982, 0.10000000000000142, -0.10000000000000142
4983, 0.10000000000000142, -0.10000000000000142
4984, 0.10000000000000142, -0.10000000000000142
4985, 0.10000000000000142, -0.10000000000000142
4986, 0.10000000000000142, -0.10000000000000142
4987, 0.10000000000000142, -0.10000000000000142
4988, 0.10000000000000142, -0.10000000000000142
4989, 0.10000000000000142, -0.10000000000000142
4990, 0.10000000000000142, -0.10000000000000142
4991, 0.10000000000000142, -0.10000000000000142
4992, 0.10000000000000142, -0.10000000000000142
4993, 0.10000000000000142, 0.0
4994, 0.10000000000000142, 0.0
4995, 0.10000000000000142, 0.0
4996, 0.10000000000000142, 0.0
4997, 0.10000000000000142, 0.0
4998, 0.10000000000000142, 0.0
4999, 0.10000000000000142, 0.0
5000, 0.10000000000000142, 0.0
5001, 0.10000000000000142, 0.0
5002, 0.10000000000000142, 0.0
5003, 0.10000000000000142, 0.0
5004, 0.20000000000000107, 0.0
5005, 0.20000000000000107, 0.0
5006, 0.10000000000000142, 0.0
5007, 0.10000000000000142, 0.0
5008, 0.10000000000000142, 0.0
5009, 0.10000000000000142, 0.0
5010, 0.10000000000000142, 0.0
5011, 0.10000000000000142, 0.0
5012, 0.10000000000000142, 0.0
5013, 0.10000000000000142, -0.10000000000000142
5014, 0.10000000000000142, -0.10000000000000142
5015, 0.10000000000000142, -0.10000000000000142
5016, 0.10000000000000142, -0.10000000000000142
5017, 0.10000000000000142, -0.10000000000000142
5018, 0.10000000000000142, -0.10000000000000142
5019, 0.10000000000000142, -0.10000000000000142
5020, 0.10000000000000142, -0.10000000000000142
5021, 0.10000000000000142, -0.10000000000000142
5022, 0.10000000000000142, -0.10000000000000142
5023, 0.0, -0.10000000000000142
5024, 0.0, -0.10000000000000142
5025, 0.0, -0.10000000000000142
5026, 0.10000000000000142, -0.10000000000000142
5027, 0.10000000000000142, -0.10000000000000142
5028, 0.10000000000000142, -0.10000000000000142
5029, 0.10000000000000142, -0.10000000000000142
5030, 0.10000000000000142, -0.10000000000000142
5031, 0.10000000000000142, -0.10000000000000142
5032, 0.10000000000000142, -0.10000000000000142
5033, 0.10000000000000142, -0.10000000000000142
5034, 0.10000000000000142, -0.10000000000000142
5035, 0.10000000000000142, -0.10000000000000142
5036, 0.10000000000000142, -0.10000000000000142
5037, 0.10000000000000142, -0.10000000000000142
5038, 0.10000000000000142, -0.10000000000000142
5039, 0.10000000000000142, -0.10000000000000142
5040, 0.10000000000000142, -0.10000000000000142
5041, 0.10000000000000142, -0.10000000000000142
5042, 0.10000000000000142, -0.10000000000000142
5043, 0.10000000000000142, -0.10000000000000142
5044, 0.10000000000000142, -0.10000000000000142
5045, 0.10000000000000142, -0.10000000000000142
5046, 0.10000000000000142, -0.10000000000000142
5047, 0.10000000000000142, 0.0
5048, 0.10000000000000142, 0.0
5049, 0.10000000000000142, 0.0
5050, 0.10000000000000142, 0.0
5051, 0.10000000000000142, 0.0
5052, 0.10000000000000142, 0.0
5053, 0.20000000000000107, 0.0
5054, 0.20000000000000107, 0.0
5055, 0.20000000000000107, 0.0
5056, 0.20000000000000107, 0.0
5057, 0.20000000000000107, 0.0
5058, 0.20000000000000107, 0.0
5059, 0.20000000000000107, 0.0
5060, 0.10000000000000142, 0.09999999999999787
5061, 0.10000000000000142, 0.09999999999999787
5062, 0.10000000000000142, 0.09999999999999787
5063, 0.10000000000000142, 0.0
5064, 0.10000000000000142, 0.0
5065, 0.10000000000000142, 0.0
5066, 0.10000000000000142, 0.0
5067, 0.0, 0.0
5068, 0.0, 0.0
5069, 0.0, -0.10000000000000142
5070, 0.0, -0.10000000000000142
5071, 0.10000000000000142, 0.0
5072, 0.10000000000000142, 0.0
5073, 0.10000000000000142, 0.0
5074, 0.10000000000000142, 0.0
5075, 0.10000000000000142, 0.0
5076, 0.10000000000000142, 0.0
5077, 0.10000000000000142, -0.10000000000000142
5078, 0.10000000000000142, -0.10000000000000142
5079, 0.10000000000000142, -0.10000000000000142
5080, 0.10000000000000142, -0.10000000000000142
5081, 0.10000000000000142, -0.10000000000000142
5082, 0.10000000000000142, -0.10000000000000142
5083, 0.10000000000000142, -0.10000000000000142
5084, 0.10000000000000142, -0.10000000000000142
5085, 0.10000000000000142, -0.10000000000000142
5086, 0.10000000000000142, -0.10000000000000142
5087, 0.10000000000000142, -0.10000000000000142
5088, 0.10000000000000142, -0.10000000000000142
5089, 0.10000000000000142, -0.10000000000000142
5090, 0.10000000000000142, -0.10000000000000142
5091, 0.10000000000000142, -0.10000000000000142
5092, 0.10000000000000142, -0.10000000000000142
5093, 0.0, -0.10000000000000142
5094, 0.0, -0.10000000000000142
5095, 0.0, -0.10000000000000142
5096, 0.0, -0.10000000000000142
5097, 0.0, -0.10000000000000142
5098, 0.0, -0.10000000000000142
5099, 0.0, -0.10000000000000142
5100, 0.0, -0.10000000000000142
5101, 0.0, -0.10000000000000142
5102, 0.0, -0.10000000000000142
5103, 0.0, -0.10000000000000142
5104, 0.0, -0.10000000000000142
5105, 0.0, -0.10000000000000142
5106, 0.0, -0.10000000000000142
5107, 0.0, -0.10000000000000142
5108, 0.0, -0.10000000000000142
5109, 0.0, 0.0
5110, 0.0, 0.0
5111, 0.0, 0.0
5112, 0.0, 0.0
5113, 0.0, 0.0
5114, 0.0, 0.0
5115, 0.0, 0.0
5116, 0.0, 0.0
5117, 0.0, 0.0
5118, 0.0, 0.0
5119, 0.0, 0.0
5120, 0.0, 0.0
5121, 0.0, 0.0
5122, 0.0, 0.0
5123, 0.0, 0.0
5124, 0.0, 0.0
5125, 0.0, 0.09999999999999787
5126, 0.0, 0.09999999999999787
5127, 0.0, 0.09999999999999787
5128, 0.0, 0.09999999999999787
5129, 0.0, 0.09999999999999787
5130, 0.0, 0.1999999999999993
5131, 0.0, 0.1999999999999993
5132, 0.0, 0.1999999999999993
5133, 0.0, 0.1999999999999993
5134, 0.0, 0.1999999999999993
5135, 0.0, 0.1999999999999993
5136, 0.0, 0.1999999999999993
5137, 0.0, 0.1999999999999993
5138, 0.0, 0.09999999999999787
5139, 0.0, 0.09999999999999787
5140, 0.0, 0.09999999999999787
5141, 0.0, 0.09999999999999787
5142, 0.0, 0.09999999999999787
5143, 0.0, 0.09999999999999787
5144, 0.0, 0.09999999999999787
5145, 0.0, 0.09999999999999787
5146, 0.0, 0.09999999999999787
5147, 0.0, 0.0
5148, 0.0, 0.0
5149, 0.0, 0.0
5150, 0.0, 0.0
5151, 0.0, 0.09999999999999787
5152, 0.0, 0.09999999999999787
5153, 0.0, 0.09999999999999787
5154, 0.0, 0.09999999999999787
5155, 0.0, 0.09999999999999787
5156, 0.0, 0.09999999999999787
5157, 0.0, 0.09999999999999787
5158, 0.0, 0.09999999999999787
5159, 0.0, 0.09999999999999787
5160, 0.0, 0.09999999999999787
5161, 0.0, 0.0
5162, 0.0, 0.0
5163, 0.0, 0.0
5164, 0.0, 0.0
5165, 0.0, 0.0
5166, 0.0, 0.0
5167, 0.0, 0.0
5168, 0.0, 0.0
5169, 0.0, 0.0
5170, 0.0, 0.0
5171, 0.0, 0.0
5172, 0.0, 0.0
5173, 0.0, 0.0
5174, 0.0, 0.09999999999999787
5175, 0.0, 0.09999999999999787
5176, 0.0, 0.0
5177, 0.0, 0.0
5178, 0.0, 0.0
5179, 0.0, 0.0
5180, 0.0, 0.0
5181, 0.0, 0.0
5182, 0.0, 0.0
5183, 0.0, 0.0
5184, 0.0, 0.0
5185, 0.0, 0.0
5186, 0.0, 0.0
5187, 0.0, 0.0
5188, 0.0, 0.0
5189, 0.0, 0.0
5190, 0.0, 0.0
5191, 0.0, 0.0
5192, 0.0, 0.0
5193, 0.0, 0.0
5194, 0.0, 0.0
5195, 0.0, 0.0
5196, 0.0, 0.0
5197, 0.0, 0.0
5198, 0.0, 0.0
5199, 0.0, 0.0
5200, 0.0, 0.0
5201, 0.0, 0.0
5202, 0.0, 0.0
5203, 0.0, 0.0
5204, 0.0, 0.09999999999999787
5205, 0.0, 0.09999999999999787
5206, 0.0, 0.09999999999999787
5207, 0.0, 0.09999999999999787
5208, 0.0, 0.09999999999999787
5209, 0.0, 0.09999999999999787
5210, 0.0, 0.09999999999999787
5211, 0.0, 0.09999999999999787
5212, 0.0, 0.0
5213, 0.0, 0.0
5214, 0.0, 0.0
5215, 0.0, 0.0
5216, 0.0, 0.0
5217, 0.0, 0.0
5218, 0.0, 0.0
5219, 0.0, 0.0
5220, 0.0, 0.0
5221, 0.0, 0.0
5222, 0.0, 0.0
5223, 0.0, 0.0
5224, 0.0, -0.10000000000000142
5225, 0.0, -0.10000000000000142
5226, 0.0, -0.10000000000000142
5227, 0.0, -0.10000000000000142
5228, 0.0, -0.10000000000000142
5229, 0.0, -0.10000000000000142
5230, 0.0, -0.10000000000000142
5231, 0.0, -0.10000000000000142
5232, 0.10000000000000142, -0.10000000000000142
5233, 0.10000000000000142, -0.10000000000000142
5234, 0.10000000000000142, -0.10000000000000142
5235, 0.10000000000000142, -0.10000000000000142
5236, 0.10000000000000142, -0.10000000000000142
5237, 0.10000000000000142, -0.10000000000000142
5238, 0.10000000000000142, -0.10000000000000142
5239, 0.10000000000000142, -0.10000000000000142
5240, 0.10000000000000142, -0.10000000000000142
5241, 0.10000000000000142, 0.0
5242, 0.10000000000000142, 0.0
5243, 0.10000000000000142, 0.0
5244, 0.10000000000000142, 0.0
5245, 0.10000000000000142, 0.0
5246, 0.10000000000000142, 0.0
5247, 0.10000000000000142, 0.0
5248, 0.10000000000000142, 0.0
5249, 0.10000000000000142, 0.0
5250, 0.10000000000000142, -0.10000000000000142
5251, 0.10000000000000142, -0.10000000000000142
5252, 0.10000000000000142, -0.10000000000000142
5253, 0.10000000000000142, 0.0
5254, 0.10000000000000142, 0.0
5255, 0.10000000000000142, 0.0
5256, 0.10000000000000142, 0.0
5257, 0.10000000000000142, 0.0
5258, 0.10000000000000142, 0.0
5259, 0.10000000000000142, 0.0
5260, 0.10000000000000142, 0.0
5261, 0.10000000000000142, 0.0
5262, 0.10000000000000142, 0.0
5263, 0.10000000000000142, 0.0
5264, 0.10000000000000142, 0.0
5265, 0.10000000000000142, 0.0
5266, 0.10000000000000142, 0.0
5267, 0.10000000000000142, 0.0
5268, 0.10000000000000142, 0.0
5269, 0.10000000000000142, 0.0
5270, 0.10000000000000142, 0.0
5271, 0.10000000000000142, 0.0
5272, 0.10000000000000142, 0.0
5273, 0.10000000000000142, 0.0
5274, 0.10000000000000142, 0.0
5275, 0.10000000000000142, 0.0
5276, 0.10000000000000142, 0.0
5277, 0.10000000000000142, 0.0
5278, 0.10000000000000142, 0.0
5279, 0.10000000000000142, 0.0
5280, 0.10000000000000142, 0.0
5281, 0.10000000000000142, 0.0
5282, 0.10000000000000142, 0.0
5283, 0.10000000000000142, 0.0
5284, 0.10000000000000142, 0.0
5285, 0.10000000000000142, 0.0
5286, 0.10000000000000142, 0.0
5287, 0.10000000000000142, 0.0
5288, 0.10000000000000142, 0.0
5289, 0.10000000000000142, 0.0
5290, 0.10000000000000142, 0.0
5291, 0.10000000000000142, 0.0
5292, 0.10000000000000142, 0.0
5293, 0.10000000000000142, 0.0
5294, 0.10000000000000142, 0.0
5295, 0.10000000000000142, 0.0
5296, 0.10000000000000142, 0.0
5297, 0.10000000000000142, 0.0
5298, 0.10000000000000142, 0.0
5299, 0.0, 0.0
5300, 0.0, 0.0
5301, 0.0, -0.10000000000000142
5302, 0.0, -0.10000000000000142
5303, 0.0, -0.10000000000000142
5304, 0.0, -0.10000000000000142
5305, 0.0, -0.10000000000000142
5306, 0.0, -0.10000000000000142
5307, 0.0, -0.10000000000000142
5308, 0.0, -0.10000000000000142
5309, 0.0, -0.10000000000000142
5310, 0.0, -0.10000000000000142
5311, 0.0, -0.10000000000000142
5312, 0.0, -0.10000000000000142
5313, 0.0, -0.10000000000000142
5314, 0.0, -0.10000000000000142
5315, 0.0, -0.10000000000000142
5316, 0.0, -0.10000000000000142
5317, 0.0, -0.10000000000000142
5318, 0.0, -0.10000000000000142
5319, 0.0, -0.10000000000000142
5320, 0.0, -0.10000000000000142
5321, 0.0, -0.10000000000000142
5322, 0.0, -0.10000000000000142
5323, 0.0, -0.10000000000000142
5324, 0.0, -0.10000000000000142
5325, 0.0, -0.10000000000000142
5326, 0.0, -0.10000000000000142
5327, 0.0, 0.0
5328, 0.0, 0.0
5329, 0.0, 0.0
5330, 0.0, -0.10000000000000142
5331, 0.0, -0.10000000000000142
5332, 0.0, -0.10000000000000142
5333, 0.0, -0.10000000000000142
5334, 0.0, -0.10000000000000142
5335, 0.0, -0.10000000000000142
5336, 0.0, 0.0
5337, 0.0, 0.0
5338, 0.0, 0.0
5339, 0.0, 0.0
5340, 0.0, 0.0
5341, 0.0, 0.0
5342, 0.0, 0.0
5343, 0.0, 0.0
5344, 0.0, 0.0
5345, 0.0, 0.09999999999999787
5346, 0.0, 0.09999999999999787
5347, 0.0, 0.09999999999999787
5348, 0.0, 0.09999999999999787
5349, 0.0, 0.09999999999999787
5350, 0.0, 0.09999999999999787
5351, 0.0, 0.0
5352, 0.0, 0.0
5353, 0.0, 0.0
5354, 0.0, 0.0
5355, 0.0, 0.0
5356, 0.0, 0.0
5357, 0.0, 0.0
5358, 0.0, 0.0
5359, 0.0, 0.0
5360, 0.0, 0.0
5361, 0.0, 0.0
5362, 0.0, 0.0
5363, 0.0, 0.0
5364, 0.0, 0.0
5365, 0.0, 0.0
5366, 0.0, 0.0
5367, 0.0, 0.0
5368, 0.0, 0.0
5369, 0.0, 0.0
5370, 0.0, 0.0
5371, 0.0, 0.0
5372, 0.0, 0.0
5373, 0.0, 0.0
5374, 0.0, 0.0
5375, 0.0, 0.0
5376, 0.0, 0.0
5377, 0.0, 0.0
5378, 0.0, 0.0
5379, 0.0, 0.0
5380, 0.0, 0.0
5381, 0.0, 0.0
5382, 0.0, -0.10000000000000142
5383, 0.0, -0.10000000000000142
5384, 0.0, -0.10000000000000142
5385, 0.0, -0.10000000000000142
5386, 0.0, -0.10000000000000142
5387, 0.0, -0.10000000000000142
5388, 0.0, -0.10000000000000142
5389, 0.0, -0.10000000000000142
5390, 0.0, -0.10000000000000142
5391, 0.0, -0.10000000000000142
5392, 0.0, -0.10000000000000142
5393, 0.0, -0.10000000000000142
5394, 0.0, -0.10000000000000142
5395, 0.0, -0.10000000000000142
5396, 0.0, -0.10000000000000142
5397, 0.0, -0.10000000000000142
5398, 0.0, -0.10000000000000142
5399, 0.0, -0.10000000000000142
5400, 0.0, -0.10000000000000142
5401, 0.0, -0.10000000000000142
5402, 0.0, -0.10000000000000142
5403, 0.0, -0.10000000000000142
5404, 0.0, -0.10000000000000142
5405, 0.0, -0.10000000000000142
5406, 0.0, -0.10000000000000142
5407, 0.0, -0.10000000000000142
5408, 0.0, -0.10000000000000142
5409, 0.0, 0.0
5410, 0.0, 0.0
5411, 0.0, 0.0
5412, 0.0, 0.0
5413, 0.0, 0.0
5414, 0.0, 0.0
5415, 0.0, 0.0
5416, 0.0, 0.0
5417, 0.0, 0.0
5418, 0.0, 0.0
5419, 0.0, 0.0
5420, 0.0, 0.0
5421, 0.0, 0.0
5422, 0.0, 0.0
5423, 0.0, 0.09999999999999787
5424, 0.0, 0.09999999999999787
5425, 0.0, 0.09999999999999787
5426, 0.0, 0.09999999999999787
5427, 0.0, 0.09999999999999787
5428, 0.0, 0.09999999999999787
5429, 0.0, 0.09999999999999787
5430, 0.0, 0.09999999999999787
5431, 0.0, 0.0
5432, 0.0, 0.0
5433, 0.0, 0.0
5434, 0.0, 0.0
5435, 0.0, 0.0
5436, 0.0, 0.0
5437, 0.0, 0.0
5438, 0.0, 0.0
5439, 0.0, 0.0
5440, 0.0, 0.0
5441, 0.0, 0.0
5442, 0.0, 0.0
5443, 0.0, 0.09999999999999787
5444, 0.0, 0.09999999999999787
5445, 0.0, 0.0
5446, 0.0, 0.0
5447, 0.0, 0.0
5448, 0.0, 0.0
5449, 0.0, 0.0
5450, 0.0, 0.0
5451, 0.0, 0.0
5452, 0.0, 0.0
5453, 0.0, 0.0
5454, 0.0, 0.0
5455, 0.0, 0.0
5456, 0.0, 0.0
5457, 0.0, 0.0
5458, 0.0, 0.0
5459, 0.0, 0.0
5460, 0.0, 0.0
5461, 0.0, 0.0
5462, 0.0, 0.0
5463, 0.0, 0.0
5464, 0.0, 0.0
5465, 0.0, 0.0
5466, 0.0, 0.0
5467, 0.0, 0.0
5468, 0.0, 0.09999999999999787
5469, 0.0, 0.0
5470, 0.0, 0.0
5471, 0.0, 0.0
5472, 0.0, 0.0
5473, 0.0, 0.0
5474, 0.0, -0.10000000000000142
5475, 0.0, -0.10000000000000142
5476, 0.0, -0.10000000000000142
5477, 0.0, -0.10000000000000142
5478, 0.0, -0.10000000000000142
5479, 0.0, -0.10000000000000142
5480, 0.0, -0.10000000000000142
5481, 0.0, -0.10000000000000142
5482, 0.0, -0.10000000000000142
5483, 0.0, 0.0
5484, 0.0, 0.0
5485, 0.0, 0.0
5486, 0.0, 0.0
5487, 0.0, 0.0
5488, 0.0, -0.10000000000000142
5489, 0.0, -0.10000000000000142
5490, 0.0, -0.10000000000000142
5491, 0.0, -0.10000000000000142
5492, 0.0, -0.10000000000000142
5493, 0.0, -0.10000000000000142
5494, 0.0, -0.10000000000000142
5495, 0.0, 0.0
5496, 0.0, 0.0
5497, 0.0, 0.0
5498, 0.0, 0.0
5499, 0.0, 0.0
5500, 0.0, 0.0
5501, 0.0, 0.0
5502, 0.0, 0.0
5503, 0.0, 0.0
5504, -0.09999999999999964, 0.0
5505, -0.09999999999999964, 0.0
5506, -0.09999999999999964, 0.0
5507, -0.09999999999999964, 0.0
5508, -0.09999999999999964, 0.09999999999999787
5509, -0.09999999999999964, 0.09999999999999787
5510, -0.09999999999999964, 0.09999999999999787
5511, -0.09999999999999964, 0.09999999999999787
5512, -0.09999999999999964, 0.09999999999999787
5513, -0.09999999999999964, 0.09999999999999787
5514, -0.09999999999999964, 0.09999999999999787
5515, -0.09999999999999964, 0.09999999999999787
5516, -0.09999999999999964, 0.09999999999999787
5517, 0.0, 0.09999999999999787
5518, 0.10000000000000142, 0.09999999999999787
5519, 0.10000000000000142, 0.09999999999999787
5520, 0.10000000000000142, 0.09999999999999787
5521, 0.10000000000000142, 0.09999999999999787
5522, 0.10000000000000142, 0.09999999999999787
5523, 0.10000000000000142, 0.09999999999999787
5524, 0.10000000000000142, 0.09999999999999787
5525, 0.10000000000000142, 0.09999999999999787
5526, 0.10000000000000142, 0.09999999999999787
5527, 0.10000000000000142, 0.09999999999999787
5528, 0.10000000000000142, 0.09999999999999787
5529, 0.10000000000000142, 0.09999999999999787
5530, 0.10000000000000142, 0.09999999999999787
5531, 0.10000000000000142, 0.0
5532, 0.10000000000000142, 0.0
5533, 0.10000000000000142, 0.0
5534, 0.20000000000000107, 0.0
5535, 0.20000000000000107, 0.0
5536, 0.20000000000000107, 0.0
5537, 0.20000000000000107, 0.0
5538, 0.20000000000000107, 0.0
5539, 0.20000000000000107, 0.09999999999999787
5540, 0.20000000000000107, 0.09999999999999787
5541, 0.20000000000000107, 0.09999999999999787
5542, 0.20000000000000107, 0.09999999999999787
5543, 0.20000000000000107, 0.09999999999999787
5544, 0.20000000000000107, 0.09999999999999787
5545, 0.20000000000000107, 0.09999999999999787
5546, 0.20000000000000107, 0.09999999999999787
5547, 0.20000000000000107, 0.09999999999999787
5548, 0.20000000000000107, 0.09999999999999787
5549, 0.20000000000000107, 0.09999999999999787
5550, 0.10000000000000142, 0.09999999999999787
5551, 0.10000000000000142, 0.09999999999999787
5552, 0.10000000000000142, 0.09999999999999787
5553, 0.10000000000000142, 0.09999999999999787
5554, 0.10000000000000142, 0.09999999999999787
5555, 0.10000000000000142, 0.09999999999999787
5556, 0.10000000000000142, 0.09999999999999787
5557, 0.10000000000000142, 0.09999999999999787
5558, 0.10000000000000142, 0.09999999999999787
5559, 0.10000000000000142, 0.09999999999999787
5560, 0.10000000000000142, 0.09999999999999787
5561, 0.10000000000000142, 0.09999999999999787
5562, 0.10000000000000142, 0.09999999999999787
5563, 0.10000000000000142, 0.09999999999999787
5564, 0.10000000000000142, 0.09999999999999787
5565, 0.10000000000000142, 0.09999999999999787
5566, 0.10000000000000142, 0.09999999999999787
5567, 0.10000000000000142, 0.09999999999999787
5568, 0.10000000000000142, 0.09999999999999787
5569, 0.0, 0.09999999999999787
5570, 0.0, 0.09999999999999787
5571, 0.0, 0.09999999999999787
5572, 0.0, 0.09999999999999787
5573, 0.0, 0.09999999999999787
5574, 0.0, 0.09999999999999787
5575, 0.0, 0.0
5576, 0.0, 0.0
5577, 0.0, 0.0
5578, 0.0, 0.0
5579, 0.0, 0.0
5580, 0.0, 0.0
5581, 0.0, 0.0
5582, 0.0, 0.0
5583, 0.0, 0.0
5584, 0.0, 0.09999999999999787
5585, 0.0, 0.09999999999999787
5586, 0.0, 0.09999999999999787
5587, 0.0, 0.09999999999999787
5588, 0.0, 0.09999999999999787
5589, 0.0, 0.09999999999999787
5590, 0.0, 0.09999999999999787
5591, 0.0, 0.09999999999999787
5592, 0.0, 0.09999999999999787
5593, 0.0, 0.09999999999999787
5594, 0.0, 0.09999999999999787
5595, 0.0, 0.09999999999999787
5596, 0.0, 0.09999999999999787
5597, 0.10000000000000142, 0.09999999999999787
5598, 0.10000000000000142, 0.0
5599, 0.10000000000000142, 0.0
5600, 0.10000000000000142, 0.0
5601, 0.10000000000000142, 0.0
5602, 0.10000000000000142, 0.0
5603, 0.10000000000000142, 0.09999999999999787
5604, 0.10000000000000142, 0.09999999999999787
5605, 0.10000000000000142, 0.09999999999999787
5606, 0.10000000000000142, 0.09999999999999787
5607, 0.10000000000000142, 0.09999999999999787
5608, 0.10000000000000142, 0.09999999999999787
5609, 0.10000000000000142, 0.09999999999999787
5610, 0.10000000000000142, 0.09999999999999787
5611, 0.10000000000000142, 0.09999999999999787
5612, 0.10000000000000142, 0.09999999999999787
5613, 0.10000000000000142, 0.09999999999999787
5614, 0.10000000000000142, 0.09999999999999787
5615, 0.10000000000000142, 0.09999999999999787
5616, 0.10000000000000142, 0.09999999999999787
5617, 0.10000000000000142, 0.09999999999999787
5618, 0.10000000000000142, 0.09999999999999787
5619, 0.10000000000000142, 0.09999999999999787
5620, 0.10000000000000142, 0.09999999999999787
5621, 0.10000000000000142, 0.09999999999999787
5622, 0.10000000000000142, 0.09999999999999787
5623, 0.10000000000000142, 0.0
5624, 0.10000000000000142, 0.0
5625, 0.10000000000000142, 0.0
5626, 0.10000000000000142, 0.0
5627, 0.10000000000000142, 0.0
5628, 0.10000000000000142, 0.0
5629, 0.10000000000000142, 0.0
5630, 0.10000000000000142, 0.0
5631, 0.10000000000000142, 0.0
5632, 0.10000000000000142, 0.0
5633, 0.0, 0.0
5634, 0.0, 0.0
5635, 0.0, 0.0
5636, 0.0, 0.0
5637, 0.0, 0.0
5638, 0.0, 0.0
5639, 0.0, 0.0
5640, 0.0, 0.0
5641, 0.0, 0.0
5642, 0.0, 0.0
5643, 0.0, 0.0
5644, 0.0, 0.0
5645, 0.0, 0.0
5646, 0.0, 0.0
5647, 0.0, 0.0
5648, 0.0, 0.0
5649, 0.0, 0.0
5650, 0.0, 0.0
5651, 0.0, 0.0
5652, 0.0, 0.0
5653, 0.0, 0.0
5654, 0.10000000000000142, 0.0
5655, 0.10000000000000142, 0.0
5656, 0.10000000000000142, 0.0
5657, 0.10000000000000142, 0.0
5658, 0.10000000000000142, 0.0
5659, 0.10000000000000142, 0.0
5660, 0.10000000000000142, 0.0
5661, 0.10000000000000142, 0.0
5662, 0.10000000000000142, 0.0
5663, 0.10000000000000142, 0.0
5664, 0.10000000000000142, 0.0
5665, 0.0, 0.0
5666, 0.0, 0.0
5667, 0.0, 0.0
5668, 0.0, 0.0
5669, 0.0, 0.0
5670, 0.0, 0.0
5671, 0.0, 0.0
5672, 0.0, 0.0
5673, 0.0, 0.0
5674, 0.0, 0.0
5675, 0.0, 0.0
5676, 0.0, 0.0
5677, 0.0, 0.0
5678, 0.0, 0.0
5679, 0.0, 0.0
5680, 0.0, 0.0
5681, 0.0, 0.0
5682, 0.0, 0.0
5683, 0.0, 0.0
5684, 0.0, 0.0
5685, 0.0, 0.0
5686, 0.0, 0.0
5687, 0.0, 0.0
5688, 0.0, 0.0
5689, 0.0, 0.0
5690, 0.0, 0.0
5691, 0.0, 0.0
5692, 0.0, 0.0
5693, 0.0, 0.0
5694, 0.0, 0.09999999999999787
5695, 0.0, 0.09999999999999787
5696, 0.0, 0.09999999999999787
5697, 0.0, 0.09999999999999787
5698, 0.0, 0.09999999999999787
5699, 0.0, 0.09999999999999787
5700, 0.0, 0.09999999999999787
5701, 0.0, 0.09999999999999787
5702, 0.0, 0.09999999999999787
5703, 0.0, 0.09999999999999787
5704, 0.0, 0.09999999999999787
5705, 0.0, 0.09999999999999787
5706, 0.0, 0.09999999999999787
5707, 0.0, 0.0
5708, 0.0, 0.0
5709, 0.0, 0.0
5710, 0.0, 0.0
5711, 0.0, 0.0
5712, 0.0, 0.0
5713, 0.0, 0.0
5714, 0.0, 0.0
5715, 0.0, 0.0
5716, 0.0, 0.0
5717, 0.0, 0.0
5718, 0.0, 0.0
5719, 0.0, 0.0
5720, 0.0, 0.0
5721, 0.0, 0.0
5722, 0.0, 0.0
5723, 0.0, 0.0
5724, 0.0, 0.0
5725, 0.0, 0.09999999999999787
5726, 0.0, 0.09999999999999787
5727, 0.0, 0.09999999999999787
5728, 0.0, 0.0
5729, 0.0, 0.0
5730, 0.0, 0.0
5731, 0.0, 0.0
5732, 0.0, 0.0
5733, 0.0, 0.0
5734, 0.0, 0.0
5735, 0.0, 0.0
5736, 0.0, 0.0
5737, 0.0, 0.0
5738, 0.0, 0.0
5739, 0.0, 0.0
5740, 0.0, 0.0
5741, 0.0, 0.0
5742, 0.0, 0.0
5743, 0.0, 0.0
5744, 0.0, 0.0
5745, 0.0, 0.0
5746, 0.0, 0.09999999999999787
5747, 0.0, 0.09999999999999787
5748, 0.0, 0.09999999999999787
5749, 0.0, 0.09999999999999787
5750, 0.0, 0.09999999999999787
5751, 0.0, 0.09999999999999787
5752, 0.0, 0.09999999999999787
5753, 0.0, 0.09999999999999787
5754, 0.0, 0.09999999999999787
5755, 0.0, 0.09999999999999787
5756, 0.0, 0.09999999999999787
5757, 0.0, 0.09999999999999787
5758, 0.0, 0.09999999999999787
5759, 0.0, 0.09999999999999787
5760, 0.0, 0.09999999999999787
5761, -0.09999999999999964, 0.09999999999999787
5762, -0.09999999999999964, 0.09999999999999787
5763, -0.09999999999999964, 0.09999999999999787
5764, -0.09999999999999964, 0.09999999999999787
5765, -0.09999999999999964, 0.09999999999999787
5766, -0.09999999999999964, 0.1999999999999993
5767, -0.09999999999999964, 0.1999999999999993
5768, -0.1999999999999993, 0.1999999999999993
5769, -0.1999999999999993, 0.1999999999999993
5770, -0.1999999999999993, 0.1999999999999993
5771, -0.1999999999999993, 0.1999999999999993
5772, -0.1999999999999993, 0.1999999999999993
5773, -0.1999999999999993, 0.1999999999999993
5774, -0.1999999999999993, 0.1999999999999993
5775, -0.1999999999999993, 0.1999999999999993
5776, -0.1999999999999993, 0.1999999999999993
5777, -0.1999999999999993, 0.1999999999999993
5778, -0.1999999999999993, 0.1999999999999993
5779, -0.1999999999999993, 0.1999999999999993
5780, -0.1999999999999993, 0.1999999999999993
5781, -0.1999999999999993, 0.09999999999999787
5782, -0.1999999999999993, 0.09999999999999787
5783, -0.09999999999999964, 0.09999999999999787
5784, -0.09999999999999964, 0.09999999999999787
5785, -0.09999999999999964, 0.09999999999999787
5786, -0.09999999999999964, 0.09999999999999787
5787, -0.09999999999999964, 0.09999999999999787
5788, 0.0, 0.09999999999999787
5789, 0.0, 0.09999999999999787
5790, 0.0, 0.09999999999999787
5791, 0.0, 0.09999999999999787
5792, 0.0, 0.09999999999999787
5793, 0.0, 0.09999999999999787
5794, 0.0, 0.09999999999999787
5795, 0.0, 0.09999999999999787
5796, 0.0, 0.09999999999999787
5797, 0.0, 0.09999999999999787
5798, 0.0, 0.09999999999999787
5799, 0.0, 0.09999999999999787
5800, 0.0, 0.09999999999999787
5801, 0.0, 0.09999999999999787
5802, 0.0, 0.09999999999999787
5803, 0.0, 0.09999999999999787
5804, 0.0, 0.09999999999999787
5805, 0.0, 0.09999999999999787
5806, 0.0, 0.0
5807, 0.0, 0.0
5808, 0.0, 0.0
5809, 0.0, 0.0
5810, 0.0, 0.0
5811, 0.0, 0.0
5812, 0.0, 0.0
5813, 0.0, 0.0
5814, 0.0, 0.0
5815, 0.0, 0.0
5816, 0.0, 0.0
5817, 0.0, 0.0
5818, 0.0, 0.0
5819, 0.0, 0.0
5820, 0.0, -0.10000000000000142
5821, 0.0, -0.10000000000000142
5822, 0.0, -0.10000000000000142
5823, 0.0, -0.10000000000000142
5824, 0.0, -0.10000000000000142
5825, 0.0, -0.10000000000000142
5826, 0.0, -0.10000000000000142
5827, 0.0, -0.10000000000000142
5828, 0.0, -0.10000000000000142
5829, 0.0, -0.10000000000000142
5830, 0.0, -0.10000000000000142
5831, 0.0, -0.10000000000000142
5832, 0.0, -0.10000000000000142
5833, 0.0, -0.10000000000000142
5834, 0.0, -0.10000000000000142
5835, 0.0, -0.10000000000000142
5836, 0.0, -0.10000000000000142
5837, 0.0, 0.0
5838, 0.0, 0.0
5839, 0.0, 0.0
5840, 0.0, 0.0
5841, 0.0, 0.0
5842, 0.0, 0.0
5843, 0.0, 0.0
5844, 0.0, 0.0
5845, 0.0, 0.0
5846, 0.0, 0.0
5847, 0.0, -0.10000000000000142
5848, 0.0, -0.10000000000000142
5849, 0.0, -0.10000000000000142
5850, 0.0, -0.10000000000000142
5851, 0.0, -0.10000000000000142
5852, 0.0, -0.10000000000000142
5853, 0.0, -0.10000000000000142
5854, 0.0, -0.10000000000000142
5855, 0.0, -0.10000000000000142
5856, 0.0, -0.10000000000000142
5857, 0.0, -0.10000000000000142
5858, 0.0, -0.10000000000000142
5859, 0.0, -0.10000000000000142
5860, 0.0, -0.10000000000000142
5861, 0.0, -0.10000000000000142
5862, -0.09999999999999964, -0.10000000000000142
5863, -0.09999999999999964, -0.10000000000000142
5864, -0.09999999999999964, -0.10000000000000142
5865, -0.09999999999999964, -0.10000000000000142
5866, -0.09999999999999964, -0.10000000000000142
5867, -0.09999999999999964, -0.10000000000000142
5868, -0.09999999999999964, -0.10000000000000142
5869, 0.0, -0.10000000000000142
5870, 0.0, -0.10000000000000142
5871, 0.0, -0.10000000000000142
5872, 0.0, -0.10000000000000142
5873, 0.0, -0.10000000000000142
5874, 0.0, 0.0
5875, 0.0, 0.0
5876, 0.0, 0.0
5877, 0.0, 0.0
5878, 0.0, 0.0
5879, 0.0, 0.0
5880, 0.0, 0.0
5881, 0.0, 0.0
5882, 0.0, 0.0
5883, 0.0, 0.0
5884, 0.0, 0.0
5885, 0.0, 0.0
5886, 0.0, 0.0
5887, 0.0, 0.0
5888, 0.0, 0.0
5889, 0.0, 0.0
5890, 0.0, 0.0
5891, 0.0, 0.0
5892, 0.0, 0.0
5893, 0.0, 0.0
5894, 0.0, 0.0
5895, 0.0, 0.09999999999999787
5896, 0.0, 0.09999999999999787
5897, 0.0, 0.09999999999999787
5898, 0.0, 0.09999999999999787
5899, 0.0, 0.09999999999999787
5900, 0.0, 0.09999999999999787
5901, 0.0, 0.09999999999999787
5902, 0.0, 0.09999999999999787
5903, 0.0, 0.09999999999999787
5904, 0.0, 0.09999999999999787
5905, 0.0, 0.09999999999999787
5906, 0.0, 0.09999999999999787
5907, 0.0, 0.0
5908, 0.0, 0.0
5909, 0.0, 0.0
5910, 0.10000000000000142, 0.0
5911, 0.10000000000000142, 0.0
5912, 0.10000000000000142, 0.0
5913, 0.10000000000000142, 0.0
5914, 0.10000000000000142, 0.0
5915, 0.10000000000000142, 0.0
5916, 0.10000000000000142, 0.0
5917, 0.10000000000000142, 0.0
5918, 0.10000000000000142, 0.0
5919, 0.10000000000000142, 0.0
5920, 0.10000000000000142, 0.0
5921, 0.10000000000000142, 0.0
5922, 0.10000000000000142, 0.0
5923, 0.10000000000000142, 0.0
5924, 0.10000000000000142, 0.0
5925, 0.10000000000000142, 0.0
5926, 0.10000000000000142, 0.0
5927, 0.10000000000000142, 0.0
5928, 0.0, 0.09999999999999787
5929, 0.0, 0.09999999999999787
5930, 0.0, 0.09999999999999787
5931, 0.0, 0.09999999999999787
5932, 0.0, 0.09999999999999787
5933, 0.0, 0.09999999999999787
5934, 0.0, 0.09999999999999787
5935, 0.0, 0.09999999999999787
5936, 0.0, 0.09999999999999787
5937, 0.0, 0.09999999999999787
5938, 0.0, 0.09999999999999787
5939, 0.0, 0.09999999999999787
5940, 0.0, 0.1999999999999993
5941, 0.0, 0.1999999999999993
5942, 0.0, 0.1999999999999993
5943, 0.0, 0.1999999999999993
5944, 0.0, 0.1999999999999993
5945, 0.10000000000000142, 0.1999999999999993
5946, 0.10000000000000142, 0.09999999999999787
5947, 0.10000000000000142, 0.09999999999999787
5948, 0.10000000000000142, 0.09999999999999787
5949, 0.10000000000000142, 0.09999999999999787
5950, 0.10000000000000142, 0.09999999999999787
5951, 0.10000000000000142, 0.09999999999999787
5952, 0.10000000000000142, 0.09999999999999787
5953, 0.10000000000000142, 0.09999999999999787
5954, 0.10000000000000142, 0.09999999999999787
5955, 0.10000000000000142, 0.09999999999999787
5956, 0.10000000000000142, 0.09999999999999787
5957, 0.10000000000000142, 0.09999999999999787
5958, 0.10000000000000142, 0.09999999999999787
5959, 0.10000000000000142, 0.09999999999999787
5960, 0.0, 0.09999999999999787
5961, 0.0, 0.09999999999999787
5962, 0.0, 0.09999999999999787
5963, 0.0, 0.09999999999999787
5964, 0.0, 0.09999999999999787
5965, 0.0, 0.09999999999999787
5966, 0.0, 0.09999999999999787
5967, 0.0, 0.09999999999999787
5968, 0.0, 0.09999999999999787
5969, 0.0, 0.09999999999999787
5970, 0.0, 0.09999999999999787
5971, 0.0, 0.09999999999999787
5972, 0.0, 0.09999999999999787
5973, 0.0, 0.09999999999999787
5974, 0.0, 0.09999999999999787
5975, 0.0, 0.09999999999999787
5976, 0.0, 0.0
5977, 0.0, 0.0
5978, 0.0, 0.0
5979, 0.0, 0.0
5980, 0.0, 0.09999999999999787
5981, 0.0, 0.09999999999999787
5982, 0.0, 0.09999999999999787
5983, 0.0, 0.09999999999999787
5984, 0.0, 0.09999999999999787
5985, 0.0, 0.09999999999999787
5986, 0.0, 0.09999999999999787
5987, 0.0, 0.09999999999999787
5988, 0.0, 0.09999999999999787
5989, 0.0, 0.0
5990, 0.0, 0.09999999999999787
5991, 0.0, 0.09999999999999787
5992, 0.0, 0.09999999999999787
5993, 0.0, 0.09999999999999787
5994, -0.09999999999999964, 0.09999999999999787
5995, -0.09999999999999964, 0.09999999999999787
5996, -0.09999999999999964, 0.09999999999999787
5997, -0.09999999999999964, 0.09999999999999787
5998, -0.09999999999999964, 0.09999999999999787
5999, -0.09999999999999964, 0.09999999999999787
6000, -0.09999999999999964, 0.09999999999999787
6001, -0.09999999999999964, 0.09999999999999787
6002, -0.09999999999999964, 0.09999999999999787
6003, 0.0, 0.09999999999999787
6004, 0.0, 0.09999999999999787
6005, 0.0, 0.09999999999999787
6006, -0.09999999999999964, 0.09999999999999787
6007, -0.09999999999999964, 0.09999999999999787
6008, -0.09999999999999964, 0.09999999999999787
6009, -0.09999999999999964, 0.09999999999999787
6010, -0.09999999999999964, 0.09999999999999787
6011, -0.09999999999999964, 0.09999999999999787
6012, -0.09999999999999964, 0.09999999999999787
6013, 0.0, 0.09999999999999787
6014, 0.0, 0.1999999999999993
6015, 0.0, 0.1999999999999993
6016, 0.0, 0.1999999999999993
6017, 0.0, 0.1999999999999993
6018, 0.0, 0.1999999999999993
6019, 0.0, 0.1999999999999993
6020, 0.0, 0.1999999999999993
6021, 0.0, 0.1999999999999993
6022, 0.0, 0.1999999999999993
6023, 0.0, 0.1999999999999993
6024, 0.0, 0.1999999999999993
6025, 0.0, 0.1999999999999993
6026, 0.0, 0.1999999999999993
6027, 0.0, 0.1999999999999993
6028, 0.0, 0.1999999999999993
6029, 0.0, 0.1999999999999993
6030, 0.0, 0.09999999999999787
6031, 0.0, 0.09999999999999787
6032, 0.10000000000000142, 0.09999999999999787
6033, 0.10000000000000142, 0.09999999999999787
6034, 0.10000000000000142, 0.09999999999999787
6035, 0.10000000000000142, 0.09999999999999787
6036, 0.10000000000000142, 0.09999999999999787
6037, 0.10000000000000142, 0.0
6038, 0.10000000000000142, 0.0
6039, 0.10000000000000142, 0.0
6040, 0.10000000000000142, 0.0
6041, 0.10000000000000142, 0.0
6042, 0.10000000000000142, 0.0
6043, 0.10000000000000142, 0.0
6044, 0.10000000000000142, 0.0
6045, 0.10000000000000142, 0.09999999999999787
6046, 0.10000000000000142, 0.09999999999999787
6047, 0.10000000000000142, 0.09999999999999787
6048, 0.10000000000000142, 0.0
6049, 0.10000000000000142, 0.0
6050, 0.0, 0.0
6051, 0.0, 0.0
6052, 0.0, 0.0
6053, 0.0, 0.0
6054, 0.0, 0.0
6055, 0.0, 0.0
6056, 0.0, 0.0
6057, 0.0, 0.0
6058, 0.0, 0.0
6059, 0.0, 0.0
6060, 0.0, 0.0
6061, 0.0, 0.0
6062, 0.0, 0.0
6063, 0.0, 0.0
6064, 0.0, 0.0
6065, 0.0, 0.0
6066, 0.0, 0.0
6067, 0.0, 0.0
6068, 0.0, 0.0
6069, 0.0, 0.0
6070, 0.0, 0.0
6071, 0.0, 0.0
6072, 0.0, 0.0
6073, 0.0, 0.0
6074, 0.0, 0.0
6075, 0.0, 0.0
6076, 0.0, 0.0
6077, 0.0, 0.0
6078, 0.10000000000000142, 0.0
6079, 0.10000000000000142, 0.0
6080, 0.10000000000000142, 0.0
6081, 0.10000000000000142, 0.0
6082, 0.10000000000000142, 0.0
6083, 0.10000000000000142, 0.0
6084, 0.10000000000000142, 0.0
6085, 0.10000000000000142, 0.0
6086, 0.10000000000000142, 0.0
6087, 0.10000000000000142, 0.0
6088, 0.10000000000000142, 0.0
6089, 0.10000000000000142, 0.0
6090, 0.20000000000000107, 0.0
6091, 0.20000000000000107, 0.0
6092, 0.20000000000000107, 0.0
6093, 0.20000000000000107, 0.0
6094, 0.20000000000000107, 0.0
6095, 0.20000000000000107, 0.09999999999999787
6096, 0.20000000000000107, 0.0
6097, 0.20000000000000107, 0.0
6098, 0.20000000000000107, 0.0
6099, 0.20000000000000107, 0.0
6100, 0.20000000000000107, 0.0
6101, 0.20000000000000107, 0.0
6102, 0.20000000000000107, 0.09999999999999787
6103, 0.20000000000000107, 0.0
6104, 0.20000000000000107, 0.0
6105, 0.20000000000000107, 0.0
6106, 0.20000000000000107, 0.0
6107, 0.20000000000000107, 0.0
6108, 0.20000000000000107, 0.0
6109, 0.20000000000000107, 0.0
6110, 0.20000000000000107, 0.0
6111, 0.10000000000000142, 0.0
6112, 0.10000000000000142, 0.0
6113, 0.0, 0.0
6114, 0.0, 0.0
6115, 0.0, 0.0
6116, 0.0, 0.0
6117, 0.0, 0.0
6118, 0.0, 0.0
6119, 0.0, 0.0
6120, 0.0, 0.0
6121, 0.0, 0.0
6122, 0.0, 0.0
6123, 0.0, 0.0
6124, 0.0, 0.0
6125, 0.0, 0.0
6126, 0.0, 0.0
6127, 0.0, 0.09999999999999787
6128, 0.0, 0.09999999999999787
6129, 0.0, 0.09999999999999787
6130, 0.0, 0.09999999999999787
6131, 0.0, 0.09999999999999787
6132, 0.0, 0.09999999999999787
6133, 0.0, 0.09999999999999787
6134, 0.0, 0.09999999999999787
6135, 0.0, 0.09999999999999787
6136, 0.0, 0.09999999999999787
6137, 0.0, 0.09999999999999787
6138, 0.0, 0.09999999999999787
6139, 0.0, 0.09999999999999787
6140, 0.0, 0.09999999999999787
6141, 0.0, 0.09999999999999787
6142, 0.0, 0.09999999999999787
6143, 0.0, 0.09999999999999787
6144, 0.0, 0.09999999999999787
6145, 0.0, 0.09999999999999787
6146, 0.0, 0.0
6147, 0.0, 0.0
6148, 0.0, 0.0
6149, 0.0, 0.0
6150, 0.0, 0.0
6151, 0.0, 0.0
6152, 0.0, 0.0
6153, 0.0, 0.0
6154, 0.0, 0.0
6155, 0.0, 0.0
6156, 0.0, 0.0
6157, 0.0, 0.1999999999999993
6158, 0.0, 0.09999999999999787
6159, 0.0, 0.09999999999999787
6160, 0.0, 0.09999999999999787
6161, 0.0, 0.09999999999999787
6162, 0.0, 0.09999999999999787
6163, 0.0, 0.09999999999999787
6164, 0.0, 0.09999999999999787
6165, 0.0, 0.09999999999999787
6166, 0.0, 0.09999999999999787
6167, 0.0, 0.09999999999999787
6168, 0.0, 0.09999999999999787
6169, 0.0, 0.09999999999999787
6170, 0.0, 0.09999999999999787
6171, 0.0, 0.0
6172, 0.0, 0.0
6173, 0.0, 0.0
6174, 0.0, 0.0
6175, 0.0, 0.0
6176, 0.0, 0.0
6177, 0.0, 0.0
6178, 0.0, 0.0
6179, 0.0, 0.0
6180, 0.0, 0.0
6181, 0.0, 0.0
6182, 0.0, 0.0
6183, 0.0, 0.0
6184, 0.0, 0.0
6185, 0.0, 0.0
6186, 0.0, 0.0
6187, 0.0, 0.0
6188, 0.0, 0.0
6189, 0.0, 0.0
6190, 0.0, 0.0
6191, 0.0, 0.0
6192, 0.0, -0.10000000000000142
6193, 0.0, -0.10000000000000142
6194, 0.0, -0.10000000000000142
6195, 0.0, -0.10000000000000142
6196, 0.0, 0.0
6197, 0.0, 0.0
6198, 0.0, 0.0
6199, 0.0, 0.0
6200, 0.0, 0.0
6201, 0.0, 0.0
6202, 0.0, 0.0
6203, 0.0, 0.0
6204, 0.0, 0.0
6205, 0.0, 0.0
6206, 0.0, 0.0
6207, 0.0, 0.0
6208, 0.0, 0.0
6209, 0.0, 0.0
6210, 0.10000000000000142, 0.0
6211, 0.10000000000000142, 0.0
6212, 0.10000000000000142, 0.0
6213, 0.10000000000000142, 0.0
6214, 0.10000000000000142, 0.0
6215, 0.10000000000000142, 0.0
6216, 0.10000000000000142, 0.09999999999999787
6217, 0.10000000000000142, 0.09999999999999787
6218, 0.10000000000000142, 0.09999999999999787
6219, 0.10000000000000142, 0.09999999999999787
6220, 0.10000000000000142, 0.09999999999999787
6221, 0.10000000000000142, 0.09999999999999787
6222, 0.10000000000000142, 0.09999999999999787
6223, 0.10000000000000142, 0.09999999999999787
6224, 0.0, 0.09999999999999787
6225, 0.0, 0.09999999999999787
6226, 0.0, 0.09999999999999787
6227, 0.0, 0.09999999999999787
6228, 0.0, 0.09999999999999787
6229, 0.0, 0.09999999999999787
6230, 0.0, 0.09999999999999787
6231, 0.0, 0.09999999999999787
6232, 0.0, 0.09999999999999787
6233, 0.0, 0.09999999999999787
6234, 0.0, 0.09999999999999787
6235, 0.0, 0.09999999999999787
6236, 0.0, 0.09999999999999787
6237, 0.0, 0.09999999999999787
6238, 0.0, 0.09999999999999787
6239, 0.0, 0.09999999999999787
6240, 0.0, 0.09999999999999787
6241, 0.0, 0.09999999999999787
6242, 0.0, 0.09999999999999787
6243, 0.0, 0.09999999999999787
6244, 0.0, 0.09999999999999787
6245, 0.0, 0.1999999999999993
6246, 0.0, 0.1999999999999993
6247, 0.0, 0.1999999999999993
6248, 0.0, 0.1999999999999993
6249, -0.09999999999999964, 0.1999999999999993
6250, -0.09999999999999964, 0.1999999999999993
6251, -0.09999999999999964, 0.1999999999999993
6252, -0.09999999999999964, 0.1999999999999993
6253, -0.09999999999999964, 0.1999999999999993
6254, -0.09999999999999964, 0.1999999999999993
6255, -0.09999999999999964, 0.1999999999999993
6256, -0.09999999999999964, 0.09999999999999787
6257, -0.09999999999999964, 0.09999999999999787
6258, -0.09999999999999964, 0.09999999999999787
6259, -0.09999999999999964, 0.09999999999999787
6260, -0.09999999999999964, 0.09999999999999787
6261, -0.09999999999999964, 0.09999999999999787
6262, -0.09999999999999964, 0.09999999999999787
6263, -0.09999999999999964, 0.09999999999999787
6264, -0.09999999999999964, 0.09999999999999787
6265, -0.09999999999999964, 0.09999999999999787
6266, -0.09999999999999964, 0.09999999999999787
6267, 0.0, 0.09999999999999787
6268, 0.0, 0.09999999999999787
6269, 0.0, 0.09999999999999787
6270, 0.0, 0.09999999999999787
6271, 0.0, 0.09999999999999787
6272, 0.0, 0.09999999999999787
6273, 0.0, 0.09999999999999787
6274, 0.0, 0.0
6275, 0.0, 0.0
6276, 0.0, 0.0
6277, 0.0, 0.0
6278, 0.0, 0.0
6279, 0.0, 0.0
6280, 0.0, 0.0
6281, 0.0, 0.0
6282, 0.0, 0.0
6283, 0.0, 0.0
6284, 0.0, 0.0
6285, 0.0, 0.0
6286, 0.0, 0.0
6287, 0.0, 0.0
6288, 0.0, 0.0
6289, 0.0, 0.0
6290, 0.10000000000000142, 0.0
6291, 0.10000000000000142, 0.0
6292, 0.10000000000000142, 0.0
6293, 0.10000000000000142, 0.0
6294, 0.10000000000000142, 0.0
6295, 0.10000000000000142, 0.0
6296, 0.10000000000000142, 0.0
6297, 0.10000000000000142, 0.0
6298, 0.10000000000000142, 0.0
6299, 0.10000000000000142, 0.0
6300, 0.10000000000000142, 0.0
6301, 0.10000000000000142, 0.0
6302, 0.10000000000000142, 0.0
6303, 0.10000000000000142, 0.09999999999999787
6304, 0.10000000000000142, 0.09999999999999787
6305, 0.10000000000000142, 0.09999999999999787
6306, 0.10000000000000142, 0.09999999999999787
6307, 0.10000000000000142, 0.09999999999999787
6308, 0.10000000000000142, 0.09999999999999787
6309, 0.10000000000000142, 0.09999999999999787
6310, 0.10000000000000142, 0.0
6311, 0.10000000000000142, 0.0
6312, 0.10000000000000142, 0.0
6313, 0.0, 0.0
6314, 0.0, 0.0
6315, 0.0, 0.0
6316, 0.0, 0.0
6317, 0.0, 0.0
6318, 0.0, 0.09999999999999787
6319, 0.0, 0.09999999999999787
6320, 0.0, 0.09999999999999787
6321, 0.0, 0.09999999999999787
6322, 0.0, 0.09999999999999787
6323, 0.0, 0.09999999999999787
6324, 0.0, 0.09999999999999787
6325, 0.0, 0.09999999999999787
6326, 0.0, 0.09999999999999787
6327, 0.0, 0.09999999999999787
6328, 0.0, 0.0
6329, 0.0, 0.0
6330, 0.0, 0.0
6331, 0.0, 0.0
6332, 0.0, 0.0
6333, 0.0, 0.0
6334, 0.0, 0.0
6335, 0.0, 0.0
6336, 0.0, 0.0
6337, 0.0, 0.0
6338, 0.0, 0.0
6339, 0.0, 0.0
6340, 0.0, 0.0
6341, 0.0, 0.0
6342, 0.0, 0.0
6343, 0.0, -0.10000000000000142
6344, 0.0, -0.10000000000000142
6345, 0.0, -0.10000000000000142
6346, 0.0, -0.10000000000000142
6347, 0.0, -0.10000000000000142
6348, 0.0, -0.10000000000000142
6349, 0.0, -0.10000000000000142
6350, 0.0, -0.10000000000000142
6351, 0.0, -0.10000000000000142
6352, 0.0, -0.10000000000000142
6353, 0.10000000000000142, -0.10000000000000142
6354, 0.10000000000000142, -0.10000000000000142
6355, 0.10000000000000142, -0.10000000000000142
6356, 0.10000000000000142, 0.0
6357, 0.10000000000000142, 0.0
6358, 0.10000000000000142, 0.0
6359, 0.10000000000000142, 0.0
6360, 0.10000000000000142, 0.0
6361, 0.10000000000000142, 0.0
6362, 0.10000000000000142, 0.0
6363, 0.10000000000000142, 0.0
6364, 0.10000000000000142, 0.0
6365, 0.10000000000000142, 0.0
6366, 0.10000000000000142, 0.0
6367, 0.10000000000000142, 0.0
6368, 0.10000000000000142, 0.0
6369, 0.10000000000000142, 0.0
6370, 0.10000000000000142, 0.0
6371, 0.0, 0.0
6372, 0.0, 0.0
6373, 0.0, 0.0
6374, 0.0, 0.0
6375, 0.0, 0.0
6376, 0.0, 0.0
6377, 0.0, 0.0
6378, 0.0, 0.0
6379, 0.0, 0.0
6380, 0.0, 0.0
6381, 0.0, 0.0
6382, 0.0, 0.0
6383, 0.0, 0.09999999999999787
6384, 0.0, 0.09999999999999787
6385, 0.0, 0.09999999999999787
6386, 0.0, 0.09999999999999787
6387, 0.0, 0.09999999999999787
6388, 0.0, 0.09999999999999787
6389, 0.0, 0.09999999999999787
6390, 0.0, 0.09999999999999787
6391, 0.0, 0.09999999999999787
6392, 0.0, 0.09999999999999787
6393, 0.0, 0.09999999999999787
6394, 0.0, 0.09999999999999787
6395, 0.0, 0.09999999999999787
6396, 0.0, 0.09999999999999787
6397, 0.0, 0.09999999999999787
6398, 0.0, 0.09999999999999787
6399, 0.0, 0.09999999999999787
6400, 0.0, 0.09999999999999787
6401, 0.0, 0.09999999999999787
6402, 0.0, 0.09999999999999787
6403, 0.0, 0.09999999999999787
6404, 0.0, 0.09999999999999787
6405, 0.0, 0.09999999999999787
6406, 0.0, 0.09999999999999787
6407, 0.0, 0.09999999999999787
6408, 0.0, 0.09999999999999787
6409, 0.0, 0.09999999999999787
6410, 0.0, 0.09999999999999787
6411, 0.0, 0.09999999999999787
6412, 0.0, 0.09999999999999787
6413, 0.0, 0.09999999999999787
6414, 0.0, 0.09999999999999787
6415, 0.0, 0.09999999999999787
6416, 0.0, 0.09999999999999787
6417, 0.0, 0.09999999999999787
6418, 0.0, 0.09999999999999787
6419, 0.0, 0.09999999999999787
6420, 0.0, 0.09999999999999787
6421, 0.0, 0.09999999999999787
6422, 0.0, 0.09999999999999787
6423, 0.0, 0.09999999999999787
6424, 0.0, 0.09999999999999787
6425, 0.0, 0.0
6426, 0.0, 0.0
6427, 0.0, 0.0
6428, -0.09999999999999964, 0.0
6429, -0.09999999999999964, 0.0
6430, -0.09999999999999964, 0.0
6431, -0.09999999999999964, 0.0
6432, -0.09999999999999964, 0.0
6433, -0.09999999999999964, 0.0
6434, -0.09999999999999964, 0.0
6435, 0.0, 0.0
6436, 0.0, 0.0
6437, 0.0, 0.0
6438, 0.0, 0.0
6439, 0.0, 0.0
6440, 0.0, 0.0
6441, 0.0, 0.0
6442, 0.0, 0.0
6443, 0.0, 0.0
6444, 0.0, 0.0
6445, 0.0, 0.0
6446, -0.09999999999999964, 0.0
6447, -0.09999999999999964, 0.0
6448, -0.09999999999999964, 0.0
6449, -0.09999999999999964, 0.0
6450, -0.09999999999999964, -0.10000000000000142
6451, -0.09999999999999964, -0.10000000000000142
6452, -0.09999999999999964, -0.10000000000000142
6453, -0.09999999999999964, -0.10000000000000142
6454, -0.09999999999999964, -0.10000000000000142
6455, 0.0, -0.10000000000000142
6456, 0.0, -0.10000000000000142
6457, 0.0, -0.10000000000000142
6458, 0.0, -0.10000000000000142
6459, 0.0, -0.10000000000000142
6460, 0.0, -0.10000000000000142
6461, 0.0, -0.10000000000000142
6462, 0.0, 0.0
6463, 0.0, 0.0
6464, 0.0, 0.0
6465, 0.0, 0.0
6466, 0.0, 0.0
6467, 0.0, 0.0
6468, 0.0, 0.0
6469, 0.0, 0.0
6470, 0.0, 0.0
6471, 0.0, 0.0
6472, 0.0, 0.0
6473, 0.0, 0.0
6474, 0.0, 0.0
6475, 0.0, 0.0
6476, 0.0, 0.0
6477, 0.0, 0.0
6478, 0.0, 0.0
6479, 0.0, 0.0
6480, 0.10000000000000142, 0.0
6481, 0.10000000000000142, 0.0
6482, 0.10000000000000142, 0.0
6483, 0.10000000000000142, 0.0
6484, 0.10000000000000142, 0.0
6485, 0.10000000000000142, 0.0
6486, 0.10000000000000142, 0.0
6487, 0.10000000000000142, 0.0
6488, 0.10000000000000142, 0.0
6489, 0.10000000000000142, 0.0
6490, 0.10000000000000142, 0.0
6491, 0.10000000000000142, -0.10000000000000142
6492, 0.10000000000000142, -0.10000000000000142
6493, 0.10000000000000142, -0.10000000000000142
6494, 0.10000000000000142, -0.10000000000000142
6495, 0.10000000000000142, -0.10000000000000142
6496, 0.10000000000000142, -0.10000000000000142
6497, 0.10000000000000142, -0.10000000000000142
6498, 0.10000000000000142, -0.10000000000000142
6499, 0.10000000000000142, -0.10000000000000142
6500, 0.10000000000000142, 0.0
6501, 0.10000000000000142, 0.0
6502, 0.10000000000000142, 0.0
6503, 0.0, 0.0
6504, 0.0, 0.0
6505, 0.0, 0.0
6506, 0.0, 0.0
6507, 0.0, 0.0
6508, 0.0, 0.0
6509, 0.0, 0.0
6510, 0.0, 0.0
6511, 0.0, 0.0
6512, 0.0, 0.0
6513, 0.0, 0.0
6514, 0.0, 0.0
6515, 0.0, 0.0
6516, 0.0, 0.0
6517, 0.0, 0.0
6518, 0.0, 0.0
6519, 0.0, 0.0
6520, 0.0, 0.09999999999999787
6521, 0.0, 0.09999999999999787
6522, 0.0, 0.09999999999999787
6523, 0.0, 0.09999999999999787
6524, 0.0, 0.09999999999999787
6525, 0.0, 0.09999999999999787
6526, 0.0, 0.09999999999999787
6527, 0.0, 0.09999999999999787
6528, 0.0, 0.09999999999999787
6529, 0.0, 0.09999999999999787
6530, 0.0, 0.09999999999999787
6531, 0.0, 0.09999999999999787
6532, 0.0, 0.1999999999999993
6533, 0.10000000000000142, 0.1999999999999993
6534, 0.10000000000000142, 0.1999999999999993
6535, 0.10000000000000142, 0.1999999999999993
6536, 0.10000000000000142, 0.1999999999999993
6537, 0.10000000000000142, 0.1999999999999993
6538, 0.10000000000000142, 0.09999999999999787
6539, 0.10000000000000142, 0.09999999999999787
6540, 0.10000000000000142, 0.09999999999999787
6541, 0.10000000000000142, 0.09999999999999787
6542, 0.10000000000000142, 0.09999999999999787
6543, 0.10000000000000142, 0.09999999999999787
6544, 0.10000000000000142, 0.09999999999999787
6545, 0.10000000000000142, 0.09999999999999787
6546, 0.10000000000000142, 0.09999999999999787
6547, 0.10000000000000142, 0.09999999999999787
6548, 0.10000000000000142, 0.09999999999999787
6549, 0.10000000000000142, 0.09999999999999787
6550, 0.10000000000000142, 0.09999999999999787
6551, 0.10000000000000142, 0.0
6552, 0.10000000000000142, 0.0
6553, 0.10000000000000142, 0.0
6554, 0.10000000000000142, 0.0
6555, 0.10000000000000142, 0.09999999999999787
6556, 0.10000000000000142, 0.09999999999999787
6557, 0.10000000000000142, 0.09999999999999787
6558, 0.10000000000000142, 0.09999999999999787
6559, 0.10000000000000142, 0.0
6560, 0.10000000000000142, 0.0
6561, 0.10000000000000142, 0.0
6562, 0.10000000000000142, 0.0
6563, 0.10000000000000142, 0.0
6564, 0.10000000000000142, 0.0
6565, 0.10000000000000142, 0.0
6566, 0.10000000000000142, 0.0
6567, 0.10000000000000142, 0.0
6568, 0.0, 0.0
6569, 0.0, 0.0
6570, 0.0, 0.0
6571, 0.0, 0.0
6572, 0.0, 0.0
6573, 0.0, 0.0
6574, 0.0, 0.0
6575, 0.0, 0.0
6576, 0.0, 0.0
6577, 0.0, 0.0
6578, 0.0, 0.0
6579, 0.0, 0.0
6580, 0.0, 0.09999999999999787
6581, 0.0, 0.09999999999999787
6582, 0.0, 0.09999999999999787
6583, 0.0, 0.09999999999999787
6584, 0.0, 0.09999999999999787
6585, 0.0, 0.09999999999999787
6586, 0.0, 0.0
6587, 0.0, 0.0
6588, -0.09999999999999964, 0.0
6589, -0.09999999999999964, 0.0
6590, -0.09999999999999964, 0.0
6591, -0.09999999999999964, 0.0
6592, -0.09999999999999964, 0.0
6593, -0.09999999999999964, 0.0
6594, -0.09999999999999964, 0.0
6595, -0.09999999999999964, 0.0
6596, -0.09999999999999964, 0.0
6597, -0.09999999999999964, 0.0
6598, -0.09999999999999964, 0.0
6599, -0.09999999999999964, 0.0
6600, 0.0, 0.09999999999999787
6601, 0.0, 0.09999999999999787
6602, 0.0, 0.09999999999999787
6603, 0.10000000000000142, 0.09999999999999787
6604, 0.10000000000000142, 0.09999999999999787
6605, 0.10000000000000142, 0.09999999999999787
6606, 0.10000000000000142, 0.09999999999999787
6607, 0.10000000000000142, 0.0
6608, 0.10000000000000142, 0.0
6609, 0.10000000000000142, 0.0
6610, 0.10000000000000142, 0.0
6611, 0.10000000000000142, 0.0
6612, 0.10000000000000142, 0.0
6613, 0.10000000000000142, 0.0
6614, 0.10000000000000142, 0.0
6615, 0.10000000000000142, 0.0
6616, 0.10000000000000142, 0.0
6617, 0.10000000000000142, 0.0
6618, 0.10000000000000142, 0.0
6619, 0.10000000000000142, 0.0
6620, 0.10000000000000142, 0.0
6621, 0.10000000000000142, -0.10000000000000142
6622, 0.10000000000000142, -0.10000000000000142
6623, 0.10000000000000142, -0.10000000000000142
6624, 0.10000000000000142, -0.10000000000000142
6625, 0.10000000000000142, -0.10000000000000142
6626, 0.10000000000000142, -0.10000000000000142
6627, 0.10000000000000142, -0.10000000000000142
6628, 0.10000000000000142, -0.10000000000000142
6629, 0.10000000000000142, -0.10000000000000142
6630, 0.0, -0.10000000000000142
6631, 0.0, -0.10000000000000142
6632, 0.0, -0.10000000000000142
6633, 0.0, -0.10000000000000142
6634, 0.0, -0.10000000000000142
6635, 0.0, -0.10000000000000142
6636, 0.0, -0.10000000000000142
6637, 0.0, -0.10000000000000142
6638, 0.0, -0.10000000000000142
6639, 0.0, -0.10000000000000142
6640, 0.0, -0.10000000000000142
6641, 0.0, -0.10000000000000142
6642, 0.0, -0.10000000000000142
6643, 0.0, -0.10000000000000142
6644, 0.0, -0.10000000000000142
6645, 0.0, -0.10000000000000142
6646, 0.0, -0.10000000000000142
6647, 0.0, 0.0
6648, 0.0, 0.0
6649, 0.0, 0.0
6650, 0.0, 0.0
6651, 0.0, 0.0
6652, 0.0, 0.0
6653, 0.0, 0.0
6654, 0.0, 0.0
6655, 0.0, 0.0
6656, 0.0, 0.0
6657, 0.0, 0.0
6658, 0.0, 0.0
6659, 0.0, 0.0
6660, 0.0, 0.0
6661, 0.0, 0.0
6662, 0.0, 0.0
6663, 0.0, 0.0
6664, 0.0, 0.0
6665, 0.0, 0.0
6666, 0.0, 0.0
6667, 0.0, 0.0
6668, 0.0, 0.0
6669, 0.0, 0.0
6670, 0.0, 0.0
6671, 0.0, 0.0
6672, 0.0, 0.0
6673, 0.0, 0.0
6674, 0.0, 0.0
6675, 0.0, 0.0
6676, 0.0, 0.0
6677, 0.0, 0.0
6678, 0.0, 0.0
6679, 0.0, 0.0
6680, 0.0, 0.0
6681, 0.0, 0.0
6682, 0.0, 0.0
6683, 0.0, 0.0
6684, 0.0, 0.0
6685, 0.0, 0.0
6686, 0.0, 0.0
6687, 0.0, 0.0
6688, 0.0, 0.0
6689, 0.0, 0.0
6690, 0.0, 0.0
6691, 0.0, 0.0
6692, 0.0, 0.0
6693, 0.0, 0.0
6694, 0.0, 0.0
6695, 0.0, 0.0
6696, 0.0, 0.0
6697, 0.0, 0.0
6698, 0.0, 0.0
6699, 0.0, 0.0
6700, 0.0, 0.0
6701, 0.0, 0.0
6702, 0.0, 0.0
6703, 0.0, 0.09999999999999787
6704, 0.0, 0.09999999999999787
6705, 0.0, 0.09999999999999787
6706, 0.0, 0.09999999999999787
6707, 0.0, 0.09999999999999787
6708, 0.0, 0.0
6709, 0.0, 0.0
6710, 0.0, 0.0
6711, 0.0, 0.0
6712, 0.0, 0.0
6713, 0.0, 0.0
6714, 0.0, 0.0
6715, 0.0, 0.0
6716, 0.0, 0.0
6717, 0.0, 0.0
6718, 0.0, 0.0
6719, 0.0, 0.0
6720, 0.0, 0.0
6721, 0.0, 0.0
6722, 0.0, 0.0
6723, 0.0, 0.0
6724, 0.0, 0.0
6725, 0.0, 0.0
6726, 0.0, 0.0
6727, 0.0, 0.0
6728, 0.0, 0.0
6729, 0.0, 0.0
6730, 0.0, 0.0
6731, 0.0, 0.0
6732, 0.0, 0.0
6733, 0.0, 0.0
6734, 0.0, 0.0
6735, 0.0, 0.0
6736, 0.0, 0.0
6737, 0.0, 0.0
6738, 0.0, 0.0
6739, 0.0, 0.0
6740, 0.0, 0.0
6741, 0.0, 0.0
6742, 0.0, 0.0
6743, 0.0, 0.0
6744, 0.0, 0.0
6745, 0.0, 0.0
6746, 0.0, 0.0
6747, 0.0, 0.0
6748, 0.0, 0.0
6749, 0.0, 0.09999999999999787
6750, 0.0, 0.09999999999999787
6751, 0.0, 0.09999999999999787
6752, 0.0, 0.09999999999999787
6753, 0.0, 0.0
6754, 0.0, 0.0
6755, 0.0, 0.0
6756, 0.0, 0.0
6757, 0.0, 0.0
6758, 0.0, 0.0
6759, 0.0, 0.0
6760, 0.0, 0.0
6761, 0.0, 0.0
6762, 0.0, 0.0
6763, 0.0, 0.0
6764, 0.0, 0.09999999999999787
6765, 0.0, 0.09999999999999787
6766, 0.0, 0.09999999999999787
6767, 0.0, 0.09999999999999787
6768, 0.0, 0.09999999999999787
6769, 0.0, 0.09999999999999787
6770, 0.0, 0.09999999999999787
6771, 0.0, 0.09999999999999787
6772, 0.0, 0.09999999999999787
6773, 0.0, 0.09999999999999787
6774, 0.0, 0.09999999999999787
6775, 0.0, 0.0
6776, 0.0, 0.0
6777, 0.0, 0.0
6778, 0.0, 0.0
6779, 0.0, 0.0
6780, 0.0, 0.0
6781, 0.0, 0.0
6782, 0.0, 0.0
6783, 0.0, 0.0
6784, 0.0, 0.0
6785, 0.0, 0.0
6786, 0.0, 0.0
6787, 0.0, 0.0
6788, 0.0, 0.0
6789, 0.0, 0.0
6790, 0.0, 0.0
6791, 0.0, 0.0
6792, 0.0, 0.0
6793, 0.0, 0.0
6794, 0.0, 0.0
6795, 0.0, 0.0
6796, 0.0, 0.0
6797, 0.0, 0.0
6798, 0.0, 0.0
6799, 0.0, 0.0
6800, 0.0, 0.0
6801, 0.0, 0.0
6802, 0.0, 0.0
6803, 0.0, 0.0
6804, 0.0, 0.0
6805, 0.0, 0.0
6806, 0.0, 0.0
6807, 0.0, 0.0
6808, 0.0, 0.0
6809, 0.0, 0.0
6810, 0.0, 0.0
6811, 0.0, 0.0
6812, 0.0, 0.0
6813, 0.0, 0.0
6814, 0.0, 0.09999999999999787
6815, 0.0, 0.09999999999999787
6816, 0.0, 0.09999999999999787
6817, 0.0, 0.09999999999999787
6818, 0.0, 0.09999999999999787
6819, 0.0, 0.09999999999999787
6820, 0.0, 0.09999999999999787
6821, 0.0, 0.0
6822, 0.0, 0.0
6823, 0.0, 0.0
6824, 0.0, 0.0
6825, 0.10000000000000142, 0.0
6826, 0.10000000000000142, 0.0
6827, 0.10000000000000142, -0.10000000000000142
6828, 0.10000000000000142, -0.10000000000000142
6829, 0.10000000000000142, -0.10000000000000142
6830, 0.10000000000000142, -0.10000000000000142
6831, 0.10000000000000142, -0.10000000000000142
6832, 0.10000000000000142, -0.10000000000000142
6833, 0.10000000000000142, -0.10000000000000142
6834, 0.10000000000000142, -0.10000000000000142
6835, 0.10000000000000142, -0.10000000000000142
6836, 0.10000000000000142, -0.10000000000000142
6837, 0.10000000000000142, -0.10000000000000142
6838, 0.10000000000000142, -0.10000000000000142
6839, 0.10000000000000142, -0.10000000000000142
6840, 0.10000000000000142, -0.10000000000000142
6841, 0.10000000000000142, -0.10000000000000142
6842, 0.10000000000000142, -0.10000000000000142
6843, 0.10000000000000142, -0.10000000000000142
6844, 0.10000000000000142, -0.10000000000000142
6845, 0.10000000000000142, -0.10000000000000142
6846, 0.10000000000000142, -0.10000000000000142
6847, 0.10000000000000142, -0.10000000000000142
6848, 0.10000000000000142, -0.10000000000000142
6849, 0.10000000000000142, -0.10000000000000142
6850, 0.10000000000000142, -0.10000000000000142
6851, 0.10000000000000142, -0.10000000000000142
6852, 0.10000000000000142, -0.10000000000000142
6853, 0.10000000000000142, -0.10000000000000142
6854, 0.10000000000000142, -0.10000000000000142
6855, 0.10000000000000142, -0.10000000000000142
6856, 0.0, -0.10000000000000142
6857, 0.0, -0.10000000000000142
6858, 0.0, -0.10000000000000142
6859, 0.0, -0.10000000000000142
6860, 0.0, -0.10000000000000142
6861, 0.0, 0.0
6862, 0.0, 0.0
6863, 0.0, 0.0
6864, 0.0, 0.0
6865, 0.0, 0.0
6866, 0.0, 0.0
6867, 0.0, 0.0
6868, 0.0, 0.09999999999999787
6869, 0.0, 0.09999999999999787
6870, 0.0, 0.0
6871, 0.0, 0.0
6872, 0.0, 0.0
6873, 0.0, 0.0
6874, 0.0, 0.0
6875, 0.0, 0.0
6876, 0.0, 0.0
6877, 0.0, 0.0
6878, 0.0, -0.10000000000000142
6879, 0.0, -0.10000000000000142
6880, 0.0, -0.10000000000000142
6881, 0.0, 0.0
6882, 0.0, 0.0
6883, 0.0, -0.10000000000000142
6884, 0.0, -0.10000000000000142
6885, 0.0, -0.10000000000000142
6886, 0.0, -0.10000000000000142
6887, 0.0, -0.10000000000000142
6888, 0.0, -0.10000000000000142
6889, 0.0, -0.10000000000000142
6890, 0.0, -0.10000000000000142
6891, 0.0, -0.10000000000000142
6892, 0.0, -0.10000000000000142
6893, 0.0, -0.10000000000000142
6894, 0.0, -0.10000000000000142
6895, 0.0, 0.0
6896, 0.0, 0.0
6897, 0.0, 0.0
6898, 0.0, 0.0
6899, 0.0, 0.0
6900, 0.0, 0.0
6901, 0.0, 0.0
6902, 0.0, 0.0
6903, 0.0, 0.0
6904, 0.0, 0.0
6905, 0.0, 0.0
6906, 0.0, 0.0
6907, 0.0, 0.0
6908, 0.0, 0.09999999999999787
6909, 0.0, 0.09999999999999787
6910, 0.0, 0.09999999999999787
6911, 0.0, 0.09999999999999787
6912, 0.0, 0.09999999999999787
6913, 0.0, 0.09999999999999787
6914, 0.0, 0.09999999999999787
6915, 0.0, 0.09999999999999787
6916, 0.0, 0.09999999999999787
6917, 0.0, 0.09999999999999787
6918, 0.0, 0.09999999999999787
6919, 0.0, 0.09999999999999787
6920, 0.0, 0.09999999999999787
6921, 0.0, 0.09999999999999787
6922, 0.0, 0.09999999999999787
6923, 0.0, 0.09999999999999787
6924, 0.0, 0.09999999999999787
6925, 0.0, 0.09999999999999787
6926, 0.0, 0.09999999999999787
6927, 0.0, 0.09999999999999787
6928, 0.0, 0.09999999999999787
6929, 0.0, 0.09999999999999787
6930, 0.0, 0.0
6931, 0.0, 0.0
6932, 0.0, 0.0
6933, 0.0, 0.0
6934, 0.0, 0.0
6935, 0.0, 0.0
6936, 0.0, 0.0
6937, 0.0, 0.0
6938, 0.0, 0.0
6939, 0.0, 0.0
6940, 0.0, 0.0
6941, 0.0, 0.0
6942, 0.0, 0.09999999999999787
6943, 0.0, 0.09999999999999787
6944, 0.0, 0.09999999999999787
6945, 0.0, 0.09999999999999787
6946, 0.0, 0.09999999999999787
6947, 0.0, 0.09999999999999787
6948, 0.0, 0.0
6949, 0.0, 0.0
6950, 0.0, 0.0
6951, 0.0, 0.0
6952, 0.0, 0.0
6953, 0.0, 0.0
6954, 0.0, 0.0
6955, 0.0, 0.0
6956, 0.0, 0.0
6957, 0.0, 0.0
6958, 0.0, 0.0
6959, 0.0, 0.0
6960, 0.0, 0.0
6961, 0.0, 0.0
6962, 0.0, 0.0
6963, 0.0, 0.0
6964, 0.0, 0.0
6965, 0.0, 0.0
6966, 0.0, 0.0
6967, 0.0, 0.0
6968, 0.0, 0.0
6969, 0.0, 0.0
6970, 0.0, 0.0
6971, 0.0, 0.0
6972, 0.0, 0.0
6973, 0.0, 0.0
6974, 0.0, 0.0
6975, 0.0, 0.0
6976, 0.0, -0.10000000000000142
6977, 0.0, -0.10000000000000142
6978, 0.0, -0.10000000000000142
6979, 0.0, -0.10000000000000142
6980, 0.0, -0.10000000000000142
6981, 0.0, -0.10000000000000142
6982, 0.0, 0.0
6983, 0.0, 0.0
6984, 0.0, -0.10000000000000142
6985, 0.0, -0.10000000000000142
6986, 0.0, -0.10000000000000142
6987, 0.0, -0.10000000000000142
6988, 0.0, -0.10000000000000142
6989, 0.0, -0.10000000000000142
6990, 0.0, -0.10000000000000142
6991, 0.0, -0.10000000000000142
6992, 0.0, -0.10000000000000142
6993, 0.0, -0.10000000000000142
6994, 0.0, 0.0
6995, 0.0, 0.0
6996, 0.0, 0.0
6997, 0.0, 0.0
6998, 0.0, 0.0
6999, 0.0, 0.0
7000, 0.0, 0.0
7001, 0.0, 0.0
7002, 0.0, 0.0
7003, 0.0, 0.0
7004, 0.0, 0.0
7005, 0.0, 0.0
7006, 0.0, 0.0
7007, 0.0, 0.0
7008, 0.0, 0.0
7009, 0.0, 0.0
7010, 0.0, 0.0
7011, 0.0, 0.0
7012, 0.0, 0.0
7013, 0.0, 0.0
7014, 0.0, 0.0
7015, 0.0, 0.0
7016, 0.0, 0.0
7017, 0.0, 0.0
7018, 0.0, 0.0
7019, 0.0, 0.0
7020, 0.0, 0.0
7021, 0.0, 0.0
7022, 0.0, 0.0
7023, 0.0, 0.0
7024, 0.0, 0.0
7025, 0.0, 0.0
7026, 0.0, 0.0
7027, 0.0, 0.0
7028, 0.0, 0.0
7029, 0.0, 0.0
7030, 0.0, 0.0
7031, 0.10000000000000142, 0.0
7032, 0.10000000000000142, 0.0
7033, 0.10000000000000142, 0.0
7034, 0.10000000000000142, 0.0
7035, 0.10000000000000142, 0.0
7036, 0.10000000000000142, 0.0
7037, 0.10000000000000142, 0.0
7038, 0.10000000000000142, 0.0
7039, 0.10000000000000142, 0.0
7040, 0.10000000000000142, 0.09999999999999787
7041, 0.10000000000000142, 0.09999999999999787
7042, 0.10000000000000142, 0.09999999999999787
7043, 0.10000000000000142, 0.09999999999999787
7044, 0.10000000000000142, 0.09999999999999787
7045, 0.10000000000000142, 0.09999999999999787
7046, 0.10000000000000142, 0.09999999999999787
7047, 0.10000000000000142, 0.09999999999999787
7048, 0.10000000000000142, 0.09999999999999787
7049, 0.10000000000000142, 0.0
7050, 0.10000000000000142, 0.0
7051, 0.0, 0.0
7052, 0.0, 0.0
7053, 0.0, 0.0
7054, 0.0, 0.0
7055, 0.0, 0.0
7056, 0.0, 0.0
7057, 0.0, 0.0
7058, 0.0, 0.0
7059, 0.0, 0.0
7060, 0.0, 0.0
7061, 0.10000000000000142, 0.0
7062, 0.10000000000000142, 0.0
7063, 0.10000000000000142, 0.0
7064, 0.0, 0.0
7065, 0.0, -0.10000000000000142
7066, 0.0, -0.10000000000000142
7067, 0.0, -0.10000000000000142
7068, 0.0, -0.10000000000000142
7069, 0.0, -0.10000000000000142
7070, 0.0, -0.10000000000000142
7071, 0.0, -0.10000000000000142
7072, 0.0, -0.10000000000000142
7073, 0.0, -0.10000000000000142
7074, 0.0, -0.10000000000000142
7075, 0.0, -0.10000000000000142
7076, 0.0, 0.0
7077, 0.0, 0.0
7078, 0.0, 0.0
7079, 0.0, 0.0
7080, 0.0, 0.0
7081, 0.0, 0.0
7082, 0.0, 0.0
7083, 0.0, 0.0
7084, 0.0, 0.0
7085, 0.0, 0.0
7086, 0.0, 0.0
7087, 0.0, 0.0
7088, 0.0, 0.0
7089, 0.0, 0.0
7090, 0.0, 0.0
7091, 0.0, 0.0
7092, 0.0, 0.0
7093, 0.0, 0.0
7094, 0.0, 0.0
7095, 0.0, -0.10000000000000142
7096, 0.0, -0.10000000000000142
7097, 0.0, -0.10000000000000142
7098, 0.0, -0.10000000000000142
7099, 0.0, -0.10000000000000142
7100, 0.0, -0.10000000000000142
7101, 0.0, -0.10000000000000142
7102, 0.0, -0.10000000000000142
7103, 0.0, -0.10000000000000142
7104, 0.0, 0.0
7105, 0.0, 0.0
7106, 0.0, 0.0
7107, 0.0, 0.0
7108, 0.0, 0.0
7109, 0.0, 0.0
7110, 0.0, 0.0
7111, 0.0, 0.0
7112, 0.0, 0.0
7113, 0.0, 0.0
7114, 0.0, 0.0
7115, 0.0, 0.0
7116, 0.0, -0.10000000000000142
7117, 0.0, -0.10000000000000142
7118, 0.0, -0.10000000000000142
7119, 0.0, -0.10000000000000142
7120, 0.0, -0.10000000000000142
7121, 0.0, -0.10000000000000142
7122, 0.0, -0.10000000000000142
7123, 0.0, -0.10000000000000142
7124, 0.0, -0.10000000000000142
7125, 0.0, -0.10000000000000142
7126, 0.0, -0.10000000000000142
7127, 0.0, -0.10000000000000142
7128, 0.0, -0.10000000000000142
7129, 0.0, -0.10000000000000142
7130, 0.10000000000000142, -0.10000000000000142
7131, 0.10000000000000142, -0.10000000000000142
7132, 0.10000000000000142, -0.10000000000000142
7133, 0.10000000000000142, -0.10000000000000142
7134, 0.10000000000000142, -0.10000000000000142
7135, 0.10000000000000142, -0.10000000000000142
7136, 0.10000000000000142, -0.10000000000000142
7137, 0.10000000000000142, -0.10000000000000142
7138, 0.10000000000000142, -0.10000000000000142
7139, 0.10000000000000142, -0.10000000000000142
7140, 0.10000000000000142, 0.0
7141, 0.10000000000000142, -0.10000000000000142
7142, 0.10000000000000142, -0.10000000000000142
7143, 0.10000000000000142, -0.10000000000000142
7144, 0.10000000000000142, -0.10000000000000142
7145, 0.10000000000000142, -0.10000000000000142
7146, 0.10000000000000142, -0.10000000000000142
7147, 0.0, -0.10000000000000142
7148, 0.0, -0.10000000000000142
7149, 0.0, -0.10000000000000142
7150, 0.0, -0.10000000000000142
7151, 0.0, -0.10000000000000142
7152, 0.0, -0.10000000000000142
7153, 0.0, 0.0
7154, 0.0, 0.0
7155, 0.0, 0.0
7156, 0.0, 0.0
7157, 0.0, 0.0
7158, 0.0, -0.10000000000000142
7159, 0.0, -0.10000000000000142
7160, 0.0, -0.10000000000000142
7161, 0.0, -0.10000000000000142
7162, 0.0, -0.10000000000000142
7163, 0.0, -0.10000000000000142
7164, 0.0, -0.10000000000000142
7165, 0.0, -0.10000000000000142
7166, 0.0, -0.10000000000000142
7167, 0.0, -0.10000000000000142
7168, 0.0, -0.10000000000000142
7169, 0.0, -0.10000000000000142
7170, 0.10000000000000142, -0.10000000000000142
7171, 0.10000000000000142, -0.10000000000000142
7172, 0.10000000000000142, -0.10000000000000142
7173, 0.10000000000000142, -0.10000000000000142
7174, 0.10000000000000142, -0.10000000000000142
7175, 0.10000000000000142, -0.10000000000000142
7176, 0.10000000000000142, 0.0
7177, 0.10000000000000142, 0.0
7178, 0.10000000000000142, 0.0
7179, 0.10000000000000142, 0.0
7180, 0.10000000000000142, 0.0
7181, 0.10000000000000142, 0.0
7182, 0.10000000000000142, 0.0
7183, 0.10000000000000142, 0.0
7184, 0.10000000000000142, 0.0
7185, 0.10000000000000142, 0.0
7186, 0.10000000000000142, 0.0
7187, 0.10000000000000142, 0.0
7188, 0.0, 0.0
7189, 0.0, 0.0
7190, 0.0, 0.0
7191, 0.0, 0.0
7192, 0.0, 0.0
7193, 0.0, 0.0
7194, 0.0, 0.0
7195, 0.0, 0.0
7196, 0.0, 0.0
7197, 0.0, 0.0
7198, 0.0, 0.0
7199, 0.0, 0.0
7200, 0.0, -0.10000000000000142
7201, 0.0, -0.10000000000000142
7202, 0.0, -0.10000000000000142
7203, 0.0, -0.10000000000000142
7204, 0.0, -0.10000000000000142
7205, 0.0, -0.10000000000000142
7206, 0.0, -0.10000000000000142
7207, 0.0, -0.10000000000000142
7208, 0.0, -0.10000000000000142
7209, 0.0, -0.10000000000000142
7210, 0.0, -0.10000000000000142
7211, 0.0, -0.10000000000000142
7212, 0.0, -0.10000000000000142
7213, 0.0, -0.10000000000000142
7214, 0.0, -0.10000000000000142
7215, 0.0, -0.10000000000000142
7216, 0.0, -0.10000000000000142
7217, 0.0, -0.10000000000000142
7218, 0.0, -0.10000000000000142
7219, 0.0, -0.10000000000000142
7220, 0.0, -0.10000000000000142
7221, 0.0, -0.10000000000000142
7222, 0.0, -0.10000000000000142
7223, 0.0, -0.10000000000000142
7224, 0.0, -0.10000000000000142
7225, 0.0, -0.10000000000000142
7226, 0.0, -0.10000000000000142
7227, 0.0, 0.0
7228, 0.0, 0.0
7229, 0.0, 0.0
7230, 0.0, 0.09999999999999787
7231, 0.0, 0.09999999999999787
7232, 0.0, 0.09999999999999787
7233, 0.0, 0.09999999999999787
7234, 0.0, 0.09999999999999787
7235, 0.0, 0.09999999999999787
7236, 0.0, 0.09999999999999787
7237, 0.0, 0.09999999999999787
7238, 0.0, 0.09999999999999787
7239, 0.0, 0.09999999999999787
7240, 0.0, 0.09999999999999787
7241, 0.0, 0.09999999999999787
7242, 0.0, 0.09999999999999787
7243, 0.0, 0.09999999999999787
7244, 0.0, 0.09999999999999787
7245, 0.0, 0.09999999999999787
7246, 0.0, 0.09999999999999787
7247, 0.0, 0.09999999999999787
7248, 0.0, 0.09999999999999787
7249, 0.0, 0.09999999999999787
7250, 0.0, 0.09999999999999787
7251, 0.0, 0.09999999999999787
7252, 0.0, 0.09999999999999787
7253, 0.0, 0.09999999999999787
7254, 0.0, 0.09999999999999787
7255, 0.0, 0.09999999999999787
7256, 0.0, 0.09999999999999787
7257, 0.0, 0.09999999999999787
7258, 0.0, 0.09999999999999787
7259, 0.0, 0.09999999999999787
7260, 0.0, 0.09999999999999787
7261, 0.0, 0.09999999999999787
7262, 0.0, 0.09999999999999787
7263, 0.0, 0.1999999999999993
7264, 0.0, 0.1999999999999993
7265, 0.0, 0.1999999999999993
7266, 0.0, 0.09999999999999787
7267, 0.0, 0.09999999999999787
7268, 0.0, 0.09999999999999787
7269, 0.0, 0.09999999999999787
7270, 0.0, 0.09999999999999787
7271, 0.0, 0.09999999999999787
7272, 0.0, 0.09999999999999787
7273, 0.0, 0.09999999999999787
7274, 0.0, 0.09999999999999787
7275, 0.0, 0.09999999999999787
7276, 0.0, 0.09999999999999787
7277, 0.0, 0.0
7278, 0.0, 0.0
7279, 0.0, 0.0
7280, 0.0, 0.0
7281, 0.0, 0.0
7282, 0.0, 0.0
7283, 0.0, 0.0
7284, 0.0, 0.0
7285, 0.0, 0.0
7286, 0.0, 0.0
7287, 0.0, 0.0
7288, 0.0, 0.0
7289, 0.0, 0.0
7290, 0.0, 0.0
7291, 0.0, 0.0
7292, 0.0, 0.0
7293, 0.0, 0.0
7294, 0.0, 0.0
7295, 0.0, 0.0
7296, 0.0, 0.0
7297, 0.0, 0.0
7298, 0.0, 0.0
7299, 0.0, 0.0
7300, 0.0, 0.0
7301, 0.0, 0.0
7302, 0.0, 0.0
7303, 0.0, 0.0
7304, 0.0, 0.0
7305, 0.0, 0.0
7306, 0.0, 0.0
7307, 0.0, 0.09999999999999787
7308, 0.0, 0.09999999999999787
7309, 0.0, 0.09999999999999787
7310, 0.0, 0.09999999999999787
7311, 0.0, 0.09999999999999787
7312, 0.0, 0.09999999999999787
7313, 0.0, 0.09999999999999787
7314, 0.0, 0.09999999999999787
7315, 0.0, 0.09999999999999787
7316, 0.0, 0.09999999999999787
7317, 0.0, 0.09999999999999787
7318, 0.0, 0.09999999999999787
7319, 0.0, 0.09999999999999787
7320, 0.0, 0.09999999999999787
7321, 0.0, 0.09999999999999787
7322, 0.0, 0.0
7323, 0.0, 0.0
7324, 0.0, 0.0
7325, 0.0, 0.0
7326, 0.0, 0.0
7327, 0.0, 0.0
7328, 0.0, 0.0
7329, 0.0, 0.0
7330, 0.0, 0.0
7331, 0.0, 0.0
7332, 0.10000000000000142, 0.0
7333, 0.10000000000000142, 0.0
7334, 0.10000000000000142, 0.0
7335, 0.10000000000000142, 0.0
7336, 0.10000000000000142, 0.0
7337, 0.10000000000000142, 0.0
7338, 0.10000000000000142, 0.0
7339, 0.10000000000000142, 0.0
7340, 0.10000000000000142, 0.0
7341, 0.10000000000000142, 0.0
7342, 0.10000000000000142, 0.0
7343, 0.10000000000000142, 0.0
7344, 0.10000000000000142, -0.10000000000000142
7345, 0.10000000000000142, -0.10000000000000142
7346, 0.10000000000000142, -0.10000000000000142
7347, 0.10000000000000142, -0.10000000000000142
7348, 0.10000000000000142, -0.10000000000000142
7349, 0.10000000000000142, -0.10000000000000142
7350, 0.10000000000000142, -0.10000000000000142
7351, 0.10000000000000142, -0.10000000000000142
7352, 0.10000000000000142, -0.10000000000000142
7353, 0.10000000000000142, -0.10000000000000142
7354, 0.10000000000000142, -0.10000000000000142
7355, 0.10000000000000142, -0.10000000000000142
7356, 0.10000000000000142, -0.10000000000000142
7357, 0.10000000000000142, -0.10000000000000142
7358, 0.10000000000000142, -0.10000000000000142
7359, 0.10000000000000142, -0.10000000000000142
7360, 0.10000000000000142, -0.10000000000000142
7361, 0.10000000000000142, -0.10000000000000142
7362, 0.10000000000000142, -0.10000000000000142
7363, 0.10000000000000142, -0.10000000000000142
7364, 0.10000000000000142, -0.10000000000000142
7365, 0.0, -0.10000000000000142
7366, 0.0, -0.10000000000000142
7367, 0.0, -0.10000000000000142
7368, 0.0, -0.10000000000000142
7369, 0.0, -0.10000000000000142
7370, 0.0, -0.10000000000000142
7371, 0.0, 0.0
7372, 0.0, 0.0
7373, 0.0, 0.0
7374, 0.0, 0.0
7375, 0.0, 0.0
7376, 0.0, 0.0
7377, 0.0, 0.0
7378, 0.0, 0.0
7379, 0.0, 0.0
7380, 0.0, 0.0
7381, 0.0, 0.0
7382, 0.0, 0.0
7383, 0.0, 0.0
7384, 0.0, 0.0
7385, 0.0, 0.0
7386, 0.0, 0.0
7387, 0.0, 0.0
7388, 0.0, 0.0
7389, 0.0, 0.0
7390, 0.0, 0.0
7391, 0.0, 0.0
7392, 0.0, 0.0
7393, 0.0, 0.09999999999999787
7394, 0.0, 0.09999999999999787
7395, 0.0, 0.09999999999999787
7396, 0.0, 0.09999999999999787
7397, 0.0, 0.09999999999999787
7398, 0.0, 0.09999999999999787
7399, 0.0, 0.09999999999999787
7400, 0.0, 0.09999999999999787
7401, 0.0, 0.09999999999999787
7402, 0.0, 0.09999999999999787
7403, 0.0, 0.09999999999999787
7404, 0.0, 0.09999999999999787
7405, 0.0, 0.09999999999999787
7406, 0.0, 0.09999999999999787
7407, 0.0, 0.09999999999999787
7408, 0.0, 0.09999999999999787
7409, 0.0, 0.09999999999999787
7410, 0.0, 0.09999999999999787
7411, 0.0, 0.09999999999999787
7412, 0.0, 0.09999999999999787
7413, 0.0, 0.0
7414, 0.0, 0.0
7415, 0.0, 0.0
7416, 0.0, 0.0
7417, 0.0, 0.0
7418, 0.0, 0.0
7419, 0.10000000000000142, 0.0
7420, 0.10000000000000142, 0.0
7421, 0.10000000000000142, 0.0
7422, 0.10000000000000142, 0.0
7423, 0.10000000000000142, 0.0
7424, 0.10000000000000142, 0.0
7425, 0.10000000000000142, 0.0
7426, 0.10000000000000142, 0.0
7427, 0.10000000000000142, 0.0
7428, 0.10000000000000142, 0.0
7429, 0.10000000000000142, 0.0
7430, 0.10000000000000142, 0.0
7431, 0.10000000000000142, 0.0
7432, 0.10000000000000142, 0.0
7433, 0.10000000000000142, 0.0
7434, 0.10000000000000142, 0.0
7435, 0.10000000000000142, 0.0
7436, 0.10000000000000142, 0.0
7437, 0.10000000000000142, -0.10000000000000142
7438, 0.10000000000000142, -0.10000000000000142
7439, 0.10000000000000142, -0.10000000000000142
7440, 0.10000000000000142, -0.10000000000000142
7441, 0.10000000000000142, -0.10000000000000142
7442, 0.10000000000000142, -0.10000000000000142
7443, 0.10000000000000142, 0.0
7444, 0.10000000000000142, 0.0
7445, 0.10000000000000142, 0.0
7446, 0.10000000000000142, 0.0
7447, 0.10000000000000142, 0.0
7448, 0.10000000000000142, 0.0
7449, 0.10000000000000142, 0.0
7450, 0.10000000000000142, 0.0
7451, 0.10000000000000142, 0.0
7452, 0.10000000000000142, 0.0
7453, 0.10000000000000142, 0.0
7454, 0.10000000000000142, 0.0
7455, 0.10000000000000142, 0.0
7456, 0.10000000000000142, -0.10000000000000142
7457, 0.10000000000000142, -0.10000000000000142
7458, 0.10000000000000142, -0.10000000000000142
7459, 0.10000000000000142, -0.10000000000000142
7460, 0.10000000000000142, -0.10000000000000142
7461, 0.10000000000000142, -0.10000000000000142
7462, 0.10000000000000142, -0.10000000000000142
7463, 0.10000000000000142, -0.10000000000000142
7464, 0.10000000000000142, -0.10000000000000142
7465, 0.0, -0.10000000000000142
7466, 0.0, -0.10000000000000142
7467, 0.0, -0.10000000000000142
7468, 0.0, -0.10000000000000142
7469, 0.0, -0.10000000000000142
7470, 0.0, -0.10000000000000142
7471, 0.0, -0.10000000000000142
7472, 0.0, -0.10000000000000142
7473, 0.0, -0.10000000000000142
7474, 0.0, -0.10000000000000142
7475, 0.0, -0.10000000000000142
7476, 0.0, -0.10000000000000142
7477, 0.0, -0.10000000000000142
7478, 0.0, -0.10000000000000142
7479, 0.0, 0.0
7480, 0.0, 0.0
7481, 0.0, 0.0
7482, 0.0, 0.0
7483, 0.0, 0.0
7484, 0.0, 0.0
7485, 0.0, 0.0
7486, 0.0, 0.0
7487, 0.0, 0.0
7488, 0.0, 0.0
7489, 0.0, 0.0
7490, 0.0, 0.0
7491, 0.0, 0.0
7492, 0.0, 0.0
7493, 0.0, 0.0
7494, 0.0, 0.0
7495, 0.0, 0.0
7496, 0.0, 0.0
7497, 0.0, -0.10000000000000142
7498, 0.0, -0.10000000000000142
7499, 0.0, -0.10000000000000142
7500, 0.0, -0.10000000000000142
7501, 0.0, -0.10000000000000142
7502, 0.0, -0.10000000000000142
7503, 0.0, -0.10000000000000142
7504, 0.0, -0.10000000000000142
7505, 0.0, -0.10000000000000142
7506, 0.0, -0.10000000000000142
7507, 0.0, -0.10000000000000142
7508, 0.0, -0.10000000000000142
7509, 0.0, -0.10000000000000142
7510, 0.0, -0.10000000000000142
7511, 0.0, -0.10000000000000142
7512, 0.0, -0.10000000000000142
7513, 0.0, -0.10000000000000142
7514, 0.0, -0.10000000000000142
7515, 0.0, -0.10000000000000142
7516, 0.0, -0.10000000000000142
7517, 0.0, -0.10000000000000142
7518, 0.0, -0.10000000000000142
7519, 0.0, -0.10000000000000142
7520, 0.0, -0.10000000000000142
7521, 0.0, 0.0
7522, 0.0, 0.0
7523, 0.0, 0.0
7524, 0.0, 0.0
7525, 0.0, 0.0
7526, 0.0, 0.0
7527, 0.0, 0.0
7528, 0.0, 0.0
7529, 0.0, 0.0
7530, 0.0, 0.0
7531, 0.0, 0.0
7532, 0.0, 0.0
7533, 0.0, 0.0
7534, 0.0, 0.0
7535, 0.0, 0.0
7536, 0.0, 0.0
7537, 0.0, 0.0
7538, 0.0, 0.0
7539, 0.0, 0.0
7540, 0.0, 0.0
7541, 0.0, 0.0
7542, 0.0, 0.0
7543, 0.0, 0.0
7544, 0.0, 0.0
7545, 0.0, 0.0
7546, 0.0, 0.0
7547, 0.0, 0.0
7548, 0.0, 0.0
7549, 0.0, 0.0
7550, 0.0, 0.0
7551, 0.0, 0.0
7552, 0.0, 0.0
7553, 0.0, 0.0
7554, 0.0, 0.0
7555, 0.0, 0.0
7556, 0.0, 0.0
7557, 0.0, 0.0
7558, 0.0, 0.0
7559, 0.0, 0.0
7560, 0.0, 0.0
7561, 0.0, 0.0
7562, 0.0, 0.0
7563, 0.0, 0.0
7564, 0.0, 0.0
7565, 0.0, 0.0
7566, 0.0, 0.0
7567, 0.0, 0.0
7568, 0.0, 0.0
7569, 0.0, 0.0
7570, 0.0, 0.0
7571, 0.0, 0.0
7572, 0.0, 0.0
7573, 0.0, 0.0
7574, 0.0, 0.0
7575, 0.0, 0.0
7576, 0.0, 0.0
7577, 0.0, -0.10000000000000142
7578, 0.0, -0.10000000000000142
7579, 0.0, 0.0
7580, 0.10000000000000142, 0.0
7581, 0.10000000000000142, 0.0
7582, 0.10000000000000142, 0.0
7583, 0.10000000000000142, 0.0
7584, 0.10000000000000142, 0.0
7585, 0.10000000000000142, 0.0
7586, 0.10000000000000142, 0.0
7587, 0.10000000000000142, 0.0
7588, 0.10000000000000142, 0.0
7589, 0.10000000000000142, 0.0
7590, 0.10000000000000142, 0.0
7591, 0.10000000000000142, 0.0
7592, 0.10000000000000142, 0.0
7593, 0.10000000000000142, 0.0
7594, 0.10000000000000142, 0.0
7595, 0.10000000000000142, 0.0
7596, 0.10000000000000142, 0.0
7597, 0.10000000000000142, 0.09999999999999787
7598, 0.10000000000000142, 0.09999999999999787
7599, 0.10000000000000142, 0.09999999999999787
7600, 0.10000000000000142, 0.09999999999999787
7601, 0.10000000000000142, 0.09999999999999787
7602, 0.10000000000000142, 0.09999999999999787
7603, 0.10000000000000142, 0.09999999999999787
7604, 0.10000000000000142, 0.09999999999999787
7605, 0.10000000000000142, 0.09999999999999787
7606, 0.10000000000000142, 0.09999999999999787
7607, 0.10000000000000142, 0.09999999999999787
7608, 0.10000000000000142, 0.09999999999999787
7609, 0.10000000000000142, 0.09999999999999787
7610, 0.10000000000000142, 0.09999999999999787
7611, 0.10000000000000142, 0.09999999999999787
7612, 0.10000000000000142, 0.09999999999999787
7613, 0.10000000000000142, 0.09999999999999787
7614, 0.10000000000000142, 0.09999999999999787
7615, 0.10000000000000142, 0.1999999999999993
7616, 0.10000000000000142, 0.1999999999999993
7617, 0.10000000000000142, 0.1999999999999993
7618, 0.10000000000000142, 0.1999999999999993
7619, 0.10000000000000142, 0.1999999999999993
7620, 0.10000000000000142, 0.1999999999999993
7621, 0.10000000000000142, 0.1999999999999993
7622, 0.10000000000000142, 0.1999999999999993
7623, 0.10000000000000142, 0.1999999999999993
7624, 0.10000000000000142, 0.1999999999999993
7625, 0.10000000000000142, 0.1999999999999993
7626, 0.10000000000000142, 0.1999999999999993
7627, 0.10000000000000142, 0.1999999999999993
7628, 0.10000000000000142, 0.1999999999999993
7629, 0.10000000000000142, 0.1999999999999993
7630, 0.10000000000000142, 0.1999999999999993
7631, 0.10000000000000142, 0.1999999999999993
7632, 0.10000000000000142, 0.1999999999999993
7633, 0.10000000000000142, 0.1999999999999993
7634, 0.10000000000000142, 0.1999999999999993
7635, 0.10000000000000142, 0.1999999999999993
7636, 0.10000000000000142, 0.1999999999999993
7637, 0.10000000000000142, 0.1999999999999993
7638, 0.10000000000000142, 0.1999999999999993
7639, 0.10000000000000142, 0.0
7640, 0.10000000000000142, 0.0
7641, 0.10000000000000142, 0.0
7642, 0.10000000000000142, 0.0
7643, 0.0, 0.0
7644, 0.0, 0.0
7645, 0.0, 0.0
7646, 0.0, 0.0
7647, 0.0, 0.0
7648, 0.0, 0.0
7649, 0.0, 0.0
7650, 0.0, 0.0
7651, 0.0, 0.0
7652, 0.0, 0.0
7653, 0.0, 0.0
7654, 0.0, 0.0
7655, 0.0, 0.0
7656, 0.0, 0.0
7657, 0.0, 0.0
7658, 0.0, 0.0
7659, 0.0, 0.0
7660, 0.0, 0.0
7661, 0.0, 0.0
7662, 0.0, 0.0
7663, 0.0, 0.0
7664, 0.0, 0.0
7665, 0.0, 0.0
7666, 0.0, 0.0
7667, 0.0, 0.0
7668, 0.0, 0.0
7669, 0.0, 0.0
7670, 0.0, 0.0
7671, 0.0, 0.0
7672, 0.0, 0.0
7673, 0.0, 0.0
7674, 0.0, -0.10000000000000142
7675, 0.0, -0.10000000000000142
7676, 0.0, -0.10000000000000142
7677, 0.0, -0.10000000000000142
7678, 0.0, -0.10000000000000142
7679, 0.0, 0.0
7680, 0.0, 0.0
7681, 0.0, 0.0
7682, 0.0, 0.0
7683, 0.0, -0.10000000000000142
7684, 0.0, -0.10000000000000142
7685, 0.0, -0.10000000000000142
7686, 0.0, -0.10000000000000142
7687, 0.10000000000000142, -0.10000000000000142
7688, 0.10000000000000142, -0.10000000000000142
7689, 0.10000000000000142, -0.10000000000000142
7690, 0.10000000000000142, -0.10000000000000142
7691, 0.10000000000000142, -0.10000000000000142
7692, 0.10000000000000142, -0.10000000000000142
7693, 0.10000000000000142, -0.10000000000000142
7694, 0.10000000000000142, -0.10000000000000142
7695, 0.10000000000000142, -0.10000000000000142
7696, 0.10000000000000142, -0.10000000000000142
7697, 0.10000000000000142, -0.10000000000000142
7698, 0.10000000000000142, -0.10000000000000142
7699, 0.10000000000000142, -0.10000000000000142
7700, 0.10000000000000142, -0.10000000000000142
7701, 0.10000000000000142, -0.10000000000000142
7702, 0.10000000000000142, -0.10000000000000142
7703, 0.10000000000000142, -0.10000000000000142
7704, 0.10000000000000142, -0.10000000000000142
7705, 0.10000000000000142, -0.10000000000000142
7706, 0.10000000000000142, -0.10000000000000142
7707, 0.10000000000000142, -0.10000000000000142
7708, 0.10000000000000142, 0.0
7709, 0.10000000000000142, 0.0
7710, 0.0, 0.0
7711, 0.0, 0.0
7712, 0.0, 0.0
7713, 0.0, 0.0
7714, 0.0, 0.0
7715, 0.0, 0.0
7716, 0.0, 0.0
7717, 0.0, 0.0
7718, 0.0, 0.0
7719, 0.0, 0.0
7720, 0.0, 0.0
7721, 0.0, 0.0
7722, 0.0, 0.0
7723, 0.0, 0.0
7724, 0.0, 0.0
7725, 0.0, 0.0
7726, 0.0, 0.0
7727, 0.0, 0.0
7728, 0.0, 0.0
7729, 0.0, 0.0
7730, 0.0, 0.0
7731, 0.0, 0.0
7732, 0.0, 0.0
7733, 0.0, 0.0
7734, 0.0, 0.0
7735, 0.0, 0.0
7736, 0.0, -0.10000000000000142
7737, 0.0, -0.10000000000000142
7738, 0.0, -0.10000000000000142
7739, 0.0, -0.10000000000000142
7740, 0.0, -0.10000000000000142
7741, 0.0, -0.10000000000000142
7742, 0.0, -0.10000000000000142
7743, 0.0, -0.10000000000000142
7744, 0.0, -0.10000000000000142
7745, 0.0, -0.10000000000000142
7746, -0.09999999999999964, -0.10000000000000142
7747, -0.09999999999999964, -0.10000000000000142
7748, -0.09999999999999964, 0.0
7749, -0.09999999999999964, 0.0
7750, -0.09999999999999964, 0.0
7751, -0.09999999999999964, 0.0
7752, -0.09999999999999964, 0.0
7753, -0.09999999999999964, 0.0
7754, -0.09999999999999964, 0.0
7755, -0.09999999999999964, 0.0
7756, 0.0, -0.10000000000000142
7757, 0.0, -0.10000000000000142
7758, 0.0, -0.10000000000000142
7759, 0.0, -0.10000000000000142
7760, 0.0, -0.10000000000000142
7761, 0.0, -0.10000000000000142
7762, 0.0, 0.0
7763, 0.0, 0.0
7764, 0.0, 0.0
7765, 0.0, 0.0
7766, 0.0, 0.0
7767, 0.0, 0.0
7768, 0.0, 0.09999999999999787
7769, 0.0, 0.09999999999999787
7770, 0.0, 0.09999999999999787
7771, 0.0, 0.09999999999999787
7772, 0.0, 0.09999999999999787
7773, 0.0, 0.09999999999999787
7774, 0.0, 0.09999999999999787
7775, 0.0, 0.09999999999999787
7776, 0.0, 0.09999999999999787
7777, 0.0, 0.09999999999999787
7778, 0.0, 0.09999999999999787
7779, 0.0, 0.09999999999999787
7780, 0.0, 0.09999999999999787
7781, 0.0, 0.09999999999999787
7782, 0.0, 0.09999999999999787
7783, 0.0, 0.09999999999999787
7784, 0.0, 0.09999999999999787
7785, 0.0, 0.09999999999999787
7786, 0.0, 0.09999999999999787
7787, 0.0, 0.09999999999999787
7788, 0.0, 0.09999999999999787
7789, 0.0, 0.09999999999999787
7790, 0.0, 0.09999999999999787
7791, 0.0, 0.09999999999999787
7792, 0.0, 0.09999999999999787
7793, 0.0, 0.09999999999999787
7794, 0.0, 0.09999999999999787
7795, 0.0, 0.09999999999999787
7796, 0.0, 0.09999999999999787
7797, 0.0, 0.09999999999999787
7798, 0.0, 0.09999999999999787
7799, 0.0, 0.09999999999999787
7800, 0.0, 0.09999999999999787
7801, 0.0, 0.09999999999999787
7802, 0.0, 0.09999999999999787
7803, 0.0, 0.09999999999999787
7804, 0.0, 0.09999999999999787
7805, 0.0, 0.09999999999999787
7806, 0.0, 0.09999999999999787
7807, 0.0, 0.0
7808, 0.0, 0.0
7809, 0.0, 0.0
7810, 0.0, 0.0
7811, 0.0, 0.0
7812, 0.0, 0.0
7813, 0.0, 0.0
7814, 0.0, 0.0
7815, 0.0, 0.0
7816, 0.0, 0.0
7817, 0.0, 0.09999999999999787
7818, 0.10000000000000142, 0.09999999999999787
7819, 0.10000000000000142, 0.09999999999999787
7820, 0.10000000000000142, 0.09999999999999787
7821, 0.10000000000000142, 0.09999999999999787
7822, 0.10000000000000142, 0.09999999999999787
7823, 0.10000000000000142, 0.09999999999999787
7824, 0.10000000000000142, 0.09999999999999787
7825, 0.10000000000000142, 0.09999999999999787
7826, 0.10000000000000142, 0.0
7827, 0.10000000000000142, 0.0
7828, 0.10000000000000142, 0.0
7829, 0.10000000000000142, 0.0
7830, 0.10000000000000142, 0.0
7831, 0.10000000000000142, 0.0
7832, 0.10000000000000142, 0.0
7833, 0.10000000000000142, 0.0
7834, 0.10000000000000142, 0.0
7835, 0.10000000000000142, 0.0
7836, 0.10000000000000142, 0.0
7837, 0.10000000000000142, 0.0
7838, 0.10000000000000142, 0.0
7839, 0.10000000000000142, 0.0
7840, 0.10000000000000142, 0.0
7841, 0.10000000000000142, 0.0
7842, 0.10000000000000142, 0.0
7843, 0.10000000000000142, 0.0
7844, 0.10000000000000142, 0.0
7845, 0.10000000000000142, 0.0
7846, 0.20000000000000107, 0.0
7847, 0.20000000000000107, 0.0
7848, 0.20000000000000107, -0.10000000000000142
7849, 0.20000000000000107, -0.10000000000000142
7850, 0.20000000000000107, -0.10000000000000142
7851, 0.20000000000000107, -0.10000000000000142
7852, 0.20000000000000107, -0.10000000000000142
7853, 0.20000000000000107, -0.10000000000000142
7854, 0.20000000000000107, -0.10000000000000142
7855, 0.20000000000000107, -0.10000000000000142
7856, 0.20000000000000107, -0.10000000000000142
7857, 0.20000000000000107, 0.0
7858, 0.20000000000000107, 0.0
7859, 0.20000000000000107, 0.0
7860, 0.20000000000000107, 0.0
7861, 0.10000000000000142, 0.0
7862, 0.10000000000000142, -0.10000000000000142
7863, 0.10000000000000142, -0.10000000000000142
7864, 0.10000000000000142, -0.10000000000000142
7865, 0.10000000000000142, -0.10000000000000142
7866, 0.10000000000000142, -0.10000000000000142
7867, 0.10000000000000142, -0.10000000000000142
7868, 0.10000000000000142, -0.10000000000000142
7869, 0.10000000000000142, -0.10000000000000142
7870, 0.10000000000000142, -0.10000000000000142
7871, 0.10000000000000142, -0.10000000000000142
7872, 0.10000000000000142, -0.10000000000000142
7873, 0.10000000000000142, -0.10000000000000142
7874, 0.10000000000000142, -0.10000000000000142
7875, 0.10000000000000142, -0.10000000000000142
7876, 0.10000000000000142, -0.10000000000000142
7877, 0.10000000000000142, 0.0
7878, 0.10000000000000142, 0.0
7879, 0.10000000000000142, 0.0
7880, 0.10000000000000142, 0.0
7881, 0.10000000000000142, 0.0
7882, 0.10000000000000142, 0.09999999999999787
7883, 0.10000000000000142, 0.09999999999999787
7884, 0.10000000000000142, 0.09999999999999787
7885, 0.10000000000000142, 0.09999999999999787
7886, 0.10000000000000142, 0.09999999999999787
7887, 0.10000000000000142, 0.09999999999999787
7888, 0.0, 0.09999999999999787
7889, 0.0, 0.09999999999999787
7890, 0.0, 0.09999999999999787
7891, 0.0, 0.09999999999999787
7892, 0.0, 0.09999999999999787
7893, 0.0, 0.09999999999999787
7894, 0.0, 0.09999999999999787
7895, 0.0, 0.0
7896, 0.0, 0.0
7897, 0.0, 0.0
7898, 0.0, 0.0
7899, 0.0, 0.0
7900, -0.09999999999999964, 0.0
7901, -0.09999999999999964, 0.0
7902, 0.0, 0.0
7903, 0.0, 0.0
7904, 0.0, 0.0
7905, 0.0, 0.0
7906, 0.0, 0.0
7907, 0.0, 0.0
7908, 0.0, 0.0
7909, 0.0, 0.0
7910, 0.0, 0.09999999999999787
7911, 0.0, 0.09999999999999787
7912, 0.0, 0.09999999999999787
7913, 0.0, 0.09999999999999787
7914, 0.0, 0.09999999999999787
7915, 0.0, 0.09999999999999787
7916, 0.0, 0.09999999999999787
7917, 0.0, 0.09999999999999787
7918, 0.0, 0.09999999999999787
7919, 0.0, 0.09999999999999787
7920, 0.0, 0.09999999999999787
7921, 0.0, 0.09999999999999787
7922, 0.0, 0.09999999999999787
7923, 0.0, 0.09999999999999787
7924, 0.0, 0.09999999999999787
7925, 0.0, 0.09999999999999787
7926, 0.0, 0.09999999999999787
7927, 0.0, 0.0
7928, 0.0, 0.0
7929, 0.0, 0.0
7930, 0.0, 0.0
7931, 0.10000000000000142, 0.0
7932, 0.10000000000000142, 0.0
7933, 0.10000000000000142, 0.0
7934, 0.10000000000000142, 0.0
7935, 0.10000000000000142, 0.0
7936, 0.10000000000000142, 0.0
7937, 0.10000000000000142, 0.0
7938, 0.10000000000000142, 0.0
7939, 0.10000000000000142, 0.0
7940, 0.10000000000000142, 0.0
7941, 0.10000000000000142, 0.0
7942, 0.10000000000000142, 0.0
7943, 0.10000000000000142, -0.10000000000000142
7944, 0.10000000000000142, -0.10000000000000142
7945, 0.10000000000000142, -0.10000000000000142
7946, 0.10000000000000142, -0.10000000000000142
7947, 0.10000000000000142, -0.10000000000000142
7948, 0.10000000000000142, -0.10000000000000142
7949, 0.10000000000000142, -0.10000000000000142
7950, 0.10000000000000142, -0.10000000000000142
7951, 0.0, -0.10000000000000142
7952, 0.0, -0.10000000000000142
7953, 0.0, -0.10000000000000142
7954, 0.0, -0.10000000000000142
7955, 0.0, -0.10000000000000142
7956, 0.0, 0.0
7957, 0.0, 0.0
7958, 0.0, 0.0
7959, -0.09999999999999964, 0.0
7960, -0.09999999999999964, 0.0
7961, -0.09999999999999964, 0.0
7962, -0.09999999999999964, 0.0
7963, -0.09999999999999964, 0.0
7964, -0.09999999999999964, 0.0
7965, -0.09999999999999964, 0.0
7966, -0.09999999999999964, 0.0
7967, -0.09999999999999964, 0.0
7968, -0.09999999999999964, 0.0
7969, -0.09999999999999964, 0.0
7970, -0.09999999999999964, 0.0
7971, -0.09999999999999964, 0.09999999999999787
7972, -0.09999999999999964, 0.09999999999999787
7973, -0.09999999999999964, 0.09999999999999787
7974, -0.09999999999999964, 0.09999999999999787
7975, -0.09999999999999964, 0.09999999999999787
7976, -0.09999999999999964, 0.09999999999999787
7977, -0.09999999999999964, 0.09999999999999787
7978, -0.09999999999999964, 0.09999999999999787
7979, -0.09999999999999964, 0.09999999999999787
7980, -0.09999999999999964, 0.09999999999999787
7981, -0.09999999999999964, 0.09999999999999787
7982, -0.09999999999999964, 0.09999999999999787
7983, 0.0, 0.09999999999999787
7984, 0.10000000000000142, 0.0
7985, 0.10000000000000142, 0.0
7986, 0.10000000000000142, 0.0
7987, 0.10000000000000142, 0.0
7988, 0.10000000000000142, 0.0
7989, 0.10000000000000142, 0.0
7990, 0.10000000000000142, 0.0
7991, 0.10000000000000142, 0.0
7992, 0.10000000000000142, 0.0
7993, 0.10000000000000142, 0.0
7994, 0.10000000000000142, 0.0
7995, 0.10000000000000142, 0.0
7996, 0.10000000000000142, 0.0
7997, 0.10000000000000142, 0.0
7998, 0.10000000000000142, 0.0
7999, 0.10000000000000142, -0.10000000000000142
8000, 0.10000000000000142, -0.10000000000000142
8001, 0.10000000000000142, -0.10000000000000142
8002, 0.10000000000000142, -0.10000000000000142
8003, 0.10000000000000142, -0.10000000000000142
8004, 0.10000000000000142, -0.10000000000000142
8005, 0.0, -0.10000000000000142
8006, 0.0, -0.10000000000000142
8007, 0.0, -0.10000000000000142
8008, 0.0, 0.0
8009, 0.0, 0.0
8010, 0.0, 0.0
8011, -0.09999999999999964, 0.0
8012, -0.09999999999999964, 0.0
8013, -0.09999999999999964, 0.0
8014, -0.09999999999999964, 0.0
8015, -0.09999999999999964, 0.0
8016, -0.09999999999999964, 0.0
8017, -0.09999999999999964, 0.0
8018, -0.09999999999999964, 0.0
8019, -0.09999999999999964, 0.09999999999999787
8020, -0.09999999999999964, 0.09999999999999787
8021, -0.09999999999999964, 0.09999999999999787
8022, -0.09999999999999964, 0.09999999999999787
8023, -0.09999999999999964, 0.09999999999999787
8024, -0.09999999999999964, 0.09999999999999787
8025, -0.09999999999999964, 0.09999999999999787
8026, 0.0, 0.09999999999999787
8027, 0.0, 0.09999999999999787
8028, 0.0, 0.09999999999999787
8029, 0.0, 0.09999999999999787
8030, 0.10000000000000142, 0.09999999999999787
8031, 0.10000000000000142, 0.0
8032, 0.10000000000000142, 0.0
8033, 0.10000000000000142, 0.0
8034, 0.10000000000000142, 0.0
8035, 0.10000000000000142, -0.10000000000000142
8036, 0.10000000000000142, -0.10000000000000142
8037, 0.10000000000000142, -0.10000000000000142
8038, 0.10000000000000142, -0.10000000000000142
8039, 0.10000000000000142, -0.10000000000000142
8040, 0.10000000000000142, -0.10000000000000142
8041, 0.10000000000000142, -0.10000000000000142
8042, 0.10000000000000142, -0.10000000000000142
8043, 0.10000000000000142, -0.10000000000000142
8044, 0.10000000000000142, -0.10000000000000142
8045, 0.0, -0.10000000000000142
8046, 0.0, -0.10000000000000142
8047, 0.0, -0.10000000000000142
8048, 0.0, -0.10000000000000142
8049, 0.0, -0.10000000000000142
8050, 0.0, -0.10000000000000142
8051, 0.0, -0.10000000000000142
8052, 0.0, -0.10000000000000142
8053, 0.0, -0.10000000000000142
8054, 0.0, -0.10000000000000142
8055, 0.0, -0.10000000000000142
8056, 0.0, -0.10000000000000142
8057, 0.0, -0.10000000000000142
8058, 0.0, -0.10000000000000142
8059, 0.0, -0.10000000000000142
8060, 0.0, -0.10000000000000142
8061, 0.0, -0.10000000000000142
8062, 0.0, -0.10000000000000142
8063, 0.0, -0.10000000000000142
8064, 0.0, -0.10000000000000142
8065, 0.0, -0.10000000000000142
8066, 0.0, -0.10000000000000142
8067, 0.0, -0.10000000000000142
8068, 0.0, -0.10000000000000142
8069, 0.0, -0.10000000000000142
8070, 0.0, -0.10000000000000142
8071, 0.0, -0.10000000000000142
8072, 0.0, -0.10000000000000142
8073, 0.0, 0.0
8074, 0.0, 0.0
8075, 0.0, 0.0
8076, 0.0, 0.0
8077, 0.0, 0.0
8078, 0.0, 0.0
8079, 0.0, 0.0
8080, 0.0, 0.0
8081, 0.0, 0.0
8082, 0.0, 0.0
8083, 0.0, 0.0
8084, 0.0, 0.0
8085, 0.0, -0.10000000000000142
8086, 0.0, -0.10000000000000142
8087, 0.0, -0.10000000000000142
8088, 0.0, -0.10000000000000142
8089, 0.0, -0.10000000000000142
8090, 0.0, -0.10000000000000142
8091, 0.0, -0.10000000000000142
8092, 0.0, -0.10000000000000142
8093, 0.10000000000000142, -0.10000000000000142
8094, 0.10000000000000142, -0.10000000000000142
8095, 0.10000000000000142, -0.10000000000000142
8096, 0.10000000000000142, -0.10000000000000142
8097, 0.10000000000000142, -0.10000000000000142
8098, 0.10000000000000142, -0.10000000000000142
8099, 0.10000000000000142, 0.0
8100, 0.10000000000000142, 0.0
8101, 0.10000000000000142, 0.0
8102, 0.10000000000000142, 0.0
8103, 0.10000000000000142, 0.0
8104, 0.10000000000000142, 0.0
8105, 0.10000000000000142, 0.0
8106, 0.10000000000000142, 0.0
8107, 0.10000000000000142, 0.0
8108, 0.10000000000000142, 0.0
8109, 0.10000000000000142, 0.0
8110, 0.10000000000000142, 0.0
8111, 0.10000000000000142, 0.0
8112, 0.10000000000000142, 0.0
8113, 0.10000000000000142, 0.0
8114, 0.10000000000000142, 0.0
8115, 0.10000000000000142, 0.0
8116, 0.10000000000000142, 0.0
8117, 0.0, 0.0
8118, 0.0, 0.0
8119, 0.0, 0.0
8120, 0.0, 0.0
8121, 0.0, 0.0
8122, 0.0, 0.0
8123, 0.0, 0.0
8124, 0.0, 0.0
8125, 0.0, 0.0
8126, 0.0, 0.0
8127, 0.0, 0.0
8128, 0.0, 0.0
8129, 0.0, 0.0
8130, 0.0, 0.0
8131, 0.0, 0.0
8132, 0.0, 0.0
8133, 0.10000000000000142, 0.0
8134, 0.10000000000000142, 0.0
8135, 0.10000000000000142, 0.0
8136, 0.10000000000000142, 0.0
8137, 0.10000000000000142, 0.0
8138, 0.10000000000000142, 0.0
8139, 0.10000000000000142, 0.0
8140, 0.10000000000000142, 0.0
8141, 0.10000000000000142, 0.0
8142, 0.10000000000000142, 0.0
8143, 0.10000000000000142, 0.0
8144, 0.10000000000000142, 0.0
8145, 0.10000000000000142, 0.0
8146, 0.10000000000000142, 0.0
8147, 0.0, 0.0
8148, 0.0, 0.0
8149, 0.0, 0.0
8150, 0.0, 0.09999999999999787
8151, 0.0, 0.09999999999999787
8152, 0.0, 0.09999999999999787
8153, 0.0, 0.09999999999999787
8154, 0.0, 0.09999999999999787
8155, 0.0, 0.09999999999999787
8156, 0.0, 0.0
8157, 0.0, 0.0
8158, 0.0, 0.0
8159, 0.0, 0.0
8160, 0.0, 0.0
8161, 0.0, 0.0
8162, 0.0, 0.0
8163, 0.0, 0.0
8164, 0.0, 0.0
8165, 0.0, 0.0
8166, 0.0, 0.0
8167, 0.0, 0.0
8168, 0.0, 0.0
8169, 0.0, 0.0
8170, 0.0, 0.0
8171, 0.0, 0.0
8172, 0.0, 0.0
8173, 0.0, 0.0
8174, 0.0, 0.0
8175, 0.0, 0.0
8176, 0.0, 0.0
8177, 0.0, 0.0
8178, 0.0, 0.0
8179, 0.0, 0.0
8180, 0.0, 0.0
8181, 0.0, 0.0
8182, 0.0, 0.0
8183, 0.0, 0.0
8184, 0.0, 0.0
8185, 0.0, 0.0
8186, 0.0, 0.0
8187, 0.0, -0.10000000000000142
8188, 0.0, -0.10000000000000142
8189, 0.0, -0.10000000000000142
8190, 0.0, -0.10000000000000142
8191, 0.0, -0.10000000000000142
8192, 0.0, 0.0
8193, 0.0, 0.0
8194, -0.09999999999999964, 0.0
8195, -0.09999999999999964, 0.0
8196, -0.09999999999999964, 0.0
8197, -0.09999999999999964, 0.0
8198, -0.09999999999999964, 0.0
8199, -0.09999999999999964, 0.0
8200, -0.09999999999999964, 0.0
8201, -0.09999999999999964, 0.0
8202, -0.09999999999999964, 0.0
8203, -0.09999999999999964, 0.0
8204, -0.09999999999999964, 0.0
8205, -0.09999999999999964, 0.0
8206, -0.09999999999999964, 0.0
8207, -0.09999999999999964, 0.0
8208, -0.09999999999999964, 0.0
8209, -0.09999999999999964, 0.0
8210, -0.09999999999999964, 0.0
8211, -0.09999999999999964, 0.0
8212, -0.09999999999999964, 0.0
8213, -0.09999999999999964, 0.0
8214, 0.0, 0.0
8215, 0.0, 0.0
8216, 0.0, 0.0
8217, 0.0, 0.0
8218, 0.0, 0.0
8219, 0.0, 0.0
8220, 0.0, 0.0
8221, 0.0, 0.0
8222, 0.0, 0.0
8223, 0.0, 0.0
8224, 0.0, 0.0
8225, 0.0, 0.0
8226, 0.0, 0.0
8227, 0.0, 0.0
8228, 0.0, 0.0
8229, 0.0, 0.0
8230, -0.09999999999999964, 0.0
8231, 0.0, 0.0
8232, 0.0, 0.0
8233, 0.0, 0.0
8234, 0.0, 0.0
8235, 0.0, 0.0
8236, 0.0, 0.0
8237, 0.0, 0.0
8238, 0.0, 0.0
8239, 0.0, 0.0
8240, 0.0, 0.0
8241, 0.10000000000000142, 0.0
8242, 0.10000000000000142, 0.0
8243, 0.10000000000000142, 0.0
8244, 0.10000000000000142, 0.0
8245, 0.10000000000000142, -0.10000000000000142
8246, 0.10000000000000142, 0.0
8247, 0.10000000000000142, 0.0
8248, 0.10000000000000142, 0.0
8249, 0.10000000000000142, 0.09999999999999787
8250, 0.10000000000000142, 0.09999999999999787
8251, 0.10000000000000142, 0.09999999999999787
8252, 0.10000000000000142, 0.09999999999999787
8253, 0.10000000000000142, 0.09999999999999787
8254, 0.10000000000000142, 0.09999999999999787
8255, 0.10000000000000142, 0.09999999999999787
8256, 0.10000000000000142, 0.09999999999999787
8257, 0.10000000000000142, 0.09999999999999787
8258, 0.10000000000000142, 0.09999999999999787
8259, 0.10000000000000142, 0.09999999999999787
8260, 0.10000000000000142, 0.09999999999999787
8261, 0.10000000000000142, 0.09999999999999787
8262, 0.10000000000000142, 0.09999999999999787
8263, 0.10000000000000142, 0.0
8264, 0.10000000000000142, 0.0
8265, 0.10000000000000142, 0.0
8266, 0.10000000000000142, 0.0
8267, 0.10000000000000142, 0.0
8268, 0.10000000000000142, 0.0
8269, 0.10000000000000142, 0.0
8270, 0.10000000000000142, 0.0
8271, 0.10000000000000142, 0.0
8272, 0.10000000000000142, 0.0
8273, 0.10000000000000142, 0.0
8274, 0.10000000000000142, 0.0
8275, 0.10000000000000142, 0.0
8276, 0.10000000000000142, 0.0
8277, 0.10000000000000142, 0.0
8278, 0.10000000000000142, 0.0
8279, 0.10000000000000142, 0.0
8280, 0.10000000000000142, 0.0
8281, 0.0, 0.0
8282, 0.0, 0.0
8283, 0.0, 0.0
8284, 0.0, 0.0
8285, 0.0, 0.0
8286, 0.0, 0.0
8287, 0.0, 0.0
8288, 0.0, 0.0
8289, 0.0, 0.0
8290, 0.0, 0.0
8291, 0.0, 0.0
8292, 0.0, 0.09999999999999787
8293, 0.0, 0.09999999999999787
8294, 0.0, 0.09999999999999787
8295, 0.0, 0.09999999999999787
8296, 0.0, 0.09999999999999787
8297, 0.0, 0.09999999999999787
8298, 0.0, 0.09999999999999787
8299, 0.0, 0.09999999999999787
8300, 0.0, 0.09999999999999787
8301, 0.0, 0.09999999999999787
8302, 0.0, 0.09999999999999787
8303, 0.0, 0.09999999999999787
8304, 0.0, 0.09999999999999787
8305, 0.0, 0.09999999999999787
8306, 0.0, 0.09999999999999787
8307, 0.0, 0.09999999999999787
8308, 0.0, 0.09999999999999787
8309, 0.0, 0.09999999999999787
8310, 0.0, 0.09999999999999787
8311, 0.0, 0.09999999999999787
8312, 0.0, 0.09999999999999787
8313, 0.0, 0.09999999999999787
8314, 0.0, 0.09999999999999787
8315, 0.0, 0.09999999999999787
8316, 0.0, 0.0
8317, 0.0, 0.0
8318, 0.0, 0.0
8319, 0.0, 0.0
8320, 0.0, 0.0
8321, 0.0, -0.10000000000000142
8322, 0.0, -0.10000000000000142
8323, 0.0, -0.10000000000000142
8324, 0.0, -0.10000000000000142
8325, 0.0, -0.10000000000000142
8326, 0.0, -0.10000000000000142
8327, 0.0, -0.10000000000000142
8328, 0.0, -0.10000000000000142
8329, 0.0, -0.10000000000000142
8330, 0.0, -0.10000000000000142
8331, 0.0, -0.10000000000000142
8332, 0.0, -0.10000000000000142
8333, 0.0, -0.10000000000000142
8334, 0.0, -0.10000000000000142
8335, 0.0, -0.10000000000000142
8336, 0.0, -0.10000000000000142
8337, 0.0, -0.10000000000000142
8338, 0.0, -0.10000000000000142
8339, 0.0, -0.10000000000000142
8340, 0.0, -0.10000000000000142
8341, 0.0, -0.10000000000000142
8342, 0.0, 0.0
8343, 0.0, 0.0
8344, 0.0, 0.0
8345, 0.0, 0.0
8346, 0.0, 0.0
8347, 0.0, 0.0
8348, 0.0, 0.0
8349, 0.0, 0.0
8350, 0.0, 0.0
8351, 0.0, 0.0
8352, 0.0, 0.0
8353, 0.0, 0.0
8354, 0.0, 0.0
8355, 0.0, 0.0
8356, 0.0, 0.0
8357, 0.0, 0.0
8358, 0.0, 0.0
8359, 0.0, 0.0
8360, 0.0, 0.0
8361, 0.10000000000000142, 0.0
8362, 0.10000000000000142, 0.0
8363, 0.10000000000000142, 0.0
8364, 0.10000000000000142, 0.0
8365, 0.10000000000000142, 0.0
8366, 0.10000000000000142, 0.0
8367, 0.10000000000000142, 0.0
8368, 0.10000000000000142, 0.0
8369, 0.10000000000000142, 0.0
8370, 0.10000000000000142, 0.0
8371, 0.10000000000000142, 0.0
8372, 0.10000000000000142, 0.0
8373, 0.10000000000000142, 0.0
8374, 0.10000000000000142, 0.0
8375, 0.10000000000000142, 0.0
8376, 0.10000000000000142, 0.0
8377, 0.10000000000000142, 0.0
8378, 0.10000000000000142, 0.0
8379, 0.10000000000000142, 0.0
8380, 0.10000000000000142, 0.0
8381, 0.10000000000000142, 0.0
8382, 0.10000000000000142, 0.0
8383, 0.10000000000000142, 0.0
8384, 0.10000000000000142, 0.09999999999999787
8385, 0.10000000000000142, 0.09999999999999787
8386, 0.10000000000000142, 0.09999999999999787
8387, 0.10000000000000142, 0.09999999999999787
8388, 0.10000000000000142, 0.09999999999999787
8389, 0.10000000000000142, 0.09999999999999787
8390, 0.10000000000000142, 0.09999999999999787
8391, 0.10000000000000142, 0.09999999999999787
8392, 0.10000000000000142, 0.09999999999999787
8393, 0.10000000000000142, 0.09999999999999787
8394, 0.10000000000000142, 0.09999999999999787
8395, 0.10000000000000142, 0.09999999999999787
8396, 0.10000000000000142, 0.09999999999999787
8397, 0.10000000000000142, 0.09999999999999787
8398, 0.10000000000000142, 0.09999999999999787
8399, 0.10000000000000142, 0.09999999999999787
8400, 0.10000000000000142, 0.09999999999999787
8401, 0.10000000000000142, 0.09999999999999787
8402, 0.10000000000000142, 0.09999999999999787
8403, 0.10000000000000142, 0.09999999999999787
8404, 0.10000000000000142, 0.09999999999999787
8405, 0.10000000000000142, 0.09999999999999787
8406, 0.10000000000000142, 0.09999999999999787
8407, 0.10000000000000142, 0.09999999999999787
8408, 0.10000000000000142, 0.09999999999999787
8409, 0.10000000000000142, 0.09999999999999787
8410, 0.10000000000000142, 0.09999999999999787
8411, 0.10000000000000142, 0.09999999999999787
8412, 0.10000000000000142, 0.09999999999999787
8413, 0.10000000000000142, 0.09999999999999787
8414, 0.10000000000000142, 0.09999999999999787
8415, 0.10000000000000142, 0.09999999999999787
8416, 0.10000000000000142, 0.09999999999999787
8417, 0.10000000000000142, 0.09999999999999787
8418, 0.10000000000000142, 0.09999999999999787
8419, 0.10000000000000142, 0.09999999999999787
8420, 0.10000000000000142, 0.09999999999999787
8421, 0.10000000000000142, 0.09999999999999787
8422, 0.10000000000000142, 0.09999999999999787
8423, 0.10000000000000142, 0.09999999999999787
8424, 0.10000000000000142, 0.09999999999999787
8425, 0.10000000000000142, 0.0
8426, 0.0, 0.0
8427, 0.0, 0.0
8428, 0.0, 0.0
8429, 0.0, 0.0
8430, 0.0, -0.10000000000000142
8431, 0.0, -0.10000000000000142
8432, 0.0, -0.10000000000000142
8433, 0.0, -0.10000000000000142
8434, 0.0, 0.0
8435, 0.0, 0.0
8436, 0.0, 0.0
8437, 0.0, 0.0
8438, 0.0, 0.0
8439, 0.0, 0.0
8440, 0.0, 0.0
8441, 0.0, -0.10000000000000142
8442, 0.0, -0.10000000000000142
8443, 0.0, -0.10000000000000142
8444, 0.0, -0.10000000000000142
8445, 0.0, -0.10000000000000142
8446, -0.09999999999999964, -0.10000000000000142
8447, -0.09999999999999964, -0.10000000000000142
8448, -0.09999999999999964, -0.10000000000000142
8449, 0.0, -0.10000000000000142
8450, 0.0, -0.10000000000000142
8451, 0.0, -0.10000000000000142
8452, 0.0, -0.10000000000000142
8453, 0.0, -0.10000000000000142
8454, 0.0, -0.10000000000000142
8455, 0.0, -0.10000000000000142
8456, 0.0, -0.10000000000000142
8457, 0.0, -0.10000000000000142
8458, 0.0, -0.10000000000000142
8459, 0.0, -0.10000000000000142
8460, 0.0, -0.10000000000000142
8461, 0.0, -0.10000000000000142
8462, 0.0, -0.10000000000000142
8463, 0.0, -0.10000000000000142
8464, 0.0, -0.10000000000000142
8465, -0.09999999999999964, -0.10000000000000142
8466, -0.09999999999999964, -0.10000000000000142
8467, -0.09999999999999964, -0.10000000000000142
8468, 0.0, -0.10000000000000142
8469, 0.0, -0.10000000000000142
8470, 0.0, -0.10000000000000142
8471, 0.0, -0.10000000000000142
8472, 0.0, -0.10000000000000142
8473, 0.0, -0.10000000000000142
8474, 0.0, -0.10000000000000142
8475, 0.0, -0.10000000000000142
8476, 0.0, 0.0
8477, -0.09999999999999964, 0.0
8478, -0.09999999999999964, 0.0
8479, -0.09999999999999964, 0.0
8480, -0.09999999999999964, 0.0
8481, -0.09999999999999964, 0.0
8482, -0.09999999999999964, 0.0
8483, -0.09999999999999964, 0.0
8484, -0.09999999999999964, 0.0
8485, -0.09999999999999964, 0.0
8486, -0.09999999999999964, 0.0
8487, -0.09999999999999964, -0.10000000000000142
8488, -0.09999999999999964, -0.10000000000000142
8489, -0.09999999999999964, -0.10000000000000142
8490, -0.09999999999999964, -0.10000000000000142
8491, -0.09999999999999964, -0.10000000000000142
8492, -0.09999999999999964, 0.0
8493, -0.09999999999999964, 0.0
8494, -0.09999999999999964, 0.0
8495, -0.09999999999999964, 0.0
8496, -0.09999999999999964, 0.0
8497, -0.09999999999999964, 0.0
8498, -0.09999999999999964, 0.09999999999999787
8499, -0.1999999999999993, 0.09999999999999787
8500, -0.1999999999999993, 0.09999999999999787
8501, -0.1999999999999993, 0.09999999999999787
8502, -0.1999999999999993, 0.09999999999999787
8503, -0.1999999999999993, 0.09999999999999787
8504, -0.09999999999999964, 0.09999999999999787
8505, -0.09999999999999964, 0.09999999999999787
8506, -0.09999999999999964, 0.09999999999999787
8507, -0.09999999999999964, 0.09999999999999787
8508, -0.09999999999999964, 0.09999999999999787
8509, -0.09999999999999964, 0.09999999999999787
8510, -0.09999999999999964, 0.09999999999999787
8511, -0.09999999999999964, 0.09999999999999787
8512, -0.09999999999999964, 0.0
8513, -0.09999999999999964, 0.0
8514, -0.09999999999999964, 0.0
8515, -0.09999999999999964, -0.10000000000000142
8516, -0.09999999999999964, -0.10000000000000142
8517, -0.09999999999999964, -0.10000000000000142
8518, -0.09999999999999964, -0.10000000000000142
8519, -0.09999999999999964, -0.10000000000000142
8520, -0.09999999999999964, 0.0
8521, -0.09999999999999964, 0.0
8522, -0.09999999999999964, 0.0
8523, -0.09999999999999964, 0.0
8524, -0.09999999999999964, 0.0
8525, -0.09999999999999964, 0.0
8526, -0.09999999999999964, 0.0
8527, 0.0, 0.0
8528, 0.0, 0.0
8529, 0.0, -0.10000000000000142
8530, 0.0, 0.0
8531, 0.0, 0.0
8532, 0.0, 0.0
8533, 0.0, 0.0
8534, 0.0, 0.0
8535, 0.0, 0.0
8536, 0.0, 0.0
8537, 0.0, 0.0
8538, 0.10000000000000142, -0.10000000000000142
8539, 0.10000000000000142, -0.10000000000000142
8540, 0.10000000000000142, -0.10000000000000142
8541, 0.10000000000000142, -0.10000000000000142
8542, 0.10000000000000142, -0.10000000000000142
8543, 0.10000000000000142, -0.10000000000000142
8544, 0.10000000000000142, -0.10000000000000142
8545, 0.10000000000000142, -0.10000000000000142
8546, 0.10000000000000142, -0.10000000000000142
8547, 0.10000000000000142, -0.10000000000000142
8548, 0.10000000000000142, -0.10000000000000142
8549, 0.10000000000000142, -0.1999999999999993
8550, 0.10000000000000142, -0.1999999999999993
8551, 0.10000000000000142, -0.1999999999999993
8552, 0.10000000000000142, -0.1999999999999993
8553, 0.10000000000000142, -0.1999999999999993
8554, 0.10000000000000142, -0.1999999999999993
8555, 0.10000000000000142, -0.1999999999999993
8556, 0.10000000000000142, -0.1999999999999993
8557, 0.10000000000000142, -0.1999999999999993
8558, 0.10000000000000142, -0.10000000000000142
8559, 0.10000000000000142, -0.10000000000000142
8560, 0.10000000000000142, -0.10000000000000142
8561, 0.10000000000000142, -0.10000000000000142
8562, 0.10000000000000142, -0.10000000000000142
8563, 0.0, -0.10000000000000142
8564, 0.0, -0.10000000000000142
8565, 0.0, -0.10000000000000142
8566, 0.0, -0.10000000000000142
8567, 0.0, -0.10000000000000142
8568, 0.0, -0.10000000000000142
8569, 0.0, -0.10000000000000142
8570, 0.0, 0.0
8571, 0.0, 0.0
8572, 0.0, 0.0
8573, 0.0, 0.0
8574, 0.0, 0.0
8575, 0.0, 0.0
8576, 0.0, 0.0
8577, 0.0, 0.0
8578, 0.0, 0.0
8579, 0.0, 0.0
8580, 0.0, 0.0
8581, 0.0, 0.0
8582, 0.0, 0.0
8583, 0.0, 0.0
8584, 0.0, 0.0
8585, 0.0, 0.0
8586, 0.10000000000000142, 0.0
8587, 0.10000000000000142, 0.0
8588, 0.10000000000000142, 0.0
8589, 0.10000000000000142, 0.0
8590, 0.10000000000000142, 0.0
8591, 0.10000000000000142, 0.0
8592, 0.10000000000000142, 0.0
8593, 0.10000000000000142, 0.0
8594, 0.10000000000000142, 0.0
8595, 0.10000000000000142, 0.0
8596, 0.10000000000000142, 0.0
8597, 0.10000000000000142, 0.0
8598, 0.10000000000000142, 0.0
8599, 0.10000000000000142, 0.0
8600, 0.10000000000000142, 0.0
8601, 0.10000000000000142, 0.0
8602, 0.10000000000000142, 0.0
8603, 0.10000000000000142, 0.0
8604, 0.10000000000000142, 0.09999999999999787
8605, 0.10000000000000142, 0.09999999999999787
8606, 0.10000000000000142, 0.09999999999999787
8607, 0.10000000000000142, 0.09999999999999787
8608, 0.10000000000000142, 0.09999999999999787
8609, 0.10000000000000142, 0.09999999999999787
8610, 0.10000000000000142, 0.09999999999999787
8611, 0.10000000000000142, 0.0
8612, 0.10000000000000142, 0.0
8613, 0.10000000000000142, 0.0
8614, 0.0, 0.0
8615, 0.0, 0.0
8616, 0.0, 0.0
8617, 0.0, 0.0
8618, 0.0, 0.0
8619, 0.0, 0.0
8620, 0.0, 0.0
8621, 0.0, 0.0
8622, 0.0, 0.0
8623, 0.0, 0.0
8624, 0.0, 0.0
8625, 0.0, 0.09999999999999787
8626, 0.0, 0.09999999999999787
8627, 0.0, 0.09999999999999787
8628, 0.0, 0.09999999999999787
8629, 0.0, 0.09999999999999787
8630, 0.0, 0.09999999999999787
8631, 0.0, 0.09999999999999787
8632, 0.0, 0.09999999999999787
8633, 0.0, 0.09999999999999787
8634, 0.0, 0.09999999999999787
8635, 0.0, 0.09999999999999787
8636, 0.0, 0.0
8637, 0.0, 0.0
8638, 0.0, 0.0
8639, 0.0, 0.0
8640, 0.0, 0.0
8641, 0.0, 0.0
8642, 0.0, 0.0
8643, 0.0, 0.0
8644, 0.0, 0.0
8645, 0.0, 0.0
8646, 0.0, 0.0
8647, 0.0, 0.0
8648, 0.0, 0.0
8649, 0.0, 0.0
8650, 0.0, 0.0
8651, 0.0, 0.0
8652, 0.0, 0.0
8653, 0.0, 0.0
8654, 0.0, 0.0
8655, 0.0, 0.0
8656, 0.0, 0.0
8657, 0.0, 0.0
8658, 0.0, 0.0
8659, 0.0, 0.0
8660, 0.0, 0.0
8661, 0.0, 0.0
8662, 0.0, 0.0
8663, 0.0, 0.0
8664, 0.0, 0.09999999999999787
8665, 0.0, 0.09999999999999787
8666, 0.0, 0.09999999999999787
8667, 0.0, 0.09999999999999787
8668, 0.0, 0.09999999999999787
8669, 0.0, 0.09999999999999787
8670, 0.0, 0.09999999999999787
8671, 0.0, 0.09999999999999787
8672, 0.0, 0.09999999999999787
8673, 0.0, 0.09999999999999787
8674, 0.0, 0.09999999999999787
8675, 0.0, 0.09999999999999787
8676, 0.0, 0.09999999999999787
8677, 0.0, 0.09999999999999787
8678, 0.0, 0.09999999999999787
8679, 0.0, 0.0
8680, 0.0, 0.0
8681, 0.0, 0.0
8682, 0.0, 0.0
8683, 0.0, 0.0
8684, 0.0, 0.0
8685, 0.0, 0.0
8686, 0.0, 0.0
8687, 0.0, 0.0
8688, 0.0, 0.0
8689, 0.0, 0.0
8690, 0.0, 0.0
8691, 0.0, 0.0
8692, 0.0, 0.0
8693, 0.0, 0.0
8694, 0.0, 0.0
8695, 0.0, 0.0
8696, 0.0, -0.10000000000000142
8697, 0.0, -0.10000000000000142
8698, 0.0, -0.10000000000000142
8699, 0.0, -0.10000000000000142
8700, 0.0, -0.10000000000000142
8701, 0.0, -0.10000000000000142
8702, 0.0, -0.10000000000000142
8703, 0.0, -0.10000000000000142
8704, 0.0, -0.10000000000000142
8705, 0.0, -0.10000000000000142
8706, 0.0, -0.10000000000000142
8707, 0.0, -0.10000000000000142
8708, 0.0, -0.10000000000000142
8709, 0.0, -0.10000000000000142
8710, 0.0, -0.10000000000000142
8711, 0.0, -0.10000000000000142
8712, 0.0, -0.10000000000000142
8713, 0.0, -0.10000000000000142
8714, 0.0, -0.10000000000000142
8715, 0.0, -0.10000000000000142
8716, 0.0, -0.10000000000000142
8717, 0.0, -0.10000000000000142
8718, 0.0, -0.10000000000000142
8719, 0.0, -0.10000000000000142
8720, 0.0, -0.10000000000000142
8721, 0.0, -0.10000000000000142
8722, 0.0, 0.0
8723, 0.0, 0.0
8724, 0.0, 0.0
8725, 0.0, 0.0
8726, 0.0, 0.0
8727, 0.0, 0.0
8728, 0.0, 0.0
8729, 0.0, 0.0
8730, 0.0, 0.0
8731, 0.0, 0.0
8732, 0.0, 0.0
8733, 0.0, 0.0
8734, 0.0, 0.0
8735, 0.0, 0.0
8736, 0.0, 0.0
8737, 0.0, 0.0
8738, 0.0, 0.0
8739, 0.0, 0.0
8740, 0.0, 0.0
8741, 0.0, 0.0
8742, 0.0, 0.0
8743, 0.0, 0.0
8744, 0.0, -0.10000000000000142
8745, 0.0, -0.10000000000000142
8746, 0.0, -0.10000000000000142
8747, 0.0, -0.10000000000000142
8748, 0.0, -0.10000000000000142
8749, 0.0, -0.10000000000000142
8750, 0.0, -0.10000000000000142
8751, 0.0, -0.10000000000000142
8752, 0.0, -0.10000000000000142
8753, 0.0, -0.10000000000000142
8754, 0.0, -0.10000000000000142
8755, 0.0, -0.10000000000000142
8756, 0.0, -0.10000000000000142
8757, 0.0, -0.10000000000000142
8758, 0.0, -0.10000000000000142
8759, 0.0, -0.10000000000000142
8760, 0.0, -0.10000000000000142
8761, 0.0, -0.10000000000000142
8762, 0.0, -0.10000000000000142
8763, 0.0, -0.10000000000000142
8764, 0.0, -0.10000000000000142
8765, 0.0, -0.10000000000000142
8766, 0.0, -0.10000000000000142
8767, 0.0, -0.10000000000000142
8768, 0.0, -0.10000000000000142
8769, 0.0, -0.10000000000000142
8770, 0.0, -0.10000000000000142
8771, 0.0, -0.10000000000000142
8772, 0.0, -0.10000000000000142
8773, 0.0, -0.10000000000000142
8774, 0.0, -0.10000000000000142
8775, 0.0, 0.0
8776, 0.0, 0.0
8777, 0.0, 0.0
8778, 0.0, 0.0
8779, 0.0, -0.10000000000000142
8780, 0.0, -0.10000000000000142
8781, 0.0, -0.10000000000000142
8782, 0.0, -0.10000000000000142
8783, 0.0, -0.10000000000000142
8784, 0.0, -0.10000000000000142
8785, 0.0, -0.10000000000000142
8786, 0.0, -0.10000000000000142
8787, 0.0, -0.10000000000000142
8788, 0.0, -0.10000000000000142
8789, 0.0, -0.10000000000000142
8790, 0.0, -0.10000000000000142
8791, 0.0, 0.0
8792, 0.0, 0.0
8793, 0.0, 0.0
8794, 0.0, 0.0
8795, 0.0, 0.0
8796, 0.0, 0.0
8797, 0.0, 0.0
8798, 0.0, 0.0
8799, 0.0, 0.0
8800, 0.0, 0.0
8801, 0.0, 0.0
8802, 0.0, 0.0
8803, 0.0, 0.0
8804, 0.0, 0.0
8805, 0.0, 0.0
8806, 0.0, 0.0
8807, 0.0, 0.0
8808, 0.0, 0.0
8809, 0.0, 0.0
8810, 0.0, 0.0
8811, 0.0, 0.0
8812, 0.0, 0.0
8813, 0.0, 0.0
8814, 0.0, 0.0
8815, 0.0, 0.0
8816, 0.0, 0.0
8817, 0.0, 0.0
8818, 0.0, 0.0
8819, 0.0, 0.0
8820, 0.0, 0.0
8821, 0.0, 0.0
8822, 0.0, 0.0
8823, 0.0, 0.0
8824, 0.0, 0.0
8825, 0.0, 0.0
8826, 0.0, 0.0
8827, 0.0, 0.0
8828, 0.0, 0.0
8829, 0.0, 0.0
8830, 0.0, 0.0
8831, 0.0, 0.0
8832, 0.0, 0.0
8833, 0.0, 0.0
8834, 0.0, 0.0
8835, 0.0, 0.0
8836, 0.0, 0.09999999999999787
8837, 0.0, 0.09999999999999787
8838, 0.0, 0.09999999999999787
8839, 0.0, 0.09999999999999787
8840, 0.0, 0.09999999999999787
8841, 0.0, 0.09999999999999787
8842, 0.0, 0.09999999999999787
8843, 0.0, 0.09999999999999787
8844, 0.0, 0.09999999999999787
8845, 0.0, 0.09999999999999787
8846, 0.0, 0.09999999999999787
8847, 0.0, 0.09999999999999787
8848, 0.0, 0.09999999999999787
8849, 0.0, 0.09999999999999787
8850, 0.0, 0.09999999999999787
8851, 0.0, 0.09999999999999787
8852, 0.0, 0.09999999999999787
8853, 0.0, 0.09999999999999787
8854, 0.0, 0.09999999999999787
8855, 0.0, 0.09999999999999787
8856, 0.0, 0.09999999999999787
8857, 0.0, 0.09999999999999787
8858, 0.0, 0.09999999999999787
8859, 0.0, 0.0
8860, 0.0, 0.09999999999999787
8861, 0.0, 0.09999999999999787
8862, 0.0, 0.0
8863, 0.0, 0.0
8864, 0.0, 0.0
8865, -0.09999999999999964, 0.0
8866, -0.09999999999999964, 0.0
8867, -0.09999999999999964, 0.0
8868, -0.09999999999999964, 0.0
8869, -0.09999999999999964, 0.0
8870, -0.09999999999999964, 0.0
8871, -0.09999999999999964, 0.0
8872, 0.0, 0.0
8873, 0.0, 0.0
8874, 0.0, 0.0
8875, 0.0, 0.0
8876, 0.0, 0.0
8877, 0.0, 0.0
8878, 0.0, 0.0
8879, 0.0, 0.0
8880, 0.0, 0.0
8881, 0.0, 0.0
8882, 0.0, 0.0
8883, 0.0, 0.0
8884, 0.0, 0.0
8885, 0.0, 0.0
8886, 0.0, 0.0
8887, 0.0, 0.0
8888, 0.0, -0.10000000000000142
8889, 0.0, -0.10000000000000142
8890, 0.0, -0.10000000000000142
8891, 0.0, -0.10000000000000142
8892, 0.0, -0.10000000000000142
8893, 0.0, -0.10000000000000142
8894, 0.0, -0.10000000000000142
8895, 0.0, -0.10000000000000142
8896, 0.0, -0.10000000000000142
8897, 0.0, -0.10000000000000142
8898, 0.0, 0.0
8899, 0.0, 0.0
8900, 0.0, 0.0
8901, -0.09999999999999964, 0.0
8902, -0.09999999999999964, 0.0
8903, -0.09999999999999964, 0.0
8904, -0.09999999999999964, 0.0
8905, 0.0, 0.0
8906, 0.0, 0.0
8907, 0.0, 0.0
8908, 0.0, 0.0
8909, 0.0, 0.0
8910, 0.0, 0.0
8911, 0.0, 0.0
8912, 0.0, 0.0
8913, 0.0, 0.0
8914, 0.0, 0.09999999999999787
8915, 0.0, 0.09999999999999787
8916, 0.0, 0.09999999999999787
8917, 0.0, 0.09999999999999787
8918, 0.0, 0.09999999999999787
8919, 0.0, 0.09999999999999787
8920, 0.0, 0.09999999999999787
8921, 0.0, 0.09999999999999787
8922, 0.0, 0.09999999999999787
8923, 0.0, 0.09999999999999787
8924, 0.0, 0.09999999999999787
8925, 0.0, 0.09999999999999787
8926, 0.0, 0.09999999999999787
8927, 0.0, 0.09999999999999787
8928, 0.0, 0.09999999999999787
8929, 0.0, 0.09999999999999787
8930, 0.0, 0.09999999999999787
8931, 0.0, 0.09999999999999787
8932, 0.0, 0.09999999999999787
8933, 0.0, 0.09999999999999787
8934, 0.0, 0.09999999999999787
8935, 0.0, 0.09999999999999787
8936, 0.0, 0.09999999999999787
8937, 0.0, 0.09999999999999787
8938, 0.0, 0.09999999999999787
8939, 0.0, 0.09999999999999787
8940, 0.0, 0.09999999999999787
8941, 0.0, 0.09999999999999787
8942, 0.0, 0.09999999999999787
8943, 0.0, 0.09999999999999787
8944, 0.0, 0.09999999999999787
8945, 0.0, 0.09999999999999787
8946, 0.0, 0.0
8947, 0.0, 0.0
8948, 0.0, 0.0
8949, 0.0, 0.0
8950, 0.0, 0.0
8951, 0.0, 0.09999999999999787
8952, 0.0, 0.09999999999999787
8953, 0.0, 0.09999999999999787
8954, 0.0, 0.09999999999999787
8955, 0.0, 0.09999999999999787
8956, 0.0, 0.0
8957, -0.09999999999999964, 0.0
8958, -0.09999999999999964, 0.0
8959, -0.09999999999999964, 0.0
8960, -0.09999999999999964, 0.0
8961, 0.0, 0.0
8962, 0.0, 0.0
8963, 0.0, 0.0
8964, 0.0, 0.0
8965, 0.0, 0.0
8966, 0.0, 0.0
8967, 0.0, 0.0
8968, 0.0, 0.0
8969, 0.0, 0.0
8970, 0.0, 0.0
8971, 0.0, 0.0
8972, 0.0, 0.0
8973, 0.0, 0.0
8974, 0.0, 0.0
8975, 0.0, 0.0
8976, 0.0, 0.0
8977, 0.0, 0.0
8978, 0.0, 0.0
8979, 0.0, 0.0
8980, 0.0, 0.0
8981, 0.0, 0.0
8982, 0.0, 0.0
8983, 0.0, 0.0
8984, 0.0, 0.0
8985, 0.0, 0.0
8986, 0.0, 0.0
8987, 0.0, 0.0
8988, 0.0, 0.0
8989, 0.0, 0.0
8990, 0.0, 0.0
8991, 0.0, 0.0
8992, 0.0, 0.0
8993, 0.0, 0.0
8994, 0.0, 0.0
8995, 0.0, 0.0
8996, 0.0, 0.0
8997, 0.0, 0.0
8998, 0.0, 0.0
8999, 0.0, 0.0
9000, 0.0, 0.0
9001, 0.0, 0.0
9002, 0.0, 0.0
9003, 0.0, 0.0
9004, 0.0, 0.0
9005, 0.0, 0.0
9006, 0.0, 0.0
9007, 0.0, 0.0
9008, 0.0, 0.0
9009, 0.0, 0.0
9010, 0.0, 0.0
9011, 0.0, 0.0
9012, 0.0, 0.0
9013, 0.0, 0.0
9014, 0.0, 0.0
9015, 0.0, 0.0
9016, 0.0, 0.0
9017, 0.0, 0.0
9018, 0.0, 0.0
9019, 0.0, 0.0
9020, 0.10000000000000142, 0.0
9021, 0.10000000000000142, 0.0
9022, 0.10000000000000142, 0.0
9023, 0.10000000000000142, 0.0
9024, 0.10000000000000142, 0.0
9025, 0.10000000000000142, 0.0
9026, 0.10000000000000142, 0.0
9027, 0.10000000000000142, 0.0
9028, 0.10000000000000142, 0.0
9029, 0.10000000000000142, 0.0
9030, 0.10000000000000142, 0.0
9031, 0.10000000000000142, 0.0
9032, 0.10000000000000142, 0.0
9033, 0.10000000000000142, 0.0
9034, 0.10000000000000142, 0.0
9035, 0.10000000000000142, 0.0
9036, 0.10000000000000142, 0.0
9037, 0.10000000000000142, 0.0
9038, 0.10000000000000142, 0.0
9039, 0.10000000000000142, 0.0
9040, 0.10000000000000142, 0.0
9041, 0.0, -0.10000000000000142
9042, 0.0, -0.10000000000000142
9043, 0.0, -0.10000000000000142
9044, 0.0, -0.10000000000000142
9045, 0.0, -0.10000000000000142
9046, 0.0, -0.10000000000000142
9047, 0.0, -0.10000000000000142
9048, 0.0, -0.10000000000000142
9049, 0.0, -0.10000000000000142
9050, 0.0, -0.10000000000000142
9051, 0.0, -0.10000000000000142
9052, 0.0, -0.10000000000000142
9053, 0.0, -0.10000000000000142
9054, 0.0, -0.10000000000000142
9055, 0.0, -0.10000000000000142
9056, 0.0, -0.10000000000000142
9057, 0.0, -0.10000000000000142
9058, 0.0, -0.10000000000000142
9059, 0.0, -0.10000000000000142
9060, 0.0, -0.10000000000000142
9061, 0.10000000000000142, -0.10000000000000142
9062, 0.10000000000000142, -0.10000000000000142
9063, 0.10000000000000142, -0.10000000000000142
9064, 0.10000000000000142, -0.10000000000000142
9065, 0.10000000000000142, -0.10000000000000142
9066, 0.10000000000000142, -0.10000000000000142
9067, 0.10000000000000142, -0.10000000000000142
9068, 0.10000000000000142, 0.0
9069, 0.10000000000000142, 0.0
9070, 0.10000000000000142, 0.0
9071, 0.10000000000000142, 0.0
9072, 0.10000000000000142, 0.0
9073, 0.10000000000000142, 0.0
9074, 0.10000000000000142, 0.0
9075, 0.10000000000000142, 0.0
9076, 0.10000000000000142, 0.0
9077, 0.10000000000000142, 0.0
9078, 0.10000000000000142, 0.0
9079, 0.10000000000000142, 0.0
9080, 0.10000000000000142, 0.0
9081, 0.10000000000000142, 0.0
9082, 0.10000000000000142, 0.0
9083, 0.10000000000000142, 0.0
9084, 0.10000000000000142, 0.0
9085, 0.10000000000000142, 0.0
9086, 0.0, 0.0
9087, 0.0, 0.0
9088, 0.0, 0.0
9089, 0.0, 0.0
9090, 0.0, 0.0
9091, 0.0, 0.0
9092, 0.0, 0.0
9093, 0.0, 0.0
9094, 0.0, 0.0
9095, 0.0, 0.0
9096, 0.0, 0.0
9097, 0.0, 0.0
9098, 0.0, 0.0
9099, 0.0, 0.0
9100, 0.0, 0.0
9101, 0.0, 0.0
9102, 0.0, 0.0
9103, 0.0, 0.0
9104, 0.0, 0.0
9105, 0.0, 0.0
9106, 0.0, 0.0
9107, 0.0, 0.0
9108, 0.0, 0.0
9109, 0.0, 0.0
9110, 0.0, 0.0
9111, 0.0, 0.0
9112, 0.0, 0.0
9113, 0.0, 0.0
9114, 0.0, 0.0
9115, 0.0, 0.0
9116, 0.0, 0.0
9117, 0.0, 0.0
9118, 0.0, 0.0
9119, 0.0, 0.0
9120, 0.0, 0.0
9121, 0.0, 0.0
9122, 0.0, 0.0
9123, 0.0, 0.0
9124, 0.0, 0.0
9125, 0.0, 0.0
9126, 0.0, 0.0
9127, 0.0, 0.0
9128, 0.0, 0.0
9129, 0.0, 0.0
9130, 0.0, 0.0
9131, 0.0, 0.0
9132, 0.0, 0.0
9133, 0.0, 0.0
9134, 0.0, 0.0
9135, 0.0, 0.0
9136, 0.0, 0.0
9137, 0.0, 0.0
9138, 0.0, -0.10000000000000142
9139, 0.0, -0.10000000000000142
9140, 0.0, -0.10000000000000142
9141, 0.0, -0.10000000000000142
9142, 0.0, -0.10000000000000142
9143, 0.0, -0.10000000000000142
9144, 0.0, -0.10000000000000142
9145, 0.0, -0.10000000000000142
9146, -0.09999999999999964, -0.10000000000000142
9147, -0.09999999999999964, -0.10000000000000142
9148, -0.09999999999999964, 0.0
9149, -0.09999999999999964, 0.0
9150, -0.09999999999999964, 0.0
9151, -0.09999999999999964, 0.0
9152, -0.09999999999999964, 0.0
9153, -0.09999999999999964, 0.0
9154, -0.09999999999999964, 0.0
9155, -0.09999999999999964, 0.0
9156, 0.0, 0.0
9157, 0.0, 0.0
9158, 0.0, 0.09999999999999787
9159, 0.0, 0.09999999999999787
9160, 0.0, 0.09999999999999787
9161, 0.0, 0.09999999999999787
9162, 0.0, 0.09999999999999787
9163, 0.0, 0.09999999999999787
9164, 0.0, 0.09999999999999787
9165, 0.0, 0.09999999999999787
9166, 0.0, 0.09999999999999787
9167, 0.0, 0.09999999999999787
9168, 0.0, 0.09999999999999787
9169, 0.0, 0.09999999999999787
9170, 0.0, 0.09999999999999787
9171, 0.0, 0.09999999999999787
9172, 0.0, 0.09999999999999787
9173, 0.0, 0.09999999999999787
9174, 0.0, 0.09999999999999787
9175, 0.0, 0.09999999999999787
9176, 0.0, 0.09999999999999787
9177, 0.0, 0.09999999999999787
9178, 0.0, 0.09999999999999787
9179, 0.0, 0.09999999999999787
9180, 0.0, 0.0
9181, 0.0, 0.0
9182, 0.0, 0.0
9183, 0.0, 0.0
9184, 0.0, 0.0
9185, 0.0, 0.0
9186, 0.0, 0.0
9187, 0.0, 0.0
9188, 0.0, 0.0
9189, 0.0, 0.0
9190, 0.0, 0.0
9191, 0.0, 0.0
9192, 0.0, 0.0
9193, 0.0, 0.0
9194, 0.0, 0.0
9195, 0.0, 0.0
9196, 0.0, 0.0
9197, 0.0, 0.0
9198, 0.0, 0.0
9199, 0.0, 0.0
9200, 0.0, 0.0
9201, 0.0, 0.09999999999999787
9202, 0.0, 0.09999999999999787
9203, 0.0, 0.09999999999999787
9204, 0.0, 0.09999999999999787
9205, 0.0, 0.09999999999999787
9206, 0.0, 0.09999999999999787
9207, 0.0, 0.09999999999999787
9208, 0.0, 0.09999999999999787
9209, 0.0, 0.09999999999999787
9210, 0.0, 0.09999999999999787
9211, 0.0, 0.09999999999999787
9212, 0.0, 0.09999999999999787
9213, 0.0, 0.09999999999999787
9214, 0.0, 0.0
9215, 0.0, 0.0
9216, 0.0, 0.09999999999999787
9217, 0.0, 0.1999999999999993
9218, 0.0, 0.1999999999999993
9219, 0.0, 0.1999999999999993
9220, 0.0, 0.09999999999999787
9221, 0.0, 0.09999999999999787
9222, 0.0, 0.3000000000000007
9223, 0.0, 0.1999999999999993
9224, 0.0, 0.1999999999999993
9225, 0.0, 0.3000000000000007
9226, 0.0, 0.3000000000000007
9227, 0.0, 0.3000000000000007
9228, 0.0, 0.3000000000000007
9229, 0.0, 0.3999999999999986
9230, 0.0, 0.3999999999999986
9231, 0.0, 0.3999999999999986
9232, 0.0, 0.5
9233, 0.0, 0.3999999999999986
9234, 0.0, 0.5
9235, 0.0, 0.5
9236, 0.0, 0.5
9237, 0.0, 0.5999999999999979
9238, 0.0, 0.5999999999999979
9239, 0.0, 0.5999999999999979
9240, 0.0, 0.6999999999999993
9241, 0.0, 0.5999999999999979
9242, 0.0, 0.5999999999999979
9243, 0.0, 0.6999999999999993
9244, 0.0, 0.6999999999999993
9245, 0.0, 0.5999999999999979
9246, 0.0, 0.5999999999999979
9247, 0.0, 0.6999999999999993
9248, 0.0, 0.6999999999999993
9249, 0.0, 0.5999999999999979
9250, 0.0, 0.6999999999999993
9251, 0.0, 0.6999999999999993
9252, 0.0, 0.6999999999999993
9253, 0.0, 0.6999999999999993
9254, 0.0, 0.5999999999999979
9255, 0.0, 0.6999999999999993
9256, 0.0, 0.6999999999999993
9257, 0.0, 0.6999999999999993
9258, 0.0, 0.6999999999999993
9259, 0.0, 0.5999999999999979
9260, 0.0, 0.5
9261, 0.0, 0.5
9262, 0.0, 0.5
9263, 0.0, 0.3999999999999986
9264, 0.0, 0.3999999999999986
9265, 0.0, 0.3999999999999986
9266, 0.0, 0.3999999999999986
9267, 0.0, 0.3999999999999986
9268, 0.0, 0.3999999999999986
9269, 0.0, 0.3000000000000007
9270, 0.10000000000000142, 0.3000000000000007
9271, 0.10000000000000142, 0.3000000000000007
9272, 0.10000000000000142, 0.1999999999999993
9273, 0.10000000000000142, 0.1999999999999993
9274, 0.10000000000000142, 0.1999999999999993
9275, 0.10000000000000142, 0.1999999999999993
9276, 0.10000000000000142, 0.1999999999999993
9277, 0.10000000000000142, 0.3000000000000007
9278, 0.10000000000000142, 0.3000000000000007
9279, 0.10000000000000142, 0.1999999999999993
9280, 0.10000000000000142, 0.3000000000000007
9281, 0.10000000000000142, 0.1999999999999993
9282, 0.10000000000000142, 0.3000000000000007
9283, 0.10000000000000142, 0.1999999999999993
9284, 0.10000000000000142, 0.1999999999999993
9285, 0.10000000000000142, 0.1999999999999993
9286, 0.10000000000000142, 0.1999999999999993
9287, 0.10000000000000142, 0.3000000000000007
9288, 0.10000000000000142, 0.1999999999999993
9289, 0.10000000000000142, 0.1999999999999993
9290, 0.10000000000000142, 0.1999999999999993
9291, 0.10000000000000142, 0.3999999999999986
9292, 0.10000000000000142, 0.3000000000000007
9293, 0.10000000000000142, 0.3000000000000007
9294, 0.10000000000000142, 0.3000000000000007
9295, 0.10000000000000142, 0.3000000000000007
9296, 0.10000000000000142, 0.3000000000000007
9297, 0.10000000000000142, 0.3000000000000007
9298, 0.10000000000000142, 0.3000000000000007
9299, 0.10000000000000142, 0.5
9300, 0.10000000000000142, 0.5
9301, 0.10000000000000142, 0.5
9302, 0.10000000000000142, 0.5
9303, 0.10000000000000142, 0.3999999999999986
9304, 0.10000000000000142, 0.5
9305, 0.10000000000000142, 0.5
9306, 0.0, 0.5999999999999979
9307, 0.0, 0.5999999999999979
9308, 0.0, 0.5999999999999979
9309, 0.0, 0.5999999999999979
9310, 0.0, 0.6999999999999993
9311, 0.0, 0.6999999999999993
9312, 0.0, 0.6999999999999993
9313, 0.0, 0.8000000000000007
9314, 0.0, 0.8000000000000007
9315, 0.0, 0.8000000000000007
9316, 0.0, 0.8000000000000007
9317, 0.0, 0.8000000000000007
9318, 0.0, 0.8000000000000007
9319, 0.0, 0.8000000000000007
9320, 0.0, 0.8999999999999986
9321, 0.0, 0.8000000000000007
9322, 0.0, 0.8000000000000007
9323, 0.0, 0.8000000000000007
9324, 0.0, 0.8000000000000007
9325, 0.0, 0.8000000000000007
9326, 0.0, 0.8000000000000007
9327, 0.0, 0.8000000000000007
9328, 0.0, 0.8000000000000007
9329, 0.0, 0.8000000000000007
9330, 0.0, 0.8000000000000007
9331, 0.0, 0.8000000000000007
9332, 0.0, 0.8000000000000007
9333, 0.0, 0.8000000000000007
9334, 0.0, 0.8000000000000007
9335, 0.0, 0.6999999999999993
9336, 0.0, 0.6999999999999993
9337, 0.0, 0.6999999999999993
9338, 0.0, 0.8000000000000007
9339, 0.0, 0.6999999999999993
9340, 0.0, 0.6999999999999993
9341, 0.0, 0.6999999999999993
9342, 0.0, 0.6999999999999993
9343, 0.0, 0.6999999999999993
9344, 0.0, 0.8000000000000007
9345, 0.0, 0.6999999999999993
9346, 0.0, 0.6999999999999993
9347, 0.10000000000000142, 0.5999999999999979
9348, 0.10000000000000142, 0.6999999999999993
9349, 0.10000000000000142, 0.5999999999999979
9350, 0.10000000000000142, 0.6999999999999993
9351, 0.10000000000000142, 0.5999999999999979
9352, 0.10000000000000142, 0.5999999999999979
9353, 0.10000000000000142, 0.6999999999999993
9354, 0.10000000000000142, 0.5999999999999979
9355, 0.10000000000000142, 0.6999999999999993
9356, 0.10000000000000142, 0.6999999999999993
9357, 0.10000000000000142, 0.5999999999999979
9358, 0.10000000000000142, 0.5999999999999979
9359, 0.10000000000000142, 0.5999999999999979
9360, 0.10000000000000142, 0.5999999999999979
9361, 0.10000000000000142, 0.5999999999999979
9362, 0.10000000000000142, 0.5999999999999979
9363, 0.10000000000000142, 0.5999999999999979
9364, 0.10000000000000142, 0.5999999999999979
9365, 0.10000000000000142, 0.5999999999999979
9366, 0.10000000000000142, 0.5999999999999979
9367, 0.10000000000000142, 0.5999999999999979
9368, 0.10000000000000142, 0.5
9369, 0.10000000000000142, 0.5999999999999979
9370, 0.10000000000000142, 0.5
9371, 0.10000000000000142, 0.5
9372, 0.10000000000000142, 0.5
9373, 0.10000000000000142, 0.5
9374, 0.10000000000000142, 0.5
9375, 0.10000000000000142, 0.5
9376, 0.10000000000000142, 0.5
9377, 0.10000000000000142, 0.5
9378, 0.10000000000000142, 0.3999999999999986
9379, 0.10000000000000142, 0.3999999999999986
9380, 0.10000000000000142, 0.3999999999999986
9381, 0.10000000000000142, 0.3999999999999986
9382, 0.10000000000000142, 0.3999999999999986
9383, 0.10000000000000142, 0.3999999999999986
9384, 0.0, 0.3999999999999986
9385, 0.0, 0.3000000000000007
9386, 0.0, 0.3000000000000007
9387, 0.0, 0.3999999999999986
9388, 0.0, 0.3000000000000007
9389, 0.0, 0.3000000000000007
9390, 0.0, 0.3000000000000007
9391, -0.09999999999999964, 0.3999999999999986
9392, -0.1999999999999993, 0.3999999999999986
9393, -0.1999999999999993, 0.3999999999999986
9394, -0.1999999999999993, 0.3999999999999986
9395, -0.1999999999999993, 0.5
9396, -0.1999999999999993, 0.5
9397, -0.1999999999999993, 0.5
9398, -0.1999999999999993, 0.5999999999999979
9399, -0.1999999999999993, 0.5999999999999979
9400, -0.1999999999999993, 0.6999999999999993
9401, -0.1999999999999993, 0.6999999999999993
9402, -0.1999999999999993, 0.6999999999999993
9403, -0.09999999999999964, 0.6999999999999993
9404, -0.09999999999999964, 0.8000000000000007
9405, 0.0, 0.8000000000000007
9406, 0.0, 0.8000000000000007
9407, 0.0, 0.8999999999999986
9408, 0.0, 0.8999999999999986
9409, 0.0, 0.8999999999999986
9410, 0.0, 1.0
9411, 0.0, 1.0
9412, 0.0, 1.0
9413, 0.0, 1.0
9414, 0.0, 1.0999999999999979
9415, 0.0, 1.0999999999999979
9416, 0.0, 1.0999999999999979
9417, 0.0, 1.0999999999999979
9418, 0.0, 1.0999999999999979
9419, 0.0, 1.0999999999999979
9420, 0.0, 1.0999999999999979
9421, 0.0, 1.0999999999999979
9422, 0.0, 1.1999999999999993
9423, 0.0, 1.0999999999999979
9424, 0.0, 1.1999999999999993
9425, 0.0, 1.1999999999999993
9426, 0.0, 1.0999999999999979
9427, 0.0, 1.0
9428, 0.0, 1.0
9429, 0.0, 1.0
9430, 0.0, 1.0
9431, 0.0, 0.8999999999999986
9432, 0.0, 0.8999999999999986
9433, 0.0, 0.8999999999999986
9434, 0.0, 0.8999999999999986
9435, 0.0, 0.8000000000000007
9436, 0.0, 0.8000000000000007
9437, 0.0, 0.8000000000000007
9438, 0.0, 0.6999999999999993
9439, 0.0, 0.6999999999999993
9440, 0.0, 0.5
9441, 0.0, 0.5
9442, 0.0, 0.5
9443, 0.0, 0.3999999999999986
9444, 0.0, 0.3999999999999986
9445, 0.0, 0.3000000000000007
9446, 0.0, 0.3000000000000007
9447, 0.0, 0.1999999999999993
9448, 0.0, 0.09999999999999787
9449, 0.0, 0.0
9450, 0.0, -0.10000000000000142
9451, 0.0, -0.1999999999999993
9452, 0.0, -0.1999999999999993
9453, 0.0, -0.3000000000000007
9454, 0.0, -0.40000000000000213
9455, 0.0, -0.40000000000000213
9456, 0.0, -0.5
9457, 0.0, -0.6000000000000014
9458, 0.0, -0.6999999999999993
9459, 0.0, -0.8000000000000007
9460, 0.0, -0.8000000000000007
9461, 0.0, -0.9000000000000021
9462, 0.0, -1.1000000000000014
9463, 0.0, -1.1999999999999993
9464, 0.0, -1.3000000000000007
9465, 0.0, -1.4000000000000021
9466, 0.0, -1.5
9467, 0.0, -1.6999999999999993
9468, 0.0, -1.8000000000000007
9469, 0.0, -1.9000000000000021
9470, 0.0, -2.0
9471, 0.0, -2.1000000000000014
9472, 0.0, -2.1999999999999993
9473, 0.0, -2.3000000000000007
9474, 0.0, -2.400000000000002
9475, 0.0, -2.5
9476, 0.0, -2.6999999999999993
9477, 0.0, -2.8000000000000007
9478, 0.0, -3.0
9479, 0.0, -3.0
9480, 0.0, -3.1999999999999993
9481, 0.10000000000000142, -3.1999999999999993
9482, 0.10000000000000142, -3.400000000000002
9483, 0.10000000000000142, -3.400000000000002
9484, 0.10000000000000142, -3.6000000000000014
9485, 0.10000000000000142, -3.6000000000000014
9486, 0.10000000000000142, -3.6999999999999993
9487, 0.10000000000000142, -3.6999999999999993
9488, 0.10000000000000142, -3.8000000000000007
9489, 0.10000000000000142, -3.8000000000000007
9490, 0.10000000000000142, -3.900000000000002
9491, 0.10000000000000142, -4.0
9492, 0.10000000000000142, -4.0
9493, 0.10000000000000142, -4.0
9494, 0.10000000000000142, -4.0
9495, 0.10000000000000142, -4.0
9496, 0.10000000000000142, -4.0
9497, 0.10000000000000142, -4.0
9498, 0.10000000000000142, -4.0
9499, 0.10000000000000142, -4.0
9500, 0.10000000000000142, -4.0
9501, 0.10000000000000142, -3.8000000000000007
9502, 0.0, -3.8000000000000007
9503, 0.0, -3.6999999999999993
9504, 0.0, -3.6000000000000014
9505, 0.0, -3.6000000000000014
9506, 0.0, -3.400000000000002
9507, 0.0, -3.1999999999999993
9508, 0.0, -3.1999999999999993
9509, 0.0, -3.1000000000000014
9510, 0.0, -3.0
9511, 0.0, -2.8000000000000007
9512, 0.0, -2.6999999999999993
9513, 0.10000000000000142, -2.5
9514, 0.10000000000000142, -2.400000000000002
9515, 0.10000000000000142, -2.1999999999999993
9516, 0.10000000000000142, -2.0
9517, 0.10000000000000142, -1.9000000000000021
9518, 0.10000000000000142, -1.6999999999999993
9519, 0.10000000000000142, -1.5
9520, 0.10000000000000142, -1.4000000000000021
9521, 0.10000000000000142, -1.1999999999999993
9522, 0.10000000000000142, -1.0
9523, 0.10000000000000142, -0.9000000000000021
9524, 0.10000000000000142, -0.6999999999999993
9525, 0.10000000000000142, -0.40000000000000213
9526, 0.0, -0.3000000000000007
9527, 0.0, -0.1999999999999993
9528, 0.0, 0.0
9529, 0.0, 0.09999999999999787
9530, 0.0, 0.1999999999999993
9531, 0.0, 0.3999999999999986
9532, 0.0, 0.5999999999999979
9533, 0.0, 0.6999999999999993
9534, 0.0, 0.6999999999999993
9535, 0.0, 0.8999999999999986
9536, 0.0, 1.0
9537, 0.0, 1.0
9538, 0.0, 1.1999999999999993
9539, 0.0, 1.1999999999999993
9540, 0.0, 1.3000000000000007
9541, 0.0, 1.3999999999999986
9542, 0.0, 1.3999999999999986
9543, 0.0, 1.3999999999999986
9544, 0.0, 1.3999999999999986
9545, 0.0, 1.3999999999999986
9546, 0.0, 1.3999999999999986
9547, 0.0, 1.5
9548, 0.0, 1.5
9549, 0.0, 1.5
9550, 0.0, 1.5
9551, 0.0, 1.5
9552, 0.0, 1.5
9553, 0.0, 1.3999999999999986
9554, 0.0, 1.3999999999999986
9555, 0.0, 1.3000000000000007
9556, 0.0, 1.3000000000000007
9557, 0.0, 1.3000000000000007
9558, 0.0, 1.1999999999999993
9559, 0.0, 1.0999999999999979
9560, 0.0, 1.0999999999999979
9561, 0.0, 0.8999999999999986
9562, 0.0, 0.8000000000000007
9563, 0.0, 0.8999999999999986
9564, 0.0, 0.8000000000000007
9565, 0.0, 0.5999999999999979
9566, 0.0, 0.5999999999999979
9567, 0.0, 0.5999999999999979
9568, 0.0, 0.5999999999999979
9569, 0.10000000000000142, 0.5999999999999979
9570, 0.10000000000000142, 0.3999999999999986
9571, 0.10000000000000142, 0.3999999999999986
9572, 0.10000000000000142, 0.3000000000000007
9573, 0.10000000000000142, 0.3000000000000007
9574, 0.10000000000000142, 0.1999999999999993
9575, 0.10000000000000142, 0.1999999999999993
9576, 0.10000000000000142, 0.09999999999999787
9577, 0.10000000000000142, 0.09999999999999787
9578, 0.10000000000000142, -0.10000000000000142
9579, 0.10000000000000142, -0.10000000000000142
9580, 0.10000000000000142, -0.10000000000000142
9581, 0.10000000000000142, 0.0
9582, 0.10000000000000142, -0.1999999999999993
9583, 0.10000000000000142, -0.1999999999999993
9584, 0.10000000000000142, -0.3000000000000007
9585, 0.10000000000000142, -0.3000000000000007
9586, 0.10000000000000142, -0.3000000000000007
9587, 0.10000000000000142, -0.40000000000000213
9588, 0.10000000000000142, -0.40000000000000213
9589, 0.10000000000000142, -0.40000000000000213
9590, 0.10000000000000142, -0.6000000000000014
9591, 0.10000000000000142, -0.6000000000000014
9592, 0.10000000000000142, -0.6000000000000014
9593, 0.10000000000000142, -0.6000000000000014
9594, 0.10000000000000142, -0.6000000000000014
9595, 0.10000000000000142, -0.6999999999999993
9596, 0.10000000000000142, -0.6999999999999993
9597, 0.10000000000000142, -0.8000000000000007
9598, 0.10000000000000142, -0.8000000000000007
9599, 0.10000000000000142, -0.8000000000000007
9600, 0.10000000000000142, -0.8000000000000007
9601, 0.10000000000000142, -0.9000000000000021
9602, 0.10000000000000142, -0.8000000000000007
9603, 0.10000000000000142, -0.8000000000000007
9604, 0.10000000000000142, -0.8000000000000007
9605, 0.10000000000000142, -0.9000000000000021
9606, 0.10000000000000142, -0.9000000000000021
9607, 0.10000000000000142, -0.9000000000000021
9608, 0.10000000000000142, -0.9000000000000021
9609, 0.10000000000000142, -1.0
9610, 0.10000000000000142, -1.0
9611, 0.10000000000000142, -0.9000000000000021
9612, 0.10000000000000142, -0.9000000000000021
9613, 0.10000000000000142, -0.8000000000000007
9614, 0.10000000000000142, -0.8000000000000007
9615, 0.10000000000000142, -0.8000000000000007
9616, 0.10000000000000142, -0.9000000000000021
9617, 0.10000000000000142, -0.6999999999999993
9618, 0.10000000000000142, -0.6999999999999993
9619, 0.10000000000000142, -0.6999999999999993
9620, 0.10000000000000142, -0.6999999999999993
9621, 0.10000000000000142, -0.6999999999999993
9622, 0.10000000000000142, -0.6000000000000014
9623, 0.10000000000000142, -0.6000000000000014
9624, 0.10000000000000142, -0.6000000000000014
9625, 0.10000000000000142, -0.5
9626, 0.10000000000000142, -0.40000000000000213
9627, 0.10000000000000142, -0.40000000000000213
9628, 0.10000000000000142, -0.3000000000000007
9629, 0.10000000000000142, -0.1999999999999993
9630, 0.10000000000000142, -0.1999999999999993
9631, 0.10000000000000142, -0.10000000000000142
9632, 0.10000000000000142, 0.0
9633, 0.10000000000000142, 0.09999999999999787
9634, 0.10000000000000142, 0.1999999999999993
9635, 0.10000000000000142, 0.1999999999999993
9636, 0.10000000000000142, 0.3000000000000007
9637, 0.10000000000000142, 0.3000000000000007
9638, 0.10000000000000142, 0.3000000000000007
9639, 0.10000000000000142, 0.3999999999999986
9640, 0.10000000000000142, 0.3000000000000007
9641, 0.10000000000000142, 0.5
9642, 0.10000000000000142, 0.5999999999999979
9643, 0.10000000000000142, 0.5999999999999979
9644, 0.10000000000000142, 0.5999999999999979
9645, 0.10000000000000142, 0.6999999999999993
9646, 0.10000000000000142, 0.5999999999999979
9647, 0.10000000000000142, 0.8000000000000007
9648, 0.20000000000000107, 0.6999999999999993
9649, 0.20000000000000107, 0.6999999999999993
9650, 0.20000000000000107, 0.6999999999999993
9651, 0.20000000000000107, 0.6999999999999993
9652, 0.20000000000000107, 0.6999999999999993
9653, 0.20000000000000107, 0.8000000000000007
9654, 0.20000000000000107, 0.6999999999999993
9655, 0.20000000000000107, 0.8000000000000007
9656, 0.20000000000000107, 0.5999999999999979
9657, 0.10000000000000142, 0.6999999999999993
9658, 0.10000000000000142, 0.8000000000000007
9659, 0.0, 0.6999999999999993
9660, 0.0, 0.5999999999999979
9661, 0.0, 0.6999999999999993
9662, 0.0, 0.5999999999999979
9663, 0.0, 0.5999999999999979
9664, 0.0, 0.5999999999999979
9665, 0.0, 0.5
9666, 0.0, 0.5
9667, 0.0, 0.5
9668, 0.0, 0.3999999999999986
9669, 0.0, 0.3999999999999986
9670, 0.0, 0.3999999999999986
9671, 0.0, 0.3000000000000007
9672, 0.0, 0.3000000000000007
9673, 0.0, 0.3000000000000007
9674, 0.0, 0.3000000000000007
9675, 0.0, 0.3000000000000007
9676, 0.0, 0.3000000000000007
9677, 0.0, 0.1999999999999993
9678, 0.0, 0.1999999999999993
9679, 0.0, 0.0
9680, 0.0, 0.0
9681, 0.0, 0.0
9682, 0.0, -0.10000000000000142
9683, 0.0, -0.10000000000000142
9684, 0.0, 0.0
9685, 0.0, -0.10000000000000142
9686, 0.0, -0.10000000000000142
9687, 0.0, -0.1999999999999993
9688, 0.0, -0.1999999999999993
9689, 0.0, -0.10000000000000142
9690, 0.0, -0.10000000000000142
9691, 0.0, -0.10000000000000142
9692, 0.0, -0.1999999999999993
9693, 0.0, -0.1999999999999993
9694, 0.0, -0.10000000000000142
9695, 0.10000000000000142, -0.10000000000000142
9696, 0.10000000000000142, -0.10000000000000142
9697, 0.10000000000000142, 0.0
9698, 0.10000000000000142, 0.0
9699, 0.10000000000000142, -0.10000000000000142
9700, 0.10000000000000142, 0.09999999999999787
9701, 0.10000000000000142, 0.0
9702, 0.10000000000000142, 0.09999999999999787
9703, 0.10000000000000142, 0.1999999999999993
9704, 0.10000000000000142, 0.1999999999999993
9705, 0.10000000000000142, 0.1999999999999993
9706, 0.10000000000000142, 0.3000000000000007
9707, 0.10000000000000142, 0.3999999999999986
9708, 0.10000000000000142, 0.3000000000000007
9709, 0.10000000000000142, 0.3999999999999986
9710, 0.10000000000000142, 0.3999999999999986
9711, 0.10000000000000142, 0.5
9712, 0.10000000000000142, 0.5
9713, 0.10000000000000142, 0.5999999999999979
9714, 0.10000000000000142, 0.5999999999999979
9715, 0.10000000000000142, 0.5999999999999979
9716, 0.10000000000000142, 0.5999999999999979
9717, 0.10000000000000142, 0.6999999999999993
9718, 0.10000000000000142, 0.5999999999999979
9719, 0.10000000000000142, 0.6999999999999993
9720, 0.10000000000000142, 0.6999999999999993
9721, 0.10000000000000142, 0.8000000000000007
9722, 0.10000000000000142, 0.6999999999999993
9723, 0.10000000000000142, 0.8000000000000007
9724, 0.10000000000000142, 0.6999999999999993
9725, 0.10000000000000142, 0.6999999999999993
9726, 0.10000000000000142, 0.8000000000000007
9727, 0.10000000000000142, 0.6999999999999993
9728, 0.10000000000000142, 0.8000000000000007
9729, 0.10000000000000142, 0.6999999999999993
9730, 0.10000000000000142, 0.8000000000000007
9731, 0.10000000000000142, 0.6999999999999993
9732, 0.10000000000000142, 0.6999999999999993
9733, 0.10000000000000142, 0.5999999999999979
9734, 0.10000000000000142, 0.5999999999999979
9735, 0.10000000000000142, 0.5
9736, 0.10000000000000142, 0.5
9737, 0.10000000000000142, 0.5
9738, 0.10000000000000142, 0.3999999999999986
9739, 0.10000000000000142, 0.3999999999999986
9740, 0.10000000000000142, 0.3999999999999986
9741, 0.10000000000000142, 0.3999999999999986
9742, 0.10000000000000142, 0.3000000000000007
9743, 0.10000000000000142, 0.3000000000000007
9744, 0.10000000000000142, 0.3000000000000007
9745, 0.10000000000000142, 0.3000000000000007
9746, 0.0, 0.3000000000000007
9747, 0.0, 0.3000000000000007
9748, 0.0, 0.1999999999999993
9749, 0.0, 0.1999999999999993
9750, 0.0, 0.1999999999999993
9751, 0.0, 0.3000000000000007
9752, 0.0, 0.09999999999999787
9753, 0.0, 0.1999999999999993
9754, 0.0, 0.1999999999999993
9755, 0.0, 0.1999999999999993
9756, 0.0, 0.1999999999999993
9757, 0.0, 0.09999999999999787
9758, 0.0, 0.1999999999999993
9759, 0.0, 0.1999999999999993
9760, 0.0, 0.1999999999999993
9761, 0.0, 0.09999999999999787
9762, 0.0, 0.09999999999999787
9763, 0.0, 0.1999999999999993
9764, 0.0, 0.1999999999999993
9765, 0.0, 0.1999999999999993
9766, 0.0, 0.3000000000000007
9767, 0.0, 0.3000000000000007
9768, 0.0, 0.3000000000000007
9769, 0.0, 0.3000000000000007
9770, 0.0, 0.3000000000000007
9771, 0.0, 0.3000000000000007
9772, 0.0, 0.3000000000000007
9773, 0.0, 0.3000000000000007
9774, 0.0, 0.3000000000000007
9775, 0.0, 0.3000000000000007
9776, 0.0, 0.3000000000000007
9777, 0.0, 0.3000000000000007
9778, 0.0, 0.3999999999999986
9779, 0.0, 0.3999999999999986
9780, 0.0, 0.3999999999999986
9781, 0.0, 0.5
9782, 0.0, 0.5
9783, 0.0, 0.5
9784, 0.0, 0.5999999999999979
9785, 0.0, 0.5
9786, 0.0, 0.5999999999999979
9787, 0.0, 0.5
9788, 0.0, 0.5999999999999979
9789, 0.0, 0.5999999999999979
9790, 0.0, 0.5999999999999979
9791, 0.0, 0.6999999999999993
9792, 0.0, 0.5999999999999979
9793, 0.0, 0.6999999999999993
9794, 0.0, 0.8000000000000007
9795, 0.0, 0.6999999999999993
9796, 0.0, 0.8000000000000007
9797, 0.0, 0.8999999999999986
9798, 0.0, 0.8000000000000007
9799, 0.0, 0.8000000000000007
9800, 0.0, 0.8999999999999986
9801, 0.0, 0.8999999999999986
9802, 0.0, 0.8999999999999986
9803, 0.0, 0.8999999999999986
9804, 0.0, 1.0
9805, 0.0, 0.8999999999999986
9806, 0.10000000000000142, 1.0
9807, 0.10000000000000142, 0.8999999999999986
9808, 0.10000000000000142, 0.8999999999999986
9809, 0.10000000000000142, 0.8999999999999986
9810, 0.10000000000000142, 0.8999999999999986
9811, 0.10000000000000142, 0.8999999999999986
9812, 0.10000000000000142, 0.8000000000000007
9813, 0.10000000000000142, 0.8000000000000007
9814, 0.10000000000000142, 0.8999999999999986
9815, 0.10000000000000142, 0.6999999999999993
9816, 0.10000000000000142, 0.8000000000000007
9817, 0.10000000000000142, 0.6999999999999993
9818, 0.10000000000000142, 0.5999999999999979
9819, 0.10000000000000142, 0.5
9820, 0.10000000000000142, 0.5
9821, 0.10000000000000142, 0.3999999999999986
9822, 0.10000000000000142, 0.3999999999999986
9823, 0.10000000000000142, 0.3000000000000007
9824, 0.10000000000000142, 0.3000000000000007
9825, 0.10000000000000142, 0.1999999999999993
9826, 0.10000000000000142, 0.1999999999999993
9827, 0.10000000000000142, 0.09999999999999787
9828, 0.10000000000000142, 0.09999999999999787
9829, 0.10000000000000142, 0.0
9830, 0.10000000000000142, -0.10000000000000142
9831, 0.10000000000000142, -0.1999999999999993
9832, 0.10000000000000142, -0.1999999999999993
9833, 0.10000000000000142, -0.3000000000000007
9834, 0.10000000000000142, -0.3000000000000007
9835, 0.10000000000000142, -0.40000000000000213
9836, 0.10000000000000142, -0.40000000000000213
9837, 0.10000000000000142, -0.5
9838, 0.10000000000000142, -0.5
9839, 0.10000000000000142, -0.5
9840, 0.10000000000000142, -0.6000000000000014
9841, 0.10000000000000142, -0.6000000000000014
9842, 0.10000000000000142, -0.6000000000000014
9843, 0.10000000000000142, -0.6999999999999993
9844, 0.10000000000000142, -0.6000000000000014
9845, 0.10000000000000142, -0.6999999999999993
9846, 0.10000000000000142, -0.6999999999999993
9847, 0.10000000000000142, -0.6999999999999993
9848, 0.10000000000000142, -0.6999999999999993
9849, 0.10000000000000142, -0.6999999999999993
9850, 0.10000000000000142, -0.6999999999999993
9851, 0.10000000000000142, -0.6999999999999993
9852, 0.10000000000000142, -0.6999999999999993
9853, 0.10000000000000142, -0.6999999999999993
9854, 0.10000000000000142, -0.6999999999999993
9855, 0.10000000000000142, -0.6999999999999993
9856, 0.10000000000000142, -0.6999999999999993
9857, 0.10000000000000142, -0.6000000000000014
9858, 0.10000000000000142, -0.6999999999999993
9859, 0.10000000000000142, -0.6000000000000014
9860, 0.10000000000000142, -0.6999999999999993
9861, 0.0, -0.6000000000000014
9862, 0.0, -0.6000000000000014
9863, 0.0, -0.6999999999999993
9864, 0.0, -0.6000000000000014
9865, 0.0, -0.6999999999999993
9866, 0.0, -0.6000000000000014
9867, 0.0, -0.6000000000000014
9868, 0.0, -0.5
9869, 0.0, -0.6000000000000014
9870, 0.0, -0.6000000000000014
9871, 0.0, -0.6000000000000014
9872, 0.0, -0.6000000000000014
9873, 0.0, -0.6000000000000014
9874, 0.0, -0.6000000000000014
9875, 0.0, -0.6000000000000014
9876, 0.0, -0.5
9877, 0.0, -0.5
9878, 0.0, -0.5
9879, 0.0, -0.5
9880, 0.0, -0.5
9881, 0.0, -0.40000000000000213
9882, 0.0, -0.40000000000000213
9883, 0.0, -0.40000000000000213
9884, 0.0, -0.40000000000000213
9885, 0.0, -0.40000000000000213
9886, 0.0, -0.3000000000000007
9887, 0.0, -0.3000000000000007
9888, 0.0, -0.3000000000000007
9889, 0.0, -0.3000000000000007
9890, 0.0, -0.1999999999999993
9891, 0.0, -0.1999999999999993
9892, 0.0, -0.10000000000000142
9893, 0.0, -0.10000000000000142
9894, 0.10000000000000142, -0.10000000000000142
9895, 0.10000000000000142, -0.10000000000000142
9896, 0.10000000000000142, 0.0
9897, 0.10000000000000142, 0.0
9898, 0.10000000000000142, -0.10000000000000142
9899, 0.10000000000000142, 0.0
9900, 0.10000000000000142, -0.10000000000000142
9901, 0.10000000000000142, 0.0
9902, 0.10000000000000142, 0.0
9903, 0.10000000000000142, -0.10000000000000142
9904, 0.10000000000000142, -0.10000000000000142
9905, 0.10000000000000142, -0.10000000000000142
9906, 0.10000000000000142, -0.10000000000000142
9907, 0.10000000000000142, -0.1999999999999993
9908, 0.10000000000000142, -0.1999999999999993
9909, 0.10000000000000142, -0.1999999999999993
9910, 0.10000000000000142, -0.1999999999999993
9911, 0.10000000000000142, -0.1999999999999993
9912, 0.10000000000000142, -0.1999999999999993
9913, 0.10000000000000142, -0.1999999999999993
9914, 0.10000000000000142, -0.10000000000000142
9915, 0.10000000000000142, -0.10000000000000142
9916, 0.10000000000000142, -0.10000000000000142
9917, 0.10000000000000142, -0.10000000000000142
9918, 0.10000000000000142, -0.10000000000000142
9919, 0.10000000000000142, -0.1999999999999993
9920, 0.10000000000000142, -0.1999999999999993
9921, 0.10000000000000142, -0.10000000000000142
9922, 0.10000000000000142, -0.10000000000000142
9923, 0.10000000000000142, -0.1999999999999993
9924, 0.10000000000000142, -0.10000000000000142
9925, 0.10000000000000142, 0.0
9926, 0.10000000000000142, -0.10000000000000142
9927, 0.10000000000000142, 0.0
9928, 0.10000000000000142, 0.0
9929, 0.10000000000000142, 0.0
9930, 0.10000000000000142, 0.0
9931, 0.10000000000000142, 0.09999999999999787
9932, 0.10000000000000142, 0.09999999999999787
9933, 0.10000000000000142, 0.1999999999999993
9934, 0.10000000000000142, 0.1999999999999993
9935, 0.10000000000000142, 0.09999999999999787
9936, 0.10000000000000142, 0.1999999999999993
9937, 0.10000000000000142, 0.1999999999999993
9938, 0.10000000000000142, 0.3000000000000007
9939, 0.10000000000000142, 0.3999999999999986
9940, 0.10000000000000142, 0.3000000000000007
9941, 0.10000000000000142, 0.3000000000000007
9942, 0.10000000000000142, 0.3999999999999986
9943, 0.10000000000000142, 0.3999999999999986
9944, 0.10000000000000142, 0.5
9945, 0.10000000000000142, 0.3999999999999986
9946, 0.10000000000000142, 0.3999999999999986
9947, 0.10000000000000142, 0.5
9948, 0.10000000000000142, 0.5
9949, 0.10000000000000142, 0.5999999999999979
9950, 0.10000000000000142, 0.5999999999999979
9951, 0.10000000000000142, 0.5999999999999979
9952, 0.10000000000000142, 0.6999999999999993
9953, 0.10000000000000142, 0.6999999999999993
9954, 0.10000000000000142, 0.8000000000000007
9955, 0.10000000000000142, 0.8000000000000007
9956, 0.10000000000000142, 0.8000000000000007
9957, 0.10000000000000142, 0.8000000000000007
9958, 0.10000000000000142, 0.8999999999999986
9959, 0.10000000000000142, 0.8999999999999986
9960, 0.10000000000000142, 1.0
9961, 0.10000000000000142, 1.0
9962, 0.10000000000000142, 1.0
9963, 0.10000000000000142, 1.0999999999999979
9964, 0.10000000000000142, 1.1999999999999993
9965, 0.10000000000000142, 1.1999999999999993
9966, 0.10000000000000142, 1.3000000000000007
9967, 0.10000000000000142, 1.3000000000000007
9968, 0.10000000000000142, 1.5
9969, 0.10000000000000142, 1.5
9970, 0.10000000000000142, 1.5
9971, 0.10000000000000142, 1.5
9972, 0.0, 1.5
9973, 0.0, 1.5999999999999979
9974, 0.0, 1.5999999999999979
9975, 0.0, 1.6999999999999993
9976, 0.0, 1.5999999999999979
9977, 0.0, 1.6999999999999993
9978, 0.0, 1.6999999999999993
9979, 0.0, 1.6999999999999993
9980, 0.0, 1.6999999999999993
9981, 0.0, 1.8000000000000007
9982, 0.0, 1.8000000000000007
9983, 0.0, 1.8000000000000007
9984, 0.0, 1.8000000000000007
9985, 0.0, 1.6999999999999993
9986, 0.0, 1.6999999999999993
9987, 0.0, 1.6999999999999993
9988, 0.0, 1.6999999999999993
9989, 0.0, 1.8000000000000007
9990, 0.0, 1.8000000000000007
9991, 0.0, 1.6999999999999993
9992, 0.0, 1.6999999999999993
9993, 0.0, 1.5999999999999979
9994, 0.0, 1.5999999999999979
9995, 0.0, 1.5999999999999979
9996, 0.0, 1.5999999999999979
9997, 0.0, 1.5999999999999979
9998, 0.0, 1.5
9999, 0.0, 1.5
10000, 0.0, 1.5
10001, 0.0, 1.5
10002, 0.0, 1.3999999999999986
10003, 0.0, 1.3999999999999986
10004, 0.0, 1.3999999999999986
10005, 0.0, 1.3000000000000007
10006, 0.0, 1.3000000000000007
10007, 0.0, 1.3000000000000007
10008, 0.0, 1.1999999999999993
10009, 0.0, 1.1999999999999993
10010, 0.0, 1.1999999999999993
10011, 0.0, 1.1999999999999993
10012, 0.0, 1.0999999999999979
10013, 0.0, 1.0999999999999979
10014, 0.0, 1.0999999999999979
10015, 0.0, 0.8999999999999986
10016, 0.0, 0.8999999999999986
10017, 0.0, 0.8999999999999986
10018, 0.0, 0.8000000000000007
10019, 0.0, 0.6999999999999993
10020, 0.0, 0.6999999999999993
10021, 0.0, 0.6999999999999993
10022, 0.10000000000000142, 0.5999999999999979
10023, 0.10000000000000142, 0.5
10024, 0.10000000000000142, 0.3000000000000007
10025, 0.10000000000000142, 0.3999999999999986
10026, 0.10000000000000142, 0.1999999999999993
10027, 0.10000000000000142, 0.3000000000000007
10028, 0.10000000000000142, 0.1999999999999993
10029, 0.10000000000000142, 0.09999999999999787
10030, 0.10000000000000142, 0.09999999999999787
10031, 0.10000000000000142, 0.0
10032, 0.10000000000000142, 0.0
10033, 0.10000000000000142, -0.10000000000000142
10034, 0.10000000000000142, -0.1999999999999993
10035, 0.10000000000000142, -0.10000000000000142
10036, 0.10000000000000142, -0.3000000000000007
10037, 0.10000000000000142, -0.3000000000000007
10038, 0.10000000000000142, -0.40000000000000213
10039, 0.10000000000000142, -0.40000000000000213
10040, 0.10000000000000142, -0.40000000000000213
10041, 0.10000000000000142, -0.5
10042, 0.0, -0.5
10043, 0.0, -0.5
10044, 0.0, -0.6000000000000014
10045, 0.0, -0.6000000000000014
10046, 0.0, -0.6000000000000014
10047, 0.0, -0.6000000000000014
10048, 0.0, -0.6000000000000014
10049, 0.0, -0.6000000000000014
10050, 0.0, -0.6000000000000014
10051, 0.0, -0.6000000000000014
10052, 0.0, -0.6000000000000014
10053, 0.0, -0.6999999999999993
10054, 0.0, -0.6000000000000014
10055, 0.0, -0.5
10056, 0.0, -0.6000000000000014
10057, 0.0, -0.5
10058, 0.0, -0.5
10059, 0.0, -0.40000000000000213
10060, 0.0, -0.40000000000000213
10061, 0.0, -0.40000000000000213
10062, 0.0, -0.40000000000000213
10063, 0.0, -0.40000000000000213
10064, 0.0, -0.40000000000000213
10065, 0.0, -0.3000000000000007
10066, 0.0, -0.3000000000000007
10067, 0.0, -0.1999999999999993
10068, 0.0, -0.1999999999999993
10069, 0.0, -0.1999999999999993
10070, 0.0, -0.1999999999999993
10071, 0.0, -0.1999999999999993
10072, 0.0, -0.10000000000000142
10073, 0.0, 0.0
10074, 0.0, -0.10000000000000142
10075, 0.0, 0.0
10076, 0.0, 0.09999999999999787
10077, 0.0, 0.09999999999999787
10078, 0.0, 0.1999999999999993
10079, 0.0, 0.09999999999999787
10080, 0.0, 0.09999999999999787
10081, 0.0, 0.1999999999999993
10082, 0.0, 0.1999999999999993
10083, 0.0, 0.3999999999999986
10084, -0.09999999999999964, 0.5
10085, -0.09999999999999964, 0.3999999999999986
10086, -0.09999999999999964, 0.5
10087, -0.09999999999999964, 0.5999999999999979
10088, -0.09999999999999964, 0.5999999999999979
10089, -0.09999999999999964, 0.5999999999999979
10090, -0.09999999999999964, 0.6999999999999993
10091, -0.09999999999999964, 0.6999999999999993
10092, -0.09999999999999964, 0.6999999999999993
10093, -0.09999999999999964, 0.6999999999999993
10094, -0.09999999999999964, 0.8999999999999986
10095, -0.09999999999999964, 0.8999999999999986
10096, -0.09999999999999964, 0.8000000000000007
10097, -0.09999999999999964, 0.8000000000000007
10098, -0.09999999999999964, 0.8999999999999986
10099, -0.09999999999999964, 1.0
10100, -0.09999999999999964, 1.0
10101, -0.09999999999999964, 1.0999999999999979
10102, -0.09999999999999964, 1.0
10103, -0.09999999999999964, 1.0999999999999979
10104, -0.09999999999999964, 1.1999999999999993
10105, -0.09999999999999964, 1.0999999999999979
10106, -0.09999999999999964, 1.1999999999999993
10107, -0.09999999999999964, 1.1999999999999993
10108, -0.09999999999999964, 1.3000000000000007
10109, -0.09999999999999964, 1.1999999999999993
10110, -0.09999999999999964, 1.1999999999999993
10111, -0.09999999999999964, 1.3000000000000007
10112, -0.09999999999999964, 1.3000000000000007
10113, -0.09999999999999964, 1.3000000000000007
10114, -0.09999999999999964, 1.3999999999999986
10115, -0.09999999999999964, 1.3000000000000007
10116, -0.09999999999999964, 1.3000000000000007
10117, 0.0, 1.3000000000000007
10118, 0.0, 1.3000000000000007
10119, 0.0, 1.3000000000000007
10120, 0.0, 1.3000000000000007
10121, 0.0, 1.3000000000000007
10122, 0.0, 1.3000000000000007
10123, 0.0, 1.3999999999999986
10124, 0.0, 1.3999999999999986
10125, 0.0, 1.3999999999999986
10126, 0.0, 1.3999999999999986
10127, 0.0, 1.3999999999999986
10128, 0.0, 1.3999999999999986
10129, 0.0, 1.3000000000000007
10130, 0.0, 1.3000000000000007
10131, 0.0, 1.3999999999999986
10132, 0.0, 1.3999999999999986
10133, 0.0, 1.3999999999999986
10134, 0.0, 1.3000000000000007
10135, -0.09999999999999964, 1.3000000000000007
10136, -0.09999999999999964, 1.3000000000000007
10137, -0.09999999999999964, 1.3999999999999986
10138, -0.09999999999999964, 1.3999999999999986
10139, -0.09999999999999964, 1.3000000000000007
10140, -0.09999999999999964, 1.3000000000000007
10141, -0.09999999999999964, 1.3000000000000007
10142, -0.09999999999999964, 1.1999999999999993
10143, -0.09999999999999964, 1.3000000000000007
10144, -0.09999999999999964, 1.3000000000000007
10145, -0.09999999999999964, 1.3000000000000007
10146, -0.09999999999999964, 1.3000000000000007
10147, -0.09999999999999964, 1.1999999999999993
10148, -0.09999999999999964, 1.1999999999999993
10149, -0.09999999999999964, 1.1999999999999993
10150, -0.09999999999999964, 1.1999999999999993
10151, 0.0, 1.1999999999999993
10152, 0.0, 1.0999999999999979
10153, 0.0, 1.0999999999999979
10154, 0.0, 1.0
10155, 0.10000000000000142, 1.0
10156, 0.10000000000000142, 0.8999999999999986
10157, 0.10000000000000142, 0.8999999999999986
10158, 0.10000000000000142, 0.8999999999999986
10159, 0.10000000000000142, 0.8000000000000007
10160, 0.10000000000000142, 0.8000000000000007
10161, 0.10000000000000142, 0.8000000000000007
10162, 0.10000000000000142, 0.5999999999999979
10163, 0.10000000000000142, 0.5
10164, 0.10000000000000142, 0.3999999999999986
10165, 0.10000000000000142, 0.3999999999999986
10166, 0.10000000000000142, 0.1999999999999993
10167, 0.10000000000000142, 0.09999999999999787
10168, 0.10000000000000142, -0.10000000000000142
10169, 0.10000000000000142, -0.1999999999999993
10170, 0.10000000000000142, -0.3000000000000007
10171, 0.10000000000000142, -0.40000000000000213
10172, 0.10000000000000142, -0.6000000000000014
10173, 0.10000000000000142, -0.6999999999999993
10174, 0.10000000000000142, -0.9000000000000021
10175, 0.10000000000000142, -1.0
10176, 0.10000000000000142, -1.1000000000000014
10177, 0.10000000000000142, -1.3000000000000007
10178, 0.10000000000000142, -1.4000000000000021
10179, 0.10000000000000142, -1.5
10180, 0.10000000000000142, -1.6999999999999993
10181, 0.10000000000000142, -1.8000000000000007
10182, 0.10000000000000142, -2.0
10183, 0.10000000000000142, -2.1000000000000014
10184, 0.10000000000000142, -2.1999999999999993
10185, 0.10000000000000142, -2.400000000000002
10186, 0.10000000000000142, -2.3000000000000007
10187, 0.10000000000000142, -2.400000000000002
10188, 0.10000000000000142, -2.5
10189, 0.0, -2.6999999999999993
10190, 0.0, -2.6000000000000014
10191, 0.0, -2.8000000000000007
10192, 0.0, -2.6999999999999993
10193, 0.0, -2.8000000000000007
10194, 0.0, -2.900000000000002
10195, 0.0, -2.900000000000002
10196, 0.0, -2.900000000000002
10197, 0.0, -2.900000000000002
10198, 0.0, -2.8000000000000007
10199, 0.0, -2.8000000000000007
10200, 0.0, -2.8000000000000007
10201, 0.0, -2.6999999999999993
10202, 0.0, -2.6999999999999993
10203, 0.0, -2.6000000000000014
10204, 0.0, -2.5
10205, 0.0, -2.5
10206, 0.0, -2.5
10207, 0.0, -2.400000000000002
10208, 0.0, -2.3000000000000007
10209, 0.0, -2.3000000000000007
10210, 0.0, -2.1000000000000014
10211, 0.0, -2.1000000000000014
10212, 0.0, -2.0
10213, 0.0, -1.8000000000000007
10214, 0.0, -1.6999999999999993
10215, 0.0, -1.6999999999999993
10216, 0.0, -1.6000000000000014
10217, 0.0, -1.5
10218, 0.0, -1.4000000000000021
10219, 0.0, -1.3000000000000007
10220, 0.0, -1.1999999999999993
10221, 0.0, -1.0
10222, 0.0, -1.1000000000000014
10223, 0.0, -0.9000000000000021
10224, 0.0, -0.8000000000000007
10225, 0.0, -0.6999999999999993
10226, 0.0, -0.6999999999999993
10227, 0.0, -0.5
10228, 0.0, -0.40000000000000213
10229, 0.0, -0.40000000000000213
10230, 0.0, -0.3000000000000007
10231, 0.0, -0.1999999999999993
10232, 0.0, -0.10000000000000142
10233, 0.0, -0.10000000000000142
10234, 0.0, 0.0
10235, 0.0, 0.09999999999999787
10236, 0.0, 0.09999999999999787
10237, 0.0, 0.3000000000000007
10238, 0.0, 0.3000000000000007
10239, 0.0, 0.3000000000000007
10240, 0.0, 0.3999999999999986
10241, 0.0, 0.5
10242, 0.0, 0.5999999999999979
10243, 0.0, 0.5999999999999979
10244, 0.0, 0.5
10245, 0.0, 0.5999999999999979
10246, 0.0, 0.6999999999999993
10247, 0.0, 0.8000000000000007
10248, 0.0, 0.6999999999999993
10249, 0.0, 0.8000000000000007
10250, 0.0, 0.6999999999999993
10251, 0.0, 0.6999999999999993
10252, 0.0, 0.8000000000000007
10253, 0.0, 0.6999999999999993
10254, 0.0, 0.5999999999999979
10255, 0.0, 0.6999999999999993
10256, 0.0, 0.5999999999999979
10257, 0.0, 0.5999999999999979
10258, 0.0, 0.5
10259, 0.0, 0.5
10260, 0.0, 0.3999999999999986
10261, 0.0, 0.3999999999999986
10262, 0.0, 0.3000000000000007
10263, 0.0, 0.1999999999999993
10264, 0.0, 0.09999999999999787
10265, 0.0, 0.0
10266, 0.0, -0.10000000000000142
10267, 0.0, -0.3000000000000007
10268, 0.0, -0.3000000000000007
10269, 0.0, -0.40000000000000213
10270, 0.0, -0.6000000000000014
10271, 0.0, -0.6999999999999993
10272, 0.0, -0.8000000000000007
10273, 0.0, -0.9000000000000021
10274, 0.10000000000000142, -1.0
10275, 0.10000000000000142, -1.1000000000000014
10276, 0.10000000000000142, -1.4000000000000021
10277, 0.10000000000000142, -1.5
10278, 0.10000000000000142, -1.6999999999999993
10279, 0.10000000000000142, -1.6999999999999993
10280, 0.10000000000000142, -1.9000000000000021
10281, 0.0, -2.0
10282, 0.0, -2.1999999999999993
10283, 0.0, -2.3000000000000007
10284, 0.0, -2.3000000000000007
10285, 0.0, -2.400000000000002
10286, 0.0, -2.6000000000000014
10287, 0.0, -2.6000000000000014
10288, 0.0, -2.6999999999999993
10289, 0.0, -2.900000000000002
10290, 0.10000000000000142, -2.900000000000002
10291, 0.10000000000000142, -3.0
10292, 0.10000000000000142, -3.0
10293, 0.10000000000000142, -3.0
10294, 0.10000000000000142, -3.0
10295, 0.10000000000000142, -3.0
10296, 0.10000000000000142, -3.0
10297, 0.10000000000000142, -3.1000000000000014
10298, 0.10000000000000142, -2.900000000000002
10299, 0.10000000000000142, -2.900000000000002
10300, 0.10000000000000142, -2.8000000000000007
10301, 0.10000000000000142, -2.8000000000000007
10302, 0.10000000000000142, -2.6999999999999993
10303, 0.10000000000000142, -2.5
10304, 0.10000000000000142, -2.400000000000002
10305, 0.10000000000000142, -2.3000000000000007
10306, 0.10000000000000142, -2.1999999999999993
10307, 0.10000000000000142, -2.1000000000000014
10308, 0.10000000000000142, -2.1000000000000014
10309, 0.10000000000000142, -1.8000000000000007
10310, 0.10000000000000142, -1.6999999999999993
10311, 0.10000000000000142, -1.6000000000000014
10312, 0.10000000000000142, -1.4000000000000021
10313, 0.10000000000000142, -1.1999999999999993
10314, 0.10000000000000142, -1.1000000000000014
10315, 0.10000000000000142, -0.9000000000000021
10316, 0.10000000000000142, -0.6999999999999993
10317, 0.10000000000000142, -0.5
10318, 0.10000000000000142, -0.40000000000000213
10319, 0.20000000000000107, -0.3000000000000007
10320, 0.10000000000000142, 0.0
10321, 0.10000000000000142, 0.09999999999999787
10322, 0.10000000000000142, 0.1999999999999993
10323, 0.10000000000000142, 0.5
10324, 0.10000000000000142, 0.5999999999999979
10325, 0.10000000000000142, 0.6999999999999993
10326, 0.10000000000000142, 0.8999999999999986
10327, 0.10000000000000142, 1.0999999999999979
10328, 0.10000000000000142, 1.0999999999999979
10329, 0.10000000000000142, 1.3000000000000007
10330, 0.10000000000000142, 1.5
10331, 0.10000000000000142, 1.5
10332, 0.10000000000000142, 1.6999999999999993
10333, 0.0, 1.8999999999999986
10334, 0.0, 1.8999999999999986
10335, 0.0, 2.099999999999998
10336, 0.0, 2.1999999999999993
10337, 0.0, 2.1999999999999993
10338, 0.0, 2.3999999999999986
10339, 0.0, 2.3999999999999986
10340, 0.0, 2.5
10341, 0.0, 2.599999999999998
10342, 0.0, 2.599999999999998
10343, 0.0, 2.8000000000000007
10344, 0.0, 2.8000000000000007
10345, 0.0, 2.8000000000000007
10346, 0.0, 2.8999999999999986
10347, 0.0, 2.8999999999999986
10348, 0.0, 3.0
10349, 0.0, 3.0
10350, 0.0, 3.0
10351, 0.0, 3.0
10352, 0.0, 3.0
10353, 0.0, 2.8999999999999986
10354, 0.0, 3.0
10355, 0.0, 2.8999999999999986
10356, 0.0, 2.8999999999999986
10357, 0.0, 2.8999999999999986
10358, 0.0, 2.6999999999999993
10359, 0.0, 2.8000000000000007
10360, 0.0, 2.6999999999999993
10361, 0.0, 2.599999999999998
10362, 0.0, 2.5
10363, 0.0, 2.5
10364, 0.0, 2.3999999999999986
10365, 0.0, 2.1999999999999993
10366, 0.0, 2.1999999999999993
10367, 0.0, 2.099999999999998
10368, -0.09999999999999964, 2.0
10369, -0.09999999999999964, 1.8999999999999986
10370, -0.09999999999999964, 1.8000000000000007
10371, -0.09999999999999964, 1.5999999999999979
10372, -0.09999999999999964, 1.5
10373, -0.09999999999999964, 1.3999999999999986
10374, -0.09999999999999964, 1.1999999999999993
10375, -0.09999999999999964, 1.0999999999999979
10376, -0.09999999999999964, 0.8999999999999986
10377, -0.09999999999999964, 0.8000000000000007
10378, -0.09999999999999964, 0.5999999999999979
10379, -0.09999999999999964, 0.5
10380, -0.09999999999999964, 0.3000000000000007
10381, -0.09999999999999964, 0.1999999999999993
10382, 0.0, 0.09999999999999787
10383, 0.0, -0.10000000000000142
10384, 0.0, -0.1999999999999993
10385, 0.0, -0.40000000000000213
10386, 0.0, -0.5
10387, 0.0, -0.6000000000000014
10388, 0.0, -0.8000000000000007
10389, 0.0, -0.9000000000000021
10390, 0.0, -1.1000000000000014
10391, 0.0, -1.1999999999999993
10392, 0.0, -1.4000000000000021
10393, 0.0, -1.4000000000000021
10394, 0.0, -1.6000000000000014
10395, 0.0, -1.6999999999999993
10396, 0.0, -1.6999999999999993
10397, 0.0, -1.8000000000000007
10398, 0.0, -1.9000000000000021
10399, 0.0, -2.0
10400, 0.0, -2.1000000000000014
10401, 0.0, -2.1999999999999993
10402, 0.0, -2.1000000000000014
10403, 0.0, -2.1999999999999993
10404, 0.0, -2.3000000000000007
10405, 0.0, -2.1999999999999993
10406, 0.0, -2.1999999999999993
10407, 0.0, -2.1000000000000014
10408, 0.0, -2.1000000000000014
10409, 0.0, -2.1000000000000014
10410, 0.0, -2.1000000000000014
10411, 0.0, -2.1000000000000014
10412, 0.10000000000000142, -2.0
10413, 0.0, -1.9000000000000021
10414, 0.0, -1.9000000000000021
10415, 0.0, -1.8000000000000007
10416, 0.0, -1.6000000000000014
10417, 0.0, -1.6000000000000014
10418, 0.0, -1.6000000000000014
10419, 0.0, -1.4000000000000021
10420, 0.0, -1.3000000000000007
10421, 0.0, -1.1999999999999993
10422, 0.0, -1.1000000000000014
10423, -0.09999999999999964, -0.9000000000000021
10424, -0.09999999999999964, -0.9000000000000021
10425, -0.09999999999999964, -0.8000000000000007
10426, 0.0, -0.6000000000000014
10427, -0.09999999999999964, -0.5
10428, -0.1999999999999993, -0.40000000000000213
10429, -0.1999999999999993, -0.3000000000000007
10430, -0.1999999999999993, -0.10000000000000142
10431, -0.1999999999999993, -0.10000000000000142
10432, -0.1999999999999993, 0.0
10433, -0.1999999999999993, 0.1999999999999993
10434, -0.1999999999999993, 0.1999999999999993
10435, -0.29999999999999893, 0.3999999999999986
10436, -0.3999999999999986, 0.3999999999999986
10437, -0.29999999999999893, 0.5999999999999979
10438, -0.29999999999999893, 0.6999999999999993
10439, -0.29999999999999893, 0.6999999999999993
10440, -0.3999999999999986, 0.8000000000000007
10441, -0.3999999999999986, 0.8999999999999986
10442, -0.5, 0.8999999999999986
10443, -0.5, 1.0999999999999979
10444, -0.5999999999999996, 1.0999999999999979
10445, -0.5999999999999996, 1.1999999999999993
10446, -0.5999999999999996, 1.3000000000000007
10447, -0.5999999999999996, 1.3000000000000007
10448, -0.6999999999999993, 1.3000000000000007
10449, -0.6999999999999993, 1.3000000000000007
10450, -0.7999999999999989, 1.3999999999999986
10451, -0.7999999999999989, 1.3999999999999986
10452, -0.7999999999999989, 1.3000000000000007
10453, -0.7999999999999989, 1.3999999999999986
10454, -0.8999999999999986, 1.3999999999999986
10455, -0.8999999999999986, 1.3999999999999986
10456, -0.8999999999999986, 1.3999999999999986
10457, -0.8999999999999986, 1.3000000000000007
10458, -0.8999999999999986, 1.1999999999999993
10459, -0.8999999999999986, 1.1999999999999993
10460, -0.8999999999999986, 1.1999999999999993
10461, -0.8999999999999986, 1.0
10462, -0.8999999999999986, 1.0999999999999979
10463, -0.8999999999999986, 0.8999999999999986
10464, -0.8999999999999986, 0.8999999999999986
10465, -0.8999999999999986, 0.6999999999999993
10466, -0.8999999999999986, 0.5999999999999979
10467, -0.8999999999999986, 0.5
10468, -0.8999999999999986, 0.3999999999999986
10469, -0.8999999999999986, 0.1999999999999993
10470, -0.8999999999999986, 0.1999999999999993
10471, -0.8999999999999986, 0.1999999999999993
10472, -0.8999999999999986, 0.0
10473, -0.7999999999999989, -0.10000000000000142
10474, -0.6999999999999993, -0.1999999999999993
10475, -0.6999999999999993, -0.3000000000000007
10476, -0.6999999999999993, -0.3000000000000007
10477, -0.6999999999999993, -0.40000000000000213
10478, -0.6999999999999993, -0.5
10479, -0.6999999999999993, -0.5
10480, -0.7999999999999989, -0.6999999999999993
10481, -0.7999999999999989, -0.8000000000000007
10482, -0.6999999999999993, -0.8000000000000007
10483, -0.6999999999999993, -0.8000000000000007
10484, -0.5999999999999996, -0.8000000000000007
10485, -0.5999999999999996, -0.9000000000000021
10486, -0.5999999999999996, -0.8000000000000007
10487, -0.5999999999999996, -1.0
10488, -0.5999999999999996, -0.9000000000000021
10489, -0.5999999999999996, -1.0
10490, -0.5999999999999996, -0.9000000000000021
10491, -0.5, -0.9000000000000021
10492, -0.5, -0.9000000000000021
10493, -0.3999999999999986, -1.0
10494, -0.3999999999999986, -0.9000000000000021
10495, -0.3999999999999986, -0.8000000000000007
10496, -0.3999999999999986, -0.8000000000000007
10497, -0.3999999999999986, -0.8000000000000007
10498, -0.3999999999999986, -0.6999999999999993
10499, -0.3999999999999986, -0.6000000000000014
10500, -0.29999999999999893, -0.6000000000000014
10501, -0.29999999999999893, -0.6000000000000014
10502, -0.29999999999999893, -0.5
10503, -0.29999999999999893, -0.5
10504, -0.29999999999999893, -0.5
10505, -0.29999999999999893, -0.40000000000000213
10506, -0.29999999999999893, -0.40000000000000213
10507, -0.1999999999999993, -0.3000000000000007
10508, -0.1999999999999993, -0.1999999999999993
10509, -0.1999999999999993, -0.10000000000000142
10510, -0.1999999999999993, -0.10000000000000142
10511, -0.1999999999999993, 0.0
10512, -0.1999999999999993, 0.0
10513, -0.1999999999999993, 0.09999999999999787
10514, -0.1999999999999993, 0.09999999999999787
10515, -0.1999999999999993, 0.09999999999999787
10516, -0.1999999999999993, 0.09999999999999787
10517, -0.1999999999999993, 0.09999999999999787
10518, -0.1999999999999993, 0.09999999999999787
10519, -0.1999999999999993, 0.09999999999999787
10520, -0.1999999999999993, 0.3000000000000007
10521, -0.1999999999999993, 0.3000000000000007
10522, -0.1999999999999993, 0.3000000000000007
10523, -0.1999999999999993, 0.3000000000000007
10524, -0.1999999999999993, 0.3999999999999986
10525, -0.09999999999999964, 0.3999999999999986
10526, -0.09999999999999964, 0.3000000000000007
10527, -0.09999999999999964, 0.3999999999999986
10528, -0.09999999999999964, 0.5
10529, -0.09999999999999964, 0.3999999999999986
10530, -0.09999999999999964, 0.5
10531, -0.09999999999999964, 0.5
10532, -0.09999999999999964, 0.5
10533, -0.09999999999999964, 0.5
10534, -0.09999999999999964, 0.5999999999999979
10535, -0.09999999999999964, 0.5
10536, -0.09999999999999964, 0.5
10537, -0.09999999999999964, 0.5
10538, -0.09999999999999964, 0.6999999999999993
10539, -0.09999999999999964, 0.5999999999999979
10540, -0.09999999999999964, 0.5999999999999979
10541, -0.09999999999999964, 0.5999999999999979
10542, -0.1999999999999993, 0.5999999999999979
10543, -0.1999999999999993, 0.5999999999999979
10544, -0.1999999999999993, 0.5999999999999979
10545, -0.1999999999999993, 0.5999999999999979
10546, -0.1999999999999993, 0.5999999999999979
10547, -0.1999999999999993, 0.5999999999999979
10548, -0.09999999999999964, 0.5999999999999979
10549, -0.09999999999999964, 0.5999999999999979
10550, -0.09999999999999964, 0.5999999999999979
10551, -0.09999999999999964, 0.5999999999999979
10552, -0.09999999999999964, 0.5999999999999979
10553, -0.09999999999999964, 0.5
10554, -0.09999999999999964, 0.5999999999999979
10555, -0.09999999999999964, 0.5
10556, -0.09999999999999964, 0.5
10557, -0.09999999999999964, 0.5
10558, -0.09999999999999964, 0.3999999999999986
10559, -0.09999999999999964, 0.3999999999999986
10560, -0.09999999999999964, 0.3999999999999986
10561, -0.09999999999999964, 0.3999999999999986
10562, -0.09999999999999964, 0.3999999999999986
10563, -0.09999999999999964, 0.3999999999999986
10564, -0.09999999999999964, 0.3000000000000007
10565, -0.09999999999999964, 0.3000000000000007
10566, -0.09999999999999964, 0.3000000000000007
10567, -0.09999999999999964, 0.3999999999999986
10568, -0.09999999999999964, 0.3000000000000007
10569, 0.0, 0.3000000000000007
10570, 0.0, 0.1999999999999993
10571, 0.0, 0.1999999999999993
10572, 0.0, 0.1999999999999993
10573, 0.0, 0.1999999999999993
10574, 0.0, 0.09999999999999787
10575, 0.0, 0.0
10576, -0.09999999999999964, 0.09999999999999787
10577, -0.09999999999999964, 0.09999999999999787
10578, -0.09999999999999964, 0.0
10579, -0.09999999999999964, 0.0
10580, -0.09999999999999964, 0.0
10581, -0.09999999999999964, 0.0
10582, -0.09999999999999964, 0.0
10583, -0.09999999999999964, -0.10000000000000142
10584, -0.09999999999999964, -0.10000000000000142
10585, -0.09999999999999964, 0.0
10586, -0.09999999999999964, -0.10000000000000142
10587, -0.09999999999999964, -0.1999999999999993
10588, -0.09999999999999964, -0.10000000000000142
10589, -0.09999999999999964, -0.10000000000000142
10590, -0.09999999999999964, -0.10000000000000142
10591, -0.09999999999999964, -0.10000000000000142
10592, -0.09999999999999964, -0.10000000000000142
10593, 0.0, -0.10000000000000142
10594, 0.0, -0.1999999999999993
10595, 0.0, -0.1999999999999993
10596, 0.0, -0.1999999999999993
10597, 0.0, -0.10000000000000142
10598, 0.0, -0.10000000000000142
10599, 0.0, 0.0
10600, 0.0, -0.10000000000000142
10601, 0.0, -0.10000000000000142
10602, 0.0, -0.10000000000000142
10603, 0.0, -0.10000000000000142
10604, 0.0, 0.0
10605, 0.0, -0.10000000000000142
10606, 0.0, -0.10000000000000142
10607, 0.0, -0.10000000000000142
10608, 0.0, 0.0
10609, 0.0, 0.0
10610, 0.0, 0.0
10611, 0.0, 0.0
10612, 0.0, 0.0
10613, 0.0, 0.0
10614, 0.0, 0.0
10615, 0.0, 0.0
10616, 0.0, 0.0
10617, 0.0, 0.0
10618, 0.0, 0.09999999999999787
10619, 0.0, 0.0
10620, 0.0, 0.09999999999999787
10621, 0.0, 0.09999999999999787
10622, 0.0, 0.0
10623, 0.0, 0.09999999999999787
10624, 0.0, 0.09999999999999787
10625, 0.0, 0.09999999999999787
10626, 0.0, 0.0
10627, 0.0, 0.09999999999999787
10628, 0.0, 0.0
10629, 0.0, 0.09999999999999787
10630, 0.0, 0.1999999999999993
10631, 0.0, 0.09999999999999787
10632, 0.0, 0.1999999999999993
10633, 0.0, 0.1999999999999993
10634, 0.0, 0.09999999999999787
10635, 0.0, 0.09999999999999787
10636, 0.0, 0.1999999999999993
10637, 0.0, 0.1999999999999993
10638, -0.09999999999999964, 0.1999999999999993
10639, -0.09999999999999964, 0.09999999999999787
10640, -0.09999999999999964, 0.1999999999999993
10641, -0.09999999999999964, 0.09999999999999787
10642, -0.09999999999999964, 0.1999999999999993
10643, 0.0, 0.1999999999999993
10644, 0.0, 0.09999999999999787
10645, 0.0, 0.1999999999999993
10646, 0.0, 0.1999999999999993
10647, -0.09999999999999964, 0.1999999999999993
10648, -0.09999999999999964, 0.1999999999999993
10649, -0.09999999999999964, 0.1999999999999993
10650, -0.09999999999999964, 0.1999999999999993
10651, -0.09999999999999964, 0.09999999999999787
10652, -0.09999999999999964, 0.1999999999999993
10653, -0.09999999999999964, 0.3000000000000007
10654, -0.09999999999999964, 0.09999999999999787
10655, -0.09999999999999964, 0.1999999999999993
10656, -0.09999999999999964, 0.3000000000000007
10657, -0.09999999999999964, 0.09999999999999787
10658, -0.09999999999999964, 0.1999999999999993
10659, -0.09999999999999964, 0.1999999999999993
10660, -0.09999999999999964, 0.09999999999999787
10661, -0.09999999999999964, 0.1999999999999993
10662, -0.09999999999999964, 0.1999999999999993
10663, -0.1999999999999993, 0.1999999999999993
10664, -0.1999999999999993, 0.09999999999999787
10665, -0.1999999999999993, 0.09999999999999787
10666, -0.1999999999999993, 0.1999999999999993
10667, -0.1999999999999993, 0.1999999999999993
10668, -0.1999999999999993, 0.09999999999999787
10669, -0.1999999999999993, 0.09999999999999787
10670, -0.1999999999999993, 0.1999999999999993
10671, -0.1999999999999993, 0.1999999999999993
10672, -0.1999999999999993, 0.1999999999999993
10673, -0.1999999999999993, 0.1999999999999993
10674, -0.1999999999999993, 0.1999999999999993
10675, -0.29999999999999893, 0.1999999999999993
10676, -0.29999999999999893, 0.1999999999999993
10677, -0.29999999999999893, 0.1999999999999993
10678, -0.29999999999999893, 0.3000000000000007
10679, -0.29999999999999893, 0.1999999999999993
10680, -0.29999999999999893, 0.1999999999999993
10681, -0.1999999999999993, 0.09999999999999787
10682, -0.1999999999999993, 0.1999999999999993
10683, -0.1999999999999993, 0.1999999999999993
10684, -0.1999999999999993, 0.1999999999999993
10685, -0.1999999999999993, 0.1999999999999993
10686, -0.29999999999999893, 0.1999999999999993
10687, -0.29999999999999893, 0.1999999999999993
10688, -0.29999999999999893, 0.1999999999999993
10689, -0.29999999999999893, 0.1999999999999993
10690, -0.29999999999999893, 0.3000000000000007
10691, -0.29999999999999893, 0.09999999999999787
10692, -0.29999999999999893, 0.09999999999999787
10693, -0.29999999999999893, 0.09999999999999787
10694, -0.29999999999999893, 0.09999999999999787
10695, -0.29999999999999893, 0.1999999999999993
10696, -0.29999999999999893, 0.09999999999999787
10697, -0.29999999999999893, 0.1999999999999993
10698, -0.29999999999999893, 0.09999999999999787
10699, -0.29999999999999893, 0.09999999999999787
10700, -0.29999999999999893, 0.1999999999999993
10701, -0.29999999999999893, 0.09999999999999787
10702, -0.29999999999999893, 0.1999999999999993
10703, -0.29999999999999893, 0.09999999999999787
10704, -0.29999999999999893, 0.09999999999999787
10705, -0.29999999999999893, 0.1999999999999993
10706, -0.29999999999999893, 0.09999999999999787
10707, -0.29999999999999893, 0.3000000000000007
10708, -0.29999999999999893, 0.1999999999999993
10709, -0.29999999999999893, 0.1999999999999993
10710, -0.29999999999999893, 0.3000000000000007
10711, -0.29999999999999893, 0.1999999999999993
10712, -0.3999999999999986, 0.1999999999999993
10713, -0.3999999999999986, 0.3000000000000007
10714, -0.3999999999999986, 0.1999999999999993
10715, -0.3999999999999986, 0.3000000000000007
10716, -0.3999999999999986, 0.3000000000000007
10717, -0.3999999999999986, 0.1999999999999993
10718, -0.3999999999999986, 0.3000000000000007
10719, -0.3999999999999986, 0.3000000000000007
10720, -0.3999999999999986, 0.1999999999999993
10721, -0.3999999999999986, 0.3000000000000007
10722, -0.3999999999999986, 0.3000000000000007
10723, -0.3999999999999986, 0.1999999999999993
10724, -0.5, 0.3000000000000007
10725, -0.5, 0.3999999999999986
10726, -0.5, 0.3000000000000007
10727, -0.5, 0.3999999999999986
10728, -0.5, 0.3999999999999986
10729, -0.5, 0.3000000000000007
10730, -0.5, 0.3999999999999986
10731, -0.5, 0.3000000000000007
10732, -0.5, 0.3000000000000007
10733, -0.5, 0.3000000000000007
10734, -0.5, 0.3000000000000007
10735, -0.5, 0.3000000000000007
10736, -0.5, 0.3000000000000007
10737, -0.5999999999999996, 0.3999999999999986
10738, -0.6999999999999993, 0.3000000000000007
10739, -0.6999999999999993, 0.3999999999999986
10740, -0.6999999999999993, 0.3999999999999986
10741, -0.6999999999999993, 0.3999999999999986
10742, -0.6999999999999993, 0.3999999999999986
10743, -0.6999999999999993, 0.3999999999999986
10744, -0.6999999999999993, 0.3999999999999986
10745, -0.6999999999999993, 0.3999999999999986
10746, -0.6999999999999993, 0.3999999999999986
10747, -0.6999999999999993, 0.3999999999999986
10748, -0.6999999999999993, 0.3999999999999986
10749, -0.6999999999999993, 0.5
10750, -0.6999999999999993, 0.5
10751, -0.6999999999999993, 0.5
10752, -0.6999999999999993, 0.5
10753, -0.6999999999999993, 0.5
10754, -0.6999999999999993, 0.5
10755, -0.6999999999999993, 0.5
10756, -0.5999999999999996, 0.5
10757, -0.5999999999999996, 0.5999999999999979
10758, -0.5999999999999996, 0.5
10759, -0.5999999999999996, 0.5999999999999979
10760, -0.5999999999999996, 0.5999999999999979
10761, -0.5999999999999996, 0.5999999999999979
10762, -0.5999999999999996, 0.5999999999999979
10763, -0.6999999999999993, 0.5999999999999979
10764, -0.6999999999999993, 0.5999999999999979
10765, -0.6999999999999993, 0.5999999999999979
10766, -0.6999999999999993, 0.5999999999999979
10767, -0.6999999999999993, 0.5999999999999979
10768, -0.6999999999999993, 0.6999999999999993
10769, -0.6999999999999993, 0.6999999999999993
10770, -0.6999999999999993, 0.6999999999999993
10771, -0.6999999999999993, 0.6999999999999993
10772, -0.6999999999999993, 0.6999999999999993
10773, -0.6999999999999993, 0.6999999999999993
10774, -0.6999999999999993, 0.6999999999999993
10775, -0.6999999999999993, 0.6999999999999993
10776, -0.6999999999999993, 0.6999999999999993
10777, -0.6999999999999993, 0.6999999999999993
10778, -0.7999999999999989, 0.6999999999999993
10779, -0.7999999999999989, 0.6999999999999993
10780, -0.7999999999999989, 0.6999999999999993
10781, -0.7999999999999989, 0.6999999999999993
10782, -0.7999999999999989, 0.6999999999999993
10783, -0.7999999999999989, 0.6999999999999993
10784, -0.7999999999999989, 0.6999999999999993
10785, -0.7999999999999989, 0.6999999999999993
10786, -0.7999999999999989, 0.6999999999999993
10787, -0.7999999999999989, 0.5999999999999979
10788, -0.7999999999999989, 0.6999999999999993
10789, -0.7999999999999989, 0.5999999999999979
10790, -0.7999999999999989, 0.6999999999999993
10791, -0.8999999999999986, 0.6999999999999993
10792, -0.8999999999999986, 0.6999999999999993
10793, -0.8999999999999986, 0.5999999999999979
10794, -0.8999999999999986, 0.6999999999999993
10795, -0.8999999999999986, 0.5999999999999979
10796, -0.8999999999999986, 0.6999999999999993
10797, -0.8999999999999986, 0.5999999999999979
10798, -0.8999999999999986, 0.6999999999999993
10799, -0.8999999999999986, 0.5999999999999979
10800, -0.8999999999999986, 0.6999999999999993
10801, -0.8999999999999986, 0.5999999999999979
10802, -0.8999999999999986, 0.5999999999999979
10803, -0.8999999999999986, 0.8000000000000007
10804, -0.8999999999999986, 0.6999999999999993
10805, -0.8999999999999986, 0.6999999999999993
10806, -0.8999999999999986, 0.6999999999999993
10807, -0.8999999999999986, 0.6999999999999993
10808, -0.8999999999999986, 0.6999999999999993
10809, -0.8999999999999986, 0.6999999999999993
10810, -0.8999999999999986, 0.6999999999999993
10811, -0.8999999999999986, 0.6999999999999993
10812, -0.8999999999999986, 0.6999999999999993
10813, -0.8999999999999986, 0.6999999999999993
10814, -0.8999999999999986, 0.8000000000000007
10815, -0.8999999999999986, 0.6999999999999993
10816, -0.8999999999999986, 0.8000000000000007
10817, -0.8999999999999986, 0.8000000000000007
10818, -0.8999999999999986, 0.8000000000000007
10819, -0.8999999999999986, 0.8000000000000007
10820, -0.8999999999999986, 0.8000000000000007
10821, -0.8999999999999986, 0.8000000000000007
10822, -0.8999999999999986, 0.8000000000000007
10823, -0.7999999999999989, 0.8000000000000007
10824, -0.7999999999999989, 0.8000000000000007
10825, -0.7999999999999989, 0.8999999999999986
10826, -0.7999999999999989, 0.8999999999999986
10827, -0.7999999999999989, 0.8000000000000007
10828, -0.7999999999999989, 0.8999999999999986
10829, -0.7999999999999989, 0.8000000000000007
10830, -0.7999999999999989, 0.8999999999999986
10831, -0.7999999999999989, 0.8999999999999986
10832, -0.6999999999999993, 0.8999999999999986
10833, -0.6999999999999993, 0.8999999999999986
10834, -0.6999999999999993, 1.0
10835, -0.6999999999999993, 0.8999999999999986
10836, -0.6999999999999993, 0.8999999999999986
10837, -0.6999999999999993, 0.8999999999999986
10838, -0.6999999999999993, 0.8999999999999986
10839, -0.6999999999999993, 0.8999999999999986
10840, -0.6999999999999993, 0.8999999999999986
10841, -0.6999999999999993, 0.8999999999999986
10842, -0.6999999999999993, 0.8999999999999986
10843, -0.6999999999999993, 0.8999999999999986
10844, -0.6999999999999993, 0.8999999999999986
10845, -0.5999999999999996, 0.8999999999999986
10846, -0.5999999999999996, 0.8000000000000007
10847, -0.5999999999999996, 0.8000000000000007
10848, -0.5999999999999996, 0.6999999999999993
10849, -0.5999999999999996, 0.8000000000000007
10850, -0.5999999999999996, 0.6999999999999993
10851, -0.5999999999999996, 0.6999999999999993
10852, -0.6999999999999993, 0.6999999999999993
10853, -0.6999999999999993, 0.6999999999999993
10854, -0.6999999999999993, 0.6999999999999993
10855, -0.6999999999999993, 0.6999999999999993
10856, -0.5999999999999996, 0.6999999999999993
10857, -0.5999999999999996, 0.6999999999999993
10858, -0.5999999999999996, 0.6999999999999993
10859, -0.5999999999999996, 0.5999999999999979
10860, -0.5999999999999996, 0.5999999999999979
10861, -0.5999999999999996, 0.5999999999999979
10862, -0.5999999999999996, 0.5999999999999979
10863, -0.5999999999999996, 0.5
10864, -0.5999999999999996, 0.5999999999999979
10865, -0.5999999999999996, 0.5999999999999979
10866, -0.5999999999999996, 0.5
10867, -0.5, 0.5
10868, -0.5, 0.5
10869, -0.5, 0.5
10870, -0.5, 0.5
10871, -0.5, 0.3999999999999986
10872, -0.5, 0.5
10873, -0.5, 0.5
10874, -0.5, 0.3999999999999986
10875, -0.5, 0.3999999999999986
10876, -0.5, 0.5
10877, -0.3999999999999986, 0.3999999999999986
10878, -0.3999999999999986, 0.3999999999999986
10879, -0.3999999999999986, 0.3999999999999986
10880, -0.3999999999999986, 0.3999999999999986
10881, -0.3999999999999986, 0.3999999999999986
10882, -0.3999999999999986, 0.5
10883, -0.3999999999999986, 0.5
10884, -0.3999999999999986, 0.3999999999999986
10885, -0.3999999999999986, 0.5
10886, -0.3999999999999986, 0.5
10887, -0.3999999999999986, 0.3999999999999986
10888, -0.29999999999999893, 0.3999999999999986
10889, -0.29999999999999893, 0.3999999999999986
10890, -0.3999999999999986, 0.5999999999999979
10891, -0.3999999999999986, 0.5
10892, -0.3999999999999986, 0.5
10893, -0.29999999999999893, 0.5
10894, -0.29999999999999893, 0.3999999999999986
10895, -0.29999999999999893, 0.5
10896, -0.29999999999999893, 0.5
10897, -0.29999999999999893, 0.5
10898, -0.29999999999999893, 0.5
10899, -0.29999999999999893, 0.5
10900, -0.29999999999999893, 0.3999999999999986
10901, -0.29999999999999893, 0.3999999999999986
10902, -0.29999999999999893, 0.5
10903, -0.29999999999999893, 0.3999999999999986
10904, -0.29999999999999893, 0.3999999999999986
10905, -0.29999999999999893, 0.3999999999999986
10906, -0.29999999999999893, 0.3999999999999986
10907, -0.29999999999999893, 0.3999999999999986
10908, -0.29999999999999893, 0.3999999999999986
10909, -0.29999999999999893, 0.3999999999999986
10910, -0.29999999999999893, 0.3999999999999986
10911, -0.29999999999999893, 0.3000000000000007
10912, -0.29999999999999893, 0.3999999999999986
10913, -0.29999999999999893, 0.3999999999999986
10914, -0.1999999999999993, 0.3000000000000007
10915, -0.1999999999999993, 0.3999999999999986
10916, -0.1999999999999993, 0.3000000000000007
10917, -0.1999999999999993, 0.3999999999999986
10918, -0.1999999999999993, 0.3000000000000007
10919, -0.1999999999999993, 0.3000000000000007
10920, -0.1999999999999993, 0.3000000000000007
10921, -0.1999999999999993, 0.1999999999999993
10922, -0.1999999999999993, 0.3000000000000007
10923, -0.1999999999999993, 0.3000000000000007
10924, -0.1999999999999993, 0.3000000000000007
10925, -0.1999999999999993, 0.3000000000000007
10926, -0.1999999999999993, 0.3000000000000007
10927, -0.1999999999999993, 0.3000000000000007
10928, -0.09999999999999964, 0.3000000000000007
10929, -0.09999999999999964, 0.3000000000000007
10930, -0.09999999999999964, 0.1999999999999993
10931, -0.1999999999999993, 0.1999999999999993
10932, -0.1999999999999993, 0.1999999999999993
10933, -0.1999999999999993, 0.1999999999999993
10934, -0.1999999999999993, 0.3000000000000007
10935, -0.1999999999999993, 0.1999999999999993
10936, -0.1999999999999993, 0.1999999999999993
10937, -0.1999999999999993, 0.1999999999999993
10938, -0.1999999999999993, 0.3000000000000007
10939, -0.1999999999999993, 0.1999999999999993
10940, -0.1999999999999993, 0.1999999999999993
10941, -0.1999999999999993, 0.1999999999999993
10942, -0.1999999999999993, 0.1999999999999993
10943, -0.1999999999999993, 0.3000000000000007
10944, -0.1999999999999993, 0.1999999999999993
10945, -0.1999999999999993, 0.3000000000000007
10946, -0.1999999999999993, 0.1999999999999993
10947, -0.1999999999999993, 0.3000000000000007
10948, -0.1999999999999993, 0.1999999999999993
10949, -0.1999999999999993, 0.3000000000000007
10950, -0.1999999999999993, 0.1999999999999993
10951, -0.1999999999999993, 0.3000000000000007
10952, -0.1999999999999993, 0.1999999999999993
10953, -0.1999999999999993, 0.3000000000000007
10954, -0.1999999999999993, 0.1999999999999993
10955, -0.1999999999999993, 0.1999999999999993
10956, -0.1999999999999993, 0.1999999999999993
10957, -0.1999999999999993, 0.3000000000000007
10958, -0.1999999999999993, 0.1999999999999993
10959, -0.1999999999999993, 0.1999999999999993
10960, -0.1999999999999993, 0.1999999999999993
10961, -0.1999999999999993, 0.1999999999999993
10962, -0.1999999999999993, 0.3000000000000007
10963, -0.1999999999999993, 0.1999999999999993
10964, -0.1999999999999993, 0.1999999999999993
10965, -0.1999999999999993, 0.3000000000000007
10966, -0.1999999999999993, 0.1999999999999993
10967, -0.1999999999999993, 0.1999999999999993
10968, -0.1999999999999993, 0.1999999999999993
10969, -0.1999999999999993, 0.1999999999999993
10970, -0.1999999999999993, 0.1999999999999993
10971, -0.1999999999999993, 0.3000000000000007
10972, -0.1999999999999993, 0.3000000000000007
10973, -0.1999999999999993, 0.1999999999999993
10974, -0.1999999999999993, 0.1999999999999993
10975, -0.1999999999999993, 0.3000000000000007
10976, -0.1999999999999993, 0.3000000000000007
10977, -0.1999999999999993, 0.3000000000000007
10978, -0.1999999999999993, 0.1999999999999993
10979, -0.1999999999999993, 0.1999999999999993
10980, -0.1999999999999993, 0.1999999999999993
10981, -0.1999999999999993, 0.3000000000000007
10982, -0.1999999999999993, 0.3000000000000007
10983, -0.1999999999999993, 0.3000000000000007
10984, -0.1999999999999993, 0.1999999999999993
10985, -0.1999999999999993, 0.1999999999999993
10986, -0.1999999999999993, 0.1999999999999993
10987, -0.1999999999999993, 0.3000000000000007
10988, -0.1999999999999993, 0.3000000000000007
10989, -0.1999999999999993, 0.3000000000000007
10990, -0.1999999999999993, 0.3000000000000007
10991, -0.1999999999999993, 0.3000000000000007
10992, -0.1999999999999993, 0.3000000000000007
10993, -0.1999999999999993, 0.1999999999999993
10994, -0.1999999999999993, 0.1999999999999993
10995, -0.1999999999999993, 0.3000000000000007
10996, -0.1999999999999993, 0.3000000000000007
10997, -0.1999999999999993, 0.3000000000000007
10998, -0.1999999999999993, 0.3000000000000007
10999, -0.1999999999999993, 0.3000000000000007
11000, -0.1999999999999993, 0.3000000000000007
11001, -0.1999999999999993, 0.1999999999999993
11002, -0.1999999999999993, 0.1999999999999993
11003, -0.1999999999999993, 0.3000000000000007
11004, -0.1999999999999993, 0.3000000000000007
11005, -0.1999999999999993, 0.3000000000000007
11006, -0.1999999999999993, 0.1999999999999993
11007, -0.1999999999999993, 0.1999999999999993
11008, -0.1999999999999993, 0.1999999999999993
11009, -0.1999999999999993, 0.3000000000000007
11010, -0.1999999999999993, 0.3000000000000007
11011, -0.1999999999999993, 0.1999999999999993
11012, -0.1999999999999993, 0.1999999999999993
11013, -0.1999999999999993, 0.3000000000000007
11014, -0.1999999999999993, 0.3000000000000007
11015, -0.1999999999999993, 0.3000000000000007
11016, -0.1999999999999993, 0.3000000000000007
11017, -0.1999999999999993, 0.3000000000000007
11018, -0.1999999999999993, 0.1999999999999993
11019, -0.1999999999999993, 0.1999999999999993
11020, -0.1999999999999993, 0.3000000000000007
11021, -0.1999999999999993, 0.1999999999999993
11022, -0.1999999999999993, 0.1999999999999993
11023, -0.1999999999999993, 0.1999999999999993
11024, -0.29999999999999893, 0.1999999999999993
11025, -0.29999999999999893, 0.1999999999999993
11026, -0.29999999999999893, 0.1999999999999993
11027, -0.29999999999999893, 0.1999999999999993
11028, -0.29999999999999893, 0.1999999999999993
11029, -0.29999999999999893, 0.1999999999999993
11030, -0.29999999999999893, 0.1999999999999993
11031, -0.29999999999999893, 0.1999999999999993
11032, -0.29999999999999893, 0.3000000000000007
11033, -0.29999999999999893, 0.1999999999999993
11034, -0.29999999999999893, 0.1999999999999993
11035, -0.29999999999999893, 0.1999999999999993
11036, -0.29999999999999893, 0.1999999999999993
11037, -0.29999999999999893, 0.3000000000000007
11038, -0.29999999999999893, 0.1999999999999993
11039, -0.29999999999999893, 0.3000000000000007
11040, -0.29999999999999893, 0.1999999999999993
11041, -0.29999999999999893, 0.3000000000000007
11042, -0.29999999999999893, 0.3000000000000007
11043, -0.29999999999999893, 0.3000000000000007
11044, -0.29999999999999893, 0.3000000000000007
11045, -0.29999999999999893, 0.3000000000000007
11046, -0.29999999999999893, 0.1999999999999993
11047, -0.29999999999999893, 0.1999999999999993
11048, -0.29999999999999893, 0.3000000000000007
11049, -0.29999999999999893, 0.1999999999999993
11050, -0.29999999999999893, 0.3000000000000007
11051, -0.29999999999999893, 0.1999999999999993
11052, -0.29999999999999893, 0.3000000000000007
11053, -0.3999999999999986, 0.3999999999999986
11054, -0.3999999999999986, 0.3000000000000007
11055, -0.3999999999999986, 0.3999999999999986
11056, -0.3999999999999986, 0.1999999999999993
11057, -0.3999999999999986, 0.3000000000000007
11058, -0.3999999999999986, 0.3000000000000007
11059, -0.3999999999999986, 0.3000000000000007
11060, -0.3999999999999986, 0.3000000000000007
11061, -0.3999999999999986, 0.3999999999999986
11062, -0.3999999999999986, 0.3000000000000007
11063, -0.3999999999999986, 0.3000000000000007
11064, -0.3999999999999986, 0.3999999999999986
11065, -0.3999999999999986, 0.1999999999999993
11066, -0.3999999999999986, 0.3000000000000007
11067, -0.3999999999999986, 0.1999999999999993
11068, -0.3999999999999986, 0.3000000000000007
11069, -0.3999999999999986, 0.3000000000000007
11070, -0.3999999999999986, 0.3000000000000007
11071, -0.3999999999999986, 0.3000000000000007
11072, -0.3999999999999986, 0.3999999999999986
11073, -0.3999999999999986, 0.3000000000000007
11074, -0.5, 0.3999999999999986
11075, -0.5, 0.3000000000000007
11076, -0.5, 0.1999999999999993
11077, -0.5, 0.3000000000000007
11078, -0.5, 0.3000000000000007
11079, -0.5, 0.3000000000000007
11080, -0.5, 0.3000000000000007
11081, -0.5, 0.3999999999999986
11082, -0.5, 0.3000000000000007
11083, -0.3999999999999986, 0.3000000000000007
11084, -0.3999999999999986, 0.3999999999999986
11085, -0.3999999999999986, 0.3000000000000007
11086, -0.3999999999999986, 0.3999999999999986
11087, -0.3999999999999986, 0.3999999999999986
11088, -0.3999999999999986, 0.3000000000000007
11089, -0.3999999999999986, 0.3000000000000007
11090, -0.3999999999999986, 0.3000000000000007
11091, -0.5, 0.3999999999999986
11092, -0.5, 0.3999999999999986
11093, -0.5, 0.3999999999999986
11094, -0.5, 0.3000000000000007
11095, -0.5, 0.3000000000000007
11096, -0.5, 0.3999999999999986
11097, -0.5, 0.3999999999999986
11098, -0.5, 0.3999999999999986
11099, -0.5, 0.3999999999999986
11100, -0.5, 0.3999999999999986
11101, -0.5, 0.3999999999999986
11102, -0.5, 0.3999999999999986
11103, -0.5, 0.3999999999999986
11104, -0.5, 0.3999999999999986
11105, -0.5, 0.3999999999999986
11106, -0.5, 0.3999999999999986
11107, -0.5999999999999996, 0.3999999999999986
11108, -0.5999999999999996, 0.3999999999999986
11109, -0.5999999999999996, 0.3999999999999986
11110, -0.5999999999999996, 0.3999999999999986
11111, -0.5999999999999996, 0.5
11112, -0.5999999999999996, 0.3999999999999986
11113, -0.5999999999999996, 0.3999999999999986
11114, -0.5999999999999996, 0.5
11115, -0.5999999999999996, 0.3999999999999986
11116, -0.5999999999999996, 0.5
11117, -0.5999999999999996, 0.3999999999999986
11118, -0.5999999999999996, 0.5
11119, -0.5, 0.3999999999999986
11120, -0.5, 0.5
11121, -0.5, 0.5
11122, -0.5, 0.3999999999999986
11123, -0.5, 0.5
11124, -0.5, 0.5
11125, -0.5, 0.3999999999999986
11126, -0.5, 0.5
11127, -0.5, 0.5
11128, -0.5, 0.3999999999999986
11129, -0.5, 0.5999999999999979
11130, -0.5, 0.5999999999999979
11131, -0.5, 0.5
11132, -0.5, 0.5999999999999979
11133, -0.5, 0.5999999999999979
11134, -0.5, 0.5
11135, -0.5, 0.5999999999999979
11136, -0.5, 0.5999999999999979
11137, -0.5, 0.5
11138, -0.5, 0.5
11139, -0.5999999999999996, 0.5999999999999979
11140, -0.5999999999999996, 0.5999999999999979
11141, -0.5999999999999996, 0.5999999999999979
11142, -0.5999999999999996, 0.5999999999999979
11143, -0.5999999999999996, 0.5999999999999979
11144, -0.5999999999999996, 0.5999999999999979
11145, -0.5999999999999996, 0.5999999999999979
11146, -0.5999999999999996, 0.5999999999999979
11147, -0.5999999999999996, 0.5999999999999979
11148, -0.5999999999999996, 0.5999999999999979
11149, -0.5, 0.5999999999999979
11150, -0.5, 0.5
11151, -0.5, 0.5
11152, -0.5, 0.5999999999999979
11153, -0.5, 0.5
11154, -0.5, 0.5
11155, -0.5, 0.5
11156, -0.5, 0.5999999999999979
11157, -0.5, 0.5999999999999979
11158, -0.5, 0.5999999999999979
11159, -0.5, 0.5
11160, -0.5, 0.5999999999999979
11161, -0.5, 0.5999999999999979
11162, -0.5, 0.5999999999999979
11163, -0.5, 0.5999999999999979
11164, -0.5, 0.5999999999999979
11165, -0.5, 0.5999999999999979
11166, -0.5, 0.5
11167, -0.5, 0.5
11168, -0.5, 0.5
11169, -0.5, 0.5
11170, -0.5, 0.5
11171, -0.3999999999999986, 0.5
11172, -0.3999999999999986, 0.5999999999999979
11173, -0.3999999999999986, 0.5999999999999979
11174, -0.3999999999999986, 0.5999999999999979
11175, -0.3999999999999986, 0.5
11176, -0.3999999999999986, 0.5
11177, -0.3999999999999986, 0.5
11178, -0.3999999999999986, 0.5
11179, -0.3999999999999986, 0.5
11180, -0.3999999999999986, 0.5
11181, -0.3999999999999986, 0.5
11182, -0.3999999999999986, 0.5
11183, -0.3999999999999986, 0.5
11184, -0.29999999999999893, 0.5
11185, -0.29999999999999893, 0.5
11186, -0.29999999999999893, 0.5
11187, -0.29999999999999893, 0.5
11188, -0.29999999999999893, 0.5
11189, -0.29999999999999893, 0.5
11190, -0.29999999999999893, 0.5
11191, -0.29999999999999893, 0.3999999999999986
11192, -0.29999999999999893, 0.5
11193, -0.29999999999999893, 0.5
11194, -0.29999999999999893, 0.5
11195, -0.29999999999999893, 0.5
11196, -0.3999999999999986, 0.5
11197, -0.3999999999999986, 0.5
11198, -0.3999999999999986, 0.5
11199, -0.3999999999999986, 0.3999999999999986
11200, -0.3999999999999986, 0.3999999999999986
11201, -0.3999999999999986, 0.3999999999999986
11202, -0.3999999999999986, 0.5
11203, -0.3999999999999986, 0.3999999999999986
11204, -0.3999999999999986, 0.3999999999999986
11205, -0.3999999999999986, 0.3999999999999986
11206, -0.29999999999999893, 0.3999999999999986
11207, -0.29999999999999893, 0.3000000000000007
11208, -0.29999999999999893, 0.3999999999999986
11209, -0.29999999999999893, 0.3000000000000007
11210, -0.29999999999999893, 0.3999999999999986
11211, -0.29999999999999893, 0.3000000000000007
11212, -0.29999999999999893, 0.3000000000000007
11213, -0.29999999999999893, 0.3000000000000007
11214, -0.29999999999999893, 0.3000000000000007
11215, -0.29999999999999893, 0.3000000000000007
11216, -0.29999999999999893, 0.3000000000000007
11217, -0.29999999999999893, 0.3000000000000007
11218, -0.29999999999999893, 0.3000000000000007
11219, -0.29999999999999893, 0.3000000000000007
11220, -0.29999999999999893, 0.3000000000000007
11221, -0.29999999999999893, 0.3000000000000007
11222, -0.29999999999999893, 0.3000000000000007
11223, -0.29999999999999893, 0.3000000000000007
11224, -0.29999999999999893, 0.3000000000000007
11225, -0.29999999999999893, 0.1999999999999993
11226, -0.29999999999999893, 0.3000000000000007
11227, -0.29999999999999893, 0.3000000000000007
11228, -0.29999999999999893, 0.3000000000000007
11229, -0.29999999999999893, 0.1999999999999993
11230, -0.29999999999999893, 0.3000000000000007
11231, -0.29999999999999893, 0.3000000000000007
11232, -0.29999999999999893, 0.3000000000000007
11233, -0.29999999999999893, 0.3000000000000007
11234, -0.29999999999999893, 0.3000000000000007
11235, -0.29999999999999893, 0.3000000000000007
11236, -0.29999999999999893, 0.3999999999999986
11237, -0.29999999999999893, 0.3000000000000007
11238, -0.29999999999999893, 0.3000000000000007
11239, -0.29999999999999893, 0.3000000000000007
11240, -0.29999999999999893, 0.3000000000000007
11241, -0.29999999999999893, 0.3000000000000007
11242, -0.29999999999999893, 0.3000000000000007
11243, -0.29999999999999893, 0.3000000000000007
11244, -0.29999999999999893, 0.3000000000000007
11245, -0.29999999999999893, 0.1999999999999993
11246, -0.29999999999999893, 0.3000000000000007
11247, -0.29999999999999893, 0.1999999999999993
11248, -0.29999999999999893, 0.3000000000000007
11249, -0.29999999999999893, 0.3000000000000007
11250, -0.29999999999999893, 0.3000000000000007
11251, -0.29999999999999893, 0.1999999999999993
11252, -0.29999999999999893, 0.3000000000000007
11253, -0.29999999999999893, 0.3000000000000007
11254, -0.29999999999999893, 0.1999999999999993
11255, -0.29999999999999893, 0.3000000000000007
11256, -0.29999999999999893, 0.1999999999999993
11257, -0.29999999999999893, 0.1999999999999993
11258, -0.29999999999999893, 0.09999999999999787
11259, -0.29999999999999893, 0.1999999999999993
11260, -0.29999999999999893, 0.1999999999999993
11261, -0.29999999999999893, 0.1999999999999993
11262, -0.29999999999999893, 0.3000000000000007
11263, -0.29999999999999893, 0.1999999999999993
11264, -0.29999999999999893, 0.1999999999999993
11265, -0.29999999999999893, 0.1999999999999993
11266, -0.29999999999999893, 0.1999999999999993
11267, -0.29999999999999893, 0.1999999999999993
11268, -0.29999999999999893, 0.09999999999999787
11269, -0.29999999999999893, 0.1999999999999993
11270, -0.29999999999999893, 0.09999999999999787
11271, -0.29999999999999893, 0.09999999999999787
11272, -0.29999999999999893, 0.1999999999999993
11273, -0.29999999999999893, 0.09999999999999787
11274, -0.1999999999999993, 0.09999999999999787
11275, -0.1999999999999993, 0.09999999999999787
11276, -0.1999999999999993, 0.09999999999999787
11277, -0.1999999999999993, 0.09999999999999787
11278, -0.1999999999999993, 0.09999999999999787
11279, -0.1999999999999993, 0.09999999999999787
11280, -0.09999999999999964, 0.09999999999999787
11281, -0.09999999999999964, 0.09999999999999787
11282, -0.09999999999999964, 0.09999999999999787
11283, -0.09999999999999964, 0.09999999999999787
11284, -0.09999999999999964, 0.09999999999999787
11285, -0.09999999999999964, 0.09999999999999787
11286, -0.09999999999999964, 0.09999999999999787
11287, -0.09999999999999964, 0.1999999999999993
11288, -0.1999999999999993, 0.0
11289, -0.1999999999999993, 0.0
11290, -0.1999999999999993, 0.09999999999999787
11291, -0.1999999999999993, 0.09999999999999787
11292, -0.1999999999999993, 0.09999999999999787
11293, -0.1999999999999993, 0.09999999999999787
11294, -0.1999999999999993, 0.09999999999999787
11295, -0.1999999999999993, 0.09999999999999787
11296, -0.1999999999999993, 0.09999999999999787
11297, -0.1999999999999993, 0.09999999999999787
11298, -0.1999999999999993, 0.1999999999999993
11299, -0.1999999999999993, 0.09999999999999787
11300, -0.1999999999999993, 0.09999999999999787
11301, -0.1999999999999993, 0.09999999999999787
11302, -0.1999999999999993, 0.09999999999999787
11303, -0.1999999999999993, 0.1999999999999993
11304, -0.29999999999999893, 0.1999999999999993
11305, -0.29999999999999893, 0.1999999999999993
11306, -0.29999999999999893, 0.1999999999999993
11307, -0.29999999999999893, 0.09999999999999787
11308, -0.29999999999999893, 0.1999999999999993
11309, -0.29999999999999893, 0.1999999999999993
11310, -0.29999999999999893, 0.1999999999999993
11311, -0.29999999999999893, 0.1999999999999993
11312, -0.29999999999999893, 0.1999999999999993
11313, -0.29999999999999893, 0.09999999999999787
11314, -0.29999999999999893, 0.09999999999999787
11315, -0.29999999999999893, 0.1999999999999993
11316, -0.29999999999999893, 0.1999999999999993
11317, -0.29999999999999893, 0.1999999999999993
11318, -0.29999999999999893, 0.1999999999999993
11319, -0.29999999999999893, 0.1999999999999993
11320, -0.29999999999999893, 0.1999999999999993
11321, -0.29999999999999893, 0.1999999999999993
11322, -0.29999999999999893, 0.1999999999999993
11323, -0.29999999999999893, 0.09999999999999787
11324, -0.29999999999999893, 0.09999999999999787
11325, -0.29999999999999893, 0.09999999999999787
11326, -0.29999999999999893, 0.3000000000000007
11327, -0.29999999999999893, 0.3000000000000007
11328, -0.29999999999999893, 0.1999999999999993
11329, -0.29999999999999893, 0.1999999999999993
11330, -0.29999999999999893, 0.1999999999999993
11331, -0.29999999999999893, 0.1999999999999993
11332, -0.29999999999999893, 0.3000000000000007
11333, -0.29999999999999893, 0.1999999999999993
11334, -0.29999999999999893, 0.1999999999999993
11335, -0.29999999999999893, 0.1999999999999993
11336, -0.29999999999999893, 0.3000000000000007
11337, -0.29999999999999893, 0.1999999999999993
11338, -0.29999999999999893, 0.1999999999999993
11339, -0.29999999999999893, 0.1999999999999993
11340, -0.29999999999999893, 0.1999999999999993
11341, -0.29999999999999893, 0.3000000000000007
11342, -0.29999999999999893, 0.1999999999999993
11343, -0.29999999999999893, 0.1999999999999993
11344, -0.29999999999999893, 0.3000000000000007
11345, -0.29999999999999893, 0.3000000000000007
11346, -0.29999999999999893, 0.1999999999999993
11347, -0.29999999999999893, 0.1999999999999993
11348, -0.29999999999999893, 0.3000000000000007
11349, -0.29999999999999893, 0.3000000000000007
11350, -0.29999999999999893, 0.1999999999999993
11351, -0.29999999999999893, 0.1999999999999993
11352, -0.29999999999999893, 0.3000000000000007
11353, -0.29999999999999893, 0.1999999999999993
11354, -0.29999999999999893, 0.1999999999999993
11355, -0.29999999999999893, 0.3000000000000007
11356, -0.29999999999999893, 0.3000000000000007
11357, -0.29999999999999893, 0.1999999999999993
11358, -0.29999999999999893, 0.3000000000000007
11359, -0.29999999999999893, 0.3000000000000007
11360, -0.29999999999999893, 0.1999999999999993
11361, -0.29999999999999893, 0.1999999999999993
11362, -0.29999999999999893, 0.3000000000000007
11363, -0.29999999999999893, 0.3000000000000007
11364, -0.29999999999999893, 0.1999999999999993
11365, -0.29999999999999893, 0.1999999999999993
11366, -0.29999999999999893, 0.1999999999999993
11367, -0.29999999999999893, 0.1999999999999993
11368, -0.29999999999999893, 0.1999999999999993
11369, -0.29999999999999893, 0.1999999999999993
11370, -0.29999999999999893, 0.1999999999999993
11371, -0.29999999999999893, 0.1999999999999993
11372, -0.29999999999999893, 0.1999999999999993
11373, -0.29999999999999893, 0.1999999999999993
11374, -0.29999999999999893, 0.1999999999999993
11375, -0.29999999999999893, 0.1999999999999993
11376, -0.29999999999999893, 0.1999999999999993
11377, -0.29999999999999893, 0.1999999999999993
11378, -0.29999999999999893, 0.3000000000000007
11379, -0.29999999999999893, 0.3000000000000007
11380, -0.29999999999999893, 0.3000000000000007
11381, -0.29999999999999893, 0.3000000000000007
11382, -0.29999999999999893, 0.3000000000000007
11383, -0.29999999999999893, 0.3000000000000007
11384, -0.29999999999999893, 0.3000000000000007
11385, -0.29999999999999893, 0.3000000000000007
11386, -0.29999999999999893, 0.3000000000000007
11387, -0.29999999999999893, 0.3000000000000007
11388, -0.29999999999999893, 0.3000000000000007
11389, -0.29999999999999893, 0.3000000000000007
11390, -0.29999999999999893, 0.3000000000000007
11391, -0.29999999999999893, 0.3000000000000007
11392, -0.29999999999999893, 0.3000000000000007
11393, -0.29999999999999893, 0.3000000000000007
11394, -0.29999999999999893, 0.3000000000000007
11395, -0.29999999999999893, 0.3000000000000007
11396, -0.29999999999999893, 0.3000000000000007
11397, -0.29999999999999893, 0.3999999999999986
11398, -0.29999999999999893, 0.3999999999999986
11399, -0.29999999999999893, 0.3999999999999986
11400, -0.29999999999999893, 0.3999999999999986
11401, -0.29999999999999893, 0.3999999999999986
11402, -0.29999999999999893, 0.3000000000000007
11403, -0.29999999999999893, 0.3999999999999986
11404, -0.29999999999999893, 0.3000000000000007
11405, -0.3999999999999986, 0.3000000000000007
11406, -0.3999999999999986, 0.3999999999999986
11407, -0.3999999999999986, 0.3999999999999986
11408, -0.3999999999999986, 0.3999999999999986
11409, -0.3999999999999986, 0.3999999999999986
11410, -0.5, 0.3999999999999986
11411, -0.5, 0.3999999999999986
11412, -0.5, 0.3999999999999986
11413, -0.5, 0.3000000000000007
11414, -0.5, 0.3000000000000007
11415, -0.5, 0.3999999999999986
11416, -0.5, 0.3999999999999986
11417, -0.5, 0.3999999999999986
11418, -0.5, 0.3999999999999986
11419, -0.5, 0.3999999999999986
11420, -0.5, 0.3999999999999986
11421, -0.5, 0.3999999999999986
11422, -0.5, 0.5
11423, -0.5, 0.3999999999999986
11424, -0.5, 0.3999999999999986
11425, -0.5, 0.3999999999999986
11426, -0.5, 0.3999999999999986
11427, -0.5, 0.3999999999999986
11428, -0.5, 0.3999999999999986
11429, -0.5, 0.3999999999999986
11430, -0.5, 0.3999999999999986
11431, -0.5, 0.5
11432, -0.5, 0.5
11433, -0.5, 0.5
11434, -0.5, 0.5
11435, -0.5, 0.3999999999999986
11436, -0.5, 0.5
11437, -0.5, 0.3999999999999986
11438, -0.5, 0.3999999999999986
11439, -0.5, 0.3999999999999986
11440, -0.5, 0.3999999999999986
11441, -0.5, 0.3999999999999986
11442, -0.5, 0.3999999999999986
11443, -0.5, 0.5
11444, -0.5, 0.5
11445, -0.5, 0.5
11446, -0.5, 0.5
11447, -0.5, 0.5
11448, -0.5, 0.5
11449, -0.5, 0.5
11450, -0.5, 0.5
11451, -0.5, 0.5
11452, -0.5, 0.5
11453, -0.5, 0.5
11454, -0.5, 0.5
11455, -0.5, 0.5
11456, -0.5, 0.5
11457, -0.5, 0.3999999999999986
11458, -0.5, 0.3999999999999986
11459, -0.5, 0.5
11460, -0.5, 0.5
11461, -0.5, 0.5
11462, -0.5, 0.5
11463, -0.5, 0.5
11464, -0.5, 0.5
11465, -0.5, 0.5
11466, -0.5, 0.5
11467, -0.5, 0.5
11468, -0.5, 0.3999999999999986
11469, -0.5, 0.5
11470, -0.5, 0.5
11471, -0.3999999999999986, 0.5
11472, -0.3999999999999986, 0.5
11473, -0.29999999999999893, 0.5
11474, -0.29999999999999893, 0.5
11475, -0.3999999999999986, 0.3999999999999986
11476, -0.3999999999999986, 0.3999999999999986
11477, -0.3999999999999986, 0.3999999999999986
11478, -0.3999999999999986, 0.3999999999999986
11479, -0.3999999999999986, 0.5
11480, -0.5, 0.5
11481, -0.5, 0.3999999999999986
11482, -0.5, 0.3999999999999986
11483, -0.5, 0.3999999999999986
11484, -0.5, 0.3999999999999986
11485, -0.5, 0.3999999999999986
11486, -0.5, 0.3000000000000007
11487, -0.5, 0.3999999999999986
11488, -0.5, 0.3999999999999986
11489, -0.5, 0.3999999999999986
11490, -0.5, 0.3999999999999986
11491, -0.5, 0.3000000000000007
11492, -0.5, 0.3000000000000007
11493, -0.5, 0.3000000000000007
11494, -0.5, 0.3999999999999986
11495, -0.5, 0.3999999999999986
11496, -0.5, 0.3000000000000007
11497, -0.5, 0.3000000000000007
11498, -0.5, 0.3999999999999986
11499, -0.5, 0.3999999999999986
11500, -0.5, 0.3999999999999986
11501, -0.5, 0.3000000000000007
11502, -0.5, 0.3000000000000007
11503, -0.5, 0.3000000000000007
11504, -0.5, 0.3000000000000007
11505, -0.5, 0.3000000000000007
11506, -0.5, 0.3000000000000007
11507, -0.5, 0.3000000000000007
11508, -0.5, 0.3999999999999986
11509, -0.3999999999999986, 0.3999999999999986
11510, -0.3999999999999986, 0.3000000000000007
11511, -0.5, 0.3999999999999986
11512, -0.5, 0.3999999999999986
11513, -0.5, 0.3999999999999986
11514, -0.5, 0.3000000000000007
11515, -0.5, 0.3000000000000007
11516, -0.5, 0.3000000000000007
11517, -0.5, 0.3999999999999986
11518, -0.5, 0.3000000000000007
11519, -0.3999999999999986, 0.3999999999999986
11520, -0.3999999999999986, 0.3999999999999986
11521, -0.3999999999999986, 0.3999999999999986
11522, -0.3999999999999986, 0.3999999999999986
11523, -0.3999999999999986, 0.3999999999999986
11524, -0.3999999999999986, 0.3000000000000007
11525, -0.3999999999999986, 0.3000000000000007
11526, -0.3999999999999986, 0.3000000000000007
11527, -0.3999999999999986, 0.3000000000000007
11528, -0.3999999999999986, 0.3000000000000007
11529, -0.3999999999999986, 0.3000000000000007
11530, -0.3999999999999986, 0.3000000000000007
11531, -0.29999999999999893, 0.3000000000000007
11532, -0.29999999999999893, 0.3000000000000007
11533, -0.29999999999999893, 0.3999999999999986
11534, -0.29999999999999893, 0.3999999999999986
11535, -0.29999999999999893, 0.3000000000000007
11536, -0.29999999999999893, 0.3000000000000007
11537, -0.29999999999999893, 0.3000000000000007
11538, -0.29999999999999893, 0.3999999999999986
11539, -0.29999999999999893, 0.3000000000000007
11540, -0.29999999999999893, 0.3000000000000007
11541, -0.29999999999999893, 0.3000000000000007
11542, -0.29999999999999893, 0.3000000000000007
11543, -0.29999999999999893, 0.3000000000000007
11544, -0.29999999999999893, 0.3000000000000007
11545, -0.29999999999999893, 0.3000000000000007
11546, -0.29999999999999893, 0.3000000000000007
11547, -0.29999999999999893, 0.3000000000000007
11548, -0.29999999999999893, 0.3999999999999986
11549, -0.29999999999999893, 0.3999999999999986
11550, -0.29999999999999893, 0.3999999999999986
11551, -0.29999999999999893, 0.3000000000000007
11552, -0.29999999999999893, 0.3000000000000007
11553, -0.29999999999999893, 0.3999999999999986
11554, -0.29999999999999893, 0.3000000000000007
11555, -0.29999999999999893, 0.3000000000000007
11556, -0.29999999999999893, 0.3000000000000007
11557, -0.29999999999999893, 0.3000000000000007
11558, -0.1999999999999993, 0.3000000000000007
11559, -0.1999999999999993, 0.3000000000000007
11560, -0.1999999999999993, 0.1999999999999993
11561, -0.1999999999999993, 0.1999999999999993
11562, -0.1999999999999993, 0.1999999999999993
11563, -0.1999999999999993, 0.3000000000000007
11564, -0.1999999999999993, 0.3000000000000007
11565, -0.1999999999999993, 0.3000000000000007
11566, -0.1999999999999993, 0.1999999999999993
11567, -0.1999999999999993, 0.1999999999999993
11568, -0.1999999999999993, 0.1999999999999993
11569, -0.1999999999999993, 0.1999999999999993
11570, -0.1999999999999993, 0.1999999999999993
11571, -0.1999999999999993, 0.1999999999999993
11572, -0.1999999999999993, 0.1999999999999993
11573, -0.1999999999999993, 0.1999999999999993
11574, -0.1999999999999993, 0.1999999999999993
11575, -0.1999999999999993, 0.1999999999999993
11576, -0.1999999999999993, 0.1999999999999993
11577, -0.1999999999999993, 0.1999999999999993
11578, -0.1999999999999993, 0.1999999999999993
11579, -0.1999999999999993, 0.1999999999999993
11580, -0.1999999999999993, 0.1999999999999993
11581, -0.1999999999999993, 0.1999999999999993
11582, -0.1999999999999993, 0.1999999999999993
11583, -0.1999999999999993, 0.1999999999999993
11584, -0.1999999999999993, 0.1999999999999993
11585, -0.1999999999999993, 0.1999999999999993
11586, -0.1999999999999993, 0.1999999999999993
11587, -0.1999999999999993, 0.1999999999999993
11588, -0.1999999999999993, 0.1999999999999993
11589, -0.1999999999999993, 0.1999999999999993
11590, -0.1999999999999993, 0.1999999999999993
11591, -0.1999999999999993, 0.1999999999999993
11592, -0.1999999999999993, 0.1999999999999993
11593, -0.1999999999999993, 0.1999999999999993
11594, -0.1999999999999993, 0.09999999999999787
11595, -0.1999999999999993, 0.1999999999999993
11596, -0.1999999999999993, 0.1999999999999993
11597, -0.1999999999999993, 0.1999999999999993
11598, -0.1999999999999993, 0.1999999999999993
11599, -0.1999999999999993, 0.1999999999999993
11600, -0.1999999999999993, 0.1999999999999993
11601, -0.1999999999999993, 0.1999999999999993
11602, -0.1999999999999993, 0.1999999999999993
11603, -0.1999999999999993, 0.1999999999999993
11604, -0.1999999999999993, 0.1999999999999993
11605, -0.1999999999999993, 0.1999999999999993
11606, -0.1999999999999993, 0.1999999999999993
11607, -0.1999999999999993, 0.1999999999999993
11608, -0.1999999999999993, 0.1999999999999993
11609, -0.29999999999999893, 0.1999999999999993
11610, -0.29999999999999893, 0.1999999999999993
11611, -0.29999999999999893, 0.1999999999999993
11612, -0.29999999999999893, 0.1999999999999993
11613, -0.29999999999999893, 0.1999999999999993
11614, -0.29999999999999893, 0.1999999999999993
11615, -0.29999999999999893, 0.1999999999999993
11616, -0.29999999999999893, 0.1999999999999993
11617, -0.29999999999999893, 0.1999999999999993
11618, -0.29999999999999893, 0.1999999999999993
11619, -0.29999999999999893, 0.1999999999999993
11620, -0.29999999999999893, 0.1999999999999993
11621, -0.29999999999999893, 0.1999999999999993
11622, -0.29999999999999893, 0.1999999999999993
11623, -0.29999999999999893, 0.1999999999999993
11624, -0.29999999999999893, 0.1999999999999993
11625, -0.29999999999999893, 0.1999999999999993
11626, -0.29999999999999893, 0.1999999999999993
11627, -0.29999999999999893, 0.1999999999999993
11628, -0.29999999999999893, 0.1999999999999993
11629, -0.29999999999999893, 0.1999999999999993
11630, -0.29999999999999893, 0.1999999999999993
11631, -0.29999999999999893, 0.1999999999999993
11632, -0.29999999999999893, 0.1999999999999993
11633, -0.29999999999999893, 0.1999999999999993
11634, -0.29999999999999893, 0.1999999999999993
11635, -0.29999999999999893, 0.1999999999999993
11636, -0.29999999999999893, 0.1999999999999993
11637, -0.29999999999999893, 0.1999999999999993
11638, -0.29999999999999893, 0.1999999999999993
11639, -0.29999999999999893, 0.1999999999999993
11640, -0.29999999999999893, 0.1999999999999993
11641, -0.29999999999999893, 0.1999999999999993
11642, -0.29999999999999893, 0.1999999999999993
11643, -0.29999999999999893, 0.1999999999999993
11644, -0.29999999999999893, 0.1999999999999993
11645, -0.29999999999999893, 0.1999999999999993
11646, -0.29999999999999893, 0.1999999999999993
11647, -0.29999999999999893, 0.1999999999999993
11648, -0.29999999999999893, 0.1999999999999993
11649, -0.29999999999999893, 0.1999999999999993
11650, -0.29999999999999893, 0.1999999999999993
11651, -0.29999999999999893, 0.1999999999999993
11652, -0.29999999999999893, 0.1999999999999993
11653, -0.29999999999999893, 0.1999999999999993
11654, -0.29999999999999893, 0.09999999999999787
11655, -0.29999999999999893, 0.09999999999999787
11656, -0.29999999999999893, 0.1999999999999993
11657, -0.29999999999999893, 0.1999999999999993
11658, -0.29999999999999893, 0.1999999999999993
11659, -0.29999999999999893, 0.09999999999999787
11660, -0.29999999999999893, 0.09999999999999787
11661, -0.29999999999999893, 0.09999999999999787
11662, -0.29999999999999893, 0.1999999999999993
11663, -0.29999999999999893, 0.1999999999999993
11664, -0.29999999999999893, 0.1999999999999993
11665, -0.29999999999999893, 0.1999999999999993
11666, -0.29999999999999893, 0.09999999999999787
11667, -0.29999999999999893, 0.09999999999999787
11668, -0.29999999999999893, 0.1999999999999993
11669, -0.29999999999999893, 0.1999999999999993
11670, -0.29999999999999893, 0.1999999999999993
11671, -0.29999999999999893, 0.1999999999999993
11672, -0.29999999999999893, 0.1999999999999993
11673, -0.29999999999999893, 0.1999999999999993
11674, -0.29999999999999893, 0.09999999999999787
11675, -0.29999999999999893, 0.1999999999999993
11676, -0.29999999999999893, 0.1999999999999993
11677, -0.29999999999999893, 0.1999999999999993
11678, -0.29999999999999893, 0.1999999999999993
11679, -0.29999999999999893, 0.1999999999999993
11680, -0.29999999999999893, 0.1999999999999993
11681, -0.29999999999999893, 0.1999999999999993
11682, -0.29999999999999893, 0.3000000000000007
11683, -0.29999999999999893, 0.3000000000000007
11684, -0.29999999999999893, 0.3000000000000007
11685, -0.29999999999999893, 0.1999999999999993
11686, -0.29999999999999893, 0.1999999999999993
11687, -0.29999999999999893, 0.1999999999999993
11688, -0.29999999999999893, 0.1999999999999993
11689, -0.29999999999999893, 0.1999999999999993
11690, -0.29999999999999893, 0.3000000000000007
11691, -0.29999999999999893, 0.3000000000000007
11692, -0.29999999999999893, 0.3000000000000007
11693, -0.29999999999999893, 0.3000000000000007
11694, -0.29999999999999893, 0.3000000000000007
11695, -0.29999999999999893, 0.3000000000000007
11696, -0.29999999999999893, 0.3000000000000007
11697, -0.29999999999999893, 0.3000000000000007
11698, -0.29999999999999893, 0.3000000000000007
11699, -0.29999999999999893, 0.3000000000000007
11700, -0.29999999999999893, 0.3000000000000007
11701, -0.29999999999999893, 0.3000000000000007
11702, -0.29999999999999893, 0.3000000000000007
11703, -0.29999999999999893, 0.1999999999999993
11704, -0.29999999999999893, 0.1999999999999993
11705, -0.29999999999999893, 0.1999999999999993
11706, -0.29999999999999893, 0.1999999999999993
11707, -0.29999999999999893, 0.1999999999999993
11708, -0.29999999999999893, 0.1999999999999993
11709, -0.29999999999999893, 0.1999999999999993
11710, -0.29999999999999893, 0.1999999999999993
11711, -0.29999999999999893, 0.1999999999999993
11712, -0.29999999999999893, 0.1999999999999993
11713, -0.29999999999999893, 0.1999999999999993
11714, -0.29999999999999893, 0.1999999999999993
11715, -0.29999999999999893, 0.1999999999999993
11716, -0.29999999999999893, 0.1999999999999993
11717, -0.29999999999999893, 0.1999999999999993
11718, -0.29999999999999893, 0.1999999999999993
11719, -0.29999999999999893, 0.1999999999999993
11720, -0.29999999999999893, 0.1999999999999993
11721, -0.29999999999999893, 0.1999999999999993
11722, -0.29999999999999893, 0.3000000000000007
11723, -0.29999999999999893, 0.3000000000000007
11724, -0.29999999999999893, 0.3000000000000007
11725, -0.29999999999999893, 0.1999999999999993
11726, -0.29999999999999893, 0.1999999999999993
11727, -0.29999999999999893, 0.1999999999999993
11728, -0.29999999999999893, 0.1999999999999993
11729, -0.29999999999999893, 0.1999999999999993
11730, -0.29999999999999893, 0.1999999999999993
11731, -0.29999999999999893, 0.1999999999999993
11732, -0.29999999999999893, 0.1999999999999993
11733, -0.29999999999999893, 0.3000000000000007
11734, -0.29999999999999893, 0.3000000000000007
11735, -0.29999999999999893, 0.1999999999999993
11736, -0.29999999999999893, 0.3000000000000007
11737, -0.29999999999999893, 0.3000000000000007
11738, -0.29999999999999893, 0.3000000000000007
11739, -0.29999999999999893, 0.3000000000000007
11740, -0.29999999999999893, 0.3000000000000007
11741, -0.29999999999999893, 0.3000000000000007
11742, -0.29999999999999893, 0.3000000000000007
11743, -0.29999999999999893, 0.3000000000000007
11744, -0.29999999999999893, 0.3000000000000007
11745, -0.29999999999999893, 0.3000000000000007
11746, -0.29999999999999893, 0.3000000000000007
11747, -0.29999999999999893, 0.3000000000000007
11748, -0.29999999999999893, 0.3000000000000007
11749, -0.29999999999999893, 0.3000000000000007
11750, -0.29999999999999893, 0.3000000000000007
11751, -0.29999999999999893, 0.3000000000000007
11752, -0.29999999999999893, 0.3000000000000007
11753, -0.29999999999999893, 0.3000000000000007
11754, -0.29999999999999893, 0.3000000000000007
11755, -0.29999999999999893, 0.1999999999999993
11756, -0.29999999999999893, 0.1999999999999993
11757, -0.29999999999999893, 0.3000000000000007
11758, -0.29999999999999893, 0.3000000000000007
11759, -0.29999999999999893, 0.3000000000000007
11760, -0.29999999999999893, 0.3000000000000007
11761, -0.29999999999999893, 0.3000000000000007
11762, -0.29999999999999893, 0.3000000000000007
11763, -0.29999999999999893, 0.3000000000000007
11764, -0.29999999999999893, 0.3000000000000007
11765, -0.29999999999999893, 0.3000000000000007
11766, -0.29999999999999893, 0.3000000000000007
11767, -0.29999999999999893, 0.3000000000000007
11768, -0.29999999999999893, 0.3000000000000007
11769, -0.29999999999999893, 0.3000000000000007
11770, -0.29999999999999893, 0.3000000000000007
11771, -0.29999999999999893, 0.3000000000000007
11772, -0.29999999999999893, 0.3000000000000007
11773, -0.29999999999999893, 0.3000000000000007
11774, -0.29999999999999893, 0.3000000000000007
11775, -0.29999999999999893, 0.3000000000000007
11776, -0.29999999999999893, 0.3000000000000007
11777, -0.29999999999999893, 0.3000000000000007
11778, -0.29999999999999893, 0.3000000000000007
11779, -0.29999999999999893, 0.3000000000000007
11780, -0.29999999999999893, 0.3000000000000007
11781, -0.29999999999999893, 0.3000000000000007
11782, -0.29999999999999893, 0.3000000000000007
11783, -0.29999999999999893, 0.3000000000000007
11784, -0.29999999999999893, 0.3000000000000007
11785, -0.29999999999999893, 0.3000000000000007
11786, -0.29999999999999893, 0.3000000000000007
11787, -0.29999999999999893, 0.3000000000000007
11788, -0.29999999999999893, 0.3000000000000007
11789, -0.29999999999999893, 0.3000000000000007
11790, -0.29999999999999893, 0.3000000000000007
11791, -0.29999999999999893, 0.3000000000000007
11792, -0.29999999999999893, 0.3000000000000007
11793, -0.29999999999999893, 0.3000000000000007
11794, -0.29999999999999893, 0.3000000000000007
11795, -0.29999999999999893, 0.3000000000000007
11796, -0.29999999999999893, 0.1999999999999993
11797, -0.29999999999999893, 0.1999999999999993
11798, -0.29999999999999893, 0.1999999999999993
11799, -0.29999999999999893, 0.1999999999999993
11800, -0.29999999999999893, 0.1999999999999993
11801, -0.29999999999999893, 0.1999999999999993
11802, -0.29999999999999893, 0.3000000000000007
11803, -0.29999999999999893, 0.1999999999999993
11804, -0.29999999999999893, 0.1999999999999993
11805, -0.29999999999999893, 0.1999999999999993
11806, -0.29999999999999893, 0.1999999999999993
11807, -0.29999999999999893, 0.3000000000000007
11808, -0.29999999999999893, 0.3000000000000007
11809, -0.29999999999999893, 0.1999999999999993
11810, -0.29999999999999893, 0.1999999999999993
11811, -0.29999999999999893, 0.1999999999999993
11812, -0.29999999999999893, 0.1999999999999993
11813, -0.29999999999999893, 0.1999999999999993
11814, -0.29999999999999893, 0.1999999999999993
11815, -0.29999999999999893, 0.1999999999999993
11816, -0.29999999999999893, 0.1999999999999993
11817, -0.29999999999999893, 0.1999999999999993
11818, -0.29999999999999893, 0.1999999999999993
11819, -0.29999999999999893, 0.1999999999999993
11820, -0.29999999999999893, 0.1999999999999993
11821, -0.29999999999999893, 0.1999999999999993
11822, -0.29999999999999893, 0.1999999999999993
11823, -0.29999999999999893, 0.1999999999999993
11824, -0.29999999999999893, 0.1999999999999993
11825, -0.29999999999999893, 0.1999999999999993
11826, -0.29999999999999893, 0.1999999999999993
11827, -0.29999999999999893, 0.1999999999999993
11828, -0.29999999999999893, 0.1999999999999993
11829, -0.29999999999999893, 0.1999999999999993
11830, -0.29999999999999893, 0.3000000000000007
11831, -0.29999999999999893, 0.1999999999999993
11832, -0.29999999999999893, 0.1999999999999993
11833, -0.29999999999999893, 0.1999999999999993
11834, -0.29999999999999893, 0.1999999999999993
11835, -0.29999999999999893, 0.1999999999999993
11836, -0.29999999999999893, 0.1999999999999993
11837, -0.29999999999999893, 0.1999999999999993
11838, -0.29999999999999893, 0.1999999999999993
11839, -0.29999999999999893, 0.1999999999999993
11840, -0.29999999999999893, 0.3000000000000007
11841, -0.29999999999999893, 0.3000000000000007
11842, -0.29999999999999893, 0.3000000000000007
11843, -0.29999999999999893, 0.3000000000000007
11844, -0.29999999999999893, 0.1999999999999993
11845, -0.29999999999999893, 0.3000000000000007
11846, -0.29999999999999893, 0.3000000000000007
11847, -0.29999999999999893, 0.3000000000000007
11848, -0.29999999999999893, 0.3000000000000007
11849, -0.29999999999999893, 0.3000000000000007
11850, -0.29999999999999893, 0.3000000000000007
11851, -0.29999999999999893, 0.3000000000000007
11852, -0.29999999999999893, 0.3000000000000007
11853, -0.29999999999999893, 0.3000000000000007
11854, -0.29999999999999893, 0.3000000000000007
11855, -0.29999999999999893, 0.3000000000000007
11856, -0.29999999999999893, 0.3000000000000007
11857, -0.29999999999999893, 0.3000000000000007
11858, -0.29999999999999893, 0.3000000000000007
11859, -0.29999999999999893, 0.3000000000000007
11860, -0.29999999999999893, 0.3000000000000007
11861, -0.29999999999999893, 0.3000000000000007
11862, -0.29999999999999893, 0.3000000000000007
11863, -0.29999999999999893, 0.3000000000000007
11864, -0.29999999999999893, 0.3000000000000007
11865, -0.29999999999999893, 0.3000000000000007
11866, -0.29999999999999893, 0.3000000000000007
11867, -0.29999999999999893, 0.3000000000000007
11868, -0.29999999999999893, 0.3000000000000007
11869, -0.29999999999999893, 0.3000000000000007
11870, -0.29999999999999893, 0.3000000000000007
11871, -0.29999999999999893, 0.3000000000000007
11872, -0.29999999999999893, 0.3000000000000007
11873, -0.29999999999999893, 0.3000000000000007
11874, -0.29999999999999893, 0.3000000000000007
11875, -0.29999999999999893, 0.3000000000000007
11876, -0.29999999999999893, 0.3000000000000007
11877, -0.29999999999999893, 0.3000000000000007
11878, -0.29999999999999893, 0.3000000000000007
11879, -0.29999999999999893, 0.3000000000000007
11880, -0.29999999999999893, 0.3000000000000007
11881, -0.29999999999999893, 0.3000000000000007
11882, -0.29999999999999893, 0.3000000000000007
11883, -0.29999999999999893, 0.3000000000000007
11884, -0.29999999999999893, 0.3000000000000007
11885, -0.29999999999999893, 0.3000000000000007
11886, -0.29999999999999893, 0.3000000000000007
11887, -0.29999999999999893, 0.3000000000000007
11888, -0.29999999999999893, 0.3000000000000007
11889, -0.29999999999999893, 0.3000000000000007
11890, -0.29999999999999893, 0.3000000000000007
11891, -0.29999999999999893, 0.3000000000000007
11892, -0.29999999999999893, 0.3000000000000007
11893, -0.29999999999999893, 0.3000000000000007
11894, -0.29999999999999893, 0.3000000000000007
11895, -0.29999999999999893, 0.3000000000000007
11896, -0.29999999999999893, 0.3000000000000007
11897, -0.29999999999999893, 0.3000000000000007
11898, -0.29999999999999893, 0.3000000000000007
11899, -0.29999999999999893, 0.3000000000000007
11900, -0.29999999999999893, 0.3000000000000007
11901, -0.29999999999999893, 0.3000000000000007
11902, -0.29999999999999893, 0.3000000000000007
11903, -0.29999999999999893, 0.3000000000000007
11904, -0.29999999999999893, 0.3000000000000007
11905, -0.29999999999999893, 0.3000000000000007
11906, -0.29999999999999893, 0.3000000000000007
11907, -0.29999999999999893, 0.3000000000000007
11908, -0.29999999999999893, 0.3000000000000007
11909, -0.29999999999999893, 0.1999999999999993
11910, -0.29999999999999893, 0.1999999999999993
11911, -0.29999999999999893, 0.1999999999999993
11912, -0.29999999999999893, 0.1999999999999993
11913, -0.29999999999999893, 0.3000000000000007
11914, -0.29999999999999893, 0.3000000000000007
11915, -0.29999999999999893, 0.3000000000000007
11916, -0.29999999999999893, 0.3000000000000007
11917, -0.29999999999999893, 0.3000000000000007
11918, -0.29999999999999893, 0.3000000000000007
11919, -0.29999999999999893, 0.3000000000000007
11920, -0.29999999999999893, 0.3000000000000007
11921, -0.29999999999999893, 0.3000000000000007
11922, -0.29999999999999893, 0.3000000000000007
11923, -0.29999999999999893, 0.3000000000000007
11924, -0.29999999999999893, 0.3000000000000007
11925, -0.29999999999999893, 0.3000000000000007
11926, -0.29999999999999893, 0.3000000000000007
11927, -0.29999999999999893, 0.3000000000000007
11928, -0.29999999999999893, 0.3000000000000007
11929, -0.29999999999999893, 0.3000000000000007
11930, -0.29999999999999893, 0.3000000000000007
11931, -0.29999999999999893, 0.3000000000000007
11932, -0.29999999999999893, 0.3000000000000007
11933, -0.29999999999999893, 0.3000000000000007
11934, -0.29999999999999893, 0.3000000000000007
11935, -0.29999999999999893, 0.3999999999999986
11936, -0.29999999999999893, 0.3000000000000007
11937, -0.29999999999999893, 0.3000000000000007
11938, -0.29999999999999893, 0.3000000000000007
11939, -0.29999999999999893, 0.3000000000000007
11940, -0.29999999999999893, 0.3000000000000007
11941, -0.29999999999999893, 0.3000000000000007
11942, -0.29999999999999893, 0.3000000000000007
11943, -0.29999999999999893, 0.3000000000000007
11944, -0.29999999999999893, 0.3000000000000007
11945, -0.29999999999999893, 0.3000000000000007
11946, -0.29999999999999893, 0.3000000000000007
11947, -0.29999999999999893, 0.3000000000000007
11948, -0.29999999999999893, 0.3000000000000007
11949, -0.29999999999999893, 0.3000000000000007
11950, -0.29999999999999893, 0.3000000000000007
11951, -0.29999999999999893, 0.1999999999999993
11952, -0.29999999999999893, 0.1999999999999993
11953, -0.29999999999999893, 0.1999999999999993
11954, -0.29999999999999893, 0.1999999999999993
11955, -0.29999999999999893, 0.3000000000000007
11956, -0.29999999999999893, 0.3000000000000007
11957, -0.29999999999999893, 0.3000000000000007
11958, -0.29999999999999893, 0.3000000000000007
11959, -0.29999999999999893, 0.1999999999999993
11960, -0.29999999999999893, 0.1999999999999993
11961, -0.29999999999999893, 0.1999999999999993
11962, -0.29999999999999893, 0.3000000000000007
11963, -0.29999999999999893, 0.3000000000000007
11964, -0.29999999999999893, 0.3000000000000007
11965, -0.29999999999999893, 0.3000000000000007
11966, -0.29999999999999893, 0.3000000000000007
11967, -0.29999999999999893, 0.3000000000000007
11968, -0.29999999999999893, 0.3000000000000007
11969, -0.29999999999999893, 0.3000000000000007
11970, -0.29999999999999893, 0.3000000000000007
11971, -0.29999999999999893, 0.3000000000000007
11972, -0.29999999999999893, 0.3999999999999986
11973, -0.29999999999999893, 0.3999999999999986
11974, -0.29999999999999893, 0.3999999999999986
11975, -0.29999999999999893, 0.3999999999999986
11976, -0.29999999999999893, 0.3999999999999986
11977, -0.29999999999999893, 0.3999999999999986
11978, -0.29999999999999893, 0.3999999999999986
11979, -0.29999999999999893, 0.3999999999999986
11980, -0.29999999999999893, 0.3999999999999986
11981, -0.29999999999999893, 0.3999999999999986
11982, -0.29999999999999893, 0.3999999999999986
11983, -0.29999999999999893, 0.3999999999999986
11984, -0.29999999999999893, 0.3999999999999986
11985, -0.29999999999999893, 0.3999999999999986
11986, -0.29999999999999893, 0.3999999999999986
11987, -0.29999999999999893, 0.3999999999999986
11988, -0.29999999999999893, 0.3999999999999986
11989, -0.29999999999999893, 0.3999999999999986
11990, -0.29999999999999893, 0.3999999999999986
11991, -0.29999999999999893, 0.3999999999999986
11992, -0.29999999999999893, 0.3999999999999986
11993, -0.29999999999999893, 0.3999999999999986
11994, -0.29999999999999893, 0.3999999999999986
11995, -0.29999999999999893, 0.3999999999999986
11996, -0.29999999999999893, 0.3999999999999986
11997, -0.29999999999999893, 0.3999999999999986
11998, -0.29999999999999893, 0.3999999999999986
11999, -0.29999999999999893, 0.3999999999999986
12000, -0.29999999999999893, 0.3999999999999986
12001, -0.29999999999999893, 0.3999999999999986
12002, -0.29999999999999893, 0.3999999999999986
12003, -0.29999999999999893, 0.3999999999999986
12004, -0.29999999999999893, 0.3999999999999986
12005, -0.29999999999999893, 0.3999999999999986
12006, -0.29999999999999893, 0.3999999999999986
12007, -0.29999999999999893, 0.3999999999999986
12008, -0.29999999999999893, 0.3999999999999986
12009, -0.29999999999999893, 0.3999999999999986
12010, -0.29999999999999893, 0.3999999999999986
12011, -0.29999999999999893, 0.3999999999999986
12012, -0.29999999999999893, 0.3999999999999986
12013, -0.29999999999999893, 0.3999999999999986
12014, -0.29999999999999893, 0.3000000000000007
12015, -0.29999999999999893, 0.3000000000000007
12016, -0.29999999999999893, 0.3999999999999986
12017, -0.29999999999999893, 0.3999999999999986
12018, -0.29999999999999893, 0.3999999999999986
12019, -0.29999999999999893, 0.3999999999999986
12020, -0.29999999999999893, 0.3999999999999986
12021, -0.29999999999999893, 0.3999999999999986
12022, -0.29999999999999893, 0.3999999999999986
12023, -0.29999999999999893, 0.3000000000000007
12024, -0.29999999999999893, 0.3999999999999986
12025, -0.29999999999999893, 0.3999999999999986
12026, -0.29999999999999893, 0.3999999999999986
12027, -0.29999999999999893, 0.3000000000000007
12028, -0.29999999999999893, 0.3000000000000007
12029, -0.29999999999999893, 0.3000000000000007
12030, -0.29999999999999893, 0.3000000000000007
12031, -0.29999999999999893, 0.3000000000000007
12032, -0.29999999999999893, 0.3999999999999986
12033, -0.29999999999999893, 0.3999999999999986
12034, -0.29999999999999893, 0.3999999999999986
12035, -0.29999999999999893, 0.3999999999999986
12036, -0.29999999999999893, 0.3000000000000007
12037, -0.29999999999999893, 0.3000000000000007
12038, -0.29999999999999893, 0.3000000000000007
12039, -0.29999999999999893, 0.3000000000000007
12040, -0.29999999999999893, 0.3000000000000007
12041, -0.29999999999999893, 0.3000000000000007
12042, -0.29999999999999893, 0.3000000000000007
12043, -0.29999999999999893, 0.3000000000000007
12044, -0.29999999999999893, 0.3000000000000007
12045, -0.29999999999999893, 0.3000000000000007
12046, -0.29999999999999893, 0.3000000000000007
12047, -0.29999999999999893, 0.3000000000000007
12048, -0.29999999999999893, 0.3000000000000007
12049, -0.29999999999999893, 0.3000000000000007
12050, -0.29999999999999893, 0.3000000000000007
12051, -0.29999999999999893, 0.3000000000000007
12052, -0.29999999999999893, 0.3000000000000007
12053, -0.29999999999999893, 0.3000000000000007
12054, -0.29999999999999893, 0.3000000000000007
12055, -0.29999999999999893, 0.3000000000000007
12056, -0.29999999999999893, 0.3000000000000007
12057, -0.29999999999999893, 0.3000000000000007
12058, -0.29999999999999893, 0.3000000000000007
12059, -0.29999999999999893, 0.3000000000000007
12060, -0.29999999999999893, 0.3000000000000007
12061, -0.29999999999999893, 0.3000000000000007
12062, -0.29999999999999893, 0.3000000000000007
12063, -0.29999999999999893, 0.3000000000000007
12064, -0.29999999999999893, 0.3000000000000007
12065, -0.29999999999999893, 0.3000000000000007
12066, -0.29999999999999893, 0.3000000000000007
12067, -0.29999999999999893, 0.3000000000000007
12068, -0.29999999999999893, 0.3000000000000007
12069, -0.29999999999999893, 0.1999999999999993
12070, -0.29999999999999893, 0.1999999999999993
12071, -0.29999999999999893, 0.1999999999999993
12072, -0.29999999999999893, 0.3000000000000007
12073, -0.29999999999999893, 0.3000000000000007
12074, -0.29999999999999893, 0.3000000000000007
12075, -0.29999999999999893, 0.3000000000000007
12076, -0.29999999999999893, 0.3000000000000007
12077, -0.29999999999999893, 0.3000000000000007
12078, -0.29999999999999893, 0.1999999999999993
12079, -0.29999999999999893, 0.1999999999999993
12080, -0.29999999999999893, 0.1999999999999993
12081, -0.29999999999999893, 0.1999999999999993
12082, -0.1999999999999993, 0.1999999999999993
12083, -0.1999999999999993, 0.1999999999999993
12084, -0.1999999999999993, 0.1999999999999993
12085, -0.1999999999999993, 0.1999999999999993
12086, -0.1999999999999993, 0.1999999999999993
12087, -0.1999999999999993, 0.1999999999999993
12088, -0.1999999999999993, 0.1999999999999993
12089, -0.1999999999999993, 0.1999999999999993
12090, -0.1999999999999993, 0.1999999999999993
12091, -0.1999999999999993, 0.3000000000000007
12092, -0.1999999999999993, 0.3000000000000007
12093, -0.1999999999999993, 0.1999999999999993
12094, -0.1999999999999993, 0.1999999999999993
12095, -0.1999999999999993, 0.1999999999999993
12096, -0.1999999999999993, 0.1999999999999993
12097, -0.1999999999999993, 0.1999999999999993
12098, -0.1999999999999993, 0.1999999999999993
12099, -0.1999999999999993, 0.1999999999999993
12100, -0.1999999999999993, 0.3000000000000007
12101, -0.1999999999999993, 0.3000000000000007
12102, -0.1999999999999993, 0.3000000000000007
12103, -0.1999999999999993, 0.1999999999999993
12104, -0.1999999999999993, 0.1999999999999993
12105, -0.1999999999999993, 0.1999999999999993
12106, -0.1999999999999993, 0.1999999999999993
12107, -0.1999999999999993, 0.1999999999999993
12108, -0.1999999999999993, 0.1999999999999993
12109, -0.1999999999999993, 0.3000000000000007
12110, -0.1999999999999993, 0.3000000000000007
12111, -0.1999999999999993, 0.3000000000000007
12112, -0.1999999999999993, 0.1999999999999993
12113, -0.09999999999999964, 0.1999999999999993
12114, -0.09999999999999964, 0.1999999999999993
12115, -0.09999999999999964, 0.1999999999999993
12116, -0.09999999999999964, 0.1999999999999993
12117, -0.09999999999999964, 0.1999999999999993
12118, -0.09999999999999964, 0.1999999999999993
12119, -0.09999999999999964, 0.3000000000000007
12120, -0.09999999999999964, 0.1999999999999993
12121, -0.09999999999999964, 0.1999999999999993
12122, -0.09999999999999964, 0.1999999999999993
12123, -0.09999999999999964, 0.1999999999999993
12124, -0.09999999999999964, 0.1999999999999993
12125, -0.09999999999999964, 0.1999999999999993
12126, -0.09999999999999964, 0.1999999999999993
12127, -0.09999999999999964, 0.1999999999999993
12128, -0.09999999999999964, 0.09999999999999787
12129, -0.1999999999999993, 0.09999999999999787
12130, -0.1999999999999993, 0.09999999999999787
12131, -0.1999999999999993, 0.1999999999999993
12132, -0.1999999999999993, 0.1999999999999993
12133, -0.1999999999999993, 0.1999999999999993
12134, -0.1999999999999993, 0.1999999999999993
12135, -0.09999999999999964, 0.1999999999999993
12136, -0.09999999999999964, 0.1999999999999993
12137, -0.09999999999999964, 0.1999999999999993
12138, -0.09999999999999964, 0.1999999999999993
12139, -0.09999999999999964, 0.1999999999999993
12140, -0.09999999999999964, 0.1999999999999993
12141, -0.09999999999999964, 0.1999999999999993
12142, -0.09999999999999964, 0.1999999999999993
12143, -0.09999999999999964, 0.1999999999999993
12144, -0.09999999999999964, 0.1999999999999993
12145, -0.09999999999999964, 0.1999999999999993
12146, -0.09999999999999964, 0.1999999999999993
12147, -0.09999999999999964, 0.1999999999999993
12148, -0.09999999999999964, 0.1999999999999993
12149, -0.09999999999999964, 0.09999999999999787
12150, -0.09999999999999964, 0.09999999999999787
12151, -0.09999999999999964, 0.09999999999999787
12152, -0.09999999999999964, 0.09999999999999787
12153, -0.09999999999999964, 0.09999999999999787
12154, -0.09999999999999964, 0.09999999999999787
12155, -0.09999999999999964, 0.09999999999999787
12156, -0.09999999999999964, 0.09999999999999787
12157, -0.09999999999999964, 0.1999999999999993
12158, -0.09999999999999964, 0.09999999999999787
12159, -0.09999999999999964, 0.09999999999999787
12160, -0.09999999999999964, 0.09999999999999787
12161, -0.09999999999999964, 0.09999999999999787
12162, -0.09999999999999964, 0.09999999999999787
12163, -0.09999999999999964, 0.09999999999999787
12164, -0.09999999999999964, 0.1999999999999993
12165, -0.09999999999999964, 0.1999999999999993
12166, -0.09999999999999964, 0.1999999999999993
12167, -0.09999999999999964, 0.0
12168, -0.1999999999999993, 0.0
12169, -0.1999999999999993, 0.0
12170, -0.1999999999999993, 0.09999999999999787
12171, -0.1999999999999993, 0.09999999999999787
12172, -0.1999999999999993, 0.09999999999999787
12173, -0.1999999999999993, 0.09999999999999787
12174, -0.1999999999999993, 0.0
12175, -0.1999999999999993, 0.09999999999999787
12176, -0.1999999999999993, 0.09999999999999787
12177, -0.1999999999999993, 0.09999999999999787
12178, -0.1999999999999993, 0.09999999999999787
12179, -0.1999999999999993, 0.09999999999999787
12180, -0.1999999999999993, 0.1999999999999993
12181, -0.1999999999999993, 0.09999999999999787
12182, -0.1999999999999993, 0.09999999999999787
12183, -0.1999999999999993, 0.09999999999999787
12184, -0.1999999999999993, 0.09999999999999787
12185, -0.1999999999999993, 0.1999999999999993
12186, -0.1999999999999993, 0.1999999999999993
12187, -0.1999999999999993, 0.1999999999999993
12188, -0.1999999999999993, 0.09999999999999787
12189, -0.1999999999999993, 0.09999999999999787
12190, -0.1999999999999993, 0.1999999999999993
12191, -0.1999999999999993, 0.1999999999999993
12192, -0.1999999999999993, 0.1999999999999993
12193, -0.1999999999999993, 0.1999999999999993
12194, -0.1999999999999993, 0.1999999999999993
12195, -0.1999999999999993, 0.09999999999999787
12196, -0.1999999999999993, 0.1999999999999993
12197, -0.1999999999999993, 0.1999999999999993
12198, -0.1999999999999993, 0.1999999999999993
12199, -0.1999999999999993, 0.1999999999999993
12200, -0.1999999999999993, 0.1999999999999993
12201, -0.1999999999999993, 0.09999999999999787
12202, -0.1999999999999993, 0.09999999999999787
12203, -0.1999999999999993, 0.1999999999999993
12204, -0.1999999999999993, 0.1999999999999993
12205, -0.1999999999999993, 0.1999999999999993
12206, -0.1999999999999993, 0.1999999999999993
12207, -0.1999999999999993, 0.1999999999999993
12208, -0.1999999999999993, 0.09999999999999787
12209, -0.1999999999999993, 0.09999999999999787
12210, -0.1999999999999993, 0.09999999999999787
12211, -0.1999999999999993, 0.09999999999999787
12212, -0.1999999999999993, 0.09999999999999787
12213, -0.1999999999999993, 0.09999999999999787
12214, -0.1999999999999993, 0.1999999999999993
12215, -0.1999999999999993, 0.3000000000000007
12216, -0.1999999999999993, 0.1999999999999993
12217, -0.1999999999999993, 0.1999999999999993
12218, -0.1999999999999993, 0.1999999999999993
12219, -0.1999999999999993, 0.1999999999999993
12220, -0.1999999999999993, 0.1999999999999993
12221, -0.1999999999999993, 0.1999999999999993
12222, -0.1999999999999993, 0.1999999999999993
12223, -0.1999999999999993, 0.1999999999999993
12224, -0.1999999999999993, 0.1999999999999993
12225, -0.1999999999999993, 0.1999999999999993
12226, -0.1999999999999993, 0.09999999999999787
12227, -0.1999999999999993, 0.09999999999999787
12228, -0.1999999999999993, 0.09999999999999787
12229, -0.1999999999999993, 0.09999999999999787
12230, -0.1999999999999993, 0.09999999999999787
12231, -0.1999999999999993, 0.09999999999999787
12232, -0.1999999999999993, 0.1999999999999993
12233, -0.1999999999999993, 0.1999999999999993
12234, -0.1999999999999993, 0.1999999999999993
12235, -0.1999999999999993, 0.1999999999999993
12236, -0.1999999999999993, 0.1999999999999993
12237, -0.1999999999999993, 0.1999999999999993
12238, -0.1999999999999993, 0.1999999999999993
12239, -0.1999999999999993, 0.1999999999999993
12240, -0.1999999999999993, 0.1999999999999993
12241, -0.1999999999999993, 0.1999999999999993
12242, -0.1999999999999993, 0.1999999999999993
12243, -0.1999999999999993, 0.3000000000000007
12244, -0.1999999999999993, 0.3000000000000007
12245, -0.1999999999999993, 0.3000000000000007
12246, -0.29999999999999893, 0.1999999999999993
12247, -0.29999999999999893, 0.1999999999999993
12248, -0.29999999999999893, 0.1999999999999993
12249, -0.29999999999999893, 0.1999999999999993
12250, -0.29999999999999893, 0.1999999999999993
12251, -0.29999999999999893, 0.3000000000000007
12252, -0.29999999999999893, 0.3000000000000007
12253, -0.29999999999999893, 0.1999999999999993
12254, -0.29999999999999893, 0.1999999999999993
12255, -0.29999999999999893, 0.1999999999999993
12256, -0.29999999999999893, 0.1999999999999993
12257, -0.29999999999999893, 0.3000000000000007
12258, -0.29999999999999893, 0.3000000000000007
12259, -0.29999999999999893, 0.3000000000000007
12260, -0.29999999999999893, 0.3000000000000007
12261, -0.29999999999999893, 0.3000000000000007
12262, -0.29999999999999893, 0.1999999999999993
12263, -0.29999999999999893, 0.1999999999999993
12264, -0.29999999999999893, 0.3000000000000007
12265, -0.29999999999999893, 0.3000000000000007
12266, -0.29999999999999893, 0.3000000000000007
12267, -0.29999999999999893, 0.3000000000000007
12268, -0.29999999999999893, 0.3000000000000007
12269, -0.29999999999999893, 0.1999999999999993
12270, -0.29999999999999893, 0.1999999999999993
12271, -0.29999999999999893, 0.3000000000000007
12272, -0.29999999999999893, 0.3000000000000007
12273, -0.29999999999999893, 0.3000000000000007
12274, -0.29999999999999893, 0.3000000000000007
12275, -0.29999999999999893, 0.3000000000000007
12276, -0.29999999999999893, 0.1999999999999993
12277, -0.29999999999999893, 0.1999999999999993
12278, -0.29999999999999893, 0.1999999999999993
12279, -0.29999999999999893, 0.3000000000000007
12280, -0.29999999999999893, 0.3000000000000007
12281, -0.29999999999999893, 0.3000000000000007
12282, -0.29999999999999893, 0.3000000000000007
12283, -0.29999999999999893, 0.1999999999999993
12284, -0.29999999999999893, 0.1999999999999993
12285, -0.29999999999999893, 0.1999999999999993
12286, -0.29999999999999893, 0.1999999999999993
12287, -0.29999999999999893, 0.1999999999999993
12288, -0.29999999999999893, 0.1999999999999993
12289, -0.29999999999999893, 0.3000000000000007
12290, -0.29999999999999893, 0.3000000000000007
12291, -0.29999999999999893, 0.3000000000000007
12292, -0.29999999999999893, 0.3000000000000007
12293, -0.29999999999999893, 0.3000000000000007
12294, -0.29999999999999893, 0.3000000000000007
12295, -0.29999999999999893, 0.1999999999999993
12296, -0.29999999999999893, 0.1999999999999993
12297, -0.29999999999999893, 0.1999999999999993
12298, -0.29999999999999893, 0.1999999999999993
12299, -0.29999999999999893, 0.1999999999999993
12300, -0.29999999999999893, 0.3000000000000007
12301, -0.29999999999999893, 0.3000000000000007
12302, -0.29999999999999893, 0.3000000000000007
12303, -0.29999999999999893, 0.3000000000000007
12304, -0.29999999999999893, 0.3000000000000007
12305, -0.29999999999999893, 0.1999999999999993
12306, -0.29999999999999893, 0.1999999999999993
12307, -0.29999999999999893, 0.1999999999999993
12308, -0.29999999999999893, 0.1999999999999993
12309, -0.29999999999999893, 0.1999999999999993
12310, -0.29999999999999893, 0.3000000000000007
12311, -0.29999999999999893, 0.3000000000000007
12312, -0.29999999999999893, 0.3000000000000007
12313, -0.29999999999999893, 0.3000000000000007
12314, -0.29999999999999893, 0.3000000000000007
12315, -0.29999999999999893, 0.3000000000000007
12316, -0.29999999999999893, 0.3000000000000007
12317, -0.29999999999999893, 0.3000000000000007
12318, -0.29999999999999893, 0.1999999999999993
12319, -0.29999999999999893, 0.1999999999999993
12320, -0.29999999999999893, 0.3000000000000007
12321, -0.29999999999999893, 0.3000000000000007
12322, -0.29999999999999893, 0.3000000000000007
12323, -0.29999999999999893, 0.1999999999999993
12324, -0.29999999999999893, 0.1999999999999993
12325, -0.29999999999999893, 0.1999999999999993
12326, -0.29999999999999893, 0.1999999999999993
12327, -0.29999999999999893, 0.1999999999999993
12328, -0.29999999999999893, 0.1999999999999993
12329, -0.29999999999999893, 0.1999999999999993
12330, -0.29999999999999893, 0.1999999999999993
12331, -0.29999999999999893, 0.1999999999999993
12332, -0.29999999999999893, 0.1999999999999993
12333, -0.29999999999999893, 0.3000000000000007
12334, -0.29999999999999893, 0.3000000000000007
12335, -0.29999999999999893, 0.3000000000000007
12336, -0.29999999999999893, 0.3000000000000007
12337, -0.29999999999999893, 0.3000000000000007
12338, -0.29999999999999893, 0.3000000000000007
12339, -0.29999999999999893, 0.3000000000000007
12340, -0.29999999999999893, 0.3000000000000007
12341, -0.29999999999999893, 0.3000000000000007
12342, -0.29999999999999893, 0.3000000000000007
12343, -0.29999999999999893, 0.3000000000000007
12344, -0.29999999999999893, 0.3000000000000007
12345, -0.29999999999999893, 0.3000000000000007
12346, -0.29999999999999893, 0.3000000000000007
12347, -0.29999999999999893, 0.3000000000000007
12348, -0.29999999999999893, 0.3000000000000007
12349, -0.29999999999999893, 0.3000000000000007
12350, -0.29999999999999893, 0.3000000000000007
12351, -0.29999999999999893, 0.3000000000000007
12352, -0.29999999999999893, 0.3000000000000007
12353, -0.29999999999999893, 0.3000000000000007
12354, -0.29999999999999893, 0.3000000000000007
12355, -0.29999999999999893, 0.3000000000000007
12356, -0.29999999999999893, 0.3000000000000007
12357, -0.29999999999999893, 0.3000000000000007
12358, -0.29999999999999893, 0.3000000000000007
12359, -0.29999999999999893, 0.3000000000000007
12360, -0.29999999999999893, 0.3000000000000007
12361, -0.29999999999999893, 0.3000000000000007
12362, -0.29999999999999893, 0.3000000000000007
12363, -0.29999999999999893, 0.1999999999999993
12364, -0.29999999999999893, 0.1999999999999993
12365, -0.29999999999999893, 0.1999999999999993
12366, -0.29999999999999893, 0.1999999999999993
12367, -0.29999999999999893, 0.1999999999999993
12368, -0.29999999999999893, 0.1999999999999993
12369, -0.29999999999999893, 0.3000000000000007
12370, -0.29999999999999893, 0.3000000000000007
12371, -0.29999999999999893, 0.3000000000000007
12372, -0.29999999999999893, 0.3000000000000007
12373, -0.29999999999999893, 0.3000000000000007
12374, -0.29999999999999893, 0.1999999999999993
12375, -0.29999999999999893, 0.1999999999999993
12376, -0.29999999999999893, 0.1999999999999993
12377, -0.29999999999999893, 0.1999999999999993
12378, -0.29999999999999893, 0.1999999999999993
12379, -0.29999999999999893, 0.1999999999999993
12380, -0.29999999999999893, 0.3000000000000007
12381, -0.29999999999999893, 0.3000000000000007
12382, -0.29999999999999893, 0.3000000000000007
12383, -0.29999999999999893, 0.1999999999999993
12384, -0.29999999999999893, 0.1999999999999993
12385, -0.29999999999999893, 0.1999999999999993
12386, -0.29999999999999893, 0.1999999999999993
12387, -0.29999999999999893, 0.1999999999999993
12388, -0.29999999999999893, 0.1999999999999993
12389, -0.29999999999999893, 0.1999999999999993
12390, -0.29999999999999893, 0.3000000000000007
12391, -0.29999999999999893, 0.3000000000000007
12392, -0.29999999999999893, 0.1999999999999993
12393, -0.29999999999999893, 0.1999999999999993
12394, -0.29999999999999893, 0.1999999999999993
12395, -0.29999999999999893, 0.1999999999999993
12396, -0.29999999999999893, 0.1999999999999993
12397, -0.29999999999999893, 0.1999999999999993
12398, -0.29999999999999893, 0.1999999999999993
12399, -0.29999999999999893, 0.1999999999999993
12400, -0.29999999999999893, 0.1999999999999993
12401, -0.29999999999999893, 0.3000000000000007
12402, -0.29999999999999893, 0.3000000000000007
12403, -0.29999999999999893, 0.3000000000000007
12404, -0.29999999999999893, 0.3000000000000007
12405, -0.29999999999999893, 0.3000000000000007
12406, -0.29999999999999893, 0.3000000000000007
12407, -0.29999999999999893, 0.3000000000000007
12408, -0.29999999999999893, 0.1999999999999993
12409, -0.29999999999999893, 0.1999999999999993
12410, -0.29999999999999893, 0.1999999999999993
12411, -0.29999999999999893, 0.1999999999999993
12412, -0.29999999999999893, 0.1999999999999993
12413, -0.29999999999999893, 0.1999999999999993
12414, -0.29999999999999893, 0.1999999999999993
12415, -0.29999999999999893, 0.1999999999999993
12416, -0.29999999999999893, 0.1999999999999993
12417, -0.29999999999999893, 0.1999999999999993
12418, -0.29999999999999893, 0.1999999999999993
12419, -0.29999999999999893, 0.1999999999999993
12420, -0.29999999999999893, 0.1999999999999993
12421, -0.29999999999999893, 0.1999999999999993
12422, -0.29999999999999893, 0.1999999999999993
12423, -0.29999999999999893, 0.1999999999999993
12424, -0.29999999999999893, 0.1999999999999993
12425, -0.29999999999999893, 0.1999999999999993
12426, -0.29999999999999893, 0.1999999999999993
12427, -0.1999999999999993, 0.1999999999999993
12428, -0.1999999999999993, 0.1999999999999993
12429, -0.1999999999999993, 0.1999999999999993
12430, -0.1999999999999993, 0.09999999999999787
12431, -0.1999999999999993, 0.09999999999999787
12432, -0.1999999999999993, 0.09999999999999787
12433, -0.09999999999999964, 0.1999999999999993
12434, -0.09999999999999964, 0.1999999999999993
12435, -0.09999999999999964, 0.1999999999999993
12436, -0.09999999999999964, 0.1999999999999993
12437, -0.09999999999999964, 0.09999999999999787
12438, -0.09999999999999964, 0.09999999999999787
12439, -0.09999999999999964, 0.09999999999999787
12440, -0.09999999999999964, 0.09999999999999787
12441, -0.09999999999999964, 0.1999999999999993
12442, -0.09999999999999964, 0.1999999999999993
12443, -0.09999999999999964, 0.1999999999999993
12444, 0.0, 0.09999999999999787
12445, 0.0, 0.1999999999999993
12446, 0.0, 0.1999999999999993
12447, 0.0, 0.1999999999999993
12448, 0.0, 0.1999999999999993
12449, 0.0, 0.1999999999999993
12450, -0.1999999999999993, 0.1999999999999993
12451, -0.1999999999999993, 0.1999999999999993
12452, -0.1999999999999993, 0.09999999999999787
12453, -0.1999999999999993, 0.09999999999999787
12454, -0.1999999999999993, 0.09999999999999787
12455, -0.1999999999999993, 0.09999999999999787
12456, -0.1999999999999993, 0.09999999999999787
12457, -0.1999999999999993, 0.09999999999999787
12458, -0.1999999999999993, 0.09999999999999787
12459, -0.1999999999999993, 0.1999999999999993
12460, -0.1999999999999993, 0.09999999999999787
12461, -0.1999999999999993, 0.09999999999999787
12462, -0.1999999999999993, 0.09999999999999787
12463, -0.1999999999999993, 0.09999999999999787
12464, -0.1999999999999993, 0.09999999999999787
12465, -0.1999999999999993, 0.09999999999999787
12466, -0.1999999999999993, 0.09999999999999787
12467, -0.1999999999999993, 0.09999999999999787
12468, -0.1999999999999993, 0.09999999999999787
12469, -0.1999999999999993, 0.0
12470, -0.1999999999999993, 0.0
12471, -0.1999999999999993, 0.0
12472, -0.1999999999999993, 0.0
12473, -0.1999999999999993, 0.09999999999999787
12474, -0.1999999999999993, 0.09999999999999787
12475, -0.1999999999999993, 0.09999999999999787
12476, -0.09999999999999964, 0.09999999999999787
12477, -0.09999999999999964, 0.09999999999999787
12478, -0.09999999999999964, 0.09999999999999787
12479, -0.09999999999999964, 0.09999999999999787
12480, -0.09999999999999964, 0.09999999999999787
12481, -0.09999999999999964, 0.0
12482, -0.09999999999999964, 0.0
12483, -0.09999999999999964, 0.0
12484, -0.09999999999999964, 0.0
12485, -0.09999999999999964, 0.0
12486, -0.09999999999999964, 0.0
12487, -0.09999999999999964, 0.0
12488, -0.09999999999999964, 0.0
12489, -0.09999999999999964, 0.0
12490, -0.09999999999999964, 0.0
12491, -0.09999999999999964, 0.09999999999999787
12492, -0.09999999999999964, 0.09999999999999787
12493, -0.09999999999999964, 0.09999999999999787
12494, -0.09999999999999964, 0.09999999999999787
12495, -0.09999999999999964, 0.09999999999999787
12496, -0.09999999999999964, 0.09999999999999787
12497, -0.09999999999999964, 0.09999999999999787
12498, -0.09999999999999964, 0.09999999999999787
12499, -0.09999999999999964, 0.09999999999999787
12500, -0.09999999999999964, 0.09999999999999787
12501, -0.09999999999999964, 0.09999999999999787
12502, -0.09999999999999964, 0.09999999999999787
12503, -0.09999999999999964, 0.09999999999999787
12504, -0.1999999999999993, 0.09999999999999787
12505, -0.1999999999999993, 0.09999999999999787
12506, -0.1999999999999993, 0.09999999999999787
12507, -0.1999999999999993, 0.09999999999999787
12508, -0.1999999999999993, 0.09999999999999787
12509, -0.1999999999999993, 0.09999999999999787
12510, -0.1999999999999993, 0.09999999999999787
12511, -0.1999999999999993, 0.09999999999999787
12512, -0.1999999999999993, 0.09999999999999787
12513, -0.1999999999999993, 0.09999999999999787
12514, -0.1999999999999993, 0.09999999999999787
12515, -0.1999999999999993, 0.1999999999999993
12516, -0.1999999999999993, 0.1999999999999993
12517, -0.1999999999999993, 0.1999999999999993
12518, -0.1999999999999993, 0.1999999999999993
12519, -0.1999999999999993, 0.1999999999999993
12520, -0.1999999999999993, 0.1999999999999993
12521, -0.1999999999999993, 0.1999999999999993
12522, -0.1999999999999993, 0.1999999999999993
12523, -0.1999999999999993, 0.1999999999999993
12524, -0.1999999999999993, 0.1999999999999993
12525, -0.1999999999999993, 0.1999999999999993
12526, -0.1999999999999993, 0.1999999999999993
12527, -0.1999999999999993, 0.1999999999999993
12528, -0.1999999999999993, 0.1999999999999993
12529, -0.1999999999999993, 0.1999999999999993
12530, -0.1999999999999993, 0.1999999999999993
12531, -0.1999999999999993, 0.1999999999999993
12532, -0.1999999999999993, 0.1999999999999993
12533, -0.1999999999999993, 0.1999999999999993
12534, -0.1999999999999993, 0.1999999999999993
12535, -0.1999999999999993, 0.1999999999999993
12536, -0.1999999999999993, 0.1999999999999993
12537, -0.1999999999999993, 0.09999999999999787
12538, -0.1999999999999993, 0.09999999999999787
12539, -0.1999999999999993, 0.1999999999999993
12540, -0.1999999999999993, 0.1999999999999993
12541, -0.1999999999999993, 0.1999999999999993
12542, -0.1999999999999993, 0.1999999999999993
12543, -0.1999999999999993, 0.1999999999999993
12544, -0.1999999999999993, 0.1999999999999993
12545, -0.1999999999999993, 0.09999999999999787
12546, -0.1999999999999993, 0.09999999999999787
12547, -0.1999999999999993, 0.09999999999999787
12548, -0.1999999999999993, 0.09999999999999787
12549, -0.1999999999999993, 0.09999999999999787
12550, -0.1999999999999993, 0.1999999999999993
12551, -0.1999999999999993, 0.1999999999999993
12552, -0.1999999999999993, 0.1999999999999993
12553, -0.1999999999999993, 0.1999999999999993
12554, -0.1999999999999993, 0.1999999999999993
12555, -0.1999999999999993, 0.1999999999999993
12556, -0.1999999999999993, 0.1999999999999993
12557, -0.1999999999999993, 0.1999999999999993
12558, -0.1999999999999993, 0.1999999999999993
12559, -0.1999999999999993, 0.1999999999999993
12560, -0.1999999999999993, 0.1999999999999993
12561, -0.1999999999999993, 0.1999999999999993
12562, -0.1999999999999993, 0.1999999999999993
12563, -0.1999999999999993, 0.1999999999999993
12564, -0.1999999999999993, 0.09999999999999787
12565, -0.1999999999999993, 0.09999999999999787
12566, -0.1999999999999993, 0.09999999999999787
12567, -0.1999999999999993, 0.1999999999999993
12568, -0.1999999999999993, 0.1999999999999993
12569, -0.1999999999999993, 0.1999999999999993
12570, -0.1999999999999993, 0.1999999999999993
12571, -0.1999999999999993, 0.1999999999999993
12572, -0.1999999999999993, 0.1999999999999993
12573, -0.1999999999999993, 0.1999999999999993
12574, -0.1999999999999993, 0.1999999999999993
12575, -0.1999999999999993, 0.1999999999999993
12576, -0.1999999999999993, 0.1999999999999993
12577, -0.1999999999999993, 0.1999999999999993
12578, -0.1999999999999993, 0.3000000000000007
12579, -0.1999999999999993, 0.3000000000000007
12580, -0.1999999999999993, 0.3000000000000007
12581, -0.1999999999999993, 0.3000000000000007
12582, -0.1999999999999993, 0.3000000000000007
12583, -0.1999999999999993, 0.1999999999999993
12584, -0.1999999999999993, 0.1999999999999993
12585, -0.1999999999999993, 0.1999999999999993
12586, -0.1999999999999993, 0.1999999999999993
12587, -0.1999999999999993, 0.1999999999999993
12588, -0.1999999999999993, 0.1999999999999993
12589, -0.1999999999999993, 0.1999999999999993
12590, -0.1999999999999993, 0.3000000000000007
12591, -0.1999999999999993, 0.3000000000000007
12592, -0.1999999999999993, 0.1999999999999993
12593, -0.1999999999999993, 0.1999999999999993
12594, -0.1999999999999993, 0.1999999999999993
12595, -0.1999999999999993, 0.1999999999999993
12596, -0.1999999999999993, 0.1999999999999993
12597, -0.1999999999999993, 0.1999999999999993
12598, -0.1999999999999993, 0.1999999999999993
12599, -0.1999999999999993, 0.1999999999999993
12600, -0.1999999999999993, 0.1999999999999993
12601, -0.1999999999999993, 0.1999999999999993
12602, -0.1999999999999993, 0.1999999999999993
12603, -0.1999999999999993, 0.09999999999999787
12604, -0.1999999999999993, 0.09999999999999787
12605, -0.1999999999999993, 0.1999999999999993
12606, -0.1999999999999993, 0.1999999999999993
12607, -0.1999999999999993, 0.1999999999999993
12608, -0.1999999999999993, 0.1999999999999993
12609, -0.1999999999999993, 0.1999999999999993
12610, -0.1999999999999993, 0.1999999999999993
12611, -0.1999999999999993, 0.1999999999999993
12612, -0.1999999999999993, 0.1999999999999993
12613, -0.1999999999999993, 0.1999999999999993
12614, -0.1999999999999993, 0.1999999999999993
12615, -0.1999999999999993, 0.1999999999999993
12616, -0.1999999999999993, 0.1999999999999993
12617, -0.1999999999999993, 0.09999999999999787
12618, -0.1999999999999993, 0.09999999999999787
12619, -0.1999999999999993, 0.09999999999999787
12620, -0.1999999999999993, 0.09999999999999787
12621, -0.1999999999999993, 0.09999999999999787
12622, -0.1999999999999993, 0.09999999999999787
12623, -0.1999999999999993, 0.09999999999999787
12624, -0.1999999999999993, 0.09999999999999787
12625, -0.1999999999999993, 0.09999999999999787
12626, -0.1999999999999993, 0.09999999999999787
12627, -0.1999999999999993, 0.09999999999999787
12628, -0.1999999999999993, 0.09999999999999787
12629, -0.1999999999999993, 0.09999999999999787
12630, -0.1999999999999993, 0.09999999999999787
12631, -0.29999999999999893, 0.09999999999999787
12632, -0.29999999999999893, 0.09999999999999787
12633, -0.29999999999999893, 0.09999999999999787
12634, -0.29999999999999893, 0.09999999999999787
12635, -0.29999999999999893, 0.09999999999999787
12636, -0.29999999999999893, 0.09999999999999787
12637, -0.29999999999999893, 0.09999999999999787
12638, -0.29999999999999893, 0.09999999999999787
12639, -0.29999999999999893, 0.0
12640, -0.29999999999999893, 0.0
12641, -0.29999999999999893, 0.09999999999999787
12642, -0.29999999999999893, 0.09999999999999787
12643, -0.29999999999999893, 0.1999999999999993
12644, -0.29999999999999893, 0.1999999999999993
12645, -0.29999999999999893, 0.1999999999999993
12646, -0.29999999999999893, 0.1999999999999993
12647, -0.29999999999999893, 0.1999999999999993
12648, -0.29999999999999893, 0.1999999999999993
12649, -0.29999999999999893, 0.1999999999999993
12650, -0.29999999999999893, 0.1999999999999993
12651, -0.29999999999999893, 0.1999999999999993
12652, -0.29999999999999893, 0.1999999999999993
12653, -0.29999999999999893, 0.1999999999999993
12654, -0.29999999999999893, 0.1999999999999993
12655, -0.29999999999999893, 0.1999999999999993
12656, -0.29999999999999893, 0.09999999999999787
12657, -0.29999999999999893, 0.09999999999999787
12658, -0.29999999999999893, 0.09999999999999787
12659, -0.29999999999999893, 0.09999999999999787
12660, -0.29999999999999893, 0.09999999999999787
12661, -0.29999999999999893, 0.09999999999999787
12662, -0.29999999999999893, 0.09999999999999787
12663, -0.29999999999999893, 0.09999999999999787
12664, -0.29999999999999893, 0.09999999999999787
12665, -0.29999999999999893, 0.09999999999999787
12666, -0.29999999999999893, 0.09999999999999787
12667, -0.29999999999999893, 0.09999999999999787
12668, -0.1999999999999993, 0.1999999999999993
12669, -0.1999999999999993, 0.1999999999999993
12670, -0.1999999999999993, 0.1999999999999993
12671, -0.1999999999999993, 0.09999999999999787
12672, -0.1999999999999993, 0.09999999999999787
12673, -0.1999999999999993, 0.09999999999999787
12674, -0.1999999999999993, 0.09999999999999787
12675, -0.29999999999999893, 0.09999999999999787
12676, -0.29999999999999893, 0.09999999999999787
12677, -0.29999999999999893, 0.1999999999999993
12678, -0.29999999999999893, 0.1999999999999993
12679, -0.29999999999999893, 0.1999999999999993
12680, -0.29999999999999893, 0.3000000000000007
12681, -0.29999999999999893, 0.1999999999999993
12682, -0.29999999999999893, 0.1999999999999993
12683, -0.29999999999999893, 0.1999999999999993
12684, -0.29999999999999893, 0.3000000000000007
12685, -0.29999999999999893, 0.3000000000000007
12686, -0.29999999999999893, 0.3000000000000007
12687, -0.29999999999999893, 0.3000000000000007
12688, -0.29999999999999893, 0.1999999999999993
12689, -0.29999999999999893, 0.1999999999999993
12690, -0.1999999999999993, 0.1999999999999993
12691, -0.1999999999999993, 0.1999999999999993
12692, -0.1999999999999993, 0.3000000000000007
12693, -0.1999999999999993, 0.3000000000000007
12694, -0.1999999999999993, 0.3000000000000007
12695, -0.1999999999999993, 0.3000000000000007
12696, -0.1999999999999993, 0.3000000000000007
12697, -0.1999999999999993, 0.3000000000000007
12698, -0.1999999999999993, 0.3000000000000007
12699, -0.1999999999999993, 0.3000000000000007
12700, -0.1999999999999993, 0.3000000000000007
12701, -0.1999999999999993, 0.3000000000000007
12702, -0.1999999999999993, 0.3000000000000007
12703, -0.1999999999999993, 0.3000000000000007
12704, -0.1999999999999993, 0.3000000000000007
12705, -0.1999999999999993, 0.1999999999999993
12706, -0.1999999999999993, 0.1999999999999993
12707, -0.1999999999999993, 0.3000000000000007
12708, -0.1999999999999993, 0.3000000000000007
12709, -0.1999999999999993, 0.3000000000000007
12710, -0.1999999999999993, 0.3000000000000007
12711, -0.1999999999999993, 0.1999999999999993
12712, -0.1999999999999993, 0.1999999999999993
12713, -0.1999999999999993, 0.1999999999999993
12714, -0.1999999999999993, 0.3000000000000007
12715, -0.1999999999999993, 0.3000000000000007
12716, -0.1999999999999993, 0.1999999999999993
12717, -0.1999999999999993, 0.1999999999999993
12718, -0.1999999999999993, 0.1999999999999993
12719, -0.1999999999999993, 0.3000000000000007
12720, -0.1999999999999993, 0.3000000000000007
12721, -0.1999999999999993, 0.1999999999999993
12722, -0.1999999999999993, 0.1999999999999993
12723, -0.1999999999999993, 0.1999999999999993
12724, -0.1999999999999993, 0.3000000000000007
12725, -0.1999999999999993, 0.3000000000000007
12726, -0.1999999999999993, 0.3000000000000007
12727, -0.1999999999999993, 0.3000000000000007
12728, -0.1999999999999993, 0.3000000000000007
12729, -0.1999999999999993, 0.3000000000000007
12730, -0.1999999999999993, 0.3000000000000007
12731, -0.1999999999999993, 0.3000000000000007
12732, -0.1999999999999993, 0.3000000000000007
12733, -0.1999999999999993, 0.3000000000000007
12734, -0.1999999999999993, 0.3000000000000007
12735, -0.29999999999999893, 0.3000000000000007
12736, -0.29999999999999893, 0.3000000000000007
12737, -0.29999999999999893, 0.3000000000000007
12738, -0.29999999999999893, 0.3999999999999986
12739, -0.29999999999999893, 0.3000000000000007
12740, -0.29999999999999893, 0.3000000000000007
12741, -0.29999999999999893, 0.3000000000000007
12742, -0.29999999999999893, 0.3000000000000007
12743, -0.29999999999999893, 0.3999999999999986
12744, -0.29999999999999893, 0.3999999999999986
12745, -0.29999999999999893, 0.3000000000000007
12746, -0.29999999999999893, 0.3000000000000007
12747, -0.29999999999999893, 0.3000000000000007
12748, -0.29999999999999893, 0.3000000000000007
12749, -0.29999999999999893, 0.3999999999999986
12750, -0.29999999999999893, 0.3999999999999986
12751, -0.29999999999999893, 0.3999999999999986
12752, -0.29999999999999893, 0.3999999999999986
12753, -0.29999999999999893, 0.3000000000000007
12754, -0.29999999999999893, 0.3000000000000007
12755, -0.29999999999999893, 0.3000000000000007
12756, -0.29999999999999893, 0.3999999999999986
12757, -0.29999999999999893, 0.3999999999999986
12758, -0.29999999999999893, 0.3999999999999986
12759, -0.29999999999999893, 0.3999999999999986
12760, -0.29999999999999893, 0.3999999999999986
12761, -0.29999999999999893, 0.3000000000000007
12762, -0.29999999999999893, 0.3000000000000007
12763, -0.29999999999999893, 0.3000000000000007
12764, -0.29999999999999893, 0.3000000000000007
12765, -0.29999999999999893, 0.3000000000000007
12766, -0.29999999999999893, 0.3000000000000007
12767, -0.29999999999999893, 0.3000000000000007
12768, -0.29999999999999893, 0.3000000000000007
12769, -0.29999999999999893, 0.3000000000000007
12770, -0.29999999999999893, 0.3000000000000007
12771, -0.29999999999999893, 0.3000000000000007
12772, -0.29999999999999893, 0.3000000000000007
12773, -0.29999999999999893, 0.3000000000000007
12774, -0.29999999999999893, 0.3000000000000007
12775, -0.29999999999999893, 0.3000000000000007
12776, -0.29999999999999893, 0.3000000000000007
12777, -0.29999999999999893, 0.3000000000000007
12778, -0.29999999999999893, 0.3000000000000007
12779, -0.29999999999999893, 0.3000000000000007
12780, -0.29999999999999893, 0.3000000000000007
12781, -0.29999999999999893, 0.3000000000000007
12782, -0.29999999999999893, 0.3000000000000007
12783, -0.29999999999999893, 0.3000000000000007
12784, -0.29999999999999893, 0.3000000000000007
12785, -0.29999999999999893, 0.3000000000000007
12786, -0.29999999999999893, 0.3000000000000007
12787, -0.29999999999999893, 0.3000000000000007
12788, -0.29999999999999893, 0.3000000000000007
12789, -0.29999999999999893, 0.3000000000000007
12790, -0.29999999999999893, 0.3000000000000007
12791, -0.29999999999999893, 0.3000000000000007
12792, -0.29999999999999893, 0.3000000000000007
12793, -0.29999999999999893, 0.3000000000000007
12794, -0.29999999999999893, 0.3000000000000007
12795, -0.29999999999999893, 0.3000000000000007
12796, -0.29999999999999893, 0.3000000000000007
12797, -0.29999999999999893, 0.1999999999999993
12798, -0.29999999999999893, 0.1999999999999993
12799, -0.29999999999999893, 0.1999999999999993
12800, -0.29999999999999893, 0.1999999999999993
12801, -0.29999999999999893, 0.3000000000000007
12802, -0.29999999999999893, 0.3000000000000007
12803, -0.29999999999999893, 0.3000000000000007
12804, -0.3999999999999986, 0.3000000000000007
12805, -0.3999999999999986, 0.1999999999999993
12806, -0.3999999999999986, 0.1999999999999993
12807, -0.3999999999999986, 0.1999999999999993
12808, -0.3999999999999986, 0.1999999999999993
12809, -0.3999999999999986, 0.3000000000000007
12810, -0.3999999999999986, 0.3000000000000007
12811, -0.3999999999999986, 0.3000000000000007
12812, -0.3999999999999986, 0.3000000000000007
12813, -0.3999999999999986, 0.3000000000000007
12814, -0.3999999999999986, 0.3000000000000007
12815, -0.3999999999999986, 0.3000000000000007
12816, -0.3999999999999986, 0.3000000000000007
12817, -0.3999999999999986, 0.3000000000000007
12818, -0.3999999999999986, 0.3000000000000007
12819, -0.3999999999999986, 0.3000000000000007
12820, -0.3999999999999986, 0.3000000000000007
12821, -0.3999999999999986, 0.3000000000000007
12822, -0.3999999999999986, 0.3999999999999986
12823, -0.3999999999999986, 0.3000000000000007
12824, -0.3999999999999986, 0.3000000000000007
12825, -0.3999999999999986, 0.3000000000000007
12826, -0.3999999999999986, 0.3000000000000007
12827, -0.3999999999999986, 0.3000000000000007
12828, -0.3999999999999986, 0.3000000000000007
12829, -0.5, 0.3000000000000007
12830, -0.5, 0.3000000000000007
12831, -0.5, 0.3000000000000007
12832, -0.5, 0.3000000000000007
12833, -0.5, 0.1999999999999993
12834, -0.5, 0.3000000000000007
12835, -0.5, 0.3000000000000007
12836, -0.5, 0.3000000000000007
12837, -0.5, 0.3000000000000007
12838, -0.5, 0.3000000000000007
12839, -0.5, 0.1999999999999993
12840, -0.5, 0.3000000000000007
12841, -0.5, 0.3000000000000007
12842, -0.5, 0.3000000000000007
12843, -0.5, 0.3000000000000007
12844, -0.5, 0.3000000000000007
12845, -0.5, 0.3999999999999986
12846, -0.5, 0.3999999999999986
12847, -0.5, 0.3000000000000007
12848, -0.5, 0.3000000000000007
12849, -0.5, 0.3000000000000007
12850, -0.5, 0.3999999999999986
12851, -0.5, 0.3000000000000007
12852, -0.5, 0.3000000000000007
12853, -0.5, 0.3000000000000007
12854, -0.5, 0.3999999999999986
12855, -0.5, 0.3999999999999986
12856, -0.5, 0.3000000000000007
12857, -0.5, 0.3000000000000007
12858, -0.5, 0.3999999999999986
12859, -0.5, 0.3999999999999986
12860, -0.5, 0.3999999999999986
12861, -0.5, 0.3000000000000007
12862, -0.3999999999999986, 0.3000000000000007
12863, -0.3999999999999986, 0.3000000000000007
12864, -0.3999999999999986, 0.3000000000000007
12865, -0.3999999999999986, 0.3999999999999986
12866, -0.3999999999999986, 0.3999999999999986
12867, -0.3999999999999986, 0.3999999999999986
12868, -0.3999999999999986, 0.3000000000000007
12869, -0.3999999999999986, 0.3999999999999986
12870, -0.3999999999999986, 0.3000000000000007
12871, -0.3999999999999986, 0.3000000000000007
12872, -0.3999999999999986, 0.3999999999999986
12873, -0.3999999999999986, 0.3000000000000007
12874, -0.3999999999999986, 0.3000000000000007
12875, -0.3999999999999986, 0.3999999999999986
12876, -0.3999999999999986, 0.3999999999999986
12877, -0.3999999999999986, 0.3000000000000007
12878, -0.3999999999999986, 0.3000000000000007
12879, -0.5, 0.3000000000000007
12880, -0.5, 0.3000000000000007
12881, -0.5, 0.3000000000000007
12882, -0.5, 0.3999999999999986
12883, -0.5, 0.3000000000000007
12884, -0.5, 0.3000000000000007
12885, -0.5, 0.3999999999999986
12886, -0.5, 0.3999999999999986
12887, -0.5, 0.3999999999999986
12888, -0.5, 0.3999999999999986
12889, -0.5, 0.3000000000000007
12890, -0.5, 0.3000000000000007
12891, -0.5, 0.3000000000000007
12892, -0.5, 0.3999999999999986
12893, -0.5, 0.3999999999999986
12894, -0.5, 0.3999999999999986
12895, -0.5, 0.3999999999999986
12896, -0.5, 0.3999999999999986
12897, -0.3999999999999986, 0.3999999999999986
12898, -0.3999999999999986, 0.3999999999999986
12899, -0.3999999999999986, 0.5
12900, -0.3999999999999986, 0.3999999999999986
12901, -0.3999999999999986, 0.3999999999999986
12902, -0.3999999999999986, 0.5
12903, -0.3999999999999986, 0.3999999999999986
12904, -0.3999999999999986, 0.3999999999999986
12905, -0.3999999999999986, 0.3999999999999986
12906, -0.3999999999999986, 0.3999999999999986
12907, -0.3999999999999986, 0.3999999999999986
12908, -0.3999999999999986, 0.3999999999999986
12909, -0.3999999999999986, 0.3999999999999986
12910, -0.3999999999999986, 0.5
12911, -0.3999999999999986, 0.3999999999999986
12912, -0.3999999999999986, 0.3999999999999986
12913, -0.3999999999999986, 0.3999999999999986
12914, -0.3999999999999986, 0.5
12915, -0.3999999999999986, 0.5
12916, -0.3999999999999986, 0.5
12917, -0.3999999999999986, 0.3999999999999986
12918, -0.3999999999999986, 0.3999999999999986
12919, -0.5, 0.3999999999999986
12920, -0.5, 0.3999999999999986
12921, -0.5, 0.3999999999999986
12922, -0.5, 0.5
12923, -0.5, 0.3999999999999986
12924, -0.5, 0.3999999999999986
12925, -0.5, 0.3999999999999986
12926, -0.5, 0.3999999999999986
12927, -0.5, 0.3999999999999986
12928, -0.5, 0.3999999999999986
12929, -0.5, 0.5
12930, -0.5, 0.5
12931, -0.5, 0.5
12932, -0.5, 0.5
12933, -0.5, 0.5
12934, -0.5, 0.5
12935, -0.5, 0.5
12936, -0.5, 0.5
12937, -0.5, 0.5
12938, -0.5, 0.5
12939, -0.5, 0.3999999999999986
12940, -0.5, 0.5
12941, -0.5, 0.5999999999999979
12942, -0.5, 0.5999999999999979
12943, -0.5, 0.5999999999999979
12944, -0.5, 0.5
12945, -0.5, 0.5
12946, -0.5, 0.5
12947, -0.5999999999999996, 0.5
12948, -0.5999999999999996, 0.5
12949, -0.5999999999999996, 0.5999999999999979
12950, -0.5999999999999996, 0.5999999999999979
12951, -0.5999999999999996, 0.5999999999999979
12952, -0.5999999999999996, 0.5
12953, -0.5999999999999996, 0.5
12954, -0.5999999999999996, 0.5
12955, -0.5999999999999996, 0.5999999999999979
12956, -0.5999999999999996, 0.5
12957, -0.5999999999999996, 0.5
12958, -0.5999999999999996, 0.5999999999999979
12959, -0.5999999999999996, 0.5
12960, -0.5999999999999996, 0.5
12961, -0.5999999999999996, 0.5
12962, -0.5999999999999996, 0.5999999999999979
12963, -0.5999999999999996, 0.5
12964, -0.5999999999999996, 0.5
12965, -0.5999999999999996, 0.5
12966, -0.5999999999999996, 0.5
12967, -0.5999999999999996, 0.5999999999999979
12968, -0.5999999999999996, 0.5999999999999979
12969, -0.5999999999999996, 0.5999999999999979
12970, -0.5999999999999996, 0.5
12971, -0.5999999999999996, 0.5
12972, -0.5999999999999996, 0.5999999999999979
12973, -0.6999999999999993, 0.5
12974, -0.6999999999999993, 0.5
12975, -0.6999999999999993, 0.5
12976, -0.6999999999999993, 0.5999999999999979
12977, -0.6999999999999993, 0.5999999999999979
12978, -0.6999999999999993, 0.5999999999999979
12979, -0.6999999999999993, 0.5999999999999979
12980, -0.6999999999999993, 0.5
12981, -0.6999999999999993, 0.5999999999999979
12982, -0.6999999999999993, 0.5999999999999979
12983, -0.6999999999999993, 0.5999999999999979
12984, -0.6999999999999993, 0.5
12985, -0.6999999999999993, 0.5999999999999979
12986, -0.6999999999999993, 0.6999999999999993
12987, -0.6999999999999993, 0.5999999999999979
12988, -0.6999999999999993, 0.5999999999999979
12989, -0.6999999999999993, 0.5999999999999979
12990, -0.6999999999999993, 0.5999999999999979
12991, -0.6999999999999993, 0.5999999999999979
12992, -0.6999999999999993, 0.5999999999999979
12993, -0.7999999999999989, 0.5999999999999979
12994, -0.7999999999999989, 0.5999999999999979
12995, -0.7999999999999989, 0.5
12996, -0.7999999999999989, 0.5999999999999979
12997, -0.7999999999999989, 0.5999999999999979
12998, -0.7999999999999989, 0.5999999999999979
12999, -0.7999999999999989, 0.5
13000, -0.7999999999999989, 0.5
13001, -0.7999999999999989, 0.5999999999999979
13002, -0.7999999999999989, 0.5999999999999979
13003, -0.7999999999999989, 0.5
13004, -0.7999999999999989, 0.5
13005, -0.7999999999999989, 0.5
13006, -0.7999999999999989, 0.5999999999999979
13007, -0.7999999999999989, 0.5999999999999979
13008, -0.7999999999999989, 0.5
13009, -0.7999999999999989, 0.5
13010, -0.7999999999999989, 0.5999999999999979
13011, -0.7999999999999989, 0.5999999999999979
13012, -0.7999999999999989, 0.5999999999999979
13013, -0.7999999999999989, 0.5999999999999979
13014, -0.7999999999999989, 0.5999999999999979
13015, -0.6999999999999993, 0.5999999999999979
13016, -0.6999999999999993, 0.5999999999999979
13017, -0.6999999999999993, 0.5999999999999979
13018, -0.6999999999999993, 0.5999999999999979
13019, -0.6999999999999993, 0.5999999999999979
13020, -0.6999999999999993, 0.6999999999999993
13021, -0.6999999999999993, 0.5999999999999979
13022, -0.6999999999999993, 0.5999999999999979
13023, -0.6999999999999993, 0.5999999999999979
13024, -0.6999999999999993, 0.5999999999999979
13025, -0.6999999999999993, 0.5999999999999979
13026, -0.6999999999999993, 0.5999999999999979
13027, -0.6999999999999993, 0.5999999999999979
13028, -0.6999999999999993, 0.5999999999999979
13029, -0.6999999999999993, 0.6999999999999993
13030, -0.6999999999999993, 0.6999999999999993
13031, -0.6999999999999993, 0.5999999999999979
13032, -0.6999999999999993, 0.5999999999999979
13033, -0.7999999999999989, 0.5999999999999979
13034, -0.7999999999999989, 0.5999999999999979
13035, -0.7999999999999989, 0.6999999999999993
13036, -0.7999999999999989, 0.6999999999999993
13037, -0.7999999999999989, 0.6999999999999993
13038, -0.7999999999999989, 0.6999999999999993
13039, -0.7999999999999989, 0.6999999999999993
13040, -0.7999999999999989, 0.5999999999999979
13041, -0.7999999999999989, 0.6999999999999993
13042, -0.7999999999999989, 0.8000000000000007
13043, -0.7999999999999989, 0.8000000000000007
13044, -0.7999999999999989, 0.8000000000000007
13045, -0.7999999999999989, 0.8000000000000007
13046, -0.7999999999999989, 0.8000000000000007
13047, -0.7999999999999989, 0.8000000000000007
13048, -0.7999999999999989, 0.8000000000000007
13049, -0.7999999999999989, 0.8000000000000007
13050, -0.7999999999999989, 0.8000000000000007
13051, -0.7999999999999989, 0.8000000000000007
13052, -0.7999999999999989, 0.8000000000000007
13053, -0.7999999999999989, 0.8000000000000007
13054, -0.7999999999999989, 0.8000000000000007
13055, -0.7999999999999989, 0.8000000000000007
13056, -0.7999999999999989, 0.8000000000000007
13057, -0.7999999999999989, 0.8000000000000007
13058, -0.7999999999999989, 0.8999999999999986
13059, -0.7999999999999989, 0.8000000000000007
13060, -0.7999999999999989, 0.8000000000000007
13061, -0.7999999999999989, 0.8000000000000007
13062, -0.7999999999999989, 0.8000000000000007
13063, -0.7999999999999989, 0.8000000000000007
13064, -0.7999999999999989, 0.8000000000000007
13065, -0.7999999999999989, 0.8000000000000007
13066, -0.7999999999999989, 0.8000000000000007
13067, -0.7999999999999989, 0.8000000000000007
13068, -0.7999999999999989, 0.6999999999999993
13069, -0.7999999999999989, 0.6999999999999993
13070, -0.7999999999999989, 0.6999999999999993
13071, -0.7999999999999989, 0.6999999999999993
13072, -0.7999999999999989, 0.6999999999999993
13073, -0.7999999999999989, 0.6999999999999993
13074, -0.7999999999999989, 0.6999999999999993
13075, -0.7999999999999989, 0.8000000000000007
13076, -0.7999999999999989, 0.8000000000000007
13077, -0.7999999999999989, 0.8000000000000007
13078, -0.7999999999999989, 0.8000000000000007
13079, -0.7999999999999989, 0.8000000000000007
13080, -0.7999999999999989, 0.8000000000000007
13081, -0.7999999999999989, 0.8000000000000007
13082, -0.7999999999999989, 0.8000000000000007
13083, -0.7999999999999989, 0.8000000000000007
13084, -0.7999999999999989, 0.8000000000000007
13085, -0.7999999999999989, 0.8000000000000007
13086, -0.7999999999999989, 0.8000000000000007
13087, -0.7999999999999989, 0.6999999999999993
13088, -0.7999999999999989, 0.6999999999999993
13089, -0.7999999999999989, 0.6999999999999993
13090, -0.8999999999999986, 0.6999999999999993
13091, -0.8999999999999986, 0.6999999999999993
13092, -0.8999999999999986, 0.6999999999999993
13093, -0.8999999999999986, 0.8000000000000007
13094, -0.8999999999999986, 0.8000000000000007
13095, -0.8999999999999986, 0.8000000000000007
13096, -0.8999999999999986, 0.8000000000000007
13097, -0.8999999999999986, 0.8000000000000007
13098, -0.8999999999999986, 0.8000000000000007
13099, -0.8999999999999986, 0.8000000000000007
13100, -0.8999999999999986, 0.8000000000000007
13101, -0.8999999999999986, 0.8999999999999986
13102, -0.8999999999999986, 0.8000000000000007
13103, -0.8999999999999986, 0.8000000000000007
13104, -0.8999999999999986, 0.8000000000000007
13105, -0.8999999999999986, 0.8000000000000007
13106, -0.8999999999999986, 0.8000000000000007
13107, -0.8999999999999986, 0.8999999999999986
13108, -0.8999999999999986, 0.8999999999999986
13109, -0.8999999999999986, 0.8999999999999986
13110, -0.8999999999999986, 0.8000000000000007
13111, -0.8999999999999986, 0.8000000000000007
13112, -0.8999999999999986, 0.8000000000000007
13113, -0.8999999999999986, 0.8999999999999986
13114, -0.8999999999999986, 0.8999999999999986
13115, -0.8999999999999986, 0.8000000000000007
13116, -0.8999999999999986, 0.8999999999999986
13117, -0.8999999999999986, 0.8999999999999986
13118, -0.8999999999999986, 0.8999999999999986
13119, -0.8999999999999986, 1.0
13120, -0.8999999999999986, 0.8999999999999986
13121, -0.8999999999999986, 0.8999999999999986
13122, -0.8999999999999986, 0.8999999999999986
13123, -0.8999999999999986, 0.8999999999999986
13124, -0.8999999999999986, 0.8999999999999986
13125, -0.8999999999999986, 0.8000000000000007
13126, -0.8999999999999986, 0.8000000000000007
13127, -0.8999999999999986, 0.8999999999999986
13128, -0.8999999999999986, 0.8999999999999986
13129, -0.8999999999999986, 0.8999999999999986
13130, -0.8999999999999986, 0.8999999999999986
13131, -0.8999999999999986, 0.8999999999999986
13132, -0.8999999999999986, 0.8999999999999986
13133, -0.8999999999999986, 0.8000000000000007
13134, -0.8999999999999986, 0.8000000000000007
13135, -0.8999999999999986, 0.8000000000000007
13136, -0.8999999999999986, 0.8000000000000007
13137, -0.7999999999999989, 0.8000000000000007
13138, -0.7999999999999989, 0.6999999999999993
13139, -0.7999999999999989, 0.8999999999999986
13140, -0.7999999999999989, 0.8999999999999986
13141, -0.7999999999999989, 0.8999999999999986
13142, -0.7999999999999989, 0.8000000000000007
13143, -0.7999999999999989, 0.8000000000000007
13144, -0.7999999999999989, 0.8000000000000007
13145, -0.7999999999999989, 0.8000000000000007
13146, -0.7999999999999989, 0.8000000000000007
13147, -0.7999999999999989, 0.6999999999999993
13148, -0.7999999999999989, 0.6999999999999993
13149, -0.7999999999999989, 0.8000000000000007
13150, -0.7999999999999989, 0.8000000000000007
13151, -0.6999999999999993, 0.8000000000000007
13152, -0.6999999999999993, 0.6999999999999993
13153, -0.6999999999999993, 0.6999999999999993
13154, -0.6999999999999993, 0.6999999999999993
13155, -0.6999999999999993, 0.6999999999999993
13156, -0.6999999999999993, 0.6999999999999993
13157, -0.6999999999999993, 0.5999999999999979
13158, -0.6999999999999993, 0.6999999999999993
13159, -0.6999999999999993, 0.6999999999999993
13160, -0.6999999999999993, 0.6999999999999993
13161, -0.6999999999999993, 0.6999999999999993
13162, -0.6999999999999993, 0.5999999999999979
13163, -0.6999999999999993, 0.5999999999999979
13164, -0.6999999999999993, 0.5999999999999979
13165, -0.6999999999999993, 0.6999999999999993
13166, -0.6999999999999993, 0.6999999999999993
13167, -0.6999999999999993, 0.6999999999999993
13168, -0.6999999999999993, 0.6999999999999993
13169, -0.6999999999999993, 0.5999999999999979
13170, -0.6999999999999993, 0.5999999999999979
13171, -0.6999999999999993, 0.5999999999999979
13172, -0.6999999999999993, 0.6999999999999993
13173, -0.6999999999999993, 0.6999999999999993
13174, -0.6999999999999993, 0.6999999999999993
13175, -0.6999999999999993, 0.6999999999999993
13176, -0.6999999999999993, 0.5999999999999979
13177, -0.6999999999999993, 0.5999999999999979
13178, -0.6999999999999993, 0.5999999999999979
13179, -0.6999999999999993, 0.6999999999999993
13180, -0.5999999999999996, 0.6999999999999993
13181, -0.5999999999999996, 0.6999999999999993
13182, -0.5999999999999996, 0.6999999999999993
13183, -0.5999999999999996, 0.6999999999999993
13184, -0.5999999999999996, 0.6999999999999993
13185, -0.5999999999999996, 0.6999999999999993
13186, -0.5999999999999996, 0.6999999999999993
13187, -0.5999999999999996, 0.6999999999999993
13188, -0.5999999999999996, 0.5999999999999979
13189, -0.5999999999999996, 0.5999999999999979
13190, -0.5999999999999996, 0.5999999999999979
13191, -0.5999999999999996, 0.5999999999999979
13192, -0.5999999999999996, 0.5999999999999979
13193, -0.5999999999999996, 0.6999999999999993
13194, -0.6999999999999993, 0.6999999999999993
13195, -0.6999999999999993, 0.6999999999999993
13196, -0.6999999999999993, 0.6999999999999993
13197, -0.6999999999999993, 0.5999999999999979
13198, -0.6999999999999993, 0.5999999999999979
13199, -0.6999999999999993, 0.6999999999999993
13200, -0.5999999999999996, 0.6999999999999993
13201, -0.5999999999999996, 0.6999999999999993
13202, -0.5999999999999996, 0.6999999999999993
13203, -0.5999999999999996, 0.6999999999999993
13204, -0.5999999999999996, 0.6999999999999993
13205, -0.5999999999999996, 0.6999999999999993
13206, -0.5999999999999996, 0.6999999999999993
13207, -0.5999999999999996, 0.6999999999999993
13208, -0.5999999999999996, 0.6999999999999993
13209, -0.5999999999999996, 0.8000000000000007
13210, -0.5999999999999996, 0.6999999999999993
13211, -0.5999999999999996, 0.6999999999999993
13212, -0.5999999999999996, 0.5999999999999979
13213, -0.5999999999999996, 0.5999999999999979
13214, -0.5999999999999996, 0.6999999999999993
13215, -0.5999999999999996, 0.6999999999999993
13216, -0.5999999999999996, 0.6999999999999993
13217, -0.5999999999999996, 0.6999999999999993
13218, -0.5999999999999996, 0.6999999999999993
13219, -0.5999999999999996, 0.6999999999999993
13220, -0.5999999999999996, 0.6999999999999993
13221, -0.5999999999999996, 0.6999999999999993
13222, -0.5999999999999996, 0.6999999999999993
13223, -0.5999999999999996, 0.6999999999999993
13224, -0.5999999999999996, 0.5999999999999979
13225, -0.5999999999999996, 0.6999999999999993
13226, -0.5999999999999996, 0.6999999999999993
13227, -0.5999999999999996, 0.6999999999999993
13228, -0.5999999999999996, 0.6999999999999993
13229, -0.5999999999999996, 0.5999999999999979
13230, -0.5999999999999996, 0.5999999999999979
13231, -0.5999999999999996, 0.6999999999999993
13232, -0.5999999999999996, 0.6999999999999993
13233, -0.5999999999999996, 0.6999999999999993
13234, -0.5999999999999996, 0.6999999999999993
13235, -0.5999999999999996, 0.6999999999999993
13236, -0.5999999999999996, 0.6999999999999993
13237, -0.5999999999999996, 0.6999999999999993
13238, -0.5, 0.6999999999999993
13239, -0.5, 0.6999999999999993
13240, -0.5, 0.6999999999999993
13241, -0.5, 0.5999999999999979
13242, -0.5, 0.5999999999999979
13243, -0.5, 0.5999999999999979
13244, -0.5, 0.5999999999999979
13245, -0.5, 0.6999999999999993
13246, -0.5, 0.6999999999999993
13247, -0.5, 0.5999999999999979
13248, -0.5, 0.6999999999999993
13249, -0.5, 0.6999999999999993
13250, -0.5, 0.6999999999999993
13251, -0.5, 0.6999999999999993
13252, -0.5, 0.5999999999999979
13253, -0.5, 0.5999999999999979
13254, -0.5, 0.6999999999999993
13255, -0.5, 0.5999999999999979
13256, -0.5, 0.5999999999999979
13257, -0.5, 0.5999999999999979
13258, -0.5, 0.5999999999999979
13259, -0.5, 0.5999999999999979
13260, -0.5, 0.5999999999999979
13261, -0.5, 0.6999999999999993
13262, -0.5, 0.5999999999999979
13263, -0.5, 0.5999999999999979
13264, -0.5, 0.5999999999999979
13265, -0.5, 0.5999999999999979
13266, -0.5999999999999996, 0.5999999999999979
13267, -0.5999999999999996, 0.5999999999999979
13268, -0.5999999999999996, 0.5
13269, -0.5999999999999996, 0.5
13270, -0.5999999999999996, 0.6999999999999993
13271, -0.5999999999999996, 0.5999999999999979
13272, -0.5999999999999996, 0.5999999999999979
13273, -0.5999999999999996, 0.5999999999999979
13274, -0.5999999999999996, 0.5
13275, -0.5999999999999996, 0.5
13276, -0.5999999999999996, 0.5999999999999979
13277, -0.5999999999999996, 0.5
13278, -0.5999999999999996, 0.5999999999999979
13279, -0.6999999999999993, 0.5999999999999979
13280, -0.6999999999999993, 0.5
13281, -0.6999999999999993, 0.5
13282, -0.6999999999999993, 0.3999999999999986
13283, -0.6999999999999993, 0.5
13284, -0.6999999999999993, 0.5
13285, -0.6999999999999993, 0.5
13286, -0.6999999999999993, 0.5
13287, -0.6999999999999993, 0.5
13288, -0.6999999999999993, 0.3999999999999986
13289, -0.6999999999999993, 0.5
13290, -0.6999999999999993, 0.3999999999999986
13291, -0.6999999999999993, 0.5
13292, -0.6999999999999993, 0.5
13293, -0.5999999999999996, 0.3999999999999986
13294, -0.5999999999999996, 0.3999999999999986
13295, -0.5999999999999996, 0.3999999999999986
13296, -0.5999999999999996, 0.3999999999999986
13297, -0.5999999999999996, 0.3999999999999986
13298, -0.5999999999999996, 0.5
13299, -0.5999999999999996, 0.3999999999999986
13300, -0.5999999999999996, 0.3999999999999986
13301, -0.3999999999999986, 0.3999999999999986
13302, -0.3999999999999986, 0.3999999999999986
13303, -0.3999999999999986, 0.3000000000000007
13304, -0.3999999999999986, 0.5
13305, -0.3999999999999986, 0.5
13306, -0.3999999999999986, 0.3999999999999986
13307, -0.3999999999999986, 0.3999999999999986
13308, -0.3999999999999986, 0.3999999999999986
13309, -0.3999999999999986, 0.3999999999999986
13310, -0.3999999999999986, 0.3999999999999986
13311, -0.3999999999999986, 0.3999999999999986
13312, -0.3999999999999986, 0.5
13313, -0.3999999999999986, 0.5
13314, -0.3999999999999986, 0.5
13315, -0.3999999999999986, 0.5
13316, -0.3999999999999986, 0.3999999999999986
13317, -0.3999999999999986, 0.3999999999999986
13318, -0.3999999999999986, 0.3999999999999986
13319, -0.5, 0.3999999999999986
13320, -0.5, 0.3999999999999986
13321, -0.5, 0.5
13322, -0.5, 0.5
13323, -0.5, 0.5
13324, -0.5, 0.5
13325, -0.5, 0.5
13326, -0.5, 0.5
13327, -0.5, 0.5
13328, -0.5, 0.3999999999999986
13329, -0.5, 0.3999999999999986
13330, -0.5, 0.3999999999999986
13331, -0.3999999999999986, 0.3999999999999986
13332, -0.3999999999999986, 0.3999999999999986
13333, -0.3999999999999986, 0.3999999999999986
13334, -0.3999999999999986, 0.3999999999999986
13335, -0.3999999999999986, 0.5
13336, -0.3999999999999986, 0.3999999999999986
13337, -0.3999999999999986, 0.3999999999999986
13338, -0.3999999999999986, 0.3999999999999986
13339, -0.3999999999999986, 0.3999999999999986
13340, -0.3999999999999986, 0.3999999999999986
13341, -0.3999999999999986, 0.3999999999999986
13342, -0.3999999999999986, 0.3999999999999986
13343, -0.3999999999999986, 0.3999999999999986
13344, -0.3999999999999986, 0.3000000000000007
13345, -0.3999999999999986, 0.3000000000000007
13346, -0.3999999999999986, 0.3000000000000007
13347, -0.3999999999999986, 0.3000000000000007
13348, -0.3999999999999986, 0.3000000000000007
13349, -0.3999999999999986, 0.3000000000000007
13350, -0.3999999999999986, 0.3000000000000007
13351, -0.3999999999999986, 0.3999999999999986
13352, -0.3999999999999986, 0.3999999999999986
13353, -0.3999999999999986, 0.3999999999999986
13354, -0.3999999999999986, 0.3999999999999986
13355, -0.3999999999999986, 0.3999999999999986
13356, -0.3999999999999986, 0.3999999999999986
13357, -0.3999999999999986, 0.3000000000000007
13358, -0.3999999999999986, 0.3000000000000007
13359, -0.3999999999999986, 0.3000000000000007
13360, -0.3999999999999986, 0.3000000000000007
13361, -0.3999999999999986, 0.3000000000000007
13362, -0.3999999999999986, 0.3000000000000007
13363, -0.3999999999999986, 0.3000000000000007
13364, -0.3999999999999986, 0.3000000000000007
13365, -0.3999999999999986, 0.3000000000000007
13366, -0.3999999999999986, 0.3000000000000007
13367, -0.3999999999999986, 0.3000000000000007
13368, -0.3999999999999986, 0.3000000000000007
13369, -0.3999999999999986, 0.3000000000000007
13370, -0.3999999999999986, 0.3999999999999986
13371, -0.3999999999999986, 0.3999999999999986
13372, -0.3999999999999986, 0.3999999999999986
13373, -0.3999999999999986, 0.3999999999999986
13374, -0.3999999999999986, 0.3999999999999986
13375, -0.3999999999999986, 0.3999999999999986
13376, -0.3999999999999986, 0.3999999999999986
13377, -0.3999999999999986, 0.3999999999999986
13378, -0.3999999999999986, 0.3999999999999986
13379, -0.3999999999999986, 0.3000000000000007
13380, -0.3999999999999986, 0.3000000000000007
13381, -0.3999999999999986, 0.3999999999999986
13382, -0.3999999999999986, 0.5
13383, -0.3999999999999986, 0.5
13384, -0.3999999999999986, 0.5
13385, -0.3999999999999986, 0.5
13386, -0.3999999999999986, 0.5
13387, -0.3999999999999986, 0.5
13388, -0.3999999999999986, 0.3999999999999986
13389, -0.3999999999999986, 0.5
13390, -0.3999999999999986, 0.5
13391, -0.3999999999999986, 0.5
13392, -0.3999999999999986, 0.5
13393, -0.3999999999999986, 0.5
13394, -0.3999999999999986, 0.5
13395, -0.3999999999999986, 0.5
13396, -0.3999999999999986, 0.5
13397, -0.3999999999999986, 0.5
13398, -0.3999999999999986, 0.5
13399, -0.3999999999999986, 0.5999999999999979
13400, -0.3999999999999986, 0.5
13401, -0.3999999999999986, 0.5
13402, -0.3999999999999986, 0.5
13403, -0.3999999999999986, 0.5
13404, -0.3999999999999986, 0.5999999999999979
13405, -0.3999999999999986, 0.5999999999999979
13406, -0.3999999999999986, 0.5
13407, -0.5, 0.5
13408, -0.5, 0.5
13409, -0.5, 0.5999999999999979
13410, -0.5, 0.5
13411, -0.5, 0.5
13412, -0.5, 0.3999999999999986
13413, -0.5, 0.3999999999999986
13414, -0.5, 0.5
13415, -0.5, 0.5
13416, -0.5, 0.5
13417, -0.5, 0.5
13418, -0.5, 0.3999999999999986
13419, -0.5, 0.5
13420, -0.5, 0.5
13421, -0.5, 0.5
13422, -0.5, 0.5
13423, -0.5, 0.3999999999999986
13424, -0.5, 0.5
13425, -0.5, 0.5
13426, -0.5, 0.3999999999999986
13427, -0.5, 0.3999999999999986
13428, -0.5, 0.3999999999999986
13429, -0.3999999999999986, 0.3999999999999986
13430, -0.3999999999999986, 0.5
13431, -0.3999999999999986, 0.5
13432, -0.3999999999999986, 0.5
13433, -0.3999999999999986, 0.3000000000000007
13434, -0.3999999999999986, 0.3000000000000007
13435, -0.3999999999999986, 0.3000000000000007
13436, -0.3999999999999986, 0.3999999999999986
13437, -0.3999999999999986, 0.3999999999999986
13438, -0.3999999999999986, 0.3999999999999986
13439, -0.3999999999999986, 0.3999999999999986
13440, -0.3999999999999986, 0.3999999999999986
13441, -0.3999999999999986, 0.3999999999999986
13442, -0.3999999999999986, 0.3999999999999986
13443, -0.3999999999999986, 0.3000000000000007
13444, -0.5, 0.3000000000000007
13445, -0.5, 0.3000000000000007
13446, -0.5, 0.3000000000000007
13447, -0.5, 0.3999999999999986
13448, -0.5, 0.3999999999999986
13449, -0.5, 0.3999999999999986
13450, -0.5, 0.3999999999999986
13451, -0.5, 0.3999999999999986
13452, -0.5, 0.3000000000000007
13453, -0.5, 0.3999999999999986
13454, -0.5, 0.3999999999999986
13455, -0.5, 0.3999999999999986
13456, -0.3999999999999986, 0.3999999999999986
13457, -0.3999999999999986, 0.3999999999999986
13458, -0.3999999999999986, 0.3999999999999986
13459, -0.3999999999999986, 0.3999999999999986
13460, -0.3999999999999986, 0.3999999999999986
13461, -0.3999999999999986, 0.3000000000000007
13462, -0.3999999999999986, 0.3000000000000007
13463, -0.3999999999999986, 0.3000000000000007
13464, -0.3999999999999986, 0.3000000000000007
13465, -0.3999999999999986, 0.3999999999999986
13466, -0.3999999999999986, 0.3999999999999986
13467, -0.3999999999999986, 0.3999999999999986
13468, -0.3999999999999986, 0.3000000000000007
13469, -0.3999999999999986, 0.3000000000000007
13470, -0.3999999999999986, 0.3999999999999986
13471, -0.3999999999999986, 0.3999999999999986
13472, -0.5, 0.3999999999999986
13473, -0.5, 0.3999999999999986
13474, -0.5, 0.3000000000000007
13475, -0.5, 0.3000000000000007
13476, -0.5, 0.3999999999999986
13477, -0.5, 0.3999999999999986
13478, -0.5, 0.3999999999999986
13479, -0.5999999999999996, 0.3999999999999986
13480, -0.5999999999999996, 0.3000000000000007
13481, -0.5999999999999996, 0.3000000000000007
13482, -0.5999999999999996, 0.3000000000000007
13483, -0.5999999999999996, 0.5
13484, -0.5999999999999996, 0.5
13485, -0.5999999999999996, 0.5
13486, -0.5999999999999996, 0.3999999999999986
13487, -0.5999999999999996, 0.3999999999999986
13488, -0.5999999999999996, 0.3999999999999986
13489, -0.5999999999999996, 0.3999999999999986
13490, -0.5999999999999996, 0.3999999999999986
13491, -0.5999999999999996, 0.3999999999999986
13492, -0.5999999999999996, 0.5
13493, -0.5999999999999996, 0.5
13494, -0.5999999999999996, 0.5
13495, -0.5999999999999996, 0.5
13496, -0.5999999999999996, 0.3999999999999986
13497, -0.5999999999999996, 0.3999999999999986
13498, -0.5999999999999996, 0.3999999999999986
13499, -0.5999999999999996, 0.5
13500, -0.6999999999999993, 0.5
13501, -0.6999999999999993, 0.5
13502, -0.6999999999999993, 0.3999999999999986
13503, -0.6999999999999993, 0.3999999999999986
13504, -0.6999999999999993, 0.3999999999999986
13505, -0.6999999999999993, 0.5
13506, -0.6999999999999993, 0.3999999999999986
13507, -0.6999999999999993, 0.3999999999999986
13508, -0.6999999999999993, 0.3999999999999986
13509, -0.6999999999999993, 0.3999999999999986
13510, -0.6999999999999993, 0.3999999999999986
13511, -0.6999999999999993, 0.3999999999999986
13512, -0.6999999999999993, 0.3999999999999986
13513, -0.6999999999999993, 0.3999999999999986
13514, -0.6999999999999993, 0.3999999999999986
13515, -0.6999999999999993, 0.3999999999999986
13516, -0.6999999999999993, 0.3999999999999986
13517, -0.6999999999999993, 0.3999999999999986
13518, -0.6999999999999993, 0.3999999999999986
13519, -0.6999999999999993, 0.3999999999999986
13520, -0.6999999999999993, 0.3999999999999986
13521, -0.6999999999999993, 0.3999999999999986
13522, -0.6999999999999993, 0.3999999999999986
13523, -0.6999999999999993, 0.3999999999999986
13524, -0.6999999999999993, 0.3999999999999986
13525, -0.6999999999999993, 0.3999999999999986
13526, -0.6999999999999993, 0.3999999999999986
13527, -0.6999999999999993, 0.3999999999999986
13528, -0.6999999999999993, 0.3999999999999986
13529, -0.6999999999999993, 0.3999999999999986
13530, -0.5999999999999996, 0.3999999999999986
13531, -0.5999999999999996, 0.3999999999999986
13532, -0.5999999999999996, 0.3999999999999986
13533, -0.5999999999999996, 0.3999999999999986
13534, -0.6999999999999993, 0.3999999999999986
13535, -0.6999999999999993, 0.3999999999999986
13536, -0.6999999999999993, 0.5
13537, -0.6999999999999993, 0.5
13538, -0.6999999999999993, 0.5
13539, -0.6999999999999993, 0.5
13540, -0.6999999999999993, 0.5
13541, -0.6999999999999993, 0.5
13542, -0.6999999999999993, 0.5
13543, -0.6999999999999993, 0.5999999999999979
13544, -0.6999999999999993, 0.5999999999999979
13545, -0.6999999999999993, 0.5999999999999979
13546, -0.6999999999999993, 0.5999999999999979
13547, -0.6999999999999993, 0.5
13548, -0.6999999999999993, 0.5
13549, -0.6999999999999993, 0.5
13550, -0.6999999999999993, 0.5
13551, -0.6999999999999993, 0.5
13552, -0.6999999999999993, 0.5999999999999979
13553, -0.6999999999999993, 0.5999999999999979
13554, -0.6999999999999993, 0.5999999999999979
13555, -0.6999999999999993, 0.5999999999999979
13556, -0.6999999999999993, 0.5
13557, -0.6999999999999993, 0.5
13558, -0.6999999999999993, 0.5
13559, -0.6999999999999993, 0.5
13560, -0.6999999999999993, 0.5
13561, -0.6999999999999993, 0.5
13562, -0.6999999999999993, 0.5999999999999979
13563, -0.6999999999999993, 0.5999999999999979
13564, -0.6999999999999993, 0.5999999999999979
13565, -0.6999999999999993, 0.5999999999999979
13566, -0.6999999999999993, 0.6999999999999993
13567, -0.6999999999999993, 0.5999999999999979
13568, -0.6999999999999993, 0.5999999999999979
13569, -0.6999999999999993, 0.5999999999999979
13570, -0.6999999999999993, 0.5999999999999979
13571, -0.6999999999999993, 0.5999999999999979
13572, -0.6999999999999993, 0.5999999999999979
13573, -0.6999999999999993, 0.5999999999999979
13574, -0.6999999999999993, 0.5999999999999979
13575, -0.6999999999999993, 0.5999999999999979
13576, -0.6999999999999993, 0.5999999999999979
13577, -0.6999999999999993, 0.5999999999999979
13578, -0.6999999999999993, 0.5999999999999979
13579, -0.6999999999999993, 0.5999999999999979
13580, -0.6999999999999993, 0.5999999999999979
13581, -0.6999999999999993, 0.5999999999999979
13582, -0.6999999999999993, 0.5999999999999979
13583, -0.6999999999999993, 0.5999999999999979
13584, -0.6999999999999993, 0.5999999999999979
13585, -0.6999999999999993, 0.5999999999999979
13586, -0.6999999999999993, 0.5999999999999979
13587, -0.6999999999999993, 0.5999999999999979
13588, -0.6999999999999993, 0.5999999999999979
13589, -0.5999999999999996, 0.5999999999999979
13590, -0.5999999999999996, 0.5999999999999979
13591, -0.5999999999999996, 0.5999999999999979
13592, -0.5999999999999996, 0.5999999999999979
13593, -0.5999999999999996, 0.5999999999999979
13594, -0.5999999999999996, 0.5999999999999979
13595, -0.5999999999999996, 0.5999999999999979
13596, -0.5999999999999996, 0.5999999999999979
13597, -0.5999999999999996, 0.5999999999999979
13598, -0.5999999999999996, 0.5999999999999979
13599, -0.5999999999999996, 0.5999999999999979
13600, -0.5999999999999996, 0.5999999999999979
13601, -0.5999999999999996, 0.5999999999999979
13602, -0.5999999999999996, 0.5999999999999979
13603, -0.5999999999999996, 0.5999999999999979
13604, -0.5999999999999996, 0.5999999999999979
13605, -0.5999999999999996, 0.5999999999999979
13606, -0.5999999999999996, 0.5999999999999979
13607, -0.5999999999999996, 0.5999999999999979
13608, -0.6999999999999993, 0.5999999999999979
13609, -0.6999999999999993, 0.6999999999999993
13610, -0.6999999999999993, 0.6999999999999993
13611, -0.6999999999999993, 0.6999999999999993
13612, -0.6999999999999993, 0.6999999999999993
13613, -0.6999999999999993, 0.5999999999999979
13614, -0.6999999999999993, 0.5999999999999979
13615, -0.6999999999999993, 0.5999999999999979
13616, -0.6999999999999993, 0.5999999999999979
13617, -0.6999999999999993, 0.5999999999999979
13618, -0.6999999999999993, 0.5999999999999979
13619, -0.5999999999999996, 0.5999999999999979
13620, -0.5999999999999996, 0.5999999999999979
13621, -0.5999999999999996, 0.5999999999999979
13622, -0.5999999999999996, 0.5999999999999979
13623, -0.5999999999999996, 0.5999999999999979
13624, -0.5999999999999996, 0.5999999999999979
13625, -0.5999999999999996, 0.5999999999999979
13626, -0.5999999999999996, 0.5
13627, -0.5999999999999996, 0.5
13628, -0.5999999999999996, 0.5999999999999979
13629, -0.5999999999999996, 0.5999999999999979
13630, -0.5999999999999996, 0.5999999999999979
13631, -0.5999999999999996, 0.5999999999999979
13632, -0.5999999999999996, 0.5999999999999979
13633, -0.5999999999999996, 0.5999999999999979
13634, -0.5999999999999996, 0.5999999999999979
13635, -0.5999999999999996, 0.5999999999999979
13636, -0.5999999999999996, 0.5999999999999979
13637, -0.5999999999999996, 0.5999999999999979
13638, -0.5999999999999996, 0.5999999999999979
13639, -0.5999999999999996, 0.5999999999999979
13640, -0.5999999999999996, 0.5999999999999979
13641, -0.5999999999999996, 0.5
13642, -0.5999999999999996, 0.5
13643, -0.5999999999999996, 0.5
13644, -0.5999999999999996, 0.5
13645, -0.5999999999999996, 0.5
13646, -0.5999999999999996, 0.5999999999999979
13647, -0.5999999999999996, 0.5999999999999979
13648, -0.5999999999999996, 0.5999999999999979
13649, -0.5999999999999996, 0.5999999999999979
13650, -0.5999999999999996, 0.5999999999999979
13651, -0.5999999999999996, 0.5999999999999979
13652, -0.5999999999999996, 0.5999999999999979
13653, -0.5, 0.5999999999999979
13654, -0.5, 0.5999999999999979
13655, -0.5, 0.5999999999999979
13656, -0.5, 0.5999999999999979
13657, -0.5, 0.6999999999999993
13658, -0.5, 0.6999999999999993
13659, -0.5, 0.6999999999999993
13660, -0.5, 0.6999999999999993
13661, -0.5, 0.6999999999999993
13662, -0.5, 0.6999999999999993
13663, -0.5, 0.6999999999999993
13664, -0.5, 0.6999999999999993
13665, -0.5, 0.6999999999999993
13666, -0.5, 0.6999999999999993
13667, -0.5, 0.6999999999999993
13668, -0.5999999999999996, 0.6999999999999993
13669, -0.5999999999999996, 0.5999999999999979
13670, -0.5999999999999996, 0.6999999999999993
13671, -0.5999999999999996, 0.6999999999999993
13672, -0.5999999999999996, 0.6999999999999993
13673, -0.5999999999999996, 0.6999999999999993
13674, -0.5999999999999996, 0.6999999999999993
13675, -0.5999999999999996, 0.6999999999999993
13676, -0.5999999999999996, 0.6999999999999993
13677, -0.5999999999999996, 0.6999999999999993
13678, -0.5999999999999996, 0.5999999999999979
13679, -0.5999999999999996, 0.6999999999999993
13680, -0.5999999999999996, 0.6999999999999993
13681, -0.5999999999999996, 0.6999999999999993
13682, -0.5999999999999996, 0.5999999999999979
13683, -0.5999999999999996, 0.5999999999999979
13684, -0.5999999999999996, 0.5999999999999979
13685, -0.5999999999999996, 0.5999999999999979
13686, -0.5999999999999996, 0.5
13687, -0.5999999999999996, 0.5999999999999979
13688, -0.5999999999999996, 0.5999999999999979
13689, -0.5999999999999996, 0.5999999999999979
13690, -0.5999999999999996, 0.5999999999999979
13691, -0.5999999999999996, 0.5999999999999979
13692, -0.5999999999999996, 0.5999999999999979
13693, -0.5999999999999996, 0.5999999999999979
13694, -0.5999999999999996, 0.5999999999999979
13695, -0.5999999999999996, 0.5999999999999979
13696, -0.5999999999999996, 0.6999999999999993
13697, -0.5999999999999996, 0.6999999999999993
13698, -0.5999999999999996, 0.5999999999999979
13699, -0.5999999999999996, 0.5999999999999979
13700, -0.5999999999999996, 0.5999999999999979
13701, -0.5999999999999996, 0.5
13702, -0.5999999999999996, 0.5
13703, -0.5999999999999996, 0.5
13704, -0.5999999999999996, 0.5
13705, -0.5999999999999996, 0.5
13706, -0.5999999999999996, 0.5999999999999979
13707, -0.5999999999999996, 0.5999999999999979
13708, -0.5999999999999996, 0.5999999999999979
13709, -0.5999999999999996, 0.5999999999999979
13710, -0.5, 0.5999999999999979
13711, -0.5, 0.5999999999999979
13712, -0.5, 0.5999999999999979
13713, -0.5, 0.5999999999999979
13714, -0.5, 0.5999999999999979
13715, -0.5, 0.6999999999999993
13716, -0.5, 0.5999999999999979
13717, -0.5, 0.5999999999999979
13718, -0.5, 0.5999999999999979
13719, -0.5, 0.5999999999999979
13720, -0.5, 0.5
13721, -0.5, 0.5
13722, -0.5, 0.5
13723, -0.5, 0.5
13724, -0.5, 0.5
13725, -0.5, 0.5
13726, -0.5, 0.5999999999999979
13727, -0.5, 0.5
13728, -0.5, 0.5
13729, -0.5, 0.5
13730, -0.5999999999999996, 0.5
13731, -0.5999999999999996, 0.5
13732, -0.5999999999999996, 0.5
13733, -0.5999999999999996, 0.5
13734, -0.5999999999999996, 0.5
13735, -0.5999999999999996, 0.5
13736, -0.5999999999999996, 0.3999999999999986
13737, -0.5999999999999996, 0.3999999999999986
13738, -0.5999999999999996, 0.3999999999999986
13739, -0.5, 0.3999999999999986
13740, -0.5, 0.5
13741, -0.5, 0.5
13742, -0.5, 0.5
13743, -0.5, 0.3999999999999986
13744, -0.5, 0.3999999999999986
13745, -0.5, 0.3999999999999986
13746, -0.5, 0.3999999999999986
13747, -0.5, 0.5
13748, -0.5, 0.5
13749, -0.5, 0.3999999999999986
13750, -0.5, 0.3999999999999986
13751, -0.5, 0.3999999999999986
13752, -0.5, 0.5
13753, -0.5, 0.5
13754, -0.5, 0.5
13755, -0.5, 0.3999999999999986
13756, -0.5, 0.3999999999999986
13757, -0.5, 0.3999999999999986
13758, -0.5, 0.3999999999999986
13759, -0.5, 0.3999999999999986
13760, -0.5, 0.5
13761, -0.5, 0.3999999999999986
13762, -0.5, 0.3999999999999986
13763, -0.5, 0.3999999999999986
13764, -0.5, 0.5
13765, -0.5, 0.5
13766, -0.3999999999999986, 0.5
13767, -0.3999999999999986, 0.3999999999999986
13768, -0.3999999999999986, 0.3999999999999986
13769, -0.3999999999999986, 0.5
13770, -0.3999999999999986, 0.5
13771, -0.3999999999999986, 0.5
13772, -0.3999999999999986, 0.5
13773, -0.3999999999999986, 0.5
13774, -0.3999999999999986, 0.3999999999999986
13775, -0.3999999999999986, 0.3999999999999986
13776, -0.3999999999999986, 0.3999999999999986
13777, -0.3999999999999986, 0.3999999999999986
13778, -0.3999999999999986, 0.5999999999999979
13779, -0.3999999999999986, 0.5999999999999979
13780, -0.3999999999999986, 0.5999999999999979
13781, -0.3999999999999986, 0.5999999999999979
13782, -0.3999999999999986, 0.5999999999999979
13783, -0.3999999999999986, 0.5
13784, -0.3999999999999986, 0.5
13785, -0.3999999999999986, 0.5
13786, -0.3999999999999986, 0.5
13787, -0.3999999999999986, 0.5
13788, -0.3999999999999986, 0.5
13789, -0.3999999999999986, 0.5
13790, -0.3999999999999986, 0.5
13791, -0.3999999999999986, 0.5
13792, -0.3999999999999986, 0.5999999999999979
13793, -0.3999999999999986, 0.5999999999999979
13794, -0.3999999999999986, 0.5999999999999979
13795, -0.3999999999999986, 0.5999999999999979
13796, -0.3999999999999986, 0.5999999999999979
13797, -0.5, 0.5999999999999979
13798, -0.5999999999999996, 0.6999999999999993
13799, -0.5999999999999996, 0.5999999999999979
13800, -0.5999999999999996, 0.5999999999999979
13801, -0.5999999999999996, 0.5999999999999979
13802, -0.5999999999999996, 0.5999999999999979
13803, -0.5999999999999996, 0.5999999999999979
13804, -0.5999999999999996, 0.5999999999999979
13805, -0.5999999999999996, 0.5999999999999979
13806, -0.5999999999999996, 0.5999999999999979
13807, -0.5999999999999996, 0.5999999999999979
13808, -0.5999999999999996, 0.5999999999999979
13809, -0.5999999999999996, 0.5999999999999979
13810, -0.5999999999999996, 0.5
13811, -0.5999999999999996, 0.5
13812, -0.5999999999999996, 0.5
13813, -0.5999999999999996, 0.5
13814, -0.5999999999999996, 0.5
13815, -0.5999999999999996, 0.5
13816, -0.5999999999999996, 0.5
13817, -0.5999999999999996, 0.5999999999999979
13818, -0.5999999999999996, 0.5
13819, -0.5999999999999996, 0.5
13820, -0.5, 0.5
13821, -0.5, 0.5
13822, -0.5, 0.5
13823, -0.5, 0.5999999999999979
13824, -0.5, 0.5999999999999979
13825, -0.5, 0.5
13826, -0.5, 0.5
13827, -0.5, 0.5
13828, -0.5, 0.5
13829, -0.5, 0.5
13830, -0.5, 0.5
13831, -0.5, 0.5
13832, -0.5, 0.5
13833, -0.5, 0.5
13834, -0.5, 0.3999999999999986
13835, -0.5, 0.3999999999999986
13836, -0.5, 0.3999999999999986
13837, -0.5, 0.3999999999999986
13838, -0.5, 0.3999999999999986
13839, -0.5, 0.3999999999999986
13840, -0.5, 0.3999999999999986
13841, -0.5, 0.3999999999999986
13842, -0.5, 0.3999999999999986
13843, -0.5, 0.3999999999999986
13844, -0.5, 0.3999999999999986
13845, -0.5, 0.3999999999999986
13846, -0.5, 0.3999999999999986
13847, -0.5, 0.3999999999999986
13848, -0.5, 0.3999999999999986
13849, -0.5, 0.3999999999999986
13850, -0.5, 0.3999999999999986
13851, -0.5, 0.3999999999999986
13852, -0.5, 0.3999999999999986
13853, -0.5, 0.3999999999999986
13854, -0.5, 0.3999999999999986
13855, -0.5, 0.3000000000000007
13856, -0.5, 0.3000000000000007
13857, -0.5, 0.3000000000000007
13858, -0.5, 0.3000000000000007
13859, -0.5, 0.3000000000000007
13860, -0.5, 0.3000000000000007
13861, -0.5, 0.3000000000000007
13862, -0.5, 0.3000000000000007
13863, -0.5, 0.3000000000000007
13864, -0.5, 0.3000000000000007
13865, -0.5, 0.3999999999999986
13866, -0.5, 0.3999999999999986
13867, -0.3999999999999986, 0.3999999999999986
13868, -0.3999999999999986, 0.3999999999999986
13869, -0.3999999999999986, 0.3999999999999986
13870, -0.3999999999999986, 0.3999999999999986
13871, -0.3999999999999986, 0.3999999999999986
13872, -0.3999999999999986, 0.3999999999999986
13873, -0.3999999999999986, 0.3999999999999986
13874, -0.3999999999999986, 0.3999999999999986
13875, -0.3999999999999986, 0.3999999999999986
13876, -0.3999999999999986, 0.3999999999999986
13877, -0.3999999999999986, 0.3999999999999986
13878, -0.3999999999999986, 0.3999999999999986
13879, -0.3999999999999986, 0.3000000000000007
13880, -0.3999999999999986, 0.3000000000000007
13881, -0.3999999999999986, 0.3000000000000007
13882, -0.3999999999999986, 0.3999999999999986
13883, -0.3999999999999986, 0.3999999999999986
13884, -0.3999999999999986, 0.3999999999999986
13885, -0.3999999999999986, 0.3999999999999986
13886, -0.3999999999999986, 0.3999999999999986
13887, -0.3999999999999986, 0.3999999999999986
13888, -0.3999999999999986, 0.3999999999999986
13889, -0.3999999999999986, 0.3999999999999986
13890, -0.3999999999999986, 0.3000000000000007
13891, -0.3999999999999986, 0.3000000000000007
13892, -0.3999999999999986, 0.3999999999999986
13893, -0.3999999999999986, 0.3999999999999986
13894, -0.3999999999999986, 0.3999999999999986
13895, -0.3999999999999986, 0.3999999999999986
13896, -0.3999999999999986, 0.3999999999999986
13897, -0.3999999999999986, 0.5
13898, -0.3999999999999986, 0.3999999999999986
13899, -0.3999999999999986, 0.3999999999999986
13900, -0.3999999999999986, 0.3999999999999986
13901, -0.29999999999999893, 0.3999999999999986
13902, -0.29999999999999893, 0.5
13903, -0.29999999999999893, 0.5
13904, -0.3999999999999986, 0.5
13905, -0.3999999999999986, 0.5
13906, -0.3999999999999986, 0.3999999999999986
13907, -0.3999999999999986, 0.5
13908, -0.3999999999999986, 0.5
13909, -0.3999999999999986, 0.5
13910, -0.3999999999999986, 0.5
13911, -0.3999999999999986, 0.5
13912, -0.3999999999999986, 0.5
13913, -0.3999999999999986, 0.5999999999999979
13914, -0.3999999999999986, 0.5999999999999979
13915, -0.3999999999999986, 0.5
13916, -0.3999999999999986, 0.5
13917, -0.3999999999999986, 0.5
13918, -0.3999999999999986, 0.3999999999999986
13919, -0.3999999999999986, 0.5
13920, -0.3999999999999986, 0.5
13921, -0.3999999999999986, 0.5
13922, -0.3999999999999986, 0.5
13923, -0.3999999999999986, 0.5
13924, -0.3999999999999986, 0.5
13925, -0.3999999999999986, 0.5
13926, -0.3999999999999986, 0.5
13927, -0.3999999999999986, 0.5999999999999979
13928, -0.3999999999999986, 0.5999999999999979
13929, -0.3999999999999986, 0.5
13930, -0.5, 0.5
13931, -0.5, 0.5
13932, -0.5, 0.5
13933, -0.5, 0.5
13934, -0.5, 0.5
13935, -0.5, 0.5
13936, -0.5, 0.5
13937, -0.5, 0.5999999999999979
13938, -0.5, 0.5999999999999979
13939, -0.5, 0.5999999999999979
13940, -0.5, 0.5999999999999979
13941, -0.5, 0.5999999999999979
13942, -0.5, 0.5999999999999979
13943, -0.5, 0.5
13944, -0.5, 0.5
13945, -0.5, 0.5
13946, -0.5, 0.5999999999999979
13947, -0.5, 0.5999999999999979
13948, -0.5, 0.5999999999999979
13949, -0.5, 0.5999999999999979
13950, -0.5, 0.5999999999999979
13951, -0.5, 0.5999999999999979
13952, -0.5, 0.5999999999999979
13953, -0.5, 0.5999999999999979
13954, -0.5, 0.5999999999999979
13955, -0.5, 0.6999999999999993
13956, -0.5, 0.6999999999999993
13957, -0.5, 0.6999999999999993
13958, -0.5, 0.6999999999999993
13959, -0.5, 0.5999999999999979
13960, -0.5, 0.5
13961, -0.5, 0.5
13962, -0.5, 0.5
13963, -0.5, 0.5
13964, -0.5, 0.5999999999999979
13965, -0.5, 0.5999999999999979
13966, -0.5, 0.5999999999999979
13967, -0.5, 0.5999999999999979
13968, -0.5, 0.5999999999999979
13969, -0.5, 0.5999999999999979
13970, -0.5, 0.5999999999999979
13971, -0.5, 0.5
13972, -0.5, 0.5
13973, -0.5, 0.5
13974, -0.5, 0.5
13975, -0.5, 0.5999999999999979
13976, -0.5, 0.5999999999999979
13977, -0.5999999999999996, 0.5999999999999979
13978, -0.5999999999999996, 0.5999999999999979
13979, -0.5999999999999996, 0.5999999999999979
13980, -0.5999999999999996, 0.5
13981, -0.5999999999999996, 0.5
13982, -0.5999999999999996, 0.5
13983, -0.5999999999999996, 0.5
13984, -0.5999999999999996, 0.5
13985, -0.5999999999999996, 0.5
13986, -0.5999999999999996, 0.5
13987, -0.5999999999999996, 0.5
13988, -0.5999999999999996, 0.5
13989, -0.5999999999999996, 0.5
13990, -0.5999999999999996, 0.5
13991, -0.5999999999999996, 0.3999999999999986
13992, -0.5999999999999996, 0.3999999999999986
13993, -0.5999999999999996, 0.3999999999999986
13994, -0.5999999999999996, 0.3999999999999986
13995, -0.5999999999999996, 0.5
13996, -0.5999999999999996, 0.5
13997, -0.5999999999999996, 0.5
13998, -0.5999999999999996, 0.5
13999, -0.5999999999999996, 0.5
14000, -0.5999999999999996, 0.5
14001, -0.5999999999999996, 0.5
14002, -0.5999999999999996, 0.5
14003, -0.5999999999999996, 0.5
14004, -0.5999999999999996, 0.5
14005, -0.5999999999999996, 0.5
14006, -0.5999999999999996, 0.5
14007, -0.5999999999999996, 0.5
14008, -0.5999999999999996, 0.5
14009, -0.5999999999999996, 0.5
14010, -0.5999999999999996, 0.5
14011, -0.5999999999999996, 0.5
14012, -0.5999999999999996, 0.5
14013, -0.5999999999999996, 0.5
14014, -0.5999999999999996, 0.5
14015, -0.5999999999999996, 0.5
14016, -0.5999999999999996, 0.5
14017, -0.5999999999999996, 0.5
14018, -0.5999999999999996, 0.5
14019, -0.5999999999999996, 0.5
14020, -0.5999999999999996, 0.5
14021, -0.5999999999999996, 0.5
14022, -0.5999999999999996, 0.5
14023, -0.5999999999999996, 0.5
14024, -0.5999999999999996, 0.5
14025, -0.5999999999999996, 0.5
14026, -0.5999999999999996, 0.5
14027, -0.5999999999999996, 0.5
14028, -0.5, 0.5
14029, -0.5999999999999996, 0.5
14030, -0.5999999999999996, 0.5
14031, -0.5999999999999996, 0.5
14032, -0.5999999999999996, 0.5
14033, -0.5999999999999996, 0.5
14034, -0.5999999999999996, 0.5
14035, -0.5999999999999996, 0.5
14036, -0.5999999999999996, 0.5
14037, -0.5999999999999996, 0.5
14038, -0.5999999999999996, 0.5
14039, -0.5999999999999996, 0.5
14040, -0.5999999999999996, 0.5
14041, -0.5999999999999996, 0.5
14042, -0.5999999999999996, 0.5
14043, -0.5999999999999996, 0.5999999999999979
14044, -0.5999999999999996, 0.5999999999999979
14045, -0.5999999999999996, 0.5999999999999979
14046, -0.5, 0.5999999999999979
14047, -0.5, 0.5999999999999979
14048, -0.5, 0.5999999999999979
14049, -0.5, 0.5999999999999979
14050, -0.5, 0.5999999999999979
14051, -0.5, 0.5999999999999979
14052, -0.5, 0.5999999999999979
14053, -0.5, 0.5
14054, -0.5, 0.5
14055, -0.5, 0.5
14056, -0.5, 0.5
14057, -0.5, 0.5
14058, -0.5, 0.5999999999999979
14059, -0.5, 0.5999999999999979
14060, -0.5, 0.5999999999999979
14061, -0.5999999999999996, 0.5999999999999979
14062, -0.5999999999999996, 0.5999999999999979
14063, -0.5999999999999996, 0.5999999999999979
14064, -0.5999999999999996, 0.5999999999999979
14065, -0.5999999999999996, 0.5
14066, -0.5999999999999996, 0.5
14067, -0.5999999999999996, 0.5
14068, -0.5999999999999996, 0.5
14069, -0.5999999999999996, 0.5
14070, -0.5999999999999996, 0.5999999999999979
14071, -0.5999999999999996, 0.5999999999999979
14072, -0.5999999999999996, 0.5999999999999979
14073, -0.5999999999999996, 0.5999999999999979
14074, -0.5999999999999996, 0.5999999999999979
14075, -0.5999999999999996, 0.5999999999999979
14076, -0.5999999999999996, 0.5999999999999979
14077, -0.5999999999999996, 0.5999999999999979
14078, -0.5999999999999996, 0.5
14079, -0.5999999999999996, 0.5
14080, -0.5999999999999996, 0.5
14081, -0.5999999999999996, 0.5
14082, -0.5999999999999996, 0.5
14083, -0.5999999999999996, 0.5
14084, -0.5999999999999996, 0.5
14085, -0.5999999999999996, 0.5
14086, -0.5999999999999996, 0.5
14087, -0.5999999999999996, 0.5
14088, -0.5999999999999996, 0.5
14089, -0.5999999999999996, 0.5
14090, -0.5999999999999996, 0.5
14091, -0.5999999999999996, 0.5
14092, -0.5999999999999996, 0.5
14093, -0.5999999999999996, 0.5
14094, -0.5999999999999996, 0.5
14095, -0.5999999999999996, 0.5
14096, -0.5999999999999996, 0.5
14097, -0.5999999999999996, 0.5
14098, -0.5999999999999996, 0.5
14099, -0.5999999999999996, 0.5
14100, -0.5999999999999996, 0.5
14101, -0.5999999999999996, 0.5
14102, -0.5999999999999996, 0.5
14103, -0.5, 0.5
14104, -0.5, 0.5
14105, -0.5, 0.5
14106, -0.5, 0.5
14107, -0.5, 0.5
14108, -0.5, 0.5
14109, -0.5, 0.5
14110, -0.5, 0.5
14111, -0.5999999999999996, 0.5
14112, -0.5999999999999996, 0.5
14113, -0.5999999999999996, 0.5
14114, -0.5999999999999996, 0.5
14115, -0.5999999999999996, 0.5999999999999979
14116, -0.5999999999999996, 0.5999999999999979
14117, -0.5999999999999996, 0.5999999999999979
14118, -0.5999999999999996, 0.5999999999999979
14119, -0.5999999999999996, 0.5999999999999979
14120, -0.5999999999999996, 0.5999999999999979
14121, -0.5999999999999996, 0.5999999999999979
14122, -0.5999999999999996, 0.5999999999999979
14123, -0.5999999999999996, 0.5999999999999979
14124, -0.5999999999999996, 0.5999999999999979
14125, -0.5999999999999996, 0.5999999999999979
14126, -0.5999999999999996, 0.5999999999999979
14127, -0.5999999999999996, 0.5
14128, -0.5999999999999996, 0.5
14129, -0.5999999999999996, 0.5
14130, -0.5999999999999996, 0.5999999999999979
14131, -0.5999999999999996, 0.5999999999999979
14132, -0.5999999999999996, 0.5999999999999979
14133, -0.5999999999999996, 0.5999999999999979
14134, -0.5999999999999996, 0.5999999999999979
14135, -0.5999999999999996, 0.5999999999999979
14136, -0.5999999999999996, 0.5
14137, -0.5999999999999996, 0.5
14138, -0.5999999999999996, 0.5
14139, -0.5999999999999996, 0.5
14140, -0.5999999999999996, 0.5999999999999979
14141, -0.5999999999999996, 0.5999999999999979
14142, -0.5999999999999996, 0.5999999999999979
14143, -0.5999999999999996, 0.5
14144, -0.5999999999999996, 0.5
14145, -0.5999999999999996, 0.5
14146, -0.5999999999999996, 0.5
14147, -0.5999999999999996, 0.5
14148, -0.5999999999999996, 0.3999999999999986
14149, -0.5999999999999996, 0.3999999999999986
14150, -0.5999999999999996, 0.5
14151, -0.5999999999999996, 0.5
14152, -0.5999999999999996, 0.5
14153, -0.5999999999999996, 0.5
14154, -0.5999999999999996, 0.5
14155, -0.5999999999999996, 0.5
14156, -0.5999999999999996, 0.5
14157, -0.5999999999999996, 0.5
14158, -0.5999999999999996, 0.5
14159, -0.5999999999999996, 0.5
14160, -0.5999999999999996, 0.5999999999999979
14161, -0.5999999999999996, 0.5999999999999979
14162, -0.5999999999999996, 0.5
14163, -0.5999999999999996, 0.5
14164, -0.5999999999999996, 0.5
14165, -0.5999999999999996, 0.5
14166, -0.5999999999999996, 0.5
14167, -0.5999999999999996, 0.3999999999999986
14168, -0.5999999999999996, 0.3999999999999986
14169, -0.5999999999999996, 0.3999999999999986
14170, -0.5999999999999996, 0.5
14171, -0.5999999999999996, 0.5
14172, -0.5999999999999996, 0.5
14173, -0.5999999999999996, 0.5
14174, -0.5999999999999996, 0.5
14175, -0.5999999999999996, 0.5
14176, -0.5999999999999996, 0.5
14177, -0.5999999999999996, 0.5
14178, -0.5, 0.3999999999999986
14179, -0.5, 0.5
14180, -0.3999999999999986, 0.5
14181, -0.3999999999999986, 0.5
14182, -0.5, 0.5
14183, -0.5, 0.5
14184, -0.5, 0.5
14185, -0.5, 0.5
14186, -0.5, 0.5
14187, -0.5, 0.5
14188, -0.5, 0.5
14189, -0.5, 0.5
14190, -0.5, 0.5
14191, -0.5, 0.5
14192, -0.5, 0.5
14193, -0.5, 0.5
14194, -0.5, 0.5999999999999979
14195, -0.5, 0.5999999999999979
14196, -0.5, 0.5999999999999979
14197, -0.5, 0.5999999999999979
14198, -0.5, 0.5999999999999979
14199, -0.5, 0.5999999999999979
14200, -0.5, 0.5999999999999979
14201, -0.5, 0.5999999999999979
14202, -0.5, 0.5999999999999979
14203, -0.5, 0.5
14204, -0.5, 0.5
14205, -0.5, 0.5
14206, -0.5, 0.5
14207, -0.5, 0.3999999999999986
14208, -0.5, 0.3999999999999986
14209, -0.5, 0.3999999999999986
14210, -0.5, 0.3999999999999986
14211, -0.5, 0.3999999999999986
14212, -0.5, 0.3999999999999986
14213, -0.5, 0.3999999999999986
14214, -0.5, 0.3999999999999986
14215, -0.5, 0.3999999999999986
14216, -0.5, 0.3999999999999986
14217, -0.5, 0.5
14218, -0.3999999999999986, 0.3999999999999986
14219, -0.3999999999999986, 0.3999999999999986
14220, -0.3999999999999986, 0.3999999999999986
14221, -0.3999999999999986, 0.3999999999999986
14222, -0.3999999999999986, 0.3999999999999986
14223, -0.3999999999999986, 0.3999999999999986
14224, -0.3999999999999986, 0.3999999999999986
14225, -0.3999999999999986, 0.3999999999999986
14226, -0.3999999999999986, 0.3999999999999986
14227, -0.3999999999999986, 0.3999999999999986
14228, -0.3999999999999986, 0.3999999999999986
14229, -0.3999999999999986, 0.3999999999999986
14230, -0.3999999999999986, 0.3999999999999986
14231, -0.5, 0.3999999999999986
14232, -0.5, 0.3999999999999986
14233, -0.5, 0.3999999999999986
14234, -0.5, 0.3999999999999986
14235, -0.5, 0.5
14236, -0.5, 0.5
14237, -0.5999999999999996, 0.3999999999999986
14238, -0.5999999999999996, 0.3999999999999986
14239, -0.5999999999999996, 0.3999999999999986
14240, -0.5999999999999996, 0.5
14241, -0.5, 0.5
14242, -0.5, 0.5
14243, -0.5, 0.5
14244, -0.5, 0.5
14245, -0.5, 0.5
14246, -0.5, 0.5
14247, -0.5, 0.5
14248, -0.5, 0.5
14249, -0.5, 0.5
14250, -0.5, 0.5
14251, -0.5, 0.5
14252, -0.5, 0.3999999999999986
14253, -0.5, 0.3999999999999986
14254, -0.5, 0.3999999999999986
14255, -0.5, 0.3999999999999986
14256, -0.5, 0.5
14257, -0.5, 0.5
14258, -0.5, 0.5
14259, -0.5, 0.5
14260, -0.5, 0.5
14261, -0.5, 0.5
14262, -0.5, 0.5
14263, -0.5, 0.5
14264, -0.5, 0.5
14265, -0.5, 0.5
14266, -0.5, 0.5
14267, -0.5, 0.5
14268, -0.5, 0.5
14269, -0.5, 0.5
14270, -0.5, 0.5
14271, -0.5, 0.5
14272, -0.5, 0.5
14273, -0.5, 0.5
14274, -0.3999999999999986, 0.5
14275, -0.3999999999999986, 0.5
14276, -0.3999999999999986, 0.5
14277, -0.3999999999999986, 0.3999999999999986
14278, -0.3999999999999986, 0.3999999999999986
14279, -0.3999999999999986, 0.3999999999999986
14280, -0.3999999999999986, 0.3999999999999986
14281, -0.3999999999999986, 0.3999999999999986
14282, -0.3999999999999986, 0.5
14283, -0.3999999999999986, 0.5
14284, -0.3999999999999986, 0.5
14285, -0.3999999999999986, 0.5
14286, -0.3999999999999986, 0.5
14287, -0.3999999999999986, 0.3999999999999986
14288, -0.3999999999999986, 0.3999999999999986
14289, -0.3999999999999986, 0.3999999999999986
14290, -0.3999999999999986, 0.3999999999999986
14291, -0.3999999999999986, 0.3999999999999986
14292, -0.3999999999999986, 0.3999999999999986
14293, -0.3999999999999986, 0.3999999999999986
14294, -0.3999999999999986, 0.3999999999999986
14295, -0.3999999999999986, 0.3999999999999986
14296, -0.3999999999999986, 0.5
14297, -0.3999999999999986, 0.5
14298, -0.3999999999999986, 0.5
14299, -0.3999999999999986, 0.5
14300, -0.3999999999999986, 0.5
14301, -0.3999999999999986, 0.5
14302, -0.3999999999999986, 0.5
14303, -0.3999999999999986, 0.5
14304, -0.3999999999999986, 0.5
14305, -0.3999999999999986, 0.5
14306, -0.3999999999999986, 0.5999999999999979
14307, -0.3999999999999986, 0.5999999999999979
14308, -0.3999999999999986, 0.5999999999999979
14309, -0.3999999999999986, 0.5999999999999979
14310, -0.3999999999999986, 0.5999999999999979
14311, -0.3999999999999986, 0.5999999999999979
14312, -0.3999999999999986, 0.5999999999999979
14313, -0.3999999999999986, 0.5999999999999979
14314, -0.3999999999999986, 0.5
14315, -0.3999999999999986, 0.5
14316, -0.3999999999999986, 0.5
14317, -0.3999999999999986, 0.5999999999999979
14318, -0.3999999999999986, 0.5999999999999979
14319, -0.3999999999999986, 0.5999999999999979
14320, -0.3999999999999986, 0.5999999999999979
14321, -0.3999999999999986, 0.5999999999999979
14322, -0.3999999999999986, 0.5999999999999979
14323, -0.3999999999999986, 0.5999999999999979
14324, -0.3999999999999986, 0.5999999999999979
14325, -0.3999999999999986, 0.5999999999999979
14326, -0.3999999999999986, 0.5999999999999979
14327, -0.3999999999999986, 0.5999999999999979
14328, -0.3999999999999986, 0.5999999999999979
14329, -0.3999999999999986, 0.5999999999999979
14330, -0.3999999999999986, 0.5
14331, -0.3999999999999986, 0.5
14332, -0.3999999999999986, 0.5
14333, -0.3999999999999986, 0.5
14334, -0.5, 0.5
14335, -0.5, 0.5
14336, -0.5, 0.5
14337, -0.5, 0.5
14338, -0.5, 0.5
14339, -0.5, 0.5
14340, -0.5, 0.5
14341, -0.5, 0.5
14342, -0.5, 0.5
14343, -0.5, 0.5999999999999979
14344, -0.5, 0.5
14345, -0.5, 0.5
14346, -0.5, 0.5
14347, -0.5, 0.5
14348, -0.5, 0.5
14349, -0.5, 0.5
14350, -0.5, 0.5
14351, -0.5, 0.5
14352, -0.5, 0.5
14353, -0.5, 0.5
14354, -0.5, 0.5999999999999979
14355, -0.5, 0.5999999999999979
14356, -0.5, 0.5
14357, -0.5, 0.5
14358, -0.5, 0.5
14359, -0.5, 0.5
14360, -0.5, 0.5
14361, -0.5, 0.5
14362, -0.5, 0.5
14363, -0.5, 0.5
14364, -0.5, 0.5
14365, -0.5, 0.3999999999999986
14366, -0.5, 0.3999999999999986
14367, -0.5, 0.3999999999999986
14368, -0.5, 0.3999999999999986
14369, -0.5, 0.3999999999999986
14370, -0.5, 0.5
14371, -0.5, 0.5
14372, -0.5, 0.5
14373, -0.5, 0.5
14374, -0.5, 0.5
14375, -0.5999999999999996, 0.5
14376, -0.5999999999999996, 0.3999999999999986
14377, -0.5999999999999996, 0.3999999999999986
14378, -0.5999999999999996, 0.3999999999999986
14379, -0.5999999999999996, 0.3999999999999986
14380, -0.5999999999999996, 0.3999999999999986
14381, -0.5999999999999996, 0.5
14382, -0.5999999999999996, 0.5
14383, -0.5999999999999996, 0.5
14384, -0.5999999999999996, 0.5
14385, -0.5999999999999996, 0.5
14386, -0.5999999999999996, 0.5
14387, -0.5999999999999996, 0.5
14388, -0.5999999999999996, 0.5
14389, -0.5999999999999996, 0.3999999999999986
14390, -0.5999999999999996, 0.3999999999999986
14391, -0.5999999999999996, 0.3999999999999986
14392, -0.5999999999999996, 0.3999999999999986
14393, -0.5999999999999996, 0.3999999999999986
14394, -0.5999999999999996, 0.3999999999999986
14395, -0.5999999999999996, 0.3999999999999986
14396, -0.5999999999999996, 0.3999999999999986
14397, -0.5999999999999996, 0.3999999999999986
14398, -0.5999999999999996, 0.3999999999999986
14399, -0.5999999999999996, 0.3999999999999986
14400, -0.5999999999999996, 0.3999999999999986
14401, -0.5999999999999996, 0.3999999999999986
14402, -0.5999999999999996, 0.3999999999999986
14403, -0.5999999999999996, 0.3999999999999986
14404, -0.5999999999999996, 0.3999999999999986
14405, -0.5999999999999996, 0.3999999999999986
14406, -0.5999999999999996, 0.3999999999999986
14407, -0.5999999999999996, 0.3999999999999986
14408, -0.5999999999999996, 0.3999999999999986
14409, -0.5, 0.5
14410, -0.5, 0.5
14411, -0.5, 0.5
14412, -0.5, 0.5
14413, -0.5, 0.5
14414, -0.5, 0.5
14415, -0.5, 0.5
14416, -0.5, 0.5
14417, -0.5, 0.5
14418, -0.5, 0.5
14419, -0.5, 0.5
14420, -0.5, 0.5
14421, -0.5, 0.5
14422, -0.5, 0.5
14423, -0.5, 0.5
14424, -0.5, 0.5999999999999979
14425, -0.5, 0.5999999999999979
14426, -0.5, 0.5999999999999979
14427, -0.5, 0.5999999999999979
14428, -0.5, 0.5999999999999979
14429, -0.5, 0.5999999999999979
14430, -0.5, 0.5999999999999979
14431, -0.5, 0.5999999999999979
14432, -0.5, 0.5999999999999979
14433, -0.5, 0.5999999999999979
14434, -0.5, 0.5
14435, -0.5, 0.5
14436, -0.5, 0.5
14437, -0.5, 0.5999999999999979
14438, -0.5, 0.5999999999999979
14439, -0.5, 0.5999999999999979
14440, -0.5999999999999996, 0.5999999999999979
14441, -0.5999999999999996, 0.5999999999999979
14442, -0.5999999999999996, 0.5999999999999979
14443, -0.5999999999999996, 0.5999999999999979
14444, -0.5999999999999996, 0.5999999999999979
14445, -0.5999999999999996, 0.5999999999999979
14446, -0.5999999999999996, 0.5999999999999979
14447, -0.5999999999999996, 0.5999999999999979
14448, -0.5999999999999996, 0.5999999999999979
14449, -0.5999999999999996, 0.5999999999999979
14450, -0.5999999999999996, 0.5999999999999979
14451, -0.5999999999999996, 0.5999999999999979
14452, -0.5999999999999996, 0.3999999999999986
14453, -0.5999999999999996, 0.3999999999999986
14454, -0.5999999999999996, 0.3999999999999986
14455, -0.5999999999999996, 0.3999999999999986
14456, -0.5999999999999996, 0.3999999999999986
14457, -0.5999999999999996, 0.5
14458, -0.5999999999999996, 0.5
14459, -0.5999999999999996, 0.5
14460, -0.5999999999999996, 0.5
14461, -0.5999999999999996, 0.5
14462, -0.5999999999999996, 0.5
14463, -0.5999999999999996, 0.5
14464, -0.5999999999999996, 0.5
14465, -0.5999999999999996, 0.5
14466, -0.5999999999999996, 0.5
14467, -0.5999999999999996, 0.5
14468, -0.5999999999999996, 0.3999999999999986
14469, -0.5999999999999996, 0.3999999999999986
14470, -0.5999999999999996, 0.3999999999999986
14471, -0.5999999999999996, 0.3999999999999986
14472, -0.5999999999999996, 0.3999999999999986
14473, -0.5999999999999996, 0.3999999999999986
14474, -0.5999999999999996, 0.3999999999999986
14475, -0.5999999999999996, 0.3999999999999986
14476, -0.5999999999999996, 0.3999999999999986
14477, -0.5999999999999996, 0.3999999999999986
14478, -0.5999999999999996, 0.3999999999999986
14479, -0.5999999999999996, 0.3999999999999986
14480, -0.5999999999999996, 0.3999999999999986
14481, -0.5999999999999996, 0.3999999999999986
14482, -0.5999999999999996, 0.3999999999999986
14483, -0.5999999999999996, 0.3999999999999986
14484, -0.5999999999999996, 0.3999999999999986
14485, -0.5999999999999996, 0.3999999999999986
14486, -0.5999999999999996, 0.3999999999999986
14487, -0.5999999999999996, 0.3999999999999986
14488, -0.5, 0.3999999999999986
14489, -0.5, 0.3999999999999986
14490, -0.5, 0.3999999999999986
14491, -0.5, 0.3999999999999986
14492, -0.5, 0.3999999999999986
14493, -0.5, 0.3999999999999986
14494, -0.5, 0.3999999999999986
14495, -0.5, 0.3999999999999986
14496, -0.5, 0.3999999999999986
14497, -0.5, 0.3999999999999986
14498, -0.5, 0.3999999999999986
14499, -0.5, 0.3999999999999986
14500, -0.5, 0.3999999999999986
14501, -0.5, 0.3999999999999986
14502, -0.5, 0.3999999999999986
14503, -0.5, 0.5
14504, -0.5, 0.5
14505, -0.5, 0.5
14506, -0.5, 0.5
14507, -0.5, 0.5
14508, -0.5, 0.5
14509, -0.5, 0.5
14510, -0.5, 0.5
14511, -0.5, 0.5
14512, -0.5, 0.3999999999999986
14513, -0.5, 0.3999999999999986
14514, -0.5, 0.3999999999999986
14515, -0.5, 0.3999999999999986
14516, -0.5, 0.3999999999999986
14517, -0.5, 0.3999999999999986
14518, -0.5, 0.3999999999999986
14519, -0.5, 0.5
14520, -0.5, 0.5
14521, -0.5999999999999996, 0.5
14522, -0.5999999999999996, 0.5
14523, -0.5999999999999996, 0.5
14524, -0.5999999999999996, 0.5
14525, -0.5999999999999996, 0.5
14526, -0.6999999999999993, 0.5
14527, -0.6999999999999993, 0.5
14528, -0.6999999999999993, 0.5
14529, -0.6999999999999993, 0.5
14530, -0.6999999999999993, 0.5
14531, -0.6999999999999993, 0.5
14532, -0.5999999999999996, 0.5
14533, -0.5999999999999996, 0.5
14534, -0.5999999999999996, 0.5
14535, -0.5999999999999996, 0.5
14536, -0.5, 0.5
14537, -0.5, 0.5999999999999979
14538, -0.5, 0.5999999999999979
14539, -0.5, 0.5999999999999979
14540, -0.5, 0.5999999999999979
14541, -0.5, 0.5999999999999979
14542, -0.5, 0.5999999999999979
14543, -0.5, 0.5999999999999979
14544, -0.5, 0.5999999999999979
14545, -0.5, 0.5999999999999979
14546, -0.5, 0.5999999999999979
14547, -0.5, 0.5999999999999979
14548, -0.5, 0.5999999999999979
14549, -0.5, 0.5999999999999979
14550, -0.5, 0.5999999999999979
14551, -0.5, 0.5999999999999979
14552, -0.5, 0.5999999999999979
14553, -0.5, 0.5
14554, -0.5, 0.5
14555, -0.5, 0.5
14556, -0.5, 0.5
14557, -0.5, 0.5
14558, -0.5, 0.5
14559, -0.5, 0.5
14560, -0.5, 0.5
14561, -0.5, 0.5
14562, -0.5, 0.5
14563, -0.5, 0.5
14564, -0.5, 0.5
14565, -0.5, 0.5
14566, -0.5, 0.5
14567, -0.5, 0.5
14568, -0.5, 0.5
14569, -0.5, 0.5
14570, -0.5, 0.5
14571, -0.5, 0.5
14572, -0.5, 0.5999999999999979
14573, -0.5, 0.5999999999999979
14574, -0.5, 0.6999999999999993
14575, -0.5, 0.5
14576, -0.5, 0.5
14577, -0.5, 0.5
14578, -0.5, 0.5
14579, -0.5, 0.5
14580, -0.5, 0.5
14581, -0.5, 0.5
14582, -0.5, 0.5
14583, -0.5, 0.5
14584, -0.5, 0.5
14585, -0.5, 0.3999999999999986
14586, -0.5, 0.3999999999999986
14587, -0.5999999999999996, 0.3999999999999986
14588, -0.5999999999999996, 0.5
14589, -0.5999999999999996, 0.5
14590, -0.5999999999999996, 0.5
14591, -0.5999999999999996, 0.5
14592, -0.5999999999999996, 0.5
14593, -0.5999999999999996, 0.5
14594, -0.5999999999999996, 0.5
14595, -0.5999999999999996, 0.5
14596, -0.5999999999999996, 0.5
14597, -0.5999999999999996, 0.3999999999999986
14598, -0.5999999999999996, 0.3999999999999986
14599, -0.5999999999999996, 0.3999999999999986
14600, -0.5999999999999996, 0.3999999999999986
14601, -0.5999999999999996, 0.3999999999999986
14602, -0.5999999999999996, 0.3999999999999986
14603, -0.5999999999999996, 0.3999999999999986
14604, -0.5999999999999996, 0.3999999999999986
14605, -0.5999999999999996, 0.3999999999999986
14606, -0.5, 0.3999999999999986
14607, -0.5, 0.3999999999999986
14608, -0.5, 0.3999999999999986
14609, -0.5, 0.3999999999999986
14610, -0.5, 0.3999999999999986
14611, -0.5, 0.3999999999999986
14612, -0.5, 0.3999999999999986
14613, -0.5, 0.3999999999999986
14614, -0.5, 0.3999999999999986
14615, -0.5, 0.3999999999999986
14616, -0.5, 0.5
14617, -0.5, 0.5
14618, -0.5, 0.5
14619, -0.5, 0.5
14620, -0.5, 0.5
14621, -0.5, 0.5
14622, -0.5, 0.3999999999999986
14623, -0.5, 0.3999999999999986
14624, -0.5, 0.3999999999999986
14625, -0.5, 0.3999999999999986
14626, -0.5, 0.3999999999999986
14627, -0.5, 0.3999999999999986
14628, -0.5, 0.3999999999999986
14629, -0.5, 0.3999999999999986
14630, -0.5, 0.5
14631, -0.5, 0.5
14632, -0.5, 0.5
14633, -0.5, 0.5
14634, -0.5, 0.5999999999999979
14635, -0.5, 0.5999999999999979
14636, -0.5, 0.5999999999999979
14637, -0.5, 0.5999999999999979
14638, -0.5, 0.5999999999999979
14639, -0.5, 0.5999999999999979
14640, -0.5, 0.5999999999999979
14641, -0.5, 0.5999999999999979
14642, -0.5, 0.5999999999999979
14643, -0.5, 0.5
14644, -0.5, 0.5
14645, -0.5, 0.5
14646, -0.5, 0.5
14647, -0.3999999999999986, 0.5999999999999979
14648, -0.3999999999999986, 0.5999999999999979
14649, -0.3999999999999986, 0.5999999999999979
14650, -0.3999999999999986, 0.5999999999999979
14651, -0.3999999999999986, 0.5999999999999979
14652, -0.3999999999999986, 0.5999999999999979
14653, -0.3999999999999986, 0.5999999999999979
14654, -0.3999999999999986, 0.5999999999999979
14655, -0.3999999999999986, 0.5999999999999979
14656, -0.3999999999999986, 0.5999999999999979
14657, -0.3999999999999986, 0.5999999999999979
14658, -0.3999999999999986, 0.5999999999999979
14659, -0.3999999999999986, 0.5999999999999979
14660, -0.3999999999999986, 0.5999999999999979
14661, -0.3999999999999986, 0.5999999999999979
14662, -0.29999999999999893, 0.5
14663, -0.29999999999999893, 0.5
14664, -0.29999999999999893, 0.3999999999999986
14665, -0.29999999999999893, 0.3999999999999986
14666, -0.29999999999999893, 0.3999999999999986
14667, -0.29999999999999893, 0.5
14668, -0.29999999999999893, 0.5
14669, -0.29999999999999893, 0.5
14670, -0.29999999999999893, 0.5
14671, -0.29999999999999893, 0.5
14672, -0.29999999999999893, 0.5
14673, -0.29999999999999893, 0.5
14674, -0.29999999999999893, 0.5
14675, -0.29999999999999893, 0.5
14676, -0.29999999999999893, 0.5
14677, -0.29999999999999893, 0.5
14678, -0.3999999999999986, 0.5999999999999979
14679, -0.3999999999999986, 0.5999999999999979
14680, -0.3999999999999986, 0.5999999999999979
14681, -0.3999999999999986, 0.5
14682, -0.3999999999999986, 0.5
14683, -0.3999999999999986, 0.5
14684, -0.3999999999999986, 0.5
14685, -0.3999999999999986, 0.5
14686, -0.3999999999999986, 0.5
14687, -0.3999999999999986, 0.5
14688, -0.5, 0.5
14689, -0.5, 0.5
14690, -0.5, 0.5
14691, -0.5, 0.5
14692, -0.5, 0.5
14693, -0.5999999999999996, 0.5
14694, -0.5999999999999996, 0.5
14695, -0.5999999999999996, 0.5
14696, -0.5999999999999996, 0.5
14697, -0.5999999999999996, 0.5
14698, -0.5999999999999996, 0.5
14699, -0.5999999999999996, 0.5999999999999979
14700, -0.5999999999999996, 0.5999999999999979
14701, -0.5999999999999996, 0.5
14702, -0.5999999999999996, 0.5
14703, -0.5999999999999996, 0.5
14704, -0.5999999999999996, 0.5
14705, -0.5999999999999996, 0.5
14706, -0.5999999999999996, 0.5
14707, -0.5999999999999996, 0.5
14708, -0.5999999999999996, 0.5
14709, -0.5999999999999996, 0.5
14710, -0.5999999999999996, 0.5
14711, -0.5999999999999996, 0.5
14712, -0.5999999999999996, 0.5
14713, -0.5999999999999996, 0.5
14714, -0.5999999999999996, 0.5999999999999979
14715, -0.5999999999999996, 0.5999999999999979
14716, -0.5999999999999996, 0.5999999999999979
14717, -0.5999999999999996, 0.5999999999999979
14718, -0.5999999999999996, 0.5999999999999979
14719, -0.5999999999999996, 0.5
14720, -0.5999999999999996, 0.5
14721, -0.5999999999999996, 0.5
14722, -0.5999999999999996, 0.5
14723, -0.5999999999999996, 0.5
14724, -0.5999999999999996, 0.5
14725, -0.5999999999999996, 0.5
14726, -0.5, 0.5
14727, -0.5, 0.5
14728, -0.5, 0.5
14729, -0.3999999999999986, 0.5
14730, -0.3999999999999986, 0.5
14731, -0.3999999999999986, 0.5
14732, -0.3999999999999986, 0.5
14733, -0.3999999999999986, 0.5999999999999979
14734, -0.3999999999999986, 0.5
14735, -0.3999999999999986, 0.3999999999999986
14736, -0.3999999999999986, 0.3999999999999986
14737, -0.3999999999999986, 0.3999999999999986
14738, -0.3999999999999986, 0.3999999999999986
14739, -0.3999999999999986, 0.3999999999999986
14740, -0.3999999999999986, 0.3999999999999986
14741, -0.3999999999999986, 0.3999999999999986
14742, -0.3999999999999986, 0.3999999999999986
14743, -0.5, 0.3999999999999986
14744, -0.5, 0.3999999999999986
14745, -0.5, 0.3999999999999986
14746, -0.5, 0.3999999999999986
14747, -0.5, 0.3999999999999986
14748, -0.5, 0.3999999999999986
14749, -0.5, 0.3999999999999986
14750, -0.5, 0.5
14751, -0.5, 0.5
14752, -0.5, 0.5
14753, -0.5, 0.3999999999999986
14754, -0.5, 0.3999999999999986
14755, -0.5999999999999996, 0.3999999999999986
14756, -0.5999999999999996, 0.5
14757, -0.5999999999999996, 0.5
14758, -0.5999999999999996, 0.5
14759, -0.6999999999999993, 0.5
14760, -0.6999999999999993, 0.5
14761, -0.6999999999999993, 0.5
14762, -0.6999999999999993, 0.5
14763, -0.6999999999999993, 0.5
14764, -0.6999999999999993, 0.5
14765, -0.6999999999999993, 0.5999999999999979
14766, -0.6999999999999993, 0.5999999999999979
14767, -0.6999999999999993, 0.5999999999999979
14768, -0.6999999999999993, 0.5999999999999979
14769, -0.6999999999999993, 0.5
14770, -0.6999999999999993, 0.5
14771, -0.6999999999999993, 0.5
14772, -0.6999999999999993, 0.5
14773, -0.6999999999999993, 0.5999999999999979
14774, -0.6999999999999993, 0.5999999999999979
14775, -0.6999999999999993, 0.5999999999999979
14776, -0.6999999999999993, 0.5999999999999979
14777, -0.6999999999999993, 0.5999999999999979
14778, -0.6999999999999993, 0.5999999999999979
14779, -0.6999999999999993, 0.5999999999999979
14780, -0.6999999999999993, 0.5999999999999979
14781, -0.6999999999999993, 0.5999999999999979
14782, -0.6999999999999993, 0.5999999999999979
14783, -0.6999999999999993, 0.6999999999999993
14784, -0.6999999999999993, 0.6999999999999993
14785, -0.6999999999999993, 0.6999999999999993
14786, -0.5999999999999996, 0.6999999999999993
14787, -0.5999999999999996, 0.6999999999999993
14788, -0.5999999999999996, 0.5999999999999979
14789, -0.5999999999999996, 0.5999999999999979
14790, -0.5999999999999996, 0.5999999999999979
14791, -0.5999999999999996, 0.5999999999999979
14792, -0.5999999999999996, 0.5999999999999979
14793, -0.5999999999999996, 0.5999999999999979
14794, -0.5999999999999996, 0.5999999999999979
14795, -0.5999999999999996, 0.5999999999999979
14796, -0.5, 0.5999999999999979
14797, -0.5999999999999996, 0.5999999999999979
14798, -0.5999999999999996, 0.5999999999999979
14799, -0.5999999999999996, 0.5999999999999979
14800, -0.5999999999999996, 0.5999999999999979
14801, -0.5999999999999996, 0.5999999999999979
14802, -0.5999999999999996, 0.5999999999999979
14803, -0.5999999999999996, 0.5999999999999979
14804, -0.5999999999999996, 0.5999999999999979
14805, -0.5999999999999996, 0.5999999999999979
14806, -0.5999999999999996, 0.5999999999999979
14807, -0.5999999999999996, 0.5999999999999979
14808, -0.5999999999999996, 0.5999999999999979
14809, -0.5, 0.5999999999999979
14810, -0.5, 0.5
14811, -0.5, 0.5
14812, -0.5, 0.5
14813, -0.5, 0.5
14814, -0.5, 0.5
14815, -0.5, 0.5
14816, -0.5, 0.5999999999999979
14817, -0.5, 0.5999999999999979
14818, -0.5, 0.5999999999999979
14819, -0.5, 0.5999999999999979
14820, -0.5, 0.5999999999999979
14821, -0.5, 0.5999999999999979
14822, -0.5, 0.5999999999999979
14823, -0.5, 0.5999999999999979
14824, -0.5, 0.5
14825, -0.5, 0.5
14826, -0.5, 0.5
14827, -0.5, 0.5
14828, -0.5, 0.3999999999999986
14829, -0.5, 0.3999999999999986
14830, -0.5, 0.3999999999999986
14831, -0.5, 0.3999999999999986
14832, -0.5, 0.3999999999999986
14833, -0.5, 0.3999999999999986
14834, -0.5, 0.5
14835, -0.5, 0.5
14836, -0.5, 0.5
14837, -0.5, 0.3999999999999986
14838, -0.5, 0.3999999999999986
14839, -0.5, 0.3999999999999986
14840, -0.5, 0.3999999999999986
14841, -0.5, 0.3999999999999986
14842, -0.5, 0.3999999999999986
14843, -0.5, 0.3999999999999986
14844, -0.5, 0.3999999999999986
14845, -0.5, 0.3999999999999986
14846, -0.5, 0.5
14847, -0.5, 0.5
14848, -0.5, 0.5
14849, -0.5, 0.5
14850, -0.5, 0.3999999999999986
14851, -0.5, 0.3999999999999986
14852, -0.5, 0.5
14853, -0.5, 0.5
14854, -0.5, 0.5
14855, -0.5, 0.5
14856, -0.5, 0.5
14857, -0.5, 0.5
14858, -0.5, 0.5999999999999979
14859, -0.5, 0.5999999999999979
14860, -0.5, 0.5999999999999979
14861, -0.5, 0.5999999999999979
14862, -0.5, 0.5999999999999979
14863, -0.5, 0.5999999999999979
14864, -0.5, 0.5999999999999979
14865, -0.5, 0.5999999999999979
14866, -0.5, 0.5999999999999979
14867, -0.5, 0.5999999999999979
14868, -0.5, 0.5999999999999979
14869, -0.5, 0.5
14870, -0.5, 0.5
14871, -0.5, 0.5
14872, -0.5, 0.5
14873, -0.5, 0.5
14874, -0.5, 0.5
14875, -0.5, 0.5
14876, -0.5, 0.5
14877, -0.5, 0.5
14878, -0.5, 0.5
14879, -0.5, 0.5
14880, -0.5, 0.5999999999999979
14881, -0.5, 0.5999999999999979
14882, -0.5, 0.5999999999999979
14883, -0.5, 0.5999999999999979
14884, -0.5, 0.5999999999999979
14885, -0.5, 0.5999999999999979
14886, -0.5, 0.5999999999999979
14887, -0.5999999999999996, 0.5999999999999979
14888, -0.5999999999999996, 0.5999999999999979
14889, -0.5999999999999996, 0.5999999999999979
14890, -0.5999999999999996, 0.5999999999999979
14891, -0.5999999999999996, 0.5999999999999979
14892, -0.5999999999999996, 0.5999999999999979
14893, -0.5999999999999996, 0.5999999999999979
14894, -0.5999999999999996, 0.5999999999999979
14895, -0.5999999999999996, 0.5999999999999979
14896, -0.5999999999999996, 0.5999999999999979
14897, -0.5999999999999996, 0.5999999999999979
14898, -0.5999999999999996, 0.5999999999999979
14899, -0.5999999999999996, 0.5999999999999979
14900, -0.5999999999999996, 0.5999999999999979
14901, -0.5999999999999996, 0.5999999999999979
14902, -0.5999999999999996, 0.5999999999999979
14903, -0.5999999999999996, 0.5999999999999979
14904, -0.5999999999999996, 0.5999999999999979
14905, -0.5999999999999996, 0.5999999999999979
14906, -0.5999999999999996, 0.6999999999999993
14907, -0.5, 0.6999999999999993
14908, -0.5, 0.6999999999999993
14909, -0.5, 0.5999999999999979
14910, -0.5, 0.5999999999999979
14911, -0.5, 0.5999999999999979
14912, -0.5, 0.5999999999999979
14913, -0.5, 0.5999999999999979
14914, -0.5, 0.5999999999999979
14915, -0.5, 0.5999999999999979
14916, -0.5, 0.5999999999999979
14917, -0.5, 0.5
14918, -0.5, 0.5
14919, -0.5, 0.5
14920, -0.5, 0.5
14921, -0.5, 0.5
14922, -0.5, 0.5
14923, -0.5, 0.5
14924, -0.5, 0.5
14925, -0.5, 0.3999999999999986
14926, -0.5, 0.3999999999999986
14927, -0.5, 0.5
14928, -0.5, 0.5
14929, -0.5, 0.5
14930, -0.5, 0.5
14931, -0.5, 0.5
14932, -0.5, 0.5
14933, -0.5, 0.3999999999999986
14934, -0.5, 0.3999999999999986
14935, -0.5, 0.3999999999999986
14936, -0.5, 0.3999999999999986
14937, -0.5, 0.3999999999999986
14938, -0.5, 0.3999999999999986
14939, -0.5, 0.3999999999999986
14940, -0.5, 0.3999999999999986
14941, -0.5, 0.5
14942, -0.5, 0.5
14943, -0.5, 0.5
14944, -0.5, 0.5
14945, -0.5, 0.5
14946, -0.5, 0.5
14947, -0.5, 0.5
14948, -0.5, 0.5
14949, -0.5, 0.5
14950, -0.5, 0.5
14951, -0.5, 0.5
14952, -0.5, 0.5
14953, -0.5, 0.5
14954, -0.5, 0.5
14955, -0.5, 0.5
14956, -0.5, 0.5
14957, -0.5, 0.5
14958, -0.5, 0.5
14959, -0.5, 0.5
14960, -0.5, 0.5
14961, -0.5, 0.5
14962, -0.5, 0.5
14963, -0.5, 0.5
14964, -0.5, 0.5
14965, -0.5, 0.5
14966, -0.5, 0.5
14967, -0.5, 0.5
14968, -0.5, 0.5
14969, -0.5, 0.3999999999999986
14970, -0.5, 0.3999999999999986
14971, -0.5, 0.3999999999999986
14972, -0.5, 0.3999999999999986
14973, -0.5, 0.3999999999999986
14974, -0.5, 0.3999999999999986
14975, -0.5, 0.3999999999999986
14976, -0.5, 0.3999999999999986
14977, -0.5, 0.3999999999999986
14978, -0.5, 0.3999999999999986
14979, -0.5, 0.3999999999999986
14980, -0.5, 0.3999999999999986
14981, -0.5, 0.3999999999999986
14982, -0.5, 0.3999999999999986
14983, -0.5, 0.3999999999999986
14984, -0.5, 0.3999999999999986
14985, -0.5, 0.3999999999999986
14986, -0.5, 0.3999999999999986
14987, -0.5, 0.3999999999999986
14988, -0.5, 0.3999999999999986
14989, -0.5, 0.3999999999999986
14990, -0.5, 0.5
14991, -0.5, 0.5
14992, -0.5, 0.5
14993, -0.5, 0.5
14994, -0.5, 0.5
14995, -0.5, 0.5
14996, -0.5, 0.3999999999999986
14997, -0.5, 0.3999999999999986
14998, -0.5, 0.3999999999999986
14999, -0.5, 0.3999999999999986
15000, -0.5, 0.3999999999999986
15001, -0.5, 0.3999999999999986
