,Left_Z[N],Right_Z[N]
1, 11.0, -23.5
2, 11.0, -23.5
3, 11.0, -23.5
4, 11.0, -23.5
5, 10.9, -23.5
6, 10.9, -23.5
7, 10.9, -23.5
8, 10.9, -23.5
9, 10.9, -23.5
10, 10.9, -23.5
11, 10.9, -23.5
12, 10.9, -23.5
13, 10.9, -23.5
14, 10.9, -23.5
15, 10.9, -23.5
16, 10.9, -23.5
17, 10.9, -23.5
18, 10.9, -23.5
19, 10.9, -23.5
20, 10.9, -23.5
21, 10.9, -23.5
22, 10.9, -23.5
23, 10.9, -23.5
24, 10.9, -23.5
25, 10.9, -23.5
26, 10.9, -23.5
27, 10.9, -23.5
28, 10.9, -23.5
29, 10.9, -23.5
30, 10.9, -23.5
31, 10.9, -23.5
32, 11.0, -23.5
33, 11.0, -23.5
34, 11.0, -23.5
35, 11.0, -23.5
36, 11.0, -23.5
37, 11.0, -23.5
38, 11.0, -23.5
39, 11.0, -23.5
40, 11.0, -23.5
41, 11.0, -23.5
42, 11.0, -23.5
43, 11.0, -23.4
44, 11.0, -23.4
45, 11.0, -23.4
46, 11.0, -23.4
47, 11.0, -23.4
48, 11.0, -23.4
49, 11.0, -23.4
50, 11.0, -23.4
51, 11.0, -23.4
52, 11.0, -23.4
53, 10.9, -23.4
54, 10.9, -23.4
55, 10.9, -23.4
56, 10.9, -23.4
57, 10.9, -23.4
58, 10.9, -23.4
59, 10.9, -23.4
60, 10.9, -23.5
61, 10.9, -23.5
62, 10.9, -23.5
63, 10.9, -23.5
64, 10.9, -23.5
65, 10.9, -23.5
66, 10.9, -23.5
67, 10.9, -23.5
68, 10.9, -23.6
69, 10.9, -23.5
70, 10.9, -23.5
71, 10.9, -23.5
72, 10.9, -23.5
73, 10.9, -23.5
74, 10.9, -23.5
75, 10.9, -23.5
76, 10.9, -23.5
77, 10.9, -23.5
78, 10.9, -23.5
79, 10.9, -23.5
80, 10.9, -23.5
81, 10.9, -23.5
82, 10.9, -23.5
83, 10.9, -23.4
84, 10.9, -23.4
85, 10.9, -23.4
86, 10.9, -23.4
87, 10.9, -23.5
88, 10.9, -23.5
89, 10.9, -23.5
90, 10.9, -23.5
91, 10.9, -23.5
92, 10.9, -23.5
93, 10.9, -23.5
94, 10.9, -23.5
95, 10.9, -23.5
96, 10.9, -23.5
97, 10.9, -23.4
98, 10.9, -23.4
99, 10.9, -23.4
100, 10.9, -23.4
101, 10.9, -23.4
102, 10.9, -23.4
103, 10.9, -23.5
104, 10.9, -23.5
105, 10.9, -23.5
106, 10.9, -23.5
107, 10.9, -23.5
108, 11.0, -23.5
109, 11.0, -23.5
110, 11.0, -23.5
111, 11.0, -23.5
112, 11.0, -23.5
113, 11.0, -23.5
114, 11.0, -23.5
115, 11.0, -23.5
116, 11.0, -23.5
117, 11.0, -23.5
118, 11.0, -23.5
119, 11.0, -23.5
120, 11.0, -23.5
121, 11.0, -23.5
122, 11.0, -23.5
123, 11.0, -23.5
124, 11.0, -23.5
125, 11.0, -23.5
126, 11.0, -23.5
127, 11.0, -23.5
128, 11.0, -23.5
129, 11.0, -23.5
130, 11.0, -23.5
131, 11.0, -23.5
132, 11.0, -23.5
133, 11.0, -23.5
134, 11.0, -23.5
135, 11.0, -23.5
136, 10.9, -23.5
137, 10.9, -23.5
138, 10.9, -23.5
139, 10.9, -23.5
140, 10.9, -23.5
141, 10.9, -23.5
142, 10.9, -23.5
143, 10.9, -23.5
144, 10.9, -23.5
145, 10.9, -23.5
146, 10.9, -23.5
147, 10.9, -23.5
148, 10.9, -23.5
149, 10.9, -23.5
150, 10.9, -23.5
151, 10.9, -23.5
152, 10.9, -23.5
153, 10.9, -23.4
154, 10.9, -23.4
155, 10.9, -23.4
156, 10.9, -23.4
157, 10.9, -23.4
158, 10.9, -23.5
159, 10.9, -23.5
160, 10.9, -23.5
161, 10.9, -23.5
162, 10.9, -23.5
163, 10.9, -23.5
164, 10.9, -23.5
165, 10.9, -23.5
166, 10.9, -23.5
167, 11.0, -23.5
168, 11.0, -23.5
169, 11.0, -23.5
170, 11.0, -23.5
171, 11.0, -23.5
172, 11.0, -23.5
173, 11.0, -23.5
174, 11.0, -23.5
175, 11.0, -23.5
176, 11.0, -23.5
177, 11.0, -23.4
178, 10.9, -23.4
179, 10.9, -23.4
180, 10.9, -23.4
181, 10.9, -23.4
182, 10.9, -23.4
183, 10.9, -23.4
184, 10.9, -23.4
185, 10.9, -23.4
186, 10.9, -23.5
187, 10.9, -23.5
188, 10.9, -23.5
189, 10.9, -23.5
190, 10.9, -23.5
191, 10.9, -23.5
192, 10.9, -23.5
193, 10.9, -23.4
194, 10.9, -23.4
195, 10.9, -23.4
196, 10.9, -23.5
197, 10.9, -23.5
198, 10.9, -23.6
199, 10.9, -23.6
200, 10.9, -23.6
201, 10.9, -23.6
202, 10.9, -23.6
203, 10.9, -23.6
204, 10.9, -23.6
205, 10.9, -23.6
206, 10.9, -23.6
207, 10.9, -23.6
208, 10.9, -23.6
209, 10.9, -23.6
210, 10.9, -23.6
211, 10.9, -23.6
212, 10.9, -23.7
213, 10.9, -23.7
214, 10.9, -23.6
215, 10.9, -23.6
216, 10.9, -23.5
217, 10.9, -23.5
218, 10.9, -23.5
219, 10.9, -23.5
220, 10.9, -23.5
221, 10.9, -23.5
222, 11.0, -23.5
223, 11.0, -23.5
224, 11.0, -23.5
225, 11.0, -23.5
226, 11.0, -23.5
227, 11.0, -23.5
228, 11.0, -23.5
229, 11.0, -23.5
230, 11.0, -23.5
231, 11.0, -23.5
232, 11.0, -23.5
233, 11.0, -23.5
234, 11.0, -23.5
235, 11.0, -23.5
236, 11.0, -23.5
237, 11.0, -23.5
238, 11.0, -23.5
239, 11.0, -23.5
240, 11.0, -23.5
241, 10.9, -23.5
242, 11.0, -23.5
243, 11.0, -23.5
244, 11.0, -23.5
245, 11.0, -23.5
246, 11.0, -23.5
247, 11.0, -23.5
248, 11.0, -23.5
249, 11.0, -23.5
250, 11.0, -23.6
251, 11.0, -23.6
252, 11.0, -23.6
253, 11.0, -23.6
254, 11.0, -23.6
255, 11.0, -23.6
256, 11.0, -23.6
257, 11.0, -23.6
258, 11.0, -23.6
259, 11.0, -23.5
260, 11.0, -23.5
261, 11.0, -23.5
262, 11.0, -23.5
263, 11.0, -23.5
264, 11.0, -23.5
265, 11.0, -23.5
266, 11.0, -23.5
267, 11.0, -23.5
268, 11.0, -23.5
269, 11.0, -23.5
270, 11.0, -23.6
271, 11.0, -23.6
272, 11.0, -23.6
273, 11.0, -23.6
274, 11.0, -23.6
275, 11.0, -23.6
276, 11.0, -23.6
277, 11.0, -23.6
278, 11.0, -23.6
279, 11.0, -23.5
280, 11.0, -23.5
281, 11.0, -23.5
282, 11.0, -23.5
283, 11.0, -23.5
284, 11.0, -23.6
285, 11.0, -23.6
286, 11.0, -23.6
287, 11.0, -23.6
288, 11.0, -23.6
289, 11.0, -23.6
290, 11.0, -23.6
291, 11.0, -23.6
292, 10.9, -23.6
293, 10.9, -23.6
294, 10.9, -23.6
295, 10.8, -23.6
296, 10.8, -23.6
297, 10.8, -23.6
298, 10.8, -23.6
299, 10.8, -23.6
300, 10.8, -23.7
301, 10.8, -23.7
302, 10.8, -23.7
303, 10.8, -23.7
304, 10.8, -23.7
305, 10.8, -23.6
306, 10.8, -23.6
307, 10.9, -23.6
308, 10.9, -23.6
309, 10.9, -23.6
310, 10.9, -23.6
311, 10.9, -23.6
312, 10.9, -23.6
313, 10.9, -23.6
314, 10.9, -23.6
315, 10.9, -23.6
316, 10.9, -23.6
317, 10.9, -23.6
318, 10.9, -23.6
319, 10.9, -23.6
320, 10.9, -23.6
321, 10.9, -23.6
322, 10.9, -23.6
323, 10.9, -23.6
324, 10.9, -23.6
325, 10.9, -23.6
326, 10.9, -23.6
327, 10.9, -23.6
328, 10.9, -23.6
329, 10.9, -23.6
330, 10.9, -23.6
331, 10.9, -23.6
332, 10.9, -23.6
333, 10.9, -23.6
334, 10.9, -23.6
335, 10.9, -23.6
336, 10.9, -23.6
337, 10.9, -23.6
338, 10.9, -23.6
339, 10.9, -23.6
340, 10.9, -23.6
341, 10.9, -23.6
342, 10.9, -23.6
343, 10.9, -23.6
344, 10.9, -23.6
345, 10.9, -23.6
346, 10.9, -23.6
347, 10.9, -23.6
348, 10.9, -23.6
349, 10.9, -23.6
350, 10.9, -23.6
351, 10.9, -23.6
352, 10.9, -23.6
353, 10.9, -23.6
354, 10.9, -23.6
355, 10.9, -23.6
356, 10.9, -23.6
357, 10.9, -23.6
358, 10.9, -23.6
359, 10.9, -23.6
360, 10.9, -23.6
361, 10.9, -23.6
362, 10.9, -23.6
363, 10.9, -23.6
364, 10.9, -23.6
365, 10.9, -23.6
366, 10.9, -23.6
367, 10.9, -23.6
368, 10.9, -23.5
369, 11.0, -23.5
370, 11.0, -23.5
371, 11.0, -23.5
372, 11.0, -23.5
373, 11.0, -23.5
374, 11.0, -23.5
375, 11.0, -23.5
376, 11.0, -23.5
377, 11.0, -23.5
378, 11.0, -23.4
379, 11.0, -23.4
380, 11.0, -23.4
381, 11.0, -23.4
382, 11.0, -23.4
383, 11.0, -23.4
384, 11.0, -23.4
385, 11.0, -23.5
386, 11.0, -23.5
387, 11.0, -23.5
388, 11.0, -23.5
389, 11.0, -23.5
390, 11.0, -23.5
391, 11.0, -23.5
392, 11.0, -23.5
393, 11.0, -23.5
394, 11.0, -23.5
395, 11.0, -23.5
396, 11.0, -23.5
397, 11.0, -23.5
398, 11.0, -23.5
399, 11.0, -23.5
400, 11.0, -23.5
401, 11.0, -23.5
402, 11.0, -23.5
403, 11.0, -23.6
404, 11.0, -23.6
405, 11.0, -23.5
406, 11.0, -23.5
407, 11.0, -23.5
408, 11.0, -23.5
409, 11.0, -23.5
410, 11.0, -23.5
411, 11.0, -23.5
412, 11.0, -23.5
413, 11.0, -23.5
414, 11.1, -23.5
415, 11.1, -23.5
416, 11.1, -23.5
417, 11.1, -23.5
418, 11.1, -23.5
419, 11.1, -23.5
420, 11.1, -23.5
421, 11.1, -23.5
422, 11.1, -23.4
423, 11.1, -23.4
424, 11.1, -23.4
425, 11.1, -23.4
426, 11.1, -23.5
427, 11.1, -23.5
428, 11.1, -23.5
429, 11.0, -23.5
430, 11.0, -23.5
431, 11.0, -23.5
432, 11.0, -23.5
433, 11.0, -23.5
434, 11.0, -23.5
435, 11.0, -23.5
436, 11.0, -23.5
437, 11.0, -23.5
438, 11.0, -23.5
439, 11.0, -23.5
440, 11.0, -23.5
441, 11.0, -23.5
442, 11.0, -23.5
443, 11.0, -23.4
444, 11.0, -23.4
445, 11.0, -23.4
446, 11.0, -23.4
447, 11.0, -23.5
448, 11.0, -23.5
449, 11.0, -23.5
450, 11.0, -23.5
451, 11.0, -23.5
452, 11.0, -23.5
453, 11.0, -23.5
454, 11.0, -23.5
455, 11.0, -23.5
456, 11.0, -23.5
457, 11.0, -23.5
458, 11.0, -23.5
459, 11.0, -23.5
460, 11.0, -23.5
461, 11.0, -23.6
462, 11.0, -23.6
463, 11.0, -23.6
464, 11.0, -23.6
465, 11.0, -23.6
466, 10.9, -23.6
467, 10.9, -23.5
468, 10.9, -23.5
469, 10.9, -23.5
470, 10.9, -23.5
471, 10.8, -23.5
472, 10.8, -23.5
473, 10.8, -23.5
474, 10.8, -23.5
475, 10.8, -23.6
476, 10.9, -23.6
477, 10.9, -23.6
478, 10.9, -23.6
479, 10.9, -23.6
480, 10.9, -23.6
481, 10.9, -23.6
482, 10.9, -23.6
483, 10.9, -23.6
484, 10.9, -23.6
485, 10.9, -23.6
486, 10.9, -23.6
487, 10.9, -23.6
488, 10.9, -23.6
489, 10.9, -23.6
490, 10.9, -23.6
491, 11.0, -23.6
492, 11.0, -23.6
493, 11.0, -23.6
494, 11.0, -23.6
495, 10.9, -23.6
496, 10.9, -23.6
497, 10.9, -23.5
498, 10.9, -23.5
499, 10.9, -23.5
500, 10.9, -23.5
501, 10.9, -23.5
502, 10.9, -23.5
503, 10.9, -23.5
504, 10.9, -23.5
505, 10.8, -23.5
506, 10.8, -23.5
507, 10.8, -23.5
508, 10.9, -23.5
509, 10.9, -23.5
510, 10.9, -23.5
511, 10.9, -23.5
512, 10.9, -23.5
513, 10.9, -23.5
514, 10.9, -23.6
515, 10.9, -23.6
516, 10.9, -23.6
517, 10.9, -23.5
518, 10.9, -23.5
519, 10.9, -23.5
520, 10.9, -23.5
521, 10.9, -23.5
522, 10.9, -23.5
523, 10.9, -23.4
524, 10.9, -23.4
525, 10.9, -23.4
526, 10.9, -23.4
527, 10.9, -23.4
528, 10.9, -23.4
529, 10.9, -23.4
530, 10.9, -23.4
531, 10.9, -23.4
532, 10.9, -23.4
533, 10.9, -23.4
534, 10.9, -23.4
535, 10.9, -23.4
536, 10.9, -23.4
537, 10.9, -23.4
538, 10.9, -23.4
539, 10.9, -23.4
540, 10.9, -23.4
541, 10.9, -23.4
542, 10.9, -23.4
543, 10.9, -23.4
544, 10.9, -23.4
545, 10.9, -23.4
546, 10.9, -23.4
547, 10.9, -23.5
548, 10.9, -23.5
549, 10.9, -23.5
550, 10.9, -23.5
551, 10.9, -23.5
552, 10.9, -23.5
553, 10.9, -23.5
554, 10.9, -23.5
555, 10.9, -23.4
556, 10.9, -23.5
557, 10.9, -23.5
558, 10.9, -23.5
559, 10.9, -23.5
560, 10.9, -23.5
561, 10.9, -23.5
562, 10.9, -23.5
563, 10.9, -23.5
564, 10.9, -23.5
565, 10.9, -23.5
566, 10.9, -23.5
567, 10.9, -23.5
568, 11.0, -23.5
569, 11.0, -23.5
570, 11.0, -23.5
571, 11.0, -23.5
572, 11.0, -23.6
573, 11.0, -23.6
574, 11.0, -23.6
575, 11.0, -23.6
576, 11.0, -23.6
577, 11.0, -23.6
578, 11.0, -23.6
579, 11.0, -23.6
580, 11.0, -23.6
581, 10.9, -23.5
582, 10.9, -23.5
583, 10.9, -23.5
584, 10.9, -23.5
585, 10.9, -23.5
586, 10.9, -23.5
587, 10.9, -23.5
588, 10.9, -23.5
589, 10.9, -23.5
590, 10.9, -23.5
591, 10.9, -23.5
592, 10.9, -23.5
593, 10.9, -23.5
594, 10.9, -23.5
595, 10.9, -23.5
596, 10.9, -23.5
597, 10.9, -23.5
598, 10.9, -23.5
599, 10.9, -23.5
600, 10.9, -23.5
601, 10.9, -23.5
602, 10.9, -23.5
603, 10.9, -23.5
604, 10.9, -23.5
605, 10.9, -23.5
606, 10.9, -23.5
607, 10.9, -23.5
608, 10.9, -23.5
609, 10.9, -23.5
610, 10.9, -23.5
611, 11.0, -23.5
612, 11.0, -23.5
613, 11.0, -23.5
614, 11.0, -23.5
615, 11.0, -23.5
616, 11.0, -23.6
617, 11.0, -23.6
618, 11.0, -23.6
619, 11.0, -23.5
620, 11.0, -23.5
621, 11.0, -23.5
622, 11.0, -23.5
623, 11.0, -23.5
624, 11.0, -23.5
625, 11.0, -23.5
626, 11.0, -23.5
627, 11.0, -23.5
628, 11.0, -23.5
629, 11.0, -23.5
630, 11.0, -23.5
631, 11.0, -23.5
632, 11.0, -23.6
633, 11.0, -23.6
634, 11.0, -23.6
635, 11.0, -23.6
636, 11.0, -23.6
637, 11.0, -23.6
638, 11.0, -23.6
639, 11.0, -23.6
640, 10.9, -23.6
641, 10.9, -23.6
642, 10.9, -23.6
643, 10.9, -23.6
644, 10.9, -23.6
645, 10.9, -23.6
646, 10.9, -23.6
647, 10.9, -23.6
648, 10.9, -23.6
649, 10.9, -23.6
650, 10.9, -23.6
651, 10.9, -23.6
652, 10.9, -23.6
653, 10.9, -23.6
654, 10.9, -23.6
655, 10.9, -23.6
656, 10.9, -23.6
657, 10.9, -23.6
658, 10.9, -23.6
659, 10.9, -23.5
660, 10.9, -23.5
661, 10.9, -23.5
662, 10.9, -23.6
663, 11.0, -23.6
664, 11.0, -23.6
665, 11.0, -23.6
666, 11.0, -23.6
667, 11.0, -23.6
668, 11.0, -23.5
669, 11.0, -23.5
670, 11.0, -23.5
671, 11.0, -23.5
672, 11.0, -23.5
673, 11.0, -23.5
674, 11.0, -23.5
675, 11.0, -23.5
676, 11.0, -23.5
677, 11.0, -23.5
678, 11.0, -23.5
679, 11.0, -23.5
680, 11.0, -23.5
681, 11.0, -23.5
682, 11.0, -23.5
683, 11.0, -23.5
684, 11.0, -23.5
685, 11.0, -23.5
686, 11.0, -23.5
687, 11.0, -23.6
688, 11.0, -23.6
689, 11.0, -23.6
690, 10.9, -23.5
691, 10.9, -23.5
692, 10.9, -23.5
693, 10.9, -23.5
694, 10.9, -23.5
695, 10.9, -23.5
696, 10.9, -23.5
697, 10.9, -23.5
698, 10.9, -23.5
699, 10.9, -23.5
700, 10.9, -23.5
701, 10.9, -23.5
702, 10.9, -23.5
703, 10.9, -23.5
704, 10.9, -23.5
705, 10.9, -23.5
706, 10.9, -23.5
707, 10.9, -23.5
708, 10.9, -23.5
709, 10.9, -23.5
710, 10.9, -23.5
711, 10.9, -23.5
712, 10.9, -23.4
713, 10.9, -23.4
714, 10.9, -23.4
715, 10.9, -23.4
716, 10.9, -23.4
717, 10.9, -23.4
718, 10.9, -23.4
719, 10.9, -23.4
720, 10.9, -23.4
721, 10.9, -23.5
722, 10.9, -23.5
723, 10.9, -23.5
724, 10.9, -23.5
725, 10.9, -23.5
726, 10.9, -23.5
727, 10.9, -23.5
728, 10.9, -23.5
729, 10.9, -23.5
730, 10.9, -23.5
731, 10.9, -23.5
732, 10.9, -23.5
733, 10.9, -23.6
734, 10.9, -23.6
735, 10.9, -23.6
736, 10.9, -23.6
737, 10.9, -23.6
738, 10.9, -23.6
739, 10.9, -23.6
740, 10.9, -23.6
741, 11.0, -23.6
742, 11.0, -23.5
743, 11.0, -23.5
744, 11.0, -23.5
745, 11.0, -23.5
746, 11.0, -23.5
747, 11.0, -23.5
748, 11.0, -23.5
749, 11.0, -23.5
750, 11.0, -23.5
751, 11.0, -23.5
752, 11.0, -23.5
753, 11.0, -23.5
754, 11.0, -23.5
755, 11.0, -23.5
756, 11.0, -23.5
757, 11.0, -23.5
758, 11.0, -23.5
759, 11.0, -23.6
760, 11.0, -23.6
761, 11.0, -23.6
762, 11.0, -23.6
763, 11.0, -23.6
764, 11.0, -23.6
765, 11.0, -23.6
766, 11.0, -23.6
767, 11.0, -23.6
768, 11.0, -23.6
769, 11.0, -23.6
770, 11.0, -23.6
771, 11.0, -23.6
772, 11.0, -23.5
773, 10.9, -23.5
774, 10.9, -23.5
775, 10.9, -23.5
776, 10.9, -23.5
777, 10.9, -23.5
778, 10.9, -23.5
779, 10.9, -23.5
780, 10.9, -23.5
781, 10.9, -23.5
782, 10.9, -23.5
783, 10.9, -23.5
784, 10.9, -23.5
785, 10.9, -23.5
786, 10.9, -23.4
787, 10.9, -23.4
788, 10.9, -23.4
789, 10.9, -23.4
790, 10.9, -23.4
791, 10.9, -23.4
792, 10.9, -23.4
793, 10.9, -23.4
794, 10.9, -23.4
795, 10.9, -23.4
796, 10.9, -23.4
797, 10.9, -23.4
798, 10.9, -23.4
799, 10.9, -23.4
800, 10.9, -23.4
801, 10.9, -23.4
802, 10.9, -23.4
803, 11.0, -23.4
804, 11.0, -23.4
805, 11.0, -23.4
806, 11.0, -23.4
807, 11.0, -23.5
808, 11.0, -23.5
809, 11.0, -23.5
810, 11.0, -23.5
811, 10.9, -23.5
812, 10.9, -23.5
813, 10.9, -23.5
814, 10.9, -23.5
815, 10.9, -23.6
816, 10.9, -23.6
817, 10.9, -23.6
818, 10.9, -23.6
819, 10.8, -23.6
820, 10.8, -23.6
821, 10.8, -23.6
822, 10.8, -23.5
823, 10.8, -23.5
824, 10.8, -23.5
825, 10.8, -23.5
826, 10.8, -23.5
827, 10.9, -23.5
828, 10.9, -23.5
829, 10.9, -23.5
830, 10.9, -23.5
831, 10.9, -23.6
832, 10.9, -23.6
833, 10.9, -23.6
834, 10.9, -23.6
835, 10.9, -23.6
836, 10.9, -23.5
837, 10.9, -23.5
838, 10.9, -23.5
839, 10.9, -23.5
840, 10.9, -23.5
841, 10.9, -23.5
842, 10.9, -23.5
843, 10.9, -23.5
844, 10.9, -23.5
845, 11.0, -23.5
846, 11.0, -23.5
847, 11.0, -23.5
848, 11.0, -23.5
849, 11.0, -23.5
850, 11.0, -23.5
851, 11.0, -23.5
852, 11.0, -23.5
853, 11.0, -23.6
854, 11.0, -23.6
855, 11.0, -23.6
856, 11.0, -23.6
857, 11.0, -23.6
858, 11.0, -23.6
859, 11.0, -23.6
860, 11.0, -23.5
861, 11.0, -23.5
862, 11.0, -23.5
863, 11.0, -23.5
864, 11.0, -23.5
865, 11.0, -23.5
866, 11.0, -23.5
867, 11.0, -23.5
868, 11.0, -23.5
869, 11.0, -23.4
870, 11.0, -23.4
871, 11.0, -23.4
872, 11.0, -23.4
873, 11.0, -23.4
874, 11.0, -23.4
875, 11.0, -23.3
876, 11.0, -23.3
877, 11.0, -23.3
878, 11.0, -23.3
879, 11.0, -23.3
880, 11.0, -23.3
881, 10.9, -23.3
882, 10.9, -23.3
883, 10.9, -23.3
884, 10.9, -23.3
885, 10.9, -23.3
886, 10.9, -23.3
887, 10.9, -23.3
888, 10.9, -23.3
889, 10.9, -23.3
890, 10.9, -23.3
891, 10.9, -23.4
892, 10.9, -23.4
893, 10.9, -23.4
894, 10.9, -23.4
895, 10.9, -23.4
896, 10.9, -23.5
897, 10.9, -23.5
898, 10.9, -23.5
899, 10.9, -23.5
900, 10.9, -23.5
901, 10.9, -23.5
902, 10.9, -23.5
903, 10.9, -23.5
904, 10.9, -23.5
905, 10.9, -23.5
906, 10.9, -23.5
907, 10.9, -23.5
908, 10.9, -23.5
909, 10.9, -23.5
910, 10.9, -23.5
911, 10.9, -23.5
912, 10.9, -23.5
913, 10.9, -23.5
914, 10.9, -23.5
915, 10.9, -23.5
916, 10.9, -23.6
917, 10.9, -23.6
918, 10.9, -23.6
919, 10.9, -23.6
920, 10.9, -23.6
921, 10.9, -23.6
922, 10.9, -23.6
923, 10.9, -23.6
924, 10.9, -23.6
925, 10.9, -23.5
926, 10.9, -23.5
927, 10.9, -23.5
928, 10.9, -23.5
929, 10.9, -23.5
930, 11.0, -23.5
931, 11.0, -23.6
932, 11.0, -23.6
933, 11.0, -23.6
934, 11.0, -23.6
935, 11.0, -23.6
936, 11.0, -23.6
937, 11.0, -23.6
938, 11.0, -23.6
939, 11.0, -23.6
940, 11.0, -23.5
941, 10.9, -23.5
942, 10.9, -23.5
943, 10.9, -23.5
944, 10.9, -23.5
945, 10.9, -23.5
946, 10.9, -23.5
947, 10.9, -23.5
948, 10.9, -23.5
949, 10.9, -23.5
950, 10.9, -23.5
951, 10.9, -23.5
952, 10.9, -23.5
953, 10.9, -23.5
954, 10.9, -23.5
955, 10.9, -23.5
956, 10.9, -23.5
957, 10.9, -23.5
958, 10.9, -23.5
959, 11.0, -23.5
960, 11.0, -23.5
961, 11.0, -23.5
962, 11.0, -23.5
963, 11.0, -23.4
964, 11.0, -23.4
965, 11.0, -23.5
966, 11.0, -23.5
967, 11.0, -23.5
968, 11.0, -23.5
969, 11.0, -23.5
970, 11.0, -23.5
971, 11.0, -23.5
972, 11.0, -23.5
973, 11.0, -23.5
974, 11.0, -23.5
975, 10.9, -23.5
976, 10.9, -23.5
977, 10.9, -23.5
978, 10.9, -23.5
979, 10.9, -23.5
980, 10.9, -23.5
981, 10.9, -23.5
982, 10.9, -23.5
983, 10.9, -23.5
984, 10.9, -23.5
985, 10.9, -23.5
986, 10.9, -23.5
987, 10.9, -23.5
988, 10.9, -23.5
989, 10.9, -23.5
990, 10.9, -23.5
991, 10.9, -23.5
992, 10.9, -23.5
993, 10.9, -23.5
994, 10.9, -23.5
995, 10.9, -23.5
996, 10.9, -23.6
997, 10.9, -23.6
998, 10.9, -23.6
999, 10.9, -23.6
1000, 10.9, -23.6
1001, 10.9, -23.5
1002, 10.9, -23.5
1003, 10.9, -23.5
1004, 10.9, -23.5
1005, 10.9, -23.5
1006, 10.9, -23.5
1007, 10.9, -23.5
1008, 10.9, -23.6
1009, 10.9, -23.6
1010, 10.9, -23.6
1011, 10.9, -23.6
1012, 10.9, -23.6
1013, 10.9, -23.6
1014, 10.9, -23.6
1015, 10.9, -23.6
1016, 10.9, -23.6
1017, 10.9, -23.6
1018, 10.9, -23.5
1019, 10.9, -23.5
1020, 10.9, -23.5
1021, 10.9, -23.5
1022, 10.9, -23.5
1023, 10.9, -23.5
1024, 10.9, -23.5
1025, 10.9, -23.5
1026, 10.9, -23.5
1027, 10.8, -23.5
1028, 10.8, -23.5
1029, 10.7, -23.5
1030, 10.7, -23.5
1031, 10.7, -23.6
1032, 10.7, -23.6
1033, 10.7, -23.5
1034, 10.7, -23.5
1035, 10.7, -23.5
1036, 10.7, -23.5
1037, 10.7, -23.5
1038, 10.7, -23.5
1039, 10.7, -23.5
1040, 10.7, -23.5
1041, 10.7, -23.5
1042, 10.7, -23.5
1043, 10.7, -23.5
1044, 10.7, -23.5
1045, 10.7, -23.5
1046, 10.7, -23.5
1047, 10.7, -23.5
1048, 10.7, -23.5
1049, 10.7, -23.5
1050, 10.7, -23.5
1051, 10.7, -23.5
1052, 10.7, -23.5
1053, 10.7, -23.5
1054, 10.7, -23.5
1055, 10.7, -23.5
1056, 10.7, -23.5
1057, 10.7, -23.5
1058, 10.7, -23.5
1059, 10.7, -23.5
1060, 10.7, -23.5
1061, 10.7, -23.4
1062, 10.7, -23.4
1063, 10.8, -23.4
1064, 10.8, -23.4
1065, 10.8, -23.4
1066, 10.8, -23.4
1067, 10.8, -23.5
1068, 10.8, -23.5
1069, 10.9, -23.5
1070, 10.9, -23.5
1071, 10.9, -23.5
1072, 10.9, -23.5
1073, 10.9, -23.5
1074, 10.9, -23.5
1075, 10.9, -23.5
1076, 10.9, -23.5
1077, 10.9, -23.5
1078, 10.9, -23.6
1079, 10.9, -23.6
1080, 10.9, -23.6
1081, 10.9, -23.6
1082, 10.9, -23.6
1083, 10.9, -23.6
1084, 10.9, -23.6
1085, 10.9, -23.6
1086, 10.9, -23.6
1087, 10.9, -23.6
1088, 10.9, -23.6
1089, 10.9, -23.6
1090, 10.9, -23.6
1091, 10.9, -23.6
1092, 10.9, -23.6
1093, 10.9, -23.6
1094, 10.9, -23.6
1095, 10.9, -23.6
1096, 10.9, -23.6
1097, 10.9, -23.6
1098, 10.9, -23.6
1099, 10.9, -23.6
1100, 10.9, -23.6
1101, 10.9, -23.6
1102, 10.9, -23.6
1103, 10.9, -23.6
1104, 10.9, -23.5
1105, 10.9, -23.5
1106, 10.9, -23.5
1107, 10.9, -23.5
1108, 10.9, -23.5
1109, 10.9, -23.5
1110, 10.9, -23.5
1111, 10.9, -23.5
1112, 10.9, -23.5
1113, 10.9, -23.5
1114, 10.9, -23.5
1115, 10.9, -23.5
1116, 10.9, -23.5
1117, 10.9, -23.5
1118, 10.9, -23.5
1119, 10.9, -23.5
1120, 10.9, -23.5
1121, 10.9, -23.5
1122, 10.9, -23.6
1123, 10.9, -23.6
1124, 10.9, -23.5
1125, 10.9, -23.5
1126, 10.9, -23.5
1127, 10.9, -23.5
1128, 10.9, -23.5
1129, 10.9, -23.5
1130, 10.9, -23.5
1131, 10.9, -23.5
1132, 10.9, -23.5
1133, 10.9, -23.5
1134, 10.9, -23.5
1135, 10.9, -23.5
1136, 10.9, -23.5
1137, 10.9, -23.5
1138, 10.9, -23.5
1139, 10.9, -23.5
1140, 10.9, -23.4
1141, 10.9, -23.4
1142, 10.9, -23.4
1143, 10.9, -23.4
1144, 10.9, -23.4
1145, 10.9, -23.4
1146, 10.9, -23.4
1147, 10.9, -23.4
1148, 10.9, -23.4
1149, 10.9, -23.4
1150, 10.9, -23.4
1151, 10.9, -23.4
1152, 10.9, -23.4
1153, 10.9, -23.4
1154, 10.9, -23.4
1155, 10.9, -23.4
1156, 10.9, -23.3
1157, 10.9, -23.3
1158, 10.9, -23.3
1159, 10.9, -23.3
1160, 10.9, -23.3
1161, 10.9, -23.3
1162, 10.9, -23.3
1163, 10.9, -23.3
1164, 10.9, -23.3
1165, 10.9, -23.3
1166, 10.9, -23.4
1167, 10.9, -23.4
1168, 10.9, -23.4
1169, 10.9, -23.4
1170, 10.9, -23.4
1171, 10.9, -23.4
1172, 10.9, -23.4
1173, 10.9, -23.4
1174, 10.9, -23.4
1175, 10.9, -23.4
1176, 10.9, -23.4
1177, 10.9, -23.4
1178, 10.9, -23.4
1179, 10.9, -23.4
1180, 10.9, -23.4
1181, 10.9, -23.4
1182, 10.9, -23.4
1183, 10.9, -23.4
1184, 10.9, -23.4
1185, 10.8, -23.5
1186, 10.8, -23.5
1187, 10.8, -23.6
1188, 10.8, -23.6
1189, 10.8, -23.6
1190, 10.8, -23.6
1191, 10.8, -23.6
1192, 10.8, -23.6
1193, 10.8, -23.6
1194, 10.8, -23.6
1195, 10.8, -23.6
1196, 10.8, -23.6
1197, 10.8, -23.6
1198, 10.8, -23.6
1199, 10.8, -23.6
1200, 10.8, -23.6
1201, 10.8, -23.6
1202, 10.8, -23.6
1203, 10.9, -23.6
1204, 11.0, -23.6
1205, 11.0, -23.6
1206, 11.0, -23.6
1207, 11.0, -23.5
1208, 11.0, -23.5
1209, 11.0, -23.5
1210, 11.0, -23.5
1211, 11.0, -23.5
1212, 11.0, -23.4
1213, 11.0, -23.4
1214, 11.0, -23.4
1215, 11.0, -23.4
1216, 11.0, -23.4
1217, 11.0, -23.4
1218, 11.0, -23.4
1219, 11.0, -23.4
1220, 11.0, -23.4
1221, 11.0, -23.4
1222, 11.0, -23.5
1223, 11.0, -23.5
1224, 11.0, -23.5
1225, 10.9, -23.5
1226, 10.9, -23.5
1227, 10.9, -23.6
1228, 10.9, -23.6
1229, 10.9, -23.6
1230, 10.9, -23.6
1231, 10.9, -23.6
1232, 10.9, -23.6
1233, 10.9, -23.6
1234, 10.9, -23.6
1235, 10.9, -23.6
1236, 10.9, -23.6
1237, 10.9, -23.6
1238, 10.9, -23.6
1239, 10.9, -23.6
1240, 10.9, -23.6
1241, 10.9, -23.6
1242, 10.9, -23.5
1243, 10.9, -23.5
1244, 10.9, -23.5
1245, 10.9, -23.5
1246, 10.9, -23.5
1247, 10.9, -23.5
1248, 10.9, -23.5
1249, 10.9, -23.5
1250, 10.9, -23.5
1251, 10.9, -23.5
1252, 10.9, -23.5
1253, 10.9, -23.5
1254, 10.9, -23.5
1255, 10.9, -23.6
1256, 10.9, -23.6
1257, 10.9, -23.6
1258, 10.9, -23.6
1259, 10.9, -23.5
1260, 10.9, -23.5
1261, 10.9, -23.5
1262, 10.9, -23.5
1263, 10.9, -23.5
1264, 10.9, -23.6
1265, 10.9, -23.6
1266, 10.9, -23.6
1267, 10.9, -23.6
1268, 10.9, -23.6
1269, 10.9, -23.5
1270, 11.0, -23.5
1271, 11.0, -23.5
1272, 11.0, -23.5
1273, 11.0, -23.5
1274, 11.0, -23.5
1275, 10.9, -23.5
1276, 10.9, -23.5
1277, 10.9, -23.5
1278, 10.9, -23.5
1279, 10.9, -23.5
1280, 10.9, -23.6
1281, 10.9, -23.6
1282, 10.9, -23.6
1283, 10.9, -23.6
1284, 10.9, -23.6
1285, 10.9, -23.5
1286, 10.9, -23.5
1287, 10.9, -23.5
1288, 10.9, -23.5
1289, 10.9, -23.5
1290, 11.0, -23.6
1291, 11.0, -23.6
1292, 11.0, -23.6
1293, 11.0, -23.6
1294, 11.0, -23.6
1295, 11.0, -23.6
1296, 11.0, -23.6
1297, 11.0, -23.6
1298, 11.0, -23.6
1299, 11.0, -23.6
1300, 11.0, -23.6
1301, 11.0, -23.6
1302, 11.0, -23.6
1303, 10.9, -23.5
1304, 10.9, -23.5
1305, 10.9, -23.5
1306, 10.9, -23.5
1307, 10.9, -23.5
1308, 10.9, -23.5
1309, 10.9, -23.5
1310, 10.9, -23.5
1311, 10.9, -23.5
1312, 10.9, -23.5
1313, 10.9, -23.5
1314, 10.9, -23.5
1315, 10.9, -23.5
1316, 10.9, -23.5
1317, 10.9, -23.5
1318, 10.9, -23.5
1319, 10.9, -23.4
1320, 10.9, -23.4
1321, 10.9, -23.4
1322, 10.9, -23.4
1323, 10.9, -23.4
1324, 10.9, -23.4
1325, 10.9, -23.4
1326, 10.9, -23.4
1327, 10.9, -23.4
1328, 10.9, -23.4
1329, 10.9, -23.4
1330, 10.9, -23.4
1331, 10.9, -23.4
1332, 10.9, -23.4
1333, 10.9, -23.4
1334, 10.9, -23.4
1335, 10.9, -23.3
1336, 10.9, -23.3
1337, 10.9, -23.3
1338, 10.9, -23.4
1339, 10.9, -23.4
1340, 10.9, -23.4
1341, 10.9, -23.4
1342, 10.9, -23.4
1343, 10.9, -23.4
1344, 10.9, -23.4
1345, 10.9, -23.4
1346, 10.9, -23.4
1347, 10.9, -23.4
1348, 10.9, -23.4
1349, 10.9, -23.4
1350, 10.9, -23.4
1351, 10.9, -23.5
1352, 10.9, -23.5
1353, 10.9, -23.6
1354, 10.9, -23.6
1355, 10.9, -23.6
1356, 10.9, -23.6
1357, 10.9, -23.6
1358, 10.9, -23.6
1359, 10.9, -23.5
1360, 10.9, -23.5
1361, 10.9, -23.5
1362, 10.9, -23.5
1363, 10.9, -23.5
1364, 11.0, -23.5
1365, 11.0, -23.5
1366, 11.0, -23.5
1367, 11.0, -23.5
1368, 11.0, -23.5
1369, 11.0, -23.5
1370, 11.0, -23.5
1371, 11.0, -23.5
1372, 11.0, -23.5
1373, 11.0, -23.6
1374, 11.0, -23.6
1375, 11.0, -23.6
1376, 11.0, -23.6
1377, 11.0, -23.6
1378, 11.0, -23.6
1379, 11.0, -23.6
1380, 11.0, -23.6
1381, 11.0, -23.5
1382, 11.0, -23.5
1383, 11.0, -23.5
1384, 11.0, -23.5
1385, 11.0, -23.5
1386, 11.0, -23.5
1387, 11.0, -23.5
1388, 11.0, -23.5
1389, 11.0, -23.5
1390, 11.0, -23.5
1391, 11.0, -23.4
1392, 11.0, -23.4
1393, 11.0, -23.4
1394, 11.0, -23.5
1395, 11.0, -23.5
1396, 11.0, -23.5
1397, 11.0, -23.5
1398, 11.0, -23.5
1399, 10.9, -23.5
1400, 10.9, -23.5
1401, 10.9, -23.5
1402, 10.9, -23.5
1403, 10.9, -23.5
1404, 10.9, -23.5
1405, 10.9, -23.5
1406, 10.9, -23.5
1407, 10.9, -23.5
1408, 10.9, -23.5
1409, 10.9, -23.5
1410, 10.9, -23.5
1411, 10.9, -23.5
1412, 10.9, -23.5
1413, 10.9, -23.5
1414, 10.9, -23.5
1415, 10.9, -23.5
1416, 10.9, -23.5
1417, 10.9, -23.5
1418, 10.9, -23.5
1419, 10.9, -23.5
1420, 10.9, -23.5
1421, 10.9, -23.5
1422, 10.9, -23.5
1423, 10.9, -23.5
1424, 10.9, -23.5
1425, 10.9, -23.5
1426, 10.9, -23.5
1427, 10.9, -23.5
1428, 10.9, -23.5
1429, 10.9, -23.5
1430, 10.9, -23.6
1431, 10.9, -23.6
1432, 10.9, -23.6
1433, 10.9, -23.6
1434, 10.9, -23.6
1435, 10.9, -23.6
1436, 10.9, -23.6
1437, 10.9, -23.7
1438, 10.9, -23.7
1439, 10.9, -23.7
1440, 10.9, -23.7
1441, 10.9, -23.7
1442, 10.9, -23.7
1443, 10.9, -23.7
1444, 10.9, -23.7
1445, 10.9, -23.7
1446, 10.9, -23.7
1447, 10.9, -23.7
1448, 10.9, -23.7
1449, 10.9, -23.6
1450, 10.9, -23.6
1451, 10.9, -23.6
1452, 10.9, -23.6
1453, 11.0, -23.6
1454, 10.9, -23.6
1455, 10.9, -23.6
1456, 10.9, -23.6
1457, 10.9, -23.6
1458, 10.9, -23.6
1459, 10.9, -23.6
1460, 10.9, -23.6
1461, 10.9, -23.5
1462, 10.9, -23.5
1463, 10.9, -23.5
1464, 10.9, -23.5
1465, 10.9, -23.5
1466, 10.9, -23.5
1467, 10.9, -23.5
1468, 10.9, -23.5
1469, 10.9, -23.5
1470, 10.9, -23.5
1471, 10.9, -23.5
1472, 10.9, -23.5
1473, 10.9, -23.5
1474, 10.9, -23.5
1475, 10.9, -23.5
1476, 10.9, -23.5
1477, 10.9, -23.5
1478, 10.9, -23.5
1479, 10.9, -23.5
1480, 10.9, -23.5
1481, 10.9, -23.5
1482, 10.9, -23.6
1483, 10.8, -23.6
1484, 10.8, -23.6
1485, 10.8, -23.6
1486, 10.8, -23.6
1487, 10.8, -23.6
1488, 10.8, -23.6
1489, 10.9, -23.6
1490, 10.9, -23.6
1491, 10.9, -23.6
1492, 10.9, -23.6
1493, 10.9, -23.6
1494, 10.9, -23.6
1495, 10.9, -23.6
1496, 10.9, -23.6
1497, 10.9, -23.6
1498, 10.9, -23.6
1499, 10.9, -23.6
1500, 10.9, -23.6
1501, 11.0, -23.6
1502, 11.0, -23.6
1503, 11.0, -23.5
1504, 11.0, -23.5
1505, 11.0, -23.6
1506, 11.0, -23.6
1507, 11.0, -23.5
1508, 11.0, -23.5
1509, 11.0, -23.5
1510, 11.0, -23.5
1511, 11.0, -23.5
1512, 11.0, -23.5
1513, 11.0, -23.5
1514, 11.0, -23.5
1515, 11.0, -23.5
1516, 11.0, -23.6
1517, 11.0, -23.6
1518, 11.0, -23.6
1519, 11.0, -23.6
1520, 11.0, -23.5
1521, 11.0, -23.5
1522, 11.0, -23.5
1523, 11.0, -23.5
1524, 11.0, -23.6
1525, 11.0, -23.6
1526, 11.0, -23.6
1527, 11.0, -23.6
1528, 11.0, -23.6
1529, 10.9, -23.6
1530, 10.9, -23.6
1531, 10.9, -23.6
1532, 10.9, -23.5
1533, 10.9, -23.5
1534, 10.9, -23.6
1535, 10.9, -23.6
1536, 10.9, -23.6
1537, 10.9, -23.6
1538, 10.9, -23.6
1539, 10.9, -23.6
1540, 10.9, -23.6
1541, 10.9, -23.6
1542, 10.9, -23.6
1543, 10.8, -23.6
1544, 10.8, -23.6
1545, 10.8, -23.6
1546, 10.8, -23.5
1547, 10.8, -23.5
1548, 10.8, -23.5
1549, 10.8, -23.5
1550, 10.9, -23.5
1551, 10.9, -23.5
1552, 10.9, -23.5
1553, 10.9, -23.5
1554, 10.9, -23.6
1555, 10.9, -23.6
1556, 11.0, -23.6
1557, 11.0, -23.6
1558, 11.0, -23.6
1559, 11.0, -23.6
1560, 11.0, -23.6
1561, 11.0, -23.6
1562, 11.0, -23.5
1563, 11.0, -23.5
1564, 11.0, -23.5
1565, 11.0, -23.5
1566, 11.0, -23.5
1567, 11.0, -23.5
1568, 11.0, -23.5
1569, 11.0, -23.5
1570, 11.0, -23.5
1571, 10.9, -23.5
1572, 10.9, -23.5
1573, 10.9, -23.5
1574, 10.9, -23.5
1575, 10.9, -23.5
1576, 10.9, -23.4
1577, 10.9, -23.4
1578, 10.9, -23.5
1579, 10.9, -23.4
1580, 10.9, -23.4
1581, 10.9, -23.4
1582, 10.9, -23.4
1583, 10.9, -23.4
1584, 11.0, -23.4
1585, 11.0, -23.4
1586, 11.0, -23.4
1587, 11.0, -23.4
1588, 11.0, -23.4
1589, 11.0, -23.5
1590, 11.0, -23.5
1591, 11.0, -23.5
1592, 11.0, -23.5
1593, 10.9, -23.5
1594, 10.9, -23.5
1595, 10.9, -23.5
1596, 10.9, -23.4
1597, 10.9, -23.5
1598, 10.9, -23.4
1599, 10.9, -23.4
1600, 10.9, -23.4
1601, 10.9, -23.4
1602, 10.9, -23.4
1603, 10.9, -23.4
1604, 10.9, -23.4
1605, 10.9, -23.5
1606, 10.9, -23.5
1607, 10.9, -23.6
1608, 10.9, -23.5
1609, 10.9, -23.5
1610, 10.9, -23.5
1611, 10.9, -23.5
1612, 10.9, -23.5
1613, 10.9, -23.6
1614, 10.9, -23.6
1615, 10.9, -23.6
1616, 10.9, -23.5
1617, 10.9, -23.5
1618, 10.9, -23.5
1619, 10.9, -23.6
1620, 10.9, -23.6
1621, 10.9, -23.6
1622, 10.9, -23.6
1623, 10.9, -23.5
1624, 10.9, -23.5
1625, 10.9, -23.5
1626, 10.9, -23.6
1627, 10.9, -23.6
1628, 10.9, -23.6
1629, 10.9, -23.6
1630, 10.9, -23.5
1631, 10.9, -23.4
1632, 10.9, -23.5
1633, 10.9, -23.5
1634, 10.9, -23.5
1635, 10.9, -23.5
1636, 10.9, -23.5
1637, 10.9, -23.5
1638, 10.9, -23.4
1639, 10.9, -23.4
1640, 10.9, -23.4
1641, 10.9, -23.4
1642, 10.9, -23.5
1643, 10.9, -23.5
1644, 10.9, -23.5
1645, 10.9, -23.5
1646, 10.9, -23.5
1647, 10.9, -23.5
1648, 10.9, -23.5
1649, 10.9, -23.5
1650, 10.9, -23.6
1651, 10.9, -23.6
1652, 10.9, -23.6
1653, 10.9, -23.6
1654, 10.9, -23.6
1655, 10.9, -23.5
1656, 10.9, -23.5
1657, 10.9, -23.5
1658, 10.9, -23.5
1659, 10.9, -23.5
1660, 10.9, -23.5
1661, 10.9, -23.5
1662, 10.9, -23.5
1663, 10.9, -23.5
1664, 10.9, -23.5
1665, 10.9, -23.5
1666, 10.9, -23.4
1667, 10.9, -23.6
1668, 10.9, -23.6
1669, 10.9, -23.6
1670, 10.9, -23.6
1671, 10.9, -23.6
1672, 10.9, -23.6
1673, 10.9, -23.6
1674, 10.9, -23.5
1675, 10.9, -23.5
1676, 10.9, -23.6
1677, 10.9, -23.6
1678, 10.9, -23.6
1679, 10.9, -23.6
1680, 10.9, -23.5
1681, 10.9, -23.5
1682, 10.9, -23.5
1683, 10.9, -23.5
1684, 10.9, -23.5
1685, 10.9, -23.5
1686, 10.9, -23.5
1687, 10.9, -23.5
1688, 10.9, -23.5
1689, 10.9, -23.5
1690, 10.9, -23.5
1691, 10.9, -23.4
1692, 10.9, -23.4
1693, 10.9, -23.4
1694, 10.9, -23.4
1695, 10.9, -23.4
1696, 10.9, -23.4
1697, 10.9, -23.3
1698, 10.9, -23.4
1699, 10.9, -23.4
1700, 10.9, -23.4
1701, 10.9, -23.4
1702, 10.9, -23.4
1703, 10.9, -23.5
1704, 10.9, -23.4
1705, 10.9, -23.4
1706, 11.0, -23.4
1707, 11.0, -23.4
1708, 11.0, -23.4
1709, 11.0, -23.4
1710, 11.0, -23.4
1711, 11.0, -23.4
1712, 11.0, -23.3
1713, 11.0, -23.4
1714, 11.0, -23.4
1715, 11.0, -23.4
1716, 11.0, -23.4
1717, 11.0, -23.4
1718, 11.0, -23.4
1719, 11.0, -23.4
1720, 11.0, -23.4
1721, 11.0, -23.4
1722, 11.0, -23.4
1723, 11.0, -23.4
1724, 11.0, -23.4
1725, 11.0, -23.4
1726, 11.0, -23.5
1727, 11.0, -23.5
1728, 11.0, -23.5
1729, 11.0, -23.5
1730, 11.0, -23.5
1731, 11.0, -23.5
1732, 11.0, -23.5
1733, 11.0, -23.5
1734, 11.0, -23.5
1735, 11.0, -23.5
1736, 11.0, -23.5
1737, 11.0, -23.5
1738, 11.0, -23.5
1739, 11.0, -23.5
1740, 11.0, -23.5
1741, 11.0, -23.5
1742, 11.0, -23.5
1743, 11.0, -23.5
1744, 11.0, -23.5
1745, 11.0, -23.5
1746, 11.0, -23.5
1747, 11.0, -23.4
1748, 11.0, -23.4
1749, 11.1, -23.4
1750, 11.1, -23.4
1751, 11.1, -23.4
1752, 11.1, -23.4
1753, 11.1, -23.4
1754, 11.1, -23.5
1755, 11.1, -23.5
1756, 11.1, -23.5
1757, 11.1, -23.5
1758, 11.1, -23.5
1759, 11.1, -23.5
1760, 11.1, -23.5
1761, 11.1, -23.5
1762, 11.1, -23.5
1763, 11.1, -23.5
1764, 11.1, -23.5
1765, 11.0, -23.5
1766, 11.0, -23.5
1767, 11.0, -23.5
1768, 11.0, -23.4
1769, 11.0, -23.4
1770, 11.0, -23.4
1771, 11.0, -23.4
1772, 11.0, -23.4
1773, 11.0, -23.4
1774, 11.0, -23.4
1775, 11.0, -23.4
1776, 11.0, -23.4
1777, 11.0, -23.4
1778, 11.0, -23.4
1779, 11.0, -23.4
1780, 11.0, -23.3
1781, 11.0, -23.3
1782, 11.0, -23.3
1783, 11.0, -23.3
1784, 11.0, -23.3
1785, 11.0, -23.3
1786, 11.0, -23.3
1787, 11.0, -23.4
1788, 11.0, -23.4
1789, 11.0, -23.4
1790, 11.0, -23.4
1791, 11.0, -23.4
1792, 11.0, -23.4
1793, 10.9, -23.4
1794, 10.9, -23.4
1795, 10.9, -23.4
1796, 10.9, -23.4
1797, 11.0, -23.4
1798, 11.0, -23.4
1799, 11.0, -23.4
1800, 11.0, -23.4
1801, 11.0, -23.4
1802, 11.0, -23.4
1803, 11.0, -23.4
1804, 11.0, -23.4
1805, 11.0, -23.4
1806, 11.0, -23.4
1807, 11.0, -23.4
1808, 11.0, -23.4
1809, 11.0, -23.4
1810, 11.0, -23.4
1811, 10.9, -23.4
1812, 10.9, -23.4
1813, 10.9, -23.4
1814, 11.0, -23.4
1815, 11.0, -23.4
1816, 11.0, -23.4
1817, 11.0, -23.4
1818, 11.0, -23.5
1819, 11.0, -23.5
1820, 11.0, -23.5
1821, 11.0, -23.6
1822, 11.0, -23.6
1823, 11.0, -23.6
1824, 11.0, -23.6
1825, 11.0, -23.6
1826, 11.0, -23.6
1827, 11.0, -23.6
1828, 11.0, -23.6
1829, 11.0, -23.6
1830, 11.0, -23.6
1831, 11.0, -23.6
1832, 11.0, -23.6
1833, 11.0, -23.5
1834, 11.0, -23.5
1835, 11.0, -23.5
1836, 11.0, -23.6
1837, 11.0, -23.5
1838, 11.0, -23.5
1839, 11.0, -23.5
1840, 10.9, -23.5
1841, 10.9, -23.5
1842, 10.9, -23.5
1843, 10.9, -23.5
1844, 10.9, -23.5
1845, 10.9, -23.5
1846, 10.9, -23.5
1847, 10.9, -23.5
1848, 10.9, -23.5
1849, 10.9, -23.6
1850, 10.9, -23.6
1851, 10.9, -23.6
1852, 10.9, -23.6
1853, 10.9, -23.5
1854, 10.9, -23.5
1855, 10.9, -23.5
1856, 10.9, -23.5
1857, 10.9, -23.5
1858, 10.9, -23.5
1859, 10.9, -23.5
1860, 10.9, -23.5
1861, 10.9, -23.5
1862, 10.9, -23.5
1863, 10.9, -23.5
1864, 10.9, -23.6
1865, 11.0, -23.5
1866, 11.0, -23.5
1867, 11.0, -23.5
1868, 11.0, -23.5
1869, 11.0, -23.5
1870, 11.0, -23.4
1871, 11.0, -23.4
1872, 11.0, -23.4
1873, 11.0, -23.4
1874, 11.0, -23.4
1875, 11.0, -23.5
1876, 11.0, -23.5
1877, 11.0, -23.5
1878, 11.0, -23.5
1879, 11.0, -23.5
1880, 11.1, -23.5
1881, 11.1, -23.5
1882, 11.1, -23.5
1883, 11.1, -23.5
1884, 11.1, -23.5
1885, 11.1, -23.5
1886, 11.1, -23.6
1887, 11.1, -23.6
1888, 11.1, -23.6
1889, 11.1, -23.5
1890, 11.1, -23.5
1891, 11.0, -23.5
1892, 11.0, -23.5
1893, 11.0, -23.5
1894, 11.0, -23.5
1895, 11.0, -23.5
1896, 11.0, -23.5
1897, 11.0, -23.5
1898, 11.0, -23.5
1899, 11.0, -23.5
1900, 11.0, -23.5
1901, 11.0, -23.5
1902, 11.0, -23.5
1903, 11.0, -23.5
1904, 11.0, -23.5
1905, 11.0, -23.5
1906, 11.0, -23.5
1907, 11.0, -23.4
1908, 11.0, -23.4
1909, 11.0, -23.4
1910, 11.0, -23.4
1911, 11.0, -23.4
1912, 11.0, -23.4
1913, 11.0, -23.4
1914, 11.0, -23.4
1915, 11.0, -23.5
1916, 11.0, -23.5
1917, 11.0, -23.5
1918, 11.0, -23.5
1919, 11.0, -23.5
1920, 11.0, -23.5
1921, 11.0, -23.4
1922, 11.0, -23.4
1923, 11.0, -23.4
1924, 11.0, -23.4
1925, 11.0, -23.4
1926, 11.0, -23.4
1927, 11.0, -23.5
1928, 11.0, -23.5
1929, 11.0, -23.5
1930, 11.0, -23.5
1931, 11.0, -23.5
1932, 11.0, -23.5
1933, 11.0, -23.5
1934, 11.0, -23.6
1935, 11.0, -23.6
1936, 11.0, -23.6
1937, 11.0, -23.6
1938, 11.0, -23.6
1939, 11.0, -23.6
1940, 11.0, -23.6
1941, 11.0, -23.6
1942, 11.0, -23.6
1943, 11.0, -23.6
1944, 11.0, -23.6
1945, 11.0, -23.6
1946, 11.0, -23.6
1947, 11.0, -23.6
1948, 11.0, -23.6
1949, 11.0, -23.6
1950, 11.0, -23.6
1951, 11.0, -23.6
1952, 11.0, -23.6
1953, 11.0, -23.6
1954, 11.0, -23.6
1955, 11.0, -23.6
1956, 11.0, -23.6
1957, 11.0, -23.6
1958, 11.0, -23.7
1959, 11.0, -23.7
1960, 11.0, -23.6
1961, 11.0, -23.6
1962, 11.0, -23.6
1963, 10.9, -23.6
1964, 10.8, -23.6
1965, 10.8, -23.6
1966, 10.8, -23.6
1967, 10.8, -23.5
1968, 10.8, -23.5
1969, 10.8, -23.5
1970, 10.8, -23.5
1971, 10.8, -23.5
1972, 10.8, -23.5
1973, 10.8, -23.5
1974, 10.8, -23.5
1975, 10.8, -23.5
1976, 10.8, -23.5
1977, 10.8, -23.6
1978, 10.8, -23.5
1979, 10.8, -23.5
1980, 10.9, -23.5
1981, 10.9, -23.5
1982, 10.9, -23.5
1983, 10.9, -23.5
1984, 10.9, -23.5
1985, 10.9, -23.5
1986, 10.9, -23.5
1987, 10.9, -23.5
1988, 10.9, -23.5
1989, 10.9, -23.5
1990, 10.9, -23.5
1991, 10.9, -23.5
1992, 10.9, -23.5
1993, 10.9, -23.5
1994, 10.9, -23.5
1995, 10.9, -23.5
1996, 10.9, -23.5
1997, 10.9, -23.5
1998, 10.9, -23.5
1999, 10.9, -23.5
2000, 10.9, -23.5
2001, 10.9, -23.6
2002, 10.9, -23.6
2003, 10.9, -23.6
2004, 10.9, -23.6
2005, 10.9, -23.6
2006, 10.9, -23.6
2007, 10.9, -23.6
2008, 10.9, -23.6
2009, 10.9, -23.6
2010, 10.9, -23.6
2011, 10.9, -23.6
2012, 10.9, -23.6
2013, 10.9, -23.6
2014, 10.9, -23.6
2015, 10.9, -23.6
2016, 10.9, -23.5
2017, 10.9, -23.5
2018, 10.9, -23.5
2019, 10.9, -23.5
2020, 10.9, -23.5
2021, 10.9, -23.5
2022, 10.9, -23.5
2023, 10.9, -23.5
2024, 10.9, -23.5
2025, 10.9, -23.5
2026, 10.9, -23.5
2027, 10.9, -23.5
2028, 10.9, -23.5
2029, 10.9, -23.5
2030, 10.9, -23.5
2031, 10.9, -23.5
2032, 10.9, -23.5
2033, 10.9, -23.5
2034, 10.9, -23.5
2035, 10.9, -23.5
2036, 10.9, -23.5
2037, 10.9, -23.5
2038, 10.9, -23.5
2039, 10.9, -23.5
2040, 10.9, -23.5
2041, 10.9, -23.5
2042, 10.9, -23.5
2043, 10.9, -23.5
2044, 10.9, -23.5
2045, 10.9, -23.4
2046, 10.9, -23.4
2047, 10.9, -23.4
2048, 11.0, -23.4
2049, 11.0, -23.4
2050, 11.0, -23.4
2051, 11.0, -23.4
2052, 11.0, -23.4
2053, 11.0, -23.4
2054, 11.0, -23.4
2055, 11.0, -23.4
2056, 11.0, -23.4
2057, 11.0, -23.4
2058, 10.9, -23.4
2059, 10.9, -23.4
2060, 10.9, -23.4
2061, 10.9, -23.4
2062, 10.9, -23.4
2063, 10.9, -23.4
2064, 10.9, -23.4
2065, 10.9, -23.4
2066, 10.9, -23.4
2067, 10.9, -23.4
2068, 10.9, -23.3
2069, 10.9, -23.3
2070, 10.9, -23.3
2071, 10.8, -23.3
2072, 10.8, -23.3
2073, 10.8, -23.3
2074, 10.8, -23.3
2075, 10.8, -23.3
2076, 10.8, -23.3
2077, 10.8, -23.3
2078, 10.8, -23.3
2079, 10.8, -23.3
2080, 10.8, -23.3
2081, 10.8, -23.3
2082, 10.8, -23.3
2083, 10.8, -23.4
2084, 10.8, -23.4
2085, 10.9, -23.4
2086, 10.9, -23.4
2087, 10.9, -23.4
2088, 10.9, -23.5
2089, 10.9, -23.5
2090, 10.9, -23.5
2091, 10.9, -23.5
2092, 10.9, -23.5
2093, 10.9, -23.5
2094, 10.9, -23.5
2095, 10.9, -23.5
2096, 10.9, -23.4
2097, 10.9, -23.4
2098, 10.9, -23.4
2099, 10.9, -23.4
2100, 10.9, -23.4
2101, 10.9, -23.4
2102, 10.9, -23.4
2103, 10.9, -23.5
2104, 10.9, -23.5
2105, 10.9, -23.5
2106, 10.9, -23.5
2107, 10.9, -23.5
2108, 10.9, -23.5
2109, 10.9, -23.5
2110, 10.9, -23.5
2111, 10.9, -23.5
2112, 10.9, -23.5
2113, 10.9, -23.5
2114, 11.0, -23.6
2115, 11.0, -23.6
2116, 11.0, -23.6
2117, 11.0, -23.5
2118, 11.0, -23.5
2119, 11.0, -23.5
2120, 11.0, -23.5
2121, 11.0, -23.5
2122, 11.0, -23.5
2123, 11.0, -23.5
2124, 11.0, -23.5
2125, 11.0, -23.5
2126, 11.0, -23.6
2127, 11.0, -23.6
2128, 11.0, -23.6
2129, 11.0, -23.6
2130, 11.0, -23.6
2131, 11.0, -23.6
2132, 11.0, -23.6
2133, 11.0, -23.6
2134, 11.0, -23.5
2135, 11.0, -23.5
2136, 11.0, -23.5
2137, 11.0, -23.5
2138, 11.0, -23.5
2139, 11.0, -23.5
2140, 11.0, -23.5
2141, 11.0, -23.6
2142, 11.0, -23.6
2143, 11.0, -23.6
2144, 11.0, -23.6
2145, 11.0, -23.6
2146, 11.0, -23.6
2147, 11.0, -23.6
2148, 11.0, -23.6
2149, 10.9, -23.6
2150, 10.9, -23.5
2151, 10.8, -23.5
2152, 10.8, -23.5
2153, 10.8, -23.5
2154, 10.8, -23.5
2155, 10.8, -23.5
2156, 10.8, -23.5
2157, 10.8, -23.5
2158, 10.8, -23.5
2159, 10.8, -23.6
2160, 10.8, -23.6
2161, 10.9, -23.6
2162, 10.9, -23.6
2163, 10.9, -23.6
2164, 10.9, -23.6
2165, 10.9, -23.6
2166, 10.9, -23.6
2167, 10.9, -23.6
2168, 10.9, -23.6
2169, 10.9, -23.6
2170, 10.9, -23.6
2171, 10.9, -23.5
2172, 10.9, -23.5
2173, 10.9, -23.5
2174, 10.9, -23.5
2175, 10.9, -23.5
2176, 10.9, -23.5
2177, 11.0, -23.5
2178, 11.0, -23.5
2179, 11.0, -23.5
2180, 11.0, -23.5
2181, 11.0, -23.5
2182, 10.9, -23.5
2183, 10.9, -23.5
2184, 10.9, -23.5
2185, 10.9, -23.6
2186, 10.9, -23.6
2187, 10.9, -23.6
2188, 10.8, -23.6
2189, 10.8, -23.6
2190, 10.8, -23.6
2191, 10.8, -23.6
2192, 10.8, -23.6
2193, 10.8, -23.6
2194, 10.8, -23.6
2195, 10.8, -23.6
2196, 10.8, -23.6
2197, 10.8, -23.5
2198, 10.8, -23.5
2199, 10.8, -23.5
2200, 10.8, -23.5
2201, 10.8, -23.5
2202, 10.8, -23.5
2203, 10.8, -23.5
2204, 10.8, -23.5
2205, 10.8, -23.6
2206, 10.8, -23.6
2207, 10.9, -23.6
2208, 10.9, -23.6
2209, 10.9, -23.6
2210, 10.9, -23.6
2211, 10.9, -23.6
2212, 10.9, -23.6
2213, 10.9, -23.6
2214, 10.9, -23.6
2215, 10.9, -23.5
2216, 10.9, -23.5
2217, 10.9, -23.5
2218, 10.9, -23.5
2219, 10.9, -23.5
2220, 10.9, -23.5
2221, 10.9, -23.5
2222, 10.9, -23.5
2223, 10.9, -23.5
2224, 10.9, -23.5
2225, 10.9, -23.5
2226, 10.9, -23.5
2227, 10.9, -23.5
2228, 10.9, -23.5
2229, 10.9, -23.6
2230, 10.9, -23.6
2231, 10.9, -23.6
2232, 10.9, -23.6
2233, 10.9, -23.6
2234, 10.9, -23.6
2235, 10.9, -23.6
2236, 10.8, -23.6
2237, 10.8, -23.6
2238, 10.8, -23.6
2239, 10.8, -23.6
2240, 10.8, -23.6
2241, 10.9, -23.6
2242, 10.9, -23.6
2243, 10.9, -23.6
2244, 10.9, -23.6
2245, 10.9, -23.6
2246, 10.9, -23.6
2247, 11.0, -23.6
2248, 11.0, -23.6
2249, 11.0, -23.5
2250, 11.0, -23.5
2251, 11.0, -23.5
2252, 11.0, -23.5
2253, 11.0, -23.5
2254, 11.0, -23.5
2255, 11.0, -23.5
2256, 11.0, -23.5
2257, 11.0, -23.5
2258, 11.0, -23.5
2259, 11.0, -23.5
2260, 11.0, -23.5
2261, 11.0, -23.5
2262, 11.0, -23.5
2263, 11.0, -23.5
2264, 11.0, -23.5
2265, 11.0, -23.5
2266, 11.0, -23.6
2267, 11.0, -23.6
2268, 11.0, -23.6
2269, 11.0, -23.6
2270, 11.0, -23.6
2271, 11.0, -23.6
2272, 11.0, -23.6
2273, 11.0, -23.6
2274, 11.0, -23.6
2275, 11.0, -23.6
2276, 11.0, -23.6
2277, 11.0, -23.5
2278, 11.0, -23.5
2279, 11.0, -23.5
2280, 11.0, -23.4
2281, 11.0, -23.4
2282, 11.0, -23.4
2283, 11.0, -23.5
2284, 11.0, -23.5
2285, 11.0, -23.5
2286, 11.0, -23.5
2287, 11.0, -23.5
2288, 11.0, -23.5
2289, 11.0, -23.5
2290, 11.0, -23.5
2291, 11.0, -23.5
2292, 11.0, -23.5
2293, 11.0, -23.5
2294, 11.0, -23.5
2295, 11.0, -23.5
2296, 11.0, -23.6
2297, 11.0, -23.6
2298, 11.0, -23.5
2299, 11.0, -23.5
2300, 11.0, -23.5
2301, 11.0, -23.5
2302, 11.0, -23.4
2303, 11.0, -23.4
2304, 10.9, -23.4
2305, 10.9, -23.4
2306, 10.9, -23.4
2307, 10.9, -23.4
2308, 10.9, -23.4
2309, 10.9, -23.5
2310, 10.9, -23.5
2311, 10.9, -23.5
2312, 10.9, -23.5
2313, 10.9, -23.5
2314, 10.9, -23.5
2315, 10.9, -23.5
2316, 10.9, -23.5
2317, 10.9, -23.5
2318, 10.9, -23.5
2319, 10.9, -23.5
2320, 10.9, -23.5
2321, 10.9, -23.5
2322, 10.9, -23.5
2323, 10.9, -23.6
2324, 10.9, -23.6
2325, 10.9, -23.6
2326, 10.9, -23.6
2327, 10.9, -23.6
2328, 10.9, -23.6
2329, 10.9, -23.6
2330, 10.9, -23.6
2331, 10.9, -23.6
2332, 10.9, -23.6
2333, 10.9, -23.6
2334, 10.9, -23.6
2335, 10.9, -23.6
2336, 10.9, -23.6
2337, 10.9, -23.6
2338, 10.9, -23.6
2339, 10.9, -23.6
2340, 10.9, -23.6
2341, 10.9, -23.6
2342, 10.9, -23.6
2343, 10.9, -23.6
2344, 10.9, -23.6
2345, 10.9, -23.6
2346, 10.9, -23.6
2347, 10.9, -23.6
2348, 10.9, -23.6
2349, 10.9, -23.6
2350, 10.9, -23.7
2351, 10.9, -23.7
2352, 10.9, -23.7
2353, 10.9, -23.7
2354, 10.9, -23.7
2355, 10.9, -23.7
2356, 10.9, -23.7
2357, 10.9, -23.7
2358, 10.9, -23.7
2359, 11.0, -23.7
2360, 11.0, -23.7
2361, 11.0, -23.7
2362, 11.0, -23.7
2363, 11.0, -23.6
2364, 11.0, -23.6
2365, 11.0, -23.6
2366, 11.0, -23.6
2367, 11.0, -23.6
2368, 11.0, -23.6
2369, 11.0, -23.6
2370, 11.0, -23.6
2371, 11.0, -23.6
2372, 11.0, -23.6
2373, 11.0, -23.6
2374, 11.0, -23.6
2375, 11.0, -23.6
2376, 11.0, -23.6
2377, 11.0, -23.6
2378, 11.0, -23.6
2379, 11.0, -23.6
2380, 11.0, -23.6
2381, 11.0, -23.5
2382, 11.0, -23.5
2383, 11.0, -23.5
2384, 11.0, -23.5
2385, 11.0, -23.6
2386, 11.0, -23.6
2387, 11.0, -23.6
2388, 11.0, -23.6
2389, 11.0, -23.6
2390, 11.0, -23.6
2391, 11.0, -23.6
2392, 11.0, -23.6
2393, 11.0, -23.6
2394, 11.0, -23.7
2395, 11.0, -23.7
2396, 11.0, -23.7
2397, 11.0, -23.7
2398, 10.9, -23.5
2399, 10.9, -23.5
2400, 10.9, -23.5
2401, 10.9, -23.5
2402, 10.9, -23.5
2403, 10.9, -23.6
2404, 10.9, -23.6
2405, 10.9, -23.6
2406, 10.9, -23.6
2407, 10.9, -23.6
2408, 10.9, -23.6
2409, 10.9, -23.6
2410, 10.9, -23.6
2411, 10.9, -23.5
2412, 10.9, -23.5
2413, 10.9, -23.5
2414, 10.9, -23.5
2415, 10.9, -23.5
2416, 10.9, -23.5
2417, 10.9, -23.5
2418, 10.9, -23.5
2419, 10.9, -23.5
2420, 10.9, -23.5
2421, 10.9, -23.5
2422, 10.9, -23.5
2423, 10.9, -23.5
2424, 10.9, -23.5
2425, 10.9, -23.5
2426, 10.9, -23.5
2427, 10.9, -23.5
2428, 10.9, -23.5
2429, 10.9, -23.5
2430, 10.9, -23.5
2431, 10.9, -23.5
2432, 10.9, -23.5
2433, 10.9, -23.5
2434, 10.9, -23.5
2435, 10.9, -23.5
2436, 10.9, -23.5
2437, 10.9, -23.5
2438, 10.9, -23.5
2439, 10.9, -23.5
2440, 10.9, -23.5
2441, 10.9, -23.5
2442, 10.9, -23.4
2443, 10.9, -23.4
2444, 10.9, -23.4
2445, 10.9, -23.4
2446, 10.9, -23.4
2447, 10.9, -23.4
2448, 11.0, -23.4
2449, 11.0, -23.4
2450, 11.0, -23.4
2451, 11.0, -23.4
2452, 11.0, -23.4
2453, 11.0, -23.4
2454, 11.0, -23.4
2455, 11.0, -23.4
2456, 11.0, -23.4
2457, 11.0, -23.4
2458, 11.0, -23.4
2459, 11.0, -23.4
2460, 11.0, -23.4
2461, 11.0, -23.4
2462, 11.0, -23.4
2463, 11.0, -23.4
2464, 11.0, -23.5
2465, 11.0, -23.5
2466, 11.0, -23.5
2467, 11.0, -23.5
2468, 11.0, -23.5
2469, 11.0, -23.5
2470, 11.0, -23.5
2471, 11.0, -23.5
2472, 11.0, -23.5
2473, 11.0, -23.5
2474, 11.0, -23.5
2475, 11.0, -23.5
2476, 11.0, -23.5
2477, 11.0, -23.5
2478, 11.0, -23.5
2479, 11.0, -23.5
2480, 11.0, -23.5
2481, 11.0, -23.5
2482, 11.0, -23.5
2483, 11.0, -23.5
2484, 11.0, -23.5
2485, 11.0, -23.5
2486, 11.0, -23.5
2487, 11.0, -23.5
2488, 11.0, -23.5
2489, 11.0, -23.5
2490, 11.0, -23.5
2491, 11.0, -23.4
2492, 11.0, -23.4
2493, 11.0, -23.4
2494, 11.0, -23.4
2495, 11.0, -23.4
2496, 11.0, -23.4
2497, 11.0, -23.4
2498, 11.0, -23.4
2499, 11.0, -23.5
2500, 11.0, -23.5
2501, 11.0, -23.5
2502, 11.0, -23.5
2503, 10.9, -23.5
2504, 10.9, -23.5
2505, 10.9, -23.5
2506, 10.9, -23.5
2507, 10.9, -23.5
2508, 10.8, -23.6
2509, 10.8, -23.6
2510, 10.8, -23.6
2511, 10.8, -23.6
2512, 10.8, -23.6
2513, 10.8, -23.6
2514, 10.8, -23.6
2515, 10.8, -23.5
2516, 10.8, -23.5
2517, 10.8, -23.5
2518, 10.8, -23.5
2519, 10.8, -23.5
2520, 10.8, -23.5
2521, 10.8, -23.5
2522, 10.8, -23.5
2523, 10.8, -23.5
2524, 10.8, -23.5
2525, 10.8, -23.5
2526, 10.8, -23.5
2527, 10.8, -23.5
2528, 10.8, -23.5
2529, 10.8, -23.5
2530, 10.8, -23.4
2531, 10.8, -23.4
2532, 10.8, -23.4
2533, 10.8, -23.5
2534, 10.8, -23.5
2535, 10.8, -23.5
2536, 10.8, -23.5
2537, 10.8, -23.5
2538, 10.8, -23.5
2539, 10.8, -23.5
2540, 10.8, -23.5
2541, 10.8, -23.5
2542, 10.8, -23.5
2543, 10.8, -23.5
2544, 10.8, -23.5
2545, 10.8, -23.5
2546, 10.8, -23.5
2547, 10.7, -23.5
2548, 10.7, -23.6
2549, 10.7, -23.5
2550, 10.7, -23.5
2551, 10.7, -23.5
2552, 10.7, -23.5
2553, 10.7, -23.5
2554, 10.7, -23.5
2555, 10.7, -23.5
2556, 10.7, -23.5
2557, 10.7, -23.6
2558, 10.7, -23.6
2559, 10.7, -23.6
2560, 10.7, -23.6
2561, 10.7, -23.6
2562, 10.7, -23.6
2563, 10.7, -23.6
2564, 10.7, -23.6
2565, 10.7, -23.6
2566, 10.7, -23.6
2567, 10.8, -23.6
2568, 10.8, -23.5
2569, 10.8, -23.5
2570, 10.8, -23.5
2571, 10.8, -23.5
2572, 10.8, -23.5
2573, 10.8, -23.5
2574, 10.8, -23.5
2575, 10.8, -23.5
2576, 10.8, -23.5
2577, 10.8, -23.5
2578, 10.8, -23.5
2579, 10.8, -23.5
2580, 10.8, -23.5
2581, 10.9, -23.5
2582, 10.9, -23.4
2583, 10.9, -23.4
2584, 10.9, -23.4
2585, 10.9, -23.4
2586, 10.9, -23.5
2587, 10.9, -23.5
2588, 10.8, -23.5
2589, 10.8, -23.5
2590, 10.9, -23.5
2591, 10.9, -23.5
2592, 10.9, -23.5
2593, 10.9, -23.5
2594, 10.9, -23.5
2595, 10.9, -23.5
2596, 10.9, -23.5
2597, 10.9, -23.5
2598, 10.9, -23.5
2599, 10.9, -23.5
2600, 10.9, -23.5
2601, 10.9, -23.5
2602, 10.9, -23.5
2603, 10.9, -23.5
2604, 10.9, -23.5
2605, 10.9, -23.5
2606, 10.9, -23.5
2607, 10.9, -23.5
2608, 10.9, -23.5
2609, 10.9, -23.5
2610, 10.9, -23.5
2611, 10.9, -23.4
2612, 10.9, -23.4
2613, 10.9, -23.4
2614, 10.9, -23.4
2615, 10.9, -23.4
2616, 10.9, -23.4
2617, 10.9, -23.4
2618, 10.9, -23.4
2619, 10.9, -23.4
2620, 10.9, -23.4
2621, 10.9, -23.4
2622, 10.9, -23.4
2623, 10.9, -23.4
2624, 10.9, -23.4
2625, 10.9, -23.4
2626, 10.9, -23.4
2627, 10.9, -23.5
2628, 10.9, -23.4
2629, 10.9, -23.4
2630, 10.9, -23.4
2631, 10.9, -23.4
2632, 10.9, -23.4
2633, 10.9, -23.5
2634, 10.9, -23.5
2635, 10.9, -23.5
2636, 10.9, -23.5
2637, 10.9, -23.5
2638, 10.9, -23.5
2639, 10.9, -23.5
2640, 10.9, -23.5
2641, 10.9, -23.5
2642, 10.9, -23.5
2643, 10.9, -23.5
2644, 10.9, -23.5
2645, 10.9, -23.5
2646, 10.9, -23.5
2647, 10.9, -23.5
2648, 10.9, -23.5
2649, 10.9, -23.5
2650, 10.9, -23.5
2651, 10.9, -23.5
2652, 10.9, -23.5
2653, 10.9, -23.6
2654, 10.9, -23.6
2655, 10.9, -23.6
2656, 10.9, -23.6
2657, 10.9, -23.6
2658, 10.9, -23.6
2659, 10.9, -23.6
2660, 10.9, -23.6
2661, 10.9, -23.6
2662, 10.9, -23.6
2663, 10.9, -23.5
2664, 10.9, -23.5
2665, 10.9, -23.5
2666, 10.9, -23.5
2667, 10.9, -23.5
2668, 10.9, -23.5
2669, 10.9, -23.5
2670, 10.9, -23.5
2671, 10.9, -23.5
2672, 10.9, -23.5
2673, 10.9, -23.5
2674, 10.9, -23.5
2675, 10.9, -23.5
2676, 10.9, -23.5
2677, 10.9, -23.5
2678, 10.9, -23.5
2679, 10.9, -23.5
2680, 10.9, -23.4
2681, 10.9, -23.4
2682, 10.9, -23.4
2683, 10.9, -23.4
2684, 10.9, -23.5
2685, 10.9, -23.5
2686, 10.9, -23.5
2687, 10.9, -23.5
2688, 10.9, -23.5
2689, 10.9, -23.5
2690, 10.9, -23.5
2691, 10.9, -23.5
2692, 10.9, -23.5
2693, 10.9, -23.6
2694, 10.9, -23.6
2695, 10.9, -23.6
2696, 10.9, -23.6
2697, 10.9, -23.6
2698, 10.9, -23.6
2699, 10.9, -23.6
2700, 11.0, -23.6
2701, 11.0, -23.6
2702, 11.0, -23.6
2703, 11.0, -23.6
2704, 11.0, -23.6
2705, 11.0, -23.5
2706, 11.0, -23.5
2707, 11.0, -23.5
2708, 11.0, -23.5
2709, 11.0, -23.4
2710, 11.0, -23.4
2711, 11.0, -23.4
2712, 11.0, -23.4
2713, 11.0, -23.4
2714, 11.0, -23.4
2715, 11.0, -23.4
2716, 11.0, -23.4
2717, 11.0, -23.4
2718, 11.0, -23.4
2719, 11.0, -23.4
2720, 11.0, -23.4
2721, 11.0, -23.4
2722, 11.0, -23.4
2723, 11.0, -23.4
2724, 11.0, -23.4
2725, 11.0, -23.4
2726, 11.0, -23.4
2727, 11.0, -23.4
2728, 11.0, -23.4
2729, 11.0, -23.4
2730, 11.0, -23.4
2731, 11.0, -23.4
2732, 11.0, -23.5
2733, 11.0, -23.5
2734, 11.0, -23.5
2735, 11.0, -23.5
2736, 11.0, -23.6
2737, 11.0, -23.5
2738, 11.0, -23.5
2739, 11.0, -23.5
2740, 11.0, -23.5
2741, 11.0, -23.5
2742, 11.0, -23.5
2743, 11.1, -23.5
2744, 11.1, -23.5
2745, 11.1, -23.5
2746, 11.1, -23.5
2747, 11.1, -23.5
2748, 11.0, -23.5
2749, 11.0, -23.5
2750, 11.0, -23.5
2751, 11.0, -23.5
2752, 11.0, -23.5
2753, 11.0, -23.5
2754, 11.0, -23.5
2755, 11.0, -23.5
2756, 11.0, -23.5
2757, 11.0, -23.5
2758, 11.0, -23.5
2759, 10.9, -23.5
2760, 10.9, -23.5
2761, 10.9, -23.5
2762, 10.9, -23.5
2763, 10.9, -23.5
2764, 10.9, -23.4
2765, 10.9, -23.4
2766, 10.9, -23.4
2767, 10.9, -23.4
2768, 10.9, -23.4
2769, 10.9, -23.4
2770, 10.9, -23.4
2771, 10.9, -23.4
2772, 10.9, -23.4
2773, 10.9, -23.4
2774, 10.9, -23.4
2775, 10.9, -23.4
2776, 10.9, -23.5
2777, 10.9, -23.5
2778, 10.9, -23.5
2779, 10.9, -23.5
2780, 10.9, -23.5
2781, 10.9, -23.4
2782, 10.9, -23.4
2783, 10.9, -23.4
2784, 10.9, -23.4
2785, 11.0, -23.4
2786, 10.9, -23.4
2787, 10.9, -23.4
2788, 10.9, -23.5
2789, 10.9, -23.5
2790, 10.9, -23.5
2791, 10.9, -23.5
2792, 10.9, -23.5
2793, 10.9, -23.5
2794, 10.9, -23.5
2795, 10.9, -23.5
2796, 10.9, -23.5
2797, 10.9, -23.5
2798, 10.9, -23.5
2799, 10.9, -23.6
2800, 10.9, -23.6
2801, 10.9, -23.6
2802, 10.9, -23.6
2803, 10.9, -23.6
2804, 10.9, -23.6
2805, 10.9, -23.6
2806, 10.9, -23.6
2807, 10.9, -23.6
2808, 10.9, -23.6
2809, 10.9, -23.6
2810, 10.9, -23.6
2811, 10.9, -23.6
2812, 10.9, -23.6
2813, 10.9, -23.6
2814, 10.9, -23.6
2815, 11.0, -23.6
2816, 11.0, -23.6
2817, 11.0, -23.6
2818, 11.0, -23.6
2819, 10.9, -23.6
2820, 10.9, -23.6
2821, 10.9, -23.6
2822, 10.9, -23.5
2823, 10.9, -23.5
2824, 10.9, -23.5
2825, 10.9, -23.5
2826, 10.9, -23.5
2827, 10.9, -23.5
2828, 10.9, -23.5
2829, 10.9, -23.5
2830, 10.9, -23.5
2831, 10.9, -23.5
2832, 10.9, -23.5
2833, 10.9, -23.5
2834, 10.9, -23.5
2835, 10.9, -23.5
2836, 10.9, -23.5
2837, 10.9, -23.5
2838, 10.9, -23.5
2839, 10.9, -23.5
2840, 10.9, -23.5
2841, 10.9, -23.5
2842, 10.9, -23.5
2843, 10.9, -23.5
2844, 10.9, -23.5
2845, 10.9, -23.5
2846, 10.9, -23.5
2847, 11.0, -23.5
2848, 11.0, -23.5
2849, 11.0, -23.5
2850, 11.0, -23.4
2851, 11.0, -23.4
2852, 11.0, -23.4
2853, 11.0, -23.4
2854, 11.0, -23.4
2855, 11.0, -23.4
2856, 11.0, -23.4
2857, 11.0, -23.4
2858, 11.0, -23.4
2859, 11.0, -23.4
2860, 11.0, -23.4
2861, 11.0, -23.4
2862, 11.0, -23.4
2863, 11.0, -23.4
2864, 11.0, -23.4
2865, 11.0, -23.4
2866, 11.0, -23.4
2867, 11.0, -23.5
2868, 11.0, -23.5
2869, 11.0, -23.5
2870, 11.0, -23.5
2871, 11.0, -23.5
2872, 11.0, -23.5
2873, 11.0, -23.5
2874, 11.0, -23.5
2875, 11.0, -23.5
2876, 11.0, -23.5
2877, 11.0, -23.5
2878, 11.0, -23.5
2879, 11.0, -23.5
2880, 11.0, -23.5
2881, 11.0, -23.5
2882, 11.0, -23.5
2883, 11.0, -23.5
2884, 10.9, -23.5
2885, 10.9, -23.6
2886, 10.9, -23.6
2887, 10.9, -23.6
2888, 10.9, -23.6
2889, 10.9, -23.6
2890, 10.9, -23.6
2891, 10.9, -23.6
2892, 10.9, -23.6
2893, 10.9, -23.6
2894, 10.9, -23.6
2895, 10.9, -23.6
2896, 10.9, -23.6
2897, 10.9, -23.6
2898, 10.9, -23.6
2899, 10.9, -23.6
2900, 10.9, -23.6
2901, 10.9, -23.6
2902, 10.9, -23.6
2903, 11.0, -23.6
2904, 11.0, -23.6
2905, 11.0, -23.6
2906, 11.0, -23.6
2907, 11.0, -23.6
2908, 11.0, -23.6
2909, 11.0, -23.6
2910, 11.0, -23.6
2911, 11.0, -23.6
2912, 11.0, -23.6
2913, 11.0, -23.6
2914, 11.0, -23.6
2915, 11.0, -23.6
2916, 11.0, -23.6
2917, 11.0, -23.6
2918, 11.0, -23.5
2919, 11.0, -23.5
2920, 11.0, -23.5
2921, 11.0, -23.5
2922, 11.0, -23.5
2923, 11.0, -23.6
2924, 11.0, -23.6
2925, 11.0, -23.6
2926, 11.0, -23.6
2927, 11.0, -23.6
2928, 11.0, -23.6
2929, 11.0, -23.6
2930, 11.0, -23.6
2931, 11.0, -23.6
2932, 11.0, -23.6
2933, 11.0, -23.6
2934, 11.0, -23.6
2935, 11.0, -23.6
2936, 11.0, -23.6
2937, 11.0, -23.6
2938, 11.0, -23.6
2939, 11.0, -23.5
2940, 11.0, -23.5
2941, 11.0, -23.5
2942, 11.0, -23.5
2943, 11.0, -23.5
2944, 11.0, -23.5
2945, 11.0, -23.5
2946, 11.0, -23.5
2947, 11.0, -23.5
2948, 11.0, -23.5
2949, 11.0, -23.5
2950, 11.0, -23.5
2951, 11.0, -23.5
2952, 11.0, -23.6
2953, 11.0, -23.6
2954, 11.0, -23.6
2955, 11.0, -23.6
2956, 11.0, -23.5
2957, 11.0, -23.5
2958, 11.0, -23.5
2959, 11.0, -23.5
2960, 11.0, -23.4
2961, 11.0, -23.4
2962, 11.0, -23.4
2963, 11.0, -23.4
2964, 11.0, -23.4
2965, 11.0, -23.4
2966, 11.0, -23.4
2967, 11.0, -23.4
2968, 11.0, -23.4
2969, 11.0, -23.4
2970, 11.0, -23.4
2971, 11.0, -23.4
2972, 11.0, -23.4
2973, 11.0, -23.4
2974, 11.0, -23.4
2975, 11.0, -23.4
2976, 11.0, -23.4
2977, 11.0, -23.4
2978, 11.0, -23.4
2979, 11.0, -23.4
2980, 11.0, -23.4
2981, 11.0, -23.4
2982, 11.0, -23.5
2983, 11.0, -23.5
2984, 10.9, -23.5
2985, 10.9, -23.5
2986, 10.9, -23.5
2987, 10.9, -23.5
2988, 10.9, -23.5
2989, 10.9, -23.5
2990, 10.9, -23.5
2991, 10.9, -23.5
2992, 10.9, -23.5
2993, 10.9, -23.5
2994, 10.9, -23.5
2995, 10.9, -23.5
2996, 10.9, -23.5
2997, 10.9, -23.5
2998, 10.9, -23.5
2999, 10.9, -23.5
3000, 10.9, -23.6
3001, 10.9, -23.6
3002, 10.9, -23.6
3003, 10.9, -23.6
3004, 10.9, -23.5
3005, 10.9, -23.5
3006, 10.9, -23.5
3007, 10.9, -23.5
3008, 10.9, -23.5
3009, 10.9, -23.5
3010, 10.8, -23.5
3011, 10.8, -23.5
3012, 10.8, -23.5
3013, 10.8, -23.5
3014, 10.8, -23.6
3015, 10.8, -23.6
3016, 10.8, -23.6
3017, 10.8, -23.5
3018, 10.8, -23.5
3019, 10.8, -23.5
3020, 10.8, -23.5
3021, 10.8, -23.5
3022, 10.8, -23.5
3023, 10.9, -23.5
3024, 10.9, -23.5
3025, 10.9, -23.5
3026, 10.9, -23.5
3027, 10.9, -23.5
3028, 10.9, -23.5
3029, 10.9, -23.5
3030, 10.9, -23.6
3031, 10.9, -23.6
3032, 11.0, -23.6
3033, 11.0, -23.6
3034, 11.0, -23.6
3035, 11.0, -23.6
3036, 11.0, -23.6
3037, 11.0, -23.6
3038, 11.0, -23.6
3039, 11.0, -23.6
3040, 11.0, -23.6
3041, 11.0, -23.6
3042, 11.0, -23.6
3043, 11.0, -23.6
3044, 11.0, -23.6
3045, 11.0, -23.6
3046, 11.0, -23.6
3047, 11.0, -23.6
3048, 11.0, -23.6
3049, 11.0, -23.6
3050, 11.0, -23.6
3051, 11.0, -23.6
3052, 11.0, -23.6
3053, 11.0, -23.6
3054, 11.0, -23.6
3055, 11.0, -23.6
3056, 10.9, -23.6
3057, 10.9, -23.6
3058, 10.9, -23.6
3059, 10.9, -23.6
3060, 10.9, -23.6
3061, 10.9, -23.6
3062, 10.9, -23.6
3063, 10.9, -23.6
3064, 10.9, -23.6
3065, 10.9, -23.6
3066, 10.9, -23.6
3067, 10.9, -23.6
3068, 10.8, -23.6
3069, 10.8, -23.6
3070, 10.9, -23.6
3071, 10.9, -23.6
3072, 10.9, -23.6
3073, 10.9, -23.6
3074, 10.9, -23.6
3075, 10.9, -23.6
3076, 10.9, -23.6
3077, 10.9, -23.6
3078, 10.9, -23.6
3079, 10.9, -23.6
3080, 10.9, -23.6
3081, 10.9, -23.6
3082, 10.9, -23.7
3083, 10.9, -23.7
3084, 11.0, -23.7
3085, 11.0, -23.7
3086, 11.0, -23.6
3087, 11.0, -23.6
3088, 11.0, -23.6
3089, 11.0, -23.6
3090, 11.0, -23.6
3091, 11.0, -23.6
3092, 11.0, -23.6
3093, 11.0, -23.6
3094, 11.0, -23.6
3095, 11.0, -23.6
3096, 11.0, -23.6
3097, 11.0, -23.6
3098, 11.0, -23.6
3099, 11.0, -23.6
3100, 11.0, -23.6
3101, 10.9, -23.6
3102, 10.9, -23.6
3103, 10.9, -23.7
3104, 10.9, -23.7
3105, 10.9, -23.7
3106, 10.9, -23.7
3107, 10.9, -23.7
3108, 10.9, -23.7
3109, 10.9, -23.6
3110, 10.9, -23.6
3111, 10.9, -23.6
3112, 10.9, -23.6
3113, 10.9, -23.6
3114, 10.9, -23.5
3115, 10.9, -23.5
3116, 10.9, -23.5
3117, 10.9, -23.5
3118, 10.9, -23.5
3119, 10.9, -23.5
3120, 10.9, -23.5
3121, 10.9, -23.5
3122, 10.9, -23.5
3123, 10.9, -23.5
3124, 10.9, -23.5
3125, 10.9, -23.5
3126, 10.9, -23.5
3127, 10.9, -23.6
3128, 10.9, -23.6
3129, 10.9, -23.6
3130, 10.9, -23.6
3131, 10.9, -23.6
3132, 10.9, -23.6
3133, 10.9, -23.6
3134, 10.9, -23.6
3135, 10.9, -23.6
3136, 10.9, -23.6
3137, 10.9, -23.6
3138, 10.9, -23.6
3139, 10.9, -23.6
3140, 10.9, -23.6
3141, 10.9, -23.6
3142, 10.9, -23.6
3143, 10.9, -23.6
3144, 10.9, -23.6
3145, 10.9, -23.6
3146, 10.9, -23.6
3147, 10.9, -23.6
3148, 10.9, -23.6
3149, 10.9, -23.6
3150, 10.9, -23.6
3151, 10.9, -23.6
3152, 10.9, -23.5
3153, 10.9, -23.5
3154, 10.9, -23.5
3155, 10.9, -23.5
3156, 10.9, -23.5
3157, 10.9, -23.5
3158, 10.9, -23.5
3159, 10.9, -23.5
3160, 10.9, -23.5
3161, 10.9, -23.5
3162, 10.9, -23.5
3163, 10.9, -23.5
3164, 10.9, -23.6
3165, 10.9, -23.6
3166, 10.9, -23.6
3167, 10.9, -23.5
3168, 10.9, -23.5
3169, 10.9, -23.5
3170, 10.9, -23.5
3171, 10.9, -23.5
3172, 10.9, -23.5
3173, 10.9, -23.5
3174, 10.9, -23.5
3175, 10.9, -23.5
3176, 10.9, -23.5
3177, 10.9, -23.5
3178, 10.9, -23.5
3179, 10.9, -23.5
3180, 10.9, -23.5
3181, 10.9, -23.5
3182, 10.9, -23.5
3183, 10.9, -23.6
3184, 10.9, -23.6
3185, 10.9, -23.6
3186, 10.9, -23.6
3187, 10.9, -23.6
3188, 10.9, -23.5
3189, 10.9, -23.5
3190, 10.9, -23.5
3191, 10.9, -23.5
3192, 10.9, -23.5
3193, 10.9, -23.5
3194, 10.9, -23.5
3195, 10.9, -23.5
3196, 10.9, -23.5
3197, 10.9, -23.5
3198, 10.9, -23.6
3199, 10.9, -23.6
3200, 10.9, -23.6
3201, 10.9, -23.6
3202, 10.9, -23.6
3203, 10.9, -23.6
3204, 10.9, -23.6
3205, 10.9, -23.6
3206, 10.9, -23.6
3207, 11.0, -23.6
3208, 11.0, -23.6
3209, 11.0, -23.6
3210, 11.0, -23.6
3211, 11.0, -23.6
3212, 11.0, -23.6
3213, 11.0, -23.6
3214, 11.0, -23.6
3215, 11.0, -23.6
3216, 11.0, -23.6
3217, 11.0, -23.6
3218, 11.0, -23.6
3219, 11.0, -23.6
3220, 11.0, -23.5
3221, 11.0, -23.5
3222, 11.0, -23.5
3223, 11.0, -23.5
3224, 11.0, -23.4
3225, 11.0, -23.4
3226, 11.0, -23.4
3227, 11.0, -23.4
3228, 11.0, -23.4
3229, 11.0, -23.4
3230, 11.0, -23.4
3231, 11.0, -23.4
3232, 11.0, -23.4
3233, 11.0, -23.4
3234, 11.0, -23.4
3235, 11.0, -23.4
3236, 11.0, -23.4
3237, 11.0, -23.5
3238, 11.0, -23.5
3239, 11.0, -23.5
3240, 11.0, -23.5
3241, 11.0, -23.6
3242, 11.0, -23.6
3243, 11.0, -23.6
3244, 11.0, -23.6
3245, 11.0, -23.6
3246, 11.0, -23.5
3247, 10.9, -23.5
3248, 10.9, -23.5
3249, 10.9, -23.5
3250, 10.9, -23.5
3251, 10.9, -23.5
3252, 10.9, -23.5
3253, 10.9, -23.5
3254, 10.9, -23.5
3255, 10.9, -23.5
3256, 10.9, -23.5
3257, 10.9, -23.5
3258, 10.9, -23.5
3259, 10.9, -23.5
3260, 10.9, -23.5
3261, 10.9, -23.5
3262, 10.9, -23.5
3263, 10.9, -23.5
3264, 0.0, -23.5
3265, 0.0, 0.0
3266, 0.0, 0.0
3267, 0.0, 0.0
3268, 0.0, 0.0
3269, 0.0, 0.0
3270, 0.0, 0.0
3271, 0.0, 0.0
3272, 0.0, -0.10000000000000142
3273, 0.0, -0.10000000000000142
3274, 0.0, -0.10000000000000142
3275, 0.0, -0.10000000000000142
3276, 0.0, -0.10000000000000142
3277, 0.0, -0.10000000000000142
3278, 0.0, -0.10000000000000142
3279, 0.0, -0.10000000000000142
3280, 0.0, -0.10000000000000142
3281, 0.0, -0.10000000000000142
3282, 0.0, -0.10000000000000142
3283, 0.0, -0.10000000000000142
3284, 0.0, -0.10000000000000142
3285, 0.0, -0.10000000000000142
3286, 0.0, -0.10000000000000142
3287, 0.0, -0.10000000000000142
3288, 0.0, -0.10000000000000142
3289, 0.0, -0.10000000000000142
3290, 0.0, -0.10000000000000142
3291, 0.0, -0.10000000000000142
3292, 0.0, -0.10000000000000142
3293, 0.0, -0.10000000000000142
3294, -0.09999999999999964, -0.10000000000000142
3295, -0.09999999999999964, -0.10000000000000142
3296, -0.09999999999999964, -0.10000000000000142
3297, -0.09999999999999964, -0.10000000000000142
3298, -0.09999999999999964, -0.10000000000000142
3299, -0.09999999999999964, -0.10000000000000142
3300, -0.09999999999999964, -0.10000000000000142
3301, -0.09999999999999964, -0.10000000000000142
3302, -0.09999999999999964, -0.10000000000000142
3303, -0.09999999999999964, 0.0
3304, -0.09999999999999964, 0.0
3305, -0.09999999999999964, 0.0
3306, -0.09999999999999964, 0.0
3307, -0.09999999999999964, 0.0
3308, -0.09999999999999964, 0.0
3309, -0.09999999999999964, 0.0
3310, -0.09999999999999964, 0.0
3311, -0.09999999999999964, 0.0
3312, 0.0, 0.0
3313, 0.0, 0.0
3314, 0.0, 0.0
3315, 0.0, 0.0
3316, 0.0, 0.0
3317, 0.0, 0.0
3318, 0.0, 0.0
3319, 0.09999999999999964, 0.0
3320, 0.09999999999999964, 0.0
3321, 0.0, 0.0
3322, 0.0, -0.10000000000000142
3323, 0.0, -0.10000000000000142
3324, 0.0, -0.10000000000000142
3325, 0.0, -0.10000000000000142
3326, 0.0, 0.0
3327, 0.0, 0.0
3328, 0.0, 0.0
3329, 0.0, 0.0
3330, 0.0, 0.0
3331, 0.0, 0.0
3332, 0.0, 0.0
3333, 0.0, 0.0
3334, 0.0, 0.0
3335, 0.0, 0.0
3336, 0.0, 0.0
3337, 0.0, 0.0
3338, 0.0, 0.0
3339, 0.0, 0.0
3340, 0.0, 0.0
3341, 0.0, 0.0
3342, 0.0, 0.0
3343, 0.0, 0.0
3344, 0.0, 0.0
3345, 0.0, 0.0
3346, 0.0, 0.0
3347, 0.0, 0.0
3348, 0.0, 0.0
3349, 0.0, 0.0
3350, 0.0, 0.0
3351, 0.0, 0.0
3352, 0.0, 0.10000000000000142
3353, 0.0, 0.0
3354, 0.0, 0.0
3355, 0.0, 0.0
3356, 0.0, 0.0
3357, 0.0, 0.0
3358, 0.0, 0.0
3359, 0.0, 0.0
3360, 0.0, 0.0
3361, 0.0, 0.0
3362, 0.0, 0.0
3363, 0.0, 0.0
3364, 0.0, 0.0
3365, 0.0, 0.0
3366, 0.0, 0.0
3367, 0.0, 0.0
3368, 0.0, 0.0
3369, 0.0, 0.0
3370, 0.0, 0.0
3371, 0.0, 0.0
3372, 0.0, 0.0
3373, 0.0, 0.0
3374, 0.0, 0.0
3375, 0.0, 0.0
3376, 0.0, 0.0
3377, 0.0, 0.0
3378, 0.09999999999999964, 0.0
3379, 0.09999999999999964, 0.0
3380, 0.09999999999999964, 0.0
3381, 0.09999999999999964, 0.0
3382, 0.09999999999999964, 0.0
3383, 0.09999999999999964, 0.0
3384, 0.09999999999999964, -0.10000000000000142
3385, 0.09999999999999964, -0.10000000000000142
3386, 0.09999999999999964, -0.10000000000000142
3387, 0.09999999999999964, -0.10000000000000142
3388, 0.09999999999999964, -0.10000000000000142
3389, 0.09999999999999964, -0.10000000000000142
3390, 0.09999999999999964, -0.10000000000000142
3391, 0.09999999999999964, -0.10000000000000142
3392, 0.09999999999999964, -0.10000000000000142
3393, 0.09999999999999964, -0.10000000000000142
3394, 0.09999999999999964, -0.10000000000000142
3395, 0.09999999999999964, -0.10000000000000142
3396, 0.09999999999999964, -0.10000000000000142
3397, 0.09999999999999964, -0.10000000000000142
3398, 0.09999999999999964, -0.10000000000000142
3399, 0.09999999999999964, -0.10000000000000142
3400, 0.09999999999999964, -0.10000000000000142
3401, 0.09999999999999964, -0.10000000000000142
3402, 0.09999999999999964, -0.10000000000000142
3403, 0.09999999999999964, -0.10000000000000142
3404, 0.09999999999999964, -0.10000000000000142
3405, 0.09999999999999964, -0.10000000000000142
3406, 0.0, -0.10000000000000142
3407, 0.0, -0.10000000000000142
3408, 0.0, -0.10000000000000142
3409, 0.0, -0.10000000000000142
3410, 0.0, -0.10000000000000142
3411, 0.0, -0.10000000000000142
3412, 0.0, -0.10000000000000142
3413, 0.0, -0.10000000000000142
3414, 0.0, -0.10000000000000142
3415, 0.0, -0.10000000000000142
3416, 0.0, -0.10000000000000142
3417, 0.0, -0.10000000000000142
3418, 0.0, -0.10000000000000142
3419, 0.0, -0.10000000000000142
3420, 0.0, -0.10000000000000142
3421, 0.0, -0.10000000000000142
3422, 0.0, 0.0
3423, 0.0, 0.0
3424, 0.0, 0.0
3425, 0.0, 0.0
3426, 0.0, 0.0
3427, 0.0, 0.0
3428, 0.0, 0.0
3429, 0.0, -0.10000000000000142
3430, 0.0, -0.10000000000000142
3431, 0.0, -0.10000000000000142
3432, 0.0, -0.10000000000000142
3433, 0.0, -0.10000000000000142
3434, 0.0, -0.10000000000000142
3435, 0.0, -0.10000000000000142
3436, 0.0, -0.10000000000000142
3437, 0.0, -0.10000000000000142
3438, 0.0, -0.10000000000000142
3439, 0.0, -0.10000000000000142
3440, 0.0, -0.10000000000000142
3441, 0.0, 0.0
3442, 0.0, 0.0
3443, 0.0, 0.0
3444, 0.0, 0.0
3445, 0.0, 0.0
3446, 0.0, 0.0
3447, 0.0, 0.0
3448, 0.0, 0.0
3449, 0.0, 0.0
3450, 0.0, 0.0
3451, 0.0, 0.0
3452, 0.0, 0.0
3453, 0.0, 0.0
3454, 0.0, 0.0
3455, 0.0, 0.0
3456, 0.0, 0.0
3457, 0.0, 0.0
3458, 0.0, 0.0
3459, 0.0, 0.10000000000000142
3460, 0.0, 0.0
3461, 0.0, 0.0
3462, 0.0, 0.0
3463, 0.0, 0.0
3464, 0.0, 0.0
3465, 0.09999999999999964, 0.0
3466, 0.09999999999999964, 0.0
3467, 0.09999999999999964, 0.0
3468, 0.09999999999999964, 0.0
3469, 0.09999999999999964, 0.0
3470, 0.09999999999999964, 0.0
3471, 0.09999999999999964, 0.0
3472, 0.09999999999999964, 0.0
3473, 0.09999999999999964, 0.0
3474, 0.0, 0.0
3475, 0.0, 0.0
3476, 0.0, 0.0
3477, 0.0, 0.0
3478, 0.0, 0.0
3479, 0.0, 0.0
3480, 0.0, 0.10000000000000142
3481, 0.0, 0.10000000000000142
3482, 0.0, 0.10000000000000142
3483, 0.0, 0.10000000000000142
3484, 0.0, 0.10000000000000142
3485, 0.0, 0.10000000000000142
3486, 0.0, 0.0
3487, 0.0, 0.0
3488, 0.0, 0.0
3489, 0.0, 0.0
3490, 0.0, 0.0
3491, 0.0, 0.0
3492, 0.0, 0.0
3493, 0.0, 0.0
3494, 0.0, 0.0
3495, 0.0, 0.0
3496, 0.0, 0.0
3497, 0.0, 0.10000000000000142
3498, 0.0, 0.10000000000000142
3499, 0.0, 0.10000000000000142
3500, 0.0, 0.0
3501, 0.09999999999999964, 0.0
3502, 0.09999999999999964, 0.0
3503, 0.09999999999999964, 0.0
3504, 0.09999999999999964, 0.0
3505, 0.09999999999999964, 0.0
3506, 0.09999999999999964, 0.0
3507, 0.09999999999999964, 0.0
3508, 0.09999999999999964, 0.0
3509, 0.09999999999999964, 0.0
3510, 0.09999999999999964, 0.0
3511, 0.09999999999999964, -0.10000000000000142
3512, 0.09999999999999964, -0.10000000000000142
3513, 0.09999999999999964, -0.10000000000000142
3514, 0.09999999999999964, 0.0
3515, 0.09999999999999964, 0.0
3516, 0.09999999999999964, 0.0
3517, 0.09999999999999964, 0.0
3518, 0.09999999999999964, 0.0
3519, 0.09999999999999964, 0.0
3520, 0.09999999999999964, 0.0
3521, 0.09999999999999964, 0.0
3522, 0.09999999999999964, 0.0
3523, 0.0, 0.0
3524, 0.0, 0.0
3525, 0.0, 0.0
3526, 0.0, 0.0
3527, 0.0, 0.0
3528, 0.0, 0.0
3529, 0.0, 0.0
3530, 0.0, 0.0
3531, 0.0, 0.0
3532, 0.0, 0.10000000000000142
3533, 0.0, 0.10000000000000142
3534, 0.0, 0.10000000000000142
3535, 0.0, 0.10000000000000142
3536, 0.0, 0.10000000000000142
3537, 0.0, 0.10000000000000142
3538, 0.0, 0.10000000000000142
3539, 0.0, 0.10000000000000142
3540, -0.09999999999999964, 0.10000000000000142
3541, -0.09999999999999964, 0.10000000000000142
3542, -0.09999999999999964, 0.10000000000000142
3543, -0.09999999999999964, 0.10000000000000142
3544, -0.09999999999999964, 0.10000000000000142
3545, -0.09999999999999964, 0.10000000000000142
3546, -0.09999999999999964, 0.0
3547, 0.0, 0.0
3548, 0.0, 0.0
3549, 0.0, 0.0
3550, 0.0, 0.0
3551, 0.09999999999999964, 0.0
3552, 0.09999999999999964, 0.0
3553, 0.09999999999999964, 0.0
3554, 0.09999999999999964, 0.0
3555, 0.09999999999999964, 0.0
3556, 0.09999999999999964, 0.0
3557, 0.09999999999999964, 0.0
3558, 0.09999999999999964, 0.0
3559, 0.09999999999999964, 0.0
3560, 0.09999999999999964, 0.0
3561, 0.1999999999999993, 0.0
3562, 0.1999999999999993, 0.0
3563, 0.1999999999999993, 0.0
3564, 0.1999999999999993, 0.0
3565, 0.1999999999999993, 0.0
3566, 0.1999999999999993, 0.0
3567, 0.09999999999999964, 0.0
3568, 0.09999999999999964, 0.0
3569, 0.09999999999999964, 0.0
3570, 0.09999999999999964, 0.0
3571, 0.09999999999999964, 0.0
3572, 0.09999999999999964, 0.0
3573, 0.09999999999999964, -0.10000000000000142
3574, 0.09999999999999964, -0.10000000000000142
3575, 0.09999999999999964, -0.10000000000000142
3576, 0.09999999999999964, -0.10000000000000142
3577, 0.09999999999999964, -0.10000000000000142
3578, 0.09999999999999964, -0.10000000000000142
3579, 0.09999999999999964, -0.10000000000000142
3580, 0.09999999999999964, -0.10000000000000142
3581, 0.09999999999999964, -0.10000000000000142
3582, 0.09999999999999964, -0.10000000000000142
3583, 0.09999999999999964, -0.10000000000000142
3584, 0.09999999999999964, -0.10000000000000142
3585, 0.09999999999999964, -0.10000000000000142
3586, 0.09999999999999964, -0.10000000000000142
3587, 0.09999999999999964, -0.10000000000000142
3588, 0.09999999999999964, -0.10000000000000142
3589, 0.09999999999999964, -0.10000000000000142
3590, -0.09999999999999964, 0.0
3591, -0.09999999999999964, 0.0
3592, -0.09999999999999964, 0.0
3593, -0.09999999999999964, -0.10000000000000142
3594, -0.09999999999999964, -0.10000000000000142
3595, -0.09999999999999964, -0.10000000000000142
3596, -0.09999999999999964, -0.10000000000000142
3597, -0.09999999999999964, -0.10000000000000142
3598, -0.09999999999999964, -0.10000000000000142
3599, -0.09999999999999964, -0.10000000000000142
3600, -0.09999999999999964, -0.10000000000000142
3601, -0.09999999999999964, -0.10000000000000142
3602, -0.09999999999999964, -0.10000000000000142
3603, -0.09999999999999964, -0.10000000000000142
3604, -0.09999999999999964, -0.10000000000000142
3605, -0.09999999999999964, -0.10000000000000142
3606, -0.09999999999999964, -0.10000000000000142
3607, -0.09999999999999964, -0.10000000000000142
3608, -0.09999999999999964, -0.1999999999999993
3609, -0.09999999999999964, -0.1999999999999993
3610, -0.09999999999999964, -0.1999999999999993
3611, -0.09999999999999964, -0.1999999999999993
3612, -0.09999999999999964, -0.1999999999999993
3613, -0.09999999999999964, -0.1999999999999993
3614, -0.09999999999999964, -0.1999999999999993
3615, -0.09999999999999964, -0.1999999999999993
3616, -0.09999999999999964, -0.1999999999999993
3617, -0.09999999999999964, -0.1999999999999993
3618, 0.0, -0.1999999999999993
3619, 0.0, -0.1999999999999993
3620, 0.0, -0.1999999999999993
3621, 0.0, -0.1999999999999993
3622, 0.0, -0.1999999999999993
3623, 0.0, -0.1999999999999993
3624, 0.0, -0.1999999999999993
3625, 0.0, -0.1999999999999993
3626, 0.0, -0.1999999999999993
3627, 0.0, -0.1999999999999993
3628, 0.0, -0.10000000000000142
3629, 0.0, -0.10000000000000142
3630, 0.0, 0.0
3631, 0.0, 0.0
3632, 0.0, 0.0
3633, 0.0, 0.0
3634, 0.0, 0.0
3635, 0.0, 0.0
3636, 0.0, 0.0
3637, 0.0, 0.0
3638, 0.0, 0.0
3639, 0.0, 0.0
3640, 0.0, 0.0
3641, 0.0, 0.0
3642, 0.09999999999999964, 0.0
3643, 0.09999999999999964, 0.0
3644, 0.09999999999999964, 0.0
3645, 0.09999999999999964, 0.0
3646, 0.09999999999999964, 0.0
3647, 0.09999999999999964, 0.0
3648, 0.09999999999999964, 0.0
3649, 0.09999999999999964, 0.0
3650, 0.09999999999999964, 0.0
3651, 0.09999999999999964, 0.0
3652, 0.09999999999999964, 0.0
3653, 0.09999999999999964, 0.0
3654, 0.09999999999999964, 0.0
3655, 0.09999999999999964, 0.0
3656, 0.09999999999999964, -0.10000000000000142
3657, 0.09999999999999964, -0.10000000000000142
3658, 0.09999999999999964, -0.10000000000000142
3659, 0.09999999999999964, -0.10000000000000142
3660, 0.09999999999999964, -0.10000000000000142
3661, 0.09999999999999964, -0.10000000000000142
3662, 0.09999999999999964, -0.10000000000000142
3663, 0.09999999999999964, -0.10000000000000142
3664, 0.09999999999999964, -0.10000000000000142
3665, 0.09999999999999964, -0.10000000000000142
3666, 0.09999999999999964, 0.0
3667, 0.09999999999999964, 0.0
3668, 0.09999999999999964, 0.0
3669, 0.09999999999999964, 0.0
3670, 0.09999999999999964, 0.0
3671, 0.09999999999999964, 0.0
3672, 0.09999999999999964, 0.0
3673, 0.09999999999999964, 0.0
3674, 0.09999999999999964, 0.0
3675, 0.09999999999999964, 0.0
3676, 0.09999999999999964, 0.0
3677, 0.09999999999999964, 0.0
3678, 0.09999999999999964, 0.0
3679, 0.09999999999999964, 0.0
3680, 0.09999999999999964, 0.0
3681, 0.09999999999999964, 0.0
3682, 0.09999999999999964, 0.0
3683, 0.09999999999999964, 0.0
3684, 0.09999999999999964, 0.0
3685, 0.09999999999999964, 0.0
3686, 0.09999999999999964, 0.0
3687, 0.09999999999999964, 0.0
3688, 0.09999999999999964, 0.0
3689, 0.09999999999999964, 0.0
3690, 0.09999999999999964, 0.0
3691, 0.09999999999999964, 0.0
3692, 0.09999999999999964, 0.0
3693, 0.09999999999999964, 0.0
3694, 0.09999999999999964, 0.0
3695, 0.09999999999999964, 0.0
3696, 0.09999999999999964, 0.0
3697, 0.09999999999999964, 0.0
3698, 0.09999999999999964, 0.0
3699, 0.09999999999999964, 0.0
3700, 0.09999999999999964, 0.0
3701, 0.09999999999999964, 0.0
3702, 0.09999999999999964, 0.0
3703, 0.09999999999999964, -0.10000000000000142
3704, 0.09999999999999964, -0.10000000000000142
3705, 0.09999999999999964, -0.10000000000000142
3706, 0.09999999999999964, -0.10000000000000142
3707, 0.09999999999999964, -0.10000000000000142
3708, 0.09999999999999964, -0.10000000000000142
3709, 0.09999999999999964, -0.10000000000000142
3710, 0.0, -0.10000000000000142
3711, 0.0, -0.10000000000000142
3712, 0.0, -0.10000000000000142
3713, 0.0, -0.10000000000000142
3714, 0.0, -0.10000000000000142
3715, 0.0, -0.10000000000000142
3716, 0.0, -0.10000000000000142
3717, 0.0, -0.10000000000000142
3718, 0.0, 0.0
3719, 0.0, 0.0
3720, 0.0, 0.0
3721, 0.0, 0.0
3722, 0.0, 0.0
3723, 0.0, 0.0
3724, 0.0, 0.0
3725, 0.0, 0.0
3726, 0.0, 0.0
3727, 0.0, 0.0
3728, 0.0, 0.0
3729, 0.0, 0.0
3730, 0.0, 0.0
3731, 0.0, 0.0
3732, 0.0, 0.0
3733, 0.0, 0.0
3734, 0.0, 0.0
3735, 0.0, 0.0
3736, 0.0, 0.0
3737, 0.0, 0.0
3738, 0.0, 0.0
3739, 0.0, 0.0
3740, 0.0, 0.0
3741, 0.0, 0.0
3742, 0.0, 0.0
3743, 0.0, 0.0
3744, 0.0, 0.0
3745, 0.0, 0.0
3746, 0.0, -0.10000000000000142
3747, 0.0, -0.10000000000000142
3748, 0.0, -0.10000000000000142
3749, 0.0, 0.0
3750, 0.0, 0.0
3751, 0.0, 0.0
3752, 0.0, 0.0
3753, 0.0, 0.0
3754, 0.0, 0.0
3755, 0.0, 0.0
3756, 0.0, 0.0
3757, 0.0, 0.0
3758, 0.0, 0.0
3759, 0.0, 0.0
3760, 0.0, 0.0
3761, 0.0, 0.0
3762, 0.0, 0.0
3763, 0.0, 0.0
3764, 0.0, 0.0
3765, 0.0, 0.0
3766, 0.0, 0.0
3767, 0.0, 0.0
3768, 0.0, -0.10000000000000142
3769, 0.09999999999999964, -0.10000000000000142
3770, 0.09999999999999964, -0.10000000000000142
3771, 0.09999999999999964, -0.10000000000000142
3772, 0.09999999999999964, -0.10000000000000142
3773, 0.09999999999999964, -0.10000000000000142
3774, 0.09999999999999964, -0.10000000000000142
3775, 0.09999999999999964, -0.10000000000000142
3776, 0.09999999999999964, -0.10000000000000142
3777, 0.09999999999999964, -0.10000000000000142
3778, 0.09999999999999964, -0.10000000000000142
3779, 0.09999999999999964, -0.10000000000000142
3780, 0.09999999999999964, -0.10000000000000142
3781, 0.09999999999999964, -0.10000000000000142
3782, 0.09999999999999964, -0.10000000000000142
3783, 0.09999999999999964, -0.10000000000000142
3784, 0.09999999999999964, -0.10000000000000142
3785, 0.09999999999999964, -0.10000000000000142
3786, 0.0, -0.10000000000000142
3787, 0.0, -0.10000000000000142
3788, 0.0, -0.10000000000000142
3789, 0.0, -0.10000000000000142
3790, 0.0, -0.10000000000000142
3791, 0.0, -0.10000000000000142
3792, 0.0, -0.10000000000000142
3793, 0.0, -0.10000000000000142
3794, 0.0, -0.10000000000000142
3795, 0.0, -0.10000000000000142
3796, 0.0, -0.10000000000000142
3797, 0.0, -0.10000000000000142
3798, 0.0, -0.10000000000000142
3799, 0.0, -0.10000000000000142
3800, 0.0, -0.10000000000000142
3801, 0.0, -0.10000000000000142
3802, 0.0, -0.10000000000000142
3803, 0.0, -0.10000000000000142
3804, 0.0, -0.10000000000000142
3805, 0.0, -0.10000000000000142
3806, 0.0, -0.10000000000000142
3807, 0.0, -0.10000000000000142
3808, 0.0, -0.10000000000000142
3809, 0.0, -0.10000000000000142
3810, 0.0, -0.10000000000000142
3811, 0.0, -0.10000000000000142
3812, 0.0, -0.10000000000000142
3813, 0.0, -0.10000000000000142
3814, 0.0, -0.10000000000000142
3815, 0.0, -0.10000000000000142
3816, 0.0, -0.10000000000000142
3817, 0.0, -0.10000000000000142
3818, 0.0, -0.10000000000000142
3819, 0.0, -0.10000000000000142
3820, 0.0, -0.10000000000000142
3821, 0.0, -0.10000000000000142
3822, 0.0, -0.10000000000000142
3823, 0.0, -0.10000000000000142
3824, 0.0, -0.10000000000000142
3825, 0.0, -0.10000000000000142
3826, 0.0, -0.10000000000000142
3827, 0.0, -0.10000000000000142
3828, 0.0, -0.10000000000000142
3829, 0.0, -0.10000000000000142
3830, 0.0, -0.10000000000000142
3831, 0.0, -0.10000000000000142
3832, 0.0, 0.0
3833, 0.0, 0.0
3834, 0.0, 0.0
3835, 0.09999999999999964, 0.0
3836, 0.09999999999999964, 0.0
3837, 0.09999999999999964, 0.0
3838, 0.09999999999999964, 0.0
3839, 0.09999999999999964, 0.10000000000000142
3840, 0.09999999999999964, 0.0
3841, 0.09999999999999964, 0.0
3842, 0.09999999999999964, 0.0
3843, 0.09999999999999964, 0.0
3844, 0.09999999999999964, 0.0
3845, 0.09999999999999964, 0.0
3846, 0.09999999999999964, 0.0
3847, 0.09999999999999964, 0.0
3848, 0.09999999999999964, 0.0
3849, 0.09999999999999964, 0.10000000000000142
3850, 0.09999999999999964, 0.10000000000000142
3851, 0.09999999999999964, 0.10000000000000142
3852, 0.09999999999999964, 0.10000000000000142
3853, 0.1999999999999993, 0.10000000000000142
3854, 0.1999999999999993, 0.10000000000000142
3855, 0.1999999999999993, 0.10000000000000142
3856, 0.1999999999999993, 0.10000000000000142
3857, 0.1999999999999993, 0.10000000000000142
3858, 0.1999999999999993, 0.10000000000000142
3859, 0.1999999999999993, 0.10000000000000142
3860, 0.1999999999999993, 0.10000000000000142
3861, 0.1999999999999993, 0.10000000000000142
3862, 0.1999999999999993, 0.10000000000000142
3863, 0.1999999999999993, 0.10000000000000142
3864, 0.1999999999999993, 0.10000000000000142
3865, 0.1999999999999993, 0.10000000000000142
3866, 0.1999999999999993, 0.10000000000000142
3867, 0.1999999999999993, 0.10000000000000142
3868, 0.1999999999999993, 0.0
3869, 0.1999999999999993, 0.0
3870, 0.1999999999999993, 0.0
3871, 0.1999999999999993, -0.1999999999999993
3872, 0.1999999999999993, -0.1999999999999993
3873, 0.1999999999999993, -0.1999999999999993
3874, 0.1999999999999993, -0.10000000000000142
3875, 0.1999999999999993, -0.10000000000000142
3876, 0.1999999999999993, -0.10000000000000142
3877, 0.1999999999999993, -0.10000000000000142
3878, 0.1999999999999993, -0.10000000000000142
3879, 0.1999999999999993, -0.10000000000000142
3880, 0.1999999999999993, -0.10000000000000142
3881, 0.1999999999999993, -0.10000000000000142
3882, 0.1999999999999993, -0.10000000000000142
3883, 0.1999999999999993, -0.10000000000000142
3884, 0.09999999999999964, -0.10000000000000142
3885, 0.09999999999999964, -0.10000000000000142
3886, 0.09999999999999964, -0.10000000000000142
3887, 0.09999999999999964, -0.10000000000000142
3888, 0.09999999999999964, -0.10000000000000142
3889, 0.09999999999999964, -0.10000000000000142
3890, 0.09999999999999964, -0.10000000000000142
3891, 0.09999999999999964, -0.10000000000000142
3892, 0.09999999999999964, -0.10000000000000142
3893, 0.09999999999999964, -0.10000000000000142
3894, 0.09999999999999964, -0.10000000000000142
3895, 0.09999999999999964, -0.10000000000000142
3896, 0.09999999999999964, -0.10000000000000142
3897, 0.09999999999999964, -0.1999999999999993
3898, 0.09999999999999964, -0.1999999999999993
3899, 0.0, -0.1999999999999993
3900, 0.0, -0.1999999999999993
3901, 0.0, -0.1999999999999993
3902, 0.0, -0.10000000000000142
3903, 0.0, -0.10000000000000142
3904, 0.0, -0.10000000000000142
3905, 0.0, -0.10000000000000142
3906, 0.0, -0.10000000000000142
3907, 0.0, -0.10000000000000142
3908, 0.0, -0.10000000000000142
3909, 0.0, -0.10000000000000142
3910, 0.0, -0.10000000000000142
3911, 0.0, -0.10000000000000142
3912, 0.0, -0.10000000000000142
3913, 0.0, -0.10000000000000142
3914, 0.0, -0.10000000000000142
3915, 0.0, -0.10000000000000142
3916, 0.0, -0.10000000000000142
3917, 0.0, -0.10000000000000142
3918, 0.0, -0.10000000000000142
3919, 0.0, -0.10000000000000142
3920, 0.0, -0.10000000000000142
3921, 0.0, -0.10000000000000142
3922, 0.0, -0.10000000000000142
3923, 0.0, -0.10000000000000142
3924, 0.0, -0.10000000000000142
3925, 0.0, -0.10000000000000142
3926, 0.0, -0.10000000000000142
3927, 0.0, -0.10000000000000142
3928, 0.0, -0.10000000000000142
3929, 0.0, -0.10000000000000142
3930, 0.0, -0.10000000000000142
3931, 0.0, -0.10000000000000142
3932, 0.0, -0.10000000000000142
3933, 0.0, 0.0
3934, 0.0, 0.0
3935, 0.0, 0.0
3936, 0.0, -0.10000000000000142
3937, 0.0, -0.10000000000000142
3938, 0.0, -0.10000000000000142
3939, 0.0, -0.10000000000000142
3940, 0.0, -0.10000000000000142
3941, 0.0, -0.10000000000000142
3942, 0.0, -0.10000000000000142
3943, 0.0, -0.10000000000000142
3944, 0.0, -0.10000000000000142
3945, 0.0, -0.10000000000000142
3946, 0.0, -0.10000000000000142
3947, 0.0, -0.10000000000000142
3948, 0.0, -0.10000000000000142
3949, 0.0, -0.10000000000000142
3950, 0.0, -0.10000000000000142
3951, 0.0, 0.0
3952, 0.0, 0.0
3953, 0.0, 0.0
3954, 0.0, 0.0
3955, 0.09999999999999964, 0.0
3956, 0.09999999999999964, 0.0
3957, 0.09999999999999964, 0.0
3958, 0.09999999999999964, 0.0
3959, 0.09999999999999964, 0.0
3960, 0.09999999999999964, 0.0
3961, 0.09999999999999964, 0.0
3962, 0.09999999999999964, 0.0
3963, 0.09999999999999964, 0.0
3964, 0.09999999999999964, 0.0
3965, 0.09999999999999964, 0.0
3966, 0.09999999999999964, 0.0
3967, 0.09999999999999964, 0.0
3968, 0.09999999999999964, 0.0
3969, 0.09999999999999964, 0.0
3970, 0.09999999999999964, 0.0
3971, 0.09999999999999964, 0.0
3972, 0.09999999999999964, 0.0
3973, 0.09999999999999964, 0.0
3974, 0.09999999999999964, 0.0
3975, 0.09999999999999964, 0.0
3976, 0.09999999999999964, 0.0
3977, 0.09999999999999964, 0.10000000000000142
3978, 0.09999999999999964, 0.10000000000000142
3979, 0.09999999999999964, 0.10000000000000142
3980, 0.09999999999999964, 0.10000000000000142
3981, 0.09999999999999964, 0.10000000000000142
3982, 0.09999999999999964, 0.10000000000000142
3983, 0.09999999999999964, 0.10000000000000142
3984, 0.09999999999999964, 0.10000000000000142
3985, 0.09999999999999964, 0.10000000000000142
3986, 0.09999999999999964, 0.10000000000000142
3987, 0.09999999999999964, 0.10000000000000142
3988, 0.09999999999999964, 0.10000000000000142
3989, 0.09999999999999964, 0.10000000000000142
3990, 0.09999999999999964, 0.10000000000000142
3991, 0.09999999999999964, 0.10000000000000142
3992, 0.09999999999999964, 0.10000000000000142
3993, 0.09999999999999964, 0.10000000000000142
3994, 0.09999999999999964, 0.10000000000000142
3995, 0.09999999999999964, 0.10000000000000142
3996, 0.09999999999999964, 0.10000000000000142
3997, 0.09999999999999964, 0.10000000000000142
3998, 0.09999999999999964, 0.10000000000000142
3999, 0.09999999999999964, 0.1999999999999993
4000, 0.09999999999999964, 0.1999999999999993
4001, 0.09999999999999964, 0.1999999999999993
4002, 0.09999999999999964, 0.1999999999999993
4003, 0.09999999999999964, 0.1999999999999993
4004, 0.09999999999999964, 0.1999999999999993
4005, 0.09999999999999964, 0.10000000000000142
4006, 0.09999999999999964, 0.10000000000000142
4007, 0.09999999999999964, 0.10000000000000142
4008, 0.09999999999999964, 0.10000000000000142
4009, 0.09999999999999964, 0.10000000000000142
4010, 0.09999999999999964, 0.10000000000000142
4011, 0.09999999999999964, 0.10000000000000142
4012, 0.09999999999999964, 0.10000000000000142
4013, 0.09999999999999964, 0.10000000000000142
4014, 0.09999999999999964, 0.10000000000000142
4015, 0.09999999999999964, 0.10000000000000142
4016, 0.09999999999999964, 0.10000000000000142
4017, 0.09999999999999964, 0.10000000000000142
4018, 0.09999999999999964, 0.10000000000000142
4019, 0.09999999999999964, 0.10000000000000142
4020, 0.09999999999999964, 0.10000000000000142
4021, 0.09999999999999964, 0.10000000000000142
4022, 0.09999999999999964, 0.10000000000000142
4023, 0.09999999999999964, 0.10000000000000142
4024, 0.09999999999999964, 0.0
4025, 0.09999999999999964, 0.0
4026, 0.09999999999999964, 0.0
4027, 0.09999999999999964, -0.10000000000000142
4028, 0.09999999999999964, -0.10000000000000142
4029, 0.09999999999999964, -0.10000000000000142
4030, 0.09999999999999964, -0.10000000000000142
4031, 0.09999999999999964, -0.10000000000000142
4032, 0.09999999999999964, -0.10000000000000142
4033, 0.09999999999999964, -0.10000000000000142
4034, 0.09999999999999964, -0.10000000000000142
4035, 0.09999999999999964, 0.0
4036, 0.09999999999999964, 0.0
4037, 0.09999999999999964, 0.0
4038, 0.09999999999999964, 0.0
4039, 0.09999999999999964, 0.0
4040, 0.09999999999999964, 0.0
4041, 0.09999999999999964, 0.0
4042, 0.09999999999999964, 0.10000000000000142
4043, 0.09999999999999964, 0.10000000000000142
4044, 0.09999999999999964, 0.10000000000000142
4045, 0.09999999999999964, 0.10000000000000142
4046, 0.09999999999999964, 0.10000000000000142
4047, 0.09999999999999964, 0.10000000000000142
4048, 0.09999999999999964, 0.10000000000000142
4049, 0.09999999999999964, 0.10000000000000142
4050, 0.09999999999999964, 0.10000000000000142
4051, 0.09999999999999964, 0.10000000000000142
4052, 0.09999999999999964, 0.10000000000000142
4053, 0.09999999999999964, 0.10000000000000142
4054, 0.09999999999999964, 0.10000000000000142
4055, 0.09999999999999964, 0.10000000000000142
4056, 0.09999999999999964, 0.0
4057, 0.09999999999999964, 0.0
4058, 0.09999999999999964, 0.0
4059, 0.09999999999999964, 0.0
4060, 0.09999999999999964, 0.0
4061, 0.09999999999999964, 0.0
4062, 0.09999999999999964, 0.0
4063, 0.09999999999999964, 0.0
4064, 0.09999999999999964, 0.0
4065, 0.09999999999999964, 0.0
4066, 0.09999999999999964, 0.0
4067, 0.09999999999999964, 0.0
4068, 0.09999999999999964, 0.0
4069, 0.09999999999999964, 0.0
4070, 0.09999999999999964, 0.0
4071, 0.09999999999999964, 0.0
4072, 0.09999999999999964, 0.0
4073, 0.09999999999999964, 0.0
4074, 0.09999999999999964, 0.0
4075, 0.09999999999999964, 0.0
4076, 0.09999999999999964, 0.0
4077, 0.09999999999999964, -0.10000000000000142
4078, 0.09999999999999964, -0.10000000000000142
4079, 0.09999999999999964, -0.10000000000000142
4080, 0.09999999999999964, -0.10000000000000142
4081, 0.09999999999999964, -0.10000000000000142
4082, 0.09999999999999964, -0.10000000000000142
4083, 0.0, -0.10000000000000142
4084, 0.0, -0.10000000000000142
4085, 0.0, -0.10000000000000142
4086, 0.0, -0.10000000000000142
4087, 0.0, -0.10000000000000142
4088, 0.0, -0.10000000000000142
4089, 0.0, -0.10000000000000142
4090, 0.0, -0.10000000000000142
4091, 0.0, -0.10000000000000142
4092, 0.0, -0.10000000000000142
4093, 0.0, -0.10000000000000142
4094, 0.0, 0.0
4095, 0.0, 0.0
4096, 0.0, 0.0
4097, 0.0, 0.0
4098, 0.0, 0.0
4099, 0.0, 0.0
4100, 0.0, 0.0
4101, 0.0, 0.0
4102, 0.0, 0.0
4103, 0.0, 0.0
4104, 0.0, 0.0
4105, 0.0, 0.0
4106, 0.0, 0.0
4107, 0.0, 0.0
4108, 0.0, 0.0
4109, 0.0, 0.0
4110, 0.09999999999999964, 0.0
4111, 0.09999999999999964, 0.0
4112, 0.09999999999999964, 0.0
4113, 0.09999999999999964, 0.0
4114, 0.09999999999999964, 0.0
4115, 0.09999999999999964, 0.0
4116, 0.09999999999999964, 0.0
4117, 0.09999999999999964, 0.0
4118, 0.09999999999999964, 0.0
4119, 0.09999999999999964, 0.0
4120, 0.09999999999999964, 0.0
4121, 0.09999999999999964, 0.0
4122, 0.09999999999999964, 0.0
4123, 0.09999999999999964, 0.0
4124, 0.09999999999999964, 0.0
4125, 0.09999999999999964, 0.0
4126, 0.09999999999999964, 0.0
4127, 0.09999999999999964, 0.0
4128, 0.0, 0.0
4129, 0.0, 0.0
4130, 0.0, 0.0
4131, 0.0, 0.10000000000000142
4132, 0.0, 0.10000000000000142
4133, 0.0, 0.10000000000000142
4134, 0.0, 0.10000000000000142
4135, 0.0, 0.10000000000000142
4136, 0.0, 0.10000000000000142
4137, 0.0, 0.10000000000000142
4138, 0.0, 0.10000000000000142
4139, 0.0, 0.10000000000000142
4140, -0.09999999999999964, 0.10000000000000142
4141, -0.09999999999999964, 0.10000000000000142
4142, -0.09999999999999964, 0.10000000000000142
4143, -0.09999999999999964, 0.10000000000000142
4144, -0.09999999999999964, 0.10000000000000142
4145, -0.09999999999999964, 0.10000000000000142
4146, -0.09999999999999964, 0.10000000000000142
4147, -0.09999999999999964, 0.1999999999999993
4148, 0.0, 0.1999999999999993
4149, 0.0, 0.1999999999999993
4150, 0.0, 0.1999999999999993
4151, 0.0, 0.1999999999999993
4152, 0.0, 0.1999999999999993
4153, 0.0, 0.1999999999999993
4154, 0.0, 0.1999999999999993
4155, 0.0, 0.10000000000000142
4156, 0.0, 0.10000000000000142
4157, 0.0, 0.10000000000000142
4158, 0.0, 0.10000000000000142
4159, 0.0, 0.10000000000000142
4160, 0.0, 0.10000000000000142
4161, 0.0, 0.10000000000000142
4162, 0.0, 0.10000000000000142
4163, 0.0, 0.10000000000000142
4164, 0.0, 0.10000000000000142
4165, 0.0, 0.10000000000000142
4166, 0.0, 0.10000000000000142
4167, 0.0, 0.10000000000000142
4168, 0.0, 0.10000000000000142
4169, 0.0, 0.10000000000000142
4170, 0.09999999999999964, 0.10000000000000142
4171, 0.09999999999999964, 0.10000000000000142
4172, 0.09999999999999964, 0.10000000000000142
4173, 0.09999999999999964, 0.10000000000000142
4174, 0.09999999999999964, 0.10000000000000142
4175, 0.09999999999999964, 0.10000000000000142
4176, 0.09999999999999964, 0.10000000000000142
4177, 0.09999999999999964, 0.10000000000000142
4178, 0.09999999999999964, 0.10000000000000142
4179, 0.09999999999999964, 0.10000000000000142
4180, 0.09999999999999964, 0.10000000000000142
4181, 0.09999999999999964, 0.10000000000000142
4182, 0.09999999999999964, 0.0
4183, 0.09999999999999964, 0.0
4184, 0.09999999999999964, 0.0
4185, 0.09999999999999964, 0.0
4186, 0.09999999999999964, 0.0
4187, 0.09999999999999964, 0.0
4188, 0.09999999999999964, 0.0
4189, 0.09999999999999964, 0.0
4190, 0.09999999999999964, 0.0
4191, 0.09999999999999964, 0.0
4192, 0.0, 0.0
4193, 0.0, 0.0
4194, 0.0, 0.0
4195, 0.0, 0.0
4196, 0.0, 0.0
4197, 0.0, 0.0
4198, 0.0, 0.0
4199, 0.0, 0.0
4200, 0.0, 0.0
4201, 0.0, 0.0
4202, 0.0, 0.0
4203, 0.0, 0.0
4204, 0.0, 0.0
4205, 0.0, 0.0
4206, 0.0, 0.0
4207, 0.0, 0.0
4208, 0.09999999999999964, 0.0
4209, 0.09999999999999964, 0.0
4210, 0.09999999999999964, 0.0
4211, 0.09999999999999964, 0.0
4212, 0.09999999999999964, 0.0
4213, 0.09999999999999964, 0.0
4214, 0.09999999999999964, 0.0
4215, 0.09999999999999964, 0.0
4216, 0.09999999999999964, 0.0
4217, 0.09999999999999964, 0.0
4218, 0.09999999999999964, 0.0
4219, 0.09999999999999964, 0.0
4220, 0.09999999999999964, 0.0
4221, 0.09999999999999964, 0.0
4222, 0.09999999999999964, 0.0
4223, 0.09999999999999964, 0.10000000000000142
4224, 0.09999999999999964, 0.10000000000000142
4225, 0.09999999999999964, 0.10000000000000142
4226, 0.09999999999999964, 0.0
4227, 0.09999999999999964, 0.0
4228, 0.09999999999999964, 0.0
4229, 0.09999999999999964, 0.0
4230, 0.09999999999999964, 0.0
4231, 0.09999999999999964, 0.0
4232, 0.09999999999999964, 0.0
4233, 0.09999999999999964, 0.0
4234, 0.09999999999999964, 0.0
4235, 0.09999999999999964, 0.0
4236, 0.09999999999999964, 0.0
4237, 0.09999999999999964, 0.0
4238, 0.09999999999999964, 0.0
4239, 0.09999999999999964, 0.0
4240, 0.09999999999999964, 0.0
4241, 0.09999999999999964, 0.0
4242, 0.09999999999999964, 0.0
4243, 0.09999999999999964, 0.0
4244, 0.09999999999999964, 0.0
4245, 0.09999999999999964, 0.0
4246, 0.09999999999999964, 0.0
4247, 0.09999999999999964, 0.10000000000000142
4248, 0.09999999999999964, 0.10000000000000142
4249, 0.09999999999999964, 0.10000000000000142
4250, 0.09999999999999964, 0.10000000000000142
4251, 0.09999999999999964, 0.10000000000000142
4252, 0.09999999999999964, 0.10000000000000142
4253, 0.09999999999999964, 0.10000000000000142
4254, 0.09999999999999964, 0.10000000000000142
4255, 0.09999999999999964, 0.10000000000000142
4256, 0.0, 0.10000000000000142
4257, 0.0, 0.10000000000000142
4258, 0.0, 0.0
4259, 0.0, 0.0
4260, 0.0, 0.0
4261, 0.0, 0.0
4262, 0.0, 0.0
4263, 0.0, 0.0
4264, 0.0, 0.0
4265, 0.0, 0.0
4266, 0.0, 0.0
4267, 0.0, 0.0
4268, 0.0, 0.0
4269, 0.0, 0.0
4270, 0.0, 0.0
4271, 0.0, 0.0
4272, 0.0, 0.0
4273, 0.0, 0.0
4274, 0.0, 0.0
4275, 0.09999999999999964, 0.0
4276, 0.09999999999999964, 0.0
4277, 0.09999999999999964, 0.0
4278, 0.09999999999999964, 0.0
4279, 0.09999999999999964, 0.0
4280, 0.09999999999999964, 0.0
4281, 0.09999999999999964, 0.0
4282, 0.09999999999999964, 0.0
4283, 0.09999999999999964, 0.0
4284, 0.09999999999999964, -0.10000000000000142
4285, 0.09999999999999964, -0.10000000000000142
4286, 0.09999999999999964, -0.10000000000000142
4287, 0.09999999999999964, -0.10000000000000142
4288, 0.0, -0.10000000000000142
4289, 0.0, -0.10000000000000142
4290, 0.0, -0.10000000000000142
4291, 0.0, -0.10000000000000142
4292, 0.0, -0.10000000000000142
4293, 0.0, -0.10000000000000142
4294, 0.0, -0.10000000000000142
4295, 0.0, -0.10000000000000142
4296, 0.0, -0.10000000000000142
4297, 0.0, -0.10000000000000142
4298, 0.0, -0.10000000000000142
4299, 0.0, -0.10000000000000142
4300, -0.09999999999999964, -0.10000000000000142
4301, -0.09999999999999964, -0.10000000000000142
4302, -0.09999999999999964, -0.10000000000000142
4303, 0.0, -0.10000000000000142
4304, 0.0, -0.10000000000000142
4305, 0.0, -0.10000000000000142
4306, 0.0, -0.10000000000000142
4307, 0.0, -0.10000000000000142
4308, 0.0, -0.10000000000000142
4309, 0.0, -0.10000000000000142
4310, 0.0, -0.10000000000000142
4311, 0.0, -0.10000000000000142
4312, 0.0, -0.10000000000000142
4313, 0.0, -0.10000000000000142
4314, 0.0, -0.10000000000000142
4315, 0.0, -0.10000000000000142
4316, 0.0, -0.10000000000000142
4317, 0.0, -0.10000000000000142
4318, 0.0, -0.10000000000000142
4319, 0.0, -0.10000000000000142
4320, 0.0, -0.10000000000000142
4321, 0.0, 0.0
4322, 0.0, 0.0
4323, 0.0, 0.0
4324, 0.0, 0.0
4325, 0.0, 0.0
4326, 0.0, 0.0
4327, 0.0, 0.0
4328, 0.0, -0.10000000000000142
4329, 0.0, -0.10000000000000142
4330, 0.0, -0.10000000000000142
4331, 0.0, -0.10000000000000142
4332, 0.0, -0.10000000000000142
4333, 0.0, -0.10000000000000142
4334, 0.0, -0.10000000000000142
4335, 0.0, -0.10000000000000142
4336, 0.0, -0.10000000000000142
4337, 0.0, -0.10000000000000142
4338, 0.0, -0.10000000000000142
4339, 0.0, -0.10000000000000142
4340, 0.0, 0.0
4341, 0.0, 0.0
4342, 0.0, 0.0
4343, 0.0, -0.10000000000000142
4344, 0.0, -0.10000000000000142
4345, 0.0, -0.10000000000000142
4346, 0.0, -0.10000000000000142
4347, 0.0, -0.10000000000000142
4348, 0.0, -0.10000000000000142
4349, 0.0, -0.10000000000000142
4350, 0.0, -0.10000000000000142
4351, 0.0, -0.10000000000000142
4352, 0.0, -0.10000000000000142
4353, 0.0, -0.10000000000000142
4354, 0.0, -0.10000000000000142
4355, 0.0, -0.10000000000000142
4356, 0.0, -0.10000000000000142
4357, 0.0, -0.10000000000000142
4358, 0.0, -0.10000000000000142
4359, 0.0, 0.0
4360, 0.0, 0.0
4361, 0.0, 0.0
4362, 0.0, 0.0
4363, 0.0, 0.0
4364, 0.0, 0.0
4365, 0.0, 0.0
4366, 0.0, 0.0
4367, 0.0, 0.0
4368, 0.0, 0.0
4369, 0.0, 0.0
4370, 0.0, -0.10000000000000142
4371, 0.0, -0.10000000000000142
4372, 0.0, -0.10000000000000142
4373, 0.0, -0.10000000000000142
4374, 0.0, -0.10000000000000142
4375, 0.0, -0.10000000000000142
4376, 0.0, 0.0
4377, 0.0, 0.0
4378, 0.0, 0.0
4379, 0.0, 0.0
4380, 0.0, 0.0
4381, 0.0, 0.0
4382, 0.0, 0.0
4383, 0.0, 0.0
4384, 0.0, 0.0
4385, 0.0, 0.0
4386, 0.0, 0.0
4387, 0.0, 0.0
4388, 0.0, 0.0
4389, 0.0, 0.0
4390, 0.0, 0.0
4391, 0.0, 0.0
4392, 0.0, 0.0
4393, 0.0, 0.0
4394, 0.0, 0.0
4395, 0.0, 0.0
4396, 0.0, 0.0
4397, 0.0, 0.0
4398, 0.0, 0.0
4399, 0.0, 0.0
4400, 0.0, 0.0
4401, 0.0, 0.0
4402, 0.0, 0.0
4403, 0.0, 0.0
4404, 0.0, 0.0
4405, 0.0, 0.0
4406, 0.0, 0.0
4407, 0.0, 0.0
4408, 0.0, 0.10000000000000142
4409, 0.0, 0.10000000000000142
4410, 0.0, 0.10000000000000142
4411, 0.0, 0.10000000000000142
4412, 0.0, 0.10000000000000142
4413, 0.0, 0.10000000000000142
4414, 0.0, 0.10000000000000142
4415, 0.0, 0.10000000000000142
4416, 0.0, 0.10000000000000142
4417, 0.0, 0.10000000000000142
4418, 0.0, 0.10000000000000142
4419, 0.0, 0.10000000000000142
4420, 0.0, 0.10000000000000142
4421, 0.0, 0.10000000000000142
4422, 0.0, 0.0
4423, 0.0, 0.0
4424, 0.0, 0.0
4425, 0.0, 0.0
4426, 0.0, 0.0
4427, 0.0, 0.0
4428, 0.0, -0.10000000000000142
4429, 0.0, -0.10000000000000142
4430, 0.0, -0.10000000000000142
4431, 0.0, -0.10000000000000142
4432, 0.0, -0.10000000000000142
4433, 0.0, 0.0
4434, 0.0, 0.0
4435, 0.0, 0.0
4436, 0.0, 0.0
4437, 0.0, 0.10000000000000142
4438, 0.0, 0.10000000000000142
4439, 0.0, 0.10000000000000142
4440, 0.0, 0.10000000000000142
4441, 0.0, 0.10000000000000142
4442, 0.0, 0.0
4443, 0.0, 0.0
4444, 0.0, 0.0
4445, 0.0, 0.0
4446, 0.0, 0.0
4447, 0.0, 0.0
4448, 0.0, 0.0
4449, 0.0, 0.0
4450, 0.0, 0.0
4451, 0.0, 0.0
4452, 0.0, 0.0
4453, 0.0, 0.0
4454, 0.0, 0.0
4455, 0.0, 0.0
4456, 0.0, 0.0
4457, 0.0, 0.0
4458, 0.0, 0.0
4459, 0.0, 0.0
4460, 0.0, 0.0
4461, 0.0, 0.0
4462, 0.0, 0.0
4463, 0.0, 0.0
4464, 0.0, 0.0
4465, 0.0, -0.10000000000000142
4466, 0.0, -0.10000000000000142
4467, 0.0, 0.0
4468, 0.0, 0.0
4469, 0.0, 0.0
4470, 0.0, 0.0
4471, 0.0, 0.0
4472, 0.0, 0.0
4473, 0.0, 0.0
4474, 0.0, 0.0
4475, 0.0, 0.0
4476, 0.0, 0.0
4477, 0.0, 0.0
4478, 0.0, 0.0
4479, 0.0, 0.0
4480, 0.0, 0.0
4481, 0.0, 0.0
4482, 0.0, 0.0
4483, 0.0, 0.0
4484, 0.0, 0.0
4485, 0.0, 0.0
4486, 0.0, 0.0
4487, 0.0, 0.0
4488, 0.0, 0.0
4489, 0.09999999999999964, 0.10000000000000142
4490, 0.09999999999999964, 0.10000000000000142
4491, 0.09999999999999964, 0.10000000000000142
4492, 0.09999999999999964, 0.10000000000000142
4493, 0.09999999999999964, 0.10000000000000142
4494, 0.09999999999999964, 0.10000000000000142
4495, 0.09999999999999964, 0.10000000000000142
4496, 0.0, 0.10000000000000142
4497, 0.0, 0.10000000000000142
4498, 0.0, 0.10000000000000142
4499, 0.0, 0.10000000000000142
4500, 0.0, 0.10000000000000142
4501, 0.0, 0.10000000000000142
4502, 0.0, 0.10000000000000142
4503, 0.0, 0.10000000000000142
4504, 0.0, 0.10000000000000142
4505, 0.0, 0.10000000000000142
4506, 0.0, 0.10000000000000142
4507, 0.0, 0.10000000000000142
4508, 0.0, 0.0
4509, 0.0, 0.0
4510, 0.0, 0.0
4511, 0.0, 0.0
4512, 0.09999999999999964, 0.0
4513, 0.09999999999999964, 0.0
4514, 0.09999999999999964, 0.0
4515, 0.09999999999999964, 0.0
4516, 0.09999999999999964, 0.0
4517, 0.09999999999999964, 0.0
4518, 0.09999999999999964, 0.0
4519, 0.09999999999999964, 0.0
4520, 0.09999999999999964, 0.0
4521, 0.09999999999999964, 0.0
4522, 0.09999999999999964, 0.0
4523, 0.09999999999999964, 0.0
4524, 0.09999999999999964, 0.0
4525, 0.09999999999999964, 0.0
4526, 0.09999999999999964, 0.0
4527, 0.09999999999999964, 0.0
4528, 0.09999999999999964, 0.0
4529, 0.09999999999999964, 0.0
4530, 0.09999999999999964, 0.0
4531, 0.09999999999999964, 0.0
4532, 0.09999999999999964, 0.0
4533, 0.09999999999999964, 0.0
4534, 0.09999999999999964, 0.0
4535, 0.09999999999999964, 0.0
4536, 0.09999999999999964, 0.0
4537, 0.09999999999999964, 0.0
4538, 0.09999999999999964, 0.0
4539, 0.09999999999999964, 0.0
4540, 0.09999999999999964, 0.0
4541, 0.09999999999999964, 0.0
4542, 0.09999999999999964, 0.0
4543, 0.0, 0.0
4544, 0.09999999999999964, 0.0
4545, 0.09999999999999964, 0.0
4546, 0.09999999999999964, 0.0
4547, 0.09999999999999964, 0.0
4548, 0.09999999999999964, 0.0
4549, 0.09999999999999964, 0.0
4550, 0.09999999999999964, 0.0
4551, 0.09999999999999964, 0.0
4552, 0.09999999999999964, 0.0
4553, 0.09999999999999964, 0.0
4554, 0.09999999999999964, 0.0
4555, 0.0, 0.0
4556, 0.0, 0.0
4557, 0.0, 0.0
4558, 0.0, 0.0
4559, 0.0, 0.0
4560, 0.0, 0.0
4561, 0.0, 0.0
4562, 0.0, 0.0
4563, 0.0, 0.0
4564, 0.0, 0.0
4565, 0.0, 0.0
4566, 0.0, 0.0
4567, 0.0, 0.0
4568, 0.0, 0.0
4569, 0.0, 0.0
4570, 0.0, 0.0
4571, 0.0, 0.0
4572, 0.0, 0.0
4573, 0.0, 0.0
4574, 0.0, 0.0
4575, 0.0, 0.0
4576, 0.0, 0.0
4577, 0.0, 0.0
4578, 0.0, 0.0
4579, 0.0, 0.0
4580, 0.0, 0.0
4581, 0.0, 0.0
4582, 0.0, 0.0
4583, 0.0, 0.0
4584, 0.0, 0.0
4585, 0.0, 0.0
4586, 0.0, 0.0
4587, 0.0, 0.0
4588, 0.0, 0.0
4589, 0.0, 0.0
4590, 0.0, 0.0
4591, 0.0, 0.0
4592, 0.0, 0.0
4593, 0.0, 0.0
4594, 0.0, 0.0
4595, 0.0, 0.0
4596, 0.0, 0.0
4597, 0.0, 0.0
4598, 0.0, 0.0
4599, 0.0, 0.0
4600, 0.0, 0.0
4601, 0.0, 0.0
4602, 0.0, -0.10000000000000142
4603, 0.0, -0.10000000000000142
4604, 0.0, -0.10000000000000142
4605, 0.0, 0.0
4606, -0.09999999999999964, 0.0
4607, -0.09999999999999964, 0.0
4608, -0.09999999999999964, 0.0
4609, -0.09999999999999964, 0.0
4610, -0.09999999999999964, 0.0
4611, -0.09999999999999964, 0.0
4612, -0.09999999999999964, 0.0
4613, -0.09999999999999964, -0.10000000000000142
4614, -0.09999999999999964, -0.10000000000000142
4615, -0.09999999999999964, -0.10000000000000142
4616, -0.09999999999999964, -0.10000000000000142
4617, 0.0, -0.10000000000000142
4618, 0.0, -0.10000000000000142
4619, 0.0, -0.10000000000000142
4620, 0.0, -0.10000000000000142
4621, 0.0, -0.10000000000000142
4622, 0.0, -0.10000000000000142
4623, 0.0, -0.10000000000000142
4624, 0.0, -0.10000000000000142
4625, 0.0, -0.10000000000000142
4626, 0.0, -0.10000000000000142
4627, 0.0, -0.10000000000000142
4628, 0.0, -0.10000000000000142
4629, 0.0, -0.10000000000000142
4630, 0.0, -0.10000000000000142
4631, 0.0, -0.10000000000000142
4632, 0.0, -0.10000000000000142
4633, 0.0, -0.10000000000000142
4634, 0.0, -0.10000000000000142
4635, -0.09999999999999964, -0.10000000000000142
4636, -0.09999999999999964, -0.10000000000000142
4637, -0.09999999999999964, -0.10000000000000142
4638, -0.09999999999999964, -0.10000000000000142
4639, 0.0, -0.10000000000000142
4640, 0.0, -0.10000000000000142
4641, 0.0, -0.10000000000000142
4642, 0.0, -0.10000000000000142
4643, 0.0, -0.10000000000000142
4644, 0.0, -0.10000000000000142
4645, 0.0, -0.10000000000000142
4646, 0.0, -0.10000000000000142
4647, 0.0, -0.10000000000000142
4648, 0.0, -0.10000000000000142
4649, 0.0, 0.0
4650, 0.09999999999999964, 0.0
4651, 0.09999999999999964, 0.0
4652, 0.09999999999999964, 0.0
4653, 0.09999999999999964, 0.0
4654, 0.09999999999999964, 0.0
4655, 0.09999999999999964, 0.0
4656, 0.09999999999999964, 0.0
4657, 0.09999999999999964, 0.0
4658, 0.09999999999999964, 0.0
4659, 0.09999999999999964, -0.10000000000000142
4660, 0.09999999999999964, -0.10000000000000142
4661, 0.09999999999999964, -0.10000000000000142
4662, 0.09999999999999964, -0.10000000000000142
4663, 0.09999999999999964, 0.0
4664, 0.09999999999999964, 0.0
4665, 0.09999999999999964, 0.0
4666, 0.09999999999999964, 0.0
4667, 0.09999999999999964, 0.0
4668, 0.0, 0.0
4669, 0.0, 0.0
4670, 0.0, 0.0
4671, 0.0, 0.0
4672, 0.0, 0.0
4673, 0.0, 0.10000000000000142
4674, 0.0, 0.10000000000000142
4675, 0.0, 0.10000000000000142
4676, 0.0, 0.10000000000000142
4677, 0.0, 0.0
4678, 0.0, 0.0
4679, 0.0, 0.0
4680, 0.0, 0.0
4681, 0.0, 0.0
4682, 0.0, 0.0
4683, 0.0, -0.10000000000000142
4684, 0.0, -0.10000000000000142
4685, 0.0, -0.10000000000000142
4686, 0.0, -0.10000000000000142
4687, 0.0, -0.10000000000000142
4688, -0.09999999999999964, -0.10000000000000142
4689, -0.09999999999999964, -0.10000000000000142
4690, -0.09999999999999964, 0.0
4691, -0.09999999999999964, 0.0
4692, 0.0, 0.0
4693, 0.0, 0.0
4694, 0.0, -0.10000000000000142
4695, 0.0, -0.10000000000000142
4696, 0.0, -0.10000000000000142
4697, 0.0, -0.10000000000000142
4698, 0.0, -0.10000000000000142
4699, 0.0, -0.10000000000000142
4700, 0.0, -0.10000000000000142
4701, 0.0, -0.10000000000000142
4702, 0.0, -0.10000000000000142
4703, 0.0, -0.10000000000000142
4704, 0.0, -0.10000000000000142
4705, 0.0, -0.10000000000000142
4706, 0.0, -0.10000000000000142
4707, 0.0, -0.10000000000000142
4708, 0.0, -0.10000000000000142
4709, 0.0, -0.10000000000000142
4710, 0.0, -0.10000000000000142
4711, 0.0, -0.10000000000000142
4712, 0.0, -0.10000000000000142
4713, 0.0, -0.10000000000000142
4714, 0.0, -0.10000000000000142
4715, 0.0, -0.10000000000000142
4716, 0.0, -0.10000000000000142
4717, 0.0, -0.10000000000000142
4718, 0.0, -0.10000000000000142
4719, 0.0, -0.10000000000000142
4720, 0.0, -0.10000000000000142
4721, 0.0, -0.10000000000000142
4722, -0.09999999999999964, -0.10000000000000142
4723, -0.09999999999999964, -0.10000000000000142
4724, -0.09999999999999964, -0.10000000000000142
4725, -0.09999999999999964, -0.10000000000000142
4726, -0.09999999999999964, -0.10000000000000142
4727, -0.09999999999999964, 0.0
4728, 0.0, 0.0
4729, 0.0, 0.0
4730, 0.0, 0.0
4731, 0.0, 0.0
4732, 0.0, 0.0
4733, 0.09999999999999964, 0.0
4734, 0.09999999999999964, 0.0
4735, 0.09999999999999964, 0.0
4736, 0.09999999999999964, 0.0
4737, 0.09999999999999964, 0.0
4738, 0.09999999999999964, 0.0
4739, 0.09999999999999964, 0.0
4740, 0.09999999999999964, 0.10000000000000142
4741, 0.09999999999999964, 0.10000000000000142
4742, 0.09999999999999964, 0.10000000000000142
4743, 0.09999999999999964, 0.10000000000000142
4744, 0.09999999999999964, 0.10000000000000142
4745, 0.09999999999999964, 0.10000000000000142
4746, 0.09999999999999964, 0.10000000000000142
4747, 0.09999999999999964, 0.10000000000000142
4748, 0.09999999999999964, 0.10000000000000142
4749, 0.09999999999999964, 0.0
4750, 0.09999999999999964, 0.0
4751, 0.09999999999999964, 0.0
4752, 0.09999999999999964, 0.0
4753, 0.09999999999999964, 0.10000000000000142
4754, 0.09999999999999964, 0.10000000000000142
4755, 0.09999999999999964, 0.10000000000000142
4756, 0.09999999999999964, 0.10000000000000142
4757, 0.0, 0.10000000000000142
4758, 0.0, 0.10000000000000142
4759, 0.0, 0.10000000000000142
4760, 0.0, 0.10000000000000142
4761, 0.0, 0.0
4762, 0.0, 0.0
4763, 0.0, 0.0
4764, 0.0, 0.10000000000000142
4765, 0.0, 0.10000000000000142
4766, 0.0, 0.10000000000000142
4767, 0.0, 0.10000000000000142
4768, 0.0, 0.10000000000000142
4769, 0.0, 0.10000000000000142
4770, 0.0, 0.10000000000000142
4771, 0.0, 0.10000000000000142
4772, 0.0, 0.10000000000000142
4773, 0.0, 0.10000000000000142
4774, 0.0, 0.10000000000000142
4775, 0.0, 0.10000000000000142
4776, 0.0, 0.10000000000000142
4777, 0.0, 0.10000000000000142
4778, 0.0, 0.10000000000000142
4779, 0.0, 0.10000000000000142
4780, 0.0, 0.10000000000000142
4781, 0.0, 0.10000000000000142
4782, 0.0, 0.10000000000000142
4783, 0.0, 0.10000000000000142
4784, 0.0, 0.10000000000000142
4785, 0.0, 0.10000000000000142
4786, 0.0, 0.0
4787, 0.0, 0.0
4788, 0.0, 0.0
4789, 0.0, 0.0
4790, 0.0, 0.0
4791, 0.0, 0.0
4792, 0.0, 0.0
4793, 0.0, 0.0
4794, 0.0, 0.0
4795, 0.0, 0.0
4796, 0.09999999999999964, 0.0
4797, 0.09999999999999964, 0.0
4798, 0.09999999999999964, 0.0
4799, 0.09999999999999964, 0.0
4800, 0.09999999999999964, 0.0
4801, 0.09999999999999964, 0.0
4802, 0.09999999999999964, 0.0
4803, 0.09999999999999964, 0.0
4804, 0.09999999999999964, 0.0
4805, 0.0, 0.0
4806, 0.0, 0.0
4807, 0.0, 0.0
4808, 0.0, 0.0
4809, 0.0, 0.0
4810, 0.0, 0.0
4811, 0.0, 0.0
4812, 0.0, -0.10000000000000142
4813, 0.0, 0.0
4814, 0.0, 0.0
4815, 0.0, 0.0
4816, 0.0, 0.0
4817, 0.0, 0.0
4818, 0.0, 0.0
4819, 0.09999999999999964, 0.0
4820, 0.09999999999999964, 0.0
4821, 0.09999999999999964, 0.0
4822, 0.09999999999999964, 0.0
4823, 0.09999999999999964, 0.0
4824, 0.09999999999999964, -0.10000000000000142
4825, 0.09999999999999964, -0.10000000000000142
4826, 0.09999999999999964, -0.10000000000000142
4827, 0.09999999999999964, -0.10000000000000142
4828, 0.09999999999999964, 0.0
4829, 0.09999999999999964, 0.0
4830, 0.09999999999999964, -0.10000000000000142
4831, 0.09999999999999964, -0.10000000000000142
4832, 0.09999999999999964, -0.10000000000000142
4833, 0.09999999999999964, -0.10000000000000142
4834, 0.09999999999999964, -0.10000000000000142
4835, 0.09999999999999964, -0.10000000000000142
4836, 0.09999999999999964, -0.10000000000000142
4837, 0.09999999999999964, -0.10000000000000142
4838, 0.09999999999999964, -0.10000000000000142
4839, 0.09999999999999964, -0.10000000000000142
4840, 0.0, -0.10000000000000142
4841, 0.0, -0.10000000000000142
4842, 0.0, 0.0
4843, 0.0, 0.0
4844, 0.0, 0.0
4845, 0.0, 0.0
4846, 0.0, 0.0
4847, 0.0, 0.0
4848, 0.0, 0.0
4849, 0.0, 0.0
4850, 0.0, 0.0
4851, 0.0, 0.0
4852, 0.0, 0.0
4853, 0.0, 0.0
4854, 0.0, 0.0
4855, 0.0, 0.0
4856, 0.0, 0.0
4857, 0.0, 0.0
4858, 0.0, 0.0
4859, 0.0, 0.10000000000000142
4860, 0.0, 0.10000000000000142
4861, 0.0, 0.10000000000000142
4862, 0.0, 0.10000000000000142
4863, 0.0, 0.10000000000000142
4864, 0.0, 0.0
4865, 0.0, 0.0
4866, 0.0, 0.0
4867, 0.0, 0.0
4868, -0.09999999999999964, 0.0
4869, -0.09999999999999964, 0.0
4870, -0.09999999999999964, 0.0
4871, -0.09999999999999964, 0.0
4872, -0.09999999999999964, 0.0
4873, -0.09999999999999964, 0.0
4874, -0.09999999999999964, 0.0
4875, -0.09999999999999964, 0.0
4876, -0.09999999999999964, 0.0
4877, -0.09999999999999964, 0.0
4878, -0.09999999999999964, 0.0
4879, -0.09999999999999964, 0.0
4880, -0.09999999999999964, 0.0
4881, -0.09999999999999964, 0.0
4882, -0.09999999999999964, 0.0
4883, -0.09999999999999964, 0.0
4884, -0.09999999999999964, 0.0
4885, -0.09999999999999964, 0.0
4886, -0.09999999999999964, -0.10000000000000142
4887, 0.0, -0.10000000000000142
4888, 0.0, -0.10000000000000142
4889, 0.0, -0.10000000000000142
4890, 0.0, -0.10000000000000142
4891, 0.0, -0.10000000000000142
4892, 0.0, -0.10000000000000142
4893, 0.09999999999999964, -0.10000000000000142
4894, 0.09999999999999964, -0.10000000000000142
4895, 0.09999999999999964, -0.10000000000000142
4896, 0.09999999999999964, -0.10000000000000142
4897, 0.09999999999999964, -0.10000000000000142
4898, 0.09999999999999964, -0.10000000000000142
4899, 0.09999999999999964, -0.10000000000000142
4900, 0.09999999999999964, -0.10000000000000142
4901, 0.09999999999999964, -0.10000000000000142
4902, 0.09999999999999964, -0.10000000000000142
4903, 0.09999999999999964, 0.0
4904, 0.09999999999999964, 0.0
4905, 0.09999999999999964, 0.0
4906, 0.09999999999999964, 0.0
4907, 0.09999999999999964, 0.0
4908, 0.09999999999999964, 0.0
4909, 0.09999999999999964, 0.0
4910, 0.09999999999999964, 0.0
4911, 0.09999999999999964, 0.0
4912, 0.09999999999999964, 0.0
4913, 0.09999999999999964, 0.0
4914, 0.1999999999999993, 0.0
4915, 0.1999999999999993, 0.0
4916, 0.1999999999999993, 0.0
4917, 0.1999999999999993, 0.0
4918, 0.1999999999999993, 0.0
4919, 0.1999999999999993, 0.0
4920, 0.1999999999999993, 0.0
4921, 0.1999999999999993, 0.0
4922, 0.1999999999999993, 0.0
4923, 0.1999999999999993, 0.0
4924, 0.1999999999999993, 0.10000000000000142
4925, 0.1999999999999993, 0.10000000000000142
4926, 0.1999999999999993, 0.10000000000000142
4927, 0.1999999999999993, 0.10000000000000142
4928, 0.1999999999999993, 0.10000000000000142
4929, 0.1999999999999993, 0.0
4930, 0.1999999999999993, 0.0
4931, 0.1999999999999993, 0.0
4932, 0.1999999999999993, 0.0
4933, 0.1999999999999993, 0.0
4934, 0.1999999999999993, 0.0
4935, 0.1999999999999993, 0.0
4936, 0.1999999999999993, 0.0
4937, 0.1999999999999993, 0.0
4938, 0.1999999999999993, 0.0
4939, 0.09999999999999964, 0.0
4940, 0.09999999999999964, 0.0
4941, 0.09999999999999964, 0.0
4942, 0.09999999999999964, 0.0
4943, 0.09999999999999964, 0.0
4944, 0.09999999999999964, 0.0
4945, 0.09999999999999964, 0.0
4946, 0.09999999999999964, 0.0
4947, 0.09999999999999964, 0.0
4948, 0.09999999999999964, 0.0
4949, 0.09999999999999964, 0.0
4950, 0.09999999999999964, 0.0
4951, 0.09999999999999964, 0.0
4952, 0.09999999999999964, 0.0
4953, 0.09999999999999964, 0.0
4954, 0.09999999999999964, 0.0
4955, 0.09999999999999964, 0.0
4956, 0.09999999999999964, 0.0
4957, 0.09999999999999964, 0.0
4958, 0.09999999999999964, 0.0
4959, 0.09999999999999964, 0.0
4960, 0.09999999999999964, 0.0
4961, 0.09999999999999964, 0.0
4962, 0.0, 0.0
4963, 0.0, 0.0
4964, 0.0, 0.0
4965, 0.0, 0.0
4966, 0.0, 0.0
4967, 0.0, 0.0
4968, 0.0, 0.0
4969, 0.0, 0.0
4970, 0.0, 0.0
4971, 0.0, 0.0
4972, 0.0, 0.0
4973, 0.0, 0.0
4974, 0.0, 0.10000000000000142
4975, 0.0, 0.10000000000000142
4976, 0.0, 0.10000000000000142
4977, 0.0, 0.10000000000000142
4978, 0.0, 0.10000000000000142
4979, 0.0, 0.10000000000000142
4980, 0.0, 0.10000000000000142
4981, 0.0, 0.10000000000000142
4982, 0.0, 0.10000000000000142
4983, 0.0, 0.10000000000000142
4984, 0.0, 0.10000000000000142
4985, 0.0, 0.10000000000000142
4986, 0.0, 0.10000000000000142
4987, 0.0, 0.10000000000000142
4988, 0.0, 0.10000000000000142
4989, 0.0, 0.10000000000000142
4990, 0.0, 0.10000000000000142
4991, 0.0, 0.10000000000000142
4992, 0.0, 0.10000000000000142
4993, 0.0, 0.0
4994, 0.0, 0.0
4995, 0.0, 0.0
4996, 0.0, 0.0
4997, 0.0, 0.0
4998, 0.0, 0.0
4999, 0.0, 0.0
5000, 0.0, 0.0
5001, 0.0, 0.0
5002, 0.0, 0.0
5003, 0.0, -0.10000000000000142
5004, 0.0, -0.10000000000000142
5005, 0.0, -0.10000000000000142
5006, 0.0, -0.10000000000000142
5007, 0.0, -0.10000000000000142
5008, 0.0, -0.10000000000000142
5009, 0.0, -0.10000000000000142
5010, 0.0, -0.10000000000000142
5011, 0.0, -0.10000000000000142
5012, 0.0, -0.10000000000000142
5013, 0.0, -0.10000000000000142
5014, 0.0, -0.10000000000000142
5015, 0.0, -0.10000000000000142
5016, 0.0, -0.10000000000000142
5017, 0.0, -0.10000000000000142
5018, 0.0, -0.10000000000000142
5019, 0.0, -0.10000000000000142
5020, 0.0, -0.10000000000000142
5021, 0.0, -0.10000000000000142
5022, 0.0, -0.10000000000000142
5023, 0.0, -0.10000000000000142
5024, 0.0, -0.10000000000000142
5025, 0.0, -0.10000000000000142
5026, 0.0, -0.10000000000000142
5027, 0.0, -0.10000000000000142
5028, 0.0, -0.10000000000000142
5029, 0.0, -0.10000000000000142
5030, 0.0, -0.10000000000000142
5031, 0.0, -0.10000000000000142
5032, 0.0, -0.10000000000000142
5033, 0.0, -0.10000000000000142
5034, 0.0, -0.10000000000000142
5035, 0.0, -0.10000000000000142
5036, 0.0, -0.10000000000000142
5037, 0.0, 0.0
5038, 0.0, 0.0
5039, 0.0, 0.0
5040, 0.0, 0.0
5041, 0.0, 0.0
5042, 0.0, 0.0
5043, 0.0, 0.0
5044, 0.0, 0.0
5045, 0.0, 0.0
5046, 0.0, 0.0
5047, 0.0, 0.0
5048, 0.0, 0.0
5049, 0.0, 0.0
5050, 0.0, 0.0
5051, 0.0, 0.0
5052, 0.0, -0.10000000000000142
5053, 0.0, -0.10000000000000142
5054, 0.0, -0.10000000000000142
5055, 0.0, -0.10000000000000142
5056, 0.0, -0.10000000000000142
5057, 0.0, -0.10000000000000142
5058, 0.0, -0.10000000000000142
5059, 0.0, -0.10000000000000142
5060, 0.0, -0.10000000000000142
5061, 0.0, -0.10000000000000142
5062, 0.0, -0.10000000000000142
5063, 0.0, -0.10000000000000142
5064, 0.0, -0.10000000000000142
5065, 0.0, -0.10000000000000142
5066, 0.0, -0.10000000000000142
5067, 0.0, -0.10000000000000142
5068, 0.0, -0.10000000000000142
5069, 0.0, -0.10000000000000142
5070, 0.0, -0.10000000000000142
5071, 0.0, -0.10000000000000142
5072, 0.0, -0.10000000000000142
5073, 0.0, -0.10000000000000142
5074, 0.0, -0.10000000000000142
5075, 0.0, -0.10000000000000142
5076, 0.0, -0.10000000000000142
5077, 0.0, -0.10000000000000142
5078, 0.0, -0.10000000000000142
5079, 0.0, -0.10000000000000142
5080, 0.09999999999999964, -0.10000000000000142
5081, 0.09999999999999964, -0.10000000000000142
5082, 0.09999999999999964, -0.10000000000000142
5083, 0.09999999999999964, -0.10000000000000142
5084, 0.09999999999999964, -0.10000000000000142
5085, 0.09999999999999964, -0.10000000000000142
5086, 0.09999999999999964, -0.10000000000000142
5087, 0.09999999999999964, -0.10000000000000142
5088, 0.0, -0.10000000000000142
5089, 0.0, -0.10000000000000142
5090, 0.0, -0.10000000000000142
5091, 0.0, -0.10000000000000142
5092, 0.0, -0.10000000000000142
5093, 0.0, -0.10000000000000142
5094, 0.0, -0.10000000000000142
5095, 0.0, -0.10000000000000142
5096, 0.0, -0.10000000000000142
5097, 0.0, -0.10000000000000142
5098, 0.0, -0.10000000000000142
5099, 0.0, -0.10000000000000142
5100, 0.0, -0.10000000000000142
5101, 0.0, -0.10000000000000142
5102, 0.0, -0.10000000000000142
5103, 0.0, -0.10000000000000142
5104, 0.0, -0.10000000000000142
5105, 0.0, -0.10000000000000142
5106, 0.0, -0.10000000000000142
5107, -0.09999999999999964, -0.10000000000000142
5108, -0.09999999999999964, -0.10000000000000142
5109, -0.09999999999999964, -0.10000000000000142
5110, -0.09999999999999964, -0.10000000000000142
5111, -0.09999999999999964, -0.10000000000000142
5112, -0.09999999999999964, -0.10000000000000142
5113, -0.09999999999999964, -0.10000000000000142
5114, -0.09999999999999964, -0.10000000000000142
5115, -0.09999999999999964, -0.10000000000000142
5116, -0.09999999999999964, -0.10000000000000142
5117, -0.09999999999999964, -0.10000000000000142
5118, -0.09999999999999964, -0.10000000000000142
5119, -0.09999999999999964, -0.10000000000000142
5120, -0.09999999999999964, -0.10000000000000142
5121, -0.09999999999999964, -0.10000000000000142
5122, -0.09999999999999964, -0.10000000000000142
5123, -0.09999999999999964, -0.10000000000000142
5124, -0.09999999999999964, -0.10000000000000142
5125, -0.09999999999999964, -0.10000000000000142
5126, -0.09999999999999964, -0.10000000000000142
5127, -0.09999999999999964, -0.10000000000000142
5128, -0.09999999999999964, -0.10000000000000142
5129, -0.09999999999999964, -0.10000000000000142
5130, -0.09999999999999964, -0.10000000000000142
5131, 0.0, -0.10000000000000142
5132, 0.0, -0.10000000000000142
5133, 0.0, -0.10000000000000142
5134, 0.0, -0.10000000000000142
5135, 0.0, -0.10000000000000142
5136, 0.0, -0.10000000000000142
5137, 0.0, -0.10000000000000142
5138, 0.0, -0.10000000000000142
5139, 0.0, -0.10000000000000142
5140, 0.0, -0.10000000000000142
5141, 0.0, -0.10000000000000142
5142, -0.09999999999999964, -0.10000000000000142
5143, -0.09999999999999964, -0.10000000000000142
5144, -0.09999999999999964, -0.10000000000000142
5145, -0.09999999999999964, -0.10000000000000142
5146, -0.09999999999999964, -0.1999999999999993
5147, 0.0, -0.1999999999999993
5148, 0.0, -0.1999999999999993
5149, 0.0, -0.1999999999999993
5150, 0.0, -0.1999999999999993
5151, 0.0, -0.1999999999999993
5152, 0.0, -0.1999999999999993
5153, 0.0, -0.1999999999999993
5154, 0.09999999999999964, -0.1999999999999993
5155, 0.09999999999999964, -0.10000000000000142
5156, 0.09999999999999964, -0.10000000000000142
5157, 0.09999999999999964, -0.10000000000000142
5158, 0.09999999999999964, -0.10000000000000142
5159, 0.09999999999999964, -0.10000000000000142
5160, 0.09999999999999964, -0.10000000000000142
5161, 0.09999999999999964, -0.10000000000000142
5162, 0.09999999999999964, -0.10000000000000142
5163, 0.09999999999999964, 0.0
5164, 0.09999999999999964, 0.0
5165, 0.09999999999999964, 0.0
5166, 0.09999999999999964, 0.0
5167, 0.09999999999999964, 0.0
5168, 0.09999999999999964, 0.0
5169, 0.09999999999999964, 0.0
5170, 0.09999999999999964, 0.0
5171, 0.09999999999999964, 0.0
5172, 0.09999999999999964, 0.0
5173, 0.0, 0.0
5174, 0.0, 0.0
5175, 0.0, 0.0
5176, 0.0, 0.0
5177, 0.0, 0.0
5178, 0.0, -0.10000000000000142
5179, 0.0, -0.10000000000000142
5180, 0.0, -0.10000000000000142
5181, 0.0, -0.10000000000000142
5182, 0.0, -0.10000000000000142
5183, 0.0, -0.10000000000000142
5184, 0.0, 0.0
5185, 0.0, 0.0
5186, 0.0, 0.0
5187, 0.0, 0.0
5188, 0.0, 0.0
5189, 0.0, 0.0
5190, 0.0, 0.0
5191, 0.0, 0.0
5192, 0.0, 0.0
5193, 0.0, 0.0
5194, 0.0, 0.0
5195, 0.0, 0.0
5196, 0.0, 0.0
5197, 0.0, 0.0
5198, 0.0, 0.0
5199, 0.0, 0.0
5200, 0.0, 0.10000000000000142
5201, 0.0, 0.0
5202, 0.0, 0.0
5203, 0.0, 0.0
5204, 0.0, -0.10000000000000142
5205, 0.0, -0.10000000000000142
5206, 0.0, -0.10000000000000142
5207, 0.0, -0.10000000000000142
5208, 0.0, -0.10000000000000142
5209, 0.0, -0.10000000000000142
5210, 0.0, -0.10000000000000142
5211, 0.0, -0.10000000000000142
5212, 0.0, -0.10000000000000142
5213, 0.0, -0.10000000000000142
5214, 0.0, -0.10000000000000142
5215, 0.0, 0.0
5216, 0.0, 0.0
5217, 0.0, 0.0
5218, 0.0, 0.0
5219, 0.0, 0.0
5220, 0.0, 0.0
5221, 0.0, 0.0
5222, 0.0, 0.0
5223, 0.0, 0.0
5224, -0.09999999999999964, 0.0
5225, -0.09999999999999964, 0.0
5226, -0.09999999999999964, 0.0
5227, -0.09999999999999964, 0.0
5228, -0.09999999999999964, 0.0
5229, -0.09999999999999964, 0.0
5230, -0.09999999999999964, -0.10000000000000142
5231, -0.09999999999999964, -0.10000000000000142
5232, -0.09999999999999964, 0.0
5233, -0.09999999999999964, 0.0
5234, -0.09999999999999964, 0.0
5235, 0.0, 0.0
5236, 0.0, 0.0
5237, 0.0, 0.0
5238, 0.0, 0.0
5239, 0.0, 0.0
5240, 0.0, 0.0
5241, 0.0, 0.0
5242, 0.0, -0.10000000000000142
5243, 0.0, -0.10000000000000142
5244, 0.09999999999999964, -0.10000000000000142
5245, 0.09999999999999964, -0.10000000000000142
5246, 0.09999999999999964, -0.10000000000000142
5247, 0.09999999999999964, -0.10000000000000142
5248, 0.09999999999999964, 0.0
5249, 0.09999999999999964, 0.0
5250, 0.09999999999999964, 0.0
5251, 0.09999999999999964, 0.0
5252, 0.09999999999999964, 0.0
5253, 0.09999999999999964, 0.0
5254, 0.09999999999999964, 0.10000000000000142
5255, 0.09999999999999964, 0.0
5256, 0.09999999999999964, 0.0
5257, 0.09999999999999964, 0.0
5258, 0.09999999999999964, 0.0
5259, 0.09999999999999964, 0.0
5260, 0.09999999999999964, 0.0
5261, 0.09999999999999964, 0.0
5262, 0.09999999999999964, 0.0
5263, 0.0, 0.0
5264, 0.0, 0.0
5265, 0.0, 0.0
5266, 0.0, 0.0
5267, 0.0, 0.0
5268, 0.0, 0.0
5269, 0.0, 0.0
5270, 0.0, -0.10000000000000142
5271, 0.0, -0.10000000000000142
5272, 0.0, -0.10000000000000142
5273, 0.0, -0.10000000000000142
5274, 0.0, -0.10000000000000142
5275, 0.0, -0.10000000000000142
5276, 0.0, -0.10000000000000142
5277, 0.0, -0.10000000000000142
5278, 0.0, -0.10000000000000142
5279, 0.0, -0.10000000000000142
5280, 0.0, -0.10000000000000142
5281, 0.0, -0.10000000000000142
5282, 0.0, -0.10000000000000142
5283, 0.0, -0.10000000000000142
5284, 0.0, -0.10000000000000142
5285, 0.0, -0.10000000000000142
5286, 0.0, -0.10000000000000142
5287, 0.0, -0.10000000000000142
5288, 0.0, -0.10000000000000142
5289, 0.0, -0.10000000000000142
5290, 0.0, -0.10000000000000142
5291, 0.0, -0.10000000000000142
5292, 0.0, -0.10000000000000142
5293, 0.0, -0.10000000000000142
5294, 0.0, -0.10000000000000142
5295, 0.0, -0.10000000000000142
5296, 0.0, -0.10000000000000142
5297, 0.0, -0.10000000000000142
5298, 0.0, -0.10000000000000142
5299, 0.0, -0.10000000000000142
5300, 0.0, -0.10000000000000142
5301, 0.0, -0.10000000000000142
5302, 0.0, -0.10000000000000142
5303, 0.0, -0.10000000000000142
5304, 0.0, -0.10000000000000142
5305, 0.0, -0.10000000000000142
5306, 0.0, -0.10000000000000142
5307, 0.0, -0.10000000000000142
5308, 0.0, -0.10000000000000142
5309, 0.0, -0.10000000000000142
5310, 0.0, -0.10000000000000142
5311, 0.0, -0.10000000000000142
5312, 0.0, -0.10000000000000142
5313, 0.0, -0.10000000000000142
5314, 0.0, -0.10000000000000142
5315, 0.0, -0.10000000000000142
5316, 0.09999999999999964, -0.10000000000000142
5317, 0.09999999999999964, -0.10000000000000142
5318, 0.09999999999999964, -0.10000000000000142
5319, 0.09999999999999964, -0.10000000000000142
5320, 0.09999999999999964, -0.10000000000000142
5321, 0.09999999999999964, -0.10000000000000142
5322, 0.09999999999999964, -0.10000000000000142
5323, 0.09999999999999964, -0.10000000000000142
5324, 0.09999999999999964, -0.10000000000000142
5325, 0.09999999999999964, -0.10000000000000142
5326, 0.09999999999999964, 0.0
5327, 0.09999999999999964, 0.0
5328, 0.09999999999999964, 0.0
5329, 0.09999999999999964, 0.0
5330, 0.0, 0.0
5331, 0.0, 0.0
5332, 0.0, 0.0
5333, 0.0, 0.10000000000000142
5334, 0.0, 0.10000000000000142
5335, 0.0, 0.10000000000000142
5336, 0.0, 0.10000000000000142
5337, 0.0, 0.10000000000000142
5338, 0.0, 0.10000000000000142
5339, 0.0, 0.10000000000000142
5340, 0.0, 0.10000000000000142
5341, 0.0, 0.10000000000000142
5342, 0.0, 0.10000000000000142
5343, 0.0, 0.10000000000000142
5344, 0.0, 0.10000000000000142
5345, 0.0, 0.10000000000000142
5346, 0.0, 0.10000000000000142
5347, 0.0, 0.10000000000000142
5348, 0.0, 0.10000000000000142
5349, 0.0, 0.10000000000000142
5350, 0.0, 0.0
5351, 0.0, 0.0
5352, 0.0, 0.0
5353, 0.0, 0.0
5354, 0.0, 0.0
5355, 0.0, 0.0
5356, 0.0, 0.0
5357, 0.0, 0.0
5358, 0.0, 0.0
5359, 0.0, 0.10000000000000142
5360, 0.0, 0.10000000000000142
5361, 0.0, 0.10000000000000142
5362, 0.0, 0.0
5363, 0.0, 0.0
5364, 0.0, 0.0
5365, 0.0, 0.0
5366, 0.0, 0.0
5367, 0.0, 0.0
5368, 0.0, 0.0
5369, 0.0, 0.0
5370, 0.0, 0.0
5371, 0.0, 0.0
5372, 0.0, 0.0
5373, 0.0, 0.0
5374, 0.0, 0.0
5375, 0.0, 0.0
5376, 0.0, 0.0
5377, 0.0, 0.0
5378, 0.0, 0.0
5379, 0.0, 0.0
5380, 0.0, 0.0
5381, 0.0, 0.0
5382, 0.0, 0.0
5383, 0.0, 0.0
5384, 0.0, 0.0
5385, 0.0, 0.0
5386, 0.0, 0.0
5387, 0.0, 0.0
5388, 0.0, 0.0
5389, 0.0, 0.0
5390, 0.0, 0.0
5391, 0.0, 0.0
5392, 0.0, 0.0
5393, 0.0, 0.0
5394, 0.0, 0.0
5395, 0.0, 0.0
5396, 0.0, 0.0
5397, 0.0, 0.0
5398, 0.0, 0.10000000000000142
5399, 0.0, 0.0
5400, 0.0, 0.0
5401, 0.0, 0.0
5402, 0.0, 0.0
5403, 0.0, 0.0
5404, 0.0, 0.0
5405, 0.0, 0.0
5406, 0.0, 0.0
5407, 0.0, 0.0
5408, 0.0, 0.0
5409, 0.0, 0.0
5410, 0.0, 0.0
5411, 0.0, 0.0
5412, 0.0, 0.10000000000000142
5413, 0.0, 0.10000000000000142
5414, 0.0, 0.10000000000000142
5415, 0.0, 0.10000000000000142
5416, 0.0, 0.10000000000000142
5417, 0.0, 0.10000000000000142
5418, 0.0, 0.10000000000000142
5419, 0.0, 0.10000000000000142
5420, 0.0, 0.10000000000000142
5421, 0.0, 0.10000000000000142
5422, 0.0, 0.10000000000000142
5423, 0.0, 0.0
5424, 0.0, 0.0
5425, 0.0, 0.0
5426, 0.0, -0.10000000000000142
5427, 0.0, -0.10000000000000142
5428, 0.0, -0.10000000000000142
5429, 0.0, -0.10000000000000142
5430, 0.0, -0.10000000000000142
5431, 0.0, -0.10000000000000142
5432, 0.0, -0.10000000000000142
5433, 0.0, -0.10000000000000142
5434, 0.0, -0.10000000000000142
5435, 0.0, -0.10000000000000142
5436, 0.0, -0.10000000000000142
5437, 0.0, -0.10000000000000142
5438, 0.0, -0.10000000000000142
5439, 0.0, -0.10000000000000142
5440, 0.0, -0.10000000000000142
5441, 0.0, -0.10000000000000142
5442, 0.0, -0.10000000000000142
5443, 0.0, -0.10000000000000142
5444, 0.0, -0.10000000000000142
5445, 0.0, -0.10000000000000142
5446, 0.0, -0.10000000000000142
5447, 0.0, 0.0
5448, 0.0, 0.0
5449, 0.0, 0.0
5450, 0.0, 0.0
5451, 0.0, 0.0
5452, 0.0, 0.0
5453, 0.0, 0.0
5454, 0.0, 0.0
5455, 0.0, 0.0
5456, 0.0, 0.0
5457, 0.0, 0.0
5458, 0.0, 0.0
5459, 0.0, 0.0
5460, 0.0, 0.0
5461, 0.0, 0.10000000000000142
5462, 0.0, 0.10000000000000142
5463, 0.0, 0.10000000000000142
5464, 0.0, 0.10000000000000142
5465, 0.0, 0.10000000000000142
5466, 0.0, 0.10000000000000142
5467, 0.0, 0.10000000000000142
5468, 0.0, 0.10000000000000142
5469, 0.0, 0.10000000000000142
5470, 0.0, 0.10000000000000142
5471, 0.0, 0.10000000000000142
5472, 0.0, 0.10000000000000142
5473, 0.0, 0.0
5474, 0.0, 0.0
5475, 0.0, 0.0
5476, 0.0, 0.0
5477, 0.0, 0.0
5478, 0.0, 0.0
5479, 0.0, 0.0
5480, 0.0, 0.0
5481, 0.0, 0.0
5482, 0.0, 0.0
5483, 0.0, 0.0
5484, 0.0, 0.0
5485, 0.0, 0.0
5486, 0.0, 0.0
5487, 0.0, 0.0
5488, 0.0, 0.0
5489, 0.0, 0.0
5490, 0.0, 0.0
5491, 0.0, 0.0
5492, 0.0, 0.0
5493, 0.0, 0.0
5494, 0.0, 0.0
5495, 0.0, 0.0
5496, 0.0, 0.0
5497, 0.0, 0.0
5498, 0.0, 0.0
5499, 0.0, 0.0
5500, 0.0, 0.0
5501, 0.0, 0.0
5502, 0.0, 0.0
5503, 0.0, 0.0
5504, 0.0, 0.0
5505, 0.0, 0.0
5506, 0.0, 0.0
5507, 0.0, 0.0
5508, 0.0, 0.0
5509, 0.0, 0.0
5510, 0.0, 0.0
5511, 0.0, 0.0
5512, 0.0, 0.0
5513, 0.0, 0.0
5514, 0.0, 0.10000000000000142
5515, 0.0, 0.10000000000000142
5516, 0.0, 0.10000000000000142
5517, 0.0, 0.10000000000000142
5518, 0.0, 0.10000000000000142
5519, 0.0, 0.10000000000000142
5520, 0.0, 0.10000000000000142
5521, 0.0, 0.10000000000000142
5522, 0.0, 0.10000000000000142
5523, 0.0, 0.0
5524, 0.0, 0.0
5525, 0.0, 0.0
5526, 0.0, 0.0
5527, 0.0, 0.0
5528, 0.0, 0.10000000000000142
5529, 0.0, 0.10000000000000142
5530, 0.0, 0.10000000000000142
5531, 0.0, 0.10000000000000142
5532, 0.0, 0.10000000000000142
5533, 0.0, 0.0
5534, 0.0, 0.0
5535, 0.0, 0.0
5536, 0.0, 0.0
5537, 0.0, 0.0
5538, 0.0, 0.0
5539, 0.0, 0.0
5540, 0.0, 0.0
5541, 0.0, 0.10000000000000142
5542, 0.0, 0.10000000000000142
5543, 0.0, 0.10000000000000142
5544, 0.0, 0.10000000000000142
5545, 0.0, 0.0
5546, 0.0, 0.0
5547, 0.0, 0.0
5548, 0.0, 0.0
5549, 0.0, 0.0
5550, 0.0, 0.0
5551, 0.0, 0.0
5552, 0.0, 0.0
5553, 0.0, 0.0
5554, 0.09999999999999964, 0.0
5555, 0.09999999999999964, 0.0
5556, 0.09999999999999964, 0.10000000000000142
5557, 0.09999999999999964, 0.10000000000000142
5558, 0.09999999999999964, 0.10000000000000142
5559, 0.09999999999999964, 0.0
5560, 0.09999999999999964, 0.0
5561, 0.09999999999999964, 0.0
5562, 0.09999999999999964, 0.0
5563, 0.09999999999999964, 0.0
5564, 0.09999999999999964, 0.0
5565, 0.09999999999999964, 0.0
5566, 0.09999999999999964, 0.0
5567, 0.09999999999999964, 0.0
5568, 0.09999999999999964, 0.0
5569, 0.09999999999999964, 0.0
5570, 0.09999999999999964, 0.0
5571, 0.09999999999999964, 0.0
5572, 0.09999999999999964, 0.0
5573, 0.09999999999999964, 0.0
5574, 0.09999999999999964, -0.10000000000000142
5575, 0.0, 0.0
5576, 0.0, 0.0
5577, 0.0, 0.0
5578, 0.0, 0.0
5579, 0.0, 0.0
5580, 0.0, 0.0
5581, 0.0, 0.0
5582, 0.0, 0.0
5583, 0.0, 0.0
5584, 0.0, 0.0
5585, 0.0, 0.0
5586, 0.0, 0.0
5587, 0.0, 0.0
5588, 0.0, 0.0
5589, 0.0, 0.0
5590, 0.0, 0.0
5591, 0.0, 0.0
5592, 0.0, 0.0
5593, 0.0, 0.0
5594, 0.0, 0.0
5595, 0.0, 0.0
5596, 0.0, 0.0
5597, 0.0, 0.0
5598, 0.0, 0.0
5599, 0.0, -0.10000000000000142
5600, 0.0, -0.10000000000000142
5601, 0.0, -0.10000000000000142
5602, 0.0, -0.10000000000000142
5603, 0.0, -0.10000000000000142
5604, 0.0, -0.10000000000000142
5605, 0.0, -0.10000000000000142
5606, 0.0, -0.10000000000000142
5607, 0.0, 0.0
5608, 0.0, 0.0
5609, 0.0, 0.0
5610, 0.0, 0.0
5611, 0.0, 0.0
5612, 0.0, 0.0
5613, 0.0, 0.10000000000000142
5614, 0.0, 0.10000000000000142
5615, 0.0, 0.10000000000000142
5616, 0.0, 0.10000000000000142
5617, 0.09999999999999964, 0.10000000000000142
5618, 0.09999999999999964, 0.0
5619, 0.09999999999999964, 0.0
5620, 0.09999999999999964, 0.0
5621, 0.09999999999999964, 0.0
5622, 0.09999999999999964, 0.0
5623, 0.09999999999999964, 0.0
5624, 0.09999999999999964, 0.0
5625, 0.09999999999999964, 0.0
5626, 0.09999999999999964, 0.0
5627, 0.0, 0.0
5628, 0.0, 0.0
5629, 0.0, 0.0
5630, 0.0, 0.0
5631, 0.0, -0.10000000000000142
5632, 0.0, -0.10000000000000142
5633, 0.0, 0.0
5634, 0.0, 0.0
5635, 0.0, 0.0
5636, 0.0, 0.0
5637, 0.0, 0.0
5638, 0.0, 0.0
5639, 0.0, 0.10000000000000142
5640, 0.0, 0.10000000000000142
5641, 0.0, 0.10000000000000142
5642, 0.0, 0.0
5643, 0.0, 0.0
5644, 0.09999999999999964, 0.0
5645, 0.09999999999999964, 0.0
5646, 0.09999999999999964, 0.0
5647, 0.09999999999999964, 0.0
5648, 0.09999999999999964, 0.0
5649, 0.09999999999999964, 0.0
5650, 0.09999999999999964, 0.0
5651, 0.09999999999999964, 0.0
5652, 0.09999999999999964, 0.0
5653, 0.09999999999999964, 0.0
5654, 0.09999999999999964, 0.0
5655, 0.09999999999999964, 0.0
5656, 0.09999999999999964, 0.0
5657, 0.09999999999999964, 0.1999999999999993
5658, 0.09999999999999964, 0.1999999999999993
5659, 0.09999999999999964, 0.1999999999999993
5660, 0.09999999999999964, 0.1999999999999993
5661, 0.09999999999999964, 0.1999999999999993
5662, 0.09999999999999964, 0.1999999999999993
5663, 0.0, 0.1999999999999993
5664, 0.0, 0.10000000000000142
5665, 0.0, 0.10000000000000142
5666, 0.0, 0.10000000000000142
5667, 0.0, 0.10000000000000142
5668, 0.0, 0.10000000000000142
5669, 0.0, 0.10000000000000142
5670, 0.0, 0.10000000000000142
5671, 0.0, 0.10000000000000142
5672, 0.0, 0.10000000000000142
5673, 0.0, 0.10000000000000142
5674, 0.0, 0.0
5675, 0.0, 0.0
5676, 0.0, 0.0
5677, 0.0, 0.0
5678, 0.0, 0.0
5679, 0.0, 0.0
5680, 0.0, 0.0
5681, 0.0, 0.0
5682, 0.0, 0.0
5683, 0.0, 0.10000000000000142
5684, 0.0, 0.10000000000000142
5685, -0.09999999999999964, 0.10000000000000142
5686, -0.09999999999999964, 0.10000000000000142
5687, -0.09999999999999964, 0.10000000000000142
5688, -0.09999999999999964, 0.10000000000000142
5689, -0.09999999999999964, 0.10000000000000142
5690, -0.09999999999999964, 0.10000000000000142
5691, -0.09999999999999964, 0.10000000000000142
5692, -0.09999999999999964, 0.10000000000000142
5693, -0.20000000000000107, 0.10000000000000142
5694, -0.20000000000000107, 0.0
5695, -0.20000000000000107, 0.0
5696, -0.20000000000000107, 0.0
5697, -0.20000000000000107, 0.0
5698, -0.20000000000000107, 0.0
5699, -0.20000000000000107, 0.0
5700, -0.20000000000000107, 0.0
5701, -0.20000000000000107, 0.0
5702, -0.09999999999999964, 0.0
5703, -0.09999999999999964, 0.10000000000000142
5704, -0.09999999999999964, 0.10000000000000142
5705, -0.09999999999999964, 0.0
5706, -0.09999999999999964, 0.0
5707, -0.09999999999999964, 0.0
5708, -0.09999999999999964, 0.0
5709, -0.09999999999999964, 0.0
5710, -0.09999999999999964, 0.0
5711, -0.09999999999999964, 0.0
5712, -0.09999999999999964, 0.0
5713, -0.09999999999999964, 0.0
5714, 0.0, 0.0
5715, 0.0, 0.0
5716, 0.0, 0.0
5717, 0.0, 0.0
5718, 0.0, 0.0
5719, 0.0, 0.0
5720, 0.0, 0.0
5721, 0.0, 0.0
5722, 0.0, 0.0
5723, 0.0, 0.0
5724, 0.0, 0.0
5725, 0.0, 0.0
5726, 0.0, 0.0
5727, 0.0, 0.0
5728, 0.09999999999999964, 0.0
5729, 0.09999999999999964, 0.0
5730, 0.09999999999999964, 0.0
5731, 0.09999999999999964, -0.10000000000000142
5732, 0.09999999999999964, -0.10000000000000142
5733, 0.09999999999999964, -0.10000000000000142
5734, 0.09999999999999964, -0.10000000000000142
5735, 0.09999999999999964, -0.10000000000000142
5736, 0.09999999999999964, 0.0
5737, 0.09999999999999964, 0.0
5738, 0.09999999999999964, 0.0
5739, 0.0, 0.0
5740, 0.0, 0.0
5741, 0.0, 0.0
5742, 0.0, 0.0
5743, 0.0, 0.0
5744, 0.0, 0.0
5745, 0.0, 0.0
5746, 0.0, 0.0
5747, 0.0, 0.0
5748, 0.0, 0.0
5749, 0.0, 0.0
5750, 0.0, 0.0
5751, 0.0, 0.0
5752, 0.0, 0.0
5753, 0.0, -0.10000000000000142
5754, 0.0, -0.10000000000000142
5755, 0.0, -0.10000000000000142
5756, 0.0, -0.10000000000000142
5757, 0.0, -0.10000000000000142
5758, 0.0, -0.10000000000000142
5759, 0.0, -0.10000000000000142
5760, 0.0, -0.10000000000000142
5761, 0.0, -0.10000000000000142
5762, 0.0, -0.10000000000000142
5763, 0.0, -0.10000000000000142
5764, 0.0, -0.10000000000000142
5765, 0.0, -0.10000000000000142
5766, 0.0, 0.0
5767, 0.0, 0.0
5768, 0.0, 0.10000000000000142
5769, 0.0, 0.10000000000000142
5770, 0.0, 0.10000000000000142
5771, 0.0, 0.10000000000000142
5772, 0.0, 0.10000000000000142
5773, 0.0, 0.10000000000000142
5774, 0.0, 0.10000000000000142
5775, 0.0, 0.10000000000000142
5776, -0.09999999999999964, 0.10000000000000142
5777, -0.09999999999999964, 0.0
5778, -0.09999999999999964, 0.0
5779, -0.09999999999999964, 0.10000000000000142
5780, -0.09999999999999964, 0.10000000000000142
5781, -0.09999999999999964, 0.10000000000000142
5782, -0.09999999999999964, 0.10000000000000142
5783, -0.09999999999999964, 0.10000000000000142
5784, -0.09999999999999964, 0.10000000000000142
5785, -0.09999999999999964, 0.10000000000000142
5786, -0.09999999999999964, 0.10000000000000142
5787, -0.09999999999999964, 0.10000000000000142
5788, -0.09999999999999964, 0.0
5789, -0.09999999999999964, 0.0
5790, -0.09999999999999964, 0.0
5791, -0.09999999999999964, 0.0
5792, -0.09999999999999964, 0.0
5793, -0.09999999999999964, 0.10000000000000142
5794, -0.09999999999999964, 0.10000000000000142
5795, -0.09999999999999964, 0.10000000000000142
5796, -0.09999999999999964, 0.10000000000000142
5797, -0.09999999999999964, 0.10000000000000142
5798, -0.09999999999999964, 0.10000000000000142
5799, -0.09999999999999964, 0.10000000000000142
5800, -0.09999999999999964, 0.10000000000000142
5801, -0.09999999999999964, 0.10000000000000142
5802, -0.09999999999999964, 0.10000000000000142
5803, 0.0, 0.0
5804, 0.0, 0.0
5805, 0.0, 0.0
5806, 0.0, 0.0
5807, 0.09999999999999964, 0.0
5808, 0.09999999999999964, 0.0
5809, 0.09999999999999964, 0.0
5810, 0.09999999999999964, 0.10000000000000142
5811, 0.09999999999999964, 0.10000000000000142
5812, 0.1999999999999993, 0.10000000000000142
5813, 0.1999999999999993, 0.10000000000000142
5814, 0.1999999999999993, 0.10000000000000142
5815, 0.1999999999999993, 0.0
5816, 0.1999999999999993, 0.0
5817, 0.1999999999999993, 0.0
5818, 0.1999999999999993, 0.0
5819, 0.1999999999999993, 0.0
5820, 0.1999999999999993, 0.0
5821, 0.1999999999999993, 0.0
5822, 0.1999999999999993, 0.10000000000000142
5823, 0.09999999999999964, 0.10000000000000142
5824, 0.09999999999999964, 0.10000000000000142
5825, 0.09999999999999964, 0.10000000000000142
5826, 0.09999999999999964, 0.10000000000000142
5827, 0.09999999999999964, 0.0
5828, 0.09999999999999964, 0.0
5829, 0.09999999999999964, 0.0
5830, 0.09999999999999964, 0.0
5831, 0.09999999999999964, 0.0
5832, 0.09999999999999964, 0.0
5833, 0.09999999999999964, 0.0
5834, 0.09999999999999964, 0.0
5835, 0.09999999999999964, 0.0
5836, 0.09999999999999964, 0.10000000000000142
5837, 0.09999999999999964, 0.10000000000000142
5838, 0.09999999999999964, 0.10000000000000142
5839, 0.09999999999999964, 0.10000000000000142
5840, 0.09999999999999964, 0.10000000000000142
5841, 0.09999999999999964, 0.10000000000000142
5842, 0.09999999999999964, 0.10000000000000142
5843, 0.09999999999999964, 0.10000000000000142
5844, 0.09999999999999964, 0.10000000000000142
5845, 0.09999999999999964, 0.10000000000000142
5846, 0.09999999999999964, 0.10000000000000142
5847, 0.09999999999999964, 0.10000000000000142
5848, 0.09999999999999964, 0.10000000000000142
5849, 0.09999999999999964, 0.10000000000000142
5850, 0.09999999999999964, 0.10000000000000142
5851, 0.09999999999999964, 0.10000000000000142
5852, 0.09999999999999964, 0.10000000000000142
5853, 0.09999999999999964, 0.0
5854, 0.09999999999999964, 0.0
5855, 0.09999999999999964, 0.0
5856, 0.09999999999999964, 0.0
5857, 0.09999999999999964, 0.0
5858, 0.09999999999999964, 0.0
5859, 0.09999999999999964, 0.0
5860, 0.09999999999999964, 0.0
5861, 0.09999999999999964, 0.0
5862, 0.09999999999999964, 0.0
5863, 0.09999999999999964, 0.0
5864, 0.09999999999999964, 0.0
5865, 0.0, 0.0
5866, 0.0, 0.0
5867, 0.0, 0.0
5868, 0.0, 0.0
5869, 0.0, 0.0
5870, 0.0, 0.0
5871, 0.0, 0.0
5872, 0.0, 0.0
5873, 0.0, 0.0
5874, 0.0, 0.0
5875, 0.0, 0.0
5876, 0.0, 0.0
5877, 0.0, -0.10000000000000142
5878, 0.0, -0.10000000000000142
5879, 0.0, -0.10000000000000142
5880, 0.0, -0.10000000000000142
5881, 0.0, -0.10000000000000142
5882, 0.0, -0.10000000000000142
5883, 0.0, -0.10000000000000142
5884, 0.0, -0.10000000000000142
5885, 0.0, -0.10000000000000142
5886, 0.0, -0.10000000000000142
5887, 0.0, -0.10000000000000142
5888, 0.0, -0.10000000000000142
5889, 0.0, -0.10000000000000142
5890, 0.0, -0.10000000000000142
5891, 0.0, -0.10000000000000142
5892, 0.0, -0.10000000000000142
5893, 0.0, -0.10000000000000142
5894, 0.0, -0.10000000000000142
5895, 0.0, -0.10000000000000142
5896, 0.0, -0.10000000000000142
5897, 0.0, -0.10000000000000142
5898, 0.0, -0.10000000000000142
5899, 0.0, -0.10000000000000142
5900, 0.0, -0.10000000000000142
5901, 0.0, -0.10000000000000142
5902, 0.0, -0.10000000000000142
5903, 0.0, -0.10000000000000142
5904, 0.0, 0.0
5905, 0.0, 0.0
5906, -0.09999999999999964, 0.0
5907, -0.09999999999999964, 0.0
5908, -0.09999999999999964, 0.0
5909, -0.09999999999999964, 0.0
5910, -0.09999999999999964, 0.0
5911, -0.09999999999999964, 0.0
5912, -0.09999999999999964, 0.0
5913, -0.09999999999999964, 0.0
5914, -0.09999999999999964, 0.0
5915, -0.09999999999999964, 0.0
5916, -0.09999999999999964, 0.0
5917, -0.09999999999999964, 0.0
5918, -0.09999999999999964, 0.0
5919, -0.09999999999999964, 0.0
5920, -0.09999999999999964, 0.0
5921, -0.09999999999999964, 0.0
5922, -0.09999999999999964, 0.0
5923, -0.09999999999999964, 0.0
5924, 0.09999999999999964, 0.0
5925, 0.09999999999999964, 0.0
5926, 0.09999999999999964, 0.0
5927, 0.09999999999999964, 0.0
5928, 0.09999999999999964, 0.0
5929, 0.09999999999999964, 0.0
5930, 0.09999999999999964, 0.0
5931, 0.09999999999999964, 0.10000000000000142
5932, 0.09999999999999964, 0.10000000000000142
5933, 0.09999999999999964, 0.10000000000000142
5934, 0.09999999999999964, 0.10000000000000142
5935, 0.09999999999999964, 0.10000000000000142
5936, 0.09999999999999964, 0.10000000000000142
5937, 0.09999999999999964, 0.0
5938, 0.09999999999999964, 0.0
5939, 0.09999999999999964, 0.0
5940, 0.09999999999999964, 0.0
5941, 0.09999999999999964, 0.0
5942, 0.09999999999999964, 0.0
5943, 0.09999999999999964, 0.0
5944, 0.09999999999999964, 0.0
5945, 0.09999999999999964, 0.0
5946, 0.09999999999999964, 0.0
5947, 0.09999999999999964, 0.0
5948, 0.09999999999999964, 0.0
5949, 0.09999999999999964, 0.0
5950, 0.09999999999999964, 0.0
5951, 0.09999999999999964, 0.0
5952, 0.09999999999999964, 0.0
5953, 0.09999999999999964, 0.0
5954, 0.09999999999999964, 0.0
5955, 0.09999999999999964, 0.0
5956, 0.09999999999999964, 0.0
5957, 0.09999999999999964, 0.0
5958, 0.09999999999999964, 0.0
5959, 0.09999999999999964, 0.0
5960, 0.09999999999999964, 0.0
5961, 0.09999999999999964, 0.0
5962, 0.09999999999999964, 0.0
5963, 0.09999999999999964, 0.0
5964, 0.09999999999999964, 0.0
5965, 0.09999999999999964, -0.10000000000000142
5966, 0.09999999999999964, -0.10000000000000142
5967, 0.09999999999999964, -0.10000000000000142
5968, 0.09999999999999964, -0.10000000000000142
5969, 0.09999999999999964, -0.10000000000000142
5970, 0.09999999999999964, 0.0
5971, 0.09999999999999964, 0.0
5972, 0.09999999999999964, 0.0
5973, 0.09999999999999964, 0.0
5974, 0.09999999999999964, 0.0
5975, 0.09999999999999964, 0.0
5976, 0.09999999999999964, 0.0
5977, 0.09999999999999964, 0.0
5978, 0.09999999999999964, 0.0
5979, 0.09999999999999964, 0.0
5980, 0.09999999999999964, -0.10000000000000142
5981, 0.09999999999999964, -0.10000000000000142
5982, 0.09999999999999964, -0.10000000000000142
5983, 0.09999999999999964, -0.10000000000000142
5984, 0.09999999999999964, -0.10000000000000142
5985, 0.09999999999999964, 0.0
5986, 0.09999999999999964, 0.0
5987, 0.09999999999999964, 0.0
5988, 0.09999999999999964, 0.0
5989, 0.09999999999999964, 0.0
5990, 0.09999999999999964, 0.0
5991, 0.09999999999999964, 0.0
5992, 0.09999999999999964, -0.10000000000000142
5993, 0.09999999999999964, -0.10000000000000142
5994, 0.09999999999999964, -0.10000000000000142
5995, 0.09999999999999964, 0.0
5996, 0.09999999999999964, 0.0
5997, 0.09999999999999964, 0.0
5998, 0.09999999999999964, 0.0
5999, 0.09999999999999964, 0.0
6000, 0.09999999999999964, 0.0
6001, 0.09999999999999964, 0.0
6002, 0.0, 0.0
6003, 0.0, 0.0
6004, 0.0, 0.0
6005, 0.0, -0.10000000000000142
6006, 0.0, -0.10000000000000142
6007, 0.0, -0.10000000000000142
6008, 0.0, -0.10000000000000142
6009, 0.0, -0.10000000000000142
6010, 0.0, -0.10000000000000142
6011, 0.0, -0.10000000000000142
6012, 0.0, -0.10000000000000142
6013, 0.0, -0.10000000000000142
6014, 0.0, 0.0
6015, 0.0, 0.0
6016, 0.0, 0.0
6017, 0.0, 0.0
6018, 0.0, 0.0
6019, 0.0, 0.0
6020, 0.0, 0.0
6021, 0.0, 0.0
6022, 0.0, 0.0
6023, 0.0, 0.0
6024, 0.0, 0.0
6025, 0.0, 0.0
6026, 0.0, 0.0
6027, 0.0, 0.0
6028, 0.0, 0.0
6029, 0.0, 0.0
6030, 0.0, 0.0
6031, 0.0, 0.0
6032, 0.0, 0.0
6033, 0.0, 0.0
6034, 0.0, -0.10000000000000142
6035, 0.0, -0.10000000000000142
6036, 0.0, 0.0
6037, 0.0, 0.0
6038, 0.0, 0.0
6039, 0.0, 0.0
6040, 0.0, 0.0
6041, 0.0, 0.0
6042, 0.0, 0.0
6043, 0.0, 0.0
6044, 0.0, 0.0
6045, 0.0, 0.0
6046, 0.0, 0.10000000000000142
6047, 0.0, 0.10000000000000142
6048, 0.0, 0.10000000000000142
6049, 0.0, 0.10000000000000142
6050, 0.0, 0.0
6051, 0.0, 0.0
6052, 0.0, 0.0
6053, 0.0, 0.0
6054, 0.0, 0.0
6055, 0.0, 0.0
6056, 0.0, 0.0
6057, 0.0, 0.10000000000000142
6058, 0.0, 0.10000000000000142
6059, 0.0, 0.10000000000000142
6060, 0.0, 0.10000000000000142
6061, 0.0, 0.10000000000000142
6062, 0.0, 0.10000000000000142
6063, 0.0, 0.10000000000000142
6064, 0.0, 0.10000000000000142
6065, 0.0, 0.10000000000000142
6066, 0.0, 0.10000000000000142
6067, 0.0, 0.10000000000000142
6068, 0.0, 0.10000000000000142
6069, 0.0, 0.10000000000000142
6070, 0.09999999999999964, 0.10000000000000142
6071, 0.09999999999999964, 0.10000000000000142
6072, 0.09999999999999964, 0.10000000000000142
6073, 0.09999999999999964, 0.10000000000000142
6074, 0.09999999999999964, 0.10000000000000142
6075, 0.09999999999999964, 0.10000000000000142
6076, 0.09999999999999964, 0.10000000000000142
6077, 0.09999999999999964, 0.10000000000000142
6078, 0.09999999999999964, 0.10000000000000142
6079, 0.09999999999999964, 0.10000000000000142
6080, 0.09999999999999964, 0.10000000000000142
6081, 0.09999999999999964, 0.10000000000000142
6082, 0.09999999999999964, 0.10000000000000142
6083, 0.09999999999999964, 0.10000000000000142
6084, 0.09999999999999964, 0.10000000000000142
6085, 0.09999999999999964, 0.10000000000000142
6086, 0.09999999999999964, 0.0
6087, 0.09999999999999964, 0.0
6088, 0.09999999999999964, 0.0
6089, 0.09999999999999964, 0.0
6090, 0.09999999999999964, 0.0
6091, 0.09999999999999964, 0.0
6092, 0.09999999999999964, 0.0
6093, 0.09999999999999964, 0.0
6094, 0.0, 0.0
6095, 0.0, 0.0
6096, 0.0, 0.0
6097, 0.0, 0.0
6098, 0.0, 0.0
6099, 0.0, 0.0
6100, 0.0, 0.0
6101, 0.0, 0.0
6102, 0.0, 0.0
6103, 0.0, 0.0
6104, 0.0, 0.0
6105, 0.0, 0.0
6106, 0.0, 0.0
6107, 0.0, 0.0
6108, 0.0, 0.0
6109, 0.0, 0.0
6110, 0.0, 0.0
6111, 0.0, 0.0
6112, 0.0, 0.0
6113, 0.0, 0.0
6114, 0.0, 0.0
6115, 0.0, -0.10000000000000142
6116, 0.0, -0.10000000000000142
6117, 0.0, -0.10000000000000142
6118, 0.0, -0.10000000000000142
6119, 0.0, -0.10000000000000142
6120, 0.0, -0.10000000000000142
6121, 0.0, -0.10000000000000142
6122, 0.0, -0.10000000000000142
6123, 0.0, -0.10000000000000142
6124, 0.0, 0.0
6125, 0.0, 0.0
6126, 0.0, 0.0
6127, 0.09999999999999964, 0.0
6128, 0.09999999999999964, 0.0
6129, 0.09999999999999964, 0.0
6130, 0.09999999999999964, 0.0
6131, 0.09999999999999964, -0.10000000000000142
6132, 0.09999999999999964, -0.10000000000000142
6133, 0.09999999999999964, -0.10000000000000142
6134, 0.09999999999999964, -0.10000000000000142
6135, 0.09999999999999964, -0.10000000000000142
6136, 0.09999999999999964, -0.10000000000000142
6137, 0.09999999999999964, 0.0
6138, 0.09999999999999964, 0.0
6139, 0.09999999999999964, 0.0
6140, 0.09999999999999964, 0.0
6141, 0.09999999999999964, 0.0
6142, 0.09999999999999964, 0.0
6143, 0.09999999999999964, 0.0
6144, 0.09999999999999964, 0.0
6145, 0.09999999999999964, 0.0
6146, 0.0, 0.0
6147, 0.0, 0.0
6148, 0.0, 0.0
6149, 0.0, 0.0
6150, 0.09999999999999964, 0.0
6151, 0.09999999999999964, 0.0
6152, 0.09999999999999964, 0.0
6153, 0.09999999999999964, 0.0
6154, 0.09999999999999964, 0.10000000000000142
6155, 0.09999999999999964, 0.10000000000000142
6156, 0.09999999999999964, 0.10000000000000142
6157, 0.09999999999999964, 0.0
6158, 0.09999999999999964, 0.0
6159, 0.09999999999999964, 0.0
6160, 0.09999999999999964, 0.0
6161, 0.09999999999999964, 0.0
6162, 0.0, 0.0
6163, 0.0, 0.0
6164, 0.09999999999999964, 0.0
6165, 0.09999999999999964, 0.0
6166, 0.09999999999999964, 0.0
6167, 0.09999999999999964, 0.0
6168, 0.09999999999999964, 0.0
6169, 0.09999999999999964, 0.0
6170, 0.09999999999999964, -0.10000000000000142
6171, 0.09999999999999964, -0.10000000000000142
6172, 0.09999999999999964, -0.10000000000000142
6173, 0.09999999999999964, -0.10000000000000142
6174, 0.09999999999999964, -0.10000000000000142
6175, 0.09999999999999964, -0.10000000000000142
6176, 0.09999999999999964, -0.10000000000000142
6177, 0.09999999999999964, -0.10000000000000142
6178, 0.09999999999999964, -0.10000000000000142
6179, 0.0, -0.10000000000000142
6180, 0.0, -0.10000000000000142
6181, 0.0, -0.10000000000000142
6182, 0.0, -0.10000000000000142
6183, 0.0, -0.10000000000000142
6184, 0.0, -0.10000000000000142
6185, 0.0, -0.10000000000000142
6186, 0.0, -0.10000000000000142
6187, 0.0, -0.10000000000000142
6188, 0.0, -0.10000000000000142
6189, 0.0, -0.10000000000000142
6190, 0.0, 0.0
6191, 0.0, -0.10000000000000142
6192, 0.0, -0.10000000000000142
6193, 0.0, -0.10000000000000142
6194, 0.0, -0.10000000000000142
6195, 0.0, -0.10000000000000142
6196, 0.0, -0.10000000000000142
6197, 0.0, -0.10000000000000142
6198, 0.0, -0.10000000000000142
6199, 0.0, -0.10000000000000142
6200, 0.0, -0.10000000000000142
6201, 0.0, -0.10000000000000142
6202, 0.0, 0.0
6203, 0.0, 0.0
6204, 0.0, 0.0
6205, 0.0, 0.0
6206, 0.0, 0.0
6207, 0.0, 0.0
6208, 0.0, 0.0
6209, 0.0, 0.0
6210, 0.0, -0.10000000000000142
6211, 0.0, -0.10000000000000142
6212, 0.0, -0.10000000000000142
6213, 0.0, -0.10000000000000142
6214, 0.0, -0.10000000000000142
6215, 0.0, -0.10000000000000142
6216, 0.0, -0.10000000000000142
6217, 0.0, -0.10000000000000142
6218, 0.0, -0.10000000000000142
6219, 0.0, -0.10000000000000142
6220, 0.0, -0.10000000000000142
6221, 0.0, -0.10000000000000142
6222, 0.0, -0.10000000000000142
6223, 0.0, -0.10000000000000142
6224, 0.0, -0.10000000000000142
6225, 0.0, -0.10000000000000142
6226, 0.0, -0.10000000000000142
6227, 0.0, -0.10000000000000142
6228, 0.0, -0.10000000000000142
6229, 0.0, -0.10000000000000142
6230, 0.0, -0.10000000000000142
6231, 0.0, -0.10000000000000142
6232, 0.0, -0.10000000000000142
6233, 0.0, 0.0
6234, 0.0, 0.0
6235, 0.0, 0.0
6236, 0.0, 0.0
6237, 0.0, 0.0
6238, 0.0, 0.0
6239, -0.09999999999999964, 0.0
6240, -0.09999999999999964, 0.0
6241, -0.09999999999999964, 0.0
6242, -0.09999999999999964, 0.0
6243, -0.09999999999999964, 0.0
6244, -0.09999999999999964, 0.0
6245, -0.09999999999999964, 0.0
6246, -0.09999999999999964, 0.0
6247, -0.09999999999999964, 0.0
6248, -0.09999999999999964, 0.0
6249, -0.09999999999999964, 0.0
6250, -0.09999999999999964, 0.0
6251, -0.09999999999999964, 0.10000000000000142
6252, -0.09999999999999964, 0.10000000000000142
6253, -0.09999999999999964, 0.10000000000000142
6254, -0.09999999999999964, 0.10000000000000142
6255, -0.09999999999999964, 0.10000000000000142
6256, -0.09999999999999964, 0.10000000000000142
6257, -0.09999999999999964, 0.10000000000000142
6258, -0.09999999999999964, 0.10000000000000142
6259, -0.09999999999999964, 0.10000000000000142
6260, -0.09999999999999964, 0.0
6261, -0.09999999999999964, 0.0
6262, 0.0, 0.0
6263, 0.0, 0.0
6264, 0.0, 0.0
6265, 0.0, 0.0
6266, 0.0, 0.0
6267, 0.0, -0.10000000000000142
6268, 0.0, -0.10000000000000142
6269, 0.0, -0.10000000000000142
6270, 0.0, -0.10000000000000142
6271, 0.0, 0.0
6272, 0.0, 0.0
6273, 0.0, 0.0
6274, 0.0, 0.0
6275, 0.0, 0.0
6276, 0.0, 0.0
6277, 0.0, 0.0
6278, 0.0, 0.0
6279, 0.0, -0.10000000000000142
6280, 0.0, -0.10000000000000142
6281, 0.0, -0.10000000000000142
6282, 0.0, -0.10000000000000142
6283, 0.0, -0.10000000000000142
6284, 0.0, -0.10000000000000142
6285, 0.0, -0.10000000000000142
6286, 0.0, -0.10000000000000142
6287, 0.0, -0.10000000000000142
6288, 0.0, -0.10000000000000142
6289, 0.0, -0.10000000000000142
6290, 0.0, -0.10000000000000142
6291, 0.0, -0.10000000000000142
6292, 0.0, -0.1999999999999993
6293, 0.0, -0.1999999999999993
6294, 0.0, -0.1999999999999993
6295, 0.0, -0.1999999999999993
6296, 0.0, -0.1999999999999993
6297, 0.0, -0.1999999999999993
6298, 0.0, -0.1999999999999993
6299, 0.0, -0.1999999999999993
6300, 0.0, -0.10000000000000142
6301, 0.0, -0.10000000000000142
6302, 0.0, -0.10000000000000142
6303, 0.0, 0.0
6304, 0.0, 0.0
6305, 0.0, 0.0
6306, 0.0, 0.0
6307, 0.0, 0.0
6308, 0.0, 0.0
6309, 0.0, 0.0
6310, 0.0, 0.0
6311, 0.0, 0.0
6312, 0.0, 0.0
6313, 0.0, 0.0
6314, 0.0, 0.0
6315, 0.0, 0.0
6316, 0.0, 0.0
6317, 0.0, 0.0
6318, 0.0, 0.0
6319, 0.0, 0.0
6320, 0.0, 0.0
6321, 0.0, 0.0
6322, 0.0, 0.0
6323, 0.09999999999999964, 0.0
6324, 0.09999999999999964, 0.0
6325, 0.09999999999999964, 0.0
6326, 0.09999999999999964, 0.0
6327, 0.09999999999999964, 0.0
6328, 0.09999999999999964, 0.0
6329, 0.09999999999999964, 0.0
6330, 0.09999999999999964, 0.0
6331, 0.09999999999999964, 0.0
6332, 0.09999999999999964, 0.0
6333, 0.09999999999999964, 0.0
6334, 0.09999999999999964, 0.0
6335, 0.09999999999999964, 0.0
6336, 0.09999999999999964, 0.0
6337, 0.09999999999999964, 0.0
6338, 0.09999999999999964, 0.0
6339, 0.09999999999999964, 0.0
6340, 0.09999999999999964, 0.0
6341, 0.09999999999999964, 0.0
6342, 0.09999999999999964, 0.0
6343, 0.0, 0.0
6344, 0.0, -0.10000000000000142
6345, 0.0, -0.10000000000000142
6346, 0.0, -0.10000000000000142
6347, 0.0, 0.0
6348, 0.0, 0.0
6349, 0.0, 0.0
6350, 0.0, 0.0
6351, 0.0, 0.0
6352, 0.0, 0.0
6353, 0.0, 0.0
6354, 0.0, 0.0
6355, 0.0, 0.0
6356, 0.0, 0.0
6357, 0.0, 0.0
6358, 0.0, 0.0
6359, 0.0, 0.0
6360, 0.0, 0.0
6361, 0.0, 0.10000000000000142
6362, 0.0, 0.10000000000000142
6363, 0.0, 0.0
6364, 0.0, 0.0
6365, 0.0, 0.0
6366, 0.0, 0.0
6367, 0.0, 0.0
6368, 0.09999999999999964, 0.0
6369, 0.09999999999999964, 0.0
6370, 0.09999999999999964, 0.0
6371, 0.09999999999999964, 0.0
6372, 0.09999999999999964, 0.0
6373, 0.09999999999999964, 0.0
6374, 0.09999999999999964, 0.0
6375, 0.09999999999999964, 0.0
6376, 0.09999999999999964, 0.0
6377, 0.0, 0.10000000000000142
6378, 0.0, 0.10000000000000142
6379, 0.0, 0.10000000000000142
6380, 0.0, 0.10000000000000142
6381, 0.0, 0.10000000000000142
6382, 0.0, 0.0
6383, 0.0, 0.0
6384, 0.0, 0.0
6385, 0.0, 0.0
6386, 0.0, 0.0
6387, 0.0, 0.0
6388, 0.0, 0.0
6389, 0.0, -0.10000000000000142
6390, 0.0, -0.10000000000000142
6391, 0.0, -0.10000000000000142
6392, 0.0, -0.10000000000000142
6393, 0.0, -0.10000000000000142
6394, 0.0, -0.10000000000000142
6395, 0.0, -0.10000000000000142
6396, 0.0, -0.10000000000000142
6397, 0.0, -0.10000000000000142
6398, 0.0, -0.10000000000000142
6399, 0.0, -0.10000000000000142
6400, 0.0, -0.10000000000000142
6401, 0.0, -0.10000000000000142
6402, 0.0, -0.10000000000000142
6403, 0.0, -0.10000000000000142
6404, 0.0, -0.10000000000000142
6405, 0.0, -0.10000000000000142
6406, 0.0, -0.10000000000000142
6407, 0.0, -0.10000000000000142
6408, 0.0, -0.10000000000000142
6409, 0.0, -0.10000000000000142
6410, 0.0, -0.10000000000000142
6411, 0.0, -0.10000000000000142
6412, -0.09999999999999964, -0.10000000000000142
6413, -0.09999999999999964, -0.10000000000000142
6414, -0.09999999999999964, -0.10000000000000142
6415, -0.09999999999999964, -0.10000000000000142
6416, -0.09999999999999964, -0.10000000000000142
6417, -0.09999999999999964, -0.10000000000000142
6418, -0.09999999999999964, -0.10000000000000142
6419, -0.09999999999999964, -0.10000000000000142
6420, -0.09999999999999964, -0.10000000000000142
6421, 0.0, -0.10000000000000142
6422, 0.0, -0.10000000000000142
6423, 0.0, -0.10000000000000142
6424, 0.0, 0.0
6425, 0.0, 0.0
6426, 0.0, 0.0
6427, 0.0, 0.0
6428, 0.0, 0.0
6429, 0.0, 0.0
6430, 0.0, 0.0
6431, 0.0, 0.0
6432, 0.0, 0.0
6433, 0.0, 0.0
6434, 0.0, 0.0
6435, 0.0, 0.0
6436, 0.0, 0.0
6437, 0.0, 0.10000000000000142
6438, 0.0, 0.10000000000000142
6439, 0.0, 0.10000000000000142
6440, 0.0, 0.10000000000000142
6441, 0.0, 0.10000000000000142
6442, 0.0, 0.10000000000000142
6443, 0.0, 0.10000000000000142
6444, 0.0, 0.10000000000000142
6445, 0.0, 0.10000000000000142
6446, 0.0, 0.10000000000000142
6447, 0.0, 0.0
6448, 0.0, 0.0
6449, 0.0, 0.0
6450, 0.0, 0.0
6451, 0.0, 0.0
6452, 0.0, 0.0
6453, 0.0, 0.0
6454, 0.0, 0.0
6455, 0.0, 0.0
6456, 0.0, 0.0
6457, 0.0, 0.0
6458, 0.0, 0.0
6459, 0.0, 0.0
6460, 0.0, 0.0
6461, 0.0, 0.0
6462, 0.0, 0.0
6463, 0.0, 0.0
6464, 0.0, 0.0
6465, 0.0, 0.0
6466, 0.0, 0.0
6467, 0.0, 0.0
6468, 0.0, 0.0
6469, 0.0, 0.0
6470, 0.0, -0.10000000000000142
6471, 0.0, -0.10000000000000142
6472, 0.0, -0.10000000000000142
6473, 0.0, -0.10000000000000142
6474, 0.0, -0.10000000000000142
6475, 0.0, -0.10000000000000142
6476, 0.0, -0.10000000000000142
6477, 0.0, -0.1999999999999993
6478, 0.0, -0.1999999999999993
6479, 0.0, -0.1999999999999993
6480, 0.0, -0.1999999999999993
6481, 0.0, -0.1999999999999993
6482, 0.0, -0.1999999999999993
6483, 0.0, -0.1999999999999993
6484, 0.0, -0.1999999999999993
6485, 0.0, -0.1999999999999993
6486, 0.0, -0.1999999999999993
6487, -0.09999999999999964, -0.1999999999999993
6488, -0.09999999999999964, -0.1999999999999993
6489, -0.09999999999999964, -0.1999999999999993
6490, -0.09999999999999964, -0.1999999999999993
6491, -0.09999999999999964, -0.1999999999999993
6492, -0.09999999999999964, -0.1999999999999993
6493, -0.09999999999999964, -0.1999999999999993
6494, -0.09999999999999964, -0.10000000000000142
6495, -0.09999999999999964, -0.10000000000000142
6496, -0.09999999999999964, -0.10000000000000142
6497, 0.0, -0.10000000000000142
6498, 0.0, -0.10000000000000142
6499, 0.0, -0.10000000000000142
6500, 0.0, -0.10000000000000142
6501, 0.0, -0.10000000000000142
6502, 0.0, -0.10000000000000142
6503, 0.0, -0.10000000000000142
6504, 0.0, -0.10000000000000142
6505, 0.0, -0.10000000000000142
6506, 0.0, -0.10000000000000142
6507, 0.0, -0.10000000000000142
6508, 0.0, -0.10000000000000142
6509, 0.0, -0.10000000000000142
6510, 0.0, -0.10000000000000142
6511, 0.0, -0.10000000000000142
6512, 0.0, -0.10000000000000142
6513, 0.0, -0.10000000000000142
6514, 0.0, -0.10000000000000142
6515, 0.0, -0.10000000000000142
6516, 0.0, -0.10000000000000142
6517, 0.0, -0.10000000000000142
6518, 0.0, -0.10000000000000142
6519, 0.0, -0.10000000000000142
6520, 0.0, -0.10000000000000142
6521, 0.0, -0.10000000000000142
6522, 0.0, -0.10000000000000142
6523, 0.0, -0.10000000000000142
6524, 0.0, -0.10000000000000142
6525, 0.0, -0.10000000000000142
6526, 0.0, -0.10000000000000142
6527, 0.0, -0.10000000000000142
6528, 0.0, -0.10000000000000142
6529, 0.0, -0.10000000000000142
6530, 0.0, -0.10000000000000142
6531, 0.0, -0.10000000000000142
6532, 0.0, -0.10000000000000142
6533, -0.09999999999999964, -0.10000000000000142
6534, -0.09999999999999964, -0.10000000000000142
6535, -0.09999999999999964, -0.10000000000000142
6536, -0.09999999999999964, -0.10000000000000142
6537, -0.09999999999999964, 0.0
6538, -0.09999999999999964, 0.0
6539, -0.09999999999999964, 0.0
6540, -0.09999999999999964, 0.0
6541, -0.09999999999999964, 0.0
6542, -0.09999999999999964, 0.0
6543, -0.09999999999999964, 0.0
6544, -0.09999999999999964, 0.0
6545, -0.09999999999999964, 0.0
6546, -0.09999999999999964, 0.0
6547, -0.09999999999999964, 0.0
6548, -0.09999999999999964, 0.0
6549, -0.09999999999999964, 0.0
6550, -0.09999999999999964, 0.0
6551, -0.09999999999999964, 0.0
6552, -0.09999999999999964, 0.0
6553, -0.09999999999999964, 0.0
6554, 0.0, 0.0
6555, 0.0, 0.0
6556, 0.0, -0.10000000000000142
6557, 0.0, -0.10000000000000142
6558, 0.0, 0.0
6559, 0.0, 0.0
6560, 0.0, 0.0
6561, 0.0, 0.0
6562, 0.0, 0.0
6563, 0.0, 0.0
6564, 0.0, 0.0
6565, 0.0, 0.0
6566, 0.0, 0.0
6567, 0.0, 0.0
6568, -0.09999999999999964, 0.0
6569, -0.09999999999999964, 0.0
6570, -0.09999999999999964, 0.0
6571, -0.09999999999999964, 0.0
6572, -0.09999999999999964, 0.0
6573, -0.09999999999999964, 0.10000000000000142
6574, -0.09999999999999964, 0.10000000000000142
6575, -0.09999999999999964, 0.10000000000000142
6576, -0.09999999999999964, 0.10000000000000142
6577, -0.09999999999999964, 0.0
6578, -0.09999999999999964, 0.0
6579, -0.09999999999999964, 0.0
6580, -0.09999999999999964, 0.0
6581, -0.09999999999999964, 0.0
6582, -0.09999999999999964, 0.0
6583, -0.09999999999999964, 0.0
6584, -0.09999999999999964, 0.0
6585, -0.09999999999999964, 0.0
6586, -0.09999999999999964, 0.0
6587, -0.09999999999999964, 0.0
6588, -0.09999999999999964, 0.0
6589, -0.09999999999999964, 0.0
6590, -0.09999999999999964, 0.0
6591, -0.09999999999999964, 0.10000000000000142
6592, -0.09999999999999964, 0.10000000000000142
6593, 0.0, 0.10000000000000142
6594, 0.0, 0.10000000000000142
6595, 0.0, 0.10000000000000142
6596, 0.0, 0.10000000000000142
6597, 0.0, 0.10000000000000142
6598, 0.0, 0.10000000000000142
6599, 0.0, 0.10000000000000142
6600, 0.0, 0.0
6601, 0.0, 0.0
6602, 0.0, 0.0
6603, 0.09999999999999964, 0.0
6604, 0.09999999999999964, 0.10000000000000142
6605, 0.09999999999999964, 0.10000000000000142
6606, 0.09999999999999964, 0.10000000000000142
6607, 0.09999999999999964, 0.10000000000000142
6608, 0.09999999999999964, 0.10000000000000142
6609, 0.09999999999999964, 0.10000000000000142
6610, 0.09999999999999964, 0.0
6611, 0.09999999999999964, 0.0
6612, 0.09999999999999964, 0.0
6613, 0.09999999999999964, 0.0
6614, 0.09999999999999964, 0.0
6615, 0.09999999999999964, 0.0
6616, 0.09999999999999964, 0.0
6617, 0.09999999999999964, 0.0
6618, 0.09999999999999964, 0.0
6619, 0.09999999999999964, 0.0
6620, 0.09999999999999964, -0.10000000000000142
6621, 0.09999999999999964, -0.10000000000000142
6622, 0.09999999999999964, 0.0
6623, 0.09999999999999964, 0.0
6624, 0.09999999999999964, 0.0
6625, 0.09999999999999964, 0.0
6626, 0.09999999999999964, 0.0
6627, 0.09999999999999964, 0.0
6628, 0.09999999999999964, 0.0
6629, 0.09999999999999964, 0.0
6630, 0.09999999999999964, 0.0
6631, 0.09999999999999964, 0.0
6632, 0.09999999999999964, 0.0
6633, 0.09999999999999964, 0.0
6634, 0.09999999999999964, 0.0
6635, 0.09999999999999964, 0.0
6636, 0.09999999999999964, 0.0
6637, 0.09999999999999964, 0.0
6638, 0.09999999999999964, 0.0
6639, 0.09999999999999964, 0.0
6640, 0.09999999999999964, 0.0
6641, 0.09999999999999964, 0.0
6642, 0.09999999999999964, 0.0
6643, 0.09999999999999964, 0.0
6644, 0.09999999999999964, 0.0
6645, 0.09999999999999964, 0.0
6646, 0.09999999999999964, 0.0
6647, 0.09999999999999964, 0.0
6648, 0.09999999999999964, 0.0
6649, 0.09999999999999964, 0.0
6650, 0.09999999999999964, 0.0
6651, 0.09999999999999964, 0.10000000000000142
6652, 0.09999999999999964, 0.10000000000000142
6653, 0.09999999999999964, 0.10000000000000142
6654, 0.09999999999999964, 0.10000000000000142
6655, 0.09999999999999964, 0.10000000000000142
6656, 0.09999999999999964, 0.10000000000000142
6657, 0.09999999999999964, 0.0
6658, 0.09999999999999964, 0.0
6659, 0.09999999999999964, 0.0
6660, 0.09999999999999964, 0.0
6661, 0.0, 0.0
6662, 0.0, 0.0
6663, 0.0, 0.0
6664, 0.0, 0.0
6665, 0.0, 0.0
6666, 0.09999999999999964, 0.0
6667, 0.09999999999999964, 0.10000000000000142
6668, 0.09999999999999964, 0.10000000000000142
6669, 0.09999999999999964, 0.10000000000000142
6670, 0.09999999999999964, 0.10000000000000142
6671, 0.0, 0.10000000000000142
6672, 0.0, 0.10000000000000142
6673, 0.0, 0.0
6674, 0.0, 0.0
6675, 0.0, 0.0
6676, 0.0, 0.0
6677, 0.0, 0.0
6678, 0.0, 0.0
6679, 0.0, 0.0
6680, 0.0, 0.0
6681, 0.0, 0.0
6682, 0.0, 0.0
6683, 0.0, 0.0
6684, 0.0, 0.0
6685, 0.0, 0.0
6686, 0.0, 0.0
6687, 0.0, 0.0
6688, 0.0, 0.0
6689, 0.0, 0.0
6690, 0.0, 0.0
6691, 0.0, 0.0
6692, 0.0, 0.0
6693, 0.0, 0.0
6694, 0.0, -0.10000000000000142
6695, 0.0, -0.10000000000000142
6696, 0.0, -0.10000000000000142
6697, 0.09999999999999964, -0.10000000000000142
6698, 0.09999999999999964, -0.10000000000000142
6699, 0.09999999999999964, -0.10000000000000142
6700, 0.09999999999999964, -0.10000000000000142
6701, 0.09999999999999964, -0.10000000000000142
6702, 0.09999999999999964, -0.10000000000000142
6703, 0.09999999999999964, -0.10000000000000142
6704, 0.09999999999999964, -0.10000000000000142
6705, 0.09999999999999964, -0.10000000000000142
6706, 0.09999999999999964, -0.10000000000000142
6707, 0.09999999999999964, -0.10000000000000142
6708, 0.09999999999999964, -0.10000000000000142
6709, 0.09999999999999964, -0.10000000000000142
6710, 0.09999999999999964, -0.10000000000000142
6711, 0.09999999999999964, -0.10000000000000142
6712, 0.09999999999999964, -0.10000000000000142
6713, 0.09999999999999964, -0.10000000000000142
6714, 0.09999999999999964, -0.10000000000000142
6715, 0.09999999999999964, -0.10000000000000142
6716, 0.09999999999999964, -0.10000000000000142
6717, 0.09999999999999964, -0.10000000000000142
6718, 0.09999999999999964, 0.0
6719, 0.09999999999999964, 0.0
6720, 0.09999999999999964, 0.0
6721, 0.09999999999999964, 0.0
6722, 0.09999999999999964, -0.10000000000000142
6723, 0.09999999999999964, -0.10000000000000142
6724, 0.09999999999999964, -0.10000000000000142
6725, 0.09999999999999964, -0.10000000000000142
6726, 0.09999999999999964, -0.10000000000000142
6727, 0.09999999999999964, -0.10000000000000142
6728, 0.09999999999999964, -0.10000000000000142
6729, 0.09999999999999964, -0.10000000000000142
6730, 0.09999999999999964, -0.10000000000000142
6731, 0.09999999999999964, -0.10000000000000142
6732, 0.09999999999999964, -0.10000000000000142
6733, 0.09999999999999964, -0.10000000000000142
6734, 0.09999999999999964, -0.10000000000000142
6735, 0.09999999999999964, -0.10000000000000142
6736, 0.09999999999999964, -0.10000000000000142
6737, 0.09999999999999964, -0.10000000000000142
6738, 0.09999999999999964, -0.10000000000000142
6739, 0.09999999999999964, -0.10000000000000142
6740, 0.09999999999999964, -0.10000000000000142
6741, 0.09999999999999964, -0.10000000000000142
6742, 0.09999999999999964, -0.10000000000000142
6743, 0.09999999999999964, -0.10000000000000142
6744, 0.09999999999999964, -0.10000000000000142
6745, 0.09999999999999964, -0.10000000000000142
6746, 0.09999999999999964, 0.0
6747, 0.09999999999999964, 0.0
6748, 0.09999999999999964, 0.0
6749, 0.09999999999999964, 0.0
6750, 0.09999999999999964, 0.0
6751, 0.09999999999999964, 0.0
6752, 0.09999999999999964, 0.0
6753, 0.09999999999999964, 0.0
6754, 0.09999999999999964, 0.0
6755, 0.0, 0.0
6756, 0.0, 0.0
6757, 0.0, 0.0
6758, 0.0, 0.0
6759, 0.0, -0.10000000000000142
6760, 0.0, -0.10000000000000142
6761, 0.0, -0.10000000000000142
6762, 0.0, -0.10000000000000142
6763, 0.0, -0.10000000000000142
6764, 0.0, -0.10000000000000142
6765, 0.0, -0.10000000000000142
6766, 0.0, -0.10000000000000142
6767, 0.0, -0.10000000000000142
6768, 0.0, -0.10000000000000142
6769, 0.0, -0.10000000000000142
6770, 0.0, -0.10000000000000142
6771, 0.0, -0.10000000000000142
6772, 0.0, -0.10000000000000142
6773, 0.0, -0.10000000000000142
6774, 0.0, -0.10000000000000142
6775, 0.0, -0.10000000000000142
6776, 0.0, 0.0
6777, 0.0, 0.0
6778, 0.0, 0.0
6779, 0.0, 0.0
6780, 0.0, 0.0
6781, 0.0, 0.0
6782, 0.0, 0.0
6783, 0.0, 0.0
6784, 0.0, 0.0
6785, 0.0, 0.0
6786, 0.0, 0.0
6787, 0.0, 0.0
6788, 0.0, 0.0
6789, 0.0, 0.0
6790, 0.0, 0.0
6791, 0.0, 0.0
6792, 0.0, -0.10000000000000142
6793, 0.0, -0.10000000000000142
6794, 0.0, -0.10000000000000142
6795, 0.0, -0.10000000000000142
6796, 0.0, -0.10000000000000142
6797, 0.0, -0.10000000000000142
6798, 0.0, -0.10000000000000142
6799, 0.0, -0.10000000000000142
6800, 0.0, -0.10000000000000142
6801, 0.0, 0.0
6802, 0.0, 0.0
6803, 0.0, 0.0
6804, 0.0, 0.0
6805, 0.0, 0.0
6806, 0.0, 0.0
6807, 0.0, 0.0
6808, -0.09999999999999964, 0.0
6809, -0.09999999999999964, 0.0
6810, -0.09999999999999964, 0.0
6811, -0.09999999999999964, 0.0
6812, -0.09999999999999964, -0.10000000000000142
6813, -0.09999999999999964, -0.10000000000000142
6814, -0.09999999999999964, -0.10000000000000142
6815, -0.09999999999999964, -0.10000000000000142
6816, -0.09999999999999964, 0.0
6817, -0.09999999999999964, 0.0
6818, 0.0, 0.0
6819, 0.0, 0.0
6820, 0.0, 0.0
6821, 0.0, 0.0
6822, 0.0, 0.0
6823, 0.0, 0.0
6824, 0.0, 0.0
6825, 0.0, 0.0
6826, 0.0, 0.0
6827, 0.0, 0.0
6828, 0.0, 0.0
6829, 0.0, 0.0
6830, 0.0, 0.0
6831, 0.0, 0.0
6832, 0.0, 0.0
6833, 0.0, 0.10000000000000142
6834, 0.0, 0.10000000000000142
6835, 0.0, 0.10000000000000142
6836, 0.0, 0.10000000000000142
6837, 0.0, 0.10000000000000142
6838, 0.0, 0.10000000000000142
6839, 0.0, 0.10000000000000142
6840, 0.0, 0.10000000000000142
6841, 0.0, 0.10000000000000142
6842, 0.0, 0.10000000000000142
6843, 0.0, 0.10000000000000142
6844, 0.0, 0.10000000000000142
6845, 0.0, 0.10000000000000142
6846, 0.0, 0.10000000000000142
6847, 0.0, 0.10000000000000142
6848, 0.0, 0.10000000000000142
6849, 0.0, 0.10000000000000142
6850, 0.0, 0.10000000000000142
6851, 0.0, 0.10000000000000142
6852, 0.0, 0.10000000000000142
6853, 0.0, 0.10000000000000142
6854, 0.0, 0.10000000000000142
6855, 0.0, 0.10000000000000142
6856, 0.0, 0.10000000000000142
6857, 0.0, 0.10000000000000142
6858, 0.0, 0.10000000000000142
6859, 0.0, 0.10000000000000142
6860, 0.0, 0.10000000000000142
6861, 0.0, 0.10000000000000142
6862, 0.0, 0.10000000000000142
6863, 0.0, 0.10000000000000142
6864, 0.0, 0.10000000000000142
6865, 0.0, 0.10000000000000142
6866, 0.0, 0.10000000000000142
6867, 0.0, 0.10000000000000142
6868, 0.0, 0.10000000000000142
6869, 0.0, 0.10000000000000142
6870, 0.0, 0.10000000000000142
6871, 0.0, 0.10000000000000142
6872, 0.0, 0.10000000000000142
6873, 0.0, 0.10000000000000142
6874, 0.0, 0.10000000000000142
6875, 0.0, 0.10000000000000142
6876, 0.0, 0.10000000000000142
6877, 0.0, 0.10000000000000142
6878, 0.0, 0.10000000000000142
6879, 0.0, 0.10000000000000142
6880, 0.0, 0.10000000000000142
6881, 0.0, 0.10000000000000142
6882, 0.0, 0.10000000000000142
6883, 0.0, 0.10000000000000142
6884, 0.0, 0.10000000000000142
6885, 0.0, 0.10000000000000142
6886, 0.0, 0.10000000000000142
6887, 0.0, 0.10000000000000142
6888, 0.0, 0.10000000000000142
6889, 0.0, 0.10000000000000142
6890, 0.0, 0.10000000000000142
6891, 0.0, 0.10000000000000142
6892, 0.0, 0.10000000000000142
6893, 0.0, 0.10000000000000142
6894, 0.0, 0.10000000000000142
6895, 0.0, 0.10000000000000142
6896, 0.0, 0.10000000000000142
6897, 0.0, 0.10000000000000142
6898, 0.0, 0.10000000000000142
6899, 0.0, 0.10000000000000142
6900, 0.0, 0.10000000000000142
6901, 0.0, 0.10000000000000142
6902, 0.0, 0.10000000000000142
6903, 0.0, 0.10000000000000142
6904, 0.0, 0.10000000000000142
6905, 0.0, 0.10000000000000142
6906, 0.0, 0.10000000000000142
6907, 0.0, 0.10000000000000142
6908, 0.0, 0.10000000000000142
6909, 0.0, 0.10000000000000142
6910, 0.0, 0.10000000000000142
6911, 0.0, 0.10000000000000142
6912, 0.0, 0.10000000000000142
6913, 0.0, 0.10000000000000142
6914, 0.0, 0.0
6915, 0.0, 0.0
6916, 0.0, 0.0
6917, 0.0, 0.0
6918, 0.0, 0.0
6919, 0.0, 0.10000000000000142
6920, 0.0, 0.10000000000000142
6921, 0.0, 0.10000000000000142
6922, 0.0, 0.10000000000000142
6923, 0.0, 0.10000000000000142
6924, 0.0, 0.10000000000000142
6925, 0.0, 0.10000000000000142
6926, 0.0, 0.10000000000000142
6927, 0.0, 0.10000000000000142
6928, 0.0, 0.0
6929, 0.0, 0.0
6930, 0.0, 0.0
6931, 0.0, 0.0
6932, 0.0, 0.0
6933, 0.0, 0.0
6934, 0.0, 0.0
6935, -0.09999999999999964, 0.0
6936, -0.09999999999999964, 0.0
6937, -0.09999999999999964, 0.0
6938, -0.09999999999999964, 0.0
6939, -0.09999999999999964, 0.0
6940, -0.09999999999999964, 0.0
6941, -0.09999999999999964, 0.0
6942, -0.09999999999999964, 0.0
6943, -0.09999999999999964, -0.10000000000000142
6944, -0.09999999999999964, -0.10000000000000142
6945, -0.09999999999999964, -0.10000000000000142
6946, 0.0, -0.10000000000000142
6947, 0.0, -0.10000000000000142
6948, 0.0, -0.10000000000000142
6949, 0.0, -0.10000000000000142
6950, 0.0, -0.10000000000000142
6951, 0.0, -0.10000000000000142
6952, 0.0, -0.10000000000000142
6953, 0.0, -0.10000000000000142
6954, 0.0, -0.10000000000000142
6955, 0.0, -0.10000000000000142
6956, 0.0, -0.10000000000000142
6957, 0.0, -0.10000000000000142
6958, 0.0, -0.10000000000000142
6959, 0.0, -0.10000000000000142
6960, -0.09999999999999964, -0.10000000000000142
6961, -0.09999999999999964, -0.10000000000000142
6962, -0.09999999999999964, -0.10000000000000142
6963, -0.09999999999999964, -0.10000000000000142
6964, -0.09999999999999964, -0.10000000000000142
6965, -0.09999999999999964, -0.10000000000000142
6966, -0.09999999999999964, -0.10000000000000142
6967, -0.09999999999999964, -0.10000000000000142
6968, -0.09999999999999964, -0.10000000000000142
6969, -0.09999999999999964, -0.10000000000000142
6970, -0.09999999999999964, -0.10000000000000142
6971, -0.09999999999999964, -0.10000000000000142
6972, -0.09999999999999964, -0.10000000000000142
6973, -0.09999999999999964, -0.10000000000000142
6974, -0.09999999999999964, -0.10000000000000142
6975, -0.09999999999999964, 0.0
6976, -0.09999999999999964, 0.0
6977, -0.09999999999999964, 0.0
6978, -0.09999999999999964, 0.0
6979, -0.09999999999999964, 0.0
6980, -0.09999999999999964, 0.0
6981, -0.09999999999999964, 0.0
6982, -0.09999999999999964, 0.0
6983, -0.09999999999999964, 0.0
6984, -0.09999999999999964, 0.0
6985, 0.0, 0.0
6986, 0.0, 0.0
6987, 0.0, 0.0
6988, 0.0, 0.0
6989, 0.0, 0.0
6990, 0.0, 0.0
6991, 0.0, 0.0
6992, 0.0, 0.0
6993, 0.0, 0.0
6994, 0.0, 0.0
6995, 0.0, 0.0
6996, 0.0, 0.0
6997, 0.0, 0.0
6998, 0.0, 0.0
6999, 0.0, 0.0
7000, 0.0, 0.0
7001, 0.0, 0.0
7002, 0.0, 0.0
7003, 0.09999999999999964, 0.0
7004, 0.09999999999999964, 0.10000000000000142
7005, 0.09999999999999964, 0.10000000000000142
7006, 0.09999999999999964, 0.10000000000000142
7007, 0.09999999999999964, 0.0
7008, 0.09999999999999964, 0.0
7009, 0.09999999999999964, 0.0
7010, 0.09999999999999964, 0.0
7011, 0.09999999999999964, 0.0
7012, 0.09999999999999964, 0.0
7013, 0.09999999999999964, 0.0
7014, 0.09999999999999964, 0.0
7015, 0.09999999999999964, 0.0
7016, 0.09999999999999964, 0.0
7017, 0.09999999999999964, 0.0
7018, 0.09999999999999964, 0.0
7019, 0.0, 0.0
7020, 0.0, 0.0
7021, 0.0, 0.0
7022, 0.0, 0.0
7023, 0.0, 0.0
7024, 0.0, 0.0
7025, 0.0, 0.0
7026, 0.0, 0.0
7027, 0.0, 0.0
7028, 0.0, 0.0
7029, 0.0, 0.0
7030, 0.0, 0.0
7031, 0.0, 0.0
7032, 0.0, 0.0
7033, 0.0, 0.0
7034, 0.0, 0.0
7035, 0.0, 0.0
7036, 0.0, 0.0
7037, 0.0, 0.0
7038, 0.0, 0.0
7039, 0.0, 0.0
7040, 0.0, 0.0
7041, 0.0, 0.0
7042, 0.0, 0.0
7043, 0.0, 0.0
7044, 0.0, 0.0
7045, 0.0, 0.0
7046, 0.0, 0.0
7047, 0.0, 0.0
7048, 0.0, 0.0
7049, 0.0, 0.0
7050, 0.0, 0.0
7051, 0.0, 0.0
7052, 0.0, 0.0
7053, 0.0, 0.0
7054, 0.0, 0.0
7055, 0.0, 0.0
7056, 0.0, 0.0
7057, 0.0, 0.0
7058, 0.0, 0.0
7059, 0.0, 0.0
7060, 0.0, 0.0
7061, 0.0, 0.0
7062, 0.0, 0.0
7063, 0.0, 0.0
7064, 0.0, 0.0
7065, 0.0, 0.0
7066, 0.0, 0.0
7067, 0.0, 0.0
7068, 0.0, 0.0
7069, 0.0, 0.0
7070, 0.0, 0.0
7071, 0.0, 0.0
7072, 0.0, 0.0
7073, 0.0, 0.0
7074, 0.0, 0.0
7075, 0.0, 0.0
7076, 0.0, 0.0
7077, 0.0, 0.0
7078, 0.0, 0.0
7079, 0.0, 0.0
7080, 0.0, 0.0
7081, 0.0, 0.0
7082, 0.0, 0.0
7083, 0.0, 0.0
7084, 0.0, 0.0
7085, 0.0, 0.0
7086, 0.0, 0.0
7087, 0.0, 0.0
7088, 0.0, 0.0
7089, 0.0, 0.0
7090, 0.0, 0.10000000000000142
7091, 0.0, 0.10000000000000142
7092, 0.0, 0.10000000000000142
7093, 0.0, 0.0
7094, 0.0, 0.0
7095, 0.0, 0.0
7096, 0.0, 0.0
7097, 0.0, 0.0
7098, 0.09999999999999964, 0.0
7099, 0.09999999999999964, 0.0
7100, 0.09999999999999964, 0.0
7101, 0.09999999999999964, 0.10000000000000142
7102, 0.09999999999999964, 0.10000000000000142
7103, 0.09999999999999964, 0.10000000000000142
7104, 0.09999999999999964, 0.10000000000000142
7105, 0.09999999999999964, 0.10000000000000142
7106, 0.09999999999999964, 0.10000000000000142
7107, 0.09999999999999964, 0.0
7108, 0.09999999999999964, 0.0
7109, 0.09999999999999964, 0.0
7110, 0.09999999999999964, 0.0
7111, 0.09999999999999964, 0.0
7112, 0.09999999999999964, 0.0
7113, 0.09999999999999964, 0.0
7114, 0.09999999999999964, 0.0
7115, 0.09999999999999964, 0.0
7116, 0.09999999999999964, 0.0
7117, 0.09999999999999964, 0.0
7118, 0.09999999999999964, 0.0
7119, 0.09999999999999964, 0.0
7120, 0.09999999999999964, 0.0
7121, 0.09999999999999964, 0.0
7122, 0.09999999999999964, 0.0
7123, 0.09999999999999964, 0.0
7124, 0.09999999999999964, 0.0
7125, 0.09999999999999964, 0.0
7126, 0.09999999999999964, 0.0
7127, 0.09999999999999964, 0.0
7128, 0.09999999999999964, 0.0
7129, 0.09999999999999964, 0.0
7130, 0.09999999999999964, 0.0
7131, 0.09999999999999964, 0.0
7132, 0.09999999999999964, 0.0
7133, 0.09999999999999964, 0.0
7134, 0.09999999999999964, 0.0
7135, 0.09999999999999964, 0.0
7136, 0.09999999999999964, 0.0
7137, 0.09999999999999964, 0.0
7138, 0.09999999999999964, 0.0
7139, 0.09999999999999964, 0.0
7140, 0.09999999999999964, 0.0
7141, 0.09999999999999964, 0.0
7142, 0.09999999999999964, 0.0
7143, 0.09999999999999964, 0.0
7144, 0.09999999999999964, 0.0
7145, 0.09999999999999964, 0.0
7146, 0.09999999999999964, 0.0
7147, 0.0, 0.0
7148, 0.0, 0.0
7149, 0.0, 0.0
7150, 0.0, 0.0
7151, 0.0, 0.0
7152, 0.0, 0.0
7153, 0.0, 0.0
7154, -0.09999999999999964, 0.0
7155, -0.09999999999999964, 0.10000000000000142
7156, -0.09999999999999964, 0.10000000000000142
7157, -0.09999999999999964, 0.10000000000000142
7158, -0.09999999999999964, 0.0
7159, -0.09999999999999964, 0.0
7160, -0.09999999999999964, 0.0
7161, 0.0, 0.0
7162, 0.0, 0.0
7163, 0.0, 0.0
7164, 0.0, 0.0
7165, 0.0, 0.0
7166, 0.0, 0.0
7167, 0.0, 0.0
7168, 0.0, 0.0
7169, 0.0, 0.0
7170, 0.0, 0.0
7171, 0.0, 0.0
7172, 0.0, 0.0
7173, 0.0, 0.0
7174, 0.0, 0.0
7175, 0.0, 0.0
7176, 0.0, 0.0
7177, 0.0, 0.0
7178, 0.0, 0.0
7179, 0.0, 0.0
7180, 0.0, 0.0
7181, 0.0, 0.0
7182, 0.0, 0.0
7183, 0.0, 0.0
7184, 0.0, 0.0
7185, 0.0, 0.0
7186, 0.0, 0.0
7187, 0.0, 0.0
7188, 0.0, 0.0
7189, 0.0, 0.0
7190, 0.0, 0.0
7191, 0.0, 0.0
7192, 0.0, 0.0
7193, 0.0, 0.0
7194, 0.0, 0.0
7195, 0.0, 0.0
7196, 0.0, -0.10000000000000142
7197, 0.0, -0.10000000000000142
7198, 0.0, -0.10000000000000142
7199, 0.09999999999999964, -0.10000000000000142
7200, 0.09999999999999964, -0.10000000000000142
7201, 0.09999999999999964, -0.10000000000000142
7202, 0.09999999999999964, -0.10000000000000142
7203, 0.09999999999999964, -0.10000000000000142
7204, 0.09999999999999964, -0.10000000000000142
7205, 0.09999999999999964, -0.10000000000000142
7206, 0.09999999999999964, -0.10000000000000142
7207, 0.09999999999999964, -0.10000000000000142
7208, 0.09999999999999964, -0.10000000000000142
7209, 0.09999999999999964, -0.10000000000000142
7210, 0.09999999999999964, -0.10000000000000142
7211, 0.09999999999999964, -0.10000000000000142
7212, 0.09999999999999964, 0.0
7213, 0.09999999999999964, 0.0
7214, 0.09999999999999964, 0.0
7215, 0.09999999999999964, 0.0
7216, 0.09999999999999964, 0.0
7217, 0.09999999999999964, 0.0
7218, 0.09999999999999964, 0.0
7219, 0.09999999999999964, 0.0
7220, 0.09999999999999964, 0.0
7221, 0.09999999999999964, 0.0
7222, 0.09999999999999964, 0.0
7223, 0.09999999999999964, 0.0
7224, 0.09999999999999964, 0.0
7225, 0.09999999999999964, 0.0
7226, 0.09999999999999964, 0.0
7227, 0.09999999999999964, 0.0
7228, 0.09999999999999964, 0.0
7229, 0.09999999999999964, 0.0
7230, 0.09999999999999964, 0.0
7231, 0.1999999999999993, 0.0
7232, 0.1999999999999993, 0.0
7233, 0.1999999999999993, 0.0
7234, 0.09999999999999964, 0.0
7235, 0.09999999999999964, 0.0
7236, 0.09999999999999964, 0.0
7237, 0.09999999999999964, 0.0
7238, 0.09999999999999964, 0.0
7239, 0.09999999999999964, 0.0
7240, 0.09999999999999964, 0.0
7241, 0.09999999999999964, 0.0
7242, 0.09999999999999964, 0.0
7243, 0.09999999999999964, 0.0
7244, 0.09999999999999964, 0.0
7245, 0.0, 0.0
7246, 0.0, 0.0
7247, 0.0, 0.0
7248, 0.0, 0.10000000000000142
7249, 0.0, 0.10000000000000142
7250, 0.0, 0.0
7251, 0.0, 0.0
7252, 0.0, 0.0
7253, 0.0, 0.0
7254, 0.0, 0.0
7255, 0.0, 0.0
7256, 0.0, 0.0
7257, 0.0, 0.0
7258, 0.0, 0.0
7259, 0.0, 0.0
7260, 0.0, 0.0
7261, 0.0, 0.0
7262, 0.0, 0.0
7263, 0.0, 0.0
7264, 0.0, 0.0
7265, 0.0, 0.0
7266, 0.0, 0.0
7267, 0.0, 0.0
7268, 0.0, 0.0
7269, 0.0, 0.0
7270, 0.0, 0.0
7271, 0.0, 0.10000000000000142
7272, 0.0, 0.10000000000000142
7273, 0.0, 0.10000000000000142
7274, 0.0, 0.10000000000000142
7275, 0.0, 0.10000000000000142
7276, 0.0, 0.10000000000000142
7277, 0.0, 0.10000000000000142
7278, 0.0, 0.10000000000000142
7279, 0.0, 0.10000000000000142
7280, 0.0, 0.10000000000000142
7281, 0.0, 0.10000000000000142
7282, 0.0, 0.10000000000000142
7283, 0.0, 0.10000000000000142
7284, 0.0, 0.10000000000000142
7285, 0.0, 0.10000000000000142
7286, 0.0, 0.10000000000000142
7287, 0.0, 0.10000000000000142
7288, 0.0, 0.10000000000000142
7289, 0.0, 0.10000000000000142
7290, 0.0, 0.10000000000000142
7291, 0.0, 0.10000000000000142
7292, 0.0, 0.10000000000000142
7293, 0.09999999999999964, 0.10000000000000142
7294, 0.0, 0.0
7295, 0.0, -0.10000000000000142
7296, 0.0, -0.10000000000000142
7297, 0.0, -0.10000000000000142
7298, 0.0, -0.10000000000000142
7299, 0.0, -0.10000000000000142
7300, 0.0, -0.10000000000000142
7301, 0.0, -0.10000000000000142
7302, 0.0, -0.10000000000000142
7303, 0.0, -0.10000000000000142
7304, 0.0, -0.10000000000000142
7305, 0.0, -0.10000000000000142
7306, 0.0, -0.10000000000000142
7307, 0.0, -0.10000000000000142
7308, 0.0, -0.10000000000000142
7309, 0.0, -0.10000000000000142
7310, 0.0, -0.10000000000000142
7311, 0.0, -0.10000000000000142
7312, 0.0, -0.10000000000000142
7313, 0.0, -0.10000000000000142
7314, 0.0, -0.10000000000000142
7315, 0.0, -0.10000000000000142
7316, 0.0, -0.10000000000000142
7317, 0.0, -0.10000000000000142
7318, 0.0, -0.10000000000000142
7319, 0.0, -0.10000000000000142
7320, 0.0, -0.10000000000000142
7321, 0.0, -0.10000000000000142
7322, 0.0, -0.10000000000000142
7323, 0.0, -0.10000000000000142
7324, 0.0, -0.10000000000000142
7325, 0.0, -0.10000000000000142
7326, 0.0, -0.10000000000000142
7327, 0.0, -0.10000000000000142
7328, 0.0, 0.0
7329, 0.0, 0.0
7330, 0.0, 0.0
7331, 0.0, 0.0
7332, 0.0, 0.0
7333, 0.0, 0.0
7334, 0.0, 0.0
7335, 0.0, 0.0
7336, 0.0, 0.0
7337, 0.0, 0.0
7338, 0.0, 0.0
7339, 0.0, 0.0
7340, 0.0, 0.0
7341, 0.0, 0.0
7342, 0.0, 0.0
7343, 0.0, 0.0
7344, 0.0, 0.0
7345, 0.0, 0.0
7346, 0.0, 0.0
7347, 0.0, 0.0
7348, 0.0, 0.0
7349, 0.09999999999999964, 0.0
7350, 0.09999999999999964, 0.0
7351, 0.09999999999999964, 0.0
7352, 0.09999999999999964, 0.0
7353, 0.09999999999999964, 0.0
7354, 0.09999999999999964, 0.0
7355, 0.09999999999999964, 0.0
7356, 0.09999999999999964, 0.0
7357, 0.09999999999999964, 0.0
7358, 0.09999999999999964, 0.0
7359, 0.09999999999999964, 0.0
7360, 0.09999999999999964, 0.0
7361, 0.09999999999999964, 0.0
7362, 0.09999999999999964, 0.0
7363, 0.09999999999999964, 0.0
7364, 0.09999999999999964, 0.10000000000000142
7365, 0.09999999999999964, 0.10000000000000142
7366, 0.09999999999999964, 0.10000000000000142
7367, 0.09999999999999964, 0.10000000000000142
7368, 0.09999999999999964, 0.10000000000000142
7369, 0.09999999999999964, 0.10000000000000142
7370, 0.09999999999999964, 0.10000000000000142
7371, 0.09999999999999964, 0.10000000000000142
7372, 0.09999999999999964, 0.10000000000000142
7373, 0.09999999999999964, 0.10000000000000142
7374, 0.09999999999999964, 0.10000000000000142
7375, 0.09999999999999964, 0.10000000000000142
7376, 0.09999999999999964, 0.10000000000000142
7377, 0.09999999999999964, 0.10000000000000142
7378, 0.09999999999999964, 0.10000000000000142
7379, 0.09999999999999964, 0.10000000000000142
7380, 0.09999999999999964, 0.10000000000000142
7381, 0.09999999999999964, 0.10000000000000142
7382, 0.09999999999999964, 0.10000000000000142
7383, 0.0, 0.10000000000000142
7384, 0.0, 0.10000000000000142
7385, 0.0, 0.10000000000000142
7386, 0.0, 0.10000000000000142
7387, 0.0, 0.10000000000000142
7388, 0.0, 0.10000000000000142
7389, 0.0, 0.10000000000000142
7390, 0.0, 0.10000000000000142
7391, 0.0, 0.10000000000000142
7392, 0.0, -0.10000000000000142
7393, 0.0, -0.10000000000000142
7394, 0.0, -0.10000000000000142
7395, 0.0, -0.10000000000000142
7396, 0.0, -0.10000000000000142
7397, 0.0, -0.10000000000000142
7398, 0.0, -0.10000000000000142
7399, 0.0, -0.10000000000000142
7400, 0.09999999999999964, -0.10000000000000142
7401, 0.09999999999999964, -0.10000000000000142
7402, 0.09999999999999964, -0.10000000000000142
7403, 0.09999999999999964, -0.10000000000000142
7404, 0.09999999999999964, -0.10000000000000142
7405, 0.09999999999999964, -0.10000000000000142
7406, 0.09999999999999964, -0.10000000000000142
7407, 0.09999999999999964, -0.10000000000000142
7408, 0.09999999999999964, -0.10000000000000142
7409, 0.0, -0.10000000000000142
7410, 0.0, -0.10000000000000142
7411, 0.0, -0.10000000000000142
7412, 0.0, -0.10000000000000142
7413, 0.0, -0.10000000000000142
7414, 0.0, -0.10000000000000142
7415, 0.0, -0.10000000000000142
7416, 0.0, -0.10000000000000142
7417, 0.0, -0.10000000000000142
7418, 0.0, -0.10000000000000142
7419, 0.0, -0.10000000000000142
7420, 0.0, -0.10000000000000142
7421, 0.0, -0.10000000000000142
7422, 0.0, -0.10000000000000142
7423, 0.0, -0.10000000000000142
7424, 0.0, -0.10000000000000142
7425, 0.0, -0.10000000000000142
7426, 0.0, -0.10000000000000142
7427, 0.0, -0.10000000000000142
7428, 0.0, -0.10000000000000142
7429, 0.0, -0.10000000000000142
7430, 0.0, -0.10000000000000142
7431, 0.0, -0.10000000000000142
7432, 0.0, -0.10000000000000142
7433, 0.0, -0.10000000000000142
7434, 0.0, 0.0
7435, 0.0, 0.0
7436, 0.0, 0.0
7437, 0.0, 0.0
7438, 0.0, 0.0
7439, 0.0, 0.0
7440, 0.0, 0.0
7441, 0.0, 0.0
7442, 0.0, 0.0
7443, 0.0, 0.0
7444, 0.0, 0.0
7445, 0.0, 0.0
7446, 0.0, 0.0
7447, 0.0, 0.0
7448, 0.0, -0.10000000000000142
7449, 0.0, -0.10000000000000142
7450, 0.0, -0.10000000000000142
7451, 0.0, -0.10000000000000142
7452, 0.0, -0.10000000000000142
7453, 0.0, -0.10000000000000142
7454, 0.0, -0.10000000000000142
7455, 0.0, -0.10000000000000142
7456, 0.0, -0.10000000000000142
7457, 0.0, -0.10000000000000142
7458, 0.0, -0.10000000000000142
7459, 0.0, -0.10000000000000142
7460, 0.0, -0.10000000000000142
7461, 0.0, -0.10000000000000142
7462, 0.0, -0.10000000000000142
7463, 0.0, -0.10000000000000142
7464, 0.0, -0.10000000000000142
7465, 0.0, -0.10000000000000142
7466, 0.0, -0.10000000000000142
7467, 0.0, -0.10000000000000142
7468, 0.0, -0.10000000000000142
7469, 0.0, -0.10000000000000142
7470, 0.0, -0.10000000000000142
7471, 0.0, -0.10000000000000142
7472, 0.0, -0.10000000000000142
7473, 0.0, -0.10000000000000142
7474, 0.0, -0.10000000000000142
7475, 0.0, -0.10000000000000142
7476, 0.0, -0.10000000000000142
7477, 0.0, -0.10000000000000142
7478, 0.0, -0.10000000000000142
7479, 0.0, -0.10000000000000142
7480, 0.0, -0.10000000000000142
7481, 0.0, -0.10000000000000142
7482, 0.0, -0.10000000000000142
7483, 0.0, -0.10000000000000142
7484, 0.0, -0.10000000000000142
7485, 0.0, -0.10000000000000142
7486, 0.0, 0.0
7487, 0.0, 0.0
7488, 0.0, 0.0
7489, 0.0, 0.0
7490, 0.0, 0.0
7491, 0.0, 0.0
7492, 0.0, 0.0
7493, 0.0, 0.0
7494, 0.0, 0.0
7495, 0.0, 0.0
7496, 0.0, 0.0
7497, 0.0, 0.0
7498, 0.0, 0.0
7499, 0.0, 0.0
7500, 0.0, 0.0
7501, 0.0, 0.0
7502, 0.0, 0.0
7503, 0.0, 0.0
7504, 0.0, 0.0
7505, 0.0, 0.0
7506, 0.0, 0.0
7507, -0.09999999999999964, 0.0
7508, -0.09999999999999964, 0.0
7509, -0.09999999999999964, 0.0
7510, -0.09999999999999964, 0.0
7511, -0.09999999999999964, 0.0
7512, -0.09999999999999964, 0.0
7513, -0.09999999999999964, 0.0
7514, -0.09999999999999964, 0.0
7515, -0.09999999999999964, 0.0
7516, -0.09999999999999964, 0.10000000000000142
7517, -0.09999999999999964, 0.10000000000000142
7518, -0.09999999999999964, 0.10000000000000142
7519, -0.09999999999999964, 0.10000000000000142
7520, -0.09999999999999964, 0.10000000000000142
7521, -0.09999999999999964, 0.0
7522, 0.0, 0.0
7523, 0.0, 0.0
7524, 0.0, 0.0
7525, 0.0, 0.0
7526, 0.0, 0.0
7527, 0.0, 0.0
7528, 0.0, 0.0
7529, 0.0, 0.0
7530, 0.0, 0.0
7531, 0.0, 0.0
7532, 0.0, 0.0
7533, 0.0, 0.0
7534, 0.0, 0.0
7535, 0.0, 0.0
7536, 0.0, 0.0
7537, 0.0, 0.0
7538, 0.0, 0.0
7539, 0.0, 0.0
7540, 0.0, 0.0
7541, 0.0, 0.0
7542, 0.0, 0.0
7543, 0.09999999999999964, -0.10000000000000142
7544, 0.09999999999999964, 0.0
7545, 0.09999999999999964, 0.0
7546, 0.09999999999999964, 0.0
7547, 0.09999999999999964, 0.0
7548, 0.09999999999999964, 0.0
7549, 0.09999999999999964, 0.0
7550, 0.09999999999999964, 0.0
7551, 0.09999999999999964, 0.0
7552, 0.09999999999999964, 0.0
7553, 0.09999999999999964, 0.0
7554, 0.09999999999999964, 0.0
7555, 0.0, 0.0
7556, 0.0, 0.0
7557, 0.0, 0.0
7558, 0.0, 0.0
7559, 0.0, 0.0
7560, 0.0, 0.0
7561, 0.0, 0.0
7562, 0.0, 0.0
7563, 0.0, 0.0
7564, 0.0, 0.0
7565, 0.0, 0.0
7566, 0.0, 0.0
7567, 0.0, 0.0
7568, 0.0, 0.0
7569, 0.0, 0.0
7570, 0.0, -0.10000000000000142
7571, 0.0, -0.10000000000000142
7572, 0.0, -0.10000000000000142
7573, 0.0, -0.10000000000000142
7574, 0.0, -0.10000000000000142
7575, 0.0, -0.10000000000000142
7576, 0.0, -0.10000000000000142
7577, 0.0, -0.10000000000000142
7578, 0.0, -0.10000000000000142
7579, 0.0, -0.10000000000000142
7580, 0.0, -0.10000000000000142
7581, 0.0, -0.10000000000000142
7582, 0.0, 0.0
7583, 0.0, 0.0
7584, 0.0, 0.0
7585, 0.0, 0.0
7586, 0.0, 0.0
7587, 0.0, 0.0
7588, 0.0, 0.0
7589, 0.0, 0.0
7590, 0.0, 0.0
7591, 0.0, 0.0
7592, -0.09999999999999964, 0.0
7593, -0.09999999999999964, 0.0
7594, -0.09999999999999964, 0.0
7595, -0.09999999999999964, 0.0
7596, -0.09999999999999964, 0.0
7597, -0.09999999999999964, 0.0
7598, -0.09999999999999964, 0.0
7599, -0.09999999999999964, 0.0
7600, -0.09999999999999964, 0.0
7601, 0.0, 0.0
7602, 0.0, 0.0
7603, 0.0, 0.0
7604, 0.0, 0.0
7605, 0.0, 0.0
7606, 0.0, 0.0
7607, 0.0, 0.0
7608, 0.0, 0.0
7609, 0.0, 0.0
7610, 0.0, 0.0
7611, 0.0, 0.0
7612, 0.0, 0.0
7613, 0.0, 0.0
7614, 0.0, 0.0
7615, 0.0, 0.0
7616, 0.0, 0.0
7617, 0.0, 0.0
7618, 0.0, 0.0
7619, 0.0, 0.0
7620, 0.0, 0.0
7621, 0.0, 0.0
7622, 0.0, 0.0
7623, 0.0, 0.0
7624, 0.0, 0.0
7625, 0.0, 0.0
7626, 0.0, -0.10000000000000142
7627, 0.0, -0.1999999999999993
7628, 0.0, -0.1999999999999993
7629, 0.0, -0.1999999999999993
7630, 0.0, -0.1999999999999993
7631, 0.0, -0.10000000000000142
7632, 0.0, -0.10000000000000142
7633, 0.09999999999999964, -0.10000000000000142
7634, 0.09999999999999964, -0.10000000000000142
7635, 0.09999999999999964, -0.10000000000000142
7636, 0.09999999999999964, -0.10000000000000142
7637, 0.09999999999999964, -0.10000000000000142
7638, 0.09999999999999964, -0.10000000000000142
7639, 0.09999999999999964, -0.10000000000000142
7640, 0.09999999999999964, -0.10000000000000142
7641, 0.09999999999999964, -0.10000000000000142
7642, 0.09999999999999964, -0.10000000000000142
7643, 0.09999999999999964, -0.10000000000000142
7644, 0.09999999999999964, -0.10000000000000142
7645, 0.09999999999999964, -0.10000000000000142
7646, 0.09999999999999964, -0.10000000000000142
7647, 0.09999999999999964, -0.10000000000000142
7648, 0.09999999999999964, -0.10000000000000142
7649, 0.09999999999999964, -0.10000000000000142
7650, 0.09999999999999964, -0.10000000000000142
7651, 0.09999999999999964, -0.10000000000000142
7652, 0.09999999999999964, -0.10000000000000142
7653, 0.09999999999999964, -0.10000000000000142
7654, 0.09999999999999964, -0.10000000000000142
7655, 0.09999999999999964, -0.10000000000000142
7656, 0.09999999999999964, -0.10000000000000142
7657, 0.09999999999999964, -0.10000000000000142
7658, 0.09999999999999964, -0.10000000000000142
7659, 0.09999999999999964, -0.10000000000000142
7660, 0.09999999999999964, 0.0
7661, 0.09999999999999964, 0.0
7662, 0.09999999999999964, 0.0
7663, 0.09999999999999964, 0.0
7664, 0.09999999999999964, 0.0
7665, 0.09999999999999964, 0.0
7666, 0.09999999999999964, 0.0
7667, 0.09999999999999964, 0.0
7668, 0.09999999999999964, 0.0
7669, 0.09999999999999964, 0.0
7670, 0.09999999999999964, 0.0
7671, 0.09999999999999964, -0.10000000000000142
7672, 0.09999999999999964, -0.10000000000000142
7673, 0.09999999999999964, -0.10000000000000142
7674, 0.09999999999999964, -0.10000000000000142
7675, 0.09999999999999964, -0.10000000000000142
7676, 0.09999999999999964, -0.10000000000000142
7677, 0.09999999999999964, -0.10000000000000142
7678, 0.09999999999999964, -0.10000000000000142
7679, 0.09999999999999964, -0.10000000000000142
7680, 0.09999999999999964, -0.10000000000000142
7681, 0.09999999999999964, -0.10000000000000142
7682, 0.09999999999999964, -0.10000000000000142
7683, 0.09999999999999964, -0.10000000000000142
7684, 0.09999999999999964, -0.10000000000000142
7685, 0.09999999999999964, -0.10000000000000142
7686, 0.09999999999999964, -0.10000000000000142
7687, 0.09999999999999964, -0.10000000000000142
7688, 0.09999999999999964, -0.10000000000000142
7689, 0.09999999999999964, -0.10000000000000142
7690, 0.09999999999999964, -0.10000000000000142
7691, 0.09999999999999964, -0.10000000000000142
7692, 0.09999999999999964, -0.1999999999999993
7693, 0.09999999999999964, -0.1999999999999993
7694, 0.09999999999999964, -0.1999999999999993
7695, 0.09999999999999964, -0.10000000000000142
7696, 0.0, -0.10000000000000142
7697, 0.0, -0.10000000000000142
7698, 0.0, -0.10000000000000142
7699, 0.0, -0.10000000000000142
7700, 0.0, -0.10000000000000142
7701, 0.0, -0.10000000000000142
7702, 0.0, -0.10000000000000142
7703, -0.09999999999999964, -0.10000000000000142
7704, -0.09999999999999964, -0.10000000000000142
7705, -0.09999999999999964, -0.1999999999999993
7706, -0.09999999999999964, -0.1999999999999993
7707, -0.09999999999999964, -0.1999999999999993
7708, -0.09999999999999964, -0.1999999999999993
7709, -0.09999999999999964, -0.1999999999999993
7710, -0.09999999999999964, -0.1999999999999993
7711, -0.09999999999999964, -0.1999999999999993
7712, -0.09999999999999964, -0.1999999999999993
7713, -0.09999999999999964, -0.1999999999999993
7714, -0.09999999999999964, -0.1999999999999993
7715, -0.09999999999999964, -0.1999999999999993
7716, -0.09999999999999964, -0.1999999999999993
7717, -0.09999999999999964, -0.10000000000000142
7718, 0.0, -0.10000000000000142
7719, 0.0, 0.0
7720, 0.0, 0.0
7721, 0.0, 0.0
7722, 0.0, 0.0
7723, 0.0, 0.0
7724, 0.0, 0.0
7725, 0.0, 0.0
7726, 0.0, 0.0
7727, 0.0, 0.0
7728, 0.0, 0.0
7729, 0.0, 0.0
7730, 0.0, 0.0
7731, 0.0, 0.0
7732, 0.0, 0.0
7733, 0.0, 0.0
7734, 0.0, 0.0
7735, 0.0, 0.0
7736, 0.0, 0.0
7737, 0.0, 0.0
7738, 0.0, 0.0
7739, 0.0, 0.0
7740, 0.0, 0.0
7741, 0.0, 0.0
7742, 0.09999999999999964, 0.0
7743, 0.09999999999999964, -0.10000000000000142
7744, 0.09999999999999964, -0.10000000000000142
7745, 0.09999999999999964, -0.10000000000000142
7746, 0.09999999999999964, -0.10000000000000142
7747, 0.09999999999999964, -0.10000000000000142
7748, 0.09999999999999964, -0.10000000000000142
7749, 0.09999999999999964, -0.10000000000000142
7750, 0.09999999999999964, -0.10000000000000142
7751, 0.09999999999999964, -0.10000000000000142
7752, 0.09999999999999964, -0.10000000000000142
7753, 0.09999999999999964, -0.10000000000000142
7754, 0.09999999999999964, -0.10000000000000142
7755, 0.09999999999999964, -0.10000000000000142
7756, 0.09999999999999964, -0.10000000000000142
7757, 0.09999999999999964, -0.10000000000000142
7758, 0.09999999999999964, -0.10000000000000142
7759, 0.09999999999999964, -0.10000000000000142
7760, 0.09999999999999964, -0.10000000000000142
7761, 0.09999999999999964, -0.10000000000000142
7762, 0.09999999999999964, -0.10000000000000142
7763, 0.0, -0.10000000000000142
7764, 0.0, -0.10000000000000142
7765, 0.0, -0.10000000000000142
7766, 0.0, -0.10000000000000142
7767, 0.0, -0.10000000000000142
7768, 0.0, -0.10000000000000142
7769, 0.0, -0.10000000000000142
7770, 0.0, -0.10000000000000142
7771, 0.0, -0.10000000000000142
7772, 0.0, -0.10000000000000142
7773, 0.0, -0.10000000000000142
7774, 0.0, -0.10000000000000142
7775, 0.0, -0.10000000000000142
7776, 0.0, -0.10000000000000142
7777, 0.0, -0.10000000000000142
7778, 0.0, -0.10000000000000142
7779, 0.0, -0.10000000000000142
7780, 0.0, -0.10000000000000142
7781, 0.0, -0.10000000000000142
7782, 0.0, -0.10000000000000142
7783, 0.0, -0.10000000000000142
7784, 0.0, -0.10000000000000142
7785, 0.0, -0.10000000000000142
7786, 0.0, -0.10000000000000142
7787, 0.0, -0.10000000000000142
7788, 0.0, -0.10000000000000142
7789, 0.0, -0.10000000000000142
7790, 0.0, -0.10000000000000142
7791, 0.0, 0.0
7792, 0.0, 0.0
7793, 0.0, 0.0
7794, 0.0, 0.0
7795, 0.0, -0.10000000000000142
7796, 0.0, -0.10000000000000142
7797, 0.0, -0.10000000000000142
7798, 0.0, -0.10000000000000142
7799, 0.0, -0.10000000000000142
7800, 0.0, -0.10000000000000142
7801, 0.0, -0.10000000000000142
7802, 0.0, -0.10000000000000142
7803, 0.0, -0.10000000000000142
7804, 0.0, -0.10000000000000142
7805, 0.0, -0.10000000000000142
7806, -0.09999999999999964, -0.10000000000000142
7807, -0.09999999999999964, -0.10000000000000142
7808, -0.09999999999999964, -0.10000000000000142
7809, -0.09999999999999964, -0.10000000000000142
7810, -0.09999999999999964, -0.10000000000000142
7811, -0.09999999999999964, -0.10000000000000142
7812, -0.09999999999999964, -0.10000000000000142
7813, -0.09999999999999964, -0.10000000000000142
7814, -0.09999999999999964, -0.10000000000000142
7815, -0.09999999999999964, -0.10000000000000142
7816, -0.09999999999999964, -0.1999999999999993
7817, -0.09999999999999964, -0.1999999999999993
7818, -0.09999999999999964, -0.1999999999999993
7819, -0.09999999999999964, -0.10000000000000142
7820, -0.09999999999999964, -0.10000000000000142
7821, -0.09999999999999964, 0.0
7822, -0.09999999999999964, 0.0
7823, -0.09999999999999964, 0.0
7824, -0.09999999999999964, 0.0
7825, -0.09999999999999964, 0.0
7826, -0.09999999999999964, -0.10000000000000142
7827, -0.09999999999999964, -0.10000000000000142
7828, -0.09999999999999964, -0.10000000000000142
7829, -0.09999999999999964, -0.10000000000000142
7830, -0.09999999999999964, -0.10000000000000142
7831, 0.0, -0.10000000000000142
7832, 0.0, 0.0
7833, 0.0, 0.0
7834, 0.0, 0.0
7835, 0.0, 0.0
7836, 0.0, 0.0
7837, 0.0, 0.0
7838, 0.0, 0.0
7839, 0.0, 0.0
7840, 0.0, 0.0
7841, 0.0, 0.0
7842, 0.0, 0.0
7843, 0.0, 0.0
7844, 0.0, 0.0
7845, 0.0, 0.0
7846, 0.0, 0.0
7847, 0.0, 0.0
7848, 0.0, 0.0
7849, 0.09999999999999964, 0.0
7850, 0.09999999999999964, 0.0
7851, 0.09999999999999964, 0.0
7852, 0.09999999999999964, 0.0
7853, 0.09999999999999964, 0.0
7854, 0.09999999999999964, 0.0
7855, 0.09999999999999964, 0.0
7856, 0.09999999999999964, -0.10000000000000142
7857, 0.09999999999999964, -0.10000000000000142
7858, 0.09999999999999964, -0.10000000000000142
7859, 0.09999999999999964, -0.10000000000000142
7860, 0.09999999999999964, 0.0
7861, 0.09999999999999964, 0.0
7862, 0.09999999999999964, 0.0
7863, 0.0, 0.0
7864, 0.0, 0.0
7865, 0.0, 0.0
7866, 0.0, 0.0
7867, 0.0, 0.0
7868, 0.0, 0.0
7869, -0.09999999999999964, -0.10000000000000142
7870, -0.09999999999999964, -0.10000000000000142
7871, -0.09999999999999964, 0.0
7872, -0.09999999999999964, 0.0
7873, -0.09999999999999964, 0.0
7874, -0.09999999999999964, 0.0
7875, -0.09999999999999964, 0.0
7876, -0.09999999999999964, 0.0
7877, -0.09999999999999964, 0.0
7878, -0.09999999999999964, 0.0
7879, -0.09999999999999964, 0.0
7880, -0.09999999999999964, 0.0
7881, -0.09999999999999964, -0.10000000000000142
7882, -0.09999999999999964, 0.0
7883, -0.09999999999999964, 0.0
7884, -0.09999999999999964, 0.0
7885, -0.09999999999999964, 0.0
7886, -0.09999999999999964, 0.0
7887, -0.09999999999999964, 0.0
7888, -0.09999999999999964, 0.0
7889, -0.09999999999999964, 0.0
7890, -0.09999999999999964, 0.0
7891, -0.09999999999999964, 0.10000000000000142
7892, 0.09999999999999964, 0.10000000000000142
7893, 0.09999999999999964, 0.10000000000000142
7894, 0.09999999999999964, 0.1999999999999993
7895, 0.09999999999999964, 0.1999999999999993
7896, 0.09999999999999964, 0.1999999999999993
7897, 0.09999999999999964, 0.1999999999999993
7898, 0.09999999999999964, 0.1999999999999993
7899, 0.09999999999999964, 0.1999999999999993
7900, 0.09999999999999964, 0.1999999999999993
7901, 0.09999999999999964, 0.1999999999999993
7902, 0.09999999999999964, 0.10000000000000142
7903, 0.09999999999999964, 0.10000000000000142
7904, 0.09999999999999964, 0.10000000000000142
7905, 0.09999999999999964, 0.10000000000000142
7906, 0.09999999999999964, 0.10000000000000142
7907, 0.09999999999999964, 0.10000000000000142
7908, 0.09999999999999964, 0.10000000000000142
7909, 0.09999999999999964, 0.10000000000000142
7910, 0.09999999999999964, 0.1999999999999993
7911, 0.09999999999999964, 0.1999999999999993
7912, 0.09999999999999964, 0.1999999999999993
7913, 0.09999999999999964, 0.1999999999999993
7914, 0.09999999999999964, 0.10000000000000142
7915, 0.09999999999999964, 0.10000000000000142
7916, 0.09999999999999964, 0.10000000000000142
7917, 0.09999999999999964, 0.10000000000000142
7918, 0.09999999999999964, 0.10000000000000142
7919, 0.09999999999999964, 0.10000000000000142
7920, 0.09999999999999964, 0.10000000000000142
7921, 0.09999999999999964, 0.10000000000000142
7922, 0.09999999999999964, 0.10000000000000142
7923, 0.09999999999999964, 0.10000000000000142
7924, 0.09999999999999964, -0.10000000000000142
7925, 0.09999999999999964, -0.10000000000000142
7926, 0.09999999999999964, -0.10000000000000142
7927, 0.09999999999999964, -0.10000000000000142
7928, 0.09999999999999964, -0.10000000000000142
7929, 0.09999999999999964, -0.10000000000000142
7930, 0.09999999999999964, -0.10000000000000142
7931, 0.09999999999999964, -0.10000000000000142
7932, 0.09999999999999964, -0.10000000000000142
7933, 0.09999999999999964, -0.10000000000000142
7934, 0.09999999999999964, -0.10000000000000142
7935, 0.09999999999999964, 0.0
7936, 0.09999999999999964, 0.0
7937, 0.09999999999999964, 0.0
7938, 0.09999999999999964, 0.0
7939, 0.09999999999999964, 0.0
7940, 0.09999999999999964, 0.0
7941, 0.0, 0.0
7942, 0.0, 0.0
7943, 0.0, 0.0
7944, 0.0, 0.0
7945, 0.0, 0.0
7946, 0.0, 0.0
7947, 0.0, 0.0
7948, 0.0, 0.0
7949, 0.0, 0.0
7950, 0.0, 0.0
7951, 0.0, 0.0
7952, 0.0, 0.0
7953, 0.0, 0.0
7954, 0.0, 0.0
7955, 0.0, -0.10000000000000142
7956, 0.0, -0.10000000000000142
7957, 0.0, 0.0
7958, 0.0, 0.0
7959, 0.0, 0.0
7960, 0.0, 0.0
7961, 0.0, 0.0
7962, 0.0, 0.0
7963, 0.0, 0.0
7964, 0.0, 0.0
7965, 0.0, 0.0
7966, 0.0, 0.0
7967, 0.0, 0.0
7968, 0.0, 0.0
7969, 0.0, 0.0
7970, 0.0, 0.0
7971, 0.09999999999999964, 0.0
7972, 0.09999999999999964, 0.0
7973, 0.09999999999999964, 0.0
7974, 0.0, 0.0
7975, 0.0, 0.0
7976, 0.0, 0.10000000000000142
7977, 0.0, 0.10000000000000142
7978, 0.0, 0.10000000000000142
7979, 0.0, 0.10000000000000142
7980, 0.0, 0.10000000000000142
7981, 0.0, 0.10000000000000142
7982, 0.0, 0.10000000000000142
7983, 0.0, 0.10000000000000142
7984, 0.0, 0.10000000000000142
7985, 0.0, 0.10000000000000142
7986, 0.0, 0.10000000000000142
7987, 0.0, 0.10000000000000142
7988, 0.0, 0.10000000000000142
7989, 0.0, 0.10000000000000142
7990, 0.09999999999999964, 0.10000000000000142
7991, 0.09999999999999964, 0.10000000000000142
7992, 0.09999999999999964, 0.10000000000000142
7993, 0.09999999999999964, 0.10000000000000142
7994, 0.09999999999999964, 0.10000000000000142
7995, 0.09999999999999964, 0.0
7996, 0.09999999999999964, 0.0
7997, 0.09999999999999964, 0.0
7998, 0.0, 0.0
7999, 0.0, 0.0
8000, 0.0, 0.0
8001, 0.0, 0.0
8002, 0.0, 0.0
8003, 0.0, 0.0
8004, 0.0, 0.0
8005, 0.0, 0.0
8006, 0.0, 0.0
8007, 0.0, 0.10000000000000142
8008, 0.0, 0.10000000000000142
8009, 0.0, 0.10000000000000142
8010, 0.0, 0.10000000000000142
8011, 0.0, 0.10000000000000142
8012, 0.0, 0.10000000000000142
8013, 0.0, 0.10000000000000142
8014, 0.0, 0.10000000000000142
8015, 0.0, 0.10000000000000142
8016, 0.0, 0.10000000000000142
8017, 0.0, 0.10000000000000142
8018, 0.0, 0.10000000000000142
8019, 0.0, 0.10000000000000142
8020, 0.0, 0.10000000000000142
8021, 0.0, 0.10000000000000142
8022, 0.0, 0.10000000000000142
8023, 0.0, 0.10000000000000142
8024, 0.0, 0.10000000000000142
8025, 0.0, 0.10000000000000142
8026, 0.0, 0.10000000000000142
8027, 0.0, 0.10000000000000142
8028, 0.0, 0.0
8029, 0.09999999999999964, -0.10000000000000142
8030, 0.09999999999999964, -0.10000000000000142
8031, 0.09999999999999964, -0.10000000000000142
8032, 0.09999999999999964, -0.10000000000000142
8033, 0.09999999999999964, -0.10000000000000142
8034, 0.09999999999999964, -0.10000000000000142
8035, 0.09999999999999964, -0.10000000000000142
8036, 0.09999999999999964, -0.10000000000000142
8037, 0.09999999999999964, -0.10000000000000142
8038, 0.09999999999999964, -0.10000000000000142
8039, 0.09999999999999964, 0.0
8040, 0.09999999999999964, 0.0
8041, 0.09999999999999964, 0.0
8042, 0.09999999999999964, 0.0
8043, 0.09999999999999964, 0.0
8044, 0.09999999999999964, 0.0
8045, 0.09999999999999964, 0.0
8046, 0.09999999999999964, 0.0
8047, 0.09999999999999964, 0.0
8048, 0.09999999999999964, 0.0
8049, 0.09999999999999964, 0.0
8050, 0.09999999999999964, 0.0
8051, 0.09999999999999964, 0.0
8052, 0.09999999999999964, 0.0
8053, 0.09999999999999964, 0.0
8054, 0.09999999999999964, 0.0
8055, 0.09999999999999964, 0.0
8056, 0.09999999999999964, 0.0
8057, 0.09999999999999964, 0.0
8058, 0.09999999999999964, 0.0
8059, 0.09999999999999964, 0.0
8060, 0.09999999999999964, 0.0
8061, 0.09999999999999964, 0.0
8062, 0.09999999999999964, 0.0
8063, 0.09999999999999964, 0.0
8064, 0.09999999999999964, 0.0
8065, 0.09999999999999964, 0.0
8066, 0.09999999999999964, 0.0
8067, 0.09999999999999964, 0.0
8068, 0.09999999999999964, 0.0
8069, 0.09999999999999964, 0.0
8070, 0.09999999999999964, 0.0
8071, 0.09999999999999964, 0.0
8072, 0.09999999999999964, 0.0
8073, 0.09999999999999964, 0.0
8074, 0.09999999999999964, 0.0
8075, 0.09999999999999964, 0.0
8076, 0.09999999999999964, 0.0
8077, 0.09999999999999964, 0.0
8078, 0.09999999999999964, 0.0
8079, 0.09999999999999964, 0.0
8080, 0.09999999999999964, 0.0
8081, 0.09999999999999964, 0.0
8082, 0.09999999999999964, 0.0
8083, 0.09999999999999964, 0.0
8084, 0.09999999999999964, 0.0
8085, 0.09999999999999964, 0.0
8086, 0.09999999999999964, 0.0
8087, 0.09999999999999964, 0.10000000000000142
8088, 0.09999999999999964, 0.0
8089, 0.09999999999999964, 0.0
8090, 0.09999999999999964, 0.0
8091, 0.09999999999999964, 0.0
8092, 0.09999999999999964, 0.0
8093, 0.09999999999999964, 0.0
8094, 0.09999999999999964, 0.0
8095, 0.09999999999999964, 0.0
8096, 0.09999999999999964, 0.0
8097, 0.09999999999999964, 0.0
8098, 0.09999999999999964, 0.0
8099, 0.09999999999999964, 0.0
8100, 0.09999999999999964, 0.0
8101, 0.09999999999999964, 0.0
8102, 0.09999999999999964, 0.0
8103, 0.09999999999999964, 0.0
8104, 0.09999999999999964, 0.0
8105, 0.09999999999999964, 0.0
8106, 0.09999999999999964, 0.0
8107, 0.09999999999999964, 0.0
8108, 0.09999999999999964, 0.0
8109, 0.09999999999999964, 0.0
8110, 0.09999999999999964, 0.0
8111, 0.09999999999999964, 0.0
8112, 0.09999999999999964, 0.0
8113, 0.09999999999999964, 0.0
8114, 0.09999999999999964, 0.0
8115, 0.09999999999999964, 0.0
8116, 0.09999999999999964, 0.0
8117, 0.09999999999999964, 0.0
8118, 0.09999999999999964, -0.10000000000000142
8119, 0.09999999999999964, -0.10000000000000142
8120, 0.09999999999999964, -0.10000000000000142
8121, 0.09999999999999964, -0.10000000000000142
8122, 0.09999999999999964, -0.10000000000000142
8123, 0.09999999999999964, -0.10000000000000142
8124, 0.09999999999999964, -0.10000000000000142
8125, 0.09999999999999964, -0.10000000000000142
8126, 0.09999999999999964, -0.10000000000000142
8127, 0.09999999999999964, -0.10000000000000142
8128, 0.09999999999999964, -0.10000000000000142
8129, 0.09999999999999964, -0.10000000000000142
8130, 0.09999999999999964, -0.10000000000000142
8131, 0.09999999999999964, -0.10000000000000142
8132, 0.09999999999999964, -0.10000000000000142
8133, 0.09999999999999964, -0.10000000000000142
8134, 0.09999999999999964, -0.10000000000000142
8135, 0.09999999999999964, -0.10000000000000142
8136, 0.09999999999999964, -0.10000000000000142
8137, 0.09999999999999964, -0.10000000000000142
8138, 0.09999999999999964, -0.10000000000000142
8139, 0.09999999999999964, -0.10000000000000142
8140, 0.09999999999999964, -0.10000000000000142
8141, 0.09999999999999964, -0.10000000000000142
8142, 0.09999999999999964, -0.10000000000000142
8143, 0.09999999999999964, -0.10000000000000142
8144, 0.1999999999999993, -0.10000000000000142
8145, 0.1999999999999993, -0.10000000000000142
8146, 0.1999999999999993, -0.10000000000000142
8147, 0.1999999999999993, -0.10000000000000142
8148, 0.1999999999999993, -0.10000000000000142
8149, 0.1999999999999993, -0.10000000000000142
8150, 0.1999999999999993, -0.10000000000000142
8151, 0.1999999999999993, -0.10000000000000142
8152, 0.1999999999999993, -0.10000000000000142
8153, 0.1999999999999993, -0.10000000000000142
8154, 0.1999999999999993, -0.10000000000000142
8155, 0.1999999999999993, -0.10000000000000142
8156, 0.1999999999999993, -0.10000000000000142
8157, 0.1999999999999993, -0.10000000000000142
8158, 0.1999999999999993, -0.10000000000000142
8159, 0.1999999999999993, -0.10000000000000142
8160, 0.1999999999999993, -0.10000000000000142
8161, 0.1999999999999993, -0.10000000000000142
8162, 0.1999999999999993, -0.10000000000000142
8163, 0.1999999999999993, -0.10000000000000142
8164, 0.1999999999999993, -0.10000000000000142
8165, 0.1999999999999993, -0.10000000000000142
8166, 0.1999999999999993, -0.10000000000000142
8167, 0.1999999999999993, -0.10000000000000142
8168, 0.1999999999999993, -0.10000000000000142
8169, 0.1999999999999993, -0.10000000000000142
8170, 0.1999999999999993, -0.10000000000000142
8171, 0.1999999999999993, -0.10000000000000142
8172, 0.1999999999999993, -0.10000000000000142
8173, 0.1999999999999993, -0.10000000000000142
8174, 0.1999999999999993, -0.10000000000000142
8175, 0.1999999999999993, -0.10000000000000142
8176, 0.09999999999999964, -0.10000000000000142
8177, 0.0, -0.10000000000000142
8178, 0.0, -0.10000000000000142
8179, 0.0, -0.10000000000000142
8180, 0.0, -0.10000000000000142
8181, 0.0, -0.10000000000000142
8182, 0.0, -0.10000000000000142
8183, 0.0, -0.10000000000000142
8184, 0.0, -0.10000000000000142
8185, 0.0, -0.10000000000000142
8186, 0.0, 0.0
8187, 0.0, 0.0
8188, 0.0, 0.0
8189, 0.0, 0.0
8190, 0.0, 0.0
8191, 0.0, 0.0
8192, 0.0, 0.0
8193, 0.0, 0.0
8194, 0.0, 0.0
8195, 0.0, 0.0
8196, 0.0, 0.0
8197, 0.0, 0.0
8198, 0.0, 0.0
8199, 0.0, 0.0
8200, 0.0, 0.0
8201, 0.0, 0.0
8202, 0.0, 0.0
8203, 0.0, 0.0
8204, 0.0, 0.0
8205, 0.0, 0.0
8206, 0.0, 0.0
8207, 0.0, 0.0
8208, 0.0, 0.0
8209, 0.0, -0.10000000000000142
8210, 0.0, -0.10000000000000142
8211, 0.0, 0.0
8212, 0.0, 0.0
8213, 0.0, 0.0
8214, 0.0, 0.0
8215, 0.0, 0.0
8216, 0.0, 0.0
8217, 0.0, 0.0
8218, 0.0, 0.0
8219, 0.0, 0.0
8220, 0.0, 0.0
8221, 0.0, 0.0
8222, 0.0, 0.0
8223, 0.0, 0.0
8224, 0.0, 0.0
8225, 0.0, 0.0
8226, 0.0, 0.0
8227, 0.0, 0.0
8228, 0.0, 0.0
8229, 0.0, 0.0
8230, 0.0, 0.0
8231, 0.0, 0.0
8232, 0.0, 0.0
8233, 0.0, 0.0
8234, 0.0, 0.0
8235, 0.0, 0.0
8236, 0.0, 0.0
8237, 0.0, 0.0
8238, 0.0, 0.0
8239, 0.0, 0.0
8240, 0.0, 0.0
8241, 0.0, 0.0
8242, 0.0, 0.0
8243, 0.0, 0.0
8244, 0.0, 0.0
8245, 0.0, 0.0
8246, 0.0, 0.0
8247, 0.0, 0.0
8248, 0.0, 0.0
8249, 0.0, 0.0
8250, 0.0, 0.0
8251, 0.0, 0.0
8252, 0.0, 0.0
8253, 0.0, 0.0
8254, 0.0, 0.0
8255, 0.0, 0.0
8256, 0.0, 0.0
8257, 0.0, 0.0
8258, 0.0, 0.0
8259, 0.0, 0.0
8260, 0.0, 0.0
8261, 0.0, 0.0
8262, 0.0, 0.0
8263, 0.0, 0.0
8264, 0.0, 0.0
8265, 0.0, 0.0
8266, 0.0, 0.0
8267, 0.0, 0.0
8268, 0.0, 0.0
8269, 0.0, 0.0
8270, 0.0, 0.0
8271, 0.0, 0.0
8272, 0.0, 0.0
8273, 0.0, 0.0
8274, 0.0, 0.0
8275, 0.0, 0.0
8276, 0.0, 0.0
8277, 0.0, 0.0
8278, 0.0, 0.0
8279, 0.0, 0.0
8280, 0.0, 0.0
8281, 0.0, 0.0
8282, 0.0, 0.0
8283, 0.0, 0.0
8284, 0.0, 0.0
8285, 0.0, 0.0
8286, 0.0, 0.0
8287, 0.0, 0.0
8288, 0.0, 0.0
8289, 0.0, 0.0
8290, 0.0, 0.0
8291, 0.0, 0.0
8292, 0.0, 0.0
8293, 0.0, 0.0
8294, 0.0, 0.0
8295, 0.0, 0.0
8296, 0.0, 0.0
8297, 0.0, -0.10000000000000142
8298, 0.0, -0.10000000000000142
8299, 0.0, -0.10000000000000142
8300, 0.0, -0.10000000000000142
8301, 0.0, -0.10000000000000142
8302, 0.0, -0.10000000000000142
8303, 0.0, -0.10000000000000142
8304, 0.0, -0.10000000000000142
8305, 0.0, -0.10000000000000142
8306, 0.0, -0.10000000000000142
8307, 0.0, -0.10000000000000142
8308, 0.0, -0.10000000000000142
8309, 0.0, -0.10000000000000142
8310, 0.0, -0.10000000000000142
8311, 0.0, -0.10000000000000142
8312, 0.0, -0.10000000000000142
8313, 0.0, -0.10000000000000142
8314, 0.0, -0.10000000000000142
8315, 0.0, -0.10000000000000142
8316, 0.0, 0.0
8317, 0.0, 0.0
8318, 0.0, 0.0
8319, 0.0, 0.0
8320, 0.0, 0.0
8321, 0.0, 0.0
8322, 0.0, 0.0
8323, 0.0, 0.0
8324, 0.0, 0.0
8325, 0.0, -0.10000000000000142
8326, 0.0, -0.10000000000000142
8327, 0.0, -0.10000000000000142
8328, 0.0, -0.10000000000000142
8329, 0.0, -0.10000000000000142
8330, 0.0, -0.10000000000000142
8331, 0.0, -0.10000000000000142
8332, 0.0, -0.10000000000000142
8333, 0.0, -0.10000000000000142
8334, 0.0, -0.10000000000000142
8335, 0.0, -0.10000000000000142
8336, 0.0, -0.10000000000000142
8337, 0.0, -0.10000000000000142
8338, 0.0, -0.10000000000000142
8339, 0.0, -0.10000000000000142
8340, 0.0, -0.10000000000000142
8341, 0.0, -0.10000000000000142
8342, 0.09999999999999964, -0.10000000000000142
8343, 0.09999999999999964, -0.10000000000000142
8344, 0.09999999999999964, -0.10000000000000142
8345, 0.09999999999999964, -0.10000000000000142
8346, 0.09999999999999964, -0.10000000000000142
8347, 0.09999999999999964, -0.10000000000000142
8348, 0.09999999999999964, -0.10000000000000142
8349, 0.09999999999999964, -0.10000000000000142
8350, 0.09999999999999964, -0.10000000000000142
8351, 0.09999999999999964, -0.10000000000000142
8352, 0.09999999999999964, -0.10000000000000142
8353, 0.09999999999999964, 0.0
8354, 0.09999999999999964, 0.10000000000000142
8355, 0.09999999999999964, 0.10000000000000142
8356, 0.0, 0.10000000000000142
8357, 0.0, 0.10000000000000142
8358, 0.0, 0.10000000000000142
8359, 0.0, 0.0
8360, 0.0, 0.0
8361, 0.0, 0.0
8362, 0.0, 0.0
8363, 0.0, 0.0
8364, 0.0, 0.0
8365, 0.0, 0.0
8366, 0.0, 0.0
8367, 0.0, 0.0
8368, 0.0, 0.0
8369, 0.0, 0.0
8370, 0.09999999999999964, 0.0
8371, 0.09999999999999964, 0.0
8372, 0.09999999999999964, 0.0
8373, 0.09999999999999964, 0.0
8374, 0.09999999999999964, 0.0
8375, 0.09999999999999964, 0.10000000000000142
8376, 0.09999999999999964, 0.10000000000000142
8377, 0.09999999999999964, 0.10000000000000142
8378, 0.0, 0.10000000000000142
8379, 0.0, 0.10000000000000142
8380, 0.0, 0.10000000000000142
8381, 0.0, -0.10000000000000142
8382, 0.0, -0.10000000000000142
8383, 0.0, -0.10000000000000142
8384, 0.0, -0.10000000000000142
8385, 0.0, -0.10000000000000142
8386, 0.0, -0.10000000000000142
8387, 0.0, -0.10000000000000142
8388, 0.0, -0.10000000000000142
8389, 0.0, 0.0
8390, 0.0, 0.0
8391, 0.0, 0.0
8392, 0.0, 0.0
8393, 0.09999999999999964, 0.0
8394, 0.09999999999999964, 0.0
8395, 0.09999999999999964, 0.0
8396, 0.09999999999999964, 0.0
8397, 0.09999999999999964, 0.0
8398, 0.09999999999999964, 0.0
8399, 0.09999999999999964, -0.10000000000000142
8400, 0.09999999999999964, -0.10000000000000142
8401, 0.09999999999999964, -0.10000000000000142
8402, 0.09999999999999964, -0.10000000000000142
8403, 0.09999999999999964, -0.10000000000000142
8404, 0.09999999999999964, -0.10000000000000142
8405, 0.09999999999999964, -0.10000000000000142
8406, 0.09999999999999964, -0.10000000000000142
8407, 0.09999999999999964, -0.10000000000000142
8408, 0.09999999999999964, -0.10000000000000142
8409, 0.09999999999999964, -0.10000000000000142
8410, 0.09999999999999964, -0.10000000000000142
8411, 0.09999999999999964, -0.10000000000000142
8412, 0.09999999999999964, -0.10000000000000142
8413, 0.09999999999999964, -0.10000000000000142
8414, 0.09999999999999964, -0.10000000000000142
8415, 0.09999999999999964, 0.0
8416, 0.09999999999999964, 0.0
8417, 0.09999999999999964, 0.0
8418, 0.0, 0.0
8419, 0.0, 0.0
8420, -0.09999999999999964, 0.0
8421, -0.09999999999999964, 0.0
8422, -0.09999999999999964, 0.0
8423, -0.09999999999999964, 0.0
8424, -0.09999999999999964, 0.0
8425, -0.09999999999999964, 0.0
8426, -0.09999999999999964, 0.0
8427, -0.09999999999999964, 0.0
8428, -0.09999999999999964, 0.0
8429, -0.09999999999999964, 0.0
8430, -0.09999999999999964, 0.0
8431, -0.09999999999999964, 0.0
8432, -0.09999999999999964, 0.0
8433, -0.09999999999999964, 0.0
8434, -0.09999999999999964, 0.0
8435, -0.09999999999999964, 0.0
8436, -0.09999999999999964, 0.0
8437, -0.09999999999999964, 0.0
8438, -0.09999999999999964, 0.0
8439, -0.09999999999999964, 0.0
8440, -0.09999999999999964, 0.10000000000000142
8441, -0.09999999999999964, 0.0
8442, -0.09999999999999964, 0.0
8443, 0.0, 0.0
8444, 0.0, 0.0
8445, 0.0, 0.0
8446, 0.0, 0.0
8447, 0.0, 0.0
8448, 0.0, 0.0
8449, 0.0, 0.0
8450, 0.0, 0.0
8451, 0.0, 0.0
8452, 0.0, 0.0
8453, 0.0, 0.0
8454, 0.0, 0.0
8455, 0.0, 0.0
8456, 0.0, 0.0
8457, 0.0, 0.0
8458, 0.0, 0.0
8459, 0.0, 0.0
8460, 0.0, 0.0
8461, 0.0, 0.0
8462, 0.0, 0.0
8463, 0.0, 0.10000000000000142
8464, 0.0, 0.10000000000000142
8465, 0.0, 0.10000000000000142
8466, 0.0, 0.10000000000000142
8467, 0.0, 0.10000000000000142
8468, 0.0, 0.10000000000000142
8469, 0.0, 0.10000000000000142
8470, 0.0, 0.10000000000000142
8471, 0.0, 0.10000000000000142
8472, 0.0, 0.10000000000000142
8473, 0.0, 0.10000000000000142
8474, 0.0, 0.10000000000000142
8475, 0.0, 0.10000000000000142
8476, 0.0, 0.10000000000000142
8477, 0.0, 0.10000000000000142
8478, 0.0, 0.10000000000000142
8479, 0.0, 0.10000000000000142
8480, 0.0, 0.10000000000000142
8481, 0.0, 0.10000000000000142
8482, 0.0, 0.10000000000000142
8483, 0.0, 0.10000000000000142
8484, 0.0, 0.0
8485, 0.0, 0.0
8486, 0.0, 0.0
8487, 0.0, 0.0
8488, 0.0, 0.0
8489, 0.0, 0.0
8490, 0.0, 0.0
8491, 0.0, 0.0
8492, 0.09999999999999964, 0.0
8493, 0.09999999999999964, 0.0
8494, 0.09999999999999964, 0.0
8495, 0.09999999999999964, 0.0
8496, 0.09999999999999964, 0.0
8497, 0.09999999999999964, 0.0
8498, 0.09999999999999964, 0.0
8499, 0.09999999999999964, 0.0
8500, 0.09999999999999964, 0.0
8501, 0.09999999999999964, 0.0
8502, 0.09999999999999964, 0.0
8503, 0.09999999999999964, 0.0
8504, 0.09999999999999964, 0.0
8505, 0.09999999999999964, 0.0
8506, 0.09999999999999964, 0.0
8507, 0.09999999999999964, 0.0
8508, 0.09999999999999964, 0.0
8509, 0.09999999999999964, 0.0
8510, 0.09999999999999964, -0.10000000000000142
8511, 0.0, -0.10000000000000142
8512, 0.0, -0.10000000000000142
8513, 0.0, 0.0
8514, 0.0, 0.0
8515, 0.0, 0.0
8516, 0.0, 0.0
8517, 0.0, 0.0
8518, 0.0, 0.0
8519, 0.0, 0.0
8520, 0.0, 0.0
8521, 0.0, 0.0
8522, 0.0, 0.0
8523, 0.0, 0.0
8524, 0.0, 0.0
8525, 0.0, 0.0
8526, 0.0, 0.0
8527, 0.0, 0.0
8528, 0.0, 0.0
8529, 0.0, 0.0
8530, 0.0, 0.0
8531, 0.0, 0.10000000000000142
8532, 0.0, 0.10000000000000142
8533, 0.0, 0.10000000000000142
8534, 0.0, 0.10000000000000142
8535, 0.0, 0.10000000000000142
8536, 0.0, 0.10000000000000142
8537, 0.0, 0.10000000000000142
8538, 0.0, 0.0
8539, 0.0, 0.0
8540, 0.0, 0.0
8541, 0.0, 0.0
8542, 0.0, 0.0
8543, 0.0, 0.0
8544, 0.0, 0.0
8545, 0.0, 0.0
8546, 0.0, 0.0
8547, 0.0, 0.0
8548, 0.0, 0.0
8549, 0.0, 0.0
8550, 0.0, 0.0
8551, 0.0, 0.0
8552, 0.0, 0.0
8553, 0.0, 0.0
8554, 0.0, 0.10000000000000142
8555, 0.0, 0.10000000000000142
8556, 0.0, 0.10000000000000142
8557, 0.0, 0.0
8558, 0.0, 0.0
8559, 0.0, 0.10000000000000142
8560, 0.0, 0.10000000000000142
8561, 0.09999999999999964, 0.10000000000000142
8562, 0.09999999999999964, 0.10000000000000142
8563, 0.09999999999999964, 0.10000000000000142
8564, 0.09999999999999964, 0.10000000000000142
8565, 0.09999999999999964, 0.10000000000000142
8566, 0.09999999999999964, 0.10000000000000142
8567, 0.09999999999999964, 0.10000000000000142
8568, 0.09999999999999964, 0.10000000000000142
8569, 0.09999999999999964, 0.10000000000000142
8570, 0.09999999999999964, 0.10000000000000142
8571, 0.09999999999999964, 0.10000000000000142
8572, 0.09999999999999964, 0.10000000000000142
8573, 0.09999999999999964, 0.10000000000000142
8574, 0.09999999999999964, 0.10000000000000142
8575, 0.1999999999999993, 0.10000000000000142
8576, 0.09999999999999964, 0.10000000000000142
8577, 0.09999999999999964, 0.10000000000000142
8578, 0.09999999999999964, 0.10000000000000142
8579, 0.09999999999999964, 0.0
8580, 0.09999999999999964, 0.0
8581, 0.09999999999999964, 0.0
8582, 0.09999999999999964, 0.0
8583, 0.09999999999999964, 0.0
8584, 0.09999999999999964, 0.0
8585, 0.09999999999999964, 0.0
8586, 0.09999999999999964, 0.0
8587, 0.09999999999999964, 0.0
8588, 0.09999999999999964, 0.0
8589, 0.09999999999999964, 0.0
8590, 0.09999999999999964, 0.0
8591, 0.09999999999999964, 0.0
8592, 0.09999999999999964, 0.0
8593, 0.0, 0.0
8594, 0.0, 0.0
8595, 0.0, 0.0
8596, 0.0, 0.0
8597, 0.0, 0.0
8598, 0.0, 0.0
8599, 0.0, 0.0
8600, 0.0, 0.0
8601, 0.0, 0.0
8602, 0.0, 0.0
8603, 0.0, 0.0
8604, 0.0, 0.0
8605, 0.0, 0.0
8606, 0.0, 0.0
8607, 0.0, 0.0
8608, 0.0, 0.0
8609, 0.0, 0.0
8610, 0.0, 0.0
8611, 0.0, 0.0
8612, 0.0, 0.0
8613, 0.0, 0.0
8614, 0.0, 0.0
8615, 0.0, 0.0
8616, 0.0, 0.0
8617, 0.0, 0.0
8618, 0.0, 0.0
8619, 0.0, 0.0
8620, 0.0, 0.0
8621, 0.0, -0.10000000000000142
8622, 0.09999999999999964, -0.10000000000000142
8623, 0.09999999999999964, -0.10000000000000142
8624, 0.09999999999999964, -0.10000000000000142
8625, 0.09999999999999964, -0.10000000000000142
8626, 0.09999999999999964, 0.0
8627, 0.09999999999999964, 0.0
8628, 0.09999999999999964, 0.0
8629, 0.09999999999999964, 0.0
8630, 0.09999999999999964, 0.0
8631, 0.09999999999999964, 0.0
8632, 0.09999999999999964, 0.0
8633, 0.09999999999999964, 0.0
8634, 0.09999999999999964, 0.0
8635, 0.09999999999999964, 0.0
8636, 0.09999999999999964, 0.0
8637, 0.09999999999999964, 0.0
8638, 0.09999999999999964, 0.0
8639, 0.09999999999999964, 0.0
8640, 0.09999999999999964, 0.0
8641, 0.09999999999999964, 0.0
8642, 0.09999999999999964, 0.0
8643, 0.09999999999999964, 0.0
8644, 0.09999999999999964, 0.0
8645, 0.09999999999999964, 0.0
8646, 0.09999999999999964, -0.10000000000000142
8647, 0.09999999999999964, 0.0
8648, 0.09999999999999964, 0.0
8649, 0.09999999999999964, 0.0
8650, 0.09999999999999964, 0.0
8651, 0.09999999999999964, 0.0
8652, 0.09999999999999964, 0.0
8653, 0.09999999999999964, 0.0
8654, 0.09999999999999964, 0.0
8655, 0.09999999999999964, 0.0
8656, 0.0, 0.0
8657, 0.0, 0.0
8658, 0.0, 0.0
8659, 0.0, 0.0
8660, 0.0, 0.0
8661, 0.0, 0.0
8662, 0.0, 0.0
8663, 0.0, 0.0
8664, 0.0, 0.0
8665, 0.0, 0.0
8666, 0.0, 0.0
8667, 0.0, 0.0
8668, 0.0, 0.0
8669, 0.0, 0.0
8670, 0.0, 0.0
8671, 0.0, 0.0
8672, 0.0, 0.0
8673, 0.0, 0.0
8674, 0.0, 0.0
8675, 0.0, 0.0
8676, 0.0, 0.0
8677, 0.0, 0.0
8678, 0.0, 0.0
8679, 0.0, 0.0
8680, 0.0, 0.0
8681, 0.0, 0.0
8682, 0.0, 0.0
8683, 0.0, 0.0
8684, 0.0, 0.0
8685, 0.0, 0.0
8686, 0.0, 0.0
8687, 0.0, 0.0
8688, 0.0, 0.0
8689, 0.0, 0.0
8690, 0.0, 0.0
8691, 0.0, 0.0
8692, 0.0, 0.0
8693, 0.0, 0.0
8694, 0.0, 0.0
8695, 0.0, 0.0
8696, 0.0, 0.0
8697, 0.0, 0.0
8698, 0.0, 0.10000000000000142
8699, 0.0, 0.10000000000000142
8700, 0.0, 0.10000000000000142
8701, 0.0, 0.10000000000000142
8702, 0.0, 0.10000000000000142
8703, 0.0, 0.10000000000000142
8704, 0.0, 0.10000000000000142
8705, 0.0, 0.10000000000000142
8706, 0.0, 0.10000000000000142
8707, 0.0, 0.10000000000000142
8708, 0.0, 0.10000000000000142
8709, 0.0, 0.10000000000000142
8710, 0.0, 0.10000000000000142
8711, 0.0, 0.10000000000000142
8712, 0.0, 0.10000000000000142
8713, 0.0, 0.10000000000000142
8714, 0.0, 0.10000000000000142
8715, 0.0, 0.10000000000000142
8716, 0.0, 0.10000000000000142
8717, 0.0, 0.10000000000000142
8718, 0.0, 0.10000000000000142
8719, 0.0, 0.10000000000000142
8720, 0.0, 0.10000000000000142
8721, 0.0, 0.0
8722, 0.0, 0.0
8723, 0.0, 0.0
8724, 0.0, 0.0
8725, -0.09999999999999964, 0.0
8726, -0.09999999999999964, 0.10000000000000142
8727, -0.09999999999999964, 0.10000000000000142
8728, -0.09999999999999964, 0.10000000000000142
8729, -0.09999999999999964, 0.10000000000000142
8730, -0.09999999999999964, 0.10000000000000142
8731, -0.09999999999999964, 0.10000000000000142
8732, -0.09999999999999964, 0.10000000000000142
8733, -0.09999999999999964, 0.10000000000000142
8734, -0.09999999999999964, 0.10000000000000142
8735, -0.09999999999999964, 0.10000000000000142
8736, -0.09999999999999964, 0.10000000000000142
8737, -0.09999999999999964, 0.10000000000000142
8738, -0.09999999999999964, 0.10000000000000142
8739, -0.09999999999999964, 0.10000000000000142
8740, -0.09999999999999964, 0.10000000000000142
8741, 0.0, 0.0
8742, 0.0, 0.0
8743, 0.0, 0.0
8744, 0.0, 0.0
8745, 0.0, 0.0
8746, 0.0, 0.0
8747, 0.0, 0.0
8748, 0.0, 0.0
8749, 0.0, 0.0
8750, 0.0, 0.0
8751, 0.0, 0.0
8752, 0.0, 0.0
8753, 0.0, 0.0
8754, 0.0, 0.0
8755, 0.0, 0.0
8756, 0.0, 0.0
8757, 0.0, 0.0
8758, 0.0, 0.0
8759, 0.0, 0.0
8760, 0.0, 0.0
8761, 0.0, 0.0
8762, 0.0, 0.0
8763, 0.0, 0.0
8764, 0.0, 0.0
8765, 0.0, 0.0
8766, 0.0, 0.0
8767, 0.0, 0.10000000000000142
8768, 0.0, 0.10000000000000142
8769, 0.09999999999999964, 0.10000000000000142
8770, 0.09999999999999964, 0.10000000000000142
8771, 0.09999999999999964, 0.10000000000000142
8772, 0.09999999999999964, 0.0
8773, 0.09999999999999964, 0.0
8774, 0.09999999999999964, 0.0
8775, 0.09999999999999964, 0.0
8776, 0.09999999999999964, 0.0
8777, 0.09999999999999964, -0.10000000000000142
8778, 0.09999999999999964, -0.10000000000000142
8779, 0.09999999999999964, -0.10000000000000142
8780, 0.09999999999999964, -0.10000000000000142
8781, 0.09999999999999964, -0.10000000000000142
8782, 0.09999999999999964, -0.10000000000000142
8783, 0.09999999999999964, -0.10000000000000142
8784, 0.09999999999999964, -0.10000000000000142
8785, 0.09999999999999964, -0.10000000000000142
8786, 0.09999999999999964, -0.10000000000000142
8787, 0.09999999999999964, -0.10000000000000142
8788, 0.0, -0.10000000000000142
8789, 0.0, -0.10000000000000142
8790, 0.0, -0.10000000000000142
8791, 0.0, -0.10000000000000142
8792, 0.0, -0.10000000000000142
8793, 0.0, -0.10000000000000142
8794, 0.0, 0.0
8795, 0.0, 0.0
8796, 0.0, 0.0
8797, 0.0, 0.0
8798, 0.0, 0.0
8799, 0.0, 0.0
8800, 0.0, 0.0
8801, 0.0, 0.0
8802, 0.0, 0.0
8803, 0.0, 0.0
8804, 0.0, 0.0
8805, 0.0, 0.0
8806, 0.0, 0.0
8807, 0.0, 0.0
8808, 0.0, 0.0
8809, 0.0, 0.0
8810, 0.0, 0.0
8811, 0.0, 0.0
8812, 0.0, 0.0
8813, 0.0, 0.0
8814, 0.0, 0.10000000000000142
8815, 0.0, 0.10000000000000142
8816, 0.0, 0.10000000000000142
8817, 0.0, 0.10000000000000142
8818, 0.0, 0.10000000000000142
8819, 0.0, 0.10000000000000142
8820, 0.0, 0.10000000000000142
8821, 0.0, 0.10000000000000142
8822, 0.0, 0.10000000000000142
8823, 0.0, 0.10000000000000142
8824, 0.0, 0.10000000000000142
8825, 0.0, 0.10000000000000142
8826, 0.0, 0.10000000000000142
8827, 0.0, 0.10000000000000142
8828, 0.0, 0.10000000000000142
8829, 0.0, 0.10000000000000142
8830, 0.0, 0.10000000000000142
8831, 0.0, 0.10000000000000142
8832, 0.0, 0.10000000000000142
8833, 0.0, 0.10000000000000142
8834, 0.0, 0.10000000000000142
8835, 0.0, 0.10000000000000142
8836, 0.0, 0.10000000000000142
8837, 0.0, 0.10000000000000142
8838, 0.0, 0.10000000000000142
8839, 0.0, 0.10000000000000142
8840, 0.0, 0.10000000000000142
8841, 0.0, 0.10000000000000142
8842, 0.0, 0.10000000000000142
8843, 0.0, 0.0
8844, 0.0, 0.0
8845, 0.0, 0.0
8846, 0.0, 0.0
8847, 0.0, 0.0
8848, 0.0, 0.0
8849, 0.0, 0.0
8850, 0.0, 0.0
8851, 0.0, -0.10000000000000142
8852, 0.0, -0.10000000000000142
8853, 0.0, -0.10000000000000142
8854, 0.0, -0.10000000000000142
8855, 0.0, -0.10000000000000142
8856, 0.0, -0.10000000000000142
8857, 0.0, -0.10000000000000142
8858, 0.0, -0.10000000000000142
8859, 0.0, -0.10000000000000142
8860, 0.0, 0.0
8861, 0.0, 0.0
8862, 0.0, 0.0
8863, 0.0, 0.0
8864, 0.0, 0.0
8865, 0.0, 0.0
8866, 0.0, 0.0
8867, 0.0, 0.0
8868, 0.0, 0.0
8869, 0.0, 0.0
8870, 0.0, 0.0
8871, 0.0, 0.0
8872, 0.0, 0.0
8873, 0.0, 0.0
8874, 0.0, 0.0
8875, 0.0, 0.10000000000000142
8876, 0.0, 0.10000000000000142
8877, 0.0, 0.10000000000000142
8878, 0.0, 0.10000000000000142
8879, 0.0, 0.10000000000000142
8880, 0.0, 0.10000000000000142
8881, 0.0, 0.10000000000000142
8882, 0.0, 0.10000000000000142
8883, 0.0, 0.10000000000000142
8884, 0.0, 0.10000000000000142
8885, 0.0, 0.10000000000000142
8886, 0.0, 0.10000000000000142
8887, 0.0, 0.10000000000000142
8888, 0.0, 0.10000000000000142
8889, 0.09999999999999964, 0.10000000000000142
8890, 0.09999999999999964, 0.10000000000000142
8891, 0.09999999999999964, 0.10000000000000142
8892, 0.09999999999999964, 0.10000000000000142
8893, 0.09999999999999964, 0.0
8894, 0.09999999999999964, 0.0
8895, 0.09999999999999964, 0.0
8896, 0.09999999999999964, 0.0
8897, 0.09999999999999964, 0.0
8898, 0.09999999999999964, 0.0
8899, 0.09999999999999964, 0.0
8900, 0.09999999999999964, 0.0
8901, 0.09999999999999964, 0.0
8902, 0.09999999999999964, 0.0
8903, 0.09999999999999964, 0.0
8904, 0.09999999999999964, 0.0
8905, 0.09999999999999964, 0.0
8906, 0.09999999999999964, 0.0
8907, 0.09999999999999964, 0.0
8908, 0.09999999999999964, 0.0
8909, 0.09999999999999964, 0.0
8910, 0.09999999999999964, 0.0
8911, 0.09999999999999964, 0.0
8912, 0.09999999999999964, 0.0
8913, 0.09999999999999964, 0.0
8914, 0.09999999999999964, 0.0
8915, 0.09999999999999964, 0.0
8916, 0.09999999999999964, 0.0
8917, 0.09999999999999964, 0.0
8918, 0.09999999999999964, 0.0
8919, 0.09999999999999964, 0.0
8920, 0.09999999999999964, 0.0
8921, 0.09999999999999964, 0.0
8922, 0.09999999999999964, -0.10000000000000142
8923, 0.09999999999999964, -0.10000000000000142
8924, 0.09999999999999964, -0.10000000000000142
8925, 0.09999999999999964, -0.10000000000000142
8926, 0.09999999999999964, -0.10000000000000142
8927, 0.09999999999999964, -0.10000000000000142
8928, 0.09999999999999964, -0.10000000000000142
8929, 0.09999999999999964, -0.10000000000000142
8930, 0.09999999999999964, -0.10000000000000142
8931, 0.0, -0.10000000000000142
8932, 0.0, -0.10000000000000142
8933, 0.0, -0.10000000000000142
8934, 0.0, -0.10000000000000142
8935, 0.0, -0.10000000000000142
8936, 0.0, -0.10000000000000142
8937, 0.0, -0.10000000000000142
8938, 0.0, -0.10000000000000142
8939, 0.0, -0.10000000000000142
8940, 0.0, -0.10000000000000142
8941, 0.0, -0.10000000000000142
8942, 0.09999999999999964, -0.10000000000000142
8943, 0.09999999999999964, -0.10000000000000142
8944, 0.09999999999999964, -0.10000000000000142
8945, 0.09999999999999964, -0.10000000000000142
8946, 0.09999999999999964, -0.10000000000000142
8947, 0.09999999999999964, -0.10000000000000142
8948, 0.09999999999999964, -0.10000000000000142
8949, 0.09999999999999964, -0.10000000000000142
8950, 0.09999999999999964, -0.10000000000000142
8951, 0.09999999999999964, -0.10000000000000142
8952, 0.09999999999999964, -0.10000000000000142
8953, 0.09999999999999964, -0.10000000000000142
8954, 0.09999999999999964, -0.10000000000000142
8955, 0.09999999999999964, -0.10000000000000142
8956, 0.09999999999999964, -0.10000000000000142
8957, 0.09999999999999964, -0.10000000000000142
8958, 0.09999999999999964, -0.10000000000000142
8959, 0.09999999999999964, -0.10000000000000142
8960, 0.09999999999999964, -0.10000000000000142
8961, 0.09999999999999964, -0.10000000000000142
8962, 0.09999999999999964, -0.10000000000000142
8963, 0.09999999999999964, -0.10000000000000142
8964, 0.09999999999999964, -0.10000000000000142
8965, 0.09999999999999964, -0.10000000000000142
8966, 0.09999999999999964, -0.10000000000000142
8967, 0.09999999999999964, -0.10000000000000142
8968, 0.09999999999999964, -0.10000000000000142
8969, 0.09999999999999964, 0.0
8970, 0.09999999999999964, 0.0
8971, 0.09999999999999964, 0.0
8972, 0.09999999999999964, 0.0
8973, 0.09999999999999964, 0.0
8974, 0.09999999999999964, 0.0
8975, 0.09999999999999964, 0.0
8976, 0.09999999999999964, 0.0
8977, 0.09999999999999964, 0.0
8978, 0.09999999999999964, -0.10000000000000142
8979, 0.09999999999999964, -0.10000000000000142
8980, 0.09999999999999964, -0.10000000000000142
8981, 0.09999999999999964, -0.10000000000000142
8982, 0.09999999999999964, -0.10000000000000142
8983, 0.09999999999999964, -0.10000000000000142
8984, 0.09999999999999964, -0.10000000000000142
8985, 0.09999999999999964, -0.10000000000000142
8986, 0.09999999999999964, -0.10000000000000142
8987, 0.09999999999999964, -0.10000000000000142
8988, 0.09999999999999964, -0.10000000000000142
8989, 0.09999999999999964, -0.10000000000000142
8990, 0.09999999999999964, -0.10000000000000142
8991, 0.09999999999999964, -0.10000000000000142
8992, 0.09999999999999964, -0.10000000000000142
8993, 0.09999999999999964, -0.10000000000000142
8994, 0.09999999999999964, -0.10000000000000142
8995, 0.0, -0.10000000000000142
8996, 0.0, -0.10000000000000142
8997, 0.0, 0.0
8998, 0.0, 0.0
8999, 0.0, 0.0
9000, 0.0, 0.0
9001, 0.0, 0.0
9002, 0.0, 0.0
9003, 0.0, 0.0
9004, 0.0, 0.0
9005, 0.0, 0.0
9006, 0.0, 0.0
9007, 0.0, 0.0
9008, 0.0, 0.0
9009, 0.0, 0.0
9010, 0.0, 0.0
9011, 0.0, 0.0
9012, 0.0, 0.0
9013, 0.0, 0.0
9014, 0.0, 0.0
9015, 0.0, 0.0
9016, 0.0, 0.0
9017, 0.0, 0.0
9018, 0.0, 0.0
9019, 0.0, 0.0
9020, 0.0, 0.0
9021, 0.0, 0.0
9022, 0.0, 0.0
9023, 0.0, 0.0
9024, 0.0, 0.0
9025, 0.0, 0.0
9026, 0.0, -0.10000000000000142
9027, 0.0, -0.10000000000000142
9028, 0.0, -0.10000000000000142
9029, 0.0, -0.10000000000000142
9030, 0.0, -0.10000000000000142
9031, 0.0, -0.10000000000000142
9032, 0.0, -0.10000000000000142
9033, 0.0, -0.10000000000000142
9034, 0.0, -0.10000000000000142
9035, 0.0, -0.10000000000000142
9036, 0.0, -0.10000000000000142
9037, 0.0, -0.10000000000000142
9038, 0.0, -0.10000000000000142
9039, 0.0, 0.0
9040, 0.0, 0.0
9041, 0.0, 0.0
9042, 0.0, 0.0
9043, 0.0, 0.0
9044, 0.0, 0.0
9045, 0.0, 0.0
9046, 0.0, 0.0
9047, -0.09999999999999964, 0.0
9048, -0.09999999999999964, 0.0
9049, -0.09999999999999964, 0.0
9050, -0.09999999999999964, 0.0
9051, -0.09999999999999964, -0.10000000000000142
9052, -0.09999999999999964, -0.10000000000000142
9053, -0.09999999999999964, -0.10000000000000142
9054, -0.09999999999999964, -0.10000000000000142
9055, -0.09999999999999964, -0.10000000000000142
9056, -0.09999999999999964, -0.10000000000000142
9057, -0.09999999999999964, 0.0
9058, -0.09999999999999964, 0.0
9059, -0.09999999999999964, 0.0
9060, -0.09999999999999964, 0.0
9061, -0.09999999999999964, 0.0
9062, -0.09999999999999964, 0.0
9063, -0.09999999999999964, 0.0
9064, -0.09999999999999964, 0.0
9065, 0.0, 0.0
9066, 0.0, 0.0
9067, 0.0, 0.0
9068, 0.0, 0.0
9069, 0.0, 0.0
9070, 0.09999999999999964, 0.0
9071, 0.09999999999999964, 0.0
9072, 0.09999999999999964, 0.0
9073, 0.09999999999999964, 0.0
9074, 0.09999999999999964, 0.0
9075, 0.09999999999999964, 0.0
9076, 0.0, 0.0
9077, 0.0, 0.0
9078, 0.0, 0.0
9079, 0.0, 0.0
9080, 0.0, 0.0
9081, 0.0, 0.0
9082, 0.0, 0.0
9083, 0.0, 0.0
9084, 0.0, 0.0
9085, 0.0, 0.0
9086, 0.0, 0.0
9087, 0.0, 0.0
9088, 0.0, 0.0
9089, 0.0, 0.0
9090, 0.0, 0.0
9091, 0.0, 0.0
9092, 0.0, 0.0
9093, 0.0, 0.0
9094, 0.0, 0.0
9095, 0.0, 0.0
9096, 0.0, 0.0
9097, 0.0, 0.0
9098, 0.0, 0.0
9099, 0.0, 0.0
9100, 0.0, 0.0
9101, 0.0, 0.0
9102, 0.0, 0.0
9103, 0.0, 0.0
9104, 0.0, 0.0
9105, 0.0, 0.0
9106, 0.0, 0.0
9107, 0.0, 0.0
9108, 0.0, 0.0
9109, 0.0, 0.0
9110, 0.0, 0.0
9111, 0.0, 0.0
9112, 0.0, 0.0
9113, 0.0, 0.0
9114, 0.0, 0.0
9115, 0.0, -0.10000000000000142
9116, 0.0, -0.10000000000000142
9117, 0.0, -0.10000000000000142
9118, 0.0, -0.10000000000000142
9119, 0.0, -0.10000000000000142
9120, 0.0, -0.10000000000000142
9121, 0.0, -0.10000000000000142
9122, 0.0, -0.10000000000000142
9123, 0.0, -0.10000000000000142
9124, 0.0, -0.10000000000000142
9125, 0.0, 0.0
9126, 0.0, 0.0
9127, 0.0, 0.0
9128, 0.0, 0.0
9129, 0.0, 0.0
9130, 0.0, 0.0
9131, 0.0, 0.0
9132, 0.0, 0.0
9133, 0.0, 0.10000000000000142
9134, 0.0, 0.10000000000000142
9135, 0.0, 0.10000000000000142
9136, 0.0, 0.10000000000000142
9137, 0.0, 0.10000000000000142
9138, 0.0, 0.10000000000000142
9139, 0.0, 0.10000000000000142
9140, 0.0, 0.10000000000000142
9141, 0.0, 0.10000000000000142
9142, 0.0, 0.10000000000000142
9143, 0.0, 0.10000000000000142
9144, 0.0, 0.10000000000000142
9145, 0.0, 0.10000000000000142
9146, 0.0, 0.10000000000000142
9147, 0.0, 0.10000000000000142
9148, 0.0, 0.10000000000000142
9149, 0.0, 0.10000000000000142
9150, 0.0, 0.10000000000000142
9151, 0.0, 0.10000000000000142
9152, 0.0, 0.10000000000000142
9153, 0.0, 0.10000000000000142
9154, 0.0, 0.10000000000000142
9155, 0.0, 0.10000000000000142
9156, 0.0, 0.10000000000000142
9157, 0.0, 0.10000000000000142
9158, 0.0, 0.10000000000000142
9159, 0.0, 0.10000000000000142
9160, 0.0, 0.10000000000000142
9161, 0.0, 0.10000000000000142
9162, 0.0, 0.10000000000000142
9163, 0.0, 0.10000000000000142
9164, 0.0, 0.0
9165, 0.0, 0.0
9166, 0.0, 0.0
9167, 0.0, 0.0
9168, 0.0, 0.0
9169, 0.0, 0.0
9170, 0.0, 0.0
9171, 0.0, 0.0
9172, 0.0, 0.0
9173, 0.0, 0.0
9174, 0.0, 0.0
9175, 0.0, 0.0
9176, 0.0, 0.0
9177, 0.0, 0.0
9178, 0.0, 0.0
9179, 0.0, 0.0
9180, 0.0, 0.0
9181, 0.0, 0.0
9182, 0.0, 0.0
9183, 0.0, 0.0
9184, 0.0, 0.0
9185, 0.0, 0.0
9186, 0.0, 0.0
9187, 0.0, 0.0
9188, 0.0, 0.10000000000000142
9189, 0.0, 0.10000000000000142
9190, 0.0, 0.10000000000000142
9191, 0.0, 0.10000000000000142
9192, 0.0, 0.10000000000000142
9193, 0.0, 0.10000000000000142
9194, 0.0, 0.10000000000000142
9195, 0.0, 0.0
9196, 0.0, 0.0
9197, 0.0, 0.0
9198, 0.0, 0.0
9199, 0.0, 0.0
9200, 0.0, 0.0
9201, 0.0, 0.0
9202, 0.0, 0.0
9203, 0.0, 0.0
9204, 0.0, 0.0
9205, 0.0, 0.0
9206, 0.0, 0.0
9207, 0.0, 0.0
9208, 0.0, 0.0
9209, 0.0, 0.0
9210, 0.0, 0.0
9211, 0.0, -0.10000000000000142
9212, 0.0, -0.10000000000000142
9213, 0.0, -0.10000000000000142
9214, 0.0, -0.10000000000000142
9215, 0.0, -0.10000000000000142
9216, 0.0, -0.10000000000000142
9217, 0.0, -0.10000000000000142
9218, 0.0, -0.10000000000000142
9219, 0.0, -0.10000000000000142
9220, 0.0, -0.10000000000000142
9221, 0.0, -0.10000000000000142
9222, 0.0, -0.10000000000000142
9223, 0.0, -0.10000000000000142
9224, 0.0, -0.10000000000000142
9225, 0.0, -0.10000000000000142
9226, 0.0, -0.10000000000000142
9227, 0.0, -0.10000000000000142
9228, 0.0, -0.10000000000000142
9229, 0.0, 0.0
9230, 0.0, 0.0
9231, 0.0, 0.0
9232, 0.0, 0.0
9233, 0.0, 0.0
9234, 0.0, 0.0
9235, 0.0, 0.0
9236, 0.0, 0.0
9237, 0.0, 0.0
9238, 0.0, 0.0
9239, 0.0, 0.0
9240, 0.09999999999999964, 0.0
9241, 0.09999999999999964, 0.0
9242, 0.09999999999999964, 0.0
9243, 0.09999999999999964, 0.0
9244, 0.09999999999999964, 0.0
9245, 0.09999999999999964, 0.0
9246, 0.09999999999999964, 0.0
9247, 0.09999999999999964, 0.0
9248, 0.09999999999999964, 0.0
9249, 0.09999999999999964, 0.0
9250, 0.09999999999999964, 0.0
9251, 0.09999999999999964, 0.0
9252, 0.09999999999999964, 0.0
9253, 0.09999999999999964, 0.0
9254, 0.09999999999999964, 0.0
9255, 0.09999999999999964, 0.0
9256, 0.09999999999999964, 0.0
9257, 0.09999999999999964, 0.0
9258, 0.09999999999999964, 0.0
9259, 0.09999999999999964, 0.10000000000000142
9260, 0.09999999999999964, 0.10000000000000142
9261, 0.09999999999999964, 0.10000000000000142
9262, 0.09999999999999964, 0.10000000000000142
9263, 0.09999999999999964, 0.10000000000000142
9264, 0.09999999999999964, 0.10000000000000142
9265, 0.09999999999999964, 0.10000000000000142
9266, 0.09999999999999964, 0.10000000000000142
9267, 0.09999999999999964, 0.10000000000000142
9268, 0.09999999999999964, 0.10000000000000142
9269, 0.09999999999999964, 0.10000000000000142
9270, 0.09999999999999964, 0.10000000000000142
9271, 0.09999999999999964, 0.10000000000000142
9272, 0.09999999999999964, 0.1999999999999993
9273, 0.09999999999999964, 0.1999999999999993
9274, 0.09999999999999964, 0.3000000000000007
9275, 0.09999999999999964, 0.1999999999999993
9276, 0.09999999999999964, 0.1999999999999993
9277, 0.09999999999999964, 0.3000000000000007
9278, 0.09999999999999964, 0.3000000000000007
9279, 0.09999999999999964, 0.1999999999999993
9280, 0.09999999999999964, 0.3999999999999986
9281, 0.09999999999999964, 0.3999999999999986
9282, 0.09999999999999964, 0.3999999999999986
9283, 0.09999999999999964, 0.3999999999999986
9284, 0.09999999999999964, 0.3999999999999986
9285, 0.09999999999999964, 0.3999999999999986
9286, 0.09999999999999964, 0.5
9287, 0.09999999999999964, 0.6000000000000014
9288, 0.09999999999999964, 0.5
9289, 0.09999999999999964, 0.6000000000000014
9290, 0.09999999999999964, 0.6000000000000014
9291, 0.09999999999999964, 0.6000000000000014
9292, 0.09999999999999964, 0.6000000000000014
9293, 0.09999999999999964, 0.6999999999999993
9294, 0.09999999999999964, 0.6999999999999993
9295, 0.09999999999999964, 0.6000000000000014
9296, 0.09999999999999964, 0.6999999999999993
9297, 0.09999999999999964, 0.6999999999999993
9298, 0.09999999999999964, 0.6999999999999993
9299, 0.09999999999999964, 0.6999999999999993
9300, 0.09999999999999964, 0.8000000000000007
9301, 0.09999999999999964, 0.6999999999999993
9302, 0.09999999999999964, 0.6999999999999993
9303, 0.09999999999999964, 0.6999999999999993
9304, 0.0, 0.8000000000000007
9305, 0.0, 0.8000000000000007
9306, 0.0, 0.8000000000000007
9307, 0.0, 0.6000000000000014
9308, 0.0, 0.6999999999999993
9309, 0.0, 0.6999999999999993
9310, 0.0, 0.6999999999999993
9311, 0.0, 0.6000000000000014
9312, 0.0, 0.6999999999999993
9313, 0.0, 0.6000000000000014
9314, 0.0, 0.6999999999999993
9315, 0.0, 0.6000000000000014
9316, 0.0, 0.6000000000000014
9317, 0.0, 0.6000000000000014
9318, 0.0, 0.6999999999999993
9319, 0.0, 0.6000000000000014
9320, 0.0, 0.5
9321, 0.0, 0.5
9322, 0.0, 0.5
9323, 0.0, 0.5
9324, 0.09999999999999964, 0.5
9325, 0.09999999999999964, 0.3999999999999986
9326, 0.09999999999999964, 0.3000000000000007
9327, 0.09999999999999964, 0.3000000000000007
9328, 0.09999999999999964, 0.3000000000000007
9329, 0.09999999999999964, 0.3999999999999986
9330, 0.09999999999999964, 0.3000000000000007
9331, 0.09999999999999964, 0.3000000000000007
9332, 0.09999999999999964, 0.3000000000000007
9333, 0.09999999999999964, 0.1999999999999993
9334, 0.09999999999999964, 0.1999999999999993
9335, 0.09999999999999964, 0.3000000000000007
9336, 0.09999999999999964, 0.3000000000000007
9337, 0.09999999999999964, 0.1999999999999993
9338, 0.09999999999999964, 0.1999999999999993
9339, 0.09999999999999964, 0.1999999999999993
9340, 0.09999999999999964, 0.1999999999999993
9341, 0.09999999999999964, 0.1999999999999993
9342, 0.09999999999999964, 0.1999999999999993
9343, 0.09999999999999964, 0.3000000000000007
9344, 0.09999999999999964, 0.3000000000000007
9345, 0.09999999999999964, 0.3000000000000007
9346, 0.09999999999999964, 0.3000000000000007
9347, 0.09999999999999964, 0.3000000000000007
9348, 0.09999999999999964, 0.3000000000000007
9349, 0.09999999999999964, 0.3999999999999986
9350, 0.09999999999999964, 0.3000000000000007
9351, 0.09999999999999964, 0.3999999999999986
9352, 0.09999999999999964, 0.3000000000000007
9353, 0.09999999999999964, 0.3000000000000007
9354, 0.09999999999999964, 0.3000000000000007
9355, 0.09999999999999964, 0.3000000000000007
9356, 0.09999999999999964, 0.3999999999999986
9357, 0.09999999999999964, 0.5
9358, 0.09999999999999964, 0.5
9359, 0.09999999999999964, 0.5
9360, 0.09999999999999964, 0.5
9361, 0.09999999999999964, 0.5
9362, 0.09999999999999964, 0.3999999999999986
9363, 0.09999999999999964, 0.5
9364, 0.09999999999999964, 0.6000000000000014
9365, 0.0, 0.5
9366, 0.0, 0.6000000000000014
9367, 0.0, 0.6000000000000014
9368, 0.0, 0.6000000000000014
9369, 0.0, 0.6000000000000014
9370, 0.0, 0.6000000000000014
9371, 0.0, 0.6000000000000014
9372, 0.0, 0.6000000000000014
9373, 0.0, 0.6999999999999993
9374, 0.0, 0.6999999999999993
9375, 0.0, 0.6999999999999993
9376, 0.0, 0.8000000000000007
9377, 0.0, 0.6999999999999993
9378, 0.0, 0.6999999999999993
9379, 0.0, 0.6999999999999993
9380, 0.0, 0.6999999999999993
9381, 0.0, 0.6999999999999993
9382, 0.0, 0.8000000000000007
9383, 0.0, 0.8000000000000007
9384, 0.0, 0.8000000000000007
9385, 0.0, 0.8000000000000007
9386, 0.0, 0.8000000000000007
9387, 0.0, 0.8000000000000007
9388, 0.0, 0.8000000000000007
9389, 0.0, 0.8999999999999986
9390, 0.0, 0.8000000000000007
9391, 0.0, 0.8000000000000007
9392, 0.0, 0.8999999999999986
9393, 0.09999999999999964, 0.6999999999999993
9394, 0.09999999999999964, 0.6999999999999993
9395, 0.09999999999999964, 0.8000000000000007
9396, 0.09999999999999964, 0.6999999999999993
9397, 0.09999999999999964, 0.8000000000000007
9398, 0.09999999999999964, 0.8000000000000007
9399, 0.09999999999999964, 0.6999999999999993
9400, 0.09999999999999964, 0.6999999999999993
9401, 0.09999999999999964, 0.8000000000000007
9402, 0.09999999999999964, 0.8000000000000007
9403, 0.09999999999999964, 0.6999999999999993
9404, 0.09999999999999964, 0.6999999999999993
9405, 0.09999999999999964, 0.6000000000000014
9406, 0.09999999999999964, 0.6000000000000014
9407, 0.09999999999999964, 0.6000000000000014
9408, 0.09999999999999964, 0.6000000000000014
9409, 0.09999999999999964, 0.6000000000000014
9410, 0.09999999999999964, 0.6000000000000014
9411, 0.09999999999999964, 0.6000000000000014
9412, 0.09999999999999964, 0.6000000000000014
9413, 0.09999999999999964, 0.5
9414, 0.09999999999999964, 0.3999999999999986
9415, 0.09999999999999964, 0.5
9416, 0.09999999999999964, 0.3999999999999986
9417, 0.09999999999999964, 0.3999999999999986
9418, 0.09999999999999964, 0.3000000000000007
9419, 0.09999999999999964, 0.3999999999999986
9420, 0.09999999999999964, 0.3000000000000007
9421, 0.09999999999999964, 0.3000000000000007
9422, 0.09999999999999964, 0.3000000000000007
9423, 0.09999999999999964, 0.1999999999999993
9424, 0.09999999999999964, 0.1999999999999993
9425, 0.09999999999999964, 0.1999999999999993
9426, 0.09999999999999964, 0.1999999999999993
9427, 0.09999999999999964, 0.10000000000000142
9428, 0.09999999999999964, 0.10000000000000142
9429, 0.09999999999999964, 0.10000000000000142
9430, 0.09999999999999964, 0.10000000000000142
9431, 0.09999999999999964, 0.10000000000000142
9432, 0.09999999999999964, 0.10000000000000142
9433, 0.09999999999999964, 0.10000000000000142
9434, 0.09999999999999964, 0.10000000000000142
9435, 0.09999999999999964, 0.1999999999999993
9436, 0.09999999999999964, 0.1999999999999993
9437, 0.09999999999999964, 0.1999999999999993
9438, 0.09999999999999964, 0.3000000000000007
9439, 0.09999999999999964, 0.3000000000000007
9440, 0.09999999999999964, 0.3000000000000007
9441, 0.09999999999999964, 0.3000000000000007
9442, 0.09999999999999964, 0.3000000000000007
9443, 0.09999999999999964, 0.3999999999999986
9444, 0.09999999999999964, 0.3999999999999986
9445, 0.09999999999999964, 0.5
9446, 0.09999999999999964, 0.3999999999999986
9447, 0.09999999999999964, 0.5
9448, 0.09999999999999964, 0.6000000000000014
9449, 0.09999999999999964, 0.6000000000000014
9450, 0.09999999999999964, 0.8000000000000007
9451, 0.09999999999999964, 0.6999999999999993
9452, 0.09999999999999964, 0.8000000000000007
9453, 0.09999999999999964, 0.8000000000000007
9454, 0.09999999999999964, 0.8999999999999986
9455, 0.09999999999999964, 0.8999999999999986
9456, 0.09999999999999964, 0.8999999999999986
9457, 0.09999999999999964, 1.0
9458, 0.09999999999999964, 1.0
9459, 0.09999999999999964, 1.0
9460, 0.09999999999999964, 1.0
9461, 0.09999999999999964, 1.1000000000000014
9462, 0.09999999999999964, 1.1000000000000014
9463, 0.09999999999999964, 1.1000000000000014
9464, 0.09999999999999964, 1.1000000000000014
9465, 0.09999999999999964, 1.1000000000000014
9466, 0.09999999999999964, 1.1000000000000014
9467, 0.09999999999999964, 1.1000000000000014
9468, 0.0, 1.1000000000000014
9469, 0.0, 1.1000000000000014
9470, 0.0, 1.1999999999999993
9471, 0.0, 1.1999999999999993
9472, 0.0, 1.1999999999999993
9473, 0.0, 1.1000000000000014
9474, 0.0, 1.1000000000000014
9475, 0.0, 1.1000000000000014
9476, 0.0, 1.1999999999999993
9477, 0.0, 1.1999999999999993
9478, 0.0, 1.1000000000000014
9479, -0.09999999999999964, 1.1000000000000014
9480, -0.09999999999999964, 1.0
9481, -0.09999999999999964, 1.0
9482, -0.09999999999999964, 0.8999999999999986
9483, -0.09999999999999964, 1.0
9484, -0.09999999999999964, 1.0
9485, -0.09999999999999964, 1.0
9486, -0.09999999999999964, 0.8999999999999986
9487, -0.09999999999999964, 0.8999999999999986
9488, -0.09999999999999964, 0.8999999999999986
9489, -0.09999999999999964, 0.8000000000000007
9490, -0.09999999999999964, 0.8000000000000007
9491, -0.09999999999999964, 0.6999999999999993
9492, -0.09999999999999964, 0.6999999999999993
9493, -0.09999999999999964, 0.6000000000000014
9494, -0.09999999999999964, 0.6000000000000014
9495, -0.09999999999999964, 0.5
9496, -0.09999999999999964, 0.5
9497, -0.09999999999999964, 0.3999999999999986
9498, -0.09999999999999964, 0.3999999999999986
9499, -0.09999999999999964, 0.3000000000000007
9500, -0.09999999999999964, 0.1999999999999993
9501, -0.09999999999999964, 0.10000000000000142
9502, -0.09999999999999964, 0.10000000000000142
9503, -0.09999999999999964, -0.10000000000000142
9504, -0.09999999999999964, -0.1999999999999993
9505, -0.09999999999999964, -0.1999999999999993
9506, -0.09999999999999964, -0.3000000000000007
9507, -0.09999999999999964, -0.3999999999999986
9508, -0.09999999999999964, -0.5
9509, -0.09999999999999964, -0.6000000000000014
9510, -0.09999999999999964, -0.6000000000000014
9511, -0.09999999999999964, -0.6999999999999993
9512, -0.09999999999999964, -0.8999999999999986
9513, -0.09999999999999964, -1.0
9514, -0.09999999999999964, -1.1000000000000014
9515, -0.09999999999999964, -1.1999999999999993
9516, -0.09999999999999964, -1.3999999999999986
9517, -0.09999999999999964, -1.5
9518, -0.09999999999999964, -1.6999999999999993
9519, -0.09999999999999964, -1.8000000000000007
9520, -0.09999999999999964, -2.0
9521, -0.09999999999999964, -2.0
9522, -0.09999999999999964, -2.0
9523, -0.09999999999999964, -2.1999999999999993
9524, -0.09999999999999964, -2.3999999999999986
9525, -0.09999999999999964, -2.3999999999999986
9526, -0.09999999999999964, -2.6000000000000014
9527, -0.09999999999999964, -2.8000000000000007
9528, -0.09999999999999964, -2.8999999999999986
9529, -0.09999999999999964, -2.8999999999999986
9530, -0.09999999999999964, -3.1000000000000014
9531, -0.09999999999999964, -3.1000000000000014
9532, -0.09999999999999964, -3.3000000000000007
9533, -0.09999999999999964, -3.3999999999999986
9534, -0.09999999999999964, -3.5
9535, -0.09999999999999964, -3.5
9536, -0.09999999999999964, -3.6000000000000014
9537, -0.09999999999999964, -3.6000000000000014
9538, -0.09999999999999964, -3.6999999999999993
9539, -0.09999999999999964, -3.8000000000000007
9540, -0.09999999999999964, -3.6999999999999993
9541, -0.09999999999999964, -3.8000000000000007
9542, -0.09999999999999964, -3.8000000000000007
9543, -0.09999999999999964, -4.0
9544, -0.09999999999999964, -4.0
9545, -0.09999999999999964, -3.8999999999999986
9546, -0.09999999999999964, -3.8999999999999986
9547, -0.09999999999999964, -3.8999999999999986
9548, -0.09999999999999964, -3.8999999999999986
9549, -0.09999999999999964, -3.8999999999999986
9550, -0.09999999999999964, -3.8999999999999986
9551, -0.09999999999999964, -3.8999999999999986
9552, -0.09999999999999964, -3.8000000000000007
9553, -0.09999999999999964, -3.6999999999999993
9554, -0.09999999999999964, -3.6000000000000014
9555, 0.0, -3.6000000000000014
9556, 0.0, -3.3999999999999986
9557, 0.0, -3.3000000000000007
9558, 0.0, -3.3000000000000007
9559, 0.0, -3.1000000000000014
9560, 0.0, -3.1000000000000014
9561, 0.0, -3.0
9562, 0.09999999999999964, -2.8999999999999986
9563, 0.09999999999999964, -2.6999999999999993
9564, 0.09999999999999964, -2.5
9565, 0.09999999999999964, -2.3999999999999986
9566, 0.09999999999999964, -2.1999999999999993
9567, 0.09999999999999964, -2.1000000000000014
9568, 0.09999999999999964, -1.8999999999999986
9569, 0.09999999999999964, -1.6999999999999993
9570, 0.09999999999999964, -1.6000000000000014
9571, 0.09999999999999964, -1.3999999999999986
9572, 0.09999999999999964, -1.1999999999999993
9573, 0.09999999999999964, -1.0
9574, 0.09999999999999964, -0.8999999999999986
9575, 0.09999999999999964, -0.8000000000000007
9576, 0.09999999999999964, -0.6000000000000014
9577, 0.09999999999999964, -0.3999999999999986
9578, 0.09999999999999964, -0.3000000000000007
9579, 0.09999999999999964, -0.10000000000000142
9580, 0.09999999999999964, 0.0
9581, 0.09999999999999964, 0.10000000000000142
9582, 0.09999999999999964, 0.3000000000000007
9583, 0.09999999999999964, 0.3999999999999986
9584, 0.09999999999999964, 0.5
9585, 0.09999999999999964, 0.6000000000000014
9586, 0.09999999999999964, 0.8999999999999986
9587, 0.09999999999999964, 0.8999999999999986
9588, 0.09999999999999964, 1.1000000000000014
9589, 0.09999999999999964, 1.1999999999999993
9590, 0.09999999999999964, 1.3000000000000007
9591, 0.09999999999999964, 1.1999999999999993
9592, 0.09999999999999964, 1.3000000000000007
9593, 0.09999999999999964, 1.3000000000000007
9594, 0.09999999999999964, 1.3999999999999986
9595, 0.09999999999999964, 1.3999999999999986
9596, 0.0, 1.3999999999999986
9597, 0.0, 1.5
9598, 0.0, 1.5
9599, 0.0, 1.3999999999999986
9600, 0.0, 1.5
9601, 0.0, 1.5
9602, 0.0, 1.5
9603, 0.0, 1.5
9604, 0.0, 1.3999999999999986
9605, 0.0, 1.5
9606, 0.0, 1.3000000000000007
9607, 0.0, 1.3000000000000007
9608, 0.0, 1.1999999999999993
9609, 0.0, 1.1000000000000014
9610, 0.0, 1.1000000000000014
9611, 0.0, 1.1000000000000014
9612, 0.0, 0.8999999999999986
9613, 0.0, 0.8999999999999986
9614, 0.0, 0.6999999999999993
9615, 0.0, 0.6999999999999993
9616, 0.0, 0.6999999999999993
9617, 0.0, 0.6000000000000014
9618, 0.0, 0.5
9619, -0.09999999999999964, 0.5
9620, -0.09999999999999964, 0.3000000000000007
9621, -0.09999999999999964, 0.3999999999999986
9622, -0.09999999999999964, 0.3000000000000007
9623, -0.09999999999999964, 0.1999999999999993
9624, -0.09999999999999964, 0.10000000000000142
9625, -0.09999999999999964, 0.10000000000000142
9626, -0.09999999999999964, -0.10000000000000142
9627, -0.09999999999999964, -0.10000000000000142
9628, -0.09999999999999964, -0.10000000000000142
9629, -0.09999999999999964, -0.1999999999999993
9630, -0.09999999999999964, -0.1999999999999993
9631, -0.09999999999999964, -0.1999999999999993
9632, -0.09999999999999964, -0.3000000000000007
9633, -0.09999999999999964, -0.3000000000000007
9634, -0.09999999999999964, -0.3000000000000007
9635, -0.09999999999999964, -0.3999999999999986
9636, -0.09999999999999964, -0.5
9637, 0.0, -0.5
9638, 0.0, -0.5
9639, 0.0, -0.6000000000000014
9640, 0.0, -0.5
9641, 0.0, -0.6000000000000014
9642, 0.0, -0.5
9643, 0.0, -0.5
9644, 0.09999999999999964, -0.6000000000000014
9645, 0.09999999999999964, -0.5
9646, 0.09999999999999964, -0.6000000000000014
9647, 0.09999999999999964, -0.6000000000000014
9648, 0.09999999999999964, -0.6000000000000014
9649, 0.09999999999999964, -0.6999999999999993
9650, 0.09999999999999964, -0.6000000000000014
9651, 0.09999999999999964, -0.6999999999999993
9652, 0.09999999999999964, -0.5
9653, 0.09999999999999964, -0.6000000000000014
9654, 0.09999999999999964, -0.5
9655, 0.09999999999999964, -0.6999999999999993
9656, 0.09999999999999964, -0.6000000000000014
9657, 0.09999999999999964, -0.6999999999999993
9658, 0.09999999999999964, -0.6000000000000014
9659, 0.09999999999999964, -0.6000000000000014
9660, 0.09999999999999964, -0.5
9661, 0.09999999999999964, -0.5
9662, 0.09999999999999964, -0.5
9663, 0.0, -0.6000000000000014
9664, 0.0, -0.3999999999999986
9665, 0.0, -0.3999999999999986
9666, 0.0, -0.3999999999999986
9667, 0.0, -0.3999999999999986
9668, 0.0, -0.3999999999999986
9669, 0.0, -0.3000000000000007
9670, 0.0, -0.3000000000000007
9671, 0.0, -0.1999999999999993
9672, 0.0, -0.3000000000000007
9673, 0.0, -0.10000000000000142
9674, 0.0, 0.0
9675, 0.0, 0.0
9676, 0.0, 0.0
9677, 0.0, 0.10000000000000142
9678, 0.0, 0.10000000000000142
9679, 0.0, 0.10000000000000142
9680, 0.0, 0.1999999999999993
9681, 0.0, 0.3000000000000007
9682, 0.0, 0.3000000000000007
9683, 0.0, 0.3000000000000007
9684, 0.0, 0.3000000000000007
9685, 0.0, 0.3999999999999986
9686, 0.0, 0.3999999999999986
9687, 0.0, 0.3999999999999986
9688, 0.0, 0.3999999999999986
9689, 0.0, 0.5
9690, 0.0, 0.3999999999999986
9691, 0.0, 0.3999999999999986
9692, 0.0, 0.6000000000000014
9693, 0.0, 0.5
9694, 0.0, 0.5
9695, 0.0, 0.5
9696, 0.0, 0.6000000000000014
9697, 0.0, 0.5
9698, 0.0, 0.6000000000000014
9699, 0.0, 0.5
9700, 0.0, 0.5
9701, 0.0, 0.5
9702, 0.0, 0.5
9703, 0.0, 0.3999999999999986
9704, 0.0, 0.3999999999999986
9705, 0.0, 0.3999999999999986
9706, 0.0, 0.3999999999999986
9707, 0.0, 0.3000000000000007
9708, 0.0, 0.3000000000000007
9709, 0.09999999999999964, 0.3000000000000007
9710, 0.09999999999999964, 0.3000000000000007
9711, 0.09999999999999964, 0.3000000000000007
9712, 0.09999999999999964, 0.3000000000000007
9713, 0.09999999999999964, 0.1999999999999993
9714, 0.09999999999999964, 0.3000000000000007
9715, 0.09999999999999964, 0.3000000000000007
9716, 0.09999999999999964, 0.1999999999999993
9717, 0.09999999999999964, 0.10000000000000142
9718, 0.09999999999999964, 0.10000000000000142
9719, 0.09999999999999964, 0.10000000000000142
9720, 0.09999999999999964, 0.1999999999999993
9721, 0.09999999999999964, 0.10000000000000142
9722, 0.09999999999999964, 0.10000000000000142
9723, 0.09999999999999964, 0.0
9724, 0.09999999999999964, 0.10000000000000142
9725, 0.09999999999999964, 0.0
9726, 0.09999999999999964, 0.10000000000000142
9727, 0.09999999999999964, 0.0
9728, 0.09999999999999964, 0.0
9729, 0.09999999999999964, 0.0
9730, 0.09999999999999964, 0.10000000000000142
9731, 0.09999999999999964, 0.10000000000000142
9732, 0.09999999999999964, 0.1999999999999993
9733, 0.09999999999999964, 0.0
9734, 0.09999999999999964, 0.0
9735, 0.09999999999999964, 0.1999999999999993
9736, 0.09999999999999964, 0.1999999999999993
9737, 0.09999999999999964, 0.1999999999999993
9738, 0.09999999999999964, 0.1999999999999993
9739, 0.09999999999999964, 0.1999999999999993
9740, 0.09999999999999964, 0.1999999999999993
9741, 0.09999999999999964, 0.3000000000000007
9742, 0.09999999999999964, 0.3000000000000007
9743, 0.09999999999999964, 0.3000000000000007
9744, 0.09999999999999964, 0.3000000000000007
9745, 0.09999999999999964, 0.3000000000000007
9746, 0.09999999999999964, 0.3999999999999986
9747, 0.09999999999999964, 0.3999999999999986
9748, 0.09999999999999964, 0.3999999999999986
9749, 0.09999999999999964, 0.3999999999999986
9750, 0.09999999999999964, 0.5
9751, 0.09999999999999964, 0.5
9752, 0.09999999999999964, 0.5
9753, 0.09999999999999964, 0.6000000000000014
9754, 0.09999999999999964, 0.6000000000000014
9755, 0.09999999999999964, 0.6999999999999993
9756, 0.09999999999999964, 0.6999999999999993
9757, 0.09999999999999964, 0.6999999999999993
9758, 0.09999999999999964, 0.8000000000000007
9759, 0.09999999999999964, 0.8000000000000007
9760, 0.09999999999999964, 0.8000000000000007
9761, 0.09999999999999964, 0.8000000000000007
9762, 0.09999999999999964, 0.8000000000000007
9763, 0.09999999999999964, 0.8999999999999986
9764, 0.09999999999999964, 0.8999999999999986
9765, 0.09999999999999964, 0.8999999999999986
9766, 0.09999999999999964, 1.0
9767, 0.09999999999999964, 0.8000000000000007
9768, 0.09999999999999964, 0.8999999999999986
9769, 0.09999999999999964, 1.0
9770, 0.09999999999999964, 0.8999999999999986
9771, 0.0, 0.8999999999999986
9772, 0.0, 0.8000000000000007
9773, 0.0, 0.8999999999999986
9774, 0.0, 0.8000000000000007
9775, 0.0, 0.8000000000000007
9776, 0.0, 0.6999999999999993
9777, 0.0, 0.8000000000000007
9778, 0.0, 0.6999999999999993
9779, 0.0, 0.6999999999999993
9780, 0.0, 0.8000000000000007
9781, 0.0, 0.6000000000000014
9782, 0.0, 0.6000000000000014
9783, 0.0, 0.5
9784, 0.0, 0.5
9785, 0.0, 0.3999999999999986
9786, 0.0, 0.3000000000000007
9787, 0.0, 0.3999999999999986
9788, -0.09999999999999964, 0.1999999999999993
9789, -0.09999999999999964, 0.1999999999999993
9790, -0.09999999999999964, 0.10000000000000142
9791, -0.09999999999999964, 0.10000000000000142
9792, -0.09999999999999964, 0.0
9793, -0.09999999999999964, 0.0
9794, -0.09999999999999964, 0.0
9795, -0.09999999999999964, 0.0
9796, -0.09999999999999964, -0.10000000000000142
9797, -0.09999999999999964, -0.10000000000000142
9798, -0.09999999999999964, -0.10000000000000142
9799, -0.09999999999999964, -0.1999999999999993
9800, -0.09999999999999964, -0.1999999999999993
9801, -0.09999999999999964, -0.10000000000000142
9802, -0.09999999999999964, -0.10000000000000142
9803, -0.09999999999999964, -0.1999999999999993
9804, -0.09999999999999964, -0.1999999999999993
9805, -0.09999999999999964, -0.10000000000000142
9806, -0.09999999999999964, -0.10000000000000142
9807, -0.09999999999999964, -0.1999999999999993
9808, -0.09999999999999964, -0.10000000000000142
9809, -0.09999999999999964, -0.1999999999999993
9810, 0.0, -0.10000000000000142
9811, 0.0, -0.1999999999999993
9812, 0.0, -0.10000000000000142
9813, 0.0, -0.10000000000000142
9814, 0.0, 0.0
9815, 0.0, -0.10000000000000142
9816, 0.0, 0.0
9817, 0.0, 0.0
9818, 0.0, 0.0
9819, 0.0, 0.10000000000000142
9820, 0.0, 0.10000000000000142
9821, 0.0, 0.0
9822, 0.0, 0.10000000000000142
9823, 0.0, 0.10000000000000142
9824, 0.0, 0.10000000000000142
9825, 0.0, 0.1999999999999993
9826, 0.0, 0.1999999999999993
9827, 0.0, 0.1999999999999993
9828, 0.0, 0.1999999999999993
9829, 0.0, 0.1999999999999993
9830, 0.0, 0.1999999999999993
9831, 0.0, 0.1999999999999993
9832, 0.0, 0.3000000000000007
9833, 0.0, 0.3000000000000007
9834, 0.0, 0.1999999999999993
9835, 0.0, 0.1999999999999993
9836, 0.0, 0.3000000000000007
9837, 0.0, 0.3000000000000007
9838, 0.0, 0.3000000000000007
9839, 0.0, 0.3000000000000007
9840, 0.0, 0.5
9841, 0.0, 0.3999999999999986
9842, 0.0, 0.3999999999999986
9843, 0.0, 0.5
9844, 0.0, 0.5
9845, 0.0, 0.6000000000000014
9846, 0.0, 0.6000000000000014
9847, 0.0, 0.6999999999999993
9848, 0.0, 0.6000000000000014
9849, 0.0, 0.6999999999999993
9850, 0.0, 0.6999999999999993
9851, 0.0, 0.6999999999999993
9852, 0.0, 0.6999999999999993
9853, 0.0, 0.8000000000000007
9854, 0.0, 0.8000000000000007
9855, 0.0, 0.8000000000000007
9856, 0.0, 0.8000000000000007
9857, 0.0, 0.8000000000000007
9858, 0.0, 0.6999999999999993
9859, 0.09999999999999964, 0.8000000000000007
9860, 0.09999999999999964, 0.6999999999999993
9861, 0.0, 0.8000000000000007
9862, 0.0, 0.6999999999999993
9863, 0.0, 0.6999999999999993
9864, 0.0, 0.6999999999999993
9865, 0.0, 0.6000000000000014
9866, 0.0, 0.6000000000000014
9867, 0.0, 0.6000000000000014
9868, 0.0, 0.6000000000000014
9869, 0.0, 0.5
9870, 0.0, 0.3999999999999986
9871, 0.0, 0.3999999999999986
9872, 0.0, 0.3000000000000007
9873, 0.0, 0.3999999999999986
9874, 0.0, 0.3000000000000007
9875, 0.0, 0.3000000000000007
9876, 0.0, 0.1999999999999993
9877, 0.0, 0.1999999999999993
9878, 0.0, 0.10000000000000142
9879, 0.0, 0.10000000000000142
9880, 0.0, 0.0
9881, 0.0, 0.0
9882, 0.0, -0.10000000000000142
9883, 0.0, -0.1999999999999993
9884, 0.0, -0.1999999999999993
9885, 0.0, -0.3000000000000007
9886, 0.0, -0.3000000000000007
9887, 0.0, -0.3999999999999986
9888, -0.09999999999999964, -0.3000000000000007
9889, -0.09999999999999964, -0.3999999999999986
9890, -0.09999999999999964, -0.5
9891, -0.09999999999999964, -0.5
9892, 0.0, -0.5
9893, 0.0, -0.5
9894, 0.0, -0.5
9895, 0.0, -0.5
9896, 0.0, -0.5
9897, 0.0, -0.6000000000000014
9898, 0.0, -0.6000000000000014
9899, 0.0, -0.5
9900, 0.0, -0.5
9901, 0.0, -0.6000000000000014
9902, 0.0, -0.5
9903, 0.0, -0.6000000000000014
9904, 0.0, -0.6000000000000014
9905, 0.0, -0.5
9906, 0.0, -0.5
9907, 0.0, -0.5
9908, 0.0, -0.5
9909, 0.0, -0.5
9910, 0.0, -0.5
9911, 0.0, -0.5
9912, 0.0, -0.5
9913, 0.0, -0.5
9914, 0.0, -0.6000000000000014
9915, 0.0, -0.3999999999999986
9916, 0.0, -0.5
9917, 0.0, -0.5
9918, 0.0, -0.5
9919, 0.09999999999999964, -0.5
9920, 0.09999999999999964, -0.5
9921, 0.09999999999999964, -0.3999999999999986
9922, 0.09999999999999964, -0.5
9923, 0.09999999999999964, -0.5
9924, 0.09999999999999964, -0.5
9925, 0.09999999999999964, -0.5
9926, 0.09999999999999964, -0.5
9927, 0.09999999999999964, -0.5
9928, 0.09999999999999964, -0.6000000000000014
9929, 0.09999999999999964, -0.6000000000000014
9930, 0.09999999999999964, -0.6000000000000014
9931, 0.09999999999999964, -0.6999999999999993
9932, 0.09999999999999964, -0.6000000000000014
9933, 0.09999999999999964, -0.6000000000000014
9934, 0.09999999999999964, -0.6000000000000014
9935, 0.09999999999999964, -0.6000000000000014
9936, 0.09999999999999964, -0.6999999999999993
9937, 0.09999999999999964, -0.6000000000000014
9938, 0.09999999999999964, -0.6999999999999993
9939, 0.09999999999999964, -0.6000000000000014
9940, 0.09999999999999964, -0.6000000000000014
9941, 0.09999999999999964, -0.6999999999999993
9942, 0.09999999999999964, -0.6000000000000014
9943, 0.09999999999999964, -0.6000000000000014
9944, 0.09999999999999964, -0.5
9945, 0.09999999999999964, -0.6000000000000014
9946, 0.09999999999999964, -0.5
9947, 0.09999999999999964, -0.5
9948, 0.09999999999999964, -0.5
9949, 0.09999999999999964, -0.5
9950, 0.09999999999999964, -0.3999999999999986
9951, 0.09999999999999964, -0.3999999999999986
9952, 0.09999999999999964, -0.3000000000000007
9953, 0.09999999999999964, -0.5
9954, 0.0, -0.3999999999999986
9955, 0.0, -0.3000000000000007
9956, 0.0, -0.3000000000000007
9957, 0.0, -0.3999999999999986
9958, 0.0, -0.3000000000000007
9959, 0.0, -0.1999999999999993
9960, 0.0, -0.3000000000000007
9961, 0.0, -0.1999999999999993
9962, 0.0, -0.1999999999999993
9963, 0.0, -0.1999999999999993
9964, 0.0, -0.1999999999999993
9965, 0.0, -0.1999999999999993
9966, 0.0, -0.1999999999999993
9967, 0.0, -0.10000000000000142
9968, 0.0, -0.1999999999999993
9969, 0.0, -0.10000000000000142
9970, 0.0, 0.0
9971, 0.0, 0.0
9972, -0.09999999999999964, -0.10000000000000142
9973, -0.09999999999999964, 0.0
9974, -0.09999999999999964, 0.0
9975, -0.09999999999999964, 0.10000000000000142
9976, -0.09999999999999964, 0.10000000000000142
9977, -0.09999999999999964, 0.10000000000000142
9978, -0.09999999999999964, 0.1999999999999993
9979, -0.09999999999999964, 0.3000000000000007
9980, -0.09999999999999964, 0.3000000000000007
9981, 0.0, 0.3999999999999986
9982, 0.0, 0.3999999999999986
9983, 0.0, 0.3999999999999986
9984, 0.0, 0.3999999999999986
9985, 0.0, 0.5
9986, 0.0, 0.6000000000000014
9987, 0.0, 0.6000000000000014
9988, 0.0, 0.6999999999999993
9989, 0.0, 0.8000000000000007
9990, 0.0, 0.8000000000000007
9991, 0.0, 0.8999999999999986
9992, 0.0, 0.8999999999999986
9993, 0.0, 0.8999999999999986
9994, 0.0, 0.8999999999999986
9995, 0.0, 0.8999999999999986
9996, 0.0, 1.0
9997, 0.0, 1.1000000000000014
9998, 0.0, 1.1000000000000014
9999, 0.0, 1.1999999999999993
10000, 0.0, 1.1000000000000014
10001, 0.0, 1.1999999999999993
10002, 0.0, 1.1999999999999993
10003, 0.0, 1.1999999999999993
10004, 0.0, 1.1999999999999993
10005, 0.0, 1.1999999999999993
10006, 0.0, 1.1999999999999993
10007, 0.09999999999999964, 1.1999999999999993
10008, 0.09999999999999964, 1.1999999999999993
10009, 0.09999999999999964, 1.1999999999999993
10010, 0.09999999999999964, 1.1999999999999993
10011, 0.09999999999999964, 1.1999999999999993
10012, 0.09999999999999964, 1.1000000000000014
10013, 0.0, 1.1999999999999993
10014, 0.0, 1.1999999999999993
10015, 0.0, 1.1999999999999993
10016, 0.0, 1.1999999999999993
10017, 0.0, 1.1999999999999993
10018, 0.0, 1.1999999999999993
10019, 0.0, 1.3000000000000007
10020, 0.0, 1.3000000000000007
10021, 0.0, 1.1999999999999993
10022, 0.0, 1.3000000000000007
10023, 0.0, 1.3000000000000007
10024, 0.0, 1.3000000000000007
10025, 0.0, 1.1999999999999993
10026, 0.0, 1.3000000000000007
10027, 0.0, 1.3000000000000007
10028, 0.0, 1.3999999999999986
10029, 0.0, 1.3000000000000007
10030, 0.0, 1.3000000000000007
10031, 0.09999999999999964, 1.3999999999999986
10032, 0.09999999999999964, 1.3999999999999986
10033, 0.09999999999999964, 1.3999999999999986
10034, 0.09999999999999964, 1.3999999999999986
10035, 0.09999999999999964, 1.3999999999999986
10036, 0.09999999999999964, 1.3999999999999986
10037, 0.09999999999999964, 1.3999999999999986
10038, 0.09999999999999964, 1.3999999999999986
10039, 0.09999999999999964, 1.3999999999999986
10040, 0.09999999999999964, 1.3999999999999986
10041, 0.09999999999999964, 1.3999999999999986
10042, 0.1999999999999993, 1.3999999999999986
10043, 0.1999999999999993, 1.3999999999999986
10044, 0.1999999999999993, 1.3999999999999986
10045, 0.09999999999999964, 1.3000000000000007
10046, 0.09999999999999964, 1.1999999999999993
10047, 0.09999999999999964, 1.1999999999999993
10048, 0.09999999999999964, 1.1999999999999993
10049, 0.09999999999999964, 1.3000000000000007
10050, 0.09999999999999964, 1.3000000000000007
10051, 0.09999999999999964, 1.1999999999999993
10052, 0.09999999999999964, 1.1999999999999993
10053, 0.09999999999999964, 1.1999999999999993
10054, 0.09999999999999964, 1.1000000000000014
10055, 0.09999999999999964, 1.1000000000000014
10056, 0.09999999999999964, 1.1000000000000014
10057, 0.09999999999999964, 1.0
10058, 0.09999999999999964, 1.0
10059, 0.09999999999999964, 1.0
10060, 0.09999999999999964, 1.0
10061, 0.09999999999999964, 0.8999999999999986
10062, 0.09999999999999964, 0.8999999999999986
10063, 0.09999999999999964, 0.8999999999999986
10064, 0.09999999999999964, 0.8999999999999986
10065, 0.09999999999999964, 0.8999999999999986
10066, 0.09999999999999964, 0.8999999999999986
10067, 0.09999999999999964, 0.8000000000000007
10068, 0.09999999999999964, 0.8000000000000007
10069, 0.09999999999999964, 0.8000000000000007
10070, 0.09999999999999964, 0.6999999999999993
10071, 0.09999999999999964, 0.6999999999999993
10072, 0.09999999999999964, 0.6999999999999993
10073, 0.09999999999999964, 0.6999999999999993
10074, 0.09999999999999964, 0.6999999999999993
10075, 0.09999999999999964, 0.6000000000000014
10076, 0.09999999999999964, 0.6000000000000014
10077, 0.09999999999999964, 0.5
10078, 0.09999999999999964, 0.5
10079, 0.09999999999999964, 0.3999999999999986
10080, 0.09999999999999964, 0.3999999999999986
10081, 0.09999999999999964, 0.3000000000000007
10082, 0.09999999999999964, 0.3000000000000007
10083, 0.09999999999999964, 0.3000000000000007
10084, 0.09999999999999964, 0.1999999999999993
10085, 0.09999999999999964, 0.3000000000000007
10086, 0.09999999999999964, 0.1999999999999993
10087, 0.09999999999999964, 0.10000000000000142
10088, 0.09999999999999964, 0.0
10089, 0.09999999999999964, 0.10000000000000142
10090, 0.09999999999999964, 0.0
10091, 0.09999999999999964, 0.0
10092, 0.0, 0.0
10093, 0.0, 0.0
10094, 0.0, -0.10000000000000142
10095, 0.0, -0.10000000000000142
10096, 0.0, -0.10000000000000142
10097, 0.0, -0.10000000000000142
10098, 0.0, -0.10000000000000142
10099, 0.0, -0.10000000000000142
10100, 0.0, -0.1999999999999993
10101, 0.0, -0.1999999999999993
10102, 0.0, -0.3000000000000007
10103, 0.0, -0.1999999999999993
10104, 0.0, -0.1999999999999993
10105, 0.0, -0.3000000000000007
10106, 0.0, -0.1999999999999993
10107, 0.09999999999999964, -0.3000000000000007
10108, 0.09999999999999964, -0.3000000000000007
10109, 0.09999999999999964, -0.1999999999999993
10110, 0.09999999999999964, -0.3000000000000007
10111, 0.09999999999999964, -0.3000000000000007
10112, 0.09999999999999964, -0.3000000000000007
10113, 0.09999999999999964, -0.3999999999999986
10114, 0.09999999999999964, -0.3000000000000007
10115, 0.09999999999999964, -0.1999999999999993
10116, 0.09999999999999964, -0.3000000000000007
10117, 0.09999999999999964, -0.3000000000000007
10118, 0.09999999999999964, -0.3000000000000007
10119, 0.09999999999999964, -0.3000000000000007
10120, 0.09999999999999964, -0.3000000000000007
10121, 0.09999999999999964, -0.1999999999999993
10122, 0.0, -0.1999999999999993
10123, 0.0, -0.1999999999999993
10124, 0.0, -0.1999999999999993
10125, 0.0, -0.1999999999999993
10126, 0.0, -0.1999999999999993
10127, 0.0, -0.1999999999999993
10128, 0.0, -0.10000000000000142
10129, 0.0, -0.10000000000000142
10130, 0.0, -0.10000000000000142
10131, 0.0, -0.10000000000000142
10132, 0.0, -0.10000000000000142
10133, 0.0, 0.0
10134, 0.0, 0.0
10135, 0.0, 0.0
10136, 0.0, 0.10000000000000142
10137, -0.09999999999999964, 0.10000000000000142
10138, -0.09999999999999964, 0.1999999999999993
10139, -0.09999999999999964, 0.1999999999999993
10140, -0.09999999999999964, 0.1999999999999993
10141, 0.0, 0.1999999999999993
10142, 0.0, 0.1999999999999993
10143, 0.0, 0.3000000000000007
10144, 0.0, 0.3999999999999986
10145, 0.0, 0.3999999999999986
10146, 0.0, 0.3999999999999986
10147, 0.0, 0.5
10148, 0.0, 0.5
10149, 0.0, 0.6000000000000014
10150, 0.0, 0.6000000000000014
10151, 0.0, 0.6000000000000014
10152, 0.0, 0.6000000000000014
10153, 0.0, 0.6999999999999993
10154, 0.0, 0.8000000000000007
10155, 0.0, 0.8999999999999986
10156, 0.0, 0.8999999999999986
10157, 0.0, 0.8999999999999986
10158, 0.0, 1.0
10159, 0.0, 1.1000000000000014
10160, 0.0, 0.8999999999999986
10161, 0.0, 1.0
10162, 0.0, 1.1000000000000014
10163, 0.0, 1.1000000000000014
10164, 0.0, 1.1999999999999993
10165, 0.0, 1.1999999999999993
10166, 0.0, 1.1999999999999993
10167, 0.0, 1.1999999999999993
10168, 0.0, 1.3000000000000007
10169, 0.0, 1.3999999999999986
10170, 0.0, 1.3000000000000007
10171, 0.0, 1.3999999999999986
10172, 0.0, 1.3999999999999986
10173, 0.0, 1.5
10174, 0.0, 1.3999999999999986
10175, 0.0, 1.5
10176, 0.0, 1.5
10177, 0.0, 1.5
10178, 0.0, 1.5
10179, 0.0, 1.5
10180, 0.0, 1.3999999999999986
10181, 0.0, 1.3999999999999986
10182, 0.0, 1.3999999999999986
10183, 0.0, 1.3999999999999986
10184, 0.0, 1.3999999999999986
10185, 0.0, 1.3999999999999986
10186, 0.0, 1.3999999999999986
10187, 0.0, 1.3999999999999986
10188, 0.0, 1.3999999999999986
10189, 0.0, 1.3999999999999986
10190, 0.0, 1.3999999999999986
10191, 0.0, 1.3999999999999986
10192, 0.0, 1.3999999999999986
10193, 0.0, 1.3999999999999986
10194, 0.0, 1.1999999999999993
10195, 0.0, 1.3000000000000007
10196, 0.0, 1.3000000000000007
10197, 0.0, 1.3000000000000007
10198, 0.0, 1.1999999999999993
10199, 0.0, 1.1999999999999993
10200, 0.0, 1.1999999999999993
10201, 0.0, 1.1000000000000014
10202, 0.0, 1.1000000000000014
10203, 0.0, 1.1999999999999993
10204, 0.0, 1.0
10205, 0.0, 1.0
10206, 0.0, 1.0
10207, 0.0, 1.0
10208, 0.0, 0.8999999999999986
10209, 0.0, 0.8000000000000007
10210, 0.0, 0.8000000000000007
10211, 0.0, 0.8000000000000007
10212, 0.0, 0.6000000000000014
10213, 0.0, 0.6000000000000014
10214, 0.0, 0.6000000000000014
10215, 0.0, 0.5
10216, 0.0, 0.5
10217, 0.0, 0.3000000000000007
10218, 0.0, 0.3000000000000007
10219, 0.0, 0.1999999999999993
10220, 0.0, 0.10000000000000142
10221, 0.0, -0.10000000000000142
10222, 0.0, -0.3000000000000007
10223, 0.0, -0.3000000000000007
10224, 0.0, -0.5
10225, 0.0, -0.6000000000000014
10226, 0.0, -0.6000000000000014
10227, 0.0, -0.8999999999999986
10228, -0.09999999999999964, -0.8999999999999986
10229, -0.09999999999999964, -1.1000000000000014
10230, -0.09999999999999964, -1.1999999999999993
10231, -0.09999999999999964, -1.3999999999999986
10232, -0.09999999999999964, -1.6000000000000014
10233, -0.09999999999999964, -1.6000000000000014
10234, -0.09999999999999964, -1.6999999999999993
10235, -0.09999999999999964, -1.8000000000000007
10236, -0.09999999999999964, -2.0
10237, -0.09999999999999964, -2.1000000000000014
10238, -0.09999999999999964, -2.1000000000000014
10239, -0.09999999999999964, -2.3000000000000007
10240, -0.09999999999999964, -2.3999999999999986
10241, -0.09999999999999964, -2.5
10242, -0.09999999999999964, -2.3999999999999986
10243, -0.09999999999999964, -2.6000000000000014
10244, -0.09999999999999964, -2.6000000000000014
10245, -0.09999999999999964, -2.6000000000000014
10246, 0.0, -2.6000000000000014
10247, 0.0, -2.6999999999999993
10248, 0.0, -2.8000000000000007
10249, 0.0, -2.8000000000000007
10250, 0.0, -2.6999999999999993
10251, 0.0, -2.6999999999999993
10252, 0.0, -2.6999999999999993
10253, 0.0, -2.6999999999999993
10254, 0.0, -2.6999999999999993
10255, 0.0, -2.6000000000000014
10256, 0.0, -2.6000000000000014
10257, 0.0, -2.6000000000000014
10258, 0.0, -2.5
10259, 0.0, -2.3999999999999986
10260, 0.0, -2.3999999999999986
10261, 0.0, -2.3999999999999986
10262, 0.0, -2.3000000000000007
10263, 0.0, -2.3000000000000007
10264, 0.0, -2.1999999999999993
10265, 0.0, -2.1000000000000014
10266, 0.0, -2.0
10267, 0.0, -1.8999999999999986
10268, 0.0, -1.8000000000000007
10269, 0.0, -1.6999999999999993
10270, 0.0, -1.6000000000000014
10271, 0.0, -1.6999999999999993
10272, 0.0, -1.6000000000000014
10273, 0.0, -1.5
10274, 0.0, -1.3999999999999986
10275, 0.0, -1.3000000000000007
10276, 0.0, -1.1999999999999993
10277, 0.0, -1.3000000000000007
10278, 0.0, -1.1000000000000014
10279, 0.0, -1.0
10280, 0.0, -1.0
10281, 0.0, -0.8999999999999986
10282, 0.0, -0.8000000000000007
10283, 0.0, -0.6999999999999993
10284, 0.0, -0.6000000000000014
10285, 0.0, -0.6000000000000014
10286, 0.0, -0.6000000000000014
10287, 0.0, -0.5
10288, 0.0, -0.3999999999999986
10289, 0.0, -0.3999999999999986
10290, 0.0, -0.3000000000000007
10291, 0.0, -0.1999999999999993
10292, 0.0, -0.10000000000000142
10293, 0.0, -0.10000000000000142
10294, 0.0, 0.0
10295, 0.0, 0.0
10296, 0.0, 0.0
10297, 0.0, 0.10000000000000142
10298, 0.0, 0.1999999999999993
10299, 0.0, 0.10000000000000142
10300, 0.0, 0.1999999999999993
10301, 0.0, 0.3000000000000007
10302, 0.0, 0.1999999999999993
10303, 0.0, 0.3000000000000007
10304, 0.0, 0.1999999999999993
10305, 0.0, 0.1999999999999993
10306, 0.0, 0.3000000000000007
10307, 0.0, 0.1999999999999993
10308, 0.0, 0.1999999999999993
10309, 0.0, 0.3000000000000007
10310, 0.0, 0.1999999999999993
10311, 0.0, 0.10000000000000142
10312, 0.0, 0.10000000000000142
10313, 0.0, 0.0
10314, 0.0, 0.10000000000000142
10315, 0.0, -0.10000000000000142
10316, 0.0, -0.10000000000000142
10317, 0.0, -0.1999999999999993
10318, 0.0, -0.3000000000000007
10319, 0.0, -0.3000000000000007
10320, 0.0, -0.5
10321, 0.0, -0.3999999999999986
10322, 0.0, -0.6000000000000014
10323, 0.0, -0.8000000000000007
10324, 0.0, -0.8999999999999986
10325, -0.09999999999999964, -1.0
10326, -0.09999999999999964, -1.1000000000000014
10327, -0.09999999999999964, -1.1999999999999993
10328, -0.09999999999999964, -1.3000000000000007
10329, -0.09999999999999964, -1.3999999999999986
10330, -0.09999999999999964, -1.6000000000000014
10331, -0.09999999999999964, -1.8000000000000007
10332, -0.09999999999999964, -1.8000000000000007
10333, -0.09999999999999964, -2.0
10334, -0.09999999999999964, -2.1000000000000014
10335, -0.09999999999999964, -2.1999999999999993
10336, 0.0, -2.3000000000000007
10337, 0.0, -2.3999999999999986
10338, 0.0, -2.3999999999999986
10339, 0.0, -2.5
10340, 0.0, -2.6000000000000014
10341, 0.0, -2.6999999999999993
10342, 0.0, -2.6999999999999993
10343, 0.0, -2.6999999999999993
10344, 0.0, -2.8000000000000007
10345, 0.0, -2.8999999999999986
10346, 0.0, -2.8999999999999986
10347, 0.0, -2.8999999999999986
10348, 0.0, -3.0
10349, 0.0, -3.0
10350, 0.0, -2.8999999999999986
10351, 0.0, -2.8999999999999986
10352, 0.09999999999999964, -2.8000000000000007
10353, 0.09999999999999964, -2.8000000000000007
10354, 0.09999999999999964, -2.6999999999999993
10355, 0.09999999999999964, -2.5
10356, 0.09999999999999964, -2.3999999999999986
10357, 0.09999999999999964, -2.3999999999999986
10358, 0.09999999999999964, -2.3000000000000007
10359, 0.09999999999999964, -2.1000000000000014
10360, 0.09999999999999964, -2.0
10361, 0.09999999999999964, -1.8999999999999986
10362, 0.09999999999999964, -1.8000000000000007
10363, 0.09999999999999964, -1.6000000000000014
10364, 0.09999999999999964, -1.5
10365, 0.09999999999999964, -1.1999999999999993
10366, 0.09999999999999964, -1.1999999999999993
10367, 0.09999999999999964, -1.0
10368, 0.09999999999999964, -0.8000000000000007
10369, 0.09999999999999964, -0.6999999999999993
10370, 0.09999999999999964, -0.5
10371, 0.09999999999999964, -0.3999999999999986
10372, 0.09999999999999964, -0.1999999999999993
10373, 0.09999999999999964, -0.10000000000000142
10374, 0.09999999999999964, 0.1999999999999993
10375, 0.09999999999999964, 0.3999999999999986
10376, 0.09999999999999964, 0.5
10377, 0.09999999999999964, 0.6000000000000014
10378, 0.09999999999999964, 0.8000000000000007
10379, 0.09999999999999964, 0.8999999999999986
10380, 0.09999999999999964, 1.1999999999999993
10381, 0.09999999999999964, 1.3000000000000007
10382, 0.09999999999999964, 1.3999999999999986
10383, 0.09999999999999964, 1.6000000000000014
10384, 0.09999999999999964, 1.6999999999999993
10385, 0.09999999999999964, 1.8999999999999986
10386, 0.09999999999999964, 1.8999999999999986
10387, 0.09999999999999964, 2.1000000000000014
10388, 0.09999999999999964, 2.1000000000000014
10389, 0.09999999999999964, 2.3000000000000007
10390, 0.09999999999999964, 2.3000000000000007
10391, 0.09999999999999964, 2.3999999999999986
10392, 0.09999999999999964, 2.5
10393, 0.09999999999999964, 2.5
10394, 0.09999999999999964, 2.6999999999999993
10395, 0.09999999999999964, 2.6999999999999993
10396, 0.09999999999999964, 2.8000000000000007
10397, 0.09999999999999964, 2.8000000000000007
10398, 0.09999999999999964, 2.8999999999999986
10399, 0.09999999999999964, 2.8999999999999986
10400, 0.09999999999999964, 2.8999999999999986
10401, 0.09999999999999964, 2.8999999999999986
10402, 0.09999999999999964, 2.8999999999999986
10403, 0.09999999999999964, 2.8999999999999986
10404, 0.09999999999999964, 2.8999999999999986
10405, 0.09999999999999964, 2.8999999999999986
10406, 0.09999999999999964, 2.8999999999999986
10407, 0.09999999999999964, 2.8999999999999986
10408, 0.09999999999999964, 2.8000000000000007
10409, 0.09999999999999964, 2.8000000000000007
10410, 0.0, 2.6999999999999993
10411, -0.09999999999999964, 2.6999999999999993
10412, -0.09999999999999964, 2.6000000000000014
10413, -0.09999999999999964, 2.6000000000000014
10414, -0.09999999999999964, 2.5
10415, -0.09999999999999964, 2.3999999999999986
10416, -0.09999999999999964, 2.3000000000000007
10417, -0.09999999999999964, 2.1999999999999993
10418, -0.09999999999999964, 2.1000000000000014
10419, -0.09999999999999964, 2.1000000000000014
10420, -0.09999999999999964, 2.1000000000000014
10421, -0.09999999999999964, 1.8999999999999986
10422, -0.09999999999999964, 1.8000000000000007
10423, -0.09999999999999964, 1.6999999999999993
10424, -0.09999999999999964, 1.6000000000000014
10425, -0.3000000000000007, 1.5
10426, -0.3000000000000007, 1.3999999999999986
10427, -0.3000000000000007, 1.3000000000000007
10428, -0.3000000000000007, 1.1999999999999993
10429, -0.40000000000000036, 1.0
10430, -0.40000000000000036, 0.8999999999999986
10431, -0.40000000000000036, 0.8000000000000007
10432, -0.40000000000000036, 0.6000000000000014
10433, -0.5, 0.3999999999999986
10434, -0.5, 0.3999999999999986
10435, -0.5999999999999996, 0.3000000000000007
10436, -0.7000000000000011, 0.3000000000000007
10437, -0.7000000000000011, 0.1999999999999993
10438, -0.7000000000000011, 0.0
10439, -0.8000000000000007, -0.10000000000000142
10440, -0.8000000000000007, -0.1999999999999993
10441, -0.8000000000000007, -0.3999999999999986
10442, -0.8000000000000007, -0.5
10443, -0.8000000000000007, -0.5
10444, -0.7000000000000011, -0.6000000000000014
10445, -0.7000000000000011, -0.6999999999999993
10446, -0.8000000000000007, -0.8999999999999986
10447, -0.8000000000000007, -0.8000000000000007
10448, -0.9000000000000004, -1.0
10449, -0.9000000000000004, -1.0
10450, -1.0, -1.1999999999999993
10451, -1.0, -1.1999999999999993
10452, -1.0, -1.1999999999999993
10453, -1.0, -1.1999999999999993
10454, -1.0, -1.1999999999999993
10455, -1.0999999999999996, -1.3999999999999986
10456, -1.0999999999999996, -1.3999999999999986
10457, -1.0999999999999996, -1.3999999999999986
10458, -1.0999999999999996, -1.3000000000000007
10459, -1.0999999999999996, -1.3000000000000007
10460, -1.0999999999999996, -1.3000000000000007
10461, -1.0999999999999996, -1.3000000000000007
10462, -1.200000000000001, -1.3000000000000007
10463, -1.200000000000001, -1.1999999999999993
10464, -1.200000000000001, -1.1999999999999993
10465, -1.200000000000001, -1.1000000000000014
10466, -1.200000000000001, -1.0
10467, -1.200000000000001, -1.0
10468, -1.200000000000001, -0.8999999999999986
10469, -1.200000000000001, -0.8999999999999986
10470, -1.200000000000001, -0.8999999999999986
10471, -1.200000000000001, -0.8000000000000007
10472, -1.200000000000001, -0.6999999999999993
10473, -1.200000000000001, -0.6000000000000014
10474, -1.200000000000001, -0.5
10475, -1.200000000000001, -0.5
10476, -1.200000000000001, -0.3000000000000007
10477, -1.200000000000001, -0.1999999999999993
10478, -1.200000000000001, -0.10000000000000142
10479, -1.200000000000001, -0.10000000000000142
10480, -1.200000000000001, 0.10000000000000142
10481, -1.200000000000001, 0.10000000000000142
10482, -1.200000000000001, 0.3000000000000007
10483, -1.200000000000001, 0.5
10484, -1.200000000000001, 0.6000000000000014
10485, -1.3000000000000007, 0.6000000000000014
10486, -1.3000000000000007, 0.8000000000000007
10487, -1.3000000000000007, 0.8999999999999986
10488, -1.3000000000000007, 1.0
10489, -1.3000000000000007, 1.1000000000000014
10490, -1.3000000000000007, 1.1999999999999993
10491, -1.3000000000000007, 1.3999999999999986
10492, -1.3000000000000007, 1.5
10493, -1.200000000000001, 1.5
10494, -1.200000000000001, 1.6000000000000014
10495, -1.200000000000001, 1.6999999999999993
10496, -1.200000000000001, 1.8000000000000007
10497, -1.200000000000001, 1.8999999999999986
10498, -1.200000000000001, 2.0
10499, -1.200000000000001, 2.1000000000000014
10500, -1.0999999999999996, 2.1000000000000014
10501, -1.0999999999999996, 2.1999999999999993
10502, -1.0, 2.1999999999999993
10503, -1.0, 2.3000000000000007
10504, -1.0, 2.3999999999999986
10505, -1.0, 2.3000000000000007
10506, -1.0, 2.3999999999999986
10507, -1.0, 2.3999999999999986
10508, -0.9000000000000004, 2.3999999999999986
10509, -0.9000000000000004, 2.3999999999999986
10510, -0.9000000000000004, 2.3999999999999986
10511, -0.9000000000000004, 2.3999999999999986
10512, -0.9000000000000004, 2.3999999999999986
10513, -0.9000000000000004, 2.3999999999999986
10514, -0.9000000000000004, 2.3999999999999986
10515, -0.9000000000000004, 2.3000000000000007
10516, -0.9000000000000004, 2.3000000000000007
10517, -0.9000000000000004, 2.3000000000000007
10518, -0.9000000000000004, 2.1999999999999993
10519, -0.9000000000000004, 2.1999999999999993
10520, -0.9000000000000004, 2.1000000000000014
10521, -0.9000000000000004, 2.1000000000000014
10522, -0.9000000000000004, 1.8999999999999986
10523, -0.9000000000000004, 1.8999999999999986
10524, -0.9000000000000004, 1.6999999999999993
10525, -0.8000000000000007, 1.6999999999999993
10526, -0.8000000000000007, 1.5
10527, -0.8000000000000007, 1.3999999999999986
10528, -0.8000000000000007, 1.3999999999999986
10529, -0.8000000000000007, 1.3000000000000007
10530, -0.8000000000000007, 1.1999999999999993
10531, -0.8000000000000007, 1.1000000000000014
10532, -0.8000000000000007, 1.0
10533, -0.8000000000000007, 0.6999999999999993
10534, -0.8000000000000007, 0.6000000000000014
10535, -0.8000000000000007, 0.5
10536, -0.8000000000000007, 0.3999999999999986
10537, -0.9000000000000004, 0.3000000000000007
10538, -0.9000000000000004, 0.1999999999999993
10539, -0.9000000000000004, 0.0
10540, -0.9000000000000004, -0.10000000000000142
10541, -0.9000000000000004, -0.10000000000000142
10542, -0.9000000000000004, -0.1999999999999993
10543, -0.9000000000000004, -0.3999999999999986
10544, -0.9000000000000004, -0.3999999999999986
10545, -0.9000000000000004, -0.5
10546, -0.9000000000000004, -0.6000000000000014
10547, -0.9000000000000004, -0.6999999999999993
10548, -0.9000000000000004, -0.6000000000000014
10549, -0.9000000000000004, -0.6999999999999993
10550, -0.9000000000000004, -0.8000000000000007
10551, -0.9000000000000004, -0.8999999999999986
10552, -0.8000000000000007, -0.8999999999999986
10553, -0.8000000000000007, -0.8000000000000007
10554, -0.8000000000000007, -0.8000000000000007
10555, -0.8000000000000007, -0.8000000000000007
10556, -0.8000000000000007, -0.8000000000000007
10557, -0.8000000000000007, -0.8999999999999986
10558, -0.8000000000000007, -0.8000000000000007
10559, -0.8000000000000007, -0.6999999999999993
10560, -0.8000000000000007, -0.6999999999999993
10561, -0.8000000000000007, -0.6999999999999993
10562, -0.7000000000000011, -0.6000000000000014
10563, -0.7000000000000011, -0.6000000000000014
10564, -0.7000000000000011, -0.5
10565, -0.7000000000000011, -0.3999999999999986
10566, -0.7000000000000011, -0.5
10567, -0.7000000000000011, -0.3000000000000007
10568, -0.7000000000000011, -0.3000000000000007
10569, -0.5999999999999996, -0.3000000000000007
10570, -0.5999999999999996, -0.1999999999999993
10571, -0.5999999999999996, -0.1999999999999993
10572, -0.5999999999999996, -0.10000000000000142
10573, -0.5999999999999996, 0.0
10574, -0.5, 0.0
10575, -0.40000000000000036, 0.1999999999999993
10576, -0.40000000000000036, 0.10000000000000142
10577, -0.40000000000000036, 0.1999999999999993
10578, -0.40000000000000036, 0.3000000000000007
10579, -0.40000000000000036, 0.3000000000000007
10580, -0.3000000000000007, 0.3000000000000007
10581, -0.3000000000000007, 0.3999999999999986
10582, -0.3000000000000007, 0.5
10583, -0.3000000000000007, 0.3999999999999986
10584, -0.40000000000000036, 0.5
10585, -0.40000000000000036, 0.5
10586, -0.3000000000000007, 0.6000000000000014
10587, -0.3000000000000007, 0.6000000000000014
10588, -0.3000000000000007, 0.6000000000000014
10589, -0.3000000000000007, 0.6000000000000014
10590, -0.3000000000000007, 0.6999999999999993
10591, -0.3000000000000007, 0.6999999999999993
10592, -0.20000000000000107, 0.6999999999999993
10593, -0.20000000000000107, 0.6999999999999993
10594, -0.20000000000000107, 0.6999999999999993
10595, -0.20000000000000107, 0.6999999999999993
10596, -0.20000000000000107, 0.8000000000000007
10597, -0.20000000000000107, 0.8000000000000007
10598, -0.20000000000000107, 0.6999999999999993
10599, -0.20000000000000107, 0.6999999999999993
10600, -0.20000000000000107, 0.8000000000000007
10601, -0.09999999999999964, 0.6999999999999993
10602, -0.09999999999999964, 0.6999999999999993
10603, -0.09999999999999964, 0.6999999999999993
10604, -0.09999999999999964, 0.6999999999999993
10605, -0.09999999999999964, 0.6999999999999993
10606, -0.09999999999999964, 0.6999999999999993
10607, -0.09999999999999964, 0.6999999999999993
10608, -0.09999999999999964, 0.6999999999999993
10609, -0.09999999999999964, 0.6999999999999993
10610, -0.09999999999999964, 0.6000000000000014
10611, -0.09999999999999964, 0.6000000000000014
10612, -0.09999999999999964, 0.6000000000000014
10613, -0.09999999999999964, 0.6000000000000014
10614, -0.09999999999999964, 0.5
10615, -0.09999999999999964, 0.3999999999999986
10616, -0.09999999999999964, 0.5
10617, -0.09999999999999964, 0.3999999999999986
10618, -0.09999999999999964, 0.3999999999999986
10619, 0.0, 0.3999999999999986
10620, 0.0, 0.3999999999999986
10621, 0.0, 0.3000000000000007
10622, 0.0, 0.1999999999999993
10623, 0.0, 0.3000000000000007
10624, 0.0, 0.1999999999999993
10625, 0.0, 0.1999999999999993
10626, 0.0, 0.1999999999999993
10627, 0.0, 0.10000000000000142
10628, 0.0, 0.10000000000000142
10629, 0.0, 0.10000000000000142
10630, 0.0, 0.10000000000000142
10631, 0.0, -0.10000000000000142
10632, 0.0, 0.0
10633, 0.0, 0.0
10634, 0.0, 0.0
10635, 0.0, -0.10000000000000142
10636, 0.0, -0.1999999999999993
10637, 0.0, -0.10000000000000142
10638, 0.0, -0.1999999999999993
10639, 0.0, -0.1999999999999993
10640, 0.0, -0.1999999999999993
10641, 0.0, -0.1999999999999993
10642, -0.09999999999999964, -0.1999999999999993
10643, -0.09999999999999964, -0.3000000000000007
10644, -0.09999999999999964, -0.3000000000000007
10645, -0.09999999999999964, -0.1999999999999993
10646, -0.09999999999999964, -0.1999999999999993
10647, -0.09999999999999964, -0.3000000000000007
10648, -0.09999999999999964, -0.3000000000000007
10649, -0.09999999999999964, -0.1999999999999993
10650, -0.09999999999999964, -0.1999999999999993
10651, -0.09999999999999964, -0.3000000000000007
10652, -0.09999999999999964, -0.1999999999999993
10653, -0.09999999999999964, -0.3000000000000007
10654, -0.09999999999999964, -0.3000000000000007
10655, -0.09999999999999964, -0.3000000000000007
10656, -0.09999999999999964, -0.1999999999999993
10657, -0.09999999999999964, -0.1999999999999993
10658, -0.09999999999999964, -0.3000000000000007
10659, -0.09999999999999964, -0.1999999999999993
10660, -0.09999999999999964, -0.1999999999999993
10661, -0.09999999999999964, -0.10000000000000142
10662, -0.09999999999999964, -0.1999999999999993
10663, -0.09999999999999964, -0.1999999999999993
10664, -0.09999999999999964, -0.1999999999999993
10665, -0.09999999999999964, -0.1999999999999993
10666, -0.09999999999999964, -0.10000000000000142
10667, -0.09999999999999964, -0.10000000000000142
10668, -0.09999999999999964, -0.10000000000000142
10669, -0.09999999999999964, -0.1999999999999993
10670, -0.09999999999999964, -0.10000000000000142
10671, -0.09999999999999964, -0.10000000000000142
10672, -0.09999999999999964, 0.0
10673, 0.0, -0.10000000000000142
10674, 0.0, 0.0
10675, 0.0, -0.10000000000000142
10676, 0.0, 0.0
10677, 0.0, 0.0
10678, 0.0, 0.10000000000000142
10679, 0.0, 0.0
10680, 0.0, 0.10000000000000142
10681, 0.0, 0.10000000000000142
10682, 0.0, 0.10000000000000142
10683, 0.0, 0.10000000000000142
10684, 0.0, 0.10000000000000142
10685, 0.0, 0.1999999999999993
10686, 0.0, 0.1999999999999993
10687, 0.0, 0.10000000000000142
10688, 0.0, 0.10000000000000142
10689, 0.0, 0.10000000000000142
10690, 0.0, 0.10000000000000142
10691, 0.0, 0.1999999999999993
10692, 0.09999999999999964, 0.1999999999999993
10693, 0.09999999999999964, 0.1999999999999993
10694, 0.09999999999999964, 0.3000000000000007
10695, 0.09999999999999964, 0.1999999999999993
10696, 0.09999999999999964, 0.1999999999999993
10697, 0.09999999999999964, 0.10000000000000142
10698, 0.09999999999999964, 0.10000000000000142
10699, 0.09999999999999964, 0.1999999999999993
10700, 0.09999999999999964, 0.1999999999999993
10701, 0.09999999999999964, 0.1999999999999993
10702, 0.09999999999999964, 0.10000000000000142
10703, 0.09999999999999964, 0.10000000000000142
10704, 0.09999999999999964, 0.10000000000000142
10705, 0.09999999999999964, 0.10000000000000142
10706, 0.09999999999999964, 0.1999999999999993
10707, 0.09999999999999964, 0.1999999999999993
10708, 0.09999999999999964, 0.10000000000000142
10709, 0.09999999999999964, 0.10000000000000142
10710, 0.09999999999999964, 0.10000000000000142
10711, 0.09999999999999964, 0.1999999999999993
10712, 0.09999999999999964, 0.1999999999999993
10713, 0.09999999999999964, 0.10000000000000142
10714, 0.09999999999999964, 0.10000000000000142
10715, 0.09999999999999964, 0.10000000000000142
10716, 0.09999999999999964, 0.10000000000000142
10717, 0.09999999999999964, 0.0
10718, 0.0, 0.10000000000000142
10719, 0.0, 0.10000000000000142
10720, 0.0, 0.10000000000000142
10721, 0.0, 0.0
10722, 0.0, 0.10000000000000142
10723, 0.0, 0.10000000000000142
10724, 0.0, 0.10000000000000142
10725, 0.0, 0.0
10726, 0.0, 0.0
10727, 0.0, 0.0
10728, 0.0, -0.10000000000000142
10729, 0.0, 0.0
10730, 0.0, 0.0
10731, 0.0, 0.10000000000000142
10732, 0.0, 0.0
10733, 0.0, 0.0
10734, 0.0, 0.0
10735, 0.0, 0.0
10736, 0.09999999999999964, 0.0
10737, 0.09999999999999964, 0.10000000000000142
10738, 0.09999999999999964, -0.10000000000000142
10739, 0.09999999999999964, 0.0
10740, 0.09999999999999964, 0.0
10741, 0.09999999999999964, 0.0
10742, 0.09999999999999964, 0.0
10743, 0.09999999999999964, 0.0
10744, 0.09999999999999964, 0.10000000000000142
10745, 0.09999999999999964, -0.10000000000000142
10746, 0.09999999999999964, 0.0
10747, 0.09999999999999964, 0.10000000000000142
10748, 0.09999999999999964, 0.10000000000000142
10749, 0.09999999999999964, 0.0
10750, 0.09999999999999964, 0.0
10751, 0.09999999999999964, 0.10000000000000142
10752, 0.09999999999999964, 0.10000000000000142
10753, 0.09999999999999964, 0.0
10754, 0.09999999999999964, 0.10000000000000142
10755, 0.0, 0.10000000000000142
10756, 0.0, 0.10000000000000142
10757, 0.0, 0.10000000000000142
10758, 0.0, 0.10000000000000142
10759, 0.0, 0.1999999999999993
10760, 0.0, 0.10000000000000142
10761, 0.0, 0.10000000000000142
10762, 0.0, 0.1999999999999993
10763, 0.0, 0.10000000000000142
10764, 0.0, 0.10000000000000142
10765, 0.0, 0.10000000000000142
10766, 0.0, 0.1999999999999993
10767, 0.0, 0.10000000000000142
10768, 0.0, 0.1999999999999993
10769, 0.0, 0.1999999999999993
10770, 0.0, 0.10000000000000142
10771, 0.0, 0.1999999999999993
10772, 0.0, 0.1999999999999993
10773, 0.0, 0.1999999999999993
10774, -0.09999999999999964, 0.1999999999999993
10775, -0.09999999999999964, 0.1999999999999993
10776, -0.09999999999999964, 0.10000000000000142
10777, -0.09999999999999964, 0.10000000000000142
10778, -0.09999999999999964, 0.10000000000000142
10779, -0.09999999999999964, 0.10000000000000142
10780, -0.09999999999999964, 0.10000000000000142
10781, -0.09999999999999964, 0.10000000000000142
10782, -0.09999999999999964, 0.10000000000000142
10783, -0.09999999999999964, 0.10000000000000142
10784, -0.09999999999999964, 0.10000000000000142
10785, -0.09999999999999964, 0.10000000000000142
10786, -0.09999999999999964, 0.10000000000000142
10787, -0.09999999999999964, 0.10000000000000142
10788, -0.09999999999999964, 0.1999999999999993
10789, -0.09999999999999964, 0.1999999999999993
10790, -0.09999999999999964, 0.10000000000000142
10791, -0.20000000000000107, 0.10000000000000142
10792, -0.20000000000000107, 0.3000000000000007
10793, -0.20000000000000107, 0.1999999999999993
10794, -0.20000000000000107, 0.1999999999999993
10795, -0.3000000000000007, 0.1999999999999993
10796, -0.3000000000000007, 0.10000000000000142
10797, -0.3000000000000007, 0.1999999999999993
10798, -0.3000000000000007, 0.1999999999999993
10799, -0.40000000000000036, 0.1999999999999993
10800, -0.40000000000000036, 0.10000000000000142
10801, -0.40000000000000036, 0.1999999999999993
10802, -0.40000000000000036, 0.1999999999999993
10803, -0.5, 0.10000000000000142
10804, -0.5, 0.10000000000000142
10805, -0.5, 0.1999999999999993
10806, -0.5, 0.3000000000000007
10807, -0.5999999999999996, 0.1999999999999993
10808, -0.5999999999999996, 0.1999999999999993
10809, -0.5, 0.1999999999999993
10810, -0.5, 0.3000000000000007
10811, -0.5999999999999996, 0.1999999999999993
10812, -0.5999999999999996, 0.1999999999999993
10813, -0.5999999999999996, 0.1999999999999993
10814, -0.5999999999999996, 0.3000000000000007
10815, -0.7000000000000011, 0.1999999999999993
10816, -0.7000000000000011, 0.1999999999999993
10817, -0.7000000000000011, 0.3999999999999986
10818, -0.7000000000000011, 0.3999999999999986
10819, -0.7000000000000011, 0.3000000000000007
10820, -0.7000000000000011, 0.3000000000000007
10821, -0.8000000000000007, 0.3999999999999986
10822, -0.8000000000000007, 0.3999999999999986
10823, -0.8000000000000007, 0.3999999999999986
10824, -0.8000000000000007, 0.3999999999999986
10825, -0.8000000000000007, 0.3999999999999986
10826, -0.8000000000000007, 0.3999999999999986
10827, -0.8000000000000007, 0.5
10828, -0.8000000000000007, 0.5
10829, -0.8000000000000007, 0.3999999999999986
10830, -0.8000000000000007, 0.5
10831, -0.8000000000000007, 0.5
10832, -0.8000000000000007, 0.5
10833, -0.8000000000000007, 0.6000000000000014
10834, -0.8000000000000007, 0.5
10835, -0.8000000000000007, 0.5
10836, -0.8000000000000007, 0.6000000000000014
10837, -0.9000000000000004, 0.6000000000000014
10838, -0.9000000000000004, 0.5
10839, -0.9000000000000004, 0.6000000000000014
10840, -0.9000000000000004, 0.6000000000000014
10841, -0.9000000000000004, 0.5
10842, -0.9000000000000004, 0.6000000000000014
10843, -0.9000000000000004, 0.6000000000000014
10844, -0.9000000000000004, 0.6000000000000014
10845, -0.9000000000000004, 0.6999999999999993
10846, -0.9000000000000004, 0.6999999999999993
10847, -0.9000000000000004, 0.6999999999999993
10848, -0.9000000000000004, 0.8000000000000007
10849, -0.9000000000000004, 0.6999999999999993
10850, -0.9000000000000004, 0.6999999999999993
10851, -0.9000000000000004, 0.8000000000000007
10852, -0.9000000000000004, 0.8000000000000007
10853, -0.9000000000000004, 0.8000000000000007
10854, -0.9000000000000004, 0.8999999999999986
10855, -1.0, 0.8999999999999986
10856, -1.0, 0.8999999999999986
10857, -1.0, 0.8999999999999986
10858, -1.0, 0.8999999999999986
10859, -1.0, 0.8999999999999986
10860, -1.0999999999999996, 1.0
10861, -1.0999999999999996, 1.0
10862, -1.0999999999999996, 1.0
10863, -1.0999999999999996, 1.0
10864, -1.200000000000001, 1.0
10865, -1.200000000000001, 1.1000000000000014
10866, -1.0999999999999996, 1.0
10867, -1.0999999999999996, 1.1000000000000014
10868, -1.0999999999999996, 1.1000000000000014
10869, -1.0999999999999996, 1.0
10870, -1.0999999999999996, 1.1000000000000014
10871, -1.0999999999999996, 1.1000000000000014
10872, -1.200000000000001, 1.1999999999999993
10873, -1.200000000000001, 1.1000000000000014
10874, -1.200000000000001, 1.1000000000000014
10875, -1.200000000000001, 1.1000000000000014
10876, -1.200000000000001, 1.1000000000000014
10877, -1.200000000000001, 1.1999999999999993
10878, -1.0999999999999996, 1.1000000000000014
10879, -1.0999999999999996, 1.1999999999999993
10880, -1.0999999999999996, 1.1000000000000014
10881, -1.0999999999999996, 1.1999999999999993
10882, -1.200000000000001, 1.1000000000000014
10883, -1.200000000000001, 1.1999999999999993
10884, -1.200000000000001, 1.1999999999999993
10885, -1.200000000000001, 1.3000000000000007
10886, -1.200000000000001, 1.1999999999999993
10887, -1.200000000000001, 1.3000000000000007
10888, -1.200000000000001, 1.1999999999999993
10889, -1.200000000000001, 1.3000000000000007
10890, -1.200000000000001, 1.1999999999999993
10891, -1.200000000000001, 1.3000000000000007
10892, -1.200000000000001, 1.1999999999999993
10893, -1.200000000000001, 1.3999999999999986
10894, -1.200000000000001, 1.3000000000000007
10895, -1.200000000000001, 1.3000000000000007
10896, -1.200000000000001, 1.3000000000000007
10897, -1.200000000000001, 1.3000000000000007
10898, -1.200000000000001, 1.1999999999999993
10899, -1.200000000000001, 1.3999999999999986
10900, -1.0999999999999996, 1.3000000000000007
10901, -1.200000000000001, 1.3000000000000007
10902, -1.200000000000001, 1.3000000000000007
10903, -1.200000000000001, 1.3000000000000007
10904, -1.200000000000001, 1.3000000000000007
10905, -1.200000000000001, 1.3000000000000007
10906, -1.200000000000001, 1.3999999999999986
10907, -1.200000000000001, 1.3000000000000007
10908, -1.200000000000001, 1.3999999999999986
10909, -1.200000000000001, 1.3000000000000007
10910, -1.200000000000001, 1.3999999999999986
10911, -1.200000000000001, 1.3999999999999986
10912, -1.200000000000001, 1.3999999999999986
10913, -1.200000000000001, 1.3999999999999986
10914, -1.200000000000001, 1.3000000000000007
10915, -1.200000000000001, 1.3000000000000007
10916, -1.200000000000001, 1.3999999999999986
10917, -1.200000000000001, 1.3000000000000007
10918, -1.200000000000001, 1.3000000000000007
10919, -1.200000000000001, 1.3999999999999986
10920, -1.200000000000001, 1.3000000000000007
10921, -1.200000000000001, 1.3999999999999986
10922, -1.200000000000001, 1.3999999999999986
10923, -1.200000000000001, 1.3000000000000007
10924, -1.200000000000001, 1.3000000000000007
10925, -1.200000000000001, 1.3999999999999986
10926, -1.200000000000001, 1.3000000000000007
10927, -1.200000000000001, 1.3000000000000007
10928, -1.200000000000001, 1.3999999999999986
10929, -1.200000000000001, 1.3999999999999986
10930, -1.200000000000001, 1.3000000000000007
10931, -1.200000000000001, 1.3000000000000007
10932, -1.3000000000000007, 1.3000000000000007
10933, -1.3000000000000007, 1.3999999999999986
10934, -1.200000000000001, 1.3000000000000007
10935, -1.200000000000001, 1.3000000000000007
10936, -1.200000000000001, 1.3000000000000007
10937, -1.200000000000001, 1.3000000000000007
10938, -1.200000000000001, 1.3999999999999986
10939, -1.200000000000001, 1.1999999999999993
10940, -1.200000000000001, 1.1999999999999993
10941, -1.200000000000001, 1.3000000000000007
10942, -1.0999999999999996, 1.1999999999999993
10943, -1.200000000000001, 1.3000000000000007
10944, -1.200000000000001, 1.1999999999999993
10945, -1.200000000000001, 1.3000000000000007
10946, -1.200000000000001, 1.1000000000000014
10947, -1.200000000000001, 1.1999999999999993
10948, -1.0999999999999996, 1.1000000000000014
10949, -1.0999999999999996, 1.1000000000000014
10950, -1.0999999999999996, 1.1000000000000014
10951, -1.0999999999999996, 1.1000000000000014
10952, -1.0999999999999996, 1.1000000000000014
10953, -1.0999999999999996, 1.1000000000000014
10954, -1.0, 1.1000000000000014
10955, -1.0, 1.0
10956, -1.0, 1.1000000000000014
10957, -1.0, 1.0
10958, -1.0, 1.0
10959, -0.9000000000000004, 1.1000000000000014
10960, -0.9000000000000004, 1.0
10961, -0.9000000000000004, 1.0
10962, -0.9000000000000004, 1.0
10963, -0.9000000000000004, 1.0
10964, -0.9000000000000004, 0.8999999999999986
10965, -0.9000000000000004, 0.8999999999999986
10966, -0.9000000000000004, 0.8999999999999986
10967, -0.9000000000000004, 0.8999999999999986
10968, -0.8000000000000007, 0.8999999999999986
10969, -0.8000000000000007, 0.8000000000000007
10970, -0.8000000000000007, 0.8999999999999986
10971, -0.8000000000000007, 0.8000000000000007
10972, -0.7000000000000011, 0.8000000000000007
10973, -0.7000000000000011, 0.6999999999999993
10974, -0.8000000000000007, 0.6999999999999993
10975, -0.8000000000000007, 0.8000000000000007
10976, -0.8000000000000007, 0.6999999999999993
10977, -0.7000000000000011, 0.6999999999999993
10978, -0.7000000000000011, 0.6000000000000014
10979, -0.7000000000000011, 0.6000000000000014
10980, -0.7000000000000011, 0.6999999999999993
10981, -0.7000000000000011, 0.6999999999999993
10982, -0.5999999999999996, 0.6999999999999993
10983, -0.5999999999999996, 0.6000000000000014
10984, -0.5999999999999996, 0.6000000000000014
10985, -0.5999999999999996, 0.5
10986, -0.5999999999999996, 0.6999999999999993
10987, -0.5, 0.6999999999999993
10988, -0.5, 0.6000000000000014
10989, -0.5, 0.6000000000000014
10990, -0.5, 0.5
10991, -0.5, 0.6000000000000014
10992, -0.5, 0.6000000000000014
10993, -0.40000000000000036, 0.6000000000000014
10994, -0.40000000000000036, 0.6000000000000014
10995, -0.5, 0.6000000000000014
10996, -0.5, 0.6000000000000014
10997, -0.5, 0.5
10998, -0.5, 0.5
10999, -0.40000000000000036, 0.6000000000000014
11000, -0.40000000000000036, 0.5
11001, -0.40000000000000036, 0.6000000000000014
11002, -0.40000000000000036, 0.6000000000000014
11003, -0.40000000000000036, 0.6000000000000014
11004, -0.40000000000000036, 0.5
11005, -0.40000000000000036, 0.5
11006, -0.40000000000000036, 0.5
11007, -0.3000000000000007, 0.5
11008, -0.3000000000000007, 0.3999999999999986
11009, -0.3000000000000007, 0.5
11010, -0.3000000000000007, 0.3999999999999986
11011, -0.3000000000000007, 0.5
11012, -0.3000000000000007, 0.3999999999999986
11013, -0.3000000000000007, 0.5
11014, -0.20000000000000107, 0.3999999999999986
11015, -0.20000000000000107, 0.3999999999999986
11016, -0.20000000000000107, 0.3999999999999986
11017, -0.20000000000000107, 0.3999999999999986
11018, -0.20000000000000107, 0.3000000000000007
11019, -0.20000000000000107, 0.3000000000000007
11020, -0.3000000000000007, 0.3999999999999986
11021, -0.3000000000000007, 0.3000000000000007
11022, -0.3000000000000007, 0.3000000000000007
11023, -0.3000000000000007, 0.3000000000000007
11024, -0.3000000000000007, 0.1999999999999993
11025, -0.3000000000000007, 0.1999999999999993
11026, -0.3000000000000007, 0.1999999999999993
11027, -0.3000000000000007, 0.1999999999999993
11028, -0.3000000000000007, 0.1999999999999993
11029, -0.3000000000000007, 0.1999999999999993
11030, -0.3000000000000007, 0.1999999999999993
11031, -0.3000000000000007, 0.1999999999999993
11032, -0.3000000000000007, 0.1999999999999993
11033, -0.3000000000000007, 0.1999999999999993
11034, -0.20000000000000107, 0.1999999999999993
11035, -0.20000000000000107, 0.10000000000000142
11036, -0.20000000000000107, 0.10000000000000142
11037, -0.20000000000000107, 0.1999999999999993
11038, -0.20000000000000107, 0.10000000000000142
11039, -0.20000000000000107, 0.0
11040, -0.20000000000000107, 0.1999999999999993
11041, -0.20000000000000107, 0.10000000000000142
11042, -0.20000000000000107, 0.10000000000000142
11043, -0.20000000000000107, 0.1999999999999993
11044, -0.20000000000000107, 0.10000000000000142
11045, -0.20000000000000107, 0.10000000000000142
11046, -0.20000000000000107, 0.10000000000000142
11047, -0.20000000000000107, 0.10000000000000142
11048, -0.20000000000000107, 0.10000000000000142
11049, -0.09999999999999964, 0.10000000000000142
11050, -0.09999999999999964, 0.0
11051, -0.09999999999999964, 0.10000000000000142
11052, -0.09999999999999964, 0.10000000000000142
11053, -0.09999999999999964, 0.10000000000000142
11054, -0.09999999999999964, 0.10000000000000142
11055, -0.09999999999999964, 0.10000000000000142
11056, -0.09999999999999964, 0.0
11057, -0.09999999999999964, 0.1999999999999993
11058, -0.09999999999999964, 0.10000000000000142
11059, -0.09999999999999964, 0.10000000000000142
11060, -0.09999999999999964, 0.10000000000000142
11061, -0.09999999999999964, 0.10000000000000142
11062, -0.09999999999999964, 0.0
11063, -0.09999999999999964, 0.10000000000000142
11064, -0.09999999999999964, 0.10000000000000142
11065, -0.09999999999999964, 0.10000000000000142
11066, -0.09999999999999964, 0.1999999999999993
11067, -0.09999999999999964, 0.1999999999999993
11068, -0.09999999999999964, 0.10000000000000142
11069, -0.09999999999999964, 0.1999999999999993
11070, -0.09999999999999964, 0.1999999999999993
11071, -0.09999999999999964, 0.10000000000000142
11072, -0.09999999999999964, 0.1999999999999993
11073, -0.09999999999999964, 0.1999999999999993
11074, -0.09999999999999964, 0.10000000000000142
11075, -0.09999999999999964, 0.10000000000000142
11076, -0.09999999999999964, 0.1999999999999993
11077, -0.09999999999999964, 0.10000000000000142
11078, -0.09999999999999964, 0.10000000000000142
11079, -0.09999999999999964, 0.1999999999999993
11080, -0.09999999999999964, 0.3000000000000007
11081, -0.20000000000000107, 0.1999999999999993
11082, -0.20000000000000107, 0.3000000000000007
11083, -0.20000000000000107, 0.3000000000000007
11084, -0.20000000000000107, 0.3000000000000007
11085, -0.20000000000000107, 0.3000000000000007
11086, -0.20000000000000107, 0.3000000000000007
11087, -0.20000000000000107, 0.1999999999999993
11088, -0.09999999999999964, 0.1999999999999993
11089, -0.09999999999999964, 0.3000000000000007
11090, -0.09999999999999964, 0.1999999999999993
11091, -0.09999999999999964, 0.1999999999999993
11092, -0.09999999999999964, 0.3000000000000007
11093, -0.09999999999999964, 0.3000000000000007
11094, -0.09999999999999964, 0.3000000000000007
11095, -0.09999999999999964, 0.1999999999999993
11096, -0.09999999999999964, 0.3000000000000007
11097, -0.09999999999999964, 0.3000000000000007
11098, -0.09999999999999964, 0.1999999999999993
11099, -0.09999999999999964, 0.1999999999999993
11100, -0.09999999999999964, 0.3000000000000007
11101, -0.09999999999999964, 0.3000000000000007
11102, -0.09999999999999964, 0.3000000000000007
11103, -0.09999999999999964, 0.3000000000000007
11104, -0.09999999999999964, 0.1999999999999993
11105, -0.09999999999999964, 0.3000000000000007
11106, -0.09999999999999964, 0.3000000000000007
11107, -0.09999999999999964, 0.3000000000000007
11108, -0.09999999999999964, 0.1999999999999993
11109, -0.09999999999999964, 0.1999999999999993
11110, -0.09999999999999964, 0.3000000000000007
11111, -0.09999999999999964, 0.3000000000000007
11112, -0.09999999999999964, 0.1999999999999993
11113, -0.09999999999999964, 0.1999999999999993
11114, -0.09999999999999964, 0.1999999999999993
11115, -0.09999999999999964, 0.10000000000000142
11116, -0.09999999999999964, 0.1999999999999993
11117, -0.09999999999999964, 0.1999999999999993
11118, -0.09999999999999964, 0.1999999999999993
11119, -0.09999999999999964, 0.10000000000000142
11120, -0.09999999999999964, 0.1999999999999993
11121, -0.09999999999999964, 0.1999999999999993
11122, -0.09999999999999964, 0.10000000000000142
11123, -0.20000000000000107, 0.10000000000000142
11124, -0.20000000000000107, 0.10000000000000142
11125, -0.09999999999999964, 0.10000000000000142
11126, -0.09999999999999964, 0.1999999999999993
11127, -0.09999999999999964, 0.10000000000000142
11128, -0.09999999999999964, 0.10000000000000142
11129, -0.09999999999999964, 0.0
11130, -0.09999999999999964, 0.10000000000000142
11131, -0.09999999999999964, 0.10000000000000142
11132, -0.09999999999999964, 0.0
11133, -0.09999999999999964, 0.10000000000000142
11134, -0.09999999999999964, 0.0
11135, -0.09999999999999964, 0.0
11136, -0.09999999999999964, 0.0
11137, -0.09999999999999964, 0.0
11138, -0.09999999999999964, -0.10000000000000142
11139, -0.09999999999999964, 0.0
11140, -0.09999999999999964, 0.0
11141, -0.09999999999999964, 0.0
11142, -0.09999999999999964, 0.0
11143, -0.09999999999999964, 0.0
11144, -0.09999999999999964, 0.0
11145, -0.09999999999999964, 0.0
11146, -0.09999999999999964, 0.0
11147, -0.09999999999999964, 0.0
11148, -0.09999999999999964, 0.0
11149, -0.09999999999999964, 0.0
11150, -0.09999999999999964, 0.0
11151, -0.09999999999999964, 0.0
11152, -0.09999999999999964, 0.0
11153, -0.09999999999999964, 0.0
11154, -0.20000000000000107, 0.10000000000000142
11155, -0.20000000000000107, 0.0
11156, -0.20000000000000107, 0.10000000000000142
11157, -0.3000000000000007, 0.10000000000000142
11158, -0.3000000000000007, 0.0
11159, -0.3000000000000007, 0.0
11160, -0.3000000000000007, 0.10000000000000142
11161, -0.3000000000000007, 0.10000000000000142
11162, -0.3000000000000007, 0.10000000000000142
11163, -0.3000000000000007, 0.10000000000000142
11164, -0.3000000000000007, 0.1999999999999993
11165, -0.3000000000000007, 0.10000000000000142
11166, -0.3000000000000007, 0.10000000000000142
11167, -0.40000000000000036, 0.10000000000000142
11168, -0.40000000000000036, 0.1999999999999993
11169, -0.40000000000000036, 0.10000000000000142
11170, -0.40000000000000036, 0.1999999999999993
11171, -0.40000000000000036, 0.1999999999999993
11172, -0.40000000000000036, 0.3000000000000007
11173, -0.3000000000000007, 0.1999999999999993
11174, -0.3000000000000007, 0.1999999999999993
11175, -0.3000000000000007, 0.1999999999999993
11176, -0.40000000000000036, 0.3000000000000007
11177, -0.40000000000000036, 0.3000000000000007
11178, -0.40000000000000036, 0.3000000000000007
11179, -0.40000000000000036, 0.3000000000000007
11180, -0.40000000000000036, 0.3999999999999986
11181, -0.40000000000000036, 0.3000000000000007
11182, -0.40000000000000036, 0.3999999999999986
11183, -0.40000000000000036, 0.3000000000000007
11184, -0.5, 0.3999999999999986
11185, -0.5, 0.3999999999999986
11186, -0.5, 0.5
11187, -0.5, 0.5
11188, -0.5, 0.3999999999999986
11189, -0.5, 0.3999999999999986
11190, -0.5, 0.5
11191, -0.5, 0.5
11192, -0.5999999999999996, 0.5
11193, -0.5999999999999996, 0.5
11194, -0.5999999999999996, 0.6000000000000014
11195, -0.5999999999999996, 0.5
11196, -0.5999999999999996, 0.5
11197, -0.5999999999999996, 0.5
11198, -0.5999999999999996, 0.6000000000000014
11199, -0.5999999999999996, 0.5
11200, -0.7000000000000011, 0.6000000000000014
11201, -0.7000000000000011, 0.6000000000000014
11202, -0.7000000000000011, 0.5
11203, -0.7000000000000011, 0.6000000000000014
11204, -0.7000000000000011, 0.5
11205, -0.7000000000000011, 0.5
11206, -0.7000000000000011, 0.5
11207, -0.7000000000000011, 0.5
11208, -0.8000000000000007, 0.5
11209, -0.8000000000000007, 0.6000000000000014
11210, -0.8000000000000007, 0.5
11211, -0.8000000000000007, 0.6000000000000014
11212, -0.8000000000000007, 0.6000000000000014
11213, -0.8000000000000007, 0.6000000000000014
11214, -0.8000000000000007, 0.6000000000000014
11215, -0.8000000000000007, 0.6000000000000014
11216, -0.8000000000000007, 0.6000000000000014
11217, -0.9000000000000004, 0.6000000000000014
11218, -0.9000000000000004, 0.6000000000000014
11219, -0.9000000000000004, 0.6999999999999993
11220, -0.9000000000000004, 0.6000000000000014
11221, -0.9000000000000004, 0.6999999999999993
11222, -0.9000000000000004, 0.6000000000000014
11223, -0.9000000000000004, 0.6999999999999993
11224, -0.9000000000000004, 0.6000000000000014
11225, -0.9000000000000004, 0.6999999999999993
11226, -0.9000000000000004, 0.6000000000000014
11227, -0.9000000000000004, 0.6999999999999993
11228, -0.9000000000000004, 0.6000000000000014
11229, -0.9000000000000004, 0.6999999999999993
11230, -0.9000000000000004, 0.6000000000000014
11231, -0.9000000000000004, 0.6999999999999993
11232, -0.9000000000000004, 0.6999999999999993
11233, -0.9000000000000004, 0.6999999999999993
11234, -0.9000000000000004, 0.6999999999999993
11235, -0.9000000000000004, 0.6999999999999993
11236, -0.9000000000000004, 0.6999999999999993
11237, -0.9000000000000004, 0.8000000000000007
11238, -0.9000000000000004, 0.6999999999999993
11239, -0.9000000000000004, 0.6999999999999993
11240, -0.9000000000000004, 0.8000000000000007
11241, -0.9000000000000004, 0.6999999999999993
11242, -0.9000000000000004, 0.8000000000000007
11243, -0.9000000000000004, 0.8000000000000007
11244, -0.9000000000000004, 0.6999999999999993
11245, -0.9000000000000004, 0.8000000000000007
11246, -0.9000000000000004, 0.8000000000000007
11247, -0.9000000000000004, 0.8000000000000007
11248, -0.9000000000000004, 0.8000000000000007
11249, -0.9000000000000004, 0.8000000000000007
11250, -0.9000000000000004, 0.8000000000000007
11251, -0.9000000000000004, 0.8999999999999986
11252, -0.9000000000000004, 0.8999999999999986
11253, -0.9000000000000004, 0.8000000000000007
11254, -0.9000000000000004, 0.8000000000000007
11255, -0.9000000000000004, 0.8999999999999986
11256, -0.9000000000000004, 0.8999999999999986
11257, -0.9000000000000004, 0.8999999999999986
11258, -0.9000000000000004, 0.8000000000000007
11259, -0.9000000000000004, 0.8999999999999986
11260, -0.9000000000000004, 0.8999999999999986
11261, -0.9000000000000004, 0.8999999999999986
11262, -0.9000000000000004, 0.8999999999999986
11263, -0.9000000000000004, 0.8999999999999986
11264, -0.9000000000000004, 0.8000000000000007
11265, -0.9000000000000004, 0.8000000000000007
11266, -0.9000000000000004, 0.8000000000000007
11267, -0.9000000000000004, 0.8999999999999986
11268, -0.9000000000000004, 0.8999999999999986
11269, -0.9000000000000004, 0.8999999999999986
11270, -0.9000000000000004, 0.8999999999999986
11271, -0.9000000000000004, 0.8000000000000007
11272, -0.9000000000000004, 0.8000000000000007
11273, -0.9000000000000004, 0.8000000000000007
11274, -0.9000000000000004, 0.8999999999999986
11275, -0.9000000000000004, 0.8999999999999986
11276, -0.9000000000000004, 0.8999999999999986
11277, -0.9000000000000004, 0.8999999999999986
11278, -0.9000000000000004, 0.8000000000000007
11279, -0.9000000000000004, 0.8000000000000007
11280, -0.9000000000000004, 0.8000000000000007
11281, -0.9000000000000004, 0.8000000000000007
11282, -0.8000000000000007, 0.8000000000000007
11283, -0.8000000000000007, 0.8000000000000007
11284, -0.8000000000000007, 0.8000000000000007
11285, -0.8000000000000007, 0.8999999999999986
11286, -0.8000000000000007, 0.8000000000000007
11287, -0.8000000000000007, 0.8000000000000007
11288, -0.8000000000000007, 0.8000000000000007
11289, -0.8000000000000007, 0.8999999999999986
11290, -0.8000000000000007, 0.8000000000000007
11291, -0.8000000000000007, 0.8000000000000007
11292, -0.8000000000000007, 0.8000000000000007
11293, -0.7000000000000011, 0.8000000000000007
11294, -0.7000000000000011, 0.8000000000000007
11295, -0.7000000000000011, 0.8000000000000007
11296, -0.7000000000000011, 0.8000000000000007
11297, -0.7000000000000011, 0.8000000000000007
11298, -0.7000000000000011, 0.8000000000000007
11299, -0.7000000000000011, 0.8000000000000007
11300, -0.7000000000000011, 0.6999999999999993
11301, -0.7000000000000011, 0.8000000000000007
11302, -0.7000000000000011, 0.6999999999999993
11303, -0.7000000000000011, 0.8000000000000007
11304, -0.5999999999999996, 0.8000000000000007
11305, -0.5999999999999996, 0.6999999999999993
11306, -0.7000000000000011, 0.8000000000000007
11307, -0.7000000000000011, 0.6999999999999993
11308, -0.7000000000000011, 0.6999999999999993
11309, -0.7000000000000011, 0.6000000000000014
11310, -0.7000000000000011, 0.6999999999999993
11311, -0.7000000000000011, 0.6999999999999993
11312, -0.7000000000000011, 0.6999999999999993
11313, -0.7000000000000011, 0.6000000000000014
11314, -0.7000000000000011, 0.6999999999999993
11315, -0.5999999999999996, 0.6000000000000014
11316, -0.5999999999999996, 0.6000000000000014
11317, -0.5999999999999996, 0.6000000000000014
11318, -0.5999999999999996, 0.6000000000000014
11319, -0.5999999999999996, 0.6000000000000014
11320, -0.5999999999999996, 0.6000000000000014
11321, -0.5999999999999996, 0.5
11322, -0.5999999999999996, 0.6000000000000014
11323, -0.5999999999999996, 0.6000000000000014
11324, -0.5, 0.5
11325, -0.5, 0.5
11326, -0.5, 0.5
11327, -0.5, 0.5
11328, -0.5, 0.5
11329, -0.5, 0.5
11330, -0.5, 0.3999999999999986
11331, -0.5, 0.5
11332, -0.5, 0.5
11333, -0.40000000000000036, 0.3999999999999986
11334, -0.40000000000000036, 0.3999999999999986
11335, -0.40000000000000036, 0.3999999999999986
11336, -0.40000000000000036, 0.5
11337, -0.40000000000000036, 0.3999999999999986
11338, -0.40000000000000036, 0.3999999999999986
11339, -0.40000000000000036, 0.3999999999999986
11340, -0.40000000000000036, 0.3000000000000007
11341, -0.40000000000000036, 0.3999999999999986
11342, -0.40000000000000036, 0.3999999999999986
11343, -0.3000000000000007, 0.3999999999999986
11344, -0.3000000000000007, 0.3000000000000007
11345, -0.3000000000000007, 0.5
11346, -0.3000000000000007, 0.3999999999999986
11347, -0.3000000000000007, 0.3000000000000007
11348, -0.3000000000000007, 0.3999999999999986
11349, -0.3000000000000007, 0.3000000000000007
11350, -0.3000000000000007, 0.3000000000000007
11351, -0.3000000000000007, 0.3999999999999986
11352, -0.3000000000000007, 0.3999999999999986
11353, -0.3000000000000007, 0.3000000000000007
11354, -0.3000000000000007, 0.3000000000000007
11355, -0.3000000000000007, 0.3000000000000007
11356, -0.20000000000000107, 0.1999999999999993
11357, -0.20000000000000107, 0.3999999999999986
11358, -0.20000000000000107, 0.3000000000000007
11359, -0.20000000000000107, 0.3999999999999986
11360, -0.20000000000000107, 0.3000000000000007
11361, -0.20000000000000107, 0.3000000000000007
11362, -0.20000000000000107, 0.3000000000000007
11363, -0.20000000000000107, 0.1999999999999993
11364, -0.20000000000000107, 0.3000000000000007
11365, -0.20000000000000107, 0.3000000000000007
11366, -0.20000000000000107, 0.3000000000000007
11367, -0.20000000000000107, 0.3000000000000007
11368, -0.09999999999999964, 0.3000000000000007
11369, -0.09999999999999964, 0.1999999999999993
11370, -0.09999999999999964, 0.3000000000000007
11371, -0.09999999999999964, 0.1999999999999993
11372, -0.09999999999999964, 0.3000000000000007
11373, -0.09999999999999964, 0.1999999999999993
11374, -0.20000000000000107, 0.1999999999999993
11375, -0.20000000000000107, 0.3000000000000007
11376, -0.20000000000000107, 0.1999999999999993
11377, -0.20000000000000107, 0.3999999999999986
11378, -0.20000000000000107, 0.3000000000000007
11379, -0.20000000000000107, 0.3000000000000007
11380, -0.20000000000000107, 0.3999999999999986
11381, -0.20000000000000107, 0.3000000000000007
11382, -0.09999999999999964, 0.3000000000000007
11383, -0.09999999999999964, 0.3999999999999986
11384, -0.09999999999999964, 0.3000000000000007
11385, -0.09999999999999964, 0.3000000000000007
11386, -0.09999999999999964, 0.3999999999999986
11387, -0.09999999999999964, 0.3000000000000007
11388, -0.09999999999999964, 0.3000000000000007
11389, -0.09999999999999964, 0.3999999999999986
11390, -0.09999999999999964, 0.3000000000000007
11391, -0.09999999999999964, 0.3000000000000007
11392, -0.09999999999999964, 0.3999999999999986
11393, -0.09999999999999964, 0.3000000000000007
11394, -0.09999999999999964, 0.3000000000000007
11395, -0.09999999999999964, 0.3000000000000007
11396, -0.09999999999999964, 0.3999999999999986
11397, -0.09999999999999964, 0.3000000000000007
11398, -0.09999999999999964, 0.3000000000000007
11399, -0.09999999999999964, 0.3000000000000007
11400, -0.09999999999999964, 0.3000000000000007
11401, -0.09999999999999964, 0.3000000000000007
11402, -0.09999999999999964, 0.3000000000000007
11403, -0.09999999999999964, 0.3000000000000007
11404, -0.09999999999999964, 0.3000000000000007
11405, -0.09999999999999964, 0.3000000000000007
11406, -0.09999999999999964, 0.3000000000000007
11407, -0.09999999999999964, 0.1999999999999993
11408, -0.09999999999999964, 0.3000000000000007
11409, -0.09999999999999964, 0.1999999999999993
11410, -0.09999999999999964, 0.1999999999999993
11411, -0.09999999999999964, 0.1999999999999993
11412, -0.09999999999999964, 0.3000000000000007
11413, -0.09999999999999964, 0.3000000000000007
11414, -0.09999999999999964, 0.1999999999999993
11415, -0.09999999999999964, 0.1999999999999993
11416, -0.09999999999999964, 0.1999999999999993
11417, -0.09999999999999964, 0.1999999999999993
11418, -0.09999999999999964, 0.1999999999999993
11419, -0.09999999999999964, 0.1999999999999993
11420, -0.09999999999999964, 0.1999999999999993
11421, -0.09999999999999964, 0.1999999999999993
11422, -0.20000000000000107, 0.3000000000000007
11423, -0.20000000000000107, 0.3000000000000007
11424, -0.20000000000000107, 0.3000000000000007
11425, -0.20000000000000107, 0.1999999999999993
11426, -0.20000000000000107, 0.3000000000000007
11427, -0.20000000000000107, 0.3000000000000007
11428, -0.20000000000000107, 0.3000000000000007
11429, -0.20000000000000107, 0.3000000000000007
11430, -0.09999999999999964, 0.1999999999999993
11431, -0.09999999999999964, 0.3000000000000007
11432, -0.09999999999999964, 0.3000000000000007
11433, -0.09999999999999964, 0.3000000000000007
11434, -0.09999999999999964, 0.3000000000000007
11435, -0.09999999999999964, 0.1999999999999993
11436, -0.09999999999999964, 0.1999999999999993
11437, -0.09999999999999964, 0.3999999999999986
11438, -0.09999999999999964, 0.3999999999999986
11439, -0.09999999999999964, 0.3000000000000007
11440, -0.09999999999999964, 0.3000000000000007
11441, -0.09999999999999964, 0.3000000000000007
11442, -0.09999999999999964, 0.3000000000000007
11443, -0.09999999999999964, 0.3000000000000007
11444, -0.09999999999999964, 0.3999999999999986
11445, -0.20000000000000107, 0.3999999999999986
11446, -0.20000000000000107, 0.3999999999999986
11447, -0.20000000000000107, 0.3000000000000007
11448, -0.20000000000000107, 0.3000000000000007
11449, -0.20000000000000107, 0.3000000000000007
11450, -0.20000000000000107, 0.3999999999999986
11451, -0.20000000000000107, 0.3999999999999986
11452, -0.20000000000000107, 0.3999999999999986
11453, -0.20000000000000107, 0.3999999999999986
11454, -0.20000000000000107, 0.3000000000000007
11455, -0.20000000000000107, 0.3999999999999986
11456, -0.20000000000000107, 0.3999999999999986
11457, -0.20000000000000107, 0.3000000000000007
11458, -0.09999999999999964, 0.3000000000000007
11459, -0.20000000000000107, 0.3999999999999986
11460, -0.20000000000000107, 0.3000000000000007
11461, -0.20000000000000107, 0.3000000000000007
11462, -0.20000000000000107, 0.3000000000000007
11463, -0.20000000000000107, 0.3000000000000007
11464, -0.20000000000000107, 0.3000000000000007
11465, -0.20000000000000107, 0.3000000000000007
11466, -0.20000000000000107, 0.1999999999999993
11467, -0.20000000000000107, 0.3000000000000007
11468, -0.20000000000000107, 0.3000000000000007
11469, -0.20000000000000107, 0.1999999999999993
11470, -0.20000000000000107, 0.3000000000000007
11471, -0.3000000000000007, 0.3000000000000007
11472, -0.3000000000000007, 0.1999999999999993
11473, -0.3000000000000007, 0.3000000000000007
11474, -0.3000000000000007, 0.3000000000000007
11475, -0.3000000000000007, 0.3000000000000007
11476, -0.3000000000000007, 0.3000000000000007
11477, -0.3000000000000007, 0.3000000000000007
11478, -0.3000000000000007, 0.3000000000000007
11479, -0.3000000000000007, 0.3000000000000007
11480, -0.3000000000000007, 0.3000000000000007
11481, -0.3000000000000007, 0.3000000000000007
11482, -0.40000000000000036, 0.3000000000000007
11483, -0.40000000000000036, 0.3000000000000007
11484, -0.40000000000000036, 0.1999999999999993
11485, -0.5, 0.1999999999999993
11486, -0.5, 0.3000000000000007
11487, -0.5, 0.1999999999999993
11488, -0.5, 0.3000000000000007
11489, -0.5, 0.3000000000000007
11490, -0.5, 0.1999999999999993
11491, -0.5, 0.3000000000000007
11492, -0.5, 0.3000000000000007
11493, -0.5999999999999996, 0.3000000000000007
11494, -0.5999999999999996, 0.3000000000000007
11495, -0.5999999999999996, 0.3000000000000007
11496, -0.5999999999999996, 0.3999999999999986
11497, -0.5999999999999996, 0.3000000000000007
11498, -0.5999999999999996, 0.3000000000000007
11499, -0.5999999999999996, 0.3000000000000007
11500, -0.5999999999999996, 0.3000000000000007
11501, -0.5999999999999996, 0.3000000000000007
11502, -0.5999999999999996, 0.3999999999999986
11503, -0.5999999999999996, 0.3000000000000007
11504, -0.7000000000000011, 0.3000000000000007
11505, -0.7000000000000011, 0.3999999999999986
11506, -0.7000000000000011, 0.3999999999999986
11507, -0.7000000000000011, 0.3999999999999986
11508, -0.7000000000000011, 0.3999999999999986
11509, -0.7000000000000011, 0.5
11510, -0.7000000000000011, 0.3999999999999986
11511, -0.7000000000000011, 0.3999999999999986
11512, -0.7000000000000011, 0.3999999999999986
11513, -0.7000000000000011, 0.5
11514, -0.7000000000000011, 0.3999999999999986
11515, -0.7000000000000011, 0.5
11516, -0.7000000000000011, 0.5
11517, -0.7000000000000011, 0.3999999999999986
11518, -0.7000000000000011, 0.5
11519, -0.8000000000000007, 0.5
11520, -0.8000000000000007, 0.6000000000000014
11521, -0.8000000000000007, 0.5
11522, -0.8000000000000007, 0.6000000000000014
11523, -0.8000000000000007, 0.6000000000000014
11524, -0.8000000000000007, 0.5
11525, -0.8000000000000007, 0.5
11526, -0.8000000000000007, 0.5
11527, -0.8000000000000007, 0.5
11528, -0.8000000000000007, 0.5
11529, -0.8000000000000007, 0.5
11530, -0.8000000000000007, 0.5
11531, -0.8000000000000007, 0.6000000000000014
11532, -0.8000000000000007, 0.6000000000000014
11533, -0.8000000000000007, 0.5
11534, -0.8000000000000007, 0.6000000000000014
11535, -0.8000000000000007, 0.6000000000000014
11536, -0.8000000000000007, 0.6000000000000014
11537, -0.8000000000000007, 0.6000000000000014
11538, -0.8000000000000007, 0.6000000000000014
11539, -0.8000000000000007, 0.5
11540, -0.8000000000000007, 0.5
11541, -0.8000000000000007, 0.5
11542, -0.8000000000000007, 0.6000000000000014
11543, -0.8000000000000007, 0.6000000000000014
11544, -0.8000000000000007, 0.5
11545, -0.8000000000000007, 0.5
11546, -0.8000000000000007, 0.5
11547, -0.8000000000000007, 0.6000000000000014
11548, -0.8000000000000007, 0.6000000000000014
11549, -0.8000000000000007, 0.6000000000000014
11550, -0.8000000000000007, 0.6000000000000014
11551, -0.8000000000000007, 0.6000000000000014
11552, -0.8000000000000007, 0.6000000000000014
11553, -0.8000000000000007, 0.6000000000000014
11554, -0.8000000000000007, 0.5
11555, -0.8000000000000007, 0.5
11556, -0.8000000000000007, 0.5
11557, -0.8000000000000007, 0.5
11558, -0.8000000000000007, 0.6000000000000014
11559, -0.8000000000000007, 0.6000000000000014
11560, -0.8000000000000007, 0.6000000000000014
11561, -0.8000000000000007, 0.6000000000000014
11562, -0.8000000000000007, 0.6000000000000014
11563, -0.8000000000000007, 0.6000000000000014
11564, -0.8000000000000007, 0.6000000000000014
11565, -0.8000000000000007, 0.6000000000000014
11566, -0.8000000000000007, 0.6999999999999993
11567, -0.8000000000000007, 0.6999999999999993
11568, -0.8000000000000007, 0.6999999999999993
11569, -0.8000000000000007, 0.6999999999999993
11570, -0.8000000000000007, 0.6999999999999993
11571, -0.8000000000000007, 0.6999999999999993
11572, -0.8000000000000007, 0.6999999999999993
11573, -0.8000000000000007, 0.6999999999999993
11574, -0.8000000000000007, 0.6999999999999993
11575, -0.7000000000000011, 0.6999999999999993
11576, -0.7000000000000011, 0.6999999999999993
11577, -0.8000000000000007, 0.6999999999999993
11578, -0.8000000000000007, 0.6999999999999993
11579, -0.7000000000000011, 0.6000000000000014
11580, -0.7000000000000011, 0.6000000000000014
11581, -0.7000000000000011, 0.6000000000000014
11582, -0.7000000000000011, 0.6000000000000014
11583, -0.7000000000000011, 0.6000000000000014
11584, -0.7000000000000011, 0.6000000000000014
11585, -0.7000000000000011, 0.6000000000000014
11586, -0.7000000000000011, 0.6999999999999993
11587, -0.7000000000000011, 0.6999999999999993
11588, -0.7000000000000011, 0.6999999999999993
11589, -0.7000000000000011, 0.6000000000000014
11590, -0.7000000000000011, 0.6999999999999993
11591, -0.7000000000000011, 0.6999999999999993
11592, -0.7000000000000011, 0.6999999999999993
11593, -0.7000000000000011, 0.6999999999999993
11594, -0.7000000000000011, 0.6999999999999993
11595, -0.5999999999999996, 0.6999999999999993
11596, -0.5999999999999996, 0.6999999999999993
11597, -0.5999999999999996, 0.6000000000000014
11598, -0.5999999999999996, 0.6000000000000014
11599, -0.5999999999999996, 0.6000000000000014
11600, -0.5999999999999996, 0.6000000000000014
11601, -0.5999999999999996, 0.6999999999999993
11602, -0.5999999999999996, 0.6000000000000014
11603, -0.5999999999999996, 0.6000000000000014
11604, -0.5999999999999996, 0.6000000000000014
11605, -0.5999999999999996, 0.6000000000000014
11606, -0.5999999999999996, 0.6000000000000014
11607, -0.5999999999999996, 0.6000000000000014
11608, -0.5999999999999996, 0.6000000000000014
11609, -0.5999999999999996, 0.6000000000000014
11610, -0.5999999999999996, 0.6000000000000014
11611, -0.5999999999999996, 0.6000000000000014
11612, -0.5999999999999996, 0.6000000000000014
11613, -0.5999999999999996, 0.6000000000000014
11614, -0.5999999999999996, 0.6000000000000014
11615, -0.5999999999999996, 0.6000000000000014
11616, -0.5999999999999996, 0.5
11617, -0.5, 0.5
11618, -0.40000000000000036, 0.6000000000000014
11619, -0.40000000000000036, 0.6000000000000014
11620, -0.40000000000000036, 0.6000000000000014
11621, -0.40000000000000036, 0.5
11622, -0.40000000000000036, 0.5
11623, -0.40000000000000036, 0.6000000000000014
11624, -0.40000000000000036, 0.5
11625, -0.40000000000000036, 0.5
11626, -0.40000000000000036, 0.5
11627, -0.40000000000000036, 0.5
11628, -0.40000000000000036, 0.5
11629, -0.40000000000000036, 0.6000000000000014
11630, -0.40000000000000036, 0.5
11631, -0.40000000000000036, 0.5
11632, -0.40000000000000036, 0.6000000000000014
11633, -0.40000000000000036, 0.5
11634, -0.40000000000000036, 0.5
11635, -0.40000000000000036, 0.5
11636, -0.40000000000000036, 0.5
11637, -0.40000000000000036, 0.5
11638, -0.40000000000000036, 0.5
11639, -0.3000000000000007, 0.3999999999999986
11640, -0.40000000000000036, 0.3999999999999986
11641, -0.40000000000000036, 0.5
11642, -0.40000000000000036, 0.6000000000000014
11643, -0.40000000000000036, 0.5
11644, -0.40000000000000036, 0.5
11645, -0.40000000000000036, 0.6000000000000014
11646, -0.40000000000000036, 0.5
11647, -0.40000000000000036, 0.5
11648, -0.40000000000000036, 0.5
11649, -0.40000000000000036, 0.5
11650, -0.40000000000000036, 0.5
11651, -0.40000000000000036, 0.5
11652, -0.3000000000000007, 0.5
11653, -0.3000000000000007, 0.3999999999999986
11654, -0.3000000000000007, 0.5
11655, -0.3000000000000007, 0.5
11656, -0.3000000000000007, 0.5
11657, -0.3000000000000007, 0.3999999999999986
11658, -0.3000000000000007, 0.3999999999999986
11659, -0.3000000000000007, 0.5
11660, -0.3000000000000007, 0.3999999999999986
11661, -0.3000000000000007, 0.3999999999999986
11662, -0.3000000000000007, 0.3999999999999986
11663, -0.3000000000000007, 0.5
11664, -0.3000000000000007, 0.3999999999999986
11665, -0.3000000000000007, 0.3999999999999986
11666, -0.3000000000000007, 0.3999999999999986
11667, -0.3000000000000007, 0.3999999999999986
11668, -0.3000000000000007, 0.3999999999999986
11669, -0.3000000000000007, 0.3999999999999986
11670, -0.3000000000000007, 0.5
11671, -0.3000000000000007, 0.3999999999999986
11672, -0.3000000000000007, 0.3999999999999986
11673, -0.3000000000000007, 0.3999999999999986
11674, -0.3000000000000007, 0.5
11675, -0.3000000000000007, 0.3999999999999986
11676, -0.3000000000000007, 0.3000000000000007
11677, -0.3000000000000007, 0.3000000000000007
11678, -0.3000000000000007, 0.3999999999999986
11679, -0.3000000000000007, 0.3999999999999986
11680, -0.3000000000000007, 0.3000000000000007
11681, -0.3000000000000007, 0.3000000000000007
11682, -0.3000000000000007, 0.3999999999999986
11683, -0.3000000000000007, 0.3999999999999986
11684, -0.3000000000000007, 0.3999999999999986
11685, -0.3000000000000007, 0.3999999999999986
11686, -0.3000000000000007, 0.3999999999999986
11687, -0.3000000000000007, 0.3999999999999986
11688, -0.3000000000000007, 0.3999999999999986
11689, -0.3000000000000007, 0.3000000000000007
11690, -0.3000000000000007, 0.3000000000000007
11691, -0.3000000000000007, 0.3999999999999986
11692, -0.3000000000000007, 0.3999999999999986
11693, -0.3000000000000007, 0.3999999999999986
11694, -0.3000000000000007, 0.3000000000000007
11695, -0.3000000000000007, 0.3999999999999986
11696, -0.3000000000000007, 0.3999999999999986
11697, -0.3000000000000007, 0.3000000000000007
11698, -0.3000000000000007, 0.3000000000000007
11699, -0.3000000000000007, 0.3999999999999986
11700, -0.3000000000000007, 0.3999999999999986
11701, -0.3000000000000007, 0.3999999999999986
11702, -0.3000000000000007, 0.3999999999999986
11703, -0.3000000000000007, 0.3000000000000007
11704, -0.3000000000000007, 0.3999999999999986
11705, -0.3000000000000007, 0.3999999999999986
11706, -0.20000000000000107, 0.3999999999999986
11707, -0.20000000000000107, 0.3999999999999986
11708, -0.20000000000000107, 0.3999999999999986
11709, -0.20000000000000107, 0.5
11710, -0.20000000000000107, 0.3999999999999986
11711, -0.20000000000000107, 0.3999999999999986
11712, -0.20000000000000107, 0.3999999999999986
11713, -0.20000000000000107, 0.3999999999999986
11714, -0.20000000000000107, 0.5
11715, -0.20000000000000107, 0.5
11716, -0.3000000000000007, 0.3999999999999986
11717, -0.3000000000000007, 0.3999999999999986
11718, -0.3000000000000007, 0.3999999999999986
11719, -0.3000000000000007, 0.3999999999999986
11720, -0.3000000000000007, 0.5
11721, -0.3000000000000007, 0.5
11722, -0.3000000000000007, 0.3999999999999986
11723, -0.3000000000000007, 0.3999999999999986
11724, -0.3000000000000007, 0.3999999999999986
11725, -0.3000000000000007, 0.3999999999999986
11726, -0.3000000000000007, 0.3999999999999986
11727, -0.3000000000000007, 0.3000000000000007
11728, -0.3000000000000007, 0.3000000000000007
11729, -0.3000000000000007, 0.3999999999999986
11730, -0.3000000000000007, 0.3999999999999986
11731, -0.3000000000000007, 0.3999999999999986
11732, -0.3000000000000007, 0.3999999999999986
11733, -0.3000000000000007, 0.3000000000000007
11734, -0.3000000000000007, 0.3999999999999986
11735, -0.3000000000000007, 0.3999999999999986
11736, -0.3000000000000007, 0.3999999999999986
11737, -0.3000000000000007, 0.3999999999999986
11738, -0.3000000000000007, 0.3000000000000007
11739, -0.3000000000000007, 0.3000000000000007
11740, -0.3000000000000007, 0.3000000000000007
11741, -0.3000000000000007, 0.3000000000000007
11742, -0.3000000000000007, 0.3999999999999986
11743, -0.3000000000000007, 0.3000000000000007
11744, -0.3000000000000007, 0.3000000000000007
11745, -0.3000000000000007, 0.3000000000000007
11746, -0.3000000000000007, 0.3000000000000007
11747, -0.3000000000000007, 0.1999999999999993
11748, -0.3000000000000007, 0.3999999999999986
11749, -0.3000000000000007, 0.3999999999999986
11750, -0.3000000000000007, 0.3999999999999986
11751, -0.3000000000000007, 0.3000000000000007
11752, -0.3000000000000007, 0.3000000000000007
11753, -0.3000000000000007, 0.3000000000000007
11754, -0.3000000000000007, 0.3999999999999986
11755, -0.3000000000000007, 0.3000000000000007
11756, -0.3000000000000007, 0.3000000000000007
11757, -0.40000000000000036, 0.3000000000000007
11758, -0.40000000000000036, 0.3000000000000007
11759, -0.40000000000000036, 0.3000000000000007
11760, -0.40000000000000036, 0.3000000000000007
11761, -0.40000000000000036, 0.3000000000000007
11762, -0.40000000000000036, 0.3000000000000007
11763, -0.40000000000000036, 0.3999999999999986
11764, -0.40000000000000036, 0.3000000000000007
11765, -0.40000000000000036, 0.3000000000000007
11766, -0.40000000000000036, 0.3000000000000007
11767, -0.3000000000000007, 0.3999999999999986
11768, -0.3000000000000007, 0.3000000000000007
11769, -0.3000000000000007, 0.3000000000000007
11770, -0.3000000000000007, 0.3000000000000007
11771, -0.3000000000000007, 0.3999999999999986
11772, -0.3000000000000007, 0.3999999999999986
11773, -0.3000000000000007, 0.3000000000000007
11774, -0.3000000000000007, 0.3000000000000007
11775, -0.3000000000000007, 0.3000000000000007
11776, -0.3000000000000007, 0.3000000000000007
11777, -0.3000000000000007, 0.3000000000000007
11778, -0.3000000000000007, 0.1999999999999993
11779, -0.3000000000000007, 0.3000000000000007
11780, -0.3000000000000007, 0.3000000000000007
11781, -0.3000000000000007, 0.3000000000000007
11782, -0.3000000000000007, 0.3000000000000007
11783, -0.3000000000000007, 0.3999999999999986
11784, -0.3000000000000007, 0.3000000000000007
11785, -0.3000000000000007, 0.3000000000000007
11786, -0.3000000000000007, 0.3000000000000007
11787, -0.3000000000000007, 0.3999999999999986
11788, -0.40000000000000036, 0.3999999999999986
11789, -0.40000000000000036, 0.3999999999999986
11790, -0.40000000000000036, 0.3000000000000007
11791, -0.5, 0.3000000000000007
11792, -0.5, 0.3000000000000007
11793, -0.5, 0.3000000000000007
11794, -0.5, 0.3000000000000007
11795, -0.5, 0.3999999999999986
11796, -0.5, 0.3999999999999986
11797, -0.5, 0.3000000000000007
11798, -0.5, 0.3000000000000007
11799, -0.5, 0.3000000000000007
11800, -0.5, 0.3999999999999986
11801, -0.5, 0.3000000000000007
11802, -0.5, 0.3000000000000007
11803, -0.5, 0.3000000000000007
11804, -0.5, 0.1999999999999993
11805, -0.5, 0.3000000000000007
11806, -0.5, 0.3000000000000007
11807, -0.5, 0.3000000000000007
11808, -0.5, 0.3000000000000007
11809, -0.5, 0.3000000000000007
11810, -0.5, 0.3999999999999986
11811, -0.5999999999999996, 0.3999999999999986
11812, -0.5999999999999996, 0.3000000000000007
11813, -0.5999999999999996, 0.1999999999999993
11814, -0.5999999999999996, 0.1999999999999993
11815, -0.5, 0.3000000000000007
11816, -0.5, 0.3000000000000007
11817, -0.5, 0.3000000000000007
11818, -0.5, 0.3000000000000007
11819, -0.5, 0.3000000000000007
11820, -0.5, 0.3000000000000007
11821, -0.5, 0.3000000000000007
11822, -0.5, 0.3999999999999986
11823, -0.5, 0.3999999999999986
11824, -0.5, 0.3999999999999986
11825, -0.5, 0.3000000000000007
11826, -0.5, 0.3000000000000007
11827, -0.5, 0.3000000000000007
11828, -0.5, 0.3000000000000007
11829, -0.5, 0.3000000000000007
11830, -0.40000000000000036, 0.3000000000000007
11831, -0.40000000000000036, 0.3999999999999986
11832, -0.40000000000000036, 0.3999999999999986
11833, -0.40000000000000036, 0.3999999999999986
11834, -0.40000000000000036, 0.3999999999999986
11835, -0.40000000000000036, 0.3999999999999986
11836, -0.40000000000000036, 0.3999999999999986
11837, -0.40000000000000036, 0.3999999999999986
11838, -0.40000000000000036, 0.3999999999999986
11839, -0.40000000000000036, 0.3000000000000007
11840, -0.40000000000000036, 0.3000000000000007
11841, -0.40000000000000036, 0.3000000000000007
11842, -0.40000000000000036, 0.3000000000000007
11843, -0.40000000000000036, 0.5
11844, -0.40000000000000036, 0.5
11845, -0.40000000000000036, 0.5
11846, -0.40000000000000036, 0.5
11847, -0.40000000000000036, 0.5
11848, -0.40000000000000036, 0.5
11849, -0.40000000000000036, 0.3999999999999986
11850, -0.40000000000000036, 0.3999999999999986
11851, -0.40000000000000036, 0.3999999999999986
11852, -0.40000000000000036, 0.3999999999999986
11853, -0.40000000000000036, 0.5
11854, -0.40000000000000036, 0.5
11855, -0.40000000000000036, 0.5
11856, -0.40000000000000036, 0.3999999999999986
11857, -0.40000000000000036, 0.3999999999999986
11858, -0.40000000000000036, 0.5
11859, -0.40000000000000036, 0.5
11860, -0.40000000000000036, 0.6000000000000014
11861, -0.40000000000000036, 0.6000000000000014
11862, -0.40000000000000036, 0.6000000000000014
11863, -0.40000000000000036, 0.5
11864, -0.40000000000000036, 0.5
11865, -0.40000000000000036, 0.5
11866, -0.40000000000000036, 0.5
11867, -0.40000000000000036, 0.5
11868, -0.40000000000000036, 0.5
11869, -0.40000000000000036, 0.5
11870, -0.40000000000000036, 0.3999999999999986
11871, -0.40000000000000036, 0.3999999999999986
11872, -0.5, 0.3999999999999986
11873, -0.5, 0.3999999999999986
11874, -0.5, 0.5
11875, -0.5, 0.5
11876, -0.5, 0.5
11877, -0.5, 0.5
11878, -0.5, 0.3999999999999986
11879, -0.5, 0.3999999999999986
11880, -0.5, 0.3999999999999986
11881, -0.40000000000000036, 0.3999999999999986
11882, -0.40000000000000036, 0.3999999999999986
11883, -0.40000000000000036, 0.3999999999999986
11884, -0.40000000000000036, 0.3999999999999986
11885, -0.40000000000000036, 0.3000000000000007
11886, -0.40000000000000036, 0.3999999999999986
11887, -0.40000000000000036, 0.3999999999999986
11888, -0.40000000000000036, 0.3999999999999986
11889, -0.40000000000000036, 0.3999999999999986
11890, -0.40000000000000036, 0.3999999999999986
11891, -0.40000000000000036, 0.3999999999999986
11892, -0.40000000000000036, 0.3999999999999986
11893, -0.40000000000000036, 0.3999999999999986
11894, -0.40000000000000036, 0.3999999999999986
11895, -0.40000000000000036, 0.3999999999999986
11896, -0.40000000000000036, 0.3999999999999986
11897, -0.40000000000000036, 0.3999999999999986
11898, -0.40000000000000036, 0.3999999999999986
11899, -0.40000000000000036, 0.3999999999999986
11900, -0.40000000000000036, 0.5
11901, -0.40000000000000036, 0.5
11902, -0.40000000000000036, 0.3000000000000007
11903, -0.40000000000000036, 0.3000000000000007
11904, -0.40000000000000036, 0.3999999999999986
11905, -0.40000000000000036, 0.3999999999999986
11906, -0.40000000000000036, 0.3000000000000007
11907, -0.3000000000000007, 0.3000000000000007
11908, -0.3000000000000007, 0.3000000000000007
11909, -0.3000000000000007, 0.3999999999999986
11910, -0.3000000000000007, 0.3999999999999986
11911, -0.3000000000000007, 0.3000000000000007
11912, -0.3000000000000007, 0.3000000000000007
11913, -0.3000000000000007, 0.3999999999999986
11914, -0.3000000000000007, 0.3999999999999986
11915, -0.3000000000000007, 0.3999999999999986
11916, -0.3000000000000007, 0.3000000000000007
11917, -0.3000000000000007, 0.3999999999999986
11918, -0.3000000000000007, 0.3999999999999986
11919, -0.3000000000000007, 0.3999999999999986
11920, -0.3000000000000007, 0.3999999999999986
11921, -0.3000000000000007, 0.3999999999999986
11922, -0.3000000000000007, 0.3999999999999986
11923, -0.3000000000000007, 0.3999999999999986
11924, -0.3000000000000007, 0.3999999999999986
11925, -0.3000000000000007, 0.3999999999999986
11926, -0.3000000000000007, 0.3000000000000007
11927, -0.3000000000000007, 0.3000000000000007
11928, -0.3000000000000007, 0.3000000000000007
11929, -0.3000000000000007, 0.3000000000000007
11930, -0.3000000000000007, 0.3999999999999986
11931, -0.3000000000000007, 0.3999999999999986
11932, -0.3000000000000007, 0.3000000000000007
11933, -0.3000000000000007, 0.3000000000000007
11934, -0.3000000000000007, 0.3999999999999986
11935, -0.3000000000000007, 0.3999999999999986
11936, -0.3000000000000007, 0.3999999999999986
11937, -0.20000000000000107, 0.3999999999999986
11938, -0.20000000000000107, 0.1999999999999993
11939, -0.20000000000000107, 0.3000000000000007
11940, -0.20000000000000107, 0.3000000000000007
11941, -0.20000000000000107, 0.3000000000000007
11942, -0.20000000000000107, 0.3000000000000007
11943, -0.20000000000000107, 0.3000000000000007
11944, -0.20000000000000107, 0.3000000000000007
11945, -0.20000000000000107, 0.3000000000000007
11946, -0.20000000000000107, 0.3000000000000007
11947, -0.3000000000000007, 0.3000000000000007
11948, -0.3000000000000007, 0.3000000000000007
11949, -0.3000000000000007, 0.3000000000000007
11950, -0.3000000000000007, 0.3000000000000007
11951, -0.3000000000000007, 0.3999999999999986
11952, -0.3000000000000007, 0.3999999999999986
11953, -0.3000000000000007, 0.3000000000000007
11954, -0.3000000000000007, 0.3000000000000007
11955, -0.3000000000000007, 0.3000000000000007
11956, -0.3000000000000007, 0.3000000000000007
11957, -0.3000000000000007, 0.3999999999999986
11958, -0.3000000000000007, 0.3999999999999986
11959, -0.3000000000000007, 0.3999999999999986
11960, -0.3000000000000007, 0.3999999999999986
11961, -0.3000000000000007, 0.3000000000000007
11962, -0.3000000000000007, 0.3000000000000007
11963, -0.3000000000000007, 0.3000000000000007
11964, -0.3000000000000007, 0.3000000000000007
11965, -0.3000000000000007, 0.3000000000000007
11966, -0.3000000000000007, 0.3000000000000007
11967, -0.3000000000000007, 0.3000000000000007
11968, -0.3000000000000007, 0.3000000000000007
11969, -0.3000000000000007, 0.3000000000000007
11970, -0.3000000000000007, 0.3999999999999986
11971, -0.3000000000000007, 0.3999999999999986
11972, -0.3000000000000007, 0.3999999999999986
11973, -0.3000000000000007, 0.3000000000000007
11974, -0.3000000000000007, 0.3000000000000007
11975, -0.3000000000000007, 0.3000000000000007
11976, -0.3000000000000007, 0.3000000000000007
11977, -0.3000000000000007, 0.3000000000000007
11978, -0.3000000000000007, 0.3000000000000007
11979, -0.3000000000000007, 0.3000000000000007
11980, -0.3000000000000007, 0.3999999999999986
11981, -0.3000000000000007, 0.3000000000000007
11982, -0.3000000000000007, 0.3000000000000007
11983, -0.3000000000000007, 0.3000000000000007
11984, -0.3000000000000007, 0.3000000000000007
11985, -0.3000000000000007, 0.3000000000000007
11986, -0.3000000000000007, 0.3000000000000007
11987, -0.3000000000000007, 0.3000000000000007
11988, -0.3000000000000007, 0.3000000000000007
11989, -0.3000000000000007, 0.3000000000000007
11990, -0.3000000000000007, 0.3000000000000007
11991, -0.3000000000000007, 0.3000000000000007
11992, -0.3000000000000007, 0.3000000000000007
11993, -0.3000000000000007, 0.3000000000000007
11994, -0.3000000000000007, 0.3000000000000007
11995, -0.3000000000000007, 0.3000000000000007
11996, -0.3000000000000007, 0.3000000000000007
11997, -0.3000000000000007, 0.3000000000000007
11998, -0.3000000000000007, 0.3000000000000007
11999, -0.3000000000000007, 0.3000000000000007
12000, -0.3000000000000007, 0.3000000000000007
12001, -0.3000000000000007, 0.3000000000000007
12002, -0.3000000000000007, 0.1999999999999993
12003, -0.3000000000000007, 0.1999999999999993
12004, -0.3000000000000007, 0.3000000000000007
12005, -0.3000000000000007, 0.3000000000000007
12006, -0.3000000000000007, 0.3000000000000007
12007, -0.3000000000000007, 0.3000000000000007
12008, -0.3000000000000007, 0.3000000000000007
12009, -0.3000000000000007, 0.3000000000000007
12010, -0.3000000000000007, 0.3000000000000007
12011, -0.3000000000000007, 0.3000000000000007
12012, -0.3000000000000007, 0.3000000000000007
12013, -0.3000000000000007, 0.3000000000000007
12014, -0.3000000000000007, 0.3999999999999986
12015, -0.3000000000000007, 0.3999999999999986
12016, -0.40000000000000036, 0.3999999999999986
12017, -0.40000000000000036, 0.3999999999999986
12018, -0.40000000000000036, 0.3999999999999986
12019, -0.40000000000000036, 0.3999999999999986
12020, -0.40000000000000036, 0.3999999999999986
12021, -0.40000000000000036, 0.5
12022, -0.40000000000000036, 0.5
12023, -0.40000000000000036, 0.5
12024, -0.40000000000000036, 0.3999999999999986
12025, -0.40000000000000036, 0.3999999999999986
12026, -0.40000000000000036, 0.3999999999999986
12027, -0.40000000000000036, 0.3999999999999986
12028, -0.40000000000000036, 0.5
12029, -0.40000000000000036, 0.5
12030, -0.40000000000000036, 0.5
12031, -0.40000000000000036, 0.5
12032, -0.40000000000000036, 0.3999999999999986
12033, -0.40000000000000036, 0.3000000000000007
12034, -0.40000000000000036, 0.3000000000000007
12035, -0.40000000000000036, 0.3999999999999986
12036, -0.40000000000000036, 0.3999999999999986
12037, -0.40000000000000036, 0.3999999999999986
12038, -0.40000000000000036, 0.3000000000000007
12039, -0.40000000000000036, 0.3000000000000007
12040, -0.40000000000000036, 0.3000000000000007
12041, -0.40000000000000036, 0.3000000000000007
12042, -0.40000000000000036, 0.3999999999999986
12043, -0.40000000000000036, 0.3999999999999986
12044, -0.40000000000000036, 0.3000000000000007
12045, -0.40000000000000036, 0.3000000000000007
12046, -0.40000000000000036, 0.3000000000000007
12047, -0.40000000000000036, 0.3000000000000007
12048, -0.40000000000000036, 0.3000000000000007
12049, -0.40000000000000036, 0.3999999999999986
12050, -0.40000000000000036, 0.3999999999999986
12051, -0.5, 0.3000000000000007
12052, -0.5, 0.3000000000000007
12053, -0.5, 0.3000000000000007
12054, -0.5, 0.3000000000000007
12055, -0.5, 0.3000000000000007
12056, -0.5, 0.3999999999999986
12057, -0.5, 0.3000000000000007
12058, -0.5, 0.3000000000000007
12059, -0.5, 0.3000000000000007
12060, -0.5, 0.3000000000000007
12061, -0.5, 0.3000000000000007
12062, -0.5, 0.3000000000000007
12063, -0.5, 0.3999999999999986
12064, -0.5, 0.3999999999999986
12065, -0.5, 0.3000000000000007
12066, -0.5, 0.3000000000000007
12067, -0.5, 0.3000000000000007
12068, -0.5, 0.3000000000000007
12069, -0.5, 0.3000000000000007
12070, -0.5, 0.3000000000000007
12071, -0.5, 0.3999999999999986
12072, -0.5, 0.3999999999999986
12073, -0.5, 0.3999999999999986
12074, -0.5, 0.3999999999999986
12075, -0.5, 0.3000000000000007
12076, -0.5, 0.3000000000000007
12077, -0.5, 0.3000000000000007
12078, -0.5, 0.3999999999999986
12079, -0.5, 0.3999999999999986
12080, -0.5, 0.3999999999999986
12081, -0.5, 0.3999999999999986
12082, -0.5, 0.3999999999999986
12083, -0.5, 0.3999999999999986
12084, -0.5, 0.3999999999999986
12085, -0.5, 0.5
12086, -0.5, 0.3999999999999986
12087, -0.5, 0.3999999999999986
12088, -0.5, 0.3999999999999986
12089, -0.5, 0.3999999999999986
12090, -0.5, 0.5
12091, -0.5, 0.5
12092, -0.5, 0.5
12093, -0.5, 0.5
12094, -0.5, 0.6000000000000014
12095, -0.5, 0.6000000000000014
12096, -0.5, 0.5
12097, -0.5, 0.5
12098, -0.5, 0.5
12099, -0.5, 0.5
12100, -0.5, 0.5
12101, -0.5, 0.5
12102, -0.5, 0.5
12103, -0.5, 0.5
12104, -0.5, 0.5
12105, -0.5, 0.5
12106, -0.5, 0.5
12107, -0.5, 0.5
12108, -0.5, 0.5
12109, -0.5, 0.5
12110, -0.5, 0.5
12111, -0.5, 0.3999999999999986
12112, -0.5, 0.3999999999999986
12113, -0.5, 0.5
12114, -0.40000000000000036, 0.5
12115, -0.40000000000000036, 0.5
12116, -0.40000000000000036, 0.5
12117, -0.40000000000000036, 0.5
12118, -0.3000000000000007, 0.5
12119, -0.3000000000000007, 0.3999999999999986
12120, -0.3000000000000007, 0.3999999999999986
12121, -0.3000000000000007, 0.3999999999999986
12122, -0.3000000000000007, 0.3999999999999986
12123, -0.3000000000000007, 0.3999999999999986
12124, -0.3000000000000007, 0.3999999999999986
12125, -0.3000000000000007, 0.3999999999999986
12126, -0.3000000000000007, 0.3999999999999986
12127, -0.3000000000000007, 0.3999999999999986
12128, -0.3000000000000007, 0.5
12129, -0.3000000000000007, 0.3999999999999986
12130, -0.3000000000000007, 0.3999999999999986
12131, -0.3000000000000007, 0.3999999999999986
12132, -0.3000000000000007, 0.3999999999999986
12133, -0.3000000000000007, 0.3999999999999986
12134, -0.3000000000000007, 0.3000000000000007
12135, -0.3000000000000007, 0.3999999999999986
12136, -0.3000000000000007, 0.3999999999999986
12137, -0.20000000000000107, 0.3999999999999986
12138, -0.20000000000000107, 0.3999999999999986
12139, -0.20000000000000107, 0.3999999999999986
12140, -0.20000000000000107, 0.3999999999999986
12141, -0.20000000000000107, 0.3999999999999986
12142, -0.20000000000000107, 0.3999999999999986
12143, -0.20000000000000107, 0.3999999999999986
12144, -0.20000000000000107, 0.3999999999999986
12145, -0.20000000000000107, 0.3999999999999986
12146, -0.20000000000000107, 0.3999999999999986
12147, -0.20000000000000107, 0.3999999999999986
12148, -0.20000000000000107, 0.3999999999999986
12149, -0.20000000000000107, 0.3999999999999986
12150, -0.20000000000000107, 0.3999999999999986
12151, -0.20000000000000107, 0.3999999999999986
12152, -0.20000000000000107, 0.3999999999999986
12153, -0.20000000000000107, 0.3999999999999986
12154, -0.20000000000000107, 0.3999999999999986
12155, -0.20000000000000107, 0.3999999999999986
12156, -0.20000000000000107, 0.3000000000000007
12157, -0.20000000000000107, 0.3999999999999986
12158, -0.20000000000000107, 0.3999999999999986
12159, -0.20000000000000107, 0.3999999999999986
12160, -0.20000000000000107, 0.3999999999999986
12161, -0.20000000000000107, 0.3000000000000007
12162, -0.20000000000000107, 0.3000000000000007
12163, -0.20000000000000107, 0.3999999999999986
12164, -0.20000000000000107, 0.3999999999999986
12165, -0.20000000000000107, 0.3999999999999986
12166, -0.20000000000000107, 0.1999999999999993
12167, -0.20000000000000107, 0.1999999999999993
12168, -0.20000000000000107, 0.3000000000000007
12169, -0.20000000000000107, 0.3000000000000007
12170, -0.20000000000000107, 0.3000000000000007
12171, -0.20000000000000107, 0.1999999999999993
12172, -0.20000000000000107, 0.1999999999999993
12173, -0.20000000000000107, 0.1999999999999993
12174, -0.09999999999999964, 0.3000000000000007
12175, -0.09999999999999964, 0.3000000000000007
12176, -0.09999999999999964, 0.1999999999999993
12177, -0.20000000000000107, 0.1999999999999993
12178, -0.20000000000000107, 0.1999999999999993
12179, -0.20000000000000107, 0.1999999999999993
12180, -0.20000000000000107, 0.1999999999999993
12181, -0.20000000000000107, 0.1999999999999993
12182, -0.20000000000000107, 0.10000000000000142
12183, -0.20000000000000107, 0.10000000000000142
12184, -0.20000000000000107, 0.10000000000000142
12185, -0.20000000000000107, 0.10000000000000142
12186, -0.20000000000000107, 0.10000000000000142
12187, -0.20000000000000107, 0.10000000000000142
12188, -0.20000000000000107, 0.1999999999999993
12189, -0.20000000000000107, 0.1999999999999993
12190, -0.20000000000000107, 0.10000000000000142
12191, -0.20000000000000107, 0.10000000000000142
12192, -0.09999999999999964, 0.10000000000000142
12193, -0.09999999999999964, 0.10000000000000142
12194, -0.09999999999999964, 0.0
12195, -0.09999999999999964, 0.0
12196, -0.09999999999999964, 0.0
12197, -0.09999999999999964, 0.0
12198, -0.09999999999999964, 0.0
12199, -0.09999999999999964, 0.0
12200, -0.09999999999999964, 0.0
12201, -0.09999999999999964, 0.0
12202, -0.09999999999999964, 0.0
12203, -0.09999999999999964, 0.0
12204, -0.09999999999999964, 0.10000000000000142
12205, -0.09999999999999964, 0.10000000000000142
12206, -0.09999999999999964, 0.10000000000000142
12207, -0.09999999999999964, 0.10000000000000142
12208, -0.09999999999999964, 0.10000000000000142
12209, -0.09999999999999964, 0.10000000000000142
12210, -0.20000000000000107, 0.10000000000000142
12211, -0.20000000000000107, 0.10000000000000142
12212, -0.20000000000000107, 0.10000000000000142
12213, -0.20000000000000107, 0.10000000000000142
12214, -0.20000000000000107, 0.10000000000000142
12215, -0.20000000000000107, 0.10000000000000142
12216, -0.20000000000000107, 0.10000000000000142
12217, -0.20000000000000107, 0.10000000000000142
12218, -0.20000000000000107, 0.10000000000000142
12219, -0.20000000000000107, 0.1999999999999993
12220, -0.20000000000000107, 0.1999999999999993
12221, -0.20000000000000107, 0.1999999999999993
12222, -0.20000000000000107, 0.3000000000000007
12223, -0.20000000000000107, 0.3000000000000007
12224, -0.20000000000000107, 0.3000000000000007
12225, -0.20000000000000107, 0.1999999999999993
12226, -0.20000000000000107, 0.1999999999999993
12227, -0.20000000000000107, 0.1999999999999993
12228, -0.20000000000000107, 0.1999999999999993
12229, -0.20000000000000107, 0.1999999999999993
12230, -0.20000000000000107, 0.1999999999999993
12231, -0.20000000000000107, 0.1999999999999993
12232, -0.20000000000000107, 0.1999999999999993
12233, -0.20000000000000107, 0.1999999999999993
12234, -0.20000000000000107, 0.1999999999999993
12235, -0.20000000000000107, 0.3000000000000007
12236, -0.20000000000000107, 0.3000000000000007
12237, -0.20000000000000107, 0.1999999999999993
12238, -0.20000000000000107, 0.1999999999999993
12239, -0.20000000000000107, 0.1999999999999993
12240, -0.20000000000000107, 0.1999999999999993
12241, -0.20000000000000107, 0.1999999999999993
12242, -0.20000000000000107, 0.1999999999999993
12243, -0.20000000000000107, 0.1999999999999993
12244, -0.20000000000000107, 0.1999999999999993
12245, -0.20000000000000107, 0.3000000000000007
12246, -0.20000000000000107, 0.3000000000000007
12247, -0.20000000000000107, 0.3000000000000007
12248, -0.20000000000000107, 0.3000000000000007
12249, -0.20000000000000107, 0.1999999999999993
12250, -0.3000000000000007, 0.1999999999999993
12251, -0.3000000000000007, 0.1999999999999993
12252, -0.3000000000000007, 0.1999999999999993
12253, -0.3000000000000007, 0.1999999999999993
12254, -0.3000000000000007, 0.3000000000000007
12255, -0.3000000000000007, 0.3000000000000007
12256, -0.3000000000000007, 0.3000000000000007
12257, -0.3000000000000007, 0.3000000000000007
12258, -0.3000000000000007, 0.3000000000000007
12259, -0.3000000000000007, 0.3000000000000007
12260, -0.3000000000000007, 0.3000000000000007
12261, -0.3000000000000007, 0.3000000000000007
12262, -0.3000000000000007, 0.1999999999999993
12263, -0.3000000000000007, 0.1999999999999993
12264, -0.3000000000000007, 0.3000000000000007
12265, -0.3000000000000007, 0.3000000000000007
12266, -0.3000000000000007, 0.3000000000000007
12267, -0.3000000000000007, 0.3000000000000007
12268, -0.3000000000000007, 0.3000000000000007
12269, -0.3000000000000007, 0.3000000000000007
12270, -0.3000000000000007, 0.3000000000000007
12271, -0.3000000000000007, 0.1999999999999993
12272, -0.3000000000000007, 0.1999999999999993
12273, -0.3000000000000007, 0.1999999999999993
12274, -0.3000000000000007, 0.3000000000000007
12275, -0.3000000000000007, 0.3000000000000007
12276, -0.3000000000000007, 0.3000000000000007
12277, -0.3000000000000007, 0.3000000000000007
12278, -0.3000000000000007, 0.1999999999999993
12279, -0.3000000000000007, 0.1999999999999993
12280, -0.3000000000000007, 0.1999999999999993
12281, -0.3000000000000007, 0.1999999999999993
12282, -0.3000000000000007, 0.1999999999999993
12283, -0.3000000000000007, 0.3000000000000007
12284, -0.3000000000000007, 0.1999999999999993
12285, -0.3000000000000007, 0.1999999999999993
12286, -0.3000000000000007, 0.1999999999999993
12287, -0.3000000000000007, 0.1999999999999993
12288, -0.3000000000000007, 0.1999999999999993
12289, -0.3000000000000007, 0.1999999999999993
12290, -0.3000000000000007, 0.10000000000000142
12291, -0.3000000000000007, 0.10000000000000142
12292, -0.20000000000000107, 0.1999999999999993
12293, -0.20000000000000107, 0.3000000000000007
12294, -0.20000000000000107, 0.3000000000000007
12295, -0.20000000000000107, 0.3000000000000007
12296, -0.20000000000000107, 0.1999999999999993
12297, -0.20000000000000107, 0.1999999999999993
12298, -0.3000000000000007, 0.1999999999999993
12299, -0.3000000000000007, 0.1999999999999993
12300, -0.3000000000000007, 0.3000000000000007
12301, -0.3000000000000007, 0.3000000000000007
12302, -0.3000000000000007, 0.1999999999999993
12303, -0.3000000000000007, 0.3000000000000007
12304, -0.3000000000000007, 0.3000000000000007
12305, -0.3000000000000007, 0.3000000000000007
12306, -0.3000000000000007, 0.3000000000000007
12307, -0.3000000000000007, 0.3000000000000007
12308, -0.3000000000000007, 0.3000000000000007
12309, -0.3000000000000007, 0.3000000000000007
12310, -0.3000000000000007, 0.3000000000000007
12311, -0.3000000000000007, 0.3000000000000007
12312, -0.3000000000000007, 0.3000000000000007
12313, -0.3000000000000007, 0.3000000000000007
12314, -0.3000000000000007, 0.3000000000000007
12315, -0.3000000000000007, 0.3000000000000007
12316, -0.3000000000000007, 0.3000000000000007
12317, -0.3000000000000007, 0.3000000000000007
12318, -0.3000000000000007, 0.3000000000000007
12319, -0.3000000000000007, 0.3000000000000007
12320, -0.3000000000000007, 0.3000000000000007
12321, -0.3000000000000007, 0.3000000000000007
12322, -0.3000000000000007, 0.3000000000000007
12323, -0.3000000000000007, 0.3000000000000007
12324, -0.3000000000000007, 0.3000000000000007
12325, -0.3000000000000007, 0.3000000000000007
12326, -0.3000000000000007, 0.3000000000000007
12327, -0.3000000000000007, 0.3000000000000007
12328, -0.3000000000000007, 0.1999999999999993
12329, -0.3000000000000007, 0.1999999999999993
12330, -0.3000000000000007, 0.1999999999999993
12331, -0.3000000000000007, 0.1999999999999993
12332, -0.3000000000000007, 0.1999999999999993
12333, -0.3000000000000007, 0.1999999999999993
12334, -0.3000000000000007, 0.1999999999999993
12335, -0.3000000000000007, 0.1999999999999993
12336, -0.3000000000000007, 0.1999999999999993
12337, -0.3000000000000007, 0.3000000000000007
12338, -0.3000000000000007, 0.1999999999999993
12339, -0.3000000000000007, 0.1999999999999993
12340, -0.3000000000000007, 0.1999999999999993
12341, -0.3000000000000007, 0.1999999999999993
12342, -0.3000000000000007, 0.1999999999999993
12343, -0.3000000000000007, 0.1999999999999993
12344, -0.3000000000000007, 0.1999999999999993
12345, -0.3000000000000007, 0.1999999999999993
12346, -0.3000000000000007, 0.1999999999999993
12347, -0.3000000000000007, 0.1999999999999993
12348, -0.3000000000000007, 0.1999999999999993
12349, -0.3000000000000007, 0.1999999999999993
12350, -0.3000000000000007, 0.1999999999999993
12351, -0.3000000000000007, 0.1999999999999993
12352, -0.3000000000000007, 0.1999999999999993
12353, -0.3000000000000007, 0.1999999999999993
12354, -0.3000000000000007, 0.1999999999999993
12355, -0.20000000000000107, 0.1999999999999993
12356, -0.20000000000000107, 0.1999999999999993
12357, -0.20000000000000107, 0.1999999999999993
12358, -0.20000000000000107, 0.1999999999999993
12359, -0.20000000000000107, 0.1999999999999993
12360, -0.20000000000000107, 0.1999999999999993
12361, -0.20000000000000107, 0.1999999999999993
12362, -0.20000000000000107, 0.10000000000000142
12363, -0.20000000000000107, 0.1999999999999993
12364, -0.20000000000000107, 0.1999999999999993
12365, -0.20000000000000107, 0.1999999999999993
12366, -0.20000000000000107, 0.1999999999999993
12367, -0.20000000000000107, 0.1999999999999993
12368, -0.20000000000000107, 0.1999999999999993
12369, -0.20000000000000107, 0.1999999999999993
12370, -0.20000000000000107, 0.3000000000000007
12371, -0.20000000000000107, 0.3000000000000007
12372, -0.20000000000000107, 0.3000000000000007
12373, -0.20000000000000107, 0.3000000000000007
12374, -0.20000000000000107, 0.1999999999999993
12375, -0.20000000000000107, 0.1999999999999993
12376, -0.20000000000000107, 0.1999999999999993
12377, -0.20000000000000107, 0.1999999999999993
12378, -0.20000000000000107, 0.1999999999999993
12379, -0.20000000000000107, 0.3000000000000007
12380, -0.20000000000000107, 0.3000000000000007
12381, -0.20000000000000107, 0.3000000000000007
12382, -0.20000000000000107, 0.3000000000000007
12383, -0.20000000000000107, 0.1999999999999993
12384, -0.20000000000000107, 0.1999999999999993
12385, -0.20000000000000107, 0.1999999999999993
12386, -0.20000000000000107, 0.1999999999999993
12387, -0.20000000000000107, 0.1999999999999993
12388, -0.20000000000000107, 0.1999999999999993
12389, -0.20000000000000107, 0.3000000000000007
12390, -0.20000000000000107, 0.3000000000000007
12391, -0.20000000000000107, 0.3000000000000007
12392, -0.20000000000000107, 0.3000000000000007
12393, -0.20000000000000107, 0.1999999999999993
12394, -0.20000000000000107, 0.1999999999999993
12395, -0.20000000000000107, 0.1999999999999993
12396, -0.20000000000000107, 0.1999999999999993
12397, -0.20000000000000107, 0.1999999999999993
12398, -0.20000000000000107, 0.1999999999999993
12399, -0.20000000000000107, 0.1999999999999993
12400, -0.20000000000000107, 0.1999999999999993
12401, -0.20000000000000107, 0.1999999999999993
12402, -0.20000000000000107, 0.1999999999999993
12403, -0.20000000000000107, 0.1999999999999993
12404, -0.20000000000000107, 0.10000000000000142
12405, -0.20000000000000107, 0.10000000000000142
12406, -0.20000000000000107, 0.10000000000000142
12407, -0.20000000000000107, 0.10000000000000142
12408, -0.20000000000000107, 0.10000000000000142
12409, -0.20000000000000107, 0.10000000000000142
12410, -0.20000000000000107, 0.1999999999999993
12411, -0.20000000000000107, 0.1999999999999993
12412, -0.20000000000000107, 0.1999999999999993
12413, -0.20000000000000107, 0.1999999999999993
12414, -0.20000000000000107, 0.1999999999999993
12415, -0.20000000000000107, 0.1999999999999993
12416, -0.3000000000000007, 0.1999999999999993
12417, -0.3000000000000007, 0.1999999999999993
12418, -0.3000000000000007, 0.1999999999999993
12419, -0.3000000000000007, 0.1999999999999993
12420, -0.3000000000000007, 0.1999999999999993
12421, -0.3000000000000007, 0.1999999999999993
12422, -0.3000000000000007, 0.1999999999999993
12423, -0.3000000000000007, 0.1999999999999993
12424, -0.3000000000000007, 0.1999999999999993
12425, -0.3000000000000007, 0.1999999999999993
12426, -0.3000000000000007, 0.1999999999999993
12427, -0.3000000000000007, 0.1999999999999993
12428, -0.3000000000000007, 0.1999999999999993
12429, -0.3000000000000007, 0.1999999999999993
12430, -0.3000000000000007, 0.1999999999999993
12431, -0.3000000000000007, 0.3000000000000007
12432, -0.3000000000000007, 0.3000000000000007
12433, -0.3000000000000007, 0.3000000000000007
12434, -0.20000000000000107, 0.3000000000000007
12435, -0.20000000000000107, 0.3000000000000007
12436, -0.20000000000000107, 0.3000000000000007
12437, -0.20000000000000107, 0.3000000000000007
12438, -0.20000000000000107, 0.3000000000000007
12439, -0.20000000000000107, 0.3000000000000007
12440, -0.20000000000000107, 0.3000000000000007
12441, -0.20000000000000107, 0.3000000000000007
12442, -0.20000000000000107, 0.3000000000000007
12443, -0.20000000000000107, 0.3999999999999986
12444, -0.20000000000000107, 0.3999999999999986
12445, -0.20000000000000107, 0.3999999999999986
12446, -0.20000000000000107, 0.3999999999999986
12447, -0.20000000000000107, 0.3999999999999986
12448, -0.20000000000000107, 0.3000000000000007
12449, -0.20000000000000107, 0.3000000000000007
12450, -0.20000000000000107, 0.3000000000000007
12451, -0.20000000000000107, 0.3000000000000007
12452, -0.20000000000000107, 0.3000000000000007
12453, -0.20000000000000107, 0.3000000000000007
12454, -0.20000000000000107, 0.3000000000000007
12455, -0.20000000000000107, 0.3000000000000007
12456, -0.20000000000000107, 0.3000000000000007
12457, -0.20000000000000107, 0.3000000000000007
12458, -0.20000000000000107, 0.3999999999999986
12459, -0.20000000000000107, 0.3999999999999986
12460, -0.20000000000000107, 0.3999999999999986
12461, -0.20000000000000107, 0.3000000000000007
12462, -0.20000000000000107, 0.3000000000000007
12463, -0.20000000000000107, 0.3000000000000007
12464, -0.20000000000000107, 0.3000000000000007
12465, -0.20000000000000107, 0.3000000000000007
12466, -0.20000000000000107, 0.3000000000000007
12467, -0.20000000000000107, 0.3000000000000007
12468, -0.20000000000000107, 0.3000000000000007
12469, -0.20000000000000107, 0.3000000000000007
12470, -0.20000000000000107, 0.3000000000000007
12471, -0.20000000000000107, 0.3000000000000007
12472, -0.20000000000000107, 0.3000000000000007
12473, -0.20000000000000107, 0.1999999999999993
12474, -0.20000000000000107, 0.1999999999999993
12475, -0.20000000000000107, 0.1999999999999993
12476, -0.20000000000000107, 0.1999999999999993
12477, -0.20000000000000107, 0.1999999999999993
12478, -0.20000000000000107, 0.1999999999999993
12479, -0.20000000000000107, 0.1999999999999993
12480, -0.20000000000000107, 0.1999999999999993
12481, -0.20000000000000107, 0.1999999999999993
12482, -0.20000000000000107, 0.1999999999999993
12483, -0.20000000000000107, 0.1999999999999993
12484, -0.20000000000000107, 0.1999999999999993
12485, -0.20000000000000107, 0.1999999999999993
12486, -0.20000000000000107, 0.3000000000000007
12487, -0.20000000000000107, 0.3000000000000007
12488, -0.20000000000000107, 0.1999999999999993
12489, -0.20000000000000107, 0.1999999999999993
12490, -0.20000000000000107, 0.1999999999999993
12491, -0.20000000000000107, 0.1999999999999993
12492, -0.20000000000000107, 0.1999999999999993
12493, -0.20000000000000107, 0.1999999999999993
12494, -0.20000000000000107, 0.1999999999999993
12495, -0.20000000000000107, 0.1999999999999993
12496, -0.20000000000000107, 0.1999999999999993
12497, -0.20000000000000107, 0.1999999999999993
12498, -0.20000000000000107, 0.1999999999999993
12499, -0.20000000000000107, 0.1999999999999993
12500, -0.3000000000000007, 0.3000000000000007
12501, -0.3000000000000007, 0.3000000000000007
12502, -0.3000000000000007, 0.3000000000000007
12503, -0.3000000000000007, 0.1999999999999993
12504, -0.3000000000000007, 0.1999999999999993
12505, -0.3000000000000007, 0.1999999999999993
12506, -0.3000000000000007, 0.1999999999999993
12507, -0.3000000000000007, 0.1999999999999993
12508, -0.3000000000000007, 0.1999999999999993
12509, -0.20000000000000107, 0.1999999999999993
12510, -0.20000000000000107, 0.1999999999999993
12511, -0.20000000000000107, 0.1999999999999993
12512, -0.20000000000000107, 0.1999999999999993
12513, -0.20000000000000107, 0.1999999999999993
12514, -0.09999999999999964, 0.1999999999999993
12515, -0.09999999999999964, 0.1999999999999993
12516, -0.09999999999999964, 0.3000000000000007
12517, -0.09999999999999964, 0.3000000000000007
12518, -0.09999999999999964, 0.3000000000000007
12519, -0.09999999999999964, 0.3000000000000007
12520, -0.09999999999999964, 0.3000000000000007
12521, -0.09999999999999964, 0.3000000000000007
12522, -0.09999999999999964, 0.1999999999999993
12523, -0.09999999999999964, 0.1999999999999993
12524, -0.09999999999999964, 0.1999999999999993
12525, -0.09999999999999964, 0.1999999999999993
12526, -0.09999999999999964, 0.1999999999999993
12527, -0.09999999999999964, 0.1999999999999993
12528, -0.09999999999999964, 0.1999999999999993
12529, -0.09999999999999964, 0.1999999999999993
12530, -0.09999999999999964, 0.1999999999999993
12531, -0.09999999999999964, 0.1999999999999993
12532, -0.09999999999999964, 0.3000000000000007
12533, -0.09999999999999964, 0.3000000000000007
12534, -0.09999999999999964, 0.1999999999999993
12535, -0.09999999999999964, 0.1999999999999993
12536, -0.09999999999999964, 0.1999999999999993
12537, -0.09999999999999964, 0.1999999999999993
12538, -0.09999999999999964, 0.1999999999999993
12539, -0.09999999999999964, 0.1999999999999993
12540, -0.09999999999999964, 0.1999999999999993
12541, -0.09999999999999964, 0.1999999999999993
12542, -0.09999999999999964, 0.10000000000000142
12543, -0.09999999999999964, 0.10000000000000142
12544, -0.09999999999999964, 0.1999999999999993
12545, -0.09999999999999964, 0.1999999999999993
12546, -0.09999999999999964, 0.1999999999999993
12547, -0.09999999999999964, 0.1999999999999993
12548, -0.09999999999999964, 0.1999999999999993
12549, -0.09999999999999964, 0.1999999999999993
12550, -0.09999999999999964, 0.1999999999999993
12551, -0.09999999999999964, 0.1999999999999993
12552, -0.09999999999999964, 0.1999999999999993
12553, -0.09999999999999964, 0.10000000000000142
12554, -0.09999999999999964, 0.10000000000000142
12555, -0.09999999999999964, 0.10000000000000142
12556, -0.09999999999999964, 0.10000000000000142
12557, -0.09999999999999964, 0.10000000000000142
12558, -0.09999999999999964, 0.10000000000000142
12559, -0.09999999999999964, 0.10000000000000142
12560, -0.09999999999999964, 0.10000000000000142
12561, -0.09999999999999964, 0.10000000000000142
12562, -0.09999999999999964, 0.10000000000000142
12563, -0.09999999999999964, 0.10000000000000142
12564, -0.09999999999999964, 0.1999999999999993
12565, -0.09999999999999964, 0.1999999999999993
12566, -0.09999999999999964, 0.1999999999999993
12567, -0.09999999999999964, 0.1999999999999993
12568, -0.09999999999999964, 0.1999999999999993
12569, -0.09999999999999964, 0.1999999999999993
12570, -0.09999999999999964, 0.1999999999999993
12571, -0.09999999999999964, 0.1999999999999993
12572, -0.09999999999999964, 0.1999999999999993
12573, -0.09999999999999964, 0.1999999999999993
12574, -0.09999999999999964, 0.1999999999999993
12575, -0.09999999999999964, 0.1999999999999993
12576, -0.09999999999999964, 0.1999999999999993
12577, -0.09999999999999964, 0.1999999999999993
12578, -0.09999999999999964, 0.1999999999999993
12579, -0.09999999999999964, 0.1999999999999993
12580, -0.09999999999999964, 0.1999999999999993
12581, -0.09999999999999964, 0.1999999999999993
12582, -0.09999999999999964, 0.1999999999999993
12583, -0.09999999999999964, 0.1999999999999993
12584, -0.09999999999999964, 0.10000000000000142
12585, -0.09999999999999964, 0.10000000000000142
12586, -0.09999999999999964, 0.10000000000000142
12587, -0.09999999999999964, 0.10000000000000142
12588, -0.09999999999999964, 0.10000000000000142
12589, -0.09999999999999964, 0.1999999999999993
12590, -0.09999999999999964, 0.1999999999999993
12591, -0.09999999999999964, 0.1999999999999993
12592, -0.09999999999999964, 0.1999999999999993
12593, -0.09999999999999964, 0.1999999999999993
12594, -0.09999999999999964, 0.1999999999999993
12595, -0.09999999999999964, 0.1999999999999993
12596, -0.09999999999999964, 0.1999999999999993
12597, -0.09999999999999964, 0.1999999999999993
12598, -0.09999999999999964, 0.1999999999999993
12599, -0.09999999999999964, 0.1999999999999993
12600, -0.09999999999999964, 0.1999999999999993
12601, -0.09999999999999964, 0.1999999999999993
12602, -0.09999999999999964, 0.1999999999999993
12603, -0.09999999999999964, 0.1999999999999993
12604, -0.09999999999999964, 0.1999999999999993
12605, -0.20000000000000107, 0.1999999999999993
12606, -0.20000000000000107, 0.1999999999999993
12607, -0.20000000000000107, 0.1999999999999993
12608, -0.20000000000000107, 0.1999999999999993
12609, -0.20000000000000107, 0.1999999999999993
12610, -0.20000000000000107, 0.3000000000000007
12611, -0.20000000000000107, 0.3000000000000007
12612, -0.20000000000000107, 0.3000000000000007
12613, -0.20000000000000107, 0.3000000000000007
12614, -0.20000000000000107, 0.3000000000000007
12615, -0.20000000000000107, 0.3000000000000007
12616, -0.20000000000000107, 0.3000000000000007
12617, -0.20000000000000107, 0.3000000000000007
12618, -0.20000000000000107, 0.3000000000000007
12619, -0.20000000000000107, 0.3000000000000007
12620, -0.20000000000000107, 0.3000000000000007
12621, -0.20000000000000107, 0.3000000000000007
12622, -0.20000000000000107, 0.3000000000000007
12623, -0.20000000000000107, 0.1999999999999993
12624, -0.20000000000000107, 0.1999999999999993
12625, -0.20000000000000107, 0.1999999999999993
12626, -0.20000000000000107, 0.1999999999999993
12627, -0.3000000000000007, 0.1999999999999993
12628, -0.3000000000000007, 0.1999999999999993
12629, -0.3000000000000007, 0.1999999999999993
12630, -0.3000000000000007, 0.1999999999999993
12631, -0.3000000000000007, 0.1999999999999993
12632, -0.3000000000000007, 0.1999999999999993
12633, -0.3000000000000007, 0.1999999999999993
12634, -0.3000000000000007, 0.1999999999999993
12635, -0.3000000000000007, 0.1999999999999993
12636, -0.3000000000000007, 0.1999999999999993
12637, -0.3000000000000007, 0.1999999999999993
12638, -0.3000000000000007, 0.1999999999999993
12639, -0.20000000000000107, 0.1999999999999993
12640, -0.20000000000000107, 0.1999999999999993
12641, -0.20000000000000107, 0.1999999999999993
12642, -0.20000000000000107, 0.1999999999999993
12643, -0.20000000000000107, 0.1999999999999993
12644, -0.20000000000000107, 0.1999999999999993
12645, -0.20000000000000107, 0.1999999999999993
12646, -0.20000000000000107, 0.1999999999999993
12647, -0.20000000000000107, 0.1999999999999993
12648, -0.20000000000000107, 0.1999999999999993
12649, -0.20000000000000107, 0.1999999999999993
12650, -0.20000000000000107, 0.1999999999999993
12651, -0.20000000000000107, 0.1999999999999993
12652, -0.20000000000000107, 0.1999999999999993
12653, -0.20000000000000107, 0.10000000000000142
12654, -0.20000000000000107, 0.10000000000000142
12655, -0.20000000000000107, 0.1999999999999993
12656, -0.20000000000000107, 0.1999999999999993
12657, -0.20000000000000107, 0.1999999999999993
12658, -0.20000000000000107, 0.1999999999999993
12659, -0.20000000000000107, 0.1999999999999993
12660, -0.20000000000000107, 0.1999999999999993
12661, -0.20000000000000107, 0.1999999999999993
12662, -0.20000000000000107, 0.1999999999999993
12663, -0.20000000000000107, 0.1999999999999993
12664, -0.20000000000000107, 0.1999999999999993
12665, -0.09999999999999964, 0.1999999999999993
12666, -0.09999999999999964, 0.1999999999999993
12667, -0.09999999999999964, 0.1999999999999993
12668, -0.09999999999999964, 0.1999999999999993
12669, -0.09999999999999964, 0.10000000000000142
12670, -0.09999999999999964, 0.10000000000000142
12671, -0.09999999999999964, 0.10000000000000142
12672, -0.09999999999999964, 0.10000000000000142
12673, -0.09999999999999964, 0.10000000000000142
12674, -0.09999999999999964, 0.10000000000000142
12675, -0.09999999999999964, 0.10000000000000142
12676, -0.09999999999999964, 0.10000000000000142
12677, -0.09999999999999964, 0.10000000000000142
12678, -0.09999999999999964, 0.10000000000000142
12679, -0.09999999999999964, 0.10000000000000142
12680, -0.09999999999999964, 0.10000000000000142
12681, -0.09999999999999964, 0.10000000000000142
12682, -0.09999999999999964, 0.10000000000000142
12683, -0.09999999999999964, 0.10000000000000142
12684, -0.09999999999999964, 0.10000000000000142
12685, -0.09999999999999964, 0.10000000000000142
12686, -0.09999999999999964, 0.10000000000000142
12687, -0.09999999999999964, 0.10000000000000142
12688, -0.09999999999999964, 0.10000000000000142
12689, -0.09999999999999964, 0.10000000000000142
12690, -0.09999999999999964, 0.10000000000000142
12691, -0.09999999999999964, 0.10000000000000142
12692, -0.09999999999999964, 0.10000000000000142
12693, -0.09999999999999964, 0.10000000000000142
12694, -0.09999999999999964, 0.10000000000000142
12695, -0.09999999999999964, 0.10000000000000142
12696, -0.20000000000000107, 0.10000000000000142
12697, -0.20000000000000107, 0.10000000000000142
12698, -0.20000000000000107, 0.10000000000000142
12699, -0.20000000000000107, 0.10000000000000142
12700, -0.20000000000000107, 0.10000000000000142
12701, -0.3000000000000007, 0.10000000000000142
12702, -0.20000000000000107, 0.10000000000000142
12703, -0.20000000000000107, 0.10000000000000142
12704, -0.20000000000000107, 0.10000000000000142
12705, -0.20000000000000107, 0.10000000000000142
12706, -0.20000000000000107, 0.10000000000000142
12707, -0.20000000000000107, 0.1999999999999993
12708, -0.20000000000000107, 0.1999999999999993
12709, -0.20000000000000107, 0.1999999999999993
12710, -0.20000000000000107, 0.1999999999999993
12711, -0.20000000000000107, 0.1999999999999993
12712, -0.20000000000000107, 0.1999999999999993
12713, -0.20000000000000107, 0.1999999999999993
12714, -0.20000000000000107, 0.1999999999999993
12715, -0.20000000000000107, 0.3000000000000007
12716, -0.20000000000000107, 0.3000000000000007
12717, -0.20000000000000107, 0.3000000000000007
12718, -0.20000000000000107, 0.3000000000000007
12719, -0.20000000000000107, 0.3000000000000007
12720, -0.20000000000000107, 0.3000000000000007
12721, -0.20000000000000107, 0.3000000000000007
12722, -0.20000000000000107, 0.3000000000000007
12723, -0.20000000000000107, 0.3000000000000007
12724, -0.3000000000000007, 0.3000000000000007
12725, -0.3000000000000007, 0.1999999999999993
12726, -0.3000000000000007, 0.1999999999999993
12727, -0.3000000000000007, 0.1999999999999993
12728, -0.3000000000000007, 0.1999999999999993
12729, -0.3000000000000007, 0.1999999999999993
12730, -0.3000000000000007, 0.1999999999999993
12731, -0.3000000000000007, 0.1999999999999993
12732, -0.3000000000000007, 0.3000000000000007
12733, -0.3000000000000007, 0.3999999999999986
12734, -0.3000000000000007, 0.3999999999999986
12735, -0.3000000000000007, 0.3999999999999986
12736, -0.3000000000000007, 0.3999999999999986
12737, -0.3000000000000007, 0.3999999999999986
12738, -0.3000000000000007, 0.3000000000000007
12739, -0.3000000000000007, 0.3000000000000007
12740, -0.3000000000000007, 0.3000000000000007
12741, -0.3000000000000007, 0.3000000000000007
12742, -0.3000000000000007, 0.3999999999999986
12743, -0.3000000000000007, 0.3999999999999986
12744, -0.3000000000000007, 0.3999999999999986
12745, -0.40000000000000036, 0.3999999999999986
12746, -0.40000000000000036, 0.3999999999999986
12747, -0.40000000000000036, 0.3000000000000007
12748, -0.40000000000000036, 0.3000000000000007
12749, -0.40000000000000036, 0.3999999999999986
12750, -0.40000000000000036, 0.3999999999999986
12751, -0.40000000000000036, 0.3999999999999986
12752, -0.40000000000000036, 0.3999999999999986
12753, -0.40000000000000036, 0.3999999999999986
12754, -0.40000000000000036, 0.3000000000000007
12755, -0.40000000000000036, 0.3000000000000007
12756, -0.40000000000000036, 0.3999999999999986
12757, -0.40000000000000036, 0.3999999999999986
12758, -0.40000000000000036, 0.3999999999999986
12759, -0.40000000000000036, 0.3999999999999986
12760, -0.40000000000000036, 0.3000000000000007
12761, -0.40000000000000036, 0.3999999999999986
12762, -0.40000000000000036, 0.3999999999999986
12763, -0.40000000000000036, 0.3999999999999986
12764, -0.40000000000000036, 0.3000000000000007
12765, -0.40000000000000036, 0.3000000000000007
12766, -0.40000000000000036, 0.3000000000000007
12767, -0.40000000000000036, 0.3000000000000007
12768, -0.40000000000000036, 0.3000000000000007
12769, -0.40000000000000036, 0.3000000000000007
12770, -0.40000000000000036, 0.3000000000000007
12771, -0.40000000000000036, 0.3000000000000007
12772, -0.40000000000000036, 0.3000000000000007
12773, -0.40000000000000036, 0.3000000000000007
12774, -0.40000000000000036, 0.3000000000000007
12775, -0.40000000000000036, 0.3000000000000007
12776, -0.40000000000000036, 0.3000000000000007
12777, -0.3000000000000007, 0.1999999999999993
12778, -0.3000000000000007, 0.1999999999999993
12779, -0.3000000000000007, 0.1999999999999993
12780, -0.3000000000000007, 0.1999999999999993
12781, -0.3000000000000007, 0.1999999999999993
12782, -0.3000000000000007, 0.3000000000000007
12783, -0.3000000000000007, 0.3000000000000007
12784, -0.3000000000000007, 0.3000000000000007
12785, -0.3000000000000007, 0.3000000000000007
12786, -0.3000000000000007, 0.3000000000000007
12787, -0.3000000000000007, 0.3000000000000007
12788, -0.3000000000000007, 0.3000000000000007
12789, -0.3000000000000007, 0.1999999999999993
12790, -0.3000000000000007, 0.1999999999999993
12791, -0.3000000000000007, 0.3000000000000007
12792, -0.40000000000000036, 0.3000000000000007
12793, -0.40000000000000036, 0.3000000000000007
12794, -0.40000000000000036, 0.3000000000000007
12795, -0.40000000000000036, 0.3000000000000007
12796, -0.40000000000000036, 0.3000000000000007
12797, -0.40000000000000036, 0.3000000000000007
12798, -0.40000000000000036, 0.3000000000000007
12799, -0.5, 0.3000000000000007
12800, -0.5, 0.3000000000000007
12801, -0.5, 0.3000000000000007
12802, -0.5, 0.3000000000000007
12803, -0.5, 0.3000000000000007
12804, -0.5, 0.3000000000000007
12805, -0.5, 0.3000000000000007
12806, -0.5, 0.3000000000000007
12807, -0.40000000000000036, 0.3000000000000007
12808, -0.40000000000000036, 0.3999999999999986
12809, -0.40000000000000036, 0.3999999999999986
12810, -0.40000000000000036, 0.3999999999999986
12811, -0.40000000000000036, 0.3999999999999986
12812, -0.5, 0.3999999999999986
12813, -0.5, 0.3999999999999986
12814, -0.5, 0.3999999999999986
12815, -0.5, 0.3999999999999986
12816, -0.5, 0.3999999999999986
12817, -0.5, 0.3999999999999986
12818, -0.5, 0.3999999999999986
12819, -0.5, 0.3999999999999986
12820, -0.5, 0.3999999999999986
12821, -0.5, 0.5
12822, -0.5, 0.5
12823, -0.5, 0.5
12824, -0.5, 0.5
12825, -0.5, 0.5
12826, -0.5, 0.5
12827, -0.5999999999999996, 0.5
12828, -0.5999999999999996, 0.5
12829, -0.5999999999999996, 0.5
12830, -0.5999999999999996, 0.5
12831, -0.5999999999999996, 0.3999999999999986
12832, -0.5999999999999996, 0.5
12833, -0.5999999999999996, 0.5
12834, -0.5999999999999996, 0.5
12835, -0.5999999999999996, 0.5
12836, -0.5999999999999996, 0.5
12837, -0.5999999999999996, 0.5
12838, -0.5999999999999996, 0.5
12839, -0.5999999999999996, 0.5
12840, -0.5999999999999996, 0.5
12841, -0.5999999999999996, 0.5
12842, -0.5999999999999996, 0.5
12843, -0.5999999999999996, 0.5
12844, -0.5999999999999996, 0.5
12845, -0.5999999999999996, 0.5
12846, -0.5999999999999996, 0.3999999999999986
12847, -0.5999999999999996, 0.5
12848, -0.5999999999999996, 0.6000000000000014
12849, -0.5, 0.6000000000000014
12850, -0.5, 0.6000000000000014
12851, -0.5, 0.6000000000000014
12852, -0.5999999999999996, 0.6000000000000014
12853, -0.5999999999999996, 0.6000000000000014
12854, -0.5999999999999996, 0.6000000000000014
12855, -0.5999999999999996, 0.6000000000000014
12856, -0.5999999999999996, 0.5
12857, -0.5999999999999996, 0.6000000000000014
12858, -0.5999999999999996, 0.6000000000000014
12859, -0.5999999999999996, 0.6000000000000014
12860, -0.5999999999999996, 0.6000000000000014
12861, -0.5999999999999996, 0.6000000000000014
12862, -0.5999999999999996, 0.6000000000000014
12863, -0.5999999999999996, 0.5
12864, -0.5999999999999996, 0.6000000000000014
12865, -0.5999999999999996, 0.6000000000000014
12866, -0.5999999999999996, 0.6000000000000014
12867, -0.5999999999999996, 0.6000000000000014
12868, -0.5999999999999996, 0.6000000000000014
12869, -0.5999999999999996, 0.6000000000000014
12870, -0.5999999999999996, 0.5
12871, -0.5999999999999996, 0.6000000000000014
12872, -0.5999999999999996, 0.6000000000000014
12873, -0.5999999999999996, 0.6000000000000014
12874, -0.5999999999999996, 0.6000000000000014
12875, -0.5999999999999996, 0.6000000000000014
12876, -0.5999999999999996, 0.6000000000000014
12877, -0.5999999999999996, 0.6000000000000014
12878, -0.5999999999999996, 0.6000000000000014
12879, -0.5999999999999996, 0.6000000000000014
12880, -0.5999999999999996, 0.6000000000000014
12881, -0.5999999999999996, 0.5
12882, -0.5999999999999996, 0.6000000000000014
12883, -0.5999999999999996, 0.6000000000000014
12884, -0.5999999999999996, 0.6000000000000014
12885, -0.5999999999999996, 0.5
12886, -0.5999999999999996, 0.5
12887, -0.5999999999999996, 0.5
12888, -0.5999999999999996, 0.5
12889, -0.7000000000000011, 0.5
12890, -0.7000000000000011, 0.5
12891, -0.7000000000000011, 0.6000000000000014
12892, -0.7000000000000011, 0.6000000000000014
12893, -0.7000000000000011, 0.5
12894, -0.7000000000000011, 0.5
12895, -0.7000000000000011, 0.5
12896, -0.7000000000000011, 0.6000000000000014
12897, -0.7000000000000011, 0.6000000000000014
12898, -0.7000000000000011, 0.6000000000000014
12899, -0.7000000000000011, 0.6000000000000014
12900, -0.7000000000000011, 0.5
12901, -0.7000000000000011, 0.5
12902, -0.7000000000000011, 0.5
12903, -0.7000000000000011, 0.5
12904, -0.7000000000000011, 0.6000000000000014
12905, -0.7000000000000011, 0.6000000000000014
12906, -0.7000000000000011, 0.6000000000000014
12907, -0.7000000000000011, 0.6999999999999993
12908, -0.7000000000000011, 0.6000000000000014
12909, -0.7000000000000011, 0.6000000000000014
12910, -0.7000000000000011, 0.5
12911, -0.7000000000000011, 0.6000000000000014
12912, -0.7000000000000011, 0.6000000000000014
12913, -0.7000000000000011, 0.6000000000000014
12914, -0.7000000000000011, 0.6999999999999993
12915, -0.7000000000000011, 0.6999999999999993
12916, -0.7000000000000011, 0.6000000000000014
12917, -0.7000000000000011, 0.6999999999999993
12918, -0.8000000000000007, 0.6999999999999993
12919, -0.8000000000000007, 0.6000000000000014
12920, -0.8000000000000007, 0.6999999999999993
12921, -0.8000000000000007, 0.6999999999999993
12922, -0.8000000000000007, 0.6999999999999993
12923, -0.8000000000000007, 0.8000000000000007
12924, -0.8000000000000007, 0.8000000000000007
12925, -0.9000000000000004, 0.8000000000000007
12926, -0.9000000000000004, 0.8999999999999986
12927, -0.9000000000000004, 0.6999999999999993
12928, -0.9000000000000004, 0.6999999999999993
12929, -0.9000000000000004, 0.8000000000000007
12930, -0.9000000000000004, 0.8000000000000007
12931, -0.9000000000000004, 0.8000000000000007
12932, -0.9000000000000004, 0.8000000000000007
12933, -0.9000000000000004, 0.8999999999999986
12934, -0.9000000000000004, 0.8000000000000007
12935, -0.9000000000000004, 0.8000000000000007
12936, -0.9000000000000004, 0.8000000000000007
12937, -0.9000000000000004, 0.8999999999999986
12938, -0.9000000000000004, 0.8999999999999986
12939, -0.9000000000000004, 0.8999999999999986
12940, -0.9000000000000004, 0.8999999999999986
12941, -0.9000000000000004, 0.8999999999999986
12942, -0.9000000000000004, 0.8999999999999986
12943, -0.9000000000000004, 0.8999999999999986
12944, -0.9000000000000004, 0.8999999999999986
12945, -0.9000000000000004, 1.0
12946, -0.9000000000000004, 1.0
12947, -0.9000000000000004, 1.0
12948, -0.9000000000000004, 0.8999999999999986
12949, -0.8000000000000007, 0.8999999999999986
12950, -0.8000000000000007, 1.0
12951, -0.8000000000000007, 1.0
12952, -0.8000000000000007, 1.0
12953, -0.8000000000000007, 1.0
12954, -0.8000000000000007, 0.8999999999999986
12955, -0.8000000000000007, 1.0
12956, -0.8000000000000007, 1.0
12957, -0.8000000000000007, 1.0
12958, -0.8000000000000007, 1.0
12959, -0.8000000000000007, 1.0
12960, -0.8000000000000007, 0.8999999999999986
12961, -0.8000000000000007, 0.8999999999999986
12962, -0.8000000000000007, 1.0
12963, -0.8000000000000007, 1.0
12964, -0.8000000000000007, 1.0
12965, -0.9000000000000004, 0.8999999999999986
12966, -0.9000000000000004, 0.8999999999999986
12967, -0.9000000000000004, 0.8999999999999986
12968, -0.9000000000000004, 1.0
12969, -0.9000000000000004, 1.0
12970, -0.8000000000000007, 0.8000000000000007
12971, -0.8000000000000007, 0.8000000000000007
12972, -0.8000000000000007, 0.8000000000000007
12973, -0.8000000000000007, 0.8000000000000007
12974, -0.8000000000000007, 0.8000000000000007
12975, -0.8000000000000007, 0.8000000000000007
12976, -0.8000000000000007, 0.8000000000000007
12977, -0.8000000000000007, 0.8000000000000007
12978, -0.8000000000000007, 0.8999999999999986
12979, -0.8000000000000007, 0.8999999999999986
12980, -0.8000000000000007, 0.8000000000000007
12981, -0.8000000000000007, 0.8999999999999986
12982, -0.9000000000000004, 0.8999999999999986
12983, -0.9000000000000004, 0.8999999999999986
12984, -0.9000000000000004, 0.8000000000000007
12985, -0.9000000000000004, 0.8000000000000007
12986, -0.9000000000000004, 0.8999999999999986
12987, -0.9000000000000004, 0.8999999999999986
12988, -0.9000000000000004, 0.8000000000000007
12989, -0.9000000000000004, 0.8000000000000007
12990, -0.9000000000000004, 0.8000000000000007
12991, -0.8000000000000007, 0.8999999999999986
12992, -0.8000000000000007, 0.8999999999999986
12993, -0.9000000000000004, 0.8000000000000007
12994, -0.9000000000000004, 0.8000000000000007
12995, -0.9000000000000004, 0.8000000000000007
12996, -0.9000000000000004, 0.8999999999999986
12997, -0.9000000000000004, 0.8000000000000007
12998, -0.9000000000000004, 0.8999999999999986
12999, -0.9000000000000004, 0.8999999999999986
13000, -0.9000000000000004, 0.8999999999999986
13001, -0.9000000000000004, 0.8999999999999986
13002, -0.9000000000000004, 0.8999999999999986
13003, -0.9000000000000004, 0.8999999999999986
13004, -1.0, 0.8999999999999986
13005, -1.0, 0.8000000000000007
13006, -1.0, 1.0
13007, -1.0, 1.0
13008, -1.0, 1.0
13009, -1.0, 0.8999999999999986
13010, -1.0, 0.8999999999999986
13011, -1.0, 1.0
13012, -1.0, 1.1000000000000014
13013, -1.0, 1.0
13014, -1.0, 1.0
13015, -1.0, 1.0
13016, -1.0, 1.0
13017, -1.0999999999999996, 1.1000000000000014
13018, -1.0999999999999996, 1.1000000000000014
13019, -1.0999999999999996, 1.1000000000000014
13020, -1.0999999999999996, 1.1000000000000014
13021, -1.0999999999999996, 1.0
13022, -1.0999999999999996, 1.1000000000000014
13023, -1.0999999999999996, 1.1999999999999993
13024, -1.0999999999999996, 1.1999999999999993
13025, -1.0999999999999996, 1.1000000000000014
13026, -1.0999999999999996, 1.1000000000000014
13027, -1.0999999999999996, 1.1999999999999993
13028, -1.0999999999999996, 1.1999999999999993
13029, -1.0999999999999996, 1.1000000000000014
13030, -1.0999999999999996, 1.1999999999999993
13031, -1.0999999999999996, 1.1999999999999993
13032, -1.200000000000001, 1.3000000000000007
13033, -1.200000000000001, 1.1999999999999993
13034, -1.0999999999999996, 1.1999999999999993
13035, -1.0999999999999996, 1.1999999999999993
13036, -1.0999999999999996, 1.1999999999999993
13037, -1.0999999999999996, 1.1999999999999993
13038, -1.0999999999999996, 1.1999999999999993
13039, -1.0999999999999996, 1.3000000000000007
13040, -1.0999999999999996, 1.1999999999999993
13041, -1.0999999999999996, 1.1999999999999993
13042, -1.0999999999999996, 1.3000000000000007
13043, -1.0999999999999996, 1.3000000000000007
13044, -1.200000000000001, 1.3000000000000007
13045, -1.200000000000001, 1.1999999999999993
13046, -1.200000000000001, 1.1999999999999993
13047, -1.200000000000001, 1.1999999999999993
13048, -1.200000000000001, 1.1999999999999993
13049, -1.200000000000001, 1.1999999999999993
13050, -1.200000000000001, 1.3000000000000007
13051, -1.200000000000001, 1.3000000000000007
13052, -1.200000000000001, 1.3000000000000007
13053, -1.200000000000001, 1.3000000000000007
13054, -1.3000000000000007, 1.3000000000000007
13055, -1.3000000000000007, 1.1999999999999993
13056, -1.3000000000000007, 1.3000000000000007
13057, -1.3000000000000007, 1.3000000000000007
13058, -1.3000000000000007, 1.3000000000000007
13059, -1.3000000000000007, 1.3000000000000007
13060, -1.3000000000000007, 1.3000000000000007
13061, -1.3000000000000007, 1.1999999999999993
13062, -1.3000000000000007, 1.1999999999999993
13063, -1.3000000000000007, 1.1999999999999993
13064, -1.3000000000000007, 1.1999999999999993
13065, -1.3000000000000007, 1.3999999999999986
13066, -1.3000000000000007, 1.3999999999999986
13067, -1.3000000000000007, 1.3999999999999986
13068, -1.4000000000000004, 1.3000000000000007
13069, -1.4000000000000004, 1.3000000000000007
13070, -1.4000000000000004, 1.3000000000000007
13071, -1.4000000000000004, 1.3000000000000007
13072, -1.4000000000000004, 1.3000000000000007
13073, -1.4000000000000004, 1.3000000000000007
13074, -1.4000000000000004, 1.3000000000000007
13075, -1.4000000000000004, 1.3000000000000007
13076, -1.4000000000000004, 1.3000000000000007
13077, -1.4000000000000004, 1.3000000000000007
13078, -1.4000000000000004, 1.3000000000000007
13079, -1.4000000000000004, 1.3000000000000007
13080, -1.4000000000000004, 1.3000000000000007
13081, -1.4000000000000004, 1.3000000000000007
13082, -1.4000000000000004, 1.3000000000000007
13083, -1.4000000000000004, 1.3000000000000007
13084, -1.4000000000000004, 1.3000000000000007
13085, -1.4000000000000004, 1.3000000000000007
13086, -1.4000000000000004, 1.3000000000000007
13087, -1.4000000000000004, 1.3999999999999986
13088, -1.4000000000000004, 1.3999999999999986
13089, -1.4000000000000004, 1.3999999999999986
13090, -1.4000000000000004, 1.3999999999999986
13091, -1.4000000000000004, 1.3999999999999986
13092, -1.4000000000000004, 1.3000000000000007
13093, -1.4000000000000004, 1.3000000000000007
13094, -1.4000000000000004, 1.3000000000000007
13095, -1.4000000000000004, 1.3000000000000007
13096, -1.4000000000000004, 1.3999999999999986
13097, -1.4000000000000004, 1.3999999999999986
13098, -1.4000000000000004, 1.3999999999999986
13099, -1.4000000000000004, 1.3999999999999986
13100, -1.4000000000000004, 1.3999999999999986
13101, -1.4000000000000004, 1.3999999999999986
13102, -1.4000000000000004, 1.3999999999999986
13103, -1.4000000000000004, 1.3999999999999986
13104, -1.4000000000000004, 1.3999999999999986
13105, -1.4000000000000004, 1.3999999999999986
13106, -1.4000000000000004, 1.3999999999999986
13107, -1.4000000000000004, 1.5
13108, -1.4000000000000004, 1.5
13109, -1.4000000000000004, 1.5
13110, -1.4000000000000004, 1.5
13111, -1.4000000000000004, 1.5
13112, -1.4000000000000004, 1.5
13113, -1.4000000000000004, 1.5
13114, -1.4000000000000004, 1.5
13115, -1.4000000000000004, 1.5
13116, -1.4000000000000004, 1.5
13117, -1.4000000000000004, 1.5
13118, -1.4000000000000004, 1.5
13119, -1.4000000000000004, 1.5
13120, -1.4000000000000004, 1.5
13121, -1.4000000000000004, 1.5
13122, -1.4000000000000004, 1.5
13123, -1.4000000000000004, 1.5
13124, -1.4000000000000004, 1.5
13125, -1.4000000000000004, 1.5
13126, -1.4000000000000004, 1.5
13127, -1.4000000000000004, 1.5
13128, -1.4000000000000004, 1.5
13129, -1.4000000000000004, 1.5
13130, -1.4000000000000004, 1.5
13131, -1.4000000000000004, 1.5
13132, -1.4000000000000004, 1.5
13133, -1.5, 1.5
13134, -1.4000000000000004, 1.3999999999999986
13135, -1.4000000000000004, 1.3999999999999986
13136, -1.4000000000000004, 1.3999999999999986
13137, -1.4000000000000004, 1.3999999999999986
13138, -1.4000000000000004, 1.3999999999999986
13139, -1.4000000000000004, 1.3999999999999986
13140, -1.4000000000000004, 1.3999999999999986
13141, -1.4000000000000004, 1.3999999999999986
13142, -1.4000000000000004, 1.3999999999999986
13143, -1.4000000000000004, 1.3999999999999986
13144, -1.4000000000000004, 1.3999999999999986
13145, -1.3000000000000007, 1.3999999999999986
13146, -1.3000000000000007, 1.3999999999999986
13147, -1.3000000000000007, 1.3999999999999986
13148, -1.3000000000000007, 1.3999999999999986
13149, -1.3000000000000007, 1.3999999999999986
13150, -1.3000000000000007, 1.3999999999999986
13151, -1.3000000000000007, 1.3999999999999986
13152, -1.3000000000000007, 1.3999999999999986
13153, -1.4000000000000004, 1.3999999999999986
13154, -1.4000000000000004, 1.3999999999999986
13155, -1.4000000000000004, 1.3999999999999986
13156, -1.4000000000000004, 1.3000000000000007
13157, -1.4000000000000004, 1.3000000000000007
13158, -1.4000000000000004, 1.3999999999999986
13159, -1.4000000000000004, 1.3999999999999986
13160, -1.4000000000000004, 1.3999999999999986
13161, -1.4000000000000004, 1.3000000000000007
13162, -1.4000000000000004, 1.3000000000000007
13163, -1.4000000000000004, 1.3000000000000007
13164, -1.3000000000000007, 1.3000000000000007
13165, -1.3000000000000007, 1.3999999999999986
13166, -1.200000000000001, 1.3000000000000007
13167, -1.200000000000001, 1.3000000000000007
13168, -1.200000000000001, 1.3000000000000007
13169, -1.200000000000001, 1.3000000000000007
13170, -1.200000000000001, 1.3000000000000007
13171, -1.200000000000001, 1.3000000000000007
13172, -1.200000000000001, 1.3000000000000007
13173, -1.200000000000001, 1.3000000000000007
13174, -1.200000000000001, 1.3000000000000007
13175, -1.200000000000001, 1.3000000000000007
13176, -1.200000000000001, 1.3000000000000007
13177, -1.200000000000001, 1.3000000000000007
13178, -1.200000000000001, 1.3000000000000007
13179, -1.200000000000001, 1.1999999999999993
13180, -1.200000000000001, 1.1999999999999993
13181, -1.200000000000001, 1.1999999999999993
13182, -1.200000000000001, 1.1999999999999993
13183, -1.200000000000001, 1.1999999999999993
13184, -1.200000000000001, 1.1999999999999993
13185, -1.200000000000001, 1.3000000000000007
13186, -1.200000000000001, 1.3000000000000007
13187, -1.200000000000001, 1.3000000000000007
13188, -1.200000000000001, 1.1999999999999993
13189, -1.200000000000001, 1.1999999999999993
13190, -1.0999999999999996, 1.1999999999999993
13191, -1.0999999999999996, 1.3000000000000007
13192, -1.0999999999999996, 1.3000000000000007
13193, -1.0999999999999996, 1.3000000000000007
13194, -1.0, 1.3000000000000007
13195, -1.0, 1.3000000000000007
13196, -1.0, 1.3000000000000007
13197, -1.0, 1.3000000000000007
13198, -1.0999999999999996, 1.3000000000000007
13199, -1.0999999999999996, 1.3000000000000007
13200, -1.0999999999999996, 1.3000000000000007
13201, -1.0999999999999996, 1.1999999999999993
13202, -1.0999999999999996, 1.3000000000000007
13203, -1.0999999999999996, 1.3000000000000007
13204, -1.0999999999999996, 1.3000000000000007
13205, -1.0999999999999996, 1.1999999999999993
13206, -1.0999999999999996, 1.1999999999999993
13207, -1.0999999999999996, 1.3000000000000007
13208, -1.0, 1.3000000000000007
13209, -1.0, 1.3000000000000007
13210, -1.0, 1.3000000000000007
13211, -1.0, 1.1999999999999993
13212, -1.0, 1.1999999999999993
13213, -1.0, 1.1999999999999993
13214, -1.0, 1.1999999999999993
13215, -1.0, 1.1999999999999993
13216, -1.0, 1.1999999999999993
13217, -1.0, 1.1999999999999993
13218, -1.0, 1.3000000000000007
13219, -1.0, 1.1999999999999993
13220, -1.0, 1.1999999999999993
13221, -1.0, 1.1999999999999993
13222, -1.0, 1.1999999999999993
13223, -1.0, 1.1999999999999993
13224, -1.0, 1.1999999999999993
13225, -1.0, 1.1999999999999993
13226, -0.9000000000000004, 1.1000000000000014
13227, -0.9000000000000004, 1.1000000000000014
13228, -0.9000000000000004, 1.1000000000000014
13229, -1.0, 1.1999999999999993
13230, -1.0, 1.1000000000000014
13231, -1.0, 1.1000000000000014
13232, -1.0, 1.1000000000000014
13233, -1.0, 1.1000000000000014
13234, -1.0, 1.1000000000000014
13235, -1.0, 1.1000000000000014
13236, -1.0, 1.1000000000000014
13237, -1.0, 1.1000000000000014
13238, -1.0, 1.1000000000000014
13239, -1.0, 1.1000000000000014
13240, -1.0, 1.1000000000000014
13241, -1.0, 1.1000000000000014
13242, -1.0, 1.1000000000000014
13243, -1.0, 1.1000000000000014
13244, -1.0, 1.1000000000000014
13245, -1.0, 1.1000000000000014
13246, -1.0, 1.1000000000000014
13247, -1.0, 1.1000000000000014
13248, -1.0, 1.1000000000000014
13249, -1.0, 1.1000000000000014
13250, -1.0, 1.1000000000000014
13251, -0.9000000000000004, 1.1000000000000014
13252, -0.9000000000000004, 1.1000000000000014
13253, -0.9000000000000004, 1.1000000000000014
13254, -0.9000000000000004, 1.1000000000000014
13255, -0.9000000000000004, 1.1000000000000014
13256, -0.9000000000000004, 1.1000000000000014
13257, -0.9000000000000004, 1.1000000000000014
13258, -0.9000000000000004, 1.1000000000000014
13259, -0.9000000000000004, 1.1000000000000014
13260, -0.9000000000000004, 1.1000000000000014
13261, -1.0, 1.0
13262, -1.0, 1.1000000000000014
13263, -1.0, 1.1000000000000014
13264, -1.0, 1.1000000000000014
13265, -1.0, 1.0
13266, -1.0, 1.0
13267, -1.0, 1.1000000000000014
13268, -1.0, 1.0
13269, -1.0, 1.0
13270, -1.0, 1.0
13271, -1.0, 1.0
13272, -1.0, 1.0
13273, -1.0, 1.0
13274, -1.0, 1.0
13275, -0.9000000000000004, 1.0
13276, -0.9000000000000004, 1.0
13277, -0.9000000000000004, 1.0
13278, -0.9000000000000004, 1.0
13279, -0.9000000000000004, 1.0
13280, -0.9000000000000004, 1.0
13281, -0.9000000000000004, 0.8999999999999986
13282, -0.9000000000000004, 0.8999999999999986
13283, -1.0, 1.0
13284, -1.0, 0.8999999999999986
13285, -1.0, 0.8999999999999986
13286, -1.0, 0.8999999999999986
13287, -1.0, 0.8999999999999986
13288, -1.0, 0.8999999999999986
13289, -1.0, 1.0
13290, -1.0, 0.8999999999999986
13291, -1.0, 0.8999999999999986
13292, -1.0, 0.8999999999999986
13293, -1.0, 0.8999999999999986
13294, -1.0, 0.8000000000000007
13295, -1.0, 0.8000000000000007
13296, -1.0, 0.8999999999999986
13297, -1.0, 0.8000000000000007
13298, -0.9000000000000004, 0.8999999999999986
13299, -0.9000000000000004, 0.8999999999999986
13300, -0.9000000000000004, 0.8999999999999986
13301, -0.9000000000000004, 0.8999999999999986
13302, -0.9000000000000004, 0.8999999999999986
13303, -0.9000000000000004, 0.8999999999999986
13304, -0.9000000000000004, 0.8999999999999986
13305, -0.9000000000000004, 0.8000000000000007
13306, -0.9000000000000004, 0.8000000000000007
13307, -0.9000000000000004, 0.8999999999999986
13308, -0.9000000000000004, 0.8999999999999986
13309, -0.9000000000000004, 0.8999999999999986
13310, -0.9000000000000004, 0.8999999999999986
13311, -0.9000000000000004, 0.8999999999999986
13312, -0.9000000000000004, 0.8999999999999986
13313, -0.9000000000000004, 1.0
13314, -0.9000000000000004, 0.8999999999999986
13315, -0.9000000000000004, 0.8999999999999986
13316, -0.9000000000000004, 0.8999999999999986
13317, -0.9000000000000004, 0.8999999999999986
13318, -0.9000000000000004, 1.0
13319, -0.9000000000000004, 0.8999999999999986
13320, -0.9000000000000004, 1.0
13321, -0.9000000000000004, 1.0
13322, -0.9000000000000004, 1.0
13323, -0.9000000000000004, 1.0
13324, -0.9000000000000004, 0.8999999999999986
13325, -0.9000000000000004, 1.0
13326, -0.9000000000000004, 1.0
13327, -0.9000000000000004, 1.0
13328, -0.9000000000000004, 1.0
13329, -0.9000000000000004, 1.0
13330, -0.9000000000000004, 0.8999999999999986
13331, -0.9000000000000004, 0.8999999999999986
13332, -0.9000000000000004, 0.8999999999999986
13333, -0.9000000000000004, 0.8999999999999986
13334, -0.9000000000000004, 1.1000000000000014
13335, -0.9000000000000004, 1.0
13336, -0.9000000000000004, 1.0
13337, -0.9000000000000004, 1.0
13338, -0.9000000000000004, 1.0
13339, -0.9000000000000004, 1.0
13340, -0.9000000000000004, 1.0
13341, -0.9000000000000004, 0.8999999999999986
13342, -0.9000000000000004, 0.8999999999999986
13343, -0.9000000000000004, 0.8999999999999986
13344, -0.9000000000000004, 1.0
13345, -0.9000000000000004, 1.0
13346, -0.9000000000000004, 1.0
13347, -0.9000000000000004, 1.1000000000000014
13348, -0.9000000000000004, 1.0
13349, -0.9000000000000004, 1.0
13350, -0.9000000000000004, 1.0
13351, -0.9000000000000004, 1.0
13352, -0.9000000000000004, 1.0
13353, -0.9000000000000004, 1.0
13354, -0.9000000000000004, 1.0
13355, -0.9000000000000004, 1.0
13356, -0.9000000000000004, 0.8999999999999986
13357, -0.9000000000000004, 0.8999999999999986
13358, -0.9000000000000004, 0.8999999999999986
13359, -0.9000000000000004, 1.0
13360, -0.9000000000000004, 1.1000000000000014
13361, -0.9000000000000004, 1.1000000000000014
13362, -0.9000000000000004, 1.1000000000000014
13363, -0.9000000000000004, 1.1000000000000014
13364, -0.9000000000000004, 1.1000000000000014
13365, -0.9000000000000004, 1.1000000000000014
13366, -0.9000000000000004, 1.0
13367, -0.9000000000000004, 1.0
13368, -0.9000000000000004, 1.0
13369, -0.9000000000000004, 1.0
13370, -0.9000000000000004, 1.0
13371, -1.0, 1.0
13372, -1.0, 1.0
13373, -0.9000000000000004, 1.0
13374, -0.9000000000000004, 1.0
13375, -0.9000000000000004, 1.0
13376, -0.9000000000000004, 1.0
13377, -0.9000000000000004, 1.0
13378, -0.9000000000000004, 1.0
13379, -0.9000000000000004, 0.8999999999999986
13380, -0.9000000000000004, 0.8999999999999986
13381, -0.9000000000000004, 0.8999999999999986
13382, -0.9000000000000004, 1.0
13383, -0.9000000000000004, 1.0
13384, -0.9000000000000004, 1.0
13385, -0.9000000000000004, 0.8999999999999986
13386, -0.9000000000000004, 0.8999999999999986
13387, -0.9000000000000004, 0.8999999999999986
13388, -0.9000000000000004, 0.8999999999999986
13389, -0.9000000000000004, 1.0
13390, -0.9000000000000004, 1.0
13391, -0.9000000000000004, 0.8999999999999986
13392, -0.9000000000000004, 0.8999999999999986
13393, -0.9000000000000004, 0.8999999999999986
13394, -0.9000000000000004, 0.8999999999999986
13395, -0.9000000000000004, 1.0
13396, -0.9000000000000004, 1.0
13397, -0.9000000000000004, 0.8999999999999986
13398, -0.9000000000000004, 0.8999999999999986
13399, -0.9000000000000004, 0.8999999999999986
13400, -0.9000000000000004, 0.8999999999999986
13401, -0.9000000000000004, 1.0
13402, -0.9000000000000004, 1.0
13403, -0.9000000000000004, 0.8999999999999986
13404, -0.9000000000000004, 0.8999999999999986
13405, -0.9000000000000004, 0.8999999999999986
13406, -0.9000000000000004, 0.8999999999999986
13407, -0.9000000000000004, 1.0
13408, -0.9000000000000004, 1.0
13409, -0.9000000000000004, 1.0
13410, -0.9000000000000004, 0.8999999999999986
13411, -0.9000000000000004, 0.8999999999999986
13412, -0.9000000000000004, 0.8999999999999986
13413, -0.9000000000000004, 0.8999999999999986
13414, -0.9000000000000004, 1.0
13415, -0.9000000000000004, 1.0
13416, -0.9000000000000004, 1.0
13417, -0.9000000000000004, 1.0
13418, -0.9000000000000004, 1.0
13419, -0.9000000000000004, 0.8999999999999986
13420, -0.9000000000000004, 0.8999999999999986
13421, -0.9000000000000004, 1.0
13422, -0.9000000000000004, 1.0
13423, -0.9000000000000004, 1.0
13424, -0.9000000000000004, 1.0
13425, -0.9000000000000004, 1.0
13426, -0.9000000000000004, 1.0
13427, -0.9000000000000004, 0.8999999999999986
13428, -0.9000000000000004, 0.8999999999999986
13429, -0.9000000000000004, 1.0
13430, -0.9000000000000004, 0.8999999999999986
13431, -0.9000000000000004, 0.8999999999999986
13432, -0.9000000000000004, 0.8999999999999986
13433, -0.9000000000000004, 0.8999999999999986
13434, -0.9000000000000004, 0.8000000000000007
13435, -0.9000000000000004, 0.8000000000000007
13436, -0.9000000000000004, 0.8999999999999986
13437, -0.9000000000000004, 0.8999999999999986
13438, -0.9000000000000004, 0.8999999999999986
13439, -0.9000000000000004, 0.8999999999999986
13440, -0.9000000000000004, 0.8999999999999986
13441, -0.9000000000000004, 0.8000000000000007
13442, -0.9000000000000004, 0.8999999999999986
13443, -0.9000000000000004, 0.8999999999999986
13444, -0.9000000000000004, 0.8999999999999986
13445, -0.9000000000000004, 0.8999999999999986
13446, -0.9000000000000004, 0.8999999999999986
13447, -0.9000000000000004, 0.8000000000000007
13448, -0.9000000000000004, 0.8999999999999986
13449, -0.9000000000000004, 0.8000000000000007
13450, -0.9000000000000004, 0.8000000000000007
13451, -0.9000000000000004, 0.8000000000000007
13452, -0.9000000000000004, 0.8000000000000007
13453, -0.9000000000000004, 0.8999999999999986
13454, -0.9000000000000004, 0.8999999999999986
13455, -0.9000000000000004, 0.8999999999999986
13456, -0.9000000000000004, 0.8999999999999986
13457, -0.9000000000000004, 0.8999999999999986
13458, -0.8000000000000007, 0.8999999999999986
13459, -0.8000000000000007, 0.8999999999999986
13460, -0.8000000000000007, 0.8999999999999986
13461, -0.8000000000000007, 0.8999999999999986
13462, -0.8000000000000007, 1.0
13463, -0.8000000000000007, 1.0
13464, -0.8000000000000007, 1.0
13465, -0.8000000000000007, 1.0
13466, -0.8000000000000007, 0.8000000000000007
13467, -0.8000000000000007, 0.8999999999999986
13468, -0.8000000000000007, 0.8999999999999986
13469, -0.8000000000000007, 0.8999999999999986
13470, -0.8000000000000007, 0.8999999999999986
13471, -0.8000000000000007, 0.8999999999999986
13472, -0.8000000000000007, 1.0
13473, -0.8000000000000007, 0.8999999999999986
13474, -0.8000000000000007, 0.8999999999999986
13475, -0.8000000000000007, 0.8999999999999986
13476, -0.9000000000000004, 0.8999999999999986
13477, -0.9000000000000004, 0.8999999999999986
13478, -0.9000000000000004, 1.0
13479, -0.9000000000000004, 0.8999999999999986
13480, -0.9000000000000004, 0.8999999999999986
13481, -0.9000000000000004, 1.0
13482, -0.9000000000000004, 1.0
13483, -0.9000000000000004, 1.0
13484, -0.9000000000000004, 1.0
13485, -0.9000000000000004, 0.8999999999999986
13486, -0.9000000000000004, 0.8999999999999986
13487, -0.9000000000000004, 0.8999999999999986
13488, -0.9000000000000004, 0.8999999999999986
13489, -0.9000000000000004, 1.0
13490, -0.9000000000000004, 1.0
13491, -0.9000000000000004, 1.0
13492, -0.9000000000000004, 0.8999999999999986
13493, -0.9000000000000004, 0.8999999999999986
13494, -0.9000000000000004, 0.8999999999999986
13495, -0.9000000000000004, 1.0
13496, -0.9000000000000004, 0.8999999999999986
13497, -0.9000000000000004, 0.8999999999999986
13498, -0.9000000000000004, 0.8000000000000007
13499, -0.9000000000000004, 0.8000000000000007
13500, -0.9000000000000004, 0.8000000000000007
13501, -0.9000000000000004, 0.8999999999999986
13502, -0.9000000000000004, 0.8999999999999986
13503, -0.9000000000000004, 0.8999999999999986
13504, -0.9000000000000004, 0.8999999999999986
13505, -0.9000000000000004, 0.8000000000000007
13506, -0.9000000000000004, 0.8000000000000007
13507, -0.9000000000000004, 0.8000000000000007
13508, -0.9000000000000004, 0.8999999999999986
13509, -0.9000000000000004, 0.8999999999999986
13510, -0.9000000000000004, 0.8999999999999986
13511, -0.9000000000000004, 1.0
13512, -0.9000000000000004, 1.0
13513, -0.9000000000000004, 0.8999999999999986
13514, -0.9000000000000004, 0.8999999999999986
13515, -0.9000000000000004, 0.8999999999999986
13516, -1.0, 1.0
13517, -1.0, 1.0
13518, -1.0, 1.0
13519, -1.0, 1.0
13520, -1.0, 1.0
13521, -1.0, 1.0
13522, -1.0, 0.8999999999999986
13523, -1.0, 1.0
13524, -1.0, 1.0
13525, -1.0, 1.0
13526, -1.0, 1.0
13527, -1.0, 1.1000000000000014
13528, -1.0, 1.1000000000000014
13529, -1.0, 1.1000000000000014
13530, -1.0, 1.1000000000000014
13531, -1.0, 1.1000000000000014
13532, -1.0, 1.1000000000000014
13533, -1.0, 1.1000000000000014
13534, -1.0, 1.1000000000000014
13535, -1.0, 1.1000000000000014
13536, -1.0, 1.1000000000000014
13537, -1.0, 1.1000000000000014
13538, -1.0, 1.1000000000000014
13539, -1.0, 1.1000000000000014
13540, -1.0, 1.1999999999999993
13541, -1.0, 1.1999999999999993
13542, -1.0, 1.1000000000000014
13543, -1.0, 1.1000000000000014
13544, -1.0, 1.1000000000000014
13545, -1.0, 1.1000000000000014
13546, -1.0, 1.1999999999999993
13547, -1.0, 1.1999999999999993
13548, -1.0, 1.1999999999999993
13549, -1.0, 1.1999999999999993
13550, -1.0, 1.1999999999999993
13551, -1.0, 1.3000000000000007
13552, -1.0, 1.3000000000000007
13553, -1.0, 1.1999999999999993
13554, -1.0, 1.1999999999999993
13555, -1.0, 1.1999999999999993
13556, -1.0, 1.1999999999999993
13557, -1.0, 1.1999999999999993
13558, -1.0, 1.1999999999999993
13559, -1.0, 1.1999999999999993
13560, -1.0, 1.1999999999999993
13561, -1.0, 1.3000000000000007
13562, -1.0, 1.3000000000000007
13563, -1.0, 1.3000000000000007
13564, -1.0, 1.3000000000000007
13565, -1.0, 1.3000000000000007
13566, -1.0, 1.3000000000000007
13567, -1.0, 1.1999999999999993
13568, -1.0, 1.1999999999999993
13569, -1.0, 1.1999999999999993
13570, -1.0, 1.1999999999999993
13571, -1.0, 1.1999999999999993
13572, -1.0, 1.1999999999999993
13573, -1.0, 1.1999999999999993
13574, -1.0, 1.1999999999999993
13575, -1.0, 1.3000000000000007
13576, -1.0, 1.3000000000000007
13577, -1.0, 1.3000000000000007
13578, -1.0, 1.3000000000000007
13579, -1.0, 1.3000000000000007
13580, -1.0, 1.3000000000000007
13581, -1.0, 1.3000000000000007
13582, -1.0, 1.1999999999999993
13583, -1.0, 1.1999999999999993
13584, -1.0, 1.1999999999999993
13585, -1.0, 1.1999999999999993
13586, -1.0, 1.1999999999999993
13587, -1.0, 1.1999999999999993
13588, -1.0, 1.1999999999999993
13589, -1.0, 1.1999999999999993
13590, -1.0, 1.1999999999999993
13591, -1.0, 1.1999999999999993
13592, -1.0, 1.1999999999999993
13593, -1.0, 1.1999999999999993
13594, -1.0, 1.1999999999999993
13595, -1.0, 1.1000000000000014
13596, -1.0, 1.1000000000000014
13597, -1.0, 1.1999999999999993
13598, -1.0, 1.1999999999999993
13599, -1.0, 1.1999999999999993
13600, -1.0, 1.1999999999999993
13601, -1.0, 1.1999999999999993
13602, -1.0, 1.1999999999999993
13603, -1.0, 1.1999999999999993
13604, -1.0, 1.1999999999999993
13605, -1.0, 1.1999999999999993
13606, -1.0, 1.1999999999999993
13607, -1.0, 1.1999999999999993
13608, -1.0, 1.1999999999999993
13609, -1.0, 1.1999999999999993
13610, -1.0, 1.1999999999999993
13611, -1.0, 1.1999999999999993
13612, -1.0, 1.1999999999999993
13613, -1.0, 1.1999999999999993
13614, -1.0, 1.1999999999999993
13615, -1.0999999999999996, 1.1999999999999993
13616, -1.0999999999999996, 1.1999999999999993
13617, -1.0999999999999996, 1.1999999999999993
13618, -1.0999999999999996, 1.1999999999999993
13619, -1.0999999999999996, 1.1999999999999993
13620, -1.0999999999999996, 1.1999999999999993
13621, -1.0999999999999996, 1.1999999999999993
13622, -1.0999999999999996, 1.1999999999999993
13623, -1.0999999999999996, 1.1999999999999993
13624, -1.0999999999999996, 1.1999999999999993
13625, -1.0999999999999996, 1.1999999999999993
13626, -1.0999999999999996, 1.1999999999999993
13627, -1.0999999999999996, 1.1999999999999993
13628, -1.0999999999999996, 1.1999999999999993
13629, -1.0999999999999996, 1.1999999999999993
13630, -1.0999999999999996, 1.1999999999999993
13631, -1.0999999999999996, 1.1999999999999993
13632, -1.0999999999999996, 1.1999999999999993
13633, -1.0999999999999996, 1.1999999999999993
13634, -1.0999999999999996, 1.1000000000000014
13635, -1.0999999999999996, 1.1000000000000014
13636, -1.0999999999999996, 1.1000000000000014
13637, -1.0999999999999996, 1.1000000000000014
13638, -1.0999999999999996, 1.1000000000000014
13639, -1.0, 1.1000000000000014
13640, -0.9000000000000004, 1.1999999999999993
13641, -0.9000000000000004, 1.1999999999999993
13642, -0.9000000000000004, 1.1999999999999993
13643, -0.9000000000000004, 1.1999999999999993
13644, -0.9000000000000004, 1.1000000000000014
13645, -0.9000000000000004, 1.1000000000000014
13646, -0.9000000000000004, 1.1000000000000014
13647, -0.9000000000000004, 1.1000000000000014
13648, -0.9000000000000004, 1.1000000000000014
13649, -0.9000000000000004, 1.1000000000000014
13650, -0.9000000000000004, 1.1000000000000014
13651, -0.9000000000000004, 1.1000000000000014
13652, -0.9000000000000004, 1.1000000000000014
13653, -0.9000000000000004, 1.1000000000000014
13654, -1.0, 1.1000000000000014
13655, -1.0, 1.1000000000000014
13656, -1.0, 1.1000000000000014
13657, -1.0, 1.0
13658, -1.0, 1.0
13659, -1.0, 1.0
13660, -1.0, 1.0
13661, -1.0, 1.1000000000000014
13662, -1.0, 1.1000000000000014
13663, -1.0, 1.1000000000000014
13664, -1.0, 1.1000000000000014
13665, -1.0, 1.0
13666, -1.0, 1.0
13667, -1.0, 1.0
13668, -1.0, 1.0
13669, -1.0, 1.0
13670, -1.0, 1.0
13671, -1.0, 1.1000000000000014
13672, -1.0, 1.1000000000000014
13673, -1.0, 1.1000000000000014
13674, -1.0, 1.1000000000000014
13675, -1.0, 1.0
13676, -1.0, 1.0
13677, -1.0, 1.0
13678, -1.0, 1.0
13679, -1.0, 1.0
13680, -1.0, 1.1000000000000014
13681, -1.0, 1.1000000000000014
13682, -1.0, 1.1000000000000014
13683, -1.0, 1.1000000000000014
13684, -1.0, 1.1000000000000014
13685, -1.0, 1.1000000000000014
13686, -1.0, 1.1000000000000014
13687, -1.0, 1.1000000000000014
13688, -0.9000000000000004, 1.0
13689, -0.9000000000000004, 1.1000000000000014
13690, -0.9000000000000004, 1.1000000000000014
13691, -0.9000000000000004, 1.1000000000000014
13692, -0.9000000000000004, 1.1000000000000014
13693, -0.9000000000000004, 1.1000000000000014
13694, -0.9000000000000004, 1.1000000000000014
13695, -0.9000000000000004, 1.1000000000000014
13696, -0.9000000000000004, 1.1000000000000014
13697, -0.9000000000000004, 1.0
13698, -0.9000000000000004, 1.0
13699, -0.9000000000000004, 1.1000000000000014
13700, -0.9000000000000004, 1.0
13701, -0.9000000000000004, 1.0
13702, -0.9000000000000004, 1.0
13703, -0.9000000000000004, 1.0
13704, -0.9000000000000004, 1.0
13705, -0.9000000000000004, 1.0
13706, -0.9000000000000004, 1.0
13707, -0.9000000000000004, 1.0
13708, -0.9000000000000004, 1.0
13709, -0.9000000000000004, 1.0
13710, -0.9000000000000004, 1.1000000000000014
13711, -1.0, 1.1000000000000014
13712, -1.0, 1.1000000000000014
13713, -1.0, 1.0
13714, -1.0, 1.0
13715, -1.0, 1.0
13716, -1.0, 1.0
13717, -1.0, 1.0
13718, -1.0, 0.8999999999999986
13719, -1.0, 0.8999999999999986
13720, -1.0, 0.8999999999999986
13721, -1.0, 0.8999999999999986
13722, -1.0, 0.8999999999999986
13723, -1.0, 0.8999999999999986
13724, -1.0, 0.8999999999999986
13725, -1.0, 0.8000000000000007
13726, -1.0, 0.8000000000000007
13727, -1.0, 0.8999999999999986
13728, -1.0, 0.8999999999999986
13729, -1.0, 0.8999999999999986
13730, -0.9000000000000004, 1.0
13731, -0.9000000000000004, 1.0
13732, -0.9000000000000004, 1.0
13733, -0.9000000000000004, 1.0
13734, -0.9000000000000004, 0.8999999999999986
13735, -0.9000000000000004, 0.8999999999999986
13736, -0.9000000000000004, 0.8999999999999986
13737, -0.9000000000000004, 0.8999999999999986
13738, -0.9000000000000004, 0.8999999999999986
13739, -0.9000000000000004, 0.8999999999999986
13740, -0.9000000000000004, 0.8000000000000007
13741, -0.9000000000000004, 0.8000000000000007
13742, -0.9000000000000004, 0.8000000000000007
13743, -0.8000000000000007, 0.8999999999999986
13744, -0.8000000000000007, 1.0
13745, -0.8000000000000007, 1.0
13746, -0.8000000000000007, 0.8999999999999986
13747, -0.8000000000000007, 0.8999999999999986
13748, -0.8000000000000007, 0.8999999999999986
13749, -0.8000000000000007, 0.8999999999999986
13750, -0.8000000000000007, 0.8999999999999986
13751, -0.8000000000000007, 0.8000000000000007
13752, -0.9000000000000004, 0.8000000000000007
13753, -0.9000000000000004, 0.8999999999999986
13754, -0.9000000000000004, 1.0
13755, -0.9000000000000004, 1.0
13756, -0.9000000000000004, 1.0
13757, -0.9000000000000004, 0.8999999999999986
13758, -0.9000000000000004, 0.8999999999999986
13759, -0.9000000000000004, 0.8999999999999986
13760, -0.9000000000000004, 1.0
13761, -0.9000000000000004, 1.0
13762, -0.9000000000000004, 1.0
13763, -0.9000000000000004, 0.8999999999999986
13764, -0.9000000000000004, 0.8999999999999986
13765, -0.9000000000000004, 0.8999999999999986
13766, -0.9000000000000004, 1.0
13767, -0.9000000000000004, 1.0
13768, -0.9000000000000004, 1.0
13769, -0.9000000000000004, 1.1000000000000014
13770, -0.9000000000000004, 1.0
13771, -0.9000000000000004, 1.0
13772, -0.9000000000000004, 1.0
13773, -0.9000000000000004, 1.0
13774, -0.9000000000000004, 1.0
13775, -1.0, 1.0
13776, -1.0, 1.0
13777, -1.0, 1.0
13778, -1.0, 0.8999999999999986
13779, -1.0, 0.8999999999999986
13780, -1.0, 0.8999999999999986
13781, -1.0, 0.8999999999999986
13782, -0.9000000000000004, 1.0
13783, -0.9000000000000004, 1.0
13784, -0.9000000000000004, 1.0
13785, -0.9000000000000004, 1.0
13786, -0.9000000000000004, 1.1000000000000014
13787, -0.9000000000000004, 1.1000000000000014
13788, -0.9000000000000004, 1.1000000000000014
13789, -0.9000000000000004, 1.1000000000000014
13790, -0.9000000000000004, 1.0
13791, -0.9000000000000004, 1.0
13792, -0.9000000000000004, 1.0
13793, -0.9000000000000004, 1.0
13794, -0.9000000000000004, 1.0
13795, -0.9000000000000004, 1.0
13796, -0.9000000000000004, 1.0
13797, -0.9000000000000004, 1.0
13798, -0.9000000000000004, 1.0
13799, -0.9000000000000004, 1.1000000000000014
13800, -0.9000000000000004, 1.1000000000000014
13801, -0.9000000000000004, 1.1000000000000014
13802, -0.9000000000000004, 1.1000000000000014
13803, -0.9000000000000004, 1.1000000000000014
13804, -0.9000000000000004, 1.1000000000000014
13805, -0.9000000000000004, 1.1000000000000014
13806, -1.0, 1.1000000000000014
13807, -1.0, 1.1000000000000014
13808, -1.0, 1.1000000000000014
13809, -1.0, 1.1000000000000014
13810, -1.0, 1.1000000000000014
13811, -1.0, 1.0
13812, -1.0, 1.0
13813, -1.0, 1.0
13814, -1.0, 1.0
13815, -1.0, 1.0
13816, -1.0, 1.0
13817, -1.0, 1.0
13818, -1.0, 1.0
13819, -1.0, 1.0
13820, -1.0, 1.0
13821, -1.0, 1.0
13822, -1.0, 1.0
13823, -1.0, 1.0
13824, -1.0, 1.0
13825, -1.0, 1.0
13826, -1.0, 1.0
13827, -1.0, 1.0
13828, -1.0, 1.0
13829, -1.0, 1.1000000000000014
13830, -1.0, 1.1000000000000014
13831, -0.9000000000000004, 1.1000000000000014
13832, -0.9000000000000004, 1.0
13833, -0.9000000000000004, 1.0
13834, -0.9000000000000004, 1.0
13835, -0.9000000000000004, 1.0
13836, -0.9000000000000004, 1.0
13837, -0.9000000000000004, 1.0
13838, -0.9000000000000004, 1.0
13839, -0.9000000000000004, 1.0
13840, -0.9000000000000004, 1.0
13841, -0.9000000000000004, 0.8999999999999986
13842, -0.9000000000000004, 0.8999999999999986
13843, -0.9000000000000004, 0.8999999999999986
13844, -0.9000000000000004, 0.8999999999999986
13845, -0.9000000000000004, 0.8999999999999986
13846, -0.9000000000000004, 0.8999999999999986
13847, -0.9000000000000004, 0.8999999999999986
13848, -0.9000000000000004, 0.8999999999999986
13849, -0.9000000000000004, 0.8999999999999986
13850, -0.9000000000000004, 0.8999999999999986
13851, -0.9000000000000004, 0.8999999999999986
13852, -0.9000000000000004, 1.0
13853, -0.9000000000000004, 1.0
13854, -0.9000000000000004, 0.8999999999999986
13855, -0.9000000000000004, 0.8999999999999986
13856, -0.9000000000000004, 0.8999999999999986
13857, -0.9000000000000004, 0.8999999999999986
13858, -0.9000000000000004, 0.8999999999999986
13859, -0.9000000000000004, 0.8999999999999986
13860, -0.9000000000000004, 0.8999999999999986
13861, -0.9000000000000004, 0.8999999999999986
13862, -0.9000000000000004, 0.8999999999999986
13863, -0.9000000000000004, 0.8999999999999986
13864, -0.9000000000000004, 0.8999999999999986
13865, -0.9000000000000004, 0.8999999999999986
13866, -0.9000000000000004, 1.0
13867, -0.9000000000000004, 1.0
13868, -0.9000000000000004, 1.0
13869, -0.9000000000000004, 1.0
13870, -0.9000000000000004, 1.0
13871, -0.9000000000000004, 0.8999999999999986
13872, -0.9000000000000004, 0.8999999999999986
13873, -0.9000000000000004, 0.8999999999999986
13874, -0.9000000000000004, 0.8999999999999986
13875, -0.9000000000000004, 1.0
13876, -0.9000000000000004, 1.0
13877, -0.9000000000000004, 1.0
13878, -0.9000000000000004, 1.0
13879, -0.9000000000000004, 1.0
13880, -0.9000000000000004, 1.0
13881, -0.9000000000000004, 1.0
13882, -0.9000000000000004, 1.0
13883, -0.9000000000000004, 0.8999999999999986
13884, -0.9000000000000004, 0.8999999999999986
13885, -0.9000000000000004, 0.8999999999999986
13886, -0.9000000000000004, 0.8999999999999986
13887, -0.9000000000000004, 0.8999999999999986
13888, -0.9000000000000004, 0.8999999999999986
13889, -0.9000000000000004, 0.8999999999999986
13890, -0.9000000000000004, 0.8999999999999986
13891, -0.9000000000000004, 1.0
13892, -0.9000000000000004, 1.0
13893, -0.9000000000000004, 1.0
13894, -0.9000000000000004, 0.8999999999999986
13895, -0.9000000000000004, 0.8999999999999986
13896, -0.9000000000000004, 0.8999999999999986
13897, -0.9000000000000004, 0.8999999999999986
13898, -0.9000000000000004, 0.8999999999999986
13899, -0.9000000000000004, 0.8000000000000007
13900, -0.9000000000000004, 0.8000000000000007
13901, -0.9000000000000004, 0.8999999999999986
13902, -0.9000000000000004, 0.8999999999999986
13903, -0.9000000000000004, 0.8999999999999986
13904, -0.9000000000000004, 0.8999999999999986
13905, -0.9000000000000004, 0.8999999999999986
13906, -0.9000000000000004, 0.8999999999999986
13907, -0.9000000000000004, 0.8999999999999986
13908, -0.9000000000000004, 0.8999999999999986
13909, -0.9000000000000004, 0.8000000000000007
13910, -0.9000000000000004, 0.8999999999999986
13911, -0.9000000000000004, 0.8999999999999986
13912, -0.9000000000000004, 0.8999999999999986
13913, -0.9000000000000004, 0.8999999999999986
13914, -0.9000000000000004, 0.8999999999999986
13915, -0.9000000000000004, 0.8000000000000007
13916, -0.9000000000000004, 0.8000000000000007
13917, -0.9000000000000004, 0.8000000000000007
13918, -0.9000000000000004, 0.8000000000000007
13919, -0.9000000000000004, 0.8000000000000007
13920, -0.9000000000000004, 0.8999999999999986
13921, -0.9000000000000004, 0.8999999999999986
13922, -0.9000000000000004, 0.8999999999999986
13923, -0.9000000000000004, 0.8999999999999986
13924, -0.9000000000000004, 0.8999999999999986
13925, -0.9000000000000004, 0.8999999999999986
13926, -0.9000000000000004, 0.8999999999999986
13927, -0.9000000000000004, 0.8000000000000007
13928, -0.9000000000000004, 0.8000000000000007
13929, -0.9000000000000004, 0.8000000000000007
13930, -0.9000000000000004, 0.8999999999999986
13931, -0.9000000000000004, 0.8999999999999986
13932, -0.9000000000000004, 0.8999999999999986
13933, -1.0, 0.8999999999999986
13934, -1.0, 0.8999999999999986
13935, -1.0, 0.8999999999999986
13936, -1.0, 0.8999999999999986
13937, -1.0, 1.0
13938, -1.0, 1.0
13939, -1.0, 0.8999999999999986
13940, -1.0, 0.8999999999999986
13941, -1.0, 0.8999999999999986
13942, -1.0, 1.0
13943, -1.0, 1.0
13944, -1.0, 1.0
13945, -1.0, 1.0
13946, -1.0, 1.0
13947, -1.0, 1.0
13948, -1.0, 1.0
13949, -1.0, 1.0
13950, -1.0, 1.0
13951, -1.0, 0.8999999999999986
13952, -1.0, 1.0
13953, -1.0, 1.0
13954, -1.0, 1.0
13955, -1.0, 1.0
13956, -1.0, 1.0
13957, -1.0, 1.0
13958, -1.0, 1.0
13959, -1.0, 1.0
13960, -1.0, 1.0
13961, -1.0, 1.0
13962, -1.0999999999999996, 0.8999999999999986
13963, -1.0999999999999996, 1.0
13964, -1.0, 1.0
13965, -0.9000000000000004, 1.0
13966, -0.9000000000000004, 1.0
13967, -0.9000000000000004, 1.0
13968, -0.9000000000000004, 1.0
13969, -0.9000000000000004, 1.0
13970, -0.9000000000000004, 1.0
13971, -0.9000000000000004, 1.0
13972, -0.9000000000000004, 1.0
13973, -0.9000000000000004, 1.0
13974, -0.9000000000000004, 1.0
13975, -0.9000000000000004, 0.8999999999999986
13976, -0.9000000000000004, 0.8999999999999986
13977, -0.9000000000000004, 0.8999999999999986
13978, -0.9000000000000004, 0.8999999999999986
13979, -0.9000000000000004, 0.8999999999999986
13980, -0.9000000000000004, 0.8999999999999986
13981, -0.9000000000000004, 0.8999999999999986
13982, -0.9000000000000004, 0.8999999999999986
13983, -0.9000000000000004, 0.8999999999999986
13984, -0.9000000000000004, 0.8999999999999986
13985, -0.9000000000000004, 0.8999999999999986
13986, -0.9000000000000004, 0.8999999999999986
13987, -0.9000000000000004, 0.8999999999999986
13988, -0.9000000000000004, 0.8999999999999986
13989, -0.9000000000000004, 0.8999999999999986
13990, -0.9000000000000004, 0.8999999999999986
13991, -0.9000000000000004, 0.8999999999999986
13992, -0.9000000000000004, 1.0
13993, -0.9000000000000004, 1.0
13994, -0.9000000000000004, 1.0
13995, -0.9000000000000004, 1.0
13996, -0.9000000000000004, 1.0
13997, -0.9000000000000004, 1.0
13998, -0.9000000000000004, 1.0
13999, -0.9000000000000004, 1.1000000000000014
14000, -0.9000000000000004, 1.1000000000000014
14001, -0.9000000000000004, 1.1000000000000014
14002, -0.9000000000000004, 1.1000000000000014
14003, -0.9000000000000004, 1.1000000000000014
14004, -0.9000000000000004, 1.0
14005, -0.9000000000000004, 1.0
14006, -0.9000000000000004, 1.0
14007, -0.9000000000000004, 1.0
14008, -0.9000000000000004, 1.0
14009, -0.9000000000000004, 1.0
14010, -0.9000000000000004, 1.0
14011, -0.9000000000000004, 1.0
14012, -0.9000000000000004, 1.0
14013, -0.9000000000000004, 1.0
14014, -0.9000000000000004, 1.0
14015, -0.9000000000000004, 1.0
14016, -0.9000000000000004, 1.0
14017, -0.9000000000000004, 1.0
14018, -0.9000000000000004, 1.0
14019, -0.9000000000000004, 1.0
14020, -0.9000000000000004, 1.1000000000000014
14021, -0.9000000000000004, 1.1000000000000014
14022, -0.9000000000000004, 1.1000000000000014
14023, -0.9000000000000004, 1.1000000000000014
14024, -0.9000000000000004, 1.1000000000000014
14025, -0.9000000000000004, 1.1000000000000014
14026, -0.9000000000000004, 1.1000000000000014
14027, -0.9000000000000004, 1.1000000000000014
14028, -0.9000000000000004, 1.1000000000000014
14029, -0.9000000000000004, 1.1000000000000014
14030, -0.9000000000000004, 1.1000000000000014
14031, -0.9000000000000004, 1.1000000000000014
14032, -0.9000000000000004, 1.1000000000000014
14033, -0.9000000000000004, 1.1000000000000014
14034, -0.9000000000000004, 1.1000000000000014
14035, -0.9000000000000004, 1.1000000000000014
14036, -0.9000000000000004, 1.1000000000000014
14037, -0.9000000000000004, 1.1000000000000014
14038, -0.9000000000000004, 1.1000000000000014
14039, -0.9000000000000004, 1.1000000000000014
14040, -0.9000000000000004, 1.1000000000000014
14041, -0.9000000000000004, 1.1000000000000014
14042, -0.9000000000000004, 1.1000000000000014
14043, -0.9000000000000004, 1.1000000000000014
14044, -0.9000000000000004, 1.1000000000000014
14045, -0.9000000000000004, 1.1000000000000014
14046, -0.9000000000000004, 1.1000000000000014
14047, -0.9000000000000004, 1.1000000000000014
14048, -0.9000000000000004, 1.1000000000000014
14049, -0.9000000000000004, 1.1000000000000014
14050, -0.9000000000000004, 1.1000000000000014
14051, -0.9000000000000004, 1.1000000000000014
14052, -0.9000000000000004, 1.1000000000000014
14053, -0.9000000000000004, 1.0
14054, -0.9000000000000004, 1.0
14055, -0.9000000000000004, 1.0
14056, -0.9000000000000004, 1.0
14057, -0.9000000000000004, 1.0
14058, -0.9000000000000004, 1.0
14059, -1.0, 1.0
14060, -1.0, 1.0
14061, -1.0, 1.0
14062, -1.0, 1.0
14063, -1.0, 1.0
14064, -1.0, 1.1000000000000014
14065, -1.0, 1.1000000000000014
14066, -1.0, 1.0
14067, -1.0, 1.0
14068, -1.0, 1.0
14069, -1.0, 1.0
14070, -0.9000000000000004, 1.0
14071, -0.9000000000000004, 1.0
14072, -0.9000000000000004, 1.0
14073, -0.9000000000000004, 1.0
14074, -0.9000000000000004, 1.0
14075, -0.9000000000000004, 1.0
14076, -0.9000000000000004, 1.0
14077, -0.9000000000000004, 1.0
14078, -0.9000000000000004, 1.0
14079, -0.9000000000000004, 0.8999999999999986
14080, -0.9000000000000004, 0.8999999999999986
14081, -0.9000000000000004, 0.8999999999999986
14082, -0.9000000000000004, 0.8999999999999986
14083, -0.9000000000000004, 1.0
14084, -0.9000000000000004, 1.0
14085, -0.9000000000000004, 1.0
14086, -0.9000000000000004, 1.0
14087, -0.9000000000000004, 1.0
14088, -0.9000000000000004, 0.8999999999999986
14089, -0.9000000000000004, 0.8999999999999986
14090, -0.9000000000000004, 0.8999999999999986
14091, -0.9000000000000004, 0.8999999999999986
14092, -0.9000000000000004, 0.8999999999999986
14093, -0.9000000000000004, 0.8999999999999986
14094, -0.9000000000000004, 0.8999999999999986
14095, -0.9000000000000004, 0.8999999999999986
14096, -0.9000000000000004, 0.8999999999999986
14097, -0.9000000000000004, 1.0
14098, -0.9000000000000004, 1.0
14099, -0.9000000000000004, 1.0
14100, -0.9000000000000004, 1.0
14101, -0.9000000000000004, 1.0
14102, -0.9000000000000004, 1.0
14103, -0.9000000000000004, 0.8999999999999986
14104, -0.9000000000000004, 0.8999999999999986
14105, -0.9000000000000004, 0.8999999999999986
14106, -0.9000000000000004, 0.8999999999999986
14107, -0.9000000000000004, 0.8999999999999986
14108, -0.9000000000000004, 0.8999999999999986
14109, -0.9000000000000004, 0.8999999999999986
14110, -0.9000000000000004, 0.8999999999999986
14111, -0.9000000000000004, 0.8999999999999986
14112, -0.9000000000000004, 1.0
14113, -0.9000000000000004, 1.0
14114, -0.9000000000000004, 1.0
14115, -0.9000000000000004, 1.0
14116, -0.9000000000000004, 1.0
14117, -0.9000000000000004, 0.8999999999999986
14118, -1.0, 0.8999999999999986
14119, -1.0, 0.8999999999999986
14120, -1.0, 0.8999999999999986
14121, -1.0, 0.8999999999999986
14122, -1.0, 0.8999999999999986
14123, -1.0, 0.8999999999999986
14124, -1.0, 0.8999999999999986
14125, -1.0, 1.0
14126, -1.0, 1.0
14127, -1.0, 1.0
14128, -1.0, 1.0
14129, -1.0, 1.0
14130, -1.0, 0.8999999999999986
14131, -1.0, 0.8999999999999986
14132, -1.0, 0.8999999999999986
14133, -1.0, 0.8999999999999986
14134, -1.0, 0.8999999999999986
14135, -1.0, 0.8999999999999986
14136, -0.9000000000000004, 0.8999999999999986
14137, -0.9000000000000004, 0.8999999999999986
14138, -0.9000000000000004, 1.0
14139, -0.9000000000000004, 1.0
14140, -0.9000000000000004, 1.0
14141, -0.9000000000000004, 1.0
14142, -0.9000000000000004, 1.0
14143, -0.9000000000000004, 1.0
14144, -0.9000000000000004, 0.8999999999999986
14145, -0.9000000000000004, 0.8999999999999986
14146, -0.9000000000000004, 0.8999999999999986
14147, -0.9000000000000004, 0.8999999999999986
14148, -0.9000000000000004, 0.8999999999999986
14149, -0.9000000000000004, 0.8999999999999986
14150, -0.9000000000000004, 0.8999999999999986
14151, -0.9000000000000004, 0.8999999999999986
14152, -0.9000000000000004, 1.0
14153, -0.9000000000000004, 1.0
14154, -0.9000000000000004, 1.0
14155, -0.9000000000000004, 1.0
14156, -0.9000000000000004, 1.0
14157, -0.9000000000000004, 1.0
14158, -0.9000000000000004, 1.0
14159, -0.9000000000000004, 1.0
14160, -0.9000000000000004, 1.0
14161, -0.8000000000000007, 1.0
14162, -0.8000000000000007, 0.8999999999999986
14163, -0.8000000000000007, 0.8999999999999986
14164, -0.8000000000000007, 0.8999999999999986
14165, -0.8000000000000007, 0.8999999999999986
14166, -0.8000000000000007, 0.8999999999999986
14167, -0.8000000000000007, 0.8999999999999986
14168, -0.8000000000000007, 1.0
14169, -0.8000000000000007, 1.0
14170, -0.8000000000000007, 1.0
14171, -0.8000000000000007, 1.0
14172, -0.8000000000000007, 1.0
14173, -0.8000000000000007, 1.0
14174, -0.8000000000000007, 1.0
14175, -0.8000000000000007, 0.8999999999999986
14176, -0.8000000000000007, 0.8999999999999986
14177, -0.8000000000000007, 0.8999999999999986
14178, -0.8000000000000007, 0.8999999999999986
14179, -0.8000000000000007, 0.8999999999999986
14180, -0.8000000000000007, 0.8999999999999986
14181, -0.8000000000000007, 0.8999999999999986
14182, -0.8000000000000007, 0.8999999999999986
14183, -0.8000000000000007, 0.8999999999999986
14184, -0.8000000000000007, 0.8999999999999986
14185, -0.8000000000000007, 0.8999999999999986
14186, -0.9000000000000004, 0.8999999999999986
14187, -0.9000000000000004, 0.8999999999999986
14188, -0.9000000000000004, 0.8999999999999986
14189, -0.9000000000000004, 0.8999999999999986
14190, -0.9000000000000004, 0.8999999999999986
14191, -0.9000000000000004, 0.8000000000000007
14192, -0.9000000000000004, 0.8000000000000007
14193, -0.9000000000000004, 0.8000000000000007
14194, -0.9000000000000004, 0.8000000000000007
14195, -0.9000000000000004, 0.8000000000000007
14196, -0.9000000000000004, 0.8000000000000007
14197, -0.9000000000000004, 0.8000000000000007
14198, -0.9000000000000004, 0.8000000000000007
14199, -0.9000000000000004, 0.8000000000000007
14200, -0.9000000000000004, 0.8000000000000007
14201, -0.9000000000000004, 0.8000000000000007
14202, -0.9000000000000004, 0.8999999999999986
14203, -0.9000000000000004, 0.8000000000000007
14204, -0.9000000000000004, 0.8000000000000007
14205, -0.9000000000000004, 0.8000000000000007
14206, -0.9000000000000004, 0.8000000000000007
14207, -0.9000000000000004, 0.8000000000000007
14208, -0.9000000000000004, 0.8000000000000007
14209, -0.9000000000000004, 0.8000000000000007
14210, -0.9000000000000004, 0.8000000000000007
14211, -0.8000000000000007, 0.8000000000000007
14212, -0.8000000000000007, 0.8000000000000007
14213, -0.8000000000000007, 0.8000000000000007
14214, -0.8000000000000007, 0.8000000000000007
14215, -0.8000000000000007, 0.8000000000000007
14216, -0.8000000000000007, 0.8000000000000007
14217, -0.8000000000000007, 0.8000000000000007
14218, -0.8000000000000007, 0.8000000000000007
14219, -0.8000000000000007, 0.8000000000000007
14220, -0.8000000000000007, 0.8000000000000007
14221, -0.8000000000000007, 0.8000000000000007
14222, -0.8000000000000007, 0.8000000000000007
14223, -0.8000000000000007, 0.8000000000000007
14224, -0.8000000000000007, 0.8000000000000007
14225, -0.8000000000000007, 0.8000000000000007
14226, -0.8000000000000007, 0.8000000000000007
14227, -0.8000000000000007, 0.8000000000000007
14228, -0.8000000000000007, 0.8000000000000007
14229, -0.8000000000000007, 0.8999999999999986
14230, -0.8000000000000007, 0.8999999999999986
14231, -0.8000000000000007, 0.8999999999999986
14232, -0.9000000000000004, 0.8999999999999986
14233, -0.9000000000000004, 0.8999999999999986
14234, -0.9000000000000004, 0.8999999999999986
14235, -0.9000000000000004, 0.8999999999999986
14236, -0.8000000000000007, 0.8999999999999986
14237, -0.8000000000000007, 0.8999999999999986
14238, -0.8000000000000007, 0.8999999999999986
14239, -0.8000000000000007, 0.8999999999999986
14240, -0.8000000000000007, 0.8999999999999986
14241, -0.8000000000000007, 0.8999999999999986
14242, -0.8000000000000007, 0.8999999999999986
14243, -0.8000000000000007, 0.8999999999999986
14244, -0.8000000000000007, 0.8999999999999986
14245, -0.8000000000000007, 0.8999999999999986
14246, -0.8000000000000007, 0.8999999999999986
14247, -0.8000000000000007, 0.8999999999999986
14248, -0.8000000000000007, 0.8999999999999986
14249, -0.8000000000000007, 1.0
14250, -0.8000000000000007, 1.0
14251, -0.8000000000000007, 0.8999999999999986
14252, -0.8000000000000007, 0.8999999999999986
14253, -0.9000000000000004, 0.8999999999999986
14254, -0.9000000000000004, 0.8999999999999986
14255, -0.9000000000000004, 0.8999999999999986
14256, -0.9000000000000004, 0.8999999999999986
14257, -0.9000000000000004, 0.8999999999999986
14258, -0.9000000000000004, 0.8999999999999986
14259, -0.9000000000000004, 0.8999999999999986
14260, -0.9000000000000004, 0.8999999999999986
14261, -0.9000000000000004, 0.8999999999999986
14262, -0.9000000000000004, 0.8999999999999986
14263, -0.9000000000000004, 0.8999999999999986
14264, -0.8000000000000007, 0.8999999999999986
14265, -0.8000000000000007, 0.8999999999999986
14266, -0.8000000000000007, 1.0
14267, -0.8000000000000007, 0.8999999999999986
14268, -0.8000000000000007, 0.8999999999999986
14269, -0.8000000000000007, 0.8999999999999986
14270, -0.8000000000000007, 0.8999999999999986
14271, -0.8000000000000007, 0.8999999999999986
14272, -0.9000000000000004, 0.8999999999999986
14273, -0.9000000000000004, 0.8999999999999986
14274, -0.9000000000000004, 0.8999999999999986
14275, -0.9000000000000004, 0.8999999999999986
14276, -0.9000000000000004, 0.8999999999999986
14277, -0.9000000000000004, 0.8999999999999986
14278, -0.9000000000000004, 0.8999999999999986
14279, -0.9000000000000004, 0.8999999999999986
14280, -0.9000000000000004, 0.8999999999999986
14281, -0.9000000000000004, 0.8000000000000007
14282, -0.9000000000000004, 0.8000000000000007
14283, -0.9000000000000004, 0.8000000000000007
14284, -0.9000000000000004, 0.8000000000000007
14285, -0.9000000000000004, 0.8000000000000007
14286, -0.9000000000000004, 0.8000000000000007
14287, -0.9000000000000004, 0.8000000000000007
14288, -0.9000000000000004, 0.8000000000000007
14289, -0.9000000000000004, 0.8000000000000007
14290, -0.9000000000000004, 0.8000000000000007
14291, -0.9000000000000004, 0.8999999999999986
14292, -0.9000000000000004, 0.8999999999999986
14293, -0.9000000000000004, 0.8000000000000007
14294, -0.9000000000000004, 0.8000000000000007
14295, -0.9000000000000004, 0.8000000000000007
14296, -0.9000000000000004, 0.8000000000000007
14297, -0.9000000000000004, 0.8000000000000007
14298, -0.9000000000000004, 0.8000000000000007
14299, -0.9000000000000004, 0.8000000000000007
14300, -0.9000000000000004, 0.8999999999999986
14301, -0.9000000000000004, 0.8999999999999986
14302, -0.9000000000000004, 0.8999999999999986
14303, -0.9000000000000004, 0.8999999999999986
14304, -0.9000000000000004, 0.8999999999999986
14305, -0.9000000000000004, 0.8999999999999986
14306, -0.9000000000000004, 0.8999999999999986
14307, -0.9000000000000004, 0.8999999999999986
14308, -0.9000000000000004, 1.0
14309, -0.9000000000000004, 1.0
14310, -0.9000000000000004, 1.0
14311, -0.9000000000000004, 1.0
14312, -0.9000000000000004, 1.0
14313, -0.9000000000000004, 1.0
14314, -0.9000000000000004, 0.8999999999999986
14315, -0.9000000000000004, 0.8999999999999986
14316, -0.9000000000000004, 1.0
14317, -0.9000000000000004, 0.8999999999999986
14318, -0.9000000000000004, 0.8999999999999986
14319, -0.9000000000000004, 0.8999999999999986
14320, -0.9000000000000004, 0.8999999999999986
14321, -0.9000000000000004, 0.8999999999999986
14322, -0.9000000000000004, 0.8999999999999986
14323, -0.9000000000000004, 0.8999999999999986
14324, -0.9000000000000004, 0.8999999999999986
14325, -0.9000000000000004, 1.0
14326, -0.9000000000000004, 1.0
14327, -0.9000000000000004, 1.0
14328, -0.9000000000000004, 1.0
14329, -0.9000000000000004, 1.0
14330, -0.9000000000000004, 1.0
14331, -0.9000000000000004, 1.0
14332, -0.9000000000000004, 1.0
14333, -0.9000000000000004, 1.0
14334, -0.9000000000000004, 1.0
14335, -0.9000000000000004, 0.8999999999999986
14336, -0.9000000000000004, 1.0
14337, -0.9000000000000004, 1.0
14338, -0.9000000000000004, 1.0
14339, -0.9000000000000004, 1.0
14340, -0.9000000000000004, 1.0
14341, -0.9000000000000004, 1.0
14342, -0.9000000000000004, 1.0
14343, -0.9000000000000004, 1.0
14344, -0.9000000000000004, 1.0
14345, -0.9000000000000004, 1.0
14346, -0.9000000000000004, 1.0
14347, -0.9000000000000004, 1.0
14348, -0.9000000000000004, 1.0
14349, -0.9000000000000004, 1.0
14350, -0.9000000000000004, 1.0
14351, -0.9000000000000004, 1.0
14352, -0.9000000000000004, 1.0
14353, -0.9000000000000004, 0.8999999999999986
14354, -0.9000000000000004, 0.8999999999999986
14355, -0.9000000000000004, 0.8999999999999986
14356, -0.9000000000000004, 0.8999999999999986
14357, -0.9000000000000004, 0.8999999999999986
14358, -0.9000000000000004, 0.8999999999999986
14359, -0.9000000000000004, 0.8999999999999986
14360, -0.9000000000000004, 0.8999999999999986
14361, -0.9000000000000004, 0.8999999999999986
14362, -0.9000000000000004, 0.8999999999999986
14363, -0.9000000000000004, 0.8999999999999986
14364, -0.9000000000000004, 0.8999999999999986
14365, -0.9000000000000004, 1.0
14366, -0.9000000000000004, 1.0
14367, -0.9000000000000004, 1.0
14368, -0.9000000000000004, 1.0
14369, -0.9000000000000004, 1.0
14370, -0.8000000000000007, 1.0
14371, -0.8000000000000007, 1.0
14372, -0.8000000000000007, 1.0
14373, -0.8000000000000007, 1.0
14374, -0.8000000000000007, 1.0
14375, -0.8000000000000007, 1.0
14376, -0.8000000000000007, 1.0
14377, -0.8000000000000007, 1.0
14378, -0.8000000000000007, 0.8999999999999986
14379, -0.8000000000000007, 0.8999999999999986
14380, -0.8000000000000007, 0.8999999999999986
14381, -0.8000000000000007, 0.8999999999999986
14382, -0.8000000000000007, 0.8999999999999986
14383, -0.8000000000000007, 0.8000000000000007
14384, -0.8000000000000007, 0.8000000000000007
14385, -0.8000000000000007, 0.8000000000000007
14386, -0.8000000000000007, 0.8000000000000007
14387, -0.8000000000000007, 0.8000000000000007
14388, -0.8000000000000007, 0.8999999999999986
14389, -0.8000000000000007, 0.8999999999999986
14390, -0.8000000000000007, 0.8999999999999986
14391, -0.8000000000000007, 0.8999999999999986
14392, -0.8000000000000007, 0.8999999999999986
14393, -0.8000000000000007, 0.8999999999999986
14394, -0.8000000000000007, 0.8999999999999986
14395, -0.8000000000000007, 0.8999999999999986
14396, -0.8000000000000007, 0.8999999999999986
14397, -0.8000000000000007, 0.8999999999999986
14398, -0.8000000000000007, 0.8999999999999986
14399, -0.8000000000000007, 0.8999999999999986
14400, -0.8000000000000007, 0.8999999999999986
14401, -0.8000000000000007, 0.8999999999999986
14402, -0.8000000000000007, 0.8999999999999986
14403, -0.8000000000000007, 0.8999999999999986
14404, -0.9000000000000004, 1.0
14405, -0.9000000000000004, 1.0
14406, -0.9000000000000004, 1.0
14407, -0.9000000000000004, 1.0
14408, -0.9000000000000004, 1.0
14409, -0.9000000000000004, 1.0
14410, -0.9000000000000004, 1.0
14411, -0.9000000000000004, 1.0
14412, -0.9000000000000004, 1.0
14413, -0.9000000000000004, 1.0
14414, -0.9000000000000004, 1.0
14415, -0.9000000000000004, 1.0
14416, -0.9000000000000004, 1.0
14417, -0.9000000000000004, 1.0
14418, -0.9000000000000004, 1.0
14419, -0.9000000000000004, 1.0
14420, -0.9000000000000004, 1.0
14421, -0.9000000000000004, 1.0
14422, -0.9000000000000004, 1.0
14423, -0.9000000000000004, 1.0
14424, -1.0, 1.0
14425, -1.0, 1.0
14426, -1.0, 1.0
14427, -1.0, 1.0
14428, -1.0, 1.0
14429, -1.0, 1.0
14430, -1.0, 1.0
14431, -1.0, 1.1000000000000014
14432, -1.0, 1.1000000000000014
14433, -1.0, 1.1000000000000014
14434, -1.0, 1.1000000000000014
14435, -1.0, 1.1000000000000014
14436, -1.0, 1.1000000000000014
14437, -1.0, 1.1000000000000014
14438, -1.0, 1.1000000000000014
14439, -1.0, 1.1000000000000014
14440, -1.0, 1.0
14441, -1.0, 1.0
14442, -1.0, 1.0
14443, -1.0, 1.0
14444, -1.0, 1.0
14445, -1.0, 1.0
14446, -1.0, 1.0
14447, -1.0, 1.0
14448, -1.0, 1.0
14449, -1.0, 1.0
14450, -1.0, 1.0
14451, -1.0, 1.0
14452, -1.0, 1.0
14453, -1.0, 0.8999999999999986
14454, -1.0, 0.8999999999999986
14455, -1.0999999999999996, 0.8999999999999986
14456, -1.0999999999999996, 0.8999999999999986
14457, -1.0999999999999996, 0.8999999999999986
14458, -1.0999999999999996, 0.8999999999999986
14459, -1.0, 0.8999999999999986
14460, -1.0, 0.8999999999999986
14461, -1.0, 0.8999999999999986
14462, -1.0, 1.0
14463, -0.9000000000000004, 1.0
14464, -0.9000000000000004, 1.0
14465, -0.9000000000000004, 1.0
14466, -0.9000000000000004, 0.8999999999999986
14467, -0.9000000000000004, 0.8999999999999986
14468, -0.9000000000000004, 0.8999999999999986
14469, -0.9000000000000004, 0.8999999999999986
14470, -0.9000000000000004, 0.8999999999999986
14471, -0.9000000000000004, 0.8999999999999986
14472, -0.9000000000000004, 0.8999999999999986
14473, -0.9000000000000004, 0.8999999999999986
14474, -0.9000000000000004, 0.8999999999999986
14475, -0.9000000000000004, 0.8999999999999986
14476, -0.9000000000000004, 0.8999999999999986
14477, -0.9000000000000004, 0.8999999999999986
14478, -0.9000000000000004, 0.8999999999999986
14479, -0.9000000000000004, 0.8999999999999986
14480, -0.9000000000000004, 0.8999999999999986
14481, -0.9000000000000004, 0.8999999999999986
14482, -0.9000000000000004, 1.0
14483, -0.9000000000000004, 1.0
14484, -0.9000000000000004, 1.0
14485, -0.9000000000000004, 1.0
14486, -0.9000000000000004, 1.0
14487, -0.9000000000000004, 1.0
14488, -0.9000000000000004, 1.0
14489, -0.9000000000000004, 1.0
14490, -0.9000000000000004, 1.0
14491, -0.9000000000000004, 1.0
14492, -0.9000000000000004, 1.0
14493, -0.9000000000000004, 1.0
14494, -0.9000000000000004, 1.0
14495, -0.9000000000000004, 1.0
14496, -0.9000000000000004, 1.0
14497, -0.8000000000000007, 1.0
14498, -0.8000000000000007, 1.0
14499, -0.8000000000000007, 1.0
14500, -0.8000000000000007, 1.0
14501, -0.8000000000000007, 1.0
14502, -0.8000000000000007, 1.0
14503, -0.9000000000000004, 1.1000000000000014
14504, -0.9000000000000004, 1.1000000000000014
14505, -0.9000000000000004, 1.1000000000000014
14506, -0.9000000000000004, 1.0
14507, -0.9000000000000004, 1.0
14508, -0.9000000000000004, 1.0
14509, -0.9000000000000004, 1.0
14510, -0.9000000000000004, 1.0
14511, -0.9000000000000004, 1.0
14512, -0.9000000000000004, 1.0
14513, -0.9000000000000004, 1.0
14514, -0.9000000000000004, 1.0
14515, -0.9000000000000004, 1.0
14516, -0.9000000000000004, 1.0
14517, -0.9000000000000004, 1.0
14518, -0.9000000000000004, 1.0
14519, -0.9000000000000004, 1.1000000000000014
14520, -0.9000000000000004, 1.1000000000000014
14521, -0.9000000000000004, 1.1000000000000014
14522, -0.9000000000000004, 1.1000000000000014
14523, -0.9000000000000004, 1.1000000000000014
14524, -0.9000000000000004, 1.1000000000000014
14525, -0.9000000000000004, 1.0
14526, -0.9000000000000004, 1.0
14527, -0.9000000000000004, 1.0
14528, -0.9000000000000004, 1.0
14529, -0.9000000000000004, 1.0
14530, -0.9000000000000004, 1.0
14531, -0.9000000000000004, 1.0
14532, -0.9000000000000004, 1.0
14533, -0.9000000000000004, 1.0
14534, -0.9000000000000004, 1.0
14535, -0.9000000000000004, 1.0
14536, -0.9000000000000004, 1.0
14537, -0.9000000000000004, 1.0
14538, -0.9000000000000004, 1.0
14539, -0.9000000000000004, 1.0
14540, -0.9000000000000004, 0.8999999999999986
14541, -0.9000000000000004, 0.8999999999999986
14542, -0.9000000000000004, 0.8999999999999986
14543, -0.9000000000000004, 0.8999999999999986
14544, -0.9000000000000004, 0.8999999999999986
14545, -0.9000000000000004, 0.8999999999999986
14546, -0.9000000000000004, 0.8999999999999986
14547, -0.8000000000000007, 0.8999999999999986
14548, -0.8000000000000007, 0.8000000000000007
14549, -0.8000000000000007, 0.8000000000000007
14550, -0.8000000000000007, 0.8000000000000007
14551, -0.8000000000000007, 0.8000000000000007
14552, -0.8000000000000007, 0.8000000000000007
14553, -0.8000000000000007, 0.8999999999999986
14554, -0.8000000000000007, 0.8999999999999986
14555, -0.8000000000000007, 0.8999999999999986
14556, -0.8000000000000007, 0.8999999999999986
14557, -0.8000000000000007, 0.8999999999999986
14558, -0.8000000000000007, 0.8999999999999986
14559, -0.8000000000000007, 0.8999999999999986
14560, -0.8000000000000007, 0.8999999999999986
14561, -0.8000000000000007, 0.8999999999999986
14562, -0.8000000000000007, 0.8999999999999986
14563, -0.8000000000000007, 0.8999999999999986
14564, -0.8000000000000007, 0.8999999999999986
14565, -0.8000000000000007, 0.8999999999999986
14566, -0.8000000000000007, 0.8999999999999986
14567, -0.8000000000000007, 0.8999999999999986
14568, -0.8000000000000007, 0.8999999999999986
14569, -0.8000000000000007, 0.8999999999999986
14570, -0.8000000000000007, 0.8000000000000007
14571, -0.8000000000000007, 0.8000000000000007
14572, -0.8000000000000007, 0.8000000000000007
14573, -0.8000000000000007, 0.8000000000000007
14574, -0.8000000000000007, 0.8000000000000007
14575, -0.8000000000000007, 0.8000000000000007
14576, -0.8000000000000007, 0.8000000000000007
14577, -0.8000000000000007, 0.8000000000000007
14578, -0.8000000000000007, 0.8000000000000007
14579, -0.8000000000000007, 0.8000000000000007
14580, -0.8000000000000007, 0.8000000000000007
14581, -0.8000000000000007, 0.8000000000000007
14582, -0.8000000000000007, 0.8000000000000007
14583, -0.9000000000000004, 0.8000000000000007
14584, -0.9000000000000004, 0.8000000000000007
14585, -0.9000000000000004, 0.8000000000000007
14586, -0.9000000000000004, 0.8000000000000007
14587, -0.9000000000000004, 0.8000000000000007
14588, -0.9000000000000004, 0.8000000000000007
14589, -0.9000000000000004, 0.8999999999999986
14590, -0.9000000000000004, 0.8999999999999986
14591, -0.9000000000000004, 0.8999999999999986
14592, -0.9000000000000004, 0.8999999999999986
14593, -0.9000000000000004, 0.8999999999999986
14594, -0.9000000000000004, 0.8999999999999986
14595, -0.9000000000000004, 0.8999999999999986
14596, -0.9000000000000004, 0.8999999999999986
14597, -0.9000000000000004, 0.8999999999999986
14598, -0.9000000000000004, 0.8999999999999986
14599, -0.9000000000000004, 0.8999999999999986
14600, -0.9000000000000004, 0.8999999999999986
14601, -0.9000000000000004, 0.8999999999999986
14602, -0.9000000000000004, 0.8999999999999986
14603, -0.9000000000000004, 0.8999999999999986
14604, -0.9000000000000004, 0.8999999999999986
14605, -0.9000000000000004, 0.8999999999999986
14606, -0.9000000000000004, 0.8999999999999986
14607, -0.9000000000000004, 0.8999999999999986
14608, -0.9000000000000004, 0.8999999999999986
14609, -0.9000000000000004, 0.8999999999999986
14610, -0.9000000000000004, 0.8999999999999986
14611, -0.9000000000000004, 0.8999999999999986
14612, -0.9000000000000004, 0.8999999999999986
14613, -0.9000000000000004, 0.8999999999999986
14614, -0.9000000000000004, 0.8999999999999986
14615, -0.9000000000000004, 0.8999999999999986
14616, -0.9000000000000004, 0.8999999999999986
14617, -0.9000000000000004, 0.8999999999999986
14618, -0.9000000000000004, 0.8999999999999986
14619, -0.9000000000000004, 0.8999999999999986
14620, -0.9000000000000004, 0.8999999999999986
14621, -0.9000000000000004, 0.8999999999999986
14622, -0.9000000000000004, 0.8999999999999986
14623, -0.9000000000000004, 0.8999999999999986
14624, -0.9000000000000004, 0.8999999999999986
14625, -0.9000000000000004, 0.8000000000000007
14626, -0.9000000000000004, 0.8000000000000007
14627, -0.9000000000000004, 0.8000000000000007
14628, -0.9000000000000004, 0.8000000000000007
14629, -0.9000000000000004, 0.8000000000000007
14630, -0.9000000000000004, 0.8000000000000007
14631, -0.9000000000000004, 0.8000000000000007
14632, -0.9000000000000004, 0.8000000000000007
14633, -0.9000000000000004, 0.8000000000000007
14634, -0.9000000000000004, 0.8000000000000007
14635, -0.9000000000000004, 0.8000000000000007
14636, -0.9000000000000004, 0.8000000000000007
14637, -0.9000000000000004, 0.8000000000000007
14638, -0.9000000000000004, 0.8000000000000007
14639, -0.9000000000000004, 0.8000000000000007
14640, -0.9000000000000004, 0.8000000000000007
14641, -0.9000000000000004, 0.8000000000000007
14642, -0.9000000000000004, 0.8000000000000007
14643, -0.9000000000000004, 0.8000000000000007
14644, -0.9000000000000004, 0.8000000000000007
14645, -0.9000000000000004, 0.8000000000000007
14646, -0.9000000000000004, 0.8000000000000007
14647, -0.9000000000000004, 0.8000000000000007
14648, -0.9000000000000004, 0.8000000000000007
14649, -0.9000000000000004, 0.8000000000000007
14650, -0.9000000000000004, 0.8000000000000007
14651, -0.9000000000000004, 0.8000000000000007
14652, -0.9000000000000004, 0.8000000000000007
14653, -0.9000000000000004, 0.8000000000000007
14654, -0.9000000000000004, 0.8000000000000007
14655, -0.9000000000000004, 0.8000000000000007
14656, -0.9000000000000004, 0.8999999999999986
14657, -0.9000000000000004, 0.8999999999999986
14658, -0.9000000000000004, 0.8999999999999986
14659, -0.9000000000000004, 0.8999999999999986
14660, -0.9000000000000004, 0.8999999999999986
14661, -0.9000000000000004, 0.8999999999999986
14662, -0.9000000000000004, 0.8999999999999986
14663, -0.9000000000000004, 0.8999999999999986
14664, -0.9000000000000004, 0.8999999999999986
14665, -0.9000000000000004, 0.8999999999999986
14666, -0.9000000000000004, 0.8999999999999986
14667, -0.9000000000000004, 1.0
14668, -0.9000000000000004, 0.8999999999999986
14669, -0.9000000000000004, 0.8999999999999986
14670, -0.9000000000000004, 0.8999999999999986
14671, -0.9000000000000004, 0.8999999999999986
14672, -0.9000000000000004, 0.8999999999999986
14673, -0.9000000000000004, 0.8999999999999986
14674, -0.9000000000000004, 0.8999999999999986
14675, -0.9000000000000004, 0.8999999999999986
14676, -0.9000000000000004, 0.8999999999999986
14677, -0.9000000000000004, 0.8999999999999986
14678, -0.9000000000000004, 0.8999999999999986
14679, -0.9000000000000004, 0.8999999999999986
14680, -0.9000000000000004, 0.8999999999999986
14681, -0.9000000000000004, 0.8999999999999986
14682, -0.9000000000000004, 1.0
14683, -0.9000000000000004, 1.0
14684, -0.9000000000000004, 1.0
14685, -0.9000000000000004, 1.0
14686, -0.9000000000000004, 1.0
14687, -0.9000000000000004, 1.0
14688, -0.9000000000000004, 1.0
14689, -0.9000000000000004, 1.0
14690, -0.9000000000000004, 1.0
14691, -0.9000000000000004, 1.0
14692, -0.9000000000000004, 0.8999999999999986
14693, -0.9000000000000004, 0.8999999999999986
14694, -0.9000000000000004, 0.8999999999999986
14695, -0.9000000000000004, 1.0
14696, -0.9000000000000004, 1.0
14697, -0.9000000000000004, 1.0
14698, -0.9000000000000004, 1.0
14699, -0.9000000000000004, 1.0
14700, -1.0, 1.0
14701, -1.0, 1.0
14702, -1.0, 1.0
14703, -1.0, 1.0
14704, -1.0, 0.8999999999999986
14705, -1.0, 0.8999999999999986
14706, -1.0, 0.8999999999999986
14707, -1.0, 0.8999999999999986
14708, -1.0, 0.8999999999999986
14709, -1.0, 0.8999999999999986
14710, -1.0, 1.0
14711, -1.0, 1.0
14712, -1.0, 1.0
14713, -1.0, 1.0
14714, -1.0, 1.0
14715, -1.0, 1.0
14716, -0.9000000000000004, 0.8999999999999986
14717, -0.9000000000000004, 0.8999999999999986
14718, -0.9000000000000004, 0.8999999999999986
14719, -0.9000000000000004, 0.8999999999999986
14720, -0.9000000000000004, 0.8999999999999986
14721, -0.9000000000000004, 0.8999999999999986
14722, -0.9000000000000004, 0.8999999999999986
14723, -0.9000000000000004, 0.8999999999999986
14724, -0.9000000000000004, 0.8999999999999986
14725, -0.9000000000000004, 0.8999999999999986
14726, -0.9000000000000004, 0.8999999999999986
14727, -0.9000000000000004, 0.8999999999999986
14728, -0.9000000000000004, 1.0
14729, -0.9000000000000004, 1.0
14730, -0.9000000000000004, 1.0
14731, -0.9000000000000004, 1.0
14732, -0.9000000000000004, 1.0
14733, -0.9000000000000004, 1.0
14734, -0.9000000000000004, 1.0
14735, -0.9000000000000004, 1.0
14736, -0.9000000000000004, 1.0
14737, -0.9000000000000004, 1.0
14738, -0.9000000000000004, 1.0
14739, -0.9000000000000004, 1.0
14740, -0.9000000000000004, 1.0
14741, -0.9000000000000004, 1.0
14742, -0.9000000000000004, 1.0
14743, -0.9000000000000004, 1.0
14744, -0.9000000000000004, 0.8999999999999986
14745, -0.9000000000000004, 1.0
14746, -0.9000000000000004, 1.0
14747, -0.9000000000000004, 1.0
14748, -0.9000000000000004, 1.0
14749, -0.9000000000000004, 1.0
14750, -0.9000000000000004, 1.0
14751, -0.9000000000000004, 1.0
14752, -0.9000000000000004, 1.0
14753, -0.9000000000000004, 1.0
14754, -0.9000000000000004, 1.0
14755, -0.9000000000000004, 1.0
14756, -0.9000000000000004, 1.0
14757, -0.9000000000000004, 1.0
14758, -0.9000000000000004, 1.0
14759, -0.9000000000000004, 1.0
14760, -0.9000000000000004, 1.0
14761, -0.9000000000000004, 1.0
14762, -0.9000000000000004, 1.0
14763, -0.9000000000000004, 1.0
14764, -0.9000000000000004, 1.0
14765, -0.9000000000000004, 1.0
14766, -0.9000000000000004, 1.0
14767, -0.9000000000000004, 1.0
14768, -0.9000000000000004, 1.0
14769, -0.9000000000000004, 1.0
14770, -0.9000000000000004, 1.0
14771, -0.9000000000000004, 1.0
14772, -0.9000000000000004, 1.0
14773, -0.9000000000000004, 1.0
14774, -0.9000000000000004, 1.0
14775, -0.9000000000000004, 1.0
14776, -0.9000000000000004, 1.0
14777, -0.9000000000000004, 1.0
14778, -0.9000000000000004, 1.0
14779, -0.9000000000000004, 1.0
14780, -0.9000000000000004, 1.0
14781, -0.9000000000000004, 0.8999999999999986
14782, -0.9000000000000004, 0.8999999999999986
14783, -0.9000000000000004, 0.8999999999999986
14784, -0.9000000000000004, 0.8999999999999986
14785, -0.9000000000000004, 0.8999999999999986
14786, -0.9000000000000004, 0.8999999999999986
14787, -0.9000000000000004, 0.8999999999999986
14788, -1.0, 0.8999999999999986
14789, -1.0, 1.0
14790, -1.0, 1.0
14791, -1.0, 1.0
14792, -1.0, 1.0
14793, -1.0, 1.0
14794, -1.0, 1.0
14795, -1.0, 1.0
14796, -1.0, 1.0
14797, -0.9000000000000004, 1.0
14798, -0.9000000000000004, 1.0
14799, -0.9000000000000004, 1.0
14800, -0.9000000000000004, 1.0
14801, -0.9000000000000004, 1.0
14802, -0.9000000000000004, 1.0
14803, -0.9000000000000004, 1.0
14804, -0.9000000000000004, 1.0
14805, -0.9000000000000004, 1.0
14806, -0.9000000000000004, 1.0
14807, -0.9000000000000004, 1.0
14808, -0.9000000000000004, 1.0
14809, -0.9000000000000004, 1.0
14810, -0.9000000000000004, 1.0
14811, -0.9000000000000004, 1.0
14812, -0.9000000000000004, 1.0
14813, -0.9000000000000004, 1.0
14814, -0.9000000000000004, 1.0
14815, -0.9000000000000004, 1.0
14816, -0.9000000000000004, 0.8999999999999986
14817, -0.9000000000000004, 0.8999999999999986
14818, -0.9000000000000004, 0.8999999999999986
14819, -0.9000000000000004, 1.0
14820, -0.9000000000000004, 1.1000000000000014
14821, -0.9000000000000004, 1.1000000000000014
14822, -0.9000000000000004, 1.1000000000000014
14823, -0.9000000000000004, 1.1000000000000014
14824, -0.9000000000000004, 1.1000000000000014
14825, -0.9000000000000004, 1.1000000000000014
14826, -0.9000000000000004, 1.1000000000000014
14827, -0.9000000000000004, 1.1000000000000014
14828, -0.9000000000000004, 1.1000000000000014
14829, -0.9000000000000004, 1.1000000000000014
14830, -0.9000000000000004, 1.1000000000000014
14831, -0.9000000000000004, 1.1000000000000014
14832, -0.9000000000000004, 1.1000000000000014
14833, -0.9000000000000004, 1.1000000000000014
14834, -0.9000000000000004, 1.0
14835, -0.9000000000000004, 1.0
14836, -0.9000000000000004, 1.0
14837, -0.9000000000000004, 1.0
14838, -0.9000000000000004, 1.0
14839, -0.9000000000000004, 1.0
14840, -0.9000000000000004, 1.0
14841, -0.9000000000000004, 1.0
14842, -0.9000000000000004, 1.0
14843, -0.9000000000000004, 1.0
14844, -0.9000000000000004, 0.8999999999999986
14845, -0.9000000000000004, 0.8999999999999986
14846, -0.9000000000000004, 0.8999999999999986
14847, -0.9000000000000004, 0.8999999999999986
14848, -0.9000000000000004, 0.8999999999999986
14849, -0.9000000000000004, 0.8000000000000007
14850, -0.9000000000000004, 0.8000000000000007
14851, -0.9000000000000004, 0.8000000000000007
14852, -0.9000000000000004, 0.8000000000000007
14853, -0.9000000000000004, 0.8000000000000007
14854, -0.9000000000000004, 0.8000000000000007
14855, -0.9000000000000004, 0.8000000000000007
14856, -0.9000000000000004, 0.8000000000000007
14857, -0.9000000000000004, 0.8000000000000007
14858, -0.9000000000000004, 0.8000000000000007
14859, -0.9000000000000004, 0.8000000000000007
14860, -0.9000000000000004, 0.8000000000000007
14861, -0.9000000000000004, 0.8000000000000007
14862, -0.9000000000000004, 0.8000000000000007
14863, -0.9000000000000004, 0.8000000000000007
14864, -0.9000000000000004, 0.8000000000000007
14865, -0.9000000000000004, 0.8000000000000007
14866, -0.9000000000000004, 0.8000000000000007
14867, -0.9000000000000004, 0.8000000000000007
14868, -0.9000000000000004, 0.8000000000000007
14869, -0.9000000000000004, 0.8000000000000007
14870, -0.9000000000000004, 0.8000000000000007
14871, -0.9000000000000004, 0.8000000000000007
14872, -0.9000000000000004, 0.8000000000000007
14873, -0.9000000000000004, 0.8000000000000007
14874, -0.9000000000000004, 0.8000000000000007
14875, -0.9000000000000004, 0.8000000000000007
14876, -0.9000000000000004, 0.8000000000000007
14877, -0.9000000000000004, 0.8999999999999986
14878, -0.9000000000000004, 0.8999999999999986
14879, -0.9000000000000004, 0.8999999999999986
14880, -0.9000000000000004, 0.8999999999999986
14881, -0.8000000000000007, 0.8999999999999986
14882, -0.8000000000000007, 0.8999999999999986
14883, -0.8000000000000007, 0.8999999999999986
14884, -0.8000000000000007, 0.8999999999999986
14885, -0.8000000000000007, 0.8999999999999986
14886, -0.8000000000000007, 0.8999999999999986
14887, -0.8000000000000007, 0.8999999999999986
14888, -0.8000000000000007, 0.8999999999999986
14889, -0.8000000000000007, 0.8999999999999986
14890, -0.8000000000000007, 0.8999999999999986
14891, -0.8000000000000007, 0.8999999999999986
14892, -0.8000000000000007, 0.8999999999999986
14893, -0.8000000000000007, 0.8999999999999986
14894, -0.8000000000000007, 0.8999999999999986
14895, -0.8000000000000007, 0.8999999999999986
14896, -0.8000000000000007, 0.8999999999999986
14897, -0.8000000000000007, 0.8000000000000007
14898, -0.8000000000000007, 0.8000000000000007
14899, -0.8000000000000007, 0.8000000000000007
14900, -0.8000000000000007, 0.8999999999999986
14901, -0.8000000000000007, 0.8999999999999986
14902, -0.8000000000000007, 0.8999999999999986
14903, -0.8000000000000007, 0.8999999999999986
14904, -0.8000000000000007, 0.8999999999999986
14905, -0.8000000000000007, 0.8999999999999986
14906, -0.8000000000000007, 0.8999999999999986
14907, -0.8000000000000007, 0.8999999999999986
14908, -0.8000000000000007, 0.8999999999999986
14909, -0.8000000000000007, 0.8999999999999986
14910, -0.8000000000000007, 0.8999999999999986
14911, -0.8000000000000007, 0.8999999999999986
14912, -0.8000000000000007, 0.8999999999999986
14913, -0.8000000000000007, 0.8999999999999986
14914, -0.8000000000000007, 0.8999999999999986
14915, -0.8000000000000007, 0.8999999999999986
14916, -0.8000000000000007, 0.8999999999999986
14917, -0.8000000000000007, 0.8999999999999986
14918, -0.8000000000000007, 0.8999999999999986
14919, -0.8000000000000007, 0.8999999999999986
14920, -0.8000000000000007, 0.8999999999999986
14921, -0.8000000000000007, 1.0
14922, -0.8000000000000007, 1.0
14923, -0.8000000000000007, 1.0
14924, -0.8000000000000007, 1.0
14925, -0.8000000000000007, 1.0
14926, -0.8000000000000007, 1.0
14927, -0.8000000000000007, 1.0
14928, -0.8000000000000007, 1.0
14929, -0.8000000000000007, 1.0
14930, -0.8000000000000007, 1.0
14931, -0.8000000000000007, 0.8999999999999986
14932, -0.8000000000000007, 0.8999999999999986
14933, -0.8000000000000007, 0.8999999999999986
14934, -0.8000000000000007, 0.8999999999999986
14935, -0.8000000000000007, 0.8999999999999986
14936, -0.9000000000000004, 0.8999999999999986
14937, -0.9000000000000004, 0.8999999999999986
14938, -0.9000000000000004, 0.8999999999999986
14939, -0.9000000000000004, 0.8999999999999986
14940, -0.9000000000000004, 0.8999999999999986
14941, -0.9000000000000004, 0.8999999999999986
14942, -0.9000000000000004, 0.8999999999999986
14943, -0.9000000000000004, 0.8999999999999986
14944, -0.9000000000000004, 0.8999999999999986
14945, -0.9000000000000004, 0.8999999999999986
14946, -0.9000000000000004, 0.8999999999999986
14947, -0.9000000000000004, 0.8999999999999986
14948, -0.9000000000000004, 0.8999999999999986
14949, -0.9000000000000004, 0.8999999999999986
14950, -0.9000000000000004, 0.8999999999999986
14951, -0.9000000000000004, 0.8999999999999986
14952, -0.9000000000000004, 0.8999999999999986
14953, -0.9000000000000004, 0.8999999999999986
14954, -0.9000000000000004, 0.8999999999999986
14955, -0.9000000000000004, 0.8999999999999986
14956, -0.9000000000000004, 0.8999999999999986
14957, -0.9000000000000004, 0.8999999999999986
14958, -0.9000000000000004, 0.8999999999999986
14959, -0.9000000000000004, 0.8999999999999986
14960, -0.9000000000000004, 0.8999999999999986
14961, -0.9000000000000004, 0.8999999999999986
14962, -0.9000000000000004, 0.8999999999999986
14963, -0.9000000000000004, 0.8999999999999986
14964, -0.9000000000000004, 0.8999999999999986
14965, -0.9000000000000004, 0.8999999999999986
14966, -0.9000000000000004, 1.0
14967, -0.9000000000000004, 1.0
14968, -0.9000000000000004, 1.0
14969, -0.9000000000000004, 1.0
14970, -0.9000000000000004, 1.0
14971, -0.9000000000000004, 1.0
14972, -0.9000000000000004, 1.0
14973, -0.9000000000000004, 1.0
14974, -0.9000000000000004, 1.0
14975, -0.9000000000000004, 1.0
14976, -0.9000000000000004, 1.0
14977, -0.9000000000000004, 1.0
14978, -0.9000000000000004, 1.0
14979, -0.9000000000000004, 1.0
14980, -0.9000000000000004, 1.0
14981, -0.9000000000000004, 1.0
14982, -0.9000000000000004, 1.0
14983, -0.9000000000000004, 1.0
14984, -0.9000000000000004, 1.0
14985, -0.9000000000000004, 0.8999999999999986
14986, -0.9000000000000004, 0.8999999999999986
14987, -0.9000000000000004, 0.8999999999999986
14988, -0.9000000000000004, 0.8999999999999986
14989, -0.9000000000000004, 0.8999999999999986
14990, -0.9000000000000004, 0.8999999999999986
14991, -0.9000000000000004, 0.8999999999999986
14992, -0.9000000000000004, 0.8999999999999986
14993, -0.9000000000000004, 0.8999999999999986
14994, -0.9000000000000004, 0.8999999999999986
14995, -0.9000000000000004, 0.8999999999999986
14996, -0.9000000000000004, 0.8999999999999986
14997, -0.9000000000000004, 0.8999999999999986
14998, -0.9000000000000004, 0.8999999999999986
14999, -0.9000000000000004, 0.8999999999999986
15000, -0.9000000000000004, 0.8999999999999986
15001, -0.9000000000000004, 0.8999999999999986
