,Left_Z[N],Right_Z[N]
1, 8.0, -24.8
2, 8.0, -24.8
3, 8.0, -24.8
4, 8.0, -24.8
5, 8.0, -24.8
6, 8.0, -24.8
7, 8.0, -24.8
8, 8.0, -24.8
9, 8.0, -24.8
10, 8.0, -24.7
11, 8.0, -24.7
12, 8.0, -24.7
13, 8.0, -24.7
14, 8.0, -24.7
15, 8.0, -24.7
16, 8.0, -24.7
17, 8.0, -24.7
18, 8.0, -24.7
19, 8.0, -24.7
20, 8.0, -24.7
21, 8.0, -24.7
22, 8.0, -24.7
23, 8.0, -24.7
24, 8.0, -24.7
25, 8.0, -24.7
26, 8.0, -24.7
27, 8.0, -24.7
28, 8.0, -24.7
29, 8.0, -24.7
30, 8.0, -24.7
31, 8.0, -24.7
32, 8.0, -24.7
33, 8.0, -24.7
34, 8.0, -24.7
35, 8.0, -24.7
36, 8.0, -24.7
37, 8.0, -24.7
38, 8.0, -24.7
39, 8.0, -24.7
40, 8.0, -24.7
41, 8.0, -24.7
42, 8.0, -24.7
43, 8.0, -24.7
44, 8.0, -24.7
45, 8.0, -24.7
46, 8.0, -24.7
47, 8.0, -24.7
48, 8.0, -24.7
49, 8.0, -24.7
50, 8.0, -24.7
51, 8.0, -24.7
52, 8.0, -24.6
53, 8.0, -24.6
54, 8.0, -24.6
55, 8.0, -24.6
56, 8.0, -24.6
57, 8.0, -24.7
58, 8.0, -24.7
59, 8.0, -24.7
60, 8.0, -24.7
61, 8.0, -24.7
62, 8.0, -24.7
63, 8.0, -24.7
64, 8.0, -24.7
65, 8.0, -24.7
66, 8.0, -24.7
67, 8.0, -24.7
68, 8.0, -24.7
69, 8.1, -24.7
70, 8.1, -24.7
71, 8.1, -24.7
72, 8.1, -24.7
73, 8.1, -24.7
74, 8.1, -24.7
75, 8.1, -24.7
76, 8.1, -24.7
77, 8.1, -24.7
78, 8.1, -24.7
79, 8.1, -24.7
80, 8.1, -24.7
81, 8.1, -24.7
82, 8.1, -24.7
83, 8.1, -24.7
84, 8.1, -24.7
85, 8.1, -24.7
86, 8.1, -24.7
87, 8.1, -24.7
88, 8.1, -24.7
89, 8.1, -24.7
90, 8.1, -24.7
91, 8.1, -24.7
92, 8.1, -24.7
93, 8.1, -24.7
94, 8.1, -24.7
95, 8.1, -24.7
96, 8.1, -24.7
97, 8.1, -24.7
98, 8.1, -24.7
99, 8.1, -24.7
100, 8.1, -24.7
101, 8.1, -24.7
102, 8.1, -24.7
103, 8.1, -24.7
104, 8.0, -24.7
105, 8.0, -24.7
106, 8.0, -24.7
107, 8.0, -24.7
108, 8.0, -24.7
109, 8.0, -24.7
110, 8.0, -24.7
111, 8.0, -24.7
112, 8.0, -24.7
113, 8.0, -24.7
114, 8.0, -24.7
115, 8.0, -24.7
116, 8.0, -24.7
117, 8.0, -24.7
118, 8.0, -24.7
119, 8.0, -24.7
120, 8.0, -24.7
121, 8.0, -24.7
122, 8.0, -24.7
123, 8.0, -24.7
124, 8.0, -24.7
125, 8.0, -24.7
126, 8.0, -24.7
127, 8.0, -24.7
128, 8.1, -24.7
129, 8.1, -24.7
130, 8.1, -24.7
131, 8.0, -24.7
132, 8.0, -24.7
133, 8.0, -24.7
134, 8.0, -24.7
135, 8.0, -24.7
136, 8.0, -24.7
137, 8.0, -24.7
138, 8.0, -24.7
139, 8.0, -24.7
140, 8.0, -24.7
141, 8.0, -24.8
142, 8.0, -24.8
143, 8.0, -24.8
144, 8.0, -24.8
145, 8.0, -24.8
146, 8.0, -24.8
147, 8.0, -24.8
148, 8.0, -24.8
149, 8.0, -24.8
150, 8.0, -24.8
151, 8.0, -24.8
152, 8.0, -24.8
153, 8.0, -24.8
154, 8.0, -24.8
155, 8.0, -24.8
156, 8.0, -24.8
157, 8.0, -24.8
158, 8.0, -24.8
159, 8.0, -24.8
160, 8.0, -24.8
161, 8.0, -24.8
162, 8.0, -24.8
163, 8.0, -24.8
164, 8.0, -24.8
165, 8.0, -24.8
166, 8.0, -24.8
167, 8.0, -24.8
168, 8.0, -24.8
169, 8.0, -24.8
170, 8.0, -24.7
171, 8.0, -24.7
172, 8.0, -24.7
173, 8.0, -24.7
174, 8.0, -24.7
175, 8.0, -24.8
176, 8.0, -24.8
177, 8.1, -24.7
178, 8.1, -24.7
179, 8.1, -24.7
180, 8.1, -24.7
181, 8.1, -24.7
182, 8.1, -24.7
183, 8.1, -24.7
184, 8.1, -24.7
185, 8.1, -24.7
186, 8.1, -24.7
187, 8.1, -24.7
188, 8.1, -24.7
189, 8.1, -24.7
190, 8.0, -24.7
191, 8.0, -24.7
192, 8.0, -24.7
193, 8.0, -24.7
194, 8.0, -24.7
195, 8.0, -24.8
196, 8.0, -24.8
197, 8.0, -24.8
198, 8.0, -24.8
199, 8.0, -24.8
200, 8.0, -24.8
201, 8.0, -24.8
202, 8.0, -24.8
203, 8.0, -24.8
204, 8.0, -24.8
205, 8.0, -24.8
206, 8.0, -24.8
207, 8.0, -24.8
208, 8.0, -24.8
209, 8.0, -24.8
210, 8.0, -24.8
211, 8.0, -24.8
212, 8.0, -24.8
213, 8.0, -24.8
214, 8.0, -24.8
215, 8.0, -24.6
216, 8.0, -24.6
217, 8.0, -24.6
218, 8.0, -24.6
219, 8.0, -24.6
220, 8.0, -24.6
221, 8.0, -24.6
222, 8.0, -24.6
223, 8.0, -24.6
224, 8.0, -24.6
225, 8.0, -24.6
226, 8.1, -24.6
227, 8.1, -24.6
228, 8.1, -24.6
229, 8.1, -24.6
230, 8.1, -24.6
231, 8.1, -24.6
232, 8.1, -24.6
233, 8.1, -24.6
234, 8.1, -24.6
235, 8.1, -24.6
236, 8.1, -24.6
237, 8.0, -24.6
238, 8.0, -24.6
239, 8.0, -24.6
240, 8.0, -24.6
241, 8.0, -24.6
242, 8.0, -24.6
243, 8.0, -24.6
244, 8.0, -24.6
245, 8.0, -24.6
246, 8.0, -24.6
247, 8.0, -24.7
248, 8.0, -24.7
249, 8.0, -24.7
250, 8.0, -24.7
251, 8.0, -24.7
252, 8.0, -24.7
253, 8.0, -24.7
254, 8.0, -24.7
255, 8.1, -24.7
256, 8.1, -24.7
257, 8.1, -24.7
258, 8.1, -24.7
259, 8.1, -24.7
260, 8.1, -24.7
261, 8.1, -24.7
262, 8.1, -24.7
263, 8.1, -24.7
264, 8.1, -24.7
265, 8.1, -24.7
266, 8.1, -24.7
267, 8.1, -24.7
268, 8.1, -24.7
269, 8.1, -24.7
270, 8.1, -24.7
271, 8.1, -24.7
272, 8.1, -24.7
273, 8.1, -24.7
274, 8.1, -24.7
275, 8.1, -24.7
276, 8.1, -24.7
277, 8.1, -24.7
278, 8.1, -24.7
279, 8.1, -24.7
280, 8.1, -24.7
281, 8.1, -24.7
282, 8.1, -24.7
283, 8.1, -24.7
284, 8.1, -24.7
285, 8.1, -24.7
286, 8.0, -24.7
287, 8.0, -24.7
288, 8.0, -24.7
289, 8.0, -24.7
290, 8.0, -24.7
291, 8.0, -24.7
292, 8.0, -24.7
293, 8.0, -24.6
294, 8.0, -24.6
295, 8.0, -24.6
296, 8.0, -24.6
297, 8.0, -24.6
298, 8.0, -24.6
299, 8.0, -24.6
300, 8.0, -24.6
301, 8.0, -24.6
302, 8.0, -24.6
303, 8.0, -24.6
304, 8.0, -24.6
305, 8.0, -24.6
306, 8.0, -24.6
307, 8.0, -24.6
308, 8.0, -24.6
309, 8.0, -24.6
310, 8.0, -24.6
311, 8.0, -24.6
312, 8.0, -24.6
313, 8.0, -24.6
314, 8.0, -24.6
315, 8.0, -24.6
316, 8.0, -24.6
317, 8.0, -24.6
318, 8.0, -24.6
319, 8.0, -24.7
320, 8.0, -24.7
321, 8.0, -24.7
322, 8.0, -24.7
323, 8.0, -24.7
324, 8.0, -24.7
325, 8.0, -24.7
326, 8.0, -24.7
327, 8.0, -24.7
328, 8.0, -24.7
329, 8.0, -24.7
330, 8.0, -24.7
331, 8.0, -24.7
332, 8.0, -24.7
333, 8.0, -24.7
334, 8.0, -24.7
335, 8.0, -24.7
336, 8.0, -24.7
337, 8.0, -24.7
338, 8.0, -24.7
339, 8.0, -24.7
340, 8.0, -24.7
341, 8.0, -24.7
342, 8.0, -24.7
343, 8.0, -24.7
344, 8.0, -24.7
345, 8.0, -24.7
346, 8.0, -24.7
347, 8.0, -24.6
348, 8.0, -24.7
349, 8.0, -24.7
350, 8.0, -24.7
351, 8.0, -24.7
352, 8.0, -24.7
353, 8.0, -24.7
354, 8.0, -24.7
355, 8.0, -24.7
356, 8.0, -24.7
357, 8.0, -24.7
358, 8.0, -24.7
359, 8.0, -24.7
360, 8.0, -24.7
361, 8.0, -24.7
362, 8.0, -24.7
363, 8.0, -24.7
364, 8.0, -24.7
365, 8.0, -24.7
366, 8.0, -24.7
367, 8.0, -24.7
368, 8.0, -24.6
369, 8.0, -24.6
370, 8.0, -24.6
371, 8.1, -24.6
372, 8.1, -24.6
373, 8.1, -24.6
374, 8.1, -24.6
375, 8.1, -24.6
376, 8.1, -24.6
377, 8.1, -24.6
378, 8.1, -24.6
379, 8.1, -24.6
380, 8.1, -24.6
381, 8.1, -24.6
382, 8.1, -24.6
383, 8.1, -24.6
384, 8.0, -24.6
385, 8.0, -24.6
386, 8.0, -24.6
387, 8.0, -24.6
388, 8.0, -24.6
389, 8.0, -24.6
390, 8.0, -24.6
391, 8.0, -24.6
392, 8.0, -24.6
393, 8.0, -24.6
394, 8.0, -24.6
395, 8.0, -24.6
396, 8.0, -24.6
397, 8.0, -24.6
398, 8.0, -24.6
399, 8.0, -24.6
400, 8.0, -24.6
401, 8.0, -24.6
402, 8.0, -24.6
403, 8.0, -24.6
404, 8.0, -24.6
405, 8.0, -24.6
406, 8.0, -24.6
407, 8.0, -24.6
408, 8.0, -24.5
409, 8.0, -24.5
410, 8.0, -24.5
411, 8.0, -24.6
412, 8.0, -24.6
413, 8.0, -24.6
414, 8.0, -24.6
415, 8.0, -24.6
416, 8.0, -24.6
417, 8.0, -24.6
418, 8.0, -24.6
419, 8.0, -24.6
420, 8.0, -24.6
421, 8.0, -24.6
422, 8.0, -24.6
423, 8.0, -24.6
424, 8.0, -24.6
425, 8.0, -24.6
426, 8.0, -24.6
427, 8.0, -24.6
428, 8.0, -24.6
429, 8.0, -24.6
430, 8.0, -24.6
431, 8.0, -24.6
432, 8.0, -24.6
433, 8.0, -24.6
434, 8.0, -24.6
435, 8.0, -24.6
436, 8.0, -24.6
437, 8.0, -24.6
438, 8.0, -24.6
439, 8.0, -24.6
440, 8.0, -24.6
441, 8.0, -24.6
442, 8.0, -24.6
443, 8.0, -24.6
444, 8.0, -24.6
445, 8.0, -24.6
446, 8.0, -24.6
447, 8.0, -24.6
448, 8.0, -24.6
449, 8.0, -24.6
450, 8.0, -24.6
451, 8.0, -24.6
452, 8.0, -24.7
453, 8.0, -24.7
454, 8.0, -24.7
455, 8.0, -24.7
456, 8.0, -24.7
457, 8.0, -24.7
458, 8.0, -24.7
459, 8.0, -24.7
460, 8.0, -24.7
461, 8.0, -24.7
462, 8.0, -24.7
463, 8.0, -24.7
464, 8.0, -24.7
465, 8.0, -24.7
466, 8.0, -24.7
467, 8.0, -24.7
468, 8.0, -24.7
469, 8.0, -24.7
470, 8.0, -24.7
471, 8.0, -24.7
472, 8.0, -24.7
473, 8.0, -24.7
474, 8.0, -24.7
475, 8.0, -24.7
476, 8.0, -24.7
477, 8.0, -24.7
478, 8.0, -24.7
479, 8.0, -24.7
480, 8.0, -24.7
481, 8.0, -24.7
482, 8.0, -24.7
483, 8.0, -24.7
484, 8.0, -24.7
485, 8.0, -24.7
486, 8.0, -24.7
487, 8.0, -24.7
488, 8.1, -24.7
489, 8.1, -24.7
490, 8.1, -24.7
491, 8.1, -24.8
492, 8.1, -24.8
493, 8.1, -24.8
494, 8.1, -24.8
495, 8.1, -24.8
496, 8.1, -24.8
497, 8.1, -24.8
498, 8.1, -24.8
499, 8.1, -24.8
500, 8.1, -24.8
501, 8.1, -24.8
502, 8.1, -24.8
503, 8.1, -24.8
504, 8.1, -24.8
505, 8.1, -24.8
506, 8.1, -24.8
507, 8.1, -24.8
508, 8.1, -24.7
509, 8.1, -24.7
510, 8.1, -24.7
511, 8.1, -24.7
512, 8.1, -24.7
513, 8.1, -24.7
514, 8.1, -24.7
515, 8.1, -24.7
516, 8.1, -24.7
517, 8.1, -24.7
518, 8.1, -24.7
519, 8.1, -24.7
520, 8.1, -24.7
521, 8.1, -24.7
522, 8.1, -24.6
523, 8.1, -24.6
524, 8.1, -24.6
525, 8.1, -24.6
526, 8.1, -24.6
527, 8.1, -24.6
528, 8.1, -24.6
529, 8.1, -24.6
530, 8.1, -24.6
531, 8.1, -24.6
532, 8.1, -24.6
533, 8.1, -24.6
534, 8.1, -24.6
535, 8.0, -24.6
536, 8.0, -24.6
537, 8.0, -24.6
538, 8.0, -24.6
539, 8.0, -24.6
540, 8.0, -24.6
541, 8.0, -24.6
542, 8.0, -24.6
543, 8.0, -24.6
544, 8.0, -24.6
545, 8.0, -24.6
546, 8.0, -24.6
547, 8.0, -24.6
548, 8.0, -24.6
549, 8.0, -24.6
550, 8.0, -24.6
551, 8.0, -24.6
552, 8.0, -24.6
553, 8.0, -24.7
554, 8.0, -24.7
555, 8.0, -24.7
556, 8.0, -24.7
557, 8.0, -24.7
558, 8.0, -24.7
559, 8.0, -24.7
560, 8.0, -24.7
561, 8.0, -24.7
562, 8.0, -24.7
563, 8.0, -24.7
564, 8.0, -24.7
565, 8.0, -24.7
566, 8.0, -24.7
567, 8.0, -24.7
568, 8.0, -24.7
569, 8.0, -24.7
570, 8.0, -24.7
571, 8.0, -24.7
572, 8.0, -24.7
573, 8.0, -24.7
574, 8.0, -24.7
575, 8.0, -24.7
576, 8.0, -24.7
577, 8.0, -24.7
578, 8.0, -24.6
579, 8.0, -24.6
580, 8.0, -24.6
581, 8.0, -24.6
582, 8.0, -24.6
583, 8.0, -24.6
584, 8.0, -24.6
585, 8.0, -24.6
586, 8.0, -24.6
587, 8.0, -24.6
588, 8.0, -24.6
589, 8.0, -24.6
590, 8.0, -24.6
591, 8.0, -24.6
592, 8.0, -24.6
593, 8.0, -24.6
594, 8.0, -24.6
595, 8.0, -24.6
596, 8.0, -24.6
597, 8.0, -24.6
598, 8.1, -24.6
599, 8.1, -24.6
600, 8.1, -24.6
601, 8.1, -24.6
602, 8.1, -24.7
603, 8.1, -24.7
604, 8.1, -24.7
605, 8.1, -24.7
606, 8.1, -24.7
607, 8.1, -24.7
608, 8.1, -24.7
609, 8.1, -24.7
610, 8.0, -24.7
611, 8.0, -24.7
612, 8.0, -24.7
613, 8.0, -24.7
614, 8.0, -24.7
615, 8.0, -24.7
616, 8.0, -24.7
617, 8.0, -24.7
618, 8.0, -24.7
619, 8.0, -24.7
620, 8.0, -24.6
621, 8.0, -24.6
622, 8.0, -24.6
623, 8.0, -24.6
624, 8.0, -24.6
625, 8.0, -24.6
626, 8.0, -24.6
627, 8.0, -24.7
628, 8.0, -24.7
629, 8.0, -24.7
630, 8.0, -24.7
631, 8.0, -24.7
632, 8.0, -24.7
633, 8.0, -24.7
634, 8.0, -24.7
635, 8.0, -24.7
636, 8.0, -24.7
637, 8.0, -24.7
638, 8.0, -24.7
639, 8.0, -24.7
640, 8.0, -24.7
641, 8.0, -24.7
642, 8.0, -24.7
643, 8.0, -24.7
644, 8.0, -24.7
645, 8.0, -24.7
646, 8.0, -24.7
647, 8.0, -24.7
648, 8.0, -24.7
649, 8.0, -24.7
650, 8.0, -24.7
651, 8.0, -24.7
652, 8.0, -24.8
653, 8.0, -24.8
654, 8.0, -24.8
655, 8.0, -24.8
656, 8.0, -24.8
657, 8.0, -24.8
658, 8.0, -24.8
659, 8.0, -24.8
660, 8.0, -24.8
661, 8.0, -24.8
662, 8.0, -24.8
663, 8.0, -24.8
664, 8.0, -24.8
665, 8.0, -24.8
666, 8.0, -24.8
667, 8.0, -24.8
668, 8.0, -24.8
669, 8.0, -24.8
670, 8.0, -24.8
671, 8.0, -24.8
672, 8.0, -24.8
673, 8.0, -24.7
674, 8.0, -24.7
675, 8.0, -24.7
676, 8.0, -24.7
677, 8.0, -24.7
678, 8.0, -24.7
679, 8.0, -24.7
680, 8.0, -24.7
681, 8.0, -24.7
682, 8.0, -24.7
683, 8.0, -24.7
684, 8.0, -24.7
685, 8.0, -24.7
686, 8.0, -24.7
687, 8.0, -24.7
688, 8.0, -24.7
689, 8.0, -24.7
690, 8.0, -24.7
691, 8.0, -24.7
692, 8.0, -24.7
693, 8.0, -24.7
694, 8.0, -24.7
695, 8.0, -24.7
696, 8.0, -24.7
697, 8.0, -24.7
698, 8.0, -24.7
699, 8.0, -24.7
700, 8.0, -24.7
701, 8.0, -24.7
702, 8.0, -24.7
703, 8.0, -24.7
704, 8.0, -24.7
705, 8.0, -24.7
706, 8.0, -24.7
707, 8.0, -24.7
708, 8.0, -24.7
709, 8.0, -24.7
710, 8.0, -24.7
711, 8.0, -24.7
712, 8.0, -24.6
713, 8.0, -24.6
714, 8.0, -24.6
715, 8.0, -24.6
716, 8.0, -24.6
717, 8.0, -24.6
718, 8.0, -24.6
719, 8.0, -24.6
720, 8.0, -24.6
721, 8.0, -24.6
722, 8.0, -24.6
723, 8.0, -24.6
724, 8.0, -24.6
725, 8.0, -24.6
726, 8.0, -24.7
727, 8.0, -24.7
728, 8.0, -24.7
729, 8.0, -24.7
730, 8.0, -24.7
731, 8.0, -24.7
732, 8.0, -24.7
733, 8.0, -24.7
734, 8.0, -24.8
735, 8.0, -24.8
736, 8.0, -24.8
737, 8.0, -24.8
738, 8.0, -24.8
739, 8.0, -24.9
740, 8.0, -24.9
741, 8.0, -24.9
742, 8.0, -24.8
743, 8.0, -24.8
744, 8.0, -24.8
745, 8.0, -24.8
746, 8.0, -24.8
747, 8.0, -24.8
748, 8.0, -24.8
749, 8.0, -24.8
750, 8.0, -24.8
751, 8.0, -24.8
752, 8.0, -24.8
753, 8.0, -24.8
754, 8.0, -24.8
755, 8.0, -24.8
756, 8.0, -24.8
757, 8.0, -24.8
758, 8.0, -24.8
759, 8.0, -24.8
760, 8.0, -24.8
761, 8.0, -24.8
762, 8.0, -24.8
763, 8.0, -24.8
764, 8.0, -24.8
765, 8.0, -24.8
766, 8.0, -24.8
767, 8.0, -24.8
768, 8.0, -24.8
769, 8.0, -24.8
770, 8.0, -24.8
771, 8.0, -24.8
772, 8.0, -24.8
773, 8.0, -24.8
774, 8.0, -24.8
775, 8.0, -24.8
776, 8.0, -24.8
777, 8.0, -24.8
778, 8.0, -24.8
779, 8.0, -24.8
780, 8.0, -24.8
781, 8.0, -24.8
782, 8.0, -24.8
783, 8.0, -24.8
784, 8.0, -24.8
785, 8.0, -24.8
786, 8.0, -24.8
787, 8.0, -24.8
788, 8.0, -24.7
789, 8.0, -24.7
790, 8.0, -24.7
791, 8.0, -24.7
792, 8.0, -24.7
793, 8.0, -24.7
794, 8.0, -24.7
795, 8.0, -24.7
796, 8.0, -24.7
797, 8.0, -24.7
798, 8.0, -24.7
799, 8.0, -24.7
800, 8.0, -24.7
801, 8.0, -24.7
802, 8.0, -24.7
803, 8.0, -24.7
804, 8.0, -24.7
805, 8.0, -24.7
806, 8.0, -24.7
807, 8.0, -24.7
808, 8.0, -24.7
809, 8.0, -24.7
810, 8.0, -24.7
811, 8.0, -24.8
812, 8.0, -24.8
813, 8.0, -24.8
814, 8.0, -24.8
815, 8.0, -24.8
816, 8.0, -24.8
817, 8.0, -24.8
818, 8.0, -24.8
819, 8.0, -24.8
820, 8.0, -24.8
821, 8.0, -24.8
822, 8.0, -24.8
823, 8.0, -24.8
824, 8.0, -24.8
825, 8.0, -24.8
826, 8.1, -24.8
827, 8.1, -24.8
828, 8.1, -24.8
829, 8.1, -24.8
830, 8.1, -24.8
831, 8.1, -24.8
832, 8.1, -24.8
833, 8.1, -24.8
834, 8.1, -24.8
835, 8.1, -24.8
836, 8.1, -24.8
837, 8.1, -24.8
838, 8.1, -24.8
839, 8.1, -24.8
840, 8.1, -24.8
841, 8.1, -24.8
842, 8.1, -24.8
843, 8.1, -24.8
844, 8.1, -24.8
845, 8.1, -24.8
846, 8.1, -24.8
847, 8.1, -24.8
848, 8.1, -24.8
849, 8.1, -24.8
850, 8.1, -24.8
851, 8.1, -24.8
852, 8.1, -24.8
853, 8.1, -24.8
854, 8.1, -24.8
855, 8.1, -24.8
856, 8.1, -24.8
857, 8.1, -24.8
858, 8.1, -24.8
859, 8.1, -24.8
860, 8.1, -24.8
861, 8.0, -24.8
862, 8.0, -24.8
863, 8.0, -24.8
864, 8.0, -24.8
865, 8.0, -24.8
866, 8.0, -24.8
867, 8.0, -24.8
868, 8.0, -24.8
869, 8.0, -24.8
870, 8.0, -24.8
871, 8.0, -24.8
872, 8.0, -24.8
873, 8.0, -24.8
874, 8.0, -24.7
875, 8.0, -24.7
876, 8.0, -24.7
877, 8.0, -24.7
878, 8.0, -24.8
879, 8.0, -24.8
880, 8.0, -24.8
881, 8.0, -24.7
882, 8.0, -24.7
883, 8.0, -24.7
884, 8.0, -24.7
885, 8.0, -24.7
886, 8.0, -24.7
887, 8.0, -24.7
888, 8.0, -24.7
889, 8.0, -24.7
890, 8.0, -24.7
891, 8.0, -24.7
892, 8.0, -24.7
893, 8.0, -24.7
894, 8.0, -24.7
895, 8.0, -24.7
896, 8.0, -24.7
897, 8.0, -24.7
898, 8.0, -24.7
899, 8.0, -24.7
900, 8.0, -24.7
901, 8.0, -24.7
902, 8.0, -24.7
903, 8.0, -24.6
904, 8.0, -24.6
905, 8.0, -24.6
906, 8.0, -24.6
907, 8.0, -24.6
908, 8.0, -24.6
909, 8.0, -24.6
910, 8.0, -24.6
911, 8.0, -24.6
912, 8.0, -24.6
913, 8.0, -24.6
914, 8.0, -24.6
915, 8.0, -24.6
916, 8.0, -24.6
917, 8.0, -24.6
918, 8.0, -24.6
919, 8.0, -24.6
920, 8.0, -24.6
921, 8.0, -24.6
922, 8.0, -24.6
923, 8.0, -24.6
924, 8.0, -24.6
925, 8.0, -24.6
926, 8.0, -24.6
927, 8.0, -24.6
928, 8.0, -24.6
929, 8.0, -24.6
930, 8.0, -24.6
931, 8.0, -24.6
932, 8.0, -24.6
933, 8.0, -24.6
934, 8.0, -24.6
935, 8.0, -24.6
936, 8.0, -24.6
937, 8.0, -24.6
938, 8.0, -24.6
939, 8.0, -24.6
940, 8.0, -24.6
941, 8.1, -24.6
942, 8.1, -24.7
943, 8.1, -24.7
944, 8.1, -24.7
945, 8.1, -24.7
946, 8.1, -24.7
947, 8.1, -24.7
948, 8.0, -24.7
949, 8.0, -24.7
950, 8.0, -24.7
951, 8.0, -24.7
952, 8.0, -24.7
953, 8.0, -24.7
954, 8.0, -24.7
955, 8.0, -24.8
956, 8.0, -24.8
957, 8.0, -24.8
958, 8.0, -24.8
959, 8.0, -24.8
960, 8.0, -24.8
961, 8.0, -24.8
962, 8.0, -24.8
963, 8.0, -24.8
964, 8.0, -24.8
965, 8.0, -24.8
966, 8.0, -24.7
967, 8.0, -24.7
968, 8.0, -24.6
969, 8.0, -24.6
970, 8.0, -24.6
971, 8.0, -24.6
972, 8.0, -24.6
973, 8.0, -24.6
974, 8.0, -24.6
975, 8.0, -24.6
976, 8.0, -24.6
977, 8.0, -24.6
978, 8.0, -24.6
979, 8.0, -24.6
980, 8.0, -24.6
981, 8.0, -24.7
982, 8.0, -24.7
983, 8.0, -24.7
984, 8.0, -24.7
985, 8.0, -24.7
986, 8.0, -24.7
987, 8.0, -24.7
988, 8.0, -24.7
989, 8.0, -24.7
990, 8.0, -24.7
991, 8.0, -24.7
992, 8.0, -24.7
993, 8.0, -24.7
994, 8.0, -24.7
995, 8.0, -24.7
996, 8.0, -24.7
997, 8.0, -24.7
998, 8.0, -24.7
999, 8.0, -24.7
1000, 8.0, -24.7
1001, 8.0, -24.7
1002, 8.0, -24.7
1003, 8.0, -24.6
1004, 8.0, -24.6
1005, 8.0, -24.6
1006, 8.0, -24.6
1007, 8.0, -24.6
1008, 8.0, -24.6
1009, 8.0, -24.6
1010, 8.0, -24.6
1011, 8.0, -24.6
1012, 8.0, -24.6
1013, 8.0, -24.6
1014, 8.0, -24.6
1015, 8.0, -24.6
1016, 8.0, -24.6
1017, 8.0, -24.6
1018, 8.0, -24.6
1019, 8.0, -24.6
1020, 8.0, -24.6
1021, 8.0, -24.6
1022, 8.0, -24.6
1023, 8.0, -24.6
1024, 8.0, -24.6
1025, 8.0, -24.6
1026, 8.0, -24.6
1027, 8.0, -24.6
1028, 8.0, -24.6
1029, 8.0, -24.6
1030, 8.0, -24.6
1031, 8.0, -24.7
1032, 8.0, -24.7
1033, 8.0, -24.7
1034, 8.0, -24.7
1035, 8.0, -24.7
1036, 8.0, -24.7
1037, 8.0, -24.7
1038, 8.0, -24.7
1039, 8.0, -24.7
1040, 8.0, -24.7
1041, 8.0, -24.7
1042, 8.0, -24.7
1043, 8.0, -24.7
1044, 8.0, -24.7
1045, 8.0, -24.7
1046, 8.0, -24.7
1047, 8.0, -24.7
1048, 8.0, -24.7
1049, 8.0, -24.7
1050, 8.0, -24.7
1051, 8.0, -24.7
1052, 8.0, -24.7
1053, 8.0, -24.7
1054, 8.0, -24.7
1055, 8.0, -24.7
1056, 8.1, -24.7
1057, 8.1, -24.7
1058, 8.1, -24.7
1059, 8.1, -24.7
1060, 8.1, -24.7
1061, 8.1, -24.7
1062, 8.1, -24.7
1063, 8.1, -24.7
1064, 8.1, -24.7
1065, 8.1, -24.7
1066, 8.1, -24.7
1067, 8.1, -24.7
1068, 8.1, -24.7
1069, 8.1, -24.7
1070, 8.1, -24.7
1071, 8.1, -24.8
1072, 8.1, -24.8
1073, 8.1, -24.8
1074, 8.1, -24.8
1075, 8.1, -24.8
1076, 8.1, -24.8
1077, 8.1, -24.8
1078, 8.1, -24.7
1079, 8.1, -24.7
1080, 8.1, -24.7
1081, 8.1, -24.7
1082, 8.1, -24.7
1083, 8.1, -24.7
1084, 8.1, -24.7
1085, 8.1, -24.7
1086, 8.1, -24.7
1087, 8.1, -24.7
1088, 8.1, -24.7
1089, 8.1, -24.7
1090, 8.1, -24.7
1091, 8.1, -24.7
1092, 8.1, -24.7
1093, 8.1, -24.7
1094, 8.1, -24.7
1095, 8.1, -24.7
1096, 8.1, -24.7
1097, 8.1, -24.7
1098, 8.1, -24.7
1099, 8.1, -24.7
1100, 8.1, -24.7
1101, 8.1, -24.7
1102, 8.1, -24.7
1103, 8.1, -24.7
1104, 8.1, -24.7
1105, 8.1, -24.7
1106, 8.1, -24.7
1107, 8.1, -24.7
1108, 8.1, -24.6
1109, 8.1, -24.6
1110, 8.1, -24.6
1111, 8.1, -24.6
1112, 8.1, -24.6
1113, 8.1, -24.6
1114, 8.1, -24.6
1115, 8.0, -24.6
1116, 8.0, -24.6
1117, 8.1, -24.6
1118, 8.1, -24.6
1119, 8.1, -24.7
1120, 8.1, -24.7
1121, 8.1, -24.7
1122, 8.1, -24.7
1123, 8.1, -24.7
1124, 8.1, -24.7
1125, 8.1, -24.7
1126, 8.1, -24.7
1127, 8.1, -24.7
1128, 8.1, -24.7
1129, 8.1, -24.7
1130, 8.1, -24.7
1131, 8.1, -24.7
1132, 8.1, -24.7
1133, 8.1, -24.7
1134, 8.1, -24.7
1135, 8.1, -24.7
1136, 8.1, -24.7
1137, 8.1, -24.7
1138, 8.1, -24.7
1139, 8.1, -24.7
1140, 8.1, -24.7
1141, 8.1, -24.6
1142, 8.1, -24.6
1143, 8.1, -24.6
1144, 8.1, -24.6
1145, 8.1, -24.6
1146, 8.1, -24.6
1147, 8.1, -24.6
1148, 8.1, -24.6
1149, 8.1, -24.6
1150, 8.1, -24.6
1151, 8.1, -24.6
1152, 8.1, -24.6
1153, 8.1, -24.6
1154, 8.1, -24.6
1155, 8.1, -24.6
1156, 8.1, -24.6
1157, 8.1, -24.6
1158, 8.1, -24.6
1159, 8.1, -24.6
1160, 8.0, -24.6
1161, 8.0, -24.6
1162, 8.0, -24.6
1163, 8.0, -24.6
1164, 8.0, -24.6
1165, 8.0, -24.6
1166, 8.0, -24.6
1167, 8.0, -24.6
1168, 8.0, -24.6
1169, 8.0, -24.6
1170, 8.0, -24.6
1171, 8.0, -24.6
1172, 8.0, -24.6
1173, 8.0, -24.6
1174, 8.0, -24.6
1175, 8.0, -24.6
1176, 8.0, -24.6
1177, 8.0, -24.7
1178, 8.0, -24.7
1179, 8.0, -24.7
1180, 8.0, -24.7
1181, 8.0, -24.7
1182, 8.0, -24.7
1183, 8.0, -24.7
1184, 8.0, -24.7
1185, 8.0, -24.7
1186, 8.0, -24.7
1187, 8.0, -24.7
1188, 8.0, -24.7
1189, 8.0, -24.7
1190, 8.0, -24.7
1191, 8.0, -24.7
1192, 8.0, -24.7
1193, 8.0, -24.7
1194, 8.0, -24.7
1195, 8.0, -24.7
1196, 8.0, -24.7
1197, 8.0, -24.8
1198, 8.0, -24.8
1199, 8.0, -24.8
1200, 8.0, -24.8
1201, 8.0, -24.8
1202, 8.0, -24.8
1203, 8.0, -24.8
1204, 8.0, -24.8
1205, 8.0, -24.8
1206, 8.0, -24.8
1207, 8.0, -24.8
1208, 8.0, -24.8
1209, 8.0, -24.8
1210, 8.0, -24.8
1211, 8.0, -24.8
1212, 8.0, -24.8
1213, 8.0, -24.8
1214, 8.0, -24.8
1215, 8.0, -24.8
1216, 8.0, -24.8
1217, 8.0, -24.8
1218, 8.0, -24.8
1219, 8.0, -24.8
1220, 8.0, -24.8
1221, 8.0, -24.8
1222, 8.0, -24.8
1223, 8.0, -24.8
1224, 8.0, -24.8
1225, 8.0, -24.8
1226, 8.0, -24.8
1227, 8.0, -24.8
1228, 8.0, -24.8
1229, 8.0, -24.8
1230, 8.0, -24.8
1231, 8.0, -24.8
1232, 8.0, -24.8
1233, 8.0, -24.8
1234, 8.0, -24.8
1235, 8.0, -24.8
1236, 8.0, -24.8
1237, 8.0, -24.8
1238, 8.0, -24.8
1239, 8.0, -24.8
1240, 8.0, -24.8
1241, 8.0, -24.8
1242, 8.0, -24.8
1243, 8.0, -24.8
1244, 8.0, -24.8
1245, 8.0, -24.8
1246, 8.0, -24.8
1247, 8.0, -24.8
1248, 8.0, -24.8
1249, 8.0, -24.8
1250, 8.0, -24.8
1251, 8.0, -24.8
1252, 8.0, -24.8
1253, 8.0, -24.8
1254, 8.0, -24.8
1255, 8.0, -24.8
1256, 8.0, -24.8
1257, 8.0, -24.8
1258, 8.0, -24.8
1259, 8.0, -24.8
1260, 8.0, -24.8
1261, 8.0, -24.8
1262, 8.0, -24.8
1263, 8.0, -24.8
1264, 8.0, -24.8
1265, 8.0, -24.8
1266, 8.0, -24.8
1267, 8.0, -24.7
1268, 8.0, -24.7
1269, 8.0, -24.7
1270, 8.0, -24.7
1271, 8.0, -24.7
1272, 8.0, -24.7
1273, 8.0, -24.7
1274, 8.0, -24.7
1275, 8.0, -24.7
1276, 8.0, -24.7
1277, 8.0, -24.7
1278, 8.0, -24.7
1279, 8.0, -24.7
1280, 8.0, -24.7
1281, 8.0, -24.7
1282, 8.0, -24.7
1283, 8.0, -24.7
1284, 8.0, -24.7
1285, 8.0, -24.7
1286, 8.0, -24.7
1287, 8.0, -24.7
1288, 8.0, -24.7
1289, 8.0, -24.7
1290, 8.0, -24.7
1291, 8.0, -24.7
1292, 8.0, -24.7
1293, 8.1, -24.7
1294, 8.1, -24.7
1295, 8.1, -24.7
1296, 8.1, -24.7
1297, 8.1, -24.7
1298, 8.1, -24.7
1299, 8.1, -24.7
1300, 8.1, -24.7
1301, 8.1, -24.7
1302, 8.1, -24.7
1303, 8.1, -24.7
1304, 8.1, -24.7
1305, 8.1, -24.7
1306, 8.1, -24.7
1307, 8.1, -24.7
1308, 8.1, -24.7
1309, 8.1, -24.8
1310, 8.1, -24.8
1311, 8.1, -24.8
1312, 8.1, -24.8
1313, 8.1, -24.8
1314, 8.1, -24.8
1315, 8.1, -24.8
1316, 8.0, -24.8
1317, 8.0, -24.8
1318, 8.0, -24.8
1319, 8.0, -24.8
1320, 8.1, -24.8
1321, 8.1, -24.8
1322, 8.1, -24.8
1323, 8.1, -24.8
1324, 8.1, -24.8
1325, 8.1, -24.8
1326, 8.1, -24.8
1327, 8.1, -24.8
1328, 8.1, -24.8
1329, 8.1, -24.8
1330, 8.1, -24.8
1331, 8.1, -24.8
1332, 8.1, -24.8
1333, 8.1, -24.8
1334, 8.1, -24.8
1335, 8.1, -24.8
1336, 8.1, -24.8
1337, 8.1, -24.8
1338, 8.1, -24.8
1339, 8.1, -24.8
1340, 8.1, -24.8
1341, 8.1, -24.8
1342, 8.1, -24.8
1343, 8.1, -24.8
1344, 8.1, -24.8
1345, 8.1, -24.8
1346, 8.1, -24.8
1347, 8.1, -24.8
1348, 8.1, -24.8
1349, 8.1, -24.8
1350, 8.1, -24.7
1351, 8.1, -24.7
1352, 8.1, -24.7
1353, 8.1, -24.7
1354, 8.1, -24.7
1355, 8.1, -24.7
1356, 8.1, -24.7
1357, 8.0, -24.7
1358, 8.0, -24.7
1359, 8.0, -24.7
1360, 8.0, -24.7
1361, 8.0, -24.8
1362, 8.0, -24.8
1363, 8.0, -24.8
1364, 8.0, -24.8
1365, 8.0, -24.8
1366, 8.0, -24.7
1367, 8.0, -24.7
1368, 8.0, -24.7
1369, 8.0, -24.7
1370, 8.0, -24.7
1371, 8.0, -24.7
1372, 8.0, -24.7
1373, 8.0, -24.7
1374, 8.0, -24.7
1375, 8.0, -24.7
1376, 8.0, -24.7
1377, 8.0, -24.7
1378, 8.0, -24.7
1379, 8.0, -24.7
1380, 8.0, -24.7
1381, 8.0, -24.7
1382, 8.0, -24.7
1383, 8.0, -24.7
1384, 8.0, -24.7
1385, 8.0, -24.7
1386, 8.0, -24.7
1387, 8.0, -24.7
1388, 8.0, -24.7
1389, 8.0, -24.7
1390, 8.0, -24.7
1391, 8.0, -24.7
1392, 8.0, -24.7
1393, 8.0, -24.8
1394, 8.0, -24.8
1395, 8.0, -24.8
1396, 8.0, -24.7
1397, 8.0, -24.7
1398, 8.0, -24.7
1399, 8.0, -24.7
1400, 8.0, -24.7
1401, 8.0, -24.7
1402, 8.0, -24.7
1403, 8.0, -24.7
1404, 8.0, -24.7
1405, 8.0, -24.8
1406, 8.0, -24.8
1407, 8.0, -24.8
1408, 8.0, -24.8
1409, 8.0, -24.8
1410, 8.0, -24.8
1411, 8.0, -24.8
1412, 8.0, -24.8
1413, 8.0, -24.8
1414, 8.0, -24.8
1415, 8.0, -24.8
1416, 8.0, -24.8
1417, 8.0, -24.8
1418, 8.0, -24.8
1419, 8.0, -24.7
1420, 8.0, -24.7
1421, 8.0, -24.7
1422, 8.0, -24.7
1423, 8.0, -24.7
1424, 8.0, -24.7
1425, 8.0, -24.7
1426, 8.0, -24.7
1427, 8.0, -24.7
1428, 8.0, -24.7
1429, 8.0, -24.8
1430, 8.0, -24.7
1431, 8.0, -24.7
1432, 8.0, -24.7
1433, 8.0, -24.7
1434, 8.0, -24.7
1435, 8.0, -24.7
1436, 8.0, -24.7
1437, 8.0, -24.7
1438, 8.0, -24.7
1439, 8.0, -24.7
1440, 8.0, -24.7
1441, 8.0, -24.7
1442, 8.0, -24.7
1443, 8.0, -24.7
1444, 8.0, -24.7
1445, 8.0, -24.7
1446, 8.0, -24.7
1447, 8.0, -24.7
1448, 8.0, -24.8
1449, 8.0, -24.8
1450, 8.0, -24.8
1451, 8.0, -24.8
1452, 8.0, -24.8
1453, 8.0, -24.8
1454, 8.0, -24.8
1455, 8.0, -24.8
1456, 8.0, -24.8
1457, 8.0, -24.8
1458, 8.0, -24.8
1459, 8.0, -24.8
1460, 8.0, -24.8
1461, 8.0, -24.8
1462, 8.0, -24.8
1463, 8.0, -24.8
1464, 8.0, -24.8
1465, 8.0, -24.8
1466, 8.0, -24.8
1467, 8.0, -24.8
1468, 8.0, -24.8
1469, 8.0, -24.8
1470, 8.0, -24.8
1471, 8.0, -24.7
1472, 8.0, -24.7
1473, 8.0, -24.7
1474, 8.0, -24.7
1475, 8.0, -24.7
1476, 8.0, -24.7
1477, 8.0, -24.8
1478, 8.0, -24.8
1479, 8.0, -24.8
1480, 8.0, -24.8
1481, 8.0, -24.8
1482, 8.0, -24.8
1483, 8.0, -24.8
1484, 8.0, -24.8
1485, 8.0, -24.8
1486, 8.0, -24.8
1487, 8.0, -24.8
1488, 8.0, -24.8
1489, 8.0, -24.8
1490, 8.0, -24.8
1491, 8.0, -24.8
1492, 8.0, -24.8
1493, 8.0, -24.8
1494, 8.0, -24.8
1495, 8.0, -24.8
1496, 8.0, -24.8
1497, 8.0, -24.8
1498, 8.0, -24.8
1499, 8.1, -24.8
1500, 8.1, -24.8
1501, 8.1, -24.8
1502, 8.1, -24.8
1503, 8.1, -24.8
1504, 8.1, -24.8
1505, 8.1, -24.8
1506, 8.1, -24.7
1507, 8.1, -24.7
1508, 8.1, -24.7
1509, 8.1, -24.7
1510, 8.1, -24.7
1511, 8.0, -24.7
1512, 8.0, -24.7
1513, 8.0, -24.7
1514, 8.0, -24.7
1515, 8.0, -24.7
1516, 8.0, -24.7
1517, 8.0, -24.8
1518, 8.0, -24.8
1519, 8.0, -24.8
1520, 8.0, -24.8
1521, 8.0, -24.8
1522, 8.0, -24.8
1523, 8.0, -24.8
1524, 8.0, -24.8
1525, 8.0, -24.8
1526, 8.0, -24.8
1527, 8.0, -24.8
1528, 8.0, -24.8
1529, 8.0, -24.8
1530, 8.0, -24.8
1531, 8.0, -24.8
1532, 8.0, -24.8
1533, 8.0, -24.8
1534, 8.0, -24.8
1535, 8.0, -24.8
1536, 8.0, -24.8
1537, 8.0, -24.8
1538, 8.0, -24.8
1539, 8.0, -24.8
1540, 8.0, -24.8
1541, 8.0, -24.8
1542, 8.0, -24.8
1543, 8.0, -24.8
1544, 8.0, -24.8
1545, 8.0, -24.8
1546, 8.0, -24.8
1547, 8.0, -24.8
1548, 8.0, -24.8
1549, 8.0, -24.8
1550, 8.0, -24.8
1551, 8.0, -24.8
1552, 8.0, -24.8
1553, 8.0, -24.8
1554, 8.0, -24.8
1555, 8.0, -24.8
1556, 8.0, -24.8
1557, 8.0, -24.8
1558, 8.0, -24.8
1559, 8.0, -24.8
1560, 8.0, -24.8
1561, 8.0, -24.8
1562, 8.0, -24.8
1563, 8.0, -24.8
1564, 8.0, -24.8
1565, 8.0, -24.8
1566, 8.0, -24.8
1567, 8.0, -24.8
1568, 8.0, -24.8
1569, 8.0, -24.7
1570, 8.0, -24.7
1571, 8.0, -24.7
1572, 8.0, -24.7
1573, 8.0, -24.7
1574, 8.0, -24.7
1575, 8.0, -24.7
1576, 8.0, -24.7
1577, 8.0, -24.7
1578, 8.0, -24.7
1579, 8.0, -24.7
1580, 8.0, -24.7
1581, 8.0, -24.7
1582, 8.0, -24.7
1583, 8.0, -24.7
1584, 8.0, -24.7
1585, 8.0, -24.7
1586, 8.0, -24.7
1587, 8.0, -24.7
1588, 8.0, -24.7
1589, 8.0, -24.7
1590, 8.0, -24.7
1591, 8.0, -24.7
1592, 8.0, -24.7
1593, 8.0, -24.7
1594, 8.0, -24.7
1595, 8.0, -24.7
1596, 8.0, -24.8
1597, 8.0, -24.8
1598, 8.0, -24.8
1599, 8.0, -24.8
1600, 8.0, -24.8
1601, 8.0, -24.8
1602, 8.0, -24.8
1603, 8.0, -24.8
1604, 8.0, -24.8
1605, 8.0, -24.8
1606, 8.0, -24.8
1607, 8.0, -24.8
1608, 8.0, -24.8
1609, 8.0, -24.8
1610, 8.0, -24.8
1611, 8.0, -24.8
1612, 8.0, -24.8
1613, 8.0, -24.8
1614, 8.0, -24.8
1615, 8.0, -24.8
1616, 8.0, -24.8
1617, 8.0, -24.8
1618, 8.0, -24.8
1619, 8.0, -24.8
1620, 8.0, -24.8
1621, 8.0, -24.8
1622, 8.0, -24.8
1623, 8.0, -24.8
1624, 8.0, -24.8
1625, 8.0, -24.8
1626, 8.0, -24.8
1627, 8.0, -24.8
1628, 8.0, -24.8
1629, 8.0, -24.8
1630, 8.0, -24.8
1631, 8.0, -24.9
1632, 8.0, -24.9
1633, 8.0, -24.9
1634, 8.0, -24.9
1635, 8.0, -24.9
1636, 8.0, -24.8
1637, 8.0, -24.8
1638, 8.0, -24.8
1639, 8.0, -24.8
1640, 8.0, -24.8
1641, 8.0, -24.7
1642, 8.0, -24.7
1643, 8.0, -24.7
1644, 8.0, -24.7
1645, 8.0, -24.7
1646, 8.0, -24.7
1647, 8.0, -24.6
1648, 8.0, -24.6
1649, 8.0, -24.6
1650, 8.0, -24.6
1651, 8.0, -24.6
1652, 8.0, -24.6
1653, 8.0, -24.6
1654, 8.0, -24.6
1655, 8.0, -24.6
1656, 8.0, -24.6
1657, 8.0, -24.6
1658, 8.0, -24.6
1659, 8.0, -24.6
1660, 8.0, -24.6
1661, 8.0, -24.6
1662, 8.0, -24.6
1663, 8.1, -24.6
1664, 8.1, -24.6
1665, 8.1, -24.6
1666, 8.1, -24.6
1667, 8.1, -24.6
1668, 8.1, -24.6
1669, 8.1, -24.6
1670, 8.1, -24.6
1671, 8.1, -24.6
1672, 8.1, -24.6
1673, 8.0, -24.6
1674, 8.0, -24.6
1675, 8.0, -24.7
1676, 8.0, -24.7
1677, 8.0, -24.7
1678, 8.0, -24.7
1679, 8.0, -24.6
1680, 8.0, -24.6
1681, 8.0, -24.6
1682, 8.0, -24.6
1683, 8.0, -24.6
1684, 8.0, -24.6
1685, 8.0, -24.6
1686, 8.0, -24.6
1687, 8.0, -24.6
1688, 8.0, -24.6
1689, 8.0, -24.6
1690, 8.0, -24.7
1691, 8.0, -24.7
1692, 8.0, -24.7
1693, 8.0, -24.7
1694, 8.0, -24.7
1695, 8.0, -24.7
1696, 8.0, -24.7
1697, 8.0, -24.7
1698, 8.0, -24.7
1699, 8.0, -24.7
1700, 8.0, -24.7
1701, 8.0, -24.7
1702, 8.0, -24.7
1703, 8.0, -24.7
1704, 8.0, -24.7
1705, 8.0, -24.7
1706, 8.0, -24.7
1707, 8.0, -24.7
1708, 8.0, -24.7
1709, 8.0, -24.7
1710, 8.0, -24.7
1711, 8.0, -24.7
1712, 8.0, -24.7
1713, 8.0, -24.7
1714, 8.0, -24.7
1715, 8.0, -24.7
1716, 8.0, -24.7
1717, 8.0, -24.7
1718, 8.0, -24.7
1719, 8.0, -24.7
1720, 8.0, -24.7
1721, 8.0, -24.7
1722, 8.0, -24.7
1723, 8.0, -24.7
1724, 8.0, -24.7
1725, 8.0, -24.7
1726, 8.0, -24.7
1727, 8.0, -24.7
1728, 8.0, -24.7
1729, 8.0, -24.7
1730, 8.0, -24.7
1731, 8.0, -24.7
1732, 8.0, -24.7
1733, 8.0, -24.7
1734, 8.0, -24.7
1735, 8.0, -24.7
1736, 8.0, -24.7
1737, 8.0, -24.7
1738, 8.0, -24.7
1739, 8.0, -24.7
1740, 8.0, -24.7
1741, 8.0, -24.7
1742, 8.0, -24.7
1743, 8.0, -24.7
1744, 8.0, -24.7
1745, 8.0, -24.7
1746, 8.0, -24.7
1747, 8.0, -24.7
1748, 8.0, -24.7
1749, 8.0, -24.7
1750, 8.0, -24.7
1751, 8.0, -24.7
1752, 8.0, -24.7
1753, 8.0, -24.7
1754, 8.0, -24.7
1755, 8.0, -24.7
1756, 8.0, -24.7
1757, 8.0, -24.7
1758, 8.0, -24.7
1759, 8.0, -24.7
1760, 8.0, -24.7
1761, 8.0, -24.7
1762, 8.0, -24.7
1763, 8.0, -24.7
1764, 8.0, -24.7
1765, 8.0, -24.7
1766, 8.0, -24.6
1767, 8.0, -24.6
1768, 8.0, -24.6
1769, 8.0, -24.6
1770, 8.0, -24.6
1771, 8.0, -24.6
1772, 8.0, -24.6
1773, 8.0, -24.6
1774, 8.0, -24.6
1775, 8.0, -24.6
1776, 8.0, -24.6
1777, 8.0, -24.6
1778, 8.0, -24.6
1779, 8.0, -24.6
1780, 8.0, -24.6
1781, 8.0, -24.6
1782, 8.0, -24.6
1783, 8.0, -24.6
1784, 8.0, -24.6
1785, 8.0, -24.6
1786, 8.0, -24.6
1787, 8.0, -24.6
1788, 8.0, -24.6
1789, 8.0, -24.6
1790, 8.0, -24.6
1791, 8.0, -24.5
1792, 8.0, -24.5
1793, 8.0, -24.5
1794, 8.0, -24.5
1795, 8.0, -24.5
1796, 8.0, -24.5
1797, 8.0, -24.5
1798, 8.0, -24.5
1799, 8.0, -24.5
1800, 8.0, -24.5
1801, 8.0, -24.6
1802, 8.0, -24.6
1803, 8.0, -24.6
1804, 8.0, -24.6
1805, 8.0, -24.6
1806, 8.0, -24.6
1807, 8.0, -24.6
1808, 8.0, -24.6
1809, 8.0, -24.6
1810, 8.0, -24.6
1811, 8.0, -24.6
1812, 8.0, -24.6
1813, 8.0, -24.7
1814, 8.0, -24.7
1815, 8.0, -24.7
1816, 8.0, -24.7
1817, 8.0, -24.7
1818, 8.0, -24.7
1819, 8.0, -24.7
1820, 8.0, -24.7
1821, 8.0, -24.7
1822, 8.0, -24.7
1823, 8.0, -24.7
1824, 8.0, -24.8
1825, 8.0, -24.8
1826, 8.0, -24.8
1827, 8.0, -24.8
1828, 8.0, -24.7
1829, 8.0, -24.7
1830, 8.0, -24.7
1831, 8.0, -24.7
1832, 8.0, -24.7
1833, 8.0, -24.7
1834, 8.0, -24.7
1835, 8.0, -24.7
1836, 8.0, -24.8
1837, 8.0, -24.8
1838, 8.0, -24.8
1839, 8.0, -24.8
1840, 8.0, -24.8
1841, 8.0, -24.8
1842, 8.0, -24.8
1843, 8.0, -24.8
1844, 8.0, -24.8
1845, 8.0, -24.8
1846, 8.0, -24.8
1847, 8.0, -24.8
1848, 8.0, -24.8
1849, 8.0, -24.8
1850, 8.0, -24.8
1851, 8.0, -24.8
1852, 8.0, -24.8
1853, 8.0, -24.8
1854, 8.0, -24.8
1855, 8.0, -24.7
1856, 8.0, -24.7
1857, 8.0, -24.7
1858, 8.0, -24.7
1859, 8.0, -24.7
1860, 8.0, -24.7
1861, 8.0, -24.7
1862, 8.0, -24.7
1863, 8.0, -24.7
1864, 8.0, -24.7
1865, 8.0, -24.8
1866, 8.0, -24.8
1867, 8.0, -24.8
1868, 8.0, -24.8
1869, 8.0, -24.8
1870, 8.0, -24.8
1871, 8.0, -24.8
1872, 8.0, -24.8
1873, 8.0, -24.8
1874, 8.0, -24.8
1875, 8.0, -24.8
1876, 8.0, -24.8
1877, 8.1, -24.8
1878, 8.1, -24.7
1879, 8.1, -24.7
1880, 8.0, -24.7
1881, 8.0, -24.7
1882, 8.0, -24.7
1883, 8.0, -24.7
1884, 8.0, -24.7
1885, 8.0, -24.7
1886, 8.0, -24.7
1887, 8.0, -24.7
1888, 8.1, -24.7
1889, 8.1, -24.7
1890, 8.1, -24.7
1891, 8.1, -24.7
1892, 8.1, -24.7
1893, 8.1, -24.7
1894, 8.1, -24.7
1895, 8.1, -24.7
1896, 8.1, -24.7
1897, 8.1, -24.7
1898, 8.0, -24.7
1899, 8.0, -24.7
1900, 8.0, -24.7
1901, 8.0, -24.6
1902, 8.0, -24.6
1903, 7.9, -24.6
1904, 7.9, -24.6
1905, 7.9, -24.6
1906, 7.9, -24.6
1907, 7.9, -24.6
1908, 7.9, -24.6
1909, 7.9, -24.6
1910, 8.0, -24.6
1911, 8.0, -24.7
1912, 8.0, -24.7
1913, 8.0, -24.7
1914, 8.0, -24.7
1915, 8.0, -24.7
1916, 8.0, -24.7
1917, 8.0, -24.7
1918, 8.0, -24.7
1919, 8.0, -24.7
1920, 8.0, -24.7
1921, 8.0, -24.7
1922, 8.0, -24.7
1923, 8.0, -24.7
1924, 8.0, -24.7
1925, 8.0, -24.7
1926, 8.0, -24.7
1927, 8.0, -24.7
1928, 8.0, -24.7
1929, 8.0, -24.7
1930, 8.0, -24.6
1931, 8.0, -24.6
1932, 8.0, -24.6
1933, 8.0, -24.6
1934, 8.0, -24.6
1935, 8.0, -24.6
1936, 8.0, -24.6
1937, 8.0, -24.6
1938, 8.0, -24.6
1939, 8.0, -24.6
1940, 8.0, -24.6
1941, 8.0, -24.6
1942, 8.0, -24.6
1943, 8.0, -24.6
1944, 8.0, -24.6
1945, 8.0, -24.6
1946, 8.0, -24.6
1947, 8.0, -24.6
1948, 8.0, -24.6
1949, 8.0, -24.6
1950, 8.0, -24.6
1951, 8.0, -24.6
1952, 8.0, -24.6
1953, 8.0, -24.6
1954, 8.0, -24.6
1955, 8.0, -24.6
1956, 8.0, -24.6
1957, 8.0, -24.6
1958, 8.0, -24.6
1959, 8.0, -24.6
1960, 8.0, -24.6
1961, 8.0, -24.6
1962, 8.0, -24.6
1963, 8.0, -24.6
1964, 8.0, -24.6
1965, 8.0, -24.6
1966, 8.0, -24.6
1967, 8.0, -24.6
1968, 8.0, -24.6
1969, 8.0, -24.6
1970, 8.0, -24.6
1971, 8.0, -24.6
1972, 8.0, -24.6
1973, 8.0, -24.7
1974, 8.0, -24.7
1975, 8.0, -24.7
1976, 8.0, -24.7
1977, 8.0, -24.7
1978, 8.0, -24.7
1979, 8.0, -24.7
1980, 8.0, -24.7
1981, 8.0, -24.7
1982, 8.0, -24.7
1983, 8.0, -24.7
1984, 8.0, -24.7
1985, 8.0, -24.7
1986, 8.0, -24.7
1987, 8.0, -24.8
1988, 8.0, -24.8
1989, 8.0, -24.8
1990, 8.0, -24.8
1991, 8.0, -24.8
1992, 8.0, -24.8
1993, 8.0, -24.8
1994, 8.0, -24.8
1995, 8.0, -24.8
1996, 8.0, -24.8
1997, 8.0, -24.8
1998, 8.0, -24.8
1999, 8.0, -24.8
2000, 8.0, -24.8
2001, 8.0, -24.8
2002, 8.0, -24.8
2003, 8.0, -24.8
2004, 8.0, -24.8
2005, 8.0, -24.8
2006, 8.0, -24.8
2007, 8.0, -24.8
2008, 8.0, -24.8
2009, 8.0, -24.8
2010, 8.0, -24.8
2011, 8.0, -24.8
2012, 8.0, -24.8
2013, 8.0, -24.8
2014, 8.0, -24.8
2015, 8.0, -24.8
2016, 8.0, -24.7
2017, 8.0, -24.7
2018, 8.0, -24.7
2019, 8.0, -24.7
2020, 8.0, -24.7
2021, 8.0, -24.7
2022, 8.0, -24.7
2023, 8.0, -24.7
2024, 8.0, -24.7
2025, 8.0, -24.7
2026, 8.0, -24.7
2027, 8.0, -24.7
2028, 8.0, -24.7
2029, 8.0, -24.7
2030, 8.0, -24.7
2031, 8.0, -24.7
2032, 8.0, -24.7
2033, 8.0, -24.7
2034, 8.0, -24.7
2035, 8.0, -24.7
2036, 8.0, -24.7
2037, 8.0, -24.7
2038, 8.0, -24.7
2039, 8.0, -24.7
2040, 8.0, -24.7
2041, 8.0, -24.7
2042, 8.0, -24.7
2043, 8.0, -24.7
2044, 8.0, -24.7
2045, 8.0, -24.7
2046, 8.0, -24.7
2047, 8.0, -24.7
2048, 8.0, -24.7
2049, 8.0, -24.7
2050, 8.0, -24.7
2051, 8.0, -24.7
2052, 8.0, -24.7
2053, 8.0, -24.7
2054, 8.0, -24.7
2055, 8.0, -24.7
2056, 8.0, -24.7
2057, 8.0, -24.7
2058, 8.0, -24.7
2059, 8.0, -24.7
2060, 8.0, -24.7
2061, 8.0, -24.7
2062, 8.0, -24.7
2063, 8.0, -24.7
2064, 8.0, -24.7
2065, 8.0, -24.7
2066, 8.0, -24.7
2067, 8.0, -24.7
2068, 8.0, -24.7
2069, 8.0, -24.7
2070, 8.0, -24.7
2071, 8.0, -24.8
2072, 8.0, -24.8
2073, 8.0, -24.8
2074, 8.0, -24.8
2075, 8.0, -24.8
2076, 8.0, -24.8
2077, 8.0, -24.8
2078, 8.0, -24.8
2079, 8.0, -24.8
2080, 8.0, -24.7
2081, 8.0, -24.7
2082, 8.0, -24.7
2083, 8.0, -24.7
2084, 8.1, -24.7
2085, 8.1, -24.7
2086, 8.1, -24.7
2087, 8.1, -24.7
2088, 8.1, -24.7
2089, 8.1, -24.7
2090, 8.1, -24.7
2091, 8.1, -24.7
2092, 8.1, -24.7
2093, 8.1, -24.7
2094, 8.1, -24.7
2095, 8.1, -24.7
2096, 8.0, -24.7
2097, 8.0, -24.7
2098, 8.0, -24.7
2099, 8.1, -24.7
2100, 8.1, -24.8
2101, 8.1, -24.8
2102, 8.1, -24.8
2103, 8.1, -24.8
2104, 8.1, -24.8
2105, 8.1, -24.8
2106, 8.1, -24.8
2107, 8.0, -24.8
2108, 8.0, -24.8
2109, 8.0, -24.8
2110, 8.0, -24.8
2111, 8.0, -24.8
2112, 8.0, -24.8
2113, 8.1, -24.7
2114, 8.1, -24.7
2115, 8.1, -24.7
2116, 8.1, -24.8
2117, 8.1, -24.8
2118, 8.1, -24.8
2119, 8.1, -24.8
2120, 8.1, -24.8
2121, 8.1, -24.8
2122, 8.1, -24.8
2123, 8.1, -24.8
2124, 8.1, -24.8
2125, 8.1, -24.8
2126, 8.1, -24.8
2127, 8.1, -24.8
2128, 8.0, -24.8
2129, 8.0, -24.8
2130, 8.0, -24.8
2131, 8.0, -24.8
2132, 8.0, -24.8
2133, 8.0, -24.8
2134, 8.0, -24.8
2135, 8.0, -24.8
2136, 8.0, -24.8
2137, 8.0, -24.8
2138, 8.0, -24.8
2139, 8.0, -24.8
2140, 8.0, -24.8
2141, 8.0, -24.8
2142, 8.0, -24.8
2143, 8.0, -24.8
2144, 8.0, -24.8
2145, 8.0, -24.8
2146, 8.0, -24.8
2147, 8.0, -24.8
2148, 8.0, -24.8
2149, 8.0, -24.8
2150, 8.0, -24.8
2151, 8.0, -24.8
2152, 8.0, -24.8
2153, 8.0, -24.8
2154, 8.0, -24.8
2155, 8.0, -24.8
2156, 8.0, -24.8
2157, 8.0, -24.8
2158, 8.0, -24.8
2159, 8.0, -24.8
2160, 8.0, -24.8
2161, 8.0, -24.8
2162, 8.0, -24.8
2163, 8.0, -24.8
2164, 8.0, -24.8
2165, 8.0, -24.8
2166, 8.0, -24.8
2167, 8.0, -24.8
2168, 8.0, -24.8
2169, 8.0, -24.8
2170, 8.0, -24.8
2171, 8.0, -24.8
2172, 8.0, -24.8
2173, 8.0, -24.8
2174, 8.0, -24.8
2175, 8.0, -24.8
2176, 8.0, -24.8
2177, 8.0, -24.8
2178, 8.0, -24.8
2179, 8.0, -24.8
2180, 8.0, -24.8
2181, 8.0, -24.8
2182, 8.0, -24.8
2183, 8.0, -24.8
2184, 8.0, -24.8
2185, 8.0, -24.8
2186, 8.0, -24.8
2187, 8.0, -24.8
2188, 8.0, -24.8
2189, 8.0, -24.8
2190, 8.0, -24.8
2191, 8.0, -24.8
2192, 8.0, -24.8
2193, 8.0, -24.8
2194, 8.0, -24.8
2195, 8.0, -24.8
2196, 8.0, -24.8
2197, 8.0, -24.8
2198, 8.0, -24.8
2199, 8.0, -24.8
2200, 8.0, -24.8
2201, 8.0, -24.8
2202, 8.0, -24.8
2203, 8.0, -24.8
2204, 8.0, -24.8
2205, 8.0, -24.8
2206, 8.0, -24.8
2207, 8.0, -24.8
2208, 8.0, -24.8
2209, 8.0, -24.8
2210, 8.0, -24.8
2211, 8.0, -24.8
2212, 8.0, -24.8
2213, 8.0, -24.8
2214, 8.0, -24.8
2215, 8.0, -24.8
2216, 8.0, -24.8
2217, 8.0, -24.8
2218, 8.0, -24.8
2219, 8.0, -24.8
2220, 8.0, -24.7
2221, 8.0, -24.7
2222, 8.0, -24.7
2223, 8.0, -24.7
2224, 8.0, -24.7
2225, 8.0, -24.6
2226, 8.0, -24.6
2227, 8.0, -24.6
2228, 8.0, -24.6
2229, 8.0, -24.6
2230, 8.0, -24.6
2231, 8.0, -24.6
2232, 8.0, -24.6
2233, 8.0, -24.6
2234, 8.0, -24.6
2235, 8.0, -24.6
2236, 8.0, -24.6
2237, 8.0, -24.6
2238, 8.0, -24.6
2239, 8.0, -24.6
2240, 8.0, -24.6
2241, 8.0, -24.6
2242, 8.0, -24.6
2243, 8.0, -24.6
2244, 8.0, -24.6
2245, 8.0, -24.6
2246, 8.0, -24.6
2247, 8.0, -24.6
2248, 8.0, -24.6
2249, 8.0, -24.6
2250, 8.0, -24.6
2251, 8.0, -24.6
2252, 8.0, -24.7
2253, 8.0, -24.7
2254, 8.0, -24.7
2255, 8.0, -24.7
2256, 8.0, -24.7
2257, 8.0, -24.7
2258, 8.0, -24.7
2259, 8.0, -24.7
2260, 8.0, -24.7
2261, 8.0, -24.7
2262, 8.0, -24.7
2263, 8.0, -24.7
2264, 8.0, -24.7
2265, 8.0, -24.8
2266, 8.0, -24.8
2267, 8.0, -24.8
2268, 8.0, -24.8
2269, 8.0, -24.8
2270, 8.0, -24.8
2271, 8.0, -24.8
2272, 8.0, -24.8
2273, 8.0, -24.8
2274, 8.0, -24.8
2275, 8.0, -24.8
2276, 8.0, -24.8
2277, 8.0, -24.8
2278, 8.0, -24.8
2279, 8.0, -24.8
2280, 8.0, -24.8
2281, 8.0, -24.8
2282, 8.0, -24.8
2283, 8.0, -24.8
2284, 8.0, -24.8
2285, 8.0, -24.8
2286, 8.0, -24.8
2287, 8.1, -24.8
2288, 8.1, -24.8
2289, 8.1, -24.8
2290, 8.1, -24.8
2291, 8.1, -24.8
2292, 8.1, -24.8
2293, 8.1, -24.8
2294, 8.1, -24.8
2295, 8.0, -24.8
2296, 8.0, -24.8
2297, 8.0, -24.8
2298, 8.0, -24.8
2299, 8.0, -24.8
2300, 8.0, -24.8
2301, 8.0, -24.8
2302, 8.0, -24.8
2303, 8.0, -24.7
2304, 8.0, 0.0
2305, 8.0, 0.0
2306, 0.0, 0.0
2307, 0.0, 0.0
2308, 0.0, 0.0
2309, 0.0, 0.0
2310, -0.09999999999999964, 0.0
2311, -0.09999999999999964, 0.0
2312, -0.09999999999999964, 0.0
2313, -0.09999999999999964, 0.0
2314, -0.09999999999999964, 0.0
2315, -0.09999999999999964, 0.0
2316, -0.09999999999999964, 0.0
2317, -0.09999999999999964, 0.0
2318, -0.09999999999999964, 0.0
2319, -0.09999999999999964, 0.0
2320, -0.09999999999999964, 0.0
2321, -0.09999999999999964, 0.0
2322, -0.09999999999999964, 0.0
2323, -0.09999999999999964, 0.0
2324, -0.09999999999999964, 0.0
2325, 0.0, 0.0
2326, 0.0, 0.0
2327, 0.0, 0.0
2328, 0.09999999999999964, 0.0
2329, 0.09999999999999964, 0.0
2330, 0.09999999999999964, 0.0
2331, 0.09999999999999964, 0.0
2332, 0.09999999999999964, 0.0
2333, 0.09999999999999964, 0.09999999999999787
2334, 0.09999999999999964, 0.09999999999999787
2335, 0.09999999999999964, 0.09999999999999787
2336, 0.09999999999999964, 0.09999999999999787
2337, 0.09999999999999964, 0.09999999999999787
2338, 0.09999999999999964, 0.09999999999999787
2339, 0.09999999999999964, 0.09999999999999787
2340, 0.09999999999999964, 0.09999999999999787
2341, 0.09999999999999964, 0.09999999999999787
2342, 0.09999999999999964, 0.09999999999999787
2343, 0.09999999999999964, 0.09999999999999787
2344, 0.09999999999999964, 0.09999999999999787
2345, 0.09999999999999964, 0.09999999999999787
2346, 0.09999999999999964, 0.09999999999999787
2347, 0.09999999999999964, 0.09999999999999787
2348, 0.09999999999999964, 0.09999999999999787
2349, 0.09999999999999964, 0.09999999999999787
2350, 0.09999999999999964, 0.09999999999999787
2351, 0.09999999999999964, 0.09999999999999787
2352, 0.09999999999999964, 0.09999999999999787
2353, 0.09999999999999964, 0.09999999999999787
2354, 0.09999999999999964, 0.09999999999999787
2355, 0.09999999999999964, 0.09999999999999787
2356, 0.09999999999999964, 0.09999999999999787
2357, 0.09999999999999964, 0.09999999999999787
2358, 0.09999999999999964, 0.09999999999999787
2359, 0.0, 0.09999999999999787
2360, 0.0, 0.0
2361, 0.0, 0.0
2362, 0.0, 0.0
2363, 0.0, 0.0
2364, 0.0, 0.0
2365, 0.0, 0.0
2366, 0.0, 0.0
2367, 0.0, 0.0
2368, 0.0, 0.0
2369, 0.0, 0.0
2370, 0.0, 0.0
2371, 0.0, 0.0
2372, 0.0, 0.0
2373, 0.0, 0.0
2374, 0.0, 0.0
2375, 0.0, -0.10000000000000142
2376, 0.0, -0.10000000000000142
2377, 0.0, -0.10000000000000142
2378, 0.0, -0.10000000000000142
2379, 0.0, -0.10000000000000142
2380, 0.0, -0.10000000000000142
2381, 0.0, -0.10000000000000142
2382, 0.0, -0.10000000000000142
2383, 0.0, -0.10000000000000142
2384, 0.0, -0.10000000000000142
2385, 0.0, -0.10000000000000142
2386, 0.0, -0.10000000000000142
2387, 0.0, 0.0
2388, 0.0, 0.0
2389, 0.0, 0.0
2390, 0.0, 0.0
2391, 0.0, 0.0
2392, 0.0, 0.0
2393, 0.0, 0.0
2394, 0.0, 0.0
2395, 0.0, 0.0
2396, 0.0, 0.0
2397, 0.0, 0.0
2398, 0.0, 0.0
2399, 0.0, -0.10000000000000142
2400, 0.0, -0.10000000000000142
2401, 0.0, -0.10000000000000142
2402, 0.0, -0.10000000000000142
2403, 0.0, -0.10000000000000142
2404, 0.0, -0.10000000000000142
2405, 0.0, -0.10000000000000142
2406, 0.0, -0.10000000000000142
2407, 0.0, -0.10000000000000142
2408, 0.0, -0.10000000000000142
2409, 0.0, -0.10000000000000142
2410, 0.0, -0.10000000000000142
2411, 0.0, -0.1999999999999993
2412, 0.0, -0.1999999999999993
2413, 0.0, -0.1999999999999993
2414, 0.0, -0.10000000000000142
2415, 0.0, -0.10000000000000142
2416, 0.0, -0.10000000000000142
2417, 0.0, -0.10000000000000142
2418, 0.0, -0.10000000000000142
2419, 0.0, -0.10000000000000142
2420, 0.0, -0.10000000000000142
2421, 0.0, -0.10000000000000142
2422, 0.0, -0.10000000000000142
2423, 0.0, -0.10000000000000142
2424, 0.0, -0.10000000000000142
2425, 0.0, 0.0
2426, 0.0, 0.0
2427, 0.0, 0.0
2428, 0.0, 0.0
2429, 0.0, 0.0
2430, 0.0, 0.0
2431, 0.0, 0.0
2432, 0.0, 0.0
2433, 0.0, 0.0
2434, 0.0, 0.0
2435, 0.0, 0.0
2436, 0.0, 0.0
2437, 0.0, 0.0
2438, 0.0, 0.0
2439, 0.0, 0.0
2440, 0.0, 0.0
2441, 0.0, 0.0
2442, 0.0, 0.0
2443, 0.0, 0.0
2444, 0.0, 0.0
2445, 0.0, 0.0
2446, 0.0, 0.0
2447, 0.0, 0.09999999999999787
2448, 0.0, 0.09999999999999787
2449, 0.0, 0.09999999999999787
2450, 0.0, 0.09999999999999787
2451, 0.0, 0.09999999999999787
2452, 0.0, 0.09999999999999787
2453, 0.0, 0.09999999999999787
2454, 0.0, 0.09999999999999787
2455, 0.0, 0.09999999999999787
2456, 0.0, 0.09999999999999787
2457, 0.0, 0.09999999999999787
2458, 0.0, 0.09999999999999787
2459, 0.0, 0.09999999999999787
2460, 0.0, 0.09999999999999787
2461, 0.0, 0.09999999999999787
2462, 0.0, 0.09999999999999787
2463, 0.0, 0.09999999999999787
2464, 0.0, 0.09999999999999787
2465, 0.0, 0.09999999999999787
2466, 0.0, 0.09999999999999787
2467, 0.0, 0.09999999999999787
2468, 0.0, 0.09999999999999787
2469, 0.0, 0.09999999999999787
2470, 0.0, 0.09999999999999787
2471, 0.0, 0.09999999999999787
2472, 0.0, 0.0
2473, 0.0, -0.10000000000000142
2474, 0.0, -0.10000000000000142
2475, 0.0, -0.10000000000000142
2476, 0.0, -0.10000000000000142
2477, 0.0, -0.10000000000000142
2478, 0.0, -0.10000000000000142
2479, 0.0, -0.10000000000000142
2480, 0.0, -0.10000000000000142
2481, 0.0, -0.10000000000000142
2482, 0.0, -0.10000000000000142
2483, 0.0, -0.10000000000000142
2484, 0.0, -0.10000000000000142
2485, 0.0, -0.10000000000000142
2486, 0.0, -0.10000000000000142
2487, 0.0, -0.10000000000000142
2488, 0.0, -0.10000000000000142
2489, 0.0, -0.10000000000000142
2490, 0.0, -0.10000000000000142
2491, 0.0, -0.10000000000000142
2492, 0.0, -0.10000000000000142
2493, 0.0, -0.10000000000000142
2494, 0.0, -0.10000000000000142
2495, 0.0, -0.10000000000000142
2496, 0.0, 0.0
2497, 0.0, 0.0
2498, 0.0, 0.0
2499, 0.0, 0.0
2500, 0.0, 0.0
2501, 0.0, 0.0
2502, 0.0, 0.0
2503, 0.0, 0.0
2504, 0.0, 0.0
2505, 0.0, 0.0
2506, 0.0, 0.0
2507, 0.0, 0.0
2508, 0.0, 0.0
2509, 0.0, 0.0
2510, 0.0, 0.0
2511, 0.0, 0.0
2512, 0.0, 0.0
2513, 0.0, 0.0
2514, 0.0, 0.0
2515, 0.0, 0.0
2516, 0.0, 0.0
2517, 0.0, 0.0
2518, 0.0, 0.0
2519, 0.0, 0.0
2520, 0.0, 0.0
2521, 0.0, 0.0
2522, 0.0, 0.0
2523, 0.0, -0.10000000000000142
2524, 0.0, -0.10000000000000142
2525, 0.0, -0.10000000000000142
2526, 0.0, -0.10000000000000142
2527, 0.0, -0.10000000000000142
2528, 0.0, -0.10000000000000142
2529, 0.0, -0.10000000000000142
2530, 0.0, -0.10000000000000142
2531, 0.0, -0.10000000000000142
2532, 0.0, -0.10000000000000142
2533, 0.0, -0.10000000000000142
2534, 0.0, -0.10000000000000142
2535, 0.0, 0.0
2536, 0.0, 0.0
2537, 0.0, 0.0
2538, 0.0, 0.0
2539, 0.0, 0.0
2540, 0.0, 0.0
2541, 0.0, 0.0
2542, 0.0, 0.0
2543, 0.0, 0.0
2544, 0.0, 0.0
2545, 0.0, -0.10000000000000142
2546, 0.0, -0.10000000000000142
2547, 0.0, -0.10000000000000142
2548, 0.0, -0.10000000000000142
2549, 0.0, -0.10000000000000142
2550, 0.0, -0.10000000000000142
2551, 0.0, -0.10000000000000142
2552, 0.0, -0.1999999999999993
2553, 0.0, -0.1999999999999993
2554, 0.0, -0.10000000000000142
2555, 0.0, -0.10000000000000142
2556, 0.0, -0.10000000000000142
2557, 0.0, -0.10000000000000142
2558, 0.0, -0.10000000000000142
2559, 0.0, -0.10000000000000142
2560, 0.0, -0.10000000000000142
2561, 0.0, -0.10000000000000142
2562, 0.0, -0.10000000000000142
2563, 0.0, -0.10000000000000142
2564, 0.0, -0.10000000000000142
2565, 0.0, -0.10000000000000142
2566, 0.0, -0.10000000000000142
2567, 0.0, 0.0
2568, 0.0, 0.0
2569, 0.0, 0.0
2570, 0.0, 0.0
2571, 0.0, 0.0
2572, 0.0, 0.0
2573, 0.0, 0.0
2574, 0.0, 0.0
2575, 0.0, 0.09999999999999787
2576, 0.0, 0.09999999999999787
2577, 0.0, 0.09999999999999787
2578, 0.0, 0.09999999999999787
2579, 0.0, 0.0
2580, 0.0, 0.0
2581, 0.0, 0.0
2582, 0.0, 0.0
2583, 0.0, 0.0
2584, 0.0, 0.0
2585, 0.0, 0.0
2586, 0.09999999999999964, 0.0
2587, 0.09999999999999964, 0.0
2588, 0.09999999999999964, 0.0
2589, 0.09999999999999964, 0.0
2590, 0.09999999999999964, 0.0
2591, 0.09999999999999964, 0.0
2592, 0.09999999999999964, 0.0
2593, 0.0, -0.10000000000000142
2594, 0.0, 0.0
2595, 0.0, 0.0
2596, 0.0, 0.0
2597, 0.0, -0.10000000000000142
2598, 0.0, -0.10000000000000142
2599, 0.0, -0.10000000000000142
2600, 0.0, -0.10000000000000142
2601, 0.0, -0.10000000000000142
2602, 0.0, -0.10000000000000142
2603, 0.0, -0.10000000000000142
2604, 0.0, -0.10000000000000142
2605, 0.0, -0.10000000000000142
2606, 0.0, -0.10000000000000142
2607, 0.0, -0.10000000000000142
2608, 0.0, -0.10000000000000142
2609, 0.0, -0.10000000000000142
2610, 0.0, -0.10000000000000142
2611, 0.0, -0.10000000000000142
2612, 0.0, -0.10000000000000142
2613, 0.0, 0.0
2614, 0.0, 0.0
2615, 0.0, 0.0
2616, 0.0, 0.0
2617, 0.0, 0.0
2618, 0.0, 0.0
2619, 0.0, 0.0
2620, 0.0, 0.0
2621, 0.0, 0.0
2622, 0.0, 0.0
2623, 0.0, 0.0
2624, 0.09999999999999964, 0.0
2625, 0.09999999999999964, 0.0
2626, 0.09999999999999964, 0.0
2627, 0.09999999999999964, 0.0
2628, 0.09999999999999964, 0.0
2629, 0.09999999999999964, 0.09999999999999787
2630, 0.09999999999999964, 0.09999999999999787
2631, 0.09999999999999964, 0.09999999999999787
2632, 0.09999999999999964, 0.09999999999999787
2633, 0.09999999999999964, 0.09999999999999787
2634, 0.09999999999999964, 0.09999999999999787
2635, 0.09999999999999964, 0.09999999999999787
2636, 0.09999999999999964, 0.09999999999999787
2637, 0.09999999999999964, 0.09999999999999787
2638, 0.09999999999999964, 0.09999999999999787
2639, 0.09999999999999964, 0.09999999999999787
2640, 0.09999999999999964, 0.09999999999999787
2641, 0.09999999999999964, 0.09999999999999787
2642, 0.0, 0.09999999999999787
2643, 0.0, 0.0
2644, 0.0, 0.0
2645, 0.0, 0.0
2646, 0.0, 0.0
2647, 0.0, 0.0
2648, 0.0, 0.0
2649, 0.0, 0.0
2650, 0.0, 0.0
2651, 0.0, 0.0
2652, 0.0, 0.0
2653, 0.0, 0.0
2654, 0.0, 0.0
2655, 0.0, 0.0
2656, 0.0, 0.0
2657, 0.0, 0.0
2658, 0.0, 0.0
2659, 0.0, 0.0
2660, 0.0, 0.0
2661, 0.0, 0.0
2662, 0.0, 0.0
2663, 0.0, -0.10000000000000142
2664, 0.0, -0.10000000000000142
2665, 0.0, -0.10000000000000142
2666, 0.0, -0.10000000000000142
2667, 0.0, -0.10000000000000142
2668, 0.09999999999999964, -0.10000000000000142
2669, 0.09999999999999964, -0.10000000000000142
2670, 0.09999999999999964, -0.10000000000000142
2671, 0.09999999999999964, -0.10000000000000142
2672, 0.1999999999999993, -0.10000000000000142
2673, 0.1999999999999993, -0.10000000000000142
2674, 0.1999999999999993, -0.10000000000000142
2675, 0.1999999999999993, -0.10000000000000142
2676, 0.1999999999999993, -0.10000000000000142
2677, 0.1999999999999993, -0.10000000000000142
2678, 0.1999999999999993, -0.10000000000000142
2679, 0.1999999999999993, -0.10000000000000142
2680, 0.09999999999999964, -0.10000000000000142
2681, 0.09999999999999964, -0.10000000000000142
2682, 0.09999999999999964, -0.10000000000000142
2683, 0.09999999999999964, -0.10000000000000142
2684, 0.09999999999999964, -0.10000000000000142
2685, 0.09999999999999964, -0.10000000000000142
2686, 0.09999999999999964, -0.10000000000000142
2687, 0.09999999999999964, -0.10000000000000142
2688, 0.09999999999999964, -0.10000000000000142
2689, 0.09999999999999964, -0.10000000000000142
2690, 0.09999999999999964, -0.10000000000000142
2691, 0.09999999999999964, -0.10000000000000142
2692, 0.09999999999999964, -0.10000000000000142
2693, 0.09999999999999964, -0.10000000000000142
2694, 0.0, -0.10000000000000142
2695, 0.0, -0.10000000000000142
2696, 0.0, 0.0
2697, 0.0, 0.0
2698, 0.0, 0.0
2699, 0.0, 0.0
2700, 0.0, 0.0
2701, 0.0, 0.0
2702, 0.0, 0.0
2703, 0.0, 0.0
2704, 0.0, 0.0
2705, 0.0, 0.0
2706, 0.0, 0.0
2707, 0.0, 0.0
2708, 0.0, 0.0
2709, 0.0, 0.09999999999999787
2710, 0.0, 0.09999999999999787
2711, 0.0, 0.09999999999999787
2712, 0.0, 0.09999999999999787
2713, 0.0, 0.09999999999999787
2714, 0.0, 0.09999999999999787
2715, 0.0, 0.09999999999999787
2716, 0.0, 0.09999999999999787
2717, 0.0, 0.09999999999999787
2718, 0.0, 0.09999999999999787
2719, 0.0, 0.09999999999999787
2720, 0.0, 0.09999999999999787
2721, 0.0, 0.09999999999999787
2722, 0.0, 0.09999999999999787
2723, 0.0, 0.09999999999999787
2724, 0.0, 0.09999999999999787
2725, 0.0, 0.09999999999999787
2726, 0.0, 0.09999999999999787
2727, 0.0, 0.09999999999999787
2728, 0.0, 0.09999999999999787
2729, 0.0, 0.09999999999999787
2730, 0.0, 0.09999999999999787
2731, 0.0, 0.09999999999999787
2732, 0.0, 0.09999999999999787
2733, 0.0, 0.09999999999999787
2734, 0.0, 0.09999999999999787
2735, 0.0, 0.09999999999999787
2736, 0.0, 0.09999999999999787
2737, 0.0, 0.09999999999999787
2738, 0.0, 0.09999999999999787
2739, 0.0, 0.09999999999999787
2740, 0.0, 0.09999999999999787
2741, 0.0, 0.09999999999999787
2742, 0.0, 0.09999999999999787
2743, 0.0, 0.09999999999999787
2744, 0.0, 0.09999999999999787
2745, 0.0, 0.09999999999999787
2746, 0.0, 0.09999999999999787
2747, 0.0, 0.09999999999999787
2748, 0.0, 0.09999999999999787
2749, 0.0, 0.09999999999999787
2750, 0.0, 0.0
2751, 0.0, 0.0
2752, 0.0, 0.0
2753, 0.0, 0.0
2754, 0.0, 0.0
2755, 0.0, 0.0
2756, 0.0, 0.0
2757, 0.0, 0.0
2758, 0.0, 0.0
2759, 0.0, 0.0
2760, 0.0, 0.0
2761, 0.0, 0.0
2762, 0.0, 0.09999999999999787
2763, 0.0, 0.09999999999999787
2764, 0.0, 0.09999999999999787
2765, 0.0, 0.09999999999999787
2766, 0.0, 0.09999999999999787
2767, 0.0, 0.09999999999999787
2768, 0.0, 0.09999999999999787
2769, 0.0, 0.09999999999999787
2770, 0.0, 0.09999999999999787
2771, 0.0, 0.09999999999999787
2772, 0.0, 0.09999999999999787
2773, 0.0, 0.09999999999999787
2774, 0.0, 0.09999999999999787
2775, 0.0, 0.09999999999999787
2776, 0.0, 0.09999999999999787
2777, 0.0, 0.09999999999999787
2778, 0.0, 0.09999999999999787
2779, 0.0, 0.09999999999999787
2780, 0.0, 0.09999999999999787
2781, 0.0, 0.09999999999999787
2782, 0.0, 0.09999999999999787
2783, 0.0, 0.09999999999999787
2784, 0.0, 0.09999999999999787
2785, 0.0, 0.09999999999999787
2786, 0.0, 0.09999999999999787
2787, 0.0, 0.09999999999999787
2788, 0.0, 0.09999999999999787
2789, 0.0, 0.09999999999999787
2790, 0.0, 0.09999999999999787
2791, 0.0, 0.09999999999999787
2792, 0.0, 0.09999999999999787
2793, 0.0, 0.09999999999999787
2794, 0.0, 0.09999999999999787
2795, 0.0, 0.09999999999999787
2796, 0.0, 0.09999999999999787
2797, 0.0, 0.09999999999999787
2798, 0.0, 0.09999999999999787
2799, 0.0, 0.09999999999999787
2800, 0.0, 0.0
2801, 0.0, 0.0
2802, 0.0, 0.0
2803, 0.0, 0.0
2804, 0.0, 0.0
2805, 0.0, 0.0
2806, 0.0, 0.0
2807, 0.0, 0.0
2808, 0.0, 0.0
2809, 0.0, 0.0
2810, 0.0, 0.0
2811, 0.0, 0.0
2812, 0.0, 0.0
2813, 0.0, 0.0
2814, 0.0, 0.0
2815, 0.0, 0.0
2816, 0.0, 0.0
2817, 0.0, 0.0
2818, 0.0, 0.0
2819, 0.0, 0.0
2820, 0.0, 0.0
2821, 0.0, 0.0
2822, 0.0, 0.0
2823, 0.0, 0.0
2824, 0.0, 0.0
2825, 0.0, 0.0
2826, 0.0, 0.0
2827, 0.0, 0.0
2828, 0.0, 0.0
2829, 0.0, 0.0
2830, 0.0, 0.0
2831, 0.0, 0.0
2832, 0.0, 0.0
2833, 0.0, 0.0
2834, 0.0, 0.0
2835, 0.0, 0.0
2836, 0.0, 0.0
2837, 0.0, 0.0
2838, 0.0, 0.0
2839, 0.0, 0.0
2840, 0.0, 0.0
2841, 0.0, 0.0
2842, 0.0, 0.0
2843, 0.0, 0.0
2844, 0.0, 0.0
2845, 0.0, 0.0
2846, 0.0, 0.0
2847, 0.0, 0.0
2848, 0.0, 0.0
2849, 0.0, 0.0
2850, 0.0, 0.0
2851, 0.0, 0.0
2852, 0.0, 0.0
2853, 0.0, 0.0
2854, 0.0, 0.0
2855, 0.0, 0.0
2856, 0.0, -0.10000000000000142
2857, 0.0, -0.10000000000000142
2858, 0.0, -0.10000000000000142
2859, 0.0, -0.10000000000000142
2860, 0.0, -0.10000000000000142
2861, 0.0, -0.10000000000000142
2862, 0.0, -0.10000000000000142
2863, 0.0, -0.10000000000000142
2864, 0.0, -0.10000000000000142
2865, 0.0, -0.10000000000000142
2866, 0.0, -0.10000000000000142
2867, 0.0, -0.10000000000000142
2868, 0.0, -0.10000000000000142
2869, 0.0, 0.0
2870, 0.0, 0.0
2871, 0.0, 0.0
2872, 0.0, 0.0
2873, 0.0, 0.0
2874, 0.0, 0.0
2875, 0.0, 0.0
2876, 0.0, 0.0
2877, 0.0, -0.10000000000000142
2878, 0.0, -0.10000000000000142
2879, 0.0, -0.10000000000000142
2880, 0.0, 0.0
2881, 0.0, 0.0
2882, 0.0, 0.0
2883, 0.0, 0.0
2884, 0.0, 0.0
2885, 0.0, 0.0
2886, 0.0, 0.0
2887, 0.0, 0.0
2888, 0.0, 0.0
2889, 0.0, 0.0
2890, 0.0, 0.0
2891, 0.0, 0.0
2892, 0.0, 0.0
2893, 0.0, 0.0
2894, 0.0, 0.0
2895, 0.0, 0.0
2896, 0.0, 0.0
2897, 0.0, 0.0
2898, 0.0, 0.0
2899, 0.0, 0.0
2900, 0.0, 0.0
2901, 0.0, 0.0
2902, 0.0, 0.0
2903, 0.0, 0.0
2904, 0.0, 0.0
2905, 0.0, 0.0
2906, 0.0, 0.0
2907, 0.0, 0.0
2908, 0.0, 0.0
2909, 0.0, 0.0
2910, 0.0, 0.0
2911, 0.0, 0.0
2912, 0.0, 0.0
2913, 0.0, -0.10000000000000142
2914, 0.0, -0.10000000000000142
2915, 0.0, -0.10000000000000142
2916, 0.0, -0.10000000000000142
2917, 0.0, -0.10000000000000142
2918, 0.0, -0.10000000000000142
2919, 0.0, -0.10000000000000142
2920, 0.0, -0.10000000000000142
2921, 0.0, -0.10000000000000142
2922, 0.0, -0.10000000000000142
2923, 0.0, 0.0
2924, 0.0, 0.0
2925, 0.0, 0.0
2926, 0.0, 0.0
2927, 0.0, 0.0
2928, 0.0, 0.0
2929, 0.0, 0.0
2930, 0.0, 0.0
2931, 0.0, 0.0
2932, 0.0, 0.0
2933, 0.0, 0.0
2934, 0.0, 0.0
2935, 0.0, 0.0
2936, 0.0, 0.0
2937, 0.0, 0.0
2938, 0.0, 0.0
2939, 0.0, 0.0
2940, 0.0, 0.0
2941, 0.0, 0.0
2942, 0.0, 0.0
2943, 0.0, 0.0
2944, 0.0, -0.10000000000000142
2945, 0.0, -0.10000000000000142
2946, 0.0, -0.10000000000000142
2947, 0.0, -0.10000000000000142
2948, 0.0, -0.10000000000000142
2949, 0.0, -0.10000000000000142
2950, 0.0, -0.10000000000000142
2951, 0.0, -0.10000000000000142
2952, 0.0, -0.10000000000000142
2953, 0.0, -0.10000000000000142
2954, 0.0, -0.10000000000000142
2955, 0.0, -0.10000000000000142
2956, 0.0, -0.10000000000000142
2957, 0.0, -0.10000000000000142
2958, 0.0, -0.10000000000000142
2959, 0.0, 0.0
2960, 0.0, 0.0
2961, 0.0, 0.0
2962, 0.0, 0.0
2963, 0.0, 0.0
2964, 0.0, 0.0
2965, 0.0, 0.0
2966, 0.0, 0.0
2967, 0.0, 0.0
2968, 0.0, 0.0
2969, 0.0, 0.0
2970, 0.0, 0.0
2971, 0.0, 0.0
2972, 0.0, 0.0
2973, 0.0, 0.0
2974, 0.0, 0.0
2975, 0.0, 0.0
2976, 0.0, 0.0
2977, 0.0, 0.0
2978, 0.0, 0.0
2979, 0.0, 0.0
2980, 0.0, 0.0
2981, 0.0, 0.09999999999999787
2982, 0.0, 0.09999999999999787
2983, 0.0, 0.09999999999999787
2984, 0.0, 0.09999999999999787
2985, 0.0, 0.0
2986, 0.0, 0.0
2987, 0.0, 0.0
2988, 0.0, 0.0
2989, 0.0, 0.0
2990, 0.0, 0.0
2991, 0.0, 0.0
2992, 0.0, 0.0
2993, 0.0, 0.0
2994, 0.0, 0.0
2995, 0.0, 0.09999999999999787
2996, 0.0, 0.09999999999999787
2997, 0.0, 0.09999999999999787
2998, 0.0, 0.09999999999999787
2999, 0.0, 0.09999999999999787
3000, 0.0, 0.09999999999999787
3001, 0.0, 0.09999999999999787
3002, 0.0, 0.09999999999999787
3003, 0.0, 0.09999999999999787
3004, 0.0, 0.09999999999999787
3005, 0.0, 0.09999999999999787
3006, 0.0, 0.09999999999999787
3007, 0.0, 0.09999999999999787
3008, 0.0, 0.09999999999999787
3009, 0.0, 0.0
3010, 0.0, 0.0
3011, 0.0, 0.0
3012, 0.0, 0.0
3013, 0.0, 0.0
3014, 0.0, 0.0
3015, 0.0, 0.0
3016, 0.0, 0.0
3017, 0.0, 0.0
3018, 0.0, 0.0
3019, 0.0, 0.0
3020, 0.0, 0.0
3021, 0.0, 0.0
3022, 0.0, 0.0
3023, 0.0, 0.0
3024, 0.0, 0.0
3025, 0.0, 0.0
3026, 0.0, 0.0
3027, 0.0, 0.0
3028, 0.0, 0.0
3029, 0.0, 0.0
3030, 0.0, 0.0
3031, 0.0, 0.0
3032, 0.0, 0.0
3033, 0.0, 0.0
3034, 0.0, -0.10000000000000142
3035, 0.0, -0.10000000000000142
3036, 0.0, -0.10000000000000142
3037, 0.0, -0.10000000000000142
3038, 0.0, -0.10000000000000142
3039, 0.0, -0.10000000000000142
3040, 0.0, -0.10000000000000142
3041, 0.0, -0.10000000000000142
3042, 0.0, -0.10000000000000142
3043, 0.0, -0.10000000000000142
3044, 0.0, -0.10000000000000142
3045, 0.0, -0.10000000000000142
3046, 0.0, -0.10000000000000142
3047, 0.0, -0.10000000000000142
3048, 0.0, -0.10000000000000142
3049, 0.0, -0.10000000000000142
3050, 0.0, -0.10000000000000142
3051, 0.0, -0.10000000000000142
3052, 0.0, -0.10000000000000142
3053, 0.0, -0.10000000000000142
3054, 0.0, -0.1999999999999993
3055, 0.0, -0.1999999999999993
3056, 0.0, -0.1999999999999993
3057, 0.0, -0.1999999999999993
3058, 0.0, -0.1999999999999993
3059, 0.0, -0.1999999999999993
3060, 0.0, -0.1999999999999993
3061, 0.0, -0.1999999999999993
3062, 0.0, -0.10000000000000142
3063, 0.0, -0.10000000000000142
3064, 0.0, -0.10000000000000142
3065, 0.0, -0.10000000000000142
3066, 0.0, -0.10000000000000142
3067, 0.0, -0.10000000000000142
3068, 0.0, -0.10000000000000142
3069, 0.0, -0.10000000000000142
3070, 0.0, -0.10000000000000142
3071, 0.0, -0.10000000000000142
3072, 0.0, -0.10000000000000142
3073, 0.0, -0.10000000000000142
3074, 0.0, -0.10000000000000142
3075, 0.0, -0.10000000000000142
3076, 0.0, -0.10000000000000142
3077, 0.0, -0.10000000000000142
3078, 0.0, -0.10000000000000142
3079, 0.0, -0.10000000000000142
3080, 0.0, -0.10000000000000142
3081, 0.0, -0.10000000000000142
3082, 0.0, -0.10000000000000142
3083, 0.0, -0.10000000000000142
3084, 0.0, 0.0
3085, 0.0, 0.0
3086, 0.0, 0.0
3087, 0.0, 0.0
3088, 0.0, 0.0
3089, 0.0, 0.0
3090, 0.0, 0.0
3091, 0.0, 0.0
3092, 0.0, 0.0
3093, 0.0, 0.0
3094, 0.0, 0.0
3095, 0.0, 0.0
3096, 0.0, 0.0
3097, 0.0, -0.10000000000000142
3098, 0.0, -0.10000000000000142
3099, 0.0, -0.10000000000000142
3100, 0.0, -0.10000000000000142
3101, 0.0, 0.0
3102, 0.0, 0.0
3103, 0.0, 0.0
3104, 0.0, 0.0
3105, 0.0, 0.0
3106, 0.0, 0.0
3107, 0.0, 0.0
3108, 0.0, 0.0
3109, 0.0, 0.0
3110, 0.0, 0.0
3111, 0.0, 0.0
3112, 0.0, 0.0
3113, 0.0, 0.0
3114, 0.0, 0.0
3115, 0.0, 0.0
3116, 0.0, 0.0
3117, 0.0, 0.0
3118, 0.0, 0.0
3119, 0.0, 0.0
3120, 0.0, 0.0
3121, 0.0, 0.0
3122, 0.0, 0.0
3123, 0.0, 0.0
3124, 0.0, 0.0
3125, 0.0, 0.0
3126, 0.0, 0.0
3127, 0.0, 0.0
3128, 0.0, 0.0
3129, 0.0, 0.0
3130, 0.0, 0.0
3131, 0.0, 0.0
3132, 0.0, 0.0
3133, 0.0, 0.0
3134, 0.0, 0.0
3135, 0.0, 0.0
3136, 0.0, 0.0
3137, 0.0, 0.0
3138, 0.0, 0.0
3139, 0.0, 0.0
3140, 0.0, 0.0
3141, 0.0, 0.0
3142, 0.0, 0.0
3143, 0.0, 0.0
3144, 0.0, 0.0
3145, 0.0, 0.0
3146, 0.0, 0.0
3147, 0.0, 0.0
3148, 0.0, 0.0
3149, 0.0, 0.0
3150, 0.0, 0.0
3151, 0.0, 0.0
3152, 0.0, 0.0
3153, 0.0, 0.0
3154, 0.0, 0.0
3155, 0.0, 0.0
3156, 0.0, 0.0
3157, 0.0, 0.0
3158, 0.0, 0.0
3159, 0.0, 0.0
3160, 0.0, 0.0
3161, 0.0, 0.0
3162, 0.0, 0.0
3163, 0.0, 0.0
3164, 0.0, 0.0
3165, 0.0, 0.0
3166, 0.0, 0.0
3167, 0.0, 0.0
3168, 0.0, -0.10000000000000142
3169, 0.0, -0.10000000000000142
3170, 0.0, -0.10000000000000142
3171, 0.0, 0.0
3172, 0.0, 0.0
3173, 0.0, 0.0
3174, 0.0, 0.0
3175, 0.0, 0.0
3176, 0.0, 0.0
3177, 0.0, 0.0
3178, 0.0, 0.0
3179, 0.0, 0.0
3180, 0.0, 0.0
3181, 0.0, 0.0
3182, 0.0, 0.0
3183, 0.0, 0.0
3184, 0.0, 0.0
3185, 0.0, 0.0
3186, 0.0, 0.0
3187, 0.0, 0.0
3188, 0.0, 0.0
3189, 0.09999999999999964, 0.0
3190, 0.09999999999999964, 0.0
3191, 0.09999999999999964, 0.0
3192, 0.0, 0.0
3193, 0.0, 0.0
3194, 0.0, 0.0
3195, 0.0, 0.0
3196, 0.0, 0.0
3197, 0.0, 0.0
3198, 0.0, 0.0
3199, 0.0, 0.0
3200, 0.0, 0.0
3201, 0.0, 0.0
3202, 0.0, 0.0
3203, 0.0, 0.0
3204, 0.0, 0.0
3205, 0.0, -0.10000000000000142
3206, 0.0, -0.10000000000000142
3207, 0.0, -0.10000000000000142
3208, 0.0, -0.10000000000000142
3209, 0.0, -0.10000000000000142
3210, 0.0, -0.10000000000000142
3211, 0.0, -0.10000000000000142
3212, 0.0, -0.10000000000000142
3213, 0.0, -0.10000000000000142
3214, 0.0, -0.10000000000000142
3215, 0.0, -0.10000000000000142
3216, 0.0, -0.10000000000000142
3217, 0.0, -0.10000000000000142
3218, 0.0, -0.10000000000000142
3219, 0.0, -0.10000000000000142
3220, 0.0, -0.10000000000000142
3221, 0.0, 0.0
3222, 0.0, 0.0
3223, 0.0, 0.0
3224, 0.0, 0.0
3225, 0.0, 0.0
3226, 0.0, 0.0
3227, 0.0, 0.0
3228, 0.0, 0.0
3229, 0.0, 0.0
3230, 0.0, 0.0
3231, 0.0, 0.0
3232, 0.0, 0.0
3233, 0.0, -0.10000000000000142
3234, 0.0, -0.10000000000000142
3235, 0.0, -0.10000000000000142
3236, 0.0, -0.10000000000000142
3237, 0.0, -0.10000000000000142
3238, 0.0, -0.10000000000000142
3239, 0.0, -0.10000000000000142
3240, 0.0, -0.10000000000000142
3241, 0.0, -0.10000000000000142
3242, 0.0, -0.10000000000000142
3243, 0.0, -0.10000000000000142
3244, 0.0, -0.10000000000000142
3245, 0.0, -0.10000000000000142
3246, 0.0, -0.10000000000000142
3247, 0.0, -0.10000000000000142
3248, 0.0, -0.10000000000000142
3249, 0.0, -0.10000000000000142
3250, 0.09999999999999964, -0.10000000000000142
3251, 0.09999999999999964, -0.10000000000000142
3252, 0.09999999999999964, -0.10000000000000142
3253, 0.09999999999999964, -0.10000000000000142
3254, 0.09999999999999964, 0.0
3255, 0.09999999999999964, 0.0
3256, 0.0, 0.0
3257, 0.0, 0.0
3258, 0.0, 0.0
3259, 0.0, 0.0
3260, 0.0, 0.09999999999999787
3261, 0.0, 0.09999999999999787
3262, 0.0, 0.09999999999999787
3263, 0.0, 0.09999999999999787
3264, 0.0, 0.09999999999999787
3265, 0.0, 0.09999999999999787
3266, 0.0, 0.09999999999999787
3267, 0.0, 0.09999999999999787
3268, 0.0, 0.09999999999999787
3269, 0.0, 0.09999999999999787
3270, 0.0, 0.09999999999999787
3271, 0.0, 0.09999999999999787
3272, 0.0, 0.09999999999999787
3273, 0.0, 0.09999999999999787
3274, 0.0, 0.09999999999999787
3275, 0.0, 0.09999999999999787
3276, 0.0, 0.09999999999999787
3277, 0.0, 0.09999999999999787
3278, 0.0, 0.09999999999999787
3279, 0.0, 0.09999999999999787
3280, 0.0, 0.09999999999999787
3281, 0.0, 0.09999999999999787
3282, 0.0, 0.09999999999999787
3283, 0.0, 0.09999999999999787
3284, 0.0, 0.09999999999999787
3285, 0.0, 0.09999999999999787
3286, 0.0, 0.09999999999999787
3287, 0.09999999999999964, 0.09999999999999787
3288, 0.09999999999999964, 0.09999999999999787
3289, 0.09999999999999964, 0.09999999999999787
3290, 0.09999999999999964, 0.0
3291, 0.09999999999999964, 0.0
3292, 0.09999999999999964, 0.0
3293, 0.0, 0.0
3294, 0.0, 0.0
3295, 0.09999999999999964, 0.0
3296, 0.09999999999999964, 0.0
3297, 0.09999999999999964, 0.0
3298, 0.09999999999999964, 0.0
3299, 0.09999999999999964, 0.0
3300, 0.09999999999999964, 0.0
3301, 0.09999999999999964, -0.10000000000000142
3302, 0.09999999999999964, -0.10000000000000142
3303, 0.09999999999999964, -0.10000000000000142
3304, 0.09999999999999964, -0.10000000000000142
3305, 0.09999999999999964, -0.10000000000000142
3306, 0.09999999999999964, -0.10000000000000142
3307, 0.09999999999999964, -0.10000000000000142
3308, 0.09999999999999964, -0.10000000000000142
3309, 0.0, -0.10000000000000142
3310, 0.0, -0.10000000000000142
3311, 0.0, -0.10000000000000142
3312, 0.0, -0.10000000000000142
3313, 0.0, -0.10000000000000142
3314, 0.0, -0.10000000000000142
3315, 0.0, -0.10000000000000142
3316, 0.0, -0.10000000000000142
3317, 0.0, -0.10000000000000142
3318, 0.0, -0.10000000000000142
3319, 0.0, -0.10000000000000142
3320, 0.0, -0.10000000000000142
3321, 0.0, -0.10000000000000142
3322, 0.0, 0.0
3323, 0.0, 0.0
3324, 0.0, 0.0
3325, 0.0, 0.0
3326, 0.0, 0.0
3327, 0.0, 0.0
3328, 0.0, 0.0
3329, 0.0, 0.0
3330, 0.0, 0.0
3331, 0.0, 0.0
3332, 0.0, 0.0
3333, 0.0, 0.09999999999999787
3334, 0.0, 0.09999999999999787
3335, 0.0, 0.09999999999999787
3336, 0.0, 0.09999999999999787
3337, 0.0, 0.0
3338, 0.0, 0.0
3339, 0.0, 0.0
3340, 0.0, 0.0
3341, 0.0, 0.0
3342, 0.0, 0.0
3343, 0.0, 0.0
3344, 0.0, 0.0
3345, 0.0, 0.0
3346, 0.0, 0.0
3347, 0.0, 0.0
3348, 0.0, 0.0
3349, 0.0, 0.0
3350, 0.0, 0.0
3351, 0.0, 0.0
3352, 0.0, 0.0
3353, 0.0, 0.0
3354, 0.0, 0.0
3355, 0.0, 0.0
3356, 0.0, -0.10000000000000142
3357, 0.0, -0.10000000000000142
3358, 0.0, -0.10000000000000142
3359, 0.0, -0.10000000000000142
3360, 0.0, -0.10000000000000142
3361, 0.0, -0.10000000000000142
3362, 0.0, -0.10000000000000142
3363, 0.0, -0.10000000000000142
3364, 0.0, -0.10000000000000142
3365, 0.0, -0.10000000000000142
3366, 0.0, -0.10000000000000142
3367, 0.0, -0.10000000000000142
3368, 0.09999999999999964, -0.10000000000000142
3369, 0.09999999999999964, -0.10000000000000142
3370, 0.09999999999999964, -0.10000000000000142
3371, 0.09999999999999964, -0.10000000000000142
3372, 0.09999999999999964, -0.1999999999999993
3373, 0.09999999999999964, -0.10000000000000142
3374, 0.09999999999999964, -0.10000000000000142
3375, 0.09999999999999964, -0.10000000000000142
3376, 0.09999999999999964, -0.10000000000000142
3377, 0.09999999999999964, -0.10000000000000142
3378, 0.09999999999999964, -0.10000000000000142
3379, 0.09999999999999964, -0.10000000000000142
3380, 0.09999999999999964, -0.10000000000000142
3381, 0.09999999999999964, -0.10000000000000142
3382, 0.09999999999999964, -0.10000000000000142
3383, 0.0, -0.10000000000000142
3384, 0.0, -0.10000000000000142
3385, 0.0, -0.10000000000000142
3386, 0.0, -0.10000000000000142
3387, 0.0, -0.10000000000000142
3388, 0.0, -0.10000000000000142
3389, 0.0, -0.10000000000000142
3390, 0.0, -0.10000000000000142
3391, 0.0, -0.10000000000000142
3392, 0.0, -0.10000000000000142
3393, 0.0, -0.10000000000000142
3394, 0.0, -0.10000000000000142
3395, 0.0, -0.10000000000000142
3396, 0.0, -0.10000000000000142
3397, 0.0, -0.10000000000000142
3398, 0.0, -0.10000000000000142
3399, 0.0, -0.10000000000000142
3400, 0.0, -0.10000000000000142
3401, 0.0, -0.10000000000000142
3402, 0.0, -0.10000000000000142
3403, 0.0, -0.10000000000000142
3404, 0.0, -0.10000000000000142
3405, 0.0, -0.10000000000000142
3406, 0.0, -0.10000000000000142
3407, 0.0, -0.10000000000000142
3408, 0.0, -0.10000000000000142
3409, 0.0, -0.10000000000000142
3410, 0.0, -0.10000000000000142
3411, 0.0, -0.10000000000000142
3412, 0.0, -0.10000000000000142
3413, 0.0, -0.10000000000000142
3414, 0.0, -0.10000000000000142
3415, 0.0, 0.0
3416, 0.0, 0.0
3417, 0.0, 0.0
3418, 0.0, 0.09999999999999787
3419, 0.0, 0.09999999999999787
3420, 0.0, 0.09999999999999787
3421, 0.0, 0.09999999999999787
3422, 0.0, 0.09999999999999787
3423, 0.0, 0.09999999999999787
3424, 0.0, 0.09999999999999787
3425, 0.0, 0.09999999999999787
3426, 0.0, 0.09999999999999787
3427, 0.0, 0.0
3428, 0.0, 0.0
3429, 0.0, 0.0
3430, 0.0, 0.0
3431, 0.0, 0.0
3432, 0.0, 0.0
3433, 0.0, 0.0
3434, 0.0, 0.0
3435, 0.0, 0.0
3436, 0.0, 0.0
3437, 0.0, 0.0
3438, 0.0, 0.0
3439, 0.0, 0.0
3440, 0.0, 0.0
3441, 0.0, 0.0
3442, 0.0, 0.0
3443, 0.0, 0.0
3444, 0.0, 0.0
3445, 0.0, 0.0
3446, 0.0, 0.0
3447, 0.0, 0.0
3448, 0.0, 0.0
3449, 0.0, 0.0
3450, 0.0, 0.0
3451, 0.0, 0.0
3452, 0.0, 0.0
3453, 0.0, 0.0
3454, 0.0, 0.0
3455, 0.0, 0.0
3456, 0.0, 0.0
3457, 0.0, 0.0
3458, 0.0, 0.0
3459, 0.0, 0.0
3460, 0.0, 0.0
3461, 0.0, 0.0
3462, 0.0, 0.0
3463, 0.0, 0.0
3464, 0.0, 0.0
3465, 0.0, 0.0
3466, 0.0, 0.0
3467, 0.0, 0.0
3468, 0.0, 0.0
3469, 0.0, 0.0
3470, 0.0, 0.0
3471, 0.0, 0.0
3472, 0.0, 0.0
3473, 0.0, 0.0
3474, 0.0, 0.0
3475, 0.0, 0.0
3476, 0.0, 0.0
3477, 0.0, 0.0
3478, 0.0, 0.0
3479, 0.0, 0.0
3480, 0.0, 0.0
3481, 0.0, 0.0
3482, 0.0, 0.0
3483, 0.0, 0.0
3484, 0.0, 0.0
3485, 0.0, 0.0
3486, 0.0, 0.0
3487, 0.0, 0.0
3488, 0.0, 0.0
3489, 0.0, 0.0
3490, 0.0, 0.0
3491, 0.0, 0.0
3492, 0.09999999999999964, 0.0
3493, 0.09999999999999964, 0.0
3494, 0.09999999999999964, 0.0
3495, 0.09999999999999964, 0.0
3496, 0.09999999999999964, 0.0
3497, 0.09999999999999964, 0.0
3498, 0.09999999999999964, 0.0
3499, 0.09999999999999964, 0.0
3500, 0.09999999999999964, 0.0
3501, 0.09999999999999964, 0.0
3502, 0.09999999999999964, 0.0
3503, 0.09999999999999964, 0.0
3504, 0.09999999999999964, 0.0
3505, 0.09999999999999964, -0.10000000000000142
3506, 0.09999999999999964, 0.0
3507, 0.09999999999999964, -0.10000000000000142
3508, 0.09999999999999964, -0.10000000000000142
3509, 0.09999999999999964, -0.10000000000000142
3510, 0.09999999999999964, -0.10000000000000142
3511, 0.09999999999999964, -0.10000000000000142
3512, 0.09999999999999964, -0.10000000000000142
3513, 0.09999999999999964, -0.10000000000000142
3514, 0.09999999999999964, -0.10000000000000142
3515, 0.09999999999999964, -0.10000000000000142
3516, 0.09999999999999964, -0.10000000000000142
3517, 0.09999999999999964, -0.10000000000000142
3518, 0.09999999999999964, -0.10000000000000142
3519, 0.09999999999999964, -0.10000000000000142
3520, 0.09999999999999964, -0.10000000000000142
3521, 0.09999999999999964, -0.10000000000000142
3522, 0.09999999999999964, -0.10000000000000142
3523, 0.09999999999999964, -0.10000000000000142
3524, 0.09999999999999964, -0.10000000000000142
3525, 0.09999999999999964, -0.10000000000000142
3526, 0.09999999999999964, -0.10000000000000142
3527, 0.09999999999999964, -0.10000000000000142
3528, 0.09999999999999964, -0.10000000000000142
3529, 0.09999999999999964, -0.10000000000000142
3530, 0.09999999999999964, -0.10000000000000142
3531, 0.09999999999999964, -0.10000000000000142
3532, 0.0, -0.10000000000000142
3533, 0.0, -0.10000000000000142
3534, 0.0, -0.10000000000000142
3535, 0.0, -0.10000000000000142
3536, 0.0, -0.10000000000000142
3537, 0.0, -0.10000000000000142
3538, 0.0, -0.10000000000000142
3539, 0.09999999999999964, -0.10000000000000142
3540, 0.09999999999999964, -0.10000000000000142
3541, 0.0, -0.10000000000000142
3542, 0.0, -0.10000000000000142
3543, 0.0, -0.10000000000000142
3544, 0.0, -0.10000000000000142
3545, 0.0, 0.0
3546, 0.0, 0.0
3547, 0.0, 0.0
3548, 0.0, 0.0
3549, 0.0, 0.0
3550, 0.0, 0.0
3551, 0.0, 0.0
3552, 0.0, 0.0
3553, 0.0, 0.0
3554, 0.0, 0.0
3555, 0.0, 0.0
3556, 0.0, 0.0
3557, 0.0, 0.0
3558, 0.0, 0.0
3559, 0.0, 0.0
3560, 0.0, 0.0
3561, 0.0, 0.0
3562, 0.0, 0.0
3563, 0.0, 0.0
3564, 0.0, 0.0
3565, 0.0, 0.0
3566, 0.0, 0.0
3567, 0.0, 0.0
3568, 0.0, 0.0
3569, 0.0, 0.0
3570, 0.0, 0.0
3571, 0.0, 0.0
3572, 0.0, 0.0
3573, 0.0, 0.0
3574, 0.0, 0.0
3575, 0.0, 0.0
3576, 0.0, 0.0
3577, 0.0, 0.0
3578, 0.0, 0.0
3579, 0.0, 0.0
3580, 0.0, 0.0
3581, 0.0, 0.0
3582, 0.0, 0.0
3583, 0.0, 0.0
3584, 0.0, 0.0
3585, 0.0, 0.0
3586, 0.0, 0.0
3587, 0.0, 0.0
3588, 0.0, 0.0
3589, 0.0, 0.0
3590, 0.0, 0.0
3591, 0.0, 0.0
3592, 0.0, 0.0
3593, 0.0, 0.0
3594, 0.0, 0.0
3595, 0.0, 0.0
3596, 0.0, 0.09999999999999787
3597, 0.0, 0.09999999999999787
3598, 0.0, 0.09999999999999787
3599, 0.0, 0.09999999999999787
3600, 0.0, 0.09999999999999787
3601, 0.0, 0.09999999999999787
3602, 0.0, 0.09999999999999787
3603, 0.0, 0.09999999999999787
3604, 0.09999999999999964, 0.09999999999999787
3605, 0.09999999999999964, 0.09999999999999787
3606, 0.09999999999999964, 0.09999999999999787
3607, 0.09999999999999964, 0.09999999999999787
3608, 0.09999999999999964, 0.09999999999999787
3609, 0.09999999999999964, 0.09999999999999787
3610, 0.09999999999999964, 0.09999999999999787
3611, 0.09999999999999964, 0.09999999999999787
3612, 0.09999999999999964, 0.09999999999999787
3613, 0.09999999999999964, 0.09999999999999787
3614, 0.09999999999999964, 0.09999999999999787
3615, 0.09999999999999964, 0.09999999999999787
3616, 0.09999999999999964, 0.09999999999999787
3617, 0.09999999999999964, 0.09999999999999787
3618, 0.09999999999999964, 0.09999999999999787
3619, 0.09999999999999964, 0.09999999999999787
3620, 0.09999999999999964, 0.09999999999999787
3621, 0.0, 0.09999999999999787
3622, 0.0, 0.09999999999999787
3623, 0.0, 0.09999999999999787
3624, 0.0, 0.09999999999999787
3625, 0.0, 0.09999999999999787
3626, 0.0, 0.09999999999999787
3627, 0.0, 0.09999999999999787
3628, 0.0, 0.09999999999999787
3629, 0.0, 0.09999999999999787
3630, 0.0, 0.09999999999999787
3631, 0.0, 0.09999999999999787
3632, 0.0, 0.09999999999999787
3633, 0.0, 0.09999999999999787
3634, 0.0, 0.09999999999999787
3635, 0.0, 0.09999999999999787
3636, 0.0, 0.09999999999999787
3637, 0.0, 0.09999999999999787
3638, 0.0, 0.09999999999999787
3639, 0.0, 0.09999999999999787
3640, 0.0, 0.09999999999999787
3641, 0.0, 0.09999999999999787
3642, 0.0, 0.09999999999999787
3643, 0.0, 0.09999999999999787
3644, 0.0, 0.09999999999999787
3645, 0.0, 0.09999999999999787
3646, 0.0, 0.09999999999999787
3647, 0.0, 0.09999999999999787
3648, 0.0, 0.0
3649, 0.0, 0.0
3650, 0.0, 0.0
3651, 0.0, 0.0
3652, 0.0, 0.0
3653, 0.0, 0.0
3654, 0.0, 0.0
3655, 0.0, 0.0
3656, 0.0, 0.0
3657, 0.0, 0.0
3658, 0.0, 0.0
3659, 0.0, 0.0
3660, 0.0, 0.09999999999999787
3661, 0.0, 0.09999999999999787
3662, 0.0, 0.09999999999999787
3663, 0.0, 0.09999999999999787
3664, 0.0, 0.09999999999999787
3665, 0.0, 0.09999999999999787
3666, 0.0, 0.09999999999999787
3667, 0.0, 0.09999999999999787
3668, 0.0, 0.09999999999999787
3669, 0.0, 0.09999999999999787
3670, 0.0, 0.09999999999999787
3671, 0.0, 0.09999999999999787
3672, 0.0, 0.1999999999999993
3673, 0.0, 0.1999999999999993
3674, 0.0, 0.1999999999999993
3675, 0.0, 0.1999999999999993
3676, 0.0, 0.09999999999999787
3677, 0.0, 0.09999999999999787
3678, 0.0, 0.0
3679, 0.0, 0.0
3680, 0.0, 0.0
3681, 0.0, 0.0
3682, 0.0, 0.0
3683, 0.0, 0.0
3684, 0.0, 0.0
3685, 0.0, 0.0
3686, 0.0, 0.0
3687, 0.0, 0.0
3688, 0.0, 0.0
3689, 0.0, 0.0
3690, 0.0, 0.0
3691, 0.0, 0.0
3692, 0.0, 0.0
3693, 0.0, 0.0
3694, 0.0, 0.0
3695, 0.0, 0.0
3696, 0.0, 0.0
3697, 0.0, 0.0
3698, 0.0, 0.0
3699, 0.0, 0.0
3700, 0.0, 0.0
3701, 0.0, 0.0
3702, 0.0, 0.0
3703, 0.0, 0.0
3704, 0.0, 0.0
3705, 0.0, 0.0
3706, 0.0, 0.0
3707, 0.0, 0.0
3708, 0.0, 0.0
3709, 0.0, 0.0
3710, 0.0, 0.0
3711, 0.0, 0.0
3712, 0.0, 0.0
3713, 0.0, 0.0
3714, 0.0, 0.0
3715, 0.0, 0.0
3716, 0.0, 0.0
3717, 0.0, 0.0
3718, 0.0, 0.0
3719, 0.0, 0.0
3720, 0.0, 0.0
3721, 0.0, 0.0
3722, 0.0, 0.0
3723, 0.0, 0.0
3724, 0.0, 0.0
3725, 0.0, 0.0
3726, 0.0, 0.0
3727, 0.0, 0.0
3728, 0.0, 0.0
3729, 0.0, 0.0
3730, 0.0, 0.0
3731, 0.0, 0.0
3732, 0.0, 0.0
3733, 0.0, 0.0
3734, 0.0, 0.0
3735, 0.0, 0.0
3736, 0.0, 0.0
3737, 0.0, 0.0
3738, 0.0, 0.0
3739, 0.0, 0.0
3740, 0.0, 0.0
3741, 0.0, 0.0
3742, 0.0, 0.09999999999999787
3743, 0.0, 0.09999999999999787
3744, 0.0, 0.09999999999999787
3745, 0.0, 0.09999999999999787
3746, 0.0, 0.09999999999999787
3747, 0.0, 0.0
3748, 0.0, 0.0
3749, 0.0, 0.0
3750, 0.0, 0.0
3751, 0.0, 0.0
3752, 0.0, 0.0
3753, 0.0, 0.0
3754, 0.0, 0.0
3755, 0.0, 0.0
3756, 0.0, 0.0
3757, 0.0, 0.0
3758, 0.0, 0.0
3759, 0.0, 0.0
3760, 0.0, 0.0
3761, 0.0, 0.0
3762, 0.0, 0.0
3763, 0.0, 0.0
3764, 0.0, 0.0
3765, 0.0, 0.0
3766, 0.0, 0.0
3767, 0.0, 0.0
3768, 0.0, 0.0
3769, 0.0, 0.0
3770, 0.0, 0.0
3771, 0.0, 0.0
3772, 0.0, 0.0
3773, 0.0, 0.0
3774, 0.0, 0.0
3775, 0.0, 0.0
3776, 0.0, -0.10000000000000142
3777, 0.0, -0.10000000000000142
3778, 0.0, -0.10000000000000142
3779, 0.0, -0.10000000000000142
3780, 0.0, -0.10000000000000142
3781, 0.0, -0.10000000000000142
3782, 0.0, -0.10000000000000142
3783, 0.0, 0.0
3784, 0.0, 0.0
3785, 0.0, 0.0
3786, 0.0, 0.0
3787, 0.0, 0.0
3788, 0.0, 0.0
3789, 0.0, 0.0
3790, 0.0, 0.0
3791, 0.0, 0.0
3792, 0.0, 0.0
3793, 0.0, 0.0
3794, 0.0, 0.0
3795, 0.0, 0.0
3796, 0.0, 0.0
3797, 0.0, 0.0
3798, 0.0, 0.09999999999999787
3799, 0.0, 0.09999999999999787
3800, 0.0, 0.09999999999999787
3801, 0.0, 0.09999999999999787
3802, 0.0, 0.09999999999999787
3803, 0.0, 0.09999999999999787
3804, 0.0, 0.09999999999999787
3805, 0.0, 0.09999999999999787
3806, 0.0, 0.09999999999999787
3807, 0.0, 0.09999999999999787
3808, 0.0, 0.09999999999999787
3809, 0.0, 0.0
3810, 0.0, 0.0
3811, 0.0, 0.0
3812, 0.0, 0.0
3813, 0.0, 0.0
3814, 0.0, 0.0
3815, 0.0, 0.0
3816, 0.0, 0.0
3817, 0.0, 0.0
3818, 0.0, 0.0
3819, 0.0, 0.0
3820, 0.0, 0.0
3821, 0.0, 0.0
3822, 0.0, 0.0
3823, 0.0, 0.0
3824, 0.0, 0.0
3825, 0.0, 0.0
3826, 0.0, 0.0
3827, 0.0, 0.0
3828, 0.0, 0.0
3829, 0.0, 0.0
3830, 0.0, 0.0
3831, 0.0, 0.0
3832, 0.0, 0.0
3833, 0.0, 0.0
3834, 0.0, 0.0
3835, 0.0, 0.0
3836, 0.0, 0.0
3837, 0.0, 0.0
3838, 0.0, 0.0
3839, 0.0, 0.0
3840, 0.0, 0.0
3841, 0.0, 0.0
3842, 0.0, 0.0
3843, 0.0, 0.0
3844, 0.0, -0.10000000000000142
3845, 0.0, -0.10000000000000142
3846, 0.0, -0.10000000000000142
3847, 0.0, -0.10000000000000142
3848, 0.0, -0.10000000000000142
3849, 0.0, -0.10000000000000142
3850, 0.0, -0.10000000000000142
3851, 0.0, -0.10000000000000142
3852, 0.0, -0.10000000000000142
3853, 0.0, -0.10000000000000142
3854, 0.0, -0.10000000000000142
3855, 0.0, -0.10000000000000142
3856, 0.0, -0.10000000000000142
3857, 0.0, -0.10000000000000142
3858, 0.0, -0.10000000000000142
3859, 0.0, -0.10000000000000142
3860, 0.0, -0.10000000000000142
3861, 0.0, -0.10000000000000142
3862, 0.0, -0.10000000000000142
3863, 0.0, -0.10000000000000142
3864, 0.0, -0.10000000000000142
3865, 0.0, 0.0
3866, 0.0, 0.0
3867, 0.0, 0.0
3868, 0.09999999999999964, 0.09999999999999787
3869, 0.09999999999999964, 0.09999999999999787
3870, 0.09999999999999964, 0.09999999999999787
3871, 0.09999999999999964, 0.09999999999999787
3872, 0.09999999999999964, 0.09999999999999787
3873, 0.09999999999999964, 0.09999999999999787
3874, 0.09999999999999964, 0.09999999999999787
3875, 0.09999999999999964, 0.09999999999999787
3876, 0.09999999999999964, 0.09999999999999787
3877, 0.09999999999999964, 0.09999999999999787
3878, 0.09999999999999964, 0.09999999999999787
3879, 0.09999999999999964, 0.09999999999999787
3880, 0.09999999999999964, 0.09999999999999787
3881, 0.09999999999999964, 0.09999999999999787
3882, 0.09999999999999964, 0.09999999999999787
3883, 0.09999999999999964, 0.09999999999999787
3884, 0.09999999999999964, 0.09999999999999787
3885, 0.09999999999999964, 0.09999999999999787
3886, 0.09999999999999964, 0.09999999999999787
3887, 0.0, 0.09999999999999787
3888, 0.0, 0.09999999999999787
3889, 0.0, 0.09999999999999787
3890, 0.0, 0.09999999999999787
3891, 0.0, 0.09999999999999787
3892, 0.0, 0.09999999999999787
3893, 0.0, 0.09999999999999787
3894, 0.0, 0.09999999999999787
3895, 0.0, 0.09999999999999787
3896, 0.0, 0.09999999999999787
3897, 0.0, 0.0
3898, 0.0, 0.0
3899, 0.0, 0.0
3900, 0.0, 0.0
3901, 0.0, 0.0
3902, 0.0, 0.0
3903, 0.0, 0.0
3904, 0.0, 0.0
3905, 0.0, 0.0
3906, 0.0, 0.0
3907, 0.0, 0.0
3908, 0.0, 0.0
3909, 0.0, 0.0
3910, 0.0, 0.0
3911, 0.0, 0.0
3912, 0.0, 0.0
3913, 0.0, 0.0
3914, 0.0, 0.0
3915, 0.0, 0.0
3916, 0.0, 0.0
3917, 0.0, 0.0
3918, 0.0, 0.0
3919, 0.0, 0.0
3920, 0.0, 0.0
3921, 0.0, 0.0
3922, 0.0, 0.0
3923, 0.0, 0.0
3924, 0.0, 0.0
3925, 0.0, 0.0
3926, 0.0, 0.0
3927, 0.0, 0.0
3928, 0.0, 0.0
3929, 0.0, 0.0
3930, 0.0, 0.0
3931, 0.0, 0.0
3932, 0.0, 0.0
3933, 0.0, 0.0
3934, 0.0, 0.0
3935, 0.0, 0.0
3936, 0.0, 0.0
3937, 0.0, 0.0
3938, 0.0, 0.0
3939, 0.0, 0.0
3940, 0.0, 0.0
3941, 0.0, 0.0
3942, 0.0, 0.0
3943, 0.0, 0.0
3944, 0.0, 0.0
3945, 0.0, 0.0
3946, 0.0, 0.0
3947, 0.0, 0.0
3948, 0.0, 0.0
3949, 0.0, 0.0
3950, 0.0, 0.0
3951, 0.0, 0.0
3952, 0.0, 0.0
3953, 0.0, 0.0
3954, 0.0, 0.0
3955, 0.0, 0.0
3956, 0.0, 0.0
3957, 0.0, 0.0
3958, 0.0, 0.0
3959, 0.0, 0.0
3960, 0.0, 0.0
3961, 0.0, 0.0
3962, 0.0, 0.0
3963, 0.0, 0.0
3964, 0.0, 0.0
3965, 0.0, 0.0
3966, 0.0, 0.0
3967, 0.0, 0.0
3968, 0.0, 0.0
3969, 0.0, -0.10000000000000142
3970, 0.0, -0.10000000000000142
3971, 0.0, -0.10000000000000142
3972, 0.0, -0.10000000000000142
3973, 0.0, -0.10000000000000142
3974, 0.0, -0.10000000000000142
3975, 0.0, -0.10000000000000142
3976, 0.0, -0.10000000000000142
3977, 0.0, -0.10000000000000142
3978, 0.0, -0.10000000000000142
3979, 0.0, -0.10000000000000142
3980, 0.0, -0.10000000000000142
3981, 0.0, -0.10000000000000142
3982, 0.0, -0.10000000000000142
3983, 0.0, -0.10000000000000142
3984, 0.0, -0.10000000000000142
3985, 0.0, -0.10000000000000142
3986, 0.0, -0.10000000000000142
3987, 0.0, -0.10000000000000142
3988, 0.0, -0.10000000000000142
3989, 0.0, -0.10000000000000142
3990, 0.0, -0.10000000000000142
3991, 0.0, -0.10000000000000142
3992, 0.0, -0.10000000000000142
3993, 0.0, -0.10000000000000142
3994, 0.0, -0.10000000000000142
3995, 0.0, -0.10000000000000142
3996, 0.0, -0.10000000000000142
3997, 0.0, -0.10000000000000142
3998, 0.0, -0.10000000000000142
3999, 0.0, -0.10000000000000142
4000, 0.0, 0.0
4001, 0.0, 0.0
4002, 0.0, 0.0
4003, 0.0, 0.0
4004, 0.0, 0.0
4005, 0.0, 0.0
4006, 0.0, 0.0
4007, 0.0, 0.0
4008, 0.0, 0.0
4009, 0.0, 0.0
4010, 0.0, 0.0
4011, 0.0, 0.0
4012, 0.0, 0.0
4013, 0.0, 0.0
4014, 0.0, 0.0
4015, 0.0, 0.0
4016, 0.0, 0.0
4017, 0.0, 0.0
4018, 0.0, 0.0
4019, 0.0, 0.0
4020, 0.0, 0.0
4021, 0.0, 0.0
4022, 0.09999999999999964, 0.0
4023, 0.09999999999999964, 0.0
4024, 0.09999999999999964, 0.0
4025, 0.09999999999999964, 0.0
4026, 0.09999999999999964, 0.0
4027, 0.09999999999999964, 0.0
4028, 0.09999999999999964, 0.0
4029, 0.09999999999999964, 0.0
4030, 0.09999999999999964, 0.0
4031, 0.09999999999999964, 0.0
4032, 0.09999999999999964, 0.0
4033, 0.09999999999999964, 0.0
4034, 0.09999999999999964, 0.0
4035, 0.09999999999999964, 0.0
4036, 0.09999999999999964, 0.0
4037, 0.09999999999999964, 0.0
4038, 0.09999999999999964, 0.0
4039, 0.09999999999999964, 0.0
4040, 0.09999999999999964, 0.0
4041, 0.09999999999999964, 0.0
4042, 0.09999999999999964, 0.0
4043, 0.09999999999999964, 0.0
4044, 0.09999999999999964, 0.0
4045, 0.09999999999999964, 0.0
4046, 0.09999999999999964, 0.0
4047, 0.09999999999999964, 0.0
4048, 0.09999999999999964, 0.0
4049, 0.09999999999999964, 0.0
4050, 0.09999999999999964, 0.0
4051, 0.09999999999999964, 0.0
4052, 0.09999999999999964, 0.0
4053, 0.09999999999999964, 0.0
4054, 0.09999999999999964, 0.0
4055, 0.09999999999999964, 0.0
4056, 0.09999999999999964, 0.0
4057, 0.09999999999999964, 0.0
4058, 0.09999999999999964, 0.0
4059, 0.09999999999999964, 0.0
4060, 0.0, 0.0
4061, 0.0, 0.0
4062, 0.0, 0.0
4063, 0.0, 0.0
4064, 0.0, 0.0
4065, 0.0, 0.0
4066, 0.0, 0.0
4067, 0.0, 0.0
4068, 0.0, 0.0
4069, 0.0, 0.0
4070, 0.0, 0.0
4071, 0.0, 0.0
4072, 0.0, 0.0
4073, 0.0, 0.0
4074, 0.0, 0.0
4075, 0.0, 0.0
4076, 0.0, 0.0
4077, 0.0, 0.0
4078, 0.0, 0.0
4079, 0.0, 0.09999999999999787
4080, 0.0, 0.09999999999999787
4081, 0.0, 0.09999999999999787
4082, 0.0, 0.09999999999999787
4083, 0.0, 0.09999999999999787
4084, 0.0, 0.09999999999999787
4085, 0.0, 0.09999999999999787
4086, 0.0, 0.09999999999999787
4087, 0.0, 0.09999999999999787
4088, 0.0, 0.09999999999999787
4089, 0.0, 0.09999999999999787
4090, 0.09999999999999964, 0.09999999999999787
4091, 0.09999999999999964, 0.09999999999999787
4092, 0.09999999999999964, 0.09999999999999787
4093, 0.09999999999999964, 0.09999999999999787
4094, 0.09999999999999964, 0.09999999999999787
4095, 0.09999999999999964, 0.09999999999999787
4096, 0.09999999999999964, 0.09999999999999787
4097, 0.09999999999999964, 0.09999999999999787
4098, 0.09999999999999964, 0.09999999999999787
4099, 0.09999999999999964, 0.09999999999999787
4100, 0.09999999999999964, 0.0
4101, 0.09999999999999964, 0.0
4102, 0.09999999999999964, 0.0
4103, 0.09999999999999964, 0.0
4104, 0.09999999999999964, 0.0
4105, 0.0, 0.0
4106, 0.0, 0.0
4107, 0.0, 0.0
4108, 0.0, 0.0
4109, 0.0, 0.0
4110, 0.0, 0.0
4111, 0.0, 0.0
4112, 0.0, 0.09999999999999787
4113, 0.0, 0.09999999999999787
4114, 0.0, 0.09999999999999787
4115, 0.0, 0.09999999999999787
4116, 0.0, 0.09999999999999787
4117, 0.0, 0.09999999999999787
4118, 0.0, 0.0
4119, 0.0, 0.0
4120, 0.0, 0.0
4121, 0.0, 0.0
4122, 0.0, 0.0
4123, 0.0, 0.0
4124, 0.0, 0.0
4125, 0.0, 0.0
4126, 0.0, 0.0
4127, 0.0, 0.0
4128, 0.0, 0.0
4129, 0.0, 0.0
4130, 0.0, 0.0
4131, 0.0, 0.0
4132, 0.0, 0.0
4133, 0.0, 0.0
4134, 0.0, 0.0
4135, 0.0, 0.0
4136, 0.0, 0.09999999999999787
4137, 0.0, 0.09999999999999787
4138, 0.0, 0.09999999999999787
4139, 0.0, 0.09999999999999787
4140, 0.0, 0.09999999999999787
4141, 0.0, 0.09999999999999787
4142, 0.0, 0.09999999999999787
4143, 0.0, 0.09999999999999787
4144, 0.0, 0.09999999999999787
4145, 0.0, 0.09999999999999787
4146, 0.0, 0.09999999999999787
4147, 0.0, 0.09999999999999787
4148, 0.0, 0.09999999999999787
4149, 0.0, 0.09999999999999787
4150, 0.0, 0.09999999999999787
4151, 0.0, 0.0
4152, 0.0, 0.0
4153, 0.0, 0.0
4154, 0.0, 0.0
4155, 0.0, 0.0
4156, 0.0, 0.0
4157, 0.0, 0.0
4158, 0.0, 0.0
4159, 0.0, 0.0
4160, 0.0, 0.0
4161, 0.0, 0.0
4162, 0.0, 0.0
4163, 0.0, 0.0
4164, 0.0, 0.0
4165, 0.0, 0.0
4166, 0.0, 0.0
4167, 0.0, 0.0
4168, 0.0, 0.0
4169, 0.0, 0.0
4170, 0.0, 0.0
4171, 0.0, 0.0
4172, 0.0, 0.0
4173, 0.0, 0.0
4174, 0.0, 0.0
4175, 0.0, 0.0
4176, 0.0, 0.0
4177, 0.0, 0.0
4178, 0.0, 0.0
4179, 0.0, 0.0
4180, 0.0, 0.0
4181, 0.0, 0.0
4182, 0.0, 0.0
4183, 0.0, 0.0
4184, 0.0, 0.0
4185, 0.0, 0.0
4186, 0.0, 0.0
4187, 0.0, 0.0
4188, 0.0, 0.0
4189, 0.0, -0.10000000000000142
4190, 0.0, -0.10000000000000142
4191, 0.0, -0.10000000000000142
4192, 0.0, -0.10000000000000142
4193, 0.0, -0.10000000000000142
4194, 0.0, -0.10000000000000142
4195, 0.0, -0.10000000000000142
4196, 0.0, -0.10000000000000142
4197, 0.0, -0.10000000000000142
4198, 0.0, -0.10000000000000142
4199, 0.0, -0.10000000000000142
4200, 0.0, -0.10000000000000142
4201, 0.0, -0.10000000000000142
4202, 0.0, -0.10000000000000142
4203, 0.0, -0.10000000000000142
4204, 0.0, -0.10000000000000142
4205, 0.0, -0.10000000000000142
4206, 0.0, -0.10000000000000142
4207, 0.0, -0.10000000000000142
4208, 0.0, -0.10000000000000142
4209, 0.0, -0.10000000000000142
4210, 0.0, -0.10000000000000142
4211, 0.0, -0.10000000000000142
4212, 0.0, 0.0
4213, 0.0, 0.0
4214, 0.0, 0.0
4215, 0.0, 0.0
4216, 0.0, 0.0
4217, 0.0, 0.0
4218, 0.0, 0.0
4219, 0.0, 0.09999999999999787
4220, 0.0, 0.09999999999999787
4221, 0.0, 0.09999999999999787
4222, 0.0, 0.09999999999999787
4223, 0.0, 0.09999999999999787
4224, 0.0, 0.09999999999999787
4225, 0.0, 0.09999999999999787
4226, 0.0, 0.09999999999999787
4227, 0.0, 0.09999999999999787
4228, 0.0, 0.0
4229, 0.0, 0.0
4230, 0.0, 0.0
4231, 0.0, 0.0
4232, 0.0, 0.0
4233, 0.0, 0.0
4234, 0.0, 0.0
4235, 0.0, 0.0
4236, 0.0, 0.0
4237, 0.0, 0.09999999999999787
4238, 0.0, 0.09999999999999787
4239, 0.0, 0.09999999999999787
4240, 0.0, 0.0
4241, 0.0, 0.0
4242, 0.0, 0.0
4243, 0.0, 0.0
4244, 0.0, 0.0
4245, 0.0, 0.0
4246, 0.0, 0.0
4247, 0.0, 0.0
4248, 0.0, 0.0
4249, 0.0, 0.0
4250, 0.0, 0.0
4251, 0.0, 0.0
4252, 0.0, 0.0
4253, 0.0, 0.0
4254, 0.0, 0.0
4255, 0.0, 0.0
4256, 0.0, 0.0
4257, 0.0, 0.0
4258, 0.0, 0.0
4259, 0.0, 0.0
4260, 0.0, 0.0
4261, 0.0, 0.0
4262, 0.0, 0.0
4263, 0.0, 0.0
4264, 0.0, 0.0
4265, 0.0, -0.10000000000000142
4266, 0.0, -0.10000000000000142
4267, 0.0, -0.10000000000000142
4268, 0.0, 0.0
4269, 0.0, 0.0
4270, 0.0, 0.0
4271, 0.0, 0.0
4272, 0.0, 0.0
4273, 0.0, 0.0
4274, 0.0, -0.10000000000000142
4275, 0.0, -0.10000000000000142
4276, 0.0, -0.10000000000000142
4277, 0.0, -0.10000000000000142
4278, 0.0, -0.10000000000000142
4279, 0.0, -0.10000000000000142
4280, 0.0, -0.10000000000000142
4281, 0.0, -0.10000000000000142
4282, 0.0, -0.10000000000000142
4283, 0.0, -0.10000000000000142
4284, 0.0, -0.10000000000000142
4285, 0.0, -0.10000000000000142
4286, 0.0, -0.10000000000000142
4287, 0.0, -0.10000000000000142
4288, 0.0, -0.10000000000000142
4289, 0.0, -0.10000000000000142
4290, 0.0, -0.10000000000000142
4291, 0.0, -0.10000000000000142
4292, 0.0, -0.10000000000000142
4293, 0.0, -0.10000000000000142
4294, 0.0, -0.10000000000000142
4295, 0.0, -0.10000000000000142
4296, 0.0, -0.10000000000000142
4297, 0.0, -0.10000000000000142
4298, 0.0, -0.10000000000000142
4299, 0.0, -0.10000000000000142
4300, 0.0, -0.10000000000000142
4301, 0.0, -0.10000000000000142
4302, 0.0, -0.10000000000000142
4303, 0.0, -0.10000000000000142
4304, 0.0, -0.10000000000000142
4305, 0.0, -0.10000000000000142
4306, 0.0, -0.10000000000000142
4307, 0.0, -0.10000000000000142
4308, 0.0, -0.10000000000000142
4309, 0.0, -0.10000000000000142
4310, 0.0, -0.10000000000000142
4311, 0.0, -0.10000000000000142
4312, 0.0, -0.10000000000000142
4313, 0.0, -0.10000000000000142
4314, 0.0, -0.10000000000000142
4315, 0.0, -0.10000000000000142
4316, 0.0, -0.10000000000000142
4317, 0.0, -0.10000000000000142
4318, 0.0, 0.0
4319, 0.0, 0.0
4320, 0.0, 0.0
4321, 0.0, 0.0
4322, 0.0, 0.0
4323, 0.0, 0.0
4324, 0.0, 0.0
4325, 0.0, 0.0
4326, 0.09999999999999964, 0.0
4327, 0.09999999999999964, 0.0
4328, 0.09999999999999964, 0.0
4329, 0.09999999999999964, 0.0
4330, 0.09999999999999964, 0.0
4331, 0.09999999999999964, 0.0
4332, 0.09999999999999964, 0.0
4333, 0.09999999999999964, 0.0
4334, 0.09999999999999964, 0.0
4335, 0.09999999999999964, 0.0
4336, 0.09999999999999964, 0.0
4337, 0.09999999999999964, 0.0
4338, 0.09999999999999964, 0.0
4339, 0.09999999999999964, 0.0
4340, 0.09999999999999964, 0.0
4341, 0.09999999999999964, 0.0
4342, 0.09999999999999964, 0.0
4343, 0.09999999999999964, 0.0
4344, 0.09999999999999964, 0.0
4345, 0.09999999999999964, 0.0
4346, 0.09999999999999964, 0.0
4347, 0.09999999999999964, 0.0
4348, 0.09999999999999964, 0.0
4349, 0.09999999999999964, 0.0
4350, 0.09999999999999964, 0.0
4351, 0.09999999999999964, 0.0
4352, 0.09999999999999964, 0.0
4353, 0.09999999999999964, 0.0
4354, 0.09999999999999964, 0.0
4355, 0.09999999999999964, 0.0
4356, 0.09999999999999964, 0.0
4357, 0.09999999999999964, 0.0
4358, 0.0, 0.0
4359, 0.0, 0.0
4360, 0.0, 0.0
4361, 0.0, 0.0
4362, 0.0, 0.0
4363, 0.0, 0.0
4364, 0.0, 0.0
4365, 0.0, 0.0
4366, 0.0, -0.10000000000000142
4367, 0.0, -0.10000000000000142
4368, 0.0, -0.10000000000000142
4369, 0.0, -0.10000000000000142
4370, 0.0, -0.10000000000000142
4371, 0.0, -0.10000000000000142
4372, 0.0, -0.10000000000000142
4373, 0.0, -0.10000000000000142
4374, 0.0, -0.10000000000000142
4375, 0.0, -0.10000000000000142
4376, 0.0, -0.10000000000000142
4377, 0.0, -0.10000000000000142
4378, 0.0, -0.10000000000000142
4379, 0.0, 0.0
4380, 0.0, 0.0
4381, 0.0, 0.0
4382, 0.0, 0.0
4383, 0.0, 0.0
4384, 0.0, 0.0
4385, 0.0, 0.0
4386, 0.0, 0.0
4387, 0.0, 0.0
4388, 0.0, 0.0
4389, 0.0, 0.0
4390, 0.0, 0.0
4391, 0.0, 0.0
4392, 0.0, 0.0
4393, 0.0, 0.0
4394, 0.0, 0.0
4395, 0.0, 0.0
4396, 0.0, 0.0
4397, 0.0, 0.0
4398, 0.0, 0.0
4399, 0.0, 0.0
4400, 0.0, 0.0
4401, 0.0, 0.0
4402, 0.0, 0.0
4403, 0.0, 0.0
4404, 0.0, 0.0
4405, 0.0, 0.0
4406, 0.0, 0.0
4407, 0.0, 0.0
4408, 0.0, 0.0
4409, 0.0, 0.0
4410, 0.0, 0.0
4411, 0.0, -0.10000000000000142
4412, 0.0, -0.10000000000000142
4413, 0.0, -0.10000000000000142
4414, 0.0, -0.10000000000000142
4415, 0.0, -0.10000000000000142
4416, 0.0, -0.10000000000000142
4417, 0.0, -0.10000000000000142
4418, 0.0, -0.10000000000000142
4419, -0.09999999999999964, -0.10000000000000142
4420, -0.09999999999999964, -0.10000000000000142
4421, -0.09999999999999964, -0.10000000000000142
4422, -0.09999999999999964, -0.10000000000000142
4423, -0.09999999999999964, 0.0
4424, -0.09999999999999964, 0.0
4425, -0.09999999999999964, 0.0
4426, -0.09999999999999964, 0.0
4427, -0.09999999999999964, 0.0
4428, -0.09999999999999964, 0.0
4429, -0.09999999999999964, 0.0
4430, -0.09999999999999964, 0.0
4431, -0.09999999999999964, -0.10000000000000142
4432, -0.09999999999999964, -0.10000000000000142
4433, -0.09999999999999964, -0.10000000000000142
4434, -0.09999999999999964, -0.10000000000000142
4435, -0.09999999999999964, -0.10000000000000142
4436, -0.09999999999999964, -0.10000000000000142
4437, -0.09999999999999964, -0.10000000000000142
4438, -0.09999999999999964, -0.10000000000000142
4439, -0.09999999999999964, -0.10000000000000142
4440, -0.09999999999999964, 0.0
4441, -0.09999999999999964, 0.0
4442, -0.09999999999999964, 0.0
4443, -0.09999999999999964, 0.0
4444, -0.09999999999999964, 0.0
4445, -0.09999999999999964, -0.10000000000000142
4446, -0.09999999999999964, -0.10000000000000142
4447, -0.09999999999999964, -0.10000000000000142
4448, -0.09999999999999964, -0.10000000000000142
4449, -0.09999999999999964, -0.10000000000000142
4450, -0.09999999999999964, -0.10000000000000142
4451, -0.09999999999999964, -0.10000000000000142
4452, -0.09999999999999964, -0.10000000000000142
4453, 0.0, -0.10000000000000142
4454, 0.0, -0.10000000000000142
4455, 0.0, -0.10000000000000142
4456, 0.0, -0.10000000000000142
4457, 0.0, 0.0
4458, 0.0, 0.0
4459, 0.0, 0.0
4460, 0.0, 0.0
4461, 0.0, 0.0
4462, 0.0, 0.0
4463, 0.0, 0.0
4464, 0.0, 0.0
4465, 0.0, 0.0
4466, 0.0, 0.0
4467, 0.0, 0.09999999999999787
4468, 0.0, 0.09999999999999787
4469, 0.0, 0.09999999999999787
4470, 0.0, 0.09999999999999787
4471, 0.0, 0.09999999999999787
4472, 0.0, 0.09999999999999787
4473, 0.0, 0.09999999999999787
4474, 0.0, 0.09999999999999787
4475, 0.0, 0.09999999999999787
4476, 0.0, 0.09999999999999787
4477, 0.0, 0.09999999999999787
4478, 0.0, 0.09999999999999787
4479, 0.0, 0.09999999999999787
4480, 0.0, 0.09999999999999787
4481, 0.0, 0.09999999999999787
4482, 0.0, 0.09999999999999787
4483, 0.0, 0.09999999999999787
4484, 0.0, 0.09999999999999787
4485, 0.0, 0.09999999999999787
4486, 0.0, 0.09999999999999787
4487, 0.0, 0.09999999999999787
4488, 0.0, 0.09999999999999787
4489, 0.0, 0.09999999999999787
4490, 0.0, 0.09999999999999787
4491, 0.0, 0.09999999999999787
4492, 0.0, 0.09999999999999787
4493, 0.0, 0.09999999999999787
4494, 0.0, 0.0
4495, 0.0, 0.0
4496, 0.0, 0.0
4497, 0.0, 0.0
4498, 0.0, 0.0
4499, 0.09999999999999964, 0.0
4500, 0.09999999999999964, 0.0
4501, 0.09999999999999964, 0.0
4502, 0.09999999999999964, 0.0
4503, 0.09999999999999964, 0.0
4504, 0.09999999999999964, 0.0
4505, 0.09999999999999964, 0.0
4506, 0.09999999999999964, 0.0
4507, 0.09999999999999964, 0.0
4508, 0.09999999999999964, 0.0
4509, 0.09999999999999964, 0.0
4510, 0.09999999999999964, 0.0
4511, 0.09999999999999964, -0.10000000000000142
4512, 0.09999999999999964, -0.10000000000000142
4513, 0.09999999999999964, -0.10000000000000142
4514, 0.09999999999999964, -0.10000000000000142
4515, 0.09999999999999964, -0.10000000000000142
4516, 0.09999999999999964, -0.10000000000000142
4517, 0.09999999999999964, -0.10000000000000142
4518, 0.09999999999999964, -0.10000000000000142
4519, 0.09999999999999964, -0.10000000000000142
4520, 0.09999999999999964, -0.10000000000000142
4521, 0.0, -0.10000000000000142
4522, 0.0, -0.10000000000000142
4523, 0.0, -0.10000000000000142
4524, 0.0, -0.10000000000000142
4525, 0.0, -0.10000000000000142
4526, 0.0, -0.10000000000000142
4527, 0.0, -0.10000000000000142
4528, 0.0, -0.10000000000000142
4529, 0.0, -0.10000000000000142
4530, 0.0, -0.10000000000000142
4531, 0.0, -0.1999999999999993
4532, 0.0, -0.1999999999999993
4533, 0.0, -0.1999999999999993
4534, 0.0, -0.1999999999999993
4535, 0.0, -0.1999999999999993
4536, 0.0, -0.1999999999999993
4537, 0.0, -0.1999999999999993
4538, 0.09999999999999964, -0.10000000000000142
4539, 0.09999999999999964, -0.10000000000000142
4540, 0.09999999999999964, -0.10000000000000142
4541, 0.09999999999999964, -0.10000000000000142
4542, 0.09999999999999964, -0.10000000000000142
4543, 0.09999999999999964, -0.10000000000000142
4544, 0.09999999999999964, -0.10000000000000142
4545, 0.09999999999999964, -0.10000000000000142
4546, 0.09999999999999964, 0.0
4547, 0.09999999999999964, 0.0
4548, 0.09999999999999964, 0.0
4549, 0.09999999999999964, 0.0
4550, 0.09999999999999964, 0.0
4551, 0.09999999999999964, 0.0
4552, 0.09999999999999964, 0.0
4553, 0.09999999999999964, 0.0
4554, 0.09999999999999964, 0.0
4555, 0.09999999999999964, 0.0
4556, 0.09999999999999964, 0.0
4557, 0.09999999999999964, 0.0
4558, 0.09999999999999964, 0.0
4559, 0.09999999999999964, 0.0
4560, 0.09999999999999964, 0.0
4561, 0.09999999999999964, 0.0
4562, 0.09999999999999964, 0.0
4563, 0.09999999999999964, 0.0
4564, 0.09999999999999964, 0.0
4565, 0.0, 0.0
4566, 0.0, 0.0
4567, 0.0, 0.0
4568, 0.0, 0.0
4569, 0.0, 0.0
4570, 0.0, 0.0
4571, 0.0, 0.0
4572, 0.0, 0.0
4573, 0.0, 0.0
4574, 0.0, 0.09999999999999787
4575, 0.0, 0.09999999999999787
4576, 0.0, 0.09999999999999787
4577, 0.0, 0.09999999999999787
4578, 0.0, 0.09999999999999787
4579, 0.0, 0.09999999999999787
4580, 0.0, 0.09999999999999787
4581, 0.0, 0.0
4582, 0.0, 0.0
4583, 0.0, 0.0
4584, 0.0, 0.0
4585, 0.0, 0.0
4586, 0.0, 0.0
4587, 0.0, 0.0
4588, 0.0, 0.0
4589, 0.0, 0.0
4590, 0.0, 0.0
4591, 0.0, 0.0
4592, 0.0, 0.0
4593, 0.0, 0.0
4594, 0.0, 0.0
4595, 0.0, 0.0
4596, 0.0, 0.0
4597, 0.0, 0.0
4598, 0.0, 0.0
4599, 0.0, 0.0
4600, 0.0, 0.0
4601, 0.0, 0.0
4602, 0.0, 0.0
4603, 0.0, 0.0
4604, 0.0, 0.0
4605, 0.0, -0.10000000000000142
4606, 0.0, -0.10000000000000142
4607, 0.0, -0.10000000000000142
4608, 0.0, -0.10000000000000142
4609, 0.0, 0.0
4610, 0.0, 0.0
4611, 0.0, 0.0
4612, 0.0, 0.0
4613, 0.0, 0.0
4614, 0.0, 0.0
4615, 0.0, 0.0
4616, 0.0, 0.0
4617, 0.0, 0.0
4618, 0.0, 0.0
4619, 0.0, 0.0
4620, 0.0, 0.0
4621, 0.0, 0.0
4622, 0.0, 0.0
4623, 0.0, 0.0
4624, 0.0, 0.0
4625, 0.0, 0.0
4626, 0.0, 0.0
4627, 0.0, 0.0
4628, 0.0, 0.0
4629, 0.0, 0.0
4630, 0.0, 0.0
4631, 0.0, 0.0
4632, 0.0, 0.0
4633, 0.0, 0.0
4634, 0.09999999999999964, 0.0
4635, 0.09999999999999964, 0.0
4636, 0.0, 0.0
4637, 0.0, 0.0
4638, 0.0, 0.0
4639, 0.0, 0.0
4640, 0.0, 0.0
4641, 0.0, 0.0
4642, 0.0, 0.0
4643, 0.0, 0.0
4644, 0.0, 0.0
4645, 0.0, 0.0
4646, 0.0, 0.0
4647, 0.0, 0.0
4648, 0.0, 0.0
4649, 0.0, 0.09999999999999787
4650, 0.0, 0.09999999999999787
4651, 0.0, 0.09999999999999787
4652, 0.0, 0.09999999999999787
4653, 0.0, 0.09999999999999787
4654, 0.0, 0.09999999999999787
4655, 0.0, 0.09999999999999787
4656, 0.0, 0.09999999999999787
4657, 0.09999999999999964, 0.09999999999999787
4658, 0.09999999999999964, 0.09999999999999787
4659, 0.09999999999999964, 0.09999999999999787
4660, 0.09999999999999964, 0.09999999999999787
4661, 0.09999999999999964, 0.09999999999999787
4662, 0.09999999999999964, 0.09999999999999787
4663, 0.09999999999999964, 0.09999999999999787
4664, 0.09999999999999964, 0.09999999999999787
4665, 0.09999999999999964, 0.09999999999999787
4666, 0.09999999999999964, 0.09999999999999787
4667, 0.09999999999999964, -0.10000000000000142
4668, 0.09999999999999964, -0.10000000000000142
4669, 0.09999999999999964, -0.10000000000000142
4670, 0.1999999999999993, -0.10000000000000142
4671, 0.1999999999999993, -0.10000000000000142
4672, 0.1999999999999993, -0.10000000000000142
4673, 0.1999999999999993, -0.10000000000000142
4674, 0.1999999999999993, -0.10000000000000142
4675, 0.1999999999999993, -0.10000000000000142
4676, 0.1999999999999993, -0.10000000000000142
4677, 0.1999999999999993, -0.10000000000000142
4678, 0.1999999999999993, -0.10000000000000142
4679, 0.1999999999999993, -0.10000000000000142
4680, 0.1999999999999993, -0.10000000000000142
4681, 0.09999999999999964, -0.10000000000000142
4682, 0.09999999999999964, -0.10000000000000142
4683, 0.09999999999999964, -0.10000000000000142
4684, 0.09999999999999964, 0.0
4685, 0.09999999999999964, 0.0
4686, 0.09999999999999964, 0.0
4687, 0.09999999999999964, 0.0
4688, 0.09999999999999964, 0.0
4689, 0.09999999999999964, 0.0
4690, 0.09999999999999964, 0.0
4691, 0.09999999999999964, 0.0
4692, 0.09999999999999964, 0.0
4693, 0.0, 0.0
4694, 0.0, -0.10000000000000142
4695, 0.0, -0.10000000000000142
4696, 0.0, -0.10000000000000142
4697, 0.0, -0.10000000000000142
4698, 0.0, -0.10000000000000142
4699, 0.0, -0.10000000000000142
4700, 0.0, -0.10000000000000142
4701, 0.0, -0.10000000000000142
4702, 0.0, -0.10000000000000142
4703, 0.0, -0.10000000000000142
4704, 0.0, -0.10000000000000142
4705, 0.0, -0.10000000000000142
4706, 0.0, -0.10000000000000142
4707, 0.0, 0.0
4708, 0.0, 0.0
4709, 0.0, 0.0
4710, 0.0, 0.0
4711, 0.0, 0.0
4712, 0.0, 0.0
4713, 0.0, 0.0
4714, 0.0, 0.0
4715, 0.0, 0.0
4716, 0.0, 0.0
4717, 0.0, 0.0
4718, 0.0, 0.0
4719, 0.0, 0.0
4720, 0.0, 0.0
4721, 0.0, 0.09999999999999787
4722, 0.0, 0.09999999999999787
4723, 0.0, 0.09999999999999787
4724, 0.0, 0.09999999999999787
4725, 0.0, 0.09999999999999787
4726, 0.0, 0.09999999999999787
4727, 0.0, 0.09999999999999787
4728, 0.0, 0.09999999999999787
4729, 0.0, 0.09999999999999787
4730, 0.0, 0.09999999999999787
4731, 0.0, 0.09999999999999787
4732, 0.0, 0.0
4733, 0.0, 0.0
4734, 0.0, 0.09999999999999787
4735, 0.0, 0.09999999999999787
4736, 0.0, 0.09999999999999787
4737, 0.0, 0.09999999999999787
4738, 0.0, 0.09999999999999787
4739, 0.0, 0.09999999999999787
4740, 0.0, 0.09999999999999787
4741, 0.0, 0.09999999999999787
4742, 0.0, 0.09999999999999787
4743, 0.0, 0.0
4744, 0.0, 0.0
4745, 0.09999999999999964, 0.0
4746, 0.09999999999999964, 0.0
4747, 0.09999999999999964, 0.0
4748, 0.09999999999999964, 0.0
4749, 0.0, 0.0
4750, 0.0, 0.0
4751, 0.0, 0.0
4752, 0.0, 0.0
4753, 0.0, -0.10000000000000142
4754, 0.0, -0.10000000000000142
4755, 0.0, -0.10000000000000142
4756, 0.0, -0.10000000000000142
4757, 0.0, -0.1999999999999993
4758, 0.0, -0.1999999999999993
4759, 0.09999999999999964, -0.1999999999999993
4760, 0.09999999999999964, -0.1999999999999993
4761, 0.09999999999999964, -0.1999999999999993
4762, 0.09999999999999964, -0.1999999999999993
4763, 0.09999999999999964, -0.1999999999999993
4764, 0.09999999999999964, -0.10000000000000142
4765, 0.09999999999999964, -0.10000000000000142
4766, 0.09999999999999964, -0.10000000000000142
4767, 0.09999999999999964, -0.10000000000000142
4768, 0.09999999999999964, -0.10000000000000142
4769, 0.09999999999999964, -0.10000000000000142
4770, 0.09999999999999964, -0.10000000000000142
4771, 0.09999999999999964, -0.10000000000000142
4772, 0.09999999999999964, -0.10000000000000142
4773, 0.09999999999999964, -0.10000000000000142
4774, 0.09999999999999964, -0.10000000000000142
4775, 0.09999999999999964, -0.10000000000000142
4776, 0.09999999999999964, -0.10000000000000142
4777, 0.09999999999999964, -0.10000000000000142
4778, 0.09999999999999964, -0.10000000000000142
4779, 0.09999999999999964, -0.10000000000000142
4780, 0.09999999999999964, -0.10000000000000142
4781, 0.09999999999999964, -0.10000000000000142
4782, 0.0, -0.10000000000000142
4783, 0.0, -0.10000000000000142
4784, 0.0, -0.10000000000000142
4785, 0.0, -0.10000000000000142
4786, 0.0, -0.10000000000000142
4787, 0.0, -0.10000000000000142
4788, 0.0, -0.10000000000000142
4789, 0.0, -0.10000000000000142
4790, 0.0, -0.10000000000000142
4791, 0.0, -0.10000000000000142
4792, 0.0, -0.10000000000000142
4793, 0.0, -0.10000000000000142
4794, 0.0, -0.10000000000000142
4795, 0.0, -0.10000000000000142
4796, 0.0, -0.10000000000000142
4797, 0.0, -0.10000000000000142
4798, 0.0, -0.10000000000000142
4799, 0.0, -0.10000000000000142
4800, 0.0, -0.10000000000000142
4801, 0.0, -0.10000000000000142
4802, 0.0, -0.10000000000000142
4803, 0.0, -0.10000000000000142
4804, 0.0, -0.10000000000000142
4805, 0.0, -0.10000000000000142
4806, 0.0, -0.10000000000000142
4807, 0.0, -0.10000000000000142
4808, 0.0, -0.10000000000000142
4809, 0.0, -0.10000000000000142
4810, 0.0, -0.10000000000000142
4811, 0.0, -0.10000000000000142
4812, 0.0, -0.10000000000000142
4813, 0.0, -0.10000000000000142
4814, 0.0, -0.10000000000000142
4815, 0.0, -0.10000000000000142
4816, 0.0, -0.10000000000000142
4817, 0.0, -0.10000000000000142
4818, 0.0, -0.10000000000000142
4819, 0.0, -0.10000000000000142
4820, 0.0, -0.10000000000000142
4821, 0.0, -0.10000000000000142
4822, 0.0, -0.10000000000000142
4823, 0.0, -0.10000000000000142
4824, 0.0, -0.10000000000000142
4825, 0.0, -0.10000000000000142
4826, 0.0, -0.10000000000000142
4827, 0.0, -0.10000000000000142
4828, 0.0, -0.10000000000000142
4829, 0.0, -0.10000000000000142
4830, 0.0, -0.10000000000000142
4831, 0.0, -0.10000000000000142
4832, 0.0, -0.10000000000000142
4833, 0.0, -0.10000000000000142
4834, 0.0, -0.1999999999999993
4835, 0.0, -0.1999999999999993
4836, 0.0, -0.1999999999999993
4837, 0.0, -0.1999999999999993
4838, 0.0, -0.1999999999999993
4839, 0.0, -0.1999999999999993
4840, 0.0, -0.1999999999999993
4841, 0.0, -0.1999999999999993
4842, 0.0, -0.1999999999999993
4843, 0.0, -0.1999999999999993
4844, 0.0, -0.1999999999999993
4845, 0.0, -0.1999999999999993
4846, 0.0, -0.1999999999999993
4847, 0.0, -0.1999999999999993
4848, 0.0, -0.1999999999999993
4849, 0.0, -0.1999999999999993
4850, 0.0, -0.1999999999999993
4851, 0.0, -0.1999999999999993
4852, 0.0, -0.10000000000000142
4853, 0.0, -0.10000000000000142
4854, 0.0, -0.10000000000000142
4855, 0.0, -0.10000000000000142
4856, 0.0, -0.10000000000000142
4857, 0.0, -0.10000000000000142
4858, 0.0, -0.10000000000000142
4859, 0.0, -0.10000000000000142
4860, 0.0, -0.10000000000000142
4861, 0.0, -0.10000000000000142
4862, 0.0, -0.10000000000000142
4863, 0.0, -0.10000000000000142
4864, 0.0, -0.10000000000000142
4865, 0.0, -0.10000000000000142
4866, 0.0, -0.10000000000000142
4867, 0.0, -0.10000000000000142
4868, 0.0, -0.10000000000000142
4869, 0.0, -0.10000000000000142
4870, 0.0, -0.10000000000000142
4871, 0.0, -0.10000000000000142
4872, 0.0, -0.10000000000000142
4873, 0.0, 0.0
4874, 0.0, 0.0
4875, 0.0, 0.0
4876, 0.0, 0.0
4877, 0.0, 0.0
4878, 0.0, 0.0
4879, 0.0, 0.0
4880, 0.0, 0.0
4881, 0.0, 0.0
4882, 0.0, 0.0
4883, 0.0, 0.0
4884, 0.0, 0.0
4885, 0.0, 0.0
4886, 0.0, 0.0
4887, 0.0, 0.0
4888, 0.0, 0.09999999999999787
4889, 0.0, 0.09999999999999787
4890, 0.0, 0.09999999999999787
4891, 0.0, 0.09999999999999787
4892, 0.0, 0.09999999999999787
4893, 0.0, 0.09999999999999787
4894, 0.0, 0.09999999999999787
4895, 0.0, 0.09999999999999787
4896, 0.0, 0.09999999999999787
4897, 0.0, 0.09999999999999787
4898, 0.0, 0.09999999999999787
4899, 0.0, 0.09999999999999787
4900, 0.0, 0.09999999999999787
4901, 0.0, 0.09999999999999787
4902, 0.0, 0.09999999999999787
4903, 0.0, 0.09999999999999787
4904, 0.0, 0.09999999999999787
4905, 0.0, 0.09999999999999787
4906, 0.0, 0.09999999999999787
4907, 0.0, 0.09999999999999787
4908, 0.0, 0.09999999999999787
4909, 0.0, 0.09999999999999787
4910, 0.0, 0.09999999999999787
4911, 0.0, 0.09999999999999787
4912, 0.0, 0.09999999999999787
4913, 0.0, 0.09999999999999787
4914, 0.0, 0.09999999999999787
4915, 0.0, 0.09999999999999787
4916, 0.0, 0.09999999999999787
4917, 0.0, 0.09999999999999787
4918, 0.0, 0.09999999999999787
4919, 0.0, 0.09999999999999787
4920, 0.0, 0.09999999999999787
4921, 0.0, 0.09999999999999787
4922, 0.0, 0.09999999999999787
4923, 0.0, 0.09999999999999787
4924, 0.0, 0.09999999999999787
4925, 0.0, 0.09999999999999787
4926, 0.0, 0.09999999999999787
4927, 0.0, 0.0
4928, 0.0, 0.0
4929, 0.0, 0.0
4930, 0.0, 0.0
4931, 0.0, 0.0
4932, 0.0, 0.0
4933, 0.0, 0.0
4934, 0.0, 0.0
4935, 0.0, 0.0
4936, 0.0, 0.0
4937, 0.0, 0.0
4938, 0.0, 0.0
4939, 0.0, 0.0
4940, 0.0, 0.0
4941, 0.0, 0.0
4942, 0.0, 0.0
4943, 0.0, 0.0
4944, 0.0, 0.0
4945, 0.0, 0.0
4946, 0.0, 0.0
4947, 0.0, -0.10000000000000142
4948, 0.0, -0.10000000000000142
4949, 0.0, -0.10000000000000142
4950, 0.0, -0.10000000000000142
4951, 0.0, -0.10000000000000142
4952, 0.0, -0.10000000000000142
4953, 0.0, -0.10000000000000142
4954, 0.0, -0.10000000000000142
4955, 0.0, -0.10000000000000142
4956, 0.0, -0.10000000000000142
4957, 0.0, -0.10000000000000142
4958, 0.0, -0.10000000000000142
4959, 0.0, -0.10000000000000142
4960, 0.0, -0.10000000000000142
4961, 0.0, 0.0
4962, 0.0, 0.0
4963, 0.0, 0.0
4964, 0.09999999999999964, 0.0
4965, 0.09999999999999964, 0.0
4966, 0.09999999999999964, 0.0
4967, 0.09999999999999964, 0.0
4968, 0.09999999999999964, 0.0
4969, 0.09999999999999964, 0.0
4970, 0.09999999999999964, 0.0
4971, 0.09999999999999964, 0.0
4972, 0.09999999999999964, 0.0
4973, 0.09999999999999964, 0.0
4974, 0.09999999999999964, 0.0
4975, 0.09999999999999964, 0.0
4976, 0.0, 0.0
4977, 0.0, 0.0
4978, 0.0, 0.09999999999999787
4979, 0.0, 0.09999999999999787
4980, 0.0, 0.09999999999999787
4981, 0.0, 0.09999999999999787
4982, 0.0, 0.09999999999999787
4983, 0.0, 0.09999999999999787
4984, 0.0, 0.09999999999999787
4985, 0.0, 0.09999999999999787
4986, 0.0, 0.09999999999999787
4987, 0.0, 0.09999999999999787
4988, 0.0, 0.09999999999999787
4989, 0.0, 0.0
4990, 0.0, 0.0
4991, 0.0, 0.0
4992, 0.0, 0.0
4993, 0.0, 0.0
4994, 0.0, 0.0
4995, 0.0, 0.0
4996, 0.0, 0.0
4997, 0.0, 0.0
4998, 0.0, 0.0
4999, 0.0, 0.0
5000, 0.0, 0.0
5001, 0.0, 0.0
5002, 0.0, 0.0
5003, 0.0, 0.0
5004, 0.0, 0.0
5005, 0.0, 0.0
5006, 0.0, 0.0
5007, 0.0, 0.0
5008, 0.0, 0.0
5009, 0.0, 0.0
5010, 0.0, 0.0
5011, 0.0, 0.0
5012, 0.0, 0.0
5013, 0.0, 0.0
5014, 0.0, 0.0
5015, 0.0, 0.0
5016, 0.0, 0.0
5017, 0.0, 0.0
5018, 0.0, 0.0
5019, 0.0, 0.0
5020, 0.0, 0.0
5021, 0.0, 0.0
5022, 0.0, 0.0
5023, 0.0, 0.0
5024, 0.0, 0.0
5025, 0.0, 0.0
5026, 0.0, 0.0
5027, 0.0, 0.0
5028, 0.0, 0.0
5029, 0.0, 0.0
5030, 0.0, 0.0
5031, 0.0, -0.10000000000000142
5032, 0.0, -0.10000000000000142
5033, 0.0, -0.10000000000000142
5034, 0.0, -0.10000000000000142
5035, 0.0, 0.0
5036, 0.0, 0.0
5037, 0.0, 0.0
5038, 0.0, 0.0
5039, 0.09999999999999964, 0.0
5040, 0.09999999999999964, 0.0
5041, 0.09999999999999964, 0.0
5042, 0.09999999999999964, 0.0
5043, 0.09999999999999964, 0.0
5044, 0.09999999999999964, 0.0
5045, 0.09999999999999964, 0.0
5046, 0.09999999999999964, 0.0
5047, 0.09999999999999964, 0.0
5048, 0.09999999999999964, 0.0
5049, 0.09999999999999964, 0.0
5050, 0.09999999999999964, 0.0
5051, 0.09999999999999964, 0.0
5052, 0.09999999999999964, 0.0
5053, 0.0, 0.0
5054, 0.0, 0.0
5055, 0.0, 0.0
5056, 0.0, 0.0
5057, 0.0, 0.0
5058, 0.0, 0.0
5059, 0.0, 0.0
5060, 0.0, 0.0
5061, 0.0, 0.0
5062, 0.0, 0.0
5063, 0.0, 0.0
5064, 0.0, 0.0
5065, 0.0, 0.0
5066, 0.0, 0.0
5067, 0.0, 0.0
5068, 0.0, 0.0
5069, 0.0, -0.10000000000000142
5070, 0.0, -0.10000000000000142
5071, 0.0, -0.10000000000000142
5072, 0.0, 0.0
5073, 0.0, 0.0
5074, 0.0, -0.10000000000000142
5075, 0.0, -0.10000000000000142
5076, 0.0, -0.10000000000000142
5077, 0.0, -0.10000000000000142
5078, 0.0, -0.10000000000000142
5079, 0.0, -0.10000000000000142
5080, 0.0, -0.10000000000000142
5081, 0.0, -0.10000000000000142
5082, 0.0, -0.10000000000000142
5083, 0.0, -0.10000000000000142
5084, 0.0, -0.10000000000000142
5085, 0.0, -0.10000000000000142
5086, 0.0, -0.10000000000000142
5087, 0.0, -0.10000000000000142
5088, 0.0, -0.10000000000000142
5089, 0.0, -0.10000000000000142
5090, 0.0, -0.10000000000000142
5091, 0.0, -0.10000000000000142
5092, 0.0, -0.10000000000000142
5093, 0.0, -0.10000000000000142
5094, 0.0, -0.10000000000000142
5095, 0.0, 0.0
5096, 0.0, 0.0
5097, 0.0, 0.0
5098, 0.0, 0.0
5099, 0.0, 0.0
5100, 0.0, 0.0
5101, 0.0, 0.0
5102, 0.0, 0.0
5103, 0.0, 0.0
5104, 0.0, 0.0
5105, 0.0, 0.0
5106, 0.0, 0.0
5107, 0.0, 0.0
5108, 0.0, 0.0
5109, 0.0, 0.0
5110, 0.0, -0.10000000000000142
5111, 0.09999999999999964, -0.10000000000000142
5112, 0.0, -0.10000000000000142
5113, 0.0, -0.10000000000000142
5114, 0.0, -0.10000000000000142
5115, 0.0, -0.10000000000000142
5116, 0.0, -0.10000000000000142
5117, 0.0, -0.10000000000000142
5118, 0.0, -0.10000000000000142
5119, 0.0, -0.10000000000000142
5120, 0.0, -0.10000000000000142
5121, 0.0, -0.10000000000000142
5122, 0.0, 0.0
5123, 0.0, 0.0
5124, 0.0, 0.0
5125, 0.0, 0.0
5126, 0.0, 0.0
5127, 0.0, 0.0
5128, 0.0, 0.0
5129, 0.0, 0.0
5130, 0.0, 0.0
5131, 0.0, 0.0
5132, 0.0, 0.0
5133, 0.0, 0.0
5134, 0.0, 0.0
5135, 0.0, -0.10000000000000142
5136, 0.0, -0.10000000000000142
5137, 0.0, -0.10000000000000142
5138, 0.0, -0.10000000000000142
5139, 0.0, -0.10000000000000142
5140, 0.0, -0.10000000000000142
5141, 0.0, -0.10000000000000142
5142, 0.0, -0.10000000000000142
5143, 0.0, -0.10000000000000142
5144, 0.0, -0.10000000000000142
5145, 0.0, -0.10000000000000142
5146, 0.0, -0.10000000000000142
5147, 0.0, 0.0
5148, 0.0, 0.0
5149, 0.0, 0.0
5150, 0.0, 0.0
5151, 0.0, 0.0
5152, 0.0, 0.0
5153, 0.0, 0.0
5154, 0.0, 0.0
5155, 0.0, 0.0
5156, 0.0, 0.0
5157, 0.0, 0.0
5158, 0.0, 0.0
5159, 0.0, 0.0
5160, 0.0, 0.0
5161, 0.0, 0.0
5162, 0.0, 0.0
5163, 0.0, 0.0
5164, 0.0, 0.0
5165, 0.0, 0.0
5166, 0.0, 0.0
5167, 0.0, 0.0
5168, 0.0, 0.0
5169, 0.0, 0.0
5170, 0.0, 0.0
5171, 0.0, 0.0
5172, 0.0, 0.0
5173, 0.0, 0.0
5174, 0.0, 0.0
5175, 0.0, 0.0
5176, 0.0, 0.0
5177, 0.0, 0.0
5178, 0.0, 0.0
5179, 0.0, 0.0
5180, 0.0, 0.0
5181, 0.0, 0.0
5182, 0.0, 0.0
5183, 0.0, 0.0
5184, 0.0, 0.0
5185, 0.0, 0.0
5186, 0.0, 0.0
5187, 0.0, 0.0
5188, 0.0, 0.0
5189, 0.0, 0.0
5190, 0.0, 0.0
5191, 0.0, 0.0
5192, 0.0, 0.0
5193, 0.0, 0.0
5194, 0.0, 0.0
5195, 0.0, 0.0
5196, 0.0, 0.0
5197, 0.0, 0.0
5198, 0.0, 0.0
5199, 0.0, 0.0
5200, 0.0, 0.0
5201, 0.0, 0.0
5202, 0.0, 0.0
5203, 0.0, 0.0
5204, 0.0, 0.0
5205, 0.0, 0.0
5206, 0.0, 0.0
5207, 0.0, 0.0
5208, 0.0, 0.0
5209, 0.0, 0.0
5210, 0.0, 0.0
5211, 0.0, 0.0
5212, 0.0, 0.0
5213, 0.0, 0.0
5214, 0.0, 0.0
5215, 0.0, 0.0
5216, 0.0, 0.0
5217, 0.0, 0.0
5218, 0.0, 0.0
5219, 0.0, 0.0
5220, 0.0, 0.0
5221, 0.0, 0.0
5222, 0.0, 0.0
5223, 0.0, 0.0
5224, 0.0, 0.0
5225, 0.0, 0.0
5226, 0.0, 0.0
5227, 0.0, 0.0
5228, 0.0, 0.0
5229, 0.0, 0.0
5230, 0.0, 0.0
5231, 0.0, 0.0
5232, 0.0, 0.0
5233, 0.0, 0.0
5234, 0.0, 0.0
5235, 0.0, 0.0
5236, 0.0, 0.0
5237, 0.0, 0.0
5238, 0.0, 0.0
5239, 0.0, 0.0
5240, 0.0, 0.0
5241, 0.0, 0.0
5242, 0.0, 0.0
5243, 0.0, -0.10000000000000142
5244, 0.0, -0.10000000000000142
5245, 0.0, -0.10000000000000142
5246, 0.0, -0.10000000000000142
5247, 0.0, -0.10000000000000142
5248, 0.0, -0.10000000000000142
5249, 0.0, 0.0
5250, 0.0, 0.0
5251, 0.0, 0.0
5252, 0.0, 0.0
5253, 0.0, 0.0
5254, 0.0, 0.0
5255, 0.0, 0.0
5256, 0.0, 0.0
5257, 0.0, 0.0
5258, 0.0, 0.0
5259, 0.0, 0.0
5260, 0.0, 0.0
5261, 0.0, 0.0
5262, 0.0, 0.0
5263, 0.0, -0.10000000000000142
5264, 0.0, -0.10000000000000142
5265, 0.0, -0.10000000000000142
5266, 0.0, -0.10000000000000142
5267, 0.0, -0.10000000000000142
5268, 0.09999999999999964, -0.10000000000000142
5269, 0.09999999999999964, -0.10000000000000142
5270, 0.09999999999999964, -0.10000000000000142
5271, 0.09999999999999964, -0.10000000000000142
5272, 0.09999999999999964, -0.10000000000000142
5273, 0.09999999999999964, -0.10000000000000142
5274, 0.09999999999999964, -0.10000000000000142
5275, 0.09999999999999964, -0.10000000000000142
5276, 0.09999999999999964, -0.10000000000000142
5277, 0.09999999999999964, -0.10000000000000142
5278, 0.09999999999999964, -0.10000000000000142
5279, 0.09999999999999964, -0.10000000000000142
5280, 0.09999999999999964, -0.10000000000000142
5281, 0.09999999999999964, -0.10000000000000142
5282, 0.09999999999999964, -0.10000000000000142
5283, 0.09999999999999964, -0.10000000000000142
5284, 0.09999999999999964, -0.10000000000000142
5285, 0.09999999999999964, -0.10000000000000142
5286, 0.09999999999999964, -0.10000000000000142
5287, 0.09999999999999964, -0.10000000000000142
5288, 0.09999999999999964, -0.10000000000000142
5289, 0.09999999999999964, -0.10000000000000142
5290, 0.09999999999999964, -0.10000000000000142
5291, 0.09999999999999964, -0.10000000000000142
5292, 0.09999999999999964, -0.10000000000000142
5293, 0.09999999999999964, -0.10000000000000142
5294, 0.09999999999999964, -0.10000000000000142
5295, 0.09999999999999964, -0.10000000000000142
5296, 0.09999999999999964, -0.10000000000000142
5297, 0.09999999999999964, 0.0
5298, 0.09999999999999964, 0.0
5299, 0.09999999999999964, 0.0
5300, 0.09999999999999964, 0.0
5301, 0.09999999999999964, 0.0
5302, 0.09999999999999964, -0.10000000000000142
5303, 0.09999999999999964, -0.10000000000000142
5304, 0.09999999999999964, -0.10000000000000142
5305, 0.09999999999999964, -0.10000000000000142
5306, 0.09999999999999964, -0.10000000000000142
5307, 0.09999999999999964, -0.10000000000000142
5308, 0.09999999999999964, 0.0
5309, 0.09999999999999964, 0.0
5310, 0.09999999999999964, 0.0
5311, 0.09999999999999964, 0.0
5312, 0.09999999999999964, 0.0
5313, 0.09999999999999964, 0.0
5314, 0.09999999999999964, 0.0
5315, 0.09999999999999964, 0.0
5316, 0.09999999999999964, 0.0
5317, 0.09999999999999964, 0.0
5318, 0.09999999999999964, 0.0
5319, 0.09999999999999964, 0.0
5320, 0.09999999999999964, 0.0
5321, 0.09999999999999964, 0.0
5322, 0.09999999999999964, 0.0
5323, 0.09999999999999964, 0.0
5324, 0.09999999999999964, 0.0
5325, 0.09999999999999964, 0.0
5326, 0.09999999999999964, 0.0
5327, 0.09999999999999964, 0.0
5328, 0.09999999999999964, 0.0
5329, 0.09999999999999964, 0.0
5330, 0.0, 0.0
5331, 0.0, 0.0
5332, 0.0, 0.0
5333, 0.0, 0.0
5334, 0.0, 0.0
5335, 0.0, 0.0
5336, 0.0, 0.0
5337, 0.0, 0.0
5338, 0.0, 0.0
5339, 0.0, 0.0
5340, 0.0, 0.0
5341, 0.0, 0.0
5342, 0.0, 0.0
5343, 0.0, 0.0
5344, 0.0, 0.0
5345, 0.0, 0.0
5346, 0.0, 0.0
5347, 0.0, 0.0
5348, 0.0, 0.0
5349, 0.0, 0.0
5350, 0.0, 0.0
5351, 0.0, 0.0
5352, 0.0, 0.0
5353, 0.0, 0.0
5354, 0.0, 0.0
5355, 0.0, 0.0
5356, 0.0, 0.0
5357, 0.0, 0.0
5358, 0.0, 0.0
5359, 0.0, 0.0
5360, 0.0, -0.10000000000000142
5361, 0.0, 0.0
5362, 0.0, 0.0
5363, 0.0, 0.0
5364, 0.0, 0.0
5365, 0.0, 0.0
5366, 0.0, 0.0
5367, 0.0, 0.0
5368, 0.0, 0.0
5369, 0.0, 0.0
5370, 0.0, 0.0
5371, 0.0, 0.0
5372, 0.0, 0.0
5373, 0.0, 0.0
5374, 0.0, 0.0
5375, 0.0, 0.0
5376, 0.0, 0.0
5377, 0.0, 0.0
5378, 0.0, 0.0
5379, 0.0, 0.0
5380, 0.0, 0.0
5381, 0.0, 0.0
5382, 0.0, 0.0
5383, 0.0, 0.0
5384, 0.0, 0.0
5385, 0.0, -0.10000000000000142
5386, 0.0, -0.10000000000000142
5387, 0.0, -0.10000000000000142
5388, 0.0, -0.10000000000000142
5389, 0.0, -0.10000000000000142
5390, 0.0, -0.10000000000000142
5391, 0.0, -0.10000000000000142
5392, 0.0, -0.10000000000000142
5393, 0.0, -0.10000000000000142
5394, 0.0, -0.10000000000000142
5395, 0.0, -0.10000000000000142
5396, 0.0, -0.10000000000000142
5397, 0.0, -0.10000000000000142
5398, 0.0, -0.10000000000000142
5399, 0.09999999999999964, -0.10000000000000142
5400, 0.09999999999999964, -0.10000000000000142
5401, 0.09999999999999964, -0.10000000000000142
5402, 0.09999999999999964, -0.10000000000000142
5403, 0.09999999999999964, -0.10000000000000142
5404, 0.09999999999999964, -0.10000000000000142
5405, 0.09999999999999964, -0.10000000000000142
5406, 0.09999999999999964, -0.10000000000000142
5407, 0.09999999999999964, -0.10000000000000142
5408, 0.09999999999999964, -0.10000000000000142
5409, 0.09999999999999964, -0.10000000000000142
5410, 0.09999999999999964, 0.0
5411, 0.09999999999999964, 0.0
5412, 0.09999999999999964, 0.0
5413, 0.0, 0.0
5414, 0.0, 0.0
5415, 0.0, 0.0
5416, 0.0, 0.0
5417, 0.0, 0.0
5418, 0.09999999999999964, 0.0
5419, 0.09999999999999964, 0.0
5420, 0.09999999999999964, 0.0
5421, 0.09999999999999964, 0.0
5422, 0.09999999999999964, 0.0
5423, 0.09999999999999964, 0.0
5424, 0.09999999999999964, 0.0
5425, 0.09999999999999964, 0.0
5426, 0.09999999999999964, 0.0
5427, 0.09999999999999964, 0.0
5428, 0.09999999999999964, 0.0
5429, 0.09999999999999964, 0.0
5430, 0.09999999999999964, 0.0
5431, 0.09999999999999964, 0.0
5432, 0.09999999999999964, 0.0
5433, 0.09999999999999964, 0.0
5434, 0.09999999999999964, 0.0
5435, 0.09999999999999964, 0.0
5436, 0.09999999999999964, 0.0
5437, 0.09999999999999964, 0.0
5438, 0.09999999999999964, 0.0
5439, 0.09999999999999964, 0.0
5440, 0.09999999999999964, 0.0
5441, 0.09999999999999964, 0.0
5442, 0.09999999999999964, 0.0
5443, 0.09999999999999964, 0.0
5444, 0.09999999999999964, 0.0
5445, 0.09999999999999964, 0.0
5446, 0.09999999999999964, 0.0
5447, 0.09999999999999964, 0.0
5448, 0.09999999999999964, 0.0
5449, 0.0, 0.0
5450, 0.0, 0.0
5451, 0.0, 0.0
5452, 0.0, 0.0
5453, 0.0, 0.0
5454, 0.0, 0.0
5455, 0.0, 0.0
5456, 0.0, 0.0
5457, 0.0, 0.0
5458, 0.0, 0.0
5459, 0.0, 0.0
5460, 0.0, 0.0
5461, 0.0, 0.0
5462, 0.0, 0.0
5463, 0.0, 0.0
5464, 0.0, 0.0
5465, 0.0, 0.0
5466, 0.0, 0.0
5467, 0.0, 0.0
5468, 0.0, 0.0
5469, 0.0, 0.0
5470, 0.0, 0.0
5471, 0.0, 0.0
5472, 0.0, 0.0
5473, 0.0, 0.0
5474, 0.0, 0.0
5475, 0.0, 0.0
5476, 0.0, 0.0
5477, 0.0, 0.0
5478, 0.0, 0.0
5479, 0.0, 0.0
5480, 0.0, 0.0
5481, 0.0, 0.0
5482, 0.0, 0.0
5483, 0.0, -0.10000000000000142
5484, 0.0, -0.10000000000000142
5485, 0.0, -0.10000000000000142
5486, 0.0, -0.10000000000000142
5487, 0.0, -0.10000000000000142
5488, 0.0, -0.10000000000000142
5489, 0.0, -0.10000000000000142
5490, 0.0, -0.10000000000000142
5491, 0.0, -0.10000000000000142
5492, 0.0, -0.10000000000000142
5493, 0.0, -0.10000000000000142
5494, 0.0, -0.10000000000000142
5495, 0.0, -0.10000000000000142
5496, 0.0, -0.10000000000000142
5497, 0.0, -0.10000000000000142
5498, 0.0, -0.10000000000000142
5499, 0.0, -0.10000000000000142
5500, 0.0, -0.10000000000000142
5501, 0.0, -0.10000000000000142
5502, 0.0, -0.10000000000000142
5503, 0.0, -0.10000000000000142
5504, 0.0, -0.10000000000000142
5505, 0.0, -0.10000000000000142
5506, 0.0, -0.10000000000000142
5507, 0.0, -0.10000000000000142
5508, 0.0, -0.10000000000000142
5509, 0.0, -0.10000000000000142
5510, 0.0, -0.10000000000000142
5511, 0.0, -0.10000000000000142
5512, 0.0, -0.10000000000000142
5513, 0.0, -0.10000000000000142
5514, 0.0, -0.10000000000000142
5515, 0.0, -0.10000000000000142
5516, 0.0, -0.10000000000000142
5517, 0.0, -0.10000000000000142
5518, 0.0, -0.10000000000000142
5519, 0.0, -0.10000000000000142
5520, 0.0, -0.10000000000000142
5521, 0.0, -0.10000000000000142
5522, 0.0, -0.10000000000000142
5523, 0.0, -0.10000000000000142
5524, 0.0, -0.10000000000000142
5525, 0.0, -0.10000000000000142
5526, 0.0, -0.10000000000000142
5527, 0.0, -0.10000000000000142
5528, 0.0, -0.10000000000000142
5529, 0.0, -0.10000000000000142
5530, 0.0, -0.10000000000000142
5531, 0.0, -0.10000000000000142
5532, 0.0, -0.10000000000000142
5533, 0.0, -0.10000000000000142
5534, 0.0, -0.10000000000000142
5535, 0.0, -0.10000000000000142
5536, 0.0, -0.10000000000000142
5537, 0.0, -0.10000000000000142
5538, 0.0, -0.10000000000000142
5539, 0.0, -0.10000000000000142
5540, 0.0, -0.10000000000000142
5541, 0.0, -0.10000000000000142
5542, 0.0, -0.10000000000000142
5543, 0.0, -0.10000000000000142
5544, 0.0, 0.0
5545, 0.0, 0.0
5546, 0.0, 0.0
5547, 0.0, 0.0
5548, 0.0, 0.0
5549, 0.0, 0.0
5550, 0.0, 0.0
5551, 0.0, 0.0
5552, 0.0, 0.0
5553, 0.0, 0.0
5554, 0.0, 0.0
5555, 0.0, 0.0
5556, 0.0, 0.0
5557, 0.0, 0.0
5558, 0.0, 0.0
5559, 0.0, 0.0
5560, 0.0, 0.0
5561, 0.0, 0.0
5562, 0.0, 0.0
5563, 0.0, 0.0
5564, 0.0, 0.0
5565, 0.0, 0.0
5566, 0.0, 0.0
5567, 0.0, 0.0
5568, 0.0, -0.10000000000000142
5569, 0.0, -0.10000000000000142
5570, 0.0, -0.10000000000000142
5571, 0.0, 0.0
5572, 0.0, 0.0
5573, 0.0, 0.0
5574, 0.0, 0.0
5575, 0.0, 0.0
5576, 0.0, 0.0
5577, 0.0, 0.0
5578, 0.0, 0.0
5579, 0.0, 0.0
5580, 0.0, 0.0
5581, 0.09999999999999964, 0.0
5582, 0.09999999999999964, 0.0
5583, 0.09999999999999964, 0.0
5584, 0.09999999999999964, 0.0
5585, 0.09999999999999964, 0.0
5586, 0.09999999999999964, 0.0
5587, 0.09999999999999964, 0.0
5588, 0.09999999999999964, 0.0
5589, 0.09999999999999964, 0.0
5590, 0.09999999999999964, 0.0
5591, 0.09999999999999964, 0.0
5592, 0.09999999999999964, 0.0
5593, 0.09999999999999964, 0.0
5594, 0.09999999999999964, 0.0
5595, 0.09999999999999964, 0.0
5596, 0.09999999999999964, 0.0
5597, 0.09999999999999964, 0.0
5598, 0.09999999999999964, -0.10000000000000142
5599, 0.09999999999999964, -0.10000000000000142
5600, 0.09999999999999964, -0.10000000000000142
5601, 0.09999999999999964, -0.10000000000000142
5602, 0.09999999999999964, -0.10000000000000142
5603, 0.09999999999999964, -0.10000000000000142
5604, 0.09999999999999964, -0.10000000000000142
5605, 0.09999999999999964, -0.10000000000000142
5606, 0.09999999999999964, -0.10000000000000142
5607, 0.09999999999999964, -0.10000000000000142
5608, 0.09999999999999964, -0.10000000000000142
5609, 0.09999999999999964, -0.10000000000000142
5610, 0.09999999999999964, -0.10000000000000142
5611, 0.09999999999999964, -0.10000000000000142
5612, 0.09999999999999964, -0.10000000000000142
5613, 0.09999999999999964, -0.10000000000000142
5614, 0.09999999999999964, -0.10000000000000142
5615, 0.09999999999999964, -0.10000000000000142
5616, 0.09999999999999964, -0.10000000000000142
5617, 0.09999999999999964, -0.10000000000000142
5618, 0.09999999999999964, -0.10000000000000142
5619, 0.09999999999999964, -0.10000000000000142
5620, 0.09999999999999964, -0.10000000000000142
5621, 0.09999999999999964, -0.10000000000000142
5622, 0.09999999999999964, -0.10000000000000142
5623, 0.0, -0.10000000000000142
5624, 0.0, -0.10000000000000142
5625, 0.0, -0.10000000000000142
5626, 0.0, -0.10000000000000142
5627, 0.0, -0.10000000000000142
5628, 0.0, -0.10000000000000142
5629, 0.0, -0.10000000000000142
5630, 0.0, 0.0
5631, 0.0, 0.0
5632, 0.0, -0.10000000000000142
5633, 0.0, -0.10000000000000142
5634, 0.0, -0.10000000000000142
5635, 0.0, -0.10000000000000142
5636, 0.0, -0.10000000000000142
5637, 0.0, -0.10000000000000142
5638, 0.0, -0.10000000000000142
5639, 0.0, -0.10000000000000142
5640, 0.0, -0.10000000000000142
5641, 0.0, -0.10000000000000142
5642, 0.0, 0.0
5643, 0.0, 0.0
5644, 0.0, 0.0
5645, 0.0, 0.0
5646, 0.09999999999999964, 0.0
5647, 0.09999999999999964, 0.0
5648, 0.09999999999999964, 0.0
5649, 0.09999999999999964, 0.0
5650, 0.09999999999999964, 0.0
5651, 0.09999999999999964, 0.0
5652, 0.09999999999999964, 0.0
5653, 0.09999999999999964, 0.0
5654, 0.09999999999999964, 0.0
5655, 0.09999999999999964, 0.0
5656, 0.09999999999999964, 0.0
5657, 0.09999999999999964, -0.10000000000000142
5658, 0.09999999999999964, -0.10000000000000142
5659, 0.09999999999999964, -0.10000000000000142
5660, 0.09999999999999964, -0.10000000000000142
5661, 0.09999999999999964, -0.10000000000000142
5662, 0.09999999999999964, -0.10000000000000142
5663, 0.09999999999999964, -0.10000000000000142
5664, 0.09999999999999964, -0.10000000000000142
5665, 0.09999999999999964, 0.0
5666, 0.09999999999999964, 0.0
5667, 0.09999999999999964, 0.0
5668, 0.09999999999999964, 0.0
5669, 0.09999999999999964, 0.0
5670, 0.09999999999999964, 0.0
5671, 0.09999999999999964, 0.0
5672, 0.09999999999999964, 0.0
5673, 0.09999999999999964, 0.0
5674, 0.09999999999999964, 0.0
5675, 0.09999999999999964, 0.0
5676, 0.09999999999999964, 0.0
5677, 0.09999999999999964, 0.0
5678, 0.09999999999999964, 0.0
5679, 0.09999999999999964, 0.0
5680, 0.09999999999999964, 0.0
5681, 0.0, 0.0
5682, 0.0, 0.0
5683, 0.0, 0.0
5684, 0.0, 0.0
5685, 0.0, 0.0
5686, 0.0, 0.0
5687, 0.0, 0.0
5688, 0.0, 0.0
5689, 0.0, 0.0
5690, 0.0, -0.10000000000000142
5691, 0.0, -0.10000000000000142
5692, 0.0, -0.10000000000000142
5693, 0.0, 0.0
5694, 0.0, 0.0
5695, 0.0, 0.0
5696, 0.0, 0.0
5697, 0.0, 0.0
5698, 0.0, 0.0
5699, 0.0, 0.0
5700, 0.0, 0.0
5701, 0.0, 0.0
5702, 0.0, 0.0
5703, 0.0, 0.0
5704, 0.0, 0.0
5705, 0.0, 0.0
5706, 0.0, 0.0
5707, 0.0, 0.0
5708, 0.0, 0.0
5709, 0.0, 0.0
5710, 0.0, 0.0
5711, 0.0, 0.0
5712, 0.0, 0.0
5713, 0.0, 0.0
5714, 0.0, 0.0
5715, 0.0, 0.0
5716, 0.0, 0.0
5717, 0.0, 0.0
5718, 0.0, 0.0
5719, 0.0, 0.0
5720, 0.0, 0.0
5721, 0.0, 0.0
5722, 0.0, 0.0
5723, 0.0, 0.0
5724, 0.0, 0.0
5725, 0.0, 0.0
5726, 0.0, 0.09999999999999787
5727, 0.0, 0.09999999999999787
5728, 0.0, 0.09999999999999787
5729, 0.0, 0.09999999999999787
5730, 0.0, 0.09999999999999787
5731, 0.0, 0.1999999999999993
5732, 0.0, 0.1999999999999993
5733, 0.0, 0.1999999999999993
5734, 0.0, 0.1999999999999993
5735, 0.0, 0.1999999999999993
5736, 0.0, 0.1999999999999993
5737, 0.0, 0.1999999999999993
5738, 0.0, 0.09999999999999787
5739, 0.0, 0.09999999999999787
5740, 0.0, 0.09999999999999787
5741, 0.0, 0.09999999999999787
5742, 0.0, 0.09999999999999787
5743, 0.0, 0.09999999999999787
5744, 0.0, 0.09999999999999787
5745, 0.0, 0.09999999999999787
5746, 0.0, 0.09999999999999787
5747, 0.0, 0.09999999999999787
5748, 0.0, 0.09999999999999787
5749, 0.0, 0.09999999999999787
5750, 0.0, 0.09999999999999787
5751, 0.0, 0.09999999999999787
5752, 0.0, 0.09999999999999787
5753, 0.0, 0.09999999999999787
5754, 0.09999999999999964, 0.09999999999999787
5755, 0.09999999999999964, 0.09999999999999787
5756, 0.09999999999999964, 0.09999999999999787
5757, 0.09999999999999964, 0.09999999999999787
5758, 0.09999999999999964, 0.09999999999999787
5759, 0.0, 0.09999999999999787
5760, 0.0, 0.09999999999999787
5761, 0.0, 0.09999999999999787
5762, 0.0, 0.09999999999999787
5763, 0.0, 0.09999999999999787
5764, 0.0, 0.09999999999999787
5765, 0.0, 0.09999999999999787
5766, 0.0, 0.09999999999999787
5767, 0.0, 0.09999999999999787
5768, 0.0, 0.09999999999999787
5769, 0.0, 0.09999999999999787
5770, 0.0, 0.09999999999999787
5771, 0.0, 0.09999999999999787
5772, 0.0, 0.09999999999999787
5773, 0.0, 0.09999999999999787
5774, 0.0, 0.09999999999999787
5775, 0.0, 0.09999999999999787
5776, 0.0, 0.09999999999999787
5777, 0.0, 0.09999999999999787
5778, 0.0, 0.09999999999999787
5779, 0.0, 0.09999999999999787
5780, 0.0, 0.0
5781, 0.0, 0.0
5782, 0.0, 0.0
5783, 0.0, 0.0
5784, 0.0, 0.0
5785, 0.0, -0.10000000000000142
5786, 0.0, -0.10000000000000142
5787, 0.0, -0.10000000000000142
5788, 0.0, -0.10000000000000142
5789, 0.0, -0.10000000000000142
5790, 0.0, -0.10000000000000142
5791, 0.0, -0.10000000000000142
5792, 0.0, -0.10000000000000142
5793, 0.0, -0.10000000000000142
5794, 0.0, -0.10000000000000142
5795, 0.0, -0.10000000000000142
5796, 0.0, -0.10000000000000142
5797, 0.0, -0.10000000000000142
5798, 0.0, -0.10000000000000142
5799, 0.0, -0.10000000000000142
5800, 0.0, -0.10000000000000142
5801, 0.0, 0.0
5802, 0.0, 0.0
5803, 0.0, 0.0
5804, 0.0, 0.0
5805, 0.0, 0.0
5806, 0.0, 0.0
5807, 0.0, 0.0
5808, 0.0, 0.0
5809, 0.0, 0.0
5810, 0.0, 0.0
5811, 0.0, 0.0
5812, 0.0, 0.0
5813, 0.0, 0.0
5814, 0.0, 0.0
5815, 0.0, 0.0
5816, 0.0, 0.0
5817, 0.0, 0.0
5818, 0.0, 0.0
5819, 0.0, 0.0
5820, 0.0, 0.0
5821, 0.0, 0.0
5822, 0.0, 0.0
5823, 0.0, 0.0
5824, 0.0, 0.0
5825, 0.0, 0.0
5826, 0.0, 0.0
5827, 0.0, 0.0
5828, 0.0, 0.0
5829, 0.0, 0.0
5830, 0.0, 0.0
5831, 0.0, 0.0
5832, 0.0, 0.0
5833, 0.0, 0.0
5834, 0.0, 0.0
5835, 0.0, 0.0
5836, 0.0, 0.0
5837, 0.0, 0.0
5838, 0.09999999999999964, 0.0
5839, 0.09999999999999964, 0.0
5840, 0.09999999999999964, 0.0
5841, 0.09999999999999964, 0.0
5842, 0.09999999999999964, 0.0
5843, 0.09999999999999964, 0.09999999999999787
5844, 0.09999999999999964, 0.09999999999999787
5845, 0.09999999999999964, 0.09999999999999787
5846, 0.09999999999999964, 0.09999999999999787
5847, 0.09999999999999964, 0.09999999999999787
5848, 0.09999999999999964, 0.09999999999999787
5849, 0.09999999999999964, 0.09999999999999787
5850, 0.09999999999999964, 0.09999999999999787
5851, 0.09999999999999964, 0.09999999999999787
5852, 0.09999999999999964, 0.09999999999999787
5853, 0.09999999999999964, 0.09999999999999787
5854, 0.09999999999999964, 0.09999999999999787
5855, 0.09999999999999964, 0.09999999999999787
5856, 0.09999999999999964, 0.09999999999999787
5857, 0.09999999999999964, 0.09999999999999787
5858, 0.09999999999999964, 0.09999999999999787
5859, 0.09999999999999964, 0.0
5860, 0.09999999999999964, 0.0
5861, 0.09999999999999964, 0.0
5862, 0.09999999999999964, 0.0
5863, 0.09999999999999964, 0.0
5864, 0.09999999999999964, 0.0
5865, 0.0, 0.0
5866, 0.0, 0.0
5867, 0.0, 0.0
5868, 0.0, 0.0
5869, 0.0, 0.0
5870, 0.0, 0.0
5871, 0.0, 0.0
5872, 0.0, 0.0
5873, 0.0, 0.0
5874, 0.0, 0.0
5875, 0.0, 0.0
5876, 0.0, 0.0
5877, 0.0, 0.0
5878, 0.0, 0.09999999999999787
5879, 0.0, 0.09999999999999787
5880, 0.0, 0.09999999999999787
5881, 0.0, 0.09999999999999787
5882, 0.0, 0.09999999999999787
5883, 0.0, 0.09999999999999787
5884, 0.0, 0.09999999999999787
5885, 0.0, 0.09999999999999787
5886, 0.0, 0.09999999999999787
5887, 0.0, 0.0
5888, 0.0, 0.0
5889, 0.0, 0.0
5890, 0.0, 0.0
5891, 0.0, 0.0
5892, 0.0, 0.0
5893, 0.0, -0.10000000000000142
5894, 0.0, -0.10000000000000142
5895, 0.0, -0.10000000000000142
5896, 0.0, -0.10000000000000142
5897, 0.0, -0.10000000000000142
5898, 0.0, -0.10000000000000142
5899, 0.0, -0.10000000000000142
5900, 0.0, -0.10000000000000142
5901, 0.0, -0.10000000000000142
5902, 0.0, -0.10000000000000142
5903, 0.0, -0.10000000000000142
5904, 0.0, -0.10000000000000142
5905, 0.0, -0.10000000000000142
5906, 0.0, -0.10000000000000142
5907, 0.0, -0.10000000000000142
5908, 0.0, -0.10000000000000142
5909, 0.0, -0.10000000000000142
5910, 0.0, -0.10000000000000142
5911, 0.0, -0.10000000000000142
5912, 0.0, -0.10000000000000142
5913, 0.0, -0.10000000000000142
5914, 0.0, -0.10000000000000142
5915, 0.0, -0.1999999999999993
5916, 0.0, -0.1999999999999993
5917, 0.0, -0.1999999999999993
5918, 0.0, -0.1999999999999993
5919, 0.0, -0.1999999999999993
5920, 0.0, -0.1999999999999993
5921, 0.0, -0.1999999999999993
5922, 0.0, -0.1999999999999993
5923, 0.0, -0.1999999999999993
5924, 0.0, -0.1999999999999993
5925, 0.0, -0.1999999999999993
5926, 0.0, -0.1999999999999993
5927, 0.0, -0.10000000000000142
5928, 0.0, -0.10000000000000142
5929, 0.0, -0.10000000000000142
5930, 0.0, -0.10000000000000142
5931, 0.0, -0.10000000000000142
5932, 0.0, -0.10000000000000142
5933, 0.0, -0.10000000000000142
5934, 0.0, -0.10000000000000142
5935, 0.0, -0.10000000000000142
5936, 0.0, -0.10000000000000142
5937, 0.0, -0.10000000000000142
5938, 0.0, -0.10000000000000142
5939, 0.0, -0.10000000000000142
5940, 0.0, -0.10000000000000142
5941, 0.0, -0.10000000000000142
5942, 0.0, -0.10000000000000142
5943, 0.0, -0.10000000000000142
5944, 0.0, 0.0
5945, 0.0, 0.0
5946, 0.0, 0.0
5947, 0.0, 0.0
5948, 0.0, 0.0
5949, 0.0, 0.0
5950, 0.0, 0.0
5951, 0.0, 0.0
5952, 0.0, 0.0
5953, 0.0, 0.0
5954, 0.0, 0.0
5955, 0.0, 0.0
5956, 0.0, 0.0
5957, 0.0, 0.0
5958, 0.0, 0.0
5959, 0.0, 0.0
5960, 0.0, -0.10000000000000142
5961, 0.0, -0.10000000000000142
5962, 0.0, -0.10000000000000142
5963, 0.0, -0.10000000000000142
5964, 0.0, -0.10000000000000142
5965, 0.0, -0.10000000000000142
5966, 0.0, -0.10000000000000142
5967, 0.0, -0.10000000000000142
5968, 0.0, -0.10000000000000142
5969, 0.0, -0.10000000000000142
5970, 0.0, -0.10000000000000142
5971, 0.0, -0.10000000000000142
5972, 0.0, -0.10000000000000142
5973, 0.0, 0.0
5974, 0.0, 0.0
5975, 0.0, 0.0
5976, 0.0, 0.0
5977, 0.0, 0.0
5978, 0.0, 0.0
5979, 0.0, 0.0
5980, 0.0, 0.0
5981, 0.0, 0.0
5982, 0.0, 0.0
5983, 0.0, 0.0
5984, 0.0, 0.0
5985, 0.0, 0.0
5986, 0.0, 0.0
5987, 0.0, 0.0
5988, 0.0, 0.0
5989, 0.0, 0.0
5990, 0.0, 0.0
5991, 0.0, 0.0
5992, 0.0, 0.0
5993, 0.0, 0.0
5994, 0.0, 0.0
5995, 0.0, 0.0
5996, 0.0, 0.0
5997, 0.0, 0.0
5998, 0.0, 0.0
5999, 0.0, 0.0
6000, 0.0, 0.0
6001, 0.0, 0.0
6002, 0.0, 0.0
6003, 0.0, 0.0
6004, 0.0, 0.0
6005, 0.0, 0.0
6006, 0.0, 0.0
6007, 0.0, 0.0
6008, 0.0, 0.0
6009, 0.0, 0.0
6010, 0.0, -0.10000000000000142
6011, 0.0, -0.10000000000000142
6012, 0.0, -0.10000000000000142
6013, 0.0, -0.1999999999999993
6014, 0.0, -0.1999999999999993
6015, 0.0, -0.1999999999999993
6016, 0.0, -0.1999999999999993
6017, 0.0, -0.1999999999999993
6018, 0.0, -0.1999999999999993
6019, 0.0, -0.1999999999999993
6020, 0.0, -0.1999999999999993
6021, 0.0, -0.1999999999999993
6022, 0.0, -0.1999999999999993
6023, 0.0, -0.1999999999999993
6024, 0.0, -0.1999999999999993
6025, 0.0, -0.1999999999999993
6026, 0.0, -0.1999999999999993
6027, 0.0, -0.1999999999999993
6028, 0.0, -0.1999999999999993
6029, 0.0, -0.1999999999999993
6030, 0.0, -0.1999999999999993
6031, 0.0, -0.1999999999999993
6032, 0.0, -0.1999999999999993
6033, 0.0, -0.1999999999999993
6034, 0.0, -0.1999999999999993
6035, 0.0, -0.1999999999999993
6036, 0.0, -0.1999999999999993
6037, 0.0, -0.1999999999999993
6038, 0.0, -0.1999999999999993
6039, 0.0, -0.1999999999999993
6040, 0.0, -0.1999999999999993
6041, 0.0, -0.1999999999999993
6042, 0.0, -0.10000000000000142
6043, 0.0, -0.10000000000000142
6044, 0.0, -0.10000000000000142
6045, 0.0, -0.10000000000000142
6046, 0.0, -0.10000000000000142
6047, 0.0, -0.10000000000000142
6048, 0.0, -0.10000000000000142
6049, 0.0, -0.10000000000000142
6050, 0.0, -0.10000000000000142
6051, 0.0, -0.10000000000000142
6052, 0.0, -0.10000000000000142
6053, 0.0, 0.0
6054, 0.0, 0.0
6055, 0.0, 0.0
6056, 0.0, 0.0
6057, 0.0, 0.0
6058, 0.0, 0.0
6059, 0.0, 0.0
6060, 0.0, 0.0
6061, 0.0, 0.0
6062, 0.0, 0.0
6063, 0.0, 0.0
6064, 0.0, 0.0
6065, 0.0, 0.0
6066, 0.0, 0.0
6067, 0.09999999999999964, 0.0
6068, 0.09999999999999964, 0.0
6069, 0.09999999999999964, 0.0
6070, 0.09999999999999964, 0.0
6071, 0.09999999999999964, 0.0
6072, 0.09999999999999964, 0.0
6073, 0.09999999999999964, 0.0
6074, 0.09999999999999964, 0.0
6075, 0.09999999999999964, 0.0
6076, 0.09999999999999964, 0.0
6077, 0.09999999999999964, 0.0
6078, 0.09999999999999964, 0.0
6079, 0.0, 0.0
6080, 0.0, 0.0
6081, 0.0, 0.0
6082, 0.0, 0.0
6083, 0.0, 0.0
6084, 0.0, 0.0
6085, 0.0, 0.0
6086, 0.0, 0.0
6087, 0.0, 0.0
6088, 0.0, 0.0
6089, 0.0, 0.0
6090, 0.0, 0.0
6091, 0.0, 0.0
6092, 0.0, 0.0
6093, 0.0, 0.0
6094, 0.0, 0.0
6095, 0.0, 0.0
6096, 0.0, 0.0
6097, 0.0, 0.0
6098, 0.0, 0.0
6099, 0.0, 0.0
6100, 0.0, 0.0
6101, 0.0, 0.0
6102, 0.0, 0.0
6103, 0.0, 0.0
6104, 0.0, 0.0
6105, 0.0, 0.0
6106, 0.0, 0.0
6107, 0.0, 0.0
6108, 0.0, -0.10000000000000142
6109, 0.0, -0.10000000000000142
6110, 0.0, -0.10000000000000142
6111, 0.0, -0.10000000000000142
6112, 0.0, -0.10000000000000142
6113, 0.0, -0.10000000000000142
6114, 0.0, -0.10000000000000142
6115, 0.0, -0.10000000000000142
6116, 0.0, -0.10000000000000142
6117, 0.0, -0.10000000000000142
6118, 0.0, -0.10000000000000142
6119, 0.0, -0.10000000000000142
6120, 0.0, -0.10000000000000142
6121, 0.0, -0.10000000000000142
6122, 0.0, -0.10000000000000142
6123, 0.0, -0.10000000000000142
6124, 0.09999999999999964, -0.10000000000000142
6125, 0.09999999999999964, -0.10000000000000142
6126, 0.09999999999999964, -0.10000000000000142
6127, 0.09999999999999964, 0.0
6128, 0.09999999999999964, 0.0
6129, 0.09999999999999964, 0.0
6130, 0.0, 0.0
6131, 0.0, 0.0
6132, 0.0, 0.0
6133, 0.0, 0.0
6134, 0.0, 0.0
6135, 0.0, 0.0
6136, 0.0, 0.0
6137, 0.0, 0.0
6138, 0.0, 0.0
6139, 0.0, 0.0
6140, 0.0, 0.0
6141, 0.0, 0.0
6142, 0.0, 0.0
6143, 0.0, -0.10000000000000142
6144, 0.0, -0.10000000000000142
6145, 0.0, -0.1999999999999993
6146, 0.0, -0.1999999999999993
6147, 0.0, -0.1999999999999993
6148, 0.0, -0.10000000000000142
6149, 0.0, -0.10000000000000142
6150, 0.0, -0.10000000000000142
6151, 0.0, -0.10000000000000142
6152, 0.0, -0.10000000000000142
6153, 0.0, -0.10000000000000142
6154, 0.0, -0.10000000000000142
6155, 0.0, -0.10000000000000142
6156, 0.0, -0.10000000000000142
6157, 0.0, -0.10000000000000142
6158, 0.0, -0.10000000000000142
6159, 0.0, -0.10000000000000142
6160, 0.0, -0.10000000000000142
6161, 0.0, -0.10000000000000142
6162, 0.0, -0.10000000000000142
6163, 0.0, -0.10000000000000142
6164, 0.0, -0.10000000000000142
6165, 0.0, -0.10000000000000142
6166, 0.0, -0.10000000000000142
6167, 0.0, -0.10000000000000142
6168, 0.0, -0.10000000000000142
6169, 0.0, -0.10000000000000142
6170, 0.0, -0.10000000000000142
6171, 0.0, -0.10000000000000142
6172, 0.0, -0.1999999999999993
6173, 0.0, -0.1999999999999993
6174, 0.0, -0.10000000000000142
6175, 0.0, -0.10000000000000142
6176, 0.0, -0.10000000000000142
6177, 0.0, -0.10000000000000142
6178, 0.0, -0.10000000000000142
6179, 0.0, -0.10000000000000142
6180, 0.0, -0.10000000000000142
6181, 0.0, -0.10000000000000142
6182, 0.0, -0.10000000000000142
6183, 0.0, -0.10000000000000142
6184, 0.0, -0.10000000000000142
6185, 0.0, -0.10000000000000142
6186, 0.09999999999999964, -0.10000000000000142
6187, 0.09999999999999964, -0.10000000000000142
6188, 0.09999999999999964, -0.10000000000000142
6189, 0.09999999999999964, -0.10000000000000142
6190, 0.09999999999999964, -0.10000000000000142
6191, 0.09999999999999964, -0.10000000000000142
6192, 0.09999999999999964, -0.10000000000000142
6193, 0.09999999999999964, -0.10000000000000142
6194, 0.09999999999999964, -0.10000000000000142
6195, 0.09999999999999964, -0.10000000000000142
6196, 0.09999999999999964, -0.10000000000000142
6197, 0.09999999999999964, -0.10000000000000142
6198, 0.09999999999999964, -0.10000000000000142
6199, 0.09999999999999964, -0.10000000000000142
6200, 0.09999999999999964, -0.10000000000000142
6201, 0.09999999999999964, -0.10000000000000142
6202, 0.09999999999999964, -0.10000000000000142
6203, 0.09999999999999964, -0.10000000000000142
6204, 0.09999999999999964, -0.10000000000000142
6205, 0.09999999999999964, -0.10000000000000142
6206, 0.09999999999999964, -0.10000000000000142
6207, 0.09999999999999964, -0.10000000000000142
6208, 0.09999999999999964, -0.10000000000000142
6209, 0.09999999999999964, -0.10000000000000142
6210, 0.09999999999999964, -0.10000000000000142
6211, 0.09999999999999964, -0.10000000000000142
6212, 0.09999999999999964, -0.10000000000000142
6213, 0.09999999999999964, -0.10000000000000142
6214, 0.09999999999999964, 0.0
6215, 0.09999999999999964, 0.0
6216, 0.09999999999999964, -0.10000000000000142
6217, 0.09999999999999964, -0.10000000000000142
6218, 0.09999999999999964, -0.10000000000000142
6219, 0.0, -0.10000000000000142
6220, 0.0, -0.10000000000000142
6221, 0.0, -0.10000000000000142
6222, 0.0, -0.10000000000000142
6223, 0.0, -0.10000000000000142
6224, 0.0, -0.10000000000000142
6225, 0.0, -0.10000000000000142
6226, 0.0, -0.10000000000000142
6227, 0.0, -0.10000000000000142
6228, 0.0, -0.10000000000000142
6229, 0.0, -0.10000000000000142
6230, 0.0, -0.10000000000000142
6231, 0.0, -0.10000000000000142
6232, 0.0, -0.10000000000000142
6233, 0.0, -0.10000000000000142
6234, 0.0, -0.10000000000000142
6235, 0.0, -0.10000000000000142
6236, 0.0, -0.10000000000000142
6237, 0.0, -0.10000000000000142
6238, 0.0, -0.10000000000000142
6239, 0.0, 0.0
6240, 0.0, 0.0
6241, 0.0, 0.0
6242, 0.0, 0.0
6243, 0.0, 0.0
6244, 0.0, 0.0
6245, 0.0, 0.0
6246, 0.0, 0.0
6247, 0.0, 0.0
6248, 0.0, 0.0
6249, 0.0, 0.0
6250, 0.0, 0.0
6251, 0.0, 0.0
6252, 0.0, 0.0
6253, 0.0, 0.0
6254, 0.0, 0.0
6255, 0.0, 0.0
6256, 0.0, 0.0
6257, 0.0, 0.0
6258, 0.0, 0.0
6259, 0.0, 0.0
6260, 0.0, 0.0
6261, 0.0, 0.0
6262, 0.0, 0.0
6263, 0.0, 0.0
6264, 0.0, 0.0
6265, 0.0, 0.0
6266, 0.0, -0.10000000000000142
6267, 0.0, -0.10000000000000142
6268, 0.0, -0.10000000000000142
6269, 0.0, -0.10000000000000142
6270, 0.0, -0.10000000000000142
6271, 0.0, -0.10000000000000142
6272, 0.0, -0.10000000000000142
6273, 0.0, -0.10000000000000142
6274, 0.0, -0.10000000000000142
6275, 0.0, -0.10000000000000142
6276, 0.0, -0.10000000000000142
6277, 0.0, -0.10000000000000142
6278, 0.0, -0.10000000000000142
6279, 0.0, -0.10000000000000142
6280, 0.0, -0.10000000000000142
6281, 0.0, 0.0
6282, 0.0, 0.0
6283, 0.0, 0.0
6284, 0.0, 0.0
6285, 0.0, 0.0
6286, 0.0, 0.0
6287, 0.0, 0.0
6288, 0.0, 0.0
6289, 0.0, 0.0
6290, 0.0, 0.0
6291, 0.0, 0.0
6292, 0.0, -0.10000000000000142
6293, 0.0, -0.10000000000000142
6294, 0.0, -0.10000000000000142
6295, 0.0, -0.10000000000000142
6296, 0.0, -0.10000000000000142
6297, 0.0, -0.10000000000000142
6298, 0.0, -0.10000000000000142
6299, 0.0, -0.10000000000000142
6300, 0.0, -0.10000000000000142
6301, 0.0, 0.0
6302, 0.0, 0.0
6303, 0.0, 0.0
6304, 0.0, 0.0
6305, 0.0, 0.0
6306, 0.0, 0.0
6307, 0.0, 0.0
6308, 0.0, 0.0
6309, 0.0, 0.0
6310, 0.0, 0.0
6311, 0.0, 0.0
6312, 0.0, 0.0
6313, 0.0, 0.0
6314, 0.0, 0.0
6315, 0.0, 0.0
6316, 0.0, 0.0
6317, 0.0, 0.0
6318, 0.0, 0.0
6319, 0.0, 0.0
6320, 0.0, 0.0
6321, 0.0, 0.0
6322, 0.0, 0.0
6323, 0.0, 0.0
6324, 0.0, 0.0
6325, 0.0, 0.0
6326, 0.0, 0.0
6327, 0.0, 0.0
6328, 0.0, 0.0
6329, 0.0, 0.0
6330, 0.0, 0.0
6331, 0.0, 0.0
6332, 0.0, 0.0
6333, 0.0, 0.0
6334, 0.0, 0.0
6335, 0.0, 0.09999999999999787
6336, 0.0, 0.09999999999999787
6337, 0.0, 0.0
6338, 0.0, 0.0
6339, 0.0, 0.0
6340, 0.0, 0.0
6341, 0.0, 0.0
6342, 0.0, 0.0
6343, 0.0, 0.0
6344, 0.0, 0.0
6345, 0.0, 0.0
6346, 0.0, 0.0
6347, 0.0, 0.0
6348, 0.0, 0.09999999999999787
6349, 0.0, 0.09999999999999787
6350, 0.0, 0.09999999999999787
6351, 0.0, 0.09999999999999787
6352, 0.0, 0.09999999999999787
6353, 0.0, 0.09999999999999787
6354, 0.0, 0.09999999999999787
6355, 0.0, 0.09999999999999787
6356, 0.0, 0.0
6357, 0.0, 0.0
6358, 0.0, 0.0
6359, 0.0, 0.0
6360, 0.0, 0.0
6361, 0.0, 0.0
6362, 0.0, 0.0
6363, 0.0, 0.0
6364, 0.0, 0.0
6365, 0.0, 0.0
6366, 0.0, 0.0
6367, 0.0, 0.0
6368, 0.0, 0.0
6369, 0.0, 0.0
6370, 0.0, 0.0
6371, 0.0, 0.0
6372, 0.0, 0.0
6373, 0.0, 0.0
6374, 0.0, 0.0
6375, 0.0, 0.0
6376, 0.0, 0.0
6377, 0.0, 0.0
6378, 0.0, 0.0
6379, 0.0, -0.10000000000000142
6380, 0.0, -0.10000000000000142
6381, 0.0, -0.10000000000000142
6382, 0.0, -0.10000000000000142
6383, 0.0, -0.10000000000000142
6384, 0.0, -0.10000000000000142
6385, 0.0, -0.10000000000000142
6386, 0.0, -0.10000000000000142
6387, 0.0, -0.10000000000000142
6388, 0.0, -0.10000000000000142
6389, 0.0, -0.10000000000000142
6390, 0.0, -0.10000000000000142
6391, 0.0, -0.10000000000000142
6392, 0.0, -0.10000000000000142
6393, 0.0, -0.10000000000000142
6394, 0.0, -0.10000000000000142
6395, 0.0, -0.10000000000000142
6396, 0.0, -0.10000000000000142
6397, 0.0, -0.10000000000000142
6398, 0.0, -0.10000000000000142
6399, 0.0, -0.10000000000000142
6400, 0.0, -0.10000000000000142
6401, 0.0, -0.10000000000000142
6402, 0.0, -0.10000000000000142
6403, 0.0, -0.10000000000000142
6404, 0.0, 0.0
6405, 0.0, 0.0
6406, 0.0, 0.0
6407, 0.0, 0.0
6408, 0.0, 0.0
6409, 0.0, 0.0
6410, 0.0, 0.0
6411, 0.0, 0.0
6412, 0.0, 0.0
6413, 0.0, 0.0
6414, 0.0, 0.0
6415, 0.0, 0.0
6416, 0.0, 0.0
6417, 0.0, 0.0
6418, 0.0, 0.0
6419, 0.0, 0.0
6420, 0.0, 0.0
6421, 0.0, 0.0
6422, 0.0, 0.0
6423, 0.0, 0.0
6424, 0.0, 0.0
6425, 0.0, 0.0
6426, 0.0, 0.0
6427, 0.0, 0.0
6428, 0.0, 0.0
6429, 0.0, 0.0
6430, 0.0, 0.0
6431, 0.0, 0.0
6432, 0.0, 0.0
6433, 0.0, 0.0
6434, 0.0, 0.0
6435, 0.0, 0.0
6436, 0.0, 0.0
6437, 0.0, 0.0
6438, 0.0, 0.0
6439, 0.0, 0.0
6440, 0.0, 0.09999999999999787
6441, 0.0, 0.09999999999999787
6442, 0.0, 0.09999999999999787
6443, 0.0, 0.09999999999999787
6444, 0.0, 0.09999999999999787
6445, 0.0, 0.09999999999999787
6446, 0.0, 0.09999999999999787
6447, 0.0, 0.09999999999999787
6448, 0.0, 0.09999999999999787
6449, 0.0, 0.09999999999999787
6450, 0.0, 0.09999999999999787
6451, 0.0, 0.09999999999999787
6452, 0.0, 0.09999999999999787
6453, 0.0, 0.09999999999999787
6454, 0.0, 0.09999999999999787
6455, 0.0, 0.09999999999999787
6456, 0.0, 0.09999999999999787
6457, 0.0, 0.09999999999999787
6458, 0.0, 0.09999999999999787
6459, 0.0, 0.09999999999999787
6460, 0.0, 0.09999999999999787
6461, 0.0, 0.09999999999999787
6462, 0.0, 0.09999999999999787
6463, 0.0, 0.09999999999999787
6464, 0.0, 0.09999999999999787
6465, 0.0, 0.09999999999999787
6466, 0.0, 0.09999999999999787
6467, 0.0, 0.09999999999999787
6468, 0.0, 0.09999999999999787
6469, 0.0, 0.09999999999999787
6470, 0.0, 0.09999999999999787
6471, 0.0, 0.09999999999999787
6472, 0.0, 0.09999999999999787
6473, 0.0, 0.09999999999999787
6474, 0.0, 0.09999999999999787
6475, 0.0, 0.09999999999999787
6476, 0.0, 0.09999999999999787
6477, 0.0, 0.09999999999999787
6478, 0.0, 0.09999999999999787
6479, 0.0, 0.09999999999999787
6480, 0.0, 0.09999999999999787
6481, 0.0, 0.09999999999999787
6482, 0.0, 0.09999999999999787
6483, 0.0, 0.09999999999999787
6484, 0.0, 0.09999999999999787
6485, 0.0, 0.09999999999999787
6486, 0.0, 0.09999999999999787
6487, 0.0, 0.09999999999999787
6488, 0.0, 0.0
6489, 0.0, 0.0
6490, 0.0, 0.0
6491, 0.0, 0.0
6492, 0.0, 0.0
6493, 0.0, 0.0
6494, 0.0, -0.10000000000000142
6495, 0.0, -0.10000000000000142
6496, 0.0, -0.10000000000000142
6497, 0.0, -0.10000000000000142
6498, 0.0, -0.10000000000000142
6499, 0.0, -0.10000000000000142
6500, 0.0, -0.10000000000000142
6501, 0.0, -0.10000000000000142
6502, 0.0, -0.10000000000000142
6503, 0.0, -0.10000000000000142
6504, 0.0, -0.10000000000000142
6505, 0.0, -0.10000000000000142
6506, 0.0, -0.10000000000000142
6507, 0.0, -0.10000000000000142
6508, 0.0, -0.10000000000000142
6509, 0.0, -0.10000000000000142
6510, 0.0, -0.10000000000000142
6511, 0.0, -0.10000000000000142
6512, 0.0, 0.0
6513, 0.0, 0.0
6514, 0.0, 0.0
6515, 0.0, 0.0
6516, 0.0, 0.0
6517, 0.0, 0.0
6518, 0.0, 0.0
6519, 0.0, 0.0
6520, 0.0, 0.0
6521, 0.0, 0.0
6522, 0.0, 0.0
6523, 0.0, 0.0
6524, 0.0, 0.0
6525, 0.0, 0.0
6526, 0.0, 0.0
6527, 0.0, 0.0
6528, 0.0, 0.0
6529, 0.0, 0.0
6530, 0.0, 0.0
6531, 0.0, 0.0
6532, 0.0, 0.0
6533, 0.0, 0.0
6534, 0.0, 0.0
6535, 0.0, 0.0
6536, 0.0, 0.0
6537, 0.0, 0.0
6538, 0.0, 0.0
6539, 0.0, -0.10000000000000142
6540, 0.0, -0.10000000000000142
6541, 0.0, -0.10000000000000142
6542, 0.0, -0.10000000000000142
6543, 0.0, -0.10000000000000142
6544, 0.0, -0.10000000000000142
6545, 0.0, -0.10000000000000142
6546, 0.09999999999999964, -0.10000000000000142
6547, 0.09999999999999964, -0.10000000000000142
6548, 0.09999999999999964, -0.10000000000000142
6549, 0.09999999999999964, -0.10000000000000142
6550, 0.09999999999999964, -0.10000000000000142
6551, 0.09999999999999964, -0.10000000000000142
6552, 0.09999999999999964, -0.10000000000000142
6553, 0.09999999999999964, -0.10000000000000142
6554, 0.09999999999999964, -0.10000000000000142
6555, 0.09999999999999964, -0.10000000000000142
6556, 0.09999999999999964, -0.10000000000000142
6557, 0.09999999999999964, -0.10000000000000142
6558, 0.09999999999999964, -0.10000000000000142
6559, 0.09999999999999964, -0.10000000000000142
6560, 0.09999999999999964, -0.10000000000000142
6561, 0.09999999999999964, -0.10000000000000142
6562, 0.09999999999999964, -0.10000000000000142
6563, 0.09999999999999964, -0.10000000000000142
6564, 0.09999999999999964, -0.10000000000000142
6565, 0.09999999999999964, -0.10000000000000142
6566, 0.09999999999999964, -0.10000000000000142
6567, 0.09999999999999964, -0.10000000000000142
6568, 0.09999999999999964, -0.10000000000000142
6569, 0.09999999999999964, -0.10000000000000142
6570, 0.09999999999999964, -0.10000000000000142
6571, 0.09999999999999964, -0.10000000000000142
6572, 0.09999999999999964, -0.10000000000000142
6573, 0.09999999999999964, -0.10000000000000142
6574, 0.09999999999999964, -0.10000000000000142
6575, 0.09999999999999964, -0.10000000000000142
6576, 0.09999999999999964, -0.10000000000000142
6577, 0.09999999999999964, -0.10000000000000142
6578, 0.09999999999999964, -0.1999999999999993
6579, 0.09999999999999964, -0.1999999999999993
6580, 0.09999999999999964, -0.1999999999999993
6581, 0.09999999999999964, -0.1999999999999993
6582, 0.09999999999999964, -0.10000000000000142
6583, 0.09999999999999964, -0.10000000000000142
6584, 0.09999999999999964, -0.10000000000000142
6585, 0.0, -0.10000000000000142
6586, 0.0, -0.10000000000000142
6587, 0.0, 0.0
6588, 0.0, 0.0
6589, 0.0, 0.0
6590, 0.0, 0.0
6591, 0.0, 0.0
6592, 0.0, 0.0
6593, 0.0, 0.0
6594, 0.0, 0.0
6595, 0.0, 0.0
6596, 0.0, 0.0
6597, 0.0, 0.0
6598, 0.0, 0.0
6599, 0.0, 0.0
6600, 0.0, 0.0
6601, 0.0, 0.0
6602, 0.0, 0.0
6603, 0.0, 0.0
6604, 0.0, 0.0
6605, 0.0, 0.0
6606, 0.0, 0.0
6607, 0.0, 0.0
6608, 0.0, 0.0
6609, 0.0, 0.0
6610, 0.0, 0.0
6611, 0.0, 0.0
6612, 0.0, 0.0
6613, 0.0, 0.0
6614, 0.0, 0.0
6615, 0.0, 0.0
6616, 0.0, 0.0
6617, 0.0, 0.0
6618, 0.0, 0.0
6619, 0.0, 0.0
6620, 0.0, 0.0
6621, 0.0, 0.0
6622, 0.0, 0.0
6623, 0.0, 0.0
6624, 0.0, 0.0
6625, 0.0, 0.0
6626, 0.0, 0.0
6627, 0.0, 0.0
6628, 0.0, 0.0
6629, 0.0, 0.0
6630, 0.0, 0.0
6631, 0.0, 0.0
6632, 0.09999999999999964, 0.0
6633, 0.09999999999999964, 0.0
6634, 0.09999999999999964, 0.0
6635, 0.09999999999999964, 0.0
6636, 0.09999999999999964, 0.0
6637, 0.09999999999999964, 0.0
6638, 0.09999999999999964, 0.0
6639, 0.09999999999999964, 0.0
6640, 0.0, -0.10000000000000142
6641, 0.0, -0.10000000000000142
6642, 0.0, -0.10000000000000142
6643, 0.0, -0.10000000000000142
6644, 0.0, -0.10000000000000142
6645, 0.0, -0.10000000000000142
6646, 0.0, 0.0
6647, 0.0, 0.0
6648, 0.0, 0.0
6649, 0.0, 0.0
6650, 0.0, 0.0
6651, 0.0, 0.0
6652, 0.0, 0.0
6653, 0.0, 0.0
6654, 0.0, 0.0
6655, 0.0, 0.0
6656, 0.0, 0.0
6657, 0.0, 0.0
6658, 0.0, 0.0
6659, 0.0, 0.0
6660, 0.0, 0.0
6661, 0.0, 0.0
6662, 0.0, 0.0
6663, 0.0, 0.0
6664, 0.0, 0.0
6665, 0.0, -0.10000000000000142
6666, 0.0, -0.10000000000000142
6667, 0.0, -0.10000000000000142
6668, 0.0, 0.0
6669, 0.0, 0.0
6670, 0.0, 0.0
6671, 0.0, 0.0
6672, 0.0, 0.0
6673, 0.0, 0.0
6674, 0.0, 0.0
6675, 0.0, 0.0
6676, 0.0, 0.0
6677, 0.0, 0.0
6678, 0.0, 0.0
6679, 0.0, 0.0
6680, 0.0, 0.0
6681, 0.0, 0.0
6682, 0.0, 0.0
6683, 0.0, 0.0
6684, 0.0, 0.0
6685, 0.0, 0.0
6686, 0.0, 0.0
6687, 0.0, 0.0
6688, 0.0, 0.0
6689, 0.0, 0.0
6690, 0.0, 0.0
6691, 0.0, 0.0
6692, 0.0, 0.0
6693, 0.0, 0.0
6694, 0.0, 0.0
6695, 0.0, 0.0
6696, 0.0, 0.0
6697, 0.0, 0.0
6698, 0.0, 0.0
6699, 0.0, 0.0
6700, 0.0, 0.0
6701, 0.0, 0.0
6702, 0.0, 0.0
6703, 0.0, 0.0
6704, 0.0, -0.10000000000000142
6705, 0.0, -0.10000000000000142
6706, 0.0, -0.10000000000000142
6707, 0.0, -0.10000000000000142
6708, 0.0, -0.10000000000000142
6709, 0.0, -0.10000000000000142
6710, 0.0, -0.10000000000000142
6711, 0.0, -0.10000000000000142
6712, 0.0, -0.10000000000000142
6713, 0.0, 0.0
6714, 0.0, 0.0
6715, 0.0, 0.0
6716, 0.0, 0.0
6717, 0.0, 0.0
6718, 0.0, 0.0
6719, 0.0, 0.0
6720, 0.0, 0.0
6721, 0.0, 0.0
6722, 0.0, 0.0
6723, 0.0, 0.0
6724, 0.0, 0.0
6725, 0.0, 0.0
6726, 0.0, 0.0
6727, 0.0, 0.0
6728, 0.0, 0.0
6729, 0.0, 0.0
6730, 0.0, 0.0
6731, 0.0, 0.0
6732, 0.0, 0.0
6733, 0.0, 0.0
6734, 0.0, 0.0
6735, 0.0, 0.0
6736, 0.0, 0.0
6737, 0.0, 0.0
6738, 0.0, 0.0
6739, 0.0, 0.0
6740, 0.0, 0.0
6741, 0.0, 0.0
6742, 0.0, 0.0
6743, 0.0, 0.0
6744, 0.0, 0.0
6745, 0.0, 0.0
6746, 0.0, 0.0
6747, 0.0, 0.0
6748, 0.0, 0.0
6749, 0.0, 0.09999999999999787
6750, 0.0, 0.09999999999999787
6751, 0.0, 0.09999999999999787
6752, 0.0, 0.09999999999999787
6753, 0.0, 0.09999999999999787
6754, 0.0, 0.09999999999999787
6755, 0.0, 0.09999999999999787
6756, 0.0, 0.09999999999999787
6757, 0.0, 0.09999999999999787
6758, 0.0, 0.09999999999999787
6759, 0.0, 0.09999999999999787
6760, 0.0, 0.09999999999999787
6761, 0.0, 0.09999999999999787
6762, 0.0, 0.09999999999999787
6763, 0.0, 0.09999999999999787
6764, 0.0, 0.09999999999999787
6765, 0.0, 0.09999999999999787
6766, 0.0, 0.09999999999999787
6767, 0.0, 0.09999999999999787
6768, 0.0, 0.0
6769, 0.0, 0.0
6770, 0.0, 0.0
6771, 0.0, 0.0
6772, 0.0, 0.0
6773, 0.0, 0.0
6774, 0.0, 0.0
6775, 0.0, 0.0
6776, 0.0, 0.09999999999999787
6777, 0.0, 0.09999999999999787
6778, 0.0, 0.09999999999999787
6779, 0.0, 0.09999999999999787
6780, 0.0, 0.09999999999999787
6781, 0.0, 0.0
6782, 0.0, 0.0
6783, 0.0, 0.0
6784, 0.0, 0.0
6785, 0.0, 0.0
6786, 0.09999999999999964, 0.0
6787, 0.0, 0.0
6788, 0.0, 0.0
6789, 0.0, 0.0
6790, 0.0, 0.0
6791, 0.0, 0.0
6792, 0.0, 0.0
6793, 0.0, 0.0
6794, 0.0, 0.0
6795, 0.09999999999999964, 0.0
6796, 0.09999999999999964, 0.09999999999999787
6797, 0.09999999999999964, 0.09999999999999787
6798, 0.09999999999999964, 0.09999999999999787
6799, 0.09999999999999964, 0.09999999999999787
6800, 0.09999999999999964, 0.09999999999999787
6801, 0.09999999999999964, 0.09999999999999787
6802, 0.09999999999999964, 0.09999999999999787
6803, 0.09999999999999964, 0.09999999999999787
6804, 0.09999999999999964, 0.09999999999999787
6805, 0.09999999999999964, 0.09999999999999787
6806, 0.09999999999999964, 0.09999999999999787
6807, 0.09999999999999964, 0.09999999999999787
6808, 0.09999999999999964, 0.09999999999999787
6809, 0.09999999999999964, 0.09999999999999787
6810, 0.09999999999999964, 0.09999999999999787
6811, 0.09999999999999964, 0.09999999999999787
6812, 0.09999999999999964, 0.09999999999999787
6813, 0.09999999999999964, 0.09999999999999787
6814, 0.09999999999999964, 0.09999999999999787
6815, 0.0, 0.09999999999999787
6816, 0.0, 0.09999999999999787
6817, 0.0, 0.09999999999999787
6818, 0.0, 0.09999999999999787
6819, 0.0, 0.09999999999999787
6820, 0.0, 0.09999999999999787
6821, 0.0, 0.09999999999999787
6822, 0.0, 0.0
6823, 0.0, 0.0
6824, 0.0, 0.0
6825, 0.0, 0.0
6826, 0.0, 0.09999999999999787
6827, 0.0, 0.09999999999999787
6828, 0.0, 0.09999999999999787
6829, 0.0, 0.09999999999999787
6830, 0.0, 0.09999999999999787
6831, 0.0, 0.09999999999999787
6832, 0.0, 0.09999999999999787
6833, 0.0, 0.09999999999999787
6834, 0.0, 0.09999999999999787
6835, 0.0, 0.09999999999999787
6836, 0.0, 0.09999999999999787
6837, 0.0, 0.09999999999999787
6838, 0.0, 0.09999999999999787
6839, 0.0, 0.09999999999999787
6840, 0.0, 0.09999999999999787
6841, 0.0, 0.09999999999999787
6842, 0.0, 0.09999999999999787
6843, 0.0, 0.09999999999999787
6844, 0.0, 0.09999999999999787
6845, 0.0, 0.0
6846, 0.0, 0.0
6847, 0.0, -0.10000000000000142
6848, 0.0, -0.10000000000000142
6849, 0.0, -0.10000000000000142
6850, 0.0, -0.10000000000000142
6851, 0.0, -0.10000000000000142
6852, 0.0, -0.10000000000000142
6853, 0.0, -0.10000000000000142
6854, 0.0, -0.10000000000000142
6855, 0.0, -0.1999999999999993
6856, 0.0, -0.1999999999999993
6857, 0.0, -0.1999999999999993
6858, 0.0, -0.1999999999999993
6859, 0.0, -0.10000000000000142
6860, 0.0, -0.10000000000000142
6861, 0.0, -0.10000000000000142
6862, 0.0, -0.10000000000000142
6863, 0.0, -0.10000000000000142
6864, 0.0, -0.10000000000000142
6865, 0.0, -0.10000000000000142
6866, 0.0, -0.10000000000000142
6867, 0.0, -0.10000000000000142
6868, 0.0, -0.10000000000000142
6869, 0.0, 0.0
6870, 0.0, 0.0
6871, 0.0, 0.0
6872, 0.0, 0.0
6873, 0.0, 0.0
6874, 0.0, 0.0
6875, 0.0, 0.0
6876, 0.0, 0.0
6877, 0.0, 0.0
6878, 0.0, 0.0
6879, 0.0, 0.0
6880, 0.0, 0.0
6881, 0.0, 0.0
6882, 0.0, 0.0
6883, 0.0, 0.0
6884, 0.0, 0.0
6885, 0.0, 0.0
6886, 0.0, 0.0
6887, 0.0, 0.0
6888, 0.0, 0.0
6889, 0.0, 0.0
6890, 0.0, 0.0
6891, 0.0, 0.0
6892, 0.0, 0.0
6893, 0.0, 0.0
6894, 0.0, 0.0
6895, 0.0, 0.0
6896, 0.0, 0.0
6897, 0.0, 0.0
6898, 0.0, 0.0
6899, 0.0, 0.0
6900, 0.0, 0.0
6901, 0.0, 0.0
6902, 0.0, 0.0
6903, 0.0, 0.0
6904, 0.0, 0.0
6905, 0.0, 0.0
6906, 0.0, 0.0
6907, 0.0, 0.0
6908, 0.0, 0.0
6909, 0.0, 0.0
6910, 0.0, 0.0
6911, 0.0, 0.0
6912, 0.0, 0.0
6913, 0.0, 0.0
6914, 0.0, 0.0
6915, 0.0, 0.0
6916, 0.0, 0.0
6917, 0.0, 0.0
6918, 0.0, 0.0
6919, 0.0, 0.0
6920, 0.0, -0.10000000000000142
6921, 0.0, 0.0
6922, 0.0, 0.0
6923, 0.0, 0.0
6924, 0.0, 0.0
6925, 0.0, 0.0
6926, 0.0, 0.0
6927, 0.0, 0.0
6928, 0.0, 0.0
6929, 0.0, 0.0
6930, 0.0, 0.0
6931, 0.0, 0.0
6932, 0.0, 0.0
6933, 0.0, 0.0
6934, 0.0, 0.0
6935, 0.0, 0.0
6936, 0.0, 0.0
6937, 0.0, 0.0
6938, 0.0, 0.0
6939, 0.0, 0.0
6940, 0.0, 0.0
6941, 0.0, 0.0
6942, 0.0, 0.0
6943, 0.0, 0.0
6944, 0.0, 0.0
6945, 0.0, 0.09999999999999787
6946, 0.0, 0.09999999999999787
6947, 0.0, 0.09999999999999787
6948, 0.0, 0.09999999999999787
6949, 0.0, 0.09999999999999787
6950, 0.0, 0.09999999999999787
6951, 0.0, 0.09999999999999787
6952, 0.0, 0.09999999999999787
6953, 0.0, 0.09999999999999787
6954, 0.0, 0.09999999999999787
6955, 0.0, 0.09999999999999787
6956, 0.0, 0.09999999999999787
6957, 0.0, 0.09999999999999787
6958, 0.0, 0.09999999999999787
6959, 0.0, 0.0
6960, 0.0, 0.0
6961, 0.0, 0.0
6962, 0.0, 0.0
6963, 0.0, 0.0
6964, 0.0, 0.0
6965, 0.0, 0.0
6966, 0.0, 0.0
6967, 0.0, 0.0
6968, 0.0, 0.0
6969, 0.0, 0.0
6970, 0.0, 0.0
6971, 0.0, 0.0
6972, 0.0, 0.0
6973, 0.0, 0.0
6974, 0.0, 0.0
6975, 0.0, 0.0
6976, 0.0, 0.0
6977, 0.0, 0.0
6978, 0.0, 0.0
6979, 0.0, 0.0
6980, 0.0, 0.0
6981, 0.0, 0.0
6982, 0.0, 0.0
6983, 0.0, 0.0
6984, 0.0, 0.0
6985, 0.0, 0.0
6986, 0.0, 0.0
6987, 0.0, 0.0
6988, 0.0, 0.0
6989, 0.0, 0.0
6990, 0.0, 0.0
6991, 0.0, 0.0
6992, 0.0, 0.0
6993, 0.0, 0.0
6994, 0.0, 0.0
6995, 0.0, 0.0
6996, 0.0, -0.10000000000000142
6997, 0.0, -0.10000000000000142
6998, 0.0, -0.10000000000000142
6999, 0.0, -0.10000000000000142
7000, 0.0, -0.10000000000000142
7001, 0.0, 0.0
7002, 0.0, 0.0
7003, 0.0, 0.0
7004, 0.0, 0.0
7005, 0.0, 0.0
7006, 0.0, 0.0
7007, 0.0, 0.0
7008, 0.0, 0.0
7009, 0.0, 0.0
7010, 0.0, 0.0
7011, 0.0, 0.0
7012, 0.0, 0.0
7013, 0.0, 0.0
7014, 0.0, 0.0
7015, 0.0, 0.0
7016, 0.0, 0.09999999999999787
7017, 0.0, 0.09999999999999787
7018, 0.0, 0.09999999999999787
7019, 0.0, 0.09999999999999787
7020, 0.0, 0.09999999999999787
7021, 0.0, 0.09999999999999787
7022, 0.0, 0.09999999999999787
7023, 0.0, 0.09999999999999787
7024, 0.0, 0.09999999999999787
7025, 0.0, 0.09999999999999787
7026, 0.0, 0.09999999999999787
7027, 0.0, 0.09999999999999787
7028, 0.0, 0.09999999999999787
7029, 0.0, 0.09999999999999787
7030, 0.0, 0.09999999999999787
7031, 0.0, 0.09999999999999787
7032, 0.0, 0.09999999999999787
7033, 0.0, 0.09999999999999787
7034, 0.0, 0.09999999999999787
7035, 0.0, 0.09999999999999787
7036, 0.0, 0.09999999999999787
7037, 0.0, 0.09999999999999787
7038, 0.0, 0.09999999999999787
7039, 0.0, 0.09999999999999787
7040, 0.0, 0.09999999999999787
7041, 0.0, 0.09999999999999787
7042, 0.0, 0.09999999999999787
7043, 0.0, 0.09999999999999787
7044, 0.0, 0.09999999999999787
7045, 0.0, 0.09999999999999787
7046, 0.0, 0.09999999999999787
7047, 0.0, 0.09999999999999787
7048, 0.0, 0.09999999999999787
7049, 0.0, 0.09999999999999787
7050, 0.0, 0.09999999999999787
7051, 0.0, 0.09999999999999787
7052, 0.0, 0.09999999999999787
7053, 0.0, 0.09999999999999787
7054, 0.0, 0.09999999999999787
7055, 0.0, 0.09999999999999787
7056, 0.0, 0.09999999999999787
7057, 0.0, 0.09999999999999787
7058, 0.0, 0.09999999999999787
7059, 0.0, 0.09999999999999787
7060, 0.0, 0.09999999999999787
7061, 0.0, 0.09999999999999787
7062, 0.0, 0.09999999999999787
7063, 0.0, 0.09999999999999787
7064, 0.0, 0.09999999999999787
7065, 0.0, 0.09999999999999787
7066, 0.0, 0.09999999999999787
7067, 0.0, 0.09999999999999787
7068, 0.0, 0.09999999999999787
7069, 0.0, 0.09999999999999787
7070, 0.0, 0.09999999999999787
7071, 0.0, 0.09999999999999787
7072, 0.0, 0.0
7073, 0.0, -0.10000000000000142
7074, 0.0, -0.10000000000000142
7075, 0.0, -0.10000000000000142
7076, 0.0, -0.10000000000000142
7077, 0.0, -0.10000000000000142
7078, 0.0, -0.10000000000000142
7079, 0.0, -0.10000000000000142
7080, 0.0, 0.0
7081, 0.0, 0.0
7082, 0.0, 0.0
7083, 0.0, 0.0
7084, 0.0, 0.0
7085, 0.0, 0.0
7086, 0.0, 0.0
7087, 0.0, 0.0
7088, 0.0, 0.0
7089, 0.09999999999999964, 0.0
7090, 0.09999999999999964, 0.0
7091, 0.09999999999999964, 0.0
7092, 0.09999999999999964, 0.0
7093, 0.09999999999999964, 0.0
7094, 0.09999999999999964, 0.0
7095, 0.09999999999999964, 0.0
7096, 0.09999999999999964, 0.0
7097, 0.09999999999999964, 0.0
7098, 0.09999999999999964, 0.0
7099, 0.09999999999999964, 0.0
7100, 0.09999999999999964, 0.0
7101, 0.0, 0.0
7102, 0.0, 0.0
7103, 0.0, 0.0
7104, 0.0, 0.0
7105, 0.0, 0.0
7106, 0.0, 0.0
7107, 0.0, 0.0
7108, 0.0, 0.0
7109, 0.0, 0.0
7110, 0.0, 0.0
7111, 0.0, 0.0
7112, 0.0, 0.0
7113, 0.0, 0.0
7114, 0.0, 0.0
7115, 0.0, 0.0
7116, -0.09999999999999964, 0.0
7117, -0.09999999999999964, 0.0
7118, 0.0, 0.0
7119, 0.0, 0.0
7120, 0.0, 0.0
7121, 0.0, 0.0
7122, 0.0, 0.0
7123, 0.0, 0.0
7124, 0.0, 0.0
7125, 0.0, 0.0
7126, 0.0, 0.0
7127, 0.0, 0.0
7128, 0.0, 0.0
7129, 0.0, 0.0
7130, 0.0, 0.0
7131, 0.0, 0.0
7132, 0.0, 0.0
7133, 0.0, 0.0
7134, 0.0, 0.0
7135, 0.0, 0.0
7136, 0.0, 0.0
7137, 0.0, 0.0
7138, 0.0, 0.0
7139, 0.0, 0.0
7140, 0.0, 0.0
7141, 0.0, 0.0
7142, 0.0, -0.10000000000000142
7143, 0.0, -0.10000000000000142
7144, 0.0, -0.10000000000000142
7145, 0.0, -0.10000000000000142
7146, 0.0, -0.10000000000000142
7147, 0.0, -0.10000000000000142
7148, 0.0, -0.10000000000000142
7149, 0.0, -0.10000000000000142
7150, 0.0, -0.10000000000000142
7151, 0.0, -0.10000000000000142
7152, 0.0, -0.10000000000000142
7153, 0.0, -0.10000000000000142
7154, 0.0, -0.10000000000000142
7155, 0.0, -0.10000000000000142
7156, 0.0, -0.10000000000000142
7157, 0.0, 0.0
7158, 0.0, 0.0
7159, 0.0, 0.0
7160, 0.0, 0.0
7161, 0.0, 0.0
7162, 0.0, 0.0
7163, 0.0, 0.0
7164, 0.0, 0.0
7165, 0.0, 0.0
7166, 0.0, 0.0
7167, 0.0, 0.0
7168, 0.0, 0.0
7169, 0.0, 0.0
7170, 0.0, 0.0
7171, 0.0, 0.0
7172, 0.0, 0.0
7173, 0.0, 0.0
7174, 0.0, 0.0
7175, 0.0, 0.0
7176, 0.0, 0.0
7177, 0.0, 0.0
7178, 0.0, 0.0
7179, 0.0, 0.0
7180, 0.0, 0.0
7181, 0.0, 0.0
7182, 0.0, 0.0
7183, 0.0, 0.0
7184, 0.0, 0.0
7185, 0.0, 0.0
7186, 0.0, 0.0
7187, 0.0, 0.0
7188, 0.0, 0.0
7189, 0.0, 0.0
7190, 0.0, 0.0
7191, 0.0, 0.0
7192, 0.0, 0.0
7193, 0.0, 0.0
7194, 0.0, 0.0
7195, 0.0, 0.0
7196, 0.0, 0.09999999999999787
7197, 0.0, 0.09999999999999787
7198, 0.0, 0.0
7199, 0.0, 0.0
7200, 0.0, 0.0
7201, 0.0, 0.0
7202, 0.0, -0.10000000000000142
7203, 0.0, -0.10000000000000142
7204, 0.0, -0.10000000000000142
7205, 0.0, -0.10000000000000142
7206, 0.0, -0.10000000000000142
7207, 0.0, -0.10000000000000142
7208, 0.0, -0.10000000000000142
7209, 0.0, -0.10000000000000142
7210, 0.0, -0.10000000000000142
7211, 0.0, -0.10000000000000142
7212, 0.0, -0.10000000000000142
7213, 0.0, -0.10000000000000142
7214, 0.0, 0.0
7215, 0.0, 0.0
7216, 0.0, 0.0
7217, 0.0, 0.0
7218, 0.0, 0.0
7219, 0.0, 0.0
7220, 0.0, 0.0
7221, 0.0, -0.10000000000000142
7222, 0.0, -0.10000000000000142
7223, 0.0, -0.10000000000000142
7224, 0.0, -0.10000000000000142
7225, 0.0, -0.10000000000000142
7226, 0.0, -0.10000000000000142
7227, 0.0, -0.10000000000000142
7228, 0.0, -0.10000000000000142
7229, 0.0, -0.10000000000000142
7230, 0.0, -0.10000000000000142
7231, 0.0, -0.10000000000000142
7232, 0.0, -0.10000000000000142
7233, 0.0, 0.0
7234, 0.0, 0.0
7235, 0.0, 0.0
7236, 0.0, 0.0
7237, 0.0, 0.0
7238, 0.0, 0.0
7239, 0.0, 0.0
7240, 0.0, 0.0
7241, 0.0, 0.0
7242, 0.0, 0.0
7243, 0.0, 0.0
7244, 0.0, 0.0
7245, 0.0, 0.0
7246, 0.0, 0.0
7247, 0.0, 0.0
7248, 0.0, 0.0
7249, 0.0, 0.0
7250, 0.0, -0.10000000000000142
7251, 0.0, -0.10000000000000142
7252, 0.0, -0.10000000000000142
7253, 0.0, -0.10000000000000142
7254, 0.0, -0.10000000000000142
7255, 0.0, -0.10000000000000142
7256, 0.0, -0.10000000000000142
7257, 0.0, -0.10000000000000142
7258, 0.0, -0.10000000000000142
7259, 0.0, -0.10000000000000142
7260, 0.0, -0.10000000000000142
7261, 0.0, -0.10000000000000142
7262, 0.0, -0.10000000000000142
7263, 0.0, -0.10000000000000142
7264, 0.0, -0.10000000000000142
7265, 0.0, 0.0
7266, 0.0, 0.0
7267, 0.0, 0.0
7268, 0.0, 0.0
7269, 0.0, 0.0
7270, 0.0, 0.0
7271, 0.0, 0.0
7272, 0.09999999999999964, 0.0
7273, 0.09999999999999964, 0.0
7274, 0.09999999999999964, 0.0
7275, 0.09999999999999964, 0.0
7276, 0.09999999999999964, 0.0
7277, 0.09999999999999964, 0.0
7278, 0.09999999999999964, 0.0
7279, 0.09999999999999964, 0.0
7280, 0.09999999999999964, 0.0
7281, 0.09999999999999964, 0.0
7282, 0.09999999999999964, 0.0
7283, 0.09999999999999964, 0.0
7284, 0.09999999999999964, 0.0
7285, 0.09999999999999964, 0.0
7286, 0.09999999999999964, 0.0
7287, 0.09999999999999964, 0.0
7288, 0.09999999999999964, 0.0
7289, 0.09999999999999964, 0.0
7290, 0.09999999999999964, 0.0
7291, 0.09999999999999964, 0.0
7292, 0.09999999999999964, 0.0
7293, 0.09999999999999964, 0.0
7294, 0.09999999999999964, 0.0
7295, 0.09999999999999964, 0.0
7296, 0.09999999999999964, 0.0
7297, 0.09999999999999964, 0.0
7298, 0.09999999999999964, 0.0
7299, 0.09999999999999964, 0.0
7300, 0.09999999999999964, 0.0
7301, 0.09999999999999964, 0.0
7302, 0.09999999999999964, 0.0
7303, 0.09999999999999964, -0.10000000000000142
7304, 0.09999999999999964, -0.10000000000000142
7305, 0.09999999999999964, -0.10000000000000142
7306, 0.09999999999999964, -0.10000000000000142
7307, 0.09999999999999964, -0.10000000000000142
7308, 0.09999999999999964, -0.10000000000000142
7309, 0.09999999999999964, -0.10000000000000142
7310, 0.09999999999999964, -0.10000000000000142
7311, 0.09999999999999964, -0.10000000000000142
7312, 0.09999999999999964, -0.10000000000000142
7313, 0.09999999999999964, -0.10000000000000142
7314, 0.09999999999999964, -0.10000000000000142
7315, 0.09999999999999964, -0.10000000000000142
7316, 0.09999999999999964, -0.10000000000000142
7317, 0.09999999999999964, -0.10000000000000142
7318, 0.09999999999999964, -0.10000000000000142
7319, 0.09999999999999964, -0.10000000000000142
7320, 0.0, -0.10000000000000142
7321, 0.0, 0.0
7322, 0.0, 0.0
7323, 0.0, 0.0
7324, 0.0, 0.0
7325, 0.0, 0.0
7326, 0.0, 0.0
7327, 0.0, 0.0
7328, 0.0, 0.0
7329, 0.0, 0.0
7330, 0.0, 0.0
7331, 0.0, 0.0
7332, 0.0, 0.0
7333, 0.0, 0.0
7334, 0.0, -0.10000000000000142
7335, 0.0, 0.0
7336, 0.0, 0.0
7337, 0.0, 0.0
7338, 0.0, 0.0
7339, 0.0, 0.0
7340, 0.0, 0.0
7341, 0.0, 0.0
7342, 0.0, 0.0
7343, 0.0, 0.0
7344, 0.0, 0.0
7345, 0.0, 0.0
7346, 0.0, 0.0
7347, 0.0, 0.0
7348, 0.0, 0.0
7349, 0.0, 0.0
7350, 0.0, 0.0
7351, 0.0, 0.0
7352, 0.0, 0.0
7353, 0.0, 0.0
7354, 0.0, 0.0
7355, 0.0, 0.0
7356, 0.0, -0.10000000000000142
7357, 0.0, -0.10000000000000142
7358, 0.0, 0.0
7359, 0.0, 0.0
7360, 0.0, 0.0
7361, 0.0, 0.0
7362, 0.0, 0.0
7363, 0.0, 0.0
7364, 0.0, 0.0
7365, 0.0, 0.0
7366, 0.0, 0.0
7367, 0.0, 0.0
7368, 0.0, 0.0
7369, 0.0, 0.0
7370, 0.0, 0.0
7371, 0.0, 0.0
7372, 0.0, 0.0
7373, 0.0, 0.0
7374, 0.0, 0.0
7375, 0.0, 0.0
7376, 0.0, 0.0
7377, 0.0, 0.0
7378, 0.0, 0.0
7379, 0.0, 0.0
7380, 0.0, 0.0
7381, 0.0, 0.0
7382, 0.0, 0.0
7383, 0.0, 0.0
7384, 0.0, 0.09999999999999787
7385, 0.0, 0.09999999999999787
7386, 0.0, 0.09999999999999787
7387, 0.0, 0.09999999999999787
7388, 0.0, 0.09999999999999787
7389, 0.0, 0.09999999999999787
7390, 0.0, 0.09999999999999787
7391, 0.0, 0.09999999999999787
7392, 0.0, 0.09999999999999787
7393, 0.0, 0.09999999999999787
7394, 0.0, 0.09999999999999787
7395, 0.0, 0.09999999999999787
7396, 0.0, 0.09999999999999787
7397, 0.0, 0.09999999999999787
7398, 0.0, 0.09999999999999787
7399, 0.0, 0.09999999999999787
7400, 0.0, 0.09999999999999787
7401, 0.0, 0.09999999999999787
7402, 0.0, 0.09999999999999787
7403, 0.0, 0.09999999999999787
7404, 0.0, 0.0
7405, 0.0, 0.0
7406, 0.0, 0.0
7407, 0.0, 0.0
7408, 0.0, 0.0
7409, 0.0, 0.0
7410, 0.0, 0.0
7411, 0.0, 0.0
7412, 0.0, 0.0
7413, 0.0, 0.0
7414, 0.0, 0.0
7415, 0.0, 0.0
7416, 0.0, 0.0
7417, 0.0, 0.0
7418, 0.0, 0.0
7419, 0.0, 0.0
7420, 0.0, 0.0
7421, 0.0, 0.0
7422, 0.0, 0.0
7423, 0.0, 0.0
7424, 0.0, 0.0
7425, 0.0, 0.0
7426, 0.09999999999999964, 0.0
7427, 0.09999999999999964, 0.0
7428, 0.09999999999999964, 0.0
7429, 0.09999999999999964, 0.0
7430, 0.09999999999999964, 0.0
7431, 0.09999999999999964, 0.0
7432, 0.09999999999999964, 0.0
7433, 0.09999999999999964, 0.0
7434, 0.09999999999999964, 0.0
7435, 0.09999999999999964, -0.10000000000000142
7436, 0.09999999999999964, -0.10000000000000142
7437, 0.09999999999999964, -0.10000000000000142
7438, 0.09999999999999964, -0.10000000000000142
7439, 0.09999999999999964, -0.10000000000000142
7440, 0.09999999999999964, -0.10000000000000142
7441, 0.0, -0.10000000000000142
7442, 0.09999999999999964, -0.10000000000000142
7443, 0.09999999999999964, -0.10000000000000142
7444, 0.09999999999999964, -0.10000000000000142
7445, 0.09999999999999964, -0.10000000000000142
7446, 0.09999999999999964, -0.10000000000000142
7447, 0.0, -0.10000000000000142
7448, 0.0, -0.10000000000000142
7449, 0.0, -0.10000000000000142
7450, 0.0, -0.10000000000000142
7451, 0.0, -0.10000000000000142
7452, 0.0, -0.10000000000000142
7453, 0.0, -0.10000000000000142
7454, 0.0, -0.10000000000000142
7455, 0.0, -0.10000000000000142
7456, 0.0, 0.0
7457, 0.0, 0.0
7458, 0.0, 0.0
7459, 0.0, 0.0
7460, 0.0, 0.0
7461, 0.0, 0.0
7462, 0.0, 0.0
7463, 0.0, 0.09999999999999787
7464, 0.0, 0.09999999999999787
7465, 0.0, 0.0
7466, 0.0, 0.0
7467, 0.0, 0.0
7468, 0.0, 0.0
7469, 0.0, 0.0
7470, 0.0, 0.0
7471, 0.0, 0.0
7472, 0.0, 0.0
7473, 0.0, 0.0
7474, 0.0, 0.0
7475, 0.0, 0.0
7476, 0.0, 0.0
7477, 0.0, 0.0
7478, 0.0, 0.0
7479, 0.0, 0.0
7480, 0.0, 0.0
7481, 0.0, 0.0
7482, 0.0, 0.0
7483, 0.0, 0.0
7484, 0.0, 0.0
7485, 0.0, 0.09999999999999787
7486, 0.0, 0.09999999999999787
7487, 0.0, 0.09999999999999787
7488, 0.0, 0.09999999999999787
7489, 0.0, 0.09999999999999787
7490, 0.0, 0.09999999999999787
7491, 0.0, 0.0
7492, 0.0, 0.0
7493, 0.0, 0.0
7494, 0.0, 0.0
7495, 0.0, 0.0
7496, 0.0, 0.0
7497, 0.0, 0.0
7498, 0.0, 0.0
7499, 0.0, 0.0
7500, 0.0, 0.0
7501, 0.0, 0.0
7502, 0.0, 0.0
7503, 0.0, 0.0
7504, 0.0, 0.0
7505, 0.0, 0.0
7506, 0.0, 0.0
7507, 0.09999999999999964, 0.0
7508, 0.09999999999999964, 0.0
7509, 0.09999999999999964, 0.0
7510, 0.09999999999999964, 0.0
7511, 0.0, -0.10000000000000142
7512, 0.0, -0.10000000000000142
7513, 0.0, -0.10000000000000142
7514, 0.0, -0.10000000000000142
7515, 0.0, -0.10000000000000142
7516, 0.0, 0.0
7517, 0.0, -0.10000000000000142
7518, 0.0, -0.10000000000000142
7519, 0.0, -0.10000000000000142
7520, 0.0, -0.10000000000000142
7521, 0.0, -0.10000000000000142
7522, 0.0, -0.10000000000000142
7523, 0.0, -0.10000000000000142
7524, 0.0, -0.10000000000000142
7525, 0.0, -0.10000000000000142
7526, 0.0, -0.10000000000000142
7527, 0.0, -0.10000000000000142
7528, 0.0, -0.10000000000000142
7529, 0.0, -0.10000000000000142
7530, 0.0, -0.10000000000000142
7531, 0.0, -0.10000000000000142
7532, 0.0, -0.10000000000000142
7533, 0.0, -0.10000000000000142
7534, 0.0, -0.10000000000000142
7535, 0.0, -0.10000000000000142
7536, 0.0, -0.10000000000000142
7537, 0.0, -0.10000000000000142
7538, 0.0, -0.10000000000000142
7539, 0.0, -0.10000000000000142
7540, 0.0, -0.10000000000000142
7541, 0.0, -0.10000000000000142
7542, 0.0, -0.10000000000000142
7543, 0.0, -0.10000000000000142
7544, 0.0, -0.10000000000000142
7545, 0.0, -0.10000000000000142
7546, 0.0, -0.10000000000000142
7547, 0.0, -0.10000000000000142
7548, 0.0, -0.10000000000000142
7549, 0.0, -0.10000000000000142
7550, 0.0, -0.10000000000000142
7551, 0.0, -0.10000000000000142
7552, 0.0, -0.10000000000000142
7553, 0.0, -0.10000000000000142
7554, 0.0, -0.10000000000000142
7555, 0.0, -0.10000000000000142
7556, 0.0, 0.0
7557, 0.0, 0.0
7558, 0.0, 0.0
7559, 0.0, 0.0
7560, 0.0, 0.0
7561, 0.0, 0.0
7562, 0.0, 0.0
7563, 0.0, -0.10000000000000142
7564, 0.0, -0.10000000000000142
7565, 0.0, -0.10000000000000142
7566, 0.0, -0.10000000000000142
7567, 0.0, -0.10000000000000142
7568, 0.0, -0.10000000000000142
7569, 0.0, -0.10000000000000142
7570, 0.0, -0.10000000000000142
7571, 0.0, -0.10000000000000142
7572, 0.0, -0.10000000000000142
7573, 0.0, -0.10000000000000142
7574, 0.0, -0.10000000000000142
7575, 0.0, -0.10000000000000142
7576, 0.0, -0.10000000000000142
7577, 0.0, -0.10000000000000142
7578, 0.0, -0.1999999999999993
7579, 0.0, -0.1999999999999993
7580, 0.0, -0.1999999999999993
7581, 0.0, -0.1999999999999993
7582, 0.0, -0.1999999999999993
7583, 0.0, -0.1999999999999993
7584, 0.0, -0.1999999999999993
7585, 0.0, -0.1999999999999993
7586, 0.0, -0.1999999999999993
7587, 0.0, -0.1999999999999993
7588, 0.0, -0.1999999999999993
7589, 0.0, -0.1999999999999993
7590, 0.0, -0.1999999999999993
7591, 0.0, -0.1999999999999993
7592, 0.0, -0.10000000000000142
7593, 0.0, -0.10000000000000142
7594, 0.0, -0.10000000000000142
7595, 0.0, -0.10000000000000142
7596, 0.0, -0.10000000000000142
7597, 0.0, -0.10000000000000142
7598, 0.0, -0.10000000000000142
7599, 0.0, -0.10000000000000142
7600, 0.0, -0.10000000000000142
7601, 0.0, -0.10000000000000142
7602, 0.0, -0.10000000000000142
7603, 0.0, -0.10000000000000142
7604, 0.0, -0.10000000000000142
7605, 0.0, -0.10000000000000142
7606, 0.0, -0.10000000000000142
7607, 0.0, 0.0
7608, 0.0, 0.0
7609, 0.0, 0.0
7610, 0.0, 0.0
7611, 0.0, 0.0
7612, 0.0, 0.0
7613, 0.0, 0.0
7614, 0.0, 0.0
7615, 0.0, 0.0
7616, 0.0, 0.0
7617, 0.0, 0.0
7618, 0.0, 0.0
7619, 0.0, 0.0
7620, 0.0, 0.0
7621, 0.0, 0.0
7622, 0.0, 0.0
7623, 0.0, 0.0
7624, 0.0, 0.0
7625, 0.0, 0.0
7626, 0.0, 0.09999999999999787
7627, 0.0, 0.09999999999999787
7628, 0.0, 0.09999999999999787
7629, 0.0, 0.09999999999999787
7630, 0.0, 0.09999999999999787
7631, 0.0, 0.09999999999999787
7632, 0.0, 0.09999999999999787
7633, 0.0, 0.09999999999999787
7634, 0.0, 0.09999999999999787
7635, 0.0, 0.09999999999999787
7636, 0.0, 0.09999999999999787
7637, 0.0, 0.09999999999999787
7638, 0.0, 0.09999999999999787
7639, 0.0, 0.09999999999999787
7640, 0.0, 0.09999999999999787
7641, 0.0, 0.09999999999999787
7642, 0.0, 0.09999999999999787
7643, 0.0, 0.09999999999999787
7644, 0.0, 0.09999999999999787
7645, 0.0, 0.09999999999999787
7646, 0.0, 0.09999999999999787
7647, 0.0, 0.09999999999999787
7648, 0.0, 0.09999999999999787
7649, 0.0, 0.09999999999999787
7650, 0.0, 0.09999999999999787
7651, 0.0, 0.09999999999999787
7652, 0.0, 0.09999999999999787
7653, 0.0, 0.09999999999999787
7654, 0.0, 0.09999999999999787
7655, 0.0, 0.09999999999999787
7656, 0.0, 0.09999999999999787
7657, 0.0, 0.09999999999999787
7658, 0.0, 0.09999999999999787
7659, 0.0, 0.09999999999999787
7660, 0.0, 0.09999999999999787
7661, 0.0, 0.09999999999999787
7662, 0.0, 0.09999999999999787
7663, 0.0, 0.09999999999999787
7664, 0.0, 0.09999999999999787
7665, 0.0, 0.09999999999999787
7666, 0.0, 0.09999999999999787
7667, 0.0, 0.09999999999999787
7668, 0.0, 0.09999999999999787
7669, 0.0, 0.09999999999999787
7670, 0.0, 0.09999999999999787
7671, 0.0, 0.09999999999999787
7672, 0.0, 0.09999999999999787
7673, 0.0, 0.09999999999999787
7674, 0.0, 0.09999999999999787
7675, 0.0, 0.09999999999999787
7676, 0.0, 0.0
7677, 0.0, 0.0
7678, 0.0, 0.0
7679, 0.0, 0.0
7680, 0.0, 0.0
7681, 0.0, 0.0
7682, 0.0, 0.0
7683, 0.0, 0.0
7684, 0.0, 0.0
7685, 0.0, 0.0
7686, 0.0, 0.0
7687, 0.0, 0.0
7688, 0.0, 0.0
7689, 0.0, 0.09999999999999787
7690, 0.0, 0.0
7691, 0.0, 0.0
7692, 0.0, 0.0
7693, 0.0, 0.0
7694, 0.0, 0.0
7695, 0.0, 0.0
7696, 0.0, 0.0
7697, 0.0, 0.0
7698, 0.0, 0.0
7699, 0.0, 0.0
7700, 0.0, 0.0
7701, 0.0, 0.0
7702, 0.0, 0.0
7703, 0.0, 0.0
7704, 0.0, 0.0
7705, 0.0, 0.0
7706, 0.0, 0.0
7707, 0.0, 0.0
7708, 0.0, 0.0
7709, 0.0, 0.0
7710, 0.0, 0.0
7711, 0.0, 0.0
7712, 0.0, 0.0
7713, 0.0, 0.0
7714, 0.0, 0.0
7715, 0.0, 0.0
7716, 0.0, 0.0
7717, 0.0, 0.0
7718, 0.0, 0.0
7719, 0.0, 0.0
7720, 0.0, 0.0
7721, 0.0, 0.0
7722, 0.0, 0.0
7723, 0.0, 0.0
7724, 0.0, 0.0
7725, 0.0, 0.0
7726, 0.0, 0.0
7727, 0.0, 0.0
7728, 0.0, 0.0
7729, 0.0, 0.0
7730, 0.0, 0.0
7731, 0.0, 0.0
7732, 0.0, 0.0
7733, 0.0, 0.0
7734, 0.0, 0.0
7735, 0.0, 0.0
7736, 0.0, 0.0
7737, 0.0, 0.0
7738, 0.0, 0.0
7739, 0.0, 0.0
7740, 0.0, 0.0
7741, 0.0, 0.0
7742, 0.0, 0.0
7743, 0.0, 0.0
7744, 0.0, 0.0
7745, 0.0, 0.0
7746, 0.0, 0.0
7747, 0.0, 0.0
7748, 0.0, 0.0
7749, 0.0, 0.0
7750, 0.0, 0.0
7751, 0.0, 0.0
7752, 0.0, 0.0
7753, 0.0, 0.0
7754, 0.0, 0.0
7755, 0.0, 0.0
7756, 0.0, 0.0
7757, 0.0, 0.0
7758, 0.0, 0.0
7759, 0.0, 0.0
7760, 0.0, 0.0
7761, 0.0, 0.0
7762, 0.0, 0.0
7763, 0.0, 0.0
7764, 0.0, 0.0
7765, 0.0, 0.0
7766, 0.0, 0.0
7767, 0.0, -0.10000000000000142
7768, 0.0, -0.10000000000000142
7769, 0.0, -0.10000000000000142
7770, 0.0, -0.10000000000000142
7771, 0.0, -0.10000000000000142
7772, 0.0, -0.10000000000000142
7773, 0.0, -0.10000000000000142
7774, 0.0, -0.10000000000000142
7775, 0.0, -0.10000000000000142
7776, 0.0, -0.10000000000000142
7777, 0.0, -0.10000000000000142
7778, 0.0, -0.10000000000000142
7779, 0.0, -0.10000000000000142
7780, 0.0, -0.10000000000000142
7781, 0.0, -0.10000000000000142
7782, 0.0, -0.10000000000000142
7783, 0.0, -0.10000000000000142
7784, 0.0, -0.10000000000000142
7785, 0.0, -0.10000000000000142
7786, 0.0, -0.10000000000000142
7787, 0.0, -0.10000000000000142
7788, 0.0, -0.10000000000000142
7789, 0.0, -0.10000000000000142
7790, 0.0, -0.10000000000000142
7791, 0.0, -0.10000000000000142
7792, 0.0, -0.10000000000000142
7793, 0.0, -0.10000000000000142
7794, 0.0, -0.10000000000000142
7795, 0.0, -0.10000000000000142
7796, 0.0, 0.0
7797, 0.0, 0.0
7798, 0.0, 0.0
7799, 0.0, 0.0
7800, 0.0, 0.0
7801, 0.0, 0.0
7802, 0.0, 0.0
7803, 0.0, 0.0
7804, 0.0, 0.0
7805, -0.09999999999999964, 0.0
7806, -0.09999999999999964, 0.0
7807, -0.09999999999999964, 0.0
7808, -0.09999999999999964, 0.0
7809, -0.09999999999999964, 0.0
7810, -0.09999999999999964, 0.0
7811, -0.09999999999999964, 0.0
7812, -0.09999999999999964, 0.0
7813, -0.09999999999999964, 0.0
7814, -0.09999999999999964, 0.0
7815, -0.09999999999999964, 0.0
7816, -0.09999999999999964, 0.0
7817, -0.09999999999999964, 0.0
7818, -0.09999999999999964, 0.0
7819, -0.09999999999999964, 0.0
7820, -0.09999999999999964, 0.0
7821, -0.09999999999999964, 0.0
7822, -0.09999999999999964, 0.0
7823, -0.09999999999999964, 0.0
7824, -0.09999999999999964, 0.0
7825, -0.09999999999999964, 0.0
7826, -0.09999999999999964, 0.0
7827, 0.0, 0.0
7828, 0.0, 0.0
7829, 0.0, 0.0
7830, 0.0, 0.0
7831, 0.0, 0.0
7832, 0.0, 0.0
7833, 0.0, -0.10000000000000142
7834, 0.0, -0.10000000000000142
7835, 0.0, -0.10000000000000142
7836, 0.0, -0.10000000000000142
7837, 0.0, -0.10000000000000142
7838, 0.0, -0.10000000000000142
7839, 0.0, -0.10000000000000142
7840, 0.0, -0.10000000000000142
7841, 0.0, -0.10000000000000142
7842, 0.0, -0.10000000000000142
7843, 0.0, -0.10000000000000142
7844, 0.0, -0.10000000000000142
7845, 0.0, -0.10000000000000142
7846, 0.09999999999999964, -0.10000000000000142
7847, 0.09999999999999964, -0.10000000000000142
7848, 0.09999999999999964, -0.1999999999999993
7849, 0.09999999999999964, -0.1999999999999993
7850, 0.09999999999999964, -0.1999999999999993
7851, 0.09999999999999964, -0.1999999999999993
7852, 0.09999999999999964, -0.1999999999999993
7853, 0.09999999999999964, -0.1999999999999993
7854, 0.09999999999999964, -0.1999999999999993
7855, 0.09999999999999964, -0.1999999999999993
7856, 0.09999999999999964, -0.1999999999999993
7857, 0.09999999999999964, -0.1999999999999993
7858, 0.09999999999999964, -0.1999999999999993
7859, 0.09999999999999964, -0.10000000000000142
7860, 0.09999999999999964, -0.10000000000000142
7861, 0.09999999999999964, -0.10000000000000142
7862, 0.09999999999999964, -0.10000000000000142
7863, 0.09999999999999964, 0.0
7864, 0.09999999999999964, 0.0
7865, 0.0, 0.0
7866, 0.0, 0.0
7867, 0.0, 0.0
7868, 0.0, 0.0
7869, 0.0, 0.0
7870, 0.0, 0.09999999999999787
7871, 0.0, 0.09999999999999787
7872, 0.0, 0.09999999999999787
7873, 0.0, 0.09999999999999787
7874, 0.0, 0.09999999999999787
7875, 0.0, 0.09999999999999787
7876, 0.0, 0.09999999999999787
7877, 0.0, 0.09999999999999787
7878, 0.0, 0.09999999999999787
7879, 0.0, 0.09999999999999787
7880, 0.0, 0.09999999999999787
7881, 0.0, 0.09999999999999787
7882, 0.0, 0.09999999999999787
7883, 0.0, 0.09999999999999787
7884, 0.0, 0.09999999999999787
7885, 0.0, 0.09999999999999787
7886, 0.0, 0.09999999999999787
7887, 0.0, 0.09999999999999787
7888, 0.0, 0.09999999999999787
7889, 0.0, 0.09999999999999787
7890, 0.0, 0.09999999999999787
7891, 0.0, 0.09999999999999787
7892, 0.0, 0.09999999999999787
7893, 0.0, 0.09999999999999787
7894, 0.0, 0.09999999999999787
7895, 0.0, 0.0
7896, 0.0, 0.0
7897, 0.0, 0.0
7898, 0.0, 0.0
7899, 0.0, -0.10000000000000142
7900, 0.0, -0.10000000000000142
7901, 0.0, -0.10000000000000142
7902, 0.0, -0.10000000000000142
7903, 0.0, -0.10000000000000142
7904, 0.0, -0.10000000000000142
7905, 0.0, -0.10000000000000142
7906, 0.0, -0.10000000000000142
7907, 0.0, -0.10000000000000142
7908, 0.0, -0.10000000000000142
7909, 0.0, -0.10000000000000142
7910, 0.0, -0.10000000000000142
7911, 0.0, -0.10000000000000142
7912, 0.0, -0.10000000000000142
7913, 0.0, -0.10000000000000142
7914, 0.0, -0.10000000000000142
7915, 0.0, -0.10000000000000142
7916, 0.0, -0.10000000000000142
7917, 0.0, -0.10000000000000142
7918, 0.0, -0.10000000000000142
7919, 0.0, -0.10000000000000142
7920, 0.0, -0.10000000000000142
7921, 0.0, -0.10000000000000142
7922, 0.0, -0.10000000000000142
7923, 0.0, -0.10000000000000142
7924, 0.0, -0.10000000000000142
7925, 0.0, -0.10000000000000142
7926, 0.09999999999999964, -0.10000000000000142
7927, 0.09999999999999964, -0.10000000000000142
7928, 0.09999999999999964, -0.10000000000000142
7929, 0.09999999999999964, -0.10000000000000142
7930, 0.09999999999999964, -0.10000000000000142
7931, 0.09999999999999964, -0.10000000000000142
7932, 0.09999999999999964, -0.10000000000000142
7933, 0.09999999999999964, -0.10000000000000142
7934, 0.09999999999999964, -0.10000000000000142
7935, 0.09999999999999964, -0.10000000000000142
7936, 0.09999999999999964, -0.10000000000000142
7937, 0.09999999999999964, -0.10000000000000142
7938, 0.09999999999999964, -0.10000000000000142
7939, 0.09999999999999964, -0.10000000000000142
7940, 0.09999999999999964, -0.10000000000000142
7941, 0.09999999999999964, -0.10000000000000142
7942, 0.09999999999999964, -0.10000000000000142
7943, 0.09999999999999964, -0.10000000000000142
7944, 0.09999999999999964, -0.10000000000000142
7945, 0.09999999999999964, -0.10000000000000142
7946, 0.09999999999999964, -0.10000000000000142
7947, 0.09999999999999964, -0.10000000000000142
7948, 0.09999999999999964, -0.10000000000000142
7949, 0.09999999999999964, -0.10000000000000142
7950, 0.09999999999999964, -0.10000000000000142
7951, 0.0, -0.10000000000000142
7952, 0.0, -0.10000000000000142
7953, 0.0, -0.10000000000000142
7954, 0.0, -0.10000000000000142
7955, 0.0, -0.10000000000000142
7956, 0.0, -0.10000000000000142
7957, 0.0, -0.10000000000000142
7958, 0.0, -0.10000000000000142
7959, 0.0, -0.10000000000000142
7960, 0.0, -0.10000000000000142
7961, 0.0, -0.10000000000000142
7962, 0.0, -0.10000000000000142
7963, 0.0, -0.10000000000000142
7964, 0.0, -0.10000000000000142
7965, 0.0, -0.10000000000000142
7966, 0.0, -0.10000000000000142
7967, 0.0, -0.10000000000000142
7968, 0.0, -0.10000000000000142
7969, 0.0, -0.10000000000000142
7970, 0.0, -0.10000000000000142
7971, 0.0, -0.10000000000000142
7972, 0.0, -0.10000000000000142
7973, 0.0, -0.10000000000000142
7974, 0.0, 0.0
7975, 0.0, 0.0
7976, 0.0, 0.0
7977, 0.0, 0.0
7978, 0.0, 0.0
7979, 0.0, 0.0
7980, 0.0, 0.0
7981, 0.0, 0.0
7982, 0.0, 0.0
7983, 0.0, 0.0
7984, 0.0, 0.0
7985, 0.0, 0.0
7986, 0.0, 0.0
7987, 0.0, 0.0
7988, 0.0, 0.0
7989, 0.0, 0.0
7990, 0.0, 0.0
7991, 0.0, 0.0
7992, 0.0, 0.0
7993, 0.0, 0.0
7994, 0.0, 0.0
7995, 0.0, 0.0
7996, 0.0, 0.0
7997, 0.0, 0.0
7998, 0.0, 0.0
7999, 0.09999999999999964, 0.0
8000, 0.09999999999999964, 0.0
8001, 0.09999999999999964, 0.0
8002, 0.09999999999999964, 0.0
8003, 0.09999999999999964, 0.0
8004, 0.09999999999999964, 0.0
8005, 0.09999999999999964, 0.0
8006, 0.09999999999999964, 0.0
8007, 0.09999999999999964, 0.0
8008, 0.09999999999999964, 0.0
8009, 0.09999999999999964, 0.0
8010, 0.09999999999999964, 0.0
8011, 0.0, 0.0
8012, 0.0, 0.0
8013, 0.0, 0.0
8014, 0.0, 0.0
8015, 0.0, 0.0
8016, 0.0, 0.0
8017, 0.0, 0.0
8018, 0.0, 0.0
8019, 0.0, 0.0
8020, 0.0, 0.0
8021, 0.0, 0.0
8022, 0.0, 0.0
8023, 0.0, 0.0
8024, 0.0, 0.0
8025, 0.0, 0.0
8026, 0.0, 0.0
8027, 0.0, -0.10000000000000142
8028, 0.0, -0.10000000000000142
8029, 0.0, -0.10000000000000142
8030, 0.0, -0.10000000000000142
8031, 0.0, -0.10000000000000142
8032, 0.0, -0.10000000000000142
8033, 0.0, -0.10000000000000142
8034, 0.0, -0.10000000000000142
8035, 0.0, -0.10000000000000142
8036, 0.0, -0.10000000000000142
8037, 0.0, -0.10000000000000142
8038, 0.0, -0.10000000000000142
8039, 0.0, -0.10000000000000142
8040, 0.0, -0.10000000000000142
8041, 0.0, -0.10000000000000142
8042, 0.0, -0.10000000000000142
8043, 0.0, -0.10000000000000142
8044, 0.0, -0.10000000000000142
8045, 0.0, -0.10000000000000142
8046, 0.0, -0.10000000000000142
8047, 0.0, -0.10000000000000142
8048, 0.0, 0.0
8049, 0.09999999999999964, 0.0
8050, 0.09999999999999964, 0.0
8051, 0.09999999999999964, 0.0
8052, 0.09999999999999964, 0.0
8053, 0.09999999999999964, 0.0
8054, 0.09999999999999964, 0.0
8055, 0.09999999999999964, 0.09999999999999787
8056, 0.09999999999999964, 0.09999999999999787
8057, 0.09999999999999964, 0.09999999999999787
8058, 0.09999999999999964, 0.09999999999999787
8059, 0.09999999999999964, 0.09999999999999787
8060, 0.09999999999999964, 0.09999999999999787
8061, 0.09999999999999964, 0.09999999999999787
8062, 0.09999999999999964, 0.09999999999999787
8063, 0.09999999999999964, 0.09999999999999787
8064, 0.09999999999999964, 0.0
8065, 0.09999999999999964, 0.0
8066, 0.0, 0.0
8067, 0.0, 0.0
8068, 0.0, 0.0
8069, 0.0, 0.0
8070, 0.0, 0.0
8071, 0.0, 0.0
8072, 0.0, 0.0
8073, 0.0, 0.0
8074, 0.0, 0.0
8075, 0.0, 0.0
8076, 0.0, 0.0
8077, 0.0, 0.0
8078, 0.0, -0.10000000000000142
8079, 0.0, -0.10000000000000142
8080, 0.0, -0.10000000000000142
8081, 0.0, -0.10000000000000142
8082, 0.0, -0.10000000000000142
8083, 0.0, -0.10000000000000142
8084, 0.0, -0.10000000000000142
8085, 0.0, -0.10000000000000142
8086, 0.0, -0.10000000000000142
8087, 0.0, -0.10000000000000142
8088, 0.0, -0.10000000000000142
8089, 0.0, -0.10000000000000142
8090, 0.0, -0.10000000000000142
8091, 0.0, -0.10000000000000142
8092, 0.0, -0.10000000000000142
8093, 0.0, -0.10000000000000142
8094, 0.0, -0.10000000000000142
8095, 0.0, -0.10000000000000142
8096, 0.0, -0.10000000000000142
8097, 0.0, -0.10000000000000142
8098, 0.0, -0.10000000000000142
8099, 0.0, -0.10000000000000142
8100, 0.0, -0.10000000000000142
8101, 0.0, -0.10000000000000142
8102, 0.0, -0.10000000000000142
8103, 0.0, -0.10000000000000142
8104, 0.0, -0.10000000000000142
8105, 0.0, -0.10000000000000142
8106, 0.0, -0.10000000000000142
8107, 0.0, -0.10000000000000142
8108, 0.0, -0.10000000000000142
8109, 0.0, -0.10000000000000142
8110, 0.0, -0.10000000000000142
8111, 0.0, -0.10000000000000142
8112, 0.0, -0.10000000000000142
8113, 0.0, -0.10000000000000142
8114, 0.0, -0.10000000000000142
8115, 0.0, 0.0
8116, 0.0, 0.0
8117, 0.0, 0.0
8118, 0.0, 0.0
8119, 0.0, 0.0
8120, 0.0, 0.0
8121, 0.0, 0.0
8122, 0.0, 0.0
8123, 0.0, 0.0
8124, 0.0, 0.0
8125, 0.0, 0.0
8126, 0.0, 0.0
8127, 0.0, 0.0
8128, 0.0, 0.0
8129, 0.0, 0.0
8130, 0.0, 0.0
8131, 0.0, 0.0
8132, 0.0, 0.09999999999999787
8133, 0.0, 0.09999999999999787
8134, 0.0, 0.09999999999999787
8135, 0.0, 0.09999999999999787
8136, 0.0, 0.09999999999999787
8137, 0.0, 0.09999999999999787
8138, 0.0, 0.09999999999999787
8139, 0.0, 0.09999999999999787
8140, 0.0, 0.09999999999999787
8141, 0.0, 0.09999999999999787
8142, 0.0, 0.09999999999999787
8143, 0.0, 0.09999999999999787
8144, 0.0, 0.09999999999999787
8145, 0.0, 0.09999999999999787
8146, 0.09999999999999964, 0.09999999999999787
8147, 0.09999999999999964, 0.09999999999999787
8148, 0.09999999999999964, 0.09999999999999787
8149, 0.09999999999999964, 0.09999999999999787
8150, 0.0, 0.09999999999999787
8151, 0.09999999999999964, 0.09999999999999787
8152, 0.09999999999999964, 0.09999999999999787
8153, 0.09999999999999964, 0.09999999999999787
8154, 0.09999999999999964, 0.09999999999999787
8155, 0.09999999999999964, 0.09999999999999787
8156, 0.09999999999999964, 0.0
8157, 0.09999999999999964, 0.0
8158, 0.09999999999999964, 0.0
8159, 0.09999999999999964, 0.0
8160, 0.09999999999999964, 0.0
8161, 0.09999999999999964, 0.0
8162, 0.0, 0.0
8163, 0.0, 0.0
8164, 0.0, 0.0
8165, 0.0, 0.0
8166, 0.0, -0.10000000000000142
8167, 0.0, -0.10000000000000142
8168, 0.0, -0.10000000000000142
8169, 0.0, -0.10000000000000142
8170, 0.0, -0.10000000000000142
8171, 0.0, -0.10000000000000142
8172, 0.0, -0.10000000000000142
8173, 0.0, -0.10000000000000142
8174, 0.0, -0.10000000000000142
8175, 0.0, -0.10000000000000142
8176, 0.0, -0.10000000000000142
8177, 0.0, -0.10000000000000142
8178, 0.0, -0.10000000000000142
8179, 0.0, -0.10000000000000142
8180, 0.0, -0.10000000000000142
8181, 0.0, -0.10000000000000142
8182, 0.0, -0.10000000000000142
8183, 0.0, -0.10000000000000142
8184, 0.0, -0.10000000000000142
8185, 0.0, -0.10000000000000142
8186, 0.0, -0.10000000000000142
8187, 0.0, -0.10000000000000142
8188, 0.0, 0.0
8189, 0.0, 0.0
8190, 0.0, 0.0
8191, 0.0, 0.0
8192, 0.0, -0.10000000000000142
8193, 0.0, -0.10000000000000142
8194, 0.0, -0.10000000000000142
8195, 0.0, -0.10000000000000142
8196, 0.0, -0.10000000000000142
8197, 0.0, -0.10000000000000142
8198, 0.0, -0.10000000000000142
8199, 0.0, -0.10000000000000142
8200, 0.0, -0.10000000000000142
8201, 0.0, -0.10000000000000142
8202, 0.0, -0.10000000000000142
8203, 0.0, -0.10000000000000142
8204, 0.0, -0.10000000000000142
8205, 0.0, 0.0
8206, 0.0, 0.0
8207, 0.0, 0.0
8208, 0.0, 0.0
8209, 0.0, 0.09999999999999787
8210, 0.0, 0.09999999999999787
8211, 0.0, 0.09999999999999787
8212, 0.0, 0.09999999999999787
8213, 0.0, 0.09999999999999787
8214, 0.0, 0.09999999999999787
8215, 0.0, 0.09999999999999787
8216, 0.0, 0.09999999999999787
8217, 0.09999999999999964, 0.09999999999999787
8218, 0.09999999999999964, 0.09999999999999787
8219, 0.09999999999999964, 0.09999999999999787
8220, 0.09999999999999964, 0.09999999999999787
8221, 0.09999999999999964, 0.09999999999999787
8222, 0.09999999999999964, 0.09999999999999787
8223, 0.09999999999999964, 0.09999999999999787
8224, 0.09999999999999964, 0.09999999999999787
8225, 0.09999999999999964, 0.09999999999999787
8226, 0.09999999999999964, 0.09999999999999787
8227, 0.09999999999999964, 0.09999999999999787
8228, 0.09999999999999964, 0.09999999999999787
8229, 0.09999999999999964, 0.09999999999999787
8230, 0.09999999999999964, 0.09999999999999787
8231, 0.09999999999999964, 0.09999999999999787
8232, 0.09999999999999964, 0.09999999999999787
8233, 0.09999999999999964, 0.0
8234, 0.09999999999999964, 0.0
8235, 0.09999999999999964, 0.0
8236, 0.09999999999999964, 0.0
8237, 0.09999999999999964, 0.0
8238, 0.09999999999999964, 0.0
8239, 0.09999999999999964, 0.09999999999999787
8240, 0.0, 0.09999999999999787
8241, 0.09999999999999964, 0.09999999999999787
8242, 0.09999999999999964, 0.09999999999999787
8243, 0.09999999999999964, 0.09999999999999787
8244, 0.09999999999999964, 0.09999999999999787
8245, 0.09999999999999964, 0.09999999999999787
8246, 0.09999999999999964, 0.09999999999999787
8247, 0.09999999999999964, 0.09999999999999787
8248, 0.09999999999999964, 0.09999999999999787
8249, 0.09999999999999964, 0.09999999999999787
8250, 0.09999999999999964, 0.1999999999999993
8251, 0.09999999999999964, 0.1999999999999993
8252, 0.09999999999999964, 0.1999999999999993
8253, 0.09999999999999964, 0.1999999999999993
8254, 0.0, 0.3000000000000007
8255, 0.0, 0.3000000000000007
8256, 0.0, 0.3000000000000007
8257, 0.0, 0.3999999999999986
8258, 0.0, 0.3999999999999986
8259, 0.0, 0.5999999999999979
8260, 0.0, 0.5999999999999979
8261, 0.0, 0.5999999999999979
8262, 0.0, 0.6999999999999993
8263, 0.0, 0.6999999999999993
8264, 0.0, 0.8000000000000007
8265, 0.0, 0.6999999999999993
8266, 0.0, 0.8000000000000007
8267, 0.0, 0.8000000000000007
8268, 0.0, 0.8000000000000007
8269, 0.0, 0.8999999999999986
8270, 0.0, 0.8999999999999986
8271, 0.0, 0.8999999999999986
8272, 0.0, 1.0
8273, 0.0, 1.0
8274, 0.0, 1.0
8275, 0.0, 1.0
8276, 0.0, 1.0
8277, 0.0, 1.0
8278, 0.0, 1.0
8279, 0.0, 1.0999999999999979
8280, 0.0, 1.0999999999999979
8281, 0.0, 1.0999999999999979
8282, 0.0, 1.0
8283, 0.0, 1.0
8284, 0.0, 1.0
8285, 0.0, 1.0
8286, 0.0, 0.8999999999999986
8287, 0.0, 0.8000000000000007
8288, 0.0, 0.8000000000000007
8289, 0.0, 0.8000000000000007
8290, 0.0, 0.6999999999999993
8291, 0.0, 0.5999999999999979
8292, 0.0, 0.5999999999999979
8293, 0.0, 0.5999999999999979
8294, 0.0, 0.5
8295, 0.0, 0.5
8296, 0.0, 0.5
8297, 0.0, 0.3999999999999986
8298, 0.0, 0.3999999999999986
8299, 0.0, 0.3999999999999986
8300, 0.0, 0.3000000000000007
8301, 0.0, 0.3000000000000007
8302, 0.0, 0.3000000000000007
8303, 0.0, 0.1999999999999993
8304, 0.0, 0.1999999999999993
8305, 0.0, 0.1999999999999993
8306, 0.0, 0.3000000000000007
8307, 0.0, 0.3000000000000007
8308, 0.0, 0.1999999999999993
8309, 0.0, 0.1999999999999993
8310, 0.0, 0.1999999999999993
8311, 0.0, 0.09999999999999787
8312, 0.0, 0.3000000000000007
8313, 0.0, 0.1999999999999993
8314, 0.0, 0.1999999999999993
8315, 0.0, 0.3000000000000007
8316, 0.0, 0.3000000000000007
8317, 0.0, 0.3000000000000007
8318, 0.0, 0.3000000000000007
8319, 0.0, 0.3000000000000007
8320, 0.0, 0.3000000000000007
8321, 0.0, 0.5
8322, 0.0, 0.3999999999999986
8323, 0.0, 0.3999999999999986
8324, 0.0, 0.5
8325, 0.0, 0.5
8326, 0.0, 0.3999999999999986
8327, 0.0, 0.5
8328, 0.0, 0.5
8329, 0.0, 0.5
8330, 0.0, 0.5
8331, 0.0, 0.3999999999999986
8332, 0.0, 0.5
8333, 0.0, 0.5
8334, 0.0, 0.3999999999999986
8335, 0.0, 0.3999999999999986
8336, 0.0, 0.5
8337, 0.0, 0.5
8338, 0.0, 0.5
8339, 0.0, 0.3999999999999986
8340, 0.0, 0.3999999999999986
8341, 0.0, 0.3999999999999986
8342, 0.0, 0.3999999999999986
8343, 0.0, 0.3000000000000007
8344, 0.0, 0.3000000000000007
8345, 0.0, 0.3000000000000007
8346, 0.0, 0.3999999999999986
8347, 0.0, 0.3999999999999986
8348, 0.0, 0.3000000000000007
8349, 0.0, 0.3000000000000007
8350, 0.0, 0.3000000000000007
8351, 0.0, 0.3000000000000007
8352, 0.0, 0.3000000000000007
8353, 0.0, 0.3000000000000007
8354, 0.0, 0.3999999999999986
8355, 0.0, 0.5
8356, 0.0, 0.3999999999999986
8357, 0.0, 0.3999999999999986
8358, 0.0, 0.3999999999999986
8359, 0.0, 0.5
8360, 0.0, 0.5
8361, 0.0, 0.5
8362, 0.0, 0.5
8363, 0.0, 0.5999999999999979
8364, 0.0, 0.5
8365, 0.0, 0.5999999999999979
8366, 0.0, 0.5999999999999979
8367, 0.0, 0.6999999999999993
8368, 0.0, 0.5999999999999979
8369, 0.0, 0.8000000000000007
8370, 0.0, 0.6999999999999993
8371, 0.0, 0.6999999999999993
8372, 0.0, 0.8000000000000007
8373, 0.0, 0.6999999999999993
8374, 0.0, 0.8000000000000007
8375, 0.0, 0.6999999999999993
8376, 0.0, 0.8000000000000007
8377, 0.0, 0.8000000000000007
8378, 0.0, 0.8000000000000007
8379, 0.0, 0.8000000000000007
8380, 0.0, 0.8000000000000007
8381, 0.0, 0.8999999999999986
8382, 0.0, 0.8000000000000007
8383, 0.0, 0.8999999999999986
8384, 0.0, 0.8000000000000007
8385, 0.0, 0.8000000000000007
8386, 0.0, 0.8000000000000007
8387, 0.0, 0.8000000000000007
8388, 0.0, 0.8000000000000007
8389, 0.0, 0.8000000000000007
8390, 0.0, 0.8000000000000007
8391, 0.0, 0.6999999999999993
8392, 0.0, 0.6999999999999993
8393, 0.0, 0.5999999999999979
8394, 0.0, 0.6999999999999993
8395, 0.0, 0.6999999999999993
8396, 0.0, 0.5
8397, 0.0, 0.5999999999999979
8398, 0.0, 0.5999999999999979
8399, 0.0, 0.3999999999999986
8400, 0.0, 0.3999999999999986
8401, 0.0, 0.5
8402, 0.0, 0.3999999999999986
8403, 0.0, 0.3999999999999986
8404, 0.09999999999999964, 0.3999999999999986
8405, 0.09999999999999964, 0.3000000000000007
8406, 0.09999999999999964, 0.3000000000000007
8407, 0.09999999999999964, 0.1999999999999993
8408, 0.09999999999999964, 0.1999999999999993
8409, 0.09999999999999964, 0.09999999999999787
8410, 0.09999999999999964, 0.1999999999999993
8411, 0.09999999999999964, 0.09999999999999787
8412, 0.0, 0.09999999999999787
8413, 0.0, 0.0
8414, 0.0, 0.09999999999999787
8415, 0.0, 0.09999999999999787
8416, 0.0, 0.09999999999999787
8417, 0.0, 0.0
8418, 0.0, 0.0
8419, 0.0, -0.10000000000000142
8420, 0.0, 0.0
8421, 0.0, -0.10000000000000142
8422, 0.0, 0.0
8423, 0.0, 0.0
8424, 0.0, 0.0
8425, 0.0, 0.0
8426, 0.0, 0.0
8427, 0.0, 0.0
8428, 0.0, 0.0
8429, 0.0, 0.09999999999999787
8430, 0.0, 0.09999999999999787
8431, 0.0, 0.1999999999999993
8432, 0.0, 0.1999999999999993
8433, 0.0, 0.3000000000000007
8434, 0.0, 0.3999999999999986
8435, 0.0, 0.3999999999999986
8436, 0.0, 0.5
8437, 0.0, 0.5999999999999979
8438, 0.09999999999999964, 0.5999999999999979
8439, 0.09999999999999964, 0.5999999999999979
8440, 0.09999999999999964, 0.6999999999999993
8441, 0.09999999999999964, 0.6999999999999993
8442, 0.09999999999999964, 0.8000000000000007
8443, 0.09999999999999964, 0.8000000000000007
8444, 0.09999999999999964, 0.8999999999999986
8445, 0.09999999999999964, 1.0
8446, 0.09999999999999964, 1.0
8447, 0.09999999999999964, 1.0999999999999979
8448, 0.09999999999999964, 1.1999999999999993
8449, 0.09999999999999964, 1.3000000000000007
8450, 0.09999999999999964, 1.3000000000000007
8451, 0.09999999999999964, 1.3999999999999986
8452, 0.09999999999999964, 1.5
8453, 0.09999999999999964, 1.5
8454, 0.09999999999999964, 1.5
8455, 0.09999999999999964, 1.5
8456, 0.09999999999999964, 1.5
8457, 0.09999999999999964, 1.5
8458, 0.09999999999999964, 1.5
8459, 0.09999999999999964, 1.5999999999999979
8460, 0.09999999999999964, 1.5999999999999979
8461, 0.09999999999999964, 1.5999999999999979
8462, 0.09999999999999964, 1.5999999999999979
8463, 0.09999999999999964, 1.5
8464, 0.09999999999999964, 1.5
8465, 0.09999999999999964, 1.5
8466, 0.09999999999999964, 1.5
8467, 0.09999999999999964, 1.3000000000000007
8468, 0.09999999999999964, 1.3000000000000007
8469, 0.09999999999999964, 1.3000000000000007
8470, 0.09999999999999964, 1.1999999999999993
8471, 0.09999999999999964, 1.1999999999999993
8472, 0.09999999999999964, 1.0999999999999979
8473, 0.09999999999999964, 0.8999999999999986
8474, 0.09999999999999964, 1.0
8475, 0.09999999999999964, 0.8999999999999986
8476, 0.09999999999999964, 0.6999999999999993
8477, 0.09999999999999964, 0.5999999999999979
8478, 0.09999999999999964, 0.3999999999999986
8479, 0.09999999999999964, 0.3000000000000007
8480, 0.09999999999999964, 0.3000000000000007
8481, 0.09999999999999964, 0.09999999999999787
8482, 0.09999999999999964, 0.0
8483, 0.09999999999999964, -0.10000000000000142
8484, 0.09999999999999964, -0.1999999999999993
8485, 0.09999999999999964, -0.3000000000000007
8486, 0.09999999999999964, -0.5
8487, 0.09999999999999964, -0.6000000000000014
8488, 0.0, -0.6999999999999993
8489, 0.0, -1.0
8490, 0.0, -1.0
8491, 0.0, -1.1000000000000014
8492, 0.0, -1.3000000000000007
8493, 0.0, -1.4000000000000021
8494, 0.0, -1.6000000000000014
8495, 0.0, -1.6000000000000014
8496, 0.0, -1.8000000000000007
8497, 0.0, -2.0
8498, 0.0, -2.1000000000000014
8499, 0.0, -2.3000000000000007
8500, 0.0, -2.3000000000000007
8501, 0.0, -2.400000000000002
8502, 0.0, -2.5
8503, 0.0, -2.6000000000000014
8504, 0.0, -2.6999999999999993
8505, 0.0, -2.900000000000002
8506, 0.0, -3.0
8507, 0.0, -3.1000000000000014
8508, 0.0, -3.1999999999999993
8509, 0.0, -3.3000000000000007
8510, 0.0, -3.400000000000002
8511, 0.0, -3.5
8512, 0.0, -3.6000000000000014
8513, 0.0, -3.6000000000000014
8514, 0.0, -3.6999999999999993
8515, 0.0, -3.6999999999999993
8516, 0.0, -3.8000000000000007
8517, 0.0, -3.8000000000000007
8518, 0.0, -3.900000000000002
8519, 0.0, -3.8000000000000007
8520, 0.0, -3.900000000000002
8521, 0.0, -3.900000000000002
8522, 0.0, -3.900000000000002
8523, 0.0, -3.900000000000002
8524, 0.0, -3.900000000000002
8525, 0.0, -3.8000000000000007
8526, 0.0, -3.8000000000000007
8527, 0.0, -3.6999999999999993
8528, 0.0, -3.6999999999999993
8529, 0.0, -3.6000000000000014
8530, 0.0, -3.5
8531, 0.0, -3.6000000000000014
8532, 0.0, -3.400000000000002
8533, 0.0, -3.400000000000002
8534, 0.0, -3.3000000000000007
8535, 0.0, -3.1999999999999993
8536, 0.0, -3.1999999999999993
8537, 0.0, -3.1000000000000014
8538, 0.0, -2.900000000000002
8539, 0.0, -2.900000000000002
8540, 0.0, -2.6999999999999993
8541, 0.0, -2.6000000000000014
8542, 0.0, -2.5
8543, 0.0, -2.5
8544, 0.0, -2.400000000000002
8545, 0.0, -2.1999999999999993
8546, 0.0, -2.1000000000000014
8547, 0.0, -2.0
8548, 0.0, -1.9000000000000021
8549, 0.0, -1.8000000000000007
8550, 0.0, -1.6999999999999993
8551, 0.0, -1.6000000000000014
8552, 0.0, -1.5
8553, 0.0, -1.4000000000000021
8554, 0.0, -1.4000000000000021
8555, 0.0, -1.3000000000000007
8556, 0.0, -1.1000000000000014
8557, 0.0, -1.0
8558, 0.0, -1.0
8559, 0.0, -0.8000000000000007
8560, 0.0, -0.6999999999999993
8561, 0.0, -0.6000000000000014
8562, 0.0, -0.6000000000000014
8563, 0.0, -0.5
8564, 0.0, -0.40000000000000213
8565, 0.0, -0.3000000000000007
8566, 0.0, -0.1999999999999993
8567, 0.0, -0.10000000000000142
8568, 0.0, -0.10000000000000142
8569, 0.0, 0.09999999999999787
8570, 0.0, 0.09999999999999787
8571, 0.0, 0.1999999999999993
8572, 0.0, 0.3000000000000007
8573, 0.0, 0.3999999999999986
8574, 0.0, 0.3999999999999986
8575, 0.0, 0.5999999999999979
8576, 0.0, 0.6999999999999993
8577, 0.0, 0.8000000000000007
8578, 0.0, 0.8000000000000007
8579, 0.0, 0.8999999999999986
8580, 0.0, 0.8999999999999986
8581, 0.0, 0.8999999999999986
8582, 0.0, 1.0999999999999979
8583, 0.0, 1.0999999999999979
8584, 0.0, 1.1999999999999993
8585, 0.0, 1.1999999999999993
8586, 0.0, 1.3000000000000007
8587, 0.0, 1.1999999999999993
8588, 0.0, 1.3000000000000007
8589, 0.0, 1.3999999999999986
8590, 0.0, 1.3000000000000007
8591, 0.0, 1.3999999999999986
8592, 0.0, 1.3000000000000007
8593, 0.0, 1.3999999999999986
8594, 0.0, 1.3000000000000007
8595, 0.0, 1.3000000000000007
8596, 0.0, 1.3000000000000007
8597, 0.0, 1.1999999999999993
8598, 0.0, 1.1999999999999993
8599, 0.0, 1.1999999999999993
8600, 0.0, 1.1999999999999993
8601, 0.0, 1.0999999999999979
8602, 0.0, 1.0999999999999979
8603, 0.0, 1.0
8604, 0.0, 0.8999999999999986
8605, 0.0, 0.8000000000000007
8606, 0.0, 0.6999999999999993
8607, 0.0, 0.8000000000000007
8608, 0.0, 0.6999999999999993
8609, 0.0, 0.5999999999999979
8610, 0.0, 0.5
8611, 0.0, 0.5
8612, 0.0, 0.3999999999999986
8613, 0.0, 0.3000000000000007
8614, 0.0, 0.1999999999999993
8615, 0.0, 0.1999999999999993
8616, 0.0, 0.09999999999999787
8617, 0.0, 0.09999999999999787
8618, 0.0, 0.0
8619, 0.0, -0.10000000000000142
8620, 0.0, -0.1999999999999993
8621, 0.0, -0.10000000000000142
8622, 0.0, -0.1999999999999993
8623, 0.0, -0.3000000000000007
8624, 0.0, -0.3000000000000007
8625, 0.0, -0.40000000000000213
8626, 0.0, -0.5
8627, 0.0, -0.5
8628, 0.0, -0.5
8629, 0.0, -0.6000000000000014
8630, 0.0, -0.6999999999999993
8631, 0.0, -0.6999999999999993
8632, 0.0, -0.6999999999999993
8633, 0.0, -0.8000000000000007
8634, 0.0, -0.8000000000000007
8635, 0.0, -0.8000000000000007
8636, 0.0, -0.8000000000000007
8637, 0.0, -0.8000000000000007
8638, 0.0, -0.9000000000000021
8639, 0.0, -0.9000000000000021
8640, 0.0, -0.9000000000000021
8641, 0.0, -0.9000000000000021
8642, 0.0, -0.9000000000000021
8643, 0.0, -0.9000000000000021
8644, 0.0, -0.8000000000000007
8645, 0.0, -0.9000000000000021
8646, 0.0, -0.8000000000000007
8647, 0.0, -0.8000000000000007
8648, 0.0, -0.6999999999999993
8649, 0.0, -0.8000000000000007
8650, 0.0, -0.8000000000000007
8651, 0.0, -0.6999999999999993
8652, 0.0, -0.6000000000000014
8653, 0.0, -0.5
8654, 0.0, -0.5
8655, 0.0, -0.5
8656, 0.0, -0.40000000000000213
8657, 0.0, -0.40000000000000213
8658, 0.0, -0.3000000000000007
8659, 0.0, -0.3000000000000007
8660, 0.0, -0.1999999999999993
8661, 0.0, -0.1999999999999993
8662, 0.0, -0.10000000000000142
8663, 0.0, 0.0
8664, 0.0, 0.0
8665, 0.0, 0.1999999999999993
8666, 0.0, 0.09999999999999787
8667, 0.0, 0.09999999999999787
8668, 0.0, 0.1999999999999993
8669, 0.0, 0.09999999999999787
8670, 0.0, 0.3000000000000007
8671, 0.0, 0.3000000000000007
8672, 0.0, 0.3999999999999986
8673, 0.0, 0.3000000000000007
8674, 0.0, 0.3999999999999986
8675, 0.0, 0.3999999999999986
8676, 0.0, 0.5
8677, 0.0, 0.5
8678, 0.0, 0.5
8679, 0.0, 0.5
8680, 0.0, 0.5999999999999979
8681, 0.0, 0.5999999999999979
8682, 0.0, 0.5999999999999979
8683, 0.0, 0.5999999999999979
8684, 0.0, 0.5999999999999979
8685, 0.0, 0.5999999999999979
8686, 0.0, 0.5999999999999979
8687, 0.0, 0.6999999999999993
8688, 0.0, 0.6999999999999993
8689, 0.09999999999999964, 0.6999999999999993
8690, 0.09999999999999964, 0.5999999999999979
8691, 0.09999999999999964, 0.6999999999999993
8692, 0.09999999999999964, 0.5999999999999979
8693, 0.09999999999999964, 0.5999999999999979
8694, 0.09999999999999964, 0.5999999999999979
8695, 0.09999999999999964, 0.5999999999999979
8696, 0.09999999999999964, 0.5999999999999979
8697, 0.0, 0.5
8698, 0.0, 0.5999999999999979
8699, 0.0, 0.5
8700, 0.0, 0.5
8701, 0.0, 0.5
8702, 0.0, 0.5999999999999979
8703, 0.0, 0.5
8704, 0.0, 0.5
8705, 0.0, 0.3999999999999986
8706, 0.0, 0.5
8707, 0.0, 0.3999999999999986
8708, 0.0, 0.3000000000000007
8709, 0.0, 0.5
8710, 0.0, 0.3999999999999986
8711, 0.0, 0.3000000000000007
8712, 0.09999999999999964, 0.3999999999999986
8713, 0.09999999999999964, 0.3999999999999986
8714, 0.09999999999999964, 0.3000000000000007
8715, 0.09999999999999964, 0.3000000000000007
8716, 0.09999999999999964, 0.3999999999999986
8717, 0.09999999999999964, 0.5
8718, 0.09999999999999964, 0.5
8719, 0.09999999999999964, 0.3999999999999986
8720, 0.09999999999999964, 0.3999999999999986
8721, 0.09999999999999964, 0.3999999999999986
8722, 0.09999999999999964, 0.5
8723, 0.09999999999999964, 0.5999999999999979
8724, 0.09999999999999964, 0.5
8725, 0.09999999999999964, 0.5999999999999979
8726, 0.09999999999999964, 0.5
8727, 0.09999999999999964, 0.5999999999999979
8728, 0.0, 0.6999999999999993
8729, 0.0, 0.8000000000000007
8730, 0.0, 0.6999999999999993
8731, 0.0, 0.8000000000000007
8732, 0.0, 0.8000000000000007
8733, 0.0, 0.8000000000000007
8734, 0.0, 0.8999999999999986
8735, 0.0, 0.8999999999999986
8736, 0.0, 0.8999999999999986
8737, 0.0, 0.8999999999999986
8738, 0.0, 1.0
8739, 0.0, 1.0
8740, 0.0, 1.0
8741, 0.0, 1.0999999999999979
8742, 0.0, 1.1999999999999993
8743, 0.0, 1.0999999999999979
8744, 0.0, 1.0999999999999979
8745, 0.0, 1.1999999999999993
8746, 0.0, 1.1999999999999993
8747, 0.0, 1.1999999999999993
8748, 0.0, 1.0999999999999979
8749, 0.0, 1.0999999999999979
8750, 0.0, 1.0999999999999979
8751, 0.0, 1.0999999999999979
8752, 0.0, 1.0
8753, 0.0, 1.0
8754, 0.0, 1.0
8755, 0.0, 0.8999999999999986
8756, 0.0, 0.8999999999999986
8757, 0.0, 0.8999999999999986
8758, 0.0, 0.8999999999999986
8759, 0.0, 0.8999999999999986
8760, 0.0, 0.8000000000000007
8761, 0.0, 0.8000000000000007
8762, 0.0, 0.5999999999999979
8763, 0.0, 0.6999999999999993
8764, 0.0, 0.5
8765, 0.0, 0.5999999999999979
8766, 0.0, 0.3999999999999986
8767, 0.0, 0.5
8768, 0.0, 0.3000000000000007
8769, 0.0, 0.3999999999999986
8770, 0.0, 0.3999999999999986
8771, 0.0, 0.3999999999999986
8772, 0.0, 0.3000000000000007
8773, 0.0, 0.3000000000000007
8774, 0.0, 0.3000000000000007
8775, 0.0, 0.3000000000000007
8776, 0.0, 0.1999999999999993
8777, 0.0, 0.3000000000000007
8778, 0.0, 0.3000000000000007
8779, 0.0, 0.1999999999999993
8780, 0.0, 0.1999999999999993
8781, 0.0, 0.1999999999999993
8782, 0.0, 0.3000000000000007
8783, 0.0, 0.1999999999999993
8784, 0.0, 0.09999999999999787
8785, 0.0, 0.1999999999999993
8786, 0.0, 0.1999999999999993
8787, 0.0, 0.3000000000000007
8788, 0.0, 0.1999999999999993
8789, 0.0, 0.3000000000000007
8790, 0.0, 0.3000000000000007
8791, 0.0, 0.3000000000000007
8792, 0.0, 0.3000000000000007
8793, 0.0, 0.3999999999999986
8794, 0.0, 0.3999999999999986
8795, 0.0, 0.3000000000000007
8796, 0.0, 0.3999999999999986
8797, 0.0, 0.3999999999999986
8798, 0.0, 0.3999999999999986
8799, 0.0, 0.3999999999999986
8800, 0.0, 0.5
8801, 0.0, 0.5
8802, 0.0, 0.5
8803, 0.0, 0.5
8804, 0.0, 0.5
8805, 0.0, 0.5
8806, 0.0, 0.5999999999999979
8807, 0.0, 0.5
8808, 0.0, 0.5
8809, 0.0, 0.5
8810, 0.0, 0.5999999999999979
8811, 0.0, 0.5999999999999979
8812, 0.0, 0.5
8813, 0.0, 0.5999999999999979
8814, 0.0, 0.5999999999999979
8815, 0.0, 0.5999999999999979
8816, 0.0, 0.5999999999999979
8817, 0.0, 0.5999999999999979
8818, 0.0, 0.6999999999999993
8819, 0.0, 0.5999999999999979
8820, 0.0, 0.5999999999999979
8821, 0.0, 0.6999999999999993
8822, 0.0, 0.6999999999999993
8823, 0.0, 0.6999999999999993
8824, 0.0, 0.5999999999999979
8825, 0.0, 0.5999999999999979
8826, 0.0, 0.5999999999999979
8827, 0.0, 0.5
8828, 0.0, 0.5999999999999979
8829, 0.0, 0.5
8830, 0.0, 0.5
8831, 0.0, 0.3999999999999986
8832, 0.0, 0.3999999999999986
8833, 0.0, 0.3999999999999986
8834, 0.0, 0.3999999999999986
8835, 0.0, 0.1999999999999993
8836, 0.0, 0.3000000000000007
8837, 0.0, 0.1999999999999993
8838, 0.0, 0.09999999999999787
8839, 0.0, 0.09999999999999787
8840, 0.0, 0.0
8841, 0.0, -0.10000000000000142
8842, 0.0, 0.0
8843, 0.0, -0.10000000000000142
8844, 0.0, -0.1999999999999993
8845, 0.0, -0.1999999999999993
8846, 0.0, -0.1999999999999993
8847, 0.0, -0.40000000000000213
8848, 0.0, -0.3000000000000007
8849, 0.0, -0.40000000000000213
8850, 0.0, -0.40000000000000213
8851, 0.0, -0.40000000000000213
8852, 0.0, -0.40000000000000213
8853, 0.0, -0.40000000000000213
8854, 0.0, -0.40000000000000213
8855, 0.0, -0.40000000000000213
8856, 0.0, -0.5
8857, 0.0, -0.40000000000000213
8858, 0.0, -0.5
8859, 0.0, -0.40000000000000213
8860, 0.0, -0.5
8861, 0.0, -0.5
8862, 0.0, -0.5
8863, 0.0, -0.5
8864, 0.0, -0.5
8865, 0.0, -0.40000000000000213
8866, 0.0, -0.40000000000000213
8867, 0.0, -0.40000000000000213
8868, 0.0, -0.3000000000000007
8869, 0.0, -0.1999999999999993
8870, 0.0, -0.3000000000000007
8871, 0.0, -0.1999999999999993
8872, 0.0, -0.1999999999999993
8873, 0.0, -0.10000000000000142
8874, 0.0, -0.1999999999999993
8875, 0.0, -0.10000000000000142
8876, 0.0, 0.0
8877, 0.0, 0.0
8878, 0.0, 0.0
8879, 0.0, 0.0
8880, 0.0, 0.0
8881, 0.0, 0.0
8882, 0.0, 0.0
8883, 0.0, 0.0
8884, 0.0, 0.0
8885, 0.0, 0.09999999999999787
8886, 0.0, 0.09999999999999787
8887, 0.0, 0.0
8888, 0.0, 0.0
8889, 0.0, 0.09999999999999787
8890, 0.0, 0.09999999999999787
8891, 0.0, 0.09999999999999787
8892, 0.0, 0.09999999999999787
8893, 0.0, 0.0
8894, 0.0, 0.09999999999999787
8895, 0.0, 0.09999999999999787
8896, 0.0, 0.0
8897, 0.0, 0.09999999999999787
8898, 0.0, -0.10000000000000142
8899, 0.0, 0.0
8900, 0.0, -0.10000000000000142
8901, 0.0, -0.1999999999999993
8902, 0.0, -0.10000000000000142
8903, 0.0, -0.10000000000000142
8904, 0.0, -0.1999999999999993
8905, 0.0, -0.1999999999999993
8906, 0.0, -0.1999999999999993
8907, 0.0, -0.1999999999999993
8908, 0.0, -0.1999999999999993
8909, 0.0, -0.3000000000000007
8910, 0.0, -0.3000000000000007
8911, 0.0, -0.40000000000000213
8912, 0.0, -0.40000000000000213
8913, 0.0, -0.3000000000000007
8914, 0.0, -0.40000000000000213
8915, 0.0, -0.5
8916, 0.0, -0.5
8917, 0.09999999999999964, -0.5
8918, 0.09999999999999964, -0.5
8919, 0.09999999999999964, -0.6000000000000014
8920, 0.09999999999999964, -0.6000000000000014
8921, 0.09999999999999964, -0.6999999999999993
8922, 0.09999999999999964, -0.6000000000000014
8923, 0.09999999999999964, -0.6000000000000014
8924, 0.09999999999999964, -0.6000000000000014
8925, 0.09999999999999964, -0.6000000000000014
8926, 0.09999999999999964, -0.6000000000000014
8927, 0.09999999999999964, -0.6000000000000014
8928, 0.09999999999999964, -0.6000000000000014
8929, 0.0, -0.6000000000000014
8930, 0.0, -0.6000000000000014
8931, 0.0, -0.6999999999999993
8932, 0.0, -0.6000000000000014
8933, 0.0, -0.6000000000000014
8934, 0.0, -0.5
8935, 0.0, -0.6000000000000014
8936, 0.0, -0.6000000000000014
8937, 0.0, -0.6000000000000014
8938, 0.0, -0.6000000000000014
8939, 0.0, -0.5
8940, 0.0, -0.5
8941, 0.0, -0.5
8942, 0.0, -0.5
8943, 0.0, -0.5
8944, 0.0, -0.5
8945, 0.0, -0.40000000000000213
8946, 0.0, -0.40000000000000213
8947, 0.0, -0.3000000000000007
8948, 0.0, -0.40000000000000213
8949, 0.0, -0.3000000000000007
8950, 0.0, -0.1999999999999993
8951, 0.0, -0.1999999999999993
8952, 0.0, -0.1999999999999993
8953, 0.0, -0.1999999999999993
8954, 0.0, -0.1999999999999993
8955, 0.0, -0.10000000000000142
8956, 0.0, -0.10000000000000142
8957, 0.0, -0.10000000000000142
8958, 0.0, -0.10000000000000142
8959, 0.0, 0.0
8960, 0.0, 0.0
8961, 0.0, 0.0
8962, 0.0, 0.09999999999999787
8963, 0.0, 0.09999999999999787
8964, 0.0, 0.1999999999999993
8965, 0.0, 0.1999999999999993
8966, 0.0, 0.1999999999999993
8967, 0.0, 0.3000000000000007
8968, 0.0, 0.3000000000000007
8969, 0.0, 0.3000000000000007
8970, 0.0, 0.3000000000000007
8971, 0.0, 0.3999999999999986
8972, 0.0, 0.3000000000000007
8973, 0.0, 0.3999999999999986
8974, -0.09999999999999964, 0.3999999999999986
8975, -0.09999999999999964, 0.3999999999999986
8976, -0.09999999999999964, 0.3999999999999986
8977, -0.09999999999999964, 0.3999999999999986
8978, -0.09999999999999964, 0.3999999999999986
8979, -0.09999999999999964, 0.3999999999999986
8980, -0.09999999999999964, 0.3999999999999986
8981, -0.09999999999999964, 0.3999999999999986
8982, -0.09999999999999964, 0.3999999999999986
8983, -0.09999999999999964, 0.3999999999999986
8984, -0.09999999999999964, 0.3999999999999986
8985, -0.09999999999999964, 0.3999999999999986
8986, -0.09999999999999964, 0.3999999999999986
8987, -0.09999999999999964, 0.3999999999999986
8988, -0.09999999999999964, 0.3999999999999986
8989, 0.0, 0.3999999999999986
8990, 0.0, 0.3999999999999986
8991, 0.0, 0.3000000000000007
8992, 0.0, 0.3999999999999986
8993, 0.0, 0.3999999999999986
8994, 0.0, 0.3000000000000007
8995, 0.0, 0.3999999999999986
8996, 0.0, 0.3999999999999986
8997, 0.0, 0.5
8998, 0.0, 0.5
8999, 0.0, 0.5
9000, 0.09999999999999964, 0.5
9001, 0.09999999999999964, 0.5999999999999979
9002, 0.09999999999999964, 0.5999999999999979
9003, 0.09999999999999964, 0.5999999999999979
9004, 0.09999999999999964, 0.6999999999999993
9005, 0.09999999999999964, 0.8000000000000007
9006, 0.09999999999999964, 0.8000000000000007
9007, 0.09999999999999964, 0.8000000000000007
9008, 0.0, 0.8999999999999986
9009, 0.0, 0.8999999999999986
9010, 0.0, 1.0
9011, 0.0, 0.8999999999999986
9012, 0.0, 1.0
9013, 0.0, 1.0
9014, 0.0, 1.0999999999999979
9015, 0.0, 1.0999999999999979
9016, 0.0, 1.1999999999999993
9017, 0.0, 1.1999999999999993
9018, 0.0, 1.3000000000000007
9019, 0.0, 1.1999999999999993
9020, 0.0, 1.3000000000000007
9021, 0.0, 1.3000000000000007
9022, 0.0, 1.3999999999999986
9023, 0.0, 1.3999999999999986
9024, 0.0, 1.3000000000000007
9025, 0.0, 1.3999999999999986
9026, 0.0, 1.3999999999999986
9027, 0.0, 1.3999999999999986
9028, 0.0, 1.3999999999999986
9029, 0.0, 1.3999999999999986
9030, 0.0, 1.3999999999999986
9031, 0.0, 1.5
9032, 0.0, 1.3999999999999986
9033, 0.0, 1.5
9034, 0.0, 1.5
9035, 0.0, 1.5999999999999979
9036, 0.0, 1.5999999999999979
9037, 0.0, 1.3999999999999986
9038, 0.0, 1.3999999999999986
9039, 0.0, 1.5
9040, 0.0, 1.5
9041, 0.0, 1.5
9042, 0.0, 1.3999999999999986
9043, 0.0, 1.5
9044, 0.0, 1.3999999999999986
9045, 0.0, 1.3999999999999986
9046, 0.0, 1.3000000000000007
9047, 0.0, 1.3999999999999986
9048, 0.0, 1.3000000000000007
9049, 0.0, 1.1999999999999993
9050, 0.0, 1.1999999999999993
9051, 0.0, 1.1999999999999993
9052, 0.0, 1.1999999999999993
9053, 0.0, 1.0
9054, 0.0, 1.0999999999999979
9055, 0.0, 1.0
9056, 0.0, 1.0
9057, 0.0, 1.0
9058, 0.0, 0.8999999999999986
9059, 0.0, 0.8000000000000007
9060, -0.09999999999999964, 0.6999999999999993
9061, -0.09999999999999964, 0.6999999999999993
9062, -0.09999999999999964, 0.6999999999999993
9063, -0.09999999999999964, 0.5
9064, -0.09999999999999964, 0.5
9065, -0.09999999999999964, 0.5
9066, -0.09999999999999964, 0.3000000000000007
9067, -0.09999999999999964, 0.3000000000000007
9068, -0.09999999999999964, 0.3000000000000007
9069, -0.09999999999999964, 0.3000000000000007
9070, -0.09999999999999964, 0.1999999999999993
9071, -0.09999999999999964, 0.09999999999999787
9072, -0.09999999999999964, 0.0
9073, -0.09999999999999964, 0.0
9074, -0.09999999999999964, 0.0
9075, 0.0, -0.10000000000000142
9076, 0.0, -0.1999999999999993
9077, 0.0, -0.3000000000000007
9078, 0.0, -0.3000000000000007
9079, 0.0, -0.40000000000000213
9080, 0.0, -0.3000000000000007
9081, 0.0, -0.3000000000000007
9082, 0.0, -0.40000000000000213
9083, 0.0, -0.40000000000000213
9084, 0.0, -0.5
9085, 0.0, -0.5
9086, 0.0, -0.5
9087, 0.0, -0.5
9088, 0.0, -0.5
9089, 0.0, -0.6000000000000014
9090, 0.0, -0.6000000000000014
9091, 0.0, -0.6000000000000014
9092, 0.0, -0.6000000000000014
9093, 0.0, -0.6000000000000014
9094, 0.0, -0.6000000000000014
9095, 0.0, -0.6000000000000014
9096, 0.0, -0.5
9097, 0.0, -0.6000000000000014
9098, 0.0, -0.6000000000000014
9099, 0.0, -0.6000000000000014
9100, 0.0, -0.6000000000000014
9101, 0.0, -0.6000000000000014
9102, 0.0, -0.5
9103, 0.0, -0.5
9104, 0.0, -0.40000000000000213
9105, 0.0, -0.5
9106, 0.0, -0.5
9107, 0.0, -0.40000000000000213
9108, 0.0, -0.40000000000000213
9109, 0.0, -0.40000000000000213
9110, 0.0, -0.3000000000000007
9111, 0.0, -0.3000000000000007
9112, 0.0, -0.3000000000000007
9113, 0.0, -0.3000000000000007
9114, 0.0, -0.1999999999999993
9115, 0.0, -0.10000000000000142
9116, 0.0, -0.10000000000000142
9117, 0.0, 0.0
9118, 0.0, 0.0
9119, 0.0, 0.0
9120, 0.0, 0.1999999999999993
9121, 0.0, 0.09999999999999787
9122, 0.0, 0.1999999999999993
9123, 0.0, 0.1999999999999993
9124, 0.0, 0.3000000000000007
9125, 0.0, 0.3000000000000007
9126, 0.0, 0.3000000000000007
9127, 0.0, 0.3999999999999986
9128, 0.0, 0.3999999999999986
9129, 0.0, 0.5
9130, 0.0, 0.5
9131, 0.0, 0.5999999999999979
9132, 0.0, 0.5999999999999979
9133, 0.0, 0.5999999999999979
9134, 0.0, 0.8000000000000007
9135, 0.0, 0.6999999999999993
9136, 0.0, 0.8000000000000007
9137, 0.0, 0.8999999999999986
9138, 0.0, 0.8999999999999986
9139, 0.0, 0.8999999999999986
9140, 0.0, 0.8999999999999986
9141, 0.0, 1.0
9142, 0.09999999999999964, 1.0999999999999979
9143, 0.09999999999999964, 1.0
9144, 0.09999999999999964, 1.0999999999999979
9145, 0.09999999999999964, 1.1999999999999993
9146, 0.09999999999999964, 1.1999999999999993
9147, 0.09999999999999964, 1.1999999999999993
9148, 0.09999999999999964, 1.1999999999999993
9149, 0.09999999999999964, 1.1999999999999993
9150, 0.09999999999999964, 1.1999999999999993
9151, 0.09999999999999964, 1.3000000000000007
9152, 0.0, 1.3000000000000007
9153, 0.0, 1.1999999999999993
9154, 0.0, 1.3000000000000007
9155, 0.0, 1.3999999999999986
9156, 0.0, 1.5
9157, 0.0, 1.3999999999999986
9158, 0.0, 1.3999999999999986
9159, 0.0, 1.5
9160, 0.0, 1.3999999999999986
9161, 0.0, 1.5
9162, 0.0, 1.5999999999999979
9163, 0.0, 1.5
9164, 0.0, 1.5999999999999979
9165, 0.0, 1.5999999999999979
9166, 0.0, 1.5999999999999979
9167, 0.0, 1.5999999999999979
9168, 0.0, 1.5999999999999979
9169, 0.0, 1.5999999999999979
9170, 0.0, 1.6999999999999993
9171, 0.0, 1.6999999999999993
9172, 0.0, 1.6999999999999993
9173, 0.0, 1.6999999999999993
9174, 0.0, 1.6999999999999993
9175, 0.0, 1.8000000000000007
9176, 0.0, 1.8000000000000007
9177, 0.0, 1.6999999999999993
9178, 0.0, 1.6999999999999993
9179, 0.0, 1.8000000000000007
9180, 0.0, 1.8000000000000007
9181, 0.0, 1.8000000000000007
9182, 0.0, 1.8000000000000007
9183, 0.0, 1.6999999999999993
9184, 0.0, 1.8000000000000007
9185, 0.0, 1.5999999999999979
9186, 0.0, 1.5999999999999979
9187, 0.0, 1.6999999999999993
9188, 0.0, 1.5999999999999979
9189, 0.0, 1.5999999999999979
9190, 0.0, 1.5999999999999979
9191, 0.0, 1.3999999999999986
9192, 0.0, 1.3999999999999986
9193, 0.0, 1.3000000000000007
9194, 0.0, 1.3000000000000007
9195, 0.0, 1.1999999999999993
9196, 0.0, 1.3000000000000007
9197, 0.0, 1.1999999999999993
9198, 0.0, 1.0999999999999979
9199, 0.0, 1.0999999999999979
9200, 0.0, 1.0
9201, 0.0, 0.8999999999999986
9202, 0.0, 0.8000000000000007
9203, 0.0, 0.8000000000000007
9204, 0.0, 0.8000000000000007
9205, 0.0, 0.6999999999999993
9206, 0.0, 0.5
9207, 0.0, 0.5
9208, 0.0, 0.5
9209, 0.0, 0.3999999999999986
9210, 0.0, 0.3999999999999986
9211, 0.0, 0.3000000000000007
9212, 0.0, 0.1999999999999993
9213, 0.0, 0.1999999999999993
9214, 0.0, 0.1999999999999993
9215, 0.0, 0.09999999999999787
9216, 0.0, 0.1999999999999993
9217, 0.0, 0.09999999999999787
9218, 0.0, 0.09999999999999787
9219, 0.0, 0.0
9220, 0.0, 0.0
9221, 0.0, 0.0
9222, 0.0, 0.0
9223, 0.0, 0.0
9224, 0.0, 0.0
9225, 0.0, -0.10000000000000142
9226, 0.0, 0.0
9227, 0.0, -0.10000000000000142
9228, 0.0, 0.0
9229, 0.0, 0.0
9230, 0.0, -0.10000000000000142
9231, 0.0, -0.10000000000000142
9232, 0.0, -0.10000000000000142
9233, 0.0, -0.10000000000000142
9234, 0.0, 0.0
9235, 0.0, 0.0
9236, 0.0, 0.09999999999999787
9237, 0.0, 0.09999999999999787
9238, 0.0, 0.0
9239, 0.0, 0.09999999999999787
9240, 0.0, 0.09999999999999787
9241, 0.0, 0.09999999999999787
9242, 0.0, 0.1999999999999993
9243, 0.0, 0.1999999999999993
9244, 0.0, 0.1999999999999993
9245, 0.0, 0.09999999999999787
9246, 0.0, 0.1999999999999993
9247, 0.0, 0.1999999999999993
9248, 0.0, 0.1999999999999993
9249, 0.0, 0.1999999999999993
9250, 0.0, 0.1999999999999993
9251, 0.0, 0.1999999999999993
9252, 0.0, 0.1999999999999993
9253, 0.0, 0.1999999999999993
9254, 0.0, 0.1999999999999993
9255, 0.0, 0.1999999999999993
9256, 0.0, 0.09999999999999787
9257, 0.09999999999999964, 0.09999999999999787
9258, 0.09999999999999964, 0.09999999999999787
9259, 0.09999999999999964, 0.0
9260, 0.09999999999999964, 0.0
9261, 0.09999999999999964, -0.10000000000000142
9262, 0.09999999999999964, -0.1999999999999993
9263, 0.09999999999999964, -0.3000000000000007
9264, 0.09999999999999964, -0.40000000000000213
9265, 0.09999999999999964, -0.6000000000000014
9266, 0.0, -0.6999999999999993
9267, 0.0, -0.6999999999999993
9268, 0.0, -0.9000000000000021
9269, 0.0, -1.1999999999999993
9270, 0.0, -1.3000000000000007
9271, 0.0, -1.5
9272, 0.0, -1.6000000000000014
9273, 0.0, -1.8000000000000007
9274, 0.0, -2.1000000000000014
9275, 0.0, -2.3000000000000007
9276, 0.0, -2.5
9277, 0.0, -2.6999999999999993
9278, 0.0, -3.0
9279, 0.0, -3.1000000000000014
9280, 0.0, -3.3000000000000007
9281, 0.0, -3.5
9282, 0.0, -3.900000000000002
9283, 0.0, -4.100000000000001
9284, 0.0, -4.300000000000001
9285, 0.0, -4.600000000000001
9286, 0.0, -4.800000000000001
9287, 0.0, -5.0
9288, -0.09999999999999964, -5.100000000000001
9289, -0.09999999999999964, -5.400000000000002
9290, -0.09999999999999964, -5.600000000000001
9291, -0.09999999999999964, -5.699999999999999
9292, -0.09999999999999964, -5.900000000000002
9293, -0.09999999999999964, -6.0
9294, -0.09999999999999964, -6.100000000000001
9295, -0.09999999999999964, -6.300000000000001
9296, -0.09999999999999964, -6.300000000000001
9297, -0.09999999999999964, -6.400000000000002
9298, -0.09999999999999964, -6.400000000000002
9299, -0.09999999999999964, -6.400000000000002
9300, 0.0, -6.400000000000002
9301, 0.0, -6.300000000000001
9302, 0.0, -6.400000000000002
9303, 0.0, -6.400000000000002
9304, 0.0, -6.300000000000001
9305, 0.0, -6.199999999999999
9306, 0.0, -6.100000000000001
9307, 0.0, -6.0
9308, 0.0, -5.800000000000001
9309, 0.0, -5.600000000000001
9310, 0.0, -5.5
9311, 0.0, -5.300000000000001
9312, 0.0, -5.199999999999999
9313, 0.0, -5.0
9314, 0.0, -4.800000000000001
9315, 0.0, -4.400000000000002
9316, 0.0, -4.300000000000001
9317, 0.0, -4.0
9318, 0.0, -3.8000000000000007
9319, 0.0, -3.6000000000000014
9320, 0.09999999999999964, -3.3000000000000007
9321, 0.09999999999999964, -3.1999999999999993
9322, 0.09999999999999964, -2.900000000000002
9323, 0.09999999999999964, -2.6000000000000014
9324, 0.09999999999999964, -2.5
9325, 0.09999999999999964, -2.3000000000000007
9326, 0.09999999999999964, -2.0
9327, 0.09999999999999964, -1.8000000000000007
9328, 0.09999999999999964, -1.5
9329, 0.09999999999999964, -1.4000000000000021
9330, 0.1999999999999993, -1.1999999999999993
9331, 0.1999999999999993, -1.0
9332, 0.1999999999999993, -0.8000000000000007
9333, 0.1999999999999993, -0.6000000000000014
9334, 0.09999999999999964, -0.40000000000000213
9335, 0.09999999999999964, -0.1999999999999993
9336, 0.09999999999999964, -0.10000000000000142
9337, 0.09999999999999964, 0.09999999999999787
9338, 0.09999999999999964, 0.1999999999999993
9339, 0.09999999999999964, 0.3999999999999986
9340, 0.0, 0.5
9341, 0.0, 0.5999999999999979
9342, 0.0, 0.6999999999999993
9343, 0.09999999999999964, 0.8999999999999986
9344, 0.0, 1.0
9345, 0.0, 1.0
9346, 0.0, 1.0999999999999979
9347, 0.0, 1.3000000000000007
9348, 0.0, 1.3000000000000007
9349, 0.0, 1.3999999999999986
9350, 0.0, 1.5
9351, 0.0, 1.5
9352, 0.0, 1.6999999999999993
9353, 0.0, 1.6999999999999993
9354, 0.0, 1.8000000000000007
9355, 0.0, 1.8000000000000007
9356, 0.0, 1.8999999999999986
9357, 0.0, 2.0
9358, 0.0, 2.0
9359, 0.0, 2.0
9360, 0.0, 2.099999999999998
9361, 0.0, 2.099999999999998
9362, 0.0, 2.1999999999999993
9363, 0.0, 2.3000000000000007
9364, 0.0, 2.1999999999999993
9365, 0.0, 2.3000000000000007
9366, 0.0, 2.3999999999999986
9367, 0.0, 2.3000000000000007
9368, 0.0, 2.3999999999999986
9369, 0.0, 2.3999999999999986
9370, 0.0, 2.3999999999999986
9371, 0.0, 2.3999999999999986
9372, 0.0, 2.599999999999998
9373, 0.0, 2.5
9374, 0.0, 2.599999999999998
9375, 0.0, 2.5
9376, 0.0, 2.599999999999998
9377, 0.0, 2.5
9378, 0.0, 2.599999999999998
9379, 0.0, 2.599999999999998
9380, 0.0, 2.599999999999998
9381, 0.0, 2.599999999999998
9382, 0.0, 2.5
9383, 0.0, 2.599999999999998
9384, 0.0, 2.599999999999998
9385, 0.0, 2.5
9386, 0.0, 2.3999999999999986
9387, 0.0, 2.5
9388, 0.0, 2.3999999999999986
9389, 0.0, 2.3999999999999986
9390, 0.0, 2.3000000000000007
9391, 0.0, 2.1999999999999993
9392, 0.0, 2.099999999999998
9393, 0.0, 2.099999999999998
9394, 0.0, 2.0
9395, 0.0, 2.0
9396, 0.0, 1.8999999999999986
9397, 0.0, 1.8000000000000007
9398, 0.0, 1.8000000000000007
9399, 0.0, 1.5999999999999979
9400, 0.0, 1.5999999999999979
9401, 0.0, 1.3999999999999986
9402, 0.0, 1.3000000000000007
9403, 0.0, 1.1999999999999993
9404, 0.0, 1.0999999999999979
9405, 0.0, 0.8999999999999986
9406, 0.0, 0.8999999999999986
9407, 0.0, 0.6999999999999993
9408, 0.0, 0.5999999999999979
9409, 0.0, 0.5
9410, 0.0, 0.3000000000000007
9411, 0.0, 0.1999999999999993
9412, 0.0, 0.09999999999999787
9413, 0.0, 0.0
9414, 0.0, -0.1999999999999993
9415, 0.0, -0.3000000000000007
9416, 0.0, -0.40000000000000213
9417, 0.0, -0.6000000000000014
9418, 0.0, -0.6999999999999993
9419, 0.0, -0.8000000000000007
9420, 0.0, -1.0
9421, 0.0, -1.1000000000000014
9422, 0.0, -1.1999999999999993
9423, 0.0, -1.3000000000000007
9424, 0.0, -1.5
9425, 0.0, -1.6000000000000014
9426, 0.0, -1.6000000000000014
9427, 0.0, -1.6999999999999993
9428, 0.0, -1.9000000000000021
9429, 0.0, -1.9000000000000021
9430, 0.0, -2.1000000000000014
9431, 0.0, -2.0
9432, 0.0, -2.1999999999999993
9433, 0.0, -2.1999999999999993
9434, 0.0, -2.1999999999999993
9435, 0.0, -2.3000000000000007
9436, 0.0, -2.1999999999999993
9437, 0.0, -2.400000000000002
9438, 0.0, -2.3000000000000007
9439, 0.0, -2.3000000000000007
9440, 0.0, -2.3000000000000007
9441, 0.0, -2.400000000000002
9442, 0.0, -2.3000000000000007
9443, 0.0, -2.3000000000000007
9444, 0.0, -2.3000000000000007
9445, 0.0, -2.3000000000000007
9446, 0.09999999999999964, -2.1000000000000014
9447, 0.09999999999999964, -2.1000000000000014
9448, 0.09999999999999964, -2.0
9449, 0.09999999999999964, -2.0
9450, 0.09999999999999964, -1.8000000000000007
9451, 0.09999999999999964, -1.8000000000000007
9452, 0.09999999999999964, -1.8000000000000007
9453, 0.09999999999999964, -1.6000000000000014
9454, 0.09999999999999964, -1.5
9455, 0.09999999999999964, -1.3000000000000007
9456, 0.09999999999999964, -1.4000000000000021
9457, 0.09999999999999964, -1.1999999999999993
9458, 0.09999999999999964, -1.1000000000000014
9459, 0.09999999999999964, -0.9000000000000021
9460, 0.09999999999999964, -0.9000000000000021
9461, 0.09999999999999964, -0.8000000000000007
9462, 0.09999999999999964, -0.6000000000000014
9463, 0.09999999999999964, -0.5
9464, 0.09999999999999964, -0.5
9465, 0.09999999999999964, -0.3000000000000007
9466, 0.09999999999999964, -0.10000000000000142
9467, 0.09999999999999964, 0.0
9468, 0.09999999999999964, 0.09999999999999787
9469, 0.09999999999999964, 0.3000000000000007
9470, 0.09999999999999964, 0.3999999999999986
9471, 0.09999999999999964, 0.3999999999999986
9472, 0.09999999999999964, 0.5999999999999979
9473, 0.09999999999999964, 0.5999999999999979
9474, 0.09999999999999964, 0.8000000000000007
9475, 0.09999999999999964, 0.8999999999999986
9476, 0.09999999999999964, 1.0
9477, 0.09999999999999964, 1.0
9478, 0.09999999999999964, 1.1999999999999993
9479, 0.09999999999999964, 1.1999999999999993
9480, 0.09999999999999964, 1.3000000000000007
9481, 0.09999999999999964, 1.3000000000000007
9482, 0.09999999999999964, 1.3000000000000007
9483, 0.09999999999999964, 1.3999999999999986
9484, 0.09999999999999964, 1.5
9485, 0.09999999999999964, 1.5
9486, 0.09999999999999964, 1.5999999999999979
9487, 0.09999999999999964, 1.5
9488, 0.09999999999999964, 1.5999999999999979
9489, 0.09999999999999964, 1.5
9490, 0.09999999999999964, 1.5999999999999979
9491, 0.09999999999999964, 1.5999999999999979
9492, 0.09999999999999964, 1.6999999999999993
9493, 0.09999999999999964, 1.5999999999999979
9494, 0.09999999999999964, 1.5
9495, 0.09999999999999964, 1.5
9496, 0.09999999999999964, 1.5
9497, 0.0, 1.5
9498, 0.0, 1.3999999999999986
9499, 0.0, 1.3000000000000007
9500, 0.0, 1.3000000000000007
9501, 0.0, 1.3000000000000007
9502, 0.0, 1.1999999999999993
9503, 0.0, 1.1999999999999993
9504, 0.0, 1.0999999999999979
9505, 0.0, 1.0999999999999979
9506, 0.0, 0.8999999999999986
9507, 0.0, 0.8999999999999986
9508, 0.0, 0.8000000000000007
9509, 0.0, 0.6999999999999993
9510, 0.0, 0.6999999999999993
9511, 0.0, 0.5999999999999979
9512, 0.0, 0.5999999999999979
9513, 0.0, 0.5
9514, 0.0, 0.3999999999999986
9515, 0.0, 0.3999999999999986
9516, 0.0, 0.3000000000000007
9517, 0.0, 0.1999999999999993
9518, 0.0, 0.1999999999999993
9519, 0.0, 0.09999999999999787
9520, 0.0, 0.0
9521, 0.0, -0.1999999999999993
9522, 0.0, -0.3000000000000007
9523, 0.0, -0.3000000000000007
9524, 0.0, -0.40000000000000213
9525, 0.0, -0.5
9526, 0.0, -0.5
9527, 0.0, -0.5
9528, 0.0, -0.6000000000000014
9529, 0.0, -0.6000000000000014
9530, 0.0, -0.6999999999999993
9531, 0.0, -0.8000000000000007
9532, 0.0, -0.8000000000000007
9533, 0.0, -0.9000000000000021
9534, 0.0, -1.1000000000000014
9535, 0.0, -1.0
9536, 0.0, -1.1000000000000014
9537, 0.09999999999999964, -1.1000000000000014
9538, 0.09999999999999964, -1.3000000000000007
9539, 0.09999999999999964, -1.3000000000000007
9540, 0.09999999999999964, -1.3000000000000007
9541, 0.09999999999999964, -1.4000000000000021
9542, 0.09999999999999964, -1.4000000000000021
9543, 0.09999999999999964, -1.5
9544, 0.09999999999999964, -1.6000000000000014
9545, 0.09999999999999964, -1.6000000000000014
9546, 0.09999999999999964, -1.6000000000000014
9547, 0.09999999999999964, -1.6999999999999993
9548, 0.09999999999999964, -1.8000000000000007
9549, 0.09999999999999964, -1.6999999999999993
9550, 0.09999999999999964, -1.9000000000000021
9551, 0.09999999999999964, -1.8000000000000007
9552, 0.09999999999999964, -1.9000000000000021
9553, 0.09999999999999964, -1.9000000000000021
9554, 0.09999999999999964, -1.9000000000000021
9555, 0.09999999999999964, -1.9000000000000021
9556, 0.0, -1.9000000000000021
9557, 0.0, -1.9000000000000021
9558, 0.0, -2.0
9559, -0.09999999999999964, -2.0
9560, -0.09999999999999964, -2.0
9561, -0.09999999999999964, -2.0
9562, -0.09999999999999964, -2.0
9563, -0.09999999999999964, -2.0
9564, -0.09999999999999964, -2.0
9565, -0.09999999999999964, -2.0
9566, -0.09999999999999964, -1.9000000000000021
9567, -0.09999999999999964, -2.0
9568, -0.09999999999999964, -1.9000000000000021
9569, -0.09999999999999964, -1.9000000000000021
9570, -0.09999999999999964, -1.9000000000000021
9571, -0.09999999999999964, -2.0
9572, 0.0, -1.9000000000000021
9573, 0.0, -1.9000000000000021
9574, 0.0, -1.9000000000000021
9575, 0.0, -1.9000000000000021
9576, 0.0, -1.8000000000000007
9577, 0.0, -1.8000000000000007
9578, 0.0, -1.8000000000000007
9579, 0.0, -1.6999999999999993
9580, 0.0, -1.6000000000000014
9581, 0.0, -1.5
9582, 0.0, -1.6000000000000014
9583, 0.0, -1.5
9584, 0.0, -1.4000000000000021
9585, 0.0, -1.4000000000000021
9586, 0.0, -1.5
9587, 0.09999999999999964, -1.4000000000000021
9588, 0.09999999999999964, -1.4000000000000021
9589, 0.09999999999999964, -1.4000000000000021
9590, 0.09999999999999964, -1.1999999999999993
9591, 0.09999999999999964, -1.3000000000000007
9592, 0.09999999999999964, -1.1000000000000014
9593, 0.09999999999999964, -1.1999999999999993
9594, 0.09999999999999964, -1.1000000000000014
9595, 0.09999999999999964, -1.0
9596, 0.09999999999999964, -1.0
9597, 0.09999999999999964, -0.9000000000000021
9598, 0.09999999999999964, -0.8000000000000007
9599, 0.09999999999999964, -0.9000000000000021
9600, 0.09999999999999964, -0.8000000000000007
9601, 0.09999999999999964, -0.6000000000000014
9602, 0.09999999999999964, -0.6999999999999993
9603, 0.09999999999999964, -0.6000000000000014
9604, 0.09999999999999964, -0.5
9605, 0.09999999999999964, -0.5
9606, 0.09999999999999964, -0.5
9607, 0.09999999999999964, -0.40000000000000213
9608, 0.09999999999999964, -0.5
9609, 0.09999999999999964, -0.40000000000000213
9610, 0.09999999999999964, -0.1999999999999993
9611, 0.09999999999999964, -0.10000000000000142
9612, 0.09999999999999964, -0.1999999999999993
9613, 0.09999999999999964, -0.10000000000000142
9614, 0.09999999999999964, 0.0
9615, 0.09999999999999964, 0.09999999999999787
9616, 0.09999999999999964, 0.09999999999999787
9617, 0.09999999999999964, 0.09999999999999787
9618, 0.09999999999999964, 0.1999999999999993
9619, 0.09999999999999964, 0.3000000000000007
9620, 0.09999999999999964, 0.3000000000000007
9621, 0.09999999999999964, 0.3999999999999986
9622, 0.09999999999999964, 0.3999999999999986
9623, 0.09999999999999964, 0.5
9624, 0.09999999999999964, 0.5
9625, 0.09999999999999964, 0.5
9626, 0.09999999999999964, 0.5999999999999979
9627, 0.09999999999999964, 0.6999999999999993
9628, 0.09999999999999964, 0.6999999999999993
9629, 0.09999999999999964, 0.8000000000000007
9630, 0.09999999999999964, 0.8999999999999986
9631, 0.09999999999999964, 1.0
9632, 0.0, 0.8999999999999986
9633, 0.0, 1.0
9634, 0.0, 1.0999999999999979
9635, 0.0, 1.0999999999999979
9636, 0.0, 1.1999999999999993
9637, 0.0, 1.3000000000000007
9638, 0.0, 1.1999999999999993
9639, 0.0, 1.3000000000000007
9640, 0.0, 1.3000000000000007
9641, 0.0, 1.3000000000000007
9642, 0.0, 1.3000000000000007
9643, 0.0, 1.3999999999999986
9644, 0.0, 1.3999999999999986
9645, 0.0, 1.5
9646, 0.0, 1.5
9647, 0.0, 1.3999999999999986
9648, 0.0, 1.5
9649, 0.09999999999999964, 1.5
9650, 0.09999999999999964, 1.5
9651, 0.09999999999999964, 1.5
9652, 0.09999999999999964, 1.5
9653, 0.09999999999999964, 1.5999999999999979
9654, 0.09999999999999964, 1.5
9655, 0.09999999999999964, 1.5
9656, 0.09999999999999964, 1.5
9657, 0.09999999999999964, 1.5999999999999979
9658, 0.09999999999999964, 1.5999999999999979
9659, 0.09999999999999964, 1.5999999999999979
9660, 0.09999999999999964, 1.5
9661, 0.09999999999999964, 1.5999999999999979
9662, 0.09999999999999964, 1.5
9663, 0.09999999999999964, 1.5
9664, 0.09999999999999964, 1.5
9665, 0.09999999999999964, 1.5
9666, 0.09999999999999964, 1.3999999999999986
9667, 0.09999999999999964, 1.3999999999999986
9668, 0.0, 1.3000000000000007
9669, 0.0, 1.3000000000000007
9670, 0.0, 1.3000000000000007
9671, 0.0, 1.3000000000000007
9672, 0.0, 1.3000000000000007
9673, 0.0, 1.3000000000000007
9674, 0.0, 1.0999999999999979
9675, 0.0, 1.1999999999999993
9676, 0.0, 1.0999999999999979
9677, 0.0, 1.0999999999999979
9678, 0.0, 1.0999999999999979
9679, 0.0, 1.0
9680, 0.0, 0.8999999999999986
9681, 0.0, 1.0
9682, 0.0, 1.0
9683, 0.0, 0.8000000000000007
9684, 0.0, 0.8999999999999986
9685, 0.0, 0.8000000000000007
9686, 0.0, 0.8000000000000007
9687, 0.0, 0.8000000000000007
9688, 0.0, 0.6999999999999993
9689, 0.0, 0.6999999999999993
9690, 0.0, 0.6999999999999993
9691, 0.0, 0.6999999999999993
9692, 0.0, 0.6999999999999993
9693, 0.0, 0.6999999999999993
9694, 0.0, 0.5999999999999979
9695, 0.0, 0.5
9696, 0.0, 0.5
9697, 0.0, 0.5
9698, 0.0, 0.3999999999999986
9699, 0.0, 0.3999999999999986
9700, 0.0, 0.5
9701, 0.0, 0.3000000000000007
9702, 0.0, 0.3000000000000007
9703, 0.0, 0.3000000000000007
9704, 0.0, 0.1999999999999993
9705, 0.0, 0.1999999999999993
9706, 0.0, 0.1999999999999993
9707, 0.0, 0.09999999999999787
9708, 0.0, 0.0
9709, 0.0, 0.0
9710, 0.0, 0.0
9711, 0.0, 0.0
9712, 0.0, -0.10000000000000142
9713, 0.0, -0.10000000000000142
9714, 0.0, -0.1999999999999993
9715, 0.0, -0.10000000000000142
9716, 0.0, -0.1999999999999993
9717, 0.0, -0.1999999999999993
9718, 0.0, -0.1999999999999993
9719, 0.0, -0.1999999999999993
9720, 0.0, -0.3000000000000007
9721, 0.0, -0.1999999999999993
9722, 0.0, -0.1999999999999993
9723, 0.0, -0.3000000000000007
9724, 0.0, -0.40000000000000213
9725, 0.0, -0.40000000000000213
9726, 0.0, -0.40000000000000213
9727, 0.0, -0.5
9728, 0.0, -0.5
9729, 0.0, -0.5
9730, 0.0, -0.5
9731, 0.0, -0.5
9732, 0.0, -0.6000000000000014
9733, 0.0, -0.6000000000000014
9734, 0.0, -0.6000000000000014
9735, 0.0, -0.6000000000000014
9736, 0.0, -0.5
9737, 0.0, -0.5
9738, 0.0, -0.6000000000000014
9739, 0.0, -0.6000000000000014
9740, 0.0, -0.6000000000000014
9741, 0.0, -0.5
9742, 0.0, -0.5
9743, 0.0, -0.5
9744, 0.0, -0.5
9745, 0.0, -0.5
9746, 0.0, -0.5
9747, 0.0, -0.40000000000000213
9748, 0.0, -0.5
9749, 0.0, -0.40000000000000213
9750, 0.0, -0.40000000000000213
9751, 0.0, -0.5
9752, 0.0, -0.40000000000000213
9753, 0.0, -0.40000000000000213
9754, 0.0, -0.40000000000000213
9755, 0.0, -0.3000000000000007
9756, 0.09999999999999964, -0.3000000000000007
9757, 0.09999999999999964, -0.3000000000000007
9758, 0.09999999999999964, -0.3000000000000007
9759, 0.09999999999999964, -0.3000000000000007
9760, 0.09999999999999964, -0.3000000000000007
9761, 0.09999999999999964, -0.1999999999999993
9762, 0.09999999999999964, -0.3000000000000007
9763, 0.09999999999999964, -0.1999999999999993
9764, 0.09999999999999964, -0.1999999999999993
9765, 0.09999999999999964, -0.10000000000000142
9766, 0.0, 0.0
9767, 0.0, -0.10000000000000142
9768, 0.0, 0.0
9769, 0.0, 0.09999999999999787
9770, 0.0, 0.0
9771, 0.0, 0.09999999999999787
9772, 0.0, 0.0
9773, 0.0, 0.09999999999999787
9774, 0.09999999999999964, 0.09999999999999787
9775, 0.09999999999999964, 0.09999999999999787
9776, 0.09999999999999964, 0.1999999999999993
9777, 0.09999999999999964, 0.1999999999999993
9778, 0.09999999999999964, 0.1999999999999993
9779, 0.09999999999999964, 0.1999999999999993
9780, 0.09999999999999964, 0.1999999999999993
9781, 0.09999999999999964, 0.1999999999999993
9782, 0.09999999999999964, 0.3000000000000007
9783, 0.09999999999999964, 0.1999999999999993
9784, 0.09999999999999964, 0.3000000000000007
9785, 0.09999999999999964, 0.3000000000000007
9786, 0.09999999999999964, 0.3000000000000007
9787, 0.09999999999999964, 0.3000000000000007
9788, 0.09999999999999964, 0.3999999999999986
9789, 0.09999999999999964, 0.3000000000000007
9790, 0.09999999999999964, 0.3000000000000007
9791, 0.09999999999999964, 0.3000000000000007
9792, 0.09999999999999964, 0.3000000000000007
9793, 0.09999999999999964, 0.3999999999999986
9794, 0.09999999999999964, 0.3999999999999986
9795, 0.09999999999999964, 0.3999999999999986
9796, 0.0, 0.3999999999999986
9797, 0.0, 0.3999999999999986
9798, 0.0, 0.3000000000000007
9799, 0.0, 0.3999999999999986
9800, 0.0, 0.3000000000000007
9801, 0.0, 0.3999999999999986
9802, 0.0, 0.5
9803, 0.0, 0.3999999999999986
9804, 0.0, 0.3999999999999986
9805, 0.0, 0.3000000000000007
9806, 0.0, 0.3999999999999986
9807, 0.0, 0.5
9808, 0.0, 0.3999999999999986
9809, 0.0, 0.3999999999999986
9810, 0.09999999999999964, 0.5
9811, 0.09999999999999964, 0.3999999999999986
9812, 0.09999999999999964, 0.5
9813, 0.0, 0.3999999999999986
9814, 0.0, 0.3999999999999986
9815, 0.09999999999999964, 0.5
9816, 0.09999999999999964, 0.3999999999999986
9817, 0.09999999999999964, 0.5
9818, 0.09999999999999964, 0.5
9819, 0.09999999999999964, 0.3999999999999986
9820, 0.09999999999999964, 0.5
9821, 0.09999999999999964, 0.3999999999999986
9822, 0.09999999999999964, 0.3999999999999986
9823, 0.09999999999999964, 0.5
9824, 0.09999999999999964, 0.5
9825, 0.09999999999999964, 0.3999999999999986
9826, 0.09999999999999964, 0.3999999999999986
9827, 0.09999999999999964, 0.5
9828, 0.09999999999999964, 0.3999999999999986
9829, 0.09999999999999964, 0.3999999999999986
9830, 0.09999999999999964, 0.3999999999999986
9831, 0.09999999999999964, 0.3999999999999986
9832, 0.09999999999999964, 0.3999999999999986
9833, 0.0, 0.3999999999999986
9834, 0.0, 0.3000000000000007
9835, 0.0, 0.3999999999999986
9836, 0.0, 0.3999999999999986
9837, 0.0, 0.3999999999999986
9838, 0.0, 0.3000000000000007
9839, 0.0, 0.3000000000000007
9840, 0.0, 0.3000000000000007
9841, 0.0, 0.3000000000000007
9842, 0.0, 0.3000000000000007
9843, 0.0, 0.3000000000000007
9844, 0.0, 0.3999999999999986
9845, 0.0, 0.3999999999999986
9846, 0.0, 0.1999999999999993
9847, 0.0, 0.3000000000000007
9848, 0.0, 0.3000000000000007
9849, 0.0, 0.1999999999999993
9850, 0.0, 0.1999999999999993
9851, 0.0, 0.1999999999999993
9852, 0.0, 0.3000000000000007
9853, 0.0, 0.09999999999999787
9854, 0.0, 0.1999999999999993
9855, 0.0, 0.1999999999999993
9856, 0.0, 0.09999999999999787
9857, 0.0, 0.09999999999999787
9858, 0.0, 0.1999999999999993
9859, 0.0, 0.09999999999999787
9860, 0.0, 0.09999999999999787
9861, 0.0, 0.0
9862, 0.0, 0.09999999999999787
9863, 0.0, 0.09999999999999787
9864, 0.0, 0.0
9865, 0.0, 0.0
9866, 0.0, 0.09999999999999787
9867, 0.0, 0.0
9868, 0.0, 0.0
9869, 0.0, 0.0
9870, 0.0, 0.0
9871, 0.0, 0.0
9872, 0.0, -0.10000000000000142
9873, 0.0, -0.10000000000000142
9874, 0.0, 0.0
9875, 0.0, -0.10000000000000142
9876, 0.0, 0.0
9877, 0.0, -0.10000000000000142
9878, 0.0, -0.10000000000000142
9879, 0.0, -0.10000000000000142
9880, 0.0, -0.10000000000000142
9881, 0.0, -0.10000000000000142
9882, 0.0, 0.0
9883, 0.0, -0.1999999999999993
9884, 0.0, -0.10000000000000142
9885, 0.0, -0.1999999999999993
9886, 0.0, -0.10000000000000142
9887, 0.0, -0.10000000000000142
9888, 0.0, -0.1999999999999993
9889, 0.09999999999999964, -0.10000000000000142
9890, 0.09999999999999964, -0.1999999999999993
9891, 0.09999999999999964, -0.10000000000000142
9892, 0.09999999999999964, -0.10000000000000142
9893, 0.09999999999999964, -0.10000000000000142
9894, 0.09999999999999964, -0.10000000000000142
9895, 0.09999999999999964, -0.10000000000000142
9896, 0.09999999999999964, -0.10000000000000142
9897, 0.09999999999999964, -0.10000000000000142
9898, 0.09999999999999964, -0.10000000000000142
9899, 0.09999999999999964, -0.10000000000000142
9900, 0.09999999999999964, -0.10000000000000142
9901, 0.09999999999999964, 0.0
9902, 0.09999999999999964, -0.10000000000000142
9903, 0.09999999999999964, 0.0
9904, 0.09999999999999964, 0.0
9905, 0.09999999999999964, -0.10000000000000142
9906, 0.09999999999999964, 0.0
9907, 0.0, -0.10000000000000142
9908, -0.09999999999999964, 0.0
9909, -0.09999999999999964, -0.10000000000000142
9910, -0.09999999999999964, 0.0
9911, -0.09999999999999964, -0.10000000000000142
9912, -0.09999999999999964, 0.0
9913, -0.09999999999999964, 0.0
9914, -0.09999999999999964, 0.0
9915, -0.09999999999999964, 0.0
9916, -0.09999999999999964, -0.10000000000000142
9917, -0.09999999999999964, -0.10000000000000142
9918, -0.09999999999999964, -0.10000000000000142
9919, -0.09999999999999964, -0.10000000000000142
9920, -0.09999999999999964, -0.10000000000000142
9921, -0.09999999999999964, -0.10000000000000142
9922, -0.09999999999999964, -0.1999999999999993
9923, -0.09999999999999964, -0.10000000000000142
9924, -0.09999999999999964, -0.10000000000000142
9925, -0.09999999999999964, -0.10000000000000142
9926, -0.09999999999999964, -0.10000000000000142
9927, -0.09999999999999964, -0.1999999999999993
9928, -0.09999999999999964, -0.1999999999999993
9929, 0.0, -0.1999999999999993
9930, 0.0, -0.1999999999999993
9931, 0.0, -0.3000000000000007
9932, 0.0, -0.1999999999999993
9933, 0.0, -0.3000000000000007
9934, 0.0, -0.40000000000000213
9935, 0.0, -0.3000000000000007
9936, 0.0, -0.3000000000000007
9937, 0.0, -0.40000000000000213
9938, 0.0, -0.40000000000000213
9939, 0.0, -0.5
9940, 0.0, -0.5
9941, 0.0, -0.5
9942, 0.0, -0.40000000000000213
9943, 0.0, -0.5
9944, 0.0, -0.5
9945, 0.0, -0.6000000000000014
9946, 0.0, -0.6000000000000014
9947, 0.0, -0.5
9948, 0.0, -0.6999999999999993
9949, 0.0, -0.6999999999999993
9950, 0.0, -0.6999999999999993
9951, 0.0, -0.6999999999999993
9952, 0.0, -0.6999999999999993
9953, 0.0, -0.8000000000000007
9954, 0.0, -0.9000000000000021
9955, 0.0, -0.9000000000000021
9956, 0.0, -0.9000000000000021
9957, 0.0, -0.9000000000000021
9958, 0.0, -0.9000000000000021
9959, 0.0, -1.0
9960, 0.0, -1.0
9961, 0.0, -1.0
9962, 0.0, -1.0
9963, 0.0, -1.0
9964, 0.0, -1.0
9965, 0.0, -1.0
9966, 0.0, -1.0
9967, 0.0, -1.0
9968, 0.0, -1.0
9969, 0.0, -0.9000000000000021
9970, 0.0, -0.9000000000000021
9971, 0.0, -0.9000000000000021
9972, 0.0, -0.9000000000000021
9973, 0.0, -0.9000000000000021
9974, 0.0, -0.9000000000000021
9975, 0.0, -0.9000000000000021
9976, 0.0, -0.8000000000000007
9977, 0.0, -0.9000000000000021
9978, 0.0, -0.8000000000000007
9979, 0.0, -0.8000000000000007
9980, 0.0, -0.6000000000000014
9981, 0.0, -0.6000000000000014
9982, 0.0, -0.5
9983, 0.0, -0.5
9984, 0.0, -0.40000000000000213
9985, 0.0, -0.40000000000000213
9986, 0.0, -0.40000000000000213
9987, 0.0, -0.3000000000000007
9988, 0.0, -0.1999999999999993
9989, 0.0, -0.10000000000000142
9990, 0.0, -0.10000000000000142
9991, 0.0, 0.0
9992, 0.0, 0.0
9993, 0.0, 0.09999999999999787
9994, 0.0, 0.09999999999999787
9995, 0.0, 0.09999999999999787
9996, 0.0, 0.1999999999999993
9997, 0.0, 0.3000000000000007
9998, 0.0, 0.3000000000000007
9999, 0.0, 0.3999999999999986
10000, 0.0, 0.3999999999999986
10001, 0.0, 0.5
10002, 0.0, 0.5
10003, 0.0, 0.5
10004, 0.0, 0.5999999999999979
10005, 0.0, 0.5999999999999979
10006, 0.0, 0.5999999999999979
10007, 0.0, 0.5999999999999979
10008, 0.0, 0.5999999999999979
10009, 0.0, 0.5999999999999979
10010, 0.0, 0.6999999999999993
10011, 0.0, 0.6999999999999993
10012, 0.0, 0.5999999999999979
10013, 0.0, 0.5999999999999979
10014, 0.0, 0.5999999999999979
10015, 0.0, 0.5999999999999979
10016, 0.0, 0.5999999999999979
10017, 0.0, 0.5
10018, 0.0, 0.5
10019, 0.0, 0.5
10020, 0.0, 0.5
10021, 0.0, 0.5
10022, 0.0, 0.3999999999999986
10023, 0.0, 0.3999999999999986
10024, 0.0, 0.1999999999999993
10025, 0.0, 0.1999999999999993
10026, 0.0, 0.09999999999999787
10027, 0.0, 0.09999999999999787
10028, 0.0, 0.0
10029, 0.0, -0.10000000000000142
10030, 0.0, -0.10000000000000142
10031, 0.0, -0.1999999999999993
10032, 0.0, -0.3000000000000007
10033, 0.0, -0.40000000000000213
10034, 0.0, -0.40000000000000213
10035, 0.0, -0.40000000000000213
10036, 0.0, -0.40000000000000213
10037, 0.0, -0.5
10038, 0.0, -0.5
10039, 0.0, -0.6000000000000014
10040, 0.0, -0.6000000000000014
10041, 0.0, -0.8000000000000007
10042, 0.0, -0.8000000000000007
10043, 0.0, -0.6999999999999993
10044, 0.0, -0.6999999999999993
10045, 0.0, -0.9000000000000021
10046, 0.0, -0.8000000000000007
10047, 0.0, -0.9000000000000021
10048, 0.0, -0.9000000000000021
10049, 0.0, -0.8000000000000007
10050, 0.0, -1.0
10051, 0.0, -0.9000000000000021
10052, 0.0, -0.9000000000000021
10053, -0.09999999999999964, -1.0
10054, -0.09999999999999964, -0.9000000000000021
10055, -0.09999999999999964, -0.9000000000000021
10056, -0.09999999999999964, -0.8000000000000007
10057, -0.09999999999999964, -0.9000000000000021
10058, -0.09999999999999964, -0.9000000000000021
10059, -0.09999999999999964, -0.9000000000000021
10060, -0.09999999999999964, -0.8000000000000007
10061, -0.09999999999999964, -0.6999999999999993
10062, -0.09999999999999964, -0.6999999999999993
10063, -0.09999999999999964, -0.6999999999999993
10064, -0.09999999999999964, -0.6000000000000014
10065, -0.09999999999999964, -0.5
10066, -0.09999999999999964, -0.6000000000000014
10067, 0.0, -0.5
10068, 0.0, -0.40000000000000213
10069, 0.0, -0.40000000000000213
10070, 0.0, -0.40000000000000213
10071, 0.0, -0.40000000000000213
10072, 0.0, -0.40000000000000213
10073, 0.0, -0.3000000000000007
10074, 0.0, -0.3000000000000007
10075, 0.0, -0.10000000000000142
10076, 0.0, -0.1999999999999993
10077, 0.0, -0.10000000000000142
10078, 0.0, -0.10000000000000142
10079, 0.0, -0.10000000000000142
10080, 0.0, 0.0
10081, 0.0, 0.0
10082, 0.0, 0.0
10083, 0.0, 0.0
10084, 0.0, 0.09999999999999787
10085, 0.0, 0.09999999999999787
10086, 0.0, 0.09999999999999787
10087, 0.0, 0.09999999999999787
10088, 0.0, 0.09999999999999787
10089, 0.0, 0.09999999999999787
10090, 0.0, 0.09999999999999787
10091, 0.0, 0.09999999999999787
10092, 0.0, 0.0
10093, 0.0, 0.0
10094, 0.0, 0.0
10095, 0.0, -0.10000000000000142
10096, 0.0, 0.0
10097, 0.0, -0.10000000000000142
10098, 0.0, -0.10000000000000142
10099, 0.0, -0.10000000000000142
10100, 0.0, -0.10000000000000142
10101, 0.0, -0.1999999999999993
10102, 0.0, -0.1999999999999993
10103, 0.09999999999999964, -0.1999999999999993
10104, 0.09999999999999964, -0.1999999999999993
10105, 0.09999999999999964, -0.3000000000000007
10106, 0.09999999999999964, -0.3000000000000007
10107, 0.09999999999999964, -0.3000000000000007
10108, 0.09999999999999964, -0.3000000000000007
10109, 0.09999999999999964, -0.3000000000000007
10110, 0.09999999999999964, -0.3000000000000007
10111, 0.09999999999999964, -0.40000000000000213
10112, 0.09999999999999964, -0.5
10113, 0.0, -0.5
10114, 0.0, -0.5
10115, 0.0, -0.5
10116, 0.0, -0.5
10117, 0.0, -0.6000000000000014
10118, 0.0, -0.6000000000000014
10119, 0.0, -0.6000000000000014
10120, 0.0, -0.6000000000000014
10121, 0.0, -0.6000000000000014
10122, 0.0, -0.6000000000000014
10123, 0.0, -0.6999999999999993
10124, 0.0, -0.6999999999999993
10125, 0.0, -0.6000000000000014
10126, 0.0, -0.6000000000000014
10127, 0.0, -0.6000000000000014
10128, 0.0, -0.6000000000000014
10129, 0.0, -0.6999999999999993
10130, 0.0, -0.6000000000000014
10131, 0.0, -0.6000000000000014
10132, 0.0, -0.5
10133, 0.0, -0.6000000000000014
10134, 0.0, -0.5
10135, 0.0, -0.5
10136, 0.0, -0.40000000000000213
10137, 0.0, -0.5
10138, 0.0, -0.40000000000000213
10139, 0.0, -0.40000000000000213
10140, 0.0, -0.40000000000000213
10141, 0.0, -0.40000000000000213
10142, 0.0, -0.3000000000000007
10143, 0.0, -0.1999999999999993
10144, 0.0, -0.1999999999999993
10145, 0.0, -0.1999999999999993
10146, 0.0, -0.1999999999999993
10147, 0.0, -0.10000000000000142
10148, 0.0, -0.10000000000000142
10149, 0.0, -0.10000000000000142
10150, 0.0, -0.10000000000000142
10151, 0.0, 0.0
10152, 0.0, -0.10000000000000142
10153, 0.0, -0.10000000000000142
10154, 0.0, 0.0
10155, 0.0, -0.10000000000000142
10156, 0.0, -0.10000000000000142
10157, 0.0, 0.0
10158, 0.0, 0.0
10159, 0.0, 0.0
10160, 0.0, -0.10000000000000142
10161, 0.0, -0.10000000000000142
10162, 0.0, 0.0
10163, 0.0, -0.10000000000000142
10164, 0.0, 0.0
10165, 0.0, -0.10000000000000142
10166, 0.0, 0.0
10167, 0.0, -0.10000000000000142
10168, 0.0, -0.10000000000000142
10169, 0.0, 0.0
10170, 0.0, 0.0
10171, 0.0, -0.10000000000000142
10172, 0.0, 0.0
10173, 0.0, 0.0
10174, 0.0, 0.0
10175, 0.0, 0.0
10176, 0.0, -0.10000000000000142
10177, 0.0, -0.10000000000000142
10178, 0.0, -0.10000000000000142
10179, 0.0, 0.0
10180, 0.0, -0.10000000000000142
10181, 0.0, -0.10000000000000142
10182, 0.0, -0.10000000000000142
10183, 0.0, -0.10000000000000142
10184, 0.0, -0.10000000000000142
10185, 0.0, -0.10000000000000142
10186, 0.0, -0.10000000000000142
10187, 0.0, -0.10000000000000142
10188, 0.0, -0.10000000000000142
10189, 0.0, -0.1999999999999993
10190, 0.0, -0.10000000000000142
10191, 0.0, -0.10000000000000142
10192, 0.0, -0.10000000000000142
10193, 0.0, -0.10000000000000142
10194, 0.0, -0.1999999999999993
10195, 0.0, -0.10000000000000142
10196, 0.0, -0.10000000000000142
10197, 0.0, -0.10000000000000142
10198, 0.0, -0.10000000000000142
10199, 0.0, -0.10000000000000142
10200, 0.0, -0.10000000000000142
10201, 0.0, -0.10000000000000142
10202, 0.0, -0.1999999999999993
10203, 0.0, -0.10000000000000142
10204, 0.0, -0.10000000000000142
10205, 0.0, -0.10000000000000142
10206, 0.0, -0.10000000000000142
10207, 0.0, -0.10000000000000142
10208, 0.0, -0.1999999999999993
10209, 0.0, -0.1999999999999993
10210, 0.0, -0.1999999999999993
10211, 0.09999999999999964, -0.1999999999999993
10212, 0.0, -0.1999999999999993
10213, 0.0, -0.1999999999999993
10214, 0.0, -0.1999999999999993
10215, 0.0, -0.1999999999999993
10216, 0.0, -0.10000000000000142
10217, 0.0, -0.10000000000000142
10218, 0.0, 0.0
10219, 0.0, 0.0
10220, 0.0, 0.0
10221, 0.0, 0.0
10222, 0.0, 0.0
10223, 0.0, -0.10000000000000142
10224, 0.0, -0.10000000000000142
10225, 0.0, 0.0
10226, 0.0, 0.0
10227, 0.0, 0.0
10228, 0.0, -0.10000000000000142
10229, 0.0, -0.10000000000000142
10230, 0.0, 0.0
10231, 0.0, -0.10000000000000142
10232, 0.0, -0.10000000000000142
10233, 0.0, 0.0
10234, 0.0, -0.10000000000000142
10235, 0.0, -0.10000000000000142
10236, 0.0, 0.0
10237, 0.0, -0.10000000000000142
10238, 0.0, -0.10000000000000142
10239, 0.09999999999999964, -0.10000000000000142
10240, 0.09999999999999964, -0.10000000000000142
10241, 0.09999999999999964, -0.10000000000000142
10242, 0.09999999999999964, -0.10000000000000142
10243, 0.0, -0.10000000000000142
10244, 0.0, -0.10000000000000142
10245, 0.0, -0.10000000000000142
10246, 0.0, -0.10000000000000142
10247, 0.0, -0.10000000000000142
10248, 0.0, -0.10000000000000142
10249, 0.0, -0.10000000000000142
10250, 0.0, -0.10000000000000142
10251, 0.0, -0.10000000000000142
10252, 0.0, -0.10000000000000142
10253, 0.0, 0.0
10254, 0.0, -0.1999999999999993
10255, 0.0, -0.10000000000000142
10256, 0.0, -0.10000000000000142
10257, 0.0, -0.10000000000000142
10258, 0.0, 0.0
10259, 0.0, -0.1999999999999993
10260, 0.0, -0.10000000000000142
10261, 0.0, -0.10000000000000142
10262, 0.0, -0.10000000000000142
10263, 0.0, -0.10000000000000142
10264, 0.0, -0.10000000000000142
10265, 0.0, -0.1999999999999993
10266, 0.0, -0.10000000000000142
10267, 0.0, 0.0
10268, 0.0, 0.0
10269, 0.0, -0.1999999999999993
10270, 0.0, -0.10000000000000142
10271, 0.0, -0.10000000000000142
10272, 0.0, 0.0
10273, 0.0, -0.10000000000000142
10274, 0.0, -0.10000000000000142
10275, 0.0, -0.10000000000000142
10276, 0.0, 0.0
10277, 0.0, 0.0
10278, 0.0, 0.0
10279, 0.0, -0.10000000000000142
10280, 0.0, -0.10000000000000142
10281, 0.0, -0.10000000000000142
10282, 0.0, 0.0
10283, 0.0, -0.10000000000000142
10284, 0.0, -0.10000000000000142
10285, 0.0, 0.0
10286, 0.0, 0.0
10287, 0.0, -0.1999999999999993
10288, 0.0, -0.10000000000000142
10289, 0.0, -0.10000000000000142
10290, 0.0, -0.10000000000000142
10291, 0.0, 0.0
10292, 0.0, -0.10000000000000142
10293, 0.0, -0.10000000000000142
10294, 0.0, -0.10000000000000142
10295, 0.0, -0.10000000000000142
10296, 0.0, -0.10000000000000142
10297, 0.0, -0.10000000000000142
10298, 0.0, -0.10000000000000142
10299, 0.0, -0.10000000000000142
10300, 0.0, -0.10000000000000142
10301, 0.0, -0.10000000000000142
10302, 0.0, -0.10000000000000142
10303, 0.0, -0.10000000000000142
10304, 0.0, -0.1999999999999993
10305, 0.0, -0.1999999999999993
10306, 0.0, -0.1999999999999993
10307, 0.0, -0.1999999999999993
10308, 0.0, -0.10000000000000142
10309, 0.0, -0.1999999999999993
10310, 0.0, -0.1999999999999993
10311, 0.0, -0.1999999999999993
10312, 0.0, -0.10000000000000142
10313, 0.0, -0.1999999999999993
10314, 0.0, -0.1999999999999993
10315, 0.0, -0.1999999999999993
10316, 0.0, -0.1999999999999993
10317, 0.0, -0.1999999999999993
10318, 0.0, -0.1999999999999993
10319, 0.0, -0.3000000000000007
10320, 0.0, -0.3000000000000007
10321, 0.0, -0.3000000000000007
10322, 0.0, -0.3000000000000007
10323, 0.0, -0.3000000000000007
10324, 0.0, -0.3000000000000007
10325, 0.0, -0.3000000000000007
10326, 0.0, -0.3000000000000007
10327, 0.0, -0.40000000000000213
10328, 0.0, -0.40000000000000213
10329, 0.0, -0.40000000000000213
10330, 0.0, -0.3000000000000007
10331, 0.0, -0.40000000000000213
10332, 0.0, -0.3000000000000007
10333, 0.0, -0.3000000000000007
10334, 0.0, -0.40000000000000213
10335, -0.09999999999999964, -0.40000000000000213
10336, -0.09999999999999964, -0.40000000000000213
10337, -0.09999999999999964, -0.40000000000000213
10338, -0.09999999999999964, -0.3000000000000007
10339, 0.0, -0.3000000000000007
10340, -0.09999999999999964, -0.40000000000000213
10341, -0.09999999999999964, -0.40000000000000213
10342, -0.09999999999999964, -0.40000000000000213
10343, 0.0, -0.40000000000000213
10344, 0.0, -0.40000000000000213
10345, 0.0, -0.40000000000000213
10346, 0.0, -0.1999999999999993
10347, 0.0, -0.3000000000000007
10348, 0.0, -0.1999999999999993
10349, 0.0, -0.3000000000000007
10350, 0.0, -0.1999999999999993
10351, 0.0, -0.1999999999999993
10352, 0.0, -0.1999999999999993
10353, 0.0, -0.10000000000000142
10354, 0.0, -0.10000000000000142
10355, 0.0, -0.10000000000000142
10356, 0.0, -0.10000000000000142
10357, 0.0, -0.10000000000000142
10358, 0.0, -0.10000000000000142
10359, 0.0, 0.0
10360, 0.0, 0.0
10361, 0.0, 0.0
10362, 0.0, 0.09999999999999787
10363, 0.0, 0.0
10364, 0.0, 0.09999999999999787
10365, 0.0, 0.0
10366, 0.0, 0.0
10367, 0.0, 0.09999999999999787
10368, 0.0, 0.09999999999999787
10369, 0.0, 0.09999999999999787
10370, 0.0, 0.0
10371, 0.0, 0.0
10372, 0.0, 0.09999999999999787
10373, 0.0, 0.09999999999999787
10374, -0.09999999999999964, 0.09999999999999787
10375, -0.09999999999999964, 0.09999999999999787
10376, -0.09999999999999964, 0.0
10377, -0.09999999999999964, 0.0
10378, -0.09999999999999964, 0.0
10379, -0.09999999999999964, -0.10000000000000142
10380, -0.09999999999999964, 0.0
10381, -0.09999999999999964, -0.10000000000000142
10382, -0.09999999999999964, 0.0
10383, -0.09999999999999964, -0.1999999999999993
10384, -0.09999999999999964, -0.1999999999999993
10385, 0.0, -0.1999999999999993
10386, 0.0, -0.1999999999999993
10387, 0.0, -0.3000000000000007
10388, 0.0, -0.3000000000000007
10389, 0.0, -0.40000000000000213
10390, 0.0, -0.40000000000000213
10391, 0.0, -0.5
10392, 0.0, -0.5
10393, 0.0, -0.5
10394, 0.0, -0.40000000000000213
10395, 0.0, -0.5
10396, 0.0, -0.5
10397, 0.0, -0.5
10398, 0.0, -0.5
10399, 0.0, -0.5
10400, -0.09999999999999964, -0.6000000000000014
10401, -0.09999999999999964, -0.5
10402, -0.09999999999999964, -0.6000000000000014
10403, -0.09999999999999964, -0.6000000000000014
10404, -0.09999999999999964, -0.6000000000000014
10405, -0.09999999999999964, -0.6999999999999993
10406, -0.09999999999999964, -0.6000000000000014
10407, -0.09999999999999964, -0.6000000000000014
10408, -0.09999999999999964, -0.6000000000000014
10409, 0.0, -0.6000000000000014
10410, 0.0, -0.6000000000000014
10411, 0.0, -0.6000000000000014
10412, 0.0, -0.6000000000000014
10413, 0.0, -0.6000000000000014
10414, 0.0, -0.6000000000000014
10415, 0.0, -0.5
10416, 0.0, -0.6000000000000014
10417, 0.0, -0.5
10418, 0.0, -0.40000000000000213
10419, 0.0, -0.40000000000000213
10420, 0.0, -0.3000000000000007
10421, 0.0, -0.3000000000000007
10422, 0.0, -0.1999999999999993
10423, 0.0, -0.1999999999999993
10424, 0.0, -0.1999999999999993
10425, 0.0, -0.10000000000000142
10426, 0.0, -0.10000000000000142
10427, 0.0, -0.10000000000000142
10428, 0.0, -0.10000000000000142
10429, -0.09999999999999964, 0.0
10430, -0.09999999999999964, 0.09999999999999787
10431, -0.09999999999999964, 0.09999999999999787
10432, -0.09999999999999964, 0.09999999999999787
10433, -0.09999999999999964, 0.1999999999999993
10434, -0.09999999999999964, 0.1999999999999993
10435, -0.09999999999999964, 0.1999999999999993
10436, -0.09999999999999964, 0.1999999999999993
10437, -0.09999999999999964, 0.3999999999999986
10438, -0.09999999999999964, 0.3000000000000007
10439, -0.09999999999999964, 0.3999999999999986
10440, -0.20000000000000018, 0.3999999999999986
10441, -0.20000000000000018, 0.3000000000000007
10442, -0.20000000000000018, 0.5
10443, -0.20000000000000018, 0.3999999999999986
10444, -0.20000000000000018, 0.5
10445, -0.20000000000000018, 0.3999999999999986
10446, -0.20000000000000018, 0.5
10447, -0.20000000000000018, 0.5
10448, -0.20000000000000018, 0.5
10449, -0.20000000000000018, 0.3999999999999986
10450, -0.20000000000000018, 0.5999999999999979
10451, -0.20000000000000018, 0.5
10452, -0.20000000000000018, 0.3999999999999986
10453, -0.20000000000000018, 0.3999999999999986
10454, -0.20000000000000018, 0.5
10455, -0.09999999999999964, 0.5
10456, -0.09999999999999964, 0.3999999999999986
10457, -0.09999999999999964, 0.3999999999999986
10458, -0.09999999999999964, 0.3999999999999986
10459, -0.09999999999999964, 0.3000000000000007
10460, -0.09999999999999964, 0.3000000000000007
10461, -0.09999999999999964, 0.3000000000000007
10462, -0.09999999999999964, 0.3000000000000007
10463, -0.09999999999999964, 0.3000000000000007
10464, -0.09999999999999964, 0.1999999999999993
10465, -0.09999999999999964, 0.3000000000000007
10466, -0.09999999999999964, 0.1999999999999993
10467, -0.09999999999999964, 0.09999999999999787
10468, -0.09999999999999964, 0.09999999999999787
10469, -0.09999999999999964, 0.09999999999999787
10470, -0.09999999999999964, 0.09999999999999787
10471, -0.09999999999999964, 0.09999999999999787
10472, -0.09999999999999964, 0.09999999999999787
10473, -0.09999999999999964, 0.09999999999999787
10474, -0.09999999999999964, 0.0
10475, -0.09999999999999964, 0.0
10476, -0.09999999999999964, -0.10000000000000142
10477, -0.09999999999999964, -0.10000000000000142
10478, -0.09999999999999964, -0.10000000000000142
10479, -0.09999999999999964, -0.1999999999999993
10480, -0.09999999999999964, -0.10000000000000142
10481, -0.09999999999999964, -0.1999999999999993
10482, 0.0, -0.10000000000000142
10483, 0.0, -0.3000000000000007
10484, 0.0, -0.1999999999999993
10485, 0.0, -0.3000000000000007
10486, 0.0, -0.1999999999999993
10487, 0.0, -0.1999999999999993
10488, -0.09999999999999964, -0.3000000000000007
10489, -0.09999999999999964, -0.3000000000000007
10490, -0.09999999999999964, -0.1999999999999993
10491, -0.09999999999999964, -0.3000000000000007
10492, -0.09999999999999964, -0.3000000000000007
10493, -0.09999999999999964, -0.3000000000000007
10494, -0.09999999999999964, -0.1999999999999993
10495, -0.09999999999999964, -0.40000000000000213
10496, -0.09999999999999964, -0.3000000000000007
10497, -0.09999999999999964, -0.1999999999999993
10498, -0.09999999999999964, -0.3000000000000007
10499, -0.09999999999999964, -0.1999999999999993
10500, -0.09999999999999964, -0.1999999999999993
10501, -0.09999999999999964, -0.1999999999999993
10502, -0.20000000000000018, -0.10000000000000142
10503, -0.20000000000000018, -0.10000000000000142
10504, -0.20000000000000018, -0.10000000000000142
10505, -0.20000000000000018, 0.0
10506, -0.20000000000000018, 0.0
10507, -0.09999999999999964, 0.0
10508, -0.09999999999999964, 0.0
10509, -0.09999999999999964, 0.0
10510, -0.09999999999999964, 0.0
10511, -0.09999999999999964, 0.0
10512, -0.09999999999999964, 0.0
10513, -0.09999999999999964, 0.09999999999999787
10514, -0.09999999999999964, 0.09999999999999787
10515, -0.09999999999999964, 0.09999999999999787
10516, -0.09999999999999964, 0.1999999999999993
10517, -0.09999999999999964, 0.1999999999999993
10518, -0.09999999999999964, 0.1999999999999993
10519, -0.09999999999999964, 0.3000000000000007
10520, -0.09999999999999964, 0.3000000000000007
10521, -0.09999999999999964, 0.1999999999999993
10522, -0.09999999999999964, 0.3000000000000007
10523, -0.09999999999999964, 0.3000000000000007
10524, -0.09999999999999964, 0.3999999999999986
10525, -0.09999999999999964, 0.1999999999999993
10526, -0.09999999999999964, 0.3000000000000007
10527, -0.09999999999999964, 0.3999999999999986
10528, -0.09999999999999964, 0.3999999999999986
10529, -0.09999999999999964, 0.3000000000000007
10530, -0.09999999999999964, 0.3000000000000007
10531, -0.09999999999999964, 0.3999999999999986
10532, -0.09999999999999964, 0.3000000000000007
10533, -0.09999999999999964, 0.3000000000000007
10534, -0.09999999999999964, 0.3000000000000007
10535, -0.09999999999999964, 0.3999999999999986
10536, -0.09999999999999964, 0.3000000000000007
10537, -0.09999999999999964, 0.3000000000000007
10538, -0.09999999999999964, 0.3999999999999986
10539, -0.09999999999999964, 0.1999999999999993
10540, -0.09999999999999964, 0.3000000000000007
10541, -0.09999999999999964, 0.1999999999999993
10542, -0.09999999999999964, 0.3000000000000007
10543, -0.09999999999999964, 0.1999999999999993
10544, -0.09999999999999964, 0.1999999999999993
10545, -0.09999999999999964, 0.3000000000000007
10546, -0.09999999999999964, 0.1999999999999993
10547, -0.09999999999999964, 0.09999999999999787
10548, -0.09999999999999964, 0.1999999999999993
10549, -0.09999999999999964, 0.09999999999999787
10550, -0.09999999999999964, 0.1999999999999993
10551, -0.09999999999999964, 0.1999999999999993
10552, -0.09999999999999964, 0.1999999999999993
10553, -0.09999999999999964, 0.09999999999999787
10554, -0.09999999999999964, 0.09999999999999787
10555, -0.09999999999999964, 0.09999999999999787
10556, -0.09999999999999964, 0.09999999999999787
10557, -0.09999999999999964, 0.09999999999999787
10558, -0.09999999999999964, 0.09999999999999787
10559, -0.09999999999999964, 0.09999999999999787
10560, -0.09999999999999964, 0.09999999999999787
10561, -0.09999999999999964, 0.09999999999999787
10562, -0.09999999999999964, 0.0
10563, -0.09999999999999964, 0.0
10564, -0.09999999999999964, 0.0
10565, -0.09999999999999964, 0.0
10566, -0.09999999999999964, 0.0
10567, -0.09999999999999964, 0.0
10568, -0.09999999999999964, 0.0
10569, -0.09999999999999964, 0.0
10570, -0.09999999999999964, 0.0
10571, -0.09999999999999964, 0.0
10572, -0.09999999999999964, 0.0
10573, -0.09999999999999964, -0.10000000000000142
10574, -0.09999999999999964, -0.10000000000000142
10575, -0.09999999999999964, 0.0
10576, -0.09999999999999964, 0.09999999999999787
10577, -0.09999999999999964, 0.09999999999999787
10578, -0.09999999999999964, 0.0
10579, -0.09999999999999964, 0.0
10580, -0.09999999999999964, 0.0
10581, -0.09999999999999964, 0.0
10582, -0.09999999999999964, 0.0
10583, -0.09999999999999964, 0.0
10584, -0.09999999999999964, -0.10000000000000142
10585, -0.09999999999999964, -0.10000000000000142
10586, -0.09999999999999964, 0.0
10587, -0.09999999999999964, 0.0
10588, -0.09999999999999964, 0.0
10589, -0.09999999999999964, 0.0
10590, -0.09999999999999964, 0.0
10591, -0.09999999999999964, -0.10000000000000142
10592, -0.09999999999999964, 0.0
10593, -0.09999999999999964, 0.0
10594, -0.09999999999999964, 0.0
10595, -0.09999999999999964, 0.0
10596, -0.09999999999999964, 0.0
10597, -0.09999999999999964, 0.09999999999999787
10598, -0.09999999999999964, 0.0
10599, -0.09999999999999964, 0.0
10600, -0.09999999999999964, -0.10000000000000142
10601, -0.09999999999999964, 0.0
10602, -0.09999999999999964, 0.0
10603, -0.09999999999999964, 0.0
10604, -0.09999999999999964, 0.0
10605, -0.09999999999999964, 0.09999999999999787
10606, -0.09999999999999964, 0.09999999999999787
10607, 0.0, 0.09999999999999787
10608, 0.0, 0.0
10609, 0.0, 0.09999999999999787
10610, 0.0, 0.09999999999999787
10611, 0.0, 0.09999999999999787
10612, 0.0, 0.09999999999999787
10613, 0.0, 0.1999999999999993
10614, -0.09999999999999964, 0.09999999999999787
10615, -0.09999999999999964, 0.09999999999999787
10616, -0.09999999999999964, 0.1999999999999993
10617, -0.09999999999999964, 0.1999999999999993
10618, -0.09999999999999964, 0.1999999999999993
10619, -0.09999999999999964, 0.1999999999999993
10620, -0.09999999999999964, 0.1999999999999993
10621, -0.09999999999999964, 0.1999999999999993
10622, -0.09999999999999964, 0.1999999999999993
10623, -0.09999999999999964, 0.3000000000000007
10624, -0.09999999999999964, 0.3000000000000007
10625, -0.09999999999999964, 0.1999999999999993
10626, -0.09999999999999964, 0.1999999999999993
10627, -0.20000000000000018, 0.3000000000000007
10628, -0.20000000000000018, 0.3000000000000007
10629, -0.2999999999999998, 0.3000000000000007
10630, -0.2999999999999998, 0.1999999999999993
10631, -0.2999999999999998, 0.3000000000000007
10632, -0.2999999999999998, 0.3000000000000007
10633, -0.2999999999999998, 0.3000000000000007
10634, -0.2999999999999998, 0.3000000000000007
10635, -0.2999999999999998, 0.3999999999999986
10636, -0.2999999999999998, 0.3999999999999986
10637, -0.2999999999999998, 0.3999999999999986
10638, -0.40000000000000036, 0.3000000000000007
10639, -0.40000000000000036, 0.3999999999999986
10640, -0.40000000000000036, 0.3999999999999986
10641, -0.40000000000000036, 0.3000000000000007
10642, -0.40000000000000036, 0.3000000000000007
10643, -0.40000000000000036, 0.3999999999999986
10644, -0.40000000000000036, 0.3999999999999986
10645, -0.40000000000000036, 0.3000000000000007
10646, -0.40000000000000036, 0.3999999999999986
10647, -0.40000000000000036, 0.3999999999999986
10648, -0.40000000000000036, 0.3999999999999986
10649, -0.5, 0.3999999999999986
10650, -0.5, 0.3999999999999986
10651, -0.5, 0.3000000000000007
10652, -0.40000000000000036, 0.3999999999999986
10653, -0.40000000000000036, 0.3999999999999986
10654, -0.40000000000000036, 0.3000000000000007
10655, -0.40000000000000036, 0.3000000000000007
10656, -0.40000000000000036, 0.3000000000000007
10657, -0.40000000000000036, 0.3999999999999986
10658, -0.40000000000000036, 0.3999999999999986
10659, -0.5, 0.3999999999999986
10660, -0.5, 0.3000000000000007
10661, -0.5, 0.3999999999999986
10662, -0.5, 0.3999999999999986
10663, -0.5, 0.3000000000000007
10664, -0.5, 0.3000000000000007
10665, -0.5, 0.5
10666, -0.5, 0.3999999999999986
10667, -0.5, 0.3999999999999986
10668, -0.5, 0.3000000000000007
10669, -0.5, 0.3999999999999986
10670, -0.5, 0.3999999999999986
10671, -0.5, 0.3000000000000007
10672, -0.5, 0.3999999999999986
10673, -0.5, 0.3000000000000007
10674, -0.5, 0.3999999999999986
10675, -0.5, 0.3999999999999986
10676, -0.5, 0.3000000000000007
10677, -0.5, 0.3000000000000007
10678, -0.5, 0.3999999999999986
10679, -0.5, 0.3999999999999986
10680, -0.5999999999999996, 0.3000000000000007
10681, -0.5999999999999996, 0.3000000000000007
10682, -0.5999999999999996, 0.3000000000000007
10683, -0.5999999999999996, 0.3999999999999986
10684, -0.5999999999999996, 0.3999999999999986
10685, -0.5999999999999996, 0.3000000000000007
10686, -0.5999999999999996, 0.3000000000000007
10687, -0.5999999999999996, 0.3000000000000007
10688, -0.5999999999999996, 0.3999999999999986
10689, -0.5999999999999996, 0.3999999999999986
10690, -0.5999999999999996, 0.3000000000000007
10691, -0.5999999999999996, 0.3999999999999986
10692, -0.7000000000000002, 0.3000000000000007
10693, -0.7000000000000002, 0.3999999999999986
10694, -0.7000000000000002, 0.3000000000000007
10695, -0.7000000000000002, 0.3999999999999986
10696, -0.7000000000000002, 0.3000000000000007
10697, -0.7000000000000002, 0.3000000000000007
10698, -0.7000000000000002, 0.3000000000000007
10699, -0.7000000000000002, 0.3999999999999986
10700, -0.7000000000000002, 0.3000000000000007
10701, -0.7000000000000002, 0.3000000000000007
10702, -0.5999999999999996, 0.3000000000000007
10703, -0.5999999999999996, 0.3000000000000007
10704, -0.5999999999999996, 0.3999999999999986
10705, -0.5999999999999996, 0.3000000000000007
10706, -0.5999999999999996, 0.3000000000000007
10707, -0.7000000000000002, 0.3000000000000007
10708, -0.7000000000000002, 0.3000000000000007
10709, -0.7000000000000002, 0.3999999999999986
10710, -0.7000000000000002, 0.3999999999999986
10711, -0.7000000000000002, 0.3000000000000007
10712, -0.7000000000000002, 0.3999999999999986
10713, -0.7000000000000002, 0.3000000000000007
10714, -0.7000000000000002, 0.3999999999999986
10715, -0.7000000000000002, 0.3000000000000007
10716, -0.7000000000000002, 0.3999999999999986
10717, -0.7000000000000002, 0.3000000000000007
10718, -0.7000000000000002, 0.3000000000000007
10719, -0.7000000000000002, 0.3999999999999986
10720, -0.7000000000000002, 0.3999999999999986
10721, -0.7000000000000002, 0.3000000000000007
10722, -0.7000000000000002, 0.3999999999999986
10723, -0.7000000000000002, 0.3999999999999986
10724, -0.7000000000000002, 0.3000000000000007
10725, -0.7000000000000002, 0.3999999999999986
10726, -0.7000000000000002, 0.3999999999999986
10727, -0.7000000000000002, 0.5
10728, -0.7000000000000002, 0.3999999999999986
10729, -0.7000000000000002, 0.3999999999999986
10730, -0.5999999999999996, 0.5
10731, -0.5999999999999996, 0.3999999999999986
10732, -0.5999999999999996, 0.5
10733, -0.5999999999999996, 0.3999999999999986
10734, -0.5999999999999996, 0.5
10735, -0.5999999999999996, 0.3999999999999986
10736, -0.5999999999999996, 0.3999999999999986
10737, -0.5999999999999996, 0.5
10738, -0.5999999999999996, 0.3999999999999986
10739, -0.5999999999999996, 0.5
10740, -0.5999999999999996, 0.3999999999999986
10741, -0.5999999999999996, 0.5
10742, -0.5999999999999996, 0.5
10743, -0.5999999999999996, 0.5
10744, -0.5999999999999996, 0.5999999999999979
10745, -0.5999999999999996, 0.5
10746, -0.5999999999999996, 0.5999999999999979
10747, -0.5999999999999996, 0.5
10748, -0.5999999999999996, 0.5999999999999979
10749, -0.5999999999999996, 0.5
10750, -0.5999999999999996, 0.5999999999999979
10751, -0.5999999999999996, 0.5
10752, -0.5999999999999996, 0.5
10753, -0.5, 0.5999999999999979
10754, -0.5, 0.5
10755, -0.5, 0.5999999999999979
10756, -0.5, 0.5
10757, -0.40000000000000036, 0.5999999999999979
10758, -0.40000000000000036, 0.5999999999999979
10759, -0.40000000000000036, 0.5999999999999979
10760, -0.40000000000000036, 0.5
10761, -0.40000000000000036, 0.5
10762, -0.40000000000000036, 0.5
10763, -0.40000000000000036, 0.5999999999999979
10764, -0.40000000000000036, 0.5
10765, -0.40000000000000036, 0.5999999999999979
10766, -0.40000000000000036, 0.5
10767, -0.40000000000000036, 0.5
10768, -0.40000000000000036, 0.5
10769, -0.40000000000000036, 0.5
10770, -0.40000000000000036, 0.5999999999999979
10771, -0.40000000000000036, 0.5
10772, -0.40000000000000036, 0.5999999999999979
10773, -0.40000000000000036, 0.3999999999999986
10774, -0.40000000000000036, 0.5
10775, -0.40000000000000036, 0.5
10776, -0.40000000000000036, 0.5
10777, -0.40000000000000036, 0.5
10778, -0.40000000000000036, 0.5
10779, -0.40000000000000036, 0.5
10780, -0.40000000000000036, 0.5
10781, -0.40000000000000036, 0.3999999999999986
10782, -0.40000000000000036, 0.5
10783, -0.40000000000000036, 0.3999999999999986
10784, -0.40000000000000036, 0.5
10785, -0.2999999999999998, 0.5
10786, -0.2999999999999998, 0.3999999999999986
10787, -0.2999999999999998, 0.3999999999999986
10788, -0.2999999999999998, 0.3999999999999986
10789, -0.2999999999999998, 0.3999999999999986
10790, -0.40000000000000036, 0.5
10791, -0.40000000000000036, 0.3000000000000007
10792, -0.40000000000000036, 0.3999999999999986
10793, -0.40000000000000036, 0.3999999999999986
10794, -0.40000000000000036, 0.3999999999999986
10795, -0.40000000000000036, 0.3000000000000007
10796, -0.40000000000000036, 0.3999999999999986
10797, -0.40000000000000036, 0.3000000000000007
10798, -0.40000000000000036, 0.3999999999999986
10799, -0.40000000000000036, 0.3000000000000007
10800, -0.40000000000000036, 0.3000000000000007
10801, -0.2999999999999998, 0.3000000000000007
10802, -0.2999999999999998, 0.3000000000000007
10803, -0.2999999999999998, 0.1999999999999993
10804, -0.2999999999999998, 0.09999999999999787
10805, -0.2999999999999998, 0.1999999999999993
10806, -0.2999999999999998, 0.1999999999999993
10807, -0.2999999999999998, 0.09999999999999787
10808, -0.2999999999999998, 0.09999999999999787
10809, -0.2999999999999998, 0.09999999999999787
10810, -0.2999999999999998, 0.09999999999999787
10811, -0.2999999999999998, 0.09999999999999787
10812, -0.2999999999999998, -0.10000000000000142
10813, -0.2999999999999998, 0.0
10814, -0.2999999999999998, -0.10000000000000142
10815, -0.2999999999999998, -0.10000000000000142
10816, -0.20000000000000018, -0.10000000000000142
10817, -0.20000000000000018, -0.10000000000000142
10818, -0.20000000000000018, -0.10000000000000142
10819, -0.20000000000000018, -0.1999999999999993
10820, -0.20000000000000018, -0.1999999999999993
10821, -0.20000000000000018, -0.1999999999999993
10822, -0.20000000000000018, -0.1999999999999993
10823, -0.20000000000000018, -0.3000000000000007
10824, -0.20000000000000018, -0.3000000000000007
10825, -0.20000000000000018, -0.3000000000000007
10826, -0.20000000000000018, -0.1999999999999993
10827, -0.20000000000000018, -0.3000000000000007
10828, -0.20000000000000018, -0.3000000000000007
10829, -0.20000000000000018, -0.3000000000000007
10830, -0.20000000000000018, -0.3000000000000007
10831, -0.20000000000000018, -0.3000000000000007
10832, -0.20000000000000018, -0.3000000000000007
10833, -0.20000000000000018, -0.1999999999999993
10834, -0.09999999999999964, -0.3000000000000007
10835, -0.09999999999999964, -0.3000000000000007
10836, -0.09999999999999964, -0.1999999999999993
10837, -0.09999999999999964, -0.1999999999999993
10838, -0.09999999999999964, -0.3000000000000007
10839, -0.09999999999999964, -0.1999999999999993
10840, -0.09999999999999964, -0.3000000000000007
10841, -0.09999999999999964, -0.10000000000000142
10842, 0.0, -0.1999999999999993
10843, 0.0, -0.10000000000000142
10844, 0.0, -0.1999999999999993
10845, 0.0, -0.10000000000000142
10846, 0.0, 0.0
10847, 0.0, -0.10000000000000142
10848, 0.0, -0.10000000000000142
10849, 0.0, 0.0
10850, 0.0, 0.0
10851, 0.09999999999999964, 0.0
10852, 0.09999999999999964, 0.09999999999999787
10853, 0.09999999999999964, 0.0
10854, 0.09999999999999964, 0.0
10855, 0.0, 0.09999999999999787
10856, 0.0, 0.09999999999999787
10857, 0.0, 0.09999999999999787
10858, 0.0, 0.09999999999999787
10859, 0.0, 0.09999999999999787
10860, 0.0, 0.09999999999999787
10861, 0.0, 0.09999999999999787
10862, 0.0, 0.09999999999999787
10863, 0.0, 0.09999999999999787
10864, 0.0, 0.0
10865, 0.0, 0.09999999999999787
10866, 0.0, 0.09999999999999787
10867, 0.0, 0.0
10868, 0.0, 0.09999999999999787
10869, 0.0, 0.0
10870, 0.0, 0.09999999999999787
10871, 0.0, 0.09999999999999787
10872, 0.0, 0.0
10873, 0.0, 0.09999999999999787
10874, 0.0, 0.0
10875, 0.0, 0.0
10876, 0.0, 0.0
10877, 0.0, 0.09999999999999787
10878, 0.0, 0.0
10879, 0.0, 0.0
10880, 0.0, 0.0
10881, 0.0, 0.0
10882, 0.0, -0.10000000000000142
10883, 0.0, 0.09999999999999787
10884, 0.0, 0.0
10885, 0.0, -0.10000000000000142
10886, 0.0, 0.0
10887, 0.0, -0.10000000000000142
10888, 0.0, -0.10000000000000142
10889, 0.0, -0.10000000000000142
10890, 0.0, -0.10000000000000142
10891, 0.0, -0.1999999999999993
10892, 0.0, -0.10000000000000142
10893, 0.0, -0.1999999999999993
10894, 0.0, -0.1999999999999993
10895, 0.0, -0.1999999999999993
10896, 0.0, -0.3000000000000007
10897, 0.0, -0.1999999999999993
10898, 0.0, -0.3000000000000007
10899, 0.0, -0.1999999999999993
10900, 0.0, -0.3000000000000007
10901, 0.0, -0.1999999999999993
10902, 0.0, -0.3000000000000007
10903, 0.0, -0.1999999999999993
10904, 0.0, -0.40000000000000213
10905, 0.0, -0.3000000000000007
10906, 0.0, -0.40000000000000213
10907, 0.0, -0.3000000000000007
10908, 0.0, -0.3000000000000007
10909, 0.0, -0.40000000000000213
10910, 0.0, -0.40000000000000213
10911, 0.0, -0.3000000000000007
10912, 0.0, -0.5
10913, 0.0, -0.40000000000000213
10914, 0.0, -0.40000000000000213
10915, 0.0, -0.40000000000000213
10916, 0.0, -0.40000000000000213
10917, 0.0, -0.5
10918, 0.0, -0.40000000000000213
10919, 0.0, -0.5
10920, 0.0, -0.40000000000000213
10921, 0.0, -0.40000000000000213
10922, 0.0, -0.40000000000000213
10923, 0.0, -0.3000000000000007
10924, 0.0, -0.40000000000000213
10925, 0.0, -0.3000000000000007
10926, 0.0, -0.40000000000000213
10927, 0.0, -0.40000000000000213
10928, 0.0, -0.3000000000000007
10929, 0.0, -0.40000000000000213
10930, 0.0, -0.3000000000000007
10931, 0.0, -0.3000000000000007
10932, 0.0, -0.1999999999999993
10933, 0.0, -0.3000000000000007
10934, 0.0, -0.1999999999999993
10935, 0.0, -0.1999999999999993
10936, 0.0, -0.1999999999999993
10937, 0.0, -0.1999999999999993
10938, 0.0, -0.1999999999999993
10939, 0.0, -0.10000000000000142
10940, 0.0, -0.1999999999999993
10941, 0.0, -0.10000000000000142
10942, 0.0, -0.10000000000000142
10943, -0.09999999999999964, -0.10000000000000142
10944, -0.09999999999999964, -0.10000000000000142
10945, -0.09999999999999964, -0.10000000000000142
10946, -0.09999999999999964, 0.09999999999999787
10947, -0.09999999999999964, 0.0
10948, -0.09999999999999964, 0.0
10949, -0.09999999999999964, 0.09999999999999787
10950, -0.09999999999999964, 0.0
10951, -0.09999999999999964, 0.09999999999999787
10952, -0.09999999999999964, 0.09999999999999787
10953, -0.09999999999999964, 0.0
10954, -0.09999999999999964, 0.09999999999999787
10955, -0.09999999999999964, 0.09999999999999787
10956, -0.09999999999999964, 0.0
10957, -0.09999999999999964, 0.1999999999999993
10958, -0.09999999999999964, 0.09999999999999787
10959, -0.09999999999999964, 0.09999999999999787
10960, -0.09999999999999964, 0.0
10961, -0.09999999999999964, 0.09999999999999787
10962, -0.09999999999999964, 0.09999999999999787
10963, -0.09999999999999964, 0.0
10964, -0.09999999999999964, 0.1999999999999993
10965, -0.09999999999999964, 0.09999999999999787
10966, -0.09999999999999964, 0.09999999999999787
10967, -0.09999999999999964, 0.0
10968, -0.09999999999999964, 0.09999999999999787
10969, -0.09999999999999964, 0.0
10970, -0.09999999999999964, 0.0
10971, -0.09999999999999964, 0.0
10972, -0.09999999999999964, 0.0
10973, -0.09999999999999964, 0.0
10974, -0.09999999999999964, -0.10000000000000142
10975, 0.0, -0.10000000000000142
10976, 0.0, -0.10000000000000142
10977, 0.0, 0.0
10978, 0.0, -0.10000000000000142
10979, 0.0, -0.10000000000000142
10980, 0.0, -0.1999999999999993
10981, 0.0, -0.10000000000000142
10982, 0.0, -0.10000000000000142
10983, 0.0, -0.10000000000000142
10984, 0.0, -0.10000000000000142
10985, 0.0, -0.1999999999999993
10986, 0.0, -0.10000000000000142
10987, 0.0, -0.1999999999999993
10988, 0.0, -0.10000000000000142
10989, 0.0, -0.1999999999999993
10990, 0.0, -0.1999999999999993
10991, 0.0, -0.10000000000000142
10992, 0.0, -0.1999999999999993
10993, 0.0, -0.1999999999999993
10994, 0.0, -0.1999999999999993
10995, 0.0, -0.1999999999999993
10996, 0.0, -0.1999999999999993
10997, 0.0, -0.1999999999999993
10998, 0.0, -0.10000000000000142
10999, 0.0, -0.1999999999999993
11000, 0.0, -0.1999999999999993
11001, 0.0, -0.10000000000000142
11002, 0.0, -0.10000000000000142
11003, 0.0, -0.1999999999999993
11004, 0.0, -0.10000000000000142
11005, 0.0, -0.10000000000000142
11006, 0.0, -0.10000000000000142
11007, 0.0, 0.0
11008, 0.0, -0.1999999999999993
11009, 0.0, -0.1999999999999993
11010, 0.0, -0.10000000000000142
11011, 0.0, -0.10000000000000142
11012, 0.0, 0.0
11013, 0.0, -0.10000000000000142
11014, 0.0, -0.1999999999999993
11015, 0.0, -0.10000000000000142
11016, 0.0, -0.10000000000000142
11017, 0.0, -0.10000000000000142
11018, 0.0, -0.10000000000000142
11019, 0.0, -0.10000000000000142
11020, 0.0, 0.0
11021, -0.09999999999999964, -0.10000000000000142
11022, -0.09999999999999964, -0.10000000000000142
11023, -0.09999999999999964, 0.0
11024, -0.09999999999999964, -0.10000000000000142
11025, -0.09999999999999964, -0.10000000000000142
11026, -0.09999999999999964, -0.10000000000000142
11027, -0.09999999999999964, -0.1999999999999993
11028, -0.09999999999999964, -0.10000000000000142
11029, -0.09999999999999964, -0.1999999999999993
11030, -0.09999999999999964, -0.1999999999999993
11031, -0.09999999999999964, -0.10000000000000142
11032, -0.09999999999999964, -0.1999999999999993
11033, 0.0, -0.1999999999999993
11034, 0.0, -0.1999999999999993
11035, 0.0, -0.1999999999999993
11036, 0.0, -0.1999999999999993
11037, 0.0, -0.1999999999999993
11038, 0.0, -0.1999999999999993
11039, 0.0, -0.3000000000000007
11040, 0.0, -0.1999999999999993
11041, 0.0, -0.3000000000000007
11042, 0.0, -0.1999999999999993
11043, 0.0, -0.10000000000000142
11044, 0.0, -0.1999999999999993
11045, 0.0, -0.10000000000000142
11046, 0.0, -0.1999999999999993
11047, 0.0, -0.1999999999999993
11048, 0.0, -0.1999999999999993
11049, 0.0, -0.1999999999999993
11050, 0.0, -0.3000000000000007
11051, 0.0, -0.10000000000000142
11052, 0.0, -0.1999999999999993
11053, 0.0, -0.1999999999999993
11054, 0.0, -0.1999999999999993
11055, 0.0, -0.1999999999999993
11056, 0.0, -0.1999999999999993
11057, 0.0, -0.10000000000000142
11058, 0.0, -0.1999999999999993
11059, 0.0, -0.1999999999999993
11060, 0.0, -0.1999999999999993
11061, 0.0, -0.10000000000000142
11062, 0.0, -0.10000000000000142
11063, 0.0, -0.1999999999999993
11064, 0.0, 0.0
11065, 0.0, -0.10000000000000142
11066, 0.0, -0.10000000000000142
11067, 0.0, 0.0
11068, 0.0, -0.10000000000000142
11069, 0.0, -0.10000000000000142
11070, 0.0, 0.0
11071, 0.0, -0.10000000000000142
11072, 0.0, -0.10000000000000142
11073, -0.09999999999999964, 0.0
11074, -0.09999999999999964, -0.10000000000000142
11075, -0.09999999999999964, -0.10000000000000142
11076, -0.09999999999999964, 0.0
11077, -0.09999999999999964, -0.10000000000000142
11078, -0.09999999999999964, -0.1999999999999993
11079, -0.09999999999999964, 0.0
11080, -0.09999999999999964, -0.10000000000000142
11081, -0.09999999999999964, -0.10000000000000142
11082, -0.09999999999999964, -0.10000000000000142
11083, -0.09999999999999964, -0.10000000000000142
11084, -0.09999999999999964, -0.10000000000000142
11085, -0.09999999999999964, -0.10000000000000142
11086, -0.09999999999999964, -0.10000000000000142
11087, -0.09999999999999964, -0.10000000000000142
11088, -0.09999999999999964, -0.10000000000000142
11089, -0.09999999999999964, -0.10000000000000142
11090, -0.09999999999999964, -0.10000000000000142
11091, -0.09999999999999964, -0.10000000000000142
11092, -0.09999999999999964, -0.10000000000000142
11093, -0.09999999999999964, -0.10000000000000142
11094, -0.09999999999999964, -0.1999999999999993
11095, -0.09999999999999964, -0.10000000000000142
11096, -0.09999999999999964, -0.1999999999999993
11097, -0.09999999999999964, -0.1999999999999993
11098, -0.09999999999999964, -0.1999999999999993
11099, -0.09999999999999964, -0.1999999999999993
11100, -0.09999999999999964, -0.10000000000000142
11101, -0.09999999999999964, -0.1999999999999993
11102, -0.09999999999999964, -0.10000000000000142
11103, -0.09999999999999964, -0.10000000000000142
11104, -0.09999999999999964, -0.1999999999999993
11105, -0.09999999999999964, -0.10000000000000142
11106, -0.09999999999999964, -0.10000000000000142
11107, -0.09999999999999964, -0.1999999999999993
11108, -0.09999999999999964, -0.10000000000000142
11109, -0.09999999999999964, -0.10000000000000142
11110, -0.09999999999999964, -0.10000000000000142
11111, -0.09999999999999964, -0.10000000000000142
11112, -0.09999999999999964, -0.1999999999999993
11113, -0.09999999999999964, -0.1999999999999993
11114, -0.09999999999999964, -0.10000000000000142
11115, -0.09999999999999964, -0.1999999999999993
11116, -0.09999999999999964, -0.1999999999999993
11117, -0.09999999999999964, -0.10000000000000142
11118, -0.09999999999999964, -0.10000000000000142
11119, -0.09999999999999964, 0.0
11120, -0.09999999999999964, 0.0
11121, -0.09999999999999964, -0.10000000000000142
11122, -0.09999999999999964, 0.0
11123, -0.09999999999999964, 0.0
11124, -0.09999999999999964, 0.0
11125, -0.09999999999999964, 0.0
11126, -0.09999999999999964, -0.10000000000000142
11127, -0.09999999999999964, 0.0
11128, -0.09999999999999964, 0.0
11129, -0.09999999999999964, 0.0
11130, -0.09999999999999964, 0.09999999999999787
11131, -0.09999999999999964, 0.0
11132, -0.09999999999999964, 0.0
11133, -0.09999999999999964, 0.0
11134, -0.09999999999999964, 0.0
11135, -0.09999999999999964, 0.0
11136, -0.09999999999999964, 0.0
11137, -0.09999999999999964, 0.0
11138, -0.09999999999999964, 0.09999999999999787
11139, -0.09999999999999964, 0.09999999999999787
11140, -0.09999999999999964, 0.0
11141, -0.09999999999999964, 0.09999999999999787
11142, -0.09999999999999964, 0.09999999999999787
11143, -0.20000000000000018, 0.09999999999999787
11144, -0.20000000000000018, 0.0
11145, -0.20000000000000018, 0.0
11146, -0.20000000000000018, 0.0
11147, -0.20000000000000018, -0.10000000000000142
11148, -0.20000000000000018, -0.10000000000000142
11149, -0.20000000000000018, 0.0
11150, -0.20000000000000018, 0.0
11151, -0.20000000000000018, -0.10000000000000142
11152, -0.20000000000000018, -0.10000000000000142
11153, -0.20000000000000018, 0.0
11154, -0.09999999999999964, -0.10000000000000142
11155, -0.09999999999999964, -0.10000000000000142
11156, -0.09999999999999964, -0.10000000000000142
11157, -0.09999999999999964, 0.0
11158, -0.09999999999999964, -0.10000000000000142
11159, -0.09999999999999964, 0.0
11160, -0.09999999999999964, 0.0
11161, -0.09999999999999964, -0.10000000000000142
11162, -0.09999999999999964, 0.0
11163, -0.09999999999999964, 0.0
11164, -0.09999999999999964, -0.10000000000000142
11165, -0.09999999999999964, -0.10000000000000142
11166, -0.09999999999999964, -0.1999999999999993
11167, -0.09999999999999964, -0.10000000000000142
11168, -0.09999999999999964, -0.10000000000000142
11169, -0.09999999999999964, -0.1999999999999993
11170, -0.09999999999999964, -0.10000000000000142
11171, -0.09999999999999964, 0.0
11172, -0.09999999999999964, -0.10000000000000142
11173, -0.20000000000000018, -0.10000000000000142
11174, -0.20000000000000018, 0.0
11175, -0.20000000000000018, -0.10000000000000142
11176, -0.20000000000000018, -0.10000000000000142
11177, -0.20000000000000018, -0.1999999999999993
11178, -0.20000000000000018, 0.0
11179, -0.20000000000000018, 0.0
11180, -0.20000000000000018, -0.10000000000000142
11181, -0.20000000000000018, 0.0
11182, -0.20000000000000018, 0.0
11183, -0.20000000000000018, -0.10000000000000142
11184, -0.20000000000000018, 0.09999999999999787
11185, -0.20000000000000018, 0.0
11186, -0.20000000000000018, 0.0
11187, -0.20000000000000018, 0.09999999999999787
11188, -0.20000000000000018, 0.0
11189, -0.20000000000000018, 0.0
11190, -0.20000000000000018, 0.09999999999999787
11191, -0.20000000000000018, 0.0
11192, -0.20000000000000018, 0.09999999999999787
11193, -0.20000000000000018, 0.1999999999999993
11194, -0.20000000000000018, 0.1999999999999993
11195, -0.20000000000000018, 0.1999999999999993
11196, -0.20000000000000018, 0.1999999999999993
11197, -0.20000000000000018, 0.1999999999999993
11198, -0.20000000000000018, 0.1999999999999993
11199, -0.20000000000000018, 0.1999999999999993
11200, -0.20000000000000018, 0.3000000000000007
11201, -0.20000000000000018, 0.1999999999999993
11202, -0.2999999999999998, 0.1999999999999993
11203, -0.2999999999999998, 0.3000000000000007
11204, -0.2999999999999998, 0.1999999999999993
11205, -0.2999999999999998, 0.3000000000000007
11206, -0.2999999999999998, 0.3000000000000007
11207, -0.2999999999999998, 0.3000000000000007
11208, -0.2999999999999998, 0.3000000000000007
11209, -0.2999999999999998, 0.3000000000000007
11210, -0.2999999999999998, 0.3000000000000007
11211, -0.20000000000000018, 0.1999999999999993
11212, -0.20000000000000018, 0.1999999999999993
11213, -0.20000000000000018, 0.1999999999999993
11214, -0.20000000000000018, 0.1999999999999993
11215, -0.20000000000000018, 0.3000000000000007
11216, -0.20000000000000018, 0.1999999999999993
11217, -0.20000000000000018, 0.3000000000000007
11218, -0.20000000000000018, 0.3000000000000007
11219, -0.20000000000000018, 0.1999999999999993
11220, -0.20000000000000018, 0.3000000000000007
11221, -0.20000000000000018, 0.1999999999999993
11222, -0.20000000000000018, 0.3000000000000007
11223, -0.20000000000000018, 0.1999999999999993
11224, -0.20000000000000018, 0.3000000000000007
11225, -0.20000000000000018, 0.3000000000000007
11226, -0.20000000000000018, 0.09999999999999787
11227, -0.20000000000000018, 0.1999999999999993
11228, -0.20000000000000018, 0.09999999999999787
11229, -0.20000000000000018, 0.1999999999999993
11230, -0.20000000000000018, 0.1999999999999993
11231, -0.20000000000000018, 0.1999999999999993
11232, -0.20000000000000018, 0.1999999999999993
11233, -0.20000000000000018, 0.1999999999999993
11234, -0.2999999999999998, 0.1999999999999993
11235, -0.2999999999999998, 0.1999999999999993
11236, -0.2999999999999998, 0.1999999999999993
11237, -0.2999999999999998, 0.3000000000000007
11238, -0.2999999999999998, 0.1999999999999993
11239, -0.2999999999999998, 0.1999999999999993
11240, -0.2999999999999998, 0.1999999999999993
11241, -0.2999999999999998, 0.1999999999999993
11242, -0.2999999999999998, 0.1999999999999993
11243, -0.2999999999999998, 0.09999999999999787
11244, -0.2999999999999998, 0.1999999999999993
11245, -0.2999999999999998, 0.3000000000000007
11246, -0.2999999999999998, 0.1999999999999993
11247, -0.2999999999999998, 0.3000000000000007
11248, -0.2999999999999998, 0.1999999999999993
11249, -0.2999999999999998, 0.3000000000000007
11250, -0.2999999999999998, 0.3000000000000007
11251, -0.2999999999999998, 0.3000000000000007
11252, -0.2999999999999998, 0.3000000000000007
11253, -0.2999999999999998, 0.3000000000000007
11254, -0.2999999999999998, 0.3000000000000007
11255, -0.2999999999999998, 0.1999999999999993
11256, -0.2999999999999998, 0.3000000000000007
11257, -0.2999999999999998, 0.1999999999999993
11258, -0.2999999999999998, 0.3000000000000007
11259, -0.2999999999999998, 0.3000000000000007
11260, -0.2999999999999998, 0.3000000000000007
11261, -0.2999999999999998, 0.3000000000000007
11262, -0.2999999999999998, 0.3000000000000007
11263, -0.2999999999999998, 0.3999999999999986
11264, -0.2999999999999998, 0.3000000000000007
11265, -0.2999999999999998, 0.3000000000000007
11266, -0.2999999999999998, 0.3999999999999986
11267, -0.2999999999999998, 0.1999999999999993
11268, -0.2999999999999998, 0.3000000000000007
11269, -0.2999999999999998, 0.3000000000000007
11270, -0.2999999999999998, 0.1999999999999993
11271, -0.2999999999999998, 0.3000000000000007
11272, -0.2999999999999998, 0.3000000000000007
11273, -0.2999999999999998, 0.3000000000000007
11274, -0.2999999999999998, 0.3000000000000007
11275, -0.2999999999999998, 0.3000000000000007
11276, -0.2999999999999998, 0.3000000000000007
11277, -0.2999999999999998, 0.3000000000000007
11278, -0.2999999999999998, 0.3000000000000007
11279, -0.2999999999999998, 0.1999999999999993
11280, -0.2999999999999998, 0.3000000000000007
11281, -0.2999999999999998, 0.3000000000000007
11282, -0.2999999999999998, 0.3000000000000007
11283, -0.2999999999999998, 0.1999999999999993
11284, -0.2999999999999998, 0.3000000000000007
11285, -0.2999999999999998, 0.3999999999999986
11286, -0.2999999999999998, 0.3999999999999986
11287, -0.2999999999999998, 0.3000000000000007
11288, -0.2999999999999998, 0.3000000000000007
11289, -0.2999999999999998, 0.3000000000000007
11290, -0.2999999999999998, 0.3999999999999986
11291, -0.2999999999999998, 0.3999999999999986
11292, -0.2999999999999998, 0.3000000000000007
11293, -0.2999999999999998, 0.3000000000000007
11294, -0.2999999999999998, 0.3999999999999986
11295, -0.2999999999999998, 0.3999999999999986
11296, -0.2999999999999998, 0.3000000000000007
11297, -0.2999999999999998, 0.3000000000000007
11298, -0.2999999999999998, 0.3000000000000007
11299, -0.2999999999999998, 0.3000000000000007
11300, -0.2999999999999998, 0.3999999999999986
11301, -0.2999999999999998, 0.3999999999999986
11302, -0.2999999999999998, 0.3999999999999986
11303, -0.2999999999999998, 0.3999999999999986
11304, -0.2999999999999998, 0.3999999999999986
11305, -0.2999999999999998, 0.3999999999999986
11306, -0.2999999999999998, 0.3999999999999986
11307, -0.2999999999999998, 0.3999999999999986
11308, -0.2999999999999998, 0.3000000000000007
11309, -0.2999999999999998, 0.3000000000000007
11310, -0.2999999999999998, 0.3999999999999986
11311, -0.2999999999999998, 0.3999999999999986
11312, -0.2999999999999998, 0.3999999999999986
11313, -0.2999999999999998, 0.3999999999999986
11314, -0.2999999999999998, 0.3000000000000007
11315, -0.2999999999999998, 0.3000000000000007
11316, -0.2999999999999998, 0.3000000000000007
11317, -0.2999999999999998, 0.3000000000000007
11318, -0.2999999999999998, 0.3000000000000007
11319, -0.2999999999999998, 0.3000000000000007
11320, -0.2999999999999998, 0.3000000000000007
11321, -0.2999999999999998, 0.3000000000000007
11322, -0.2999999999999998, 0.3000000000000007
11323, -0.2999999999999998, 0.3000000000000007
11324, -0.2999999999999998, 0.3000000000000007
11325, -0.2999999999999998, 0.3000000000000007
11326, -0.2999999999999998, 0.3000000000000007
11327, -0.2999999999999998, 0.1999999999999993
11328, -0.2999999999999998, 0.1999999999999993
11329, -0.2999999999999998, 0.3000000000000007
11330, -0.2999999999999998, 0.3000000000000007
11331, -0.2999999999999998, 0.3000000000000007
11332, -0.2999999999999998, 0.3000000000000007
11333, -0.2999999999999998, 0.3000000000000007
11334, -0.2999999999999998, 0.3000000000000007
11335, -0.2999999999999998, 0.1999999999999993
11336, -0.2999999999999998, 0.3000000000000007
11337, -0.2999999999999998, 0.1999999999999993
11338, -0.2999999999999998, 0.1999999999999993
11339, -0.2999999999999998, 0.1999999999999993
11340, -0.2999999999999998, 0.1999999999999993
11341, -0.2999999999999998, 0.3000000000000007
11342, -0.2999999999999998, 0.1999999999999993
11343, -0.2999999999999998, 0.1999999999999993
11344, -0.2999999999999998, 0.1999999999999993
11345, -0.2999999999999998, 0.1999999999999993
11346, -0.2999999999999998, 0.1999999999999993
11347, -0.2999999999999998, 0.1999999999999993
11348, -0.2999999999999998, 0.1999999999999993
11349, -0.2999999999999998, 0.1999999999999993
11350, -0.2999999999999998, 0.1999999999999993
11351, -0.2999999999999998, 0.09999999999999787
11352, -0.20000000000000018, 0.3000000000000007
11353, -0.20000000000000018, 0.3000000000000007
11354, -0.20000000000000018, 0.3000000000000007
11355, -0.20000000000000018, 0.1999999999999993
11356, -0.20000000000000018, 0.3000000000000007
11357, -0.20000000000000018, 0.3000000000000007
11358, -0.20000000000000018, 0.3000000000000007
11359, -0.20000000000000018, 0.1999999999999993
11360, -0.20000000000000018, 0.1999999999999993
11361, -0.20000000000000018, 0.3000000000000007
11362, -0.20000000000000018, 0.1999999999999993
11363, -0.20000000000000018, 0.1999999999999993
11364, -0.20000000000000018, 0.1999999999999993
11365, -0.20000000000000018, 0.3000000000000007
11366, -0.20000000000000018, 0.1999999999999993
11367, -0.20000000000000018, 0.1999999999999993
11368, -0.2999999999999998, 0.3000000000000007
11369, -0.2999999999999998, 0.1999999999999993
11370, -0.2999999999999998, 0.1999999999999993
11371, -0.2999999999999998, 0.1999999999999993
11372, -0.2999999999999998, 0.1999999999999993
11373, -0.2999999999999998, 0.1999999999999993
11374, -0.2999999999999998, 0.1999999999999993
11375, -0.2999999999999998, 0.1999999999999993
11376, -0.2999999999999998, 0.1999999999999993
11377, -0.2999999999999998, 0.1999999999999993
11378, -0.40000000000000036, 0.1999999999999993
11379, -0.40000000000000036, 0.1999999999999993
11380, -0.40000000000000036, 0.1999999999999993
11381, -0.40000000000000036, 0.3000000000000007
11382, -0.40000000000000036, 0.3000000000000007
11383, -0.40000000000000036, 0.3000000000000007
11384, -0.40000000000000036, 0.3000000000000007
11385, -0.5, 0.3000000000000007
11386, -0.5, 0.3000000000000007
11387, -0.40000000000000036, 0.3000000000000007
11388, -0.40000000000000036, 0.3000000000000007
11389, -0.40000000000000036, 0.3000000000000007
11390, -0.40000000000000036, 0.3000000000000007
11391, -0.40000000000000036, 0.1999999999999993
11392, -0.40000000000000036, 0.1999999999999993
11393, -0.40000000000000036, 0.3000000000000007
11394, -0.40000000000000036, 0.1999999999999993
11395, -0.40000000000000036, 0.3000000000000007
11396, -0.40000000000000036, 0.3999999999999986
11397, -0.40000000000000036, 0.3000000000000007
11398, -0.40000000000000036, 0.3000000000000007
11399, -0.40000000000000036, 0.3000000000000007
11400, -0.40000000000000036, 0.1999999999999993
11401, -0.40000000000000036, 0.3000000000000007
11402, -0.40000000000000036, 0.3999999999999986
11403, -0.2999999999999998, 0.3000000000000007
11404, -0.2999999999999998, 0.3000000000000007
11405, -0.2999999999999998, 0.3000000000000007
11406, -0.2999999999999998, 0.1999999999999993
11407, -0.2999999999999998, 0.3000000000000007
11408, -0.2999999999999998, 0.3000000000000007
11409, -0.2999999999999998, 0.3000000000000007
11410, -0.2999999999999998, 0.3000000000000007
11411, -0.2999999999999998, 0.3000000000000007
11412, -0.2999999999999998, 0.1999999999999993
11413, -0.2999999999999998, 0.1999999999999993
11414, -0.2999999999999998, 0.3000000000000007
11415, -0.2999999999999998, 0.3999999999999986
11416, -0.2999999999999998, 0.3000000000000007
11417, -0.2999999999999998, 0.3000000000000007
11418, -0.2999999999999998, 0.3999999999999986
11419, -0.2999999999999998, 0.3000000000000007
11420, -0.2999999999999998, 0.3000000000000007
11421, -0.2999999999999998, 0.3000000000000007
11422, -0.2999999999999998, 0.3000000000000007
11423, -0.2999999999999998, 0.3999999999999986
11424, -0.2999999999999998, 0.3999999999999986
11425, -0.2999999999999998, 0.3000000000000007
11426, -0.2999999999999998, 0.3999999999999986
11427, -0.2999999999999998, 0.3999999999999986
11428, -0.2999999999999998, 0.3000000000000007
11429, -0.2999999999999998, 0.3000000000000007
11430, -0.2999999999999998, 0.3999999999999986
11431, -0.2999999999999998, 0.3000000000000007
11432, -0.2999999999999998, 0.3999999999999986
11433, -0.2999999999999998, 0.5
11434, -0.2999999999999998, 0.3999999999999986
11435, -0.40000000000000036, 0.3999999999999986
11436, -0.40000000000000036, 0.5
11437, -0.40000000000000036, 0.3999999999999986
11438, -0.40000000000000036, 0.3999999999999986
11439, -0.40000000000000036, 0.3999999999999986
11440, -0.40000000000000036, 0.3999999999999986
11441, -0.40000000000000036, 0.3999999999999986
11442, -0.40000000000000036, 0.3000000000000007
11443, -0.40000000000000036, 0.3999999999999986
11444, -0.2999999999999998, 0.3999999999999986
11445, -0.2999999999999998, 0.3000000000000007
11446, -0.2999999999999998, 0.3999999999999986
11447, -0.2999999999999998, 0.3999999999999986
11448, -0.2999999999999998, 0.3000000000000007
11449, -0.2999999999999998, 0.3999999999999986
11450, -0.2999999999999998, 0.3999999999999986
11451, -0.2999999999999998, 0.3000000000000007
11452, -0.2999999999999998, 0.3999999999999986
11453, -0.2999999999999998, 0.3999999999999986
11454, -0.2999999999999998, 0.3000000000000007
11455, -0.2999999999999998, 0.3000000000000007
11456, -0.2999999999999998, 0.3999999999999986
11457, -0.2999999999999998, 0.3999999999999986
11458, -0.2999999999999998, 0.3000000000000007
11459, -0.2999999999999998, 0.3999999999999986
11460, -0.2999999999999998, 0.3999999999999986
11461, -0.2999999999999998, 0.3000000000000007
11462, -0.2999999999999998, 0.3999999999999986
11463, -0.2999999999999998, 0.3999999999999986
11464, -0.2999999999999998, 0.3000000000000007
11465, -0.2999999999999998, 0.3000000000000007
11466, -0.2999999999999998, 0.3000000000000007
11467, -0.2999999999999998, 0.3000000000000007
11468, -0.2999999999999998, 0.3000000000000007
11469, -0.2999999999999998, 0.3000000000000007
11470, -0.2999999999999998, 0.3000000000000007
11471, -0.2999999999999998, 0.3000000000000007
11472, -0.2999999999999998, 0.1999999999999993
11473, -0.2999999999999998, 0.1999999999999993
11474, -0.2999999999999998, 0.3000000000000007
11475, -0.2999999999999998, 0.1999999999999993
11476, -0.2999999999999998, 0.3000000000000007
11477, -0.2999999999999998, 0.3000000000000007
11478, -0.2999999999999998, 0.09999999999999787
11479, -0.20000000000000018, 0.1999999999999993
11480, -0.20000000000000018, 0.1999999999999993
11481, -0.20000000000000018, 0.1999999999999993
11482, -0.20000000000000018, 0.1999999999999993
11483, -0.20000000000000018, 0.1999999999999993
11484, -0.20000000000000018, 0.09999999999999787
11485, -0.20000000000000018, 0.1999999999999993
11486, -0.20000000000000018, 0.09999999999999787
11487, -0.20000000000000018, 0.1999999999999993
11488, -0.20000000000000018, 0.1999999999999993
11489, -0.20000000000000018, 0.09999999999999787
11490, -0.20000000000000018, 0.09999999999999787
11491, -0.20000000000000018, 0.09999999999999787
11492, -0.2999999999999998, 0.1999999999999993
11493, -0.2999999999999998, 0.1999999999999993
11494, -0.2999999999999998, 0.09999999999999787
11495, -0.2999999999999998, 0.09999999999999787
11496, -0.2999999999999998, 0.09999999999999787
11497, -0.2999999999999998, 0.1999999999999993
11498, -0.2999999999999998, 0.09999999999999787
11499, -0.2999999999999998, 0.1999999999999993
11500, -0.2999999999999998, 0.09999999999999787
11501, -0.20000000000000018, 0.09999999999999787
11502, -0.20000000000000018, 0.1999999999999993
11503, -0.20000000000000018, 0.09999999999999787
11504, -0.20000000000000018, 0.1999999999999993
11505, -0.20000000000000018, 0.09999999999999787
11506, -0.20000000000000018, 0.1999999999999993
11507, -0.20000000000000018, 0.09999999999999787
11508, -0.20000000000000018, 0.1999999999999993
11509, -0.20000000000000018, 0.09999999999999787
11510, -0.20000000000000018, 0.09999999999999787
11511, -0.20000000000000018, 0.1999999999999993
11512, -0.20000000000000018, 0.0
11513, -0.20000000000000018, 0.09999999999999787
11514, -0.20000000000000018, 0.09999999999999787
11515, -0.20000000000000018, 0.1999999999999993
11516, -0.20000000000000018, 0.09999999999999787
11517, -0.20000000000000018, 0.09999999999999787
11518, -0.20000000000000018, 0.09999999999999787
11519, -0.20000000000000018, 0.09999999999999787
11520, -0.20000000000000018, 0.09999999999999787
11521, -0.20000000000000018, 0.1999999999999993
11522, -0.20000000000000018, 0.0
11523, -0.20000000000000018, 0.09999999999999787
11524, -0.20000000000000018, 0.09999999999999787
11525, -0.09999999999999964, 0.09999999999999787
11526, -0.09999999999999964, 0.09999999999999787
11527, -0.09999999999999964, 0.09999999999999787
11528, -0.09999999999999964, 0.0
11529, -0.09999999999999964, 0.09999999999999787
11530, -0.09999999999999964, 0.09999999999999787
11531, -0.09999999999999964, 0.09999999999999787
11532, 0.0, 0.0
11533, 0.0, 0.09999999999999787
11534, 0.0, 0.09999999999999787
11535, 0.0, 0.0
11536, 0.0, 0.0
11537, 0.0, 0.0
11538, 0.0, 0.09999999999999787
11539, 0.0, 0.0
11540, 0.0, 0.09999999999999787
11541, 0.0, 0.0
11542, 0.0, 0.0
11543, 0.0, 0.0
11544, 0.0, 0.09999999999999787
11545, 0.0, 0.09999999999999787
11546, 0.0, 0.0
11547, 0.0, 0.0
11548, 0.0, 0.09999999999999787
11549, 0.0, 0.0
11550, 0.0, 0.09999999999999787
11551, -0.09999999999999964, 0.0
11552, -0.09999999999999964, 0.09999999999999787
11553, -0.09999999999999964, 0.0
11554, -0.09999999999999964, 0.09999999999999787
11555, -0.09999999999999964, 0.09999999999999787
11556, -0.09999999999999964, 0.09999999999999787
11557, -0.09999999999999964, 0.0
11558, -0.09999999999999964, 0.0
11559, -0.09999999999999964, 0.09999999999999787
11560, -0.09999999999999964, 0.09999999999999787
11561, -0.09999999999999964, 0.09999999999999787
11562, -0.09999999999999964, 0.09999999999999787
11563, -0.09999999999999964, 0.09999999999999787
11564, -0.09999999999999964, 0.09999999999999787
11565, -0.09999999999999964, 0.0
11566, -0.09999999999999964, 0.0
11567, -0.09999999999999964, 0.0
11568, -0.09999999999999964, 0.09999999999999787
11569, -0.09999999999999964, 0.0
11570, -0.09999999999999964, 0.09999999999999787
11571, -0.09999999999999964, 0.0
11572, -0.09999999999999964, 0.09999999999999787
11573, -0.09999999999999964, 0.09999999999999787
11574, -0.09999999999999964, 0.09999999999999787
11575, -0.09999999999999964, 0.09999999999999787
11576, -0.09999999999999964, 0.09999999999999787
11577, -0.09999999999999964, 0.09999999999999787
11578, -0.09999999999999964, 0.09999999999999787
11579, -0.09999999999999964, 0.09999999999999787
11580, -0.09999999999999964, 0.09999999999999787
11581, -0.09999999999999964, 0.09999999999999787
11582, -0.09999999999999964, 0.09999999999999787
11583, -0.09999999999999964, 0.09999999999999787
11584, -0.09999999999999964, 0.09999999999999787
11585, -0.09999999999999964, 0.1999999999999993
11586, -0.09999999999999964, 0.09999999999999787
11587, -0.09999999999999964, 0.1999999999999993
11588, -0.09999999999999964, 0.0
11589, -0.09999999999999964, 0.09999999999999787
11590, -0.09999999999999964, 0.09999999999999787
11591, -0.09999999999999964, 0.09999999999999787
11592, -0.09999999999999964, 0.09999999999999787
11593, 0.0, 0.09999999999999787
11594, 0.0, 0.09999999999999787
11595, 0.0, 0.09999999999999787
11596, 0.0, 0.0
11597, 0.0, 0.09999999999999787
11598, 0.0, 0.0
11599, 0.0, 0.09999999999999787
11600, 0.0, 0.0
11601, 0.0, 0.0
11602, 0.0, 0.0
11603, 0.0, 0.0
11604, 0.0, 0.0
11605, 0.0, 0.0
11606, 0.0, 0.0
11607, 0.0, 0.0
11608, 0.0, 0.0
11609, 0.0, 0.0
11610, 0.0, 0.0
11611, 0.0, 0.0
11612, 0.0, 0.0
11613, 0.0, 0.0
11614, 0.0, -0.10000000000000142
11615, 0.0, 0.0
11616, 0.0, 0.0
11617, 0.0, 0.0
11618, 0.0, -0.10000000000000142
11619, 0.0, 0.0
11620, 0.0, 0.0
11621, 0.0, 0.0
11622, 0.0, -0.10000000000000142
11623, 0.0, -0.10000000000000142
11624, 0.0, -0.10000000000000142
11625, 0.0, -0.10000000000000142
11626, 0.0, -0.10000000000000142
11627, 0.0, -0.10000000000000142
11628, 0.0, -0.10000000000000142
11629, 0.0, -0.10000000000000142
11630, 0.0, -0.10000000000000142
11631, 0.0, -0.10000000000000142
11632, 0.0, -0.10000000000000142
11633, 0.0, -0.10000000000000142
11634, 0.0, -0.10000000000000142
11635, 0.0, -0.10000000000000142
11636, 0.0, -0.10000000000000142
11637, 0.0, -0.10000000000000142
11638, 0.0, -0.10000000000000142
11639, 0.0, -0.10000000000000142
11640, 0.0, -0.10000000000000142
11641, 0.0, -0.10000000000000142
11642, 0.0, -0.10000000000000142
11643, 0.0, -0.10000000000000142
11644, 0.0, -0.10000000000000142
11645, 0.0, -0.10000000000000142
11646, 0.0, -0.10000000000000142
11647, 0.0, -0.10000000000000142
11648, 0.0, 0.0
11649, 0.0, -0.10000000000000142
11650, 0.0, -0.10000000000000142
11651, 0.0, -0.10000000000000142
11652, 0.0, 0.0
11653, 0.0, 0.0
11654, 0.0, 0.0
11655, 0.0, 0.0
11656, 0.0, -0.10000000000000142
11657, 0.0, -0.10000000000000142
11658, 0.0, 0.0
11659, 0.0, 0.0
11660, 0.0, 0.0
11661, 0.0, -0.10000000000000142
11662, 0.0, -0.10000000000000142
11663, 0.0, -0.10000000000000142
11664, 0.0, -0.10000000000000142
11665, 0.0, 0.0
11666, 0.0, -0.10000000000000142
11667, 0.0, -0.10000000000000142
11668, 0.0, -0.10000000000000142
11669, 0.0, 0.0
11670, 0.0, 0.0
11671, 0.0, -0.10000000000000142
11672, 0.0, -0.10000000000000142
11673, 0.0, -0.10000000000000142
11674, 0.0, -0.1999999999999993
11675, 0.0, -0.1999999999999993
11676, 0.0, -0.10000000000000142
11677, 0.0, 0.0
11678, 0.0, -0.10000000000000142
11679, 0.0, -0.10000000000000142
11680, 0.0, -0.10000000000000142
11681, 0.0, -0.10000000000000142
11682, 0.0, -0.10000000000000142
11683, 0.0, -0.10000000000000142
11684, 0.0, -0.10000000000000142
11685, 0.0, -0.1999999999999993
11686, 0.0, -0.10000000000000142
11687, 0.0, -0.10000000000000142
11688, 0.0, -0.10000000000000142
11689, 0.0, -0.1999999999999993
11690, 0.0, -0.10000000000000142
11691, 0.0, -0.10000000000000142
11692, 0.0, -0.10000000000000142
11693, 0.0, -0.10000000000000142
11694, 0.0, -0.10000000000000142
11695, 0.0, -0.10000000000000142
11696, 0.0, -0.1999999999999993
11697, 0.0, -0.1999999999999993
11698, 0.0, -0.1999999999999993
11699, 0.0, -0.10000000000000142
11700, 0.0, -0.10000000000000142
11701, 0.0, -0.10000000000000142
11702, 0.0, -0.10000000000000142
11703, 0.0, -0.10000000000000142
11704, 0.0, -0.10000000000000142
11705, 0.0, -0.10000000000000142
11706, 0.0, -0.10000000000000142
11707, 0.0, -0.10000000000000142
11708, 0.0, -0.10000000000000142
11709, 0.0, -0.10000000000000142
11710, 0.0, -0.10000000000000142
11711, 0.0, -0.10000000000000142
11712, 0.0, 0.0
11713, 0.0, -0.10000000000000142
11714, 0.0, -0.10000000000000142
11715, 0.0, -0.10000000000000142
11716, 0.0, -0.10000000000000142
11717, 0.0, 0.0
11718, 0.0, -0.10000000000000142
11719, 0.0, 0.0
11720, 0.0, 0.0
11721, 0.0, 0.0
11722, 0.0, 0.0
11723, 0.0, 0.0
11724, 0.0, 0.0
11725, 0.0, 0.0
11726, 0.0, 0.0
11727, 0.0, 0.0
11728, 0.0, 0.0
11729, 0.0, 0.0
11730, 0.0, 0.0
11731, 0.0, 0.0
11732, 0.0, 0.09999999999999787
11733, 0.0, 0.0
11734, 0.0, 0.0
11735, 0.0, 0.0
11736, 0.0, 0.0
11737, 0.0, 0.0
11738, 0.0, 0.0
11739, 0.0, 0.09999999999999787
11740, 0.0, 0.0
11741, 0.0, 0.09999999999999787
11742, 0.0, 0.09999999999999787
11743, 0.0, 0.09999999999999787
11744, 0.0, 0.09999999999999787
11745, 0.0, 0.0
11746, 0.0, 0.0
11747, 0.0, 0.0
11748, 0.0, 0.0
11749, 0.0, 0.0
11750, 0.0, -0.10000000000000142
11751, 0.0, 0.0
11752, 0.0, 0.0
11753, 0.0, 0.0
11754, 0.0, 0.0
11755, 0.0, 0.0
11756, 0.0, 0.0
11757, 0.0, 0.0
11758, 0.0, -0.10000000000000142
11759, 0.0, 0.0
11760, 0.0, 0.0
11761, 0.0, -0.10000000000000142
11762, 0.0, 0.0
11763, 0.0, -0.10000000000000142
11764, 0.0, -0.10000000000000142
11765, 0.0, 0.0
11766, 0.0, -0.10000000000000142
11767, 0.0, -0.10000000000000142
11768, 0.0, -0.10000000000000142
11769, 0.0, 0.0
11770, 0.0, 0.0
11771, 0.0, -0.10000000000000142
11772, 0.0, -0.10000000000000142
11773, 0.0, 0.0
11774, 0.0, -0.10000000000000142
11775, 0.0, 0.0
11776, 0.0, -0.10000000000000142
11777, 0.0, -0.10000000000000142
11778, 0.0, -0.10000000000000142
11779, 0.0, -0.10000000000000142
11780, 0.0, 0.0
11781, 0.0, -0.10000000000000142
11782, 0.0, -0.10000000000000142
11783, 0.0, -0.10000000000000142
11784, 0.0, -0.10000000000000142
11785, 0.0, -0.10000000000000142
11786, 0.0, 0.0
11787, 0.0, 0.0
11788, 0.0, 0.0
11789, -0.09999999999999964, 0.0
11790, -0.09999999999999964, 0.0
11791, -0.09999999999999964, 0.0
11792, -0.09999999999999964, 0.0
11793, -0.09999999999999964, 0.09999999999999787
11794, -0.09999999999999964, 0.0
11795, -0.09999999999999964, 0.0
11796, -0.09999999999999964, 0.09999999999999787
11797, -0.09999999999999964, 0.0
11798, -0.09999999999999964, 0.09999999999999787
11799, -0.09999999999999964, 0.0
11800, -0.09999999999999964, 0.0
11801, -0.09999999999999964, 0.0
11802, -0.09999999999999964, -0.10000000000000142
11803, -0.09999999999999964, 0.0
11804, -0.09999999999999964, 0.0
11805, -0.09999999999999964, 0.0
11806, -0.09999999999999964, 0.0
11807, -0.09999999999999964, 0.09999999999999787
11808, -0.09999999999999964, 0.0
11809, -0.09999999999999964, 0.09999999999999787
11810, -0.09999999999999964, 0.09999999999999787
11811, -0.09999999999999964, -0.10000000000000142
11812, -0.20000000000000018, 0.0
11813, -0.20000000000000018, 0.0
11814, -0.20000000000000018, 0.0
11815, -0.20000000000000018, 0.0
11816, -0.20000000000000018, 0.0
11817, -0.20000000000000018, 0.0
11818, -0.20000000000000018, 0.0
11819, -0.20000000000000018, 0.09999999999999787
11820, -0.20000000000000018, 0.0
11821, -0.20000000000000018, -0.10000000000000142
11822, -0.20000000000000018, 0.0
11823, -0.20000000000000018, -0.10000000000000142
11824, -0.20000000000000018, 0.0
11825, -0.20000000000000018, 0.0
11826, -0.20000000000000018, 0.0
11827, -0.20000000000000018, 0.0
11828, -0.20000000000000018, 0.0
11829, -0.20000000000000018, 0.0
11830, -0.20000000000000018, -0.10000000000000142
11831, -0.20000000000000018, -0.10000000000000142
11832, -0.20000000000000018, -0.10000000000000142
11833, -0.20000000000000018, 0.0
11834, -0.20000000000000018, -0.10000000000000142
11835, -0.20000000000000018, 0.0
11836, -0.20000000000000018, 0.0
11837, -0.20000000000000018, 0.0
11838, -0.20000000000000018, 0.0
11839, -0.20000000000000018, -0.10000000000000142
11840, -0.20000000000000018, 0.0
11841, -0.20000000000000018, 0.0
11842, -0.20000000000000018, -0.10000000000000142
11843, -0.20000000000000018, 0.0
11844, -0.20000000000000018, 0.0
11845, -0.20000000000000018, 0.09999999999999787
11846, -0.20000000000000018, 0.0
11847, -0.2999999999999998, 0.0
11848, -0.2999999999999998, 0.0
11849, -0.2999999999999998, 0.0
11850, -0.2999999999999998, 0.09999999999999787
11851, -0.2999999999999998, 0.0
11852, -0.2999999999999998, 0.09999999999999787
11853, -0.2999999999999998, 0.0
11854, -0.2999999999999998, 0.09999999999999787
11855, -0.2999999999999998, 0.09999999999999787
11856, -0.2999999999999998, 0.09999999999999787
11857, -0.2999999999999998, 0.09999999999999787
11858, -0.2999999999999998, 0.09999999999999787
11859, -0.2999999999999998, 0.09999999999999787
11860, -0.2999999999999998, 0.1999999999999993
11861, -0.2999999999999998, 0.09999999999999787
11862, -0.2999999999999998, 0.1999999999999993
11863, -0.2999999999999998, 0.09999999999999787
11864, -0.2999999999999998, 0.1999999999999993
11865, -0.2999999999999998, 0.1999999999999993
11866, -0.2999999999999998, 0.3000000000000007
11867, -0.2999999999999998, 0.1999999999999993
11868, -0.2999999999999998, 0.1999999999999993
11869, -0.2999999999999998, 0.1999999999999993
11870, -0.2999999999999998, 0.3000000000000007
11871, -0.2999999999999998, 0.3000000000000007
11872, -0.2999999999999998, 0.3000000000000007
11873, -0.2999999999999998, 0.1999999999999993
11874, -0.2999999999999998, 0.1999999999999993
11875, -0.2999999999999998, 0.3000000000000007
11876, -0.2999999999999998, 0.3000000000000007
11877, -0.2999999999999998, 0.3000000000000007
11878, -0.2999999999999998, 0.3000000000000007
11879, -0.2999999999999998, 0.1999999999999993
11880, -0.2999999999999998, 0.3000000000000007
11881, -0.2999999999999998, 0.1999999999999993
11882, -0.2999999999999998, 0.1999999999999993
11883, -0.2999999999999998, 0.3000000000000007
11884, -0.2999999999999998, 0.3000000000000007
11885, -0.2999999999999998, 0.3000000000000007
11886, -0.2999999999999998, 0.1999999999999993
11887, -0.2999999999999998, 0.1999999999999993
11888, -0.2999999999999998, 0.1999999999999993
11889, -0.2999999999999998, 0.1999999999999993
11890, -0.2999999999999998, 0.1999999999999993
11891, -0.2999999999999998, 0.3000000000000007
11892, -0.2999999999999998, 0.1999999999999993
11893, -0.20000000000000018, 0.1999999999999993
11894, -0.20000000000000018, 0.3000000000000007
11895, -0.09999999999999964, 0.1999999999999993
11896, -0.09999999999999964, 0.09999999999999787
11897, -0.09999999999999964, 0.1999999999999993
11898, -0.09999999999999964, 0.1999999999999993
11899, -0.09999999999999964, 0.1999999999999993
11900, -0.09999999999999964, 0.1999999999999993
11901, -0.09999999999999964, 0.1999999999999993
11902, -0.09999999999999964, 0.1999999999999993
11903, -0.09999999999999964, 0.3000000000000007
11904, -0.09999999999999964, 0.1999999999999993
11905, -0.09999999999999964, 0.09999999999999787
11906, -0.09999999999999964, 0.09999999999999787
11907, -0.09999999999999964, 0.1999999999999993
11908, -0.09999999999999964, 0.1999999999999993
11909, -0.09999999999999964, 0.09999999999999787
11910, -0.09999999999999964, 0.1999999999999993
11911, -0.09999999999999964, 0.1999999999999993
11912, -0.09999999999999964, 0.1999999999999993
11913, -0.09999999999999964, 0.3000000000000007
11914, -0.09999999999999964, 0.1999999999999993
11915, -0.09999999999999964, 0.09999999999999787
11916, -0.09999999999999964, 0.09999999999999787
11917, -0.09999999999999964, 0.1999999999999993
11918, -0.09999999999999964, 0.1999999999999993
11919, -0.09999999999999964, 0.1999999999999993
11920, -0.09999999999999964, 0.3000000000000007
11921, -0.09999999999999964, 0.1999999999999993
11922, -0.09999999999999964, 0.1999999999999993
11923, -0.20000000000000018, 0.09999999999999787
11924, -0.20000000000000018, 0.1999999999999993
11925, -0.20000000000000018, 0.1999999999999993
11926, -0.20000000000000018, 0.1999999999999993
11927, -0.20000000000000018, 0.1999999999999993
11928, -0.2999999999999998, 0.3000000000000007
11929, -0.2999999999999998, 0.1999999999999993
11930, -0.2999999999999998, 0.1999999999999993
11931, -0.2999999999999998, 0.1999999999999993
11932, -0.2999999999999998, 0.3000000000000007
11933, -0.2999999999999998, 0.1999999999999993
11934, -0.2999999999999998, 0.1999999999999993
11935, -0.2999999999999998, 0.1999999999999993
11936, -0.2999999999999998, 0.1999999999999993
11937, -0.2999999999999998, 0.09999999999999787
11938, -0.2999999999999998, 0.1999999999999993
11939, -0.2999999999999998, 0.1999999999999993
11940, -0.40000000000000036, 0.1999999999999993
11941, -0.40000000000000036, 0.1999999999999993
11942, -0.40000000000000036, 0.1999999999999993
11943, -0.40000000000000036, 0.1999999999999993
11944, -0.40000000000000036, 0.3000000000000007
11945, -0.40000000000000036, 0.1999999999999993
11946, -0.40000000000000036, 0.1999999999999993
11947, -0.40000000000000036, 0.1999999999999993
11948, -0.40000000000000036, 0.1999999999999993
11949, -0.40000000000000036, 0.1999999999999993
11950, -0.40000000000000036, 0.1999999999999993
11951, -0.40000000000000036, 0.1999999999999993
11952, -0.40000000000000036, 0.1999999999999993
11953, -0.40000000000000036, 0.1999999999999993
11954, -0.40000000000000036, 0.1999999999999993
11955, -0.40000000000000036, 0.3000000000000007
11956, -0.40000000000000036, 0.3000000000000007
11957, -0.40000000000000036, 0.3000000000000007
11958, -0.40000000000000036, 0.3000000000000007
11959, -0.40000000000000036, 0.3000000000000007
11960, -0.40000000000000036, 0.3000000000000007
11961, -0.40000000000000036, 0.1999999999999993
11962, -0.2999999999999998, 0.1999999999999993
11963, -0.20000000000000018, 0.1999999999999993
11964, -0.20000000000000018, 0.1999999999999993
11965, -0.20000000000000018, 0.1999999999999993
11966, -0.20000000000000018, 0.3000000000000007
11967, -0.20000000000000018, 0.3000000000000007
11968, -0.20000000000000018, 0.3999999999999986
11969, -0.20000000000000018, 0.3000000000000007
11970, -0.20000000000000018, 0.3000000000000007
11971, -0.20000000000000018, 0.3000000000000007
11972, -0.20000000000000018, 0.3000000000000007
11973, -0.20000000000000018, 0.3000000000000007
11974, -0.20000000000000018, 0.3000000000000007
11975, -0.20000000000000018, 0.3000000000000007
11976, -0.20000000000000018, 0.3000000000000007
11977, -0.20000000000000018, 0.3000000000000007
11978, -0.20000000000000018, 0.3999999999999986
11979, -0.20000000000000018, 0.3000000000000007
11980, -0.20000000000000018, 0.3000000000000007
11981, -0.20000000000000018, 0.1999999999999993
11982, -0.20000000000000018, 0.1999999999999993
11983, -0.20000000000000018, 0.1999999999999993
11984, -0.20000000000000018, 0.3000000000000007
11985, -0.20000000000000018, 0.3000000000000007
11986, -0.20000000000000018, 0.3000000000000007
11987, -0.20000000000000018, 0.3000000000000007
11988, -0.20000000000000018, 0.3000000000000007
11989, -0.20000000000000018, 0.3999999999999986
11990, -0.20000000000000018, 0.3999999999999986
11991, -0.20000000000000018, 0.3999999999999986
11992, -0.20000000000000018, 0.3000000000000007
11993, -0.20000000000000018, 0.1999999999999993
11994, -0.20000000000000018, 0.1999999999999993
11995, -0.20000000000000018, 0.3000000000000007
11996, -0.20000000000000018, 0.3000000000000007
11997, -0.2999999999999998, 0.3000000000000007
11998, -0.2999999999999998, 0.3000000000000007
11999, -0.2999999999999998, 0.1999999999999993
12000, -0.2999999999999998, 0.3000000000000007
12001, -0.2999999999999998, 0.3000000000000007
12002, -0.2999999999999998, 0.3000000000000007
12003, -0.2999999999999998, 0.3000000000000007
12004, -0.2999999999999998, 0.3000000000000007
12005, -0.2999999999999998, 0.3999999999999986
12006, -0.2999999999999998, 0.3000000000000007
12007, -0.2999999999999998, 0.3000000000000007
12008, -0.2999999999999998, 0.3000000000000007
12009, -0.2999999999999998, 0.3000000000000007
12010, -0.2999999999999998, 0.1999999999999993
12011, -0.2999999999999998, 0.3000000000000007
12012, -0.2999999999999998, 0.3000000000000007
12013, -0.2999999999999998, 0.1999999999999993
12014, -0.2999999999999998, 0.1999999999999993
12015, -0.2999999999999998, 0.1999999999999993
12016, -0.2999999999999998, 0.1999999999999993
12017, -0.2999999999999998, 0.1999999999999993
12018, -0.2999999999999998, 0.3000000000000007
12019, -0.2999999999999998, 0.1999999999999993
12020, -0.2999999999999998, 0.1999999999999993
12021, -0.2999999999999998, 0.1999999999999993
12022, -0.2999999999999998, 0.1999999999999993
12023, -0.2999999999999998, 0.1999999999999993
12024, -0.2999999999999998, 0.09999999999999787
12025, -0.2999999999999998, 0.1999999999999993
12026, -0.2999999999999998, 0.1999999999999993
12027, -0.2999999999999998, 0.1999999999999993
12028, -0.2999999999999998, 0.1999999999999993
12029, -0.2999999999999998, 0.09999999999999787
12030, -0.2999999999999998, 0.1999999999999993
12031, -0.2999999999999998, 0.1999999999999993
12032, -0.2999999999999998, 0.3000000000000007
12033, -0.2999999999999998, 0.3000000000000007
12034, -0.2999999999999998, 0.1999999999999993
12035, -0.2999999999999998, 0.1999999999999993
12036, -0.2999999999999998, 0.1999999999999993
12037, -0.2999999999999998, 0.1999999999999993
12038, -0.2999999999999998, 0.1999999999999993
12039, -0.2999999999999998, 0.1999999999999993
12040, -0.2999999999999998, 0.1999999999999993
12041, -0.2999999999999998, 0.1999999999999993
12042, -0.2999999999999998, 0.1999999999999993
12043, -0.2999999999999998, 0.1999999999999993
12044, -0.2999999999999998, 0.1999999999999993
12045, -0.2999999999999998, 0.1999999999999993
12046, -0.2999999999999998, 0.1999999999999993
12047, -0.2999999999999998, 0.3000000000000007
12048, -0.2999999999999998, 0.1999999999999993
12049, -0.2999999999999998, 0.1999999999999993
12050, -0.2999999999999998, 0.1999999999999993
12051, -0.2999999999999998, 0.1999999999999993
12052, -0.2999999999999998, 0.1999999999999993
12053, -0.2999999999999998, 0.1999999999999993
12054, -0.2999999999999998, 0.1999999999999993
12055, -0.2999999999999998, 0.3000000000000007
12056, -0.2999999999999998, 0.3000000000000007
12057, -0.2999999999999998, 0.1999999999999993
12058, -0.2999999999999998, 0.1999999999999993
12059, -0.20000000000000018, 0.1999999999999993
12060, -0.20000000000000018, 0.1999999999999993
12061, -0.20000000000000018, 0.1999999999999993
12062, -0.20000000000000018, 0.1999999999999993
12063, -0.20000000000000018, 0.1999999999999993
12064, -0.20000000000000018, 0.3000000000000007
12065, -0.20000000000000018, 0.3000000000000007
12066, -0.20000000000000018, 0.3000000000000007
12067, -0.20000000000000018, 0.1999999999999993
12068, -0.20000000000000018, 0.1999999999999993
12069, -0.20000000000000018, 0.3000000000000007
12070, -0.20000000000000018, 0.3000000000000007
12071, -0.2999999999999998, 0.1999999999999993
12072, -0.2999999999999998, 0.1999999999999993
12073, -0.2999999999999998, 0.1999999999999993
12074, -0.2999999999999998, 0.3000000000000007
12075, -0.2999999999999998, 0.3000000000000007
12076, -0.20000000000000018, 0.3000000000000007
12077, -0.20000000000000018, 0.3000000000000007
12078, -0.20000000000000018, 0.3000000000000007
12079, -0.20000000000000018, 0.1999999999999993
12080, -0.20000000000000018, 0.3000000000000007
12081, -0.20000000000000018, 0.3000000000000007
12082, -0.20000000000000018, 0.1999999999999993
12083, -0.20000000000000018, 0.1999999999999993
12084, -0.20000000000000018, 0.1999999999999993
12085, -0.20000000000000018, 0.3000000000000007
12086, -0.20000000000000018, 0.1999999999999993
12087, -0.20000000000000018, 0.1999999999999993
12088, -0.20000000000000018, 0.1999999999999993
12089, -0.20000000000000018, 0.3000000000000007
12090, -0.20000000000000018, 0.1999999999999993
12091, -0.20000000000000018, 0.1999999999999993
12092, -0.20000000000000018, 0.1999999999999993
12093, -0.20000000000000018, 0.1999999999999993
12094, -0.20000000000000018, 0.1999999999999993
12095, -0.20000000000000018, 0.1999999999999993
12096, -0.20000000000000018, 0.3000000000000007
12097, -0.20000000000000018, 0.09999999999999787
12098, -0.20000000000000018, 0.09999999999999787
12099, -0.20000000000000018, 0.09999999999999787
12100, -0.20000000000000018, 0.1999999999999993
12101, -0.20000000000000018, 0.09999999999999787
12102, -0.20000000000000018, 0.09999999999999787
12103, -0.20000000000000018, 0.1999999999999993
12104, -0.09999999999999964, 0.1999999999999993
12105, -0.09999999999999964, 0.09999999999999787
12106, -0.09999999999999964, 0.1999999999999993
12107, -0.09999999999999964, 0.1999999999999993
12108, -0.09999999999999964, 0.1999999999999993
12109, -0.09999999999999964, 0.09999999999999787
12110, -0.09999999999999964, 0.09999999999999787
12111, -0.09999999999999964, 0.09999999999999787
12112, -0.09999999999999964, 0.1999999999999993
12113, -0.09999999999999964, 0.1999999999999993
12114, -0.09999999999999964, 0.1999999999999993
12115, -0.09999999999999964, 0.1999999999999993
12116, -0.09999999999999964, 0.1999999999999993
12117, -0.09999999999999964, 0.09999999999999787
12118, -0.09999999999999964, 0.09999999999999787
12119, -0.09999999999999964, 0.1999999999999993
12120, -0.09999999999999964, 0.1999999999999993
12121, -0.09999999999999964, 0.09999999999999787
12122, -0.09999999999999964, 0.1999999999999993
12123, -0.09999999999999964, 0.1999999999999993
12124, -0.09999999999999964, 0.09999999999999787
12125, -0.09999999999999964, 0.1999999999999993
12126, -0.09999999999999964, 0.1999999999999993
12127, -0.09999999999999964, 0.1999999999999993
12128, -0.09999999999999964, 0.3000000000000007
12129, -0.09999999999999964, 0.09999999999999787
12130, -0.09999999999999964, 0.09999999999999787
12131, -0.09999999999999964, 0.1999999999999993
12132, -0.09999999999999964, 0.1999999999999993
12133, -0.09999999999999964, 0.1999999999999993
12134, -0.09999999999999964, 0.09999999999999787
12135, -0.09999999999999964, 0.1999999999999993
12136, -0.09999999999999964, 0.1999999999999993
12137, -0.09999999999999964, 0.1999999999999993
12138, -0.09999999999999964, 0.1999999999999993
12139, 0.0, 0.09999999999999787
12140, 0.0, 0.09999999999999787
12141, 0.0, 0.09999999999999787
12142, 0.0, 0.1999999999999993
12143, 0.0, 0.09999999999999787
12144, 0.0, 0.09999999999999787
12145, 0.0, 0.09999999999999787
12146, 0.0, 0.09999999999999787
12147, 0.0, 0.09999999999999787
12148, 0.0, 0.0
12149, 0.0, 0.09999999999999787
12150, -0.09999999999999964, 0.09999999999999787
12151, -0.09999999999999964, 0.09999999999999787
12152, -0.09999999999999964, -0.10000000000000142
12153, -0.09999999999999964, 0.0
12154, -0.20000000000000018, 0.0
12155, -0.20000000000000018, 0.0
12156, -0.20000000000000018, 0.0
12157, -0.20000000000000018, 0.0
12158, -0.20000000000000018, 0.0
12159, -0.20000000000000018, 0.0
12160, -0.20000000000000018, 0.0
12161, -0.20000000000000018, 0.0
12162, -0.20000000000000018, -0.10000000000000142
12163, -0.20000000000000018, -0.10000000000000142
12164, -0.20000000000000018, 0.0
12165, -0.20000000000000018, 0.0
12166, -0.20000000000000018, 0.0
12167, -0.20000000000000018, -0.10000000000000142
12168, -0.20000000000000018, 0.0
12169, -0.20000000000000018, 0.0
12170, -0.20000000000000018, 0.0
12171, -0.20000000000000018, 0.0
12172, -0.20000000000000018, 0.0
12173, -0.20000000000000018, -0.10000000000000142
12174, -0.20000000000000018, -0.10000000000000142
12175, -0.20000000000000018, -0.10000000000000142
12176, -0.09999999999999964, 0.0
12177, -0.09999999999999964, -0.10000000000000142
12178, -0.09999999999999964, -0.10000000000000142
12179, -0.09999999999999964, 0.0
12180, -0.09999999999999964, 0.0
12181, -0.09999999999999964, 0.0
12182, -0.09999999999999964, -0.10000000000000142
12183, -0.09999999999999964, 0.0
12184, -0.09999999999999964, 0.0
12185, -0.09999999999999964, 0.0
12186, -0.09999999999999964, 0.0
12187, -0.09999999999999964, 0.09999999999999787
12188, 0.0, 0.0
12189, 0.0, 0.0
12190, 0.0, 0.0
12191, 0.0, 0.09999999999999787
12192, 0.0, 0.09999999999999787
12193, 0.0, 0.0
12194, 0.0, 0.0
12195, 0.0, 0.09999999999999787
12196, 0.0, 0.0
12197, 0.0, 0.0
12198, 0.0, 0.0
12199, 0.0, 0.09999999999999787
12200, 0.0, 0.09999999999999787
12201, 0.0, 0.09999999999999787
12202, 0.0, 0.09999999999999787
12203, 0.0, 0.09999999999999787
12204, 0.0, 0.1999999999999993
12205, 0.0, 0.09999999999999787
12206, 0.0, 0.0
12207, 0.0, 0.0
12208, 0.0, 0.0
12209, 0.0, 0.0
12210, 0.0, 0.0
12211, 0.0, 0.09999999999999787
12212, 0.0, 0.09999999999999787
12213, 0.0, 0.09999999999999787
12214, 0.0, 0.09999999999999787
12215, -0.09999999999999964, 0.0
12216, -0.09999999999999964, -0.10000000000000142
12217, -0.09999999999999964, -0.10000000000000142
12218, -0.09999999999999964, 0.0
12219, -0.09999999999999964, 0.0
12220, -0.09999999999999964, 0.0
12221, -0.09999999999999964, 0.0
12222, -0.09999999999999964, 0.0
12223, -0.09999999999999964, 0.0
12224, -0.09999999999999964, 0.0
12225, -0.09999999999999964, 0.09999999999999787
12226, -0.09999999999999964, 0.0
12227, -0.09999999999999964, 0.0
12228, -0.09999999999999964, -0.10000000000000142
12229, -0.09999999999999964, -0.10000000000000142
12230, -0.09999999999999964, -0.10000000000000142
12231, -0.09999999999999964, -0.10000000000000142
12232, -0.09999999999999964, -0.10000000000000142
12233, -0.09999999999999964, 0.0
12234, -0.09999999999999964, 0.0
12235, -0.09999999999999964, 0.0
12236, -0.09999999999999964, 0.0
12237, -0.09999999999999964, 0.0
12238, -0.09999999999999964, -0.10000000000000142
12239, -0.09999999999999964, -0.10000000000000142
12240, -0.09999999999999964, -0.10000000000000142
12241, -0.09999999999999964, -0.10000000000000142
12242, -0.09999999999999964, -0.10000000000000142
12243, -0.09999999999999964, 0.0
12244, -0.09999999999999964, 0.0
12245, -0.09999999999999964, 0.0
12246, -0.09999999999999964, 0.0
12247, -0.09999999999999964, 0.0
12248, -0.09999999999999964, 0.0
12249, -0.09999999999999964, 0.09999999999999787
12250, -0.09999999999999964, 0.09999999999999787
12251, -0.09999999999999964, 0.09999999999999787
12252, -0.09999999999999964, 0.09999999999999787
12253, -0.09999999999999964, 0.09999999999999787
12254, -0.09999999999999964, 0.0
12255, -0.09999999999999964, 0.0
12256, -0.09999999999999964, 0.0
12257, -0.09999999999999964, 0.0
12258, -0.09999999999999964, 0.0
12259, -0.09999999999999964, 0.0
12260, -0.09999999999999964, 0.0
12261, 0.0, 0.0
12262, 0.0, 0.09999999999999787
12263, 0.0, 0.09999999999999787
12264, 0.0, 0.09999999999999787
12265, 0.0, 0.09999999999999787
12266, 0.0, 0.09999999999999787
12267, 0.0, 0.09999999999999787
12268, 0.0, 0.09999999999999787
12269, 0.0, 0.09999999999999787
12270, 0.0, 0.09999999999999787
12271, 0.0, 0.09999999999999787
12272, 0.0, 0.09999999999999787
12273, 0.0, 0.09999999999999787
12274, 0.0, 0.09999999999999787
12275, 0.0, 0.09999999999999787
12276, 0.0, 0.09999999999999787
12277, 0.0, 0.09999999999999787
12278, 0.0, 0.0
12279, 0.0, 0.0
12280, 0.0, 0.0
12281, 0.0, 0.0
12282, 0.0, 0.0
12283, 0.0, 0.09999999999999787
12284, 0.0, 0.09999999999999787
12285, 0.0, 0.0
12286, 0.0, 0.0
12287, 0.0, 0.0
12288, 0.0, 0.0
12289, 0.0, 0.0
12290, 0.0, 0.0
12291, 0.0, 0.0
12292, 0.0, 0.0
12293, 0.0, 0.0
12294, 0.0, 0.0
12295, 0.0, 0.0
12296, 0.0, 0.0
12297, 0.0, 0.0
12298, 0.0, 0.0
12299, 0.0, 0.0
12300, 0.0, 0.0
12301, 0.0, 0.0
12302, 0.0, 0.0
12303, 0.0, 0.0
12304, 0.0, 0.0
12305, 0.0, 0.0
12306, 0.0, 0.0
12307, 0.0, 0.09999999999999787
12308, 0.0, 0.0
12309, 0.0, 0.0
12310, 0.0, 0.0
12311, -0.09999999999999964, 0.0
12312, -0.09999999999999964, 0.09999999999999787
12313, -0.09999999999999964, 0.0
12314, -0.09999999999999964, 0.0
12315, -0.20000000000000018, 0.0
12316, -0.20000000000000018, 0.0
12317, -0.20000000000000018, 0.0
12318, -0.20000000000000018, 0.0
12319, -0.20000000000000018, 0.0
12320, -0.20000000000000018, 0.0
12321, -0.20000000000000018, 0.0
12322, -0.20000000000000018, 0.0
12323, -0.20000000000000018, 0.09999999999999787
12324, -0.20000000000000018, 0.09999999999999787
12325, -0.20000000000000018, 0.09999999999999787
12326, -0.20000000000000018, 0.09999999999999787
12327, -0.20000000000000018, 0.09999999999999787
12328, -0.20000000000000018, 0.0
12329, -0.20000000000000018, 0.0
12330, -0.20000000000000018, 0.0
12331, -0.20000000000000018, 0.09999999999999787
12332, -0.20000000000000018, 0.09999999999999787
12333, -0.20000000000000018, 0.09999999999999787
12334, -0.20000000000000018, 0.09999999999999787
12335, -0.20000000000000018, 0.09999999999999787
12336, -0.20000000000000018, 0.09999999999999787
12337, -0.20000000000000018, 0.09999999999999787
12338, -0.20000000000000018, 0.0
12339, -0.20000000000000018, 0.09999999999999787
12340, -0.20000000000000018, 0.09999999999999787
12341, -0.09999999999999964, 0.09999999999999787
12342, -0.09999999999999964, 0.0
12343, -0.09999999999999964, 0.09999999999999787
12344, -0.09999999999999964, 0.09999999999999787
12345, -0.09999999999999964, 0.1999999999999993
12346, -0.09999999999999964, 0.1999999999999993
12347, -0.09999999999999964, 0.09999999999999787
12348, -0.09999999999999964, 0.09999999999999787
12349, -0.09999999999999964, 0.09999999999999787
12350, -0.09999999999999964, 0.1999999999999993
12351, -0.09999999999999964, 0.1999999999999993
12352, -0.20000000000000018, 0.09999999999999787
12353, -0.20000000000000018, 0.09999999999999787
12354, -0.09999999999999964, 0.09999999999999787
12355, -0.09999999999999964, 0.1999999999999993
12356, -0.09999999999999964, 0.1999999999999993
12357, -0.20000000000000018, 0.09999999999999787
12358, -0.20000000000000018, 0.09999999999999787
12359, -0.20000000000000018, 0.09999999999999787
12360, -0.20000000000000018, 0.09999999999999787
12361, -0.20000000000000018, 0.1999999999999993
12362, -0.20000000000000018, 0.1999999999999993
12363, -0.20000000000000018, 0.09999999999999787
12364, -0.20000000000000018, 0.09999999999999787
12365, -0.20000000000000018, 0.09999999999999787
12366, -0.20000000000000018, 0.09999999999999787
12367, -0.20000000000000018, 0.1999999999999993
12368, -0.20000000000000018, 0.0
12369, -0.20000000000000018, 0.0
12370, -0.20000000000000018, 0.0
12371, -0.20000000000000018, 0.0
12372, -0.20000000000000018, 0.0
12373, -0.20000000000000018, 0.0
12374, -0.20000000000000018, 0.0
12375, -0.20000000000000018, 0.0
12376, -0.20000000000000018, 0.0
12377, -0.20000000000000018, 0.0
12378, -0.20000000000000018, -0.10000000000000142
12379, -0.20000000000000018, 0.0
12380, -0.20000000000000018, 0.0
12381, -0.20000000000000018, 0.0
12382, -0.20000000000000018, 0.0
12383, -0.20000000000000018, -0.10000000000000142
12384, -0.20000000000000018, -0.10000000000000142
12385, -0.20000000000000018, 0.0
12386, -0.20000000000000018, 0.0
12387, -0.20000000000000018, 0.0
12388, -0.20000000000000018, -0.10000000000000142
12389, -0.20000000000000018, 0.0
12390, -0.20000000000000018, 0.09999999999999787
12391, -0.20000000000000018, 0.09999999999999787
12392, -0.20000000000000018, 0.09999999999999787
12393, -0.20000000000000018, 0.09999999999999787
12394, -0.20000000000000018, 0.09999999999999787
12395, -0.20000000000000018, 0.09999999999999787
12396, -0.20000000000000018, 0.09999999999999787
12397, -0.20000000000000018, 0.0
12398, -0.20000000000000018, 0.0
12399, -0.20000000000000018, 0.0
12400, -0.20000000000000018, 0.0
12401, -0.20000000000000018, 0.0
12402, -0.20000000000000018, 0.0
12403, -0.20000000000000018, 0.09999999999999787
12404, -0.20000000000000018, 0.09999999999999787
12405, -0.20000000000000018, 0.0
12406, -0.20000000000000018, 0.0
12407, -0.20000000000000018, 0.0
12408, -0.20000000000000018, 0.09999999999999787
12409, -0.20000000000000018, 0.09999999999999787
12410, -0.20000000000000018, 0.09999999999999787
12411, -0.20000000000000018, 0.0
12412, -0.20000000000000018, 0.09999999999999787
12413, -0.20000000000000018, 0.09999999999999787
12414, -0.20000000000000018, 0.09999999999999787
12415, -0.20000000000000018, 0.09999999999999787
12416, -0.20000000000000018, 0.1999999999999993
12417, -0.20000000000000018, 0.1999999999999993
12418, -0.20000000000000018, 0.1999999999999993
12419, -0.20000000000000018, 0.0
12420, -0.20000000000000018, 0.0
12421, -0.20000000000000018, 0.09999999999999787
12422, -0.20000000000000018, 0.09999999999999787
12423, -0.09999999999999964, 0.09999999999999787
12424, -0.09999999999999964, 0.09999999999999787
12425, -0.09999999999999964, 0.1999999999999993
12426, -0.09999999999999964, 0.1999999999999993
12427, -0.09999999999999964, 0.1999999999999993
12428, -0.09999999999999964, 0.09999999999999787
12429, -0.09999999999999964, 0.1999999999999993
12430, -0.09999999999999964, 0.1999999999999993
12431, -0.09999999999999964, 0.09999999999999787
12432, -0.09999999999999964, 0.09999999999999787
12433, -0.09999999999999964, 0.1999999999999993
12434, -0.09999999999999964, 0.1999999999999993
12435, -0.20000000000000018, 0.1999999999999993
12436, -0.2999999999999998, 0.1999999999999993
12437, -0.2999999999999998, 0.1999999999999993
12438, -0.2999999999999998, 0.1999999999999993
12439, -0.2999999999999998, 0.1999999999999993
12440, -0.2999999999999998, 0.1999999999999993
12441, -0.2999999999999998, 0.09999999999999787
12442, -0.2999999999999998, 0.09999999999999787
12443, -0.2999999999999998, 0.09999999999999787
12444, -0.2999999999999998, 0.1999999999999993
12445, -0.2999999999999998, 0.1999999999999993
12446, -0.2999999999999998, 0.1999999999999993
12447, -0.2999999999999998, 0.1999999999999993
12448, -0.2999999999999998, 0.09999999999999787
12449, -0.2999999999999998, 0.09999999999999787
12450, -0.2999999999999998, 0.09999999999999787
12451, -0.2999999999999998, 0.09999999999999787
12452, -0.2999999999999998, 0.09999999999999787
12453, -0.20000000000000018, 0.09999999999999787
12454, -0.20000000000000018, 0.09999999999999787
12455, -0.20000000000000018, 0.09999999999999787
12456, -0.09999999999999964, 0.09999999999999787
12457, -0.09999999999999964, 0.0
12458, -0.09999999999999964, 0.0
12459, -0.09999999999999964, 0.0
12460, -0.09999999999999964, 0.0
12461, -0.09999999999999964, 0.09999999999999787
12462, -0.09999999999999964, 0.09999999999999787
12463, -0.09999999999999964, 0.09999999999999787
12464, -0.09999999999999964, 0.09999999999999787
12465, -0.09999999999999964, 0.09999999999999787
12466, -0.09999999999999964, 0.09999999999999787
12467, -0.20000000000000018, 0.0
12468, -0.20000000000000018, 0.0
12469, -0.20000000000000018, 0.0
12470, -0.20000000000000018, 0.0
12471, -0.20000000000000018, 0.0
12472, -0.20000000000000018, 0.09999999999999787
12473, -0.20000000000000018, 0.09999999999999787
12474, -0.09999999999999964, 0.09999999999999787
12475, -0.09999999999999964, 0.09999999999999787
12476, -0.09999999999999964, 0.09999999999999787
12477, -0.09999999999999964, 0.1999999999999993
12478, -0.09999999999999964, 0.1999999999999993
12479, -0.09999999999999964, 0.09999999999999787
12480, -0.09999999999999964, 0.09999999999999787
12481, -0.09999999999999964, 0.09999999999999787
12482, -0.09999999999999964, 0.09999999999999787
12483, -0.09999999999999964, 0.1999999999999993
12484, -0.09999999999999964, 0.1999999999999993
12485, -0.09999999999999964, 0.1999999999999993
12486, -0.09999999999999964, 0.1999999999999993
12487, -0.09999999999999964, 0.1999999999999993
12488, -0.09999999999999964, 0.1999999999999993
12489, -0.09999999999999964, 0.1999999999999993
12490, -0.09999999999999964, 0.1999999999999993
12491, -0.09999999999999964, 0.1999999999999993
12492, -0.09999999999999964, 0.1999999999999993
12493, -0.09999999999999964, 0.1999999999999993
12494, -0.09999999999999964, 0.1999999999999993
12495, -0.09999999999999964, 0.1999999999999993
12496, -0.09999999999999964, 0.1999999999999993
12497, -0.09999999999999964, 0.1999999999999993
12498, -0.09999999999999964, 0.1999999999999993
12499, -0.09999999999999964, 0.1999999999999993
12500, -0.09999999999999964, 0.1999999999999993
12501, -0.09999999999999964, 0.1999999999999993
12502, -0.09999999999999964, 0.09999999999999787
12503, -0.09999999999999964, 0.09999999999999787
12504, -0.20000000000000018, 0.09999999999999787
12505, -0.20000000000000018, 0.09999999999999787
12506, -0.20000000000000018, 0.09999999999999787
12507, -0.20000000000000018, 0.09999999999999787
12508, -0.20000000000000018, 0.09999999999999787
12509, -0.20000000000000018, 0.09999999999999787
12510, -0.20000000000000018, 0.1999999999999993
12511, -0.20000000000000018, 0.1999999999999993
12512, -0.20000000000000018, 0.1999999999999993
12513, -0.20000000000000018, 0.1999999999999993
12514, -0.20000000000000018, 0.09999999999999787
12515, -0.20000000000000018, 0.09999999999999787
12516, -0.20000000000000018, 0.09999999999999787
12517, -0.20000000000000018, 0.09999999999999787
12518, -0.20000000000000018, 0.09999999999999787
12519, -0.20000000000000018, 0.09999999999999787
12520, -0.20000000000000018, 0.09999999999999787
12521, -0.20000000000000018, 0.1999999999999993
12522, -0.20000000000000018, 0.1999999999999993
12523, -0.20000000000000018, 0.1999999999999993
12524, -0.20000000000000018, 0.09999999999999787
12525, -0.20000000000000018, 0.09999999999999787
12526, -0.20000000000000018, 0.09999999999999787
12527, -0.20000000000000018, 0.09999999999999787
12528, -0.20000000000000018, 0.09999999999999787
12529, -0.20000000000000018, 0.1999999999999993
12530, -0.20000000000000018, 0.1999999999999993
12531, -0.20000000000000018, 0.1999999999999993
12532, -0.20000000000000018, 0.1999999999999993
12533, -0.20000000000000018, 0.09999999999999787
12534, -0.20000000000000018, 0.09999999999999787
12535, -0.20000000000000018, 0.09999999999999787
12536, -0.20000000000000018, 0.1999999999999993
12537, -0.20000000000000018, 0.1999999999999993
12538, -0.20000000000000018, 0.1999999999999993
12539, -0.20000000000000018, 0.1999999999999993
12540, -0.20000000000000018, 0.3000000000000007
12541, -0.20000000000000018, 0.1999999999999993
12542, -0.20000000000000018, 0.1999999999999993
12543, -0.20000000000000018, 0.1999999999999993
12544, -0.20000000000000018, 0.1999999999999993
12545, -0.20000000000000018, 0.3000000000000007
12546, -0.20000000000000018, 0.3000000000000007
12547, -0.20000000000000018, 0.3000000000000007
12548, -0.20000000000000018, 0.3000000000000007
12549, -0.20000000000000018, 0.1999999999999993
12550, -0.20000000000000018, 0.1999999999999993
12551, -0.20000000000000018, 0.1999999999999993
12552, -0.20000000000000018, 0.1999999999999993
12553, -0.20000000000000018, 0.1999999999999993
12554, -0.20000000000000018, 0.1999999999999993
12555, -0.20000000000000018, 0.1999999999999993
12556, -0.20000000000000018, 0.3000000000000007
12557, -0.20000000000000018, 0.1999999999999993
12558, -0.20000000000000018, 0.1999999999999993
12559, -0.20000000000000018, 0.1999999999999993
12560, -0.20000000000000018, 0.1999999999999993
12561, -0.20000000000000018, 0.3000000000000007
12562, -0.20000000000000018, 0.3000000000000007
12563, -0.20000000000000018, 0.3000000000000007
12564, -0.20000000000000018, 0.3000000000000007
12565, -0.09999999999999964, 0.1999999999999993
12566, -0.20000000000000018, 0.3000000000000007
12567, -0.20000000000000018, 0.3000000000000007
12568, -0.20000000000000018, 0.3000000000000007
12569, -0.20000000000000018, 0.3000000000000007
12570, -0.20000000000000018, 0.3000000000000007
12571, -0.20000000000000018, 0.1999999999999993
12572, -0.20000000000000018, 0.1999999999999993
12573, -0.20000000000000018, 0.1999999999999993
12574, -0.2999999999999998, 0.3000000000000007
12575, -0.2999999999999998, 0.3000000000000007
12576, -0.2999999999999998, 0.3000000000000007
12577, -0.2999999999999998, 0.1999999999999993
12578, -0.2999999999999998, 0.1999999999999993
12579, -0.20000000000000018, 0.1999999999999993
12580, -0.20000000000000018, 0.1999999999999993
12581, -0.20000000000000018, 0.1999999999999993
12582, -0.20000000000000018, 0.1999999999999993
12583, -0.20000000000000018, 0.1999999999999993
12584, -0.09999999999999964, 0.1999999999999993
12585, -0.09999999999999964, 0.1999999999999993
12586, -0.09999999999999964, 0.1999999999999993
12587, -0.09999999999999964, 0.1999999999999993
12588, -0.09999999999999964, 0.09999999999999787
12589, -0.09999999999999964, 0.09999999999999787
12590, -0.09999999999999964, 0.1999999999999993
12591, -0.09999999999999964, 0.1999999999999993
12592, -0.09999999999999964, 0.1999999999999993
12593, -0.09999999999999964, 0.1999999999999993
12594, -0.09999999999999964, 0.1999999999999993
12595, -0.09999999999999964, 0.1999999999999993
12596, -0.09999999999999964, 0.09999999999999787
12597, -0.09999999999999964, 0.1999999999999993
12598, -0.09999999999999964, 0.1999999999999993
12599, -0.09999999999999964, 0.1999999999999993
12600, -0.09999999999999964, 0.1999999999999993
12601, -0.09999999999999964, 0.09999999999999787
12602, -0.09999999999999964, 0.09999999999999787
12603, -0.09999999999999964, 0.09999999999999787
12604, -0.09999999999999964, 0.1999999999999993
12605, -0.09999999999999964, 0.1999999999999993
12606, -0.09999999999999964, 0.1999999999999993
12607, -0.09999999999999964, 0.1999999999999993
12608, 0.0, 0.1999999999999993
12609, 0.0, 0.09999999999999787
12610, 0.0, 0.1999999999999993
12611, 0.0, 0.1999999999999993
12612, 0.0, 0.1999999999999993
12613, 0.0, 0.1999999999999993
12614, 0.0, 0.1999999999999993
12615, 0.0, 0.1999999999999993
12616, 0.0, 0.1999999999999993
12617, 0.0, 0.3000000000000007
12618, 0.0, 0.1999999999999993
12619, 0.0, 0.09999999999999787
12620, 0.0, 0.09999999999999787
12621, 0.0, 0.09999999999999787
12622, 0.0, 0.09999999999999787
12623, 0.0, 0.1999999999999993
12624, 0.0, 0.1999999999999993
12625, 0.0, 0.1999999999999993
12626, 0.0, 0.1999999999999993
12627, 0.0, 0.09999999999999787
12628, 0.0, 0.09999999999999787
12629, 0.0, 0.09999999999999787
12630, 0.0, 0.1999999999999993
12631, 0.0, 0.1999999999999993
12632, 0.0, 0.1999999999999993
12633, 0.0, 0.09999999999999787
12634, 0.0, 0.09999999999999787
12635, -0.09999999999999964, 0.09999999999999787
12636, -0.09999999999999964, 0.09999999999999787
12637, -0.09999999999999964, 0.09999999999999787
12638, -0.09999999999999964, 0.09999999999999787
12639, -0.09999999999999964, 0.09999999999999787
12640, -0.09999999999999964, 0.09999999999999787
12641, -0.09999999999999964, 0.0
12642, -0.09999999999999964, 0.0
12643, -0.09999999999999964, 0.09999999999999787
12644, -0.09999999999999964, 0.09999999999999787
12645, -0.09999999999999964, 0.09999999999999787
12646, -0.09999999999999964, 0.09999999999999787
12647, -0.09999999999999964, 0.0
12648, -0.09999999999999964, 0.0
12649, -0.09999999999999964, 0.0
12650, -0.09999999999999964, 0.09999999999999787
12651, -0.09999999999999964, 0.09999999999999787
12652, 0.0, 0.09999999999999787
12653, -0.09999999999999964, 0.09999999999999787
12654, -0.09999999999999964, 0.09999999999999787
12655, -0.09999999999999964, 0.0
12656, -0.09999999999999964, 0.09999999999999787
12657, -0.09999999999999964, 0.09999999999999787
12658, -0.09999999999999964, 0.09999999999999787
12659, -0.09999999999999964, 0.09999999999999787
12660, -0.09999999999999964, 0.09999999999999787
12661, -0.09999999999999964, 0.09999999999999787
12662, -0.09999999999999964, 0.0
12663, -0.09999999999999964, 0.09999999999999787
12664, -0.09999999999999964, 0.09999999999999787
12665, -0.09999999999999964, 0.09999999999999787
12666, -0.09999999999999964, 0.09999999999999787
12667, -0.09999999999999964, 0.09999999999999787
12668, -0.09999999999999964, 0.09999999999999787
12669, -0.09999999999999964, 0.0
12670, -0.09999999999999964, 0.09999999999999787
12671, -0.09999999999999964, 0.09999999999999787
12672, -0.09999999999999964, 0.09999999999999787
12673, -0.09999999999999964, 0.09999999999999787
12674, -0.09999999999999964, 0.09999999999999787
12675, -0.09999999999999964, 0.09999999999999787
12676, -0.09999999999999964, 0.09999999999999787
12677, -0.09999999999999964, 0.09999999999999787
12678, -0.09999999999999964, 0.09999999999999787
12679, -0.09999999999999964, 0.09999999999999787
12680, -0.09999999999999964, 0.09999999999999787
12681, -0.09999999999999964, 0.09999999999999787
12682, -0.09999999999999964, 0.09999999999999787
12683, -0.09999999999999964, 0.09999999999999787
12684, -0.20000000000000018, 0.09999999999999787
12685, -0.20000000000000018, 0.09999999999999787
12686, -0.20000000000000018, 0.0
12687, -0.20000000000000018, 0.09999999999999787
12688, -0.20000000000000018, 0.0
12689, -0.20000000000000018, 0.0
12690, -0.20000000000000018, 0.0
12691, -0.20000000000000018, 0.0
12692, -0.20000000000000018, 0.0
12693, -0.20000000000000018, 0.0
12694, -0.20000000000000018, 0.0
12695, -0.20000000000000018, 0.0
12696, -0.20000000000000018, 0.0
12697, -0.09999999999999964, 0.0
12698, -0.09999999999999964, 0.09999999999999787
12699, -0.09999999999999964, 0.09999999999999787
12700, -0.09999999999999964, 0.09999999999999787
12701, -0.09999999999999964, 0.0
12702, -0.09999999999999964, 0.0
12703, -0.09999999999999964, 0.0
12704, -0.09999999999999964, -0.10000000000000142
12705, -0.09999999999999964, -0.10000000000000142
12706, -0.09999999999999964, -0.10000000000000142
12707, -0.09999999999999964, -0.10000000000000142
12708, -0.09999999999999964, -0.10000000000000142
12709, -0.09999999999999964, -0.10000000000000142
12710, -0.20000000000000018, -0.10000000000000142
12711, -0.20000000000000018, 0.0
12712, -0.20000000000000018, 0.0
12713, -0.20000000000000018, 0.0
12714, -0.20000000000000018, 0.09999999999999787
12715, -0.20000000000000018, 0.09999999999999787
12716, -0.09999999999999964, 0.09999999999999787
12717, -0.09999999999999964, 0.09999999999999787
12718, -0.09999999999999964, 0.09999999999999787
12719, -0.09999999999999964, 0.09999999999999787
12720, -0.09999999999999964, 0.09999999999999787
12721, -0.09999999999999964, 0.09999999999999787
12722, -0.09999999999999964, 0.09999999999999787
12723, -0.09999999999999964, 0.09999999999999787
12724, -0.09999999999999964, 0.09999999999999787
12725, -0.09999999999999964, 0.09999999999999787
12726, -0.09999999999999964, 0.09999999999999787
12727, -0.09999999999999964, 0.09999999999999787
12728, -0.09999999999999964, 0.09999999999999787
12729, -0.09999999999999964, 0.09999999999999787
12730, -0.09999999999999964, 0.09999999999999787
12731, -0.09999999999999964, 0.0
12732, -0.09999999999999964, 0.0
12733, -0.09999999999999964, 0.0
12734, -0.09999999999999964, 0.0
12735, -0.09999999999999964, 0.0
12736, -0.09999999999999964, 0.0
12737, -0.09999999999999964, 0.0
12738, -0.20000000000000018, 0.0
12739, -0.20000000000000018, 0.0
12740, -0.20000000000000018, 0.0
12741, -0.20000000000000018, 0.0
12742, -0.20000000000000018, 0.09999999999999787
12743, -0.20000000000000018, 0.09999999999999787
12744, -0.20000000000000018, 0.09999999999999787
12745, -0.20000000000000018, 0.09999999999999787
12746, -0.20000000000000018, 0.1999999999999993
12747, -0.20000000000000018, 0.1999999999999993
12748, -0.20000000000000018, 0.09999999999999787
12749, -0.20000000000000018, 0.09999999999999787
12750, -0.20000000000000018, 0.09999999999999787
12751, -0.20000000000000018, 0.09999999999999787
12752, -0.20000000000000018, 0.09999999999999787
12753, -0.20000000000000018, 0.09999999999999787
12754, -0.20000000000000018, 0.09999999999999787
12755, -0.20000000000000018, 0.09999999999999787
12756, -0.20000000000000018, 0.0
12757, -0.20000000000000018, 0.0
12758, -0.20000000000000018, 0.0
12759, -0.20000000000000018, 0.0
12760, -0.20000000000000018, 0.09999999999999787
12761, -0.20000000000000018, 0.09999999999999787
12762, -0.20000000000000018, 0.09999999999999787
12763, -0.20000000000000018, 0.09999999999999787
12764, -0.20000000000000018, 0.09999999999999787
12765, -0.20000000000000018, 0.0
12766, -0.20000000000000018, 0.0
12767, -0.20000000000000018, 0.0
12768, -0.20000000000000018, 0.09999999999999787
12769, 0.0, 0.09999999999999787
12770, 0.0, 0.0
12771, 0.0, 0.0
12772, 0.0, 0.0
12773, 0.0, 0.0
12774, 0.0, 0.0
12775, -0.09999999999999964, 0.09999999999999787
12776, -0.09999999999999964, 0.09999999999999787
12777, -0.09999999999999964, 0.09999999999999787
12778, -0.09999999999999964, 0.09999999999999787
12779, -0.09999999999999964, 0.0
12780, -0.09999999999999964, 0.0
12781, -0.09999999999999964, 0.0
12782, -0.09999999999999964, 0.0
12783, -0.09999999999999964, 0.0
12784, -0.09999999999999964, 0.09999999999999787
12785, -0.09999999999999964, 0.09999999999999787
12786, -0.09999999999999964, 0.0
12787, -0.09999999999999964, 0.0
12788, -0.20000000000000018, 0.0
12789, -0.20000000000000018, 0.0
12790, -0.20000000000000018, 0.09999999999999787
12791, -0.20000000000000018, 0.09999999999999787
12792, -0.20000000000000018, 0.0
12793, -0.20000000000000018, 0.0
12794, -0.20000000000000018, 0.09999999999999787
12795, -0.20000000000000018, 0.09999999999999787
12796, -0.20000000000000018, 0.09999999999999787
12797, -0.20000000000000018, 0.09999999999999787
12798, -0.20000000000000018, 0.09999999999999787
12799, -0.20000000000000018, 0.0
12800, -0.20000000000000018, 0.0
12801, -0.20000000000000018, 0.0
12802, -0.20000000000000018, 0.0
12803, -0.20000000000000018, 0.0
12804, -0.20000000000000018, 0.09999999999999787
12805, -0.20000000000000018, 0.09999999999999787
12806, -0.20000000000000018, 0.09999999999999787
12807, -0.20000000000000018, 0.09999999999999787
12808, -0.20000000000000018, 0.09999999999999787
12809, -0.20000000000000018, 0.09999999999999787
12810, -0.20000000000000018, 0.09999999999999787
12811, -0.20000000000000018, 0.09999999999999787
12812, -0.20000000000000018, 0.09999999999999787
12813, -0.20000000000000018, 0.09999999999999787
12814, -0.20000000000000018, 0.09999999999999787
12815, -0.20000000000000018, 0.09999999999999787
12816, -0.20000000000000018, 0.09999999999999787
12817, -0.20000000000000018, 0.0
12818, -0.20000000000000018, 0.0
12819, -0.20000000000000018, 0.0
12820, -0.20000000000000018, 0.0
12821, -0.20000000000000018, 0.0
12822, -0.20000000000000018, 0.0
12823, -0.20000000000000018, 0.09999999999999787
12824, -0.20000000000000018, 0.09999999999999787
12825, -0.20000000000000018, 0.09999999999999787
12826, -0.20000000000000018, 0.0
12827, -0.20000000000000018, 0.09999999999999787
12828, -0.20000000000000018, 0.09999999999999787
12829, -0.09999999999999964, 0.09999999999999787
12830, -0.09999999999999964, 0.09999999999999787
12831, -0.09999999999999964, 0.09999999999999787
12832, -0.09999999999999964, 0.1999999999999993
12833, -0.09999999999999964, 0.09999999999999787
12834, -0.09999999999999964, 0.09999999999999787
12835, 0.0, 0.09999999999999787
12836, 0.0, 0.09999999999999787
12837, 0.0, 0.09999999999999787
12838, 0.0, 0.09999999999999787
12839, 0.0, 0.1999999999999993
12840, 0.0, 0.1999999999999993
12841, 0.0, 0.09999999999999787
12842, 0.0, 0.09999999999999787
12843, 0.0, 0.09999999999999787
12844, 0.0, 0.09999999999999787
12845, 0.0, 0.1999999999999993
12846, 0.0, 0.1999999999999993
12847, 0.0, 0.1999999999999993
12848, 0.0, 0.1999999999999993
12849, 0.0, 0.1999999999999993
12850, 0.0, 0.09999999999999787
12851, 0.0, 0.0
12852, -0.09999999999999964, 0.09999999999999787
12853, -0.09999999999999964, 0.09999999999999787
12854, -0.09999999999999964, 0.09999999999999787
12855, -0.09999999999999964, 0.09999999999999787
12856, -0.09999999999999964, 0.09999999999999787
12857, -0.09999999999999964, 0.09999999999999787
12858, -0.09999999999999964, 0.09999999999999787
12859, -0.09999999999999964, 0.09999999999999787
12860, -0.09999999999999964, 0.1999999999999993
12861, -0.20000000000000018, 0.1999999999999993
12862, -0.20000000000000018, 0.1999999999999993
12863, -0.20000000000000018, 0.1999999999999993
12864, -0.20000000000000018, 0.1999999999999993
12865, -0.20000000000000018, 0.1999999999999993
12866, -0.20000000000000018, 0.1999999999999993
12867, -0.20000000000000018, 0.0
12868, -0.20000000000000018, 0.0
12869, -0.20000000000000018, 0.09999999999999787
12870, -0.20000000000000018, 0.09999999999999787
12871, -0.20000000000000018, 0.09999999999999787
12872, -0.20000000000000018, 0.09999999999999787
12873, -0.20000000000000018, 0.09999999999999787
12874, -0.20000000000000018, 0.09999999999999787
12875, -0.20000000000000018, 0.09999999999999787
12876, -0.20000000000000018, 0.09999999999999787
12877, -0.20000000000000018, 0.09999999999999787
12878, -0.20000000000000018, 0.1999999999999993
12879, -0.20000000000000018, 0.1999999999999993
12880, -0.20000000000000018, 0.1999999999999993
12881, -0.20000000000000018, 0.1999999999999993
12882, -0.20000000000000018, 0.09999999999999787
12883, -0.2999999999999998, 0.09999999999999787
12884, -0.2999999999999998, 0.0
12885, -0.2999999999999998, 0.0
12886, -0.2999999999999998, 0.09999999999999787
12887, -0.2999999999999998, 0.09999999999999787
12888, -0.2999999999999998, 0.09999999999999787
12889, -0.2999999999999998, 0.09999999999999787
12890, -0.2999999999999998, 0.09999999999999787
12891, -0.2999999999999998, 0.09999999999999787
12892, -0.2999999999999998, 0.09999999999999787
12893, -0.2999999999999998, 0.09999999999999787
12894, -0.2999999999999998, 0.09999999999999787
12895, -0.2999999999999998, 0.09999999999999787
12896, -0.2999999999999998, 0.1999999999999993
12897, -0.40000000000000036, 0.09999999999999787
12898, -0.40000000000000036, 0.09999999999999787
12899, -0.40000000000000036, 0.09999999999999787
12900, -0.40000000000000036, 0.1999999999999993
12901, -0.40000000000000036, 0.1999999999999993
12902, -0.40000000000000036, 0.1999999999999993
12903, -0.40000000000000036, 0.1999999999999993
12904, -0.2999999999999998, 0.1999999999999993
12905, -0.2999999999999998, 0.1999999999999993
12906, -0.2999999999999998, 0.1999999999999993
12907, -0.2999999999999998, 0.1999999999999993
12908, -0.2999999999999998, 0.1999999999999993
12909, -0.2999999999999998, 0.1999999999999993
12910, -0.2999999999999998, 0.1999999999999993
12911, -0.2999999999999998, 0.1999999999999993
12912, -0.2999999999999998, 0.1999999999999993
12913, -0.2999999999999998, 0.1999999999999993
12914, -0.2999999999999998, 0.1999999999999993
12915, -0.2999999999999998, 0.09999999999999787
12916, -0.2999999999999998, 0.09999999999999787
12917, -0.2999999999999998, 0.09999999999999787
12918, -0.2999999999999998, 0.09999999999999787
12919, -0.2999999999999998, 0.09999999999999787
12920, -0.2999999999999998, 0.0
12921, -0.2999999999999998, 0.0
12922, -0.2999999999999998, 0.09999999999999787
12923, -0.2999999999999998, 0.09999999999999787
12924, -0.2999999999999998, 0.09999999999999787
12925, -0.2999999999999998, 0.09999999999999787
12926, -0.2999999999999998, 0.09999999999999787
12927, -0.2999999999999998, 0.09999999999999787
12928, -0.2999999999999998, 0.09999999999999787
12929, -0.2999999999999998, 0.09999999999999787
12930, -0.2999999999999998, 0.09999999999999787
12931, -0.2999999999999998, 0.09999999999999787
12932, -0.2999999999999998, 0.09999999999999787
12933, -0.2999999999999998, 0.09999999999999787
12934, -0.2999999999999998, 0.09999999999999787
12935, -0.2999999999999998, 0.09999999999999787
12936, -0.2999999999999998, 0.1999999999999993
12937, -0.20000000000000018, 0.1999999999999993
12938, -0.20000000000000018, 0.1999999999999993
12939, -0.20000000000000018, 0.09999999999999787
12940, -0.20000000000000018, 0.09999999999999787
12941, -0.20000000000000018, 0.09999999999999787
12942, -0.20000000000000018, 0.09999999999999787
12943, -0.20000000000000018, 0.09999999999999787
12944, -0.20000000000000018, 0.09999999999999787
12945, -0.20000000000000018, 0.09999999999999787
12946, -0.20000000000000018, 0.09999999999999787
12947, -0.20000000000000018, 0.09999999999999787
12948, -0.20000000000000018, 0.09999999999999787
12949, -0.20000000000000018, 0.09999999999999787
12950, -0.20000000000000018, 0.09999999999999787
12951, -0.20000000000000018, 0.09999999999999787
12952, -0.20000000000000018, 0.09999999999999787
12953, -0.20000000000000018, 0.09999999999999787
12954, -0.20000000000000018, 0.09999999999999787
12955, -0.20000000000000018, 0.09999999999999787
12956, -0.20000000000000018, 0.09999999999999787
12957, -0.20000000000000018, 0.09999999999999787
12958, -0.20000000000000018, 0.09999999999999787
12959, -0.20000000000000018, 0.09999999999999787
12960, -0.20000000000000018, 0.09999999999999787
12961, -0.20000000000000018, 0.09999999999999787
12962, -0.20000000000000018, 0.09999999999999787
12963, -0.20000000000000018, 0.09999999999999787
12964, -0.20000000000000018, 0.09999999999999787
12965, -0.20000000000000018, 0.09999999999999787
12966, -0.20000000000000018, 0.09999999999999787
12967, -0.20000000000000018, 0.1999999999999993
12968, -0.20000000000000018, 0.1999999999999993
12969, -0.20000000000000018, 0.1999999999999993
12970, -0.20000000000000018, 0.09999999999999787
12971, -0.20000000000000018, 0.09999999999999787
12972, -0.20000000000000018, 0.09999999999999787
12973, -0.20000000000000018, 0.09999999999999787
12974, -0.20000000000000018, 0.09999999999999787
12975, -0.20000000000000018, 0.09999999999999787
12976, -0.20000000000000018, 0.09999999999999787
12977, -0.20000000000000018, 0.09999999999999787
12978, -0.20000000000000018, 0.09999999999999787
12979, -0.20000000000000018, 0.0
12980, -0.20000000000000018, 0.0
12981, -0.20000000000000018, 0.0
12982, -0.20000000000000018, 0.09999999999999787
12983, -0.20000000000000018, 0.09999999999999787
12984, -0.20000000000000018, 0.09999999999999787
12985, -0.20000000000000018, 0.09999999999999787
12986, -0.20000000000000018, 0.1999999999999993
12987, -0.2999999999999998, 0.1999999999999993
12988, -0.2999999999999998, 0.1999999999999993
12989, -0.2999999999999998, 0.1999999999999993
12990, -0.2999999999999998, 0.1999999999999993
12991, -0.2999999999999998, 0.1999999999999993
12992, -0.2999999999999998, 0.09999999999999787
12993, -0.2999999999999998, 0.09999999999999787
12994, -0.2999999999999998, 0.09999999999999787
12995, -0.2999999999999998, 0.09999999999999787
12996, -0.2999999999999998, 0.09999999999999787
12997, -0.2999999999999998, 0.09999999999999787
12998, -0.2999999999999998, 0.09999999999999787
12999, -0.2999999999999998, 0.09999999999999787
13000, -0.2999999999999998, 0.09999999999999787
13001, -0.2999999999999998, 0.09999999999999787
13002, -0.2999999999999998, 0.1999999999999993
13003, -0.2999999999999998, 0.1999999999999993
13004, -0.2999999999999998, 0.1999999999999993
13005, -0.2999999999999998, 0.1999999999999993
13006, -0.2999999999999998, 0.1999999999999993
13007, -0.2999999999999998, 0.1999999999999993
13008, -0.2999999999999998, 0.09999999999999787
13009, -0.2999999999999998, 0.09999999999999787
13010, -0.2999999999999998, 0.09999999999999787
13011, -0.2999999999999998, 0.1999999999999993
13012, -0.2999999999999998, 0.1999999999999993
13013, -0.2999999999999998, 0.1999999999999993
13014, -0.2999999999999998, 0.1999999999999993
13015, -0.2999999999999998, 0.1999999999999993
13016, -0.2999999999999998, 0.1999999999999993
13017, -0.2999999999999998, 0.1999999999999993
13018, -0.20000000000000018, 0.1999999999999993
13019, -0.09999999999999964, 0.09999999999999787
13020, -0.09999999999999964, 0.09999999999999787
13021, -0.09999999999999964, 0.09999999999999787
13022, -0.09999999999999964, 0.09999999999999787
13023, -0.09999999999999964, 0.1999999999999993
13024, -0.09999999999999964, 0.1999999999999993
13025, -0.09999999999999964, 0.1999999999999993
13026, -0.09999999999999964, 0.1999999999999993
13027, -0.09999999999999964, 0.1999999999999993
13028, -0.09999999999999964, 0.09999999999999787
13029, -0.09999999999999964, 0.09999999999999787
13030, -0.09999999999999964, 0.09999999999999787
13031, -0.09999999999999964, 0.0
13032, -0.09999999999999964, 0.09999999999999787
13033, -0.09999999999999964, 0.09999999999999787
13034, -0.09999999999999964, 0.09999999999999787
13035, -0.09999999999999964, 0.09999999999999787
13036, -0.09999999999999964, 0.09999999999999787
13037, 0.0, 0.09999999999999787
13038, 0.0, 0.0
13039, 0.0, 0.0
13040, 0.0, 0.09999999999999787
13041, 0.0, 0.09999999999999787
13042, 0.0, 0.09999999999999787
13043, 0.0, 0.09999999999999787
13044, 0.0, 0.09999999999999787
13045, 0.0, 0.09999999999999787
13046, 0.0, 0.09999999999999787
13047, 0.0, 0.09999999999999787
13048, 0.0, 0.09999999999999787
13049, 0.0, 0.09999999999999787
13050, 0.0, 0.0
13051, 0.0, 0.09999999999999787
13052, 0.0, 0.09999999999999787
13053, 0.0, 0.09999999999999787
13054, 0.0, 0.09999999999999787
13055, 0.0, 0.09999999999999787
13056, 0.0, 0.09999999999999787
13057, 0.0, 0.09999999999999787
13058, 0.0, 0.09999999999999787
13059, 0.0, 0.09999999999999787
13060, 0.0, 0.09999999999999787
13061, 0.0, 0.09999999999999787
13062, 0.0, 0.09999999999999787
13063, 0.0, 0.09999999999999787
13064, 0.0, 0.09999999999999787
13065, 0.0, 0.1999999999999993
13066, 0.0, 0.1999999999999993
13067, 0.0, 0.1999999999999993
13068, 0.0, 0.1999999999999993
13069, 0.0, 0.1999999999999993
13070, 0.0, 0.1999999999999993
13071, 0.0, 0.09999999999999787
13072, 0.0, 0.09999999999999787
13073, 0.0, 0.09999999999999787
13074, 0.0, 0.09999999999999787
13075, 0.0, 0.09999999999999787
13076, 0.0, 0.09999999999999787
13077, 0.0, 0.1999999999999993
13078, 0.0, 0.1999999999999993
13079, 0.0, 0.1999999999999993
13080, 0.0, 0.1999999999999993
13081, 0.0, 0.1999999999999993
13082, 0.0, 0.1999999999999993
13083, 0.0, 0.1999999999999993
13084, 0.0, 0.1999999999999993
13085, 0.0, 0.1999999999999993
13086, 0.0, 0.09999999999999787
13087, 0.0, 0.09999999999999787
13088, 0.0, 0.1999999999999993
13089, 0.0, 0.1999999999999993
13090, 0.0, 0.1999999999999993
13091, 0.0, 0.1999999999999993
13092, 0.0, 0.1999999999999993
13093, -0.09999999999999964, 0.1999999999999993
13094, -0.20000000000000018, 0.1999999999999993
13095, -0.20000000000000018, 0.1999999999999993
13096, -0.20000000000000018, 0.1999999999999993
13097, -0.20000000000000018, 0.1999999999999993
13098, -0.20000000000000018, 0.1999999999999993
13099, -0.20000000000000018, 0.1999999999999993
13100, -0.20000000000000018, 0.09999999999999787
13101, -0.20000000000000018, 0.09999999999999787
13102, -0.20000000000000018, 0.09999999999999787
13103, -0.20000000000000018, 0.09999999999999787
13104, -0.20000000000000018, 0.09999999999999787
13105, -0.20000000000000018, 0.09999999999999787
13106, -0.20000000000000018, 0.09999999999999787
13107, -0.20000000000000018, 0.0
13108, -0.20000000000000018, 0.0
13109, -0.20000000000000018, 0.0
13110, -0.20000000000000018, 0.0
13111, -0.20000000000000018, 0.0
13112, -0.20000000000000018, 0.0
13113, -0.20000000000000018, 0.0
13114, -0.20000000000000018, 0.0
13115, -0.20000000000000018, 0.0
13116, -0.20000000000000018, 0.0
13117, -0.20000000000000018, 0.0
13118, -0.20000000000000018, 0.0
13119, -0.20000000000000018, 0.0
13120, -0.20000000000000018, 0.09999999999999787
13121, -0.20000000000000018, 0.09999999999999787
13122, -0.09999999999999964, 0.09999999999999787
13123, -0.09999999999999964, 0.09999999999999787
13124, -0.09999999999999964, 0.09999999999999787
13125, -0.09999999999999964, 0.09999999999999787
13126, -0.09999999999999964, 0.0
13127, -0.09999999999999964, 0.0
13128, -0.09999999999999964, 0.0
13129, -0.09999999999999964, 0.0
13130, -0.09999999999999964, 0.0
13131, -0.09999999999999964, 0.0
13132, -0.09999999999999964, 0.09999999999999787
13133, -0.09999999999999964, 0.09999999999999787
13134, -0.09999999999999964, 0.09999999999999787
13135, -0.09999999999999964, 0.09999999999999787
13136, -0.09999999999999964, 0.09999999999999787
13137, -0.09999999999999964, 0.09999999999999787
13138, -0.09999999999999964, 0.09999999999999787
13139, -0.09999999999999964, 0.09999999999999787
13140, -0.09999999999999964, 0.09999999999999787
13141, -0.09999999999999964, 0.0
13142, -0.09999999999999964, -0.10000000000000142
13143, -0.09999999999999964, -0.10000000000000142
13144, -0.09999999999999964, -0.10000000000000142
13145, -0.09999999999999964, -0.10000000000000142
13146, -0.09999999999999964, -0.10000000000000142
13147, -0.09999999999999964, 0.0
13148, -0.09999999999999964, 0.0
13149, -0.09999999999999964, 0.0
13150, -0.09999999999999964, 0.0
13151, -0.09999999999999964, 0.0
13152, -0.09999999999999964, 0.0
13153, -0.09999999999999964, 0.0
13154, -0.09999999999999964, 0.0
13155, -0.09999999999999964, 0.0
13156, -0.09999999999999964, 0.0
13157, -0.09999999999999964, 0.0
13158, -0.09999999999999964, -0.10000000000000142
13159, -0.09999999999999964, -0.10000000000000142
13160, -0.09999999999999964, -0.10000000000000142
13161, -0.09999999999999964, -0.10000000000000142
13162, -0.09999999999999964, -0.10000000000000142
13163, -0.09999999999999964, -0.10000000000000142
13164, -0.09999999999999964, -0.10000000000000142
13165, -0.09999999999999964, -0.10000000000000142
13166, -0.09999999999999964, -0.10000000000000142
13167, -0.09999999999999964, -0.10000000000000142
13168, -0.09999999999999964, -0.10000000000000142
13169, 0.0, -0.10000000000000142
13170, 0.0, -0.10000000000000142
13171, 0.0, -0.10000000000000142
13172, 0.0, -0.10000000000000142
13173, 0.0, -0.10000000000000142
13174, -0.09999999999999964, 0.0
13175, -0.09999999999999964, 0.0
13176, -0.09999999999999964, 0.0
13177, -0.09999999999999964, 0.0
13178, -0.09999999999999964, 0.0
13179, -0.09999999999999964, 0.0
13180, -0.09999999999999964, 0.0
13181, -0.09999999999999964, 0.0
13182, -0.09999999999999964, 0.0
13183, -0.09999999999999964, 0.09999999999999787
13184, -0.09999999999999964, 0.0
13185, -0.09999999999999964, 0.0
13186, -0.09999999999999964, 0.0
13187, -0.09999999999999964, 0.0
13188, -0.09999999999999964, 0.0
13189, -0.09999999999999964, 0.0
13190, -0.09999999999999964, 0.0
13191, -0.09999999999999964, 0.09999999999999787
13192, -0.09999999999999964, 0.09999999999999787
13193, -0.09999999999999964, 0.09999999999999787
13194, -0.09999999999999964, 0.09999999999999787
13195, -0.09999999999999964, 0.09999999999999787
13196, -0.09999999999999964, 0.09999999999999787
13197, -0.09999999999999964, 0.09999999999999787
13198, -0.09999999999999964, 0.09999999999999787
13199, -0.09999999999999964, 0.09999999999999787
13200, -0.09999999999999964, 0.09999999999999787
13201, -0.09999999999999964, 0.1999999999999993
13202, -0.09999999999999964, 0.1999999999999993
13203, -0.09999999999999964, 0.1999999999999993
13204, -0.20000000000000018, 0.1999999999999993
13205, -0.20000000000000018, 0.1999999999999993
13206, -0.20000000000000018, 0.1999999999999993
13207, -0.20000000000000018, 0.09999999999999787
13208, -0.20000000000000018, 0.09999999999999787
13209, -0.20000000000000018, 0.09999999999999787
13210, -0.20000000000000018, 0.09999999999999787
13211, -0.20000000000000018, 0.09999999999999787
13212, -0.20000000000000018, 0.09999999999999787
13213, -0.20000000000000018, 0.1999999999999993
13214, -0.20000000000000018, 0.09999999999999787
13215, -0.20000000000000018, 0.09999999999999787
13216, -0.20000000000000018, 0.09999999999999787
13217, -0.20000000000000018, 0.09999999999999787
13218, -0.20000000000000018, 0.09999999999999787
13219, -0.20000000000000018, 0.09999999999999787
13220, -0.20000000000000018, 0.09999999999999787
13221, -0.20000000000000018, 0.09999999999999787
13222, -0.20000000000000018, 0.09999999999999787
13223, -0.20000000000000018, 0.09999999999999787
13224, -0.20000000000000018, 0.09999999999999787
13225, -0.20000000000000018, 0.09999999999999787
13226, -0.20000000000000018, 0.0
13227, -0.20000000000000018, 0.0
13228, -0.20000000000000018, 0.0
13229, -0.20000000000000018, 0.09999999999999787
13230, -0.20000000000000018, 0.09999999999999787
13231, -0.20000000000000018, 0.09999999999999787
13232, -0.20000000000000018, 0.09999999999999787
13233, -0.20000000000000018, 0.09999999999999787
13234, -0.20000000000000018, 0.09999999999999787
13235, -0.20000000000000018, 0.09999999999999787
13236, -0.20000000000000018, 0.09999999999999787
13237, -0.20000000000000018, 0.09999999999999787
13238, -0.20000000000000018, 0.09999999999999787
13239, -0.20000000000000018, 0.09999999999999787
13240, -0.20000000000000018, 0.09999999999999787
13241, -0.20000000000000018, 0.1999999999999993
13242, -0.20000000000000018, 0.1999999999999993
13243, -0.20000000000000018, 0.09999999999999787
13244, -0.20000000000000018, 0.09999999999999787
13245, -0.20000000000000018, 0.09999999999999787
13246, -0.20000000000000018, 0.09999999999999787
13247, -0.20000000000000018, 0.09999999999999787
13248, -0.20000000000000018, 0.09999999999999787
13249, -0.20000000000000018, 0.09999999999999787
13250, -0.20000000000000018, 0.09999999999999787
13251, -0.20000000000000018, 0.1999999999999993
13252, -0.20000000000000018, 0.1999999999999993
13253, -0.20000000000000018, 0.1999999999999993
13254, -0.20000000000000018, 0.1999999999999993
13255, -0.20000000000000018, 0.1999999999999993
13256, -0.20000000000000018, 0.1999999999999993
13257, -0.20000000000000018, 0.09999999999999787
13258, -0.20000000000000018, 0.09999999999999787
13259, -0.09999999999999964, 0.09999999999999787
13260, -0.09999999999999964, 0.09999999999999787
13261, -0.09999999999999964, 0.09999999999999787
13262, -0.09999999999999964, 0.09999999999999787
13263, -0.09999999999999964, 0.09999999999999787
13264, -0.09999999999999964, 0.1999999999999993
13265, -0.09999999999999964, 0.1999999999999993
13266, -0.09999999999999964, 0.1999999999999993
13267, -0.09999999999999964, 0.1999999999999993
13268, -0.09999999999999964, 0.09999999999999787
13269, -0.09999999999999964, 0.09999999999999787
13270, -0.09999999999999964, 0.09999999999999787
13271, -0.09999999999999964, 0.09999999999999787
13272, -0.09999999999999964, 0.09999999999999787
13273, -0.09999999999999964, 0.09999999999999787
13274, -0.09999999999999964, 0.09999999999999787
13275, -0.09999999999999964, 0.09999999999999787
13276, -0.09999999999999964, 0.09999999999999787
13277, -0.09999999999999964, 0.09999999999999787
13278, -0.09999999999999964, 0.1999999999999993
13279, -0.09999999999999964, 0.09999999999999787
13280, -0.09999999999999964, 0.09999999999999787
13281, -0.09999999999999964, 0.09999999999999787
13282, -0.09999999999999964, 0.09999999999999787
13283, -0.09999999999999964, 0.09999999999999787
13284, -0.09999999999999964, 0.09999999999999787
13285, -0.09999999999999964, 0.09999999999999787
13286, -0.09999999999999964, 0.09999999999999787
13287, -0.09999999999999964, 0.09999999999999787
13288, -0.09999999999999964, 0.09999999999999787
13289, -0.09999999999999964, 0.09999999999999787
13290, -0.09999999999999964, 0.09999999999999787
13291, -0.09999999999999964, 0.09999999999999787
13292, -0.09999999999999964, 0.09999999999999787
13293, -0.09999999999999964, 0.09999999999999787
13294, -0.09999999999999964, 0.0
13295, -0.09999999999999964, 0.0
13296, -0.09999999999999964, 0.0
13297, -0.09999999999999964, 0.0
13298, -0.09999999999999964, 0.0
13299, -0.09999999999999964, 0.0
13300, -0.09999999999999964, 0.0
13301, -0.09999999999999964, 0.0
13302, -0.09999999999999964, 0.0
13303, -0.09999999999999964, 0.0
13304, -0.09999999999999964, 0.0
13305, -0.09999999999999964, 0.0
13306, -0.20000000000000018, 0.0
13307, -0.20000000000000018, 0.0
13308, -0.20000000000000018, 0.0
13309, -0.20000000000000018, 0.0
13310, -0.20000000000000018, 0.0
13311, -0.20000000000000018, 0.0
13312, -0.09999999999999964, 0.0
13313, -0.09999999999999964, 0.0
13314, -0.09999999999999964, 0.0
13315, -0.09999999999999964, 0.0
13316, -0.09999999999999964, 0.0
13317, -0.09999999999999964, 0.0
13318, -0.20000000000000018, 0.0
13319, -0.20000000000000018, 0.0
13320, -0.20000000000000018, 0.0
13321, -0.20000000000000018, 0.0
13322, -0.20000000000000018, 0.0
13323, -0.20000000000000018, 0.0
13324, -0.20000000000000018, 0.0
13325, -0.20000000000000018, 0.0
13326, -0.20000000000000018, 0.0
13327, -0.20000000000000018, 0.0
13328, -0.20000000000000018, 0.0
13329, -0.20000000000000018, 0.0
13330, -0.20000000000000018, 0.0
13331, -0.20000000000000018, 0.0
13332, -0.20000000000000018, 0.0
13333, -0.20000000000000018, 0.0
13334, -0.20000000000000018, 0.0
13335, -0.20000000000000018, 0.0
13336, -0.20000000000000018, 0.0
13337, -0.20000000000000018, 0.0
13338, -0.20000000000000018, 0.0
13339, -0.20000000000000018, 0.0
13340, -0.20000000000000018, 0.0
13341, -0.20000000000000018, 0.09999999999999787
13342, -0.20000000000000018, 0.09999999999999787
13343, -0.20000000000000018, 0.09999999999999787
13344, -0.20000000000000018, 0.09999999999999787
13345, -0.20000000000000018, 0.09999999999999787
13346, -0.20000000000000018, 0.09999999999999787
13347, -0.20000000000000018, 0.09999999999999787
13348, -0.09999999999999964, 0.09999999999999787
13349, -0.09999999999999964, 0.09999999999999787
13350, -0.09999999999999964, 0.09999999999999787
13351, -0.09999999999999964, 0.1999999999999993
13352, -0.09999999999999964, 0.1999999999999993
13353, -0.09999999999999964, 0.1999999999999993
13354, -0.09999999999999964, 0.1999999999999993
13355, -0.09999999999999964, 0.1999999999999993
13356, -0.09999999999999964, 0.1999999999999993
13357, -0.09999999999999964, 0.1999999999999993
13358, -0.09999999999999964, 0.1999999999999993
13359, -0.09999999999999964, 0.1999999999999993
13360, -0.09999999999999964, 0.1999999999999993
13361, -0.09999999999999964, 0.1999999999999993
13362, -0.09999999999999964, 0.1999999999999993
13363, -0.09999999999999964, 0.1999999999999993
13364, -0.09999999999999964, 0.1999999999999993
13365, -0.09999999999999964, 0.1999999999999993
13366, -0.09999999999999964, 0.1999999999999993
13367, -0.09999999999999964, 0.1999999999999993
13368, -0.09999999999999964, 0.1999999999999993
13369, -0.09999999999999964, 0.1999999999999993
13370, -0.09999999999999964, 0.1999999999999993
13371, -0.09999999999999964, 0.1999999999999993
13372, -0.09999999999999964, 0.1999999999999993
13373, -0.09999999999999964, 0.1999999999999993
13374, -0.09999999999999964, 0.1999999999999993
13375, -0.09999999999999964, 0.1999999999999993
13376, -0.09999999999999964, 0.1999999999999993
13377, -0.09999999999999964, 0.1999999999999993
13378, -0.09999999999999964, 0.1999999999999993
13379, -0.09999999999999964, 0.1999999999999993
13380, -0.09999999999999964, 0.1999999999999993
13381, -0.09999999999999964, 0.1999999999999993
13382, -0.09999999999999964, 0.1999999999999993
13383, -0.09999999999999964, 0.1999999999999993
13384, -0.09999999999999964, 0.1999999999999993
13385, -0.09999999999999964, 0.1999999999999993
13386, -0.09999999999999964, 0.1999999999999993
13387, -0.09999999999999964, 0.1999999999999993
13388, -0.09999999999999964, 0.1999999999999993
13389, -0.09999999999999964, 0.1999999999999993
13390, -0.09999999999999964, 0.1999999999999993
13391, -0.09999999999999964, 0.1999999999999993
13392, -0.09999999999999964, 0.1999999999999993
13393, -0.09999999999999964, 0.1999999999999993
13394, -0.09999999999999964, 0.1999999999999993
13395, -0.09999999999999964, 0.1999999999999993
13396, -0.09999999999999964, 0.1999999999999993
13397, 0.0, 0.1999999999999993
13398, 0.0, 0.1999999999999993
13399, 0.0, 0.1999999999999993
13400, 0.0, 0.1999999999999993
13401, 0.0, 0.1999999999999993
13402, -0.09999999999999964, 0.1999999999999993
13403, -0.09999999999999964, 0.1999999999999993
13404, -0.09999999999999964, 0.1999999999999993
13405, -0.09999999999999964, 0.1999999999999993
13406, -0.09999999999999964, 0.1999999999999993
13407, -0.09999999999999964, 0.1999999999999993
13408, -0.09999999999999964, 0.1999999999999993
13409, -0.09999999999999964, 0.1999999999999993
13410, -0.09999999999999964, 0.1999999999999993
13411, -0.09999999999999964, 0.1999999999999993
13412, -0.09999999999999964, 0.1999999999999993
13413, -0.09999999999999964, 0.1999999999999993
13414, -0.09999999999999964, 0.1999999999999993
13415, -0.09999999999999964, 0.1999999999999993
13416, -0.09999999999999964, 0.1999999999999993
13417, -0.09999999999999964, 0.1999999999999993
13418, -0.09999999999999964, 0.1999999999999993
13419, -0.09999999999999964, 0.1999999999999993
13420, -0.09999999999999964, 0.1999999999999993
13421, -0.09999999999999964, 0.1999999999999993
13422, -0.09999999999999964, 0.1999999999999993
13423, -0.09999999999999964, 0.1999999999999993
13424, -0.20000000000000018, 0.09999999999999787
13425, -0.20000000000000018, 0.09999999999999787
13426, -0.20000000000000018, 0.1999999999999993
13427, -0.09999999999999964, 0.1999999999999993
13428, -0.09999999999999964, 0.1999999999999993
13429, -0.09999999999999964, 0.1999999999999993
13430, -0.09999999999999964, 0.1999999999999993
13431, -0.09999999999999964, 0.09999999999999787
13432, -0.09999999999999964, 0.09999999999999787
13433, -0.09999999999999964, 0.09999999999999787
13434, -0.09999999999999964, 0.09999999999999787
13435, -0.09999999999999964, 0.09999999999999787
13436, -0.09999999999999964, 0.09999999999999787
13437, -0.09999999999999964, 0.09999999999999787
13438, -0.09999999999999964, 0.1999999999999993
13439, -0.09999999999999964, 0.1999999999999993
13440, -0.09999999999999964, 0.09999999999999787
13441, -0.09999999999999964, 0.09999999999999787
13442, -0.09999999999999964, 0.09999999999999787
13443, -0.09999999999999964, 0.09999999999999787
13444, -0.09999999999999964, 0.09999999999999787
13445, -0.09999999999999964, 0.09999999999999787
13446, -0.09999999999999964, 0.09999999999999787
13447, -0.09999999999999964, 0.09999999999999787
13448, -0.09999999999999964, 0.09999999999999787
13449, -0.09999999999999964, 0.09999999999999787
13450, -0.09999999999999964, 0.09999999999999787
13451, -0.09999999999999964, 0.1999999999999993
13452, -0.09999999999999964, 0.1999999999999993
13453, -0.09999999999999964, 0.1999999999999993
13454, -0.09999999999999964, 0.1999999999999993
13455, -0.09999999999999964, 0.1999999999999993
13456, -0.20000000000000018, 0.09999999999999787
13457, -0.20000000000000018, 0.09999999999999787
13458, -0.20000000000000018, 0.09999999999999787
13459, -0.20000000000000018, 0.09999999999999787
13460, -0.20000000000000018, 0.09999999999999787
13461, -0.20000000000000018, 0.09999999999999787
13462, -0.20000000000000018, 0.09999999999999787
13463, -0.20000000000000018, 0.09999999999999787
13464, -0.20000000000000018, 0.09999999999999787
13465, -0.20000000000000018, 0.09999999999999787
13466, -0.20000000000000018, 0.09999999999999787
13467, -0.20000000000000018, 0.09999999999999787
13468, -0.20000000000000018, 0.09999999999999787
13469, -0.20000000000000018, 0.09999999999999787
13470, -0.20000000000000018, 0.09999999999999787
13471, -0.20000000000000018, 0.1999999999999993
13472, -0.20000000000000018, 0.09999999999999787
13473, -0.20000000000000018, 0.09999999999999787
13474, -0.20000000000000018, 0.09999999999999787
13475, -0.20000000000000018, 0.09999999999999787
13476, -0.20000000000000018, 0.09999999999999787
13477, -0.20000000000000018, 0.09999999999999787
13478, -0.20000000000000018, 0.09999999999999787
13479, -0.20000000000000018, 0.09999999999999787
13480, -0.20000000000000018, 0.09999999999999787
13481, -0.20000000000000018, 0.09999999999999787
13482, -0.20000000000000018, 0.09999999999999787
13483, -0.20000000000000018, 0.09999999999999787
13484, -0.20000000000000018, 0.09999999999999787
13485, -0.20000000000000018, 0.09999999999999787
13486, -0.20000000000000018, 0.09999999999999787
13487, -0.20000000000000018, 0.09999999999999787
13488, -0.20000000000000018, 0.09999999999999787
13489, -0.20000000000000018, 0.09999999999999787
13490, -0.20000000000000018, 0.09999999999999787
13491, -0.20000000000000018, 0.09999999999999787
13492, -0.20000000000000018, 0.09999999999999787
13493, -0.20000000000000018, 0.09999999999999787
13494, -0.20000000000000018, 0.09999999999999787
13495, -0.20000000000000018, 0.09999999999999787
13496, -0.20000000000000018, 0.09999999999999787
13497, -0.20000000000000018, 0.09999999999999787
13498, -0.20000000000000018, 0.09999999999999787
13499, -0.20000000000000018, 0.09999999999999787
13500, -0.20000000000000018, 0.09999999999999787
13501, -0.20000000000000018, 0.09999999999999787
13502, -0.20000000000000018, 0.1999999999999993
13503, -0.20000000000000018, 0.1999999999999993
13504, -0.20000000000000018, 0.1999999999999993
13505, -0.20000000000000018, 0.1999999999999993
13506, -0.20000000000000018, 0.1999999999999993
13507, -0.20000000000000018, 0.1999999999999993
13508, -0.20000000000000018, 0.1999999999999993
13509, -0.20000000000000018, 0.1999999999999993
13510, -0.20000000000000018, 0.1999999999999993
13511, -0.20000000000000018, 0.09999999999999787
13512, -0.20000000000000018, 0.09999999999999787
13513, -0.20000000000000018, 0.09999999999999787
13514, -0.20000000000000018, 0.09999999999999787
13515, -0.20000000000000018, 0.09999999999999787
13516, -0.20000000000000018, 0.09999999999999787
13517, -0.20000000000000018, 0.09999999999999787
13518, -0.20000000000000018, 0.09999999999999787
13519, -0.20000000000000018, 0.09999999999999787
13520, -0.20000000000000018, 0.09999999999999787
13521, -0.20000000000000018, 0.09999999999999787
13522, -0.20000000000000018, 0.09999999999999787
13523, -0.20000000000000018, 0.09999999999999787
13524, -0.20000000000000018, 0.09999999999999787
13525, -0.20000000000000018, 0.09999999999999787
13526, -0.20000000000000018, 0.09999999999999787
13527, -0.20000000000000018, 0.09999999999999787
13528, -0.20000000000000018, 0.09999999999999787
13529, -0.20000000000000018, 0.09999999999999787
13530, -0.20000000000000018, 0.09999999999999787
13531, -0.20000000000000018, 0.09999999999999787
13532, -0.20000000000000018, 0.09999999999999787
13533, -0.20000000000000018, 0.09999999999999787
13534, -0.20000000000000018, 0.09999999999999787
13535, -0.20000000000000018, 0.1999999999999993
13536, -0.20000000000000018, 0.1999999999999993
13537, -0.20000000000000018, 0.1999999999999993
13538, -0.20000000000000018, 0.1999999999999993
13539, -0.20000000000000018, 0.1999999999999993
13540, -0.20000000000000018, 0.1999999999999993
13541, -0.20000000000000018, 0.1999999999999993
13542, -0.20000000000000018, 0.1999999999999993
13543, -0.20000000000000018, 0.1999999999999993
13544, -0.20000000000000018, 0.1999999999999993
13545, -0.20000000000000018, 0.1999999999999993
13546, -0.20000000000000018, 0.1999999999999993
13547, -0.20000000000000018, 0.1999999999999993
13548, -0.20000000000000018, 0.1999999999999993
13549, -0.20000000000000018, 0.1999999999999993
13550, -0.20000000000000018, 0.1999999999999993
13551, -0.20000000000000018, 0.1999999999999993
13552, -0.20000000000000018, 0.1999999999999993
13553, -0.20000000000000018, 0.1999999999999993
13554, -0.20000000000000018, 0.1999999999999993
13555, -0.20000000000000018, 0.1999999999999993
13556, -0.20000000000000018, 0.1999999999999993
13557, -0.20000000000000018, 0.1999999999999993
13558, -0.20000000000000018, 0.1999999999999993
13559, -0.20000000000000018, 0.09999999999999787
13560, -0.20000000000000018, 0.09999999999999787
13561, -0.20000000000000018, 0.09999999999999787
13562, -0.20000000000000018, 0.09999999999999787
13563, -0.20000000000000018, 0.09999999999999787
13564, -0.20000000000000018, 0.09999999999999787
13565, -0.20000000000000018, 0.09999999999999787
13566, -0.20000000000000018, 0.09999999999999787
13567, -0.20000000000000018, 0.09999999999999787
13568, -0.20000000000000018, 0.09999999999999787
13569, -0.20000000000000018, 0.09999999999999787
13570, -0.20000000000000018, 0.09999999999999787
13571, -0.20000000000000018, 0.09999999999999787
13572, -0.20000000000000018, 0.0
13573, -0.20000000000000018, 0.0
13574, -0.20000000000000018, 0.0
13575, -0.20000000000000018, 0.0
13576, -0.20000000000000018, 0.0
13577, -0.20000000000000018, 0.0
13578, -0.20000000000000018, 0.0
13579, -0.20000000000000018, 0.0
13580, -0.20000000000000018, 0.0
13581, -0.20000000000000018, 0.0
13582, -0.20000000000000018, 0.0
13583, -0.20000000000000018, 0.0
13584, -0.20000000000000018, 0.0
13585, -0.20000000000000018, 0.0
13586, -0.20000000000000018, 0.0
13587, -0.20000000000000018, 0.0
13588, -0.20000000000000018, 0.0
13589, -0.2999999999999998, 0.0
13590, -0.2999999999999998, 0.09999999999999787
13591, -0.2999999999999998, 0.1999999999999993
13592, -0.2999999999999998, 0.1999999999999993
13593, -0.2999999999999998, 0.1999999999999993
13594, -0.2999999999999998, 0.1999999999999993
13595, -0.2999999999999998, 0.1999999999999993
13596, -0.2999999999999998, 0.09999999999999787
13597, -0.2999999999999998, 0.09999999999999787
13598, -0.2999999999999998, 0.09999999999999787
13599, -0.2999999999999998, 0.09999999999999787
13600, -0.2999999999999998, 0.09999999999999787
13601, -0.2999999999999998, 0.1999999999999993
13602, -0.20000000000000018, 0.1999999999999993
13603, -0.20000000000000018, 0.1999999999999993
13604, -0.20000000000000018, 0.1999999999999993
13605, -0.20000000000000018, 0.09999999999999787
13606, -0.20000000000000018, 0.09999999999999787
13607, -0.20000000000000018, 0.09999999999999787
13608, -0.20000000000000018, 0.09999999999999787
13609, -0.20000000000000018, 0.1999999999999993
13610, -0.20000000000000018, 0.1999999999999993
13611, -0.20000000000000018, 0.1999999999999993
13612, -0.20000000000000018, 0.1999999999999993
13613, -0.20000000000000018, 0.1999999999999993
13614, -0.20000000000000018, 0.1999999999999993
13615, -0.20000000000000018, 0.1999999999999993
13616, -0.20000000000000018, 0.1999999999999993
13617, -0.20000000000000018, 0.1999999999999993
13618, -0.09999999999999964, 0.1999999999999993
13619, -0.09999999999999964, 0.1999999999999993
13620, -0.09999999999999964, 0.1999999999999993
13621, -0.09999999999999964, 0.1999999999999993
13622, -0.09999999999999964, 0.1999999999999993
13623, -0.09999999999999964, 0.3000000000000007
13624, -0.09999999999999964, 0.3000000000000007
13625, 0.0, 0.3000000000000007
13626, 0.0, 0.3000000000000007
13627, 0.0, 0.3000000000000007
13628, 0.0, 0.1999999999999993
13629, 0.0, 0.1999999999999993
13630, 0.0, 0.1999999999999993
13631, 0.0, 0.1999999999999993
13632, 0.0, 0.1999999999999993
13633, 0.0, 0.1999999999999993
13634, 0.0, 0.1999999999999993
13635, 0.0, 0.1999999999999993
13636, 0.0, 0.1999999999999993
13637, 0.0, 0.1999999999999993
13638, 0.0, 0.1999999999999993
13639, -0.09999999999999964, 0.1999999999999993
13640, -0.09999999999999964, 0.1999999999999993
13641, -0.09999999999999964, 0.1999999999999993
13642, -0.09999999999999964, 0.1999999999999993
13643, -0.09999999999999964, 0.1999999999999993
13644, -0.09999999999999964, 0.1999999999999993
13645, -0.09999999999999964, 0.1999999999999993
13646, -0.09999999999999964, 0.1999999999999993
13647, -0.20000000000000018, 0.1999999999999993
13648, -0.20000000000000018, 0.1999999999999993
13649, -0.20000000000000018, 0.1999999999999993
13650, -0.20000000000000018, 0.1999999999999993
13651, -0.20000000000000018, 0.09999999999999787
13652, -0.20000000000000018, 0.09999999999999787
13653, -0.20000000000000018, 0.09999999999999787
13654, -0.20000000000000018, 0.09999999999999787
13655, -0.20000000000000018, 0.09999999999999787
13656, -0.20000000000000018, 0.09999999999999787
13657, -0.20000000000000018, 0.09999999999999787
13658, -0.20000000000000018, 0.1999999999999993
13659, -0.20000000000000018, 0.1999999999999993
13660, -0.20000000000000018, 0.1999999999999993
13661, -0.20000000000000018, 0.1999999999999993
13662, -0.20000000000000018, 0.1999999999999993
13663, -0.20000000000000018, 0.1999999999999993
13664, -0.20000000000000018, 0.1999999999999993
13665, -0.20000000000000018, 0.1999999999999993
13666, -0.20000000000000018, 0.1999999999999993
13667, -0.20000000000000018, 0.1999999999999993
13668, -0.20000000000000018, 0.1999999999999993
13669, -0.20000000000000018, 0.1999999999999993
13670, -0.20000000000000018, 0.1999999999999993
13671, -0.20000000000000018, 0.1999999999999993
13672, -0.20000000000000018, 0.09999999999999787
13673, -0.20000000000000018, 0.09999999999999787
13674, -0.20000000000000018, 0.09999999999999787
13675, -0.20000000000000018, 0.09999999999999787
13676, -0.20000000000000018, 0.09999999999999787
13677, -0.20000000000000018, 0.09999999999999787
13678, -0.20000000000000018, 0.09999999999999787
13679, -0.20000000000000018, 0.09999999999999787
13680, -0.20000000000000018, 0.09999999999999787
13681, -0.20000000000000018, 0.09999999999999787
13682, -0.20000000000000018, 0.09999999999999787
13683, -0.20000000000000018, 0.09999999999999787
13684, -0.20000000000000018, 0.09999999999999787
13685, -0.20000000000000018, 0.09999999999999787
13686, -0.20000000000000018, 0.09999999999999787
13687, -0.09999999999999964, 0.09999999999999787
13688, -0.09999999999999964, 0.09999999999999787
13689, -0.09999999999999964, 0.09999999999999787
13690, -0.09999999999999964, 0.09999999999999787
13691, -0.09999999999999964, 0.09999999999999787
13692, -0.09999999999999964, 0.09999999999999787
13693, -0.09999999999999964, 0.09999999999999787
13694, -0.09999999999999964, 0.09999999999999787
13695, -0.09999999999999964, 0.09999999999999787
13696, -0.09999999999999964, 0.09999999999999787
13697, -0.09999999999999964, 0.09999999999999787
13698, -0.09999999999999964, 0.1999999999999993
13699, -0.09999999999999964, 0.1999999999999993
13700, -0.09999999999999964, 0.1999999999999993
13701, -0.09999999999999964, 0.1999999999999993
13702, -0.09999999999999964, 0.1999999999999993
13703, -0.09999999999999964, 0.1999999999999993
13704, -0.09999999999999964, 0.1999999999999993
13705, -0.09999999999999964, 0.1999999999999993
13706, -0.09999999999999964, 0.1999999999999993
13707, -0.09999999999999964, 0.1999999999999993
13708, -0.09999999999999964, 0.1999999999999993
13709, -0.09999999999999964, 0.1999999999999993
13710, -0.09999999999999964, 0.1999999999999993
13711, -0.20000000000000018, 0.1999999999999993
13712, -0.20000000000000018, 0.1999999999999993
13713, -0.20000000000000018, 0.1999999999999993
13714, -0.20000000000000018, 0.1999999999999993
13715, -0.20000000000000018, 0.1999999999999993
13716, -0.20000000000000018, 0.1999999999999993
13717, -0.20000000000000018, 0.1999999999999993
13718, -0.20000000000000018, 0.1999999999999993
13719, -0.20000000000000018, 0.1999999999999993
13720, -0.20000000000000018, 0.1999999999999993
13721, -0.20000000000000018, 0.1999999999999993
13722, -0.20000000000000018, 0.1999999999999993
13723, -0.20000000000000018, 0.1999999999999993
13724, -0.20000000000000018, 0.1999999999999993
13725, -0.20000000000000018, 0.1999999999999993
13726, -0.20000000000000018, 0.1999999999999993
13727, -0.20000000000000018, 0.1999999999999993
13728, -0.20000000000000018, 0.3000000000000007
13729, -0.20000000000000018, 0.3000000000000007
13730, -0.20000000000000018, 0.3000000000000007
13731, -0.20000000000000018, 0.3000000000000007
13732, -0.20000000000000018, 0.3000000000000007
13733, -0.20000000000000018, 0.3000000000000007
13734, -0.09999999999999964, 0.3000000000000007
13735, -0.09999999999999964, 0.3000000000000007
13736, -0.09999999999999964, 0.3000000000000007
13737, -0.09999999999999964, 0.3000000000000007
13738, -0.09999999999999964, 0.3000000000000007
13739, -0.09999999999999964, 0.3000000000000007
13740, -0.09999999999999964, 0.3000000000000007
13741, -0.09999999999999964, 0.3000000000000007
13742, -0.09999999999999964, 0.3000000000000007
13743, -0.09999999999999964, 0.3000000000000007
13744, -0.09999999999999964, 0.1999999999999993
13745, -0.09999999999999964, 0.1999999999999993
13746, -0.09999999999999964, 0.1999999999999993
13747, -0.09999999999999964, 0.1999999999999993
13748, -0.09999999999999964, 0.1999999999999993
13749, -0.09999999999999964, 0.1999999999999993
13750, -0.09999999999999964, 0.1999999999999993
13751, -0.09999999999999964, 0.1999999999999993
13752, -0.09999999999999964, 0.1999999999999993
13753, -0.09999999999999964, 0.1999999999999993
13754, -0.20000000000000018, 0.1999999999999993
13755, -0.20000000000000018, 0.1999999999999993
13756, -0.20000000000000018, 0.1999999999999993
13757, -0.20000000000000018, 0.1999999999999993
13758, -0.20000000000000018, 0.1999999999999993
13759, -0.20000000000000018, 0.1999999999999993
13760, -0.20000000000000018, 0.1999999999999993
13761, -0.2999999999999998, 0.1999999999999993
13762, -0.2999999999999998, 0.1999999999999993
13763, -0.2999999999999998, 0.1999999999999993
13764, -0.2999999999999998, 0.1999999999999993
13765, -0.2999999999999998, 0.1999999999999993
13766, -0.2999999999999998, 0.1999999999999993
13767, -0.2999999999999998, 0.1999999999999993
13768, -0.2999999999999998, 0.1999999999999993
13769, -0.2999999999999998, 0.1999999999999993
13770, -0.2999999999999998, 0.1999999999999993
13771, -0.2999999999999998, 0.1999999999999993
13772, -0.20000000000000018, 0.1999999999999993
13773, -0.20000000000000018, 0.1999999999999993
13774, -0.20000000000000018, 0.1999999999999993
13775, -0.20000000000000018, 0.1999999999999993
13776, -0.20000000000000018, 0.1999999999999993
13777, -0.20000000000000018, 0.1999999999999993
13778, -0.20000000000000018, 0.1999999999999993
13779, -0.20000000000000018, 0.1999999999999993
13780, -0.20000000000000018, 0.1999999999999993
13781, -0.20000000000000018, 0.1999999999999993
13782, -0.20000000000000018, 0.1999999999999993
13783, -0.20000000000000018, 0.1999999999999993
13784, -0.20000000000000018, 0.1999999999999993
13785, -0.20000000000000018, 0.1999999999999993
13786, -0.20000000000000018, 0.09999999999999787
13787, -0.20000000000000018, 0.09999999999999787
13788, -0.20000000000000018, 0.09999999999999787
13789, -0.20000000000000018, 0.09999999999999787
13790, -0.20000000000000018, 0.09999999999999787
13791, -0.20000000000000018, 0.09999999999999787
13792, -0.20000000000000018, 0.09999999999999787
13793, -0.20000000000000018, 0.09999999999999787
13794, -0.20000000000000018, 0.09999999999999787
13795, -0.20000000000000018, 0.09999999999999787
13796, -0.20000000000000018, 0.09999999999999787
13797, -0.20000000000000018, 0.09999999999999787
13798, -0.20000000000000018, 0.09999999999999787
13799, -0.20000000000000018, 0.09999999999999787
13800, -0.20000000000000018, 0.09999999999999787
13801, -0.20000000000000018, 0.09999999999999787
13802, -0.20000000000000018, 0.09999999999999787
13803, -0.20000000000000018, 0.09999999999999787
13804, -0.20000000000000018, 0.09999999999999787
13805, -0.20000000000000018, 0.09999999999999787
13806, -0.20000000000000018, 0.09999999999999787
13807, -0.20000000000000018, 0.09999999999999787
13808, -0.20000000000000018, 0.09999999999999787
13809, -0.20000000000000018, 0.09999999999999787
13810, -0.20000000000000018, 0.0
13811, -0.20000000000000018, 0.0
13812, -0.20000000000000018, 0.0
13813, -0.20000000000000018, 0.0
13814, -0.20000000000000018, 0.0
13815, -0.20000000000000018, 0.0
13816, -0.20000000000000018, 0.0
13817, -0.20000000000000018, 0.0
13818, -0.20000000000000018, 0.09999999999999787
13819, -0.20000000000000018, 0.09999999999999787
13820, -0.20000000000000018, 0.09999999999999787
13821, -0.20000000000000018, 0.09999999999999787
13822, -0.20000000000000018, 0.09999999999999787
13823, -0.20000000000000018, 0.09999999999999787
13824, -0.20000000000000018, 0.09999999999999787
13825, -0.20000000000000018, 0.09999999999999787
13826, -0.20000000000000018, 0.09999999999999787
13827, -0.20000000000000018, 0.09999999999999787
13828, -0.20000000000000018, 0.09999999999999787
13829, -0.20000000000000018, 0.09999999999999787
13830, -0.20000000000000018, 0.09999999999999787
13831, -0.20000000000000018, 0.09999999999999787
13832, -0.20000000000000018, 0.09999999999999787
13833, -0.20000000000000018, 0.09999999999999787
13834, -0.20000000000000018, 0.09999999999999787
13835, -0.20000000000000018, 0.09999999999999787
13836, -0.20000000000000018, 0.09999999999999787
13837, -0.20000000000000018, 0.09999999999999787
13838, -0.20000000000000018, 0.09999999999999787
13839, -0.20000000000000018, 0.09999999999999787
13840, -0.20000000000000018, 0.09999999999999787
13841, -0.20000000000000018, 0.0
13842, -0.20000000000000018, 0.0
13843, -0.2999999999999998, 0.0
13844, -0.2999999999999998, 0.0
13845, -0.2999999999999998, 0.0
13846, -0.2999999999999998, 0.0
13847, -0.2999999999999998, 0.0
13848, -0.2999999999999998, 0.0
13849, -0.2999999999999998, 0.0
13850, -0.2999999999999998, 0.0
13851, -0.2999999999999998, 0.0
13852, -0.2999999999999998, 0.0
13853, -0.2999999999999998, 0.0
13854, -0.20000000000000018, 0.0
13855, -0.20000000000000018, 0.09999999999999787
13856, -0.20000000000000018, 0.09999999999999787
13857, -0.20000000000000018, 0.09999999999999787
13858, -0.20000000000000018, 0.09999999999999787
13859, -0.20000000000000018, 0.0
13860, -0.20000000000000018, 0.0
13861, -0.20000000000000018, 0.0
13862, -0.20000000000000018, 0.0
13863, -0.20000000000000018, 0.0
13864, -0.20000000000000018, 0.0
13865, -0.20000000000000018, 0.0
13866, -0.20000000000000018, -0.10000000000000142
13867, -0.20000000000000018, -0.10000000000000142
13868, -0.20000000000000018, 0.0
13869, -0.20000000000000018, 0.0
13870, -0.20000000000000018, 0.0
13871, -0.20000000000000018, 0.0
13872, -0.20000000000000018, 0.0
13873, -0.20000000000000018, 0.0
13874, -0.20000000000000018, 0.0
13875, -0.20000000000000018, 0.0
13876, -0.20000000000000018, 0.0
13877, -0.20000000000000018, 0.0
13878, -0.20000000000000018, 0.0
13879, -0.20000000000000018, 0.0
13880, -0.20000000000000018, 0.0
13881, -0.20000000000000018, 0.0
13882, -0.20000000000000018, 0.0
13883, -0.20000000000000018, 0.09999999999999787
13884, -0.20000000000000018, 0.09999999999999787
13885, -0.20000000000000018, 0.09999999999999787
13886, -0.20000000000000018, 0.09999999999999787
13887, -0.20000000000000018, 0.09999999999999787
13888, -0.20000000000000018, 0.09999999999999787
13889, -0.20000000000000018, 0.09999999999999787
13890, -0.20000000000000018, 0.09999999999999787
13891, -0.20000000000000018, 0.09999999999999787
13892, -0.20000000000000018, 0.09999999999999787
13893, -0.20000000000000018, 0.09999999999999787
13894, -0.20000000000000018, 0.09999999999999787
13895, -0.20000000000000018, 0.09999999999999787
13896, -0.20000000000000018, 0.09999999999999787
13897, -0.20000000000000018, 0.09999999999999787
13898, -0.20000000000000018, 0.09999999999999787
13899, -0.20000000000000018, 0.09999999999999787
13900, -0.20000000000000018, 0.09999999999999787
13901, -0.20000000000000018, 0.09999999999999787
13902, -0.20000000000000018, 0.09999999999999787
13903, -0.20000000000000018, 0.09999999999999787
13904, -0.20000000000000018, 0.09999999999999787
13905, -0.20000000000000018, 0.09999999999999787
13906, -0.20000000000000018, 0.09999999999999787
13907, -0.20000000000000018, 0.09999999999999787
13908, -0.20000000000000018, 0.09999999999999787
13909, -0.20000000000000018, 0.09999999999999787
13910, -0.20000000000000018, 0.1999999999999993
13911, -0.20000000000000018, 0.1999999999999993
13912, -0.20000000000000018, 0.1999999999999993
13913, -0.20000000000000018, 0.1999999999999993
13914, -0.20000000000000018, 0.3000000000000007
13915, -0.20000000000000018, 0.3000000000000007
13916, -0.20000000000000018, 0.3000000000000007
13917, -0.20000000000000018, 0.3000000000000007
13918, -0.20000000000000018, 0.3000000000000007
13919, -0.20000000000000018, 0.3000000000000007
13920, -0.20000000000000018, 0.3000000000000007
13921, -0.20000000000000018, 0.1999999999999993
13922, -0.20000000000000018, 0.1999999999999993
13923, -0.20000000000000018, 0.1999999999999993
13924, -0.20000000000000018, 0.1999999999999993
13925, -0.20000000000000018, 0.1999999999999993
13926, -0.20000000000000018, 0.1999999999999993
13927, -0.20000000000000018, 0.1999999999999993
13928, -0.20000000000000018, 0.1999999999999993
13929, -0.20000000000000018, 0.1999999999999993
13930, -0.20000000000000018, 0.1999999999999993
13931, -0.20000000000000018, 0.1999999999999993
13932, -0.09999999999999964, 0.1999999999999993
13933, -0.09999999999999964, 0.1999999999999993
13934, -0.09999999999999964, 0.1999999999999993
13935, -0.09999999999999964, 0.1999999999999993
13936, -0.09999999999999964, 0.1999999999999993
13937, -0.09999999999999964, 0.1999999999999993
13938, -0.09999999999999964, 0.1999999999999993
13939, -0.09999999999999964, 0.1999999999999993
13940, -0.09999999999999964, 0.1999999999999993
13941, -0.09999999999999964, 0.1999999999999993
13942, -0.09999999999999964, 0.1999999999999993
13943, -0.09999999999999964, 0.1999999999999993
13944, -0.09999999999999964, 0.1999999999999993
13945, -0.09999999999999964, 0.1999999999999993
13946, -0.09999999999999964, 0.1999999999999993
13947, -0.09999999999999964, 0.1999999999999993
13948, -0.09999999999999964, 0.1999999999999993
13949, -0.09999999999999964, 0.1999999999999993
13950, -0.09999999999999964, 0.1999999999999993
13951, -0.09999999999999964, 0.1999999999999993
13952, -0.09999999999999964, 0.1999999999999993
13953, -0.09999999999999964, 0.1999999999999993
13954, -0.09999999999999964, 0.1999999999999993
13955, -0.09999999999999964, 0.1999999999999993
13956, -0.09999999999999964, 0.1999999999999993
13957, -0.09999999999999964, 0.1999999999999993
13958, -0.09999999999999964, 0.1999999999999993
13959, -0.09999999999999964, 0.1999999999999993
13960, -0.09999999999999964, 0.1999999999999993
13961, -0.09999999999999964, 0.1999999999999993
13962, -0.09999999999999964, 0.1999999999999993
13963, -0.09999999999999964, 0.1999999999999993
13964, -0.09999999999999964, 0.1999999999999993
13965, -0.09999999999999964, 0.1999999999999993
13966, -0.09999999999999964, 0.1999999999999993
13967, -0.09999999999999964, 0.1999999999999993
13968, -0.09999999999999964, 0.1999999999999993
13969, -0.20000000000000018, 0.1999999999999993
13970, -0.20000000000000018, 0.1999999999999993
13971, -0.20000000000000018, 0.1999999999999993
13972, -0.20000000000000018, 0.1999999999999993
13973, -0.20000000000000018, 0.1999999999999993
13974, -0.20000000000000018, 0.3000000000000007
13975, -0.20000000000000018, 0.3000000000000007
13976, -0.20000000000000018, 0.3000000000000007
13977, -0.20000000000000018, 0.3000000000000007
13978, -0.20000000000000018, 0.3000000000000007
13979, -0.20000000000000018, 0.3000000000000007
13980, -0.20000000000000018, 0.1999999999999993
13981, -0.20000000000000018, 0.1999999999999993
13982, -0.20000000000000018, 0.1999999999999993
13983, -0.20000000000000018, 0.1999999999999993
13984, -0.20000000000000018, 0.1999999999999993
13985, -0.20000000000000018, 0.09999999999999787
13986, -0.20000000000000018, 0.09999999999999787
13987, -0.20000000000000018, 0.09999999999999787
13988, -0.20000000000000018, 0.09999999999999787
13989, -0.20000000000000018, 0.0
13990, -0.20000000000000018, 0.0
13991, -0.09999999999999964, 0.0
13992, -0.09999999999999964, 0.0
13993, -0.09999999999999964, 0.0
13994, -0.09999999999999964, 0.0
13995, -0.09999999999999964, 0.0
13996, -0.09999999999999964, 0.0
13997, -0.09999999999999964, 0.0
13998, -0.09999999999999964, 0.0
13999, -0.09999999999999964, 0.0
14000, -0.09999999999999964, 0.0
14001, -0.09999999999999964, 0.0
14002, -0.09999999999999964, 0.09999999999999787
14003, -0.09999999999999964, 0.09999999999999787
14004, -0.09999999999999964, 0.09999999999999787
14005, -0.09999999999999964, 0.09999999999999787
14006, -0.09999999999999964, 0.09999999999999787
14007, -0.09999999999999964, 0.0
14008, -0.09999999999999964, 0.0
14009, -0.09999999999999964, 0.0
14010, -0.09999999999999964, 0.0
14011, -0.09999999999999964, 0.0
14012, -0.09999999999999964, 0.09999999999999787
14013, -0.09999999999999964, 0.09999999999999787
14014, -0.09999999999999964, 0.09999999999999787
14015, -0.09999999999999964, 0.09999999999999787
14016, -0.09999999999999964, 0.09999999999999787
14017, -0.09999999999999964, 0.09999999999999787
14018, -0.09999999999999964, 0.09999999999999787
14019, -0.09999999999999964, 0.0
14020, -0.09999999999999964, 0.0
14021, -0.09999999999999964, 0.0
14022, -0.09999999999999964, 0.0
14023, -0.09999999999999964, 0.0
14024, -0.09999999999999964, 0.0
14025, -0.09999999999999964, 0.0
14026, -0.09999999999999964, 0.0
14027, -0.09999999999999964, 0.0
14028, -0.09999999999999964, 0.0
14029, -0.09999999999999964, 0.09999999999999787
14030, -0.09999999999999964, 0.09999999999999787
14031, -0.09999999999999964, 0.09999999999999787
14032, -0.09999999999999964, 0.09999999999999787
14033, -0.09999999999999964, 0.09999999999999787
14034, -0.09999999999999964, 0.09999999999999787
14035, -0.09999999999999964, 0.09999999999999787
14036, -0.09999999999999964, 0.09999999999999787
14037, -0.20000000000000018, 0.09999999999999787
14038, -0.20000000000000018, 0.09999999999999787
14039, -0.20000000000000018, 0.09999999999999787
14040, -0.20000000000000018, 0.09999999999999787
14041, -0.20000000000000018, 0.09999999999999787
14042, -0.20000000000000018, 0.09999999999999787
14043, -0.20000000000000018, 0.09999999999999787
14044, -0.20000000000000018, 0.09999999999999787
14045, -0.20000000000000018, 0.09999999999999787
14046, -0.20000000000000018, 0.09999999999999787
14047, -0.20000000000000018, 0.09999999999999787
14048, -0.20000000000000018, 0.09999999999999787
14049, -0.20000000000000018, 0.09999999999999787
14050, -0.20000000000000018, 0.09999999999999787
14051, -0.20000000000000018, 0.09999999999999787
14052, -0.20000000000000018, 0.09999999999999787
14053, -0.09999999999999964, 0.09999999999999787
14054, -0.09999999999999964, 0.09999999999999787
14055, -0.09999999999999964, 0.09999999999999787
14056, -0.09999999999999964, 0.09999999999999787
14057, -0.09999999999999964, 0.09999999999999787
14058, -0.09999999999999964, 0.09999999999999787
14059, -0.09999999999999964, 0.09999999999999787
14060, -0.09999999999999964, 0.09999999999999787
14061, -0.09999999999999964, 0.09999999999999787
14062, -0.09999999999999964, 0.1999999999999993
14063, -0.09999999999999964, 0.1999999999999993
14064, -0.09999999999999964, 0.1999999999999993
14065, -0.09999999999999964, 0.1999999999999993
14066, -0.09999999999999964, 0.1999999999999993
14067, -0.20000000000000018, 0.1999999999999993
14068, -0.20000000000000018, 0.1999999999999993
14069, -0.20000000000000018, 0.1999999999999993
14070, -0.20000000000000018, 0.1999999999999993
14071, -0.20000000000000018, 0.1999999999999993
14072, -0.09999999999999964, 0.1999999999999993
14073, -0.09999999999999964, 0.1999999999999993
14074, -0.09999999999999964, 0.3000000000000007
14075, -0.09999999999999964, 0.3000000000000007
14076, -0.09999999999999964, 0.3000000000000007
14077, -0.09999999999999964, 0.1999999999999993
14078, -0.09999999999999964, 0.1999999999999993
14079, -0.09999999999999964, 0.1999999999999993
14080, -0.09999999999999964, 0.1999999999999993
14081, -0.09999999999999964, 0.1999999999999993
14082, -0.09999999999999964, 0.1999999999999993
14083, -0.09999999999999964, 0.1999999999999993
14084, -0.09999999999999964, 0.1999999999999993
14085, -0.09999999999999964, 0.1999999999999993
14086, -0.09999999999999964, 0.1999999999999993
14087, -0.09999999999999964, 0.1999999999999993
14088, -0.09999999999999964, 0.1999999999999993
14089, -0.09999999999999964, 0.1999999999999993
14090, -0.09999999999999964, 0.1999999999999993
14091, -0.09999999999999964, 0.09999999999999787
14092, -0.09999999999999964, 0.09999999999999787
14093, -0.09999999999999964, 0.09999999999999787
14094, -0.20000000000000018, 0.09999999999999787
14095, -0.20000000000000018, 0.09999999999999787
14096, -0.20000000000000018, 0.09999999999999787
14097, -0.20000000000000018, 0.09999999999999787
14098, -0.20000000000000018, 0.09999999999999787
14099, -0.20000000000000018, 0.09999999999999787
14100, -0.20000000000000018, 0.09999999999999787
14101, -0.20000000000000018, 0.0
14102, -0.20000000000000018, 0.0
14103, -0.20000000000000018, 0.0
14104, -0.20000000000000018, 0.0
14105, -0.20000000000000018, 0.0
14106, -0.20000000000000018, 0.0
14107, -0.20000000000000018, 0.0
14108, -0.20000000000000018, 0.0
14109, -0.20000000000000018, 0.0
14110, -0.20000000000000018, 0.0
14111, -0.20000000000000018, 0.0
14112, -0.20000000000000018, 0.0
14113, -0.20000000000000018, 0.09999999999999787
14114, -0.20000000000000018, 0.09999999999999787
14115, -0.20000000000000018, 0.09999999999999787
14116, -0.20000000000000018, 0.09999999999999787
14117, -0.20000000000000018, 0.09999999999999787
14118, -0.20000000000000018, 0.09999999999999787
14119, -0.20000000000000018, 0.09999999999999787
14120, -0.20000000000000018, 0.09999999999999787
14121, -0.20000000000000018, 0.09999999999999787
14122, -0.20000000000000018, 0.09999999999999787
14123, -0.20000000000000018, 0.09999999999999787
14124, -0.20000000000000018, 0.0
14125, -0.20000000000000018, 0.0
14126, -0.20000000000000018, 0.0
14127, -0.2999999999999998, 0.0
14128, -0.2999999999999998, 0.0
14129, -0.2999999999999998, 0.0
14130, -0.2999999999999998, 0.0
14131, -0.2999999999999998, 0.0
14132, -0.2999999999999998, 0.0
14133, -0.2999999999999998, 0.0
14134, -0.2999999999999998, 0.09999999999999787
14135, -0.2999999999999998, 0.09999999999999787
14136, -0.2999999999999998, 0.09999999999999787
14137, -0.2999999999999998, 0.09999999999999787
14138, -0.2999999999999998, 0.09999999999999787
14139, -0.2999999999999998, 0.09999999999999787
14140, -0.2999999999999998, 0.09999999999999787
14141, -0.2999999999999998, 0.09999999999999787
14142, -0.2999999999999998, 0.09999999999999787
14143, -0.2999999999999998, 0.09999999999999787
14144, -0.2999999999999998, 0.09999999999999787
14145, -0.2999999999999998, 0.09999999999999787
14146, -0.2999999999999998, 0.09999999999999787
14147, -0.2999999999999998, 0.09999999999999787
14148, -0.2999999999999998, 0.09999999999999787
14149, -0.2999999999999998, 0.09999999999999787
14150, -0.2999999999999998, 0.1999999999999993
14151, -0.2999999999999998, 0.1999999999999993
14152, -0.2999999999999998, 0.1999999999999993
14153, -0.20000000000000018, 0.1999999999999993
14154, -0.20000000000000018, 0.1999999999999993
14155, -0.20000000000000018, 0.1999999999999993
14156, -0.20000000000000018, 0.1999999999999993
14157, -0.20000000000000018, 0.1999999999999993
14158, -0.20000000000000018, 0.1999999999999993
14159, -0.20000000000000018, 0.1999999999999993
14160, -0.20000000000000018, 0.1999999999999993
14161, -0.20000000000000018, 0.1999999999999993
14162, -0.20000000000000018, 0.1999999999999993
14163, -0.09999999999999964, 0.1999999999999993
14164, -0.09999999999999964, 0.1999999999999993
14165, -0.09999999999999964, 0.1999999999999993
14166, -0.09999999999999964, 0.1999999999999993
14167, -0.09999999999999964, 0.1999999999999993
14168, -0.09999999999999964, 0.1999999999999993
14169, -0.09999999999999964, 0.1999999999999993
14170, -0.09999999999999964, 0.1999999999999993
14171, -0.09999999999999964, 0.1999999999999993
14172, -0.09999999999999964, 0.1999999999999993
14173, -0.09999999999999964, 0.1999999999999993
14174, -0.09999999999999964, 0.1999999999999993
14175, -0.09999999999999964, 0.1999999999999993
14176, -0.09999999999999964, 0.1999999999999993
14177, -0.09999999999999964, 0.1999999999999993
14178, -0.09999999999999964, 0.1999999999999993
14179, -0.09999999999999964, 0.1999999999999993
14180, -0.09999999999999964, 0.1999999999999993
14181, -0.09999999999999964, 0.1999999999999993
14182, -0.09999999999999964, 0.1999999999999993
14183, -0.09999999999999964, 0.09999999999999787
14184, -0.20000000000000018, 0.09999999999999787
14185, -0.20000000000000018, 0.09999999999999787
14186, -0.20000000000000018, 0.09999999999999787
14187, -0.20000000000000018, 0.09999999999999787
14188, -0.20000000000000018, 0.09999999999999787
14189, -0.20000000000000018, 0.09999999999999787
14190, -0.20000000000000018, 0.09999999999999787
14191, -0.20000000000000018, 0.09999999999999787
14192, -0.20000000000000018, 0.09999999999999787
14193, -0.20000000000000018, 0.09999999999999787
14194, -0.20000000000000018, 0.09999999999999787
14195, -0.20000000000000018, 0.09999999999999787
14196, -0.20000000000000018, 0.09999999999999787
14197, -0.20000000000000018, 0.09999999999999787
14198, -0.20000000000000018, 0.09999999999999787
14199, -0.20000000000000018, 0.09999999999999787
14200, -0.20000000000000018, 0.09999999999999787
14201, -0.20000000000000018, 0.09999999999999787
14202, -0.20000000000000018, 0.09999999999999787
14203, -0.20000000000000018, 0.09999999999999787
14204, -0.20000000000000018, 0.09999999999999787
14205, -0.20000000000000018, 0.09999999999999787
14206, -0.20000000000000018, 0.09999999999999787
14207, -0.20000000000000018, 0.09999999999999787
14208, -0.20000000000000018, 0.1999999999999993
14209, -0.20000000000000018, 0.1999999999999993
14210, -0.20000000000000018, 0.1999999999999993
14211, -0.20000000000000018, 0.1999999999999993
14212, -0.20000000000000018, 0.1999999999999993
14213, -0.20000000000000018, 0.1999999999999993
14214, -0.20000000000000018, 0.1999999999999993
14215, -0.20000000000000018, 0.09999999999999787
14216, -0.20000000000000018, 0.0
14217, -0.20000000000000018, 0.0
14218, -0.20000000000000018, 0.0
14219, -0.20000000000000018, 0.0
14220, -0.20000000000000018, 0.0
14221, -0.20000000000000018, 0.09999999999999787
14222, -0.20000000000000018, 0.09999999999999787
14223, -0.20000000000000018, 0.09999999999999787
14224, -0.20000000000000018, 0.09999999999999787
14225, -0.20000000000000018, 0.09999999999999787
14226, -0.20000000000000018, 0.09999999999999787
14227, -0.20000000000000018, 0.09999999999999787
14228, -0.20000000000000018, 0.09999999999999787
14229, -0.20000000000000018, 0.09999999999999787
14230, -0.20000000000000018, 0.09999999999999787
14231, -0.20000000000000018, 0.09999999999999787
14232, -0.20000000000000018, 0.09999999999999787
14233, -0.20000000000000018, 0.09999999999999787
14234, -0.20000000000000018, 0.09999999999999787
14235, -0.20000000000000018, 0.09999999999999787
14236, -0.20000000000000018, 0.09999999999999787
14237, -0.20000000000000018, 0.09999999999999787
14238, -0.20000000000000018, 0.09999999999999787
14239, -0.20000000000000018, 0.09999999999999787
14240, -0.20000000000000018, 0.09999999999999787
14241, -0.20000000000000018, 0.09999999999999787
14242, -0.20000000000000018, 0.09999999999999787
14243, -0.20000000000000018, 0.09999999999999787
14244, -0.20000000000000018, 0.09999999999999787
14245, -0.20000000000000018, 0.09999999999999787
14246, -0.20000000000000018, 0.09999999999999787
14247, -0.20000000000000018, 0.09999999999999787
14248, -0.20000000000000018, 0.09999999999999787
14249, -0.20000000000000018, 0.09999999999999787
14250, -0.20000000000000018, 0.09999999999999787
14251, -0.20000000000000018, 0.09999999999999787
14252, -0.20000000000000018, 0.09999999999999787
14253, -0.20000000000000018, 0.09999999999999787
14254, -0.20000000000000018, 0.09999999999999787
14255, -0.20000000000000018, 0.09999999999999787
14256, -0.20000000000000018, 0.09999999999999787
14257, -0.20000000000000018, 0.09999999999999787
14258, -0.20000000000000018, 0.09999999999999787
14259, -0.20000000000000018, 0.09999999999999787
14260, -0.20000000000000018, 0.09999999999999787
14261, -0.20000000000000018, 0.09999999999999787
14262, -0.20000000000000018, 0.09999999999999787
14263, -0.20000000000000018, 0.09999999999999787
14264, -0.20000000000000018, 0.09999999999999787
14265, -0.20000000000000018, 0.09999999999999787
14266, -0.20000000000000018, 0.09999999999999787
14267, -0.20000000000000018, 0.09999999999999787
14268, -0.20000000000000018, 0.1999999999999993
14269, -0.20000000000000018, 0.1999999999999993
14270, -0.20000000000000018, 0.1999999999999993
14271, -0.20000000000000018, 0.1999999999999993
14272, -0.20000000000000018, 0.1999999999999993
14273, -0.20000000000000018, 0.1999999999999993
14274, -0.20000000000000018, 0.1999999999999993
14275, -0.20000000000000018, 0.1999999999999993
14276, -0.20000000000000018, 0.1999999999999993
14277, -0.20000000000000018, 0.1999999999999993
14278, -0.20000000000000018, 0.1999999999999993
14279, -0.20000000000000018, 0.1999999999999993
14280, -0.20000000000000018, 0.1999999999999993
14281, -0.20000000000000018, 0.1999999999999993
14282, -0.20000000000000018, 0.1999999999999993
14283, -0.20000000000000018, 0.1999999999999993
14284, -0.20000000000000018, 0.1999999999999993
14285, -0.20000000000000018, 0.3000000000000007
14286, -0.20000000000000018, 0.3000000000000007
14287, -0.20000000000000018, 0.3000000000000007
14288, -0.20000000000000018, 0.3000000000000007
14289, -0.20000000000000018, 0.3000000000000007
14290, -0.09999999999999964, 0.3000000000000007
14291, -0.09999999999999964, 0.3000000000000007
14292, -0.09999999999999964, 0.3000000000000007
14293, -0.09999999999999964, 0.3000000000000007
14294, -0.09999999999999964, 0.3000000000000007
14295, -0.09999999999999964, 0.3000000000000007
14296, -0.09999999999999964, 0.3000000000000007
14297, -0.09999999999999964, 0.1999999999999993
14298, -0.09999999999999964, 0.1999999999999993
14299, -0.09999999999999964, 0.1999999999999993
14300, -0.09999999999999964, 0.1999999999999993
14301, -0.09999999999999964, 0.1999999999999993
14302, -0.09999999999999964, 0.1999999999999993
14303, -0.09999999999999964, 0.1999999999999993
14304, -0.09999999999999964, 0.1999999999999993
14305, -0.09999999999999964, 0.1999999999999993
14306, -0.09999999999999964, 0.3000000000000007
14307, -0.09999999999999964, 0.3000000000000007
14308, -0.09999999999999964, 0.3000000000000007
14309, -0.09999999999999964, 0.3000000000000007
14310, -0.09999999999999964, 0.3000000000000007
14311, -0.09999999999999964, 0.3000000000000007
14312, -0.09999999999999964, 0.3000000000000007
14313, -0.09999999999999964, 0.3000000000000007
14314, -0.09999999999999964, 0.3000000000000007
14315, -0.09999999999999964, 0.3000000000000007
14316, -0.09999999999999964, 0.1999999999999993
14317, -0.09999999999999964, 0.1999999999999993
14318, -0.09999999999999964, 0.1999999999999993
14319, -0.20000000000000018, 0.1999999999999993
14320, -0.20000000000000018, 0.1999999999999993
14321, -0.20000000000000018, 0.1999999999999993
14322, -0.20000000000000018, 0.1999999999999993
14323, -0.20000000000000018, 0.1999999999999993
14324, -0.20000000000000018, 0.1999999999999993
14325, -0.20000000000000018, 0.1999999999999993
14326, -0.20000000000000018, 0.1999999999999993
14327, -0.09999999999999964, 0.1999999999999993
14328, -0.09999999999999964, 0.1999999999999993
14329, -0.09999999999999964, 0.1999999999999993
14330, -0.09999999999999964, 0.1999999999999993
14331, -0.09999999999999964, 0.1999999999999993
14332, -0.09999999999999964, 0.1999999999999993
14333, -0.09999999999999964, 0.1999999999999993
14334, -0.09999999999999964, 0.1999999999999993
14335, -0.09999999999999964, 0.09999999999999787
14336, -0.09999999999999964, 0.09999999999999787
14337, -0.09999999999999964, 0.09999999999999787
14338, -0.09999999999999964, 0.09999999999999787
14339, -0.09999999999999964, 0.09999999999999787
14340, -0.09999999999999964, 0.09999999999999787
14341, -0.09999999999999964, 0.09999999999999787
14342, -0.09999999999999964, 0.09999999999999787
14343, -0.09999999999999964, 0.1999999999999993
14344, -0.09999999999999964, 0.1999999999999993
14345, -0.09999999999999964, 0.1999999999999993
14346, -0.09999999999999964, 0.1999999999999993
14347, -0.09999999999999964, 0.1999999999999993
14348, -0.09999999999999964, 0.1999999999999993
14349, -0.09999999999999964, 0.09999999999999787
14350, -0.09999999999999964, 0.09999999999999787
14351, -0.09999999999999964, 0.09999999999999787
14352, -0.09999999999999964, 0.09999999999999787
14353, -0.09999999999999964, 0.09999999999999787
14354, -0.09999999999999964, 0.09999999999999787
14355, -0.09999999999999964, 0.09999999999999787
14356, -0.09999999999999964, 0.09999999999999787
14357, -0.09999999999999964, 0.09999999999999787
14358, -0.09999999999999964, 0.1999999999999993
14359, -0.09999999999999964, 0.1999999999999993
14360, -0.09999999999999964, 0.1999999999999993
14361, -0.09999999999999964, 0.1999999999999993
14362, -0.09999999999999964, 0.1999999999999993
14363, -0.09999999999999964, 0.09999999999999787
14364, -0.09999999999999964, 0.09999999999999787
14365, -0.09999999999999964, 0.09999999999999787
14366, -0.09999999999999964, 0.09999999999999787
14367, -0.09999999999999964, 0.09999999999999787
14368, -0.20000000000000018, 0.09999999999999787
14369, -0.20000000000000018, 0.09999999999999787
14370, -0.20000000000000018, 0.09999999999999787
14371, -0.20000000000000018, 0.09999999999999787
14372, -0.20000000000000018, 0.09999999999999787
14373, -0.20000000000000018, 0.09999999999999787
14374, -0.20000000000000018, 0.09999999999999787
14375, -0.20000000000000018, 0.09999999999999787
14376, -0.20000000000000018, 0.09999999999999787
14377, -0.20000000000000018, 0.09999999999999787
14378, -0.20000000000000018, 0.09999999999999787
14379, -0.20000000000000018, 0.09999999999999787
14380, -0.20000000000000018, 0.09999999999999787
14381, -0.09999999999999964, 0.09999999999999787
14382, -0.09999999999999964, 0.09999999999999787
14383, -0.09999999999999964, 0.09999999999999787
14384, -0.09999999999999964, 0.09999999999999787
14385, -0.09999999999999964, 0.09999999999999787
14386, -0.09999999999999964, 0.09999999999999787
14387, -0.09999999999999964, 0.09999999999999787
14388, -0.09999999999999964, 0.09999999999999787
14389, -0.09999999999999964, 0.09999999999999787
14390, -0.09999999999999964, 0.09999999999999787
14391, -0.09999999999999964, 0.09999999999999787
14392, -0.09999999999999964, 0.09999999999999787
14393, -0.09999999999999964, 0.09999999999999787
14394, -0.09999999999999964, 0.09999999999999787
14395, -0.09999999999999964, 0.09999999999999787
14396, -0.09999999999999964, 0.09999999999999787
14397, -0.09999999999999964, 0.09999999999999787
14398, -0.09999999999999964, 0.09999999999999787
14399, -0.09999999999999964, 0.09999999999999787
14400, -0.09999999999999964, 0.09999999999999787
14401, -0.09999999999999964, 0.09999999999999787
14402, -0.09999999999999964, 0.09999999999999787
14403, -0.09999999999999964, 0.09999999999999787
14404, -0.09999999999999964, 0.09999999999999787
14405, -0.09999999999999964, 0.09999999999999787
14406, -0.09999999999999964, 0.0
14407, 0.0, 0.0
14408, 0.0, 0.09999999999999787
14409, 0.0, 0.09999999999999787
14410, 0.0, 0.09999999999999787
14411, -0.09999999999999964, 0.09999999999999787
14412, -0.09999999999999964, 0.09999999999999787
14413, -0.09999999999999964, 0.09999999999999787
14414, -0.09999999999999964, 0.09999999999999787
14415, -0.09999999999999964, 0.09999999999999787
14416, -0.09999999999999964, 0.09999999999999787
14417, -0.09999999999999964, 0.09999999999999787
14418, -0.09999999999999964, 0.09999999999999787
14419, -0.09999999999999964, 0.09999999999999787
14420, -0.09999999999999964, 0.09999999999999787
14421, -0.09999999999999964, 0.09999999999999787
14422, -0.09999999999999964, 0.09999999999999787
14423, -0.09999999999999964, 0.09999999999999787
14424, -0.09999999999999964, 0.09999999999999787
14425, -0.09999999999999964, 0.09999999999999787
14426, -0.09999999999999964, 0.09999999999999787
14427, -0.09999999999999964, 0.1999999999999993
14428, -0.09999999999999964, 0.1999999999999993
14429, -0.09999999999999964, 0.09999999999999787
14430, -0.09999999999999964, 0.09999999999999787
14431, -0.09999999999999964, 0.09999999999999787
14432, -0.09999999999999964, 0.09999999999999787
14433, -0.09999999999999964, 0.09999999999999787
14434, -0.09999999999999964, 0.09999999999999787
14435, -0.09999999999999964, 0.09999999999999787
14436, -0.09999999999999964, 0.09999999999999787
14437, -0.09999999999999964, 0.09999999999999787
14438, -0.09999999999999964, 0.09999999999999787
14439, -0.09999999999999964, 0.09999999999999787
14440, -0.09999999999999964, 0.09999999999999787
14441, -0.09999999999999964, 0.09999999999999787
14442, -0.09999999999999964, 0.09999999999999787
14443, -0.09999999999999964, 0.09999999999999787
14444, -0.20000000000000018, 0.09999999999999787
14445, -0.20000000000000018, 0.09999999999999787
14446, -0.20000000000000018, 0.09999999999999787
14447, -0.20000000000000018, 0.09999999999999787
14448, -0.20000000000000018, 0.09999999999999787
14449, -0.09999999999999964, 0.09999999999999787
14450, -0.09999999999999964, 0.09999999999999787
14451, -0.09999999999999964, 0.09999999999999787
14452, -0.09999999999999964, 0.09999999999999787
14453, -0.09999999999999964, 0.09999999999999787
14454, -0.09999999999999964, 0.0
14455, -0.09999999999999964, 0.0
14456, -0.09999999999999964, 0.0
14457, -0.09999999999999964, 0.0
14458, -0.09999999999999964, 0.0
14459, -0.09999999999999964, 0.0
14460, -0.09999999999999964, 0.0
14461, -0.09999999999999964, 0.0
14462, -0.09999999999999964, 0.09999999999999787
14463, -0.09999999999999964, 0.09999999999999787
14464, -0.09999999999999964, 0.09999999999999787
14465, -0.09999999999999964, 0.09999999999999787
14466, -0.09999999999999964, 0.09999999999999787
14467, -0.09999999999999964, 0.09999999999999787
14468, -0.09999999999999964, 0.09999999999999787
14469, -0.09999999999999964, 0.09999999999999787
14470, -0.09999999999999964, 0.09999999999999787
14471, -0.09999999999999964, 0.09999999999999787
14472, -0.20000000000000018, 0.09999999999999787
14473, -0.20000000000000018, 0.09999999999999787
14474, -0.20000000000000018, 0.09999999999999787
14475, -0.20000000000000018, 0.09999999999999787
14476, -0.20000000000000018, 0.09999999999999787
14477, -0.20000000000000018, 0.09999999999999787
14478, -0.20000000000000018, 0.09999999999999787
14479, -0.20000000000000018, 0.09999999999999787
14480, -0.20000000000000018, 0.09999999999999787
14481, -0.20000000000000018, 0.09999999999999787
14482, -0.20000000000000018, 0.09999999999999787
14483, -0.20000000000000018, 0.09999999999999787
14484, -0.20000000000000018, 0.09999999999999787
14485, -0.20000000000000018, 0.09999999999999787
14486, -0.20000000000000018, 0.09999999999999787
14487, -0.20000000000000018, 0.09999999999999787
14488, -0.09999999999999964, 0.09999999999999787
14489, -0.09999999999999964, 0.09999999999999787
14490, -0.09999999999999964, 0.09999999999999787
14491, -0.09999999999999964, 0.09999999999999787
14492, -0.09999999999999964, 0.09999999999999787
14493, -0.09999999999999964, 0.09999999999999787
14494, -0.09999999999999964, 0.09999999999999787
14495, -0.09999999999999964, 0.09999999999999787
14496, -0.09999999999999964, 0.09999999999999787
14497, -0.09999999999999964, 0.09999999999999787
14498, -0.09999999999999964, 0.09999999999999787
14499, -0.09999999999999964, 0.09999999999999787
14500, -0.09999999999999964, 0.09999999999999787
14501, -0.09999999999999964, 0.09999999999999787
14502, -0.09999999999999964, 0.09999999999999787
14503, -0.09999999999999964, 0.09999999999999787
14504, -0.09999999999999964, 0.09999999999999787
14505, -0.09999999999999964, 0.09999999999999787
14506, -0.09999999999999964, 0.09999999999999787
14507, -0.09999999999999964, 0.09999999999999787
14508, -0.09999999999999964, 0.09999999999999787
14509, -0.09999999999999964, 0.09999999999999787
14510, -0.20000000000000018, 0.09999999999999787
14511, -0.20000000000000018, 0.09999999999999787
14512, -0.20000000000000018, 0.09999999999999787
14513, -0.20000000000000018, 0.1999999999999993
14514, -0.20000000000000018, 0.1999999999999993
14515, -0.20000000000000018, 0.1999999999999993
14516, -0.20000000000000018, 0.1999999999999993
14517, -0.20000000000000018, 0.1999999999999993
14518, -0.09999999999999964, 0.1999999999999993
14519, -0.09999999999999964, 0.1999999999999993
14520, -0.09999999999999964, 0.1999999999999993
14521, -0.09999999999999964, 0.1999999999999993
14522, -0.09999999999999964, 0.09999999999999787
14523, -0.09999999999999964, 0.09999999999999787
14524, -0.09999999999999964, 0.09999999999999787
14525, -0.09999999999999964, 0.09999999999999787
14526, -0.09999999999999964, 0.09999999999999787
14527, -0.09999999999999964, 0.09999999999999787
14528, -0.09999999999999964, 0.09999999999999787
14529, -0.09999999999999964, 0.09999999999999787
14530, -0.09999999999999964, 0.09999999999999787
14531, -0.09999999999999964, 0.09999999999999787
14532, -0.09999999999999964, 0.09999999999999787
14533, -0.09999999999999964, 0.09999999999999787
14534, -0.09999999999999964, 0.09999999999999787
14535, -0.09999999999999964, 0.09999999999999787
14536, -0.09999999999999964, 0.09999999999999787
14537, -0.09999999999999964, 0.1999999999999993
14538, -0.09999999999999964, 0.1999999999999993
14539, -0.09999999999999964, 0.1999999999999993
14540, -0.09999999999999964, 0.1999999999999993
14541, -0.09999999999999964, 0.1999999999999993
14542, -0.09999999999999964, 0.1999999999999993
14543, -0.20000000000000018, 0.1999999999999993
14544, -0.20000000000000018, 0.1999999999999993
14545, -0.20000000000000018, 0.1999999999999993
14546, -0.20000000000000018, 0.1999999999999993
14547, -0.20000000000000018, 0.1999999999999993
14548, -0.20000000000000018, 0.1999999999999993
14549, -0.20000000000000018, 0.1999999999999993
14550, -0.20000000000000018, 0.1999999999999993
14551, -0.20000000000000018, 0.1999999999999993
14552, -0.20000000000000018, 0.1999999999999993
14553, -0.20000000000000018, 0.1999999999999993
14554, -0.20000000000000018, 0.1999999999999993
14555, -0.20000000000000018, 0.1999999999999993
14556, -0.20000000000000018, 0.1999999999999993
14557, -0.20000000000000018, 0.1999999999999993
14558, -0.20000000000000018, 0.1999999999999993
14559, -0.20000000000000018, 0.1999999999999993
14560, -0.20000000000000018, 0.1999999999999993
14561, -0.20000000000000018, 0.1999999999999993
14562, -0.09999999999999964, 0.1999999999999993
14563, -0.09999999999999964, 0.3000000000000007
14564, -0.09999999999999964, 0.3000000000000007
14565, -0.09999999999999964, 0.1999999999999993
14566, -0.09999999999999964, 0.1999999999999993
14567, -0.09999999999999964, 0.1999999999999993
14568, -0.09999999999999964, 0.1999999999999993
14569, -0.09999999999999964, 0.1999999999999993
14570, -0.09999999999999964, 0.1999999999999993
14571, -0.09999999999999964, 0.1999999999999993
14572, -0.09999999999999964, 0.1999999999999993
14573, -0.09999999999999964, 0.1999999999999993
14574, -0.09999999999999964, 0.1999999999999993
14575, -0.09999999999999964, 0.1999999999999993
14576, -0.09999999999999964, 0.1999999999999993
14577, -0.09999999999999964, 0.1999999999999993
14578, -0.09999999999999964, 0.1999999999999993
14579, -0.09999999999999964, 0.1999999999999993
14580, -0.09999999999999964, 0.1999999999999993
14581, -0.09999999999999964, 0.1999999999999993
14582, -0.09999999999999964, 0.1999999999999993
14583, -0.09999999999999964, 0.1999999999999993
14584, -0.09999999999999964, 0.1999999999999993
14585, -0.09999999999999964, 0.09999999999999787
14586, -0.09999999999999964, 0.09999999999999787
14587, -0.09999999999999964, 0.09999999999999787
14588, -0.09999999999999964, 0.09999999999999787
14589, -0.09999999999999964, 0.09999999999999787
14590, -0.09999999999999964, 0.09999999999999787
14591, -0.09999999999999964, 0.09999999999999787
14592, -0.09999999999999964, 0.09999999999999787
14593, -0.09999999999999964, 0.09999999999999787
14594, -0.09999999999999964, 0.09999999999999787
14595, -0.09999999999999964, 0.09999999999999787
14596, -0.09999999999999964, 0.09999999999999787
14597, -0.09999999999999964, 0.09999999999999787
14598, -0.09999999999999964, 0.09999999999999787
14599, -0.09999999999999964, 0.09999999999999787
14600, -0.09999999999999964, 0.09999999999999787
14601, -0.09999999999999964, 0.09999999999999787
14602, -0.09999999999999964, 0.09999999999999787
14603, -0.09999999999999964, 0.09999999999999787
14604, -0.09999999999999964, 0.09999999999999787
14605, -0.09999999999999964, 0.09999999999999787
14606, -0.09999999999999964, 0.09999999999999787
14607, -0.09999999999999964, 0.0
14608, -0.09999999999999964, 0.0
14609, -0.09999999999999964, 0.0
14610, -0.09999999999999964, 0.0
14611, -0.09999999999999964, 0.0
14612, -0.09999999999999964, 0.0
14613, -0.09999999999999964, 0.0
14614, -0.09999999999999964, 0.0
14615, -0.09999999999999964, 0.0
14616, -0.09999999999999964, 0.0
14617, -0.09999999999999964, 0.0
14618, -0.09999999999999964, 0.0
14619, -0.09999999999999964, 0.0
14620, -0.09999999999999964, 0.0
14621, -0.09999999999999964, 0.09999999999999787
14622, -0.09999999999999964, 0.09999999999999787
14623, -0.09999999999999964, 0.09999999999999787
14624, -0.09999999999999964, 0.09999999999999787
14625, -0.09999999999999964, 0.09999999999999787
14626, -0.09999999999999964, 0.09999999999999787
14627, -0.09999999999999964, 0.09999999999999787
14628, -0.09999999999999964, 0.0
14629, -0.09999999999999964, 0.0
14630, -0.09999999999999964, 0.0
14631, -0.09999999999999964, 0.09999999999999787
14632, -0.09999999999999964, 0.09999999999999787
14633, -0.09999999999999964, 0.09999999999999787
14634, -0.20000000000000018, 0.09999999999999787
14635, -0.20000000000000018, 0.09999999999999787
14636, -0.20000000000000018, 0.09999999999999787
14637, -0.20000000000000018, 0.09999999999999787
14638, -0.20000000000000018, 0.09999999999999787
14639, -0.20000000000000018, 0.09999999999999787
14640, -0.20000000000000018, 0.09999999999999787
14641, -0.20000000000000018, 0.09999999999999787
14642, -0.20000000000000018, 0.09999999999999787
14643, -0.20000000000000018, 0.09999999999999787
14644, -0.20000000000000018, 0.09999999999999787
14645, -0.20000000000000018, 0.09999999999999787
14646, -0.20000000000000018, 0.09999999999999787
14647, -0.20000000000000018, 0.09999999999999787
14648, -0.20000000000000018, 0.09999999999999787
14649, -0.20000000000000018, 0.09999999999999787
14650, -0.20000000000000018, 0.09999999999999787
14651, -0.20000000000000018, 0.09999999999999787
14652, -0.20000000000000018, 0.09999999999999787
14653, -0.20000000000000018, 0.09999999999999787
14654, -0.20000000000000018, 0.09999999999999787
14655, -0.20000000000000018, 0.09999999999999787
14656, -0.20000000000000018, 0.0
14657, -0.20000000000000018, 0.0
14658, -0.20000000000000018, 0.0
14659, -0.20000000000000018, 0.0
14660, -0.20000000000000018, 0.0
14661, -0.20000000000000018, 0.0
14662, -0.20000000000000018, 0.0
14663, -0.20000000000000018, 0.0
14664, -0.20000000000000018, 0.0
14665, -0.20000000000000018, 0.0
14666, -0.2999999999999998, 0.0
14667, -0.2999999999999998, 0.0
14668, -0.2999999999999998, 0.09999999999999787
14669, -0.2999999999999998, 0.09999999999999787
14670, -0.2999999999999998, 0.09999999999999787
14671, -0.2999999999999998, 0.09999999999999787
14672, -0.2999999999999998, 0.09999999999999787
14673, -0.2999999999999998, 0.09999999999999787
14674, -0.2999999999999998, 0.09999999999999787
14675, -0.2999999999999998, 0.09999999999999787
14676, -0.20000000000000018, 0.09999999999999787
14677, -0.20000000000000018, 0.09999999999999787
14678, -0.20000000000000018, 0.09999999999999787
14679, -0.20000000000000018, 0.09999999999999787
14680, -0.20000000000000018, 0.09999999999999787
14681, -0.20000000000000018, 0.1999999999999993
14682, -0.20000000000000018, 0.1999999999999993
14683, -0.20000000000000018, 0.1999999999999993
14684, -0.20000000000000018, 0.3000000000000007
14685, -0.20000000000000018, 0.3000000000000007
14686, -0.20000000000000018, 0.3000000000000007
14687, -0.20000000000000018, 0.3000000000000007
14688, -0.20000000000000018, 0.3000000000000007
14689, -0.20000000000000018, 0.3000000000000007
14690, -0.20000000000000018, 0.3000000000000007
14691, -0.20000000000000018, 0.1999999999999993
14692, -0.20000000000000018, 0.1999999999999993
14693, -0.20000000000000018, 0.1999999999999993
14694, -0.20000000000000018, 0.1999999999999993
14695, -0.20000000000000018, 0.1999999999999993
14696, -0.20000000000000018, 0.1999999999999993
14697, -0.20000000000000018, 0.1999999999999993
14698, -0.20000000000000018, 0.1999999999999993
14699, -0.20000000000000018, 0.3000000000000007
14700, -0.20000000000000018, 0.3000000000000007
14701, -0.20000000000000018, 0.3000000000000007
14702, -0.20000000000000018, 0.3000000000000007
14703, -0.20000000000000018, 0.3000000000000007
14704, -0.09999999999999964, 0.3000000000000007
14705, -0.09999999999999964, 0.3000000000000007
14706, -0.09999999999999964, 0.3000000000000007
14707, -0.09999999999999964, 0.1999999999999993
14708, -0.09999999999999964, 0.1999999999999993
14709, -0.09999999999999964, 0.1999999999999993
14710, -0.09999999999999964, 0.1999999999999993
14711, -0.09999999999999964, 0.1999999999999993
14712, -0.09999999999999964, 0.1999999999999993
14713, -0.09999999999999964, 0.1999999999999993
14714, -0.09999999999999964, 0.1999999999999993
14715, -0.09999999999999964, 0.1999999999999993
14716, -0.09999999999999964, 0.1999999999999993
14717, -0.09999999999999964, 0.1999999999999993
14718, -0.09999999999999964, 0.1999999999999993
14719, -0.09999999999999964, 0.1999999999999993
14720, -0.09999999999999964, 0.1999999999999993
14721, -0.09999999999999964, 0.1999999999999993
14722, -0.20000000000000018, 0.1999999999999993
14723, -0.20000000000000018, 0.1999999999999993
14724, -0.20000000000000018, 0.1999999999999993
14725, -0.20000000000000018, 0.1999999999999993
14726, -0.20000000000000018, 0.09999999999999787
14727, -0.20000000000000018, 0.09999999999999787
14728, -0.20000000000000018, 0.09999999999999787
14729, -0.20000000000000018, 0.09999999999999787
14730, -0.20000000000000018, 0.09999999999999787
14731, -0.20000000000000018, 0.09999999999999787
14732, -0.20000000000000018, 0.09999999999999787
14733, -0.20000000000000018, 0.09999999999999787
14734, -0.20000000000000018, 0.09999999999999787
14735, -0.20000000000000018, 0.09999999999999787
14736, -0.20000000000000018, 0.09999999999999787
14737, -0.20000000000000018, 0.09999999999999787
14738, -0.20000000000000018, 0.1999999999999993
14739, -0.20000000000000018, 0.1999999999999993
14740, -0.20000000000000018, 0.1999999999999993
14741, -0.20000000000000018, 0.1999999999999993
14742, -0.20000000000000018, 0.1999999999999993
14743, -0.20000000000000018, 0.1999999999999993
14744, -0.20000000000000018, 0.1999999999999993
14745, -0.20000000000000018, 0.1999999999999993
14746, -0.20000000000000018, 0.09999999999999787
14747, -0.20000000000000018, 0.09999999999999787
14748, -0.20000000000000018, 0.09999999999999787
14749, -0.20000000000000018, 0.09999999999999787
14750, -0.20000000000000018, 0.09999999999999787
14751, -0.20000000000000018, 0.1999999999999993
14752, -0.20000000000000018, 0.1999999999999993
14753, -0.20000000000000018, 0.09999999999999787
14754, -0.09999999999999964, 0.0
14755, -0.09999999999999964, 0.0
14756, -0.09999999999999964, 0.09999999999999787
14757, -0.09999999999999964, 0.09999999999999787
14758, -0.09999999999999964, 0.0
14759, -0.09999999999999964, 0.0
14760, -0.09999999999999964, 0.0
14761, -0.09999999999999964, 0.0
14762, -0.09999999999999964, 0.0
14763, -0.09999999999999964, 0.0
14764, -0.09999999999999964, 0.0
14765, -0.09999999999999964, 0.0
14766, -0.09999999999999964, 0.0
14767, -0.09999999999999964, -0.1999999999999993
14768, -0.09999999999999964, -0.1999999999999993
14769, -0.09999999999999964, -0.1999999999999993
14770, -0.09999999999999964, -0.1999999999999993
14771, -0.09999999999999964, -0.3000000000000007
14772, -0.09999999999999964, -0.3000000000000007
14773, -0.20000000000000018, -0.3000000000000007
14774, -0.09999999999999964, -0.40000000000000213
14775, -0.09999999999999964, -0.40000000000000213
14776, -0.09999999999999964, -0.40000000000000213
14777, -0.09999999999999964, -0.40000000000000213
14778, -0.09999999999999964, -0.5
14779, -0.09999999999999964, -0.5
14780, 0.0, -0.5
14781, 0.0, -0.5
14782, 0.0, -0.6000000000000014
14783, 0.0, -0.6000000000000014
14784, 0.0, -0.5
14785, 0.0, -0.5
14786, 0.0, -0.6000000000000014
14787, 0.0, -0.6000000000000014
14788, 0.0, -0.5
14789, 0.0, -0.5
14790, 0.0, -0.5
14791, 0.0, -0.6000000000000014
14792, 0.0, -0.5
14793, 0.0, -0.5
14794, 0.0, -0.3000000000000007
14795, 0.0, -0.40000000000000213
14796, 0.0, -0.3000000000000007
14797, 0.0, -0.3000000000000007
14798, 0.0, -0.1999999999999993
14799, 0.0, -0.1999999999999993
14800, 0.0, -0.10000000000000142
14801, 0.0, 0.0
14802, 0.0, -0.10000000000000142
14803, 0.0, 0.0
14804, 0.0, 0.0
14805, 0.0, 0.0
14806, 0.0, 0.0
14807, 0.0, 0.09999999999999787
14808, 0.0, 0.1999999999999993
14809, 0.0, 0.1999999999999993
14810, 0.0, 0.1999999999999993
14811, 0.0, 0.3000000000000007
14812, 0.0, 0.3000000000000007
14813, 0.0, 0.3999999999999986
14814, 0.0, 0.3999999999999986
14815, 0.0, 0.3999999999999986
14816, 0.0, 0.3999999999999986
14817, 0.09999999999999964, 0.5
14818, 0.09999999999999964, 0.5
14819, 0.09999999999999964, 0.3999999999999986
14820, 0.09999999999999964, 0.5
14821, 0.09999999999999964, 0.3999999999999986
14822, 0.09999999999999964, 0.3999999999999986
14823, 0.09999999999999964, 0.3999999999999986
14824, 0.09999999999999964, 0.3999999999999986
14825, 0.09999999999999964, 0.3999999999999986
14826, 0.0, 0.3999999999999986
14827, 0.0, 0.3999999999999986
14828, 0.0, 0.3000000000000007
14829, 0.0, 0.3999999999999986
14830, 0.0, 0.3000000000000007
14831, 0.0, 0.3000000000000007
14832, 0.0, 0.1999999999999993
14833, 0.0, 0.1999999999999993
14834, 0.0, 0.3000000000000007
14835, 0.0, 0.1999999999999993
14836, 0.0, 0.09999999999999787
14837, 0.0, 0.0
14838, 0.0, 0.09999999999999787
14839, 0.0, 0.0
14840, 0.0, 0.09999999999999787
14841, 0.0, -0.10000000000000142
14842, -0.09999999999999964, 0.0
14843, -0.09999999999999964, -0.10000000000000142
14844, -0.09999999999999964, 0.0
14845, -0.09999999999999964, -0.10000000000000142
14846, -0.09999999999999964, -0.10000000000000142
14847, -0.09999999999999964, -0.10000000000000142
14848, -0.09999999999999964, -0.10000000000000142
14849, -0.09999999999999964, -0.10000000000000142
14850, -0.09999999999999964, -0.10000000000000142
14851, -0.09999999999999964, -0.10000000000000142
14852, -0.09999999999999964, -0.10000000000000142
14853, -0.09999999999999964, -0.10000000000000142
14854, -0.09999999999999964, -0.10000000000000142
14855, -0.09999999999999964, -0.10000000000000142
14856, -0.09999999999999964, -0.1999999999999993
14857, -0.09999999999999964, -0.10000000000000142
14858, -0.09999999999999964, -0.10000000000000142
14859, -0.09999999999999964, -0.10000000000000142
14860, -0.09999999999999964, -0.10000000000000142
14861, -0.09999999999999964, -0.1999999999999993
14862, -0.09999999999999964, -0.10000000000000142
14863, -0.09999999999999964, -0.10000000000000142
14864, -0.09999999999999964, 0.0
14865, -0.09999999999999964, 0.0
14866, -0.09999999999999964, 0.0
14867, -0.09999999999999964, -0.10000000000000142
14868, -0.09999999999999964, 0.0
14869, -0.09999999999999964, 0.0
14870, -0.20000000000000018, 0.09999999999999787
14871, -0.20000000000000018, 0.0
14872, -0.20000000000000018, 0.09999999999999787
14873, -0.20000000000000018, 0.09999999999999787
14874, -0.20000000000000018, 0.09999999999999787
14875, -0.20000000000000018, 0.1999999999999993
14876, -0.20000000000000018, 0.09999999999999787
14877, -0.20000000000000018, 0.1999999999999993
14878, -0.09999999999999964, 0.1999999999999993
14879, -0.09999999999999964, 0.1999999999999993
14880, -0.09999999999999964, 0.1999999999999993
14881, -0.20000000000000018, 0.3000000000000007
14882, -0.20000000000000018, 0.3000000000000007
14883, -0.20000000000000018, 0.1999999999999993
14884, -0.2999999999999998, 0.3000000000000007
14885, -0.2999999999999998, 0.3000000000000007
14886, -0.2999999999999998, 0.3000000000000007
14887, -0.2999999999999998, 0.1999999999999993
14888, -0.2999999999999998, 0.3000000000000007
14889, -0.2999999999999998, 0.3000000000000007
14890, -0.2999999999999998, 0.3999999999999986
14891, -0.2999999999999998, 0.3999999999999986
14892, -0.2999999999999998, 0.3000000000000007
14893, -0.40000000000000036, 0.3000000000000007
14894, -0.40000000000000036, 0.3999999999999986
14895, -0.40000000000000036, 0.5
14896, -0.2999999999999998, 0.5
14897, -0.2999999999999998, 0.5
14898, -0.2999999999999998, 0.3000000000000007
14899, -0.2999999999999998, 0.3999999999999986
14900, -0.2999999999999998, 0.3999999999999986
14901, -0.40000000000000036, 0.5
14902, -0.40000000000000036, 0.3999999999999986
14903, -0.40000000000000036, 0.5
14904, -0.40000000000000036, 0.5999999999999979
14905, -0.40000000000000036, 0.5
14906, -0.40000000000000036, 0.5
14907, -0.40000000000000036, 0.5
14908, -0.40000000000000036, 0.3999999999999986
14909, -0.40000000000000036, 0.5
14910, -0.40000000000000036, 0.5
14911, -0.40000000000000036, 0.5
14912, -0.40000000000000036, 0.5
14913, -0.5, 0.5
14914, -0.40000000000000036, 0.5
14915, -0.40000000000000036, 0.5
14916, -0.40000000000000036, 0.5
14917, -0.40000000000000036, 0.3999999999999986
14918, -0.40000000000000036, 0.3999999999999986
14919, -0.40000000000000036, 0.3999999999999986
14920, -0.40000000000000036, 0.3999999999999986
14921, -0.40000000000000036, 0.3999999999999986
14922, -0.40000000000000036, 0.3999999999999986
14923, -0.40000000000000036, 0.3000000000000007
14924, -0.40000000000000036, 0.3000000000000007
14925, -0.40000000000000036, 0.3000000000000007
14926, -0.40000000000000036, 0.3000000000000007
14927, -0.40000000000000036, 0.3000000000000007
14928, -0.40000000000000036, 0.1999999999999993
14929, -0.40000000000000036, 0.1999999999999993
14930, -0.40000000000000036, 0.1999999999999993
14931, -0.40000000000000036, 0.09999999999999787
14932, -0.40000000000000036, 0.09999999999999787
14933, -0.40000000000000036, 0.0
14934, -0.40000000000000036, 0.0
14935, -0.40000000000000036, 0.0
14936, -0.40000000000000036, -0.10000000000000142
14937, -0.5, -0.10000000000000142
14938, -0.5, -0.1999999999999993
14939, -0.5, -0.1999999999999993
14940, -0.5999999999999996, -0.10000000000000142
14941, -0.5999999999999996, -0.1999999999999993
14942, -0.5999999999999996, -0.1999999999999993
14943, -0.5999999999999996, -0.1999999999999993
14944, -0.5999999999999996, -0.3000000000000007
14945, -0.5999999999999996, -0.3000000000000007
14946, -0.5999999999999996, -0.3000000000000007
14947, -0.5999999999999996, -0.1999999999999993
14948, -0.5999999999999996, -0.1999999999999993
14949, -0.5999999999999996, -0.1999999999999993
14950, -0.5999999999999996, -0.1999999999999993
14951, -0.5999999999999996, -0.1999999999999993
14952, -0.5, -0.1999999999999993
14953, -0.40000000000000036, -0.10000000000000142
14954, -0.40000000000000036, -0.10000000000000142
14955, -0.40000000000000036, -0.10000000000000142
14956, -0.40000000000000036, 0.0
14957, -0.40000000000000036, 0.0
14958, -0.40000000000000036, 0.09999999999999787
14959, -0.40000000000000036, 0.09999999999999787
14960, -0.40000000000000036, 0.09999999999999787
14961, -0.40000000000000036, 0.1999999999999993
14962, -0.40000000000000036, 0.1999999999999993
14963, -0.40000000000000036, 0.1999999999999993
14964, -0.40000000000000036, 0.3000000000000007
14965, -0.40000000000000036, 0.3000000000000007
14966, -0.40000000000000036, 0.3999999999999986
14967, -0.40000000000000036, 0.5
14968, -0.40000000000000036, 0.5
14969, -0.40000000000000036, 0.5
14970, -0.40000000000000036, 0.5
14971, -0.40000000000000036, 0.5999999999999979
14972, -0.40000000000000036, 0.6999999999999993
14973, -0.40000000000000036, 0.6999999999999993
14974, -0.40000000000000036, 0.6999999999999993
14975, -0.40000000000000036, 0.6999999999999993
14976, -0.40000000000000036, 0.6999999999999993
14977, -0.40000000000000036, 0.8000000000000007
14978, -0.40000000000000036, 0.8000000000000007
14979, -0.40000000000000036, 0.8000000000000007
14980, -0.40000000000000036, 0.8000000000000007
14981, -0.40000000000000036, 0.8000000000000007
14982, -0.40000000000000036, 0.8000000000000007
14983, -0.40000000000000036, 0.8000000000000007
14984, -0.40000000000000036, 0.8000000000000007
14985, -0.5, 0.8000000000000007
14986, -0.5, 0.8000000000000007
14987, -0.5, 0.8999999999999986
14988, -0.5, 0.6999999999999993
14989, -0.5, 0.6999999999999993
14990, -0.5, 0.6999999999999993
14991, -0.5, 0.5999999999999979
14992, -0.5, 0.6999999999999993
14993, -0.5, 0.6999999999999993
14994, -0.5, 0.5
14995, -0.5, 0.5
14996, -0.5, 0.5
14997, -0.5, 0.5
14998, -0.40000000000000036, 0.3999999999999986
14999, -0.40000000000000036, 0.3999999999999986
15000, -0.40000000000000036, 0.3000000000000007
15001, -0.40000000000000036, 0.1999999999999993
